
/home/devel/rp2040-rp2350-freertos/build-2350/HCSR04/HCSR04.elf:     file format elf32-littlearm

Sections:
Idx Name          Size      VMA       LMA       File off  Algn
  0 .text         00005fb0  10000000  10000000  00001000  2**3
                  CONTENTS, ALLOC, LOAD, READONLY, CODE
  1 .rodata       00000408  10005fb0  10005fb0  00006fb0  2**3
                  CONTENTS, ALLOC, LOAD, READONLY, DATA
  2 .ARM.exidx    00000008  100063b8  100063b8  000073b8  2**2
                  CONTENTS, ALLOC, LOAD, READONLY, DATA
  3 .binary_info  00000020  100063c0  100063c0  000073c0  2**2
                  CONTENTS, ALLOC, LOAD, READONLY, DATA
  4 .ram_vector_table 00000110  20000000  20000000  0000a000  2**2
                  ALLOC
  5 .uninitialized_data 00000000  20000110  20000110  00009860  2**0
                  CONTENTS
  6 .data         0000146c  20000110  100063e0  00008110  2**3
                  CONTENTS, ALLOC, LOAD, READONLY, CODE
  7 .tdata        00000000  2000157c  2000157c  00009860  2**0
                  CONTENTS, ALLOC, LOAD, DATA, THREAD_LOCAL
  8 .tbss         00000000  2000157c  2000157c  00000000  2**0
                  ALLOC, THREAD_LOCAL
  9 .bss          00000db4  20001580  1000784c  0000a580  2**3
                  ALLOC
 10 .heap         00000800  20002334  20002334  00009860  2**2
                  CONTENTS, READONLY
 11 .scratch_x    00000000  20080000  20080000  0000a060  2**0
                  CONTENTS
 12 .scratch_y    00000000  20081000  20081000  0000a060  2**0
                  CONTENTS
 13 .stack_dummy  00000800  20081000  20081000  0000a060  2**5
                  CONTENTS, READONLY
 14 .flash_end    00000014  1000784c  1000784c  0000984c  2**2
                  CONTENTS, ALLOC, LOAD, READONLY, DATA
 15 .ARM.attributes 00000034  00000000  00000000  0000a860  2**0
                  CONTENTS, READONLY
 16 .comment      00000026  00000000  00000000  0000a894  2**0
                  CONTENTS, READONLY
 17 .debug_info   00035642  00000000  00000000  0000a8ba  2**0
                  CONTENTS, READONLY, DEBUGGING, OCTETS
 18 .debug_abbrev 000093a7  00000000  00000000  0003fefc  2**0
                  CONTENTS, READONLY, DEBUGGING, OCTETS
 19 .debug_loclists 0001895f  00000000  00000000  000492a3  2**0
                  CONTENTS, READONLY, DEBUGGING, OCTETS
 20 .debug_aranges 000013d8  00000000  00000000  00061c08  2**3
                  CONTENTS, READONLY, DEBUGGING, OCTETS
 21 .debug_rnglists 00004c7f  00000000  00000000  00062fe0  2**0
                  CONTENTS, READONLY, DEBUGGING, OCTETS
 22 .debug_line   0001e765  00000000  00000000  00067c5f  2**0
                  CONTENTS, READONLY, DEBUGGING, OCTETS
 23 .debug_str    00009e73  00000000  00000000  000863c4  2**0
                  CONTENTS, READONLY, DEBUGGING, OCTETS
 24 .debug_frame  000033a8  00000000  00000000  00090238  2**2
                  CONTENTS, READONLY, DEBUGGING, OCTETS
 25 .debug_line_str 00000214  00000000  00000000  000935e0  2**0
                  CONTENTS, READONLY, DEBUGGING, OCTETS

/home/devel/rp2040-rp2350-freertos/build-2350/HCSR04/HCSR04.elf:     file format elf32-littlearm


Disassembly of section .text:

10000000 <__VECTOR_TABLE>:
10000000:	20082000 	.word	0x20082000
10000004:	1000015d 	.word	0x1000015d
10000008:	10000113 	.word	0x10000113
1000000c:	10000115 	.word	0x10000115
10000010:	10000111 	.word	0x10000111
10000014:	10000111 	.word	0x10000111
10000018:	10000111 	.word	0x10000111
1000001c:	10000111 	.word	0x10000111
10000020:	10000111 	.word	0x10000111
10000024:	10000111 	.word	0x10000111
10000028:	10000111 	.word	0x10000111
1000002c:	10000117 	.word	0x10000117
10000030:	10000111 	.word	0x10000111
10000034:	10000111 	.word	0x10000111
10000038:	10000119 	.word	0x10000119
1000003c:	1000011b 	.word	0x1000011b
10000040:	1000011d 	.word	0x1000011d
10000044:	1000011d 	.word	0x1000011d
10000048:	1000011d 	.word	0x1000011d
1000004c:	1000011d 	.word	0x1000011d
10000050:	1000011d 	.word	0x1000011d
10000054:	1000011d 	.word	0x1000011d
10000058:	1000011d 	.word	0x1000011d
1000005c:	1000011d 	.word	0x1000011d
10000060:	1000011d 	.word	0x1000011d
10000064:	1000011d 	.word	0x1000011d
10000068:	1000011d 	.word	0x1000011d
1000006c:	1000011d 	.word	0x1000011d
10000070:	1000011d 	.word	0x1000011d
10000074:	1000011d 	.word	0x1000011d
10000078:	1000011d 	.word	0x1000011d
1000007c:	1000011d 	.word	0x1000011d
10000080:	1000011d 	.word	0x1000011d
10000084:	1000011d 	.word	0x1000011d
10000088:	1000011d 	.word	0x1000011d
1000008c:	1000011d 	.word	0x1000011d
10000090:	1000011d 	.word	0x1000011d
10000094:	1000011d 	.word	0x1000011d
10000098:	1000011d 	.word	0x1000011d
1000009c:	1000011d 	.word	0x1000011d
100000a0:	1000011d 	.word	0x1000011d
100000a4:	1000011d 	.word	0x1000011d
100000a8:	1000011d 	.word	0x1000011d
100000ac:	1000011d 	.word	0x1000011d
100000b0:	1000011d 	.word	0x1000011d
100000b4:	1000011d 	.word	0x1000011d
100000b8:	1000011d 	.word	0x1000011d
100000bc:	1000011d 	.word	0x1000011d
100000c0:	1000011d 	.word	0x1000011d
100000c4:	1000011d 	.word	0x1000011d
100000c8:	1000011d 	.word	0x1000011d
100000cc:	1000011d 	.word	0x1000011d
100000d0:	1000011d 	.word	0x1000011d
100000d4:	1000011d 	.word	0x1000011d
100000d8:	1000011d 	.word	0x1000011d
100000dc:	1000011d 	.word	0x1000011d
100000e0:	1000011d 	.word	0x1000011d
100000e4:	1000011d 	.word	0x1000011d
100000e8:	1000011d 	.word	0x1000011d
100000ec:	1000011d 	.word	0x1000011d
100000f0:	1000011d 	.word	0x1000011d
100000f4:	1000011d 	.word	0x1000011d
100000f8:	1000011d 	.word	0x1000011d
100000fc:	1000011d 	.word	0x1000011d
10000100:	1000011d 	.word	0x1000011d
10000104:	1000011d 	.word	0x1000011d
10000108:	1000011d 	.word	0x1000011d
1000010c:	1000011d 	.word	0x1000011d

10000110 <isr_invalid>:
10000110:	be00      	bkpt	0x0000

10000112 <isr_nmi>:
10000112:	be00      	bkpt	0x0000

10000114 <isr_hardfault>:
10000114:	be00      	bkpt	0x0000

10000116 <isr_svcall>:
10000116:	be00      	bkpt	0x0000

10000118 <isr_pendsv>:
10000118:	be00      	bkpt	0x0000

1000011a <isr_systick>:
1000011a:	be00      	bkpt	0x0000

1000011c <__unhandled_user_irq>:
1000011c:	f3ef 8005 	mrs	r0, IPSR
10000120:	3810      	subs	r0, #16

10000122 <unhandled_user_irq_num_in_r0>:
10000122:	be00      	bkpt	0x0000

10000124 <binary_info_header>:
10000124:	7188ebf2 	.word	0x7188ebf2
10000128:	100063c0 	.word	0x100063c0
1000012c:	100063e0 	.word	0x100063e0
10000130:	100001a8 	.word	0x100001a8
10000134:	e71aa390 	.word	0xe71aa390

10000138 <__binary_info_header_end>:
10000138:	ffffded3 	.word	0xffffded3
1000013c:	10210142 	.word	0x10210142
10000140:	000001ff 	.word	0x000001ff
10000144:	00007714 	.word	0x00007714
10000148:	ab123579 	.word	0xab123579

1000014c <_entry_point>:
1000014c:	f04f 0000 	mov.w	r0, #0

10000150 <_enter_vtable_in_r0>:
10000150:	4920      	ldr	r1, [pc, #128]	@ (100001d4 <data_cpy_table+0x2c>)
10000152:	6008      	str	r0, [r1, #0]
10000154:	c806      	ldmia	r0!, {r1, r2}
10000156:	f381 8808 	msr	MSP, r1
1000015a:	4710      	bx	r2

1000015c <_reset_handler>:
1000015c:	f04f 4050 	mov.w	r0, #3489660928	@ 0xd0000000
10000160:	6800      	ldr	r0, [r0, #0]
10000162:	b110      	cbz	r0, 1000016a <hold_non_core0_in_bootrom+0x6>

10000164 <hold_non_core0_in_bootrom>:
10000164:	f04f 0000 	mov.w	r0, #0
10000168:	e7f2      	b.n	10000150 <_enter_vtable_in_r0>
1000016a:	a40f      	add	r4, pc, #60	@ (adr r4, 100001a8 <data_cpy_table>)
1000016c:	cc0e      	ldmia	r4!, {r1, r2, r3}
1000016e:	2900      	cmp	r1, #0
10000170:	d002      	beq.n	10000178 <hold_non_core0_in_bootrom+0x14>
10000172:	f000 f815 	bl	100001a0 <data_cpy>
10000176:	e7f9      	b.n	1000016c <hold_non_core0_in_bootrom+0x8>
10000178:	4917      	ldr	r1, [pc, #92]	@ (100001d8 <data_cpy_table+0x30>)
1000017a:	4a18      	ldr	r2, [pc, #96]	@ (100001dc <data_cpy_table+0x34>)
1000017c:	2000      	movs	r0, #0
1000017e:	e000      	b.n	10000182 <bss_fill_test>

10000180 <bss_fill_loop>:
10000180:	c101      	stmia	r1!, {r0}

10000182 <bss_fill_test>:
10000182:	4291      	cmp	r1, r2
10000184:	d1fc      	bne.n	10000180 <bss_fill_loop>

10000186 <platform_entry>:
10000186:	2000      	movs	r0, #0
10000188:	f380 880a 	msr	MSPLIM, r0
1000018c:	4914      	ldr	r1, [pc, #80]	@ (100001e0 <data_cpy_table+0x38>)
1000018e:	4788      	blx	r1
10000190:	4914      	ldr	r1, [pc, #80]	@ (100001e4 <data_cpy_table+0x3c>)
10000192:	4788      	blx	r1
10000194:	4914      	ldr	r1, [pc, #80]	@ (100001e8 <data_cpy_table+0x40>)
10000196:	4788      	blx	r1
10000198:	be00      	bkpt	0x0000
1000019a:	e7fd      	b.n	10000198 <platform_entry+0x12>

1000019c <data_cpy_loop>:
1000019c:	c901      	ldmia	r1!, {r0}
1000019e:	c201      	stmia	r2!, {r0}

100001a0 <data_cpy>:
100001a0:	429a      	cmp	r2, r3
100001a2:	d3fb      	bcc.n	1000019c <data_cpy_loop>
100001a4:	4770      	bx	lr
100001a6:	bf00      	nop

100001a8 <data_cpy_table>:
100001a8:	100063e0 	.word	0x100063e0
100001ac:	20000110 	.word	0x20000110
100001b0:	2000157c 	.word	0x2000157c
100001b4:	1000784c 	.word	0x1000784c
100001b8:	20080000 	.word	0x20080000
100001bc:	20080000 	.word	0x20080000
100001c0:	1000784c 	.word	0x1000784c
100001c4:	20081000 	.word	0x20081000
100001c8:	20081000 	.word	0x20081000
100001cc:	00000000 	.word	0x00000000
100001d0:	4770      	bx	lr
100001d2:	0000      	.short	0x0000
100001d4:	e000ed08 	.word	0xe000ed08
100001d8:	2000157c 	.word	0x2000157c
100001dc:	20002334 	.word	0x20002334
100001e0:	10003001 	.word	0x10003001
100001e4:	10000281 	.word	0x10000281
100001e8:	10002ff9 	.word	0x10002ff9

100001ec <_init>:
100001ec:	b5f8      	push	{r3, r4, r5, r6, r7, lr}
100001ee:	bf00      	nop

100001f0 <deregister_tm_clones>:
100001f0:	4803      	ldr	r0, [pc, #12]	@ (10000200 <deregister_tm_clones+0x10>)
100001f2:	4b04      	ldr	r3, [pc, #16]	@ (10000204 <deregister_tm_clones+0x14>)
100001f4:	4283      	cmp	r3, r0
100001f6:	d002      	beq.n	100001fe <deregister_tm_clones+0xe>
100001f8:	4b03      	ldr	r3, [pc, #12]	@ (10000208 <deregister_tm_clones+0x18>)
100001fa:	b103      	cbz	r3, 100001fe <deregister_tm_clones+0xe>
100001fc:	4718      	bx	r3
100001fe:	4770      	bx	lr
10000200:	2000157c 	.word	0x2000157c
10000204:	2000157c 	.word	0x2000157c
10000208:	00000000 	.word	0x00000000

1000020c <register_tm_clones>:
1000020c:	4b06      	ldr	r3, [pc, #24]	@ (10000228 <register_tm_clones+0x1c>)
1000020e:	4907      	ldr	r1, [pc, #28]	@ (1000022c <register_tm_clones+0x20>)
10000210:	1ac9      	subs	r1, r1, r3
10000212:	1089      	asrs	r1, r1, #2
10000214:	bf48      	it	mi
10000216:	3101      	addmi	r1, #1
10000218:	1049      	asrs	r1, r1, #1
1000021a:	d003      	beq.n	10000224 <register_tm_clones+0x18>
1000021c:	4b04      	ldr	r3, [pc, #16]	@ (10000230 <register_tm_clones+0x24>)
1000021e:	b10b      	cbz	r3, 10000224 <register_tm_clones+0x18>
10000220:	4801      	ldr	r0, [pc, #4]	@ (10000228 <register_tm_clones+0x1c>)
10000222:	4718      	bx	r3
10000224:	4770      	bx	lr
10000226:	bf00      	nop
10000228:	2000157c 	.word	0x2000157c
1000022c:	2000157c 	.word	0x2000157c
10000230:	00000000 	.word	0x00000000

10000234 <__do_global_dtors_aux>:
10000234:	b510      	push	{r4, lr}
10000236:	4c06      	ldr	r4, [pc, #24]	@ (10000250 <__do_global_dtors_aux+0x1c>)
10000238:	7823      	ldrb	r3, [r4, #0]
1000023a:	b943      	cbnz	r3, 1000024e <__do_global_dtors_aux+0x1a>
1000023c:	f7ff ffd8 	bl	100001f0 <deregister_tm_clones>
10000240:	4b04      	ldr	r3, [pc, #16]	@ (10000254 <__do_global_dtors_aux+0x20>)
10000242:	b113      	cbz	r3, 1000024a <__do_global_dtors_aux+0x16>
10000244:	4804      	ldr	r0, [pc, #16]	@ (10000258 <__do_global_dtors_aux+0x24>)
10000246:	f3af 8000 	nop.w
1000024a:	2301      	movs	r3, #1
1000024c:	7023      	strb	r3, [r4, #0]
1000024e:	bd10      	pop	{r4, pc}
10000250:	200019d0 	.word	0x200019d0
10000254:	00000000 	.word	0x00000000
10000258:	10005fb0 	.word	0x10005fb0

1000025c <frame_dummy>:
1000025c:	b508      	push	{r3, lr}
1000025e:	4b04      	ldr	r3, [pc, #16]	@ (10000270 <frame_dummy+0x14>)
10000260:	b11b      	cbz	r3, 1000026a <frame_dummy+0xe>
10000262:	4904      	ldr	r1, [pc, #16]	@ (10000274 <frame_dummy+0x18>)
10000264:	4804      	ldr	r0, [pc, #16]	@ (10000278 <frame_dummy+0x1c>)
10000266:	f3af 8000 	nop.w
1000026a:	e8bd 4008 	ldmia.w	sp!, {r3, lr}
1000026e:	e7cd      	b.n	1000020c <register_tm_clones>
10000270:	00000000 	.word	0x00000000
10000274:	200019d4 	.word	0x200019d4
10000278:	10005fb0 	.word	0x10005fb0
1000027c:	00000000 	.word	0x00000000

10000280 <main>:
10000280:	e92d 47f0 	stmdb	sp!, {r4, r5, r6, r7, r8, r9, sl, lr}
10000284:	b086      	sub	sp, #24
10000286:	f002 ffe9 	bl	1000325c <stdio_init_all>
1000028a:	f8df a108 	ldr.w	sl, [pc, #264]	@ 10000394 <main+0x114>
1000028e:	2106      	movs	r1, #6
10000290:	2004      	movs	r0, #4
10000292:	f000 f881 	bl	10000398 <gpio_set_function>
10000296:	2106      	movs	r1, #6
10000298:	2007      	movs	r0, #7
1000029a:	f000 f87d 	bl	10000398 <gpio_set_function>
1000029e:	493a      	ldr	r1, [pc, #232]	@ (10000388 <main+0x108>)
100002a0:	4650      	mov	r0, sl
100002a2:	f005 fc25 	bl	10005af0 <pio_add_program>
100002a6:	f44f 2240 	mov.w	r2, #786432	@ 0xc0000
100002aa:	4607      	mov	r7, r0
100002ac:	9204      	str	r2, [sp, #16]
100002ae:	2207      	movs	r2, #7
100002b0:	2301      	movs	r3, #1
100002b2:	f44f 3180 	mov.w	r1, #65536	@ 0x10000
100002b6:	f44f 3400 	mov.w	r4, #131072	@ 0x20000
100002ba:	f107 0c12 	add.w	ip, r7, #18
100002be:	fa07 f602 	lsl.w	r6, r7, r2
100002c2:	ea46 360c 	orr.w	r6, r6, ip, lsl #12
100002c6:	f026 56f8 	bic.w	r6, r6, #520093696	@ 0x1f000000
100002ca:	9300      	str	r3, [sp, #0]
100002cc:	9102      	str	r1, [sp, #8]
100002ce:	f046 6680 	orr.w	r6, r6, #67108864	@ 0x4000000
100002d2:	2100      	movs	r1, #0
100002d4:	4650      	mov	r0, sl
100002d6:	9405      	str	r4, [sp, #20]
100002d8:	9603      	str	r6, [sp, #12]
100002da:	f005 fc85 	bl	10005be8 <pio_sm_set_consecutive_pindirs>
100002de:	9b05      	ldr	r3, [sp, #20]
100002e0:	463a      	mov	r2, r7
100002e2:	a727      	add	r7, pc, #156	@ (adr r7, 10000380 <main+0x100>)
100002e4:	e9d7 6700 	ldrd	r6, r7, [r7]
100002e8:	f023 53e0 	bic.w	r3, r3, #469762048	@ 0x1c000000
100002ec:	f423 7378 	bic.w	r3, r3, #992	@ 0x3e0
100002f0:	f043 6380 	orr.w	r3, r3, #67108864	@ 0x4000000
100002f4:	f043 03e0 	orr.w	r3, r3, #224	@ 0xe0
100002f8:	9305      	str	r3, [sp, #20]
100002fa:	9b04      	ldr	r3, [sp, #16]
100002fc:	2100      	movs	r1, #0
100002fe:	f023 73fa 	bic.w	r3, r3, #32768000	@ 0x1f40000
10000302:	f423 3380 	bic.w	r3, r3, #65536	@ 0x10000
10000306:	9304      	str	r3, [sp, #16]
10000308:	4650      	mov	r0, sl
1000030a:	ab02      	add	r3, sp, #8
1000030c:	f005 fcb2 	bl	10005c74 <pio_sm_init>
10000310:	f8da 3000 	ldr.w	r3, [sl]
10000314:	f04f 4500 	mov.w	r5, #2147483648	@ 0x80000000
10000318:	f043 0301 	orr.w	r3, r3, #1
1000031c:	f04f 0800 	mov.w	r8, #0
10000320:	f04f 0900 	mov.w	r9, #0
10000324:	4c19      	ldr	r4, [pc, #100]	@ (1000038c <main+0x10c>)
10000326:	f8ca 3000 	str.w	r3, [sl]
1000032a:	e01b      	b.n	10000364 <main+0xe4>
1000032c:	f8da 0020 	ldr.w	r0, [sl, #32]
10000330:	0040      	lsls	r0, r0, #1
10000332:	ee07 0a90 	vmov	s15, r0
10000336:	eef8 7a67 	vcvt.f32.u32	s15, s15
1000033a:	ee17 0a90 	vmov	r0, s15
1000033e:	f005 fdef 	bl	10005f20 <____aeabi_f2d_veneer>
10000342:	4632      	mov	r2, r6
10000344:	463b      	mov	r3, r7
10000346:	f001 fa57 	bl	100017f8 <__wrap___aeabi_dmul>
1000034a:	f001 fac9 	bl	100018e0 <__wrap___aeabi_d2f>
1000034e:	f005 fde7 	bl	10005f20 <____aeabi_f2d_veneer>
10000352:	4602      	mov	r2, r0
10000354:	460b      	mov	r3, r1
10000356:	480e      	ldr	r0, [pc, #56]	@ (10000390 <main+0x110>)
10000358:	f003 f846 	bl	100033e8 <__wrap_printf>
1000035c:	f44f 707a 	mov.w	r0, #1000	@ 0x3e8
10000360:	f000 fef8 	bl	10001154 <sleep_ms>
10000364:	f8c4 50d0 	str.w	r5, [r4, #208]	@ 0xd0
10000368:	2064      	movs	r0, #100	@ 0x64
1000036a:	f8c4 50d0 	str.w	r5, [r4, #208]	@ 0xd0
1000036e:	f000 fef1 	bl	10001154 <sleep_ms>
10000372:	f8da 3004 	ldr.w	r3, [sl, #4]
10000376:	05db      	lsls	r3, r3, #23
10000378:	d5d8      	bpl.n	1000032c <main+0xac>
1000037a:	4642      	mov	r2, r8
1000037c:	464b      	mov	r3, r9
1000037e:	e7ea      	b.n	10000356 <main+0xd6>
10000380:	1ac14c66 	.word	0x1ac14c66
10000384:	3f21d367 	.word	0x3f21d367
10000388:	10005fbc 	.word	0x10005fbc
1000038c:	50201000 	.word	0x50201000
10000390:	10005fb0 	.word	0x10005fb0
10000394:	50200000 	.word	0x50200000

10000398 <gpio_set_function>:
10000398:	b410      	push	{r4}
1000039a:	f44f 7480 	mov.w	r4, #256	@ 0x100
1000039e:	4b0c      	ldr	r3, [pc, #48]	@ (100003d0 <gpio_set_function+0x38>)
100003a0:	f853 2020 	ldr.w	r2, [r3, r0, lsl #2]
100003a4:	eb03 0380 	add.w	r3, r3, r0, lsl #2
100003a8:	00c0      	lsls	r0, r0, #3
100003aa:	f082 0240 	eor.w	r2, r2, #64	@ 0x40
100003ae:	f100 4080 	add.w	r0, r0, #1073741824	@ 0x40000000
100003b2:	f503 5c80 	add.w	ip, r3, #4096	@ 0x1000
100003b6:	f002 02c0 	and.w	r2, r2, #192	@ 0xc0
100003ba:	f500 3020 	add.w	r0, r0, #163840	@ 0x28000
100003be:	f503 5340 	add.w	r3, r3, #12288	@ 0x3000
100003c2:	f8cc 2000 	str.w	r2, [ip]
100003c6:	6041      	str	r1, [r0, #4]
100003c8:	601c      	str	r4, [r3, #0]
100003ca:	f85d 4b04 	ldr.w	r4, [sp], #4
100003ce:	4770      	bx	lr
100003d0:	40038004 	.word	0x40038004

100003d4 <panic>:
100003d4:	b40f      	push	{r0, r1, r2, r3}
100003d6:	b500      	push	{lr}
100003d8:	b083      	sub	sp, #12
100003da:	9c04      	ldr	r4, [sp, #16]
100003dc:	4807      	ldr	r0, [pc, #28]	@ (100003fc <panic+0x28>)
100003de:	f002 ff81 	bl	100032e4 <__wrap_puts>
100003e2:	b13c      	cbz	r4, 100003f4 <panic+0x20>
100003e4:	a905      	add	r1, sp, #20
100003e6:	4620      	mov	r0, r4
100003e8:	9101      	str	r1, [sp, #4]
100003ea:	f002 fdeb 	bl	10002fc4 <weak_raw_vprintf>
100003ee:	4804      	ldr	r0, [pc, #16]	@ (10000400 <panic+0x2c>)
100003f0:	f002 ff78 	bl	100032e4 <__wrap_puts>
100003f4:	2001      	movs	r0, #1
100003f6:	f002 fdfd 	bl	10002ff4 <_exit>
100003fa:	bf00      	nop
100003fc:	10005fec 	.word	0x10005fec
10000400:	10005ffc 	.word	0x10005ffc

10000404 <hw_claim_lock>:
10000404:	f3ef 8010 	mrs	r0, PRIMASK
10000408:	b672      	cpsid	i
1000040a:	4b06      	ldr	r3, [pc, #24]	@ (10000424 <hw_claim_lock+0x20>)
1000040c:	e8d3 1fcf 	ldaexb	r1, [r3]
10000410:	2201      	movs	r2, #1
10000412:	2900      	cmp	r1, #0
10000414:	d1fa      	bne.n	1000040c <hw_claim_lock+0x8>
10000416:	e8c3 2f41 	strexb	r1, r2, [r3]
1000041a:	2900      	cmp	r1, #0
1000041c:	d1f6      	bne.n	1000040c <hw_claim_lock+0x8>
1000041e:	f3bf 8f5f 	dmb	sy
10000422:	4770      	bx	lr
10000424:	20001a13 	.word	0x20001a13

10000428 <hw_claim_unlock>:
10000428:	2300      	movs	r3, #0
1000042a:	4a03      	ldr	r2, [pc, #12]	@ (10000438 <hw_claim_unlock+0x10>)
1000042c:	e8c2 3f8f 	stlb	r3, [r2]
10000430:	f380 8810 	msr	PRIMASK, r0
10000434:	4770      	bx	lr
10000436:	bf00      	nop
10000438:	20001a13 	.word	0x20001a13

1000043c <hw_claim_or_assert>:
1000043c:	b570      	push	{r4, r5, r6, lr}
1000043e:	4686      	mov	lr, r0
10000440:	f3ef 8510 	mrs	r5, PRIMASK
10000444:	b672      	cpsid	i
10000446:	4c12      	ldr	r4, [pc, #72]	@ (10000490 <hw_claim_or_assert+0x54>)
10000448:	e8d4 6fcf 	ldaexb	r6, [r4]
1000044c:	2001      	movs	r0, #1
1000044e:	2e00      	cmp	r6, #0
10000450:	d1fa      	bne.n	10000448 <hw_claim_or_assert+0xc>
10000452:	e8c4 0f46 	strexb	r6, r0, [r4]
10000456:	2e00      	cmp	r6, #0
10000458:	d1f6      	bne.n	10000448 <hw_claim_or_assert+0xc>
1000045a:	f3bf 8f5f 	dmb	sy
1000045e:	f04f 0c01 	mov.w	ip, #1
10000462:	08c8      	lsrs	r0, r1, #3
10000464:	f001 0307 	and.w	r3, r1, #7
10000468:	fa0c f303 	lsl.w	r3, ip, r3
1000046c:	f81e c000 	ldrb.w	ip, [lr, r0]
10000470:	ea1c 0603 	ands.w	r6, ip, r3
10000474:	d108      	bne.n	10000488 <hw_claim_or_assert+0x4c>
10000476:	ea4c 0c03 	orr.w	ip, ip, r3
1000047a:	f80e c000 	strb.w	ip, [lr, r0]
1000047e:	e8c4 6f8f 	stlb	r6, [r4]
10000482:	f385 8810 	msr	PRIMASK, r5
10000486:	bd70      	pop	{r4, r5, r6, pc}
10000488:	4610      	mov	r0, r2
1000048a:	f7ff ffa3 	bl	100003d4 <panic>
1000048e:	bf00      	nop
10000490:	20001a13 	.word	0x20001a13

10000494 <hw_claim_unused_from_range>:
10000494:	b5f8      	push	{r3, r4, r5, r6, r7, lr}
10000496:	f3ef 8510 	mrs	r5, PRIMASK
1000049a:	b672      	cpsid	i
1000049c:	4c23      	ldr	r4, [pc, #140]	@ (1000052c <hw_claim_unused_from_range+0x98>)
1000049e:	e8d4 7fcf 	ldaexb	r7, [r4]
100004a2:	2601      	movs	r6, #1
100004a4:	2f00      	cmp	r7, #0
100004a6:	d1fa      	bne.n	1000049e <hw_claim_unused_from_range+0xa>
100004a8:	e8c4 6f47 	strexb	r7, r6, [r4]
100004ac:	2f00      	cmp	r7, #0
100004ae:	d1f6      	bne.n	1000049e <hw_claim_unused_from_range+0xa>
100004b0:	f3bf 8f5f 	dmb	sy
100004b4:	429a      	cmp	r2, r3
100004b6:	d827      	bhi.n	10000508 <hw_claim_unused_from_range+0x74>
100004b8:	2601      	movs	r6, #1
100004ba:	08d7      	lsrs	r7, r2, #3
100004bc:	f810 e007 	ldrb.w	lr, [r0, r7]
100004c0:	f002 0c07 	and.w	ip, r2, #7
100004c4:	fa06 fc0c 	lsl.w	ip, r6, ip
100004c8:	ea1e 0f0c 	tst.w	lr, ip
100004cc:	eb00 07d2 	add.w	r7, r0, r2, lsr #3
100004d0:	d10d      	bne.n	100004ee <hw_claim_unused_from_range+0x5a>
100004d2:	e025      	b.n	10000520 <hw_claim_unused_from_range+0x8c>
100004d4:	ea4f 0ed2 	mov.w	lr, r2, lsr #3
100004d8:	f810 e00e 	ldrb.w	lr, [r0, lr]
100004dc:	f002 0c07 	and.w	ip, r2, #7
100004e0:	fa06 fc0c 	lsl.w	ip, r6, ip
100004e4:	ea1e 0f0c 	tst.w	lr, ip
100004e8:	eb00 07d2 	add.w	r7, r0, r2, lsr #3
100004ec:	d018      	beq.n	10000520 <hw_claim_unused_from_range+0x8c>
100004ee:	3201      	adds	r2, #1
100004f0:	4293      	cmp	r3, r2
100004f2:	d2ef      	bcs.n	100004d4 <hw_claim_unused_from_range+0x40>
100004f4:	f04f 30ff 	mov.w	r0, #4294967295	@ 0xffffffff
100004f8:	2300      	movs	r3, #0
100004fa:	e8c4 3f8f 	stlb	r3, [r4]
100004fe:	f385 8810 	msr	PRIMASK, r5
10000502:	4298      	cmp	r0, r3
10000504:	db07      	blt.n	10000516 <hw_claim_unused_from_range+0x82>
10000506:	bdf8      	pop	{r3, r4, r5, r6, r7, pc}
10000508:	2300      	movs	r3, #0
1000050a:	e8c4 3f8f 	stlb	r3, [r4]
1000050e:	f385 8810 	msr	PRIMASK, r5
10000512:	f04f 30ff 	mov.w	r0, #4294967295	@ 0xffffffff
10000516:	2900      	cmp	r1, #0
10000518:	d0f5      	beq.n	10000506 <hw_claim_unused_from_range+0x72>
1000051a:	9806      	ldr	r0, [sp, #24]
1000051c:	f7ff ff5a 	bl	100003d4 <panic>
10000520:	ea4e 0e0c 	orr.w	lr, lr, ip
10000524:	4610      	mov	r0, r2
10000526:	f887 e000 	strb.w	lr, [r7]
1000052a:	e7e5      	b.n	100004f8 <hw_claim_unused_from_range+0x64>
1000052c:	20001a13 	.word	0x20001a13

10000530 <next_striped_spin_lock_num>:
10000530:	4a04      	ldr	r2, [pc, #16]	@ (10000544 <next_striped_spin_lock_num+0x14>)
10000532:	7810      	ldrb	r0, [r2, #0]
10000534:	1c43      	adds	r3, r0, #1
10000536:	b2db      	uxtb	r3, r3
10000538:	2b18      	cmp	r3, #24
1000053a:	bf28      	it	cs
1000053c:	2310      	movcs	r3, #16
1000053e:	7013      	strb	r3, [r2, #0]
10000540:	4770      	bx	lr
10000542:	bf00      	nop
10000544:	200014d8 	.word	0x200014d8

10000548 <spin_lock_claim_unused>:
10000548:	b510      	push	{r4, lr}
1000054a:	4c05      	ldr	r4, [pc, #20]	@ (10000560 <spin_lock_claim_unused+0x18>)
1000054c:	b082      	sub	sp, #8
1000054e:	4601      	mov	r1, r0
10000550:	231f      	movs	r3, #31
10000552:	2218      	movs	r2, #24
10000554:	9400      	str	r4, [sp, #0]
10000556:	4803      	ldr	r0, [pc, #12]	@ (10000564 <spin_lock_claim_unused+0x1c>)
10000558:	f7ff ff9c 	bl	10000494 <hw_claim_unused_from_range>
1000055c:	b002      	add	sp, #8
1000055e:	bd10      	pop	{r4, pc}
10000560:	10006000 	.word	0x10006000
10000564:	20001e6c 	.word	0x20001e6c

10000568 <spinlock_set_extexclall>:
10000568:	f04f 22e0 	mov.w	r2, #3758153728	@ 0xe000e000
1000056c:	6893      	ldr	r3, [r2, #8]
1000056e:	f043 5300 	orr.w	r3, r3, #536870912	@ 0x20000000
10000572:	6093      	str	r3, [r2, #8]
10000574:	4770      	bx	lr
10000576:	bf00      	nop

10000578 <spin_locks_reset>:
10000578:	2100      	movs	r1, #0
1000057a:	4b04      	ldr	r3, [pc, #16]	@ (1000058c <spin_locks_reset+0x14>)
1000057c:	f103 0220 	add.w	r2, r3, #32
10000580:	e8c3 1f8f 	stlb	r1, [r3]
10000584:	3301      	adds	r3, #1
10000586:	4293      	cmp	r3, r2
10000588:	d1fa      	bne.n	10000580 <spin_locks_reset+0x8>
1000058a:	4770      	bx	lr
1000058c:	20001a08 	.word	0x20001a08

10000590 <runtime_init_per_core_irq_priorities>:
10000590:	f04f 23e0 	mov.w	r3, #3758153728	@ 0xe000e000
10000594:	f04f 3280 	mov.w	r2, #2155905152	@ 0x80808080
10000598:	f8c3 2400 	str.w	r2, [r3, #1024]	@ 0x400
1000059c:	f8c3 2404 	str.w	r2, [r3, #1028]	@ 0x404
100005a0:	f8c3 2408 	str.w	r2, [r3, #1032]	@ 0x408
100005a4:	f8c3 240c 	str.w	r2, [r3, #1036]	@ 0x40c
100005a8:	f8c3 2410 	str.w	r2, [r3, #1040]	@ 0x410
100005ac:	f8c3 2414 	str.w	r2, [r3, #1044]	@ 0x414
100005b0:	f8c3 2418 	str.w	r2, [r3, #1048]	@ 0x418
100005b4:	f8c3 241c 	str.w	r2, [r3, #1052]	@ 0x41c
100005b8:	f8c3 2420 	str.w	r2, [r3, #1056]	@ 0x420
100005bc:	f8c3 2424 	str.w	r2, [r3, #1060]	@ 0x424
100005c0:	f8c3 2428 	str.w	r2, [r3, #1064]	@ 0x428
100005c4:	f8c3 242c 	str.w	r2, [r3, #1068]	@ 0x42c
100005c8:	f8c3 2430 	str.w	r2, [r3, #1072]	@ 0x430
100005cc:	4770      	bx	lr
100005ce:	bf00      	nop

100005d0 <irq_set_enabled>:
100005d0:	2301      	movs	r3, #1
100005d2:	f000 021f 	and.w	r2, r0, #31
100005d6:	4093      	lsls	r3, r2
100005d8:	0940      	lsrs	r0, r0, #5
100005da:	b141      	cbz	r1, 100005ee <irq_set_enabled+0x1e>
100005dc:	0080      	lsls	r0, r0, #2
100005de:	f100 4060 	add.w	r0, r0, #3758096384	@ 0xe0000000
100005e2:	f500 4061 	add.w	r0, r0, #57600	@ 0xe100
100005e6:	f8c0 3180 	str.w	r3, [r0, #384]	@ 0x180
100005ea:	6003      	str	r3, [r0, #0]
100005ec:	4770      	bx	lr
100005ee:	4a02      	ldr	r2, [pc, #8]	@ (100005f8 <irq_set_enabled+0x28>)
100005f0:	3020      	adds	r0, #32
100005f2:	f842 3020 	str.w	r3, [r2, r0, lsl #2]
100005f6:	4770      	bx	lr
100005f8:	e000e100 	.word	0xe000e100

100005fc <irq_is_enabled>:
100005fc:	2301      	movs	r3, #1
100005fe:	4a06      	ldr	r2, [pc, #24]	@ (10000618 <irq_is_enabled+0x1c>)
10000600:	0941      	lsrs	r1, r0, #5
10000602:	f852 2021 	ldr.w	r2, [r2, r1, lsl #2]
10000606:	f000 001f 	and.w	r0, r0, #31
1000060a:	4083      	lsls	r3, r0
1000060c:	4213      	tst	r3, r2
1000060e:	bf14      	ite	ne
10000610:	2001      	movne	r0, #1
10000612:	2000      	moveq	r0, #0
10000614:	4770      	bx	lr
10000616:	bf00      	nop
10000618:	e000e100 	.word	0xe000e100

1000061c <irq_set_pending>:
1000061c:	2201      	movs	r2, #1
1000061e:	0943      	lsrs	r3, r0, #5
10000620:	4903      	ldr	r1, [pc, #12]	@ (10000630 <irq_set_pending+0x14>)
10000622:	f000 001f 	and.w	r0, r0, #31
10000626:	4082      	lsls	r2, r0
10000628:	3340      	adds	r3, #64	@ 0x40
1000062a:	f841 2023 	str.w	r2, [r1, r3, lsl #2]
1000062e:	4770      	bx	lr
10000630:	e000e100 	.word	0xe000e100

10000634 <irq_has_shared_handler>:
10000634:	4b06      	ldr	r3, [pc, #24]	@ (10000650 <irq_has_shared_handler+0x1c>)
10000636:	3010      	adds	r0, #16
10000638:	689b      	ldr	r3, [r3, #8]
1000063a:	f853 0020 	ldr.w	r0, [r3, r0, lsl #2]
1000063e:	b128      	cbz	r0, 1000064c <irq_has_shared_handler+0x18>
10000640:	4b04      	ldr	r3, [pc, #16]	@ (10000654 <irq_has_shared_handler+0x20>)
10000642:	1ac0      	subs	r0, r0, r3
10000644:	282f      	cmp	r0, #47	@ 0x2f
10000646:	bf8c      	ite	hi
10000648:	2000      	movhi	r0, #0
1000064a:	2001      	movls	r0, #1
1000064c:	4770      	bx	lr
1000064e:	bf00      	nop
10000650:	e000ed00 	.word	0xe000ed00
10000654:	200014dc 	.word	0x200014dc

10000658 <irq_set_exclusive_handler>:
10000658:	b5f8      	push	{r3, r4, r5, r6, r7, lr}
1000065a:	460d      	mov	r5, r1
1000065c:	f3ef 8710 	mrs	r7, PRIMASK
10000660:	b672      	cpsid	i
10000662:	4e12      	ldr	r6, [pc, #72]	@ (100006ac <irq_set_exclusive_handler+0x54>)
10000664:	e8d6 2fcf 	ldaexb	r2, [r6]
10000668:	2301      	movs	r3, #1
1000066a:	2a00      	cmp	r2, #0
1000066c:	d1fa      	bne.n	10000664 <irq_set_exclusive_handler+0xc>
1000066e:	e8c6 3f42 	strexb	r2, r3, [r6]
10000672:	2a00      	cmp	r2, #0
10000674:	d1f6      	bne.n	10000664 <irq_set_exclusive_handler+0xc>
10000676:	f3bf 8f5f 	dmb	sy
1000067a:	4b0d      	ldr	r3, [pc, #52]	@ (100006b0 <irq_set_exclusive_handler+0x58>)
1000067c:	f100 0410 	add.w	r4, r0, #16
10000680:	689b      	ldr	r3, [r3, #8]
10000682:	4a0c      	ldr	r2, [pc, #48]	@ (100006b4 <irq_set_exclusive_handler+0x5c>)
10000684:	f853 3024 	ldr.w	r3, [r3, r4, lsl #2]
10000688:	4293      	cmp	r3, r2
1000068a:	d003      	beq.n	10000694 <irq_set_exclusive_handler+0x3c>
1000068c:	4299      	cmp	r1, r3
1000068e:	d001      	beq.n	10000694 <irq_set_exclusive_handler+0x3c>
10000690:	f000 ff78 	bl	10001584 <hard_assertion_failure>
10000694:	4b06      	ldr	r3, [pc, #24]	@ (100006b0 <irq_set_exclusive_handler+0x58>)
10000696:	689b      	ldr	r3, [r3, #8]
10000698:	f843 5024 	str.w	r5, [r3, r4, lsl #2]
1000069c:	f3bf 8f5f 	dmb	sy
100006a0:	2300      	movs	r3, #0
100006a2:	e8c6 3f8f 	stlb	r3, [r6]
100006a6:	f387 8810 	msr	PRIMASK, r7
100006aa:	bdf8      	pop	{r3, r4, r5, r6, r7, pc}
100006ac:	20001a11 	.word	0x20001a11
100006b0:	e000ed00 	.word	0xe000ed00
100006b4:	1000011d 	.word	0x1000011d

100006b8 <irq_add_shared_handler>:
100006b8:	e92d 4ff0 	stmdb	sp!, {r4, r5, r6, r7, r8, r9, sl, fp, lr}
100006bc:	4681      	mov	r9, r0
100006be:	468b      	mov	fp, r1
100006c0:	4616      	mov	r6, r2
100006c2:	b085      	sub	sp, #20
100006c4:	f3ef 8210 	mrs	r2, PRIMASK
100006c8:	b672      	cpsid	i
100006ca:	f8df a1ec 	ldr.w	sl, [pc, #492]	@ 100008b8 <irq_add_shared_handler+0x200>
100006ce:	e8da 1fcf 	ldaexb	r1, [sl]
100006d2:	2301      	movs	r3, #1
100006d4:	2900      	cmp	r1, #0
100006d6:	d1fa      	bne.n	100006ce <irq_add_shared_handler+0x16>
100006d8:	e8ca 3f41 	strexb	r1, r3, [sl]
100006dc:	2900      	cmp	r1, #0
100006de:	d1f6      	bne.n	100006ce <irq_add_shared_handler+0x16>
100006e0:	f3bf 8f5f 	dmb	sy
100006e4:	4b6d      	ldr	r3, [pc, #436]	@ (1000089c <irq_add_shared_handler+0x1e4>)
100006e6:	f993 4000 	ldrsb.w	r4, [r3]
100006ea:	2c00      	cmp	r4, #0
100006ec:	f2c0 808c 	blt.w	10000808 <irq_add_shared_handler+0x150>
100006f0:	4d6b      	ldr	r5, [pc, #428]	@ (100008a0 <irq_add_shared_handler+0x1e8>)
100006f2:	eb04 0744 	add.w	r7, r4, r4, lsl #1
100006f6:	eb05 0887 	add.w	r8, r5, r7, lsl #2
100006fa:	f898 1006 	ldrb.w	r1, [r8, #6]
100006fe:	f109 0910 	add.w	r9, r9, #16
10000702:	7019      	strb	r1, [r3, #0]
10000704:	4b67      	ldr	r3, [pc, #412]	@ (100008a4 <irq_add_shared_handler+0x1ec>)
10000706:	00bf      	lsls	r7, r7, #2
10000708:	689b      	ldr	r3, [r3, #8]
1000070a:	f853 0029 	ldr.w	r0, [r3, r9, lsl #2]
1000070e:	0063      	lsls	r3, r4, #1
10000710:	1b41      	subs	r1, r0, r5
10000712:	292f      	cmp	r1, #47	@ 0x2f
10000714:	9301      	str	r3, [sp, #4]
10000716:	d92f      	bls.n	10000778 <irq_add_shared_handler+0xc0>
10000718:	4963      	ldr	r1, [pc, #396]	@ (100008a8 <irq_add_shared_handler+0x1f0>)
1000071a:	4288      	cmp	r0, r1
1000071c:	f040 80b2 	bne.w	10000884 <irq_add_shared_handler+0x1cc>
10000720:	0063      	lsls	r3, r4, #1
10000722:	441c      	add	r4, r3
10000724:	4b61      	ldr	r3, [pc, #388]	@ (100008ac <irq_add_shared_handler+0x1f4>)
10000726:	3702      	adds	r7, #2
10000728:	442f      	add	r7, r5
1000072a:	3b04      	subs	r3, #4
1000072c:	1bdb      	subs	r3, r3, r7
1000072e:	f3c3 034a 	ubfx	r3, r3, #1, #11
10000732:	ea6f 43c3 	mvn.w	r3, r3, lsl #19
10000736:	f44f 4121 	mov.w	r1, #41216	@ 0xa100
1000073a:	ea6f 43d3 	mvn.w	r3, r3, lsr #19
1000073e:	f825 1024 	strh.w	r1, [r5, r4, lsl #2]
10000742:	eb05 0484 	add.w	r4, r5, r4, lsl #2
10000746:	8063      	strh	r3, [r4, #2]
10000748:	f64b 5301 	movw	r3, #48385	@ 0xbd01
1000074c:	80a3      	strh	r3, [r4, #4]
1000074e:	23ff      	movs	r3, #255	@ 0xff
10000750:	f048 0001 	orr.w	r0, r8, #1
10000754:	71e6      	strb	r6, [r4, #7]
10000756:	f8c4 b008 	str.w	fp, [r4, #8]
1000075a:	71a3      	strb	r3, [r4, #6]
1000075c:	4b51      	ldr	r3, [pc, #324]	@ (100008a4 <irq_add_shared_handler+0x1ec>)
1000075e:	689b      	ldr	r3, [r3, #8]
10000760:	f843 0029 	str.w	r0, [r3, r9, lsl #2]
10000764:	f3bf 8f5f 	dmb	sy
10000768:	2300      	movs	r3, #0
1000076a:	e8ca 3f8f 	stlb	r3, [sl]
1000076e:	f382 8810 	msr	PRIMASK, r2
10000772:	b005      	add	sp, #20
10000774:	e8bd 8ff0 	ldmia.w	sp!, {r4, r5, r6, r7, r8, r9, sl, fp, pc}
10000778:	f020 0e01 	bic.w	lr, r0, #1
1000077c:	f89e 1007 	ldrb.w	r1, [lr, #7]
10000780:	42b1      	cmp	r1, r6
10000782:	bf88      	it	hi
10000784:	9702      	strhi	r7, [sp, #8]
10000786:	d82e      	bhi.n	100007e6 <irq_add_shared_handler+0x12e>
10000788:	f44f 4321 	mov.w	r3, #41216	@ 0xa100
1000078c:	53eb      	strh	r3, [r5, r7]
1000078e:	4b47      	ldr	r3, [pc, #284]	@ (100008ac <irq_add_shared_handler+0x1f4>)
10000790:	1cb9      	adds	r1, r7, #2
10000792:	4429      	add	r1, r5
10000794:	3b04      	subs	r3, #4
10000796:	3704      	adds	r7, #4
10000798:	1a5b      	subs	r3, r3, r1
1000079a:	442f      	add	r7, r5
1000079c:	f1ae 0104 	sub.w	r1, lr, #4
100007a0:	4c43      	ldr	r4, [pc, #268]	@ (100008b0 <irq_add_shared_handler+0x1f8>)
100007a2:	1bc9      	subs	r1, r1, r7
100007a4:	f3c1 014a 	ubfx	r1, r1, #1, #11
100007a8:	4321      	orrs	r1, r4
100007aa:	f8a8 1004 	strh.w	r1, [r8, #4]
100007ae:	f3c3 034a 	ubfx	r3, r3, #1, #11
100007b2:	4940      	ldr	r1, [pc, #256]	@ (100008b4 <irq_add_shared_handler+0x1fc>)
100007b4:	4323      	orrs	r3, r4
100007b6:	f8a8 3002 	strh.w	r3, [r8, #2]
100007ba:	f64a 20aa 	movw	r0, #43690	@ 0xaaaa
100007be:	4673      	mov	r3, lr
100007c0:	1b5b      	subs	r3, r3, r5
100007c2:	415b      	adcs	r3, r3
100007c4:	4358      	muls	r0, r3
100007c6:	0d00      	lsrs	r0, r0, #20
100007c8:	f888 6007 	strb.w	r6, [r8, #7]
100007cc:	f888 0006 	strb.w	r0, [r8, #6]
100007d0:	f8c8 b008 	str.w	fp, [r8, #8]
100007d4:	f048 0001 	orr.w	r0, r8, #1
100007d8:	f8ce 1000 	str.w	r1, [lr]
100007dc:	e7be      	b.n	1000075c <irq_add_shared_handler+0xa4>
100007de:	79cf      	ldrb	r7, [r1, #7]
100007e0:	42b7      	cmp	r7, r6
100007e2:	d919      	bls.n	10000818 <irq_add_shared_handler+0x160>
100007e4:	468e      	mov	lr, r1
100007e6:	f99e c006 	ldrsb.w	ip, [lr, #6]
100007ea:	eb0c 014c 	add.w	r1, ip, ip, lsl #1
100007ee:	f1bc 0f00 	cmp.w	ip, #0
100007f2:	eb05 0181 	add.w	r1, r5, r1, lsl #2
100007f6:	daf2      	bge.n	100007de <irq_add_shared_handler+0x126>
100007f8:	9301      	str	r3, [sp, #4]
100007fa:	f64b 5301 	movw	r3, #48385	@ 0xbd01
100007fe:	9303      	str	r3, [sp, #12]
10000800:	f10e 0304 	add.w	r3, lr, #4
10000804:	9302      	str	r3, [sp, #8]
10000806:	e01f      	b.n	10000848 <irq_add_shared_handler+0x190>
10000808:	9201      	str	r2, [sp, #4]
1000080a:	f000 febb 	bl	10001584 <hard_assertion_failure>
1000080e:	4b23      	ldr	r3, [pc, #140]	@ (1000089c <irq_add_shared_handler+0x1e4>)
10000810:	9a01      	ldr	r2, [sp, #4]
10000812:	f993 4000 	ldrsb.w	r4, [r3]
10000816:	e76b      	b.n	100006f0 <irq_add_shared_handler+0x38>
10000818:	9301      	str	r3, [sp, #4]
1000081a:	f8be 3004 	ldrh.w	r3, [lr, #4]
1000081e:	f10e 0104 	add.w	r1, lr, #4
10000822:	9f02      	ldr	r7, [sp, #8]
10000824:	9102      	str	r1, [sp, #8]
10000826:	0559      	lsls	r1, r3, #21
10000828:	d431      	bmi.n	1000088e <irq_add_shared_handler+0x1d6>
1000082a:	9b02      	ldr	r3, [sp, #8]
1000082c:	1549      	asrs	r1, r1, #21
1000082e:	3102      	adds	r1, #2
10000830:	eb03 0341 	add.w	r3, r3, r1, lsl #1
10000834:	f06f 0107 	mvn.w	r1, #7
10000838:	1bc9      	subs	r1, r1, r7
1000083a:	1b49      	subs	r1, r1, r5
1000083c:	4419      	add	r1, r3
1000083e:	f3c1 014a 	ubfx	r1, r1, #1, #11
10000842:	f441 4360 	orr.w	r3, r1, #57344	@ 0xe000
10000846:	9303      	str	r3, [sp, #12]
10000848:	9902      	ldr	r1, [sp, #8]
1000084a:	f1a8 0704 	sub.w	r7, r8, #4
1000084e:	1a7f      	subs	r7, r7, r1
10000850:	f3c7 074a 	ubfx	r7, r7, #1, #11
10000854:	ea6f 47c7 	mvn.w	r7, r7, lsl #19
10000858:	9b01      	ldr	r3, [sp, #4]
1000085a:	ea6f 47d7 	mvn.w	r7, r7, lsr #19
1000085e:	4423      	add	r3, r4
10000860:	4698      	mov	r8, r3
10000862:	f88e 4006 	strb.w	r4, [lr, #6]
10000866:	9903      	ldr	r1, [sp, #12]
10000868:	4c12      	ldr	r4, [pc, #72]	@ (100008b4 <irq_add_shared_handler+0x1fc>)
1000086a:	eb05 0383 	add.w	r3, r5, r3, lsl #2
1000086e:	f8ae 7004 	strh.w	r7, [lr, #4]
10000872:	f845 4028 	str.w	r4, [r5, r8, lsl #2]
10000876:	8099      	strh	r1, [r3, #4]
10000878:	f883 c006 	strb.w	ip, [r3, #6]
1000087c:	71de      	strb	r6, [r3, #7]
1000087e:	f8c3 b008 	str.w	fp, [r3, #8]
10000882:	e76b      	b.n	1000075c <irq_add_shared_handler+0xa4>
10000884:	9201      	str	r2, [sp, #4]
10000886:	f000 fe7d 	bl	10001584 <hard_assertion_failure>
1000088a:	9a01      	ldr	r2, [sp, #4]
1000088c:	e748      	b.n	10000720 <irq_add_shared_handler+0x68>
1000088e:	f501 11ff 	add.w	r1, r1, #2088960	@ 0x1fe000
10000892:	f501 51ff 	add.w	r1, r1, #8160	@ 0x1fe0
10000896:	311f      	adds	r1, #31
10000898:	e7c7      	b.n	1000082a <irq_add_shared_handler+0x172>
1000089a:	bf00      	nop
1000089c:	2000232c 	.word	0x2000232c
100008a0:	200014dc 	.word	0x200014dc
100008a4:	e000ed00 	.word	0xe000ed00
100008a8:	1000011d 	.word	0x1000011d
100008ac:	2000150c 	.word	0x2000150c
100008b0:	ffffe000 	.word	0xffffe000
100008b4:	47804801 	.word	0x47804801
100008b8:	20001a11 	.word	0x20001a11

100008bc <irq_add_tail_to_free_list>:
100008bc:	b5f0      	push	{r4, r5, r6, r7, lr}
100008be:	f3ef 8505 	mrs	r5, IPSR
100008c2:	b2ed      	uxtb	r5, r5
100008c4:	f3ef 8c10 	mrs	ip, PRIMASK
100008c8:	b672      	cpsid	i
100008ca:	4926      	ldr	r1, [pc, #152]	@ (10000964 <irq_add_tail_to_free_list+0xa8>)
100008cc:	e8d1 2fcf 	ldaexb	r2, [r1]
100008d0:	2301      	movs	r3, #1
100008d2:	2a00      	cmp	r2, #0
100008d4:	d1fa      	bne.n	100008cc <irq_add_tail_to_free_list+0x10>
100008d6:	e8c1 3f42 	strexb	r2, r3, [r1]
100008da:	2a00      	cmp	r2, #0
100008dc:	d1f6      	bne.n	100008cc <irq_add_tail_to_free_list+0x10>
100008de:	f3bf 8f5f 	dmb	sy
100008e2:	4e21      	ldr	r6, [pc, #132]	@ (10000968 <irq_add_tail_to_free_list+0xac>)
100008e4:	f040 0e01 	orr.w	lr, r0, #1
100008e8:	68b4      	ldr	r4, [r6, #8]
100008ea:	f64a 23aa 	movw	r3, #43690	@ 0xaaaa
100008ee:	f854 7025 	ldr.w	r7, [r4, r5, lsl #2]
100008f2:	4a1e      	ldr	r2, [pc, #120]	@ (1000096c <irq_add_tail_to_free_list+0xb0>)
100008f4:	4604      	mov	r4, r0
100008f6:	1aa4      	subs	r4, r4, r2
100008f8:	4164      	adcs	r4, r4
100008fa:	4363      	muls	r3, r4
100008fc:	0d1b      	lsrs	r3, r3, #20
100008fe:	4577      	cmp	r7, lr
10000900:	b25b      	sxtb	r3, r3
10000902:	d01b      	beq.n	1000093c <irq_add_tail_to_free_list+0x80>
10000904:	f992 4006 	ldrsb.w	r4, [r2, #6]
10000908:	429c      	cmp	r4, r3
1000090a:	d01c      	beq.n	10000946 <irq_add_tail_to_free_list+0x8a>
1000090c:	f992 4012 	ldrsb.w	r4, [r2, #18]
10000910:	429c      	cmp	r4, r3
10000912:	d023      	beq.n	1000095c <irq_add_tail_to_free_list+0xa0>
10000914:	f992 401e 	ldrsb.w	r4, [r2, #30]
10000918:	429c      	cmp	r4, r3
1000091a:	d021      	beq.n	10000960 <irq_add_tail_to_free_list+0xa4>
1000091c:	f992 402a 	ldrsb.w	r4, [r2, #42]	@ 0x2a
10000920:	429c      	cmp	r4, r3
10000922:	bf08      	it	eq
10000924:	2403      	moveq	r4, #3
10000926:	d00f      	beq.n	10000948 <irq_add_tail_to_free_list+0x8c>
10000928:	4a11      	ldr	r2, [pc, #68]	@ (10000970 <irq_add_tail_to_free_list+0xb4>)
1000092a:	2400      	movs	r4, #0
1000092c:	7815      	ldrb	r5, [r2, #0]
1000092e:	7013      	strb	r3, [r2, #0]
10000930:	7185      	strb	r5, [r0, #6]
10000932:	e8c1 4f8f 	stlb	r4, [r1]
10000936:	f38c 8810 	msr	PRIMASK, ip
1000093a:	bdf0      	pop	{r4, r5, r6, r7, pc}
1000093c:	68b2      	ldr	r2, [r6, #8]
1000093e:	4c0d      	ldr	r4, [pc, #52]	@ (10000974 <irq_add_tail_to_free_list+0xb8>)
10000940:	f842 4025 	str.w	r4, [r2, r5, lsl #2]
10000944:	e7f0      	b.n	10000928 <irq_add_tail_to_free_list+0x6c>
10000946:	2400      	movs	r4, #0
10000948:	eb04 0444 	add.w	r4, r4, r4, lsl #1
1000094c:	eb02 0284 	add.w	r2, r2, r4, lsl #2
10000950:	24ff      	movs	r4, #255	@ 0xff
10000952:	7194      	strb	r4, [r2, #6]
10000954:	f64b 5401 	movw	r4, #48385	@ 0xbd01
10000958:	8094      	strh	r4, [r2, #4]
1000095a:	e7e5      	b.n	10000928 <irq_add_tail_to_free_list+0x6c>
1000095c:	2401      	movs	r4, #1
1000095e:	e7f3      	b.n	10000948 <irq_add_tail_to_free_list+0x8c>
10000960:	2402      	movs	r4, #2
10000962:	e7f1      	b.n	10000948 <irq_add_tail_to_free_list+0x8c>
10000964:	20001a11 	.word	0x20001a11
10000968:	e000ed00 	.word	0xe000ed00
1000096c:	200014dc 	.word	0x200014dc
10000970:	2000232c 	.word	0x2000232c
10000974:	1000011d 	.word	0x1000011d

10000978 <user_irq_claim_unused>:
10000978:	b510      	push	{r4, lr}
1000097a:	4c07      	ldr	r4, [pc, #28]	@ (10000998 <user_irq_claim_unused+0x20>)
1000097c:	b082      	sub	sp, #8
1000097e:	4601      	mov	r1, r0
10000980:	2305      	movs	r3, #5
10000982:	2200      	movs	r2, #0
10000984:	9400      	str	r4, [sp, #0]
10000986:	4805      	ldr	r0, [pc, #20]	@ (1000099c <user_irq_claim_unused+0x24>)
10000988:	f7ff fd84 	bl	10000494 <hw_claim_unused_from_range>
1000098c:	2800      	cmp	r0, #0
1000098e:	bfa8      	it	ge
10000990:	f1c0 0033 	rsbge	r0, r0, #51	@ 0x33
10000994:	b002      	add	sp, #8
10000996:	bd10      	pop	{r4, pc}
10000998:	1000601c 	.word	0x1000601c
1000099c:	20002330 	.word	0x20002330

100009a0 <lock_init>:
100009a0:	4b01      	ldr	r3, [pc, #4]	@ (100009a8 <lock_init+0x8>)
100009a2:	440b      	add	r3, r1
100009a4:	6003      	str	r3, [r0, #0]
100009a6:	4770      	bx	lr
100009a8:	20001a08 	.word	0x20001a08

100009ac <runtime_init_mutex>:
100009ac:	b5f8      	push	{r3, r4, r5, r6, r7, lr}
100009ae:	4d12      	ldr	r5, [pc, #72]	@ (100009f8 <runtime_init_mutex+0x4c>)
100009b0:	4e12      	ldr	r6, [pc, #72]	@ (100009fc <runtime_init_mutex+0x50>)
100009b2:	42b5      	cmp	r5, r6
100009b4:	d21f      	bcs.n	100009f6 <runtime_init_mutex+0x4a>
100009b6:	462c      	mov	r4, r5
100009b8:	6823      	ldr	r3, [r4, #0]
100009ba:	27ff      	movs	r7, #255	@ 0xff
100009bc:	b17b      	cbz	r3, 100009de <runtime_init_mutex+0x32>
100009be:	f7ff fdb7 	bl	10000530 <next_striped_spin_lock_num>
100009c2:	4601      	mov	r1, r0
100009c4:	4628      	mov	r0, r5
100009c6:	f7ff ffeb 	bl	100009a0 <lock_init>
100009ca:	80a7      	strh	r7, [r4, #4]
100009cc:	f3bf 8f5f 	dmb	sy
100009d0:	3408      	adds	r4, #8
100009d2:	42b4      	cmp	r4, r6
100009d4:	d20f      	bcs.n	100009f6 <runtime_init_mutex+0x4a>
100009d6:	6823      	ldr	r3, [r4, #0]
100009d8:	4625      	mov	r5, r4
100009da:	2b00      	cmp	r3, #0
100009dc:	d1ef      	bne.n	100009be <runtime_init_mutex+0x12>
100009de:	f7ff fda7 	bl	10000530 <next_striped_spin_lock_num>
100009e2:	4601      	mov	r1, r0
100009e4:	4628      	mov	r0, r5
100009e6:	f7ff ffdb 	bl	100009a0 <lock_init>
100009ea:	7127      	strb	r7, [r4, #4]
100009ec:	f3bf 8f5f 	dmb	sy
100009f0:	3408      	adds	r4, #8
100009f2:	42b4      	cmp	r4, r6
100009f4:	d3ef      	bcc.n	100009d6 <runtime_init_mutex+0x2a>
100009f6:	bdf8      	pop	{r3, r4, r5, r6, r7, pc}
100009f8:	20001574 	.word	0x20001574
100009fc:	2000157c 	.word	0x2000157c

10000a00 <mutex_init>:
10000a00:	b510      	push	{r4, lr}
10000a02:	4604      	mov	r4, r0
10000a04:	f7ff fd94 	bl	10000530 <next_striped_spin_lock_num>
10000a08:	4601      	mov	r1, r0
10000a0a:	4620      	mov	r0, r4
10000a0c:	f7ff ffc8 	bl	100009a0 <lock_init>
10000a10:	23ff      	movs	r3, #255	@ 0xff
10000a12:	7123      	strb	r3, [r4, #4]
10000a14:	f3bf 8f5f 	dmb	sy
10000a18:	bd10      	pop	{r4, pc}
10000a1a:	bf00      	nop

10000a1c <critical_section_init>:
10000a1c:	b510      	push	{r4, lr}
10000a1e:	4604      	mov	r4, r0
10000a20:	2001      	movs	r0, #1
10000a22:	f7ff fd91 	bl	10000548 <spin_lock_claim_unused>
10000a26:	4b03      	ldr	r3, [pc, #12]	@ (10000a34 <critical_section_init+0x18>)
10000a28:	4403      	add	r3, r0
10000a2a:	6023      	str	r3, [r4, #0]
10000a2c:	f3bf 8f5f 	dmb	sy
10000a30:	bd10      	pop	{r4, pc}
10000a32:	bf00      	nop
10000a34:	20001a08 	.word	0x20001a08

10000a38 <critical_section_init_with_lock_num>:
10000a38:	4b02      	ldr	r3, [pc, #8]	@ (10000a44 <critical_section_init_with_lock_num+0xc>)
10000a3a:	440b      	add	r3, r1
10000a3c:	6003      	str	r3, [r0, #0]
10000a3e:	f3bf 8f5f 	dmb	sy
10000a42:	4770      	bx	lr
10000a44:	20001a08 	.word	0x20001a08

10000a48 <sleep_until_callback>:
10000a48:	4b0d      	ldr	r3, [pc, #52]	@ (10000a80 <sleep_until_callback+0x38>)
10000a4a:	681a      	ldr	r2, [r3, #0]
10000a4c:	f3ef 8110 	mrs	r1, PRIMASK
10000a50:	b672      	cpsid	i
10000a52:	e8d2 cfcf 	ldaexb	ip, [r2]
10000a56:	2001      	movs	r0, #1
10000a58:	f1bc 0f00 	cmp.w	ip, #0
10000a5c:	d1f9      	bne.n	10000a52 <sleep_until_callback+0xa>
10000a5e:	e8c2 0f4c 	strexb	ip, r0, [r2]
10000a62:	f1bc 0f00 	cmp.w	ip, #0
10000a66:	d1f4      	bne.n	10000a52 <sleep_until_callback+0xa>
10000a68:	f3bf 8f5f 	dmb	sy
10000a6c:	2200      	movs	r2, #0
10000a6e:	681b      	ldr	r3, [r3, #0]
10000a70:	e8c3 2f8f 	stlb	r2, [r3]
10000a74:	f381 8810 	msr	PRIMASK, r1
10000a78:	bf40      	sev
10000a7a:	2000      	movs	r0, #0
10000a7c:	2100      	movs	r1, #0
10000a7e:	4770      	bx	lr
10000a80:	2000230c 	.word	0x2000230c
10000a84:	00000000 	.word	0x00000000

10000a88 <alarm_pool_irq_handler>:
10000a88:	e92d 4ff0 	stmdb	sp!, {r4, r5, r6, r7, r8, r9, sl, fp, lr}
10000a8c:	ed2d 8b02 	vpush	{d8}
10000a90:	b085      	sub	sp, #20
10000a92:	f3ef 8305 	mrs	r3, IPSR
10000a96:	b2db      	uxtb	r3, r3
10000a98:	3b10      	subs	r3, #16
10000a9a:	089a      	lsrs	r2, r3, #2
10000a9c:	bf18      	it	ne
10000a9e:	2201      	movne	r2, #1
10000aa0:	f04f 0101 	mov.w	r1, #1
10000aa4:	f003 0003 	and.w	r0, r3, #3
10000aa8:	bf08      	it	eq
10000aaa:	4dab      	ldreq	r5, [pc, #684]	@ (10000d58 <alarm_pool_irq_handler+0x2d0>)
10000aac:	4bab      	ldr	r3, [pc, #684]	@ (10000d5c <alarm_pool_irq_handler+0x2d4>)
10000aae:	bf18      	it	ne
10000ab0:	4dab      	ldrne	r5, [pc, #684]	@ (10000d60 <alarm_pool_irq_handler+0x2d8>)
10000ab2:	eb00 0282 	add.w	r2, r0, r2, lsl #2
10000ab6:	f853 6022 	ldr.w	r6, [r3, r2, lsl #2]
10000aba:	fa01 fb00 	lsl.w	fp, r1, r0
10000abe:	f505 5341 	add.w	r3, r5, #12352	@ 0x3040
10000ac2:	ed9f 8ba3 	vldr	d8, [pc, #652]	@ 10000d50 <alarm_pool_irq_handler+0x2c8>
10000ac6:	9001      	str	r0, [sp, #4]
10000ac8:	f8c3 b004 	str.w	fp, [r3, #4]
10000acc:	e02a      	b.n	10000b24 <alarm_pool_irq_handler+0x9c>
10000ace:	88b3      	ldrh	r3, [r6, #4]
10000ad0:	0419      	lsls	r1, r3, #16
10000ad2:	f140 808d 	bpl.w	10000bf0 <alarm_pool_irq_handler+0x168>
10000ad6:	79b3      	ldrb	r3, [r6, #6]
10000ad8:	2b00      	cmp	r3, #0
10000ada:	f040 80d7 	bne.w	10000c8c <alarm_pool_irq_handler+0x204>
10000ade:	f9b6 2008 	ldrsh.w	r2, [r6, #8]
10000ae2:	2a00      	cmp	r2, #0
10000ae4:	f2c0 8116 	blt.w	10000d14 <alarm_pool_irq_handler+0x28c>
10000ae8:	6973      	ldr	r3, [r6, #20]
10000aea:	eb02 0242 	add.w	r2, r2, r2, lsl #1
10000aee:	eb03 03c2 	add.w	r3, r3, r2, lsl #3
10000af2:	e9d3 4702 	ldrd	r4, r7, [r3, #8]
10000af6:	f1b7 3fff 	cmp.w	r7, #4294967295	@ 0xffffffff
10000afa:	bf08      	it	eq
10000afc:	f1b4 3fff 	cmpeq.w	r4, #4294967295	@ 0xffffffff
10000b00:	d009      	beq.n	10000b16 <alarm_pool_irq_handler+0x8e>
10000b02:	9b01      	ldr	r3, [sp, #4]
10000b04:	eb05 0183 	add.w	r1, r5, r3, lsl #2
10000b08:	6aab      	ldr	r3, [r5, #40]	@ 0x28
10000b0a:	690a      	ldr	r2, [r1, #16]
10000b0c:	1ad2      	subs	r2, r2, r3
10000b0e:	1ae3      	subs	r3, r4, r3
10000b10:	4293      	cmp	r3, r2
10000b12:	bf38      	it	cc
10000b14:	610c      	strcc	r4, [r1, #16]
10000b16:	4628      	mov	r0, r5
10000b18:	f000 fba0 	bl	1000125c <timer_time_us_64>
10000b1c:	42a0      	cmp	r0, r4
10000b1e:	41b9      	sbcs	r1, r7
10000b20:	f2c0 80f8 	blt.w	10000d14 <alarm_pool_irq_handler+0x28c>
10000b24:	f9b6 3008 	ldrsh.w	r3, [r6, #8]
10000b28:	f8c5 b03c 	str.w	fp, [r5, #60]	@ 0x3c
10000b2c:	2b00      	cmp	r3, #0
10000b2e:	9300      	str	r3, [sp, #0]
10000b30:	dbcd      	blt.n	10000ace <alarm_pool_irq_handler+0x46>
10000b32:	f8d6 9014 	ldr.w	r9, [r6, #20]
10000b36:	eb03 0a43 	add.w	sl, r3, r3, lsl #1
10000b3a:	4628      	mov	r0, r5
10000b3c:	eb09 07ca 	add.w	r7, r9, sl, lsl #3
10000b40:	e9d7 4802 	ldrd	r4, r8, [r7, #8]
10000b44:	f000 fb8a 	bl	1000125c <timer_time_us_64>
10000b48:	42a0      	cmp	r0, r4
10000b4a:	eb71 0108 	sbcs.w	r1, r1, r8
10000b4e:	dbbe      	blt.n	10000ace <alarm_pool_irq_handler+0x46>
10000b50:	f1b8 0f00 	cmp.w	r8, #0
10000b54:	f2c0 80c0 	blt.w	10000cd8 <alarm_pool_irq_handler+0x250>
10000b58:	693a      	ldr	r2, [r7, #16]
10000b5a:	4b82      	ldr	r3, [pc, #520]	@ (10000d64 <alarm_pool_irq_handler+0x2dc>)
10000b5c:	429a      	cmp	r2, r3
10000b5e:	f000 80ea 	beq.w	10000d36 <alarm_pool_irq_handler+0x2ae>
10000b62:	8879      	ldrh	r1, [r7, #2]
10000b64:	f9b6 0008 	ldrsh.w	r0, [r6, #8]
10000b68:	b289      	uxth	r1, r1
10000b6a:	ea41 4000 	orr.w	r0, r1, r0, lsl #16
10000b6e:	6979      	ldr	r1, [r7, #20]
10000b70:	4790      	blx	r2
10000b72:	4603      	mov	r3, r0
10000b74:	460a      	mov	r2, r1
10000b76:	ea53 0102 	orrs.w	r1, r3, r2
10000b7a:	f000 80ad 	beq.w	10000cd8 <alarm_pool_irq_handler+0x250>
10000b7e:	2a00      	cmp	r2, #0
10000b80:	f280 80ce 	bge.w	10000d20 <alarm_pool_irq_handler+0x298>
10000b84:	1ae3      	subs	r3, r4, r3
10000b86:	eb68 0802 	sbc.w	r8, r8, r2
10000b8a:	f939 203a 	ldrsh.w	r2, [r9, sl, lsl #3]
10000b8e:	e9c7 3802 	strd	r3, r8, [r7, #8]
10000b92:	2a00      	cmp	r2, #0
10000b94:	db9b      	blt.n	10000ace <alarm_pool_irq_handler+0x46>
10000b96:	6970      	ldr	r0, [r6, #20]
10000b98:	eb02 0142 	add.w	r1, r2, r2, lsl #1
10000b9c:	eb00 01c1 	add.w	r1, r0, r1, lsl #3
10000ba0:	e9d1 c702 	ldrd	ip, r7, [r1, #8]
10000ba4:	4563      	cmp	r3, ip
10000ba6:	eb78 0e07 	sbcs.w	lr, r8, r7
10000baa:	ea4f 0142 	mov.w	r1, r2, lsl #1
10000bae:	db8e      	blt.n	10000ace <alarm_pool_irq_handler+0x46>
10000bb0:	46b6      	mov	lr, r6
10000bb2:	f82e 2f08 	strh.w	r2, [lr, #8]!
10000bb6:	e00b      	b.n	10000bd0 <alarm_pool_irq_handler+0x148>
10000bb8:	f930 2031 	ldrsh.w	r2, [r0, r1, lsl #3]
10000bbc:	46a6      	mov	lr, r4
10000bbe:	2a00      	cmp	r2, #0
10000bc0:	db0d      	blt.n	10000bde <alarm_pool_irq_handler+0x156>
10000bc2:	eb02 0442 	add.w	r4, r2, r2, lsl #1
10000bc6:	eb00 04c4 	add.w	r4, r0, r4, lsl #3
10000bca:	0051      	lsls	r1, r2, #1
10000bcc:	e9d4 c702 	ldrd	ip, r7, [r4, #8]
10000bd0:	4563      	cmp	r3, ip
10000bd2:	4411      	add	r1, r2
10000bd4:	eb78 0707 	sbcs.w	r7, r8, r7
10000bd8:	eb00 04c1 	add.w	r4, r0, r1, lsl #3
10000bdc:	daec      	bge.n	10000bb8 <alarm_pool_irq_handler+0x130>
10000bde:	9b00      	ldr	r3, [sp, #0]
10000be0:	f829 203a 	strh.w	r2, [r9, sl, lsl #3]
10000be4:	f8ae 3000 	strh.w	r3, [lr]
10000be8:	88b3      	ldrh	r3, [r6, #4]
10000bea:	0419      	lsls	r1, r3, #16
10000bec:	f53f af73 	bmi.w	10000ad6 <alarm_pool_irq_handler+0x4e>
10000bf0:	6933      	ldr	r3, [r6, #16]
10000bf2:	f3ef 8210 	mrs	r2, PRIMASK
10000bf6:	b672      	cpsid	i
10000bf8:	e8d3 0fcf 	ldaexb	r0, [r3]
10000bfc:	2101      	movs	r1, #1
10000bfe:	2800      	cmp	r0, #0
10000c00:	d1fa      	bne.n	10000bf8 <alarm_pool_irq_handler+0x170>
10000c02:	e8c3 1f40 	strexb	r0, r1, [r3]
10000c06:	2800      	cmp	r0, #0
10000c08:	d1f6      	bne.n	10000bf8 <alarm_pool_irq_handler+0x170>
10000c0a:	f3bf 8f5f 	dmb	sy
10000c0e:	f64f 74ff 	movw	r4, #65535	@ 0xffff
10000c12:	88b0      	ldrh	r0, [r6, #4]
10000c14:	2300      	movs	r3, #0
10000c16:	6931      	ldr	r1, [r6, #16]
10000c18:	b200      	sxth	r0, r0
10000c1a:	80b4      	strh	r4, [r6, #4]
10000c1c:	e8c1 3f8f 	stlb	r3, [r1]
10000c20:	f382 8810 	msr	PRIMASK, r2
10000c24:	4298      	cmp	r0, r3
10000c26:	f6ff af56 	blt.w	10000ad6 <alarm_pool_irq_handler+0x4e>
10000c2a:	4607      	mov	r7, r0
10000c2c:	46a9      	mov	r9, r5
10000c2e:	6974      	ldr	r4, [r6, #20]
10000c30:	f106 0808 	add.w	r8, r6, #8
10000c34:	eb07 0e47 	add.w	lr, r7, r7, lsl #1
10000c38:	eb04 03ce 	add.w	r3, r4, lr, lsl #3
10000c3c:	e9d3 0502 	ldrd	r0, r5, [r3, #8]
10000c40:	f9b6 3008 	ldrsh.w	r3, [r6, #8]
10000c44:	46c4      	mov	ip, r8
10000c46:	2b00      	cmp	r3, #0
10000c48:	db13      	blt.n	10000c72 <alarm_pool_irq_handler+0x1ea>
10000c4a:	46b2      	mov	sl, r6
10000c4c:	9700      	str	r7, [sp, #0]
10000c4e:	e004      	b.n	10000c5a <alarm_pool_irq_handler+0x1d2>
10000c50:	f934 3036 	ldrsh.w	r3, [r4, r6, lsl #3]
10000c54:	4694      	mov	ip, r2
10000c56:	2b00      	cmp	r3, #0
10000c58:	db09      	blt.n	10000c6e <alarm_pool_irq_handler+0x1e6>
10000c5a:	eb03 0643 	add.w	r6, r3, r3, lsl #1
10000c5e:	eb04 02c6 	add.w	r2, r4, r6, lsl #3
10000c62:	e9d2 7102 	ldrd	r7, r1, [r2, #8]
10000c66:	42b8      	cmp	r0, r7
10000c68:	eb75 0101 	sbcs.w	r1, r5, r1
10000c6c:	daf0      	bge.n	10000c50 <alarm_pool_irq_handler+0x1c8>
10000c6e:	4656      	mov	r6, sl
10000c70:	9f00      	ldr	r7, [sp, #0]
10000c72:	f8ac 7000 	strh.w	r7, [ip]
10000c76:	f934 703e 	ldrsh.w	r7, [r4, lr, lsl #3]
10000c7a:	f824 303e 	strh.w	r3, [r4, lr, lsl #3]
10000c7e:	2f00      	cmp	r7, #0
10000c80:	dad8      	bge.n	10000c34 <alarm_pool_irq_handler+0x1ac>
10000c82:	79b3      	ldrb	r3, [r6, #6]
10000c84:	464d      	mov	r5, r9
10000c86:	2b00      	cmp	r3, #0
10000c88:	f43f af29 	beq.w	10000ade <alarm_pool_irq_handler+0x56>
10000c8c:	2300      	movs	r3, #0
10000c8e:	71b3      	strb	r3, [r6, #6]
10000c90:	f9b6 3008 	ldrsh.w	r3, [r6, #8]
10000c94:	f106 0e08 	add.w	lr, r6, #8
10000c98:	1c5a      	adds	r2, r3, #1
10000c9a:	d03b      	beq.n	10000d14 <alarm_pool_irq_handler+0x28c>
10000c9c:	461a      	mov	r2, r3
10000c9e:	6974      	ldr	r4, [r6, #20]
10000ca0:	e003      	b.n	10000caa <alarm_pool_irq_handler+0x222>
10000ca2:	4686      	mov	lr, r0
10000ca4:	1c59      	adds	r1, r3, #1
10000ca6:	f43f af1c 	beq.w	10000ae2 <alarm_pool_irq_handler+0x5a>
10000caa:	eb03 0143 	add.w	r1, r3, r3, lsl #1
10000cae:	eb04 00c1 	add.w	r0, r4, r1, lsl #3
10000cb2:	8847      	ldrh	r7, [r0, #2]
10000cb4:	469c      	mov	ip, r3
10000cb6:	043f      	lsls	r7, r7, #16
10000cb8:	f934 3031 	ldrsh.w	r3, [r4, r1, lsl #3]
10000cbc:	d5f1      	bpl.n	10000ca2 <alarm_pool_irq_handler+0x21a>
10000cbe:	4594      	cmp	ip, r2
10000cc0:	ed80 8b02 	vstr	d8, [r0, #8]
10000cc4:	d0ee      	beq.n	10000ca4 <alarm_pool_irq_handler+0x21c>
10000cc6:	f8ae 3000 	strh.w	r3, [lr]
10000cca:	8932      	ldrh	r2, [r6, #8]
10000ccc:	f824 2031 	strh.w	r2, [r4, r1, lsl #3]
10000cd0:	4662      	mov	r2, ip
10000cd2:	f8a6 c008 	strh.w	ip, [r6, #8]
10000cd6:	e7e5      	b.n	10000ca4 <alarm_pool_irq_handler+0x21c>
10000cd8:	f839 203a 	ldrh.w	r2, [r9, sl, lsl #3]
10000cdc:	8132      	strh	r2, [r6, #8]
10000cde:	6932      	ldr	r2, [r6, #16]
10000ce0:	f3ef 8110 	mrs	r1, PRIMASK
10000ce4:	b672      	cpsid	i
10000ce6:	e8d2 7fcf 	ldaexb	r7, [r2]
10000cea:	2001      	movs	r0, #1
10000cec:	2f00      	cmp	r7, #0
10000cee:	d1fa      	bne.n	10000ce6 <alarm_pool_irq_handler+0x25e>
10000cf0:	e8c2 0f47 	strexb	r7, r0, [r2]
10000cf4:	2f00      	cmp	r7, #0
10000cf6:	d1f6      	bne.n	10000ce6 <alarm_pool_irq_handler+0x25e>
10000cf8:	f3bf 8f5f 	dmb	sy
10000cfc:	8872      	ldrh	r2, [r6, #2]
10000cfe:	9b00      	ldr	r3, [sp, #0]
10000d00:	f829 203a 	strh.w	r2, [r9, sl, lsl #3]
10000d04:	8073      	strh	r3, [r6, #2]
10000d06:	6932      	ldr	r2, [r6, #16]
10000d08:	2300      	movs	r3, #0
10000d0a:	e8c2 3f8f 	stlb	r3, [r2]
10000d0e:	f381 8810 	msr	PRIMASK, r1
10000d12:	e6dc      	b.n	10000ace <alarm_pool_irq_handler+0x46>
10000d14:	bf40      	sev
10000d16:	b005      	add	sp, #20
10000d18:	ecbd 8b02 	vpop	{d8}
10000d1c:	e8bd 8ff0 	ldmia.w	sp!, {r4, r5, r6, r7, r8, r9, sl, fp, pc}
10000d20:	4628      	mov	r0, r5
10000d22:	e9cd 3202 	strd	r3, r2, [sp, #8]
10000d26:	f000 fa99 	bl	1000125c <timer_time_us_64>
10000d2a:	9b02      	ldr	r3, [sp, #8]
10000d2c:	9a03      	ldr	r2, [sp, #12]
10000d2e:	18c3      	adds	r3, r0, r3
10000d30:	eb42 0801 	adc.w	r8, r2, r1
10000d34:	e729      	b.n	10000b8a <alarm_pool_irq_handler+0x102>
10000d36:	6979      	ldr	r1, [r7, #20]
10000d38:	4608      	mov	r0, r1
10000d3a:	690a      	ldr	r2, [r1, #16]
10000d3c:	9102      	str	r1, [sp, #8]
10000d3e:	4790      	blx	r2
10000d40:	2800      	cmp	r0, #0
10000d42:	d0c9      	beq.n	10000cd8 <alarm_pool_irq_handler+0x250>
10000d44:	9902      	ldr	r1, [sp, #8]
10000d46:	e9d1 3200 	ldrd	r3, r2, [r1]
10000d4a:	e714      	b.n	10000b76 <alarm_pool_irq_handler+0xee>
10000d4c:	f3af 8000 	nop.w
10000d50:	ffffffff 	.word	0xffffffff
10000d54:	ffffffff 	.word	0xffffffff
10000d58:	400b0000 	.word	0x400b0000
10000d5c:	200022e4 	.word	0x200022e4
10000d60:	400b8000 	.word	0x400b8000
10000d64:	10000a89 	.word	0x10000a89

10000d68 <runtime_init_default_alarm_pool>:
10000d68:	e92d 4ff8 	stmdb	sp!, {r3, r4, r5, r6, r7, r8, r9, sl, fp, lr}
10000d6c:	4c36      	ldr	r4, [pc, #216]	@ (10000e48 <runtime_init_default_alarm_pool+0xe0>)
10000d6e:	6925      	ldr	r5, [r4, #16]
10000d70:	b12d      	cbz	r5, 10000d7e <runtime_init_default_alarm_pool+0x16>
10000d72:	e8bd 4ff8 	ldmia.w	sp!, {r3, r4, r5, r6, r7, r8, r9, sl, fp, lr}
10000d76:	210a      	movs	r1, #10
10000d78:	4834      	ldr	r0, [pc, #208]	@ (10000e4c <runtime_init_default_alarm_pool+0xe4>)
10000d7a:	f7ff be11 	b.w	100009a0 <lock_init>
10000d7e:	f8df 80e4 	ldr.w	r8, [pc, #228]	@ 10000e64 <runtime_init_default_alarm_pool+0xfc>
10000d82:	2103      	movs	r1, #3
10000d84:	4640      	mov	r0, r8
10000d86:	f000 fa57 	bl	10001238 <timer_hardware_alarm_claim>
10000d8a:	2603      	movs	r6, #3
10000d8c:	f8c4 800c 	str.w	r8, [r4, #12]
10000d90:	f7ff fbce 	bl	10000530 <next_striped_spin_lock_num>
10000d94:	f04f 4c50 	mov.w	ip, #3489660928	@ 0xd0000000
10000d98:	4b2d      	ldr	r3, [pc, #180]	@ (10000e50 <runtime_init_default_alarm_pool+0xe8>)
10000d9a:	7026      	strb	r6, [r4, #0]
10000d9c:	4403      	add	r3, r0
10000d9e:	6123      	str	r3, [r4, #16]
10000da0:	f8dc 3000 	ldr.w	r3, [ip]
10000da4:	210f      	movs	r1, #15
10000da6:	7063      	strb	r3, [r4, #1]
10000da8:	6963      	ldr	r3, [r4, #20]
10000daa:	8061      	strh	r1, [r4, #2]
10000dac:	831d      	strh	r5, [r3, #24]
10000dae:	f04f 0504 	mov.w	r5, #4
10000db2:	f8a3 5078 	strh.w	r5, [r3, #120]	@ 0x78
10000db6:	f04f 0505 	mov.w	r5, #5
10000dba:	f8a3 5090 	strh.w	r5, [r3, #144]	@ 0x90
10000dbe:	f04f 0506 	mov.w	r5, #6
10000dc2:	f8a3 50a8 	strh.w	r5, [r3, #168]	@ 0xa8
10000dc6:	f04f 0507 	mov.w	r5, #7
10000dca:	210e      	movs	r1, #14
10000dcc:	2708      	movs	r7, #8
10000dce:	f64f 72ff 	movw	r2, #65535	@ 0xffff
10000dd2:	f04f 0e0a 	mov.w	lr, #10
10000dd6:	f8a3 50c0 	strh.w	r5, [r3, #192]	@ 0xc0
10000dda:	f04f 0901 	mov.w	r9, #1
10000dde:	f04f 0c0c 	mov.w	ip, #12
10000de2:	f04f 0b02 	mov.w	fp, #2
10000de6:	f04f 0a09 	mov.w	sl, #9
10000dea:	200d      	movs	r0, #13
10000dec:	f04f 050b 	mov.w	r5, #11
10000df0:	f8a3 1168 	strh.w	r1, [r3, #360]	@ 0x168
10000df4:	4917      	ldr	r1, [pc, #92]	@ (10000e54 <runtime_init_default_alarm_pool+0xec>)
10000df6:	80a2      	strh	r2, [r4, #4]
10000df8:	f8a3 e108 	strh.w	lr, [r3, #264]	@ 0x108
10000dfc:	60a1      	str	r1, [r4, #8]
10000dfe:	f8a3 b048 	strh.w	fp, [r3, #72]	@ 0x48
10000e02:	f8a3 a0f0 	strh.w	sl, [r3, #240]	@ 0xf0
10000e06:	f8a3 5120 	strh.w	r5, [r3, #288]	@ 0x120
10000e0a:	f8a3 c138 	strh.w	ip, [r3, #312]	@ 0x138
10000e0e:	f8a3 0150 	strh.w	r0, [r3, #336]	@ 0x150
10000e12:	f8a3 9030 	strh.w	r9, [r3, #48]	@ 0x30
10000e16:	f8a3 6060 	strh.w	r6, [r3, #96]	@ 0x60
10000e1a:	f8a3 70d8 	strh.w	r7, [r3, #216]	@ 0xd8
10000e1e:	801a      	strh	r2, [r3, #0]
10000e20:	4b0d      	ldr	r3, [pc, #52]	@ (10000e58 <runtime_init_default_alarm_pool+0xf0>)
10000e22:	4630      	mov	r0, r6
10000e24:	f8c8 7020 	str.w	r7, [r8, #32]
10000e28:	490c      	ldr	r1, [pc, #48]	@ (10000e5c <runtime_init_default_alarm_pool+0xf4>)
10000e2a:	60dc      	str	r4, [r3, #12]
10000e2c:	f7ff fc14 	bl	10000658 <irq_set_exclusive_handler>
10000e30:	4649      	mov	r1, r9
10000e32:	4630      	mov	r0, r6
10000e34:	f7ff fbcc 	bl	100005d0 <irq_set_enabled>
10000e38:	4b09      	ldr	r3, [pc, #36]	@ (10000e60 <runtime_init_default_alarm_pool+0xf8>)
10000e3a:	210a      	movs	r1, #10
10000e3c:	641f      	str	r7, [r3, #64]	@ 0x40
10000e3e:	4803      	ldr	r0, [pc, #12]	@ (10000e4c <runtime_init_default_alarm_pool+0xe4>)
10000e40:	e8bd 4ff8 	ldmia.w	sp!, {r3, r4, r5, r6, r7, r8, r9, sl, fp, lr}
10000e44:	f7ff bdac 	b.w	100009a0 <lock_init>
10000e48:	20001524 	.word	0x20001524
10000e4c:	2000230c 	.word	0x2000230c
10000e50:	20001a08 	.word	0x20001a08
10000e54:	0010ffff 	.word	0x0010ffff
10000e58:	200022e4 	.word	0x200022e4
10000e5c:	10000a89 	.word	0x10000a89
10000e60:	400b2000 	.word	0x400b2000
10000e64:	400b0000 	.word	0x400b0000

10000e68 <alarm_pool_get_default>:
10000e68:	4800      	ldr	r0, [pc, #0]	@ (10000e6c <alarm_pool_get_default+0x4>)
10000e6a:	4770      	bx	lr
10000e6c:	20001524 	.word	0x20001524

10000e70 <alarm_pool_add_alarm_at>:
10000e70:	b5f8      	push	{r3, r4, r5, r6, r7, lr}
10000e72:	f89d 7020 	ldrb.w	r7, [sp, #32]
10000e76:	4604      	mov	r4, r0
10000e78:	4616      	mov	r6, r2
10000e7a:	461d      	mov	r5, r3
10000e7c:	b937      	cbnz	r7, 10000e8c <alarm_pool_add_alarm_at+0x1c>
10000e7e:	f000 f9f5 	bl	1000126c <time_us_64>
10000e82:	4286      	cmp	r6, r0
10000e84:	eb65 0101 	sbc.w	r1, r5, r1
10000e88:	2900      	cmp	r1, #0
10000e8a:	db5c      	blt.n	10000f46 <alarm_pool_add_alarm_at+0xd6>
10000e8c:	6923      	ldr	r3, [r4, #16]
10000e8e:	f3ef 8710 	mrs	r7, PRIMASK
10000e92:	b672      	cpsid	i
10000e94:	e8d3 1fcf 	ldaexb	r1, [r3]
10000e98:	2201      	movs	r2, #1
10000e9a:	2900      	cmp	r1, #0
10000e9c:	d1fa      	bne.n	10000e94 <alarm_pool_add_alarm_at+0x24>
10000e9e:	e8c3 2f41 	strexb	r1, r2, [r3]
10000ea2:	2900      	cmp	r1, #0
10000ea4:	d1f6      	bne.n	10000e94 <alarm_pool_add_alarm_at+0x24>
10000ea6:	f3bf 8f5f 	dmb	sy
10000eaa:	f9b4 c002 	ldrsh.w	ip, [r4, #2]
10000eae:	6963      	ldr	r3, [r4, #20]
10000eb0:	eb0c 014c 	add.w	r1, ip, ip, lsl #1
10000eb4:	f1bc 0f00 	cmp.w	ip, #0
10000eb8:	ea4f 02c1 	mov.w	r2, r1, lsl #3
10000ebc:	eb03 01c1 	add.w	r1, r3, r1, lsl #3
10000ec0:	db38      	blt.n	10000f34 <alarm_pool_add_alarm_at+0xc4>
10000ec2:	5a98      	ldrh	r0, [r3, r2]
10000ec4:	f04f 0e00 	mov.w	lr, #0
10000ec8:	8060      	strh	r0, [r4, #2]
10000eca:	6920      	ldr	r0, [r4, #16]
10000ecc:	e8c0 ef8f 	stlb	lr, [r0]
10000ed0:	f387 8810 	msr	PRIMASK, r7
10000ed4:	9806      	ldr	r0, [sp, #24]
10000ed6:	e9c1 6502 	strd	r6, r5, [r1, #8]
10000eda:	6108      	str	r0, [r1, #16]
10000edc:	9807      	ldr	r0, [sp, #28]
10000ede:	6148      	str	r0, [r1, #20]
10000ee0:	8848      	ldrh	r0, [r1, #2]
10000ee2:	3001      	adds	r0, #1
10000ee4:	f3c0 000e 	ubfx	r0, r0, #0, #15
10000ee8:	2801      	cmp	r0, #1
10000eea:	bf38      	it	cc
10000eec:	2001      	movcc	r0, #1
10000eee:	8048      	strh	r0, [r1, #2]
10000ef0:	ea40 400c 	orr.w	r0, r0, ip, lsl #16
10000ef4:	6921      	ldr	r1, [r4, #16]
10000ef6:	f3ef 8510 	mrs	r5, PRIMASK
10000efa:	b672      	cpsid	i
10000efc:	e8d1 7fcf 	ldaexb	r7, [r1]
10000f00:	2601      	movs	r6, #1
10000f02:	2f00      	cmp	r7, #0
10000f04:	d1fa      	bne.n	10000efc <alarm_pool_add_alarm_at+0x8c>
10000f06:	e8c1 6f47 	strexb	r7, r6, [r1]
10000f0a:	2f00      	cmp	r7, #0
10000f0c:	d1f6      	bne.n	10000efc <alarm_pool_add_alarm_at+0x8c>
10000f0e:	f3bf 8f5f 	dmb	sy
10000f12:	88a1      	ldrh	r1, [r4, #4]
10000f14:	5299      	strh	r1, [r3, r2]
10000f16:	f8a4 c004 	strh.w	ip, [r4, #4]
10000f1a:	6923      	ldr	r3, [r4, #16]
10000f1c:	e8c3 ef8f 	stlb	lr, [r3]
10000f20:	f385 8810 	msr	PRIMASK, r5
10000f24:	2201      	movs	r2, #1
10000f26:	68e3      	ldr	r3, [r4, #12]
10000f28:	7821      	ldrb	r1, [r4, #0]
10000f2a:	f503 5301 	add.w	r3, r3, #8256	@ 0x2040
10000f2e:	408a      	lsls	r2, r1
10000f30:	605a      	str	r2, [r3, #4]
10000f32:	bdf8      	pop	{r3, r4, r5, r6, r7, pc}
10000f34:	2300      	movs	r3, #0
10000f36:	6922      	ldr	r2, [r4, #16]
10000f38:	e8c2 3f8f 	stlb	r3, [r2]
10000f3c:	f387 8810 	msr	PRIMASK, r7
10000f40:	f04f 30ff 	mov.w	r0, #4294967295	@ 0xffffffff
10000f44:	bdf8      	pop	{r3, r4, r5, r6, r7, pc}
10000f46:	4638      	mov	r0, r7
10000f48:	bdf8      	pop	{r3, r4, r5, r6, r7, pc}
10000f4a:	bf00      	nop

10000f4c <alarm_pool_add_alarm_at_force_in_context>:
10000f4c:	4601      	mov	r1, r0
10000f4e:	b5f0      	push	{r4, r5, r6, r7, lr}
10000f50:	6900      	ldr	r0, [r0, #16]
10000f52:	f3ef 8710 	mrs	r7, PRIMASK
10000f56:	b672      	cpsid	i
10000f58:	e8d0 5fcf 	ldaexb	r5, [r0]
10000f5c:	2401      	movs	r4, #1
10000f5e:	2d00      	cmp	r5, #0
10000f60:	d1fa      	bne.n	10000f58 <alarm_pool_add_alarm_at_force_in_context+0xc>
10000f62:	e8c0 4f45 	strexb	r5, r4, [r0]
10000f66:	2d00      	cmp	r5, #0
10000f68:	d1f6      	bne.n	10000f58 <alarm_pool_add_alarm_at_force_in_context+0xc>
10000f6a:	f3bf 8f5f 	dmb	sy
10000f6e:	f9b1 e002 	ldrsh.w	lr, [r1, #2]
10000f72:	694c      	ldr	r4, [r1, #20]
10000f74:	eb0e 0c4e 	add.w	ip, lr, lr, lsl #1
10000f78:	f1be 0f00 	cmp.w	lr, #0
10000f7c:	ea4f 05cc 	mov.w	r5, ip, lsl #3
10000f80:	eb04 0ccc 	add.w	ip, r4, ip, lsl #3
10000f84:	db3d      	blt.n	10001002 <alarm_pool_add_alarm_at_force_in_context+0xb6>
10000f86:	5b60      	ldrh	r0, [r4, r5]
10000f88:	2600      	movs	r6, #0
10000f8a:	8048      	strh	r0, [r1, #2]
10000f8c:	6908      	ldr	r0, [r1, #16]
10000f8e:	e8c0 6f8f 	stlb	r6, [r0]
10000f92:	f387 8810 	msr	PRIMASK, r7
10000f96:	f8bc 0002 	ldrh.w	r0, [ip, #2]
10000f9a:	e9cc 2302 	strd	r2, r3, [ip, #8]
10000f9e:	3001      	adds	r0, #1
10000fa0:	f3c0 000e 	ubfx	r0, r0, #0, #15
10000fa4:	2801      	cmp	r0, #1
10000fa6:	bf38      	it	cc
10000fa8:	2001      	movcc	r0, #1
10000faa:	9b05      	ldr	r3, [sp, #20]
10000fac:	f8ac 0002 	strh.w	r0, [ip, #2]
10000fb0:	f8cc 3010 	str.w	r3, [ip, #16]
10000fb4:	9b06      	ldr	r3, [sp, #24]
10000fb6:	ea40 400e 	orr.w	r0, r0, lr, lsl #16
10000fba:	f8cc 3014 	str.w	r3, [ip, #20]
10000fbe:	690b      	ldr	r3, [r1, #16]
10000fc0:	f3ef 8210 	mrs	r2, PRIMASK
10000fc4:	b672      	cpsid	i
10000fc6:	e8d3 cfcf 	ldaexb	ip, [r3]
10000fca:	2701      	movs	r7, #1
10000fcc:	f1bc 0f00 	cmp.w	ip, #0
10000fd0:	d1f9      	bne.n	10000fc6 <alarm_pool_add_alarm_at_force_in_context+0x7a>
10000fd2:	e8c3 7f4c 	strexb	ip, r7, [r3]
10000fd6:	f1bc 0f00 	cmp.w	ip, #0
10000fda:	d1f4      	bne.n	10000fc6 <alarm_pool_add_alarm_at_force_in_context+0x7a>
10000fdc:	f3bf 8f5f 	dmb	sy
10000fe0:	888b      	ldrh	r3, [r1, #4]
10000fe2:	5363      	strh	r3, [r4, r5]
10000fe4:	f8a1 e004 	strh.w	lr, [r1, #4]
10000fe8:	690b      	ldr	r3, [r1, #16]
10000fea:	e8c3 6f8f 	stlb	r6, [r3]
10000fee:	f382 8810 	msr	PRIMASK, r2
10000ff2:	2201      	movs	r2, #1
10000ff4:	68cb      	ldr	r3, [r1, #12]
10000ff6:	7809      	ldrb	r1, [r1, #0]
10000ff8:	f503 5301 	add.w	r3, r3, #8256	@ 0x2040
10000ffc:	408a      	lsls	r2, r1
10000ffe:	605a      	str	r2, [r3, #4]
10001000:	bdf0      	pop	{r4, r5, r6, r7, pc}
10001002:	2300      	movs	r3, #0
10001004:	690a      	ldr	r2, [r1, #16]
10001006:	e8c2 3f8f 	stlb	r3, [r2]
1000100a:	f387 8810 	msr	PRIMASK, r7
1000100e:	f04f 30ff 	mov.w	r0, #4294967295	@ 0xffffffff
10001012:	bdf0      	pop	{r4, r5, r6, r7, pc}

10001014 <alarm_pool_cancel_alarm>:
10001014:	4603      	mov	r3, r0
10001016:	8940      	ldrh	r0, [r0, #10]
10001018:	ebb0 4f21 	cmp.w	r0, r1, asr #16
1000101c:	dd37      	ble.n	1000108e <alarm_pool_cancel_alarm+0x7a>
1000101e:	6958      	ldr	r0, [r3, #20]
10001020:	140a      	asrs	r2, r1, #16
10001022:	eb02 0242 	add.w	r2, r2, r2, lsl #1
10001026:	b510      	push	{r4, lr}
10001028:	eb00 00c2 	add.w	r0, r0, r2, lsl #3
1000102c:	691c      	ldr	r4, [r3, #16]
1000102e:	f3ef 8c10 	mrs	ip, PRIMASK
10001032:	b672      	cpsid	i
10001034:	e8d4 efcf 	ldaexb	lr, [r4]
10001038:	2201      	movs	r2, #1
1000103a:	f1be 0f00 	cmp.w	lr, #0
1000103e:	d1f9      	bne.n	10001034 <alarm_pool_cancel_alarm+0x20>
10001040:	e8c4 2f4e 	strexb	lr, r2, [r4]
10001044:	f1be 0f00 	cmp.w	lr, #0
10001048:	d1f4      	bne.n	10001034 <alarm_pool_cancel_alarm+0x20>
1000104a:	f3bf 8f5f 	dmb	sy
1000104e:	8842      	ldrh	r2, [r0, #2]
10001050:	b289      	uxth	r1, r1
10001052:	b292      	uxth	r2, r2
10001054:	428a      	cmp	r2, r1
10001056:	d007      	beq.n	10001068 <alarm_pool_cancel_alarm+0x54>
10001058:	2200      	movs	r2, #0
1000105a:	691b      	ldr	r3, [r3, #16]
1000105c:	e8c3 2f8f 	stlb	r2, [r3]
10001060:	f38c 8810 	msr	PRIMASK, ip
10001064:	2000      	movs	r0, #0
10001066:	bd10      	pop	{r4, pc}
10001068:	f442 4200 	orr.w	r2, r2, #32768	@ 0x8000
1000106c:	8042      	strh	r2, [r0, #2]
1000106e:	2101      	movs	r1, #1
10001070:	2200      	movs	r2, #0
10001072:	6918      	ldr	r0, [r3, #16]
10001074:	7199      	strb	r1, [r3, #6]
10001076:	e8c0 2f8f 	stlb	r2, [r0]
1000107a:	f38c 8810 	msr	PRIMASK, ip
1000107e:	781c      	ldrb	r4, [r3, #0]
10001080:	68da      	ldr	r2, [r3, #12]
10001082:	4608      	mov	r0, r1
10001084:	f502 5301 	add.w	r3, r2, #8256	@ 0x2040
10001088:	40a1      	lsls	r1, r4
1000108a:	6059      	str	r1, [r3, #4]
1000108c:	bd10      	pop	{r4, pc}
1000108e:	2000      	movs	r0, #0
10001090:	4770      	bx	lr
10001092:	bf00      	nop

10001094 <alarm_pool_core_num>:
10001094:	7840      	ldrb	r0, [r0, #1]
10001096:	4770      	bx	lr

10001098 <sleep_until>:
10001098:	e92d 41f0 	stmdb	sp!, {r4, r5, r6, r7, r8, lr}
1000109c:	1f86      	subs	r6, r0, #6
1000109e:	f141 35ff 	adc.w	r5, r1, #4294967295	@ 0xffffffff
100010a2:	42b0      	cmp	r0, r6
100010a4:	eb71 0305 	sbcs.w	r3, r1, r5
100010a8:	bf38      	it	cc
100010aa:	2600      	movcc	r6, #0
100010ac:	b082      	sub	sp, #8
100010ae:	bf38      	it	cc
100010b0:	4635      	movcc	r5, r6
100010b2:	4604      	mov	r4, r0
100010b4:	460f      	mov	r7, r1
100010b6:	f000 f8d9 	bl	1000126c <time_us_64>
100010ba:	1a30      	subs	r0, r6, r0
100010bc:	eb65 0301 	sbc.w	r3, r5, r1
100010c0:	2801      	cmp	r0, #1
100010c2:	f173 0300 	sbcs.w	r3, r3, #0
100010c6:	da06      	bge.n	100010d6 <sleep_until+0x3e>
100010c8:	4620      	mov	r0, r4
100010ca:	4639      	mov	r1, r7
100010cc:	b002      	add	sp, #8
100010ce:	e8bd 41f0 	ldmia.w	sp!, {r4, r5, r6, r7, r8, lr}
100010d2:	f000 b8d5 	b.w	10001280 <busy_wait_until>
100010d6:	f000 f8c9 	bl	1000126c <time_us_64>
100010da:	4286      	cmp	r6, r0
100010dc:	eb65 0101 	sbc.w	r1, r5, r1
100010e0:	2900      	cmp	r1, #0
100010e2:	db0a      	blt.n	100010fa <sleep_until+0x62>
100010e4:	2100      	movs	r1, #0
100010e6:	4b17      	ldr	r3, [pc, #92]	@ (10001144 <sleep_until+0xac>)
100010e8:	4632      	mov	r2, r6
100010ea:	9300      	str	r3, [sp, #0]
100010ec:	4816      	ldr	r0, [pc, #88]	@ (10001148 <sleep_until+0xb0>)
100010ee:	462b      	mov	r3, r5
100010f0:	9101      	str	r1, [sp, #4]
100010f2:	f7ff ff2b 	bl	10000f4c <alarm_pool_add_alarm_at_force_in_context>
100010f6:	2800      	cmp	r0, #0
100010f8:	dbe6      	blt.n	100010c8 <sleep_until+0x30>
100010fa:	f04f 0c00 	mov.w	ip, #0
100010fe:	4813      	ldr	r0, [pc, #76]	@ (1000114c <sleep_until+0xb4>)
10001100:	4a13      	ldr	r2, [pc, #76]	@ (10001150 <sleep_until+0xb8>)
10001102:	6a43      	ldr	r3, [r0, #36]	@ 0x24
10001104:	429d      	cmp	r5, r3
10001106:	d804      	bhi.n	10001112 <sleep_until+0x7a>
10001108:	6a81      	ldr	r1, [r0, #40]	@ 0x28
1000110a:	42b1      	cmp	r1, r6
1000110c:	d2dc      	bcs.n	100010c8 <sleep_until+0x30>
1000110e:	429d      	cmp	r5, r3
10001110:	d1da      	bne.n	100010c8 <sleep_until+0x30>
10001112:	6813      	ldr	r3, [r2, #0]
10001114:	f3ef 8110 	mrs	r1, PRIMASK
10001118:	b672      	cpsid	i
1000111a:	e8d3 8fcf 	ldaexb	r8, [r3]
1000111e:	f05f 0e01 	movs.w	lr, #1
10001122:	f1b8 0f00 	cmp.w	r8, #0
10001126:	d1f8      	bne.n	1000111a <sleep_until+0x82>
10001128:	e8c3 ef48 	strexb	r8, lr, [r3]
1000112c:	f1b8 0f00 	cmp.w	r8, #0
10001130:	d1f3      	bne.n	1000111a <sleep_until+0x82>
10001132:	f3bf 8f5f 	dmb	sy
10001136:	6813      	ldr	r3, [r2, #0]
10001138:	e8c3 cf8f 	stlb	ip, [r3]
1000113c:	f381 8810 	msr	PRIMASK, r1
10001140:	bf20      	wfe
10001142:	e7de      	b.n	10001102 <sleep_until+0x6a>
10001144:	10000a49 	.word	0x10000a49
10001148:	20001524 	.word	0x20001524
1000114c:	400b0000 	.word	0x400b0000
10001150:	2000230c 	.word	0x2000230c

10001154 <sleep_ms>:
10001154:	b510      	push	{r4, lr}
10001156:	4604      	mov	r4, r0
10001158:	f000 f888 	bl	1000126c <time_us_64>
1000115c:	f44f 737a 	mov.w	r3, #1000	@ 0x3e8
10001160:	f04f 3cff 	mov.w	ip, #4294967295	@ 0xffffffff
10001164:	f06f 4200 	mvn.w	r2, #2147483648	@ 0x80000000
10001168:	fbe4 0103 	umlal	r0, r1, r4, r3
1000116c:	e8bd 4010 	ldmia.w	sp!, {r4, lr}
10001170:	4584      	cmp	ip, r0
10001172:	eb72 0301 	sbcs.w	r3, r2, r1
10001176:	bf3c      	itt	cc
10001178:	4660      	movcc	r0, ip
1000117a:	4611      	movcc	r1, r2
1000117c:	f7ff bf8c 	b.w	10001098 <sleep_until>

10001180 <best_effort_wfe_or_timeout>:
10001180:	b5f0      	push	{r4, r5, r6, r7, lr}
10001182:	4606      	mov	r6, r0
10001184:	460d      	mov	r5, r1
10001186:	b083      	sub	sp, #12
10001188:	f3ef 8405 	mrs	r4, IPSR
1000118c:	b2e4      	uxtb	r4, r4
1000118e:	2c00      	cmp	r4, #0
10001190:	d135      	bne.n	100011fe <best_effort_wfe_or_timeout+0x7e>
10001192:	4f26      	ldr	r7, [pc, #152]	@ (1000122c <best_effort_wfe_or_timeout+0xac>)
10001194:	783a      	ldrb	r2, [r7, #0]
10001196:	68f9      	ldr	r1, [r7, #12]
10001198:	3204      	adds	r2, #4
1000119a:	6a8b      	ldr	r3, [r1, #40]	@ 0x28
1000119c:	f851 2022 	ldr.w	r2, [r1, r2, lsl #2]
100011a0:	1ad2      	subs	r2, r2, r3
100011a2:	1ac3      	subs	r3, r0, r3
100011a4:	4293      	cmp	r3, r2
100011a6:	d307      	bcc.n	100011b8 <best_effort_wfe_or_timeout+0x38>
100011a8:	bf20      	wfe
100011aa:	4b21      	ldr	r3, [pc, #132]	@ (10001230 <best_effort_wfe_or_timeout+0xb0>)
100011ac:	6a58      	ldr	r0, [r3, #36]	@ 0x24
100011ae:	4285      	cmp	r5, r0
100011b0:	d91f      	bls.n	100011f2 <best_effort_wfe_or_timeout+0x72>
100011b2:	2000      	movs	r0, #0
100011b4:	b003      	add	sp, #12
100011b6:	bdf0      	pop	{r4, r5, r6, r7, pc}
100011b8:	f000 f858 	bl	1000126c <time_us_64>
100011bc:	4286      	cmp	r6, r0
100011be:	eb65 0101 	sbc.w	r1, r5, r1
100011c2:	2900      	cmp	r1, #0
100011c4:	db11      	blt.n	100011ea <best_effort_wfe_or_timeout+0x6a>
100011c6:	4b1b      	ldr	r3, [pc, #108]	@ (10001234 <best_effort_wfe_or_timeout+0xb4>)
100011c8:	4638      	mov	r0, r7
100011ca:	e9cd 3400 	strd	r3, r4, [sp]
100011ce:	4632      	mov	r2, r6
100011d0:	462b      	mov	r3, r5
100011d2:	f7ff febb 	bl	10000f4c <alarm_pool_add_alarm_at_force_in_context>
100011d6:	1e01      	subs	r1, r0, #0
100011d8:	dd07      	ble.n	100011ea <best_effort_wfe_or_timeout+0x6a>
100011da:	4b15      	ldr	r3, [pc, #84]	@ (10001230 <best_effort_wfe_or_timeout+0xb0>)
100011dc:	6a5a      	ldr	r2, [r3, #36]	@ 0x24
100011de:	4295      	cmp	r5, r2
100011e0:	d91d      	bls.n	1000121e <best_effort_wfe_or_timeout+0x9e>
100011e2:	bf20      	wfe
100011e4:	4811      	ldr	r0, [pc, #68]	@ (1000122c <best_effort_wfe_or_timeout+0xac>)
100011e6:	f7ff ff15 	bl	10001014 <alarm_pool_cancel_alarm>
100011ea:	4b11      	ldr	r3, [pc, #68]	@ (10001230 <best_effort_wfe_or_timeout+0xb0>)
100011ec:	6a58      	ldr	r0, [r3, #36]	@ 0x24
100011ee:	4285      	cmp	r5, r0
100011f0:	d8df      	bhi.n	100011b2 <best_effort_wfe_or_timeout+0x32>
100011f2:	6a9b      	ldr	r3, [r3, #40]	@ 0x28
100011f4:	429e      	cmp	r6, r3
100011f6:	d80d      	bhi.n	10001214 <best_effort_wfe_or_timeout+0x94>
100011f8:	2001      	movs	r0, #1
100011fa:	b003      	add	sp, #12
100011fc:	bdf0      	pop	{r4, r5, r6, r7, pc}
100011fe:	4b0c      	ldr	r3, [pc, #48]	@ (10001230 <best_effort_wfe_or_timeout+0xb0>)
10001200:	6a58      	ldr	r0, [r3, #36]	@ 0x24
10001202:	4288      	cmp	r0, r1
10001204:	d3d5      	bcc.n	100011b2 <best_effort_wfe_or_timeout+0x32>
10001206:	6a9b      	ldr	r3, [r3, #40]	@ 0x28
10001208:	42b3      	cmp	r3, r6
1000120a:	d2f5      	bcs.n	100011f8 <best_effort_wfe_or_timeout+0x78>
1000120c:	1a40      	subs	r0, r0, r1
1000120e:	bf18      	it	ne
10001210:	2001      	movne	r0, #1
10001212:	e7cf      	b.n	100011b4 <best_effort_wfe_or_timeout+0x34>
10001214:	1a28      	subs	r0, r5, r0
10001216:	bf18      	it	ne
10001218:	2001      	movne	r0, #1
1000121a:	b003      	add	sp, #12
1000121c:	bdf0      	pop	{r4, r5, r6, r7, pc}
1000121e:	6a9b      	ldr	r3, [r3, #40]	@ 0x28
10001220:	429e      	cmp	r6, r3
10001222:	d9df      	bls.n	100011e4 <best_effort_wfe_or_timeout+0x64>
10001224:	4295      	cmp	r5, r2
10001226:	d1dd      	bne.n	100011e4 <best_effort_wfe_or_timeout+0x64>
10001228:	e7db      	b.n	100011e2 <best_effort_wfe_or_timeout+0x62>
1000122a:	bf00      	nop
1000122c:	20001524 	.word	0x20001524
10001230:	400b0000 	.word	0x400b0000
10001234:	10000a49 	.word	0x10000a49

10001238 <timer_hardware_alarm_claim>:
10001238:	b410      	push	{r4}
1000123a:	4b05      	ldr	r3, [pc, #20]	@ (10001250 <timer_hardware_alarm_claim+0x18>)
1000123c:	4c05      	ldr	r4, [pc, #20]	@ (10001254 <timer_hardware_alarm_claim+0x1c>)
1000123e:	4a06      	ldr	r2, [pc, #24]	@ (10001258 <timer_hardware_alarm_claim+0x20>)
10001240:	42a0      	cmp	r0, r4
10001242:	bf14      	ite	ne
10001244:	4618      	movne	r0, r3
10001246:	1c58      	addeq	r0, r3, #1
10001248:	f85d 4b04 	ldr.w	r4, [sp], #4
1000124c:	f7ff b8f6 	b.w	1000043c <hw_claim_or_assert>
10001250:	20001e70 	.word	0x20001e70
10001254:	400b8000 	.word	0x400b8000
10001258:	10006038 	.word	0x10006038

1000125c <timer_time_us_64>:
1000125c:	4603      	mov	r3, r0
1000125e:	6a41      	ldr	r1, [r0, #36]	@ 0x24
10001260:	460a      	mov	r2, r1
10001262:	6a98      	ldr	r0, [r3, #40]	@ 0x28
10001264:	6a59      	ldr	r1, [r3, #36]	@ 0x24
10001266:	428a      	cmp	r2, r1
10001268:	d1fa      	bne.n	10001260 <timer_time_us_64+0x4>
1000126a:	4770      	bx	lr

1000126c <time_us_64>:
1000126c:	4b03      	ldr	r3, [pc, #12]	@ (1000127c <time_us_64+0x10>)
1000126e:	6a59      	ldr	r1, [r3, #36]	@ 0x24
10001270:	460a      	mov	r2, r1
10001272:	6a98      	ldr	r0, [r3, #40]	@ 0x28
10001274:	6a59      	ldr	r1, [r3, #36]	@ 0x24
10001276:	4291      	cmp	r1, r2
10001278:	d1fa      	bne.n	10001270 <time_us_64+0x4>
1000127a:	4770      	bx	lr
1000127c:	400b0000 	.word	0x400b0000

10001280 <busy_wait_until>:
10001280:	4a07      	ldr	r2, [pc, #28]	@ (100012a0 <busy_wait_until+0x20>)
10001282:	6a53      	ldr	r3, [r2, #36]	@ 0x24
10001284:	4299      	cmp	r1, r3
10001286:	d8fc      	bhi.n	10001282 <busy_wait_until+0x2>
10001288:	4299      	cmp	r1, r3
1000128a:	d107      	bne.n	1000129c <busy_wait_until+0x1c>
1000128c:	4b04      	ldr	r3, [pc, #16]	@ (100012a0 <busy_wait_until+0x20>)
1000128e:	e002      	b.n	10001296 <busy_wait_until+0x16>
10001290:	6a5a      	ldr	r2, [r3, #36]	@ 0x24
10001292:	4291      	cmp	r1, r2
10001294:	d102      	bne.n	1000129c <busy_wait_until+0x1c>
10001296:	6a9a      	ldr	r2, [r3, #40]	@ 0x28
10001298:	4282      	cmp	r2, r0
1000129a:	d3f9      	bcc.n	10001290 <busy_wait_until+0x10>
1000129c:	4770      	bx	lr
1000129e:	bf00      	nop
100012a0:	400b0000 	.word	0x400b0000

100012a4 <clock_configure_undivided>:
100012a4:	eb00 0c40 	add.w	ip, r0, r0, lsl #1
100012a8:	ea4f 0c8c 	mov.w	ip, ip, lsl #2
100012ac:	f10c 4c80 	add.w	ip, ip, #1073741824	@ 0x40000000
100012b0:	f50c 3c80 	add.w	ip, ip, #65536	@ 0x10000
100012b4:	b5f0      	push	{r4, r5, r6, r7, lr}
100012b6:	4616      	mov	r6, r2
100012b8:	f8dc 2004 	ldr.w	r2, [ip, #4]
100012bc:	1f05      	subs	r5, r0, #4
100012be:	f5b2 3f80 	cmp.w	r2, #65536	@ 0x10000
100012c2:	bf38      	it	cc
100012c4:	f44f 3280 	movcc.w	r2, #65536	@ 0x10000
100012c8:	b2ed      	uxtb	r5, r5
100012ca:	bf38      	it	cc
100012cc:	f8cc 2004 	strcc.w	r2, [ip, #4]
100012d0:	2d01      	cmp	r5, #1
100012d2:	d92a      	bls.n	1000132a <clock_configure_undivided+0x86>
100012d4:	f44f 6700 	mov.w	r7, #2048	@ 0x800
100012d8:	4c25      	ldr	r4, [pc, #148]	@ (10001370 <clock_configure_undivided+0xcc>)
100012da:	f50c 5240 	add.w	r2, ip, #12288	@ 0x3000
100012de:	6017      	str	r7, [r2, #0]
100012e0:	f854 2020 	ldr.w	r2, [r4, r0, lsl #2]
100012e4:	b9b2      	cbnz	r2, 10001314 <clock_configure_undivided+0x70>
100012e6:	f8dc 2000 	ldr.w	r2, [ip]
100012ea:	2d01      	cmp	r5, #1
100012ec:	ea82 1246 	eor.w	r2, r2, r6, lsl #5
100012f0:	f002 02e0 	and.w	r2, r2, #224	@ 0xe0
100012f4:	f50c 5680 	add.w	r6, ip, #4096	@ 0x1000
100012f8:	6032      	str	r2, [r6, #0]
100012fa:	d92a      	bls.n	10001352 <clock_configure_undivided+0xae>
100012fc:	f44f 6100 	mov.w	r1, #2048	@ 0x800
10001300:	f844 3020 	str.w	r3, [r4, r0, lsl #2]
10001304:	f44f 3380 	mov.w	r3, #65536	@ 0x10000
10001308:	f50c 5200 	add.w	r2, ip, #8192	@ 0x2000
1000130c:	6011      	str	r1, [r2, #0]
1000130e:	f8cc 3004 	str.w	r3, [ip, #4]
10001312:	bdf0      	pop	{r4, r5, r6, r7, pc}
10001314:	6967      	ldr	r7, [r4, #20]
10001316:	fbb7 fef2 	udiv	lr, r7, r2
1000131a:	f10e 0e01 	add.w	lr, lr, #1
1000131e:	eb0e 0e4e 	add.w	lr, lr, lr, lsl #1
10001322:	f1be 0e03 	subs.w	lr, lr, #3
10001326:	d2fc      	bcs.n	10001322 <clock_configure_undivided+0x7e>
10001328:	e7dd      	b.n	100012e6 <clock_configure_undivided+0x42>
1000132a:	2901      	cmp	r1, #1
1000132c:	d1d2      	bne.n	100012d4 <clock_configure_undivided+0x30>
1000132e:	2403      	movs	r4, #3
10001330:	f50c 5240 	add.w	r2, ip, #12288	@ 0x3000
10001334:	6014      	str	r4, [r2, #0]
10001336:	f8dc 2008 	ldr.w	r2, [ip, #8]
1000133a:	07d2      	lsls	r2, r2, #31
1000133c:	d5fb      	bpl.n	10001336 <clock_configure_undivided+0x92>
1000133e:	f8dc 2000 	ldr.w	r2, [ip]
10001342:	4c0b      	ldr	r4, [pc, #44]	@ (10001370 <clock_configure_undivided+0xcc>)
10001344:	ea82 1246 	eor.w	r2, r2, r6, lsl #5
10001348:	f002 02e0 	and.w	r2, r2, #224	@ 0xe0
1000134c:	f50c 5680 	add.w	r6, ip, #4096	@ 0x1000
10001350:	6032      	str	r2, [r6, #0]
10001352:	2201      	movs	r2, #1
10001354:	f8dc 5000 	ldr.w	r5, [ip]
10001358:	404d      	eors	r5, r1
1000135a:	f005 0503 	and.w	r5, r5, #3
1000135e:	6035      	str	r5, [r6, #0]
10001360:	fa02 f101 	lsl.w	r1, r2, r1
10001364:	f8dc 2008 	ldr.w	r2, [ip, #8]
10001368:	420a      	tst	r2, r1
1000136a:	d0fb      	beq.n	10001364 <clock_configure_undivided+0xc0>
1000136c:	e7c6      	b.n	100012fc <clock_configure_undivided+0x58>
1000136e:	bf00      	nop
10001370:	20001e74 	.word	0x20001e74

10001374 <clock_get_hz>:
10001374:	4b01      	ldr	r3, [pc, #4]	@ (1000137c <clock_get_hz+0x8>)
10001376:	f853 0020 	ldr.w	r0, [r3, r0, lsl #2]
1000137a:	4770      	bx	lr
1000137c:	20001e74 	.word	0x20001e74

10001380 <pll_init>:
10001380:	b470      	push	{r4, r5, r6}
10001382:	9d03      	ldr	r5, [sp, #12]
10001384:	6804      	ldr	r4, [r0, #0]
10001386:	032d      	lsls	r5, r5, #12
10001388:	ea45 4503 	orr.w	r5, r5, r3, lsl #16
1000138c:	4b1b      	ldr	r3, [pc, #108]	@ (100013fc <pll_init+0x7c>)
1000138e:	2c00      	cmp	r4, #0
10001390:	fbb3 f3f1 	udiv	r3, r3, r1
10001394:	fbb2 f6f3 	udiv	r6, r2, r3
10001398:	db1f      	blt.n	100013da <pll_init+0x5a>
1000139a:	4a19      	ldr	r2, [pc, #100]	@ (10001400 <pll_init+0x80>)
1000139c:	4b19      	ldr	r3, [pc, #100]	@ (10001404 <pll_init+0x84>)
1000139e:	4290      	cmp	r0, r2
100013a0:	bf0c      	ite	eq
100013a2:	f44f 4200 	moveq.w	r2, #32768	@ 0x8000
100013a6:	f44f 4280 	movne.w	r2, #16384	@ 0x4000
100013aa:	4c17      	ldr	r4, [pc, #92]	@ (10001408 <pll_init+0x88>)
100013ac:	601a      	str	r2, [r3, #0]
100013ae:	f503 5380 	add.w	r3, r3, #4096	@ 0x1000
100013b2:	601a      	str	r2, [r3, #0]
100013b4:	68a3      	ldr	r3, [r4, #8]
100013b6:	ea32 0303 	bics.w	r3, r2, r3
100013ba:	d1fb      	bne.n	100013b4 <pll_init+0x34>
100013bc:	2221      	movs	r2, #33	@ 0x21
100013be:	f500 5340 	add.w	r3, r0, #12288	@ 0x3000
100013c2:	3304      	adds	r3, #4
100013c4:	6001      	str	r1, [r0, #0]
100013c6:	6086      	str	r6, [r0, #8]
100013c8:	601a      	str	r2, [r3, #0]
100013ca:	6802      	ldr	r2, [r0, #0]
100013cc:	2a00      	cmp	r2, #0
100013ce:	dafc      	bge.n	100013ca <pll_init+0x4a>
100013d0:	2208      	movs	r2, #8
100013d2:	60c5      	str	r5, [r0, #12]
100013d4:	601a      	str	r2, [r3, #0]
100013d6:	bc70      	pop	{r4, r5, r6}
100013d8:	4770      	bx	lr
100013da:	6803      	ldr	r3, [r0, #0]
100013dc:	f003 033f 	and.w	r3, r3, #63	@ 0x3f
100013e0:	428b      	cmp	r3, r1
100013e2:	d1da      	bne.n	1000139a <pll_init+0x1a>
100013e4:	6883      	ldr	r3, [r0, #8]
100013e6:	f3c3 030b 	ubfx	r3, r3, #0, #12
100013ea:	42b3      	cmp	r3, r6
100013ec:	d1d5      	bne.n	1000139a <pll_init+0x1a>
100013ee:	68c3      	ldr	r3, [r0, #12]
100013f0:	f403 23ee 	and.w	r3, r3, #487424	@ 0x77000
100013f4:	42ab      	cmp	r3, r5
100013f6:	d1d0      	bne.n	1000139a <pll_init+0x1a>
100013f8:	e7ed      	b.n	100013d6 <pll_init+0x56>
100013fa:	bf00      	nop
100013fc:	00b71b00 	.word	0x00b71b00
10001400:	40058000 	.word	0x40058000
10001404:	40022000 	.word	0x40022000
10001408:	40020000 	.word	0x40020000

1000140c <watchdog_reboot>:
1000140c:	b430      	push	{r4, r5}
1000140e:	f04f 4480 	mov.w	r4, #1073741824	@ 0x40000000
10001412:	4b1c      	ldr	r3, [pc, #112]	@ (10001484 <watchdog_reboot+0x78>)
10001414:	601c      	str	r4, [r3, #0]
10001416:	b1e0      	cbz	r0, 10001452 <watchdog_reboot+0x46>
10001418:	4c1b      	ldr	r4, [pc, #108]	@ (10001488 <watchdog_reboot+0x7c>)
1000141a:	f5a3 5340 	sub.w	r3, r3, #12288	@ 0x3000
1000141e:	61dc      	str	r4, [r3, #28]
10001420:	4c1a      	ldr	r4, [pc, #104]	@ (1000148c <watchdog_reboot+0x80>)
10001422:	f040 0001 	orr.w	r0, r0, #1
10001426:	4044      	eors	r4, r0
10001428:	621c      	str	r4, [r3, #32]
1000142a:	6259      	str	r1, [r3, #36]	@ 0x24
1000142c:	6298      	str	r0, [r3, #40]	@ 0x28
1000142e:	f04f 4580 	mov.w	r5, #1073741824	@ 0x40000000
10001432:	f04f 61e0 	mov.w	r1, #117440512	@ 0x7000000
10001436:	4b13      	ldr	r3, [pc, #76]	@ (10001484 <watchdog_reboot+0x78>)
10001438:	4815      	ldr	r0, [pc, #84]	@ (10001490 <watchdog_reboot+0x84>)
1000143a:	4c16      	ldr	r4, [pc, #88]	@ (10001494 <watchdog_reboot+0x88>)
1000143c:	601d      	str	r5, [r3, #0]
1000143e:	6084      	str	r4, [r0, #8]
10001440:	6019      	str	r1, [r3, #0]
10001442:	b94a      	cbnz	r2, 10001458 <watchdog_reboot+0x4c>
10001444:	bc30      	pop	{r4, r5}
10001446:	f04f 4200 	mov.w	r2, #2147483648	@ 0x80000000
1000144a:	f5a3 5380 	sub.w	r3, r3, #4096	@ 0x1000
1000144e:	601a      	str	r2, [r3, #0]
10001450:	4770      	bx	lr
10001452:	4b11      	ldr	r3, [pc, #68]	@ (10001498 <watchdog_reboot+0x8c>)
10001454:	61d8      	str	r0, [r3, #28]
10001456:	e7ea      	b.n	1000142e <watchdog_reboot+0x22>
10001458:	f44f 737a 	mov.w	r3, #1000	@ 0x3e8
1000145c:	fb03 f202 	mul.w	r2, r3, r2
10001460:	f1b2 7f80 	cmp.w	r2, #16777216	@ 0x1000000
10001464:	bf2a      	itet	cs
10001466:	f06f 437f 	mvncs.w	r3, #4278190080	@ 0xff000000
1000146a:	4613      	movcc	r3, r2
1000146c:	461a      	movcs	r2, r3
1000146e:	f04f 4180 	mov.w	r1, #1073741824	@ 0x40000000
10001472:	4c0a      	ldr	r4, [pc, #40]	@ (1000149c <watchdog_reboot+0x90>)
10001474:	4808      	ldr	r0, [pc, #32]	@ (10001498 <watchdog_reboot+0x8c>)
10001476:	6023      	str	r3, [r4, #0]
10001478:	4b09      	ldr	r3, [pc, #36]	@ (100014a0 <watchdog_reboot+0x94>)
1000147a:	6042      	str	r2, [r0, #4]
1000147c:	bc30      	pop	{r4, r5}
1000147e:	6019      	str	r1, [r3, #0]
10001480:	4770      	bx	lr
10001482:	bf00      	nop
10001484:	400db000 	.word	0x400db000
10001488:	b007c0d3 	.word	0xb007c0d3
1000148c:	4ff83f2d 	.word	0x4ff83f2d
10001490:	4001a000 	.word	0x4001a000
10001494:	01fffff3 	.word	0x01fffff3
10001498:	400d8000 	.word	0x400d8000
1000149c:	200022d4 	.word	0x200022d4
100014a0:	400da000 	.word	0x400da000

100014a4 <tick_start>:
100014a4:	2301      	movs	r3, #1
100014a6:	eb00 0040 	add.w	r0, r0, r0, lsl #1
100014aa:	0080      	lsls	r0, r0, #2
100014ac:	f100 4080 	add.w	r0, r0, #1073741824	@ 0x40000000
100014b0:	f500 1084 	add.w	r0, r0, #1081344	@ 0x108000
100014b4:	6041      	str	r1, [r0, #4]
100014b6:	6003      	str	r3, [r0, #0]
100014b8:	4770      	bx	lr
100014ba:	bf00      	nop

100014bc <rom_reboot.constprop.0.isra.0>:
100014bc:	2300      	movs	r3, #0
100014be:	b570      	push	{r4, r5, r6, lr}
100014c0:	8adb      	ldrh	r3, [r3, #22]
100014c2:	4604      	mov	r4, r0
100014c4:	460d      	mov	r5, r1
100014c6:	2200      	movs	r2, #0
100014c8:	e842 f200 	tt	r2, r2
100014cc:	0252      	lsls	r2, r2, #9
100014ce:	bf54      	ite	pl
100014d0:	2110      	movpl	r1, #16
100014d2:	2104      	movmi	r1, #4
100014d4:	f244 2052 	movw	r0, #16978	@ 0x4252
100014d8:	4798      	blx	r3
100014da:	4686      	mov	lr, r0
100014dc:	462b      	mov	r3, r5
100014de:	4622      	mov	r2, r4
100014e0:	46f4      	mov	ip, lr
100014e2:	e8bd 4070 	ldmia.w	sp!, {r4, r5, r6, lr}
100014e6:	210a      	movs	r1, #10
100014e8:	f44f 7081 	mov.w	r0, #258	@ 0x102
100014ec:	4760      	bx	ip
100014ee:	bf00      	nop

100014f0 <rom_func_lookup>:
100014f0:	2300      	movs	r3, #0
100014f2:	8adb      	ldrh	r3, [r3, #22]
100014f4:	2200      	movs	r2, #0
100014f6:	e842 f200 	tt	r2, r2
100014fa:	0252      	lsls	r2, r2, #9
100014fc:	d401      	bmi.n	10001502 <rom_func_lookup+0x12>
100014fe:	2110      	movs	r1, #16
10001500:	4718      	bx	r3
10001502:	2104      	movs	r1, #4
10001504:	4718      	bx	r3
10001506:	bf00      	nop

10001508 <rom_reset_usb_boot_extra>:
10001508:	b508      	push	{r3, lr}
1000150a:	4603      	mov	r3, r0
1000150c:	4608      	mov	r0, r1
1000150e:	1e19      	subs	r1, r3, #0
10001510:	db02      	blt.n	10001518 <rom_reset_usb_boot_extra+0x10>
10001512:	b11a      	cbz	r2, 1000151c <rom_reset_usb_boot_extra+0x14>
10001514:	f040 0030 	orr.w	r0, r0, #48	@ 0x30
10001518:	f7ff ffd0 	bl	100014bc <rom_reboot.constprop.0.isra.0>
1000151c:	f040 0020 	orr.w	r0, r0, #32
10001520:	e7fa      	b.n	10001518 <rom_reset_usb_boot_extra+0x10>
10001522:	bf00      	nop

10001524 <runtime_init_bootrom_locking_enable>:
10001524:	4a03      	ldr	r2, [pc, #12]	@ (10001534 <runtime_init_bootrom_locking_enable+0x10>)
10001526:	f8d2 3828 	ldr.w	r3, [r2, #2088]	@ 0x828
1000152a:	2b00      	cmp	r3, #0
1000152c:	d0fb      	beq.n	10001526 <runtime_init_bootrom_locking_enable+0x2>
1000152e:	f3bf 8f5f 	dmb	sy
10001532:	4770      	bx	lr
10001534:	400e0000 	.word	0x400e0000

10001538 <runtime_init_boot_locks_reset>:
10001538:	2100      	movs	r1, #0
1000153a:	4b04      	ldr	r3, [pc, #16]	@ (1000154c <runtime_init_boot_locks_reset+0x14>)
1000153c:	4a04      	ldr	r2, [pc, #16]	@ (10001550 <runtime_init_boot_locks_reset+0x18>)
1000153e:	f3bf 8f5f 	dmb	sy
10001542:	f843 1b04 	str.w	r1, [r3], #4
10001546:	4293      	cmp	r3, r2
10001548:	d1f9      	bne.n	1000153e <runtime_init_boot_locks_reset+0x6>
1000154a:	4770      	bx	lr
1000154c:	400e080c 	.word	0x400e080c
10001550:	400e082c 	.word	0x400e082c

10001554 <xosc_init>:
10001554:	b410      	push	{r4}
10001556:	202f      	movs	r0, #47	@ 0x2f
10001558:	f44f 642a 	mov.w	r4, #2720	@ 0xaa0
1000155c:	4a05      	ldr	r2, [pc, #20]	@ (10001574 <xosc_init+0x20>)
1000155e:	4b06      	ldr	r3, [pc, #24]	@ (10001578 <xosc_init+0x24>)
10001560:	4906      	ldr	r1, [pc, #24]	@ (1000157c <xosc_init+0x28>)
10001562:	6014      	str	r4, [r2, #0]
10001564:	60d0      	str	r0, [r2, #12]
10001566:	6019      	str	r1, [r3, #0]
10001568:	6853      	ldr	r3, [r2, #4]
1000156a:	2b00      	cmp	r3, #0
1000156c:	dafc      	bge.n	10001568 <xosc_init+0x14>
1000156e:	f85d 4b04 	ldr.w	r4, [sp], #4
10001572:	4770      	bx	lr
10001574:	40048000 	.word	0x40048000
10001578:	4004a000 	.word	0x4004a000
1000157c:	00fab000 	.word	0x00fab000

10001580 <first_per_core_initializer>:
10001580:	4770      	bx	lr
10001582:	bf00      	nop

10001584 <hard_assertion_failure>:
10001584:	b508      	push	{r3, lr}
10001586:	4801      	ldr	r0, [pc, #4]	@ (1000158c <hard_assertion_failure+0x8>)
10001588:	f7fe ff24 	bl	100003d4 <panic>
1000158c:	1000605c 	.word	0x1000605c

10001590 <runtime_run_initializers>:
10001590:	b538      	push	{r3, r4, r5, lr}
10001592:	4c05      	ldr	r4, [pc, #20]	@ (100015a8 <runtime_run_initializers+0x18>)
10001594:	4d05      	ldr	r5, [pc, #20]	@ (100015ac <runtime_run_initializers+0x1c>)
10001596:	42ac      	cmp	r4, r5
10001598:	d204      	bcs.n	100015a4 <runtime_run_initializers+0x14>
1000159a:	f854 3b04 	ldr.w	r3, [r4], #4
1000159e:	4798      	blx	r3
100015a0:	42ac      	cmp	r4, r5
100015a2:	d3fa      	bcc.n	1000159a <runtime_run_initializers+0xa>
100015a4:	bd38      	pop	{r3, r4, r5, pc}
100015a6:	bf00      	nop
100015a8:	10005f68 	.word	0x10005f68
100015ac:	10005fa8 	.word	0x10005fa8

100015b0 <runtime_init_early_resets>:
100015b0:	b410      	push	{r4}
100015b2:	4807      	ldr	r0, [pc, #28]	@ (100015d0 <runtime_init_early_resets+0x20>)
100015b4:	4c07      	ldr	r4, [pc, #28]	@ (100015d4 <runtime_init_early_resets+0x24>)
100015b6:	4b08      	ldr	r3, [pc, #32]	@ (100015d8 <runtime_init_early_resets+0x28>)
100015b8:	4a08      	ldr	r2, [pc, #32]	@ (100015dc <runtime_init_early_resets+0x2c>)
100015ba:	4909      	ldr	r1, [pc, #36]	@ (100015e0 <runtime_init_early_resets+0x30>)
100015bc:	6004      	str	r4, [r0, #0]
100015be:	601a      	str	r2, [r3, #0]
100015c0:	688b      	ldr	r3, [r1, #8]
100015c2:	ea32 0303 	bics.w	r3, r2, r3
100015c6:	d1fb      	bne.n	100015c0 <runtime_init_early_resets+0x10>
100015c8:	f85d 4b04 	ldr.w	r4, [sp], #4
100015cc:	4770      	bx	lr
100015ce:	bf00      	nop
100015d0:	40022000 	.word	0x40022000
100015d4:	efef3b7f 	.word	0xefef3b7f
100015d8:	40023000 	.word	0x40023000
100015dc:	03f3fff6 	.word	0x03f3fff6
100015e0:	40020000 	.word	0x40020000

100015e4 <runtime_init_usb_power_down>:
100015e4:	4b04      	ldr	r3, [pc, #16]	@ (100015f8 <runtime_init_usb_power_down+0x14>)
100015e6:	6cdb      	ldr	r3, [r3, #76]	@ 0x4c
100015e8:	f5b3 4f00 	cmp.w	r3, #32768	@ 0x8000
100015ec:	d103      	bne.n	100015f6 <runtime_init_usb_power_down+0x12>
100015ee:	f44f 2280 	mov.w	r2, #262144	@ 0x40000
100015f2:	4b02      	ldr	r3, [pc, #8]	@ (100015fc <runtime_init_usb_power_down+0x18>)
100015f4:	64da      	str	r2, [r3, #76]	@ 0x4c
100015f6:	4770      	bx	lr
100015f8:	50110000 	.word	0x50110000
100015fc:	50112000 	.word	0x50112000

10001600 <runtime_init_per_core_enable_coprocessors>:
10001600:	f04f 22e0 	mov.w	r2, #3758153728	@ 0xe000e000
10001604:	4b04      	ldr	r3, [pc, #16]	@ (10001618 <runtime_init_per_core_enable_coprocessors+0x18>)
10001606:	f8d2 1d88 	ldr.w	r1, [r2, #3464]	@ 0xd88
1000160a:	430b      	orrs	r3, r1
1000160c:	f8c2 3d88 	str.w	r3, [r2, #3464]	@ 0xd88
10001610:	ee10 0430 	dcp_rcmp r0
10001614:	4770      	bx	lr
10001616:	bf00      	nop
10001618:	00300303 	.word	0x00300303

1000161c <runtime_init_post_clock_resets>:
1000161c:	f06f 4160 	mvn.w	r1, #3758096384	@ 0xe0000000
10001620:	4b04      	ldr	r3, [pc, #16]	@ (10001634 <runtime_init_post_clock_resets+0x18>)
10001622:	4a05      	ldr	r2, [pc, #20]	@ (10001638 <runtime_init_post_clock_resets+0x1c>)
10001624:	6019      	str	r1, [r3, #0]
10001626:	6893      	ldr	r3, [r2, #8]
10001628:	43db      	mvns	r3, r3
1000162a:	f033 4360 	bics.w	r3, r3, #3758096384	@ 0xe0000000
1000162e:	d1fa      	bne.n	10001626 <runtime_init_post_clock_resets+0xa>
10001630:	4770      	bx	lr
10001632:	bf00      	nop
10001634:	40023000 	.word	0x40023000
10001638:	40020000 	.word	0x40020000

1000163c <runtime_init_bootrom_reset>:
1000163c:	b510      	push	{r4, lr}
1000163e:	f245 2053 	movw	r0, #21075	@ 0x5253
10001642:	f7ff ff55 	bl	100014f0 <rom_func_lookup>
10001646:	e8bd 4010 	ldmia.w	sp!, {r4, lr}
1000164a:	4603      	mov	r3, r0
1000164c:	2004      	movs	r0, #4
1000164e:	4718      	bx	r3

10001650 <runtime_init_per_core_bootrom_reset>:
10001650:	b510      	push	{r4, lr}
10001652:	f245 2053 	movw	r0, #21075	@ 0x5253
10001656:	f7ff ff4b 	bl	100014f0 <rom_func_lookup>
1000165a:	e8bd 4010 	ldmia.w	sp!, {r4, lr}
1000165e:	4603      	mov	r3, r0
10001660:	2001      	movs	r0, #1
10001662:	4718      	bx	r3

10001664 <runtime_init_spin_locks_reset>:
10001664:	f7fe bf88 	b.w	10000578 <spin_locks_reset>

10001668 <runtime_init_install_ram_vector_table>:
10001668:	b510      	push	{r4, lr}
1000166a:	4b05      	ldr	r3, [pc, #20]	@ (10001680 <runtime_init_install_ram_vector_table+0x18>)
1000166c:	4c05      	ldr	r4, [pc, #20]	@ (10001684 <runtime_init_install_ram_vector_table+0x1c>)
1000166e:	f44f 7288 	mov.w	r2, #272	@ 0x110
10001672:	4618      	mov	r0, r3
10001674:	68a1      	ldr	r1, [r4, #8]
10001676:	f004 fb51 	bl	10005d1c <memcpy>
1000167a:	60a0      	str	r0, [r4, #8]
1000167c:	bd10      	pop	{r4, pc}
1000167e:	bf00      	nop
10001680:	20000000 	.word	0x20000000
10001684:	e000ed00 	.word	0xe000ed00

10001688 <runtime_init_clocks>:
10001688:	2300      	movs	r3, #0
1000168a:	b5f0      	push	{r4, r5, r6, r7, lr}
1000168c:	4c2b      	ldr	r4, [pc, #172]	@ (1000173c <runtime_init_clocks+0xb4>)
1000168e:	b083      	sub	sp, #12
10001690:	f8c4 3084 	str.w	r3, [r4, #132]	@ 0x84
10001694:	f7ff ff5e 	bl	10001554 <xosc_init>
10001698:	2201      	movs	r2, #1
1000169a:	4b29      	ldr	r3, [pc, #164]	@ (10001740 <runtime_init_clocks+0xb8>)
1000169c:	63da      	str	r2, [r3, #60]	@ 0x3c
1000169e:	6c63      	ldr	r3, [r4, #68]	@ 0x44
100016a0:	2b01      	cmp	r3, #1
100016a2:	d1fc      	bne.n	1000169e <runtime_init_clocks+0x16>
100016a4:	2103      	movs	r1, #3
100016a6:	4a26      	ldr	r2, [pc, #152]	@ (10001740 <runtime_init_clocks+0xb8>)
100016a8:	4b24      	ldr	r3, [pc, #144]	@ (1000173c <runtime_init_clocks+0xb4>)
100016aa:	6311      	str	r1, [r2, #48]	@ 0x30
100016ac:	6b9d      	ldr	r5, [r3, #56]	@ 0x38
100016ae:	2d01      	cmp	r5, #1
100016b0:	d1fc      	bne.n	100016ac <runtime_init_clocks+0x24>
100016b2:	2305      	movs	r3, #5
100016b4:	2702      	movs	r7, #2
100016b6:	461e      	mov	r6, r3
100016b8:	2400      	movs	r4, #0
100016ba:	4629      	mov	r1, r5
100016bc:	4a21      	ldr	r2, [pc, #132]	@ (10001744 <runtime_init_clocks+0xbc>)
100016be:	4822      	ldr	r0, [pc, #136]	@ (10001748 <runtime_init_clocks+0xc0>)
100016c0:	9700      	str	r7, [sp, #0]
100016c2:	f7ff fe5d 	bl	10001380 <pll_init>
100016c6:	4629      	mov	r1, r5
100016c8:	4633      	mov	r3, r6
100016ca:	4a20      	ldr	r2, [pc, #128]	@ (1000174c <runtime_init_clocks+0xc4>)
100016cc:	4820      	ldr	r0, [pc, #128]	@ (10001750 <runtime_init_clocks+0xc8>)
100016ce:	9600      	str	r6, [sp, #0]
100016d0:	f7ff fe56 	bl	10001380 <pll_init>
100016d4:	4639      	mov	r1, r7
100016d6:	4622      	mov	r2, r4
100016d8:	2004      	movs	r0, #4
100016da:	4b1e      	ldr	r3, [pc, #120]	@ (10001754 <runtime_init_clocks+0xcc>)
100016dc:	f7ff fde2 	bl	100012a4 <clock_configure_undivided>
100016e0:	4629      	mov	r1, r5
100016e2:	4622      	mov	r2, r4
100016e4:	4630      	mov	r0, r6
100016e6:	4b1c      	ldr	r3, [pc, #112]	@ (10001758 <runtime_init_clocks+0xd0>)
100016e8:	f7ff fddc 	bl	100012a4 <clock_configure_undivided>
100016ec:	4622      	mov	r2, r4
100016ee:	2008      	movs	r0, #8
100016f0:	4621      	mov	r1, r4
100016f2:	4b1a      	ldr	r3, [pc, #104]	@ (1000175c <runtime_init_clocks+0xd4>)
100016f4:	f7ff fdd6 	bl	100012a4 <clock_configure_undivided>
100016f8:	4622      	mov	r2, r4
100016fa:	2009      	movs	r0, #9
100016fc:	4621      	mov	r1, r4
100016fe:	4b17      	ldr	r3, [pc, #92]	@ (1000175c <runtime_init_clocks+0xd4>)
10001700:	f7ff fdd0 	bl	100012a4 <clock_configure_undivided>
10001704:	4622      	mov	r2, r4
10001706:	2006      	movs	r0, #6
10001708:	4621      	mov	r1, r4
1000170a:	4b13      	ldr	r3, [pc, #76]	@ (10001758 <runtime_init_clocks+0xd0>)
1000170c:	f7ff fdca 	bl	100012a4 <clock_configure_undivided>
10001710:	4b11      	ldr	r3, [pc, #68]	@ (10001758 <runtime_init_clocks+0xd0>)
10001712:	4622      	mov	r2, r4
10001714:	2007      	movs	r0, #7
10001716:	4621      	mov	r1, r4
10001718:	f7ff fdc4 	bl	100012a4 <clock_configure_undivided>
1000171c:	2004      	movs	r0, #4
1000171e:	f7ff fe29 	bl	10001374 <clock_get_hz>
10001722:	4b0f      	ldr	r3, [pc, #60]	@ (10001760 <runtime_init_clocks+0xd8>)
10001724:	fba3 3500 	umull	r3, r5, r3, r0
10001728:	0cad      	lsrs	r5, r5, #18
1000172a:	b2e0      	uxtb	r0, r4
1000172c:	4629      	mov	r1, r5
1000172e:	3401      	adds	r4, #1
10001730:	f7ff feb8 	bl	100014a4 <tick_start>
10001734:	2c06      	cmp	r4, #6
10001736:	d1f8      	bne.n	1000172a <runtime_init_clocks+0xa2>
10001738:	b003      	add	sp, #12
1000173a:	bdf0      	pop	{r4, r5, r6, r7, pc}
1000173c:	40010000 	.word	0x40010000
10001740:	40013000 	.word	0x40013000
10001744:	59682f00 	.word	0x59682f00
10001748:	40050000 	.word	0x40050000
1000174c:	47868c00 	.word	0x47868c00
10001750:	40058000 	.word	0x40058000
10001754:	00b71b00 	.word	0x00b71b00
10001758:	08f0d180 	.word	0x08f0d180
1000175c:	02dc6c00 	.word	0x02dc6c00
10001760:	431bde83 	.word	0x431bde83

10001764 <generic_save_state>:
10001764:	b086      	sub	sp, #24
10001766:	b403      	push	{r0, r1}
10001768:	fc51 0408 	dcp_pxmd r0, r1
1000176c:	e9cd 0102 	strd	r0, r1, [sp, #8]
10001770:	fc51 0409 	dcp_pymd r0, r1
10001774:	e9cd 0104 	strd	r0, r1, [sp, #16]
10001778:	ec51 040a 	dcp_refd r0, r1
1000177c:	e9cd 0106 	strd	r0, r1, [sp, #24]
10001780:	bc03      	pop	{r0, r1}
10001782:	47f0      	blx	lr

10001784 <generic_restore_state>:
10001784:	e8bd 5000 	ldmia.w	sp!, {ip, lr}
10001788:	ec4e c400 	dcp_wxmd ip, lr
1000178c:	e8bd 5000 	ldmia.w	sp!, {ip, lr}
10001790:	ec4e c401 	dcp_wymd ip, lr
10001794:	e8bd 5000 	ldmia.w	sp!, {ip, lr}
10001798:	ec4e c402 	dcp_wefd ip, lr
1000179c:	bd00      	pop	{pc}
1000179e:	0000      	movs	r0, r0
100017a0:	b500      	push	{lr}
100017a2:	f7ff ffdf 	bl	10001764 <generic_save_state>
100017a6:	e002      	b.n	100017ae <__wrap___aeabi_dadd+0x6>

100017a8 <__wrap___aeabi_dadd>:
100017a8:	fe10 f430 	dcp_pcmp APSR_nzcv
100017ac:	d4f8      	bmi.n	100017a0 <generic_restore_state+0x1c>
100017ae:	ec41 0410 	dcp_wxup r0, r1
100017b2:	ec43 2411 	dcp_wyup r2, r3
100017b6:	ee00 0401 	dcp_add0
100017ba:	ee10 0401 	dcp_add1
100017be:	ee80 0420 	dcp_nrdd
100017c2:	ec51 0410 	dcp_rdda r0, r1
100017c6:	4770      	bx	lr
100017c8:	b500      	push	{lr}
100017ca:	f7ff ffcb 	bl	10001764 <generic_save_state>
100017ce:	e002      	b.n	100017d6 <__wrap___aeabi_dsub+0x6>

100017d0 <__wrap___aeabi_dsub>:
100017d0:	fe10 f430 	dcp_pcmp APSR_nzcv
100017d4:	d4f8      	bmi.n	100017c8 <__wrap___aeabi_dadd+0x20>
100017d6:	ec41 0410 	dcp_wxup r0, r1
100017da:	ec43 2411 	dcp_wyup r2, r3
100017de:	ee00 0401 	dcp_add0
100017e2:	ee10 0421 	dcp_sub1
100017e6:	ee80 0420 	dcp_nrdd
100017ea:	ec51 0430 	dcp_rdds r0, r1
100017ee:	4770      	bx	lr
100017f0:	b500      	push	{lr}
100017f2:	f7ff ffb7 	bl	10001764 <generic_save_state>
100017f6:	e002      	b.n	100017fe <__wrap___aeabi_dmul+0x6>

100017f8 <__wrap___aeabi_dmul>:
100017f8:	fe10 f430 	dcp_pcmp APSR_nzcv
100017fc:	d4f8      	bmi.n	100017f0 <__wrap___aeabi_dsub+0x20>
100017fe:	b510      	push	{r4, lr}
10001800:	ec41 0410 	dcp_wxup r0, r1
10001804:	ec43 2411 	dcp_wyup r2, r3
10001808:	ec51 0404 	dcp_rxms r0, r1, #0x0
1000180c:	ec53 2405 	dcp_ryms r2, r3, #0x0
10001810:	fba0 4c02 	umull	r4, ip, r0, r2
10001814:	f05f 0e00 	movs.w	lr, #0
10001818:	fbe0 ce03 	umlal	ip, lr, r0, r3
1000181c:	fbe1 ce02 	umlal	ip, lr, r1, r2
10001820:	ec4c 4420 	dcp_wxms r4, ip
10001824:	2400      	movs	r4, #0
10001826:	fbe1 e403 	umlal	lr, r4, r1, r3
1000182a:	ec44 e430 	dcp_wxmo lr, r4
1000182e:	ee80 0420 	dcp_nrdd
10001832:	ec51 0450 	dcp_rddm r0, r1
10001836:	e8bd 4010 	ldmia.w	sp!, {r4, lr}
1000183a:	4770      	bx	lr
1000183c:	b500      	push	{lr}
1000183e:	f7ff ff91 	bl	10001764 <generic_save_state>
10001842:	e002      	b.n	1000184a <__wrap___aeabi_ddiv+0x6>

10001844 <__wrap___aeabi_ddiv>:
10001844:	fe10 f430 	dcp_pcmp APSR_nzcv
10001848:	d4f8      	bmi.n	1000183c <__wrap___aeabi_dmul+0x44>
1000184a:	ec41 0410 	dcp_wxup r0, r1
1000184e:	ec43 2411 	dcp_wyup r2, r3
10001852:	ec51 0421 	dcp_rymr r0, r1
10001856:	fba0 1201 	umull	r1, r2, r0, r1
1000185a:	ea6f 0282 	mvn.w	r2, r2, lsl #2
1000185e:	fb52 0010 	smmlar	r0, r2, r0, r0
10001862:	fb52 f212 	smmulr	r2, r2, r2
10001866:	fb52 0010 	smmlar	r0, r2, r0, r0
1000186a:	eba0 7cd0 	sub.w	ip, r0, r0, lsr #31
1000186e:	ec53 2404 	dcp_rxms r2, r3, #0x0
10001872:	fb5c f113 	smmulr	r1, ip, r3
10001876:	ec53 2415 	dcp_ryms r2, r3, #0x1
1000187a:	fba1 2002 	umull	r2, r0, r1, r2
1000187e:	fb01 0003 	mla	r0, r1, r3, r0
10001882:	ec53 2444 	dcp_rxms r2, r3, #0x4
10001886:	eba2 0000 	sub.w	r0, r2, r0
1000188a:	fb50 f21c 	smmulr	r2, r0, ip
1000188e:	ea4f 1311 	mov.w	r3, r1, lsr #4
10001892:	eb12 7001 	adds.w	r0, r2, r1, lsl #28
10001896:	eb43 71e2 	adc.w	r1, r3, r2, asr #31
1000189a:	ea40 5051 	orr.w	r0, r0, r1, lsr #21
1000189e:	ea20 5091 	bic.w	r0, r0, r1, lsr #22
100018a2:	f020 0007 	bic.w	r0, r0, #7
100018a6:	ec53 2475 	dcp_ryms r2, r3, #0x7
100018aa:	fba0 3c02 	umull	r3, ip, r0, r2
100018ae:	ec53 2475 	dcp_ryms r2, r3, #0x7
100018b2:	fb00 cc03 	mla	ip, r0, r3, ip
100018b6:	fb01 cc02 	mla	ip, r1, r2, ip
100018ba:	ec53 2404 	dcp_rxms r2, r3, #0x0
100018be:	ebac 4c82 	sub.w	ip, ip, r2, lsl #18
100018c2:	ea40 705c 	orr.w	r0, r0, ip, lsr #29
100018c6:	f1a0 0001 	sub.w	r0, r0, #1
100018ca:	ec41 0440 	dcp_wxdd r0, r1
100018ce:	ee80 0420 	dcp_nrdd
100018d2:	ec51 0470 	dcp_rddd r0, r1
100018d6:	4770      	bx	lr
100018d8:	b500      	push	{lr}
100018da:	f7ff ff43 	bl	10001764 <generic_save_state>
100018de:	e002      	b.n	100018e6 <__wrap___aeabi_d2f+0x6>

100018e0 <__wrap___aeabi_d2f>:
100018e0:	fe10 f430 	dcp_pcmp APSR_nzcv
100018e4:	d4f8      	bmi.n	100018d8 <__wrap___aeabi_ddiv+0x94>
100018e6:	ec41 0410 	dcp_wxup r0, r1
100018ea:	ee80 0422 	dcp_nrdf
100018ee:	ee10 04b2 	dcp_rdfg r0
100018f2:	4770      	bx	lr
100018f4:	b500      	push	{lr}
100018f6:	f7ff ff35 	bl	10001764 <generic_save_state>
100018fa:	e002      	b.n	10001902 <__wrap___aeabi_i2d+0x6>

100018fc <__wrap___aeabi_i2d>:
100018fc:	fe10 f430 	dcp_pcmp APSR_nzcv
10001900:	d4f8      	bmi.n	100018f4 <__wrap___aeabi_d2f+0x14>
10001902:	ec40 0470 	dcp_wxic r0, r0
10001906:	ee00 0401 	dcp_add0
1000190a:	ee10 0421 	dcp_sub1
1000190e:	ee80 0420 	dcp_nrdd
10001912:	ec51 0430 	dcp_rdds r0, r1
10001916:	4770      	bx	lr
10001918:	b500      	push	{lr}
1000191a:	f7ff ff23 	bl	10001764 <generic_save_state>
1000191e:	e002      	b.n	10001926 <__wrap___aeabi_ui2d+0x6>

10001920 <__wrap___aeabi_ui2d>:
10001920:	fe10 f430 	dcp_pcmp APSR_nzcv
10001924:	d4f8      	bmi.n	10001918 <__wrap___aeabi_i2d+0x1c>
10001926:	ec40 0460 	dcp_wxuc r0, r0
1000192a:	ee00 0401 	dcp_add0
1000192e:	ee10 0421 	dcp_sub1
10001932:	ee80 0420 	dcp_nrdd
10001936:	ec51 0430 	dcp_rdds r0, r1
1000193a:	4770      	bx	lr
1000193c:	b500      	push	{lr}
1000193e:	f7ff ff11 	bl	10001764 <generic_save_state>
10001942:	e002      	b.n	1000194a <__wrap___aeabi_d2iz+0x6>

10001944 <__wrap___aeabi_d2iz>:
10001944:	fe10 f430 	dcp_pcmp APSR_nzcv
10001948:	d4f8      	bmi.n	1000193c <__wrap___aeabi_ui2d+0x1c>
1000194a:	ec41 0480 	dcp_wxdc r0, r1
1000194e:	ee00 0401 	dcp_add0
10001952:	ee10 0401 	dcp_add1
10001956:	ee80 0440 	dcp_ntdc
1000195a:	ee10 0413 	dcp_rdic r0
1000195e:	4770      	bx	lr
10001960:	b500      	push	{lr}
10001962:	f7ff feff 	bl	10001764 <generic_save_state>
10001966:	e002      	b.n	1000196e <__wrap___aeabi_d2uiz+0x6>

10001968 <__wrap___aeabi_d2uiz>:
10001968:	fe10 f430 	dcp_pcmp APSR_nzcv
1000196c:	d4f8      	bmi.n	10001960 <__wrap___aeabi_d2iz+0x1c>
1000196e:	ec41 0480 	dcp_wxdc r0, r1
10001972:	ee00 0401 	dcp_add0
10001976:	ee10 0401 	dcp_add1
1000197a:	ee80 0440 	dcp_ntdc
1000197e:	ee10 0433 	dcp_rduc r0
10001982:	4770      	bx	lr
10001984:	b500      	push	{lr}
10001986:	f7ff feed 	bl	10001764 <generic_save_state>
1000198a:	e002      	b.n	10001992 <__wrap___aeabi_dcmpun+0x6>

1000198c <__wrap___aeabi_dcmpun>:
1000198c:	fe10 f430 	dcp_pcmp APSR_nzcv
10001990:	d4f8      	bmi.n	10001984 <__wrap___aeabi_d2uiz+0x1c>
10001992:	ec41 0410 	dcp_wxup r0, r1
10001996:	ec43 2411 	dcp_wyup r2, r3
1000199a:	ee00 0401 	dcp_add0
1000199e:	ee10 0430 	dcp_rcmp r0
100019a2:	f3c0 7000 	ubfx	r0, r0, #28, #1
100019a6:	4770      	bx	lr
100019a8:	b500      	push	{lr}
100019aa:	f7ff fedb 	bl	10001764 <generic_save_state>
100019ae:	e002      	b.n	100019b6 <__wrap___aeabi_dcmplt+0x6>

100019b0 <__wrap___aeabi_dcmplt>:
100019b0:	fe10 f430 	dcp_pcmp APSR_nzcv
100019b4:	d4f8      	bmi.n	100019a8 <__wrap___aeabi_dcmpun+0x1c>
100019b6:	ec43 2410 	dcp_wxup r2, r3
100019ba:	ec41 0411 	dcp_wyup r0, r1
100019be:	ee00 0401 	dcp_add0
100019c2:	ee10 f430 	dcp_rcmp APSR_nzcv
100019c6:	bf8c      	ite	hi
100019c8:	2001      	movhi	r0, #1
100019ca:	2000      	movls	r0, #0
100019cc:	4770      	bx	lr
100019ce:	bf00      	nop
100019d0:	b500      	push	{lr}
100019d2:	f7ff fec7 	bl	10001764 <generic_save_state>
100019d6:	e002      	b.n	100019de <__wrap___aeabi_dcmpge+0x6>

100019d8 <__wrap___aeabi_dcmpge>:
100019d8:	fe10 f430 	dcp_pcmp APSR_nzcv
100019dc:	d4f8      	bmi.n	100019d0 <__wrap___aeabi_dcmplt+0x20>
100019de:	ec41 0410 	dcp_wxup r0, r1
100019e2:	ec43 2411 	dcp_wyup r2, r3
100019e6:	ee00 0401 	dcp_add0
100019ea:	ee10 f430 	dcp_rcmp APSR_nzcv
100019ee:	bf2c      	ite	cs
100019f0:	2001      	movcs	r0, #1
100019f2:	2000      	movcc	r0, #0
100019f4:	4770      	bx	lr
100019f6:	bf00      	nop
100019f8:	b500      	push	{lr}
100019fa:	f7ff feb3 	bl	10001764 <generic_save_state>
100019fe:	e002      	b.n	10001a06 <__wrap___aeabi_dcmpgt+0x6>

10001a00 <__wrap___aeabi_dcmpgt>:
10001a00:	fe10 f430 	dcp_pcmp APSR_nzcv
10001a04:	d4f8      	bmi.n	100019f8 <__wrap___aeabi_dcmpge+0x20>
10001a06:	ec41 0410 	dcp_wxup r0, r1
10001a0a:	ec43 2411 	dcp_wyup r2, r3
10001a0e:	ee00 0401 	dcp_add0
10001a12:	ee10 f430 	dcp_rcmp APSR_nzcv
10001a16:	bf8c      	ite	hi
10001a18:	2001      	movhi	r0, #1
10001a1a:	2000      	movls	r0, #0
10001a1c:	4770      	bx	lr
10001a1e:	bf00      	nop

10001a20 <_out_null>:
10001a20:	4770      	bx	lr
10001a22:	bf00      	nop

10001a24 <_out_rev>:
10001a24:	e92d 4ff0 	stmdb	sp!, {r4, r5, r6, r7, r8, r9, sl, fp, lr}
10001a28:	b083      	sub	sp, #12
10001a2a:	4698      	mov	r8, r3
10001a2c:	9b0f      	ldr	r3, [sp, #60]	@ 0x3c
10001a2e:	460f      	mov	r7, r1
10001a30:	4611      	mov	r1, r2
10001a32:	079a      	lsls	r2, r3, #30
10001a34:	4606      	mov	r6, r0
10001a36:	f8dd 9030 	ldr.w	r9, [sp, #48]	@ 0x30
10001a3a:	f8dd b038 	ldr.w	fp, [sp, #56]	@ 0x38
10001a3e:	d112      	bne.n	10001a66 <_out_rev+0x42>
10001a40:	9b0d      	ldr	r3, [sp, #52]	@ 0x34
10001a42:	455b      	cmp	r3, fp
10001a44:	d20f      	bcs.n	10001a66 <_out_rev+0x42>
10001a46:	468a      	mov	sl, r1
10001a48:	460c      	mov	r4, r1
10001a4a:	ebab 0503 	sub.w	r5, fp, r3
10001a4e:	440d      	add	r5, r1
10001a50:	4652      	mov	r2, sl
10001a52:	4643      	mov	r3, r8
10001a54:	4639      	mov	r1, r7
10001a56:	2020      	movs	r0, #32
10001a58:	f10a 0a01 	add.w	sl, sl, #1
10001a5c:	47b0      	blx	r6
10001a5e:	45aa      	cmp	sl, r5
10001a60:	d1f6      	bne.n	10001a50 <_out_rev+0x2c>
10001a62:	4621      	mov	r1, r4
10001a64:	e000      	b.n	10001a68 <_out_rev+0x44>
10001a66:	460d      	mov	r5, r1
10001a68:	9b0d      	ldr	r3, [sp, #52]	@ 0x34
10001a6a:	b193      	cbz	r3, 10001a92 <_out_rev+0x6e>
10001a6c:	eb09 0403 	add.w	r4, r9, r3
10001a70:	eb04 0a05 	add.w	sl, r4, r5
10001a74:	9501      	str	r5, [sp, #4]
10001a76:	460d      	mov	r5, r1
10001a78:	ebaa 0204 	sub.w	r2, sl, r4
10001a7c:	f814 0d01 	ldrb.w	r0, [r4, #-1]!
10001a80:	4643      	mov	r3, r8
10001a82:	4639      	mov	r1, r7
10001a84:	47b0      	blx	r6
10001a86:	454c      	cmp	r4, r9
10001a88:	d1f6      	bne.n	10001a78 <_out_rev+0x54>
10001a8a:	4629      	mov	r1, r5
10001a8c:	9b0d      	ldr	r3, [sp, #52]	@ 0x34
10001a8e:	9d01      	ldr	r5, [sp, #4]
10001a90:	441d      	add	r5, r3
10001a92:	9b0f      	ldr	r3, [sp, #60]	@ 0x3c
10001a94:	079b      	lsls	r3, r3, #30
10001a96:	d50c      	bpl.n	10001ab2 <_out_rev+0x8e>
10001a98:	1a6c      	subs	r4, r5, r1
10001a9a:	45a3      	cmp	fp, r4
10001a9c:	d909      	bls.n	10001ab2 <_out_rev+0x8e>
10001a9e:	462a      	mov	r2, r5
10001aa0:	4643      	mov	r3, r8
10001aa2:	4639      	mov	r1, r7
10001aa4:	2020      	movs	r0, #32
10001aa6:	3401      	adds	r4, #1
10001aa8:	47b0      	blx	r6
10001aaa:	45a3      	cmp	fp, r4
10001aac:	f105 0501 	add.w	r5, r5, #1
10001ab0:	d8f5      	bhi.n	10001a9e <_out_rev+0x7a>
10001ab2:	4628      	mov	r0, r5
10001ab4:	b003      	add	sp, #12
10001ab6:	e8bd 8ff0 	ldmia.w	sp!, {r4, r5, r6, r7, r8, r9, sl, fp, pc}
10001aba:	bf00      	nop

10001abc <_ntoa_format>:
10001abc:	e92d 4ff0 	stmdb	sp!, {r4, r5, r6, r7, r8, r9, sl, fp, lr}
10001ac0:	9f0f      	ldr	r7, [sp, #60]	@ 0x3c
10001ac2:	f8dd e024 	ldr.w	lr, [sp, #36]	@ 0x24
10001ac6:	f017 0f02 	tst.w	r7, #2
10001aca:	9c0a      	ldr	r4, [sp, #40]	@ 0x28
10001acc:	f89d 902c 	ldrb.w	r9, [sp, #44]	@ 0x2c
10001ad0:	9d0e      	ldr	r5, [sp, #56]	@ 0x38
10001ad2:	e9dd 860c 	ldrd	r8, r6, [sp, #48]	@ 0x30
10001ad6:	d129      	bne.n	10001b2c <_ntoa_format+0x70>
10001ad8:	2d00      	cmp	r5, #0
10001ada:	d166      	bne.n	10001baa <_ntoa_format+0xee>
10001adc:	42b4      	cmp	r4, r6
10001ade:	d225      	bcs.n	10001b2c <_ntoa_format+0x70>
10001ae0:	2c20      	cmp	r4, #32
10001ae2:	f007 0b01 	and.w	fp, r7, #1
10001ae6:	f000 810a 	beq.w	10001cfe <_ntoa_format+0x242>
10001aea:	f104 3cff 	add.w	ip, r4, #4294967295	@ 0xffffffff
10001aee:	f04f 0a30 	mov.w	sl, #48	@ 0x30
10001af2:	44f4      	add	ip, lr
10001af4:	e001      	b.n	10001afa <_ntoa_format+0x3e>
10001af6:	2c20      	cmp	r4, #32
10001af8:	d076      	beq.n	10001be8 <_ntoa_format+0x12c>
10001afa:	3401      	adds	r4, #1
10001afc:	42a6      	cmp	r6, r4
10001afe:	f80c af01 	strb.w	sl, [ip, #1]!
10001b02:	d8f8      	bhi.n	10001af6 <_ntoa_format+0x3a>
10001b04:	f1bb 0f00 	cmp.w	fp, #0
10001b08:	d010      	beq.n	10001b2c <_ntoa_format+0x70>
10001b0a:	42ac      	cmp	r4, r5
10001b0c:	d20e      	bcs.n	10001b2c <_ntoa_format+0x70>
10001b0e:	2c20      	cmp	r4, #32
10001b10:	d070      	beq.n	10001bf4 <_ntoa_format+0x138>
10001b12:	f104 3cff 	add.w	ip, r4, #4294967295	@ 0xffffffff
10001b16:	f04f 0a30 	mov.w	sl, #48	@ 0x30
10001b1a:	44f4      	add	ip, lr
10001b1c:	e001      	b.n	10001b22 <_ntoa_format+0x66>
10001b1e:	2c20      	cmp	r4, #32
10001b20:	d022      	beq.n	10001b68 <_ntoa_format+0xac>
10001b22:	3401      	adds	r4, #1
10001b24:	42ac      	cmp	r4, r5
10001b26:	f80c af01 	strb.w	sl, [ip, #1]!
10001b2a:	d1f8      	bne.n	10001b1e <_ntoa_format+0x62>
10001b2c:	f017 0f10 	tst.w	r7, #16
10001b30:	d031      	beq.n	10001b96 <_ntoa_format+0xda>
10001b32:	f417 6f80 	tst.w	r7, #1024	@ 0x400
10001b36:	d14c      	bne.n	10001bd2 <_ntoa_format+0x116>
10001b38:	b9dc      	cbnz	r4, 10001b72 <_ntoa_format+0xb6>
10001b3a:	f1b8 0f10 	cmp.w	r8, #16
10001b3e:	f000 80b8 	beq.w	10001cb2 <_ntoa_format+0x1f6>
10001b42:	f1b8 0f02 	cmp.w	r8, #2
10001b46:	f000 80c2 	beq.w	10001cce <_ntoa_format+0x212>
10001b4a:	2430      	movs	r4, #48	@ 0x30
10001b4c:	f88e 4000 	strb.w	r4, [lr]
10001b50:	2401      	movs	r4, #1
10001b52:	f1b9 0f00 	cmp.w	r9, #0
10001b56:	d15a      	bne.n	10001c0e <_ntoa_format+0x152>
10001b58:	077e      	lsls	r6, r7, #29
10001b5a:	f140 8086 	bpl.w	10001c6a <_ntoa_format+0x1ae>
10001b5e:	262b      	movs	r6, #43	@ 0x2b
10001b60:	f80e 6004 	strb.w	r6, [lr, r4]
10001b64:	3401      	adds	r4, #1
10001b66:	e018      	b.n	10001b9a <_ntoa_format+0xde>
10001b68:	06fc      	lsls	r4, r7, #27
10001b6a:	d573      	bpl.n	10001c54 <_ntoa_format+0x198>
10001b6c:	057c      	lsls	r4, r7, #21
10001b6e:	d42f      	bmi.n	10001bd0 <_ntoa_format+0x114>
10001b70:	2420      	movs	r4, #32
10001b72:	42a6      	cmp	r6, r4
10001b74:	d001      	beq.n	10001b7a <_ntoa_format+0xbe>
10001b76:	42ac      	cmp	r4, r5
10001b78:	d12b      	bne.n	10001bd2 <_ntoa_format+0x116>
10001b7a:	1e66      	subs	r6, r4, #1
10001b7c:	f000 8086 	beq.w	10001c8c <_ntoa_format+0x1d0>
10001b80:	f1b8 0f10 	cmp.w	r8, #16
10001b84:	f000 80c0 	beq.w	10001d08 <_ntoa_format+0x24c>
10001b88:	f1b8 0f02 	cmp.w	r8, #2
10001b8c:	d05b      	beq.n	10001c46 <_ntoa_format+0x18a>
10001b8e:	f04f 0c30 	mov.w	ip, #48	@ 0x30
10001b92:	f80e c006 	strb.w	ip, [lr, r6]
10001b96:	2c20      	cmp	r4, #32
10001b98:	d1db      	bne.n	10001b52 <_ntoa_format+0x96>
10001b9a:	e9cd 570b 	strd	r5, r7, [sp, #44]	@ 0x2c
10001b9e:	e9cd e409 	strd	lr, r4, [sp, #36]	@ 0x24
10001ba2:	e8bd 4ff0 	ldmia.w	sp!, {r4, r5, r6, r7, r8, r9, sl, fp, lr}
10001ba6:	f7ff bf3d 	b.w	10001a24 <_out_rev>
10001baa:	f017 0b01 	ands.w	fp, r7, #1
10001bae:	d03a      	beq.n	10001c26 <_ntoa_format+0x16a>
10001bb0:	f1b9 0f00 	cmp.w	r9, #0
10001bb4:	d14c      	bne.n	10001c50 <_ntoa_format+0x194>
10001bb6:	f017 0f0c 	tst.w	r7, #12
10001bba:	d149      	bne.n	10001c50 <_ntoa_format+0x194>
10001bbc:	42b4      	cmp	r4, r6
10001bbe:	d2a4      	bcs.n	10001b0a <_ntoa_format+0x4e>
10001bc0:	2c20      	cmp	r4, #32
10001bc2:	d192      	bne.n	10001aea <_ntoa_format+0x2e>
10001bc4:	2d20      	cmp	r5, #32
10001bc6:	d815      	bhi.n	10001bf4 <_ntoa_format+0x138>
10001bc8:	f017 0f10 	tst.w	r7, #16
10001bcc:	d1b1      	bne.n	10001b32 <_ntoa_format+0x76>
10001bce:	e7e4      	b.n	10001b9a <_ntoa_format+0xde>
10001bd0:	2420      	movs	r4, #32
10001bd2:	f1b8 0f10 	cmp.w	r8, #16
10001bd6:	d03f      	beq.n	10001c58 <_ntoa_format+0x19c>
10001bd8:	f1b8 0f02 	cmp.w	r8, #2
10001bdc:	d02f      	beq.n	10001c3e <_ntoa_format+0x182>
10001bde:	2c20      	cmp	r4, #32
10001be0:	d0db      	beq.n	10001b9a <_ntoa_format+0xde>
10001be2:	4626      	mov	r6, r4
10001be4:	3401      	adds	r4, #1
10001be6:	e7d2      	b.n	10001b8e <_ntoa_format+0xd2>
10001be8:	f1bb 0f00 	cmp.w	fp, #0
10001bec:	f000 809d 	beq.w	10001d2a <_ntoa_format+0x26e>
10001bf0:	2d20      	cmp	r5, #32
10001bf2:	d9b9      	bls.n	10001b68 <_ntoa_format+0xac>
10001bf4:	06fc      	lsls	r4, r7, #27
10001bf6:	d52d      	bpl.n	10001c54 <_ntoa_format+0x198>
10001bf8:	057c      	lsls	r4, r7, #21
10001bfa:	d42b      	bmi.n	10001c54 <_ntoa_format+0x198>
10001bfc:	2e20      	cmp	r6, #32
10001bfe:	f000 80a2 	beq.w	10001d46 <_ntoa_format+0x28a>
10001c02:	2d20      	cmp	r5, #32
10001c04:	d1e4      	bne.n	10001bd0 <_ntoa_format+0x114>
10001c06:	2520      	movs	r5, #32
10001c08:	261f      	movs	r6, #31
10001c0a:	462c      	mov	r4, r5
10001c0c:	e7b8      	b.n	10001b80 <_ntoa_format+0xc4>
10001c0e:	262d      	movs	r6, #45	@ 0x2d
10001c10:	f80e 6004 	strb.w	r6, [lr, r4]
10001c14:	3401      	adds	r4, #1
10001c16:	e9cd 570b 	strd	r5, r7, [sp, #44]	@ 0x2c
10001c1a:	e9cd e409 	strd	lr, r4, [sp, #36]	@ 0x24
10001c1e:	e8bd 4ff0 	ldmia.w	sp!, {r4, r5, r6, r7, r8, r9, sl, fp, lr}
10001c22:	f7ff beff 	b.w	10001a24 <_out_rev>
10001c26:	42b4      	cmp	r4, r6
10001c28:	d280      	bcs.n	10001b2c <_ntoa_format+0x70>
10001c2a:	2c20      	cmp	r4, #32
10001c2c:	f47f af5d 	bne.w	10001aea <_ntoa_format+0x2e>
10001c30:	f017 0f10 	tst.w	r7, #16
10001c34:	d0b1      	beq.n	10001b9a <_ntoa_format+0xde>
10001c36:	f417 6f80 	tst.w	r7, #1024	@ 0x400
10001c3a:	d1ca      	bne.n	10001bd2 <_ntoa_format+0x116>
10001c3c:	e799      	b.n	10001b72 <_ntoa_format+0xb6>
10001c3e:	2c20      	cmp	r4, #32
10001c40:	d0ab      	beq.n	10001b9a <_ntoa_format+0xde>
10001c42:	4626      	mov	r6, r4
10001c44:	3401      	adds	r4, #1
10001c46:	f04f 0c62 	mov.w	ip, #98	@ 0x62
10001c4a:	f80e c006 	strb.w	ip, [lr, r6]
10001c4e:	e7c6      	b.n	10001bde <_ntoa_format+0x122>
10001c50:	3d01      	subs	r5, #1
10001c52:	e7b3      	b.n	10001bbc <_ntoa_format+0x100>
10001c54:	2420      	movs	r4, #32
10001c56:	e7a0      	b.n	10001b9a <_ntoa_format+0xde>
10001c58:	06be      	lsls	r6, r7, #26
10001c5a:	d40d      	bmi.n	10001c78 <_ntoa_format+0x1bc>
10001c5c:	2c20      	cmp	r4, #32
10001c5e:	d09c      	beq.n	10001b9a <_ntoa_format+0xde>
10001c60:	2678      	movs	r6, #120	@ 0x78
10001c62:	f80e 6004 	strb.w	r6, [lr, r4]
10001c66:	3401      	adds	r4, #1
10001c68:	e7b9      	b.n	10001bde <_ntoa_format+0x122>
10001c6a:	073e      	lsls	r6, r7, #28
10001c6c:	d595      	bpl.n	10001b9a <_ntoa_format+0xde>
10001c6e:	2620      	movs	r6, #32
10001c70:	f80e 6004 	strb.w	r6, [lr, r4]
10001c74:	3401      	adds	r4, #1
10001c76:	e790      	b.n	10001b9a <_ntoa_format+0xde>
10001c78:	2c20      	cmp	r4, #32
10001c7a:	d08e      	beq.n	10001b9a <_ntoa_format+0xde>
10001c7c:	f04f 0c58 	mov.w	ip, #88	@ 0x58
10001c80:	eb0e 0604 	add.w	r6, lr, r4
10001c84:	f886 c000 	strb.w	ip, [r6]
10001c88:	3401      	adds	r4, #1
10001c8a:	e7a8      	b.n	10001bde <_ntoa_format+0x122>
10001c8c:	f1b8 0f10 	cmp.w	r8, #16
10001c90:	d043      	beq.n	10001d1a <_ntoa_format+0x25e>
10001c92:	f1b8 0f02 	cmp.w	r8, #2
10001c96:	f47f af58 	bne.w	10001b4a <_ntoa_format+0x8e>
10001c9a:	2462      	movs	r4, #98	@ 0x62
10001c9c:	f88e 4000 	strb.w	r4, [lr]
10001ca0:	2430      	movs	r4, #48	@ 0x30
10001ca2:	f88e 4001 	strb.w	r4, [lr, #1]
10001ca6:	2402      	movs	r4, #2
10001ca8:	f1b9 0f00 	cmp.w	r9, #0
10001cac:	f43f af54 	beq.w	10001b58 <_ntoa_format+0x9c>
10001cb0:	e7ad      	b.n	10001c0e <_ntoa_format+0x152>
10001cb2:	06be      	lsls	r6, r7, #26
10001cb4:	d517      	bpl.n	10001ce6 <_ntoa_format+0x22a>
10001cb6:	2458      	movs	r4, #88	@ 0x58
10001cb8:	f88e 4000 	strb.w	r4, [lr]
10001cbc:	2430      	movs	r4, #48	@ 0x30
10001cbe:	f88e 4001 	strb.w	r4, [lr, #1]
10001cc2:	2402      	movs	r4, #2
10001cc4:	f1b9 0f00 	cmp.w	r9, #0
10001cc8:	f43f af46 	beq.w	10001b58 <_ntoa_format+0x9c>
10001ccc:	e79f      	b.n	10001c0e <_ntoa_format+0x152>
10001cce:	2662      	movs	r6, #98	@ 0x62
10001cd0:	f88e 6000 	strb.w	r6, [lr]
10001cd4:	2630      	movs	r6, #48	@ 0x30
10001cd6:	4644      	mov	r4, r8
10001cd8:	f88e 6001 	strb.w	r6, [lr, #1]
10001cdc:	f1b9 0f00 	cmp.w	r9, #0
10001ce0:	f43f af3a 	beq.w	10001b58 <_ntoa_format+0x9c>
10001ce4:	e793      	b.n	10001c0e <_ntoa_format+0x152>
10001ce6:	2478      	movs	r4, #120	@ 0x78
10001ce8:	f88e 4000 	strb.w	r4, [lr]
10001cec:	2430      	movs	r4, #48	@ 0x30
10001cee:	f88e 4001 	strb.w	r4, [lr, #1]
10001cf2:	2402      	movs	r4, #2
10001cf4:	f1b9 0f00 	cmp.w	r9, #0
10001cf8:	f43f af2e 	beq.w	10001b58 <_ntoa_format+0x9c>
10001cfc:	e787      	b.n	10001c0e <_ntoa_format+0x152>
10001cfe:	f1bb 0f00 	cmp.w	fp, #0
10001d02:	f47f af61 	bne.w	10001bc8 <_ntoa_format+0x10c>
10001d06:	e793      	b.n	10001c30 <_ntoa_format+0x174>
10001d08:	f1a4 0c02 	sub.w	ip, r4, #2
10001d0c:	4634      	mov	r4, r6
10001d0e:	06be      	lsls	r6, r7, #26
10001d10:	d407      	bmi.n	10001d22 <_ntoa_format+0x266>
10001d12:	2678      	movs	r6, #120	@ 0x78
10001d14:	f80e 600c 	strb.w	r6, [lr, ip]
10001d18:	e763      	b.n	10001be2 <_ntoa_format+0x126>
10001d1a:	06bc      	lsls	r4, r7, #26
10001d1c:	d4cb      	bmi.n	10001cb6 <_ntoa_format+0x1fa>
10001d1e:	2478      	movs	r4, #120	@ 0x78
10001d20:	e7bc      	b.n	10001c9c <_ntoa_format+0x1e0>
10001d22:	2658      	movs	r6, #88	@ 0x58
10001d24:	f80e 600c 	strb.w	r6, [lr, ip]
10001d28:	e75b      	b.n	10001be2 <_ntoa_format+0x126>
10001d2a:	f017 0f10 	tst.w	r7, #16
10001d2e:	f43f af34 	beq.w	10001b9a <_ntoa_format+0xde>
10001d32:	f417 6f80 	tst.w	r7, #1024	@ 0x400
10001d36:	f47f af30 	bne.w	10001b9a <_ntoa_format+0xde>
10001d3a:	2e20      	cmp	r6, #32
10001d3c:	d006      	beq.n	10001d4c <_ntoa_format+0x290>
10001d3e:	2d20      	cmp	r5, #32
10001d40:	f47f af47 	bne.w	10001bd2 <_ntoa_format+0x116>
10001d44:	e75f      	b.n	10001c06 <_ntoa_format+0x14a>
10001d46:	4634      	mov	r4, r6
10001d48:	261f      	movs	r6, #31
10001d4a:	e719      	b.n	10001b80 <_ntoa_format+0xc4>
10001d4c:	261f      	movs	r6, #31
10001d4e:	e717      	b.n	10001b80 <_ntoa_format+0xc4>

10001d50 <_out_char>:
10001d50:	b900      	cbnz	r0, 10001d54 <_out_char+0x4>
10001d52:	4770      	bx	lr
10001d54:	f001 ba84 	b.w	10003260 <__wrap_putchar>

10001d58 <_out_fct>:
10001d58:	b110      	cbz	r0, 10001d60 <_out_fct+0x8>
10001d5a:	e9d1 3100 	ldrd	r3, r1, [r1]
10001d5e:	4718      	bx	r3
10001d60:	4770      	bx	lr
10001d62:	bf00      	nop
10001d64:	0000      	movs	r0, r0
	...

10001d68 <_etoa>:
10001d68:	e92d 4ff0 	stmdb	sp!, {r4, r5, r6, r7, r8, r9, sl, fp, lr}
10001d6c:	b09d      	sub	sp, #116	@ 0x74
10001d6e:	ed9d 7b26 	vldr	d7, [sp, #152]	@ 0x98
10001d72:	e9dd a528 	ldrd	sl, r5, [sp, #160]	@ 0xa0
10001d76:	ec58 7b17 	vmov	r7, r8, d7
10001d7a:	e9cd 120c 	strd	r1, r2, [sp, #48]	@ 0x30
10001d7e:	4683      	mov	fp, r0
10001d80:	461e      	mov	r6, r3
10001d82:	463a      	mov	r2, r7
10001d84:	4643      	mov	r3, r8
10001d86:	4638      	mov	r0, r7
10001d88:	4641      	mov	r1, r8
10001d8a:	ed8d 7b08 	vstr	d7, [sp, #32]
10001d8e:	9c2a      	ldr	r4, [sp, #168]	@ 0xa8
10001d90:	f7ff fdfc 	bl	1000198c <__wrap___aeabi_dcmpun>
10001d94:	2800      	cmp	r0, #0
10001d96:	f040 80d5 	bne.w	10001f44 <_etoa+0x1dc>
10001d9a:	4638      	mov	r0, r7
10001d9c:	4641      	mov	r1, r8
10001d9e:	f04f 32ff 	mov.w	r2, #4294967295	@ 0xffffffff
10001da2:	4b73      	ldr	r3, [pc, #460]	@ (10001f70 <_etoa+0x208>)
10001da4:	f7ff fe2c 	bl	10001a00 <__wrap___aeabi_dcmpgt>
10001da8:	2800      	cmp	r0, #0
10001daa:	f040 80cb 	bne.w	10001f44 <_etoa+0x1dc>
10001dae:	4638      	mov	r0, r7
10001db0:	4641      	mov	r1, r8
10001db2:	f04f 32ff 	mov.w	r2, #4294967295	@ 0xffffffff
10001db6:	f46f 1380 	mvn.w	r3, #1048576	@ 0x100000
10001dba:	f7ff fdf9 	bl	100019b0 <__wrap___aeabi_dcmplt>
10001dbe:	2800      	cmp	r0, #0
10001dc0:	f040 80c0 	bne.w	10001f44 <_etoa+0x1dc>
10001dc4:	e9dd 7808 	ldrd	r7, r8, [sp, #32]
10001dc8:	2200      	movs	r2, #0
10001dca:	4638      	mov	r0, r7
10001dcc:	4641      	mov	r1, r8
10001dce:	2300      	movs	r3, #0
10001dd0:	f7ff fdee 	bl	100019b0 <__wrap___aeabi_dcmplt>
10001dd4:	2800      	cmp	r0, #0
10001dd6:	f040 81bb 	bne.w	10002150 <_etoa+0x3e8>
10001dda:	e9cd 780a 	strd	r7, r8, [sp, #40]	@ 0x28
10001dde:	e9dd 230a 	ldrd	r2, r3, [sp, #40]	@ 0x28
10001de2:	461f      	mov	r7, r3
10001de4:	4690      	mov	r8, r2
10001de6:	f414 6380 	ands.w	r3, r4, #1024	@ 0x400
10001dea:	bf08      	it	eq
10001dec:	f04f 0a06 	moveq.w	sl, #6
10001df0:	9311      	str	r3, [sp, #68]	@ 0x44
10001df2:	ea58 0307 	orrs.w	r3, r8, r7
10001df6:	f040 80bf 	bne.w	10001f78 <_etoa+0x210>
10001dfa:	f414 6300 	ands.w	r3, r4, #2048	@ 0x800
10001dfe:	f000 819f 	beq.w	10002140 <_etoa+0x3d8>
10001e02:	ed9f 7b59 	vldr	d7, [pc, #356]	@ 10001f68 <_etoa+0x200>
10001e06:	2700      	movs	r7, #0
10001e08:	ed8d 7b0e 	vstr	d7, [sp, #56]	@ 0x38
10001e0c:	f04f 0800 	mov.w	r8, #0
10001e10:	45ba      	cmp	sl, r7
10001e12:	bfcc      	ite	gt
10001e14:	ebaa 0a07 	subgt.w	sl, sl, r7
10001e18:	f04f 0a00 	movle.w	sl, #0
10001e1c:	4647      	mov	r7, r8
10001e1e:	bfc8      	it	gt
10001e20:	f10a 3aff 	addgt.w	sl, sl, #4294967295	@ 0xffffffff
10001e24:	f444 6480 	orr.w	r4, r4, #1024	@ 0x400
10001e28:	4545      	cmp	r5, r8
10001e2a:	bf94      	ite	ls
10001e2c:	f04f 0900 	movls.w	r9, #0
10001e30:	eba5 0908 	subhi.w	r9, r5, r8
10001e34:	f014 0302 	ands.w	r3, r4, #2
10001e38:	9310      	str	r3, [sp, #64]	@ 0x40
10001e3a:	d004      	beq.n	10001e46 <_etoa+0xde>
10001e3c:	f1b8 0f00 	cmp.w	r8, #0
10001e40:	bf18      	it	ne
10001e42:	f04f 0900 	movne.w	r9, #0
10001e46:	b13f      	cbz	r7, 10001e58 <_etoa+0xf0>
10001e48:	e9dd 010a 	ldrd	r0, r1, [sp, #40]	@ 0x28
10001e4c:	e9dd 230e 	ldrd	r2, r3, [sp, #56]	@ 0x38
10001e50:	f7ff fcf8 	bl	10001844 <__wrap___aeabi_ddiv>
10001e54:	e9cd 010a 	strd	r0, r1, [sp, #40]	@ 0x28
10001e58:	e9dd 0108 	ldrd	r0, r1, [sp, #32]
10001e5c:	2200      	movs	r2, #0
10001e5e:	2300      	movs	r3, #0
10001e60:	f7ff fda6 	bl	100019b0 <__wrap___aeabi_dcmplt>
10001e64:	b130      	cbz	r0, 10001e74 <_etoa+0x10c>
10001e66:	e9dd 010a 	ldrd	r0, r1, [sp, #40]	@ 0x28
10001e6a:	4602      	mov	r2, r0
10001e6c:	f101 4300 	add.w	r3, r1, #2147483648	@ 0x80000000
10001e70:	e9cd 230a 	strd	r2, r3, [sp, #40]	@ 0x28
10001e74:	ed9d 7b0a 	vldr	d7, [sp, #40]	@ 0x28
10001e78:	f424 6300 	bic.w	r3, r4, #2048	@ 0x800
10001e7c:	e9cd a902 	strd	sl, r9, [sp, #8]
10001e80:	e9dd a20c 	ldrd	sl, r2, [sp, #48]	@ 0x30
10001e84:	9304      	str	r3, [sp, #16]
10001e86:	ed8d 7b00 	vstr	d7, [sp]
10001e8a:	4633      	mov	r3, r6
10001e8c:	4651      	mov	r1, sl
10001e8e:	4658      	mov	r0, fp
10001e90:	f000 f996 	bl	100021c0 <_ftoa>
10001e94:	4681      	mov	r9, r0
10001e96:	f1b8 0f00 	cmp.w	r8, #0
10001e9a:	d04f      	beq.n	10001f3c <_etoa+0x1d4>
10001e9c:	f014 0f20 	tst.w	r4, #32
10001ea0:	464a      	mov	r2, r9
10001ea2:	bf0c      	ite	eq
10001ea4:	2065      	moveq	r0, #101	@ 0x65
10001ea6:	2045      	movne	r0, #69	@ 0x45
10001ea8:	4633      	mov	r3, r6
10001eaa:	4651      	mov	r1, sl
10001eac:	47d8      	blx	fp
10001eae:	f109 0401 	add.w	r4, r9, #1
10001eb2:	ea87 7ce7 	eor.w	ip, r7, r7, asr #31
10001eb6:	f10d 0950 	add.w	r9, sp, #80	@ 0x50
10001eba:	f108 30ff 	add.w	r0, r8, #4294967295	@ 0xffffffff
10001ebe:	464b      	mov	r3, r9
10001ec0:	2200      	movs	r2, #0
10001ec2:	f8df 80b0 	ldr.w	r8, [pc, #176]	@ 10001f74 <_etoa+0x20c>
10001ec6:	ebac 7ce7 	sub.w	ip, ip, r7, asr #31
10001eca:	ea4f 7ed7 	mov.w	lr, r7, lsr #31
10001ece:	e001      	b.n	10001ed4 <_etoa+0x16c>
10001ed0:	2a20      	cmp	r2, #32
10001ed2:	d010      	beq.n	10001ef6 <_etoa+0x18e>
10001ed4:	46e2      	mov	sl, ip
10001ed6:	fba8 710c 	umull	r7, r1, r8, ip
10001eda:	08c9      	lsrs	r1, r1, #3
10001edc:	eb01 0781 	add.w	r7, r1, r1, lsl #2
10001ee0:	ebac 0747 	sub.w	r7, ip, r7, lsl #1
10001ee4:	3730      	adds	r7, #48	@ 0x30
10001ee6:	f1ba 0f09 	cmp.w	sl, #9
10001eea:	468c      	mov	ip, r1
10001eec:	f102 0201 	add.w	r2, r2, #1
10001ef0:	f803 7b01 	strb.w	r7, [r3], #1
10001ef4:	d8ec      	bhi.n	10001ed0 <_etoa+0x168>
10001ef6:	2305      	movs	r3, #5
10001ef8:	9005      	str	r0, [sp, #20]
10001efa:	9306      	str	r3, [sp, #24]
10001efc:	2000      	movs	r0, #0
10001efe:	230a      	movs	r3, #10
10001f00:	9f0c      	ldr	r7, [sp, #48]	@ 0x30
10001f02:	e9cd 3003 	strd	r3, r0, [sp, #12]
10001f06:	e9cd 2e01 	strd	r2, lr, [sp, #4]
10001f0a:	4633      	mov	r3, r6
10001f0c:	f8cd 9000 	str.w	r9, [sp]
10001f10:	4622      	mov	r2, r4
10001f12:	4639      	mov	r1, r7
10001f14:	4658      	mov	r0, fp
10001f16:	f7ff fdd1 	bl	10001abc <_ntoa_format>
10001f1a:	9b10      	ldr	r3, [sp, #64]	@ 0x40
10001f1c:	4681      	mov	r9, r0
10001f1e:	b16b      	cbz	r3, 10001f3c <_etoa+0x1d4>
10001f20:	9b0d      	ldr	r3, [sp, #52]	@ 0x34
10001f22:	1ac4      	subs	r4, r0, r3
10001f24:	42a5      	cmp	r5, r4
10001f26:	d909      	bls.n	10001f3c <_etoa+0x1d4>
10001f28:	464a      	mov	r2, r9
10001f2a:	4633      	mov	r3, r6
10001f2c:	4639      	mov	r1, r7
10001f2e:	2020      	movs	r0, #32
10001f30:	3401      	adds	r4, #1
10001f32:	47d8      	blx	fp
10001f34:	42a5      	cmp	r5, r4
10001f36:	f109 0901 	add.w	r9, r9, #1
10001f3a:	d8f5      	bhi.n	10001f28 <_etoa+0x1c0>
10001f3c:	4648      	mov	r0, r9
10001f3e:	b01d      	add	sp, #116	@ 0x74
10001f40:	e8bd 8ff0 	ldmia.w	sp!, {r4, r5, r6, r7, r8, r9, sl, fp, pc}
10001f44:	ed9d 7b08 	vldr	d7, [sp, #32]
10001f48:	e9dd 120c 	ldrd	r1, r2, [sp, #48]	@ 0x30
10001f4c:	4633      	mov	r3, r6
10001f4e:	4658      	mov	r0, fp
10001f50:	ed8d 7b26 	vstr	d7, [sp, #152]	@ 0x98
10001f54:	e9cd 5429 	strd	r5, r4, [sp, #164]	@ 0xa4
10001f58:	f8cd a0a0 	str.w	sl, [sp, #160]	@ 0xa0
10001f5c:	b01d      	add	sp, #116	@ 0x74
10001f5e:	e8bd 4ff0 	ldmia.w	sp!, {r4, r5, r6, r7, r8, r9, sl, fp, lr}
10001f62:	f000 b92d 	b.w	100021c0 <_ftoa>
10001f66:	bf00      	nop
	...
10001f70:	7fefffff 	.word	0x7fefffff
10001f74:	cccccccd 	.word	0xcccccccd
10001f78:	f3c7 500a 	ubfx	r0, r7, #20, #11
10001f7c:	f2a0 30ff 	subw	r0, r0, #1023	@ 0x3ff
10001f80:	f7ff fcbc 	bl	100018fc <__wrap___aeabi_i2d>
10001f84:	a38a      	add	r3, pc, #552	@ (adr r3, 100021b0 <_etoa+0x448>)
10001f86:	e9d3 2300 	ldrd	r2, r3, [r3]
10001f8a:	f7ff fc35 	bl	100017f8 <__wrap___aeabi_dmul>
10001f8e:	a38a      	add	r3, pc, #552	@ (adr r3, 100021b8 <_etoa+0x450>)
10001f90:	e9d3 2300 	ldrd	r2, r3, [r3]
10001f94:	f7ff fc08 	bl	100017a8 <__wrap___aeabi_dadd>
10001f98:	f3c7 0713 	ubfx	r7, r7, #0, #20
10001f9c:	e9cd 010e 	strd	r0, r1, [sp, #56]	@ 0x38
10001fa0:	f047 517f 	orr.w	r1, r7, #1069547520	@ 0x3fc00000
10001fa4:	4640      	mov	r0, r8
10001fa6:	2200      	movs	r2, #0
10001fa8:	4b7b      	ldr	r3, [pc, #492]	@ (10002198 <_etoa+0x430>)
10001faa:	f441 1140 	orr.w	r1, r1, #3145728	@ 0x300000
10001fae:	f7ff fc0f 	bl	100017d0 <__wrap___aeabi_dsub>
10001fb2:	a36b      	add	r3, pc, #428	@ (adr r3, 10002160 <_etoa+0x3f8>)
10001fb4:	e9d3 2300 	ldrd	r2, r3, [r3]
10001fb8:	f7ff fc1e 	bl	100017f8 <__wrap___aeabi_dmul>
10001fbc:	4602      	mov	r2, r0
10001fbe:	460b      	mov	r3, r1
10001fc0:	e9dd 010e 	ldrd	r0, r1, [sp, #56]	@ 0x38
10001fc4:	f7ff fbf0 	bl	100017a8 <__wrap___aeabi_dadd>
10001fc8:	f7ff fcbc 	bl	10001944 <__wrap___aeabi_d2iz>
10001fcc:	4607      	mov	r7, r0
10001fce:	f7ff fc95 	bl	100018fc <__wrap___aeabi_i2d>
10001fd2:	a365      	add	r3, pc, #404	@ (adr r3, 10002168 <_etoa+0x400>)
10001fd4:	e9d3 2300 	ldrd	r2, r3, [r3]
10001fd8:	4680      	mov	r8, r0
10001fda:	4689      	mov	r9, r1
10001fdc:	f7ff fc0c 	bl	100017f8 <__wrap___aeabi_dmul>
10001fe0:	2200      	movs	r2, #0
10001fe2:	4b6e      	ldr	r3, [pc, #440]	@ (1000219c <_etoa+0x434>)
10001fe4:	f7ff fbe0 	bl	100017a8 <__wrap___aeabi_dadd>
10001fe8:	f7ff fcac 	bl	10001944 <__wrap___aeabi_d2iz>
10001fec:	4603      	mov	r3, r0
10001fee:	4649      	mov	r1, r9
10001ff0:	4640      	mov	r0, r8
10001ff2:	9310      	str	r3, [sp, #64]	@ 0x40
10001ff4:	a35e      	add	r3, pc, #376	@ (adr r3, 10002170 <_etoa+0x408>)
10001ff6:	e9d3 2300 	ldrd	r2, r3, [r3]
10001ffa:	f7ff fbfd 	bl	100017f8 <__wrap___aeabi_dmul>
10001ffe:	4680      	mov	r8, r0
10002000:	9810      	ldr	r0, [sp, #64]	@ 0x40
10002002:	4689      	mov	r9, r1
10002004:	f7ff fc7a 	bl	100018fc <__wrap___aeabi_i2d>
10002008:	a35b      	add	r3, pc, #364	@ (adr r3, 10002178 <_etoa+0x410>)
1000200a:	e9d3 2300 	ldrd	r2, r3, [r3]
1000200e:	f7ff fbf3 	bl	100017f8 <__wrap___aeabi_dmul>
10002012:	4602      	mov	r2, r0
10002014:	460b      	mov	r3, r1
10002016:	4640      	mov	r0, r8
10002018:	4649      	mov	r1, r9
1000201a:	f7ff fbd9 	bl	100017d0 <__wrap___aeabi_dsub>
1000201e:	4602      	mov	r2, r0
10002020:	460b      	mov	r3, r1
10002022:	4680      	mov	r8, r0
10002024:	4689      	mov	r9, r1
10002026:	f7ff fbe7 	bl	100017f8 <__wrap___aeabi_dmul>
1000202a:	4642      	mov	r2, r8
1000202c:	464b      	mov	r3, r9
1000202e:	e9cd 010e 	strd	r0, r1, [sp, #56]	@ 0x38
10002032:	4640      	mov	r0, r8
10002034:	4649      	mov	r1, r9
10002036:	f7ff fbb7 	bl	100017a8 <__wrap___aeabi_dadd>
1000203a:	2200      	movs	r2, #0
1000203c:	e9cd 0112 	strd	r0, r1, [sp, #72]	@ 0x48
10002040:	e9dd 010e 	ldrd	r0, r1, [sp, #56]	@ 0x38
10002044:	4b56      	ldr	r3, [pc, #344]	@ (100021a0 <_etoa+0x438>)
10002046:	f7ff fbfd 	bl	10001844 <__wrap___aeabi_ddiv>
1000204a:	2200      	movs	r2, #0
1000204c:	4b55      	ldr	r3, [pc, #340]	@ (100021a4 <_etoa+0x43c>)
1000204e:	f7ff fbab 	bl	100017a8 <__wrap___aeabi_dadd>
10002052:	4602      	mov	r2, r0
10002054:	460b      	mov	r3, r1
10002056:	e9dd 010e 	ldrd	r0, r1, [sp, #56]	@ 0x38
1000205a:	f7ff fbf3 	bl	10001844 <__wrap___aeabi_ddiv>
1000205e:	2200      	movs	r2, #0
10002060:	4b51      	ldr	r3, [pc, #324]	@ (100021a8 <_etoa+0x440>)
10002062:	f7ff fba1 	bl	100017a8 <__wrap___aeabi_dadd>
10002066:	4602      	mov	r2, r0
10002068:	460b      	mov	r3, r1
1000206a:	e9dd 010e 	ldrd	r0, r1, [sp, #56]	@ 0x38
1000206e:	f7ff fbe9 	bl	10001844 <__wrap___aeabi_ddiv>
10002072:	4642      	mov	r2, r8
10002074:	464b      	mov	r3, r9
10002076:	4680      	mov	r8, r0
10002078:	4689      	mov	r9, r1
1000207a:	2000      	movs	r0, #0
1000207c:	f04f 4180 	mov.w	r1, #1073741824	@ 0x40000000
10002080:	f7ff fba6 	bl	100017d0 <__wrap___aeabi_dsub>
10002084:	4602      	mov	r2, r0
10002086:	460b      	mov	r3, r1
10002088:	4640      	mov	r0, r8
1000208a:	4649      	mov	r1, r9
1000208c:	f7ff fb8c 	bl	100017a8 <__wrap___aeabi_dadd>
10002090:	4602      	mov	r2, r0
10002092:	460b      	mov	r3, r1
10002094:	e9dd 0112 	ldrd	r0, r1, [sp, #72]	@ 0x48
10002098:	f7ff fbd4 	bl	10001844 <__wrap___aeabi_ddiv>
1000209c:	2200      	movs	r2, #0
1000209e:	4b43      	ldr	r3, [pc, #268]	@ (100021ac <_etoa+0x444>)
100020a0:	f7ff fb82 	bl	100017a8 <__wrap___aeabi_dadd>
100020a4:	9b10      	ldr	r3, [sp, #64]	@ 0x40
100020a6:	2200      	movs	r2, #0
100020a8:	f203 3cff 	addw	ip, r3, #1023	@ 0x3ff
100020ac:	ea4f 530c 	mov.w	r3, ip, lsl #20
100020b0:	f7ff fba2 	bl	100017f8 <__wrap___aeabi_dmul>
100020b4:	4680      	mov	r8, r0
100020b6:	4689      	mov	r9, r1
100020b8:	e9dd 010a 	ldrd	r0, r1, [sp, #40]	@ 0x28
100020bc:	4642      	mov	r2, r8
100020be:	464b      	mov	r3, r9
100020c0:	e9cd 890e 	strd	r8, r9, [sp, #56]	@ 0x38
100020c4:	f7ff fc74 	bl	100019b0 <__wrap___aeabi_dcmplt>
100020c8:	bb60      	cbnz	r0, 10002124 <_etoa+0x3bc>
100020ca:	4643      	mov	r3, r8
100020cc:	4649      	mov	r1, r9
100020ce:	f107 0263 	add.w	r2, r7, #99	@ 0x63
100020d2:	2ac7      	cmp	r2, #199	@ 0xc7
100020d4:	bf34      	ite	cc
100020d6:	f04f 0804 	movcc.w	r8, #4
100020da:	f04f 0805 	movcs.w	r8, #5
100020de:	0522      	lsls	r2, r4, #20
100020e0:	f57f aea2 	bpl.w	10001e28 <_etoa+0xc0>
100020e4:	430b      	orrs	r3, r1
100020e6:	f43f ae91 	beq.w	10001e0c <_etoa+0xa4>
100020ea:	e9dd 010a 	ldrd	r0, r1, [sp, #40]	@ 0x28
100020ee:	a324      	add	r3, pc, #144	@ (adr r3, 10002180 <_etoa+0x418>)
100020f0:	e9d3 2300 	ldrd	r2, r3, [r3]
100020f4:	f7ff fc70 	bl	100019d8 <__wrap___aeabi_dcmpge>
100020f8:	b148      	cbz	r0, 1000210e <_etoa+0x3a6>
100020fa:	e9dd 010a 	ldrd	r0, r1, [sp, #40]	@ 0x28
100020fe:	a322      	add	r3, pc, #136	@ (adr r3, 10002188 <_etoa+0x420>)
10002100:	e9d3 2300 	ldrd	r2, r3, [r3]
10002104:	f7ff fc54 	bl	100019b0 <__wrap___aeabi_dcmplt>
10002108:	2800      	cmp	r0, #0
1000210a:	f47f ae7f 	bne.w	10001e0c <_etoa+0xa4>
1000210e:	f1ba 0f00 	cmp.w	sl, #0
10002112:	f43f ae89 	beq.w	10001e28 <_etoa+0xc0>
10002116:	9b11      	ldr	r3, [sp, #68]	@ 0x44
10002118:	2b00      	cmp	r3, #0
1000211a:	f43f ae85 	beq.w	10001e28 <_etoa+0xc0>
1000211e:	f10a 3aff 	add.w	sl, sl, #4294967295	@ 0xffffffff
10002122:	e681      	b.n	10001e28 <_etoa+0xc0>
10002124:	2200      	movs	r2, #0
10002126:	4b1f      	ldr	r3, [pc, #124]	@ (100021a4 <_etoa+0x43c>)
10002128:	4640      	mov	r0, r8
1000212a:	4649      	mov	r1, r9
1000212c:	f7ff fb8a 	bl	10001844 <__wrap___aeabi_ddiv>
10002130:	460a      	mov	r2, r1
10002132:	4601      	mov	r1, r0
10002134:	4603      	mov	r3, r0
10002136:	e9cd 120e 	strd	r1, r2, [sp, #56]	@ 0x38
1000213a:	3f01      	subs	r7, #1
1000213c:	4611      	mov	r1, r2
1000213e:	e7c6      	b.n	100020ce <_etoa+0x366>
10002140:	ed9f 7b13 	vldr	d7, [pc, #76]	@ 10002190 <_etoa+0x428>
10002144:	461f      	mov	r7, r3
10002146:	f04f 0804 	mov.w	r8, #4
1000214a:	ed8d 7b0e 	vstr	d7, [sp, #56]	@ 0x38
1000214e:	e66b      	b.n	10001e28 <_etoa+0xc0>
10002150:	f108 4300 	add.w	r3, r8, #2147483648	@ 0x80000000
10002154:	970a      	str	r7, [sp, #40]	@ 0x28
10002156:	930b      	str	r3, [sp, #44]	@ 0x2c
10002158:	e641      	b.n	10001dde <_etoa+0x76>
1000215a:	bf00      	nop
1000215c:	f3af 8000 	nop.w
10002160:	636f4361 	.word	0x636f4361
10002164:	3fd287a7 	.word	0x3fd287a7
10002168:	0979a371 	.word	0x0979a371
1000216c:	400a934f 	.word	0x400a934f
10002170:	bbb55516 	.word	0xbbb55516
10002174:	40026bb1 	.word	0x40026bb1
10002178:	fefa39ef 	.word	0xfefa39ef
1000217c:	3fe62e42 	.word	0x3fe62e42
10002180:	eb1c432d 	.word	0xeb1c432d
10002184:	3f1a36e2 	.word	0x3f1a36e2
10002188:	00000000 	.word	0x00000000
1000218c:	412e8480 	.word	0x412e8480
	...
10002198:	3ff80000 	.word	0x3ff80000
1000219c:	3fe00000 	.word	0x3fe00000
100021a0:	402c0000 	.word	0x402c0000
100021a4:	40240000 	.word	0x40240000
100021a8:	40180000 	.word	0x40180000
100021ac:	3ff00000 	.word	0x3ff00000
100021b0:	509f79fb 	.word	0x509f79fb
100021b4:	3fd34413 	.word	0x3fd34413
100021b8:	8b60c8b3 	.word	0x8b60c8b3
100021bc:	3fc68a28 	.word	0x3fc68a28

100021c0 <_ftoa>:
100021c0:	e92d 4ff0 	stmdb	sp!, {r4, r5, r6, r7, r8, r9, sl, fp, lr}
100021c4:	b097      	sub	sp, #92	@ 0x5c
100021c6:	e9dd 8920 	ldrd	r8, r9, [sp, #128]	@ 0x80
100021ca:	e9cd 0104 	strd	r0, r1, [sp, #16]
100021ce:	e9dd 4b22 	ldrd	r4, fp, [sp, #136]	@ 0x88
100021d2:	e9cd 2306 	strd	r2, r3, [sp, #24]
100021d6:	4640      	mov	r0, r8
100021d8:	4642      	mov	r2, r8
100021da:	464b      	mov	r3, r9
100021dc:	4649      	mov	r1, r9
100021de:	f8dd a090 	ldr.w	sl, [sp, #144]	@ 0x90
100021e2:	f7ff fbd3 	bl	1000198c <__wrap___aeabi_dcmpun>
100021e6:	2800      	cmp	r0, #0
100021e8:	f040 81c6 	bne.w	10002578 <_ftoa+0x3b8>
100021ec:	4640      	mov	r0, r8
100021ee:	4649      	mov	r1, r9
100021f0:	f04f 32ff 	mov.w	r2, #4294967295	@ 0xffffffff
100021f4:	f46f 1380 	mvn.w	r3, #1048576	@ 0x100000
100021f8:	f7ff fbda 	bl	100019b0 <__wrap___aeabi_dcmplt>
100021fc:	2800      	cmp	r0, #0
100021fe:	f040 811d 	bne.w	1000243c <_ftoa+0x27c>
10002202:	4640      	mov	r0, r8
10002204:	4649      	mov	r1, r9
10002206:	f04f 32ff 	mov.w	r2, #4294967295	@ 0xffffffff
1000220a:	4bc1      	ldr	r3, [pc, #772]	@ (10002510 <_ftoa+0x350>)
1000220c:	f7ff fbf8 	bl	10001a00 <__wrap___aeabi_dcmpgt>
10002210:	2800      	cmp	r0, #0
10002212:	f040 80e3 	bne.w	100023dc <_ftoa+0x21c>
10002216:	a3b8      	add	r3, pc, #736	@ (adr r3, 100024f8 <_ftoa+0x338>)
10002218:	e9d3 2300 	ldrd	r2, r3, [r3]
1000221c:	4640      	mov	r0, r8
1000221e:	4649      	mov	r1, r9
10002220:	f7ff fbee 	bl	10001a00 <__wrap___aeabi_dcmpgt>
10002224:	2800      	cmp	r0, #0
10002226:	f040 80cb 	bne.w	100023c0 <_ftoa+0x200>
1000222a:	a3b5      	add	r3, pc, #724	@ (adr r3, 10002500 <_ftoa+0x340>)
1000222c:	e9d3 2300 	ldrd	r2, r3, [r3]
10002230:	4640      	mov	r0, r8
10002232:	4649      	mov	r1, r9
10002234:	f7ff fbbc 	bl	100019b0 <__wrap___aeabi_dcmplt>
10002238:	2800      	cmp	r0, #0
1000223a:	f040 80c1 	bne.w	100023c0 <_ftoa+0x200>
1000223e:	4640      	mov	r0, r8
10002240:	4649      	mov	r1, r9
10002242:	2200      	movs	r2, #0
10002244:	2300      	movs	r3, #0
10002246:	f7ff fbb3 	bl	100019b0 <__wrap___aeabi_dcmplt>
1000224a:	2800      	cmp	r0, #0
1000224c:	f040 80e0 	bne.w	10002410 <_ftoa+0x250>
10002250:	f41a 6580 	ands.w	r5, sl, #1024	@ 0x400
10002254:	900d      	str	r0, [sp, #52]	@ 0x34
10002256:	f000 80e9 	beq.w	1000242c <_ftoa+0x26c>
1000225a:	2c09      	cmp	r4, #9
1000225c:	f240 8197 	bls.w	1000258e <_ftoa+0x3ce>
10002260:	ab0e      	add	r3, sp, #56	@ 0x38
10002262:	461a      	mov	r2, r3
10002264:	930c      	str	r3, [sp, #48]	@ 0x30
10002266:	2130      	movs	r1, #48	@ 0x30
10002268:	2300      	movs	r3, #0
1000226a:	f1a4 0509 	sub.w	r5, r4, #9
1000226e:	3301      	adds	r3, #1
10002270:	2b20      	cmp	r3, #32
10002272:	f802 1b01 	strb.w	r1, [r2], #1
10002276:	eba4 0603 	sub.w	r6, r4, r3
1000227a:	f000 813a 	beq.w	100024f2 <_ftoa+0x332>
1000227e:	42ab      	cmp	r3, r5
10002280:	d1f5      	bne.n	1000226e <_ftoa+0xae>
10002282:	ed9f 7b9d 	vldr	d7, [pc, #628]	@ 100024f8 <_ftoa+0x338>
10002286:	ed8d 7b08 	vstr	d7, [sp, #32]
1000228a:	4649      	mov	r1, r9
1000228c:	4640      	mov	r0, r8
1000228e:	f7ff fb59 	bl	10001944 <__wrap___aeabi_d2iz>
10002292:	4604      	mov	r4, r0
10002294:	f7ff fb32 	bl	100018fc <__wrap___aeabi_i2d>
10002298:	4602      	mov	r2, r0
1000229a:	460b      	mov	r3, r1
1000229c:	4640      	mov	r0, r8
1000229e:	4649      	mov	r1, r9
100022a0:	f7ff fa96 	bl	100017d0 <__wrap___aeabi_dsub>
100022a4:	e9dd 2308 	ldrd	r2, r3, [sp, #32]
100022a8:	f7ff faa6 	bl	100017f8 <__wrap___aeabi_dmul>
100022ac:	4602      	mov	r2, r0
100022ae:	460b      	mov	r3, r1
100022b0:	e9cd 230a 	strd	r2, r3, [sp, #40]	@ 0x28
100022b4:	f7ff fb58 	bl	10001968 <__wrap___aeabi_d2uiz>
100022b8:	4607      	mov	r7, r0
100022ba:	f7ff fb31 	bl	10001920 <__wrap___aeabi_ui2d>
100022be:	4602      	mov	r2, r0
100022c0:	460b      	mov	r3, r1
100022c2:	e9dd 010a 	ldrd	r0, r1, [sp, #40]	@ 0x28
100022c6:	f7ff fa83 	bl	100017d0 <__wrap___aeabi_dsub>
100022ca:	4602      	mov	r2, r0
100022cc:	460b      	mov	r3, r1
100022ce:	e9cd 230a 	strd	r2, r3, [sp, #40]	@ 0x28
100022d2:	2200      	movs	r2, #0
100022d4:	4b8f      	ldr	r3, [pc, #572]	@ (10002514 <_ftoa+0x354>)
100022d6:	f7ff fb93 	bl	10001a00 <__wrap___aeabi_dcmpgt>
100022da:	2800      	cmp	r0, #0
100022dc:	f000 80db 	beq.w	10002496 <_ftoa+0x2d6>
100022e0:	3701      	adds	r7, #1
100022e2:	4638      	mov	r0, r7
100022e4:	f7ff fb1c 	bl	10001920 <__wrap___aeabi_ui2d>
100022e8:	e9dd 2308 	ldrd	r2, r3, [sp, #32]
100022ec:	f7ff fb74 	bl	100019d8 <__wrap___aeabi_dcmpge>
100022f0:	b108      	cbz	r0, 100022f6 <_ftoa+0x136>
100022f2:	2700      	movs	r7, #0
100022f4:	3401      	adds	r4, #1
100022f6:	2e00      	cmp	r6, #0
100022f8:	f040 80b1 	bne.w	1000245e <_ftoa+0x29e>
100022fc:	4620      	mov	r0, r4
100022fe:	f7ff fafd 	bl	100018fc <__wrap___aeabi_i2d>
10002302:	4602      	mov	r2, r0
10002304:	460b      	mov	r3, r1
10002306:	4640      	mov	r0, r8
10002308:	4649      	mov	r1, r9
1000230a:	f7ff fa61 	bl	100017d0 <__wrap___aeabi_dsub>
1000230e:	2200      	movs	r2, #0
10002310:	4b80      	ldr	r3, [pc, #512]	@ (10002514 <_ftoa+0x354>)
10002312:	4606      	mov	r6, r0
10002314:	460f      	mov	r7, r1
10002316:	f7ff fb4b 	bl	100019b0 <__wrap___aeabi_dcmplt>
1000231a:	b940      	cbnz	r0, 1000232e <_ftoa+0x16e>
1000231c:	4630      	mov	r0, r6
1000231e:	4639      	mov	r1, r7
10002320:	2200      	movs	r2, #0
10002322:	4b7c      	ldr	r3, [pc, #496]	@ (10002514 <_ftoa+0x354>)
10002324:	f7ff fb6c 	bl	10001a00 <__wrap___aeabi_dcmpgt>
10002328:	2800      	cmp	r0, #0
1000232a:	f000 8116 	beq.w	1000255a <_ftoa+0x39a>
1000232e:	9b0c      	ldr	r3, [sp, #48]	@ 0x30
10002330:	1e69      	subs	r1, r5, #1
10002332:	4879      	ldr	r0, [pc, #484]	@ (10002518 <_ftoa+0x358>)
10002334:	4419      	add	r1, r3
10002336:	e010      	b.n	1000235a <_ftoa+0x19a>
10002338:	fb80 6204 	smull	r6, r2, r0, r4
1000233c:	ebc3 03a2 	rsb	r3, r3, r2, asr #2
10002340:	eb03 0283 	add.w	r2, r3, r3, lsl #2
10002344:	eba4 0442 	sub.w	r4, r4, r2, lsl #1
10002348:	f104 0230 	add.w	r2, r4, #48	@ 0x30
1000234c:	3501      	adds	r5, #1
1000234e:	461c      	mov	r4, r3
10002350:	f801 2f01 	strb.w	r2, [r1, #1]!
10002354:	2b00      	cmp	r3, #0
10002356:	f000 80ab 	beq.w	100024b0 <_ftoa+0x2f0>
1000235a:	2d20      	cmp	r5, #32
1000235c:	ea4f 73e4 	mov.w	r3, r4, asr #31
10002360:	d1ea      	bne.n	10002338 <_ftoa+0x178>
10002362:	f00a 0303 	and.w	r3, sl, #3
10002366:	2b01      	cmp	r3, #1
10002368:	d11c      	bne.n	100023a4 <_ftoa+0x1e4>
1000236a:	f1bb 0f00 	cmp.w	fp, #0
1000236e:	d019      	beq.n	100023a4 <_ftoa+0x1e4>
10002370:	9b0d      	ldr	r3, [sp, #52]	@ 0x34
10002372:	2b00      	cmp	r3, #0
10002374:	f040 80fa 	bne.w	1000256c <_ftoa+0x3ac>
10002378:	f01a 0f0c 	tst.w	sl, #12
1000237c:	f040 80f6 	bne.w	1000256c <_ftoa+0x3ac>
10002380:	45ab      	cmp	fp, r5
10002382:	f240 80d3 	bls.w	1000252c <_ftoa+0x36c>
10002386:	2d20      	cmp	r5, #32
10002388:	d00b      	beq.n	100023a2 <_ftoa+0x1e2>
1000238a:	2230      	movs	r2, #48	@ 0x30
1000238c:	990c      	ldr	r1, [sp, #48]	@ 0x30
1000238e:	1e6b      	subs	r3, r5, #1
10002390:	440b      	add	r3, r1
10002392:	3501      	adds	r5, #1
10002394:	455d      	cmp	r5, fp
10002396:	f803 2f01 	strb.w	r2, [r3, #1]!
1000239a:	f000 808d 	beq.w	100024b8 <_ftoa+0x2f8>
1000239e:	2d20      	cmp	r5, #32
100023a0:	d1f7      	bne.n	10002392 <_ftoa+0x1d2>
100023a2:	2520      	movs	r5, #32
100023a4:	e9dd 2306 	ldrd	r2, r3, [sp, #24]
100023a8:	e9dd 0104 	ldrd	r0, r1, [sp, #16]
100023ac:	9c0c      	ldr	r4, [sp, #48]	@ 0x30
100023ae:	e9cd ba02 	strd	fp, sl, [sp, #8]
100023b2:	9501      	str	r5, [sp, #4]
100023b4:	9400      	str	r4, [sp, #0]
100023b6:	f7ff fb35 	bl	10001a24 <_out_rev>
100023ba:	b017      	add	sp, #92	@ 0x5c
100023bc:	e8bd 8ff0 	ldmia.w	sp!, {r4, r5, r6, r7, r8, r9, sl, fp, pc}
100023c0:	e9cd 8920 	strd	r8, r9, [sp, #128]	@ 0x80
100023c4:	e9dd 2306 	ldrd	r2, r3, [sp, #24]
100023c8:	e9dd 0104 	ldrd	r0, r1, [sp, #16]
100023cc:	e9cd ba23 	strd	fp, sl, [sp, #140]	@ 0x8c
100023d0:	9422      	str	r4, [sp, #136]	@ 0x88
100023d2:	b017      	add	sp, #92	@ 0x5c
100023d4:	e8bd 4ff0 	ldmia.w	sp!, {r4, r5, r6, r7, r8, r9, sl, fp, lr}
100023d8:	f7ff bcc6 	b.w	10001d68 <_etoa>
100023dc:	4d4f      	ldr	r5, [pc, #316]	@ (1000251c <_ftoa+0x35c>)
100023de:	f8cd a08c 	str.w	sl, [sp, #140]	@ 0x8c
100023e2:	f00a 0a04 	and.w	sl, sl, #4
100023e6:	f1ba 0f00 	cmp.w	sl, #0
100023ea:	4c4d      	ldr	r4, [pc, #308]	@ (10002520 <_ftoa+0x360>)
100023ec:	bf18      	it	ne
100023ee:	462c      	movne	r4, r5
100023f0:	e9dd 2306 	ldrd	r2, r3, [sp, #24]
100023f4:	e9dd 0104 	ldrd	r0, r1, [sp, #16]
100023f8:	9420      	str	r4, [sp, #128]	@ 0x80
100023fa:	bf0c      	ite	eq
100023fc:	2403      	moveq	r4, #3
100023fe:	2404      	movne	r4, #4
10002400:	f8cd b088 	str.w	fp, [sp, #136]	@ 0x88
10002404:	9421      	str	r4, [sp, #132]	@ 0x84
10002406:	b017      	add	sp, #92	@ 0x5c
10002408:	e8bd 4ff0 	ldmia.w	sp!, {r4, r5, r6, r7, r8, r9, sl, fp, lr}
1000240c:	f7ff bb0a 	b.w	10001a24 <_out_rev>
10002410:	2101      	movs	r1, #1
10002412:	4642      	mov	r2, r8
10002414:	464b      	mov	r3, r9
10002416:	910d      	str	r1, [sp, #52]	@ 0x34
10002418:	2000      	movs	r0, #0
1000241a:	2100      	movs	r1, #0
1000241c:	f7ff f9d8 	bl	100017d0 <__wrap___aeabi_dsub>
10002420:	f41a 6580 	ands.w	r5, sl, #1024	@ 0x400
10002424:	4680      	mov	r8, r0
10002426:	4689      	mov	r9, r1
10002428:	f47f af17 	bne.w	1000225a <_ftoa+0x9a>
1000242c:	ed9f 7b36 	vldr	d7, [pc, #216]	@ 10002508 <_ftoa+0x348>
10002430:	ab0e      	add	r3, sp, #56	@ 0x38
10002432:	2606      	movs	r6, #6
10002434:	ed8d 7b08 	vstr	d7, [sp, #32]
10002438:	930c      	str	r3, [sp, #48]	@ 0x30
1000243a:	e726      	b.n	1000228a <_ftoa+0xca>
1000243c:	2404      	movs	r4, #4
1000243e:	e9dd 2306 	ldrd	r2, r3, [sp, #24]
10002442:	e9dd 0104 	ldrd	r0, r1, [sp, #16]
10002446:	4d37      	ldr	r5, [pc, #220]	@ (10002524 <_ftoa+0x364>)
10002448:	f8cd a08c 	str.w	sl, [sp, #140]	@ 0x8c
1000244c:	f8cd b088 	str.w	fp, [sp, #136]	@ 0x88
10002450:	9520      	str	r5, [sp, #128]	@ 0x80
10002452:	9421      	str	r4, [sp, #132]	@ 0x84
10002454:	b017      	add	sp, #92	@ 0x5c
10002456:	e8bd 4ff0 	ldmia.w	sp!, {r4, r5, r6, r7, r8, r9, sl, fp, lr}
1000245a:	f7ff bae3 	b.w	10001a24 <_out_rev>
1000245e:	9b0c      	ldr	r3, [sp, #48]	@ 0x30
10002460:	1e68      	subs	r0, r5, #1
10002462:	f8df c0c4 	ldr.w	ip, [pc, #196]	@ 10002528 <_ftoa+0x368>
10002466:	4418      	add	r0, r3
10002468:	e00d      	b.n	10002486 <_ftoa+0x2c6>
1000246a:	fbac 3207 	umull	r3, r2, ip, r7
1000246e:	08d2      	lsrs	r2, r2, #3
10002470:	eb02 0382 	add.w	r3, r2, r2, lsl #2
10002474:	eba7 0343 	sub.w	r3, r7, r3, lsl #1
10002478:	3330      	adds	r3, #48	@ 0x30
1000247a:	2f09      	cmp	r7, #9
1000247c:	f800 3f01 	strb.w	r3, [r0, #1]!
10002480:	d927      	bls.n	100024d2 <_ftoa+0x312>
10002482:	4617      	mov	r7, r2
10002484:	460d      	mov	r5, r1
10002486:	2d20      	cmp	r5, #32
10002488:	f105 0101 	add.w	r1, r5, #1
1000248c:	f106 36ff 	add.w	r6, r6, #4294967295	@ 0xffffffff
10002490:	d1eb      	bne.n	1000246a <_ftoa+0x2aa>
10002492:	2520      	movs	r5, #32
10002494:	e74b      	b.n	1000232e <_ftoa+0x16e>
10002496:	2200      	movs	r2, #0
10002498:	e9dd 010a 	ldrd	r0, r1, [sp, #40]	@ 0x28
1000249c:	4b1d      	ldr	r3, [pc, #116]	@ (10002514 <_ftoa+0x354>)
1000249e:	f7ff fa87 	bl	100019b0 <__wrap___aeabi_dcmplt>
100024a2:	2800      	cmp	r0, #0
100024a4:	f47f af27 	bne.w	100022f6 <_ftoa+0x136>
100024a8:	2f00      	cmp	r7, #0
100024aa:	d15b      	bne.n	10002564 <_ftoa+0x3a4>
100024ac:	3701      	adds	r7, #1
100024ae:	e722      	b.n	100022f6 <_ftoa+0x136>
100024b0:	f00a 0303 	and.w	r3, sl, #3
100024b4:	2b01      	cmp	r3, #1
100024b6:	d076      	beq.n	100025a6 <_ftoa+0x3e6>
100024b8:	2d20      	cmp	r5, #32
100024ba:	f43f af73 	beq.w	100023a4 <_ftoa+0x1e4>
100024be:	9b0d      	ldr	r3, [sp, #52]	@ 0x34
100024c0:	b3bb      	cbz	r3, 10002532 <_ftoa+0x372>
100024c2:	222d      	movs	r2, #45	@ 0x2d
100024c4:	f105 0358 	add.w	r3, r5, #88	@ 0x58
100024c8:	446b      	add	r3, sp
100024ca:	f803 2c20 	strb.w	r2, [r3, #-32]
100024ce:	3501      	adds	r5, #1
100024d0:	e768      	b.n	100023a4 <_ftoa+0x1e4>
100024d2:	2920      	cmp	r1, #32
100024d4:	d0dd      	beq.n	10002492 <_ftoa+0x2d2>
100024d6:	b3ae      	cbz	r6, 10002544 <_ftoa+0x384>
100024d8:	9b0c      	ldr	r3, [sp, #48]	@ 0x30
100024da:	440e      	add	r6, r1
100024dc:	441d      	add	r5, r3
100024de:	2330      	movs	r3, #48	@ 0x30
100024e0:	e001      	b.n	100024e6 <_ftoa+0x326>
100024e2:	42b1      	cmp	r1, r6
100024e4:	d02f      	beq.n	10002546 <_ftoa+0x386>
100024e6:	3101      	adds	r1, #1
100024e8:	2920      	cmp	r1, #32
100024ea:	f805 3f01 	strb.w	r3, [r5, #1]!
100024ee:	d1f8      	bne.n	100024e2 <_ftoa+0x322>
100024f0:	e7cf      	b.n	10002492 <_ftoa+0x2d2>
100024f2:	461d      	mov	r5, r3
100024f4:	e6c5      	b.n	10002282 <_ftoa+0xc2>
100024f6:	bf00      	nop
100024f8:	00000000 	.word	0x00000000
100024fc:	41cdcd65 	.word	0x41cdcd65
10002500:	00000000 	.word	0x00000000
10002504:	c1cdcd65 	.word	0xc1cdcd65
10002508:	00000000 	.word	0x00000000
1000250c:	412e8480 	.word	0x412e8480
10002510:	7fefffff 	.word	0x7fefffff
10002514:	3fe00000 	.word	0x3fe00000
10002518:	66666667 	.word	0x66666667
1000251c:	100060f8 	.word	0x100060f8
10002520:	10006100 	.word	0x10006100
10002524:	10006108 	.word	0x10006108
10002528:	cccccccd 	.word	0xcccccccd
1000252c:	2d20      	cmp	r5, #32
1000252e:	f43f af39 	beq.w	100023a4 <_ftoa+0x1e4>
10002532:	f01a 0f04 	tst.w	sl, #4
10002536:	d10e      	bne.n	10002556 <_ftoa+0x396>
10002538:	f01a 0f08 	tst.w	sl, #8
1000253c:	f43f af32 	beq.w	100023a4 <_ftoa+0x1e4>
10002540:	2220      	movs	r2, #32
10002542:	e7bf      	b.n	100024c4 <_ftoa+0x304>
10002544:	460e      	mov	r6, r1
10002546:	222e      	movs	r2, #46	@ 0x2e
10002548:	f106 0358 	add.w	r3, r6, #88	@ 0x58
1000254c:	446b      	add	r3, sp
1000254e:	f803 2c20 	strb.w	r2, [r3, #-32]
10002552:	1c75      	adds	r5, r6, #1
10002554:	e6eb      	b.n	1000232e <_ftoa+0x16e>
10002556:	222b      	movs	r2, #43	@ 0x2b
10002558:	e7b4      	b.n	100024c4 <_ftoa+0x304>
1000255a:	07e3      	lsls	r3, r4, #31
1000255c:	f57f aee7 	bpl.w	1000232e <_ftoa+0x16e>
10002560:	3401      	adds	r4, #1
10002562:	e6e4      	b.n	1000232e <_ftoa+0x16e>
10002564:	07fa      	lsls	r2, r7, #31
10002566:	f57f aec6 	bpl.w	100022f6 <_ftoa+0x136>
1000256a:	e79f      	b.n	100024ac <_ftoa+0x2ec>
1000256c:	f10b 3bff 	add.w	fp, fp, #4294967295	@ 0xffffffff
10002570:	45ab      	cmp	fp, r5
10002572:	f63f af08 	bhi.w	10002386 <_ftoa+0x1c6>
10002576:	e79f      	b.n	100024b8 <_ftoa+0x2f8>
10002578:	2403      	movs	r4, #3
1000257a:	e9dd 2306 	ldrd	r2, r3, [sp, #24]
1000257e:	e9dd 0104 	ldrd	r0, r1, [sp, #16]
10002582:	4d0b      	ldr	r5, [pc, #44]	@ (100025b0 <_ftoa+0x3f0>)
10002584:	f8cd a08c 	str.w	sl, [sp, #140]	@ 0x8c
10002588:	f8cd b088 	str.w	fp, [sp, #136]	@ 0x88
1000258c:	e760      	b.n	10002450 <_ftoa+0x290>
1000258e:	4b09      	ldr	r3, [pc, #36]	@ (100025b4 <_ftoa+0x3f4>)
10002590:	4626      	mov	r6, r4
10002592:	eb03 03c4 	add.w	r3, r3, r4, lsl #3
10002596:	ed93 7b00 	vldr	d7, [r3]
1000259a:	ab0e      	add	r3, sp, #56	@ 0x38
1000259c:	ed8d 7b08 	vstr	d7, [sp, #32]
100025a0:	2500      	movs	r5, #0
100025a2:	930c      	str	r3, [sp, #48]	@ 0x30
100025a4:	e671      	b.n	1000228a <_ftoa+0xca>
100025a6:	f1bb 0f00 	cmp.w	fp, #0
100025aa:	d085      	beq.n	100024b8 <_ftoa+0x2f8>
100025ac:	e6e0      	b.n	10002370 <_ftoa+0x1b0>
100025ae:	bf00      	nop
100025b0:	10006104 	.word	0x10006104
100025b4:	10006110 	.word	0x10006110

100025b8 <_vsnprintf>:
100025b8:	e92d 4ff0 	stmdb	sp!, {r4, r5, r6, r7, r8, r9, sl, fp, lr}
100025bc:	461c      	mov	r4, r3
100025be:	4d9b      	ldr	r5, [pc, #620]	@ (1000282c <_vsnprintf+0x274>)
100025c0:	4b9b      	ldr	r3, [pc, #620]	@ (10002830 <_vsnprintf+0x278>)
100025c2:	f1b1 0a00 	subs.w	sl, r1, #0
100025c6:	bf18      	it	ne
100025c8:	4683      	movne	fp, r0
100025ca:	601d      	str	r5, [r3, #0]
100025cc:	7820      	ldrb	r0, [r4, #0]
100025ce:	4d99      	ldr	r5, [pc, #612]	@ (10002834 <_vsnprintf+0x27c>)
100025d0:	b09b      	sub	sp, #108	@ 0x6c
100025d2:	bf08      	it	eq
100025d4:	46ab      	moveq	fp, r5
100025d6:	4691      	mov	r9, r2
100025d8:	9e24      	ldr	r6, [sp, #144]	@ 0x90
100025da:	2800      	cmp	r0, #0
100025dc:	f000 82e7 	beq.w	10002bae <_vsnprintf+0x5f6>
100025e0:	2500      	movs	r5, #0
100025e2:	46b0      	mov	r8, r6
100025e4:	e009      	b.n	100025fa <_vsnprintf+0x42>
100025e6:	462a      	mov	r2, r5
100025e8:	464b      	mov	r3, r9
100025ea:	4651      	mov	r1, sl
100025ec:	47d8      	blx	fp
100025ee:	3501      	adds	r5, #1
100025f0:	3401      	adds	r4, #1
100025f2:	7820      	ldrb	r0, [r4, #0]
100025f4:	2800      	cmp	r0, #0
100025f6:	f000 80bd 	beq.w	10002774 <_vsnprintf+0x1bc>
100025fa:	2825      	cmp	r0, #37	@ 0x25
100025fc:	d1f3      	bne.n	100025e6 <_vsnprintf+0x2e>
100025fe:	2200      	movs	r2, #0
10002600:	1c63      	adds	r3, r4, #1
10002602:	461c      	mov	r4, r3
10002604:	f813 0b01 	ldrb.w	r0, [r3], #1
10002608:	f1a0 0120 	sub.w	r1, r0, #32
1000260c:	2910      	cmp	r1, #16
1000260e:	d80a      	bhi.n	10002626 <_vsnprintf+0x6e>
10002610:	e8df f001 	tbb	[pc, r1]
10002614:	3a09093d 	.word	0x3a09093d
10002618:	09090909 	.word	0x09090909
1000261c:	37090909 	.word	0x37090909
10002620:	09093409 	.word	0x09093409
10002624:	31          	.byte	0x31
10002625:	00          	.byte	0x00
10002626:	f1a0 0330 	sub.w	r3, r0, #48	@ 0x30
1000262a:	2b09      	cmp	r3, #9
1000262c:	9409      	str	r4, [sp, #36]	@ 0x24
1000262e:	f240 80b0 	bls.w	10002792 <_vsnprintf+0x1da>
10002632:	282a      	cmp	r0, #42	@ 0x2a
10002634:	f000 80cd 	beq.w	100027d2 <_vsnprintf+0x21a>
10002638:	282e      	cmp	r0, #46	@ 0x2e
1000263a:	f04f 0600 	mov.w	r6, #0
1000263e:	f000 80b9 	beq.w	100027b4 <_vsnprintf+0x1fc>
10002642:	2700      	movs	r7, #0
10002644:	f1a0 0368 	sub.w	r3, r0, #104	@ 0x68
10002648:	2b12      	cmp	r3, #18
1000264a:	d829      	bhi.n	100026a0 <_vsnprintf+0xe8>
1000264c:	e8df f013 	tbh	[pc, r3, lsl #1]
10002650:	00280105 	.word	0x00280105
10002654:	002800fe 	.word	0x002800fe
10002658:	002800f4 	.word	0x002800f4
1000265c:	00280028 	.word	0x00280028
10002660:	00280028 	.word	0x00280028
10002664:	00280028 	.word	0x00280028
10002668:	00280022 	.word	0x00280022
1000266c:	00280028 	.word	0x00280028
10002670:	00280028 	.word	0x00280028
10002674:	0022      	.short	0x0022
10002676:	f042 0201 	orr.w	r2, r2, #1
1000267a:	e7c2      	b.n	10002602 <_vsnprintf+0x4a>
1000267c:	f042 0202 	orr.w	r2, r2, #2
10002680:	e7bf      	b.n	10002602 <_vsnprintf+0x4a>
10002682:	f042 0204 	orr.w	r2, r2, #4
10002686:	e7bc      	b.n	10002602 <_vsnprintf+0x4a>
10002688:	f042 0210 	orr.w	r2, r2, #16
1000268c:	e7b9      	b.n	10002602 <_vsnprintf+0x4a>
1000268e:	f042 0208 	orr.w	r2, r2, #8
10002692:	e7b6      	b.n	10002602 <_vsnprintf+0x4a>
10002694:	9b09      	ldr	r3, [sp, #36]	@ 0x24
10002696:	f442 7280 	orr.w	r2, r2, #256	@ 0x100
1000269a:	7858      	ldrb	r0, [r3, #1]
1000269c:	3301      	adds	r3, #1
1000269e:	9309      	str	r3, [sp, #36]	@ 0x24
100026a0:	2867      	cmp	r0, #103	@ 0x67
100026a2:	d84a      	bhi.n	1000273a <_vsnprintf+0x182>
100026a4:	2824      	cmp	r0, #36	@ 0x24
100026a6:	d95a      	bls.n	1000275e <_vsnprintf+0x1a6>
100026a8:	f1a0 0325 	sub.w	r3, r0, #37	@ 0x25
100026ac:	2b42      	cmp	r3, #66	@ 0x42
100026ae:	d856      	bhi.n	1000275e <_vsnprintf+0x1a6>
100026b0:	e8df f013 	tbh	[pc, r3, lsl #1]
100026b4:	005500f6 	.word	0x005500f6
100026b8:	00550055 	.word	0x00550055
100026bc:	00550055 	.word	0x00550055
100026c0:	00550055 	.word	0x00550055
100026c4:	00550055 	.word	0x00550055
100026c8:	00550055 	.word	0x00550055
100026cc:	00550055 	.word	0x00550055
100026d0:	00550055 	.word	0x00550055
100026d4:	00550055 	.word	0x00550055
100026d8:	00550055 	.word	0x00550055
100026dc:	00550055 	.word	0x00550055
100026e0:	00550055 	.word	0x00550055
100026e4:	00550055 	.word	0x00550055
100026e8:	00550055 	.word	0x00550055
100026ec:	00550055 	.word	0x00550055
100026f0:	00550055 	.word	0x00550055
100026f4:	00dd009e 	.word	0x00dd009e
100026f8:	0055009e 	.word	0x0055009e
100026fc:	00550055 	.word	0x00550055
10002700:	00550055 	.word	0x00550055
10002704:	00550055 	.word	0x00550055
10002708:	00550055 	.word	0x00550055
1000270c:	00550055 	.word	0x00550055
10002710:	00550055 	.word	0x00550055
10002714:	00550055 	.word	0x00550055
10002718:	01960055 	.word	0x01960055
1000271c:	00550055 	.word	0x00550055
10002720:	00550055 	.word	0x00550055
10002724:	00550055 	.word	0x00550055
10002728:	00550055 	.word	0x00550055
1000272c:	01960055 	.word	0x01960055
10002730:	019600ff 	.word	0x019600ff
10002734:	00dd009e 	.word	0x00dd009e
10002738:	009e      	.short	0x009e
1000273a:	f1a0 0169 	sub.w	r1, r0, #105	@ 0x69
1000273e:	b2c9      	uxtb	r1, r1
10002740:	290f      	cmp	r1, #15
10002742:	d80c      	bhi.n	1000275e <_vsnprintf+0x1a6>
10002744:	2301      	movs	r3, #1
10002746:	f249 0441 	movw	r4, #36929	@ 0x9041
1000274a:	408b      	lsls	r3, r1
1000274c:	4023      	ands	r3, r4
1000274e:	f040 81dc 	bne.w	10002b0a <_vsnprintf+0x552>
10002752:	290a      	cmp	r1, #10
10002754:	f000 80e8 	beq.w	10002928 <_vsnprintf+0x370>
10002758:	2907      	cmp	r1, #7
1000275a:	f000 80c5 	beq.w	100028e8 <_vsnprintf+0x330>
1000275e:	9c09      	ldr	r4, [sp, #36]	@ 0x24
10002760:	462a      	mov	r2, r5
10002762:	464b      	mov	r3, r9
10002764:	4651      	mov	r1, sl
10002766:	3401      	adds	r4, #1
10002768:	47d8      	blx	fp
1000276a:	7820      	ldrb	r0, [r4, #0]
1000276c:	3501      	adds	r5, #1
1000276e:	2800      	cmp	r0, #0
10002770:	f47f af43 	bne.w	100025fa <_vsnprintf+0x42>
10002774:	462c      	mov	r4, r5
10002776:	462a      	mov	r2, r5
10002778:	4591      	cmp	r9, r2
1000277a:	d802      	bhi.n	10002782 <_vsnprintf+0x1ca>
1000277c:	f109 33ff 	add.w	r3, r9, #4294967295	@ 0xffffffff
10002780:	461a      	mov	r2, r3
10002782:	464b      	mov	r3, r9
10002784:	4651      	mov	r1, sl
10002786:	2000      	movs	r0, #0
10002788:	47d8      	blx	fp
1000278a:	4620      	mov	r0, r4
1000278c:	b01b      	add	sp, #108	@ 0x6c
1000278e:	e8bd 8ff0 	ldmia.w	sp!, {r4, r5, r6, r7, r8, r9, sl, fp, pc}
10002792:	4623      	mov	r3, r4
10002794:	2600      	movs	r6, #0
10002796:	eb06 0686 	add.w	r6, r6, r6, lsl #2
1000279a:	eb00 0646 	add.w	r6, r0, r6, lsl #1
1000279e:	f813 0f01 	ldrb.w	r0, [r3, #1]!
100027a2:	3e30      	subs	r6, #48	@ 0x30
100027a4:	f1a0 0130 	sub.w	r1, r0, #48	@ 0x30
100027a8:	2909      	cmp	r1, #9
100027aa:	d9f4      	bls.n	10002796 <_vsnprintf+0x1de>
100027ac:	9309      	str	r3, [sp, #36]	@ 0x24
100027ae:	282e      	cmp	r0, #46	@ 0x2e
100027b0:	f47f af47 	bne.w	10002642 <_vsnprintf+0x8a>
100027b4:	9b09      	ldr	r3, [sp, #36]	@ 0x24
100027b6:	f442 6280 	orr.w	r2, r2, #1024	@ 0x400
100027ba:	7858      	ldrb	r0, [r3, #1]
100027bc:	1c59      	adds	r1, r3, #1
100027be:	f1a0 0330 	sub.w	r3, r0, #48	@ 0x30
100027c2:	2b09      	cmp	r3, #9
100027c4:	f240 80f2 	bls.w	100029ac <_vsnprintf+0x3f4>
100027c8:	282a      	cmp	r0, #42	@ 0x2a
100027ca:	f000 80fe 	beq.w	100029ca <_vsnprintf+0x412>
100027ce:	9109      	str	r1, [sp, #36]	@ 0x24
100027d0:	e737      	b.n	10002642 <_vsnprintf+0x8a>
100027d2:	4643      	mov	r3, r8
100027d4:	f853 6b04 	ldr.w	r6, [r3], #4
100027d8:	4698      	mov	r8, r3
100027da:	9b09      	ldr	r3, [sp, #36]	@ 0x24
100027dc:	2e00      	cmp	r6, #0
100027de:	7858      	ldrb	r0, [r3, #1]
100027e0:	f103 0301 	add.w	r3, r3, #1
100027e4:	bfbc      	itt	lt
100027e6:	f042 0202 	orrlt.w	r2, r2, #2
100027ea:	4276      	neglt	r6, r6
100027ec:	9309      	str	r3, [sp, #36]	@ 0x24
100027ee:	e7de      	b.n	100027ae <_vsnprintf+0x1f6>
100027f0:	2867      	cmp	r0, #103	@ 0x67
100027f2:	f000 8175 	beq.w	10002ae0 <_vsnprintf+0x528>
100027f6:	2847      	cmp	r0, #71	@ 0x47
100027f8:	f000 81ba 	beq.w	10002b70 <_vsnprintf+0x5b8>
100027fc:	2845      	cmp	r0, #69	@ 0x45
100027fe:	f000 81b9 	beq.w	10002b74 <_vsnprintf+0x5bc>
10002802:	e9cd 6203 	strd	r6, r2, [sp, #12]
10002806:	f108 0307 	add.w	r3, r8, #7
1000280a:	9702      	str	r7, [sp, #8]
1000280c:	f023 0807 	bic.w	r8, r3, #7
10002810:	462a      	mov	r2, r5
10002812:	e8f8 6702 	ldrd	r6, r7, [r8], #8
10002816:	464b      	mov	r3, r9
10002818:	4651      	mov	r1, sl
1000281a:	4658      	mov	r0, fp
1000281c:	e9cd 6700 	strd	r6, r7, [sp]
10002820:	9c09      	ldr	r4, [sp, #36]	@ 0x24
10002822:	f7ff faa1 	bl	10001d68 <_etoa>
10002826:	3401      	adds	r4, #1
10002828:	4605      	mov	r5, r0
1000282a:	e6e2      	b.n	100025f2 <_vsnprintf+0x3a>
1000282c:	100025b9 	.word	0x100025b9
10002830:	200022d0 	.word	0x200022d0
10002834:	10001a21 	.word	0x10001a21
10002838:	9b09      	ldr	r3, [sp, #36]	@ 0x24
1000283a:	7858      	ldrb	r0, [r3, #1]
1000283c:	286c      	cmp	r0, #108	@ 0x6c
1000283e:	f000 81b0 	beq.w	10002ba2 <_vsnprintf+0x5ea>
10002842:	3301      	adds	r3, #1
10002844:	f442 7280 	orr.w	r2, r2, #256	@ 0x100
10002848:	9309      	str	r3, [sp, #36]	@ 0x24
1000284a:	e729      	b.n	100026a0 <_vsnprintf+0xe8>
1000284c:	9b09      	ldr	r3, [sp, #36]	@ 0x24
1000284e:	f442 7200 	orr.w	r2, r2, #512	@ 0x200
10002852:	7858      	ldrb	r0, [r3, #1]
10002854:	3301      	adds	r3, #1
10002856:	9309      	str	r3, [sp, #36]	@ 0x24
10002858:	e722      	b.n	100026a0 <_vsnprintf+0xe8>
1000285a:	9b09      	ldr	r3, [sp, #36]	@ 0x24
1000285c:	7858      	ldrb	r0, [r3, #1]
1000285e:	2868      	cmp	r0, #104	@ 0x68
10002860:	f000 8199 	beq.w	10002b96 <_vsnprintf+0x5de>
10002864:	3301      	adds	r3, #1
10002866:	f042 0280 	orr.w	r2, r2, #128	@ 0x80
1000286a:	9309      	str	r3, [sp, #36]	@ 0x24
1000286c:	e718      	b.n	100026a0 <_vsnprintf+0xe8>
1000286e:	2846      	cmp	r0, #70	@ 0x46
10002870:	bf08      	it	eq
10002872:	f042 0220 	orreq.w	r2, r2, #32
10002876:	e9cd 6203 	strd	r6, r2, [sp, #12]
1000287a:	f108 0307 	add.w	r3, r8, #7
1000287e:	9702      	str	r7, [sp, #8]
10002880:	f023 0807 	bic.w	r8, r3, #7
10002884:	462a      	mov	r2, r5
10002886:	e8f8 6702 	ldrd	r6, r7, [r8], #8
1000288a:	464b      	mov	r3, r9
1000288c:	4651      	mov	r1, sl
1000288e:	4658      	mov	r0, fp
10002890:	e9cd 6700 	strd	r6, r7, [sp]
10002894:	9c09      	ldr	r4, [sp, #36]	@ 0x24
10002896:	f7ff fc93 	bl	100021c0 <_ftoa>
1000289a:	3401      	adds	r4, #1
1000289c:	4605      	mov	r5, r0
1000289e:	e6a8      	b.n	100025f2 <_vsnprintf+0x3a>
100028a0:	9c09      	ldr	r4, [sp, #36]	@ 0x24
100028a2:	462a      	mov	r2, r5
100028a4:	464b      	mov	r3, r9
100028a6:	4651      	mov	r1, sl
100028a8:	2025      	movs	r0, #37	@ 0x25
100028aa:	3401      	adds	r4, #1
100028ac:	3501      	adds	r5, #1
100028ae:	47d8      	blx	fp
100028b0:	e69f      	b.n	100025f2 <_vsnprintf+0x3a>
100028b2:	0794      	lsls	r4, r2, #30
100028b4:	f140 817e 	bpl.w	10002bb4 <_vsnprintf+0x5fc>
100028b8:	f858 0b04 	ldr.w	r0, [r8], #4
100028bc:	462a      	mov	r2, r5
100028be:	464b      	mov	r3, r9
100028c0:	4651      	mov	r1, sl
100028c2:	b2c0      	uxtb	r0, r0
100028c4:	47d8      	blx	fp
100028c6:	1c6f      	adds	r7, r5, #1
100028c8:	2e01      	cmp	r6, #1
100028ca:	bf98      	it	ls
100028cc:	463d      	movls	r5, r7
100028ce:	d908      	bls.n	100028e2 <_vsnprintf+0x32a>
100028d0:	4435      	add	r5, r6
100028d2:	463a      	mov	r2, r7
100028d4:	464b      	mov	r3, r9
100028d6:	4651      	mov	r1, sl
100028d8:	2020      	movs	r0, #32
100028da:	3701      	adds	r7, #1
100028dc:	47d8      	blx	fp
100028de:	42af      	cmp	r7, r5
100028e0:	d1f7      	bne.n	100028d2 <_vsnprintf+0x31a>
100028e2:	9c09      	ldr	r4, [sp, #36]	@ 0x24
100028e4:	3401      	adds	r4, #1
100028e6:	e684      	b.n	100025f2 <_vsnprintf+0x3a>
100028e8:	4640      	mov	r0, r8
100028ea:	f850 1b04 	ldr.w	r1, [r0], #4
100028ee:	2900      	cmp	r1, #0
100028f0:	f000 80d6 	beq.w	10002aa0 <_vsnprintf+0x4e8>
100028f4:	f042 0621 	orr.w	r6, r2, #33	@ 0x21
100028f8:	aa12      	add	r2, sp, #72	@ 0x48
100028fa:	4694      	mov	ip, r2
100028fc:	920a      	str	r2, [sp, #40]	@ 0x28
100028fe:	e003      	b.n	10002908 <_vsnprintf+0x350>
10002900:	2b20      	cmp	r3, #32
10002902:	f000 80d7 	beq.w	10002ab4 <_vsnprintf+0x4fc>
10002906:	4611      	mov	r1, r2
10002908:	f001 040f 	and.w	r4, r1, #15
1000290c:	4622      	mov	r2, r4
1000290e:	2c09      	cmp	r4, #9
10002910:	bf94      	ite	ls
10002912:	3230      	addls	r2, #48	@ 0x30
10002914:	3237      	addhi	r2, #55	@ 0x37
10002916:	290f      	cmp	r1, #15
10002918:	f80c 2b01 	strb.w	r2, [ip], #1
1000291c:	f103 0301 	add.w	r3, r3, #1
10002920:	ea4f 1211 	mov.w	r2, r1, lsr #4
10002924:	d8ec      	bhi.n	10002900 <_vsnprintf+0x348>
10002926:	e0c5      	b.n	10002ab4 <_vsnprintf+0x4fc>
10002928:	46c4      	mov	ip, r8
1000292a:	f85c 1b04 	ldr.w	r1, [ip], #4
1000292e:	7808      	ldrb	r0, [r1, #0]
10002930:	2f00      	cmp	r7, #0
10002932:	f040 80af 	bne.w	10002a94 <_vsnprintf+0x4dc>
10002936:	f06f 0801 	mvn.w	r8, #1
1000293a:	b158      	cbz	r0, 10002954 <_vsnprintf+0x39c>
1000293c:	f108 0801 	add.w	r8, r8, #1
10002940:	460b      	mov	r3, r1
10002942:	4488      	add	r8, r1
10002944:	e001      	b.n	1000294a <_vsnprintf+0x392>
10002946:	4543      	cmp	r3, r8
10002948:	d003      	beq.n	10002952 <_vsnprintf+0x39a>
1000294a:	f813 4f01 	ldrb.w	r4, [r3, #1]!
1000294e:	2c00      	cmp	r4, #0
10002950:	d1f9      	bne.n	10002946 <_vsnprintf+0x38e>
10002952:	1a5b      	subs	r3, r3, r1
10002954:	f412 6e80 	ands.w	lr, r2, #1024	@ 0x400
10002958:	d002      	beq.n	10002960 <_vsnprintf+0x3a8>
1000295a:	42bb      	cmp	r3, r7
1000295c:	bf28      	it	cs
1000295e:	463b      	movcs	r3, r7
10002960:	f012 0202 	ands.w	r2, r2, #2
10002964:	920a      	str	r2, [sp, #40]	@ 0x28
10002966:	f000 813e 	beq.w	10002be6 <_vsnprintf+0x62e>
1000296a:	2800      	cmp	r0, #0
1000296c:	f000 80bb 	beq.w	10002ae6 <_vsnprintf+0x52e>
10002970:	4688      	mov	r8, r1
10002972:	f1be 0f00 	cmp.w	lr, #0
10002976:	f000 8100 	beq.w	10002b7a <_vsnprintf+0x5c2>
1000297a:	462a      	mov	r2, r5
1000297c:	4664      	mov	r4, ip
1000297e:	442f      	add	r7, r5
10002980:	930b      	str	r3, [sp, #44]	@ 0x2c
10002982:	e007      	b.n	10002994 <_vsnprintf+0x3dc>
10002984:	464b      	mov	r3, r9
10002986:	4651      	mov	r1, sl
10002988:	47d8      	blx	fp
1000298a:	f818 0f01 	ldrb.w	r0, [r8, #1]!
1000298e:	3501      	adds	r5, #1
10002990:	b110      	cbz	r0, 10002998 <_vsnprintf+0x3e0>
10002992:	462a      	mov	r2, r5
10002994:	42af      	cmp	r7, r5
10002996:	d1f5      	bne.n	10002984 <_vsnprintf+0x3cc>
10002998:	46a4      	mov	ip, r4
1000299a:	9b0b      	ldr	r3, [sp, #44]	@ 0x2c
1000299c:	9a0a      	ldr	r2, [sp, #40]	@ 0x28
1000299e:	2a00      	cmp	r2, #0
100029a0:	f040 80a1 	bne.w	10002ae6 <_vsnprintf+0x52e>
100029a4:	46e0      	mov	r8, ip
100029a6:	9c09      	ldr	r4, [sp, #36]	@ 0x24
100029a8:	3401      	adds	r4, #1
100029aa:	e622      	b.n	100025f2 <_vsnprintf+0x3a>
100029ac:	2700      	movs	r7, #0
100029ae:	eb07 0787 	add.w	r7, r7, r7, lsl #2
100029b2:	eb00 0047 	add.w	r0, r0, r7, lsl #1
100029b6:	f1a0 0730 	sub.w	r7, r0, #48	@ 0x30
100029ba:	f811 0f01 	ldrb.w	r0, [r1, #1]!
100029be:	f1a0 0330 	sub.w	r3, r0, #48	@ 0x30
100029c2:	2b09      	cmp	r3, #9
100029c4:	d9f3      	bls.n	100029ae <_vsnprintf+0x3f6>
100029c6:	9109      	str	r1, [sp, #36]	@ 0x24
100029c8:	e63c      	b.n	10002644 <_vsnprintf+0x8c>
100029ca:	4643      	mov	r3, r8
100029cc:	9909      	ldr	r1, [sp, #36]	@ 0x24
100029ce:	f853 7b04 	ldr.w	r7, [r3], #4
100029d2:	7888      	ldrb	r0, [r1, #2]
100029d4:	3102      	adds	r1, #2
100029d6:	4698      	mov	r8, r3
100029d8:	9109      	str	r1, [sp, #36]	@ 0x24
100029da:	ea27 77e7 	bic.w	r7, r7, r7, asr #31
100029de:	e631      	b.n	10002644 <_vsnprintf+0x8c>
100029e0:	2862      	cmp	r0, #98	@ 0x62
100029e2:	f000 8187 	beq.w	10002cf4 <_vsnprintf+0x73c>
100029e6:	2858      	cmp	r0, #88	@ 0x58
100029e8:	f000 818d 	beq.w	10002d06 <_vsnprintf+0x74e>
100029ec:	f412 6380 	ands.w	r3, r2, #1024	@ 0x400
100029f0:	f000 8173 	beq.w	10002cda <_vsnprintf+0x722>
100029f4:	f022 0e11 	bic.w	lr, r2, #17
100029f8:	f41e 7c00 	ands.w	ip, lr, #512	@ 0x200
100029fc:	f040 810f 	bne.w	10002c1e <_vsnprintf+0x666>
10002a00:	f41e 7080 	ands.w	r0, lr, #256	@ 0x100
10002a04:	f040 81d7 	bne.w	10002db6 <_vsnprintf+0x7fe>
10002a08:	f01e 0f40 	tst.w	lr, #64	@ 0x40
10002a0c:	4642      	mov	r2, r8
10002a0e:	f040 815e 	bne.w	10002cce <_vsnprintf+0x716>
10002a12:	f01e 0f80 	tst.w	lr, #128	@ 0x80
10002a16:	f000 8289 	beq.w	10002f2c <_vsnprintf+0x974>
10002a1a:	f932 1b04 	ldrsh.w	r1, [r2], #4
10002a1e:	4690      	mov	r8, r2
10002a20:	ea81 7ce1 	eor.w	ip, r1, r1, asr #31
10002a24:	ebac 7ce1 	sub.w	ip, ip, r1, asr #31
10002a28:	fa1f fc8c 	uxth.w	ip, ip
10002a2c:	0fca      	lsrs	r2, r1, #31
10002a2e:	2900      	cmp	r1, #0
10002a30:	f000 81f4 	beq.w	10002e1c <_vsnprintf+0x864>
10002a34:	4663      	mov	r3, ip
10002a36:	a912      	add	r1, sp, #72	@ 0x48
10002a38:	468c      	mov	ip, r1
10002a3a:	e9cd 280b 	strd	r2, r8, [sp, #44]	@ 0x2c
10002a3e:	4cb7      	ldr	r4, [pc, #732]	@ (10002d1c <_vsnprintf+0x764>)
10002a40:	910a      	str	r1, [sp, #40]	@ 0x28
10002a42:	e001      	b.n	10002a48 <_vsnprintf+0x490>
10002a44:	2820      	cmp	r0, #32
10002a46:	d010      	beq.n	10002a6a <_vsnprintf+0x4b2>
10002a48:	4698      	mov	r8, r3
10002a4a:	fba4 1203 	umull	r1, r2, r4, r3
10002a4e:	08d2      	lsrs	r2, r2, #3
10002a50:	eb02 0182 	add.w	r1, r2, r2, lsl #2
10002a54:	eba3 0141 	sub.w	r1, r3, r1, lsl #1
10002a58:	3130      	adds	r1, #48	@ 0x30
10002a5a:	f1b8 0f09 	cmp.w	r8, #9
10002a5e:	4613      	mov	r3, r2
10002a60:	f100 0001 	add.w	r0, r0, #1
10002a64:	f80c 1b01 	strb.w	r1, [ip], #1
10002a68:	d8ec      	bhi.n	10002a44 <_vsnprintf+0x48c>
10002a6a:	e9dd 280b 	ldrd	r2, r8, [sp, #44]	@ 0x2c
10002a6e:	e9cd 6e05 	strd	r6, lr, [sp, #20]
10002a72:	e9cd 0201 	strd	r0, r2, [sp, #4]
10002a76:	9704      	str	r7, [sp, #16]
10002a78:	9b0a      	ldr	r3, [sp, #40]	@ 0x28
10002a7a:	462a      	mov	r2, r5
10002a7c:	9300      	str	r3, [sp, #0]
10002a7e:	230a      	movs	r3, #10
10002a80:	9303      	str	r3, [sp, #12]
10002a82:	464b      	mov	r3, r9
10002a84:	4651      	mov	r1, sl
10002a86:	4658      	mov	r0, fp
10002a88:	f7ff f818 	bl	10001abc <_ntoa_format>
10002a8c:	9c09      	ldr	r4, [sp, #36]	@ 0x24
10002a8e:	4605      	mov	r5, r0
10002a90:	3401      	adds	r4, #1
10002a92:	e5ae      	b.n	100025f2 <_vsnprintf+0x3a>
10002a94:	2800      	cmp	r0, #0
10002a96:	f43f af5d 	beq.w	10002954 <_vsnprintf+0x39c>
10002a9a:	f107 38ff 	add.w	r8, r7, #4294967295	@ 0xffffffff
10002a9e:	e74d      	b.n	1000293c <_vsnprintf+0x384>
10002aa0:	f022 0610 	bic.w	r6, r2, #16
10002aa4:	f412 6180 	ands.w	r1, r2, #1024	@ 0x400
10002aa8:	f046 0621 	orr.w	r6, r6, #33	@ 0x21
10002aac:	f43f af24 	beq.w	100028f8 <_vsnprintf+0x340>
10002ab0:	aa12      	add	r2, sp, #72	@ 0x48
10002ab2:	920a      	str	r2, [sp, #40]	@ 0x28
10002ab4:	9301      	str	r3, [sp, #4]
10002ab6:	9b0a      	ldr	r3, [sp, #40]	@ 0x28
10002ab8:	4680      	mov	r8, r0
10002aba:	9300      	str	r3, [sp, #0]
10002abc:	2308      	movs	r3, #8
10002abe:	2010      	movs	r0, #16
10002ac0:	9305      	str	r3, [sp, #20]
10002ac2:	2300      	movs	r3, #0
10002ac4:	462a      	mov	r2, r5
10002ac6:	e9cd 3002 	strd	r3, r0, [sp, #8]
10002aca:	4651      	mov	r1, sl
10002acc:	464b      	mov	r3, r9
10002ace:	4658      	mov	r0, fp
10002ad0:	9606      	str	r6, [sp, #24]
10002ad2:	9704      	str	r7, [sp, #16]
10002ad4:	9c09      	ldr	r4, [sp, #36]	@ 0x24
10002ad6:	f7fe fff1 	bl	10001abc <_ntoa_format>
10002ada:	3401      	adds	r4, #1
10002adc:	4605      	mov	r5, r0
10002ade:	e588      	b.n	100025f2 <_vsnprintf+0x3a>
10002ae0:	f442 6200 	orr.w	r2, r2, #2048	@ 0x800
10002ae4:	e68d      	b.n	10002802 <_vsnprintf+0x24a>
10002ae6:	429e      	cmp	r6, r3
10002ae8:	462f      	mov	r7, r5
10002aea:	f67f af5b 	bls.w	100029a4 <_vsnprintf+0x3ec>
10002aee:	4664      	mov	r4, ip
10002af0:	4435      	add	r5, r6
10002af2:	1aed      	subs	r5, r5, r3
10002af4:	463a      	mov	r2, r7
10002af6:	464b      	mov	r3, r9
10002af8:	4651      	mov	r1, sl
10002afa:	2020      	movs	r0, #32
10002afc:	3701      	adds	r7, #1
10002afe:	47d8      	blx	fp
10002b00:	42af      	cmp	r7, r5
10002b02:	d1f7      	bne.n	10002af4 <_vsnprintf+0x53c>
10002b04:	46a4      	mov	ip, r4
10002b06:	46e0      	mov	r8, ip
10002b08:	e74d      	b.n	100029a6 <_vsnprintf+0x3ee>
10002b0a:	2878      	cmp	r0, #120	@ 0x78
10002b0c:	f040 8121 	bne.w	10002d52 <_vsnprintf+0x79a>
10002b10:	f412 6380 	ands.w	r3, r2, #1024	@ 0x400
10002b14:	f000 8221 	beq.w	10002f5a <_vsnprintf+0x9a2>
10002b18:	f022 0c0d 	bic.w	ip, r2, #13
10002b1c:	2210      	movs	r2, #16
10002b1e:	920b      	str	r2, [sp, #44]	@ 0x2c
10002b20:	f41c 7000 	ands.w	r0, ip, #512	@ 0x200
10002b24:	f040 80fc 	bne.w	10002d20 <_vsnprintf+0x768>
10002b28:	f41c 7180 	ands.w	r1, ip, #256	@ 0x100
10002b2c:	f040 81b9 	bne.w	10002ea2 <_vsnprintf+0x8ea>
10002b30:	4640      	mov	r0, r8
10002b32:	f850 2b04 	ldr.w	r2, [r0], #4
10002b36:	f01c 0f40 	tst.w	ip, #64	@ 0x40
10002b3a:	4680      	mov	r8, r0
10002b3c:	f000 81ac 	beq.w	10002e98 <_vsnprintf+0x8e0>
10002b40:	b2d2      	uxtb	r2, r2
10002b42:	2a00      	cmp	r2, #0
10002b44:	f040 8111 	bne.w	10002d6a <_vsnprintf+0x7b2>
10002b48:	f02c 0c10 	bic.w	ip, ip, #16
10002b4c:	2b00      	cmp	r3, #0
10002b4e:	f000 810c 	beq.w	10002d6a <_vsnprintf+0x7b2>
10002b52:	4611      	mov	r1, r2
10002b54:	ab12      	add	r3, sp, #72	@ 0x48
10002b56:	930a      	str	r3, [sp, #40]	@ 0x28
10002b58:	9b0b      	ldr	r3, [sp, #44]	@ 0x2c
10002b5a:	e9cd 6c05 	strd	r6, ip, [sp, #20]
10002b5e:	9704      	str	r7, [sp, #16]
10002b60:	9303      	str	r3, [sp, #12]
10002b62:	9101      	str	r1, [sp, #4]
10002b64:	462a      	mov	r2, r5
10002b66:	9b0a      	ldr	r3, [sp, #40]	@ 0x28
10002b68:	9300      	str	r3, [sp, #0]
10002b6a:	2300      	movs	r3, #0
10002b6c:	9302      	str	r3, [sp, #8]
10002b6e:	e788      	b.n	10002a82 <_vsnprintf+0x4ca>
10002b70:	f442 6200 	orr.w	r2, r2, #2048	@ 0x800
10002b74:	f042 0220 	orr.w	r2, r2, #32
10002b78:	e643      	b.n	10002802 <_vsnprintf+0x24a>
10002b7a:	461c      	mov	r4, r3
10002b7c:	4667      	mov	r7, ip
10002b7e:	462a      	mov	r2, r5
10002b80:	464b      	mov	r3, r9
10002b82:	4651      	mov	r1, sl
10002b84:	47d8      	blx	fp
10002b86:	f818 0f01 	ldrb.w	r0, [r8, #1]!
10002b8a:	3501      	adds	r5, #1
10002b8c:	2800      	cmp	r0, #0
10002b8e:	d1f6      	bne.n	10002b7e <_vsnprintf+0x5c6>
10002b90:	4623      	mov	r3, r4
10002b92:	46bc      	mov	ip, r7
10002b94:	e702      	b.n	1000299c <_vsnprintf+0x3e4>
10002b96:	7898      	ldrb	r0, [r3, #2]
10002b98:	3302      	adds	r3, #2
10002b9a:	f042 02c0 	orr.w	r2, r2, #192	@ 0xc0
10002b9e:	9309      	str	r3, [sp, #36]	@ 0x24
10002ba0:	e57e      	b.n	100026a0 <_vsnprintf+0xe8>
10002ba2:	7898      	ldrb	r0, [r3, #2]
10002ba4:	3302      	adds	r3, #2
10002ba6:	f442 7240 	orr.w	r2, r2, #768	@ 0x300
10002baa:	9309      	str	r3, [sp, #36]	@ 0x24
10002bac:	e578      	b.n	100026a0 <_vsnprintf+0xe8>
10002bae:	4604      	mov	r4, r0
10002bb0:	4602      	mov	r2, r0
10002bb2:	e5e1      	b.n	10002778 <_vsnprintf+0x1c0>
10002bb4:	2e01      	cmp	r6, #1
10002bb6:	f240 81c6 	bls.w	10002f46 <_vsnprintf+0x98e>
10002bba:	462f      	mov	r7, r5
10002bbc:	1e6b      	subs	r3, r5, #1
10002bbe:	199c      	adds	r4, r3, r6
10002bc0:	463a      	mov	r2, r7
10002bc2:	464b      	mov	r3, r9
10002bc4:	4651      	mov	r1, sl
10002bc6:	2020      	movs	r0, #32
10002bc8:	3701      	adds	r7, #1
10002bca:	47d8      	blx	fp
10002bcc:	42a7      	cmp	r7, r4
10002bce:	d1f7      	bne.n	10002bc0 <_vsnprintf+0x608>
10002bd0:	463a      	mov	r2, r7
10002bd2:	4435      	add	r5, r6
10002bd4:	f858 0b04 	ldr.w	r0, [r8], #4
10002bd8:	464b      	mov	r3, r9
10002bda:	4651      	mov	r1, sl
10002bdc:	b2c0      	uxtb	r0, r0
10002bde:	47d8      	blx	fp
10002be0:	9c09      	ldr	r4, [sp, #36]	@ 0x24
10002be2:	3401      	adds	r4, #1
10002be4:	e505      	b.n	100025f2 <_vsnprintf+0x3a>
10002be6:	429e      	cmp	r6, r3
10002be8:	f240 81b0 	bls.w	10002f4c <_vsnprintf+0x994>
10002bec:	4664      	mov	r4, ip
10002bee:	e9cd e10b 	strd	lr, r1, [sp, #44]	@ 0x2c
10002bf2:	eb06 0805 	add.w	r8, r6, r5
10002bf6:	eba8 0803 	sub.w	r8, r8, r3
10002bfa:	462a      	mov	r2, r5
10002bfc:	464b      	mov	r3, r9
10002bfe:	4651      	mov	r1, sl
10002c00:	2020      	movs	r0, #32
10002c02:	3501      	adds	r5, #1
10002c04:	47d8      	blx	fp
10002c06:	4545      	cmp	r5, r8
10002c08:	d1f7      	bne.n	10002bfa <_vsnprintf+0x642>
10002c0a:	e9dd e10b 	ldrd	lr, r1, [sp, #44]	@ 0x2c
10002c0e:	7808      	ldrb	r0, [r1, #0]
10002c10:	46a4      	mov	ip, r4
10002c12:	1c73      	adds	r3, r6, #1
10002c14:	2800      	cmp	r0, #0
10002c16:	f47f aeab 	bne.w	10002970 <_vsnprintf+0x3b8>
10002c1a:	46e0      	mov	r8, ip
10002c1c:	e6c3      	b.n	100029a6 <_vsnprintf+0x3ee>
10002c1e:	f108 0207 	add.w	r2, r8, #7
10002c22:	f022 0207 	bic.w	r2, r2, #7
10002c26:	4690      	mov	r8, r2
10002c28:	6852      	ldr	r2, [r2, #4]
10002c2a:	f858 1b08 	ldr.w	r1, [r8], #8
10002c2e:	0fd4      	lsrs	r4, r2, #31
10002c30:	ea51 0002 	orrs.w	r0, r1, r2
10002c34:	d154      	bne.n	10002ce0 <_vsnprintf+0x728>
10002c36:	2b00      	cmp	r3, #0
10002c38:	f040 8180 	bne.w	10002f3c <_vsnprintf+0x984>
10002c3c:	4619      	mov	r1, r3
10002c3e:	aa12      	add	r2, sp, #72	@ 0x48
10002c40:	950f      	str	r5, [sp, #60]	@ 0x3c
10002c42:	f04f 0c00 	mov.w	ip, #0
10002c46:	4615      	mov	r5, r2
10002c48:	e9cd 480b 	strd	r4, r8, [sp, #44]	@ 0x2c
10002c4c:	e9cd 670d 	strd	r6, r7, [sp, #52]	@ 0x34
10002c50:	4832      	ldr	r0, [pc, #200]	@ (10002d1c <_vsnprintf+0x764>)
10002c52:	920a      	str	r2, [sp, #40]	@ 0x28
10002c54:	e002      	b.n	10002c5c <_vsnprintf+0x6a4>
10002c56:	f1bc 0f20 	cmp.w	ip, #32
10002c5a:	d02d      	beq.n	10002cb8 <_vsnprintf+0x700>
10002c5c:	185a      	adds	r2, r3, r1
10002c5e:	f142 0200 	adc.w	r2, r2, #0
10002c62:	fba0 7802 	umull	r7, r8, r0, r2
10002c66:	f028 0703 	bic.w	r7, r8, #3
10002c6a:	eb07 0798 	add.w	r7, r7, r8, lsr #2
10002c6e:	1bd2      	subs	r2, r2, r7
10002c70:	461e      	mov	r6, r3
10002c72:	1a9b      	subs	r3, r3, r2
10002c74:	f161 0700 	sbc.w	r7, r1, #0
10002c78:	460c      	mov	r4, r1
10002c7a:	f04f 31cc 	mov.w	r1, #3435973836	@ 0xcccccccc
10002c7e:	fb01 f103 	mul.w	r1, r1, r3
10002c82:	fb00 1107 	mla	r1, r0, r7, r1
10002c86:	fba3 7300 	umull	r7, r3, r3, r0
10002c8a:	4419      	add	r1, r3
10002c8c:	2305      	movs	r3, #5
10002c8e:	f007 0801 	and.w	r8, r7, #1
10002c92:	fba8 3803 	umull	r3, r8, r8, r3
10002c96:	189b      	adds	r3, r3, r2
10002c98:	2e0a      	cmp	r6, #10
10002c9a:	f103 0330 	add.w	r3, r3, #48	@ 0x30
10002c9e:	ea4f 0757 	mov.w	r7, r7, lsr #1
10002ca2:	f174 0400 	sbcs.w	r4, r4, #0
10002ca6:	f805 3b01 	strb.w	r3, [r5], #1
10002caa:	f10c 0c01 	add.w	ip, ip, #1
10002cae:	ea47 73c1 	orr.w	r3, r7, r1, lsl #31
10002cb2:	ea4f 0151 	mov.w	r1, r1, lsr #1
10002cb6:	d2ce      	bcs.n	10002c56 <_vsnprintf+0x69e>
10002cb8:	9d0f      	ldr	r5, [sp, #60]	@ 0x3c
10002cba:	e9dd 480b 	ldrd	r4, r8, [sp, #44]	@ 0x2c
10002cbe:	e9dd 670d 	ldrd	r6, r7, [sp, #52]	@ 0x34
10002cc2:	e9cd 6e05 	strd	r6, lr, [sp, #20]
10002cc6:	e9cd c401 	strd	ip, r4, [sp, #4]
10002cca:	9704      	str	r7, [sp, #16]
10002ccc:	e6d4      	b.n	10002a78 <_vsnprintf+0x4c0>
10002cce:	f852 1b04 	ldr.w	r1, [r2], #4
10002cd2:	b2c9      	uxtb	r1, r1
10002cd4:	4690      	mov	r8, r2
10002cd6:	468c      	mov	ip, r1
10002cd8:	e6a8      	b.n	10002a2c <_vsnprintf+0x474>
10002cda:	f022 0e10 	bic.w	lr, r2, #16
10002cde:	e68b      	b.n	100029f8 <_vsnprintf+0x440>
10002ce0:	2a00      	cmp	r2, #0
10002ce2:	460b      	mov	r3, r1
10002ce4:	db01      	blt.n	10002cea <_vsnprintf+0x732>
10002ce6:	4611      	mov	r1, r2
10002ce8:	e7a9      	b.n	10002c3e <_vsnprintf+0x686>
10002cea:	424b      	negs	r3, r1
10002cec:	eb62 0242 	sbc.w	r2, r2, r2, lsl #1
10002cf0:	4611      	mov	r1, r2
10002cf2:	e7a4      	b.n	10002c3e <_vsnprintf+0x686>
10002cf4:	f412 6380 	ands.w	r3, r2, #1024	@ 0x400
10002cf8:	f000 80e7 	beq.w	10002eca <_vsnprintf+0x912>
10002cfc:	f022 0c0d 	bic.w	ip, r2, #13
10002d00:	2202      	movs	r2, #2
10002d02:	920b      	str	r2, [sp, #44]	@ 0x2c
10002d04:	e70c      	b.n	10002b20 <_vsnprintf+0x568>
10002d06:	f412 6380 	ands.w	r3, r2, #1024	@ 0x400
10002d0a:	f000 8124 	beq.w	10002f56 <_vsnprintf+0x99e>
10002d0e:	f022 020d 	bic.w	r2, r2, #13
10002d12:	f042 0c20 	orr.w	ip, r2, #32
10002d16:	2210      	movs	r2, #16
10002d18:	920b      	str	r2, [sp, #44]	@ 0x2c
10002d1a:	e701      	b.n	10002b20 <_vsnprintf+0x568>
10002d1c:	cccccccd 	.word	0xcccccccd
10002d20:	f108 0207 	add.w	r2, r8, #7
10002d24:	f022 0207 	bic.w	r2, r2, #7
10002d28:	4690      	mov	r8, r2
10002d2a:	6852      	ldr	r2, [r2, #4]
10002d2c:	f858 1b08 	ldr.w	r1, [r8], #8
10002d30:	4610      	mov	r0, r2
10002d32:	430a      	orrs	r2, r1
10002d34:	d178      	bne.n	10002e28 <_vsnprintf+0x870>
10002d36:	f02c 0c10 	bic.w	ip, ip, #16
10002d3a:	2b00      	cmp	r3, #0
10002d3c:	d074      	beq.n	10002e28 <_vsnprintf+0x870>
10002d3e:	2400      	movs	r4, #0
10002d40:	ab12      	add	r3, sp, #72	@ 0x48
10002d42:	930a      	str	r3, [sp, #40]	@ 0x28
10002d44:	9b0b      	ldr	r3, [sp, #44]	@ 0x2c
10002d46:	e9cd 6c05 	strd	r6, ip, [sp, #20]
10002d4a:	9704      	str	r7, [sp, #16]
10002d4c:	9303      	str	r3, [sp, #12]
10002d4e:	9401      	str	r4, [sp, #4]
10002d50:	e708      	b.n	10002b64 <_vsnprintf+0x5ac>
10002d52:	286f      	cmp	r0, #111	@ 0x6f
10002d54:	f040 810d 	bne.w	10002f72 <_vsnprintf+0x9ba>
10002d58:	f412 6380 	ands.w	r3, r2, #1024	@ 0x400
10002d5c:	f022 0c0c 	bic.w	ip, r2, #12
10002d60:	f040 8101 	bne.w	10002f66 <_vsnprintf+0x9ae>
10002d64:	2208      	movs	r2, #8
10002d66:	920b      	str	r2, [sp, #44]	@ 0x2c
10002d68:	e6da      	b.n	10002b20 <_vsnprintf+0x568>
10002d6a:	f01c 0f20 	tst.w	ip, #32
10002d6e:	bf14      	ite	ne
10002d70:	2341      	movne	r3, #65	@ 0x41
10002d72:	2361      	moveq	r3, #97	@ 0x61
10002d74:	a812      	add	r0, sp, #72	@ 0x48
10002d76:	4686      	mov	lr, r0
10002d78:	900a      	str	r0, [sp, #40]	@ 0x28
10002d7a:	e9cd 860c 	strd	r8, r6, [sp, #48]	@ 0x30
10002d7e:	980b      	ldr	r0, [sp, #44]	@ 0x2c
10002d80:	f1a3 040a 	sub.w	r4, r3, #10
10002d84:	e002      	b.n	10002d8c <_vsnprintf+0x7d4>
10002d86:	2920      	cmp	r1, #32
10002d88:	d012      	beq.n	10002db0 <_vsnprintf+0x7f8>
10002d8a:	4642      	mov	r2, r8
10002d8c:	fbb2 f8f0 	udiv	r8, r2, r0
10002d90:	fb00 2618 	mls	r6, r0, r8, r2
10002d94:	b2f3      	uxtb	r3, r6
10002d96:	2e09      	cmp	r6, #9
10002d98:	f103 0630 	add.w	r6, r3, #48	@ 0x30
10002d9c:	bf8a      	itet	hi
10002d9e:	191b      	addhi	r3, r3, r4
10002da0:	b2f3      	uxtbls	r3, r6
10002da2:	b2db      	uxtbhi	r3, r3
10002da4:	4282      	cmp	r2, r0
10002da6:	f80e 3b01 	strb.w	r3, [lr], #1
10002daa:	f101 0101 	add.w	r1, r1, #1
10002dae:	d2ea      	bcs.n	10002d86 <_vsnprintf+0x7ce>
10002db0:	e9dd 860c 	ldrd	r8, r6, [sp, #48]	@ 0x30
10002db4:	e6d0      	b.n	10002b58 <_vsnprintf+0x5a0>
10002db6:	4641      	mov	r1, r8
10002db8:	f851 0b04 	ldr.w	r0, [r1], #4
10002dbc:	0fc2      	lsrs	r2, r0, #31
10002dbe:	2800      	cmp	r0, #0
10002dc0:	f000 80ae 	beq.w	10002f20 <_vsnprintf+0x968>
10002dc4:	ea80 73e0 	eor.w	r3, r0, r0, asr #31
10002dc8:	eba3 73e0 	sub.w	r3, r3, r0, asr #31
10002dcc:	a812      	add	r0, sp, #72	@ 0x48
10002dce:	e9cd 260b 	strd	r2, r6, [sp, #44]	@ 0x2c
10002dd2:	f8df 81c4 	ldr.w	r8, [pc, #452]	@ 10002f98 <_vsnprintf+0x9e0>
10002dd6:	900a      	str	r0, [sp, #40]	@ 0x28
10002dd8:	e002      	b.n	10002de0 <_vsnprintf+0x828>
10002dda:	f1bc 0f20 	cmp.w	ip, #32
10002dde:	d00f      	beq.n	10002e00 <_vsnprintf+0x848>
10002de0:	461e      	mov	r6, r3
10002de2:	fba8 4203 	umull	r4, r2, r8, r3
10002de6:	08d2      	lsrs	r2, r2, #3
10002de8:	eb02 0482 	add.w	r4, r2, r2, lsl #2
10002dec:	eba3 0444 	sub.w	r4, r3, r4, lsl #1
10002df0:	3430      	adds	r4, #48	@ 0x30
10002df2:	2e09      	cmp	r6, #9
10002df4:	4613      	mov	r3, r2
10002df6:	f10c 0c01 	add.w	ip, ip, #1
10002dfa:	f800 4b01 	strb.w	r4, [r0], #1
10002dfe:	d8ec      	bhi.n	10002dda <_vsnprintf+0x822>
10002e00:	e9dd 260b 	ldrd	r2, r6, [sp, #44]	@ 0x2c
10002e04:	9b0a      	ldr	r3, [sp, #40]	@ 0x28
10002e06:	e9cd c201 	strd	ip, r2, [sp, #4]
10002e0a:	9300      	str	r3, [sp, #0]
10002e0c:	230a      	movs	r3, #10
10002e0e:	462a      	mov	r2, r5
10002e10:	4688      	mov	r8, r1
10002e12:	e9cd 6e05 	strd	r6, lr, [sp, #20]
10002e16:	9704      	str	r7, [sp, #16]
10002e18:	9303      	str	r3, [sp, #12]
10002e1a:	e632      	b.n	10002a82 <_vsnprintf+0x4ca>
10002e1c:	2b00      	cmp	r3, #0
10002e1e:	f43f ae0a 	beq.w	10002a36 <_vsnprintf+0x47e>
10002e22:	ab12      	add	r3, sp, #72	@ 0x48
10002e24:	930a      	str	r3, [sp, #40]	@ 0x28
10002e26:	e622      	b.n	10002a6e <_vsnprintf+0x4b6>
10002e28:	f01c 0f20 	tst.w	ip, #32
10002e2c:	bf14      	ite	ne
10002e2e:	2341      	movne	r3, #65	@ 0x41
10002e30:	2361      	moveq	r3, #97	@ 0x61
10002e32:	aa12      	add	r2, sp, #72	@ 0x48
10002e34:	3b0a      	subs	r3, #10
10002e36:	e9cd 860c 	strd	r8, r6, [sp, #48]	@ 0x30
10002e3a:	e9cd 750e 	strd	r7, r5, [sp, #56]	@ 0x38
10002e3e:	f8cd b044 	str.w	fp, [sp, #68]	@ 0x44
10002e42:	2400      	movs	r4, #0
10002e44:	4690      	mov	r8, r2
10002e46:	460e      	mov	r6, r1
10002e48:	4605      	mov	r5, r0
10002e4a:	469b      	mov	fp, r3
10002e4c:	9f0b      	ldr	r7, [sp, #44]	@ 0x2c
10002e4e:	920a      	str	r2, [sp, #40]	@ 0x28
10002e50:	f8cd c040 	str.w	ip, [sp, #64]	@ 0x40
10002e54:	e003      	b.n	10002e5e <_vsnprintf+0x8a6>
10002e56:	2c20      	cmp	r4, #32
10002e58:	d017      	beq.n	10002e8a <_vsnprintf+0x8d2>
10002e5a:	4606      	mov	r6, r0
10002e5c:	460d      	mov	r5, r1
10002e5e:	4629      	mov	r1, r5
10002e60:	4630      	mov	r0, r6
10002e62:	463a      	mov	r2, r7
10002e64:	2300      	movs	r3, #0
10002e66:	f003 f85f 	bl	10005f28 <____aeabi_uldivmod_veneer>
10002e6a:	b2d2      	uxtb	r2, r2
10002e6c:	2a09      	cmp	r2, #9
10002e6e:	f102 0330 	add.w	r3, r2, #48	@ 0x30
10002e72:	bf88      	it	hi
10002e74:	eb02 030b 	addhi.w	r3, r2, fp
10002e78:	42be      	cmp	r6, r7
10002e7a:	b2db      	uxtb	r3, r3
10002e7c:	f175 0500 	sbcs.w	r5, r5, #0
10002e80:	f808 3b01 	strb.w	r3, [r8], #1
10002e84:	f104 0401 	add.w	r4, r4, #1
10002e88:	d2e5      	bcs.n	10002e56 <_vsnprintf+0x89e>
10002e8a:	e9dd 860c 	ldrd	r8, r6, [sp, #48]	@ 0x30
10002e8e:	e9dd 750e 	ldrd	r7, r5, [sp, #56]	@ 0x38
10002e92:	e9dd cb10 	ldrd	ip, fp, [sp, #64]	@ 0x40
10002e96:	e755      	b.n	10002d44 <_vsnprintf+0x78c>
10002e98:	f01c 0f80 	tst.w	ip, #128	@ 0x80
10002e9c:	bf18      	it	ne
10002e9e:	b292      	uxthne	r2, r2
10002ea0:	e64f      	b.n	10002b42 <_vsnprintf+0x58a>
10002ea2:	4641      	mov	r1, r8
10002ea4:	f851 2b04 	ldr.w	r2, [r1], #4
10002ea8:	b9a2      	cbnz	r2, 10002ed4 <_vsnprintf+0x91c>
10002eaa:	f02c 0c10 	bic.w	ip, ip, #16
10002eae:	b18b      	cbz	r3, 10002ed4 <_vsnprintf+0x91c>
10002eb0:	ab12      	add	r3, sp, #72	@ 0x48
10002eb2:	930a      	str	r3, [sp, #40]	@ 0x28
10002eb4:	9b0b      	ldr	r3, [sp, #44]	@ 0x2c
10002eb6:	462a      	mov	r2, r5
10002eb8:	9303      	str	r3, [sp, #12]
10002eba:	9b0a      	ldr	r3, [sp, #40]	@ 0x28
10002ebc:	4688      	mov	r8, r1
10002ebe:	e9cd 6c05 	strd	r6, ip, [sp, #20]
10002ec2:	9704      	str	r7, [sp, #16]
10002ec4:	9001      	str	r0, [sp, #4]
10002ec6:	9300      	str	r3, [sp, #0]
10002ec8:	e64f      	b.n	10002b6a <_vsnprintf+0x5b2>
10002eca:	f022 0c0c 	bic.w	ip, r2, #12
10002ece:	2202      	movs	r2, #2
10002ed0:	920b      	str	r2, [sp, #44]	@ 0x2c
10002ed2:	e625      	b.n	10002b20 <_vsnprintf+0x568>
10002ed4:	f01c 0f20 	tst.w	ip, #32
10002ed8:	bf14      	ite	ne
10002eda:	2341      	movne	r3, #65	@ 0x41
10002edc:	2361      	moveq	r3, #97	@ 0x61
10002ede:	ac12      	add	r4, sp, #72	@ 0x48
10002ee0:	46a6      	mov	lr, r4
10002ee2:	940a      	str	r4, [sp, #40]	@ 0x28
10002ee4:	e9cd 670c 	strd	r6, r7, [sp, #48]	@ 0x30
10002ee8:	9c0b      	ldr	r4, [sp, #44]	@ 0x2c
10002eea:	f1a3 080a 	sub.w	r8, r3, #10
10002eee:	e002      	b.n	10002ef6 <_vsnprintf+0x93e>
10002ef0:	2820      	cmp	r0, #32
10002ef2:	d012      	beq.n	10002f1a <_vsnprintf+0x962>
10002ef4:	463a      	mov	r2, r7
10002ef6:	fbb2 f7f4 	udiv	r7, r2, r4
10002efa:	fb04 2617 	mls	r6, r4, r7, r2
10002efe:	b2f3      	uxtb	r3, r6
10002f00:	2e09      	cmp	r6, #9
10002f02:	f103 0630 	add.w	r6, r3, #48	@ 0x30
10002f06:	bf8a      	itet	hi
10002f08:	4443      	addhi	r3, r8
10002f0a:	b2f3      	uxtbls	r3, r6
10002f0c:	b2db      	uxtbhi	r3, r3
10002f0e:	42a2      	cmp	r2, r4
10002f10:	f80e 3b01 	strb.w	r3, [lr], #1
10002f14:	f100 0001 	add.w	r0, r0, #1
10002f18:	d2ea      	bcs.n	10002ef0 <_vsnprintf+0x938>
10002f1a:	e9dd 670c 	ldrd	r6, r7, [sp, #48]	@ 0x30
10002f1e:	e7c9      	b.n	10002eb4 <_vsnprintf+0x8fc>
10002f20:	2b00      	cmp	r3, #0
10002f22:	f43f af53 	beq.w	10002dcc <_vsnprintf+0x814>
10002f26:	ab12      	add	r3, sp, #72	@ 0x48
10002f28:	930a      	str	r3, [sp, #40]	@ 0x28
10002f2a:	e76b      	b.n	10002e04 <_vsnprintf+0x84c>
10002f2c:	f852 1b04 	ldr.w	r1, [r2], #4
10002f30:	ea81 7ce1 	eor.w	ip, r1, r1, asr #31
10002f34:	4690      	mov	r8, r2
10002f36:	ebac 7ce1 	sub.w	ip, ip, r1, asr #31
10002f3a:	e577      	b.n	10002a2c <_vsnprintf+0x474>
10002f3c:	ab12      	add	r3, sp, #72	@ 0x48
10002f3e:	f04f 0c00 	mov.w	ip, #0
10002f42:	930a      	str	r3, [sp, #40]	@ 0x28
10002f44:	e6bd      	b.n	10002cc2 <_vsnprintf+0x70a>
10002f46:	462a      	mov	r2, r5
10002f48:	3501      	adds	r5, #1
10002f4a:	e643      	b.n	10002bd4 <_vsnprintf+0x61c>
10002f4c:	3301      	adds	r3, #1
10002f4e:	2800      	cmp	r0, #0
10002f50:	f47f ad0e 	bne.w	10002970 <_vsnprintf+0x3b8>
10002f54:	e661      	b.n	10002c1a <_vsnprintf+0x662>
10002f56:	f042 0220 	orr.w	r2, r2, #32
10002f5a:	f022 0c0c 	bic.w	ip, r2, #12
10002f5e:	2210      	movs	r2, #16
10002f60:	2300      	movs	r3, #0
10002f62:	920b      	str	r2, [sp, #44]	@ 0x2c
10002f64:	e5dc      	b.n	10002b20 <_vsnprintf+0x568>
10002f66:	4696      	mov	lr, r2
10002f68:	2208      	movs	r2, #8
10002f6a:	920b      	str	r2, [sp, #44]	@ 0x2c
10002f6c:	f02e 0c0d 	bic.w	ip, lr, #13
10002f70:	e5d6      	b.n	10002b20 <_vsnprintf+0x568>
10002f72:	2869      	cmp	r0, #105	@ 0x69
10002f74:	f022 0e10 	bic.w	lr, r2, #16
10002f78:	d104      	bne.n	10002f84 <_vsnprintf+0x9cc>
10002f7a:	f412 6380 	ands.w	r3, r2, #1024	@ 0x400
10002f7e:	f43f ad3b 	beq.w	100029f8 <_vsnprintf+0x440>
10002f82:	e537      	b.n	100029f4 <_vsnprintf+0x43c>
10002f84:	f022 0c1c 	bic.w	ip, r2, #28
10002f88:	f412 6380 	ands.w	r3, r2, #1024	@ 0x400
10002f8c:	f04f 020a 	mov.w	r2, #10
10002f90:	920b      	str	r2, [sp, #44]	@ 0x2c
10002f92:	d1eb      	bne.n	10002f6c <_vsnprintf+0x9b4>
10002f94:	e5c4      	b.n	10002b20 <_vsnprintf+0x568>
10002f96:	bf00      	nop
10002f98:	cccccccd 	.word	0xcccccccd

10002f9c <vfctprintf>:
10002f9c:	b570      	push	{r4, r5, r6, lr}
10002f9e:	4694      	mov	ip, r2
10002fa0:	461e      	mov	r6, r3
10002fa2:	4605      	mov	r5, r0
10002fa4:	460c      	mov	r4, r1
10002fa6:	b084      	sub	sp, #16
10002fa8:	f04f 32ff 	mov.w	r2, #4294967295	@ 0xffffffff
10002fac:	4663      	mov	r3, ip
10002fae:	a902      	add	r1, sp, #8
10002fb0:	9600      	str	r6, [sp, #0]
10002fb2:	4803      	ldr	r0, [pc, #12]	@ (10002fc0 <vfctprintf+0x24>)
10002fb4:	e9cd 5402 	strd	r5, r4, [sp, #8]
10002fb8:	f7ff fafe 	bl	100025b8 <_vsnprintf>
10002fbc:	b004      	add	sp, #16
10002fbe:	bd70      	pop	{r4, r5, r6, pc}
10002fc0:	10001d59 	.word	0x10001d59

10002fc4 <weak_raw_vprintf>:
10002fc4:	b510      	push	{r4, lr}
10002fc6:	4b09      	ldr	r3, [pc, #36]	@ (10002fec <weak_raw_vprintf+0x28>)
10002fc8:	b084      	sub	sp, #16
10002fca:	681c      	ldr	r4, [r3, #0]
10002fcc:	b14c      	cbz	r4, 10002fe2 <weak_raw_vprintf+0x1e>
10002fce:	4603      	mov	r3, r0
10002fd0:	9100      	str	r1, [sp, #0]
10002fd2:	f04f 32ff 	mov.w	r2, #4294967295	@ 0xffffffff
10002fd6:	a903      	add	r1, sp, #12
10002fd8:	4805      	ldr	r0, [pc, #20]	@ (10002ff0 <weak_raw_vprintf+0x2c>)
10002fda:	47a0      	blx	r4
10002fdc:	2001      	movs	r0, #1
10002fde:	b004      	add	sp, #16
10002fe0:	bd10      	pop	{r4, pc}
10002fe2:	f000 f97f 	bl	100032e4 <__wrap_puts>
10002fe6:	4620      	mov	r0, r4
10002fe8:	b004      	add	sp, #16
10002fea:	bd10      	pop	{r4, pc}
10002fec:	200022d0 	.word	0x200022d0
10002ff0:	10001d51 	.word	0x10001d51

10002ff4 <_exit>:
10002ff4:	be00      	bkpt	0x0000
10002ff6:	e7fd      	b.n	10002ff4 <_exit>

10002ff8 <exit>:
10002ff8:	b508      	push	{r3, lr}
10002ffa:	f7ff fffb 	bl	10002ff4 <_exit>
10002ffe:	bf00      	nop

10003000 <runtime_init>:
10003000:	b538      	push	{r3, r4, r5, lr}
10003002:	4d06      	ldr	r5, [pc, #24]	@ (1000301c <runtime_init+0x1c>)
10003004:	4c06      	ldr	r4, [pc, #24]	@ (10003020 <runtime_init+0x20>)
10003006:	f7fe fac3 	bl	10001590 <runtime_run_initializers>
1000300a:	42ac      	cmp	r4, r5
1000300c:	d204      	bcs.n	10003018 <runtime_init+0x18>
1000300e:	f854 3b04 	ldr.w	r3, [r4], #4
10003012:	4798      	blx	r3
10003014:	42ac      	cmp	r4, r5
10003016:	d3fa      	bcc.n	1000300e <runtime_init+0xe>
10003018:	bd38      	pop	{r3, r4, r5, pc}
1000301a:	bf00      	nop
1000301c:	10005fb0 	.word	0x10005fb0
10003020:	10005fa8 	.word	0x10005fa8

10003024 <stdio_out_chars_no_crlf>:
10003024:	6803      	ldr	r3, [r0, #0]
10003026:	4608      	mov	r0, r1
10003028:	4611      	mov	r1, r2
1000302a:	4718      	bx	r3

1000302c <stdio_out_chars_crlf>:
1000302c:	e92d 4ff0 	stmdb	sp!, {r4, r5, r6, r7, r8, r9, sl, fp, lr}
10003030:	7d43      	ldrb	r3, [r0, #21]
10003032:	4682      	mov	sl, r0
10003034:	4688      	mov	r8, r1
10003036:	4617      	mov	r7, r2
10003038:	b081      	sub	sp, #4
1000303a:	2b00      	cmp	r3, #0
1000303c:	d047      	beq.n	100030ce <stdio_out_chars_crlf+0xa2>
1000303e:	2a00      	cmp	r2, #0
10003040:	dd24      	ble.n	1000308c <stdio_out_chars_crlf+0x60>
10003042:	2400      	movs	r4, #0
10003044:	2501      	movs	r5, #1
10003046:	4620      	mov	r0, r4
10003048:	f8df 9094 	ldr.w	r9, [pc, #148]	@ 100030e0 <stdio_out_chars_crlf+0xb4>
1000304c:	1e4e      	subs	r6, r1, #1
1000304e:	b304      	cbz	r4, 10003092 <stdio_out_chars_crlf+0x66>
10003050:	7873      	ldrb	r3, [r6, #1]
10003052:	f106 0b01 	add.w	fp, r6, #1
10003056:	2b0a      	cmp	r3, #10
10003058:	d026      	beq.n	100030a8 <stdio_out_chars_crlf+0x7c>
1000305a:	462b      	mov	r3, r5
1000305c:	465e      	mov	r6, fp
1000305e:	42bb      	cmp	r3, r7
10003060:	f104 0401 	add.w	r4, r4, #1
10003064:	f105 0501 	add.w	r5, r5, #1
10003068:	dbf1      	blt.n	1000304e <stdio_out_chars_crlf+0x22>
1000306a:	4287      	cmp	r7, r0
1000306c:	dd04      	ble.n	10003078 <stdio_out_chars_crlf+0x4c>
1000306e:	1a39      	subs	r1, r7, r0
10003070:	f8da 3000 	ldr.w	r3, [sl]
10003074:	4440      	add	r0, r8
10003076:	4798      	blx	r3
10003078:	44b8      	add	r8, r7
1000307a:	f818 3c01 	ldrb.w	r3, [r8, #-1]
1000307e:	f1a3 030d 	sub.w	r3, r3, #13
10003082:	fab3 f383 	clz	r3, r3
10003086:	095b      	lsrs	r3, r3, #5
10003088:	f88a 3014 	strb.w	r3, [sl, #20]
1000308c:	b001      	add	sp, #4
1000308e:	e8bd 8ff0 	ldmia.w	sp!, {r4, r5, r6, r7, r8, r9, sl, fp, pc}
10003092:	7873      	ldrb	r3, [r6, #1]
10003094:	f106 0b01 	add.w	fp, r6, #1
10003098:	2b0a      	cmp	r3, #10
1000309a:	d1de      	bne.n	1000305a <stdio_out_chars_crlf+0x2e>
1000309c:	f89a 3014 	ldrb.w	r3, [sl, #20]
100030a0:	b163      	cbz	r3, 100030bc <stdio_out_chars_crlf+0x90>
100030a2:	465e      	mov	r6, fp
100030a4:	462b      	mov	r3, r5
100030a6:	e7da      	b.n	1000305e <stdio_out_chars_crlf+0x32>
100030a8:	7833      	ldrb	r3, [r6, #0]
100030aa:	2b0d      	cmp	r3, #13
100030ac:	d0f9      	beq.n	100030a2 <stdio_out_chars_crlf+0x76>
100030ae:	42a0      	cmp	r0, r4
100030b0:	da04      	bge.n	100030bc <stdio_out_chars_crlf+0x90>
100030b2:	1a21      	subs	r1, r4, r0
100030b4:	f8da 3000 	ldr.w	r3, [sl]
100030b8:	4440      	add	r0, r8
100030ba:	4798      	blx	r3
100030bc:	4648      	mov	r0, r9
100030be:	f8da 3000 	ldr.w	r3, [sl]
100030c2:	2102      	movs	r1, #2
100030c4:	4798      	blx	r3
100030c6:	465e      	mov	r6, fp
100030c8:	4628      	mov	r0, r5
100030ca:	462b      	mov	r3, r5
100030cc:	e7c7      	b.n	1000305e <stdio_out_chars_crlf+0x32>
100030ce:	4611      	mov	r1, r2
100030d0:	4640      	mov	r0, r8
100030d2:	f8da 3000 	ldr.w	r3, [sl]
100030d6:	b001      	add	sp, #4
100030d8:	e8bd 4ff0 	ldmia.w	sp!, {r4, r5, r6, r7, r8, r9, sl, fp, lr}
100030dc:	4718      	bx	r3
100030de:	bf00      	nop
100030e0:	10006160 	.word	0x10006160

100030e4 <stdio_buffered_printer>:
100030e4:	680b      	ldr	r3, [r1, #0]
100030e6:	e92d 41f0 	stmdb	sp!, {r4, r5, r6, r7, r8, lr}
100030ea:	2b80      	cmp	r3, #128	@ 0x80
100030ec:	460d      	mov	r5, r1
100030ee:	4606      	mov	r6, r0
100030f0:	d005      	beq.n	100030fe <stdio_buffered_printer+0x1a>
100030f2:	1c5a      	adds	r2, r3, #1
100030f4:	442b      	add	r3, r5
100030f6:	602a      	str	r2, [r5, #0]
100030f8:	711e      	strb	r6, [r3, #4]
100030fa:	e8bd 81f0 	ldmia.w	sp!, {r4, r5, r6, r7, r8, pc}
100030fe:	4b0f      	ldr	r3, [pc, #60]	@ (1000313c <stdio_buffered_printer+0x58>)
10003100:	681c      	ldr	r4, [r3, #0]
10003102:	b1a4      	cbz	r4, 1000312e <stdio_buffered_printer+0x4a>
10003104:	4f0e      	ldr	r7, [pc, #56]	@ (10003140 <stdio_buffered_printer+0x5c>)
10003106:	f101 0804 	add.w	r8, r1, #4
1000310a:	e001      	b.n	10003110 <stdio_buffered_printer+0x2c>
1000310c:	6924      	ldr	r4, [r4, #16]
1000310e:	b174      	cbz	r4, 1000312e <stdio_buffered_printer+0x4a>
10003110:	6823      	ldr	r3, [r4, #0]
10003112:	2b00      	cmp	r3, #0
10003114:	d0fa      	beq.n	1000310c <stdio_buffered_printer+0x28>
10003116:	683b      	ldr	r3, [r7, #0]
10003118:	b10b      	cbz	r3, 1000311e <stdio_buffered_printer+0x3a>
1000311a:	42a3      	cmp	r3, r4
1000311c:	d1f6      	bne.n	1000310c <stdio_buffered_printer+0x28>
1000311e:	4620      	mov	r0, r4
10003120:	4641      	mov	r1, r8
10003122:	682a      	ldr	r2, [r5, #0]
10003124:	f7ff ff82 	bl	1000302c <stdio_out_chars_crlf>
10003128:	6924      	ldr	r4, [r4, #16]
1000312a:	2c00      	cmp	r4, #0
1000312c:	d1f0      	bne.n	10003110 <stdio_buffered_printer+0x2c>
1000312e:	2300      	movs	r3, #0
10003130:	2201      	movs	r2, #1
10003132:	442b      	add	r3, r5
10003134:	602a      	str	r2, [r5, #0]
10003136:	711e      	strb	r6, [r3, #4]
10003138:	e8bd 81f0 	ldmia.w	sp!, {r4, r5, r6, r7, r8, pc}
1000313c:	20001ec4 	.word	0x20001ec4
10003140:	20001ecc 	.word	0x20001ecc

10003144 <stdio_put_string>:
10003144:	e92d 47f0 	stmdb	sp!, {r4, r5, r6, r7, r8, r9, sl, lr}
10003148:	b082      	sub	sp, #8
1000314a:	460d      	mov	r5, r1
1000314c:	4692      	mov	sl, r2
1000314e:	4699      	mov	r9, r3
10003150:	4607      	mov	r7, r0
10003152:	f7fe f88b 	bl	1000126c <time_us_64>
10003156:	f04f 36ff 	mov.w	r6, #4294967295	@ 0xffffffff
1000315a:	f06f 4400 	mvn.w	r4, #2147483648	@ 0x80000000
1000315e:	4a2f      	ldr	r2, [pc, #188]	@ (1000321c <stdio_put_string+0xd8>)
10003160:	1882      	adds	r2, r0, r2
10003162:	f141 0300 	adc.w	r3, r1, #0
10003166:	4296      	cmp	r6, r2
10003168:	eb74 0103 	sbcs.w	r1, r4, r3
1000316c:	bf3c      	itt	cc
1000316e:	4632      	movcc	r2, r6
10003170:	4623      	movcc	r3, r4
10003172:	482b      	ldr	r0, [pc, #172]	@ (10003220 <stdio_put_string+0xdc>)
10003174:	f002 fee8 	bl	10005f48 <__mutex_try_enter_block_until_veneer>
10003178:	1c6b      	adds	r3, r5, #1
1000317a:	4680      	mov	r8, r0
1000317c:	d103      	bne.n	10003186 <stdio_put_string+0x42>
1000317e:	4638      	mov	r0, r7
10003180:	f002 fe96 	bl	10005eb0 <strlen>
10003184:	4605      	mov	r5, r0
10003186:	4b27      	ldr	r3, [pc, #156]	@ (10003224 <stdio_put_string+0xe0>)
10003188:	4e27      	ldr	r6, [pc, #156]	@ (10003228 <stdio_put_string+0xe4>)
1000318a:	681c      	ldr	r4, [r3, #0]
1000318c:	4b27      	ldr	r3, [pc, #156]	@ (1000322c <stdio_put_string+0xe8>)
1000318e:	f1b9 0f00 	cmp.w	r9, #0
10003192:	bf18      	it	ne
10003194:	461e      	movne	r6, r3
10003196:	b1b4      	cbz	r4, 100031c6 <stdio_put_string+0x82>
10003198:	f1ba 0f00 	cmp.w	sl, #0
1000319c:	d11a      	bne.n	100031d4 <stdio_put_string+0x90>
1000319e:	f8df 9090 	ldr.w	r9, [pc, #144]	@ 10003230 <stdio_put_string+0xec>
100031a2:	e001      	b.n	100031a8 <stdio_put_string+0x64>
100031a4:	6924      	ldr	r4, [r4, #16]
100031a6:	b174      	cbz	r4, 100031c6 <stdio_put_string+0x82>
100031a8:	6823      	ldr	r3, [r4, #0]
100031aa:	2b00      	cmp	r3, #0
100031ac:	d0fa      	beq.n	100031a4 <stdio_put_string+0x60>
100031ae:	f8d9 3000 	ldr.w	r3, [r9]
100031b2:	b10b      	cbz	r3, 100031b8 <stdio_put_string+0x74>
100031b4:	42a3      	cmp	r3, r4
100031b6:	d1f5      	bne.n	100031a4 <stdio_put_string+0x60>
100031b8:	4620      	mov	r0, r4
100031ba:	462a      	mov	r2, r5
100031bc:	4639      	mov	r1, r7
100031be:	47b0      	blx	r6
100031c0:	6924      	ldr	r4, [r4, #16]
100031c2:	2c00      	cmp	r4, #0
100031c4:	d1f0      	bne.n	100031a8 <stdio_put_string+0x64>
100031c6:	f1b8 0f00 	cmp.w	r8, #0
100031ca:	d11f      	bne.n	1000320c <stdio_put_string+0xc8>
100031cc:	4628      	mov	r0, r5
100031ce:	b002      	add	sp, #8
100031d0:	e8bd 87f0 	ldmia.w	sp!, {r4, r5, r6, r7, r8, r9, sl, pc}
100031d4:	f04f 0a0a 	mov.w	sl, #10
100031d8:	f8df 9054 	ldr.w	r9, [pc, #84]	@ 10003230 <stdio_put_string+0xec>
100031dc:	e002      	b.n	100031e4 <stdio_put_string+0xa0>
100031de:	6924      	ldr	r4, [r4, #16]
100031e0:	2c00      	cmp	r4, #0
100031e2:	d0f0      	beq.n	100031c6 <stdio_put_string+0x82>
100031e4:	6823      	ldr	r3, [r4, #0]
100031e6:	2b00      	cmp	r3, #0
100031e8:	d0f9      	beq.n	100031de <stdio_put_string+0x9a>
100031ea:	f8d9 3000 	ldr.w	r3, [r9]
100031ee:	b10b      	cbz	r3, 100031f4 <stdio_put_string+0xb0>
100031f0:	42a3      	cmp	r3, r4
100031f2:	d1f4      	bne.n	100031de <stdio_put_string+0x9a>
100031f4:	4620      	mov	r0, r4
100031f6:	462a      	mov	r2, r5
100031f8:	4639      	mov	r1, r7
100031fa:	47b0      	blx	r6
100031fc:	4620      	mov	r0, r4
100031fe:	2201      	movs	r2, #1
10003200:	f10d 0107 	add.w	r1, sp, #7
10003204:	f88d a007 	strb.w	sl, [sp, #7]
10003208:	47b0      	blx	r6
1000320a:	e7e8      	b.n	100031de <stdio_put_string+0x9a>
1000320c:	4804      	ldr	r0, [pc, #16]	@ (10003220 <stdio_put_string+0xdc>)
1000320e:	f002 fe8f 	bl	10005f30 <__mutex_exit_veneer>
10003212:	4628      	mov	r0, r5
10003214:	b002      	add	sp, #8
10003216:	e8bd 87f0 	ldmia.w	sp!, {r4, r5, r6, r7, r8, r9, sl, pc}
1000321a:	bf00      	nop
1000321c:	000f4240 	.word	0x000f4240
10003220:	20001574 	.word	0x20001574
10003224:	20001ec4 	.word	0x20001ec4
10003228:	10003025 	.word	0x10003025
1000322c:	1000302d 	.word	0x1000302d
10003230:	20001ecc 	.word	0x20001ecc

10003234 <stdio_set_driver_enabled>:
10003234:	4a08      	ldr	r2, [pc, #32]	@ (10003258 <stdio_set_driver_enabled+0x24>)
10003236:	6813      	ldr	r3, [r2, #0]
10003238:	b923      	cbnz	r3, 10003244 <stdio_set_driver_enabled+0x10>
1000323a:	e00a      	b.n	10003252 <stdio_set_driver_enabled+0x1e>
1000323c:	f103 0210 	add.w	r2, r3, #16
10003240:	691b      	ldr	r3, [r3, #16]
10003242:	b133      	cbz	r3, 10003252 <stdio_set_driver_enabled+0x1e>
10003244:	4298      	cmp	r0, r3
10003246:	d1f9      	bne.n	1000323c <stdio_set_driver_enabled+0x8>
10003248:	b929      	cbnz	r1, 10003256 <stdio_set_driver_enabled+0x22>
1000324a:	6903      	ldr	r3, [r0, #16]
1000324c:	6013      	str	r3, [r2, #0]
1000324e:	6101      	str	r1, [r0, #16]
10003250:	4770      	bx	lr
10003252:	b101      	cbz	r1, 10003256 <stdio_set_driver_enabled+0x22>
10003254:	6010      	str	r0, [r2, #0]
10003256:	4770      	bx	lr
10003258:	20001ec4 	.word	0x20001ec4

1000325c <stdio_init_all>:
1000325c:	f000 bae2 	b.w	10003824 <stdio_usb_init>

10003260 <__wrap_putchar>:
10003260:	b5f0      	push	{r4, r5, r6, r7, lr}
10003262:	b083      	sub	sp, #12
10003264:	4606      	mov	r6, r0
10003266:	f88d 0007 	strb.w	r0, [sp, #7]
1000326a:	f7fd ffff 	bl	1000126c <time_us_64>
1000326e:	f04f 35ff 	mov.w	r5, #4294967295	@ 0xffffffff
10003272:	f06f 4400 	mvn.w	r4, #2147483648	@ 0x80000000
10003276:	4a17      	ldr	r2, [pc, #92]	@ (100032d4 <__wrap_putchar+0x74>)
10003278:	1882      	adds	r2, r0, r2
1000327a:	f141 0300 	adc.w	r3, r1, #0
1000327e:	4295      	cmp	r5, r2
10003280:	eb74 0103 	sbcs.w	r1, r4, r3
10003284:	bf3c      	itt	cc
10003286:	4623      	movcc	r3, r4
10003288:	462a      	movcc	r2, r5
1000328a:	4813      	ldr	r0, [pc, #76]	@ (100032d8 <__wrap_putchar+0x78>)
1000328c:	f002 fe5c 	bl	10005f48 <__mutex_try_enter_block_until_veneer>
10003290:	4b12      	ldr	r3, [pc, #72]	@ (100032dc <__wrap_putchar+0x7c>)
10003292:	4607      	mov	r7, r0
10003294:	681c      	ldr	r4, [r3, #0]
10003296:	b19c      	cbz	r4, 100032c0 <__wrap_putchar+0x60>
10003298:	4d11      	ldr	r5, [pc, #68]	@ (100032e0 <__wrap_putchar+0x80>)
1000329a:	e001      	b.n	100032a0 <__wrap_putchar+0x40>
1000329c:	6924      	ldr	r4, [r4, #16]
1000329e:	b17c      	cbz	r4, 100032c0 <__wrap_putchar+0x60>
100032a0:	6823      	ldr	r3, [r4, #0]
100032a2:	2b00      	cmp	r3, #0
100032a4:	d0fa      	beq.n	1000329c <__wrap_putchar+0x3c>
100032a6:	682b      	ldr	r3, [r5, #0]
100032a8:	b10b      	cbz	r3, 100032ae <__wrap_putchar+0x4e>
100032aa:	42a3      	cmp	r3, r4
100032ac:	d1f6      	bne.n	1000329c <__wrap_putchar+0x3c>
100032ae:	4620      	mov	r0, r4
100032b0:	2201      	movs	r2, #1
100032b2:	f10d 0107 	add.w	r1, sp, #7
100032b6:	f7ff feb9 	bl	1000302c <stdio_out_chars_crlf>
100032ba:	6924      	ldr	r4, [r4, #16]
100032bc:	2c00      	cmp	r4, #0
100032be:	d1ef      	bne.n	100032a0 <__wrap_putchar+0x40>
100032c0:	b917      	cbnz	r7, 100032c8 <__wrap_putchar+0x68>
100032c2:	4630      	mov	r0, r6
100032c4:	b003      	add	sp, #12
100032c6:	bdf0      	pop	{r4, r5, r6, r7, pc}
100032c8:	4803      	ldr	r0, [pc, #12]	@ (100032d8 <__wrap_putchar+0x78>)
100032ca:	f002 fe31 	bl	10005f30 <__mutex_exit_veneer>
100032ce:	4630      	mov	r0, r6
100032d0:	b003      	add	sp, #12
100032d2:	bdf0      	pop	{r4, r5, r6, r7, pc}
100032d4:	000f4240 	.word	0x000f4240
100032d8:	20001574 	.word	0x20001574
100032dc:	20001ec4 	.word	0x20001ec4
100032e0:	20001ecc 	.word	0x20001ecc

100032e4 <__wrap_puts>:
100032e4:	b538      	push	{r3, r4, r5, lr}
100032e6:	4604      	mov	r4, r0
100032e8:	f002 fde2 	bl	10005eb0 <strlen>
100032ec:	2301      	movs	r3, #1
100032ee:	4605      	mov	r5, r0
100032f0:	461a      	mov	r2, r3
100032f2:	4620      	mov	r0, r4
100032f4:	4629      	mov	r1, r5
100032f6:	f7ff ff25 	bl	10003144 <stdio_put_string>
100032fa:	4b08      	ldr	r3, [pc, #32]	@ (1000331c <__wrap_puts+0x38>)
100032fc:	681c      	ldr	r4, [r3, #0]
100032fe:	b12c      	cbz	r4, 1000330c <__wrap_puts+0x28>
10003300:	6863      	ldr	r3, [r4, #4]
10003302:	b12b      	cbz	r3, 10003310 <__wrap_puts+0x2c>
10003304:	4798      	blx	r3
10003306:	6924      	ldr	r4, [r4, #16]
10003308:	2c00      	cmp	r4, #0
1000330a:	d1f9      	bne.n	10003300 <__wrap_puts+0x1c>
1000330c:	4628      	mov	r0, r5
1000330e:	bd38      	pop	{r3, r4, r5, pc}
10003310:	6924      	ldr	r4, [r4, #16]
10003312:	2c00      	cmp	r4, #0
10003314:	d1f4      	bne.n	10003300 <__wrap_puts+0x1c>
10003316:	4628      	mov	r0, r5
10003318:	bd38      	pop	{r3, r4, r5, pc}
1000331a:	bf00      	nop
1000331c:	20001ec4 	.word	0x20001ec4

10003320 <__wrap_vprintf>:
10003320:	e92d 41f0 	stmdb	sp!, {r4, r5, r6, r7, r8, lr}
10003324:	b0a2      	sub	sp, #136	@ 0x88
10003326:	4604      	mov	r4, r0
10003328:	460d      	mov	r5, r1
1000332a:	f7fd ff9f 	bl	1000126c <time_us_64>
1000332e:	f04f 37ff 	mov.w	r7, #4294967295	@ 0xffffffff
10003332:	f06f 4600 	mvn.w	r6, #2147483648	@ 0x80000000
10003336:	4a27      	ldr	r2, [pc, #156]	@ (100033d4 <__wrap_vprintf+0xb4>)
10003338:	1882      	adds	r2, r0, r2
1000333a:	f141 0300 	adc.w	r3, r1, #0
1000333e:	4297      	cmp	r7, r2
10003340:	eb76 0103 	sbcs.w	r1, r6, r3
10003344:	bf3c      	itt	cc
10003346:	463a      	movcc	r2, r7
10003348:	4633      	movcc	r3, r6
1000334a:	4823      	ldr	r0, [pc, #140]	@ (100033d8 <__wrap_vprintf+0xb8>)
1000334c:	f002 fdfc 	bl	10005f48 <__mutex_try_enter_block_until_veneer>
10003350:	2600      	movs	r6, #0
10003352:	462b      	mov	r3, r5
10003354:	4607      	mov	r7, r0
10003356:	4622      	mov	r2, r4
10003358:	4820      	ldr	r0, [pc, #128]	@ (100033dc <__wrap_vprintf+0xbc>)
1000335a:	a901      	add	r1, sp, #4
1000335c:	9601      	str	r6, [sp, #4]
1000335e:	f7ff fe1d 	bl	10002f9c <vfctprintf>
10003362:	9b01      	ldr	r3, [sp, #4]
10003364:	4606      	mov	r6, r0
10003366:	b97b      	cbnz	r3, 10003388 <__wrap_vprintf+0x68>
10003368:	4b1d      	ldr	r3, [pc, #116]	@ (100033e0 <__wrap_vprintf+0xc0>)
1000336a:	681c      	ldr	r4, [r3, #0]
1000336c:	b12c      	cbz	r4, 1000337a <__wrap_vprintf+0x5a>
1000336e:	6863      	ldr	r3, [r4, #4]
10003370:	b143      	cbz	r3, 10003384 <__wrap_vprintf+0x64>
10003372:	4798      	blx	r3
10003374:	6924      	ldr	r4, [r4, #16]
10003376:	2c00      	cmp	r4, #0
10003378:	d1f9      	bne.n	1000336e <__wrap_vprintf+0x4e>
1000337a:	bb0f      	cbnz	r7, 100033c0 <__wrap_vprintf+0xa0>
1000337c:	4630      	mov	r0, r6
1000337e:	b022      	add	sp, #136	@ 0x88
10003380:	e8bd 81f0 	ldmia.w	sp!, {r4, r5, r6, r7, r8, pc}
10003384:	6924      	ldr	r4, [r4, #16]
10003386:	e7f1      	b.n	1000336c <__wrap_vprintf+0x4c>
10003388:	f8df 8054 	ldr.w	r8, [pc, #84]	@ 100033e0 <__wrap_vprintf+0xc0>
1000338c:	f8d8 5000 	ldr.w	r5, [r8]
10003390:	b1ed      	cbz	r5, 100033ce <__wrap_vprintf+0xae>
10003392:	4c14      	ldr	r4, [pc, #80]	@ (100033e4 <__wrap_vprintf+0xc4>)
10003394:	e001      	b.n	1000339a <__wrap_vprintf+0x7a>
10003396:	692d      	ldr	r5, [r5, #16]
10003398:	b175      	cbz	r5, 100033b8 <__wrap_vprintf+0x98>
1000339a:	682b      	ldr	r3, [r5, #0]
1000339c:	2b00      	cmp	r3, #0
1000339e:	d0fa      	beq.n	10003396 <__wrap_vprintf+0x76>
100033a0:	6823      	ldr	r3, [r4, #0]
100033a2:	b10b      	cbz	r3, 100033a8 <__wrap_vprintf+0x88>
100033a4:	42ab      	cmp	r3, r5
100033a6:	d1f6      	bne.n	10003396 <__wrap_vprintf+0x76>
100033a8:	4628      	mov	r0, r5
100033aa:	9a01      	ldr	r2, [sp, #4]
100033ac:	a902      	add	r1, sp, #8
100033ae:	f7ff fe3d 	bl	1000302c <stdio_out_chars_crlf>
100033b2:	692d      	ldr	r5, [r5, #16]
100033b4:	2d00      	cmp	r5, #0
100033b6:	d1f0      	bne.n	1000339a <__wrap_vprintf+0x7a>
100033b8:	f8d8 4000 	ldr.w	r4, [r8]
100033bc:	9501      	str	r5, [sp, #4]
100033be:	e7d5      	b.n	1000336c <__wrap_vprintf+0x4c>
100033c0:	4805      	ldr	r0, [pc, #20]	@ (100033d8 <__wrap_vprintf+0xb8>)
100033c2:	f002 fdb5 	bl	10005f30 <__mutex_exit_veneer>
100033c6:	4630      	mov	r0, r6
100033c8:	b022      	add	sp, #136	@ 0x88
100033ca:	e8bd 81f0 	ldmia.w	sp!, {r4, r5, r6, r7, r8, pc}
100033ce:	9501      	str	r5, [sp, #4]
100033d0:	e7d3      	b.n	1000337a <__wrap_vprintf+0x5a>
100033d2:	bf00      	nop
100033d4:	000f4240 	.word	0x000f4240
100033d8:	20001574 	.word	0x20001574
100033dc:	100030e5 	.word	0x100030e5
100033e0:	20001ec4 	.word	0x20001ec4
100033e4:	20001ecc 	.word	0x20001ecc

100033e8 <__wrap_printf>:
100033e8:	b40f      	push	{r0, r1, r2, r3}
100033ea:	b500      	push	{lr}
100033ec:	b083      	sub	sp, #12
100033ee:	a904      	add	r1, sp, #16
100033f0:	f851 0b04 	ldr.w	r0, [r1], #4
100033f4:	9101      	str	r1, [sp, #4]
100033f6:	f7ff ff93 	bl	10003320 <__wrap_vprintf>
100033fa:	b003      	add	sp, #12
100033fc:	f85d eb04 	ldr.w	lr, [sp], #4
10003400:	b004      	add	sp, #16
10003402:	4770      	bx	lr

10003404 <resetd_init>:
10003404:	4770      	bx	lr
10003406:	bf00      	nop

10003408 <resetd_reset>:
10003408:	2200      	movs	r2, #0
1000340a:	4b01      	ldr	r3, [pc, #4]	@ (10003410 <resetd_reset+0x8>)
1000340c:	701a      	strb	r2, [r3, #0]
1000340e:	4770      	bx	lr
10003410:	2000232d 	.word	0x2000232d

10003414 <resetd_open>:
10003414:	794b      	ldrb	r3, [r1, #5]
10003416:	2bff      	cmp	r3, #255	@ 0xff
10003418:	d10b      	bne.n	10003432 <resetd_open+0x1e>
1000341a:	7988      	ldrb	r0, [r1, #6]
1000341c:	b948      	cbnz	r0, 10003432 <resetd_open+0x1e>
1000341e:	79cb      	ldrb	r3, [r1, #7]
10003420:	2b01      	cmp	r3, #1
10003422:	d107      	bne.n	10003434 <resetd_open+0x20>
10003424:	2a08      	cmp	r2, #8
10003426:	d905      	bls.n	10003434 <resetd_open+0x20>
10003428:	4b03      	ldr	r3, [pc, #12]	@ (10003438 <resetd_open+0x24>)
1000342a:	788a      	ldrb	r2, [r1, #2]
1000342c:	2009      	movs	r0, #9
1000342e:	701a      	strb	r2, [r3, #0]
10003430:	4770      	bx	lr
10003432:	2000      	movs	r0, #0
10003434:	4770      	bx	lr
10003436:	bf00      	nop
10003438:	2000232d 	.word	0x2000232d

1000343c <resetd_xfer_cb>:
1000343c:	2001      	movs	r0, #1
1000343e:	4770      	bx	lr

10003440 <resetd_control_xfer_cb>:
10003440:	2901      	cmp	r1, #1
10003442:	d001      	beq.n	10003448 <resetd_control_xfer_cb+0x8>
10003444:	2001      	movs	r0, #1
10003446:	4770      	bx	lr
10003448:	b508      	push	{r3, lr}
1000344a:	4b10      	ldr	r3, [pc, #64]	@ (1000348c <resetd_control_xfer_cb+0x4c>)
1000344c:	8891      	ldrh	r1, [r2, #4]
1000344e:	781b      	ldrb	r3, [r3, #0]
10003450:	4299      	cmp	r1, r3
10003452:	d001      	beq.n	10003458 <resetd_control_xfer_cb+0x18>
10003454:	2000      	movs	r0, #0
10003456:	bd08      	pop	{r3, pc}
10003458:	7853      	ldrb	r3, [r2, #1]
1000345a:	2b01      	cmp	r3, #1
1000345c:	d008      	beq.n	10003470 <resetd_control_xfer_cb+0x30>
1000345e:	2b02      	cmp	r3, #2
10003460:	d1f8      	bne.n	10003454 <resetd_control_xfer_cb+0x14>
10003462:	2100      	movs	r1, #0
10003464:	2264      	movs	r2, #100	@ 0x64
10003466:	4608      	mov	r0, r1
10003468:	f7fd ffd0 	bl	1000140c <watchdog_reboot>
1000346c:	2001      	movs	r0, #1
1000346e:	bd08      	pop	{r3, pc}
10003470:	8851      	ldrh	r1, [r2, #2]
10003472:	05cb      	lsls	r3, r1, #23
10003474:	bf4b      	itete	mi
10003476:	0a4a      	lsrmi	r2, r1, #9
10003478:	0a4a      	lsrpl	r2, r1, #9
1000347a:	4610      	movmi	r0, r2
1000347c:	f04f 30ff 	movpl.w	r0, #4294967295	@ 0xffffffff
10003480:	f002 0201 	and.w	r2, r2, #1
10003484:	f001 017f 	and.w	r1, r1, #127	@ 0x7f
10003488:	f7fe f83e 	bl	10001508 <rom_reset_usb_boot_extra>
1000348c:	2000232d 	.word	0x2000232d

10003490 <tud_descriptor_bos_cb>:
10003490:	4800      	ldr	r0, [pc, #0]	@ (10003494 <tud_descriptor_bos_cb+0x4>)
10003492:	4770      	bx	lr
10003494:	1000622c 	.word	0x1000622c

10003498 <tud_vendor_control_xfer_cb>:
10003498:	2901      	cmp	r1, #1
1000349a:	d107      	bne.n	100034ac <tud_vendor_control_xfer_cb+0x14>
1000349c:	7853      	ldrb	r3, [r2, #1]
1000349e:	2b01      	cmp	r3, #1
100034a0:	d102      	bne.n	100034a8 <tud_vendor_control_xfer_cb+0x10>
100034a2:	8893      	ldrh	r3, [r2, #4]
100034a4:	2b07      	cmp	r3, #7
100034a6:	d003      	beq.n	100034b0 <tud_vendor_control_xfer_cb+0x18>
100034a8:	2000      	movs	r0, #0
100034aa:	4770      	bx	lr
100034ac:	2001      	movs	r0, #1
100034ae:	4770      	bx	lr
100034b0:	4611      	mov	r1, r2
100034b2:	23a6      	movs	r3, #166	@ 0xa6
100034b4:	4a01      	ldr	r2, [pc, #4]	@ (100034bc <tud_vendor_control_xfer_cb+0x24>)
100034b6:	f001 ba49 	b.w	1000494c <tud_control_xfer>
100034ba:	bf00      	nop
100034bc:	10006184 	.word	0x10006184

100034c0 <usbd_app_driver_get_cb>:
100034c0:	4603      	mov	r3, r0
100034c2:	2201      	movs	r2, #1
100034c4:	4801      	ldr	r0, [pc, #4]	@ (100034cc <usbd_app_driver_get_cb+0xc>)
100034c6:	701a      	strb	r2, [r3, #0]
100034c8:	4770      	bx	lr
100034ca:	bf00      	nop
100034cc:	10006164 	.word	0x10006164

100034d0 <tud_cdc_line_coding_cb>:
100034d0:	b508      	push	{r3, lr}
100034d2:	680b      	ldr	r3, [r1, #0]
100034d4:	f5b3 6f96 	cmp.w	r3, #1200	@ 0x4b0
100034d8:	d000      	beq.n	100034dc <tud_cdc_line_coding_cb+0xc>
100034da:	bd08      	pop	{r3, pc}
100034dc:	2200      	movs	r2, #0
100034de:	f04f 30ff 	mov.w	r0, #4294967295	@ 0xffffffff
100034e2:	4611      	mov	r1, r2
100034e4:	f7fe f810 	bl	10001508 <rom_reset_usb_boot_extra>

100034e8 <stdio_usb_set_chars_available_callback>:
100034e8:	4a02      	ldr	r2, [pc, #8]	@ (100034f4 <stdio_usb_set_chars_available_callback+0xc>)
100034ea:	4b03      	ldr	r3, [pc, #12]	@ (100034f8 <stdio_usb_set_chars_available_callback+0x10>)
100034ec:	6010      	str	r0, [r2, #0]
100034ee:	6019      	str	r1, [r3, #0]
100034f0:	4770      	bx	lr
100034f2:	bf00      	nop
100034f4:	20001e64 	.word	0x20001e64
100034f8:	20001e68 	.word	0x20001e68

100034fc <timer_task>:
100034fc:	4b18      	ldr	r3, [pc, #96]	@ (10003560 <timer_task+0x64>)
100034fe:	b570      	push	{r4, r5, r6, lr}
10003500:	681a      	ldr	r2, [r3, #0]
10003502:	2a00      	cmp	r2, #0
10003504:	d028      	beq.n	10003558 <timer_task+0x5c>
10003506:	f3ef 8110 	mrs	r1, PRIMASK
1000350a:	b672      	cpsid	i
1000350c:	e8d2 4fcf 	ldaexb	r4, [r2]
10003510:	2001      	movs	r0, #1
10003512:	2c00      	cmp	r4, #0
10003514:	d1fa      	bne.n	1000350c <timer_task+0x10>
10003516:	e8c2 0f44 	strexb	r4, r0, [r2]
1000351a:	2c00      	cmp	r4, #0
1000351c:	d1f6      	bne.n	1000350c <timer_task+0x10>
1000351e:	f3bf 8f5f 	dmb	sy
10003522:	2200      	movs	r2, #0
10003524:	4c0f      	ldr	r4, [pc, #60]	@ (10003564 <timer_task+0x68>)
10003526:	6818      	ldr	r0, [r3, #0]
10003528:	6059      	str	r1, [r3, #4]
1000352a:	7022      	strb	r2, [r4, #0]
1000352c:	e8c0 2f8f 	stlb	r2, [r0]
10003530:	f381 8810 	msr	PRIMASK, r1
10003534:	2400      	movs	r4, #0
10003536:	2500      	movs	r5, #0
10003538:	4e0b      	ldr	r6, [pc, #44]	@ (10003568 <timer_task+0x6c>)
1000353a:	7830      	ldrb	r0, [r6, #0]
1000353c:	f7fd f85e 	bl	100005fc <irq_is_enabled>
10003540:	b920      	cbnz	r0, 1000354c <timer_task+0x50>
10003542:	2400      	movs	r4, #0
10003544:	2500      	movs	r5, #0
10003546:	4620      	mov	r0, r4
10003548:	4629      	mov	r1, r5
1000354a:	bd70      	pop	{r4, r5, r6, pc}
1000354c:	7830      	ldrb	r0, [r6, #0]
1000354e:	f7fd f865 	bl	1000061c <irq_set_pending>
10003552:	4620      	mov	r0, r4
10003554:	4629      	mov	r1, r5
10003556:	bd70      	pop	{r4, r5, r6, pc}
10003558:	f44f 747a 	mov.w	r4, #1000	@ 0x3e8
1000355c:	2500      	movs	r5, #0
1000355e:	e7eb      	b.n	10003538 <timer_task+0x3c>
10003560:	200022dc 	.word	0x200022dc
10003564:	2000232f 	.word	0x2000232f
10003568:	2000232e 	.word	0x2000232e

1000356c <usb_irq>:
1000356c:	4b01      	ldr	r3, [pc, #4]	@ (10003574 <usb_irq+0x8>)
1000356e:	7818      	ldrb	r0, [r3, #0]
10003570:	f7fd b854 	b.w	1000061c <irq_set_pending>
10003574:	2000232e 	.word	0x2000232e

10003578 <stdio_usb_in_chars>:
10003578:	b538      	push	{r3, r4, r5, lr}
1000357a:	4604      	mov	r4, r0
1000357c:	2000      	movs	r0, #0
1000357e:	460d      	mov	r5, r1
10003580:	f001 fb06 	bl	10004b90 <tud_cdc_n_connected>
10003584:	b3a8      	cbz	r0, 100035f2 <stdio_usb_in_chars+0x7a>
10003586:	2000      	movs	r0, #0
10003588:	f001 fb18 	bl	10004bbc <tud_cdc_n_available>
1000358c:	b388      	cbz	r0, 100035f2 <stdio_usb_in_chars+0x7a>
1000358e:	f7fd fe6d 	bl	1000126c <time_us_64>
10003592:	f04f 3eff 	mov.w	lr, #4294967295	@ 0xffffffff
10003596:	f06f 4c00 	mvn.w	ip, #2147483648	@ 0x80000000
1000359a:	4a17      	ldr	r2, [pc, #92]	@ (100035f8 <stdio_usb_in_chars+0x80>)
1000359c:	1882      	adds	r2, r0, r2
1000359e:	f141 0300 	adc.w	r3, r1, #0
100035a2:	4596      	cmp	lr, r2
100035a4:	eb7c 0103 	sbcs.w	r1, ip, r3
100035a8:	bf3c      	itt	cc
100035aa:	4672      	movcc	r2, lr
100035ac:	4663      	movcc	r3, ip
100035ae:	4813      	ldr	r0, [pc, #76]	@ (100035fc <stdio_usb_in_chars+0x84>)
100035b0:	f002 fcca 	bl	10005f48 <__mutex_try_enter_block_until_veneer>
100035b4:	b1e8      	cbz	r0, 100035f2 <stdio_usb_in_chars+0x7a>
100035b6:	2000      	movs	r0, #0
100035b8:	f001 faea 	bl	10004b90 <tud_cdc_n_connected>
100035bc:	b958      	cbnz	r0, 100035d6 <stdio_usb_in_chars+0x5e>
100035be:	2100      	movs	r1, #0
100035c0:	f04f 30ff 	mov.w	r0, #4294967295	@ 0xffffffff
100035c4:	f000 fd06 	bl	10003fd4 <tud_task_ext>
100035c8:	f06f 0402 	mvn.w	r4, #2
100035cc:	480b      	ldr	r0, [pc, #44]	@ (100035fc <stdio_usb_in_chars+0x84>)
100035ce:	f002 fcaf 	bl	10005f30 <__mutex_exit_veneer>
100035d2:	4620      	mov	r0, r4
100035d4:	bd38      	pop	{r3, r4, r5, pc}
100035d6:	2000      	movs	r0, #0
100035d8:	f001 faf0 	bl	10004bbc <tud_cdc_n_available>
100035dc:	2800      	cmp	r0, #0
100035de:	d0ee      	beq.n	100035be <stdio_usb_in_chars+0x46>
100035e0:	4621      	mov	r1, r4
100035e2:	462a      	mov	r2, r5
100035e4:	2000      	movs	r0, #0
100035e6:	f001 faf5 	bl	10004bd4 <tud_cdc_n_read>
100035ea:	4604      	mov	r4, r0
100035ec:	2800      	cmp	r0, #0
100035ee:	d1ed      	bne.n	100035cc <stdio_usb_in_chars+0x54>
100035f0:	e7ea      	b.n	100035c8 <stdio_usb_in_chars+0x50>
100035f2:	f06f 0402 	mvn.w	r4, #2
100035f6:	e7ec      	b.n	100035d2 <stdio_usb_in_chars+0x5a>
100035f8:	000f4240 	.word	0x000f4240
100035fc:	20002310 	.word	0x20002310

10003600 <stdio_usb_out_flush>:
10003600:	b508      	push	{r3, lr}
10003602:	f7fd fe33 	bl	1000126c <time_us_64>
10003606:	f04f 3eff 	mov.w	lr, #4294967295	@ 0xffffffff
1000360a:	f06f 4c00 	mvn.w	ip, #2147483648	@ 0x80000000
1000360e:	4a0f      	ldr	r2, [pc, #60]	@ (1000364c <stdio_usb_out_flush+0x4c>)
10003610:	1882      	adds	r2, r0, r2
10003612:	f141 0300 	adc.w	r3, r1, #0
10003616:	4596      	cmp	lr, r2
10003618:	eb7c 0103 	sbcs.w	r1, ip, r3
1000361c:	bf3c      	itt	cc
1000361e:	4672      	movcc	r2, lr
10003620:	4663      	movcc	r3, ip
10003622:	480b      	ldr	r0, [pc, #44]	@ (10003650 <stdio_usb_out_flush+0x50>)
10003624:	f002 fc90 	bl	10005f48 <__mutex_try_enter_block_until_veneer>
10003628:	b170      	cbz	r0, 10003648 <stdio_usb_out_flush+0x48>
1000362a:	f04f 30ff 	mov.w	r0, #4294967295	@ 0xffffffff
1000362e:	2100      	movs	r1, #0
10003630:	f000 fcd0 	bl	10003fd4 <tud_task_ext>
10003634:	2000      	movs	r0, #0
10003636:	f001 fb15 	bl	10004c64 <tud_cdc_n_write_flush>
1000363a:	2800      	cmp	r0, #0
1000363c:	d1f5      	bne.n	1000362a <stdio_usb_out_flush+0x2a>
1000363e:	e8bd 4008 	ldmia.w	sp!, {r3, lr}
10003642:	4803      	ldr	r0, [pc, #12]	@ (10003650 <stdio_usb_out_flush+0x50>)
10003644:	f002 bc74 	b.w	10005f30 <__mutex_exit_veneer>
10003648:	bd08      	pop	{r3, pc}
1000364a:	bf00      	nop
1000364c:	000f4240 	.word	0x000f4240
10003650:	20002310 	.word	0x20002310

10003654 <stdio_usb_out_chars>:
10003654:	e92d 43f8 	stmdb	sp!, {r3, r4, r5, r6, r7, r8, r9, lr}
10003658:	4607      	mov	r7, r0
1000365a:	460e      	mov	r6, r1
1000365c:	f7fd fe06 	bl	1000126c <time_us_64>
10003660:	f04f 35ff 	mov.w	r5, #4294967295	@ 0xffffffff
10003664:	f06f 4400 	mvn.w	r4, #2147483648	@ 0x80000000
10003668:	4a34      	ldr	r2, [pc, #208]	@ (1000373c <stdio_usb_out_chars+0xe8>)
1000366a:	1882      	adds	r2, r0, r2
1000366c:	f141 0300 	adc.w	r3, r1, #0
10003670:	4295      	cmp	r5, r2
10003672:	eb74 0103 	sbcs.w	r1, r4, r3
10003676:	bf3c      	itt	cc
10003678:	462a      	movcc	r2, r5
1000367a:	4623      	movcc	r3, r4
1000367c:	4830      	ldr	r0, [pc, #192]	@ (10003740 <stdio_usb_out_chars+0xec>)
1000367e:	f002 fc63 	bl	10005f48 <__mutex_try_enter_block_until_veneer>
10003682:	b908      	cbnz	r0, 10003688 <stdio_usb_out_chars+0x34>
10003684:	e8bd 83f8 	ldmia.w	sp!, {r3, r4, r5, r6, r7, r8, r9, pc}
10003688:	2000      	movs	r0, #0
1000368a:	f001 fa81 	bl	10004b90 <tud_cdc_n_connected>
1000368e:	2800      	cmp	r0, #0
10003690:	d049      	beq.n	10003726 <stdio_usb_out_chars+0xd2>
10003692:	2e00      	cmp	r6, #0
10003694:	dd42      	ble.n	1000371c <stdio_usb_out_chars+0xc8>
10003696:	2500      	movs	r5, #0
10003698:	f8df 80a8 	ldr.w	r8, [pc, #168]	@ 10003744 <stdio_usb_out_chars+0xf0>
1000369c:	f8df 90a8 	ldr.w	r9, [pc, #168]	@ 10003748 <stdio_usb_out_chars+0xf4>
100036a0:	e013      	b.n	100036ca <stdio_usb_out_chars+0x76>
100036a2:	4602      	mov	r2, r0
100036a4:	2000      	movs	r0, #0
100036a6:	f001 fb23 	bl	10004cf0 <tud_cdc_n_write>
100036aa:	2100      	movs	r1, #0
100036ac:	4604      	mov	r4, r0
100036ae:	f04f 30ff 	mov.w	r0, #4294967295	@ 0xffffffff
100036b2:	f000 fc8f 	bl	10003fd4 <tud_task_ext>
100036b6:	2000      	movs	r0, #0
100036b8:	f001 fad4 	bl	10004c64 <tud_cdc_n_write_flush>
100036bc:	f7fd fdd6 	bl	1000126c <time_us_64>
100036c0:	e9c8 0100 	strd	r0, r1, [r8]
100036c4:	4425      	add	r5, r4
100036c6:	42ae      	cmp	r6, r5
100036c8:	dd28      	ble.n	1000371c <stdio_usb_out_chars+0xc8>
100036ca:	2000      	movs	r0, #0
100036cc:	f001 fb30 	bl	10004d30 <tud_cdc_n_write_available>
100036d0:	1b73      	subs	r3, r6, r5
100036d2:	4298      	cmp	r0, r3
100036d4:	bfa8      	it	ge
100036d6:	4618      	movge	r0, r3
100036d8:	1979      	adds	r1, r7, r5
100036da:	4604      	mov	r4, r0
100036dc:	2800      	cmp	r0, #0
100036de:	d1e0      	bne.n	100036a2 <stdio_usb_out_chars+0x4e>
100036e0:	4601      	mov	r1, r0
100036e2:	f04f 30ff 	mov.w	r0, #4294967295	@ 0xffffffff
100036e6:	f000 fc75 	bl	10003fd4 <tud_task_ext>
100036ea:	4620      	mov	r0, r4
100036ec:	f001 faba 	bl	10004c64 <tud_cdc_n_write_flush>
100036f0:	4620      	mov	r0, r4
100036f2:	f001 fa4d 	bl	10004b90 <tud_cdc_n_connected>
100036f6:	b188      	cbz	r0, 1000371c <stdio_usb_out_chars+0xc8>
100036f8:	4620      	mov	r0, r4
100036fa:	f001 fb19 	bl	10004d30 <tud_cdc_n_write_available>
100036fe:	2800      	cmp	r0, #0
10003700:	d1e1      	bne.n	100036c6 <stdio_usb_out_chars+0x72>
10003702:	f7fd fdb3 	bl	1000126c <time_us_64>
10003706:	f8d8 3000 	ldr.w	r3, [r8]
1000370a:	f8d8 2004 	ldr.w	r2, [r8, #4]
1000370e:	eb13 0309 	adds.w	r3, r3, r9
10003712:	f142 0200 	adc.w	r2, r2, #0
10003716:	4283      	cmp	r3, r0
10003718:	418a      	sbcs	r2, r1
1000371a:	d2d4      	bcs.n	100036c6 <stdio_usb_out_chars+0x72>
1000371c:	4808      	ldr	r0, [pc, #32]	@ (10003740 <stdio_usb_out_chars+0xec>)
1000371e:	e8bd 43f8 	ldmia.w	sp!, {r3, r4, r5, r6, r7, r8, r9, lr}
10003722:	f002 bc05 	b.w	10005f30 <__mutex_exit_veneer>
10003726:	2000      	movs	r0, #0
10003728:	2100      	movs	r1, #0
1000372a:	4b06      	ldr	r3, [pc, #24]	@ (10003744 <stdio_usb_out_chars+0xf0>)
1000372c:	e9c3 0100 	strd	r0, r1, [r3]
10003730:	e8bd 43f8 	ldmia.w	sp!, {r3, r4, r5, r6, r7, r8, r9, lr}
10003734:	4802      	ldr	r0, [pc, #8]	@ (10003740 <stdio_usb_out_chars+0xec>)
10003736:	f002 bbfb 	b.w	10005f30 <__mutex_exit_veneer>
1000373a:	bf00      	nop
1000373c:	000f4240 	.word	0x000f4240
10003740:	20002310 	.word	0x20002310
10003744:	200019c8 	.word	0x200019c8
10003748:	0007a120 	.word	0x0007a120

1000374c <low_priority_worker_irq>:
1000374c:	b530      	push	{r4, r5, lr}
1000374e:	2100      	movs	r1, #0
10003750:	b085      	sub	sp, #20
10003752:	482e      	ldr	r0, [pc, #184]	@ (1000380c <low_priority_worker_irq+0xc0>)
10003754:	f002 fc04 	bl	10005f60 <__mutex_try_enter_veneer>
10003758:	b9f0      	cbnz	r0, 10003798 <low_priority_worker_irq+0x4c>
1000375a:	4b2d      	ldr	r3, [pc, #180]	@ (10003810 <low_priority_worker_irq+0xc4>)
1000375c:	681a      	ldr	r2, [r3, #0]
1000375e:	b1ca      	cbz	r2, 10003794 <low_priority_worker_irq+0x48>
10003760:	f3ef 8110 	mrs	r1, PRIMASK
10003764:	b672      	cpsid	i
10003766:	e8d2 5fcf 	ldaexb	r5, [r2]
1000376a:	2401      	movs	r4, #1
1000376c:	2d00      	cmp	r5, #0
1000376e:	d1fa      	bne.n	10003766 <low_priority_worker_irq+0x1a>
10003770:	e8c2 4f45 	strexb	r5, r4, [r2]
10003774:	2d00      	cmp	r5, #0
10003776:	d1f6      	bne.n	10003766 <low_priority_worker_irq+0x1a>
10003778:	f3bf 8f5f 	dmb	sy
1000377c:	4c25      	ldr	r4, [pc, #148]	@ (10003814 <low_priority_worker_irq+0xc8>)
1000377e:	681d      	ldr	r5, [r3, #0]
10003780:	7822      	ldrb	r2, [r4, #0]
10003782:	6059      	str	r1, [r3, #4]
10003784:	b2d3      	uxtb	r3, r2
10003786:	2201      	movs	r2, #1
10003788:	7022      	strb	r2, [r4, #0]
1000378a:	e8c5 0f8f 	stlb	r0, [r5]
1000378e:	f381 8810 	msr	PRIMASK, r1
10003792:	b1cb      	cbz	r3, 100037c8 <low_priority_worker_irq+0x7c>
10003794:	b005      	add	sp, #20
10003796:	bd30      	pop	{r4, r5, pc}
10003798:	2100      	movs	r1, #0
1000379a:	f04f 30ff 	mov.w	r0, #4294967295	@ 0xffffffff
1000379e:	f000 fc19 	bl	10003fd4 <tud_task_ext>
100037a2:	2000      	movs	r0, #0
100037a4:	f001 fa0a 	bl	10004bbc <tud_cdc_n_available>
100037a8:	4604      	mov	r4, r0
100037aa:	4818      	ldr	r0, [pc, #96]	@ (1000380c <low_priority_worker_irq+0xc0>)
100037ac:	f002 fbc0 	bl	10005f30 <__mutex_exit_veneer>
100037b0:	2c00      	cmp	r4, #0
100037b2:	d0ef      	beq.n	10003794 <low_priority_worker_irq+0x48>
100037b4:	4b18      	ldr	r3, [pc, #96]	@ (10003818 <low_priority_worker_irq+0xcc>)
100037b6:	681b      	ldr	r3, [r3, #0]
100037b8:	2b00      	cmp	r3, #0
100037ba:	d0eb      	beq.n	10003794 <low_priority_worker_irq+0x48>
100037bc:	4a17      	ldr	r2, [pc, #92]	@ (1000381c <low_priority_worker_irq+0xd0>)
100037be:	6810      	ldr	r0, [r2, #0]
100037c0:	b005      	add	sp, #20
100037c2:	e8bd 4030 	ldmia.w	sp!, {r4, r5, lr}
100037c6:	4718      	bx	r3
100037c8:	f7fd fb4e 	bl	10000e68 <alarm_pool_get_default>
100037cc:	4604      	mov	r4, r0
100037ce:	f7fd fd4d 	bl	1000126c <time_us_64>
100037d2:	f04f 3cff 	mov.w	ip, #4294967295	@ 0xffffffff
100037d6:	f06f 4500 	mvn.w	r5, #2147483648	@ 0x80000000
100037da:	f510 727a 	adds.w	r2, r0, #1000	@ 0x3e8
100037de:	f141 0300 	adc.w	r3, r1, #0
100037e2:	4594      	cmp	ip, r2
100037e4:	eb75 0103 	sbcs.w	r1, r5, r3
100037e8:	bf38      	it	cc
100037ea:	462b      	movcc	r3, r5
100037ec:	f04f 0100 	mov.w	r1, #0
100037f0:	f04f 0501 	mov.w	r5, #1
100037f4:	4620      	mov	r0, r4
100037f6:	4c0a      	ldr	r4, [pc, #40]	@ (10003820 <low_priority_worker_irq+0xd4>)
100037f8:	bf38      	it	cc
100037fa:	4662      	movcc	r2, ip
100037fc:	e9cd 1501 	strd	r1, r5, [sp, #4]
10003800:	9400      	str	r4, [sp, #0]
10003802:	f7fd fb35 	bl	10000e70 <alarm_pool_add_alarm_at>
10003806:	b005      	add	sp, #20
10003808:	bd30      	pop	{r4, r5, pc}
1000380a:	bf00      	nop
1000380c:	20002310 	.word	0x20002310
10003810:	200022dc 	.word	0x200022dc
10003814:	2000232f 	.word	0x2000232f
10003818:	20001e64 	.word	0x20001e64
1000381c:	20001e68 	.word	0x20001e68
10003820:	100034fd 	.word	0x100034fd

10003824 <stdio_usb_init>:
10003824:	f04f 4350 	mov.w	r3, #3489660928	@ 0xd0000000
10003828:	b530      	push	{r4, r5, lr}
1000382a:	b085      	sub	sp, #20
1000382c:	681c      	ldr	r4, [r3, #0]
1000382e:	f7fd fb1b 	bl	10000e68 <alarm_pool_get_default>
10003832:	f7fd fc2f 	bl	10001094 <alarm_pool_core_num>
10003836:	42a0      	cmp	r0, r4
10003838:	d002      	beq.n	10003840 <stdio_usb_init+0x1c>
1000383a:	2000      	movs	r0, #0
1000383c:	b005      	add	sp, #20
1000383e:	bd30      	pop	{r4, r5, pc}
10003840:	4b29      	ldr	r3, [pc, #164]	@ (100038e8 <stdio_usb_init+0xc4>)
10003842:	781b      	ldrb	r3, [r3, #0]
10003844:	f001 fd46 	bl	100052d4 <tusb_init>
10003848:	4828      	ldr	r0, [pc, #160]	@ (100038ec <stdio_usb_init+0xc8>)
1000384a:	6803      	ldr	r3, [r0, #0]
1000384c:	2b00      	cmp	r3, #0
1000384e:	d047      	beq.n	100038e0 <stdio_usb_init+0xbc>
10003850:	2001      	movs	r0, #1
10003852:	f7fd f891 	bl	10000978 <user_irq_claim_unused>
10003856:	4603      	mov	r3, r0
10003858:	4c25      	ldr	r4, [pc, #148]	@ (100038f0 <stdio_usb_init+0xcc>)
1000385a:	4926      	ldr	r1, [pc, #152]	@ (100038f4 <stdio_usb_init+0xd0>)
1000385c:	b2c0      	uxtb	r0, r0
1000385e:	7023      	strb	r3, [r4, #0]
10003860:	f7fc fefa 	bl	10000658 <irq_set_exclusive_handler>
10003864:	7820      	ldrb	r0, [r4, #0]
10003866:	2101      	movs	r1, #1
10003868:	f7fc feb2 	bl	100005d0 <irq_set_enabled>
1000386c:	200e      	movs	r0, #14
1000386e:	f7fc fee1 	bl	10000634 <irq_has_shared_handler>
10003872:	bb40      	cbnz	r0, 100038c6 <stdio_usb_init+0xa2>
10003874:	4b20      	ldr	r3, [pc, #128]	@ (100038f8 <stdio_usb_init+0xd4>)
10003876:	2501      	movs	r5, #1
10003878:	e9c3 0000 	strd	r0, r0, [r3]
1000387c:	f7fd faf4 	bl	10000e68 <alarm_pool_get_default>
10003880:	4604      	mov	r4, r0
10003882:	f7fd fcf3 	bl	1000126c <time_us_64>
10003886:	f04f 3eff 	mov.w	lr, #4294967295	@ 0xffffffff
1000388a:	f06f 4c00 	mvn.w	ip, #2147483648	@ 0x80000000
1000388e:	f510 727a 	adds.w	r2, r0, #1000	@ 0x3e8
10003892:	f141 0300 	adc.w	r3, r1, #0
10003896:	4596      	cmp	lr, r2
10003898:	eb7c 0103 	sbcs.w	r1, ip, r3
1000389c:	f04f 0100 	mov.w	r1, #0
100038a0:	4620      	mov	r0, r4
100038a2:	4c16      	ldr	r4, [pc, #88]	@ (100038fc <stdio_usb_init+0xd8>)
100038a4:	bf3c      	itt	cc
100038a6:	4672      	movcc	r2, lr
100038a8:	4663      	movcc	r3, ip
100038aa:	e9cd 1501 	strd	r1, r5, [sp, #4]
100038ae:	9400      	str	r4, [sp, #0]
100038b0:	f7fd fade 	bl	10000e70 <alarm_pool_add_alarm_at>
100038b4:	2800      	cmp	r0, #0
100038b6:	dbc0      	blt.n	1000383a <stdio_usb_init+0x16>
100038b8:	2101      	movs	r1, #1
100038ba:	4811      	ldr	r0, [pc, #68]	@ (10003900 <stdio_usb_init+0xdc>)
100038bc:	f7ff fcba 	bl	10003234 <stdio_set_driver_enabled>
100038c0:	2001      	movs	r0, #1
100038c2:	b005      	add	sp, #20
100038c4:	bd30      	pop	{r4, r5, pc}
100038c6:	2001      	movs	r0, #1
100038c8:	f7fc fe3e 	bl	10000548 <spin_lock_claim_unused>
100038cc:	4601      	mov	r1, r0
100038ce:	480a      	ldr	r0, [pc, #40]	@ (100038f8 <stdio_usb_init+0xd4>)
100038d0:	f7fd f8b2 	bl	10000a38 <critical_section_init_with_lock_num>
100038d4:	2200      	movs	r2, #0
100038d6:	200e      	movs	r0, #14
100038d8:	490a      	ldr	r1, [pc, #40]	@ (10003904 <stdio_usb_init+0xe0>)
100038da:	f7fc feed 	bl	100006b8 <irq_add_shared_handler>
100038de:	e7eb      	b.n	100038b8 <stdio_usb_init+0x94>
100038e0:	f7fd f88e 	bl	10000a00 <mutex_init>
100038e4:	e7b4      	b.n	10003850 <stdio_usb_init+0x2c>
100038e6:	bf00      	nop
100038e8:	100063dc 	.word	0x100063dc
100038ec:	20002310 	.word	0x20002310
100038f0:	2000232e 	.word	0x2000232e
100038f4:	1000374d 	.word	0x1000374d
100038f8:	200022dc 	.word	0x200022dc
100038fc:	100034fd 	.word	0x100034fd
10003900:	2000153c 	.word	0x2000153c
10003904:	1000356d 	.word	0x1000356d

10003908 <tud_descriptor_device_cb>:
10003908:	4800      	ldr	r0, [pc, #0]	@ (1000390c <tud_descriptor_device_cb+0x4>)
1000390a:	4770      	bx	lr
1000390c:	10006308 	.word	0x10006308

10003910 <tud_descriptor_configuration_cb>:
10003910:	4800      	ldr	r0, [pc, #0]	@ (10003914 <tud_descriptor_configuration_cb+0x4>)
10003912:	4770      	bx	lr
10003914:	100062b4 	.word	0x100062b4

10003918 <tud_descriptor_string_cb>:
10003918:	b538      	push	{r3, r4, r5, lr}
1000391a:	4b18      	ldr	r3, [pc, #96]	@ (1000397c <tud_descriptor_string_cb+0x64>)
1000391c:	4604      	mov	r4, r0
1000391e:	781a      	ldrb	r2, [r3, #0]
10003920:	b30a      	cbz	r2, 10003966 <tud_descriptor_string_cb+0x4e>
10003922:	b944      	cbnz	r4, 10003936 <tud_descriptor_string_cb+0x1e>
10003924:	f240 4209 	movw	r2, #1033	@ 0x409
10003928:	f44f 7341 	mov.w	r3, #772	@ 0x304
1000392c:	4d14      	ldr	r5, [pc, #80]	@ (10003980 <tud_descriptor_string_cb+0x68>)
1000392e:	806a      	strh	r2, [r5, #2]
10003930:	4813      	ldr	r0, [pc, #76]	@ (10003980 <tud_descriptor_string_cb+0x68>)
10003932:	802b      	strh	r3, [r5, #0]
10003934:	bd38      	pop	{r3, r4, r5, pc}
10003936:	2c05      	cmp	r4, #5
10003938:	d81a      	bhi.n	10003970 <tud_descriptor_string_cb+0x58>
1000393a:	4b12      	ldr	r3, [pc, #72]	@ (10003984 <tud_descriptor_string_cb+0x6c>)
1000393c:	4d10      	ldr	r5, [pc, #64]	@ (10003980 <tud_descriptor_string_cb+0x68>)
1000393e:	f853 1024 	ldr.w	r1, [r3, r4, lsl #2]
10003942:	4628      	mov	r0, r5
10003944:	2300      	movs	r3, #0
10003946:	3901      	subs	r1, #1
10003948:	e003      	b.n	10003952 <tud_descriptor_string_cb+0x3a>
1000394a:	2b13      	cmp	r3, #19
1000394c:	f820 2f02 	strh.w	r2, [r0, #2]!
10003950:	d010      	beq.n	10003974 <tud_descriptor_string_cb+0x5c>
10003952:	f811 2f01 	ldrb.w	r2, [r1, #1]!
10003956:	3301      	adds	r3, #1
10003958:	2a00      	cmp	r2, #0
1000395a:	d1f6      	bne.n	1000394a <tud_descriptor_string_cb+0x32>
1000395c:	b2db      	uxtb	r3, r3
1000395e:	005b      	lsls	r3, r3, #1
10003960:	f443 7340 	orr.w	r3, r3, #768	@ 0x300
10003964:	e7e4      	b.n	10003930 <tud_descriptor_string_cb+0x18>
10003966:	2111      	movs	r1, #17
10003968:	4618      	mov	r0, r3
1000396a:	f000 f825 	bl	100039b8 <pico_get_unique_board_id_string>
1000396e:	e7d8      	b.n	10003922 <tud_descriptor_string_cb+0xa>
10003970:	2000      	movs	r0, #0
10003972:	bd38      	pop	{r3, r4, r5, pc}
10003974:	f44f 734a 	mov.w	r3, #808	@ 0x328
10003978:	e7da      	b.n	10003930 <tud_descriptor_string_cb+0x18>
1000397a:	bf00      	nop
1000397c:	20002318 	.word	0x20002318
10003980:	20001e9c 	.word	0x20001e9c
10003984:	1000629c 	.word	0x1000629c

10003988 <_retrieve_unique_id_on_boot>:
10003988:	b500      	push	{lr}
1000398a:	f245 3047 	movw	r0, #21319	@ 0x5347
1000398e:	b08b      	sub	sp, #44	@ 0x2c
10003990:	f7fd fdae 	bl	100014f0 <rom_func_lookup>
10003994:	2201      	movs	r2, #1
10003996:	4603      	mov	r3, r0
10003998:	2109      	movs	r1, #9
1000399a:	a801      	add	r0, sp, #4
1000399c:	4798      	blx	r3
1000399e:	e9dd 3203 	ldrd	r3, r2, [sp, #12]
100039a2:	4904      	ldr	r1, [pc, #16]	@ (100039b4 <_retrieve_unique_id_on_boot+0x2c>)
100039a4:	ba12      	rev	r2, r2
100039a6:	ba1b      	rev	r3, r3
100039a8:	e9c1 2300 	strd	r2, r3, [r1]
100039ac:	b00b      	add	sp, #44	@ 0x2c
100039ae:	f85d fb04 	ldr.w	pc, [sp], #4
100039b2:	bf00      	nop
100039b4:	20002304 	.word	0x20002304

100039b8 <pico_get_unique_board_id_string>:
100039b8:	2901      	cmp	r1, #1
100039ba:	f101 33ff 	add.w	r3, r1, #4294967295	@ 0xffffffff
100039be:	f000 80b3 	beq.w	10003b28 <pico_get_unique_board_id_string+0x170>
100039c2:	495d      	ldr	r1, [pc, #372]	@ (10003b38 <pico_get_unique_board_id_string+0x180>)
100039c4:	f891 c000 	ldrb.w	ip, [r1]
100039c8:	ea4f 122c 	mov.w	r2, ip, asr #4
100039cc:	f1bc 0f9f 	cmp.w	ip, #159	@ 0x9f
100039d0:	bf8c      	ite	hi
100039d2:	3237      	addhi	r2, #55	@ 0x37
100039d4:	3230      	addls	r2, #48	@ 0x30
100039d6:	2b01      	cmp	r3, #1
100039d8:	7002      	strb	r2, [r0, #0]
100039da:	f000 80a8 	beq.w	10003b2e <pico_get_unique_board_id_string+0x176>
100039de:	780a      	ldrb	r2, [r1, #0]
100039e0:	f002 020f 	and.w	r2, r2, #15
100039e4:	2a09      	cmp	r2, #9
100039e6:	bf8c      	ite	hi
100039e8:	3237      	addhi	r2, #55	@ 0x37
100039ea:	3230      	addls	r2, #48	@ 0x30
100039ec:	2b02      	cmp	r3, #2
100039ee:	7042      	strb	r2, [r0, #1]
100039f0:	f000 809d 	beq.w	10003b2e <pico_get_unique_board_id_string+0x176>
100039f4:	784a      	ldrb	r2, [r1, #1]
100039f6:	ea4f 1c22 	mov.w	ip, r2, asr #4
100039fa:	2a9f      	cmp	r2, #159	@ 0x9f
100039fc:	bf8c      	ite	hi
100039fe:	f10c 0c37 	addhi.w	ip, ip, #55	@ 0x37
10003a02:	f10c 0c30 	addls.w	ip, ip, #48	@ 0x30
10003a06:	2b03      	cmp	r3, #3
10003a08:	f880 c002 	strb.w	ip, [r0, #2]
10003a0c:	f000 808f 	beq.w	10003b2e <pico_get_unique_board_id_string+0x176>
10003a10:	f002 020f 	and.w	r2, r2, #15
10003a14:	2a09      	cmp	r2, #9
10003a16:	bf8c      	ite	hi
10003a18:	3237      	addhi	r2, #55	@ 0x37
10003a1a:	3230      	addls	r2, #48	@ 0x30
10003a1c:	2b04      	cmp	r3, #4
10003a1e:	70c2      	strb	r2, [r0, #3]
10003a20:	f000 8085 	beq.w	10003b2e <pico_get_unique_board_id_string+0x176>
10003a24:	788a      	ldrb	r2, [r1, #2]
10003a26:	ea4f 1c22 	mov.w	ip, r2, asr #4
10003a2a:	2a9f      	cmp	r2, #159	@ 0x9f
10003a2c:	bf8c      	ite	hi
10003a2e:	f10c 0c37 	addhi.w	ip, ip, #55	@ 0x37
10003a32:	f10c 0c30 	addls.w	ip, ip, #48	@ 0x30
10003a36:	2b05      	cmp	r3, #5
10003a38:	f880 c004 	strb.w	ip, [r0, #4]
10003a3c:	d077      	beq.n	10003b2e <pico_get_unique_board_id_string+0x176>
10003a3e:	f002 020f 	and.w	r2, r2, #15
10003a42:	2a09      	cmp	r2, #9
10003a44:	bf8c      	ite	hi
10003a46:	3237      	addhi	r2, #55	@ 0x37
10003a48:	3230      	addls	r2, #48	@ 0x30
10003a4a:	2b06      	cmp	r3, #6
10003a4c:	7142      	strb	r2, [r0, #5]
10003a4e:	d06e      	beq.n	10003b2e <pico_get_unique_board_id_string+0x176>
10003a50:	78ca      	ldrb	r2, [r1, #3]
10003a52:	ea4f 1c22 	mov.w	ip, r2, asr #4
10003a56:	2a9f      	cmp	r2, #159	@ 0x9f
10003a58:	bf8c      	ite	hi
10003a5a:	f10c 0c37 	addhi.w	ip, ip, #55	@ 0x37
10003a5e:	f10c 0c30 	addls.w	ip, ip, #48	@ 0x30
10003a62:	2b07      	cmp	r3, #7
10003a64:	f880 c006 	strb.w	ip, [r0, #6]
10003a68:	d061      	beq.n	10003b2e <pico_get_unique_board_id_string+0x176>
10003a6a:	f002 020f 	and.w	r2, r2, #15
10003a6e:	2a09      	cmp	r2, #9
10003a70:	bf8c      	ite	hi
10003a72:	3237      	addhi	r2, #55	@ 0x37
10003a74:	3230      	addls	r2, #48	@ 0x30
10003a76:	2b08      	cmp	r3, #8
10003a78:	71c2      	strb	r2, [r0, #7]
10003a7a:	d058      	beq.n	10003b2e <pico_get_unique_board_id_string+0x176>
10003a7c:	790a      	ldrb	r2, [r1, #4]
10003a7e:	ea4f 1c22 	mov.w	ip, r2, asr #4
10003a82:	2a9f      	cmp	r2, #159	@ 0x9f
10003a84:	bf8c      	ite	hi
10003a86:	f10c 0c37 	addhi.w	ip, ip, #55	@ 0x37
10003a8a:	f10c 0c30 	addls.w	ip, ip, #48	@ 0x30
10003a8e:	2b09      	cmp	r3, #9
10003a90:	f880 c008 	strb.w	ip, [r0, #8]
10003a94:	d04b      	beq.n	10003b2e <pico_get_unique_board_id_string+0x176>
10003a96:	f002 020f 	and.w	r2, r2, #15
10003a9a:	2a09      	cmp	r2, #9
10003a9c:	bf8c      	ite	hi
10003a9e:	3237      	addhi	r2, #55	@ 0x37
10003aa0:	3230      	addls	r2, #48	@ 0x30
10003aa2:	2b0a      	cmp	r3, #10
10003aa4:	7242      	strb	r2, [r0, #9]
10003aa6:	d042      	beq.n	10003b2e <pico_get_unique_board_id_string+0x176>
10003aa8:	794a      	ldrb	r2, [r1, #5]
10003aaa:	ea4f 1c22 	mov.w	ip, r2, asr #4
10003aae:	2a9f      	cmp	r2, #159	@ 0x9f
10003ab0:	bf8c      	ite	hi
10003ab2:	f10c 0c37 	addhi.w	ip, ip, #55	@ 0x37
10003ab6:	f10c 0c30 	addls.w	ip, ip, #48	@ 0x30
10003aba:	2b0b      	cmp	r3, #11
10003abc:	f880 c00a 	strb.w	ip, [r0, #10]
10003ac0:	d035      	beq.n	10003b2e <pico_get_unique_board_id_string+0x176>
10003ac2:	f002 020f 	and.w	r2, r2, #15
10003ac6:	2a09      	cmp	r2, #9
10003ac8:	bf8c      	ite	hi
10003aca:	3237      	addhi	r2, #55	@ 0x37
10003acc:	3230      	addls	r2, #48	@ 0x30
10003ace:	2b0c      	cmp	r3, #12
10003ad0:	72c2      	strb	r2, [r0, #11]
10003ad2:	d02c      	beq.n	10003b2e <pico_get_unique_board_id_string+0x176>
10003ad4:	798a      	ldrb	r2, [r1, #6]
10003ad6:	ea4f 1c22 	mov.w	ip, r2, asr #4
10003ada:	2a9f      	cmp	r2, #159	@ 0x9f
10003adc:	bf8c      	ite	hi
10003ade:	f10c 0c37 	addhi.w	ip, ip, #55	@ 0x37
10003ae2:	f10c 0c30 	addls.w	ip, ip, #48	@ 0x30
10003ae6:	2b0d      	cmp	r3, #13
10003ae8:	f880 c00c 	strb.w	ip, [r0, #12]
10003aec:	d01f      	beq.n	10003b2e <pico_get_unique_board_id_string+0x176>
10003aee:	f002 020f 	and.w	r2, r2, #15
10003af2:	2a09      	cmp	r2, #9
10003af4:	bf8c      	ite	hi
10003af6:	3237      	addhi	r2, #55	@ 0x37
10003af8:	3230      	addls	r2, #48	@ 0x30
10003afa:	2b0e      	cmp	r3, #14
10003afc:	7342      	strb	r2, [r0, #13]
10003afe:	d016      	beq.n	10003b2e <pico_get_unique_board_id_string+0x176>
10003b00:	79ca      	ldrb	r2, [r1, #7]
10003b02:	1111      	asrs	r1, r2, #4
10003b04:	2a9f      	cmp	r2, #159	@ 0x9f
10003b06:	bf8c      	ite	hi
10003b08:	3137      	addhi	r1, #55	@ 0x37
10003b0a:	3130      	addls	r1, #48	@ 0x30
10003b0c:	2b0f      	cmp	r3, #15
10003b0e:	7381      	strb	r1, [r0, #14]
10003b10:	d00d      	beq.n	10003b2e <pico_get_unique_board_id_string+0x176>
10003b12:	f002 020f 	and.w	r2, r2, #15
10003b16:	2a09      	cmp	r2, #9
10003b18:	bf94      	ite	ls
10003b1a:	3230      	addls	r2, #48	@ 0x30
10003b1c:	3237      	addhi	r2, #55	@ 0x37
10003b1e:	2b10      	cmp	r3, #16
10003b20:	73c2      	strb	r2, [r0, #15]
10003b22:	bf18      	it	ne
10003b24:	3010      	addne	r0, #16
10003b26:	d002      	beq.n	10003b2e <pico_get_unique_board_id_string+0x176>
10003b28:	2300      	movs	r3, #0
10003b2a:	7003      	strb	r3, [r0, #0]
10003b2c:	4770      	bx	lr
10003b2e:	4418      	add	r0, r3
10003b30:	2300      	movs	r3, #0
10003b32:	7003      	strb	r3, [r0, #0]
10003b34:	4770      	bx	lr
10003b36:	bf00      	nop
10003b38:	20002304 	.word	0x20002304

10003b3c <dcd_init>:
10003b3c:	b5f8      	push	{r3, r4, r5, r6, r7, lr}
10003b3e:	f000 f931 	bl	10003da4 <rp2040_usb_init>
10003b42:	230c      	movs	r3, #12
10003b44:	2640      	movs	r6, #64	@ 0x40
10003b46:	4d1a      	ldr	r5, [pc, #104]	@ (10003bb0 <dcd_init+0x74>)
10003b48:	4c1a      	ldr	r4, [pc, #104]	@ (10003bb4 <dcd_init+0x78>)
10003b4a:	67ab      	str	r3, [r5, #120]	@ 0x78
10003b4c:	22ff      	movs	r2, #255	@ 0xff
10003b4e:	200e      	movs	r0, #14
10003b50:	4919      	ldr	r1, [pc, #100]	@ (10003bb8 <dcd_init+0x7c>)
10003b52:	f7fc fdb1 	bl	100006b8 <irq_add_shared_handler>
10003b56:	4632      	mov	r2, r6
10003b58:	2100      	movs	r1, #0
10003b5a:	4620      	mov	r0, r4
10003b5c:	f002 f954 	bl	10005e08 <memset>
10003b60:	4b16      	ldr	r3, [pc, #88]	@ (10003bbc <dcd_init+0x80>)
10003b62:	2180      	movs	r1, #128	@ 0x80
10003b64:	62a3      	str	r3, [r4, #40]	@ 0x28
10003b66:	2701      	movs	r7, #1
10003b68:	2300      	movs	r3, #0
10003b6a:	4a15      	ldr	r2, [pc, #84]	@ (10003bc0 <dcd_init+0x84>)
10003b6c:	8461      	strh	r1, [r4, #34]	@ 0x22
10003b6e:	60a2      	str	r2, [r4, #8]
10003b70:	3a84      	subs	r2, #132	@ 0x84
10003b72:	7067      	strb	r7, [r4, #1]
10003b74:	8326      	strh	r6, [r4, #24]
10003b76:	8726      	strh	r6, [r4, #56]	@ 0x38
10003b78:	f8c2 3084 	str.w	r3, [r2, #132]	@ 0x84
10003b7c:	f8c2 3080 	str.w	r3, [r2, #128]	@ 0x80
10003b80:	6063      	str	r3, [r4, #4]
10003b82:	f884 3021 	strb.w	r3, [r4, #33]	@ 0x21
10003b86:	f884 303b 	strb.w	r3, [r4, #59]	@ 0x3b
10003b8a:	6263      	str	r3, [r4, #36]	@ 0x24
10003b8c:	4b0d      	ldr	r3, [pc, #52]	@ (10003bc4 <dcd_init+0x88>)
10003b8e:	60e3      	str	r3, [r4, #12]
10003b90:	62e3      	str	r3, [r4, #44]	@ 0x2c
10003b92:	f002 f9dd 	bl	10005f50 <__reset_non_control_endpoints_veneer>
10003b96:	f04f 5000 	mov.w	r0, #536870912	@ 0x20000000
10003b9a:	f44f 3280 	mov.w	r2, #65536	@ 0x10000
10003b9e:	490a      	ldr	r1, [pc, #40]	@ (10003bc8 <dcd_init+0x8c>)
10003ba0:	4b0a      	ldr	r3, [pc, #40]	@ (10003bcc <dcd_init+0x90>)
10003ba2:	642f      	str	r7, [r5, #64]	@ 0x40
10003ba4:	64e8      	str	r0, [r5, #76]	@ 0x4c
10003ba6:	f8c5 1090 	str.w	r1, [r5, #144]	@ 0x90
10003baa:	64da      	str	r2, [r3, #76]	@ 0x4c
10003bac:	bdf8      	pop	{r3, r4, r5, r6, r7, pc}
10003bae:	bf00      	nop
10003bb0:	50110000 	.word	0x50110000
10003bb4:	20001ed0 	.word	0x20001ed0
10003bb8:	200003b9 	.word	0x200003b9
10003bbc:	50100080 	.word	0x50100080
10003bc0:	50100084 	.word	0x50100084
10003bc4:	50100100 	.word	0x50100100
10003bc8:	0001d010 	.word	0x0001d010
10003bcc:	50112000 	.word	0x50112000

10003bd0 <dcd_int_enable>:
10003bd0:	2101      	movs	r1, #1
10003bd2:	200e      	movs	r0, #14
10003bd4:	f7fc bcfc 	b.w	100005d0 <irq_set_enabled>

10003bd8 <dcd_set_address>:
10003bd8:	2200      	movs	r2, #0
10003bda:	4802      	ldr	r0, [pc, #8]	@ (10003be4 <dcd_set_address+0xc>)
10003bdc:	4611      	mov	r1, r2
10003bde:	f000 b901 	b.w	10003de4 <hw_endpoint_xfer_start>
10003be2:	bf00      	nop
10003be4:	20001ef0 	.word	0x20001ef0

10003be8 <dcd_sof_enable>:
10003be8:	4b04      	ldr	r3, [pc, #16]	@ (10003bfc <dcd_sof_enable+0x14>)
10003bea:	7019      	strb	r1, [r3, #0]
10003bec:	b121      	cbz	r1, 10003bf8 <dcd_sof_enable+0x10>
10003bee:	f44f 3200 	mov.w	r2, #131072	@ 0x20000
10003bf2:	4b03      	ldr	r3, [pc, #12]	@ (10003c00 <dcd_sof_enable+0x18>)
10003bf4:	f8c3 2090 	str.w	r2, [r3, #144]	@ 0x90
10003bf8:	4770      	bx	lr
10003bfa:	bf00      	nop
10003bfc:	2000232a 	.word	0x2000232a
10003c00:	50112000 	.word	0x50112000

10003c04 <dcd_edpt0_status_complete>:
10003c04:	780b      	ldrb	r3, [r1, #0]
10003c06:	065b      	lsls	r3, r3, #25
10003c08:	d102      	bne.n	10003c10 <dcd_edpt0_status_complete+0xc>
10003c0a:	784b      	ldrb	r3, [r1, #1]
10003c0c:	2b05      	cmp	r3, #5
10003c0e:	d000      	beq.n	10003c12 <dcd_edpt0_status_complete+0xe>
10003c10:	4770      	bx	lr
10003c12:	884b      	ldrh	r3, [r1, #2]
10003c14:	4a01      	ldr	r2, [pc, #4]	@ (10003c1c <dcd_edpt0_status_complete+0x18>)
10003c16:	b2db      	uxtb	r3, r3
10003c18:	6013      	str	r3, [r2, #0]
10003c1a:	4770      	bx	lr
10003c1c:	50110000 	.word	0x50110000

10003c20 <dcd_edpt_open>:
10003c20:	f04f 0c00 	mov.w	ip, #0
10003c24:	e92d 41f0 	stmdb	sp!, {r4, r5, r6, r7, r8, lr}
10003c28:	7888      	ldrb	r0, [r1, #2]
10003c2a:	78cf      	ldrb	r7, [r1, #3]
10003c2c:	888b      	ldrh	r3, [r1, #4]
10003c2e:	f000 017f 	and.w	r1, r0, #127	@ 0x7f
10003c32:	4d34      	ldr	r5, [pc, #208]	@ (10003d04 <dcd_edpt_open+0xe4>)
10003c34:	004e      	lsls	r6, r1, #1
10003c36:	eb06 12d0 	add.w	r2, r6, r0, lsr #7
10003c3a:	eb05 1242 	add.w	r2, r5, r2, lsl #5
10003c3e:	09c4      	lsrs	r4, r0, #7
10003c40:	7090      	strb	r0, [r2, #2]
10003c42:	f3c7 0001 	ubfx	r0, r7, #0, #2
10003c46:	f3c3 030a 	ubfx	r3, r3, #0, #11
10003c4a:	76d0      	strb	r0, [r2, #27]
10003c4c:	f084 0001 	eor.w	r0, r4, #1
10003c50:	f882 c003 	strb.w	ip, [r2, #3]
10003c54:	8313      	strh	r3, [r2, #24]
10003c56:	f007 0703 	and.w	r7, r7, #3
10003c5a:	7050      	strb	r0, [r2, #1]
10003c5c:	bb94      	cbnz	r4, 10003cc4 <dcd_edpt_open+0xa4>
10003c5e:	2204      	movs	r2, #4
10003c60:	4829      	ldr	r0, [pc, #164]	@ (10003d08 <dcd_edpt_open+0xe8>)
10003c62:	eb02 02c1 	add.w	r2, r2, r1, lsl #3
10003c66:	eb05 1e81 	add.w	lr, r5, r1, lsl #6
10003c6a:	eb02 0800 	add.w	r8, r2, r0
10003c6e:	f8ce 8008 	str.w	r8, [lr, #8]
10003c72:	f842 c000 	str.w	ip, [r2, r0]
10003c76:	b381      	cbz	r1, 10003cda <dcd_edpt_open+0xba>
10003c78:	4a24      	ldr	r2, [pc, #144]	@ (10003d0c <dcd_edpt_open+0xec>)
10003c7a:	00c9      	lsls	r1, r1, #3
10003c7c:	440a      	add	r2, r1
10003c7e:	f8ce 2004 	str.w	r2, [lr, #4]
10003c82:	4823      	ldr	r0, [pc, #140]	@ (10003d10 <dcd_edpt_open+0xf0>)
10003c84:	333f      	adds	r3, #63	@ 0x3f
10003c86:	6801      	ldr	r1, [r0, #0]
10003c88:	f023 033f 	bic.w	r3, r3, #63	@ 0x3f
10003c8c:	2f02      	cmp	r7, #2
10003c8e:	4a21      	ldr	r2, [pc, #132]	@ (10003d14 <dcd_edpt_open+0xf4>)
10003c90:	bf08      	it	eq
10003c92:	005b      	lsleq	r3, r3, #1
10003c94:	440b      	add	r3, r1
10003c96:	6003      	str	r3, [r0, #0]
10003c98:	ea81 0802 	eor.w	r8, r1, r2
10003c9c:	4053      	eors	r3, r2
10003c9e:	1932      	adds	r2, r6, r4
10003ca0:	eb05 1242 	add.w	r2, r5, r2, lsl #5
10003ca4:	f5b3 5f80 	cmp.w	r3, #4096	@ 0x1000
10003ca8:	60d1      	str	r1, [r2, #12]
10003caa:	d827      	bhi.n	10003cfc <dcd_edpt_open+0xdc>
10003cac:	4426      	add	r6, r4
10003cae:	eb05 1546 	add.w	r5, r5, r6, lsl #5
10003cb2:	686b      	ldr	r3, [r5, #4]
10003cb4:	ea48 6287 	orr.w	r2, r8, r7, lsl #26
10003cb8:	f042 4200 	orr.w	r2, r2, #2147483648	@ 0x80000000
10003cbc:	2001      	movs	r0, #1
10003cbe:	601a      	str	r2, [r3, #0]
10003cc0:	e8bd 81f0 	ldmia.w	sp!, {r4, r5, r6, r7, r8, pc}
10003cc4:	4810      	ldr	r0, [pc, #64]	@ (10003d08 <dcd_edpt_open+0xe8>)
10003cc6:	b20a      	sxth	r2, r1
10003cc8:	eb00 08c1 	add.w	r8, r0, r1, lsl #3
10003ccc:	eb05 1e81 	add.w	lr, r5, r1, lsl #6
10003cd0:	f8ce 8028 	str.w	r8, [lr, #40]	@ 0x28
10003cd4:	f840 c032 	str.w	ip, [r0, r2, lsl #3]
10003cd8:	b941      	cbnz	r1, 10003cec <dcd_edpt_open+0xcc>
10003cda:	2300      	movs	r3, #0
10003cdc:	4a0e      	ldr	r2, [pc, #56]	@ (10003d18 <dcd_edpt_open+0xf8>)
10003cde:	eb05 1444 	add.w	r4, r5, r4, lsl #5
10003ce2:	2001      	movs	r0, #1
10003ce4:	60e2      	str	r2, [r4, #12]
10003ce6:	6063      	str	r3, [r4, #4]
10003ce8:	e8bd 81f0 	ldmia.w	sp!, {r4, r5, r6, r7, r8, pc}
10003cec:	00c9      	lsls	r1, r1, #3
10003cee:	f101 41a0 	add.w	r1, r1, #1342177280	@ 0x50000000
10003cf2:	f501 1180 	add.w	r1, r1, #1048576	@ 0x100000
10003cf6:	f8ce 1024 	str.w	r1, [lr, #36]	@ 0x24
10003cfa:	e7c2      	b.n	10003c82 <dcd_edpt_open+0x62>
10003cfc:	f7fd fc42 	bl	10001584 <hard_assertion_failure>
10003d00:	e7d4      	b.n	10003cac <dcd_edpt_open+0x8c>
10003d02:	bf00      	nop
10003d04:	20001ed0 	.word	0x20001ed0
10003d08:	50100080 	.word	0x50100080
10003d0c:	50100004 	.word	0x50100004
10003d10:	200022d8 	.word	0x200022d8
10003d14:	50100000 	.word	0x50100000
10003d18:	50100100 	.word	0x50100100

10003d1c <dcd_edpt_close_all>:
10003d1c:	f002 b918 	b.w	10005f50 <__reset_non_control_endpoints_veneer>

10003d20 <dcd_edpt_xfer>:
10003d20:	468c      	mov	ip, r1
10003d22:	b508      	push	{r3, lr}
10003d24:	4611      	mov	r1, r2
10003d26:	4807      	ldr	r0, [pc, #28]	@ (10003d44 <dcd_edpt_xfer+0x24>)
10003d28:	461a      	mov	r2, r3
10003d2a:	f00c 037f 	and.w	r3, ip, #127	@ 0x7f
10003d2e:	ea4f 1cdc 	mov.w	ip, ip, lsr #7
10003d32:	eb0c 0c43 	add.w	ip, ip, r3, lsl #1
10003d36:	eb00 104c 	add.w	r0, r0, ip, lsl #5
10003d3a:	f000 f853 	bl	10003de4 <hw_endpoint_xfer_start>
10003d3e:	2001      	movs	r0, #1
10003d40:	bd08      	pop	{r3, pc}
10003d42:	bf00      	nop
10003d44:	20001ed0 	.word	0x20001ed0

10003d48 <dcd_edpt_stall>:
10003d48:	f011 027f 	ands.w	r2, r1, #127	@ 0x7f
10003d4c:	d00a      	beq.n	10003d64 <dcd_edpt_stall+0x1c>
10003d4e:	09c9      	lsrs	r1, r1, #7
10003d50:	4b07      	ldr	r3, [pc, #28]	@ (10003d70 <dcd_edpt_stall+0x28>)
10003d52:	eb01 0042 	add.w	r0, r1, r2, lsl #1
10003d56:	eb03 1040 	add.w	r0, r3, r0, lsl #5
10003d5a:	f44f 6200 	mov.w	r2, #2048	@ 0x800
10003d5e:	2100      	movs	r1, #0
10003d60:	f002 b8ee 	b.w	10005f40 <___hw_endpoint_buffer_control_update32_veneer>
10003d64:	4b03      	ldr	r3, [pc, #12]	@ (10003d74 <dcd_edpt_stall+0x2c>)
10003d66:	09c9      	lsrs	r1, r1, #7
10003d68:	f1c1 0002 	rsb	r0, r1, #2
10003d6c:	6698      	str	r0, [r3, #104]	@ 0x68
10003d6e:	e7ef      	b.n	10003d50 <dcd_edpt_stall+0x8>
10003d70:	20001ed0 	.word	0x20001ed0
10003d74:	50112000 	.word	0x50112000

10003d78 <dcd_edpt_clear_stall>:
10003d78:	f011 037f 	ands.w	r3, r1, #127	@ 0x7f
10003d7c:	d100      	bne.n	10003d80 <dcd_edpt_clear_stall+0x8>
10003d7e:	4770      	bx	lr
10003d80:	2200      	movs	r2, #0
10003d82:	b410      	push	{r4}
10003d84:	09c8      	lsrs	r0, r1, #7
10003d86:	4c06      	ldr	r4, [pc, #24]	@ (10003da0 <dcd_edpt_clear_stall+0x28>)
10003d88:	eb00 0043 	add.w	r0, r0, r3, lsl #1
10003d8c:	eb04 1340 	add.w	r3, r4, r0, lsl #5
10003d90:	f46f 6100 	mvn.w	r1, #2048	@ 0x800
10003d94:	4618      	mov	r0, r3
10003d96:	f85d 4b04 	ldr.w	r4, [sp], #4
10003d9a:	70da      	strb	r2, [r3, #3]
10003d9c:	f002 b8d0 	b.w	10005f40 <___hw_endpoint_buffer_control_update32_veneer>
10003da0:	20001ed0 	.word	0x20001ed0

10003da4 <rp2040_usb_init>:
10003da4:	f04f 5280 	mov.w	r2, #268435456	@ 0x10000000
10003da8:	4809      	ldr	r0, [pc, #36]	@ (10003dd0 <rp2040_usb_init+0x2c>)
10003daa:	490a      	ldr	r1, [pc, #40]	@ (10003dd4 <rp2040_usb_init+0x30>)
10003dac:	b508      	push	{r3, lr}
10003dae:	4b0a      	ldr	r3, [pc, #40]	@ (10003dd8 <rp2040_usb_init+0x34>)
10003db0:	6002      	str	r2, [r0, #0]
10003db2:	600a      	str	r2, [r1, #0]
10003db4:	6899      	ldr	r1, [r3, #8]
10003db6:	43c9      	mvns	r1, r1
10003db8:	f011 5180 	ands.w	r1, r1, #268435456	@ 0x10000000
10003dbc:	d1fa      	bne.n	10003db4 <rp2040_usb_init+0x10>
10003dbe:	f44f 5280 	mov.w	r2, #4096	@ 0x1000
10003dc2:	4806      	ldr	r0, [pc, #24]	@ (10003ddc <rp2040_usb_init+0x38>)
10003dc4:	f002 f820 	bl	10005e08 <memset>
10003dc8:	2209      	movs	r2, #9
10003dca:	4b05      	ldr	r3, [pc, #20]	@ (10003de0 <rp2040_usb_init+0x3c>)
10003dcc:	675a      	str	r2, [r3, #116]	@ 0x74
10003dce:	bd08      	pop	{r3, pc}
10003dd0:	40022000 	.word	0x40022000
10003dd4:	40023000 	.word	0x40023000
10003dd8:	40020000 	.word	0x40020000
10003ddc:	50100000 	.word	0x50100000
10003de0:	50110000 	.word	0x50110000

10003de4 <hw_endpoint_xfer_start>:
10003de4:	2300      	movs	r3, #0
10003de6:	f04f 0c01 	mov.w	ip, #1
10003dea:	b510      	push	{r4, lr}
10003dec:	f880 c01a 	strb.w	ip, [r0, #26]
10003df0:	8282      	strh	r2, [r0, #20]
10003df2:	82c3      	strh	r3, [r0, #22]
10003df4:	6101      	str	r1, [r0, #16]
10003df6:	4604      	mov	r4, r0
10003df8:	f002 f8ae 	bl	10005f58 <__e15_is_bulkin_ep_veneer>
10003dfc:	b120      	cbz	r0, 10003e08 <hw_endpoint_xfer_start+0x24>
10003dfe:	f44f 3200 	mov.w	r2, #131072	@ 0x20000
10003e02:	4b07      	ldr	r3, [pc, #28]	@ (10003e20 <hw_endpoint_xfer_start+0x3c>)
10003e04:	f8c3 2090 	str.w	r2, [r3, #144]	@ 0x90
10003e08:	4620      	mov	r0, r4
10003e0a:	f002 f895 	bl	10005f38 <__e15_is_critical_frame_period_veneer>
10003e0e:	b110      	cbz	r0, 10003e16 <hw_endpoint_xfer_start+0x32>
10003e10:	2301      	movs	r3, #1
10003e12:	7723      	strb	r3, [r4, #28]
10003e14:	bd10      	pop	{r4, pc}
10003e16:	4620      	mov	r0, r4
10003e18:	e8bd 4010 	ldmia.w	sp!, {r4, lr}
10003e1c:	f002 b87c 	b.w	10005f18 <__hw_endpoint_start_next_buffer_veneer>
10003e20:	50112000 	.word	0x50112000

10003e24 <configuration_reset>:
10003e24:	e92d 41f0 	stmdb	sp!, {r4, r5, r6, r7, r8, lr}
10003e28:	2400      	movs	r4, #0
10003e2a:	4e1d      	ldr	r6, [pc, #116]	@ (10003ea0 <configuration_reset+0x7c>)
10003e2c:	4605      	mov	r5, r0
10003e2e:	4623      	mov	r3, r4
10003e30:	7832      	ldrb	r2, [r6, #0]
10003e32:	f8df 8078 	ldr.w	r8, [pc, #120]	@ 10003eac <configuration_reset+0x88>
10003e36:	4f1b      	ldr	r7, [pc, #108]	@ (10003ea4 <configuration_reset+0x80>)
10003e38:	e00d      	b.n	10003e56 <configuration_reset+0x32>
10003e3a:	683b      	ldr	r3, [r7, #0]
10003e3c:	eb13 1344 	adds.w	r3, r3, r4, lsl #5
10003e40:	d025      	beq.n	10003e8e <configuration_reset+0x6a>
10003e42:	68db      	ldr	r3, [r3, #12]
10003e44:	4628      	mov	r0, r5
10003e46:	4798      	blx	r3
10003e48:	7832      	ldrb	r2, [r6, #0]
10003e4a:	3401      	adds	r4, #1
10003e4c:	b2e4      	uxtb	r4, r4
10003e4e:	1c51      	adds	r1, r2, #1
10003e50:	42a1      	cmp	r1, r4
10003e52:	4623      	mov	r3, r4
10003e54:	db06      	blt.n	10003e64 <configuration_reset+0x40>
10003e56:	42a2      	cmp	r2, r4
10003e58:	eba3 0302 	sub.w	r3, r3, r2
10003e5c:	d8ed      	bhi.n	10003e3a <configuration_reset+0x16>
10003e5e:	eb08 1343 	add.w	r3, r8, r3, lsl #5
10003e62:	e7ee      	b.n	10003e42 <configuration_reset+0x1e>
10003e64:	4c10      	ldr	r4, [pc, #64]	@ (10003ea8 <configuration_reset+0x84>)
10003e66:	2254      	movs	r2, #84	@ 0x54
10003e68:	2100      	movs	r1, #0
10003e6a:	4620      	mov	r0, r4
10003e6c:	f001 ffcc 	bl	10005e08 <memset>
10003e70:	f04f 33ff 	mov.w	r3, #4294967295	@ 0xffffffff
10003e74:	1d25      	adds	r5, r4, #4
10003e76:	6063      	str	r3, [r4, #4]
10003e78:	e9c5 3301 	strd	r3, r3, [r5, #4]
10003e7c:	60eb      	str	r3, [r5, #12]
10003e7e:	f104 0014 	add.w	r0, r4, #20
10003e82:	2220      	movs	r2, #32
10003e84:	e8bd 41f0 	ldmia.w	sp!, {r4, r5, r6, r7, r8, lr}
10003e88:	21ff      	movs	r1, #255	@ 0xff
10003e8a:	f001 bfbd 	b.w	10005e08 <memset>
10003e8e:	f04f 23e0 	mov.w	r3, #3758153728	@ 0xe000e000
10003e92:	f8d3 3df0 	ldr.w	r3, [r3, #3568]	@ 0xdf0
10003e96:	07db      	lsls	r3, r3, #31
10003e98:	d500      	bpl.n	10003e9c <configuration_reset+0x78>
10003e9a:	be00      	bkpt	0x0000
10003e9c:	e8bd 81f0 	ldmia.w	sp!, {r4, r5, r6, r7, r8, pc}
10003ea0:	20002329 	.word	0x20002329
10003ea4:	200019ec 	.word	0x200019ec
10003ea8:	20001a70 	.word	0x20001a70
10003eac:	10006378 	.word	0x10006378

10003eb0 <tud_event_hook_cb>:
10003eb0:	4770      	bx	lr
10003eb2:	bf00      	nop

10003eb4 <tud_sof_cb>:
10003eb4:	4770      	bx	lr
10003eb6:	bf00      	nop

10003eb8 <tud_descriptor_device_qualifier_cb>:
10003eb8:	2000      	movs	r0, #0
10003eba:	4770      	bx	lr

10003ebc <tud_descriptor_other_speed_configuration_cb>:
10003ebc:	2000      	movs	r0, #0
10003ebe:	4770      	bx	lr

10003ec0 <tud_mount_cb>:
10003ec0:	4770      	bx	lr
10003ec2:	bf00      	nop

10003ec4 <tud_umount_cb>:
10003ec4:	4770      	bx	lr
10003ec6:	bf00      	nop

10003ec8 <tud_suspend_cb>:
10003ec8:	4770      	bx	lr
10003eca:	bf00      	nop

10003ecc <tud_resume_cb>:
10003ecc:	4770      	bx	lr
10003ece:	bf00      	nop

10003ed0 <tud_mounted>:
10003ed0:	4b02      	ldr	r3, [pc, #8]	@ (10003edc <tud_mounted+0xc>)
10003ed2:	7858      	ldrb	r0, [r3, #1]
10003ed4:	3800      	subs	r0, #0
10003ed6:	bf18      	it	ne
10003ed8:	2001      	movne	r0, #1
10003eda:	4770      	bx	lr
10003edc:	20001a70 	.word	0x20001a70

10003ee0 <tud_suspended>:
10003ee0:	4b02      	ldr	r3, [pc, #8]	@ (10003eec <tud_suspended+0xc>)
10003ee2:	7818      	ldrb	r0, [r3, #0]
10003ee4:	f3c0 0080 	ubfx	r0, r0, #2, #1
10003ee8:	4770      	bx	lr
10003eea:	bf00      	nop
10003eec:	20001a70 	.word	0x20001a70

10003ef0 <tud_init>:
10003ef0:	e92d 43f8 	stmdb	sp!, {r3, r4, r5, r6, r7, r8, r9, lr}
10003ef4:	4f2c      	ldr	r7, [pc, #176]	@ (10003fa8 <tud_init+0xb8>)
10003ef6:	783b      	ldrb	r3, [r7, #0]
10003ef8:	2bff      	cmp	r3, #255	@ 0xff
10003efa:	d002      	beq.n	10003f02 <tud_init+0x12>
10003efc:	2001      	movs	r0, #1
10003efe:	e8bd 83f8 	ldmia.w	sp!, {r3, r4, r5, r6, r7, r8, r9, pc}
10003f02:	2100      	movs	r1, #0
10003f04:	2254      	movs	r2, #84	@ 0x54
10003f06:	4606      	mov	r6, r0
10003f08:	4828      	ldr	r0, [pc, #160]	@ (10003fac <tud_init+0xbc>)
10003f0a:	f001 ff7d 	bl	10005e08 <memset>
10003f0e:	2200      	movs	r2, #0
10003f10:	4d27      	ldr	r5, [pc, #156]	@ (10003fb0 <tud_init+0xc0>)
10003f12:	4b28      	ldr	r3, [pc, #160]	@ (10003fb4 <tud_init+0xc4>)
10003f14:	4628      	mov	r0, r5
10003f16:	4c28      	ldr	r4, [pc, #160]	@ (10003fb8 <tud_init+0xc8>)
10003f18:	701a      	strb	r2, [r3, #0]
10003f1a:	f7fc fd71 	bl	10000a00 <mutex_init>
10003f1e:	4b27      	ldr	r3, [pc, #156]	@ (10003fbc <tud_init+0xcc>)
10003f20:	f104 0014 	add.w	r0, r4, #20
10003f24:	601d      	str	r5, [r3, #0]
10003f26:	f7fc fd79 	bl	10000a1c <critical_section_init>
10003f2a:	4620      	mov	r0, r4
10003f2c:	f001 fda6 	bl	10005a7c <tu_fifo_clear>
10003f30:	4a23      	ldr	r2, [pc, #140]	@ (10003fc0 <tud_init+0xd0>)
10003f32:	4b24      	ldr	r3, [pc, #144]	@ (10003fc4 <tud_init+0xd4>)
10003f34:	4d24      	ldr	r5, [pc, #144]	@ (10003fc8 <tud_init+0xd8>)
10003f36:	6014      	str	r4, [r2, #0]
10003f38:	b363      	cbz	r3, 10003f94 <tud_init+0xa4>
10003f3a:	4628      	mov	r0, r5
10003f3c:	f7ff fac0 	bl	100034c0 <usbd_app_driver_get_cb>
10003f40:	4b22      	ldr	r3, [pc, #136]	@ (10003fcc <tud_init+0xdc>)
10003f42:	782a      	ldrb	r2, [r5, #0]
10003f44:	6018      	str	r0, [r3, #0]
10003f46:	2400      	movs	r4, #0
10003f48:	f8df 9084 	ldr.w	r9, [pc, #132]	@ 10003fd0 <tud_init+0xe0>
10003f4c:	4623      	mov	r3, r4
10003f4e:	f8df 807c 	ldr.w	r8, [pc, #124]	@ 10003fcc <tud_init+0xdc>
10003f52:	e00e      	b.n	10003f72 <tud_init+0x82>
10003f54:	f8d8 3000 	ldr.w	r3, [r8]
10003f58:	eb13 1344 	adds.w	r3, r3, r4, lsl #5
10003f5c:	d011      	beq.n	10003f82 <tud_init+0x92>
10003f5e:	685b      	ldr	r3, [r3, #4]
10003f60:	b17b      	cbz	r3, 10003f82 <tud_init+0x92>
10003f62:	4798      	blx	r3
10003f64:	782a      	ldrb	r2, [r5, #0]
10003f66:	3401      	adds	r4, #1
10003f68:	b2e4      	uxtb	r4, r4
10003f6a:	1c51      	adds	r1, r2, #1
10003f6c:	42a1      	cmp	r1, r4
10003f6e:	4623      	mov	r3, r4
10003f70:	db12      	blt.n	10003f98 <tud_init+0xa8>
10003f72:	42a2      	cmp	r2, r4
10003f74:	d8ee      	bhi.n	10003f54 <tud_init+0x64>
10003f76:	1a9b      	subs	r3, r3, r2
10003f78:	eb09 1343 	add.w	r3, r9, r3, lsl #5
10003f7c:	685b      	ldr	r3, [r3, #4]
10003f7e:	2b00      	cmp	r3, #0
10003f80:	d1ef      	bne.n	10003f62 <tud_init+0x72>
10003f82:	f04f 23e0 	mov.w	r3, #3758153728	@ 0xe000e000
10003f86:	f8d3 3df0 	ldr.w	r3, [r3, #3568]	@ 0xdf0
10003f8a:	07db      	lsls	r3, r3, #31
10003f8c:	d500      	bpl.n	10003f90 <tud_init+0xa0>
10003f8e:	be00      	bkpt	0x0000
10003f90:	2000      	movs	r0, #0
10003f92:	e7b4      	b.n	10003efe <tud_init+0xe>
10003f94:	782a      	ldrb	r2, [r5, #0]
10003f96:	e7d6      	b.n	10003f46 <tud_init+0x56>
10003f98:	4630      	mov	r0, r6
10003f9a:	703e      	strb	r6, [r7, #0]
10003f9c:	f7ff fdce 	bl	10003b3c <dcd_init>
10003fa0:	4630      	mov	r0, r6
10003fa2:	f7ff fe15 	bl	10003bd0 <dcd_int_enable>
10003fa6:	e7a9      	b.n	10003efc <tud_init+0xc>
10003fa8:	20001570 	.word	0x20001570
10003fac:	20001a70 	.word	0x20001a70
10003fb0:	20001a28 	.word	0x20001a28
10003fb4:	2000232b 	.word	0x2000232b
10003fb8:	20001554 	.word	0x20001554
10003fbc:	20001ac4 	.word	0x20001ac4
10003fc0:	20001ac8 	.word	0x20001ac8
10003fc4:	100034c1 	.word	0x100034c1
10003fc8:	20002329 	.word	0x20002329
10003fcc:	200019ec 	.word	0x200019ec
10003fd0:	10006378 	.word	0x10006378

10003fd4 <tud_task_ext>:
10003fd4:	e92d 4ff0 	stmdb	sp!, {r4, r5, r6, r7, r8, r9, sl, fp, lr}
10003fd8:	f8df 92d4 	ldr.w	r9, [pc, #724]	@ 100042b0 <tud_task_ext+0x2dc>
10003fdc:	b08b      	sub	sp, #44	@ 0x2c
10003fde:	f899 3000 	ldrb.w	r3, [r9]
10003fe2:	2bff      	cmp	r3, #255	@ 0xff
10003fe4:	f000 80ed 	beq.w	100041c2 <tud_task_ext+0x1ee>
10003fe8:	4cab      	ldr	r4, [pc, #684]	@ (10004298 <tud_task_ext+0x2c4>)
10003fea:	4dac      	ldr	r5, [pc, #688]	@ (1000429c <tud_task_ext+0x2c8>)
10003fec:	f8df a2bc 	ldr.w	sl, [pc, #700]	@ 100042ac <tud_task_ext+0x2d8>
10003ff0:	f8df b2c0 	ldr.w	fp, [pc, #704]	@ 100042b4 <tud_task_ext+0x2e0>
10003ff4:	6826      	ldr	r6, [r4, #0]
10003ff6:	6973      	ldr	r3, [r6, #20]
10003ff8:	f3ef 8210 	mrs	r2, PRIMASK
10003ffc:	b672      	cpsid	i
10003ffe:	e8d3 0fcf 	ldaexb	r0, [r3]
10004002:	2101      	movs	r1, #1
10004004:	2800      	cmp	r0, #0
10004006:	d1fa      	bne.n	10003ffe <tud_task_ext+0x2a>
10004008:	e8c3 1f40 	strexb	r0, r1, [r3]
1000400c:	2800      	cmp	r0, #0
1000400e:	d1f6      	bne.n	10003ffe <tud_task_ext+0x2a>
10004010:	f3bf 8f5f 	dmb	sy
10004014:	61b2      	str	r2, [r6, #24]
10004016:	4630      	mov	r0, r6
10004018:	a907      	add	r1, sp, #28
1000401a:	f001 fb6d 	bl	100056f8 <tu_fifo_read>
1000401e:	2300      	movs	r3, #0
10004020:	6972      	ldr	r2, [r6, #20]
10004022:	e8c2 3f8f 	stlb	r3, [r2]
10004026:	69b3      	ldr	r3, [r6, #24]
10004028:	f383 8810 	msr	PRIMASK, r3
1000402c:	2800      	cmp	r0, #0
1000402e:	f000 80c8 	beq.w	100041c2 <tud_task_ext+0x1ee>
10004032:	f89d 301d 	ldrb.w	r3, [sp, #29]
10004036:	3b01      	subs	r3, #1
10004038:	2b07      	cmp	r3, #7
1000403a:	f200 8391 	bhi.w	10004760 <tud_task_ext+0x78c>
1000403e:	e8df f003 	tbb	[pc, r3]
10004042:	ada3      	.short	0xada3
10004044:	358a9991 	.word	0x358a9991
10004048:	040a      	.short	0x040a
1000404a:	9b08      	ldr	r3, [sp, #32]
1000404c:	2b00      	cmp	r3, #0
1000404e:	d0d1      	beq.n	10003ff4 <tud_task_ext+0x20>
10004050:	9809      	ldr	r0, [sp, #36]	@ 0x24
10004052:	4798      	blx	r3
10004054:	e7ce      	b.n	10003ff4 <tud_task_ext+0x20>
10004056:	f89d 1020 	ldrb.w	r1, [sp, #32]
1000405a:	f001 067f 	and.w	r6, r1, #127	@ 0x7f
1000405e:	eb05 0046 	add.w	r0, r5, r6, lsl #1
10004062:	eb00 10d1 	add.w	r0, r0, r1, lsr #7
10004066:	f890 2034 	ldrb.w	r2, [r0, #52]	@ 0x34
1000406a:	f36f 0200 	bfc	r2, #0, #1
1000406e:	f880 2034 	strb.w	r2, [r0, #52]	@ 0x34
10004072:	f890 2034 	ldrb.w	r2, [r0, #52]	@ 0x34
10004076:	f36f 0282 	bfc	r2, #2, #1
1000407a:	f880 2034 	strb.w	r2, [r0, #52]	@ 0x34
1000407e:	2e00      	cmp	r6, #0
10004080:	f000 80a2 	beq.w	100041c8 <tud_task_ext+0x1f4>
10004084:	7d03      	ldrb	r3, [r0, #20]
10004086:	f89a 2000 	ldrb.w	r2, [sl]
1000408a:	4293      	cmp	r3, r2
1000408c:	f080 808f 	bcs.w	100041ae <tud_task_ext+0x1da>
10004090:	4a83      	ldr	r2, [pc, #524]	@ (100042a0 <tud_task_ext+0x2cc>)
10004092:	6812      	ldr	r2, [r2, #0]
10004094:	eb12 1343 	adds.w	r3, r2, r3, lsl #5
10004098:	f000 808c 	beq.w	100041b4 <tud_task_ext+0x1e0>
1000409c:	699e      	ldr	r6, [r3, #24]
1000409e:	f89d 2021 	ldrb.w	r2, [sp, #33]	@ 0x21
100040a2:	9b09      	ldr	r3, [sp, #36]	@ 0x24
100040a4:	f89d 001c 	ldrb.w	r0, [sp, #28]
100040a8:	47b0      	blx	r6
100040aa:	e7a3      	b.n	10003ff4 <tud_task_ext+0x20>
100040ac:	f89b 3000 	ldrb.w	r3, [fp]
100040b0:	2b00      	cmp	r3, #0
100040b2:	d07f      	beq.n	100041b4 <tud_task_ext+0x1e0>
100040b4:	f89b 3000 	ldrb.w	r3, [fp]
100040b8:	3b01      	subs	r3, #1
100040ba:	b2db      	uxtb	r3, r3
100040bc:	f88b 3000 	strb.w	r3, [fp]
100040c0:	f89b 3000 	ldrb.w	r3, [fp]
100040c4:	f003 00ff 	and.w	r0, r3, #255	@ 0xff
100040c8:	2b00      	cmp	r3, #0
100040ca:	d193      	bne.n	10003ff4 <tud_task_ext+0x20>
100040cc:	4f73      	ldr	r7, [pc, #460]	@ (1000429c <tud_task_ext+0x2c8>)
100040ce:	f89d 801c 	ldrb.w	r8, [sp, #28]
100040d2:	783b      	ldrb	r3, [r7, #0]
100040d4:	f043 0301 	orr.w	r3, r3, #1
100040d8:	703b      	strb	r3, [r7, #0]
100040da:	f897 3034 	ldrb.w	r3, [r7, #52]	@ 0x34
100040de:	f360 0300 	bfi	r3, r0, #0, #1
100040e2:	f887 3034 	strb.w	r3, [r7, #52]	@ 0x34
100040e6:	f897 3034 	ldrb.w	r3, [r7, #52]	@ 0x34
100040ea:	f360 0382 	bfi	r3, r0, #2, #1
100040ee:	f887 3034 	strb.w	r3, [r7, #52]	@ 0x34
100040f2:	f897 3035 	ldrb.w	r3, [r7, #53]	@ 0x35
100040f6:	f360 0300 	bfi	r3, r0, #0, #1
100040fa:	f887 3035 	strb.w	r3, [r7, #53]	@ 0x35
100040fe:	f897 3035 	ldrb.w	r3, [r7, #53]	@ 0x35
10004102:	f360 0382 	bfi	r3, r0, #2, #1
10004106:	f887 3035 	strb.w	r3, [r7, #53]	@ 0x35
1000410a:	f000 fc7f 	bl	10004a0c <usbd_control_set_complete_callback>
1000410e:	f89d 3020 	ldrb.w	r3, [sp, #32]
10004112:	f003 0260 	and.w	r2, r3, #96	@ 0x60
10004116:	2a60      	cmp	r2, #96	@ 0x60
10004118:	d00b      	beq.n	10004132 <tud_task_ext+0x15e>
1000411a:	2a40      	cmp	r2, #64	@ 0x40
1000411c:	d061      	beq.n	100041e2 <tud_task_ext+0x20e>
1000411e:	f003 031f 	and.w	r3, r3, #31
10004122:	2b01      	cmp	r3, #1
10004124:	f000 80c8 	beq.w	100042b8 <tud_task_ext+0x2e4>
10004128:	2b02      	cmp	r3, #2
1000412a:	f000 8087 	beq.w	1000423c <tud_task_ext+0x268>
1000412e:	2b00      	cmp	r3, #0
10004130:	d063      	beq.n	100041fa <tud_task_ext+0x226>
10004132:	f04f 23e0 	mov.w	r3, #3758153728	@ 0xe000e000
10004136:	f8d3 3df0 	ldr.w	r3, [r3, #3568]	@ 0xdf0
1000413a:	07de      	lsls	r6, r3, #31
1000413c:	d500      	bpl.n	10004140 <tud_task_ext+0x16c>
1000413e:	be00      	bkpt	0x0000
10004140:	f89d 001c 	ldrb.w	r0, [sp, #28]
10004144:	2100      	movs	r1, #0
10004146:	f7ff fdff 	bl	10003d48 <dcd_edpt_stall>
1000414a:	2180      	movs	r1, #128	@ 0x80
1000414c:	f89d 001c 	ldrb.w	r0, [sp, #28]
10004150:	f7ff fdfa 	bl	10003d48 <dcd_edpt_stall>
10004154:	e74e      	b.n	10003ff4 <tud_task_ext+0x20>
10004156:	782b      	ldrb	r3, [r5, #0]
10004158:	07d9      	lsls	r1, r3, #31
1000415a:	f57f af4b 	bpl.w	10003ff4 <tud_task_ext+0x20>
1000415e:	f7ff feb5 	bl	10003ecc <tud_resume_cb>
10004162:	e747      	b.n	10003ff4 <tud_task_ext+0x20>
10004164:	78eb      	ldrb	r3, [r5, #3]
10004166:	07da      	lsls	r2, r3, #31
10004168:	f57f af44 	bpl.w	10003ff4 <tud_task_ext+0x20>
1000416c:	9808      	ldr	r0, [sp, #32]
1000416e:	f7ff fea1 	bl	10003eb4 <tud_sof_cb>
10004172:	e73f      	b.n	10003ff4 <tud_task_ext+0x20>
10004174:	782b      	ldrb	r3, [r5, #0]
10004176:	07d8      	lsls	r0, r3, #31
10004178:	f57f af3c 	bpl.w	10003ff4 <tud_task_ext+0x20>
1000417c:	7828      	ldrb	r0, [r5, #0]
1000417e:	f3c0 00c0 	ubfx	r0, r0, #3, #1
10004182:	f7ff fea1 	bl	10003ec8 <tud_suspend_cb>
10004186:	e735      	b.n	10003ff4 <tud_task_ext+0x20>
10004188:	f89d 001c 	ldrb.w	r0, [sp, #28]
1000418c:	f7ff fe4a 	bl	10003e24 <configuration_reset>
10004190:	f000 fc32 	bl	100049f8 <usbd_control_reset>
10004194:	f89d 3020 	ldrb.w	r3, [sp, #32]
10004198:	70ab      	strb	r3, [r5, #2]
1000419a:	e72b      	b.n	10003ff4 <tud_task_ext+0x20>
1000419c:	f89d 001c 	ldrb.w	r0, [sp, #28]
100041a0:	f7ff fe40 	bl	10003e24 <configuration_reset>
100041a4:	f000 fc28 	bl	100049f8 <usbd_control_reset>
100041a8:	f7ff fe8c 	bl	10003ec4 <tud_umount_cb>
100041ac:	e722      	b.n	10003ff4 <tud_task_ext+0x20>
100041ae:	1c50      	adds	r0, r2, #1
100041b0:	4298      	cmp	r0, r3
100041b2:	da11      	bge.n	100041d8 <tud_task_ext+0x204>
100041b4:	f04f 23e0 	mov.w	r3, #3758153728	@ 0xe000e000
100041b8:	f8d3 3df0 	ldr.w	r3, [r3, #3568]	@ 0xdf0
100041bc:	07dc      	lsls	r4, r3, #31
100041be:	d500      	bpl.n	100041c2 <tud_task_ext+0x1ee>
100041c0:	be00      	bkpt	0x0000
100041c2:	b00b      	add	sp, #44	@ 0x2c
100041c4:	e8bd 8ff0 	ldmia.w	sp!, {r4, r5, r6, r7, r8, r9, sl, fp, pc}
100041c8:	9b09      	ldr	r3, [sp, #36]	@ 0x24
100041ca:	f89d 2021 	ldrb.w	r2, [sp, #33]	@ 0x21
100041ce:	f89d 001c 	ldrb.w	r0, [sp, #28]
100041d2:	f000 fc2f 	bl	10004a34 <usbd_control_xfer_cb>
100041d6:	e70d      	b.n	10003ff4 <tud_task_ext+0x20>
100041d8:	1a9b      	subs	r3, r3, r2
100041da:	4a32      	ldr	r2, [pc, #200]	@ (100042a4 <tud_task_ext+0x2d0>)
100041dc:	eb02 1343 	add.w	r3, r2, r3, lsl #5
100041e0:	e75c      	b.n	1000409c <tud_task_ext+0xc8>
100041e2:	4831      	ldr	r0, [pc, #196]	@ (100042a8 <tud_task_ext+0x2d4>)
100041e4:	f000 fc12 	bl	10004a0c <usbd_control_set_complete_callback>
100041e8:	4640      	mov	r0, r8
100041ea:	2101      	movs	r1, #1
100041ec:	aa08      	add	r2, sp, #32
100041ee:	f7ff f953 	bl	10003498 <tud_vendor_control_xfer_cb>
100041f2:	2800      	cmp	r0, #0
100041f4:	f47f aefe 	bne.w	10003ff4 <tud_task_ext+0x20>
100041f8:	e7a2      	b.n	10004140 <tud_task_ext+0x16c>
100041fa:	2a20      	cmp	r2, #32
100041fc:	f000 8192 	beq.w	10004524 <tud_task_ext+0x550>
10004200:	2a00      	cmp	r2, #0
10004202:	d196      	bne.n	10004132 <tud_task_ext+0x15e>
10004204:	f89d 3021 	ldrb.w	r3, [sp, #33]	@ 0x21
10004208:	2b09      	cmp	r3, #9
1000420a:	d892      	bhi.n	10004132 <tud_task_ext+0x15e>
1000420c:	a201      	add	r2, pc, #4	@ (adr r2, 10004214 <tud_task_ext+0x240>)
1000420e:	f852 f023 	ldr.w	pc, [r2, r3, lsl #2]
10004212:	bf00      	nop
10004214:	100044c3 	.word	0x100044c3
10004218:	100044a7 	.word	0x100044a7
1000421c:	10004133 	.word	0x10004133
10004220:	100044e5 	.word	0x100044e5
10004224:	10004133 	.word	0x10004133
10004228:	1000448d 	.word	0x1000448d
1000422c:	10004437 	.word	0x10004437
10004230:	10004133 	.word	0x10004133
10004234:	10004421 	.word	0x10004421
10004238:	10004347 	.word	0x10004347
1000423c:	f89d 1024 	ldrb.w	r1, [sp, #36]	@ 0x24
10004240:	f011 0f70 	tst.w	r1, #112	@ 0x70
10004244:	f47f af75 	bne.w	10004132 <tud_task_ext+0x15e>
10004248:	f001 067f 	and.w	r6, r1, #127	@ 0x7f
1000424c:	eb07 0046 	add.w	r0, r7, r6, lsl #1
10004250:	4b16      	ldr	r3, [pc, #88]	@ (100042ac <tud_task_ext+0x2d8>)
10004252:	eb00 10d1 	add.w	r0, r0, r1, lsr #7
10004256:	781b      	ldrb	r3, [r3, #0]
10004258:	7d00      	ldrb	r0, [r0, #20]
1000425a:	0076      	lsls	r6, r6, #1
1000425c:	9601      	str	r6, [sp, #4]
1000425e:	4298      	cmp	r0, r3
10004260:	ea4f 16d1 	mov.w	r6, r1, lsr #7
10004264:	9600      	str	r6, [sp, #0]
10004266:	d35d      	bcc.n	10004324 <tud_task_ext+0x350>
10004268:	1c5e      	adds	r6, r3, #1
1000426a:	4286      	cmp	r6, r0
1000426c:	f2c0 816c 	blt.w	10004548 <tud_task_ext+0x574>
10004270:	1ac0      	subs	r0, r0, r3
10004272:	4b0c      	ldr	r3, [pc, #48]	@ (100042a4 <tud_task_ext+0x2d0>)
10004274:	eb03 1640 	add.w	r6, r3, r0, lsl #5
10004278:	2a00      	cmp	r2, #0
1000427a:	f000 8169 	beq.w	10004550 <tud_task_ext+0x57c>
1000427e:	6970      	ldr	r0, [r6, #20]
10004280:	f000 fbc4 	bl	10004a0c <usbd_control_set_complete_callback>
10004284:	4640      	mov	r0, r8
10004286:	2101      	movs	r1, #1
10004288:	6973      	ldr	r3, [r6, #20]
1000428a:	aa08      	add	r2, sp, #32
1000428c:	4798      	blx	r3
1000428e:	2800      	cmp	r0, #0
10004290:	f47f aeb0 	bne.w	10003ff4 <tud_task_ext+0x20>
10004294:	e754      	b.n	10004140 <tud_task_ext+0x16c>
10004296:	bf00      	nop
10004298:	20001ac8 	.word	0x20001ac8
1000429c:	20001a70 	.word	0x20001a70
100042a0:	200019ec 	.word	0x200019ec
100042a4:	10006378 	.word	0x10006378
100042a8:	10003499 	.word	0x10003499
100042ac:	20002329 	.word	0x20002329
100042b0:	20001570 	.word	0x20001570
100042b4:	2000232b 	.word	0x2000232b
100042b8:	f89d 3024 	ldrb.w	r3, [sp, #36]	@ 0x24
100042bc:	2b0f      	cmp	r3, #15
100042be:	f63f af3f 	bhi.w	10004140 <tud_task_ext+0x16c>
100042c2:	4ab1      	ldr	r2, [pc, #708]	@ (10004588 <tud_task_ext+0x5b4>)
100042c4:	443b      	add	r3, r7
100042c6:	791b      	ldrb	r3, [r3, #4]
100042c8:	7812      	ldrb	r2, [r2, #0]
100042ca:	4293      	cmp	r3, r2
100042cc:	d335      	bcc.n	1000433a <tud_task_ext+0x366>
100042ce:	1c51      	adds	r1, r2, #1
100042d0:	4299      	cmp	r1, r3
100042d2:	f6ff af35 	blt.w	10004140 <tud_task_ext+0x16c>
100042d6:	4ead      	ldr	r6, [pc, #692]	@ (1000458c <tud_task_ext+0x5b8>)
100042d8:	1a9b      	subs	r3, r3, r2
100042da:	eb06 1643 	add.w	r6, r6, r3, lsl #5
100042de:	6970      	ldr	r0, [r6, #20]
100042e0:	f000 fb94 	bl	10004a0c <usbd_control_set_complete_callback>
100042e4:	2101      	movs	r1, #1
100042e6:	4640      	mov	r0, r8
100042e8:	6973      	ldr	r3, [r6, #20]
100042ea:	aa08      	add	r2, sp, #32
100042ec:	4798      	blx	r3
100042ee:	2800      	cmp	r0, #0
100042f0:	f47f ae80 	bne.w	10003ff4 <tud_task_ext+0x20>
100042f4:	f89d 3020 	ldrb.w	r3, [sp, #32]
100042f8:	f013 0660 	ands.w	r6, r3, #96	@ 0x60
100042fc:	f47f af20 	bne.w	10004140 <tud_task_ext+0x16c>
10004300:	f89d 3021 	ldrb.w	r3, [sp, #33]	@ 0x21
10004304:	3b0a      	subs	r3, #10
10004306:	2b01      	cmp	r3, #1
10004308:	f63f af1a 	bhi.w	10004140 <tud_task_ext+0x16c>
1000430c:	f000 fb7e 	bl	10004a0c <usbd_control_set_complete_callback>
10004310:	f89d 3021 	ldrb.w	r3, [sp, #33]	@ 0x21
10004314:	2b0a      	cmp	r3, #10
10004316:	f000 81f8 	beq.w	1000470a <tud_task_ext+0x736>
1000431a:	4640      	mov	r0, r8
1000431c:	a908      	add	r1, sp, #32
1000431e:	f000 fafb 	bl	10004918 <tud_control_status>
10004322:	e667      	b.n	10003ff4 <tud_task_ext+0x20>
10004324:	4b9a      	ldr	r3, [pc, #616]	@ (10004590 <tud_task_ext+0x5bc>)
10004326:	681b      	ldr	r3, [r3, #0]
10004328:	eb03 1640 	add.w	r6, r3, r0, lsl #5
1000432c:	2a00      	cmp	r2, #0
1000432e:	f000 810f 	beq.w	10004550 <tud_task_ext+0x57c>
10004332:	2e00      	cmp	r6, #0
10004334:	f43f af04 	beq.w	10004140 <tud_task_ext+0x16c>
10004338:	e7a1      	b.n	1000427e <tud_task_ext+0x2aa>
1000433a:	4a95      	ldr	r2, [pc, #596]	@ (10004590 <tud_task_ext+0x5bc>)
1000433c:	6816      	ldr	r6, [r2, #0]
1000433e:	eb16 1643 	adds.w	r6, r6, r3, lsl #5
10004342:	d1cc      	bne.n	100042de <tud_task_ext+0x30a>
10004344:	e6fc      	b.n	10004140 <tud_task_ext+0x16c>
10004346:	787b      	ldrb	r3, [r7, #1]
10004348:	f89d 6022 	ldrb.w	r6, [sp, #34]	@ 0x22
1000434c:	429e      	cmp	r6, r3
1000434e:	f000 8151 	beq.w	100045f4 <tud_task_ext+0x620>
10004352:	787b      	ldrb	r3, [r7, #1]
10004354:	2b00      	cmp	r3, #0
10004356:	f040 81c4 	bne.w	100046e2 <tud_task_ext+0x70e>
1000435a:	707e      	strb	r6, [r7, #1]
1000435c:	2e00      	cmp	r6, #0
1000435e:	f000 8147 	beq.w	100045f0 <tud_task_ext+0x61c>
10004362:	1e70      	subs	r0, r6, #1
10004364:	b2c0      	uxtb	r0, r0
10004366:	f7ff fad3 	bl	10003910 <tud_descriptor_configuration_cb>
1000436a:	4603      	mov	r3, r0
1000436c:	2800      	cmp	r0, #0
1000436e:	f000 8163 	beq.w	10004638 <tud_task_ext+0x664>
10004372:	7842      	ldrb	r2, [r0, #1]
10004374:	2a02      	cmp	r2, #2
10004376:	f040 815f 	bne.w	10004638 <tud_task_ext+0x664>
1000437a:	79c1      	ldrb	r1, [r0, #7]
1000437c:	7838      	ldrb	r0, [r7, #0]
1000437e:	f3c1 1240 	ubfx	r2, r1, #5, #1
10004382:	0112      	lsls	r2, r2, #4
10004384:	f3c1 1180 	ubfx	r1, r1, #6, #1
10004388:	f020 0030 	bic.w	r0, r0, #48	@ 0x30
1000438c:	ea42 1241 	orr.w	r2, r2, r1, lsl #5
10004390:	4302      	orrs	r2, r0
10004392:	703a      	strb	r2, [r7, #0]
10004394:	885a      	ldrh	r2, [r3, #2]
10004396:	f103 0609 	add.w	r6, r3, #9
1000439a:	189a      	adds	r2, r3, r2
1000439c:	9201      	str	r2, [sp, #4]
1000439e:	f8cd 8008 	str.w	r8, [sp, #8]
100043a2:	9b01      	ldr	r3, [sp, #4]
100043a4:	42b3      	cmp	r3, r6
100043a6:	f240 81ab 	bls.w	10004700 <tud_task_ext+0x72c>
100043aa:	7873      	ldrb	r3, [r6, #1]
100043ac:	2b0b      	cmp	r3, #11
100043ae:	f000 81b6 	beq.w	1000471e <tud_task_ext+0x74a>
100043b2:	2101      	movs	r1, #1
100043b4:	2b04      	cmp	r3, #4
100043b6:	f040 813f 	bne.w	10004638 <tud_task_ext+0x664>
100043ba:	f04f 0800 	mov.w	r8, #0
100043be:	9b01      	ldr	r3, [sp, #4]
100043c0:	9103      	str	r1, [sp, #12]
100043c2:	1b9a      	subs	r2, r3, r6
100043c4:	4b70      	ldr	r3, [pc, #448]	@ (10004588 <tud_task_ext+0x5b4>)
100043c6:	4631      	mov	r1, r6
100043c8:	781b      	ldrb	r3, [r3, #0]
100043ca:	b292      	uxth	r2, r2
100043cc:	f8cd 8000 	str.w	r8, [sp]
100043d0:	e01d      	b.n	1000440e <tud_task_ext+0x43a>
100043d2:	4b6f      	ldr	r3, [pc, #444]	@ (10004590 <tud_task_ext+0x5bc>)
100043d4:	681e      	ldr	r6, [r3, #0]
100043d6:	eb16 1648 	adds.w	r6, r6, r8, lsl #5
100043da:	f000 812d 	beq.w	10004638 <tud_task_ext+0x664>
100043de:	6933      	ldr	r3, [r6, #16]
100043e0:	9802      	ldr	r0, [sp, #8]
100043e2:	e9cd 1204 	strd	r1, r2, [sp, #16]
100043e6:	4798      	blx	r3
100043e8:	e9dd 1204 	ldrd	r1, r2, [sp, #16]
100043ec:	2808      	cmp	r0, #8
100043ee:	f108 0301 	add.w	r3, r8, #1
100043f2:	d902      	bls.n	100043fa <tud_task_ext+0x426>
100043f4:	4282      	cmp	r2, r0
100043f6:	f080 8102 	bcs.w	100045fe <tud_task_ext+0x62a>
100043fa:	fa5f f883 	uxtb.w	r8, r3
100043fe:	4b62      	ldr	r3, [pc, #392]	@ (10004588 <tud_task_ext+0x5b4>)
10004400:	f8cd 8000 	str.w	r8, [sp]
10004404:	781b      	ldrb	r3, [r3, #0]
10004406:	1c58      	adds	r0, r3, #1
10004408:	4580      	cmp	r8, r0
1000440a:	f300 8115 	bgt.w	10004638 <tud_task_ext+0x664>
1000440e:	9800      	ldr	r0, [sp, #0]
10004410:	4598      	cmp	r8, r3
10004412:	eba0 0303 	sub.w	r3, r0, r3
10004416:	d3dc      	bcc.n	100043d2 <tud_task_ext+0x3fe>
10004418:	485c      	ldr	r0, [pc, #368]	@ (1000458c <tud_task_ext+0x5b8>)
1000441a:	eb00 1643 	add.w	r6, r0, r3, lsl #5
1000441e:	e7de      	b.n	100043de <tud_task_ext+0x40a>
10004420:	787b      	ldrb	r3, [r7, #1]
10004422:	4640      	mov	r0, r8
10004424:	f88d 301a 	strb.w	r3, [sp, #26]
10004428:	f10d 021a 	add.w	r2, sp, #26
1000442c:	2301      	movs	r3, #1
1000442e:	a908      	add	r1, sp, #32
10004430:	f000 fa8c 	bl	1000494c <tud_control_xfer>
10004434:	e5de      	b.n	10003ff4 <tud_task_ext+0x20>
10004436:	f8bd 0022 	ldrh.w	r0, [sp, #34]	@ 0x22
1000443a:	0a03      	lsrs	r3, r0, #8
1000443c:	3b01      	subs	r3, #1
1000443e:	0a02      	lsrs	r2, r0, #8
10004440:	b2c0      	uxtb	r0, r0
10004442:	2b0e      	cmp	r3, #14
10004444:	f63f ae7c 	bhi.w	10004140 <tud_task_ext+0x16c>
10004448:	a101      	add	r1, pc, #4	@ (adr r1, 10004450 <tud_task_ext+0x47c>)
1000444a:	f851 f023 	ldr.w	pc, [r1, r3, lsl #2]
1000444e:	bf00      	nop
10004450:	10004669 	.word	0x10004669
10004454:	10004501 	.word	0x10004501
10004458:	100046a5 	.word	0x100046a5
1000445c:	10004141 	.word	0x10004141
10004460:	10004141 	.word	0x10004141
10004464:	10004687 	.word	0x10004687
10004468:	10004501 	.word	0x10004501
1000446c:	10004141 	.word	0x10004141
10004470:	10004141 	.word	0x10004141
10004474:	10004141 	.word	0x10004141
10004478:	10004141 	.word	0x10004141
1000447c:	10004141 	.word	0x10004141
10004480:	10004141 	.word	0x10004141
10004484:	10004141 	.word	0x10004141
10004488:	1000465b 	.word	0x1000465b
1000448c:	a808      	add	r0, sp, #32
1000448e:	f000 fac3 	bl	10004a18 <usbd_control_set_request>
10004492:	4640      	mov	r0, r8
10004494:	f89d 1022 	ldrb.w	r1, [sp, #34]	@ 0x22
10004498:	f7ff fb9e 	bl	10003bd8 <dcd_set_address>
1000449c:	783b      	ldrb	r3, [r7, #0]
1000449e:	f043 0302 	orr.w	r3, r3, #2
100044a2:	703b      	strb	r3, [r7, #0]
100044a4:	e5a6      	b.n	10003ff4 <tud_task_ext+0x20>
100044a6:	f8bd 3022 	ldrh.w	r3, [sp, #34]	@ 0x22
100044aa:	2b01      	cmp	r3, #1
100044ac:	f47f ae48 	bne.w	10004140 <tud_task_ext+0x16c>
100044b0:	783b      	ldrb	r3, [r7, #0]
100044b2:	4640      	mov	r0, r8
100044b4:	f36f 03c3 	bfc	r3, #3, #1
100044b8:	a908      	add	r1, sp, #32
100044ba:	703b      	strb	r3, [r7, #0]
100044bc:	f000 fa2c 	bl	10004918 <tud_control_status>
100044c0:	e598      	b.n	10003ff4 <tud_task_ext+0x20>
100044c2:	4640      	mov	r0, r8
100044c4:	783b      	ldrb	r3, [r7, #0]
100044c6:	089a      	lsrs	r2, r3, #2
100044c8:	f002 0202 	and.w	r2, r2, #2
100044cc:	f3c3 1340 	ubfx	r3, r3, #5, #1
100044d0:	4313      	orrs	r3, r2
100044d2:	f8ad 301a 	strh.w	r3, [sp, #26]
100044d6:	f10d 021a 	add.w	r2, sp, #26
100044da:	2302      	movs	r3, #2
100044dc:	a908      	add	r1, sp, #32
100044de:	f000 fa35 	bl	1000494c <tud_control_xfer>
100044e2:	e587      	b.n	10003ff4 <tud_task_ext+0x20>
100044e4:	f8bd 3022 	ldrh.w	r3, [sp, #34]	@ 0x22
100044e8:	2b01      	cmp	r3, #1
100044ea:	f47f ae29 	bne.w	10004140 <tud_task_ext+0x16c>
100044ee:	783b      	ldrb	r3, [r7, #0]
100044f0:	4640      	mov	r0, r8
100044f2:	f043 0308 	orr.w	r3, r3, #8
100044f6:	a908      	add	r1, sp, #32
100044f8:	703b      	strb	r3, [r7, #0]
100044fa:	f000 fa0d 	bl	10004918 <tud_control_status>
100044fe:	e579      	b.n	10003ff4 <tud_task_ext+0x20>
10004500:	2a02      	cmp	r2, #2
10004502:	f000 8126 	beq.w	10004752 <tud_task_ext+0x77e>
10004506:	f7ff fcd9 	bl	10003ebc <tud_descriptor_other_speed_configuration_cb>
1000450a:	4602      	mov	r2, r0
1000450c:	2800      	cmp	r0, #0
1000450e:	f43f ae17 	beq.w	10004140 <tud_task_ext+0x16c>
10004512:	4640      	mov	r0, r8
10004514:	8853      	ldrh	r3, [r2, #2]
10004516:	a908      	add	r1, sp, #32
10004518:	f000 fa18 	bl	1000494c <tud_control_xfer>
1000451c:	2800      	cmp	r0, #0
1000451e:	f47f ad69 	bne.w	10003ff4 <tud_task_ext+0x20>
10004522:	e60d      	b.n	10004140 <tud_task_ext+0x16c>
10004524:	f89d 3024 	ldrb.w	r3, [sp, #36]	@ 0x24
10004528:	2b0f      	cmp	r3, #15
1000452a:	f63f ae09 	bhi.w	10004140 <tud_task_ext+0x16c>
1000452e:	4a16      	ldr	r2, [pc, #88]	@ (10004588 <tud_task_ext+0x5b4>)
10004530:	443b      	add	r3, r7
10004532:	791b      	ldrb	r3, [r3, #4]
10004534:	7812      	ldrb	r2, [r2, #0]
10004536:	4293      	cmp	r3, r2
10004538:	d21d      	bcs.n	10004576 <tud_task_ext+0x5a2>
1000453a:	4a15      	ldr	r2, [pc, #84]	@ (10004590 <tud_task_ext+0x5bc>)
1000453c:	6816      	ldr	r6, [r2, #0]
1000453e:	eb16 1643 	adds.w	r6, r6, r3, lsl #5
10004542:	f47f ae9c 	bne.w	1000427e <tud_task_ext+0x2aa>
10004546:	e5fb      	b.n	10004140 <tud_task_ext+0x16c>
10004548:	2a00      	cmp	r2, #0
1000454a:	f47f adf9 	bne.w	10004140 <tud_task_ext+0x16c>
1000454e:	2600      	movs	r6, #0
10004550:	f89d 2021 	ldrb.w	r2, [sp, #33]	@ 0x21
10004554:	f002 03fd 	and.w	r3, r2, #253	@ 0xfd
10004558:	2b01      	cmp	r3, #1
1000455a:	d01b      	beq.n	10004594 <tud_task_ext+0x5c0>
1000455c:	2a00      	cmp	r2, #0
1000455e:	f47f ade8 	bne.w	10004132 <tud_task_ext+0x15e>
10004562:	9b01      	ldr	r3, [sp, #4]
10004564:	9a00      	ldr	r2, [sp, #0]
10004566:	443b      	add	r3, r7
10004568:	4413      	add	r3, r2
1000456a:	f893 3034 	ldrb.w	r3, [r3, #52]	@ 0x34
1000456e:	4640      	mov	r0, r8
10004570:	f3c3 0340 	ubfx	r3, r3, #1, #1
10004574:	e7ad      	b.n	100044d2 <tud_task_ext+0x4fe>
10004576:	1c51      	adds	r1, r2, #1
10004578:	4299      	cmp	r1, r3
1000457a:	f6ff ade1 	blt.w	10004140 <tud_task_ext+0x16c>
1000457e:	4e03      	ldr	r6, [pc, #12]	@ (1000458c <tud_task_ext+0x5b8>)
10004580:	1a9b      	subs	r3, r3, r2
10004582:	eb06 1643 	add.w	r6, r6, r3, lsl #5
10004586:	e67a      	b.n	1000427e <tud_task_ext+0x2aa>
10004588:	20002329 	.word	0x20002329
1000458c:	10006378 	.word	0x10006378
10004590:	200019ec 	.word	0x200019ec
10004594:	f8bd 3022 	ldrh.w	r3, [sp, #34]	@ 0x22
10004598:	b9b3      	cbnz	r3, 100045c8 <tud_task_ext+0x5f4>
1000459a:	2a01      	cmp	r2, #1
1000459c:	f000 808a 	beq.w	100046b4 <tud_task_ext+0x6e0>
100045a0:	f899 0000 	ldrb.w	r0, [r9]
100045a4:	f7ff fbd0 	bl	10003d48 <dcd_edpt_stall>
100045a8:	9b01      	ldr	r3, [sp, #4]
100045aa:	9a00      	ldr	r2, [sp, #0]
100045ac:	443b      	add	r3, r7
100045ae:	4413      	add	r3, r2
100045b0:	f893 2034 	ldrb.w	r2, [r3, #52]	@ 0x34
100045b4:	f042 0202 	orr.w	r2, r2, #2
100045b8:	f883 2034 	strb.w	r2, [r3, #52]	@ 0x34
100045bc:	f893 2034 	ldrb.w	r2, [r3, #52]	@ 0x34
100045c0:	f042 0201 	orr.w	r2, r2, #1
100045c4:	f883 2034 	strb.w	r2, [r3, #52]	@ 0x34
100045c8:	2e00      	cmp	r6, #0
100045ca:	f43f ad13 	beq.w	10003ff4 <tud_task_ext+0x20>
100045ce:	6970      	ldr	r0, [r6, #20]
100045d0:	f000 fa1c 	bl	10004a0c <usbd_control_set_complete_callback>
100045d4:	6973      	ldr	r3, [r6, #20]
100045d6:	2101      	movs	r1, #1
100045d8:	aa08      	add	r2, sp, #32
100045da:	4640      	mov	r0, r8
100045dc:	4798      	blx	r3
100045de:	2000      	movs	r0, #0
100045e0:	f000 fa14 	bl	10004a0c <usbd_control_set_complete_callback>
100045e4:	f897 3035 	ldrb.w	r3, [r7, #53]	@ 0x35
100045e8:	07df      	lsls	r7, r3, #31
100045ea:	f53f ad03 	bmi.w	10003ff4 <tud_task_ext+0x20>
100045ee:	e694      	b.n	1000431a <tud_task_ext+0x346>
100045f0:	f7ff fc68 	bl	10003ec4 <tud_umount_cb>
100045f4:	4640      	mov	r0, r8
100045f6:	a908      	add	r1, sp, #32
100045f8:	f000 f98e 	bl	10004918 <tud_control_status>
100045fc:	e4fa      	b.n	10003ff4 <tud_task_ext+0x20>
100045fe:	4633      	mov	r3, r6
10004600:	460e      	mov	r6, r1
10004602:	9903      	ldr	r1, [sp, #12]
10004604:	2901      	cmp	r1, #1
10004606:	f000 809e 	beq.w	10004746 <tud_task_ext+0x772>
1000460a:	2900      	cmp	r1, #0
1000460c:	f000 808c 	beq.w	10004728 <tud_task_ext+0x754>
10004610:	2300      	movs	r3, #0
10004612:	f896 e002 	ldrb.w	lr, [r6, #2]
10004616:	e005      	b.n	10004624 <tud_task_ext+0x650>
10004618:	f882 8004 	strb.w	r8, [r2, #4]
1000461c:	b2da      	uxtb	r2, r3
1000461e:	4291      	cmp	r1, r2
10004620:	f240 8082 	bls.w	10004728 <tud_task_ext+0x754>
10004624:	eb0e 0203 	add.w	r2, lr, r3
10004628:	fa57 f282 	uxtab	r2, r7, r2
1000462c:	f892 c004 	ldrb.w	ip, [r2, #4]
10004630:	3301      	adds	r3, #1
10004632:	f1bc 0fff 	cmp.w	ip, #255	@ 0xff
10004636:	d0ef      	beq.n	10004618 <tud_task_ext+0x644>
10004638:	f04f 23e0 	mov.w	r3, #3758153728	@ 0xe000e000
1000463c:	f8d3 3df0 	ldr.w	r3, [r3, #3568]	@ 0xdf0
10004640:	07da      	lsls	r2, r3, #31
10004642:	d500      	bpl.n	10004646 <tud_task_ext+0x672>
10004644:	be00      	bkpt	0x0000
10004646:	f04f 23e0 	mov.w	r3, #3758153728	@ 0xe000e000
1000464a:	f8d3 3df0 	ldr.w	r3, [r3, #3568]	@ 0xdf0
1000464e:	07db      	lsls	r3, r3, #31
10004650:	d500      	bpl.n	10004654 <tud_task_ext+0x680>
10004652:	be00      	bkpt	0x0000
10004654:	2300      	movs	r3, #0
10004656:	707b      	strb	r3, [r7, #1]
10004658:	e572      	b.n	10004140 <tud_task_ext+0x16c>
1000465a:	f7fe ff19 	bl	10003490 <tud_descriptor_bos_cb>
1000465e:	4602      	mov	r2, r0
10004660:	2800      	cmp	r0, #0
10004662:	f47f af56 	bne.w	10004512 <tud_task_ext+0x53e>
10004666:	e56b      	b.n	10004140 <tud_task_ext+0x16c>
10004668:	f7ff f94e 	bl	10003908 <tud_descriptor_device_cb>
1000466c:	4602      	mov	r2, r0
1000466e:	2800      	cmp	r0, #0
10004670:	f43f ad5f 	beq.w	10004132 <tud_task_ext+0x15e>
10004674:	4640      	mov	r0, r8
10004676:	2312      	movs	r3, #18
10004678:	a908      	add	r1, sp, #32
1000467a:	f000 f967 	bl	1000494c <tud_control_xfer>
1000467e:	2800      	cmp	r0, #0
10004680:	f47f acb8 	bne.w	10003ff4 <tud_task_ext+0x20>
10004684:	e55c      	b.n	10004140 <tud_task_ext+0x16c>
10004686:	f7ff fc17 	bl	10003eb8 <tud_descriptor_device_qualifier_cb>
1000468a:	4602      	mov	r2, r0
1000468c:	2800      	cmp	r0, #0
1000468e:	f43f ad57 	beq.w	10004140 <tud_task_ext+0x16c>
10004692:	4640      	mov	r0, r8
10004694:	7813      	ldrb	r3, [r2, #0]
10004696:	a908      	add	r1, sp, #32
10004698:	f000 f958 	bl	1000494c <tud_control_xfer>
1000469c:	2800      	cmp	r0, #0
1000469e:	f47f aca9 	bne.w	10003ff4 <tud_task_ext+0x20>
100046a2:	e54d      	b.n	10004140 <tud_task_ext+0x16c>
100046a4:	f8bd 1024 	ldrh.w	r1, [sp, #36]	@ 0x24
100046a8:	f7ff f936 	bl	10003918 <tud_descriptor_string_cb>
100046ac:	4602      	mov	r2, r0
100046ae:	2800      	cmp	r0, #0
100046b0:	d1ef      	bne.n	10004692 <tud_task_ext+0x6be>
100046b2:	e545      	b.n	10004140 <tud_task_ext+0x16c>
100046b4:	f899 0000 	ldrb.w	r0, [r9]
100046b8:	9302      	str	r3, [sp, #8]
100046ba:	f7ff fb5d 	bl	10003d78 <dcd_edpt_clear_stall>
100046be:	9a01      	ldr	r2, [sp, #4]
100046c0:	9b00      	ldr	r3, [sp, #0]
100046c2:	443a      	add	r2, r7
100046c4:	441a      	add	r2, r3
100046c6:	f892 1034 	ldrb.w	r1, [r2, #52]	@ 0x34
100046ca:	9b02      	ldr	r3, [sp, #8]
100046cc:	f363 0141 	bfi	r1, r3, #1, #1
100046d0:	f882 1034 	strb.w	r1, [r2, #52]	@ 0x34
100046d4:	f892 1034 	ldrb.w	r1, [r2, #52]	@ 0x34
100046d8:	f363 0100 	bfi	r1, r3, #0, #1
100046dc:	f882 1034 	strb.w	r1, [r2, #52]	@ 0x34
100046e0:	e772      	b.n	100045c8 <tud_task_ext+0x5f4>
100046e2:	2100      	movs	r1, #0
100046e4:	4640      	mov	r0, r8
100046e6:	f7ff fa7f 	bl	10003be8 <dcd_sof_enable>
100046ea:	4640      	mov	r0, r8
100046ec:	f7ff fb16 	bl	10003d1c <dcd_edpt_close_all>
100046f0:	78bb      	ldrb	r3, [r7, #2]
100046f2:	4640      	mov	r0, r8
100046f4:	9300      	str	r3, [sp, #0]
100046f6:	f7ff fb95 	bl	10003e24 <configuration_reset>
100046fa:	9b00      	ldr	r3, [sp, #0]
100046fc:	70bb      	strb	r3, [r7, #2]
100046fe:	e62c      	b.n	1000435a <tud_task_ext+0x386>
10004700:	f8dd 8008 	ldr.w	r8, [sp, #8]
10004704:	f7ff fbdc 	bl	10003ec0 <tud_mount_cb>
10004708:	e774      	b.n	100045f4 <tud_task_ext+0x620>
1000470a:	4640      	mov	r0, r8
1000470c:	2301      	movs	r3, #1
1000470e:	a908      	add	r1, sp, #32
10004710:	f10d 021a 	add.w	r2, sp, #26
10004714:	f88d 601a 	strb.w	r6, [sp, #26]
10004718:	f000 f918 	bl	1000494c <tud_control_xfer>
1000471c:	e46a      	b.n	10003ff4 <tud_task_ext+0x20>
1000471e:	7833      	ldrb	r3, [r6, #0]
10004720:	78f1      	ldrb	r1, [r6, #3]
10004722:	441e      	add	r6, r3
10004724:	7873      	ldrb	r3, [r6, #1]
10004726:	e645      	b.n	100043b4 <tud_task_ext+0x3e0>
10004728:	4602      	mov	r2, r0
1000472a:	4643      	mov	r3, r8
1000472c:	4631      	mov	r1, r6
1000472e:	4406      	add	r6, r0
10004730:	4810      	ldr	r0, [pc, #64]	@ (10004774 <tud_task_ext+0x7a0>)
10004732:	f000 fe55 	bl	100053e0 <tu_edpt_bind_driver>
10004736:	4b10      	ldr	r3, [pc, #64]	@ (10004778 <tud_task_ext+0x7a4>)
10004738:	9a00      	ldr	r2, [sp, #0]
1000473a:	781b      	ldrb	r3, [r3, #0]
1000473c:	3301      	adds	r3, #1
1000473e:	4293      	cmp	r3, r2
10004740:	f6bf ae2f 	bge.w	100043a2 <tud_task_ext+0x3ce>
10004744:	e778      	b.n	10004638 <tud_task_ext+0x664>
10004746:	691a      	ldr	r2, [r3, #16]
10004748:	4b0c      	ldr	r3, [pc, #48]	@ (1000477c <tud_task_ext+0x7a8>)
1000474a:	429a      	cmp	r2, r3
1000474c:	bf08      	it	eq
1000474e:	2102      	moveq	r1, #2
10004750:	e75e      	b.n	10004610 <tud_task_ext+0x63c>
10004752:	f7ff f8dd 	bl	10003910 <tud_descriptor_configuration_cb>
10004756:	4602      	mov	r2, r0
10004758:	2800      	cmp	r0, #0
1000475a:	f47f aeda 	bne.w	10004512 <tud_task_ext+0x53e>
1000475e:	e4e8      	b.n	10004132 <tud_task_ext+0x15e>
10004760:	f04f 23e0 	mov.w	r3, #3758153728	@ 0xe000e000
10004764:	f8d3 3df0 	ldr.w	r3, [r3, #3568]	@ 0xdf0
10004768:	07db      	lsls	r3, r3, #31
1000476a:	f57f ac43 	bpl.w	10003ff4 <tud_task_ext+0x20>
1000476e:	be00      	bkpt	0x0000
10004770:	e440      	b.n	10003ff4 <tud_task_ext+0x20>
10004772:	bf00      	nop
10004774:	20001a84 	.word	0x20001a84
10004778:	20002329 	.word	0x20002329
1000477c:	10004e39 	.word	0x10004e39

10004780 <usbd_open_edpt_pair>:
10004780:	e92d 4ff8 	stmdb	sp!, {r3, r4, r5, r6, r7, r8, r9, sl, fp, lr}
10004784:	f8dd 8028 	ldr.w	r8, [sp, #40]	@ 0x28
10004788:	2a00      	cmp	r2, #0
1000478a:	d03f      	beq.n	1000480c <usbd_open_edpt_pair+0x8c>
1000478c:	460c      	mov	r4, r1
1000478e:	461e      	mov	r6, r3
10004790:	4615      	mov	r5, r2
10004792:	f04f 0b00 	mov.w	fp, #0
10004796:	4f1f      	ldr	r7, [pc, #124]	@ (10004814 <usbd_open_edpt_pair+0x94>)
10004798:	f8df 907c 	ldr.w	r9, [pc, #124]	@ 10004818 <usbd_open_edpt_pair+0x98>
1000479c:	e017      	b.n	100047ce <usbd_open_edpt_pair+0x4e>
1000479e:	4620      	mov	r0, r4
100047a0:	f899 1002 	ldrb.w	r1, [r9, #2]
100047a4:	f000 fdea 	bl	1000537c <tu_edpt_validate>
100047a8:	b1f8      	cbz	r0, 100047ea <usbd_open_edpt_pair+0x6a>
100047aa:	4621      	mov	r1, r4
100047ac:	4650      	mov	r0, sl
100047ae:	f7ff fa37 	bl	10003c20 <dcd_edpt_open>
100047b2:	b308      	cbz	r0, 100047f8 <usbd_open_edpt_pair+0x78>
100047b4:	78a3      	ldrb	r3, [r4, #2]
100047b6:	f10b 0b01 	add.w	fp, fp, #1
100047ba:	09da      	lsrs	r2, r3, #7
100047bc:	bf16      	itet	ne
100047be:	9a0b      	ldrne	r2, [sp, #44]	@ 0x2c
100047c0:	f888 3000 	strbeq.w	r3, [r8]
100047c4:	7013      	strbne	r3, [r2, #0]
100047c6:	7823      	ldrb	r3, [r4, #0]
100047c8:	45ab      	cmp	fp, r5
100047ca:	441c      	add	r4, r3
100047cc:	d01e      	beq.n	1000480c <usbd_open_edpt_pair+0x8c>
100047ce:	7863      	ldrb	r3, [r4, #1]
100047d0:	2b05      	cmp	r3, #5
100047d2:	d111      	bne.n	100047f8 <usbd_open_edpt_pair+0x78>
100047d4:	78e1      	ldrb	r1, [r4, #3]
100047d6:	f001 0103 	and.w	r1, r1, #3
100047da:	42b1      	cmp	r1, r6
100047dc:	d10c      	bne.n	100047f8 <usbd_open_edpt_pair+0x78>
100047de:	78a3      	ldrb	r3, [r4, #2]
100047e0:	f897 a000 	ldrb.w	sl, [r7]
100047e4:	f013 0f70 	tst.w	r3, #112	@ 0x70
100047e8:	d0d9      	beq.n	1000479e <usbd_open_edpt_pair+0x1e>
100047ea:	f04f 23e0 	mov.w	r3, #3758153728	@ 0xe000e000
100047ee:	f8d3 3df0 	ldr.w	r3, [r3, #3568]	@ 0xdf0
100047f2:	07da      	lsls	r2, r3, #31
100047f4:	d500      	bpl.n	100047f8 <usbd_open_edpt_pair+0x78>
100047f6:	be00      	bkpt	0x0000
100047f8:	f04f 23e0 	mov.w	r3, #3758153728	@ 0xe000e000
100047fc:	f8d3 3df0 	ldr.w	r3, [r3, #3568]	@ 0xdf0
10004800:	07db      	lsls	r3, r3, #31
10004802:	d500      	bpl.n	10004806 <usbd_open_edpt_pair+0x86>
10004804:	be00      	bkpt	0x0000
10004806:	2000      	movs	r0, #0
10004808:	e8bd 8ff8 	ldmia.w	sp!, {r3, r4, r5, r6, r7, r8, r9, sl, fp, pc}
1000480c:	2001      	movs	r0, #1
1000480e:	e8bd 8ff8 	ldmia.w	sp!, {r3, r4, r5, r6, r7, r8, r9, sl, fp, pc}
10004812:	bf00      	nop
10004814:	20001570 	.word	0x20001570
10004818:	20001a70 	.word	0x20001a70

1000481c <usbd_edpt_open>:
1000481c:	b538      	push	{r3, r4, r5, lr}
1000481e:	4b0e      	ldr	r3, [pc, #56]	@ (10004858 <usbd_edpt_open+0x3c>)
10004820:	781d      	ldrb	r5, [r3, #0]
10004822:	788b      	ldrb	r3, [r1, #2]
10004824:	f013 0f70 	tst.w	r3, #112	@ 0x70
10004828:	d008      	beq.n	1000483c <usbd_edpt_open+0x20>
1000482a:	f04f 23e0 	mov.w	r3, #3758153728	@ 0xe000e000
1000482e:	f8d3 3df0 	ldr.w	r3, [r3, #3568]	@ 0xdf0
10004832:	07db      	lsls	r3, r3, #31
10004834:	d500      	bpl.n	10004838 <usbd_edpt_open+0x1c>
10004836:	be00      	bkpt	0x0000
10004838:	2000      	movs	r0, #0
1000483a:	bd38      	pop	{r3, r4, r5, pc}
1000483c:	4b07      	ldr	r3, [pc, #28]	@ (1000485c <usbd_edpt_open+0x40>)
1000483e:	460c      	mov	r4, r1
10004840:	4608      	mov	r0, r1
10004842:	7899      	ldrb	r1, [r3, #2]
10004844:	f000 fd9a 	bl	1000537c <tu_edpt_validate>
10004848:	2800      	cmp	r0, #0
1000484a:	d0ee      	beq.n	1000482a <usbd_edpt_open+0xe>
1000484c:	4621      	mov	r1, r4
1000484e:	4628      	mov	r0, r5
10004850:	e8bd 4038 	ldmia.w	sp!, {r3, r4, r5, lr}
10004854:	f7ff b9e4 	b.w	10003c20 <dcd_edpt_open>
10004858:	20001570 	.word	0x20001570
1000485c:	20001a70 	.word	0x20001a70

10004860 <usbd_edpt_claim>:
10004860:	460b      	mov	r3, r1
10004862:	4a06      	ldr	r2, [pc, #24]	@ (1000487c <usbd_edpt_claim+0x1c>)
10004864:	4806      	ldr	r0, [pc, #24]	@ (10004880 <usbd_edpt_claim+0x20>)
10004866:	6811      	ldr	r1, [r2, #0]
10004868:	09da      	lsrs	r2, r3, #7
1000486a:	3234      	adds	r2, #52	@ 0x34
1000486c:	f003 037f 	and.w	r3, r3, #127	@ 0x7f
10004870:	eb02 0343 	add.w	r3, r2, r3, lsl #1
10004874:	4418      	add	r0, r3
10004876:	f000 bd3b 	b.w	100052f0 <tu_edpt_claim>
1000487a:	bf00      	nop
1000487c:	20001ac4 	.word	0x20001ac4
10004880:	20001a70 	.word	0x20001a70

10004884 <usbd_edpt_release>:
10004884:	460b      	mov	r3, r1
10004886:	4a06      	ldr	r2, [pc, #24]	@ (100048a0 <usbd_edpt_release+0x1c>)
10004888:	4806      	ldr	r0, [pc, #24]	@ (100048a4 <usbd_edpt_release+0x20>)
1000488a:	6811      	ldr	r1, [r2, #0]
1000488c:	09da      	lsrs	r2, r3, #7
1000488e:	3234      	adds	r2, #52	@ 0x34
10004890:	f003 037f 	and.w	r3, r3, #127	@ 0x7f
10004894:	eb02 0343 	add.w	r3, r2, r3, lsl #1
10004898:	4418      	add	r0, r3
1000489a:	f000 bd53 	b.w	10005344 <tu_edpt_release>
1000489e:	bf00      	nop
100048a0:	20001ac4 	.word	0x20001ac4
100048a4:	20001a70 	.word	0x20001a70

100048a8 <usbd_edpt_xfer>:
100048a8:	b510      	push	{r4, lr}
100048aa:	4c19      	ldr	r4, [pc, #100]	@ (10004910 <usbd_edpt_xfer+0x68>)
100048ac:	f001 0e7f 	and.w	lr, r1, #127	@ 0x7f
100048b0:	eb04 044e 	add.w	r4, r4, lr, lsl #1
100048b4:	eb04 14d1 	add.w	r4, r4, r1, lsr #7
100048b8:	f894 c034 	ldrb.w	ip, [r4, #52]	@ 0x34
100048bc:	4815      	ldr	r0, [pc, #84]	@ (10004914 <usbd_edpt_xfer+0x6c>)
100048be:	f01c 0f01 	tst.w	ip, #1
100048c2:	f104 0430 	add.w	r4, r4, #48	@ 0x30
100048c6:	7800      	ldrb	r0, [r0, #0]
100048c8:	d008      	beq.n	100048dc <usbd_edpt_xfer+0x34>
100048ca:	f04f 23e0 	mov.w	r3, #3758153728	@ 0xe000e000
100048ce:	f8d3 3df0 	ldr.w	r3, [r3, #3568]	@ 0xdf0
100048d2:	07da      	lsls	r2, r3, #31
100048d4:	d500      	bpl.n	100048d8 <usbd_edpt_xfer+0x30>
100048d6:	be00      	bkpt	0x0000
100048d8:	2000      	movs	r0, #0
100048da:	bd10      	pop	{r4, pc}
100048dc:	f894 c004 	ldrb.w	ip, [r4, #4]
100048e0:	f04c 0c01 	orr.w	ip, ip, #1
100048e4:	f884 c004 	strb.w	ip, [r4, #4]
100048e8:	f7ff fa1a 	bl	10003d20 <dcd_edpt_xfer>
100048ec:	2800      	cmp	r0, #0
100048ee:	d1f4      	bne.n	100048da <usbd_edpt_xfer+0x32>
100048f0:	f04f 21e0 	mov.w	r1, #3758153728	@ 0xe000e000
100048f4:	7922      	ldrb	r2, [r4, #4]
100048f6:	f360 0200 	bfi	r2, r0, #0, #1
100048fa:	7122      	strb	r2, [r4, #4]
100048fc:	7922      	ldrb	r2, [r4, #4]
100048fe:	f360 0282 	bfi	r2, r0, #2, #1
10004902:	7122      	strb	r2, [r4, #4]
10004904:	f8d1 3df0 	ldr.w	r3, [r1, #3568]	@ 0xdf0
10004908:	07db      	lsls	r3, r3, #31
1000490a:	d5e5      	bpl.n	100048d8 <usbd_edpt_xfer+0x30>
1000490c:	e7e3      	b.n	100048d6 <usbd_edpt_xfer+0x2e>
1000490e:	bf00      	nop
10004910:	20001a70 	.word	0x20001a70
10004914:	20001570 	.word	0x20001570

10004918 <tud_control_status>:
10004918:	b530      	push	{r4, r5, lr}
1000491a:	4c0b      	ldr	r4, [pc, #44]	@ (10004948 <tud_control_status+0x30>)
1000491c:	468c      	mov	ip, r1
1000491e:	46a6      	mov	lr, r4
10004920:	4605      	mov	r5, r0
10004922:	6808      	ldr	r0, [r1, #0]
10004924:	6849      	ldr	r1, [r1, #4]
10004926:	2300      	movs	r3, #0
10004928:	e8ae 0003 	stmia.w	lr!, {r0, r1}
1000492c:	f89c 1000 	ldrb.w	r1, [ip]
10004930:	4628      	mov	r0, r5
10004932:	43c9      	mvns	r1, r1
10004934:	e9c4 3302 	strd	r3, r3, [r4, #8]
10004938:	e8bd 4030 	ldmia.w	sp!, {r4, r5, lr}
1000493c:	461a      	mov	r2, r3
1000493e:	f001 0180 	and.w	r1, r1, #128	@ 0x80
10004942:	f7ff bfb1 	b.w	100048a8 <usbd_edpt_xfer>
10004946:	bf00      	nop
10004948:	200019f4 	.word	0x200019f4

1000494c <tud_control_xfer>:
1000494c:	e92d 41f0 	stmdb	sp!, {r4, r5, r6, r7, r8, lr}
10004950:	4f27      	ldr	r7, [pc, #156]	@ (100049f0 <tud_control_xfer+0xa4>)
10004952:	f04f 0800 	mov.w	r8, #0
10004956:	46be      	mov	lr, r7
10004958:	468c      	mov	ip, r1
1000495a:	4606      	mov	r6, r0
1000495c:	6808      	ldr	r0, [r1, #0]
1000495e:	6849      	ldr	r1, [r1, #4]
10004960:	60ba      	str	r2, [r7, #8]
10004962:	e8ae 0003 	stmia.w	lr!, {r0, r1}
10004966:	f8a7 800e 	strh.w	r8, [r7, #14]
1000496a:	4615      	mov	r5, r2
1000496c:	f8bc 2006 	ldrh.w	r2, [ip, #6]
10004970:	4293      	cmp	r3, r2
10004972:	bf28      	it	cs
10004974:	4613      	movcs	r3, r2
10004976:	81bb      	strh	r3, [r7, #12]
10004978:	b19a      	cbz	r2, 100049a2 <tud_control_xfer+0x56>
1000497a:	461c      	mov	r4, r3
1000497c:	b32b      	cbz	r3, 100049ca <tud_control_xfer+0x7e>
1000497e:	b1dd      	cbz	r5, 100049b8 <tud_control_xfer+0x6c>
10004980:	f997 3000 	ldrsb.w	r3, [r7]
10004984:	2c40      	cmp	r4, #64	@ 0x40
10004986:	bf28      	it	cs
10004988:	2440      	movcs	r4, #64	@ 0x40
1000498a:	2b00      	cmp	r3, #0
1000498c:	db28      	blt.n	100049e0 <tud_control_xfer+0x94>
1000498e:	4641      	mov	r1, r8
10004990:	4623      	mov	r3, r4
10004992:	4630      	mov	r0, r6
10004994:	4a17      	ldr	r2, [pc, #92]	@ (100049f4 <tud_control_xfer+0xa8>)
10004996:	f7ff ff87 	bl	100048a8 <usbd_edpt_xfer>
1000499a:	b168      	cbz	r0, 100049b8 <tud_control_xfer+0x6c>
1000499c:	2001      	movs	r0, #1
1000499e:	e8bd 81f0 	ldmia.w	sp!, {r4, r5, r6, r7, r8, pc}
100049a2:	f89c 1000 	ldrb.w	r1, [ip]
100049a6:	4613      	mov	r3, r2
100049a8:	43c9      	mvns	r1, r1
100049aa:	4630      	mov	r0, r6
100049ac:	f001 0180 	and.w	r1, r1, #128	@ 0x80
100049b0:	f7ff ff7a 	bl	100048a8 <usbd_edpt_xfer>
100049b4:	2800      	cmp	r0, #0
100049b6:	d1f1      	bne.n	1000499c <tud_control_xfer+0x50>
100049b8:	f04f 23e0 	mov.w	r3, #3758153728	@ 0xe000e000
100049bc:	f8d3 3df0 	ldr.w	r3, [r3, #3568]	@ 0xdf0
100049c0:	07db      	lsls	r3, r3, #31
100049c2:	d500      	bpl.n	100049c6 <tud_control_xfer+0x7a>
100049c4:	be00      	bkpt	0x0000
100049c6:	2000      	movs	r0, #0
100049c8:	e7e9      	b.n	1000499e <tud_control_xfer+0x52>
100049ca:	461a      	mov	r2, r3
100049cc:	7839      	ldrb	r1, [r7, #0]
100049ce:	f001 0180 	and.w	r1, r1, #128	@ 0x80
100049d2:	4623      	mov	r3, r4
100049d4:	4630      	mov	r0, r6
100049d6:	f7ff ff67 	bl	100048a8 <usbd_edpt_xfer>
100049da:	2800      	cmp	r0, #0
100049dc:	d1de      	bne.n	1000499c <tud_control_xfer+0x50>
100049de:	e7eb      	b.n	100049b8 <tud_control_xfer+0x6c>
100049e0:	4622      	mov	r2, r4
100049e2:	4629      	mov	r1, r5
100049e4:	4803      	ldr	r0, [pc, #12]	@ (100049f4 <tud_control_xfer+0xa8>)
100049e6:	f001 f999 	bl	10005d1c <memcpy>
100049ea:	2180      	movs	r1, #128	@ 0x80
100049ec:	4a01      	ldr	r2, [pc, #4]	@ (100049f4 <tud_control_xfer+0xa8>)
100049ee:	e7f0      	b.n	100049d2 <tud_control_xfer+0x86>
100049f0:	200019f4 	.word	0x200019f4
100049f4:	20001a30 	.word	0x20001a30

100049f8 <usbd_control_reset>:
100049f8:	2200      	movs	r2, #0
100049fa:	4b03      	ldr	r3, [pc, #12]	@ (10004a08 <usbd_control_reset+0x10>)
100049fc:	e9c3 2200 	strd	r2, r2, [r3]
10004a00:	e9c3 2202 	strd	r2, r2, [r3, #8]
10004a04:	611a      	str	r2, [r3, #16]
10004a06:	4770      	bx	lr
10004a08:	200019f4 	.word	0x200019f4

10004a0c <usbd_control_set_complete_callback>:
10004a0c:	4b01      	ldr	r3, [pc, #4]	@ (10004a14 <usbd_control_set_complete_callback+0x8>)
10004a0e:	6118      	str	r0, [r3, #16]
10004a10:	4770      	bx	lr
10004a12:	bf00      	nop
10004a14:	200019f4 	.word	0x200019f4

10004a18 <usbd_control_set_request>:
10004a18:	b430      	push	{r4, r5}
10004a1a:	4602      	mov	r2, r0
10004a1c:	4c04      	ldr	r4, [pc, #16]	@ (10004a30 <usbd_control_set_request+0x18>)
10004a1e:	2500      	movs	r5, #0
10004a20:	4623      	mov	r3, r4
10004a22:	6800      	ldr	r0, [r0, #0]
10004a24:	6851      	ldr	r1, [r2, #4]
10004a26:	e9c4 5502 	strd	r5, r5, [r4, #8]
10004a2a:	bc30      	pop	{r4, r5}
10004a2c:	c303      	stmia	r3!, {r0, r1}
10004a2e:	4770      	bx	lr
10004a30:	200019f4 	.word	0x200019f4

10004a34 <usbd_control_xfer_cb>:
10004a34:	b570      	push	{r4, r5, r6, lr}
10004a36:	4c3c      	ldr	r4, [pc, #240]	@ (10004b28 <usbd_control_xfer_cb+0xf4>)
10004a38:	09c9      	lsrs	r1, r1, #7
10004a3a:	7822      	ldrb	r2, [r4, #0]
10004a3c:	4606      	mov	r6, r0
10004a3e:	ebb1 1fd2 	cmp.w	r1, r2, lsr #7
10004a42:	461d      	mov	r5, r3
10004a44:	b082      	sub	sp, #8
10004a46:	d017      	beq.n	10004a78 <usbd_control_xfer_cb+0x44>
10004a48:	b153      	cbz	r3, 10004a60 <usbd_control_xfer_cb+0x2c>
10004a4a:	f04f 23e0 	mov.w	r3, #3758153728	@ 0xe000e000
10004a4e:	f8d3 3df0 	ldr.w	r3, [r3, #3568]	@ 0xdf0
10004a52:	07db      	lsls	r3, r3, #31
10004a54:	d402      	bmi.n	10004a5c <usbd_control_xfer_cb+0x28>
10004a56:	2000      	movs	r0, #0
10004a58:	b002      	add	sp, #8
10004a5a:	bd70      	pop	{r4, r5, r6, pc}
10004a5c:	be00      	bkpt	0x0000
10004a5e:	e7fa      	b.n	10004a56 <usbd_control_xfer_cb+0x22>
10004a60:	4621      	mov	r1, r4
10004a62:	f7ff f8cf 	bl	10003c04 <dcd_edpt0_status_complete>
10004a66:	6923      	ldr	r3, [r4, #16]
10004a68:	b11b      	cbz	r3, 10004a72 <usbd_control_xfer_cb+0x3e>
10004a6a:	4622      	mov	r2, r4
10004a6c:	2103      	movs	r1, #3
10004a6e:	4630      	mov	r0, r6
10004a70:	4798      	blx	r3
10004a72:	2001      	movs	r0, #1
10004a74:	b002      	add	sp, #8
10004a76:	bd70      	pop	{r4, r5, r6, pc}
10004a78:	f994 3000 	ldrsb.w	r3, [r4]
10004a7c:	2b00      	cmp	r3, #0
10004a7e:	db06      	blt.n	10004a8e <usbd_control_xfer_cb+0x5a>
10004a80:	68a0      	ldr	r0, [r4, #8]
10004a82:	2800      	cmp	r0, #0
10004a84:	d0e7      	beq.n	10004a56 <usbd_control_xfer_cb+0x22>
10004a86:	462a      	mov	r2, r5
10004a88:	4928      	ldr	r1, [pc, #160]	@ (10004b2c <usbd_control_xfer_cb+0xf8>)
10004a8a:	f001 f947 	bl	10005d1c <memcpy>
10004a8e:	89e0      	ldrh	r0, [r4, #14]
10004a90:	68a1      	ldr	r1, [r4, #8]
10004a92:	88e3      	ldrh	r3, [r4, #6]
10004a94:	4428      	add	r0, r5
10004a96:	b280      	uxth	r0, r0
10004a98:	4429      	add	r1, r5
10004a9a:	4283      	cmp	r3, r0
10004a9c:	81e0      	strh	r0, [r4, #14]
10004a9e:	60a1      	str	r1, [r4, #8]
10004aa0:	d016      	beq.n	10004ad0 <usbd_control_xfer_cb+0x9c>
10004aa2:	2d3f      	cmp	r5, #63	@ 0x3f
10004aa4:	d914      	bls.n	10004ad0 <usbd_control_xfer_cb+0x9c>
10004aa6:	89a2      	ldrh	r2, [r4, #12]
10004aa8:	f994 4000 	ldrsb.w	r4, [r4]
10004aac:	1a13      	subs	r3, r2, r0
10004aae:	b29b      	uxth	r3, r3
10004ab0:	2b40      	cmp	r3, #64	@ 0x40
10004ab2:	bf28      	it	cs
10004ab4:	2340      	movcs	r3, #64	@ 0x40
10004ab6:	2c00      	cmp	r4, #0
10004ab8:	db26      	blt.n	10004b08 <usbd_control_xfer_cb+0xd4>
10004aba:	4290      	cmp	r0, r2
10004abc:	f04f 0100 	mov.w	r1, #0
10004ac0:	d030      	beq.n	10004b24 <usbd_control_xfer_cb+0xf0>
10004ac2:	4a1a      	ldr	r2, [pc, #104]	@ (10004b2c <usbd_control_xfer_cb+0xf8>)
10004ac4:	4630      	mov	r0, r6
10004ac6:	f7ff feef 	bl	100048a8 <usbd_edpt_xfer>
10004aca:	2800      	cmp	r0, #0
10004acc:	d1d1      	bne.n	10004a72 <usbd_control_xfer_cb+0x3e>
10004ace:	e7bc      	b.n	10004a4a <usbd_control_xfer_cb+0x16>
10004ad0:	6923      	ldr	r3, [r4, #16]
10004ad2:	b123      	cbz	r3, 10004ade <usbd_control_xfer_cb+0xaa>
10004ad4:	2102      	movs	r1, #2
10004ad6:	4630      	mov	r0, r6
10004ad8:	4a13      	ldr	r2, [pc, #76]	@ (10004b28 <usbd_control_xfer_cb+0xf4>)
10004ada:	4798      	blx	r3
10004adc:	b158      	cbz	r0, 10004af6 <usbd_control_xfer_cb+0xc2>
10004ade:	7821      	ldrb	r1, [r4, #0]
10004ae0:	2300      	movs	r3, #0
10004ae2:	43c9      	mvns	r1, r1
10004ae4:	4630      	mov	r0, r6
10004ae6:	461a      	mov	r2, r3
10004ae8:	f001 0180 	and.w	r1, r1, #128	@ 0x80
10004aec:	f7ff fedc 	bl	100048a8 <usbd_edpt_xfer>
10004af0:	2800      	cmp	r0, #0
10004af2:	d1be      	bne.n	10004a72 <usbd_control_xfer_cb+0x3e>
10004af4:	e7a9      	b.n	10004a4a <usbd_control_xfer_cb+0x16>
10004af6:	4601      	mov	r1, r0
10004af8:	4630      	mov	r0, r6
10004afa:	f7ff f925 	bl	10003d48 <dcd_edpt_stall>
10004afe:	2180      	movs	r1, #128	@ 0x80
10004b00:	4630      	mov	r0, r6
10004b02:	f7ff f921 	bl	10003d48 <dcd_edpt_stall>
10004b06:	e7b4      	b.n	10004a72 <usbd_control_xfer_cb+0x3e>
10004b08:	4290      	cmp	r0, r2
10004b0a:	d008      	beq.n	10004b1e <usbd_control_xfer_cb+0xea>
10004b0c:	461a      	mov	r2, r3
10004b0e:	4807      	ldr	r0, [pc, #28]	@ (10004b2c <usbd_control_xfer_cb+0xf8>)
10004b10:	9301      	str	r3, [sp, #4]
10004b12:	f001 f903 	bl	10005d1c <memcpy>
10004b16:	2180      	movs	r1, #128	@ 0x80
10004b18:	4a04      	ldr	r2, [pc, #16]	@ (10004b2c <usbd_control_xfer_cb+0xf8>)
10004b1a:	9b01      	ldr	r3, [sp, #4]
10004b1c:	e7d2      	b.n	10004ac4 <usbd_control_xfer_cb+0x90>
10004b1e:	2180      	movs	r1, #128	@ 0x80
10004b20:	2200      	movs	r2, #0
10004b22:	e7cf      	b.n	10004ac4 <usbd_control_xfer_cb+0x90>
10004b24:	460a      	mov	r2, r1
10004b26:	e7cd      	b.n	10004ac4 <usbd_control_xfer_cb+0x90>
10004b28:	200019f4 	.word	0x200019f4
10004b2c:	20001a30 	.word	0x20001a30

10004b30 <_prep_out_transaction.isra.0>:
10004b30:	b570      	push	{r4, r5, r6, lr}
10004b32:	4604      	mov	r4, r0
10004b34:	f7ff f9cc 	bl	10003ed0 <tud_mounted>
10004b38:	b900      	cbnz	r0, 10004b3c <_prep_out_transaction.isra.0+0xc>
10004b3a:	bd70      	pop	{r4, r5, r6, pc}
10004b3c:	f7ff f9d0 	bl	10003ee0 <tud_suspended>
10004b40:	4605      	mov	r5, r0
10004b42:	2800      	cmp	r0, #0
10004b44:	d1f9      	bne.n	10004b3a <_prep_out_transaction.isra.0+0xa>
10004b46:	78e3      	ldrb	r3, [r4, #3]
10004b48:	2b00      	cmp	r3, #0
10004b4a:	d0f6      	beq.n	10004b3a <_prep_out_transaction.isra.0+0xa>
10004b4c:	f104 0610 	add.w	r6, r4, #16
10004b50:	4630      	mov	r0, r6
10004b52:	f000 fdbf 	bl	100056d4 <tu_fifo_remaining>
10004b56:	283f      	cmp	r0, #63	@ 0x3f
10004b58:	d9ef      	bls.n	10004b3a <_prep_out_transaction.isra.0+0xa>
10004b5a:	4628      	mov	r0, r5
10004b5c:	78e1      	ldrb	r1, [r4, #3]
10004b5e:	f7ff fe7f 	bl	10004860 <usbd_edpt_claim>
10004b62:	2800      	cmp	r0, #0
10004b64:	d0e9      	beq.n	10004b3a <_prep_out_transaction.isra.0+0xa>
10004b66:	4630      	mov	r0, r6
10004b68:	f000 fdb4 	bl	100056d4 <tu_fifo_remaining>
10004b6c:	283f      	cmp	r0, #63	@ 0x3f
10004b6e:	d908      	bls.n	10004b82 <_prep_out_transaction.isra.0+0x52>
10004b70:	4628      	mov	r0, r5
10004b72:	78e1      	ldrb	r1, [r4, #3]
10004b74:	f504 7212 	add.w	r2, r4, #584	@ 0x248
10004b78:	2340      	movs	r3, #64	@ 0x40
10004b7a:	e8bd 4070 	ldmia.w	sp!, {r4, r5, r6, lr}
10004b7e:	f7ff be93 	b.w	100048a8 <usbd_edpt_xfer>
10004b82:	4628      	mov	r0, r5
10004b84:	78e1      	ldrb	r1, [r4, #3]
10004b86:	e8bd 4070 	ldmia.w	sp!, {r4, r5, r6, lr}
10004b8a:	f7ff be7b 	b.w	10004884 <usbd_edpt_release>
10004b8e:	bf00      	nop

10004b90 <tud_cdc_n_connected>:
10004b90:	b510      	push	{r4, lr}
10004b92:	4604      	mov	r4, r0
10004b94:	f7ff f99c 	bl	10003ed0 <tud_mounted>
10004b98:	b908      	cbnz	r0, 10004b9e <tud_cdc_n_connected+0xe>
10004b9a:	2000      	movs	r0, #0
10004b9c:	bd10      	pop	{r4, pc}
10004b9e:	f7ff f99f 	bl	10003ee0 <tud_suspended>
10004ba2:	2800      	cmp	r0, #0
10004ba4:	d1f9      	bne.n	10004b9a <tud_cdc_n_connected+0xa>
10004ba6:	f44f 7232 	mov.w	r2, #712	@ 0x2c8
10004baa:	4b03      	ldr	r3, [pc, #12]	@ (10004bb8 <tud_cdc_n_connected+0x28>)
10004bac:	fb02 3304 	mla	r3, r2, r4, r3
10004bb0:	7918      	ldrb	r0, [r3, #4]
10004bb2:	f000 0001 	and.w	r0, r0, #1
10004bb6:	bd10      	pop	{r4, pc}
10004bb8:	20001580 	.word	0x20001580

10004bbc <tud_cdc_n_available>:
10004bbc:	f44f 7232 	mov.w	r2, #712	@ 0x2c8
10004bc0:	b508      	push	{r3, lr}
10004bc2:	4b03      	ldr	r3, [pc, #12]	@ (10004bd0 <tud_cdc_n_available+0x14>)
10004bc4:	fb02 3000 	mla	r0, r2, r0, r3
10004bc8:	f000 fd6a 	bl	100056a0 <tu_fifo_count>
10004bcc:	bd08      	pop	{r3, pc}
10004bce:	bf00      	nop
10004bd0:	20001590 	.word	0x20001590

10004bd4 <tud_cdc_n_read>:
10004bd4:	e92d 43f8 	stmdb	sp!, {r3, r4, r5, r6, r7, r8, r9, lr}
10004bd8:	f64f 74ff 	movw	r4, #65535	@ 0xffff
10004bdc:	f44f 7332 	mov.w	r3, #712	@ 0x2c8
10004be0:	42a2      	cmp	r2, r4
10004be2:	bf28      	it	cs
10004be4:	4622      	movcs	r2, r4
10004be6:	fb03 f400 	mul.w	r4, r3, r0
10004bea:	4f1d      	ldr	r7, [pc, #116]	@ (10004c60 <tud_cdc_n_read+0x8c>)
10004bec:	f104 0510 	add.w	r5, r4, #16
10004bf0:	443d      	add	r5, r7
10004bf2:	4628      	mov	r0, r5
10004bf4:	b292      	uxth	r2, r2
10004bf6:	f000 fdc9 	bl	1000578c <tu_fifo_read_n>
10004bfa:	4606      	mov	r6, r0
10004bfc:	f7ff f968 	bl	10003ed0 <tud_mounted>
10004c00:	b910      	cbnz	r0, 10004c08 <tud_cdc_n_read+0x34>
10004c02:	4630      	mov	r0, r6
10004c04:	e8bd 83f8 	ldmia.w	sp!, {r3, r4, r5, r6, r7, r8, r9, pc}
10004c08:	f7ff f96a 	bl	10003ee0 <tud_suspended>
10004c0c:	4681      	mov	r9, r0
10004c0e:	2800      	cmp	r0, #0
10004c10:	d1f7      	bne.n	10004c02 <tud_cdc_n_read+0x2e>
10004c12:	eb07 0804 	add.w	r8, r7, r4
10004c16:	f898 3003 	ldrb.w	r3, [r8, #3]
10004c1a:	2b00      	cmp	r3, #0
10004c1c:	d0f1      	beq.n	10004c02 <tud_cdc_n_read+0x2e>
10004c1e:	4628      	mov	r0, r5
10004c20:	f000 fd58 	bl	100056d4 <tu_fifo_remaining>
10004c24:	283f      	cmp	r0, #63	@ 0x3f
10004c26:	d9ec      	bls.n	10004c02 <tud_cdc_n_read+0x2e>
10004c28:	4648      	mov	r0, r9
10004c2a:	f898 1003 	ldrb.w	r1, [r8, #3]
10004c2e:	f7ff fe17 	bl	10004860 <usbd_edpt_claim>
10004c32:	2800      	cmp	r0, #0
10004c34:	d0e5      	beq.n	10004c02 <tud_cdc_n_read+0x2e>
10004c36:	4628      	mov	r0, r5
10004c38:	f000 fd4c 	bl	100056d4 <tu_fifo_remaining>
10004c3c:	283f      	cmp	r0, #63	@ 0x3f
10004c3e:	d909      	bls.n	10004c54 <tud_cdc_n_read+0x80>
10004c40:	f504 7212 	add.w	r2, r4, #584	@ 0x248
10004c44:	4648      	mov	r0, r9
10004c46:	2340      	movs	r3, #64	@ 0x40
10004c48:	f898 1003 	ldrb.w	r1, [r8, #3]
10004c4c:	443a      	add	r2, r7
10004c4e:	f7ff fe2b 	bl	100048a8 <usbd_edpt_xfer>
10004c52:	e7d6      	b.n	10004c02 <tud_cdc_n_read+0x2e>
10004c54:	4648      	mov	r0, r9
10004c56:	f898 1003 	ldrb.w	r1, [r8, #3]
10004c5a:	f7ff fe13 	bl	10004884 <usbd_edpt_release>
10004c5e:	e7d0      	b.n	10004c02 <tud_cdc_n_read+0x2e>
10004c60:	20001580 	.word	0x20001580

10004c64 <tud_cdc_n_write_flush>:
10004c64:	e92d 41f0 	stmdb	sp!, {r4, r5, r6, r7, r8, lr}
10004c68:	4604      	mov	r4, r0
10004c6a:	f7ff f931 	bl	10003ed0 <tud_mounted>
10004c6e:	b910      	cbnz	r0, 10004c76 <tud_cdc_n_write_flush+0x12>
10004c70:	2000      	movs	r0, #0
10004c72:	e8bd 81f0 	ldmia.w	sp!, {r4, r5, r6, r7, r8, pc}
10004c76:	f7ff f933 	bl	10003ee0 <tud_suspended>
10004c7a:	4606      	mov	r6, r0
10004c7c:	2800      	cmp	r0, #0
10004c7e:	d1f7      	bne.n	10004c70 <tud_cdc_n_write_flush+0xc>
10004c80:	f44f 7332 	mov.w	r3, #712	@ 0x2c8
10004c84:	fb03 f404 	mul.w	r4, r3, r4
10004c88:	f8df 8060 	ldr.w	r8, [pc, #96]	@ 10004cec <tud_cdc_n_write_flush+0x88>
10004c8c:	f104 0524 	add.w	r5, r4, #36	@ 0x24
10004c90:	4445      	add	r5, r8
10004c92:	4628      	mov	r0, r5
10004c94:	f000 fd04 	bl	100056a0 <tu_fifo_count>
10004c98:	2800      	cmp	r0, #0
10004c9a:	d0e9      	beq.n	10004c70 <tud_cdc_n_write_flush+0xc>
10004c9c:	eb08 0704 	add.w	r7, r8, r4
10004ca0:	4630      	mov	r0, r6
10004ca2:	78b9      	ldrb	r1, [r7, #2]
10004ca4:	f7ff fddc 	bl	10004860 <usbd_edpt_claim>
10004ca8:	2800      	cmp	r0, #0
10004caa:	d0e1      	beq.n	10004c70 <tud_cdc_n_write_flush+0xc>
10004cac:	f504 7422 	add.w	r4, r4, #648	@ 0x288
10004cb0:	4444      	add	r4, r8
10004cb2:	4628      	mov	r0, r5
10004cb4:	2240      	movs	r2, #64	@ 0x40
10004cb6:	4621      	mov	r1, r4
10004cb8:	f000 fd68 	bl	1000578c <tu_fifo_read_n>
10004cbc:	4605      	mov	r5, r0
10004cbe:	b180      	cbz	r0, 10004ce2 <tud_cdc_n_write_flush+0x7e>
10004cc0:	4603      	mov	r3, r0
10004cc2:	4622      	mov	r2, r4
10004cc4:	4630      	mov	r0, r6
10004cc6:	78b9      	ldrb	r1, [r7, #2]
10004cc8:	f7ff fdee 	bl	100048a8 <usbd_edpt_xfer>
10004ccc:	b938      	cbnz	r0, 10004cde <tud_cdc_n_write_flush+0x7a>
10004cce:	f04f 23e0 	mov.w	r3, #3758153728	@ 0xe000e000
10004cd2:	f8d3 3df0 	ldr.w	r3, [r3, #3568]	@ 0xdf0
10004cd6:	07db      	lsls	r3, r3, #31
10004cd8:	d5ca      	bpl.n	10004c70 <tud_cdc_n_write_flush+0xc>
10004cda:	be00      	bkpt	0x0000
10004cdc:	e7c8      	b.n	10004c70 <tud_cdc_n_write_flush+0xc>
10004cde:	4628      	mov	r0, r5
10004ce0:	e7c7      	b.n	10004c72 <tud_cdc_n_write_flush+0xe>
10004ce2:	78b9      	ldrb	r1, [r7, #2]
10004ce4:	f7ff fdce 	bl	10004884 <usbd_edpt_release>
10004ce8:	e7c2      	b.n	10004c70 <tud_cdc_n_write_flush+0xc>
10004cea:	bf00      	nop
10004cec:	20001580 	.word	0x20001580

10004cf0 <tud_cdc_n_write>:
10004cf0:	b538      	push	{r3, r4, r5, lr}
10004cf2:	f64f 75ff 	movw	r5, #65535	@ 0xffff
10004cf6:	f44f 7332 	mov.w	r3, #712	@ 0x2c8
10004cfa:	42aa      	cmp	r2, r5
10004cfc:	bf28      	it	cs
10004cfe:	462a      	movcs	r2, r5
10004d00:	4c0a      	ldr	r4, [pc, #40]	@ (10004d2c <tud_cdc_n_write+0x3c>)
10004d02:	b292      	uxth	r2, r2
10004d04:	fb03 4400 	mla	r4, r3, r0, r4
10004d08:	4605      	mov	r5, r0
10004d0a:	4620      	mov	r0, r4
10004d0c:	f000 fdec 	bl	100058e8 <tu_fifo_write_n>
10004d10:	4603      	mov	r3, r0
10004d12:	4620      	mov	r0, r4
10004d14:	461c      	mov	r4, r3
10004d16:	f000 fcc3 	bl	100056a0 <tu_fifo_count>
10004d1a:	283f      	cmp	r0, #63	@ 0x3f
10004d1c:	d801      	bhi.n	10004d22 <tud_cdc_n_write+0x32>
10004d1e:	4620      	mov	r0, r4
10004d20:	bd38      	pop	{r3, r4, r5, pc}
10004d22:	4628      	mov	r0, r5
10004d24:	f7ff ff9e 	bl	10004c64 <tud_cdc_n_write_flush>
10004d28:	4620      	mov	r0, r4
10004d2a:	bd38      	pop	{r3, r4, r5, pc}
10004d2c:	200015a4 	.word	0x200015a4

10004d30 <tud_cdc_n_write_available>:
10004d30:	f44f 7232 	mov.w	r2, #712	@ 0x2c8
10004d34:	b508      	push	{r3, lr}
10004d36:	4b03      	ldr	r3, [pc, #12]	@ (10004d44 <tud_cdc_n_write_available+0x14>)
10004d38:	fb02 3000 	mla	r0, r2, r0, r3
10004d3c:	f000 fcca 	bl	100056d4 <tu_fifo_remaining>
10004d40:	bd08      	pop	{r3, pc}
10004d42:	bf00      	nop
10004d44:	200015a4 	.word	0x200015a4

10004d48 <cdcd_init>:
10004d48:	b5f0      	push	{r4, r5, r6, r7, lr}
10004d4a:	2500      	movs	r5, #0
10004d4c:	4c1a      	ldr	r4, [pc, #104]	@ (10004db8 <cdcd_init+0x70>)
10004d4e:	b083      	sub	sp, #12
10004d50:	4629      	mov	r1, r5
10004d52:	f44f 7232 	mov.w	r2, #712	@ 0x2c8
10004d56:	4620      	mov	r0, r4
10004d58:	f001 f856 	bl	10005e08 <memset>
10004d5c:	23ff      	movs	r3, #255	@ 0xff
10004d5e:	f44f 31e1 	mov.w	r1, #115200	@ 0x1c200
10004d62:	2208      	movs	r2, #8
10004d64:	4815      	ldr	r0, [pc, #84]	@ (10004dbc <cdcd_init+0x74>)
10004d66:	f504 770e 	add.w	r7, r4, #568	@ 0x238
10004d6a:	7005      	strb	r5, [r0, #0]
10004d6c:	9500      	str	r5, [sp, #0]
10004d6e:	f104 0010 	add.w	r0, r4, #16
10004d72:	7163      	strb	r3, [r4, #5]
10004d74:	60a1      	str	r1, [r4, #8]
10004d76:	73a2      	strb	r2, [r4, #14]
10004d78:	f104 0138 	add.w	r1, r4, #56	@ 0x38
10004d7c:	2301      	movs	r3, #1
10004d7e:	f44f 7280 	mov.w	r2, #256	@ 0x100
10004d82:	f000 fc5d 	bl	10005640 <tu_fifo_config>
10004d86:	2301      	movs	r3, #1
10004d88:	f44f 7280 	mov.w	r2, #256	@ 0x100
10004d8c:	f504 719c 	add.w	r1, r4, #312	@ 0x138
10004d90:	9300      	str	r3, [sp, #0]
10004d92:	f104 0024 	add.w	r0, r4, #36	@ 0x24
10004d96:	f000 fc53 	bl	10005640 <tu_fifo_config>
10004d9a:	f504 7610 	add.w	r6, r4, #576	@ 0x240
10004d9e:	4638      	mov	r0, r7
10004da0:	f7fb fe2e 	bl	10000a00 <mutex_init>
10004da4:	4630      	mov	r0, r6
10004da6:	f7fb fe2b 	bl	10000a00 <mutex_init>
10004daa:	e9c4 5707 	strd	r5, r7, [r4, #28]
10004dae:	e9c4 650c 	strd	r6, r5, [r4, #48]	@ 0x30
10004db2:	b003      	add	sp, #12
10004db4:	bdf0      	pop	{r4, r5, r6, r7, pc}
10004db6:	bf00      	nop
10004db8:	20001580 	.word	0x20001580
10004dbc:	200019f0 	.word	0x200019f0

10004dc0 <cdcd_deinit>:
10004dc0:	4b09      	ldr	r3, [pc, #36]	@ (10004de8 <cdcd_deinit+0x28>)
10004dc2:	6b19      	ldr	r1, [r3, #48]	@ 0x30
10004dc4:	6a1a      	ldr	r2, [r3, #32]
10004dc6:	b141      	cbz	r1, 10004dda <cdcd_deinit+0x1a>
10004dc8:	b112      	cbz	r2, 10004dd0 <cdcd_deinit+0x10>
10004dca:	2200      	movs	r2, #0
10004dcc:	61da      	str	r2, [r3, #28]
10004dce:	621a      	str	r2, [r3, #32]
10004dd0:	2200      	movs	r2, #0
10004dd2:	e9c3 220c 	strd	r2, r2, [r3, #48]	@ 0x30
10004dd6:	2001      	movs	r0, #1
10004dd8:	4770      	bx	lr
10004dda:	2a00      	cmp	r2, #0
10004ddc:	d0fb      	beq.n	10004dd6 <cdcd_deinit+0x16>
10004dde:	2001      	movs	r0, #1
10004de0:	61d9      	str	r1, [r3, #28]
10004de2:	6219      	str	r1, [r3, #32]
10004de4:	4770      	bx	lr
10004de6:	bf00      	nop
10004de8:	20001580 	.word	0x20001580

10004dec <cdcd_reset>:
10004dec:	2200      	movs	r2, #0
10004dee:	b510      	push	{r4, lr}
10004df0:	4c0e      	ldr	r4, [pc, #56]	@ (10004e2c <cdcd_reset+0x40>)
10004df2:	480f      	ldr	r0, [pc, #60]	@ (10004e30 <cdcd_reset+0x44>)
10004df4:	7823      	ldrb	r3, [r4, #0]
10004df6:	6002      	str	r2, [r0, #0]
10004df8:	7102      	strb	r2, [r0, #4]
10004dfa:	07da      	lsls	r2, r3, #31
10004dfc:	d507      	bpl.n	10004e0e <cdcd_reset+0x22>
10004dfe:	079b      	lsls	r3, r3, #30
10004e00:	d50b      	bpl.n	10004e1a <cdcd_reset+0x2e>
10004e02:	e8bd 4010 	ldmia.w	sp!, {r4, lr}
10004e06:	2101      	movs	r1, #1
10004e08:	480a      	ldr	r0, [pc, #40]	@ (10004e34 <cdcd_reset+0x48>)
10004e0a:	f000 be53 	b.w	10005ab4 <tu_fifo_set_overwritable>
10004e0e:	3010      	adds	r0, #16
10004e10:	f000 fe34 	bl	10005a7c <tu_fifo_clear>
10004e14:	7823      	ldrb	r3, [r4, #0]
10004e16:	079b      	lsls	r3, r3, #30
10004e18:	d4f3      	bmi.n	10004e02 <cdcd_reset+0x16>
10004e1a:	4806      	ldr	r0, [pc, #24]	@ (10004e34 <cdcd_reset+0x48>)
10004e1c:	f000 fe2e 	bl	10005a7c <tu_fifo_clear>
10004e20:	e8bd 4010 	ldmia.w	sp!, {r4, lr}
10004e24:	2101      	movs	r1, #1
10004e26:	4803      	ldr	r0, [pc, #12]	@ (10004e34 <cdcd_reset+0x48>)
10004e28:	f000 be44 	b.w	10005ab4 <tu_fifo_set_overwritable>
10004e2c:	200019f0 	.word	0x200019f0
10004e30:	20001580 	.word	0x20001580
10004e34:	200015a4 	.word	0x200015a4

10004e38 <cdcd_open>:
10004e38:	b5f0      	push	{r4, r5, r6, r7, lr}
10004e3a:	794b      	ldrb	r3, [r1, #5]
10004e3c:	b083      	sub	sp, #12
10004e3e:	2b02      	cmp	r3, #2
10004e40:	d003      	beq.n	10004e4a <cdcd_open+0x12>
10004e42:	2500      	movs	r5, #0
10004e44:	4628      	mov	r0, r5
10004e46:	b003      	add	sp, #12
10004e48:	bdf0      	pop	{r4, r5, r6, r7, pc}
10004e4a:	798b      	ldrb	r3, [r1, #6]
10004e4c:	2b02      	cmp	r3, #2
10004e4e:	d1f8      	bne.n	10004e42 <cdcd_open+0xa>
10004e50:	4f24      	ldr	r7, [pc, #144]	@ (10004ee4 <cdcd_open+0xac>)
10004e52:	78bb      	ldrb	r3, [r7, #2]
10004e54:	bb7b      	cbnz	r3, 10004eb6 <cdcd_open+0x7e>
10004e56:	788b      	ldrb	r3, [r1, #2]
10004e58:	4606      	mov	r6, r0
10004e5a:	703b      	strb	r3, [r7, #0]
10004e5c:	780b      	ldrb	r3, [r1, #0]
10004e5e:	2509      	movs	r5, #9
10004e60:	18cc      	adds	r4, r1, r3
10004e62:	7861      	ldrb	r1, [r4, #1]
10004e64:	2924      	cmp	r1, #36	@ 0x24
10004e66:	d10b      	bne.n	10004e80 <cdcd_open+0x48>
10004e68:	2a08      	cmp	r2, #8
10004e6a:	d802      	bhi.n	10004e72 <cdcd_open+0x3a>
10004e6c:	e01f      	b.n	10004eae <cdcd_open+0x76>
10004e6e:	42aa      	cmp	r2, r5
10004e70:	d31d      	bcc.n	10004eae <cdcd_open+0x76>
10004e72:	7823      	ldrb	r3, [r4, #0]
10004e74:	441c      	add	r4, r3
10004e76:	7861      	ldrb	r1, [r4, #1]
10004e78:	442b      	add	r3, r5
10004e7a:	2924      	cmp	r1, #36	@ 0x24
10004e7c:	b29d      	uxth	r5, r3
10004e7e:	d0f6      	beq.n	10004e6e <cdcd_open+0x36>
10004e80:	2905      	cmp	r1, #5
10004e82:	d020      	beq.n	10004ec6 <cdcd_open+0x8e>
10004e84:	2904      	cmp	r1, #4
10004e86:	d112      	bne.n	10004eae <cdcd_open+0x76>
10004e88:	7963      	ldrb	r3, [r4, #5]
10004e8a:	2b0a      	cmp	r3, #10
10004e8c:	d10f      	bne.n	10004eae <cdcd_open+0x76>
10004e8e:	4b16      	ldr	r3, [pc, #88]	@ (10004ee8 <cdcd_open+0xb0>)
10004e90:	7827      	ldrb	r7, [r4, #0]
10004e92:	9301      	str	r3, [sp, #4]
10004e94:	3301      	adds	r3, #1
10004e96:	9300      	str	r3, [sp, #0]
10004e98:	2302      	movs	r3, #2
10004e9a:	4630      	mov	r0, r6
10004e9c:	461a      	mov	r2, r3
10004e9e:	19e1      	adds	r1, r4, r7
10004ea0:	f7ff fc6e 	bl	10004780 <usbd_open_edpt_pair>
10004ea4:	b138      	cbz	r0, 10004eb6 <cdcd_open+0x7e>
10004ea6:	350e      	adds	r5, #14
10004ea8:	fa17 f585 	uxtah	r5, r7, r5
10004eac:	b2ad      	uxth	r5, r5
10004eae:	480d      	ldr	r0, [pc, #52]	@ (10004ee4 <cdcd_open+0xac>)
10004eb0:	f7ff fe3e 	bl	10004b30 <_prep_out_transaction.isra.0>
10004eb4:	e7c6      	b.n	10004e44 <cdcd_open+0xc>
10004eb6:	f04f 23e0 	mov.w	r3, #3758153728	@ 0xe000e000
10004eba:	f8d3 3df0 	ldr.w	r3, [r3, #3568]	@ 0xdf0
10004ebe:	07db      	lsls	r3, r3, #31
10004ec0:	d5bf      	bpl.n	10004e42 <cdcd_open+0xa>
10004ec2:	be00      	bkpt	0x0000
10004ec4:	e7bd      	b.n	10004e42 <cdcd_open+0xa>
10004ec6:	4621      	mov	r1, r4
10004ec8:	4630      	mov	r0, r6
10004eca:	f7ff fca7 	bl	1000481c <usbd_edpt_open>
10004ece:	2800      	cmp	r0, #0
10004ed0:	d0f1      	beq.n	10004eb6 <cdcd_open+0x7e>
10004ed2:	78a3      	ldrb	r3, [r4, #2]
10004ed4:	707b      	strb	r3, [r7, #1]
10004ed6:	7823      	ldrb	r3, [r4, #0]
10004ed8:	441c      	add	r4, r3
10004eda:	442b      	add	r3, r5
10004edc:	7861      	ldrb	r1, [r4, #1]
10004ede:	b29d      	uxth	r5, r3
10004ee0:	e7d0      	b.n	10004e84 <cdcd_open+0x4c>
10004ee2:	bf00      	nop
10004ee4:	20001580 	.word	0x20001580
10004ee8:	20001582 	.word	0x20001582

10004eec <cdcd_control_xfer_cb>:
10004eec:	7813      	ldrb	r3, [r2, #0]
10004eee:	f003 0360 	and.w	r3, r3, #96	@ 0x60
10004ef2:	2b20      	cmp	r3, #32
10004ef4:	d10e      	bne.n	10004f14 <cdcd_control_xfer_cb+0x28>
10004ef6:	b570      	push	{r4, r5, r6, lr}
10004ef8:	4c27      	ldr	r4, [pc, #156]	@ (10004f98 <cdcd_control_xfer_cb+0xac>)
10004efa:	8893      	ldrh	r3, [r2, #4]
10004efc:	f894 c000 	ldrb.w	ip, [r4]
10004f00:	459c      	cmp	ip, r3
10004f02:	d109      	bne.n	10004f18 <cdcd_control_xfer_cb+0x2c>
10004f04:	7853      	ldrb	r3, [r2, #1]
10004f06:	3b20      	subs	r3, #32
10004f08:	2b03      	cmp	r3, #3
10004f0a:	d805      	bhi.n	10004f18 <cdcd_control_xfer_cb+0x2c>
10004f0c:	e8df f003 	tbb	[pc, r3]
10004f10:	0620180c 	.word	0x0620180c
10004f14:	2000      	movs	r0, #0
10004f16:	4770      	bx	lr
10004f18:	2000      	movs	r0, #0
10004f1a:	bd70      	pop	{r4, r5, r6, pc}
10004f1c:	2901      	cmp	r1, #1
10004f1e:	d02e      	beq.n	10004f7e <cdcd_control_xfer_cb+0x92>
10004f20:	2903      	cmp	r1, #3
10004f22:	d030      	beq.n	10004f86 <cdcd_control_xfer_cb+0x9a>
10004f24:	2001      	movs	r0, #1
10004f26:	bd70      	pop	{r4, r5, r6, pc}
10004f28:	2901      	cmp	r1, #1
10004f2a:	d00b      	beq.n	10004f44 <cdcd_control_xfer_cb+0x58>
10004f2c:	2903      	cmp	r1, #3
10004f2e:	d1f9      	bne.n	10004f24 <cdcd_control_xfer_cb+0x38>
10004f30:	4b1a      	ldr	r3, [pc, #104]	@ (10004f9c <cdcd_control_xfer_cb+0xb0>)
10004f32:	2b00      	cmp	r3, #0
10004f34:	d0f6      	beq.n	10004f24 <cdcd_control_xfer_cb+0x38>
10004f36:	2000      	movs	r0, #0
10004f38:	4919      	ldr	r1, [pc, #100]	@ (10004fa0 <cdcd_control_xfer_cb+0xb4>)
10004f3a:	f7fe fac9 	bl	100034d0 <tud_cdc_line_coding_cb>
10004f3e:	e7f1      	b.n	10004f24 <cdcd_control_xfer_cb+0x38>
10004f40:	2901      	cmp	r1, #1
10004f42:	d1ef      	bne.n	10004f24 <cdcd_control_xfer_cb+0x38>
10004f44:	4611      	mov	r1, r2
10004f46:	2307      	movs	r3, #7
10004f48:	4a15      	ldr	r2, [pc, #84]	@ (10004fa0 <cdcd_control_xfer_cb+0xb4>)
10004f4a:	f7ff fcff 	bl	1000494c <tud_control_xfer>
10004f4e:	e7e9      	b.n	10004f24 <cdcd_control_xfer_cb+0x38>
10004f50:	2901      	cmp	r1, #1
10004f52:	d014      	beq.n	10004f7e <cdcd_control_xfer_cb+0x92>
10004f54:	2903      	cmp	r1, #3
10004f56:	d1e5      	bne.n	10004f24 <cdcd_control_xfer_cb+0x38>
10004f58:	8855      	ldrh	r5, [r2, #2]
10004f5a:	4812      	ldr	r0, [pc, #72]	@ (10004fa4 <cdcd_control_xfer_cb+0xb8>)
10004f5c:	f005 0601 	and.w	r6, r5, #1
10004f60:	f086 0101 	eor.w	r1, r6, #1
10004f64:	7125      	strb	r5, [r4, #4]
10004f66:	f000 fda5 	bl	10005ab4 <tu_fifo_set_overwritable>
10004f6a:	4b0f      	ldr	r3, [pc, #60]	@ (10004fa8 <cdcd_control_xfer_cb+0xbc>)
10004f6c:	2b00      	cmp	r3, #0
10004f6e:	d0d9      	beq.n	10004f24 <cdcd_control_xfer_cb+0x38>
10004f70:	4631      	mov	r1, r6
10004f72:	2000      	movs	r0, #0
10004f74:	f3c5 0240 	ubfx	r2, r5, #1, #1
10004f78:	f3af 8000 	nop.w
10004f7c:	e7d2      	b.n	10004f24 <cdcd_control_xfer_cb+0x38>
10004f7e:	4611      	mov	r1, r2
10004f80:	f7ff fcca 	bl	10004918 <tud_control_status>
10004f84:	e7ce      	b.n	10004f24 <cdcd_control_xfer_cb+0x38>
10004f86:	4b09      	ldr	r3, [pc, #36]	@ (10004fac <cdcd_control_xfer_cb+0xc0>)
10004f88:	2b00      	cmp	r3, #0
10004f8a:	d0cb      	beq.n	10004f24 <cdcd_control_xfer_cb+0x38>
10004f8c:	2000      	movs	r0, #0
10004f8e:	8851      	ldrh	r1, [r2, #2]
10004f90:	f3af 8000 	nop.w
10004f94:	e7c6      	b.n	10004f24 <cdcd_control_xfer_cb+0x38>
10004f96:	bf00      	nop
10004f98:	20001580 	.word	0x20001580
10004f9c:	100034d1 	.word	0x100034d1
10004fa0:	20001588 	.word	0x20001588
10004fa4:	200015a4 	.word	0x200015a4
	...

10004fb0 <cdcd_xfer_cb>:
10004fb0:	e92d 47f0 	stmdb	sp!, {r4, r5, r6, r7, r8, r9, sl, lr}
10004fb4:	4e37      	ldr	r6, [pc, #220]	@ (10005094 <cdcd_xfer_cb+0xe4>)
10004fb6:	460c      	mov	r4, r1
10004fb8:	78f2      	ldrb	r2, [r6, #3]
10004fba:	4607      	mov	r7, r0
10004fbc:	428a      	cmp	r2, r1
10004fbe:	461d      	mov	r5, r3
10004fc0:	f896 c002 	ldrb.w	ip, [r6, #2]
10004fc4:	d03c      	beq.n	10005040 <cdcd_xfer_cb+0x90>
10004fc6:	458c      	cmp	ip, r1
10004fc8:	d013      	beq.n	10004ff2 <cdcd_xfer_cb+0x42>
10004fca:	f04f 23e0 	mov.w	r3, #3758153728	@ 0xe000e000
10004fce:	f8d3 3df0 	ldr.w	r3, [r3, #3568]	@ 0xdf0
10004fd2:	07db      	lsls	r3, r3, #31
10004fd4:	d500      	bpl.n	10004fd8 <cdcd_xfer_cb+0x28>
10004fd6:	be00      	bkpt	0x0000
10004fd8:	2000      	movs	r0, #0
10004fda:	e8bd 87f0 	ldmia.w	sp!, {r4, r5, r6, r7, r8, r9, sl, pc}
10004fde:	4b2e      	ldr	r3, [pc, #184]	@ (10005098 <cdcd_xfer_cb+0xe8>)
10004fe0:	b123      	cbz	r3, 10004fec <cdcd_xfer_cb+0x3c>
10004fe2:	482e      	ldr	r0, [pc, #184]	@ (1000509c <cdcd_xfer_cb+0xec>)
10004fe4:	f000 fb6c 	bl	100056c0 <tu_fifo_empty>
10004fe8:	2800      	cmp	r0, #0
10004fea:	d04f      	beq.n	1000508c <cdcd_xfer_cb+0xdc>
10004fec:	4829      	ldr	r0, [pc, #164]	@ (10005094 <cdcd_xfer_cb+0xe4>)
10004fee:	f7ff fd9f 	bl	10004b30 <_prep_out_transaction.isra.0>
10004ff2:	78b3      	ldrb	r3, [r6, #2]
10004ff4:	42a3      	cmp	r3, r4
10004ff6:	d002      	beq.n	10004ffe <cdcd_xfer_cb+0x4e>
10004ff8:	2001      	movs	r0, #1
10004ffa:	e8bd 87f0 	ldmia.w	sp!, {r4, r5, r6, r7, r8, r9, sl, pc}
10004ffe:	4b28      	ldr	r3, [pc, #160]	@ (100050a0 <cdcd_xfer_cb+0xf0>)
10005000:	b113      	cbz	r3, 10005008 <cdcd_xfer_cb+0x58>
10005002:	2000      	movs	r0, #0
10005004:	f3af 8000 	nop.w
10005008:	2000      	movs	r0, #0
1000500a:	f7ff fe2b 	bl	10004c64 <tud_cdc_n_write_flush>
1000500e:	2800      	cmp	r0, #0
10005010:	d1f2      	bne.n	10004ff8 <cdcd_xfer_cb+0x48>
10005012:	4824      	ldr	r0, [pc, #144]	@ (100050a4 <cdcd_xfer_cb+0xf4>)
10005014:	f000 fb44 	bl	100056a0 <tu_fifo_count>
10005018:	2800      	cmp	r0, #0
1000501a:	d1ed      	bne.n	10004ff8 <cdcd_xfer_cb+0x48>
1000501c:	2d00      	cmp	r5, #0
1000501e:	d0eb      	beq.n	10004ff8 <cdcd_xfer_cb+0x48>
10005020:	f015 053f 	ands.w	r5, r5, #63	@ 0x3f
10005024:	d1e8      	bne.n	10004ff8 <cdcd_xfer_cb+0x48>
10005026:	4638      	mov	r0, r7
10005028:	78b1      	ldrb	r1, [r6, #2]
1000502a:	f7ff fc19 	bl	10004860 <usbd_edpt_claim>
1000502e:	2800      	cmp	r0, #0
10005030:	d0e2      	beq.n	10004ff8 <cdcd_xfer_cb+0x48>
10005032:	462b      	mov	r3, r5
10005034:	462a      	mov	r2, r5
10005036:	4638      	mov	r0, r7
10005038:	78b1      	ldrb	r1, [r6, #2]
1000503a:	f7ff fc35 	bl	100048a8 <usbd_edpt_xfer>
1000503e:	e7db      	b.n	10004ff8 <cdcd_xfer_cb+0x48>
10005040:	b29a      	uxth	r2, r3
10005042:	f506 7112 	add.w	r1, r6, #584	@ 0x248
10005046:	f106 0010 	add.w	r0, r6, #16
1000504a:	f000 fc4d 	bl	100058e8 <tu_fifo_write_n>
1000504e:	4b16      	ldr	r3, [pc, #88]	@ (100050a8 <cdcd_xfer_cb+0xf8>)
10005050:	2b00      	cmp	r3, #0
10005052:	d0c4      	beq.n	10004fde <cdcd_xfer_cb+0x2e>
10005054:	7973      	ldrb	r3, [r6, #5]
10005056:	2bff      	cmp	r3, #255	@ 0xff
10005058:	d0c1      	beq.n	10004fde <cdcd_xfer_cb+0x2e>
1000505a:	2d00      	cmp	r5, #0
1000505c:	d0bf      	beq.n	10004fde <cdcd_xfer_cb+0x2e>
1000505e:	f206 2847 	addw	r8, r6, #583	@ 0x247
10005062:	eb08 0a05 	add.w	sl, r8, r5
10005066:	f2a8 2937 	subw	r9, r8, #567	@ 0x237
1000506a:	e002      	b.n	10005072 <cdcd_xfer_cb+0xc2>
1000506c:	45c2      	cmp	sl, r8
1000506e:	d0b6      	beq.n	10004fde <cdcd_xfer_cb+0x2e>
10005070:	7973      	ldrb	r3, [r6, #5]
10005072:	f818 2f01 	ldrb.w	r2, [r8, #1]!
10005076:	429a      	cmp	r2, r3
10005078:	d1f8      	bne.n	1000506c <cdcd_xfer_cb+0xbc>
1000507a:	4648      	mov	r0, r9
1000507c:	f000 fb20 	bl	100056c0 <tu_fifo_empty>
10005080:	2800      	cmp	r0, #0
10005082:	d1f3      	bne.n	1000506c <cdcd_xfer_cb+0xbc>
10005084:	7971      	ldrb	r1, [r6, #5]
10005086:	f3af 8000 	nop.w
1000508a:	e7ef      	b.n	1000506c <cdcd_xfer_cb+0xbc>
1000508c:	f3af 8000 	nop.w
10005090:	e7ac      	b.n	10004fec <cdcd_xfer_cb+0x3c>
10005092:	bf00      	nop
10005094:	20001580 	.word	0x20001580
10005098:	00000000 	.word	0x00000000
1000509c:	20001590 	.word	0x20001590
100050a0:	00000000 	.word	0x00000000
100050a4:	200015a4 	.word	0x200015a4
100050a8:	00000000 	.word	0x00000000

100050ac <vendord_init>:
100050ac:	b570      	push	{r4, r5, r6, lr}
100050ae:	4c15      	ldr	r4, [pc, #84]	@ (10005104 <vendord_init+0x58>)
100050b0:	b084      	sub	sp, #16
100050b2:	f44f 7233 	mov.w	r2, #716	@ 0x2cc
100050b6:	2100      	movs	r1, #0
100050b8:	4620      	mov	r0, r4
100050ba:	f000 fea5 	bl	10005e08 <memset>
100050be:	2640      	movs	r6, #64	@ 0x40
100050c0:	2300      	movs	r3, #0
100050c2:	f44f 7580 	mov.w	r5, #256	@ 0x100
100050c6:	1d22      	adds	r2, r4, #4
100050c8:	9202      	str	r2, [sp, #8]
100050ca:	f504 72e6 	add.w	r2, r4, #460	@ 0x1cc
100050ce:	4619      	mov	r1, r3
100050d0:	9200      	str	r2, [sp, #0]
100050d2:	f504 70d4 	add.w	r0, r4, #424	@ 0x1a8
100050d6:	461a      	mov	r2, r3
100050d8:	9603      	str	r6, [sp, #12]
100050da:	9501      	str	r5, [sp, #4]
100050dc:	f000 f9ac 	bl	10005438 <tu_edpt_stream_init>
100050e0:	2300      	movs	r3, #0
100050e2:	f104 0244 	add.w	r2, r4, #68	@ 0x44
100050e6:	f104 01a8 	add.w	r1, r4, #168	@ 0xa8
100050ea:	e9cd 5201 	strd	r5, r2, [sp, #4]
100050ee:	9100      	str	r1, [sp, #0]
100050f0:	2201      	movs	r2, #1
100050f2:	4619      	mov	r1, r3
100050f4:	9603      	str	r6, [sp, #12]
100050f6:	f104 0084 	add.w	r0, r4, #132	@ 0x84
100050fa:	f000 f99d 	bl	10005438 <tu_edpt_stream_init>
100050fe:	b004      	add	sp, #16
10005100:	bd70      	pop	{r4, r5, r6, pc}
10005102:	bf00      	nop
10005104:	20001b98 	.word	0x20001b98

10005108 <vendord_deinit>:
10005108:	b510      	push	{r4, lr}
1000510a:	4c05      	ldr	r4, [pc, #20]	@ (10005120 <vendord_deinit+0x18>)
1000510c:	4620      	mov	r0, r4
1000510e:	f000 f9bf 	bl	10005490 <tu_edpt_stream_deinit>
10005112:	f5a4 7092 	sub.w	r0, r4, #292	@ 0x124
10005116:	f000 f9bb 	bl	10005490 <tu_edpt_stream_deinit>
1000511a:	2001      	movs	r0, #1
1000511c:	bd10      	pop	{r4, pc}
1000511e:	bf00      	nop
10005120:	20001d40 	.word	0x20001d40

10005124 <vendord_reset>:
10005124:	2300      	movs	r3, #0
10005126:	b510      	push	{r4, lr}
10005128:	4c05      	ldr	r4, [pc, #20]	@ (10005140 <vendord_reset+0x1c>)
1000512a:	f504 70d8 	add.w	r0, r4, #432	@ 0x1b0
1000512e:	7023      	strb	r3, [r4, #0]
10005130:	f000 fca4 	bl	10005a7c <tu_fifo_clear>
10005134:	f104 008c 	add.w	r0, r4, #140	@ 0x8c
10005138:	e8bd 4010 	ldmia.w	sp!, {r4, lr}
1000513c:	f000 bc9e 	b.w	10005a7c <tu_fifo_clear>
10005140:	20001b98 	.word	0x20001b98

10005144 <vendord_open>:
10005144:	e92d 4ff8 	stmdb	sp!, {r3, r4, r5, r6, r7, r8, r9, sl, fp, lr}
10005148:	794b      	ldrb	r3, [r1, #5]
1000514a:	2bff      	cmp	r3, #255	@ 0xff
1000514c:	d002      	beq.n	10005154 <vendord_open+0x10>
1000514e:	2000      	movs	r0, #0
10005150:	e8bd 8ff8 	ldmia.w	sp!, {r3, r4, r5, r6, r7, r8, r9, sl, fp, pc}
10005154:	4d3a      	ldr	r5, [pc, #232]	@ (10005240 <vendord_open+0xfc>)
10005156:	460e      	mov	r6, r1
10005158:	f895 31a9 	ldrb.w	r3, [r5, #425]	@ 0x1a9
1000515c:	780c      	ldrb	r4, [r1, #0]
1000515e:	2b00      	cmp	r3, #0
10005160:	d1f5      	bne.n	1000514e <vendord_open+0xa>
10005162:	f895 7085 	ldrb.w	r7, [r5, #133]	@ 0x85
10005166:	2f00      	cmp	r7, #0
10005168:	d1f1      	bne.n	1000514e <vendord_open+0xa>
1000516a:	788b      	ldrb	r3, [r1, #2]
1000516c:	440c      	add	r4, r1
1000516e:	702b      	strb	r3, [r5, #0]
10005170:	790b      	ldrb	r3, [r1, #4]
10005172:	2b00      	cmp	r3, #0
10005174:	d03e      	beq.n	100051f4 <vendord_open+0xb0>
10005176:	4680      	mov	r8, r0
10005178:	eb04 0b02 	add.w	fp, r4, r2
1000517c:	f505 7ad8 	add.w	sl, r5, #432	@ 0x1b0
10005180:	f505 79d4 	add.w	r9, r5, #424	@ 0x1a8
10005184:	7863      	ldrb	r3, [r4, #1]
10005186:	2b05      	cmp	r3, #5
10005188:	d009      	beq.n	1000519e <vendord_open+0x5a>
1000518a:	45a3      	cmp	fp, r4
1000518c:	d802      	bhi.n	10005194 <vendord_open+0x50>
1000518e:	e031      	b.n	100051f4 <vendord_open+0xb0>
10005190:	455c      	cmp	r4, fp
10005192:	d22f      	bcs.n	100051f4 <vendord_open+0xb0>
10005194:	7823      	ldrb	r3, [r4, #0]
10005196:	441c      	add	r4, r3
10005198:	7863      	ldrb	r3, [r4, #1]
1000519a:	2b05      	cmp	r3, #5
1000519c:	d1f8      	bne.n	10005190 <vendord_open+0x4c>
1000519e:	45a3      	cmp	fp, r4
100051a0:	d928      	bls.n	100051f4 <vendord_open+0xb0>
100051a2:	4621      	mov	r1, r4
100051a4:	4640      	mov	r0, r8
100051a6:	f7ff fb39 	bl	1000481c <usbd_edpt_open>
100051aa:	2800      	cmp	r0, #0
100051ac:	d03f      	beq.n	1000522e <vendord_open+0xea>
100051ae:	78a3      	ldrb	r3, [r4, #2]
100051b0:	09db      	lsrs	r3, r3, #7
100051b2:	d123      	bne.n	100051fc <vendord_open+0xb8>
100051b4:	4650      	mov	r0, sl
100051b6:	f000 fc61 	bl	10005a7c <tu_fifo_clear>
100051ba:	78a3      	ldrb	r3, [r4, #2]
100051bc:	f895 11a8 	ldrb.w	r1, [r5, #424]	@ 0x1a8
100051c0:	f885 31a9 	strb.w	r3, [r5, #425]	@ 0x1a9
100051c4:	88a3      	ldrh	r3, [r4, #4]
100051c6:	4640      	mov	r0, r8
100051c8:	f3c3 030a 	ubfx	r3, r3, #0, #11
100051cc:	f5a3 7300 	sub.w	r3, r3, #512	@ 0x200
100051d0:	fab3 f383 	clz	r3, r3
100051d4:	095b      	lsrs	r3, r3, #5
100051d6:	f363 0141 	bfi	r1, r3, #1, #1
100051da:	f885 11a8 	strb.w	r1, [r5, #424]	@ 0x1a8
100051de:	4649      	mov	r1, r9
100051e0:	f000 f9c4 	bl	1000556c <tu_edpt_stream_read_xfer>
100051e4:	b318      	cbz	r0, 1000522e <vendord_open+0xea>
100051e6:	7823      	ldrb	r3, [r4, #0]
100051e8:	7931      	ldrb	r1, [r6, #4]
100051ea:	3701      	adds	r7, #1
100051ec:	441c      	add	r4, r3
100051ee:	b2fb      	uxtb	r3, r7
100051f0:	4299      	cmp	r1, r3
100051f2:	d8c7      	bhi.n	10005184 <vendord_open+0x40>
100051f4:	1ba1      	subs	r1, r4, r6
100051f6:	b288      	uxth	r0, r1
100051f8:	e8bd 8ff8 	ldmia.w	sp!, {r3, r4, r5, r6, r7, r8, r9, sl, fp, pc}
100051fc:	4811      	ldr	r0, [pc, #68]	@ (10005244 <vendord_open+0x100>)
100051fe:	f000 fc3d 	bl	10005a7c <tu_fifo_clear>
10005202:	78a3      	ldrb	r3, [r4, #2]
10005204:	f895 1084 	ldrb.w	r1, [r5, #132]	@ 0x84
10005208:	f885 3085 	strb.w	r3, [r5, #133]	@ 0x85
1000520c:	88a3      	ldrh	r3, [r4, #4]
1000520e:	2000      	movs	r0, #0
10005210:	f3c3 030a 	ubfx	r3, r3, #0, #11
10005214:	f5a3 7300 	sub.w	r3, r3, #512	@ 0x200
10005218:	fab3 f383 	clz	r3, r3
1000521c:	095b      	lsrs	r3, r3, #5
1000521e:	f363 0141 	bfi	r1, r3, #1, #1
10005222:	f885 1084 	strb.w	r1, [r5, #132]	@ 0x84
10005226:	4908      	ldr	r1, [pc, #32]	@ (10005248 <vendord_open+0x104>)
10005228:	f000 f968 	bl	100054fc <tu_edpt_stream_write_xfer>
1000522c:	e7db      	b.n	100051e6 <vendord_open+0xa2>
1000522e:	f04f 23e0 	mov.w	r3, #3758153728	@ 0xe000e000
10005232:	f8d3 3df0 	ldr.w	r3, [r3, #3568]	@ 0xdf0
10005236:	07db      	lsls	r3, r3, #31
10005238:	d589      	bpl.n	1000514e <vendord_open+0xa>
1000523a:	be00      	bkpt	0x0000
1000523c:	e787      	b.n	1000514e <vendord_open+0xa>
1000523e:	bf00      	nop
10005240:	20001b98 	.word	0x20001b98
10005244:	20001c24 	.word	0x20001c24
10005248:	20001c1c 	.word	0x20001c1c

1000524c <vendord_xfer_cb>:
1000524c:	b570      	push	{r4, r5, r6, lr}
1000524e:	4c1b      	ldr	r4, [pc, #108]	@ (100052bc <vendord_xfer_cb+0x70>)
10005250:	4606      	mov	r6, r0
10005252:	f894 c1a9 	ldrb.w	ip, [r4, #425]	@ 0x1a9
10005256:	461d      	mov	r5, r3
10005258:	458c      	cmp	ip, r1
1000525a:	d012      	beq.n	10005282 <vendord_xfer_cb+0x36>
1000525c:	f894 3085 	ldrb.w	r3, [r4, #133]	@ 0x85
10005260:	428b      	cmp	r3, r1
10005262:	d10c      	bne.n	1000527e <vendord_xfer_cb+0x32>
10005264:	4b16      	ldr	r3, [pc, #88]	@ (100052c0 <vendord_xfer_cb+0x74>)
10005266:	b11b      	cbz	r3, 10005270 <vendord_xfer_cb+0x24>
10005268:	2000      	movs	r0, #0
1000526a:	b2a9      	uxth	r1, r5
1000526c:	f3af 8000 	nop.w
10005270:	4630      	mov	r0, r6
10005272:	4914      	ldr	r1, [pc, #80]	@ (100052c4 <vendord_xfer_cb+0x78>)
10005274:	f000 f942 	bl	100054fc <tu_edpt_stream_write_xfer>
10005278:	b1d0      	cbz	r0, 100052b0 <vendord_xfer_cb+0x64>
1000527a:	2001      	movs	r0, #1
1000527c:	bd70      	pop	{r4, r5, r6, pc}
1000527e:	2000      	movs	r0, #0
10005280:	bd70      	pop	{r4, r5, r6, pc}
10005282:	f8b4 31b4 	ldrh.w	r3, [r4, #436]	@ 0x1b4
10005286:	b95b      	cbnz	r3, 100052a0 <vendord_xfer_cb+0x54>
10005288:	4b0f      	ldr	r3, [pc, #60]	@ (100052c8 <vendord_xfer_cb+0x7c>)
1000528a:	b123      	cbz	r3, 10005296 <vendord_xfer_cb+0x4a>
1000528c:	2000      	movs	r0, #0
1000528e:	490f      	ldr	r1, [pc, #60]	@ (100052cc <vendord_xfer_cb+0x80>)
10005290:	b2aa      	uxth	r2, r5
10005292:	f3af 8000 	nop.w
10005296:	4630      	mov	r0, r6
10005298:	490d      	ldr	r1, [pc, #52]	@ (100052d0 <vendord_xfer_cb+0x84>)
1000529a:	f000 f967 	bl	1000556c <tu_edpt_stream_read_xfer>
1000529e:	e7ec      	b.n	1000527a <vendord_xfer_cb+0x2e>
100052a0:	f8d4 11ac 	ldr.w	r1, [r4, #428]	@ 0x1ac
100052a4:	b2aa      	uxth	r2, r5
100052a6:	f504 70d8 	add.w	r0, r4, #432	@ 0x1b0
100052aa:	f000 fb1d 	bl	100058e8 <tu_fifo_write_n>
100052ae:	e7eb      	b.n	10005288 <vendord_xfer_cb+0x3c>
100052b0:	462a      	mov	r2, r5
100052b2:	4630      	mov	r0, r6
100052b4:	4903      	ldr	r1, [pc, #12]	@ (100052c4 <vendord_xfer_cb+0x78>)
100052b6:	f000 f8ed 	bl	10005494 <tu_edpt_stream_write_zlp_if_needed>
100052ba:	e7de      	b.n	1000527a <vendord_xfer_cb+0x2e>
100052bc:	20001b98 	.word	0x20001b98
100052c0:	00000000 	.word	0x00000000
100052c4:	20001c1c 	.word	0x20001c1c
100052c8:	00000000 	.word	0x00000000
100052cc:	20001b9c 	.word	0x20001b9c
100052d0:	20001d40 	.word	0x20001d40

100052d4 <tusb_init>:
100052d4:	b508      	push	{r3, lr}
100052d6:	2000      	movs	r0, #0
100052d8:	f7fe fe0a 	bl	10003ef0 <tud_init>
100052dc:	b100      	cbz	r0, 100052e0 <tusb_init+0xc>
100052de:	bd08      	pop	{r3, pc}
100052e0:	f04f 23e0 	mov.w	r3, #3758153728	@ 0xe000e000
100052e4:	f8d3 3df0 	ldr.w	r3, [r3, #3568]	@ 0xdf0
100052e8:	07db      	lsls	r3, r3, #31
100052ea:	d5f8      	bpl.n	100052de <tusb_init+0xa>
100052ec:	be00      	bkpt	0x0000
100052ee:	bd08      	pop	{r3, pc}

100052f0 <tu_edpt_claim>:
100052f0:	b5f8      	push	{r3, r4, r5, r6, r7, lr}
100052f2:	7803      	ldrb	r3, [r0, #0]
100052f4:	f013 0401 	ands.w	r4, r3, #1
100052f8:	d11a      	bne.n	10005330 <tu_edpt_claim+0x40>
100052fa:	7803      	ldrb	r3, [r0, #0]
100052fc:	4605      	mov	r5, r0
100052fe:	075a      	lsls	r2, r3, #29
10005300:	f3c3 0780 	ubfx	r7, r3, #2, #1
10005304:	d501      	bpl.n	1000530a <tu_edpt_claim+0x1a>
10005306:	4620      	mov	r0, r4
10005308:	bdf8      	pop	{r3, r4, r5, r6, r7, pc}
1000530a:	460e      	mov	r6, r1
1000530c:	f04f 31ff 	mov.w	r1, #4294967295	@ 0xffffffff
10005310:	4630      	mov	r0, r6
10005312:	f000 fdfd 	bl	10005f10 <__mutex_enter_timeout_ms_veneer>
10005316:	782b      	ldrb	r3, [r5, #0]
10005318:	f013 0401 	ands.w	r4, r3, #1
1000531c:	d10b      	bne.n	10005336 <tu_edpt_claim+0x46>
1000531e:	782b      	ldrb	r3, [r5, #0]
10005320:	075b      	lsls	r3, r3, #29
10005322:	d409      	bmi.n	10005338 <tu_edpt_claim+0x48>
10005324:	782b      	ldrb	r3, [r5, #0]
10005326:	2401      	movs	r4, #1
10005328:	f043 0304 	orr.w	r3, r3, #4
1000532c:	702b      	strb	r3, [r5, #0]
1000532e:	e003      	b.n	10005338 <tu_edpt_claim+0x48>
10005330:	2400      	movs	r4, #0
10005332:	4620      	mov	r0, r4
10005334:	bdf8      	pop	{r3, r4, r5, r6, r7, pc}
10005336:	463c      	mov	r4, r7
10005338:	4630      	mov	r0, r6
1000533a:	f000 fdf9 	bl	10005f30 <__mutex_exit_veneer>
1000533e:	4620      	mov	r0, r4
10005340:	bdf8      	pop	{r3, r4, r5, r6, r7, pc}
10005342:	bf00      	nop

10005344 <tu_edpt_release>:
10005344:	b570      	push	{r4, r5, r6, lr}
10005346:	460c      	mov	r4, r1
10005348:	4605      	mov	r5, r0
1000534a:	f04f 31ff 	mov.w	r1, #4294967295	@ 0xffffffff
1000534e:	4620      	mov	r0, r4
10005350:	f000 fdde 	bl	10005f10 <__mutex_enter_timeout_ms_veneer>
10005354:	782b      	ldrb	r3, [r5, #0]
10005356:	f3c3 0680 	ubfx	r6, r3, #2, #1
1000535a:	075b      	lsls	r3, r3, #29
1000535c:	d508      	bpl.n	10005370 <tu_edpt_release+0x2c>
1000535e:	782b      	ldrb	r3, [r5, #0]
10005360:	f013 0301 	ands.w	r3, r3, #1
10005364:	bf11      	iteee	ne
10005366:	2600      	movne	r6, #0
10005368:	782a      	ldrbeq	r2, [r5, #0]
1000536a:	f363 0282 	bfieq	r2, r3, #2, #1
1000536e:	702a      	strbeq	r2, [r5, #0]
10005370:	4620      	mov	r0, r4
10005372:	f000 fddd 	bl	10005f30 <__mutex_exit_veneer>
10005376:	4630      	mov	r0, r6
10005378:	bd70      	pop	{r4, r5, r6, pc}
1000537a:	bf00      	nop

1000537c <tu_edpt_validate>:
1000537c:	78c3      	ldrb	r3, [r0, #3]
1000537e:	8882      	ldrh	r2, [r0, #4]
10005380:	f003 0003 	and.w	r0, r3, #3
10005384:	2802      	cmp	r0, #2
10005386:	f3c2 020a 	ubfx	r2, r2, #0, #11
1000538a:	d005      	beq.n	10005398 <tu_edpt_validate+0x1c>
1000538c:	2803      	cmp	r0, #3
1000538e:	d01a      	beq.n	100053c6 <tu_edpt_validate+0x4a>
10005390:	2801      	cmp	r0, #1
10005392:	d007      	beq.n	100053a4 <tu_edpt_validate+0x28>
10005394:	2000      	movs	r0, #0
10005396:	4770      	bx	lr
10005398:	2902      	cmp	r1, #2
1000539a:	d01d      	beq.n	100053d8 <tu_edpt_validate+0x5c>
1000539c:	2a40      	cmp	r2, #64	@ 0x40
1000539e:	d809      	bhi.n	100053b4 <tu_edpt_validate+0x38>
100053a0:	2001      	movs	r0, #1
100053a2:	4770      	bx	lr
100053a4:	2902      	cmp	r1, #2
100053a6:	f240 33ff 	movw	r3, #1023	@ 0x3ff
100053aa:	bf08      	it	eq
100053ac:	f44f 6380 	moveq.w	r3, #1024	@ 0x400
100053b0:	4293      	cmp	r3, r2
100053b2:	d2f6      	bcs.n	100053a2 <tu_edpt_validate+0x26>
100053b4:	f04f 23e0 	mov.w	r3, #3758153728	@ 0xe000e000
100053b8:	f8d3 3df0 	ldr.w	r3, [r3, #3568]	@ 0xdf0
100053bc:	07db      	lsls	r3, r3, #31
100053be:	d5e9      	bpl.n	10005394 <tu_edpt_validate+0x18>
100053c0:	be00      	bkpt	0x0000
100053c2:	2000      	movs	r0, #0
100053c4:	4770      	bx	lr
100053c6:	2902      	cmp	r1, #2
100053c8:	bf14      	ite	ne
100053ca:	2340      	movne	r3, #64	@ 0x40
100053cc:	f44f 6380 	moveq.w	r3, #1024	@ 0x400
100053d0:	4293      	cmp	r3, r2
100053d2:	d3ef      	bcc.n	100053b4 <tu_edpt_validate+0x38>
100053d4:	2001      	movs	r0, #1
100053d6:	e7e4      	b.n	100053a2 <tu_edpt_validate+0x26>
100053d8:	f5b2 7f00 	cmp.w	r2, #512	@ 0x200
100053dc:	d0e0      	beq.n	100053a0 <tu_edpt_validate+0x24>
100053de:	e7e9      	b.n	100053b4 <tu_edpt_validate+0x38>

100053e0 <tu_edpt_bind_driver>:
100053e0:	440a      	add	r2, r1
100053e2:	4291      	cmp	r1, r2
100053e4:	d226      	bcs.n	10005434 <tu_edpt_bind_driver+0x54>
100053e6:	f891 c001 	ldrb.w	ip, [r1, #1]
100053ea:	f1bc 0f05 	cmp.w	ip, #5
100053ee:	d005      	beq.n	100053fc <tu_edpt_bind_driver+0x1c>
100053f0:	f891 c000 	ldrb.w	ip, [r1]
100053f4:	4461      	add	r1, ip
100053f6:	428a      	cmp	r2, r1
100053f8:	d8f5      	bhi.n	100053e6 <tu_edpt_bind_driver+0x6>
100053fa:	4770      	bx	lr
100053fc:	b500      	push	{lr}
100053fe:	f891 c002 	ldrb.w	ip, [r1, #2]
10005402:	f00c 0e7f 	and.w	lr, ip, #127	@ 0x7f
10005406:	eb00 0e4e 	add.w	lr, r0, lr, lsl #1
1000540a:	ea4f 1cdc 	mov.w	ip, ip, lsr #7
1000540e:	f80e 300c 	strb.w	r3, [lr, ip]
10005412:	f891 c000 	ldrb.w	ip, [r1]
10005416:	4461      	add	r1, ip
10005418:	428a      	cmp	r2, r1
1000541a:	d909      	bls.n	10005430 <tu_edpt_bind_driver+0x50>
1000541c:	f891 c001 	ldrb.w	ip, [r1, #1]
10005420:	f1bc 0f05 	cmp.w	ip, #5
10005424:	d0eb      	beq.n	100053fe <tu_edpt_bind_driver+0x1e>
10005426:	f891 c000 	ldrb.w	ip, [r1]
1000542a:	4461      	add	r1, ip
1000542c:	428a      	cmp	r2, r1
1000542e:	d8f5      	bhi.n	1000541c <tu_edpt_bind_driver+0x3c>
10005430:	f85d fb04 	ldr.w	pc, [sp], #4
10005434:	4770      	bx	lr
10005436:	bf00      	nop

10005438 <tu_edpt_stream_init>:
10005438:	e92d 41f0 	stmdb	sp!, {r4, r5, r6, r7, r8, lr}
1000543c:	468e      	mov	lr, r1
1000543e:	b082      	sub	sp, #8
10005440:	9300      	str	r3, [sp, #0]
10005442:	f890 c000 	ldrb.w	ip, [r0]
10005446:	9e08      	ldr	r6, [sp, #32]
10005448:	f8bd 7024 	ldrh.w	r7, [sp, #36]	@ 0x24
1000544c:	f36e 0c00 	bfi	ip, lr, #0, #1
10005450:	4604      	mov	r4, r0
10005452:	4615      	mov	r5, r2
10005454:	2301      	movs	r3, #1
10005456:	4631      	mov	r1, r6
10005458:	463a      	mov	r2, r7
1000545a:	f800 cb08 	strb.w	ip, [r0], #8
1000545e:	f8bd 802c 	ldrh.w	r8, [sp, #44]	@ 0x2c
10005462:	f000 f8ed 	bl	10005640 <tu_fifo_config>
10005466:	b106      	cbz	r6, 1000546a <tu_edpt_stream_init+0x32>
10005468:	b93f      	cbnz	r7, 1000547a <tu_edpt_stream_init+0x42>
1000546a:	2001      	movs	r0, #1
1000546c:	9b0a      	ldr	r3, [sp, #40]	@ 0x28
1000546e:	f8a4 8002 	strh.w	r8, [r4, #2]
10005472:	6063      	str	r3, [r4, #4]
10005474:	b002      	add	sp, #8
10005476:	e8bd 81f0 	ldmia.w	sp!, {r4, r5, r6, r7, r8, pc}
1000547a:	f104 061c 	add.w	r6, r4, #28
1000547e:	4630      	mov	r0, r6
10005480:	f7fb fabe 	bl	10000a00 <mutex_init>
10005484:	b10d      	cbz	r5, 1000548a <tu_edpt_stream_init+0x52>
10005486:	4635      	mov	r5, r6
10005488:	2600      	movs	r6, #0
1000548a:	e9c4 5605 	strd	r5, r6, [r4, #20]
1000548e:	e7ec      	b.n	1000546a <tu_edpt_stream_init+0x32>

10005490 <tu_edpt_stream_deinit>:
10005490:	2001      	movs	r0, #1
10005492:	4770      	bx	lr

10005494 <tu_edpt_stream_write_zlp_if_needed>:
10005494:	b5f8      	push	{r3, r4, r5, r6, r7, lr}
10005496:	4607      	mov	r7, r0
10005498:	4608      	mov	r0, r1
1000549a:	f240 13ff 	movw	r3, #511	@ 0x1ff
1000549e:	4615      	mov	r5, r2
100054a0:	f810 2b08 	ldrb.w	r2, [r0], #8
100054a4:	460c      	mov	r4, r1
100054a6:	f012 0f02 	tst.w	r2, #2
100054aa:	bf0c      	ite	eq
100054ac:	263f      	moveq	r6, #63	@ 0x3f
100054ae:	461e      	movne	r6, r3
100054b0:	f000 f8f6 	bl	100056a0 <tu_fifo_count>
100054b4:	b928      	cbnz	r0, 100054c2 <tu_edpt_stream_write_zlp_if_needed+0x2e>
100054b6:	b125      	cbz	r5, 100054c2 <tu_edpt_stream_write_zlp_if_needed+0x2e>
100054b8:	422e      	tst	r6, r5
100054ba:	d102      	bne.n	100054c2 <tu_edpt_stream_write_zlp_if_needed+0x2e>
100054bc:	7823      	ldrb	r3, [r4, #0]
100054be:	07da      	lsls	r2, r3, #31
100054c0:	d501      	bpl.n	100054c6 <tu_edpt_stream_write_zlp_if_needed+0x32>
100054c2:	2000      	movs	r0, #0
100054c4:	bdf8      	pop	{r3, r4, r5, r6, r7, pc}
100054c6:	4638      	mov	r0, r7
100054c8:	7861      	ldrb	r1, [r4, #1]
100054ca:	f7ff f9c9 	bl	10004860 <usbd_edpt_claim>
100054ce:	2800      	cmp	r0, #0
100054d0:	d0f7      	beq.n	100054c2 <tu_edpt_stream_write_zlp_if_needed+0x2e>
100054d2:	7823      	ldrb	r3, [r4, #0]
100054d4:	f013 0301 	ands.w	r3, r3, #1
100054d8:	d007      	beq.n	100054ea <tu_edpt_stream_write_zlp_if_needed+0x56>
100054da:	f04f 23e0 	mov.w	r3, #3758153728	@ 0xe000e000
100054de:	f8d3 3df0 	ldr.w	r3, [r3, #3568]	@ 0xdf0
100054e2:	07db      	lsls	r3, r3, #31
100054e4:	d5ed      	bpl.n	100054c2 <tu_edpt_stream_write_zlp_if_needed+0x2e>
100054e6:	be00      	bkpt	0x0000
100054e8:	e7eb      	b.n	100054c2 <tu_edpt_stream_write_zlp_if_needed+0x2e>
100054ea:	461a      	mov	r2, r3
100054ec:	4638      	mov	r0, r7
100054ee:	7861      	ldrb	r1, [r4, #1]
100054f0:	f7ff f9da 	bl	100048a8 <usbd_edpt_xfer>
100054f4:	2800      	cmp	r0, #0
100054f6:	d0f0      	beq.n	100054da <tu_edpt_stream_write_zlp_if_needed+0x46>
100054f8:	bdf8      	pop	{r3, r4, r5, r6, r7, pc}
100054fa:	bf00      	nop

100054fc <tu_edpt_stream_write_xfer>:
100054fc:	b570      	push	{r4, r5, r6, lr}
100054fe:	f101 0508 	add.w	r5, r1, #8
10005502:	4606      	mov	r6, r0
10005504:	4628      	mov	r0, r5
10005506:	460c      	mov	r4, r1
10005508:	f000 f8ca 	bl	100056a0 <tu_fifo_count>
1000550c:	b110      	cbz	r0, 10005514 <tu_edpt_stream_write_xfer+0x18>
1000550e:	7823      	ldrb	r3, [r4, #0]
10005510:	07d8      	lsls	r0, r3, #31
10005512:	d501      	bpl.n	10005518 <tu_edpt_stream_write_xfer+0x1c>
10005514:	2000      	movs	r0, #0
10005516:	bd70      	pop	{r4, r5, r6, pc}
10005518:	4630      	mov	r0, r6
1000551a:	7861      	ldrb	r1, [r4, #1]
1000551c:	f7ff f9a0 	bl	10004860 <usbd_edpt_claim>
10005520:	2800      	cmp	r0, #0
10005522:	d0f7      	beq.n	10005514 <tu_edpt_stream_write_xfer+0x18>
10005524:	4628      	mov	r0, r5
10005526:	8862      	ldrh	r2, [r4, #2]
10005528:	6861      	ldr	r1, [r4, #4]
1000552a:	f000 f92f 	bl	1000578c <tu_fifo_read_n>
1000552e:	7823      	ldrb	r3, [r4, #0]
10005530:	4605      	mov	r5, r0
10005532:	b148      	cbz	r0, 10005548 <tu_edpt_stream_write_xfer+0x4c>
10005534:	07d9      	lsls	r1, r3, #31
10005536:	d50e      	bpl.n	10005556 <tu_edpt_stream_write_xfer+0x5a>
10005538:	f04f 23e0 	mov.w	r3, #3758153728	@ 0xe000e000
1000553c:	f8d3 3df0 	ldr.w	r3, [r3, #3568]	@ 0xdf0
10005540:	07da      	lsls	r2, r3, #31
10005542:	d5e7      	bpl.n	10005514 <tu_edpt_stream_write_xfer+0x18>
10005544:	be00      	bkpt	0x0000
10005546:	e7e5      	b.n	10005514 <tu_edpt_stream_write_xfer+0x18>
10005548:	07db      	lsls	r3, r3, #31
1000554a:	d4e3      	bmi.n	10005514 <tu_edpt_stream_write_xfer+0x18>
1000554c:	4630      	mov	r0, r6
1000554e:	7861      	ldrb	r1, [r4, #1]
10005550:	f7ff f998 	bl	10004884 <usbd_edpt_release>
10005554:	e7de      	b.n	10005514 <tu_edpt_stream_write_xfer+0x18>
10005556:	4603      	mov	r3, r0
10005558:	6862      	ldr	r2, [r4, #4]
1000555a:	4630      	mov	r0, r6
1000555c:	7861      	ldrb	r1, [r4, #1]
1000555e:	f7ff f9a3 	bl	100048a8 <usbd_edpt_xfer>
10005562:	2800      	cmp	r0, #0
10005564:	d0e8      	beq.n	10005538 <tu_edpt_stream_write_xfer+0x3c>
10005566:	4628      	mov	r0, r5
10005568:	bd70      	pop	{r4, r5, r6, pc}
1000556a:	bf00      	nop

1000556c <tu_edpt_stream_read_xfer>:
1000556c:	898b      	ldrh	r3, [r1, #12]
1000556e:	e92d 41f0 	stmdb	sp!, {r4, r5, r6, r7, r8, lr}
10005572:	460c      	mov	r4, r1
10005574:	4606      	mov	r6, r0
10005576:	b993      	cbnz	r3, 1000559e <tu_edpt_stream_read_xfer+0x32>
10005578:	780b      	ldrb	r3, [r1, #0]
1000557a:	07df      	lsls	r7, r3, #31
1000557c:	d427      	bmi.n	100055ce <tu_edpt_stream_read_xfer+0x62>
1000557e:	7849      	ldrb	r1, [r1, #1]
10005580:	f7ff f96e 	bl	10004860 <usbd_edpt_claim>
10005584:	b318      	cbz	r0, 100055ce <tu_edpt_stream_read_xfer+0x62>
10005586:	7822      	ldrb	r2, [r4, #0]
10005588:	8863      	ldrh	r3, [r4, #2]
1000558a:	07d5      	lsls	r5, r2, #31
1000558c:	d541      	bpl.n	10005612 <tu_edpt_stream_read_xfer+0xa6>
1000558e:	f04f 23e0 	mov.w	r3, #3758153728	@ 0xe000e000
10005592:	f8d3 3df0 	ldr.w	r3, [r3, #3568]	@ 0xdf0
10005596:	07da      	lsls	r2, r3, #31
10005598:	d519      	bpl.n	100055ce <tu_edpt_stream_read_xfer+0x62>
1000559a:	be00      	bkpt	0x0000
1000559c:	e017      	b.n	100055ce <tu_edpt_stream_read_xfer+0x62>
1000559e:	460d      	mov	r5, r1
100055a0:	f64f 72c0 	movw	r2, #65472	@ 0xffc0
100055a4:	f815 3b08 	ldrb.w	r3, [r5], #8
100055a8:	f003 0302 	and.w	r3, r3, #2
100055ac:	2b00      	cmp	r3, #0
100055ae:	4628      	mov	r0, r5
100055b0:	bf0b      	itete	eq
100055b2:	4617      	moveq	r7, r2
100055b4:	f44f 477e 	movne.w	r7, #65024	@ 0xfe00
100055b8:	f04f 0840 	moveq.w	r8, #64	@ 0x40
100055bc:	f44f 7800 	movne.w	r8, #512	@ 0x200
100055c0:	f000 f888 	bl	100056d4 <tu_fifo_remaining>
100055c4:	4580      	cmp	r8, r0
100055c6:	d802      	bhi.n	100055ce <tu_edpt_stream_read_xfer+0x62>
100055c8:	7823      	ldrb	r3, [r4, #0]
100055ca:	07d8      	lsls	r0, r3, #31
100055cc:	d502      	bpl.n	100055d4 <tu_edpt_stream_read_xfer+0x68>
100055ce:	2000      	movs	r0, #0
100055d0:	e8bd 81f0 	ldmia.w	sp!, {r4, r5, r6, r7, r8, pc}
100055d4:	4630      	mov	r0, r6
100055d6:	7861      	ldrb	r1, [r4, #1]
100055d8:	f7ff f942 	bl	10004860 <usbd_edpt_claim>
100055dc:	2800      	cmp	r0, #0
100055de:	d0f6      	beq.n	100055ce <tu_edpt_stream_read_xfer+0x62>
100055e0:	4628      	mov	r0, r5
100055e2:	f000 f877 	bl	100056d4 <tu_fifo_remaining>
100055e6:	4580      	cmp	r8, r0
100055e8:	d81f      	bhi.n	1000562a <tu_edpt_stream_read_xfer+0xbe>
100055ea:	7823      	ldrb	r3, [r4, #0]
100055ec:	8862      	ldrh	r2, [r4, #2]
100055ee:	07d9      	lsls	r1, r3, #31
100055f0:	d4cd      	bmi.n	1000558e <tu_edpt_stream_read_xfer+0x22>
100055f2:	4038      	ands	r0, r7
100055f4:	4290      	cmp	r0, r2
100055f6:	bf28      	it	cs
100055f8:	4610      	movcs	r0, r2
100055fa:	7861      	ldrb	r1, [r4, #1]
100055fc:	4605      	mov	r5, r0
100055fe:	b1e0      	cbz	r0, 1000563a <tu_edpt_stream_read_xfer+0xce>
10005600:	6862      	ldr	r2, [r4, #4]
10005602:	462b      	mov	r3, r5
10005604:	4630      	mov	r0, r6
10005606:	f7ff f94f 	bl	100048a8 <usbd_edpt_xfer>
1000560a:	2800      	cmp	r0, #0
1000560c:	d0bf      	beq.n	1000558e <tu_edpt_stream_read_xfer+0x22>
1000560e:	4628      	mov	r0, r5
10005610:	e7de      	b.n	100055d0 <tu_edpt_stream_read_xfer+0x64>
10005612:	7861      	ldrb	r1, [r4, #1]
10005614:	b13b      	cbz	r3, 10005626 <tu_edpt_stream_read_xfer+0xba>
10005616:	6862      	ldr	r2, [r4, #4]
10005618:	4630      	mov	r0, r6
1000561a:	f7ff f945 	bl	100048a8 <usbd_edpt_xfer>
1000561e:	2800      	cmp	r0, #0
10005620:	d0b5      	beq.n	1000558e <tu_edpt_stream_read_xfer+0x22>
10005622:	8860      	ldrh	r0, [r4, #2]
10005624:	e7d4      	b.n	100055d0 <tu_edpt_stream_read_xfer+0x64>
10005626:	461a      	mov	r2, r3
10005628:	e7f6      	b.n	10005618 <tu_edpt_stream_read_xfer+0xac>
1000562a:	7823      	ldrb	r3, [r4, #0]
1000562c:	07db      	lsls	r3, r3, #31
1000562e:	d4ce      	bmi.n	100055ce <tu_edpt_stream_read_xfer+0x62>
10005630:	4630      	mov	r0, r6
10005632:	7861      	ldrb	r1, [r4, #1]
10005634:	f7ff f926 	bl	10004884 <usbd_edpt_release>
10005638:	e7c9      	b.n	100055ce <tu_edpt_stream_read_xfer+0x62>
1000563a:	4602      	mov	r2, r0
1000563c:	e7e1      	b.n	10005602 <tu_edpt_stream_read_xfer+0x96>
1000563e:	bf00      	nop

10005640 <tu_fifo_config>:
10005640:	e92d 41f0 	stmdb	sp!, {r4, r5, r6, r7, r8, lr}
10005644:	f5b2 4f00 	cmp.w	r2, #32768	@ 0x8000
10005648:	f89d 8018 	ldrb.w	r8, [sp, #24]
1000564c:	d824      	bhi.n	10005698 <tu_fifo_config+0x58>
1000564e:	4604      	mov	r4, r0
10005650:	68c0      	ldr	r0, [r0, #12]
10005652:	4617      	mov	r7, r2
10005654:	460e      	mov	r6, r1
10005656:	461d      	mov	r5, r3
10005658:	b118      	cbz	r0, 10005662 <tu_fifo_config+0x22>
1000565a:	f04f 31ff 	mov.w	r1, #4294967295	@ 0xffffffff
1000565e:	f000 fc57 	bl	10005f10 <__mutex_enter_timeout_ms_veneer>
10005662:	6920      	ldr	r0, [r4, #16]
10005664:	b118      	cbz	r0, 1000566e <tu_fifo_config+0x2e>
10005666:	f04f 31ff 	mov.w	r1, #4294967295	@ 0xffffffff
1000566a:	f000 fc51 	bl	10005f10 <__mutex_enter_timeout_ms_veneer>
1000566e:	2200      	movs	r2, #0
10005670:	f3c5 030e 	ubfx	r3, r5, #0, #15
10005674:	68e0      	ldr	r0, [r4, #12]
10005676:	ea43 33c8 	orr.w	r3, r3, r8, lsl #15
1000567a:	8162      	strh	r2, [r4, #10]
1000567c:	6026      	str	r6, [r4, #0]
1000567e:	80a7      	strh	r7, [r4, #4]
10005680:	80e3      	strh	r3, [r4, #6]
10005682:	8122      	strh	r2, [r4, #8]
10005684:	b108      	cbz	r0, 1000568a <tu_fifo_config+0x4a>
10005686:	f000 fc53 	bl	10005f30 <__mutex_exit_veneer>
1000568a:	6920      	ldr	r0, [r4, #16]
1000568c:	b108      	cbz	r0, 10005692 <tu_fifo_config+0x52>
1000568e:	f000 fc4f 	bl	10005f30 <__mutex_exit_veneer>
10005692:	2001      	movs	r0, #1
10005694:	e8bd 81f0 	ldmia.w	sp!, {r4, r5, r6, r7, r8, pc}
10005698:	2000      	movs	r0, #0
1000569a:	e8bd 81f0 	ldmia.w	sp!, {r4, r5, r6, r7, r8, pc}
1000569e:	bf00      	nop

100056a0 <tu_fifo_count>:
100056a0:	8903      	ldrh	r3, [r0, #8]
100056a2:	8942      	ldrh	r2, [r0, #10]
100056a4:	b29b      	uxth	r3, r3
100056a6:	b292      	uxth	r2, r2
100056a8:	8880      	ldrh	r0, [r0, #4]
100056aa:	4293      	cmp	r3, r2
100056ac:	bf36      	itet	cc
100056ae:	ebc2 0240 	rsbcc	r2, r2, r0, lsl #1
100056b2:	1a9b      	subcs	r3, r3, r2
100056b4:	189b      	addcc	r3, r3, r2
100056b6:	b29b      	uxth	r3, r3
100056b8:	4298      	cmp	r0, r3
100056ba:	bf28      	it	cs
100056bc:	4618      	movcs	r0, r3
100056be:	4770      	bx	lr

100056c0 <tu_fifo_empty>:
100056c0:	8902      	ldrh	r2, [r0, #8]
100056c2:	8943      	ldrh	r3, [r0, #10]
100056c4:	b290      	uxth	r0, r2
100056c6:	b29b      	uxth	r3, r3
100056c8:	1ac0      	subs	r0, r0, r3
100056ca:	fab0 f080 	clz	r0, r0
100056ce:	0940      	lsrs	r0, r0, #5
100056d0:	4770      	bx	lr
100056d2:	bf00      	nop

100056d4 <tu_fifo_remaining>:
100056d4:	8903      	ldrh	r3, [r0, #8]
100056d6:	8942      	ldrh	r2, [r0, #10]
100056d8:	b29b      	uxth	r3, r3
100056da:	8880      	ldrh	r0, [r0, #4]
100056dc:	b292      	uxth	r2, r2
100056de:	4293      	cmp	r3, r2
100056e0:	bf36      	itet	cc
100056e2:	ebc2 0240 	rsbcc	r2, r2, r0, lsl #1
100056e6:	1a9b      	subcs	r3, r3, r2
100056e8:	189b      	addcc	r3, r3, r2
100056ea:	b29b      	uxth	r3, r3
100056ec:	4298      	cmp	r0, r3
100056ee:	bf86      	itte	hi
100056f0:	1ac0      	subhi	r0, r0, r3
100056f2:	b280      	uxthhi	r0, r0
100056f4:	2000      	movls	r0, #0
100056f6:	4770      	bx	lr

100056f8 <tu_fifo_read>:
100056f8:	b538      	push	{r3, r4, r5, lr}
100056fa:	4604      	mov	r4, r0
100056fc:	6900      	ldr	r0, [r0, #16]
100056fe:	460d      	mov	r5, r1
10005700:	b118      	cbz	r0, 1000570a <tu_fifo_read+0x12>
10005702:	f04f 31ff 	mov.w	r1, #4294967295	@ 0xffffffff
10005706:	f000 fc03 	bl	10005f10 <__mutex_enter_timeout_ms_veneer>
1000570a:	8921      	ldrh	r1, [r4, #8]
1000570c:	8963      	ldrh	r3, [r4, #10]
1000570e:	b289      	uxth	r1, r1
10005710:	b29b      	uxth	r3, r3
10005712:	88a2      	ldrh	r2, [r4, #4]
10005714:	4299      	cmp	r1, r3
10005716:	bf36      	itet	cc
10005718:	ebc3 0042 	rsbcc	r0, r3, r2, lsl #1
1000571c:	1ac8      	subcs	r0, r1, r3
1000571e:	1840      	addcc	r0, r0, r1
10005720:	b280      	uxth	r0, r0
10005722:	b348      	cbz	r0, 10005778 <tu_fifo_read+0x80>
10005724:	4282      	cmp	r2, r0
10005726:	d209      	bcs.n	1000573c <tu_fifo_read+0x44>
10005728:	4291      	cmp	r1, r2
1000572a:	bf2c      	ite	cs
1000572c:	1a89      	subcs	r1, r1, r2
1000572e:	1889      	addcc	r1, r1, r2
10005730:	b28b      	uxth	r3, r1
10005732:	429a      	cmp	r2, r3
10005734:	8163      	strh	r3, [r4, #10]
10005736:	d803      	bhi.n	10005740 <tu_fifo_read+0x48>
10005738:	1a9b      	subs	r3, r3, r2
1000573a:	b29b      	uxth	r3, r3
1000573c:	429a      	cmp	r2, r3
1000573e:	d9fb      	bls.n	10005738 <tu_fifo_read+0x40>
10005740:	88e2      	ldrh	r2, [r4, #6]
10005742:	6821      	ldr	r1, [r4, #0]
10005744:	f3c2 020e 	ubfx	r2, r2, #0, #15
10005748:	fb02 1103 	mla	r1, r2, r3, r1
1000574c:	4628      	mov	r0, r5
1000574e:	f000 fae5 	bl	10005d1c <memcpy>
10005752:	8961      	ldrh	r1, [r4, #10]
10005754:	2501      	movs	r5, #1
10005756:	b289      	uxth	r1, r1
10005758:	1c4b      	adds	r3, r1, #1
1000575a:	b29b      	uxth	r3, r3
1000575c:	4299      	cmp	r1, r3
1000575e:	88a2      	ldrh	r2, [r4, #4]
10005760:	d90d      	bls.n	1000577e <tu_fifo_read+0x86>
10005762:	fa02 f105 	lsl.w	r1, r2, r5
10005766:	1a5b      	subs	r3, r3, r1
10005768:	b29b      	uxth	r3, r3
1000576a:	6920      	ldr	r0, [r4, #16]
1000576c:	8163      	strh	r3, [r4, #10]
1000576e:	b108      	cbz	r0, 10005774 <tu_fifo_read+0x7c>
10005770:	f000 fbde 	bl	10005f30 <__mutex_exit_veneer>
10005774:	4628      	mov	r0, r5
10005776:	bd38      	pop	{r3, r4, r5, pc}
10005778:	4605      	mov	r5, r0
1000577a:	8963      	ldrh	r3, [r4, #10]
1000577c:	b29b      	uxth	r3, r3
1000577e:	ebb3 0f42 	cmp.w	r3, r2, lsl #1
10005782:	ea4f 0142 	mov.w	r1, r2, lsl #1
10005786:	dbf0      	blt.n	1000576a <tu_fifo_read+0x72>
10005788:	e7ed      	b.n	10005766 <tu_fifo_read+0x6e>
1000578a:	bf00      	nop

1000578c <tu_fifo_read_n>:
1000578c:	e92d 47f0 	stmdb	sp!, {r4, r5, r6, r7, r8, r9, sl, lr}
10005790:	4606      	mov	r6, r0
10005792:	6900      	ldr	r0, [r0, #16]
10005794:	4688      	mov	r8, r1
10005796:	4691      	mov	r9, r2
10005798:	b118      	cbz	r0, 100057a2 <tu_fifo_read_n+0x16>
1000579a:	f04f 31ff 	mov.w	r1, #4294967295	@ 0xffffffff
1000579e:	f000 fbb7 	bl	10005f10 <__mutex_enter_timeout_ms_veneer>
100057a2:	8933      	ldrh	r3, [r6, #8]
100057a4:	8974      	ldrh	r4, [r6, #10]
100057a6:	b29b      	uxth	r3, r3
100057a8:	b2a4      	uxth	r4, r4
100057aa:	88b5      	ldrh	r5, [r6, #4]
100057ac:	42a3      	cmp	r3, r4
100057ae:	bf36      	itet	cc
100057b0:	ebc4 0745 	rsbcc	r7, r4, r5, lsl #1
100057b4:	1b1f      	subcs	r7, r3, r4
100057b6:	18ff      	addcc	r7, r7, r3
100057b8:	b2bf      	uxth	r7, r7
100057ba:	2f00      	cmp	r7, #0
100057bc:	d04a      	beq.n	10005854 <tu_fifo_read_n+0xc8>
100057be:	42bd      	cmp	r5, r7
100057c0:	d340      	bcc.n	10005844 <tu_fifo_read_n+0xb8>
100057c2:	45b9      	cmp	r9, r7
100057c4:	bf28      	it	cs
100057c6:	46b9      	movcs	r9, r7
100057c8:	42a5      	cmp	r5, r4
100057ca:	fa1f f789 	uxth.w	r7, r9
100057ce:	d803      	bhi.n	100057d8 <tu_fifo_read_n+0x4c>
100057d0:	1b64      	subs	r4, r4, r5
100057d2:	b2a4      	uxth	r4, r4
100057d4:	42a5      	cmp	r5, r4
100057d6:	d9fb      	bls.n	100057d0 <tu_fifo_read_n+0x44>
100057d8:	f8b6 a006 	ldrh.w	sl, [r6, #6]
100057dc:	1b2b      	subs	r3, r5, r4
100057de:	6831      	ldr	r1, [r6, #0]
100057e0:	b29b      	uxth	r3, r3
100057e2:	f3ca 020e 	ubfx	r2, sl, #0, #15
100057e6:	429f      	cmp	r7, r3
100057e8:	4692      	mov	sl, r2
100057ea:	fb02 1104 	mla	r1, r2, r4, r1
100057ee:	d923      	bls.n	10005838 <tu_fifo_read_n+0xac>
100057f0:	fb13 f302 	smulbb	r3, r3, r2
100057f4:	fa1f f983 	uxth.w	r9, r3
100057f8:	464a      	mov	r2, r9
100057fa:	4640      	mov	r0, r8
100057fc:	1b7d      	subs	r5, r7, r5
100057fe:	f000 fa8d 	bl	10005d1c <memcpy>
10005802:	1962      	adds	r2, r4, r5
10005804:	fb12 f20a 	smulbb	r2, r2, sl
10005808:	6831      	ldr	r1, [r6, #0]
1000580a:	eb08 0009 	add.w	r0, r8, r9
1000580e:	b292      	uxth	r2, r2
10005810:	f000 fa84 	bl	10005d1c <memcpy>
10005814:	8972      	ldrh	r2, [r6, #10]
10005816:	88b5      	ldrh	r5, [r6, #4]
10005818:	b292      	uxth	r2, r2
1000581a:	19d3      	adds	r3, r2, r7
1000581c:	b29b      	uxth	r3, r3
1000581e:	429a      	cmp	r2, r3
10005820:	d91a      	bls.n	10005858 <tu_fifo_read_n+0xcc>
10005822:	006a      	lsls	r2, r5, #1
10005824:	1a9b      	subs	r3, r3, r2
10005826:	b29b      	uxth	r3, r3
10005828:	6930      	ldr	r0, [r6, #16]
1000582a:	8173      	strh	r3, [r6, #10]
1000582c:	b108      	cbz	r0, 10005832 <tu_fifo_read_n+0xa6>
1000582e:	f000 fb7f 	bl	10005f30 <__mutex_exit_veneer>
10005832:	4638      	mov	r0, r7
10005834:	e8bd 87f0 	ldmia.w	sp!, {r4, r5, r6, r7, r8, r9, sl, pc}
10005838:	4640      	mov	r0, r8
1000583a:	fb07 f202 	mul.w	r2, r7, r2
1000583e:	f000 fa6d 	bl	10005d1c <memcpy>
10005842:	e7e7      	b.n	10005814 <tu_fifo_read_n+0x88>
10005844:	42ab      	cmp	r3, r5
10005846:	bf2c      	ite	cs
10005848:	1b5b      	subcs	r3, r3, r5
1000584a:	195b      	addcc	r3, r3, r5
1000584c:	b29c      	uxth	r4, r3
1000584e:	462f      	mov	r7, r5
10005850:	8174      	strh	r4, [r6, #10]
10005852:	e7b6      	b.n	100057c2 <tu_fifo_read_n+0x36>
10005854:	8973      	ldrh	r3, [r6, #10]
10005856:	b29b      	uxth	r3, r3
10005858:	ebb3 0f45 	cmp.w	r3, r5, lsl #1
1000585c:	ea4f 0245 	mov.w	r2, r5, lsl #1
10005860:	dbe2      	blt.n	10005828 <tu_fifo_read_n+0x9c>
10005862:	e7df      	b.n	10005824 <tu_fifo_read_n+0x98>

10005864 <tu_fifo_write>:
10005864:	b5f8      	push	{r3, r4, r5, r6, r7, lr}
10005866:	4604      	mov	r4, r0
10005868:	68c0      	ldr	r0, [r0, #12]
1000586a:	460e      	mov	r6, r1
1000586c:	b118      	cbz	r0, 10005876 <tu_fifo_write+0x12>
1000586e:	f04f 31ff 	mov.w	r1, #4294967295	@ 0xffffffff
10005872:	f000 fb4d 	bl	10005f10 <__mutex_enter_timeout_ms_veneer>
10005876:	8925      	ldrh	r5, [r4, #8]
10005878:	8923      	ldrh	r3, [r4, #8]
1000587a:	8961      	ldrh	r1, [r4, #10]
1000587c:	b29b      	uxth	r3, r3
1000587e:	b289      	uxth	r1, r1
10005880:	88a2      	ldrh	r2, [r4, #4]
10005882:	428b      	cmp	r3, r1
10005884:	bf36      	itet	cc
10005886:	ebc1 0142 	rsbcc	r1, r1, r2, lsl #1
1000588a:	1a5b      	subcs	r3, r3, r1
1000588c:	185b      	addcc	r3, r3, r1
1000588e:	b29b      	uxth	r3, r3
10005890:	429a      	cmp	r2, r3
10005892:	b2ad      	uxth	r5, r5
10005894:	d808      	bhi.n	100058a8 <tu_fifo_write+0x44>
10005896:	79e7      	ldrb	r7, [r4, #7]
10005898:	09ff      	lsrs	r7, r7, #7
1000589a:	d105      	bne.n	100058a8 <tu_fifo_write+0x44>
1000589c:	68e0      	ldr	r0, [r4, #12]
1000589e:	b108      	cbz	r0, 100058a4 <tu_fifo_write+0x40>
100058a0:	f000 fb46 	bl	10005f30 <__mutex_exit_veneer>
100058a4:	4638      	mov	r0, r7
100058a6:	bdf8      	pop	{r3, r4, r5, r6, r7, pc}
100058a8:	4295      	cmp	r5, r2
100058aa:	462b      	mov	r3, r5
100058ac:	d303      	bcc.n	100058b6 <tu_fifo_write+0x52>
100058ae:	1a9b      	subs	r3, r3, r2
100058b0:	b29b      	uxth	r3, r3
100058b2:	4293      	cmp	r3, r2
100058b4:	d2fb      	bcs.n	100058ae <tu_fifo_write+0x4a>
100058b6:	88e2      	ldrh	r2, [r4, #6]
100058b8:	6820      	ldr	r0, [r4, #0]
100058ba:	f3c2 020e 	ubfx	r2, r2, #0, #15
100058be:	fb02 0003 	mla	r0, r2, r3, r0
100058c2:	4631      	mov	r1, r6
100058c4:	f000 fa2a 	bl	10005d1c <memcpy>
100058c8:	1c6b      	adds	r3, r5, #1
100058ca:	88a2      	ldrh	r2, [r4, #4]
100058cc:	b29b      	uxth	r3, r3
100058ce:	429d      	cmp	r5, r3
100058d0:	ea4f 0142 	mov.w	r1, r2, lsl #1
100058d4:	d904      	bls.n	100058e0 <tu_fifo_write+0x7c>
100058d6:	1a5b      	subs	r3, r3, r1
100058d8:	b29b      	uxth	r3, r3
100058da:	2701      	movs	r7, #1
100058dc:	8123      	strh	r3, [r4, #8]
100058de:	e7dd      	b.n	1000589c <tu_fifo_write+0x38>
100058e0:	ebb3 0f42 	cmp.w	r3, r2, lsl #1
100058e4:	dbf9      	blt.n	100058da <tu_fifo_write+0x76>
100058e6:	e7f6      	b.n	100058d6 <tu_fifo_write+0x72>

100058e8 <tu_fifo_write_n>:
100058e8:	e92d 4ff0 	stmdb	sp!, {r4, r5, r6, r7, r8, r9, sl, fp, lr}
100058ec:	4614      	mov	r4, r2
100058ee:	b083      	sub	sp, #12
100058f0:	2a00      	cmp	r2, #0
100058f2:	d068      	beq.n	100059c6 <tu_fifo_write_n+0xde>
100058f4:	4606      	mov	r6, r0
100058f6:	68c0      	ldr	r0, [r0, #12]
100058f8:	4689      	mov	r9, r1
100058fa:	b118      	cbz	r0, 10005904 <tu_fifo_write_n+0x1c>
100058fc:	f04f 31ff 	mov.w	r1, #4294967295	@ 0xffffffff
10005900:	f000 fb06 	bl	10005f10 <__mutex_enter_timeout_ms_veneer>
10005904:	79f2      	ldrb	r2, [r6, #7]
10005906:	8937      	ldrh	r7, [r6, #8]
10005908:	8973      	ldrh	r3, [r6, #10]
1000590a:	09d2      	lsrs	r2, r2, #7
1000590c:	b2bf      	uxth	r7, r7
1000590e:	b29b      	uxth	r3, r3
10005910:	d13b      	bne.n	1000598a <tu_fifo_write_n+0xa2>
10005912:	88b1      	ldrh	r1, [r6, #4]
10005914:	429f      	cmp	r7, r3
10005916:	bf36      	itet	cc
10005918:	ebc3 0341 	rsbcc	r3, r3, r1, lsl #1
1000591c:	1afb      	subcs	r3, r7, r3
1000591e:	19db      	addcc	r3, r3, r7
10005920:	b29b      	uxth	r3, r3
10005922:	4299      	cmp	r1, r3
10005924:	d954      	bls.n	100059d0 <tu_fifo_write_n+0xe8>
10005926:	1acb      	subs	r3, r1, r3
10005928:	b29b      	uxth	r3, r3
1000592a:	42a3      	cmp	r3, r4
1000592c:	bf28      	it	cs
1000592e:	4623      	movcs	r3, r4
10005930:	f8b6 b006 	ldrh.w	fp, [r6, #6]
10005934:	eb07 0a03 	add.w	sl, r7, r3
10005938:	4698      	mov	r8, r3
1000593a:	1a5b      	subs	r3, r3, r1
1000593c:	f3cb 0b0e 	ubfx	fp, fp, #0, #15
10005940:	fa1f fa8a 	uxth.w	sl, sl
10005944:	b29b      	uxth	r3, r3
10005946:	428f      	cmp	r7, r1
10005948:	463c      	mov	r4, r7
1000594a:	d303      	bcc.n	10005954 <tu_fifo_write_n+0x6c>
1000594c:	1a64      	subs	r4, r4, r1
1000594e:	b2a4      	uxth	r4, r4
10005950:	428c      	cmp	r4, r1
10005952:	d2fb      	bcs.n	1000594c <tu_fifo_write_n+0x64>
10005954:	1b09      	subs	r1, r1, r4
10005956:	6830      	ldr	r0, [r6, #0]
10005958:	b289      	uxth	r1, r1
1000595a:	4541      	cmp	r1, r8
1000595c:	fb0b 0004 	mla	r0, fp, r4, r0
10005960:	d354      	bcc.n	10005a0c <tu_fifo_write_n+0x124>
10005962:	4649      	mov	r1, r9
10005964:	fb0b f208 	mul.w	r2, fp, r8
10005968:	f000 f9d8 	bl	10005d1c <memcpy>
1000596c:	88b2      	ldrh	r2, [r6, #4]
1000596e:	4557      	cmp	r7, sl
10005970:	ea4f 0342 	mov.w	r3, r2, lsl #1
10005974:	d802      	bhi.n	1000597c <tu_fifo_write_n+0x94>
10005976:	ebba 0f42 	cmp.w	sl, r2, lsl #1
1000597a:	db03      	blt.n	10005984 <tu_fifo_write_n+0x9c>
1000597c:	ebaa 0303 	sub.w	r3, sl, r3
10005980:	fa1f fa83 	uxth.w	sl, r3
10005984:	f8a6 a008 	strh.w	sl, [r6, #8]
10005988:	e024      	b.n	100059d4 <tu_fifo_write_n+0xec>
1000598a:	f8b6 8004 	ldrh.w	r8, [r6, #4]
1000598e:	4544      	cmp	r4, r8
10005990:	d229      	bcs.n	100059e6 <tu_fifo_write_n+0xfe>
10005992:	429f      	cmp	r7, r3
10005994:	bf36      	itet	cc
10005996:	ebc3 0248 	rsbcc	r2, r3, r8, lsl #1
1000599a:	1afa      	subcs	r2, r7, r3
1000599c:	19d2      	addcc	r2, r2, r7
1000599e:	b292      	uxth	r2, r2
100059a0:	ea4f 0148 	mov.w	r1, r8, lsl #1
100059a4:	4422      	add	r2, r4
100059a6:	428a      	cmp	r2, r1
100059a8:	da43      	bge.n	10005a32 <tu_fifo_write_n+0x14a>
100059aa:	f8b6 b006 	ldrh.w	fp, [r6, #6]
100059ae:	eba4 0308 	sub.w	r3, r4, r8
100059b2:	eb04 0a07 	add.w	sl, r4, r7
100059b6:	4641      	mov	r1, r8
100059b8:	f3cb 0b0e 	ubfx	fp, fp, #0, #15
100059bc:	46a0      	mov	r8, r4
100059be:	b29b      	uxth	r3, r3
100059c0:	fa1f fa8a 	uxth.w	sl, sl
100059c4:	e7bf      	b.n	10005946 <tu_fifo_write_n+0x5e>
100059c6:	4690      	mov	r8, r2
100059c8:	4640      	mov	r0, r8
100059ca:	b003      	add	sp, #12
100059cc:	e8bd 8ff0 	ldmia.w	sp!, {r4, r5, r6, r7, r8, r9, sl, fp, pc}
100059d0:	f04f 0800 	mov.w	r8, #0
100059d4:	68f0      	ldr	r0, [r6, #12]
100059d6:	2800      	cmp	r0, #0
100059d8:	d0f6      	beq.n	100059c8 <tu_fifo_write_n+0xe0>
100059da:	f000 faa9 	bl	10005f30 <__mutex_exit_veneer>
100059de:	4640      	mov	r0, r8
100059e0:	b003      	add	sp, #12
100059e2:	e8bd 8ff0 	ldmia.w	sp!, {r4, r5, r6, r7, r8, r9, sl, fp, pc}
100059e6:	f1b8 0f00 	cmp.w	r8, #0
100059ea:	d0f3      	beq.n	100059d4 <tu_fifo_write_n+0xec>
100059ec:	f8b6 b006 	ldrh.w	fp, [r6, #6]
100059f0:	eb03 0a08 	add.w	sl, r3, r8
100059f4:	eba4 0408 	sub.w	r4, r4, r8
100059f8:	f3cb 0b0e 	ubfx	fp, fp, #0, #15
100059fc:	461f      	mov	r7, r3
100059fe:	4641      	mov	r1, r8
10005a00:	2300      	movs	r3, #0
10005a02:	fb0b 9904 	mla	r9, fp, r4, r9
10005a06:	fa1f fa8a 	uxth.w	sl, sl
10005a0a:	e79c      	b.n	10005946 <tu_fifo_write_n+0x5e>
10005a0c:	fb11 f10b 	smulbb	r1, r1, fp
10005a10:	b28d      	uxth	r5, r1
10005a12:	462a      	mov	r2, r5
10005a14:	4649      	mov	r1, r9
10005a16:	9301      	str	r3, [sp, #4]
10005a18:	f000 f980 	bl	10005d1c <memcpy>
10005a1c:	9b01      	ldr	r3, [sp, #4]
10005a1e:	6830      	ldr	r0, [r6, #0]
10005a20:	441c      	add	r4, r3
10005a22:	fb14 f40b 	smulbb	r4, r4, fp
10005a26:	eb09 0105 	add.w	r1, r9, r5
10005a2a:	b2a2      	uxth	r2, r4
10005a2c:	f000 f976 	bl	10005d1c <memcpy>
10005a30:	e79c      	b.n	1000596c <tu_fifo_write_n+0x84>
10005a32:	eb03 0a08 	add.w	sl, r3, r8
10005a36:	fa1f fa8a 	uxth.w	sl, sl
10005a3a:	ebaa 0704 	sub.w	r7, sl, r4
10005a3e:	b2bf      	uxth	r7, r7
10005a40:	42bb      	cmp	r3, r7
10005a42:	d80b      	bhi.n	10005a5c <tu_fifo_write_n+0x174>
10005a44:	42b9      	cmp	r1, r7
10005a46:	dd09      	ble.n	10005a5c <tu_fifo_write_n+0x174>
10005a48:	f8b6 b006 	ldrh.w	fp, [r6, #6]
10005a4c:	eba4 0308 	sub.w	r3, r4, r8
10005a50:	4641      	mov	r1, r8
10005a52:	f3cb 0b0e 	ubfx	fp, fp, #0, #15
10005a56:	46a0      	mov	r8, r4
10005a58:	b29b      	uxth	r3, r3
10005a5a:	e774      	b.n	10005946 <tu_fifo_write_n+0x5e>
10005a5c:	1a79      	subs	r1, r7, r1
10005a5e:	b28f      	uxth	r7, r1
10005a60:	f8b6 b006 	ldrh.w	fp, [r6, #6]
10005a64:	eba4 0308 	sub.w	r3, r4, r8
10005a68:	4641      	mov	r1, r8
10005a6a:	46a0      	mov	r8, r4
10005a6c:	443c      	add	r4, r7
10005a6e:	b29b      	uxth	r3, r3
10005a70:	fa1f fa84 	uxth.w	sl, r4
10005a74:	f3cb 0b0e 	ubfx	fp, fp, #0, #15
10005a78:	e765      	b.n	10005946 <tu_fifo_write_n+0x5e>
10005a7a:	bf00      	nop

10005a7c <tu_fifo_clear>:
10005a7c:	b510      	push	{r4, lr}
10005a7e:	4604      	mov	r4, r0
10005a80:	68c0      	ldr	r0, [r0, #12]
10005a82:	b118      	cbz	r0, 10005a8c <tu_fifo_clear+0x10>
10005a84:	f04f 31ff 	mov.w	r1, #4294967295	@ 0xffffffff
10005a88:	f000 fa42 	bl	10005f10 <__mutex_enter_timeout_ms_veneer>
10005a8c:	6920      	ldr	r0, [r4, #16]
10005a8e:	b118      	cbz	r0, 10005a98 <tu_fifo_clear+0x1c>
10005a90:	f04f 31ff 	mov.w	r1, #4294967295	@ 0xffffffff
10005a94:	f000 fa3c 	bl	10005f10 <__mutex_enter_timeout_ms_veneer>
10005a98:	2300      	movs	r3, #0
10005a9a:	68e0      	ldr	r0, [r4, #12]
10005a9c:	8163      	strh	r3, [r4, #10]
10005a9e:	8123      	strh	r3, [r4, #8]
10005aa0:	b108      	cbz	r0, 10005aa6 <tu_fifo_clear+0x2a>
10005aa2:	f000 fa45 	bl	10005f30 <__mutex_exit_veneer>
10005aa6:	6920      	ldr	r0, [r4, #16]
10005aa8:	b108      	cbz	r0, 10005aae <tu_fifo_clear+0x32>
10005aaa:	f000 fa41 	bl	10005f30 <__mutex_exit_veneer>
10005aae:	2001      	movs	r0, #1
10005ab0:	bd10      	pop	{r4, pc}
10005ab2:	bf00      	nop

10005ab4 <tu_fifo_set_overwritable>:
10005ab4:	b538      	push	{r3, r4, r5, lr}
10005ab6:	4604      	mov	r4, r0
10005ab8:	68c0      	ldr	r0, [r0, #12]
10005aba:	460d      	mov	r5, r1
10005abc:	b118      	cbz	r0, 10005ac6 <tu_fifo_set_overwritable+0x12>
10005abe:	f04f 31ff 	mov.w	r1, #4294967295	@ 0xffffffff
10005ac2:	f000 fa25 	bl	10005f10 <__mutex_enter_timeout_ms_veneer>
10005ac6:	6920      	ldr	r0, [r4, #16]
10005ac8:	b118      	cbz	r0, 10005ad2 <tu_fifo_set_overwritable+0x1e>
10005aca:	f04f 31ff 	mov.w	r1, #4294967295	@ 0xffffffff
10005ace:	f000 fa1f 	bl	10005f10 <__mutex_enter_timeout_ms_veneer>
10005ad2:	79e3      	ldrb	r3, [r4, #7]
10005ad4:	68e0      	ldr	r0, [r4, #12]
10005ad6:	f365 13c7 	bfi	r3, r5, #7, #1
10005ada:	71e3      	strb	r3, [r4, #7]
10005adc:	b108      	cbz	r0, 10005ae2 <tu_fifo_set_overwritable+0x2e>
10005ade:	f000 fa27 	bl	10005f30 <__mutex_exit_veneer>
10005ae2:	6920      	ldr	r0, [r4, #16]
10005ae4:	b108      	cbz	r0, 10005aea <tu_fifo_set_overwritable+0x36>
10005ae6:	f000 fa23 	bl	10005f30 <__mutex_exit_veneer>
10005aea:	2001      	movs	r0, #1
10005aec:	bd38      	pop	{r3, r4, r5, pc}
10005aee:	bf00      	nop

10005af0 <pio_add_program>:
10005af0:	e92d 47f0 	stmdb	sp!, {r4, r5, r6, r7, r8, r9, sl, lr}
10005af4:	4689      	mov	r9, r1
10005af6:	4605      	mov	r5, r0
10005af8:	f7fa fc84 	bl	10000404 <hw_claim_lock>
10005afc:	2301      	movs	r3, #1
10005afe:	f899 2004 	ldrb.w	r2, [r9, #4]
10005b02:	f999 c005 	ldrsb.w	ip, [r9, #5]
10005b06:	f105 4e2f 	add.w	lr, r5, #2936012800	@ 0xaf000000
10005b0a:	f8df 80d8 	ldr.w	r8, [pc, #216]	@ 10005be4 <pio_add_program+0xf4>
10005b0e:	f50e 0e60 	add.w	lr, lr, #14680064	@ 0xe00000
10005b12:	4093      	lsls	r3, r2
10005b14:	ea4f 5e1e 	mov.w	lr, lr, lsr #20
10005b18:	f1bc 0f00 	cmp.w	ip, #0
10005b1c:	f858 702e 	ldr.w	r7, [r8, lr, lsl #2]
10005b20:	f103 33ff 	add.w	r3, r3, #4294967295	@ 0xffffffff
10005b24:	db46      	blt.n	10005bb4 <pio_add_program+0xc4>
10005b26:	f1c2 0120 	rsb	r1, r2, #32
10005b2a:	458c      	cmp	ip, r1
10005b2c:	4664      	mov	r4, ip
10005b2e:	dc31      	bgt.n	10005b94 <pio_add_program+0xa4>
10005b30:	fa03 f10c 	lsl.w	r1, r3, ip
10005b34:	4239      	tst	r1, r7
10005b36:	d12d      	bne.n	10005b94 <pio_add_program+0xa4>
10005b38:	4666      	mov	r6, ip
10005b3a:	f8d5 a168 	ldr.w	sl, [r5, #360]	@ 0x168
10005b3e:	f899 1007 	ldrb.w	r1, [r9, #7]
10005b42:	f1ba 0f00 	cmp.w	sl, #0
10005b46:	d02c      	beq.n	10005ba2 <pio_add_program+0xb2>
10005b48:	07c9      	lsls	r1, r1, #31
10005b4a:	d42c      	bmi.n	10005ba6 <pio_add_program+0xb6>
10005b4c:	f1bc 0f00 	cmp.w	ip, #0
10005b50:	db01      	blt.n	10005b56 <pio_add_program+0x66>
10005b52:	4566      	cmp	r6, ip
10005b54:	d127      	bne.n	10005ba6 <pio_add_program+0xb6>
10005b56:	40b3      	lsls	r3, r6
10005b58:	421f      	tst	r7, r3
10005b5a:	d13c      	bne.n	10005bd6 <pio_add_program+0xe6>
10005b5c:	f8d9 1000 	ldr.w	r1, [r9]
10005b60:	b182      	cbz	r2, 10005b84 <pio_add_program+0x94>
10005b62:	46b4      	mov	ip, r6
10005b64:	eb01 0942 	add.w	r9, r1, r2, lsl #1
10005b68:	f831 2b02 	ldrh.w	r2, [r1], #2
10005b6c:	f10c 0a12 	add.w	sl, ip, #18
10005b70:	f5b2 5f00 	cmp.w	r2, #8192	@ 0x2000
10005b74:	bf38      	it	cc
10005b76:	1992      	addcc	r2, r2, r6
10005b78:	4589      	cmp	r9, r1
10005b7a:	f10c 0c01 	add.w	ip, ip, #1
10005b7e:	f845 202a 	str.w	r2, [r5, sl, lsl #2]
10005b82:	d1f1      	bne.n	10005b68 <pio_add_program+0x78>
10005b84:	433b      	orrs	r3, r7
10005b86:	f848 302e 	str.w	r3, [r8, lr, lsl #2]
10005b8a:	f7fa fc4d 	bl	10000428 <hw_claim_unlock>
10005b8e:	4620      	mov	r0, r4
10005b90:	e8bd 87f0 	ldmia.w	sp!, {r4, r5, r6, r7, r8, r9, sl, pc}
10005b94:	f04f 34ff 	mov.w	r4, #4294967295	@ 0xffffffff
10005b98:	f7fa fc46 	bl	10000428 <hw_claim_unlock>
10005b9c:	4620      	mov	r0, r4
10005b9e:	e8bd 87f0 	ldmia.w	sp!, {r4, r5, r6, r7, r8, r9, sl, pc}
10005ba2:	0749      	lsls	r1, r1, #29
10005ba4:	d5d2      	bpl.n	10005b4c <pio_add_program+0x5c>
10005ba6:	f06f 040a 	mvn.w	r4, #10
10005baa:	f7fa fc3d 	bl	10000428 <hw_claim_unlock>
10005bae:	4620      	mov	r0, r4
10005bb0:	e8bd 87f0 	ldmia.w	sp!, {r4, r5, r6, r7, r8, r9, sl, pc}
10005bb4:	f1d2 0420 	rsbs	r4, r2, #32
10005bb8:	d40d      	bmi.n	10005bd6 <pio_add_program+0xe6>
10005bba:	fa03 f104 	lsl.w	r1, r3, r4
10005bbe:	4239      	tst	r1, r7
10005bc0:	4626      	mov	r6, r4
10005bc2:	d103      	bne.n	10005bcc <pio_add_program+0xdc>
10005bc4:	e7b9      	b.n	10005b3a <pio_add_program+0x4a>
10005bc6:	4239      	tst	r1, r7
10005bc8:	4626      	mov	r6, r4
10005bca:	d0b6      	beq.n	10005b3a <pio_add_program+0x4a>
10005bcc:	3c01      	subs	r4, #1
10005bce:	1c66      	adds	r6, r4, #1
10005bd0:	fa03 f104 	lsl.w	r1, r3, r4
10005bd4:	d1f7      	bne.n	10005bc6 <pio_add_program+0xd6>
10005bd6:	f06f 0408 	mvn.w	r4, #8
10005bda:	f7fa fc25 	bl	10000428 <hw_claim_unlock>
10005bde:	4620      	mov	r0, r4
10005be0:	e8bd 87f0 	ldmia.w	sp!, {r4, r5, r6, r7, r8, r9, sl, pc}
10005be4:	20001b8c 	.word	0x20001b8c

10005be8 <pio_sm_set_consecutive_pindirs>:
10005be8:	e92d 41f0 	stmdb	sp!, {r4, r5, r6, r7, r8, lr}
10005bec:	f8d0 4168 	ldr.w	r4, [r0, #360]	@ 0x168
10005bf0:	f89d 6018 	ldrb.w	r6, [sp, #24]
10005bf4:	1b12      	subs	r2, r2, r4
10005bf6:	2a1f      	cmp	r2, #31
10005bf8:	d838      	bhi.n	10005c6c <pio_sm_set_consecutive_pindirs+0x84>
10005bfa:	f24e 049f 	movw	r4, #57503	@ 0xe09f
10005bfe:	f24e 0580 	movw	r5, #57472	@ 0xe080
10005c02:	f44f 3800 	mov.w	r8, #131072	@ 0x20000
10005c06:	eb01 0c41 	add.w	ip, r1, r1, lsl #1
10005c0a:	2e00      	cmp	r6, #0
10005c0c:	bf18      	it	ne
10005c0e:	4625      	movne	r5, r4
10005c10:	eb00 04cc 	add.w	r4, r0, ip, lsl #3
10005c14:	f504 5443 	add.w	r4, r4, #12480	@ 0x30c0
10005c18:	eb00 0ccc 	add.w	ip, r0, ip, lsl #3
10005c1c:	2b05      	cmp	r3, #5
10005c1e:	f8dc 70dc 	ldr.w	r7, [ip, #220]	@ 0xdc
10005c22:	ea4f 0e41 	mov.w	lr, r1, lsl #1
10005c26:	f8dc 60cc 	ldr.w	r6, [ip, #204]	@ 0xcc
10005c2a:	f8c4 800c 	str.w	r8, [r4, #12]
10005c2e:	d90c      	bls.n	10005c4a <pio_sm_set_consecutive_pindirs+0x62>
10005c30:	0154      	lsls	r4, r2, #5
10005c32:	3b05      	subs	r3, #5
10005c34:	f044 54a0 	orr.w	r4, r4, #335544320	@ 0x14000000
10005c38:	3205      	adds	r2, #5
10005c3a:	2b05      	cmp	r3, #5
10005c3c:	f8cc 40dc 	str.w	r4, [ip, #220]	@ 0xdc
10005c40:	f002 021f 	and.w	r2, r2, #31
10005c44:	f8cc 50d8 	str.w	r5, [ip, #216]	@ 0xd8
10005c48:	d8f2      	bhi.n	10005c30 <pio_sm_set_consecutive_pindirs+0x48>
10005c4a:	4471      	add	r1, lr
10005c4c:	eb00 01c1 	add.w	r1, r0, r1, lsl #3
10005c50:	2000      	movs	r0, #0
10005c52:	0152      	lsls	r2, r2, #5
10005c54:	ea42 6383 	orr.w	r3, r2, r3, lsl #26
10005c58:	f8c1 30dc 	str.w	r3, [r1, #220]	@ 0xdc
10005c5c:	f8c1 50d8 	str.w	r5, [r1, #216]	@ 0xd8
10005c60:	f8c1 70dc 	str.w	r7, [r1, #220]	@ 0xdc
10005c64:	f8c1 60cc 	str.w	r6, [r1, #204]	@ 0xcc
10005c68:	e8bd 81f0 	ldmia.w	sp!, {r4, r5, r6, r7, r8, pc}
10005c6c:	f06f 0004 	mvn.w	r0, #4
10005c70:	e7fa      	b.n	10005c68 <pio_sm_set_consecutive_pindirs+0x80>
10005c72:	bf00      	nop

10005c74 <pio_sm_init>:
10005c74:	b5f0      	push	{r4, r5, r6, r7, lr}
10005c76:	2501      	movs	r5, #1
10005c78:	6804      	ldr	r4, [r0, #0]
10005c7a:	408d      	lsls	r5, r1
10005c7c:	ea24 0405 	bic.w	r4, r4, r5
10005c80:	6004      	str	r4, [r0, #0]
10005c82:	b3b3      	cbz	r3, 10005cf2 <pio_sm_init+0x7e>
10005c84:	e9d3 5601 	ldrd	r5, r6, [r3, #4]
10005c88:	681f      	ldr	r7, [r3, #0]
10005c8a:	68dc      	ldr	r4, [r3, #12]
10005c8c:	eb01 0341 	add.w	r3, r1, r1, lsl #1
10005c90:	eb00 03c3 	add.w	r3, r0, r3, lsl #3
10005c94:	f8c3 70c8 	str.w	r7, [r3, #200]	@ 0xc8
10005c98:	ea4f 0c41 	mov.w	ip, r1, lsl #1
10005c9c:	f8c3 60d0 	str.w	r6, [r3, #208]	@ 0xd0
10005ca0:	f8c3 50cc 	str.w	r5, [r3, #204]	@ 0xcc
10005ca4:	f8c3 40dc 	str.w	r4, [r3, #220]	@ 0xdc
10005ca8:	eb0c 0301 	add.w	r3, ip, r1
10005cac:	f04f 3501 	mov.w	r5, #16843009	@ 0x1010101
10005cb0:	eb00 0cc3 	add.w	ip, r0, r3, lsl #3
10005cb4:	f04f 4600 	mov.w	r6, #2147483648	@ 0x80000000
10005cb8:	eb00 0ec3 	add.w	lr, r0, r3, lsl #3
10005cbc:	2301      	movs	r3, #1
10005cbe:	f50e 5e86 	add.w	lr, lr, #4288	@ 0x10c0
10005cc2:	1d0c      	adds	r4, r1, #4
10005cc4:	f101 0708 	add.w	r7, r1, #8
10005cc8:	408d      	lsls	r5, r1
10005cca:	f8ce 6010 	str.w	r6, [lr, #16]
10005cce:	fa03 f404 	lsl.w	r4, r3, r4
10005cd2:	f8ce 6010 	str.w	r6, [lr, #16]
10005cd6:	f002 021f 	and.w	r2, r2, #31
10005cda:	6085      	str	r5, [r0, #8]
10005cdc:	40bb      	lsls	r3, r7
10005cde:	f500 5000 	add.w	r0, r0, #8192	@ 0x2000
10005ce2:	6004      	str	r4, [r0, #0]
10005ce4:	f10e 0e10 	add.w	lr, lr, #16
10005ce8:	6003      	str	r3, [r0, #0]
10005cea:	2000      	movs	r0, #0
10005cec:	f8cc 20d8 	str.w	r2, [ip, #216]	@ 0xd8
10005cf0:	bdf0      	pop	{r4, r5, r6, r7, pc}
10005cf2:	f44f 3780 	mov.w	r7, #65536	@ 0x10000
10005cf6:	f44f 2640 	mov.w	r6, #786432	@ 0xc0000
10005cfa:	f44f 35f8 	mov.w	r5, #126976	@ 0x1f000
10005cfe:	eb01 0441 	add.w	r4, r1, r1, lsl #1
10005d02:	eb00 04c4 	add.w	r4, r0, r4, lsl #3
10005d06:	f8c4 70c8 	str.w	r7, [r4, #200]	@ 0xc8
10005d0a:	ea4f 0c41 	mov.w	ip, r1, lsl #1
10005d0e:	f8c4 60d0 	str.w	r6, [r4, #208]	@ 0xd0
10005d12:	f8c4 50cc 	str.w	r5, [r4, #204]	@ 0xcc
10005d16:	f8c4 30dc 	str.w	r3, [r4, #220]	@ 0xdc
10005d1a:	e7c5      	b.n	10005ca8 <pio_sm_init+0x34>

10005d1c <memcpy>:
10005d1c:	4684      	mov	ip, r0
10005d1e:	ea41 0300 	orr.w	r3, r1, r0
10005d22:	f013 0303 	ands.w	r3, r3, #3
10005d26:	d149      	bne.n	10005dbc <memcpy+0xa0>
10005d28:	3a40      	subs	r2, #64	@ 0x40
10005d2a:	d323      	bcc.n	10005d74 <memcpy+0x58>
10005d2c:	680b      	ldr	r3, [r1, #0]
10005d2e:	6003      	str	r3, [r0, #0]
10005d30:	684b      	ldr	r3, [r1, #4]
10005d32:	6043      	str	r3, [r0, #4]
10005d34:	688b      	ldr	r3, [r1, #8]
10005d36:	6083      	str	r3, [r0, #8]
10005d38:	68cb      	ldr	r3, [r1, #12]
10005d3a:	60c3      	str	r3, [r0, #12]
10005d3c:	690b      	ldr	r3, [r1, #16]
10005d3e:	6103      	str	r3, [r0, #16]
10005d40:	694b      	ldr	r3, [r1, #20]
10005d42:	6143      	str	r3, [r0, #20]
10005d44:	698b      	ldr	r3, [r1, #24]
10005d46:	6183      	str	r3, [r0, #24]
10005d48:	69cb      	ldr	r3, [r1, #28]
10005d4a:	61c3      	str	r3, [r0, #28]
10005d4c:	6a0b      	ldr	r3, [r1, #32]
10005d4e:	6203      	str	r3, [r0, #32]
10005d50:	6a4b      	ldr	r3, [r1, #36]	@ 0x24
10005d52:	6243      	str	r3, [r0, #36]	@ 0x24
10005d54:	6a8b      	ldr	r3, [r1, #40]	@ 0x28
10005d56:	6283      	str	r3, [r0, #40]	@ 0x28
10005d58:	6acb      	ldr	r3, [r1, #44]	@ 0x2c
10005d5a:	62c3      	str	r3, [r0, #44]	@ 0x2c
10005d5c:	6b0b      	ldr	r3, [r1, #48]	@ 0x30
10005d5e:	6303      	str	r3, [r0, #48]	@ 0x30
10005d60:	6b4b      	ldr	r3, [r1, #52]	@ 0x34
10005d62:	6343      	str	r3, [r0, #52]	@ 0x34
10005d64:	6b8b      	ldr	r3, [r1, #56]	@ 0x38
10005d66:	6383      	str	r3, [r0, #56]	@ 0x38
10005d68:	6bcb      	ldr	r3, [r1, #60]	@ 0x3c
10005d6a:	63c3      	str	r3, [r0, #60]	@ 0x3c
10005d6c:	3040      	adds	r0, #64	@ 0x40
10005d6e:	3140      	adds	r1, #64	@ 0x40
10005d70:	3a40      	subs	r2, #64	@ 0x40
10005d72:	d2db      	bcs.n	10005d2c <memcpy+0x10>
10005d74:	3230      	adds	r2, #48	@ 0x30
10005d76:	d30b      	bcc.n	10005d90 <memcpy+0x74>
10005d78:	680b      	ldr	r3, [r1, #0]
10005d7a:	6003      	str	r3, [r0, #0]
10005d7c:	684b      	ldr	r3, [r1, #4]
10005d7e:	6043      	str	r3, [r0, #4]
10005d80:	688b      	ldr	r3, [r1, #8]
10005d82:	6083      	str	r3, [r0, #8]
10005d84:	68cb      	ldr	r3, [r1, #12]
10005d86:	60c3      	str	r3, [r0, #12]
10005d88:	3010      	adds	r0, #16
10005d8a:	3110      	adds	r1, #16
10005d8c:	3a10      	subs	r2, #16
10005d8e:	d2f3      	bcs.n	10005d78 <memcpy+0x5c>
10005d90:	320c      	adds	r2, #12
10005d92:	d305      	bcc.n	10005da0 <memcpy+0x84>
10005d94:	f851 3b04 	ldr.w	r3, [r1], #4
10005d98:	f840 3b04 	str.w	r3, [r0], #4
10005d9c:	3a04      	subs	r2, #4
10005d9e:	d2f9      	bcs.n	10005d94 <memcpy+0x78>
10005da0:	3204      	adds	r2, #4
10005da2:	d008      	beq.n	10005db6 <memcpy+0x9a>
10005da4:	07d2      	lsls	r2, r2, #31
10005da6:	bf1c      	itt	ne
10005da8:	f811 3b01 	ldrbne.w	r3, [r1], #1
10005dac:	f800 3b01 	strbne.w	r3, [r0], #1
10005db0:	d301      	bcc.n	10005db6 <memcpy+0x9a>
10005db2:	880b      	ldrh	r3, [r1, #0]
10005db4:	8003      	strh	r3, [r0, #0]
10005db6:	4660      	mov	r0, ip
10005db8:	4770      	bx	lr
10005dba:	bf00      	nop
10005dbc:	2a08      	cmp	r2, #8
10005dbe:	d313      	bcc.n	10005de8 <memcpy+0xcc>
10005dc0:	078b      	lsls	r3, r1, #30
10005dc2:	d0b1      	beq.n	10005d28 <memcpy+0xc>
10005dc4:	f010 0303 	ands.w	r3, r0, #3
10005dc8:	d0ae      	beq.n	10005d28 <memcpy+0xc>
10005dca:	f1c3 0304 	rsb	r3, r3, #4
10005dce:	1ad2      	subs	r2, r2, r3
10005dd0:	07db      	lsls	r3, r3, #31
10005dd2:	bf1c      	itt	ne
10005dd4:	f811 3b01 	ldrbne.w	r3, [r1], #1
10005dd8:	f800 3b01 	strbne.w	r3, [r0], #1
10005ddc:	d3a4      	bcc.n	10005d28 <memcpy+0xc>
10005dde:	f831 3b02 	ldrh.w	r3, [r1], #2
10005de2:	f820 3b02 	strh.w	r3, [r0], #2
10005de6:	e79f      	b.n	10005d28 <memcpy+0xc>
10005de8:	3a04      	subs	r2, #4
10005dea:	d3d9      	bcc.n	10005da0 <memcpy+0x84>
10005dec:	3a01      	subs	r2, #1
10005dee:	f811 3b01 	ldrb.w	r3, [r1], #1
10005df2:	f800 3b01 	strb.w	r3, [r0], #1
10005df6:	d2f9      	bcs.n	10005dec <memcpy+0xd0>
10005df8:	780b      	ldrb	r3, [r1, #0]
10005dfa:	7003      	strb	r3, [r0, #0]
10005dfc:	784b      	ldrb	r3, [r1, #1]
10005dfe:	7043      	strb	r3, [r0, #1]
10005e00:	788b      	ldrb	r3, [r1, #2]
10005e02:	7083      	strb	r3, [r0, #2]
10005e04:	4660      	mov	r0, ip
10005e06:	4770      	bx	lr

10005e08 <memset>:
10005e08:	b570      	push	{r4, r5, r6, lr}
10005e0a:	0786      	lsls	r6, r0, #30
10005e0c:	d04a      	beq.n	10005ea4 <memset+0x9c>
10005e0e:	1e54      	subs	r4, r2, #1
10005e10:	2a00      	cmp	r2, #0
10005e12:	d041      	beq.n	10005e98 <memset+0x90>
10005e14:	b2ca      	uxtb	r2, r1
10005e16:	4603      	mov	r3, r0
10005e18:	e001      	b.n	10005e1e <memset+0x16>
10005e1a:	3c01      	subs	r4, #1
10005e1c:	d33c      	bcc.n	10005e98 <memset+0x90>
10005e1e:	f803 2b01 	strb.w	r2, [r3], #1
10005e22:	079d      	lsls	r5, r3, #30
10005e24:	d1f9      	bne.n	10005e1a <memset+0x12>
10005e26:	2c03      	cmp	r4, #3
10005e28:	d92f      	bls.n	10005e8a <memset+0x82>
10005e2a:	b2cd      	uxtb	r5, r1
10005e2c:	2c0f      	cmp	r4, #15
10005e2e:	eb05 2505 	add.w	r5, r5, r5, lsl #8
10005e32:	eb05 4505 	add.w	r5, r5, r5, lsl #16
10005e36:	d938      	bls.n	10005eaa <memset+0xa2>
10005e38:	f1a4 0c10 	sub.w	ip, r4, #16
10005e3c:	f103 0e10 	add.w	lr, r3, #16
10005e40:	461a      	mov	r2, r3
10005e42:	f02c 060f 	bic.w	r6, ip, #15
10005e46:	ea4f 1c1c 	mov.w	ip, ip, lsr #4
10005e4a:	44b6      	add	lr, r6
10005e4c:	6015      	str	r5, [r2, #0]
10005e4e:	3210      	adds	r2, #16
10005e50:	f842 5c0c 	str.w	r5, [r2, #-12]
10005e54:	f842 5c08 	str.w	r5, [r2, #-8]
10005e58:	f842 5c04 	str.w	r5, [r2, #-4]
10005e5c:	4572      	cmp	r2, lr
10005e5e:	d1f5      	bne.n	10005e4c <memset+0x44>
10005e60:	f10c 0201 	add.w	r2, ip, #1
10005e64:	f014 0f0c 	tst.w	r4, #12
10005e68:	f004 0c0f 	and.w	ip, r4, #15
10005e6c:	eb03 1202 	add.w	r2, r3, r2, lsl #4
10005e70:	d013      	beq.n	10005e9a <memset+0x92>
10005e72:	f1ac 0304 	sub.w	r3, ip, #4
10005e76:	f023 0303 	bic.w	r3, r3, #3
10005e7a:	3304      	adds	r3, #4
10005e7c:	4413      	add	r3, r2
10005e7e:	f842 5b04 	str.w	r5, [r2], #4
10005e82:	429a      	cmp	r2, r3
10005e84:	d1fb      	bne.n	10005e7e <memset+0x76>
10005e86:	f00c 0403 	and.w	r4, ip, #3
10005e8a:	b12c      	cbz	r4, 10005e98 <memset+0x90>
10005e8c:	b2c9      	uxtb	r1, r1
10005e8e:	441c      	add	r4, r3
10005e90:	f803 1b01 	strb.w	r1, [r3], #1
10005e94:	429c      	cmp	r4, r3
10005e96:	d1fb      	bne.n	10005e90 <memset+0x88>
10005e98:	bd70      	pop	{r4, r5, r6, pc}
10005e9a:	4664      	mov	r4, ip
10005e9c:	4613      	mov	r3, r2
10005e9e:	2c00      	cmp	r4, #0
10005ea0:	d1f4      	bne.n	10005e8c <memset+0x84>
10005ea2:	e7f9      	b.n	10005e98 <memset+0x90>
10005ea4:	4603      	mov	r3, r0
10005ea6:	4614      	mov	r4, r2
10005ea8:	e7bd      	b.n	10005e26 <memset+0x1e>
10005eaa:	461a      	mov	r2, r3
10005eac:	46a4      	mov	ip, r4
10005eae:	e7e0      	b.n	10005e72 <memset+0x6a>

10005eb0 <strlen>:
10005eb0:	f020 0103 	bic.w	r1, r0, #3
10005eb4:	f010 0003 	ands.w	r0, r0, #3
10005eb8:	f1c0 0000 	rsb	r0, r0, #0
10005ebc:	f851 3b04 	ldr.w	r3, [r1], #4
10005ec0:	f100 0c04 	add.w	ip, r0, #4
10005ec4:	ea4f 0ccc 	mov.w	ip, ip, lsl #3
10005ec8:	f06f 0200 	mvn.w	r2, #0
10005ecc:	bf1c      	itt	ne
10005ece:	fa22 f20c 	lsrne.w	r2, r2, ip
10005ed2:	4313      	orrne	r3, r2
10005ed4:	f04f 0c01 	mov.w	ip, #1
10005ed8:	ea4c 2c0c 	orr.w	ip, ip, ip, lsl #8
10005edc:	ea4c 4c0c 	orr.w	ip, ip, ip, lsl #16
10005ee0:	eba3 020c 	sub.w	r2, r3, ip
10005ee4:	ea22 0203 	bic.w	r2, r2, r3
10005ee8:	ea12 12cc 	ands.w	r2, r2, ip, lsl #7
10005eec:	bf04      	itt	eq
10005eee:	f851 3b04 	ldreq.w	r3, [r1], #4
10005ef2:	3004      	addeq	r0, #4
10005ef4:	d0f4      	beq.n	10005ee0 <strlen+0x30>
10005ef6:	f1c2 0100 	rsb	r1, r2, #0
10005efa:	ea02 0201 	and.w	r2, r2, r1
10005efe:	fab2 f282 	clz	r2, r2
10005f02:	f1c2 021f 	rsb	r2, r2, #31
10005f06:	eb00 00d2 	add.w	r0, r0, r2, lsr #3
10005f0a:	4770      	bx	lr

10005f0c <_fini>:
10005f0c:	b5f8      	push	{r3, r4, r5, r6, r7, lr}
10005f0e:	bf00      	nop

10005f10 <__mutex_enter_timeout_ms_veneer>:
10005f10:	f85f f000 	ldr.w	pc, [pc]	@ 10005f14 <__mutex_enter_timeout_ms_veneer+0x4>
10005f14:	2000023d 	.word	0x2000023d

10005f18 <__hw_endpoint_start_next_buffer_veneer>:
10005f18:	f85f f000 	ldr.w	pc, [pc]	@ 10005f1c <__hw_endpoint_start_next_buffer_veneer+0x4>
10005f1c:	20000b4d 	.word	0x20000b4d

10005f20 <____aeabi_f2d_veneer>:
10005f20:	f85f f000 	ldr.w	pc, [pc]	@ 10005f24 <____aeabi_f2d_veneer+0x4>
10005f24:	200010d9 	.word	0x200010d9

10005f28 <____aeabi_uldivmod_veneer>:
10005f28:	f85f f000 	ldr.w	pc, [pc]	@ 10005f2c <____aeabi_uldivmod_veneer+0x4>
10005f2c:	20001189 	.word	0x20001189

10005f30 <__mutex_exit_veneer>:
10005f30:	f85f f000 	ldr.w	pc, [pc]	@ 10005f34 <__mutex_exit_veneer+0x4>
10005f34:	20000275 	.word	0x20000275

10005f38 <__e15_is_critical_frame_period_veneer>:
10005f38:	f85f f000 	ldr.w	pc, [pc]	@ 10005f3c <__e15_is_critical_frame_period_veneer+0x4>
10005f3c:	20000ad5 	.word	0x20000ad5

10005f40 <___hw_endpoint_buffer_control_update32_veneer>:
10005f40:	f85f f000 	ldr.w	pc, [pc]	@ 10005f44 <___hw_endpoint_buffer_control_update32_veneer+0x4>
10005f44:	20000b09 	.word	0x20000b09

10005f48 <__mutex_try_enter_block_until_veneer>:
10005f48:	f85f f000 	ldr.w	pc, [pc]	@ 10005f4c <__mutex_try_enter_block_until_veneer+0x4>
10005f4c:	200001d1 	.word	0x200001d1

10005f50 <__reset_non_control_endpoints_veneer>:
10005f50:	f85f f000 	ldr.w	pc, [pc]	@ 10005f54 <__reset_non_control_endpoints_veneer+0x4>
10005f54:	200002b1 	.word	0x200002b1

10005f58 <__e15_is_bulkin_ep_veneer>:
10005f58:	f85f f000 	ldr.w	pc, [pc]	@ 10005f5c <__e15_is_bulkin_ep_veneer+0x4>
10005f5c:	20000aad 	.word	0x20000aad

10005f60 <__mutex_try_enter_veneer>:
10005f60:	f85f f000 	ldr.w	pc, [pc]	@ 10005f64 <__mutex_try_enter_veneer+0x4>
10005f64:	20000111 	.word	0x20000111

10005f68 <__pre_init_runtime_init_bootrom_reset>:
10005f68:	1000163d                                =...

10005f6c <__pre_init_runtime_init_early_resets>:
10005f6c:	100015b1                                ....

10005f70 <__pre_init_runtime_init_usb_power_down>:
10005f70:	100015e5                                ....

10005f74 <__pre_init_runtime_init_clocks>:
10005f74:	10001689                                ....

10005f78 <__pre_init_runtime_init_post_clock_resets>:
10005f78:	1000161d                                ....

10005f7c <__pre_init_runtime_init_boot_locks_reset>:
10005f7c:	10001539                                9...

10005f80 <__pre_init_runtime_init_spin_locks_reset>:
10005f80:	10001665                                e...

10005f84 <__pre_init_runtime_init_bootrom_locking_enable>:
10005f84:	10001525                                %...

10005f88 <__pre_init_runtime_init_mutex>:
10005f88:	100009ad                                ....

10005f8c <__pre_init_runtime_init_install_ram_vector_table>:
10005f8c:	10001669                                i...

10005f90 <__pre_init_runtime_init_default_alarm_pool>:
10005f90:	10000d69                                i...

10005f94 <__pre_init_first_per_core_initializer>:
10005f94:	10001581                                ....

10005f98 <__pre_init_runtime_init_per_core_bootrom_reset>:
10005f98:	10001651                                Q...

10005f9c <__pre_init_runtime_init_per_core_enable_coprocessors>:
10005f9c:	10001601                                ....

10005fa0 <__pre_init_spinlock_set_extexclall>:
10005fa0:	10000569                                i...

10005fa4 <__pre_init_runtime_init_per_core_irq_priorities>:
10005fa4:	10000591                                ....

10005fa8 <__frame_dummy_init_array_entry>:
10005fa8:	1000025d 10003989                       ]....9..

Disassembly of section .data:

20000110 <mutex_try_enter>:
20000110:	4603      	mov	r3, r0
20000112:	b500      	push	{lr}
20000114:	6802      	ldr	r2, [r0, #0]
20000116:	f3ef 8c10 	mrs	ip, PRIMASK
2000011a:	b672      	cpsid	i
2000011c:	e8d2 efcf 	ldaexb	lr, [r2]
20000120:	2001      	movs	r0, #1
20000122:	f1be 0f00 	cmp.w	lr, #0
20000126:	d1f9      	bne.n	2000011c <mutex_try_enter+0xc>
20000128:	e8c2 0f4e 	strexb	lr, r0, [r2]
2000012c:	f1be 0f00 	cmp.w	lr, #0
20000130:	d1f4      	bne.n	2000011c <mutex_try_enter+0xc>
20000132:	f3bf 8f5f 	dmb	sy
20000136:	f993 2004 	ldrsb.w	r2, [r3, #4]
2000013a:	2a00      	cmp	r2, #0
2000013c:	db0a      	blt.n	20000154 <mutex_try_enter+0x44>
2000013e:	b101      	cbz	r1, 20000142 <mutex_try_enter+0x32>
20000140:	600a      	str	r2, [r1, #0]
20000142:	2000      	movs	r0, #0
20000144:	2200      	movs	r2, #0
20000146:	681b      	ldr	r3, [r3, #0]
20000148:	e8c3 2f8f 	stlb	r2, [r3]
2000014c:	f38c 8810 	msr	PRIMASK, ip
20000150:	f85d fb04 	ldr.w	pc, [sp], #4
20000154:	f04f 4250 	mov.w	r2, #3489660928	@ 0xd0000000
20000158:	6812      	ldr	r2, [r2, #0]
2000015a:	2001      	movs	r0, #1
2000015c:	711a      	strb	r2, [r3, #4]
2000015e:	e7f1      	b.n	20000144 <mutex_try_enter+0x34>

20000160 <mutex_enter_block_until>:
20000160:	f04f 4150 	mov.w	r1, #3489660928	@ 0xd0000000
20000164:	e92d 41f0 	stmdb	sp!, {r4, r5, r6, r7, r8, lr}
20000168:	2700      	movs	r7, #0
2000016a:	4604      	mov	r4, r0
2000016c:	4616      	mov	r6, r2
2000016e:	461d      	mov	r5, r3
20000170:	f8d1 8000 	ldr.w	r8, [r1]
20000174:	e009      	b.n	2000018a <mutex_enter_block_until+0x2a>
20000176:	6823      	ldr	r3, [r4, #0]
20000178:	e8c3 7f8f 	stlb	r7, [r3]
2000017c:	f38c 8810 	msr	PRIMASK, ip
20000180:	4630      	mov	r0, r6
20000182:	4629      	mov	r1, r5
20000184:	f001 f9a0 	bl	200014c8 <__best_effort_wfe_or_timeout_veneer>
20000188:	b9f0      	cbnz	r0, 200001c8 <mutex_enter_block_until+0x68>
2000018a:	6821      	ldr	r1, [r4, #0]
2000018c:	f3ef 8c10 	mrs	ip, PRIMASK
20000190:	b672      	cpsid	i
20000192:	e8d1 2fcf 	ldaexb	r2, [r1]
20000196:	2301      	movs	r3, #1
20000198:	2a00      	cmp	r2, #0
2000019a:	d1fa      	bne.n	20000192 <mutex_enter_block_until+0x32>
2000019c:	e8c1 3f42 	strexb	r2, r3, [r1]
200001a0:	2a00      	cmp	r2, #0
200001a2:	d1f6      	bne.n	20000192 <mutex_enter_block_until+0x32>
200001a4:	f3bf 8f5f 	dmb	sy
200001a8:	f994 e004 	ldrsb.w	lr, [r4, #4]
200001ac:	f1be 0f00 	cmp.w	lr, #0
200001b0:	dae1      	bge.n	20000176 <mutex_enter_block_until+0x16>
200001b2:	2300      	movs	r3, #0
200001b4:	6822      	ldr	r2, [r4, #0]
200001b6:	f884 8004 	strb.w	r8, [r4, #4]
200001ba:	e8c2 3f8f 	stlb	r3, [r2]
200001be:	f38c 8810 	msr	PRIMASK, ip
200001c2:	2001      	movs	r0, #1
200001c4:	e8bd 81f0 	ldmia.w	sp!, {r4, r5, r6, r7, r8, pc}
200001c8:	2000      	movs	r0, #0
200001ca:	e8bd 81f0 	ldmia.w	sp!, {r4, r5, r6, r7, r8, pc}
200001ce:	bf00      	nop

200001d0 <mutex_try_enter_block_until>:
200001d0:	b530      	push	{r4, r5, lr}
200001d2:	4601      	mov	r1, r0
200001d4:	6804      	ldr	r4, [r0, #0]
200001d6:	f3ef 8c10 	mrs	ip, PRIMASK
200001da:	b672      	cpsid	i
200001dc:	e8d4 efcf 	ldaexb	lr, [r4]
200001e0:	2501      	movs	r5, #1
200001e2:	f1be 0f00 	cmp.w	lr, #0
200001e6:	d1f9      	bne.n	200001dc <mutex_try_enter_block_until+0xc>
200001e8:	e8c4 5f4e 	strexb	lr, r5, [r4]
200001ec:	f1be 0f00 	cmp.w	lr, #0
200001f0:	d1f4      	bne.n	200001dc <mutex_try_enter_block_until+0xc>
200001f2:	f3bf 8f5f 	dmb	sy
200001f6:	f990 4004 	ldrsb.w	r4, [r0, #4]
200001fa:	2c00      	cmp	r4, #0
200001fc:	db11      	blt.n	20000222 <mutex_try_enter_block_until+0x52>
200001fe:	2100      	movs	r1, #0
20000200:	6805      	ldr	r5, [r0, #0]
20000202:	e8c5 1f8f 	stlb	r1, [r5]
20000206:	f38c 8810 	msr	PRIMASK, ip
2000020a:	f04f 4c50 	mov.w	ip, #3489660928	@ 0xd0000000
2000020e:	f99c c000 	ldrsb.w	ip, [ip]
20000212:	45a4      	cmp	ip, r4
20000214:	d101      	bne.n	2000021a <mutex_try_enter_block_until+0x4a>
20000216:	4608      	mov	r0, r1
20000218:	bd30      	pop	{r4, r5, pc}
2000021a:	e8bd 4030 	ldmia.w	sp!, {r4, r5, lr}
2000021e:	f7ff bf9f 	b.w	20000160 <mutex_enter_block_until>
20000222:	f04f 4050 	mov.w	r0, #3489660928	@ 0xd0000000
20000226:	6800      	ldr	r0, [r0, #0]
20000228:	2300      	movs	r3, #0
2000022a:	680a      	ldr	r2, [r1, #0]
2000022c:	7108      	strb	r0, [r1, #4]
2000022e:	e8c2 3f8f 	stlb	r3, [r2]
20000232:	f38c 8810 	msr	PRIMASK, ip
20000236:	2001      	movs	r0, #1
20000238:	bd30      	pop	{r4, r5, pc}
2000023a:	bf00      	nop

2000023c <mutex_enter_timeout_ms>:
2000023c:	b570      	push	{r4, r5, r6, lr}
2000023e:	4605      	mov	r5, r0
20000240:	460c      	mov	r4, r1
20000242:	f001 f939 	bl	200014b8 <__time_us_64_veneer>
20000246:	4602      	mov	r2, r0
20000248:	460b      	mov	r3, r1
2000024a:	f44f 707a 	mov.w	r0, #1000	@ 0x3e8
2000024e:	f04f 3eff 	mov.w	lr, #4294967295	@ 0xffffffff
20000252:	f06f 4c00 	mvn.w	ip, #2147483648	@ 0x80000000
20000256:	fbe4 2300 	umlal	r2, r3, r4, r0
2000025a:	4596      	cmp	lr, r2
2000025c:	eb7c 0103 	sbcs.w	r1, ip, r3
20000260:	bf38      	it	cc
20000262:	4672      	movcc	r2, lr
20000264:	4628      	mov	r0, r5
20000266:	e8bd 4070 	ldmia.w	sp!, {r4, r5, r6, lr}
2000026a:	bf38      	it	cc
2000026c:	4663      	movcc	r3, ip
2000026e:	f7ff bf77 	b.w	20000160 <mutex_enter_block_until>
20000272:	bf00      	nop

20000274 <mutex_exit>:
20000274:	6803      	ldr	r3, [r0, #0]
20000276:	f3ef 8210 	mrs	r2, PRIMASK
2000027a:	b672      	cpsid	i
2000027c:	e8d3 cfcf 	ldaexb	ip, [r3]
20000280:	2101      	movs	r1, #1
20000282:	f1bc 0f00 	cmp.w	ip, #0
20000286:	d1f9      	bne.n	2000027c <mutex_exit+0x8>
20000288:	e8c3 1f4c 	strexb	ip, r1, [r3]
2000028c:	f1bc 0f00 	cmp.w	ip, #0
20000290:	d1f4      	bne.n	2000027c <mutex_exit+0x8>
20000292:	f3bf 8f5f 	dmb	sy
20000296:	f04f 0cff 	mov.w	ip, #255	@ 0xff
2000029a:	2300      	movs	r3, #0
2000029c:	6801      	ldr	r1, [r0, #0]
2000029e:	f880 c004 	strb.w	ip, [r0, #4]
200002a2:	e8c1 3f8f 	stlb	r3, [r1]
200002a6:	f382 8810 	msr	PRIMASK, r2
200002aa:	bf40      	sev
200002ac:	4770      	bx	lr
200002ae:	bf00      	nop

200002b0 <reset_non_control_endpoints>:
200002b0:	2100      	movs	r1, #0
200002b2:	b508      	push	{r3, lr}
200002b4:	4b13      	ldr	r3, [pc, #76]	@ (20000304 <reset_non_control_endpoints+0x54>)
200002b6:	f44f 7270 	mov.w	r2, #960	@ 0x3c0
200002ba:	6099      	str	r1, [r3, #8]
200002bc:	4812      	ldr	r0, [pc, #72]	@ (20000308 <reset_non_control_endpoints+0x58>)
200002be:	60d9      	str	r1, [r3, #12]
200002c0:	6119      	str	r1, [r3, #16]
200002c2:	6159      	str	r1, [r3, #20]
200002c4:	6199      	str	r1, [r3, #24]
200002c6:	61d9      	str	r1, [r3, #28]
200002c8:	6219      	str	r1, [r3, #32]
200002ca:	6259      	str	r1, [r3, #36]	@ 0x24
200002cc:	6299      	str	r1, [r3, #40]	@ 0x28
200002ce:	62d9      	str	r1, [r3, #44]	@ 0x2c
200002d0:	6319      	str	r1, [r3, #48]	@ 0x30
200002d2:	6359      	str	r1, [r3, #52]	@ 0x34
200002d4:	6399      	str	r1, [r3, #56]	@ 0x38
200002d6:	63d9      	str	r1, [r3, #60]	@ 0x3c
200002d8:	6419      	str	r1, [r3, #64]	@ 0x40
200002da:	6459      	str	r1, [r3, #68]	@ 0x44
200002dc:	6499      	str	r1, [r3, #72]	@ 0x48
200002de:	64d9      	str	r1, [r3, #76]	@ 0x4c
200002e0:	6519      	str	r1, [r3, #80]	@ 0x50
200002e2:	6559      	str	r1, [r3, #84]	@ 0x54
200002e4:	6599      	str	r1, [r3, #88]	@ 0x58
200002e6:	65d9      	str	r1, [r3, #92]	@ 0x5c
200002e8:	6619      	str	r1, [r3, #96]	@ 0x60
200002ea:	6659      	str	r1, [r3, #100]	@ 0x64
200002ec:	6699      	str	r1, [r3, #104]	@ 0x68
200002ee:	66d9      	str	r1, [r3, #108]	@ 0x6c
200002f0:	6719      	str	r1, [r3, #112]	@ 0x70
200002f2:	6759      	str	r1, [r3, #116]	@ 0x74
200002f4:	6799      	str	r1, [r3, #120]	@ 0x78
200002f6:	67d9      	str	r1, [r3, #124]	@ 0x7c
200002f8:	f001 f8da 	bl	200014b0 <__memset_veneer>
200002fc:	4b03      	ldr	r3, [pc, #12]	@ (2000030c <reset_non_control_endpoints+0x5c>)
200002fe:	4a04      	ldr	r2, [pc, #16]	@ (20000310 <reset_non_control_endpoints+0x60>)
20000300:	601a      	str	r2, [r3, #0]
20000302:	bd08      	pop	{r3, pc}
20000304:	50100000 	.word	0x50100000
20000308:	20001f10 	.word	0x20001f10
2000030c:	200022d8 	.word	0x200022d8
20000310:	50100180 	.word	0x50100180

20000314 <hw_handle_buff_status>:
20000314:	e92d 4ff0 	stmdb	sp!, {r4, r5, r6, r7, r8, r9, sl, fp, lr}
20000318:	4b24      	ldr	r3, [pc, #144]	@ (200003ac <hw_handle_buff_status+0x98>)
2000031a:	b085      	sub	sp, #20
2000031c:	f8d3 a058 	ldr.w	sl, [r3, #88]	@ 0x58
20000320:	f1ba 0f00 	cmp.w	sl, #0
20000324:	d025      	beq.n	20000372 <hw_handle_buff_status+0x5e>
20000326:	2400      	movs	r4, #0
20000328:	2501      	movs	r5, #1
2000032a:	f04f 0902 	mov.w	r9, #2
2000032e:	4f20      	ldr	r7, [pc, #128]	@ (200003b0 <hw_handle_buff_status+0x9c>)
20000330:	e003      	b.n	2000033a <hw_handle_buff_status+0x26>
20000332:	006d      	lsls	r5, r5, #1
20000334:	b2dc      	uxtb	r4, r3
20000336:	2c20      	cmp	r4, #32
20000338:	d01b      	beq.n	20000372 <hw_handle_buff_status+0x5e>
2000033a:	ea1a 0f05 	tst.w	sl, r5
2000033e:	f104 0301 	add.w	r3, r4, #1
20000342:	d0f6      	beq.n	20000332 <hw_handle_buff_status+0x1e>
20000344:	43e6      	mvns	r6, r4
20000346:	ea4f 0854 	mov.w	r8, r4, lsr #1
2000034a:	f006 0601 	and.w	r6, r6, #1
2000034e:	fb19 6b08 	smlabb	fp, r9, r8, r6
20000352:	4b18      	ldr	r3, [pc, #96]	@ (200003b4 <hw_handle_buff_status+0xa0>)
20000354:	eb07 1b4b 	add.w	fp, r7, fp, lsl #5
20000358:	659d      	str	r5, [r3, #88]	@ 0x58
2000035a:	4658      	mov	r0, fp
2000035c:	ea2a 0a05 	bic.w	sl, sl, r5
20000360:	006d      	lsls	r5, r5, #1
20000362:	f000 fc25 	bl	20000bb0 <hw_endpoint_xfer_continue>
20000366:	b938      	cbnz	r0, 20000378 <hw_handle_buff_status+0x64>
20000368:	3401      	adds	r4, #1
2000036a:	b2e4      	uxtb	r4, r4
2000036c:	f1ba 0f00 	cmp.w	sl, #0
20000370:	d1e1      	bne.n	20000336 <hw_handle_buff_status+0x22>
20000372:	b005      	add	sp, #20
20000374:	e8bd 8ff0 	ldmia.w	sp!, {r4, r5, r6, r7, r8, r9, sl, fp, pc}
20000378:	2300      	movs	r3, #0
2000037a:	f8cd 3006 	str.w	r3, [sp, #6]
2000037e:	f8ad 300a 	strh.w	r3, [sp, #10]
20000382:	f44f 63e0 	mov.w	r3, #1792	@ 0x700
20000386:	eb06 0648 	add.w	r6, r6, r8, lsl #1
2000038a:	eb07 1646 	add.w	r6, r7, r6, lsl #5
2000038e:	78b2      	ldrb	r2, [r6, #2]
20000390:	f8ad 3004 	strh.w	r3, [sp, #4]
20000394:	8af3      	ldrh	r3, [r6, #22]
20000396:	a801      	add	r0, sp, #4
20000398:	2101      	movs	r1, #1
2000039a:	f88d 2008 	strb.w	r2, [sp, #8]
2000039e:	9303      	str	r3, [sp, #12]
200003a0:	f000 fc24 	bl	20000bec <dcd_event_handler>
200003a4:	4658      	mov	r0, fp
200003a6:	f000 fba9 	bl	20000afc <hw_endpoint_reset_transfer>
200003aa:	e7dd      	b.n	20000368 <hw_handle_buff_status+0x54>
200003ac:	50110000 	.word	0x50110000
200003b0:	20001ed0 	.word	0x20001ed0
200003b4:	50113000 	.word	0x50113000

200003b8 <dcd_rp2040_irq>:
200003b8:	b5f0      	push	{r4, r5, r6, r7, lr}
200003ba:	4bb8      	ldr	r3, [pc, #736]	@ (2000069c <dcd_rp2040_irq+0x2e4>)
200003bc:	b085      	sub	sp, #20
200003be:	f8d3 5098 	ldr.w	r5, [r3, #152]	@ 0x98
200003c2:	f415 3600 	ands.w	r6, r5, #131072	@ 0x20000
200003c6:	d07b      	beq.n	200004c0 <dcd_rp2040_irq+0x108>
200003c8:	4bb5      	ldr	r3, [pc, #724]	@ (200006a0 <dcd_rp2040_irq+0x2e8>)
200003ca:	4cb6      	ldr	r4, [pc, #728]	@ (200006a4 <dcd_rp2040_irq+0x2ec>)
200003cc:	6a99      	ldr	r1, [r3, #40]	@ 0x28
200003ce:	f894 303b 	ldrb.w	r3, [r4, #59]	@ 0x3b
200003d2:	4ab5      	ldr	r2, [pc, #724]	@ (200006a8 <dcd_rp2040_irq+0x2f0>)
200003d4:	2b02      	cmp	r3, #2
200003d6:	6011      	str	r1, [r2, #0]
200003d8:	f000 8111 	beq.w	200005fe <dcd_rp2040_irq+0x246>
200003dc:	2600      	movs	r6, #0
200003de:	f894 307b 	ldrb.w	r3, [r4, #123]	@ 0x7b
200003e2:	2b02      	cmp	r3, #2
200003e4:	f000 81ec 	beq.w	200007c0 <dcd_rp2040_irq+0x408>
200003e8:	f894 30bb 	ldrb.w	r3, [r4, #187]	@ 0xbb
200003ec:	2b02      	cmp	r3, #2
200003ee:	f000 81dd 	beq.w	200007ac <dcd_rp2040_irq+0x3f4>
200003f2:	f894 30fb 	ldrb.w	r3, [r4, #251]	@ 0xfb
200003f6:	2b02      	cmp	r3, #2
200003f8:	f000 81ce 	beq.w	20000798 <dcd_rp2040_irq+0x3e0>
200003fc:	f894 313b 	ldrb.w	r3, [r4, #315]	@ 0x13b
20000400:	2b02      	cmp	r3, #2
20000402:	f000 81be 	beq.w	20000782 <dcd_rp2040_irq+0x3ca>
20000406:	f894 317b 	ldrb.w	r3, [r4, #379]	@ 0x17b
2000040a:	2b02      	cmp	r3, #2
2000040c:	f000 81ae 	beq.w	2000076c <dcd_rp2040_irq+0x3b4>
20000410:	f894 31bb 	ldrb.w	r3, [r4, #443]	@ 0x1bb
20000414:	2b02      	cmp	r3, #2
20000416:	f000 819e 	beq.w	20000756 <dcd_rp2040_irq+0x39e>
2000041a:	f894 31fb 	ldrb.w	r3, [r4, #507]	@ 0x1fb
2000041e:	2b02      	cmp	r3, #2
20000420:	f000 818e 	beq.w	20000740 <dcd_rp2040_irq+0x388>
20000424:	f894 323b 	ldrb.w	r3, [r4, #571]	@ 0x23b
20000428:	2b02      	cmp	r3, #2
2000042a:	f000 817d 	beq.w	20000728 <dcd_rp2040_irq+0x370>
2000042e:	f894 327b 	ldrb.w	r3, [r4, #635]	@ 0x27b
20000432:	2b02      	cmp	r3, #2
20000434:	f000 816c 	beq.w	20000710 <dcd_rp2040_irq+0x358>
20000438:	f894 32bb 	ldrb.w	r3, [r4, #699]	@ 0x2bb
2000043c:	2b02      	cmp	r3, #2
2000043e:	f000 815b 	beq.w	200006f8 <dcd_rp2040_irq+0x340>
20000442:	f894 32fb 	ldrb.w	r3, [r4, #763]	@ 0x2fb
20000446:	2b02      	cmp	r3, #2
20000448:	f000 814a 	beq.w	200006e0 <dcd_rp2040_irq+0x328>
2000044c:	f894 333b 	ldrb.w	r3, [r4, #827]	@ 0x33b
20000450:	2b02      	cmp	r3, #2
20000452:	f000 8139 	beq.w	200006c8 <dcd_rp2040_irq+0x310>
20000456:	f894 337b 	ldrb.w	r3, [r4, #891]	@ 0x37b
2000045a:	2b02      	cmp	r3, #2
2000045c:	f000 80e1 	beq.w	20000622 <dcd_rp2040_irq+0x26a>
20000460:	f894 33bb 	ldrb.w	r3, [r4, #955]	@ 0x3bb
20000464:	2b02      	cmp	r3, #2
20000466:	f000 8104 	beq.w	20000672 <dcd_rp2040_irq+0x2ba>
2000046a:	f894 33fb 	ldrb.w	r3, [r4, #1019]	@ 0x3fb
2000046e:	2b02      	cmp	r3, #2
20000470:	f000 80ee 	beq.w	20000650 <dcd_rp2040_irq+0x298>
20000474:	b93e      	cbnz	r6, 20000486 <dcd_rp2040_irq+0xce>
20000476:	4b8d      	ldr	r3, [pc, #564]	@ (200006ac <dcd_rp2040_irq+0x2f4>)
20000478:	781b      	ldrb	r3, [r3, #0]
2000047a:	b923      	cbnz	r3, 20000486 <dcd_rp2040_irq+0xce>
2000047c:	f44f 3200 	mov.w	r2, #131072	@ 0x20000
20000480:	4b8b      	ldr	r3, [pc, #556]	@ (200006b0 <dcd_rp2040_irq+0x2f8>)
20000482:	f8c3 2090 	str.w	r2, [r3, #144]	@ 0x90
20000486:	2200      	movs	r2, #0
20000488:	f44f 7c40 	mov.w	ip, #768	@ 0x300
2000048c:	4b83      	ldr	r3, [pc, #524]	@ (2000069c <dcd_rp2040_irq+0x2e4>)
2000048e:	2101      	movs	r1, #1
20000490:	6c9b      	ldr	r3, [r3, #72]	@ 0x48
20000492:	a801      	add	r0, sp, #4
20000494:	f3c3 030a 	ubfx	r3, r3, #0, #11
20000498:	f8cd 2006 	str.w	r2, [sp, #6]
2000049c:	f8cd 200a 	str.w	r2, [sp, #10]
200004a0:	f8ad 200e 	strh.w	r2, [sp, #14]
200004a4:	f8ad c004 	strh.w	ip, [sp, #4]
200004a8:	9302      	str	r3, [sp, #8]
200004aa:	f000 fb9f 	bl	20000bec <dcd_event_handler>
200004ae:	06ea      	lsls	r2, r5, #27
200004b0:	f44f 3600 	mov.w	r6, #131072	@ 0x20000
200004b4:	4c7f      	ldr	r4, [pc, #508]	@ (200006b4 <dcd_rp2040_irq+0x2fc>)
200004b6:	d507      	bpl.n	200004c8 <dcd_rp2040_irq+0x110>
200004b8:	f7ff ff2c 	bl	20000314 <hw_handle_buff_status>
200004bc:	4626      	mov	r6, r4
200004be:	e003      	b.n	200004c8 <dcd_rp2040_irq+0x110>
200004c0:	06ea      	lsls	r2, r5, #27
200004c2:	f04f 0410 	mov.w	r4, #16
200004c6:	d4f7      	bmi.n	200004b8 <dcd_rp2040_irq+0x100>
200004c8:	03eb      	lsls	r3, r5, #15
200004ca:	d531      	bpl.n	20000530 <dcd_rp2040_irq+0x178>
200004cc:	4c75      	ldr	r4, [pc, #468]	@ (200006a4 <dcd_rp2040_irq+0x2ec>)
200004ce:	f446 3680 	orr.w	r6, r6, #65536	@ 0x10000
200004d2:	7ea3      	ldrb	r3, [r4, #26]
200004d4:	b19b      	cbz	r3, 200004fe <dcd_rp2040_irq+0x146>
200004d6:	2102      	movs	r1, #2
200004d8:	4b77      	ldr	r3, [pc, #476]	@ (200006b8 <dcd_rp2040_irq+0x300>)
200004da:	4a70      	ldr	r2, [pc, #448]	@ (2000069c <dcd_rp2040_irq+0x2e4>)
200004dc:	6619      	str	r1, [r3, #96]	@ 0x60
200004de:	6e53      	ldr	r3, [r2, #100]	@ 0x64
200004e0:	079f      	lsls	r7, r3, #30
200004e2:	d5fc      	bpl.n	200004de <dcd_rp2040_irq+0x126>
200004e4:	f44f 5240 	mov.w	r2, #12288	@ 0x3000
200004e8:	2100      	movs	r1, #0
200004ea:	486e      	ldr	r0, [pc, #440]	@ (200006a4 <dcd_rp2040_irq+0x2ec>)
200004ec:	f000 fb0c 	bl	20000b08 <_hw_endpoint_buffer_control_update32>
200004f0:	486c      	ldr	r0, [pc, #432]	@ (200006a4 <dcd_rp2040_irq+0x2ec>)
200004f2:	f000 fb03 	bl	20000afc <hw_endpoint_reset_transfer>
200004f6:	2202      	movs	r2, #2
200004f8:	4b6d      	ldr	r3, [pc, #436]	@ (200006b0 <dcd_rp2040_irq+0x2f8>)
200004fa:	665a      	str	r2, [r3, #100]	@ 0x64
200004fc:	661a      	str	r2, [r3, #96]	@ 0x60
200004fe:	2301      	movs	r3, #1
20000500:	f894 203a 	ldrb.w	r2, [r4, #58]	@ 0x3a
20000504:	70e3      	strb	r3, [r4, #3]
20000506:	b9f2      	cbnz	r2, 20000546 <dcd_rp2040_irq+0x18e>
20000508:	2301      	movs	r3, #1
2000050a:	f44f 61c0 	mov.w	r1, #1536	@ 0x600
2000050e:	4a6b      	ldr	r2, [pc, #428]	@ (200006bc <dcd_rp2040_irq+0x304>)
20000510:	f884 3023 	strb.w	r3, [r4, #35]	@ 0x23
20000514:	9101      	str	r1, [sp, #4]
20000516:	e892 0003 	ldmia.w	r2, {r0, r1}
2000051a:	aa04      	add	r2, sp, #16
2000051c:	e902 0003 	stmdb	r2, {r0, r1}
20000520:	4619      	mov	r1, r3
20000522:	a801      	add	r0, sp, #4
20000524:	f000 fb62 	bl	20000bec <dcd_event_handler>
20000528:	f44f 3200 	mov.w	r2, #131072	@ 0x20000
2000052c:	4b60      	ldr	r3, [pc, #384]	@ (200006b0 <dcd_rp2040_irq+0x2f8>)
2000052e:	651a      	str	r2, [r3, #80]	@ 0x50
20000530:	04e9      	lsls	r1, r5, #19
20000532:	d41d      	bmi.n	20000570 <dcd_rp2040_irq+0x1b8>
20000534:	046a      	lsls	r2, r5, #17
20000536:	d436      	bmi.n	200005a6 <dcd_rp2040_irq+0x1ee>
20000538:	042b      	lsls	r3, r5, #16
2000053a:	d44a      	bmi.n	200005d2 <dcd_rp2040_irq+0x21a>
2000053c:	42ae      	cmp	r6, r5
2000053e:	f040 81b7 	bne.w	200008b0 <dcd_rp2040_irq+0x4f8>
20000542:	b005      	add	sp, #20
20000544:	bdf0      	pop	{r4, r5, r6, r7, pc}
20000546:	4a5c      	ldr	r2, [pc, #368]	@ (200006b8 <dcd_rp2040_irq+0x300>)
20000548:	6613      	str	r3, [r2, #96]	@ 0x60
2000054a:	f5a2 5200 	sub.w	r2, r2, #8192	@ 0x2000
2000054e:	6e53      	ldr	r3, [r2, #100]	@ 0x64
20000550:	07d8      	lsls	r0, r3, #31
20000552:	d5fc      	bpl.n	2000054e <dcd_rp2040_irq+0x196>
20000554:	f44f 5240 	mov.w	r2, #12288	@ 0x3000
20000558:	2100      	movs	r1, #0
2000055a:	4859      	ldr	r0, [pc, #356]	@ (200006c0 <dcd_rp2040_irq+0x308>)
2000055c:	f000 fad4 	bl	20000b08 <_hw_endpoint_buffer_control_update32>
20000560:	4857      	ldr	r0, [pc, #348]	@ (200006c0 <dcd_rp2040_irq+0x308>)
20000562:	f000 facb 	bl	20000afc <hw_endpoint_reset_transfer>
20000566:	2201      	movs	r2, #1
20000568:	4b51      	ldr	r3, [pc, #324]	@ (200006b0 <dcd_rp2040_irq+0x2f8>)
2000056a:	665a      	str	r2, [r3, #100]	@ 0x64
2000056c:	661a      	str	r2, [r3, #96]	@ 0x60
2000056e:	e7cb      	b.n	20000508 <dcd_rp2040_irq+0x150>
20000570:	2400      	movs	r4, #0
20000572:	4b4a      	ldr	r3, [pc, #296]	@ (2000069c <dcd_rp2040_irq+0x2e4>)
20000574:	f446 5680 	orr.w	r6, r6, #4096	@ 0x1000
20000578:	601c      	str	r4, [r3, #0]
2000057a:	f7ff fe99 	bl	200002b0 <reset_non_control_endpoints>
2000057e:	f44f 7380 	mov.w	r3, #256	@ 0x100
20000582:	2101      	movs	r1, #1
20000584:	a801      	add	r0, sp, #4
20000586:	f8ad 3004 	strh.w	r3, [sp, #4]
2000058a:	f8cd 4006 	str.w	r4, [sp, #6]
2000058e:	f8cd 400a 	str.w	r4, [sp, #10]
20000592:	f8ad 400e 	strh.w	r4, [sp, #14]
20000596:	f000 fb29 	bl	20000bec <dcd_event_handler>
2000059a:	f44f 2200 	mov.w	r2, #524288	@ 0x80000
2000059e:	4b44      	ldr	r3, [pc, #272]	@ (200006b0 <dcd_rp2040_irq+0x2f8>)
200005a0:	651a      	str	r2, [r3, #80]	@ 0x50
200005a2:	046a      	lsls	r2, r5, #17
200005a4:	d5c8      	bpl.n	20000538 <dcd_rp2040_irq+0x180>
200005a6:	2300      	movs	r3, #0
200005a8:	f44f 6280 	mov.w	r2, #1024	@ 0x400
200005ac:	2101      	movs	r1, #1
200005ae:	a801      	add	r0, sp, #4
200005b0:	f8ad 300e 	strh.w	r3, [sp, #14]
200005b4:	f8cd 3006 	str.w	r3, [sp, #6]
200005b8:	f8cd 300a 	str.w	r3, [sp, #10]
200005bc:	f8ad 2004 	strh.w	r2, [sp, #4]
200005c0:	f000 fb14 	bl	20000bec <dcd_event_handler>
200005c4:	2210      	movs	r2, #16
200005c6:	4b3a      	ldr	r3, [pc, #232]	@ (200006b0 <dcd_rp2040_irq+0x2f8>)
200005c8:	f446 4680 	orr.w	r6, r6, #16384	@ 0x4000
200005cc:	651a      	str	r2, [r3, #80]	@ 0x50
200005ce:	042b      	lsls	r3, r5, #16
200005d0:	d5b4      	bpl.n	2000053c <dcd_rp2040_irq+0x184>
200005d2:	2300      	movs	r3, #0
200005d4:	f44f 62a0 	mov.w	r2, #1280	@ 0x500
200005d8:	2101      	movs	r1, #1
200005da:	a801      	add	r0, sp, #4
200005dc:	f8ad 300e 	strh.w	r3, [sp, #14]
200005e0:	f8cd 3006 	str.w	r3, [sp, #6]
200005e4:	f8cd 300a 	str.w	r3, [sp, #10]
200005e8:	f8ad 2004 	strh.w	r2, [sp, #4]
200005ec:	f000 fafe 	bl	20000bec <dcd_event_handler>
200005f0:	f44f 6200 	mov.w	r2, #2048	@ 0x800
200005f4:	4b2e      	ldr	r3, [pc, #184]	@ (200006b0 <dcd_rp2040_irq+0x2f8>)
200005f6:	f446 4600 	orr.w	r6, r6, #32768	@ 0x8000
200005fa:	651a      	str	r2, [r3, #80]	@ 0x50
200005fc:	e79e      	b.n	2000053c <dcd_rp2040_irq+0x184>
200005fe:	f894 603a 	ldrb.w	r6, [r4, #58]	@ 0x3a
20000602:	2e00      	cmp	r6, #0
20000604:	f43f aeeb 	beq.w	200003de <dcd_rp2040_irq+0x26>
20000608:	f894 303c 	ldrb.w	r3, [r4, #60]	@ 0x3c
2000060c:	2b00      	cmp	r3, #0
2000060e:	f43f aee6 	beq.w	200003de <dcd_rp2040_irq+0x26>
20000612:	2300      	movs	r3, #0
20000614:	f104 0020 	add.w	r0, r4, #32
20000618:	f884 303c 	strb.w	r3, [r4, #60]	@ 0x3c
2000061c:	f000 fa96 	bl	20000b4c <hw_endpoint_start_next_buffer>
20000620:	e6dd      	b.n	200003de <dcd_rp2040_irq+0x26>
20000622:	f894 737a 	ldrb.w	r7, [r4, #890]	@ 0x37a
20000626:	2f00      	cmp	r7, #0
20000628:	f43f af1a 	beq.w	20000460 <dcd_rp2040_irq+0xa8>
2000062c:	f894 337c 	ldrb.w	r3, [r4, #892]	@ 0x37c
20000630:	2b00      	cmp	r3, #0
20000632:	f040 8136 	bne.w	200008a2 <dcd_rp2040_irq+0x4ea>
20000636:	f894 33bb 	ldrb.w	r3, [r4, #955]	@ 0x3bb
2000063a:	2b02      	cmp	r3, #2
2000063c:	d123      	bne.n	20000686 <dcd_rp2040_irq+0x2ce>
2000063e:	f894 33ba 	ldrb.w	r3, [r4, #954]	@ 0x3ba
20000642:	b9db      	cbnz	r3, 2000067c <dcd_rp2040_irq+0x2c4>
20000644:	f894 33fb 	ldrb.w	r3, [r4, #1019]	@ 0x3fb
20000648:	2b02      	cmp	r3, #2
2000064a:	f47f af1c 	bne.w	20000486 <dcd_rp2040_irq+0xce>
2000064e:	463e      	mov	r6, r7
20000650:	f894 33fa 	ldrb.w	r3, [r4, #1018]	@ 0x3fa
20000654:	2b00      	cmp	r3, #0
20000656:	f43f af0d 	beq.w	20000474 <dcd_rp2040_irq+0xbc>
2000065a:	f894 33fc 	ldrb.w	r3, [r4, #1020]	@ 0x3fc
2000065e:	2b00      	cmp	r3, #0
20000660:	f43f af11 	beq.w	20000486 <dcd_rp2040_irq+0xce>
20000664:	2300      	movs	r3, #0
20000666:	4817      	ldr	r0, [pc, #92]	@ (200006c4 <dcd_rp2040_irq+0x30c>)
20000668:	f884 33fc 	strb.w	r3, [r4, #1020]	@ 0x3fc
2000066c:	f000 fa6e 	bl	20000b4c <hw_endpoint_start_next_buffer>
20000670:	e709      	b.n	20000486 <dcd_rp2040_irq+0xce>
20000672:	f894 33ba 	ldrb.w	r3, [r4, #954]	@ 0x3ba
20000676:	2b00      	cmp	r3, #0
20000678:	f43f aef7 	beq.w	2000046a <dcd_rp2040_irq+0xb2>
2000067c:	f894 33bc 	ldrb.w	r3, [r4, #956]	@ 0x3bc
20000680:	2b00      	cmp	r3, #0
20000682:	f040 80a7 	bne.w	200007d4 <dcd_rp2040_irq+0x41c>
20000686:	f894 33fb 	ldrb.w	r3, [r4, #1019]	@ 0x3fb
2000068a:	2b02      	cmp	r3, #2
2000068c:	f47f aefb 	bne.w	20000486 <dcd_rp2040_irq+0xce>
20000690:	f894 33fa 	ldrb.w	r3, [r4, #1018]	@ 0x3fa
20000694:	2b00      	cmp	r3, #0
20000696:	d1e0      	bne.n	2000065a <dcd_rp2040_irq+0x2a2>
20000698:	e6f5      	b.n	20000486 <dcd_rp2040_irq+0xce>
2000069a:	bf00      	nop
2000069c:	50110000 	.word	0x50110000
200006a0:	400b0000 	.word	0x400b0000
200006a4:	20001ed0 	.word	0x20001ed0
200006a8:	20001ec8 	.word	0x20001ec8
200006ac:	2000232a 	.word	0x2000232a
200006b0:	50113000 	.word	0x50113000
200006b4:	00020010 	.word	0x00020010
200006b8:	50112000 	.word	0x50112000
200006bc:	50100000 	.word	0x50100000
200006c0:	20001ef0 	.word	0x20001ef0
200006c4:	200022b0 	.word	0x200022b0
200006c8:	f894 733a 	ldrb.w	r7, [r4, #826]	@ 0x33a
200006cc:	2f00      	cmp	r7, #0
200006ce:	f43f aec2 	beq.w	20000456 <dcd_rp2040_irq+0x9e>
200006d2:	f894 333c 	ldrb.w	r3, [r4, #828]	@ 0x33c
200006d6:	2b00      	cmp	r3, #0
200006d8:	f040 80db 	bne.w	20000892 <dcd_rp2040_irq+0x4da>
200006dc:	463e      	mov	r6, r7
200006de:	e6ba      	b.n	20000456 <dcd_rp2040_irq+0x9e>
200006e0:	f894 72fa 	ldrb.w	r7, [r4, #762]	@ 0x2fa
200006e4:	2f00      	cmp	r7, #0
200006e6:	f43f aeb1 	beq.w	2000044c <dcd_rp2040_irq+0x94>
200006ea:	f894 32fc 	ldrb.w	r3, [r4, #764]	@ 0x2fc
200006ee:	2b00      	cmp	r3, #0
200006f0:	f040 80c7 	bne.w	20000882 <dcd_rp2040_irq+0x4ca>
200006f4:	463e      	mov	r6, r7
200006f6:	e6a9      	b.n	2000044c <dcd_rp2040_irq+0x94>
200006f8:	f894 72ba 	ldrb.w	r7, [r4, #698]	@ 0x2ba
200006fc:	2f00      	cmp	r7, #0
200006fe:	f43f aea0 	beq.w	20000442 <dcd_rp2040_irq+0x8a>
20000702:	f894 32bc 	ldrb.w	r3, [r4, #700]	@ 0x2bc
20000706:	2b00      	cmp	r3, #0
20000708:	f040 80b3 	bne.w	20000872 <dcd_rp2040_irq+0x4ba>
2000070c:	463e      	mov	r6, r7
2000070e:	e698      	b.n	20000442 <dcd_rp2040_irq+0x8a>
20000710:	f894 727a 	ldrb.w	r7, [r4, #634]	@ 0x27a
20000714:	2f00      	cmp	r7, #0
20000716:	f43f ae8f 	beq.w	20000438 <dcd_rp2040_irq+0x80>
2000071a:	f894 327c 	ldrb.w	r3, [r4, #636]	@ 0x27c
2000071e:	2b00      	cmp	r3, #0
20000720:	f040 809f 	bne.w	20000862 <dcd_rp2040_irq+0x4aa>
20000724:	463e      	mov	r6, r7
20000726:	e687      	b.n	20000438 <dcd_rp2040_irq+0x80>
20000728:	f894 723a 	ldrb.w	r7, [r4, #570]	@ 0x23a
2000072c:	2f00      	cmp	r7, #0
2000072e:	f43f ae7e 	beq.w	2000042e <dcd_rp2040_irq+0x76>
20000732:	f894 323c 	ldrb.w	r3, [r4, #572]	@ 0x23c
20000736:	2b00      	cmp	r3, #0
20000738:	f040 808b 	bne.w	20000852 <dcd_rp2040_irq+0x49a>
2000073c:	463e      	mov	r6, r7
2000073e:	e676      	b.n	2000042e <dcd_rp2040_irq+0x76>
20000740:	f894 71fa 	ldrb.w	r7, [r4, #506]	@ 0x1fa
20000744:	2f00      	cmp	r7, #0
20000746:	f43f ae6d 	beq.w	20000424 <dcd_rp2040_irq+0x6c>
2000074a:	f894 31fc 	ldrb.w	r3, [r4, #508]	@ 0x1fc
2000074e:	2b00      	cmp	r3, #0
20000750:	d177      	bne.n	20000842 <dcd_rp2040_irq+0x48a>
20000752:	463e      	mov	r6, r7
20000754:	e666      	b.n	20000424 <dcd_rp2040_irq+0x6c>
20000756:	f894 71ba 	ldrb.w	r7, [r4, #442]	@ 0x1ba
2000075a:	2f00      	cmp	r7, #0
2000075c:	f43f ae5d 	beq.w	2000041a <dcd_rp2040_irq+0x62>
20000760:	f894 31bc 	ldrb.w	r3, [r4, #444]	@ 0x1bc
20000764:	2b00      	cmp	r3, #0
20000766:	d164      	bne.n	20000832 <dcd_rp2040_irq+0x47a>
20000768:	463e      	mov	r6, r7
2000076a:	e656      	b.n	2000041a <dcd_rp2040_irq+0x62>
2000076c:	f894 717a 	ldrb.w	r7, [r4, #378]	@ 0x17a
20000770:	2f00      	cmp	r7, #0
20000772:	f43f ae4d 	beq.w	20000410 <dcd_rp2040_irq+0x58>
20000776:	f894 317c 	ldrb.w	r3, [r4, #380]	@ 0x17c
2000077a:	2b00      	cmp	r3, #0
2000077c:	d151      	bne.n	20000822 <dcd_rp2040_irq+0x46a>
2000077e:	463e      	mov	r6, r7
20000780:	e646      	b.n	20000410 <dcd_rp2040_irq+0x58>
20000782:	f894 713a 	ldrb.w	r7, [r4, #314]	@ 0x13a
20000786:	2f00      	cmp	r7, #0
20000788:	f43f ae3d 	beq.w	20000406 <dcd_rp2040_irq+0x4e>
2000078c:	f894 313c 	ldrb.w	r3, [r4, #316]	@ 0x13c
20000790:	2b00      	cmp	r3, #0
20000792:	d13e      	bne.n	20000812 <dcd_rp2040_irq+0x45a>
20000794:	463e      	mov	r6, r7
20000796:	e636      	b.n	20000406 <dcd_rp2040_irq+0x4e>
20000798:	f894 70fa 	ldrb.w	r7, [r4, #250]	@ 0xfa
2000079c:	2f00      	cmp	r7, #0
2000079e:	f43f ae2d 	beq.w	200003fc <dcd_rp2040_irq+0x44>
200007a2:	f894 30fc 	ldrb.w	r3, [r4, #252]	@ 0xfc
200007a6:	bb63      	cbnz	r3, 20000802 <dcd_rp2040_irq+0x44a>
200007a8:	463e      	mov	r6, r7
200007aa:	e627      	b.n	200003fc <dcd_rp2040_irq+0x44>
200007ac:	f894 70ba 	ldrb.w	r7, [r4, #186]	@ 0xba
200007b0:	2f00      	cmp	r7, #0
200007b2:	f43f ae1e 	beq.w	200003f2 <dcd_rp2040_irq+0x3a>
200007b6:	f894 30bc 	ldrb.w	r3, [r4, #188]	@ 0xbc
200007ba:	b9d3      	cbnz	r3, 200007f2 <dcd_rp2040_irq+0x43a>
200007bc:	463e      	mov	r6, r7
200007be:	e618      	b.n	200003f2 <dcd_rp2040_irq+0x3a>
200007c0:	f894 707a 	ldrb.w	r7, [r4, #122]	@ 0x7a
200007c4:	2f00      	cmp	r7, #0
200007c6:	f43f ae0f 	beq.w	200003e8 <dcd_rp2040_irq+0x30>
200007ca:	f894 307c 	ldrb.w	r3, [r4, #124]	@ 0x7c
200007ce:	b943      	cbnz	r3, 200007e2 <dcd_rp2040_irq+0x42a>
200007d0:	463e      	mov	r6, r7
200007d2:	e609      	b.n	200003e8 <dcd_rp2040_irq+0x30>
200007d4:	2300      	movs	r3, #0
200007d6:	4839      	ldr	r0, [pc, #228]	@ (200008bc <dcd_rp2040_irq+0x504>)
200007d8:	f884 33bc 	strb.w	r3, [r4, #956]	@ 0x3bc
200007dc:	f000 f9b6 	bl	20000b4c <hw_endpoint_start_next_buffer>
200007e0:	e751      	b.n	20000686 <dcd_rp2040_irq+0x2ce>
200007e2:	2300      	movs	r3, #0
200007e4:	4836      	ldr	r0, [pc, #216]	@ (200008c0 <dcd_rp2040_irq+0x508>)
200007e6:	f884 307c 	strb.w	r3, [r4, #124]	@ 0x7c
200007ea:	463e      	mov	r6, r7
200007ec:	f000 f9ae 	bl	20000b4c <hw_endpoint_start_next_buffer>
200007f0:	e5fa      	b.n	200003e8 <dcd_rp2040_irq+0x30>
200007f2:	2300      	movs	r3, #0
200007f4:	4833      	ldr	r0, [pc, #204]	@ (200008c4 <dcd_rp2040_irq+0x50c>)
200007f6:	f884 30bc 	strb.w	r3, [r4, #188]	@ 0xbc
200007fa:	463e      	mov	r6, r7
200007fc:	f000 f9a6 	bl	20000b4c <hw_endpoint_start_next_buffer>
20000800:	e5f7      	b.n	200003f2 <dcd_rp2040_irq+0x3a>
20000802:	2300      	movs	r3, #0
20000804:	4830      	ldr	r0, [pc, #192]	@ (200008c8 <dcd_rp2040_irq+0x510>)
20000806:	f884 30fc 	strb.w	r3, [r4, #252]	@ 0xfc
2000080a:	463e      	mov	r6, r7
2000080c:	f000 f99e 	bl	20000b4c <hw_endpoint_start_next_buffer>
20000810:	e5f4      	b.n	200003fc <dcd_rp2040_irq+0x44>
20000812:	2300      	movs	r3, #0
20000814:	482d      	ldr	r0, [pc, #180]	@ (200008cc <dcd_rp2040_irq+0x514>)
20000816:	f884 313c 	strb.w	r3, [r4, #316]	@ 0x13c
2000081a:	463e      	mov	r6, r7
2000081c:	f000 f996 	bl	20000b4c <hw_endpoint_start_next_buffer>
20000820:	e5f1      	b.n	20000406 <dcd_rp2040_irq+0x4e>
20000822:	2300      	movs	r3, #0
20000824:	482a      	ldr	r0, [pc, #168]	@ (200008d0 <dcd_rp2040_irq+0x518>)
20000826:	f884 317c 	strb.w	r3, [r4, #380]	@ 0x17c
2000082a:	463e      	mov	r6, r7
2000082c:	f000 f98e 	bl	20000b4c <hw_endpoint_start_next_buffer>
20000830:	e5ee      	b.n	20000410 <dcd_rp2040_irq+0x58>
20000832:	2300      	movs	r3, #0
20000834:	4827      	ldr	r0, [pc, #156]	@ (200008d4 <dcd_rp2040_irq+0x51c>)
20000836:	f884 31bc 	strb.w	r3, [r4, #444]	@ 0x1bc
2000083a:	463e      	mov	r6, r7
2000083c:	f000 f986 	bl	20000b4c <hw_endpoint_start_next_buffer>
20000840:	e5eb      	b.n	2000041a <dcd_rp2040_irq+0x62>
20000842:	2300      	movs	r3, #0
20000844:	4824      	ldr	r0, [pc, #144]	@ (200008d8 <dcd_rp2040_irq+0x520>)
20000846:	f884 31fc 	strb.w	r3, [r4, #508]	@ 0x1fc
2000084a:	463e      	mov	r6, r7
2000084c:	f000 f97e 	bl	20000b4c <hw_endpoint_start_next_buffer>
20000850:	e5e8      	b.n	20000424 <dcd_rp2040_irq+0x6c>
20000852:	2300      	movs	r3, #0
20000854:	4821      	ldr	r0, [pc, #132]	@ (200008dc <dcd_rp2040_irq+0x524>)
20000856:	f884 323c 	strb.w	r3, [r4, #572]	@ 0x23c
2000085a:	463e      	mov	r6, r7
2000085c:	f000 f976 	bl	20000b4c <hw_endpoint_start_next_buffer>
20000860:	e5e5      	b.n	2000042e <dcd_rp2040_irq+0x76>
20000862:	2300      	movs	r3, #0
20000864:	481e      	ldr	r0, [pc, #120]	@ (200008e0 <dcd_rp2040_irq+0x528>)
20000866:	f884 327c 	strb.w	r3, [r4, #636]	@ 0x27c
2000086a:	463e      	mov	r6, r7
2000086c:	f000 f96e 	bl	20000b4c <hw_endpoint_start_next_buffer>
20000870:	e5e2      	b.n	20000438 <dcd_rp2040_irq+0x80>
20000872:	2300      	movs	r3, #0
20000874:	481b      	ldr	r0, [pc, #108]	@ (200008e4 <dcd_rp2040_irq+0x52c>)
20000876:	f884 32bc 	strb.w	r3, [r4, #700]	@ 0x2bc
2000087a:	463e      	mov	r6, r7
2000087c:	f000 f966 	bl	20000b4c <hw_endpoint_start_next_buffer>
20000880:	e5df      	b.n	20000442 <dcd_rp2040_irq+0x8a>
20000882:	2300      	movs	r3, #0
20000884:	4818      	ldr	r0, [pc, #96]	@ (200008e8 <dcd_rp2040_irq+0x530>)
20000886:	f884 32fc 	strb.w	r3, [r4, #764]	@ 0x2fc
2000088a:	463e      	mov	r6, r7
2000088c:	f000 f95e 	bl	20000b4c <hw_endpoint_start_next_buffer>
20000890:	e5dc      	b.n	2000044c <dcd_rp2040_irq+0x94>
20000892:	2300      	movs	r3, #0
20000894:	4815      	ldr	r0, [pc, #84]	@ (200008ec <dcd_rp2040_irq+0x534>)
20000896:	f884 333c 	strb.w	r3, [r4, #828]	@ 0x33c
2000089a:	463e      	mov	r6, r7
2000089c:	f000 f956 	bl	20000b4c <hw_endpoint_start_next_buffer>
200008a0:	e5d9      	b.n	20000456 <dcd_rp2040_irq+0x9e>
200008a2:	2300      	movs	r3, #0
200008a4:	4812      	ldr	r0, [pc, #72]	@ (200008f0 <dcd_rp2040_irq+0x538>)
200008a6:	f884 337c 	strb.w	r3, [r4, #892]	@ 0x37c
200008aa:	f000 f94f 	bl	20000b4c <hw_endpoint_start_next_buffer>
200008ae:	e6c2      	b.n	20000636 <dcd_rp2040_irq+0x27e>
200008b0:	4810      	ldr	r0, [pc, #64]	@ (200008f4 <dcd_rp2040_irq+0x53c>)
200008b2:	ea86 0105 	eor.w	r1, r6, r5
200008b6:	f000 fe03 	bl	200014c0 <__panic_veneer>
200008ba:	bf00      	nop
200008bc:	20002270 	.word	0x20002270
200008c0:	20001f30 	.word	0x20001f30
200008c4:	20001f70 	.word	0x20001f70
200008c8:	20001fb0 	.word	0x20001fb0
200008cc:	20001ff0 	.word	0x20001ff0
200008d0:	20002030 	.word	0x20002030
200008d4:	20002070 	.word	0x20002070
200008d8:	200020b0 	.word	0x200020b0
200008dc:	200020f0 	.word	0x200020f0
200008e0:	20002130 	.word	0x20002130
200008e4:	20002170 	.word	0x20002170
200008e8:	200021b0 	.word	0x200021b0
200008ec:	200021f0 	.word	0x200021f0
200008f0:	20002230 	.word	0x20002230
200008f4:	1000631c 	.word	0x1000631c

200008f8 <prepare_ep_buffer>:
200008f8:	e92d 43f0 	stmdb	sp!, {r4, r5, r6, r7, r8, r9, lr}
200008fc:	8a82      	ldrh	r2, [r0, #20]
200008fe:	8b04      	ldrh	r4, [r0, #24]
20000900:	4603      	mov	r3, r0
20000902:	4294      	cmp	r4, r2
20000904:	78c0      	ldrb	r0, [r0, #3]
20000906:	bf28      	it	cs
20000908:	4614      	movcs	r4, r2
2000090a:	1e05      	subs	r5, r0, #0
2000090c:	bf18      	it	ne
2000090e:	2501      	movne	r5, #1
20000910:	f080 0001 	eor.w	r0, r0, #1
20000914:	1b12      	subs	r2, r2, r4
20000916:	785e      	ldrb	r6, [r3, #1]
20000918:	70d8      	strb	r0, [r3, #3]
2000091a:	b292      	uxth	r2, r2
2000091c:	f444 6080 	orr.w	r0, r4, #1024	@ 0x400
20000920:	829a      	strh	r2, [r3, #20]
20000922:	ea40 3045 	orr.w	r0, r0, r5, lsl #13
20000926:	bb06      	cbnz	r6, 2000096a <prepare_ep_buffer+0x72>
20000928:	68dd      	ldr	r5, [r3, #12]
2000092a:	f104 38ff 	add.w	r8, r4, #4294967295	@ 0xffffffff
2000092e:	eb05 1c81 	add.w	ip, r5, r1, lsl #6
20000932:	691d      	ldr	r5, [r3, #16]
20000934:	b1ac      	cbz	r4, 20000962 <prepare_ep_buffer+0x6a>
20000936:	f1b8 0f05 	cmp.w	r8, #5
2000093a:	f105 0201 	add.w	r2, r5, #1
2000093e:	d903      	bls.n	20000948 <prepare_ep_buffer+0x50>
20000940:	ebac 0702 	sub.w	r7, ip, r2
20000944:	2f02      	cmp	r7, #2
20000946:	d817      	bhi.n	20000978 <prepare_ep_buffer+0x80>
20000948:	f10c 3cff 	add.w	ip, ip, #4294967295	@ 0xffffffff
2000094c:	4425      	add	r5, r4
2000094e:	e000      	b.n	20000952 <prepare_ep_buffer+0x5a>
20000950:	3201      	adds	r2, #1
20000952:	f812 6c01 	ldrb.w	r6, [r2, #-1]
20000956:	42aa      	cmp	r2, r5
20000958:	f80c 6f01 	strb.w	r6, [ip, #1]!
2000095c:	d1f8      	bne.n	20000950 <prepare_ep_buffer+0x58>
2000095e:	691d      	ldr	r5, [r3, #16]
20000960:	8a9a      	ldrh	r2, [r3, #20]
20000962:	4425      	add	r5, r4
20000964:	611d      	str	r5, [r3, #16]
20000966:	f440 4000 	orr.w	r0, r0, #32768	@ 0x8000
2000096a:	b90a      	cbnz	r2, 20000970 <prepare_ep_buffer+0x78>
2000096c:	f440 4080 	orr.w	r0, r0, #16384	@ 0x4000
20000970:	b101      	cbz	r1, 20000974 <prepare_ep_buffer+0x7c>
20000972:	0400      	lsls	r0, r0, #16
20000974:	e8bd 83f0 	ldmia.w	sp!, {r4, r5, r6, r7, r8, r9, pc}
20000978:	462f      	mov	r7, r5
2000097a:	46e6      	mov	lr, ip
2000097c:	4632      	mov	r2, r6
2000097e:	1f26      	subs	r6, r4, #4
20000980:	08b6      	lsrs	r6, r6, #2
20000982:	3601      	adds	r6, #1
20000984:	f857 9b04 	ldr.w	r9, [r7], #4
20000988:	3201      	adds	r2, #1
2000098a:	42b2      	cmp	r2, r6
2000098c:	f84e 9b04 	str.w	r9, [lr], #4
20000990:	d3f8      	bcc.n	20000984 <prepare_ep_buffer+0x8c>
20000992:	ebb4 0f86 	cmp.w	r4, r6, lsl #2
20000996:	eba8 0286 	sub.w	r2, r8, r6, lsl #2
2000099a:	eb05 0e86 	add.w	lr, r5, r6, lsl #2
2000099e:	eb0c 0786 	add.w	r7, ip, r6, lsl #2
200009a2:	d0dc      	beq.n	2000095e <prepare_ep_buffer+0x66>
200009a4:	f815 5026 	ldrb.w	r5, [r5, r6, lsl #2]
200009a8:	f80c 5026 	strb.w	r5, [ip, r6, lsl #2]
200009ac:	2a00      	cmp	r2, #0
200009ae:	d0d6      	beq.n	2000095e <prepare_ep_buffer+0x66>
200009b0:	f89e 5001 	ldrb.w	r5, [lr, #1]
200009b4:	2a01      	cmp	r2, #1
200009b6:	707d      	strb	r5, [r7, #1]
200009b8:	d0d1      	beq.n	2000095e <prepare_ep_buffer+0x66>
200009ba:	f89e 2002 	ldrb.w	r2, [lr, #2]
200009be:	70ba      	strb	r2, [r7, #2]
200009c0:	691d      	ldr	r5, [r3, #16]
200009c2:	8a9a      	ldrh	r2, [r3, #20]
200009c4:	e7cd      	b.n	20000962 <prepare_ep_buffer+0x6a>
200009c6:	bf00      	nop

200009c8 <sync_ep_buffer>:
200009c8:	6883      	ldr	r3, [r0, #8]
200009ca:	4602      	mov	r2, r0
200009cc:	6818      	ldr	r0, [r3, #0]
200009ce:	b101      	cbz	r1, 200009d2 <sync_ep_buffer+0xa>
200009d0:	0c00      	lsrs	r0, r0, #16
200009d2:	7853      	ldrb	r3, [r2, #1]
200009d4:	f3c0 0009 	ubfx	r0, r0, #0, #10
200009d8:	b313      	cbz	r3, 20000a20 <sync_ep_buffer+0x58>
200009da:	b5f0      	push	{r4, r5, r6, r7, lr}
200009dc:	e9d2 5403 	ldrd	r5, r4, [r2, #12]
200009e0:	018f      	lsls	r7, r1, #6
200009e2:	eb05 1381 	add.w	r3, r5, r1, lsl #6
200009e6:	1e46      	subs	r6, r0, #1
200009e8:	b178      	cbz	r0, 20000a0a <sync_ep_buffer+0x42>
200009ea:	2e05      	cmp	r6, #5
200009ec:	d904      	bls.n	200009f8 <sync_ep_buffer+0x30>
200009ee:	3701      	adds	r7, #1
200009f0:	443d      	add	r5, r7
200009f2:	1b65      	subs	r5, r4, r5
200009f4:	2d02      	cmp	r5, #2
200009f6:	d81c      	bhi.n	20000a32 <sync_ep_buffer+0x6a>
200009f8:	1e61      	subs	r1, r4, #1
200009fa:	181d      	adds	r5, r3, r0
200009fc:	f813 4b01 	ldrb.w	r4, [r3], #1
20000a00:	429d      	cmp	r5, r3
20000a02:	f801 4f01 	strb.w	r4, [r1, #1]!
20000a06:	d1f9      	bne.n	200009fc <sync_ep_buffer+0x34>
20000a08:	6914      	ldr	r4, [r2, #16]
20000a0a:	8ad3      	ldrh	r3, [r2, #22]
20000a0c:	4404      	add	r4, r0
20000a0e:	4403      	add	r3, r0
20000a10:	82d3      	strh	r3, [r2, #22]
20000a12:	8b13      	ldrh	r3, [r2, #24]
20000a14:	6114      	str	r4, [r2, #16]
20000a16:	4283      	cmp	r3, r0
20000a18:	bf84      	itt	hi
20000a1a:	2300      	movhi	r3, #0
20000a1c:	8293      	strhhi	r3, [r2, #20]
20000a1e:	bdf0      	pop	{r4, r5, r6, r7, pc}
20000a20:	8ad3      	ldrh	r3, [r2, #22]
20000a22:	4403      	add	r3, r0
20000a24:	82d3      	strh	r3, [r2, #22]
20000a26:	8b13      	ldrh	r3, [r2, #24]
20000a28:	4283      	cmp	r3, r0
20000a2a:	bf84      	itt	hi
20000a2c:	2300      	movhi	r3, #0
20000a2e:	8293      	strhhi	r3, [r2, #20]
20000a30:	4770      	bx	lr
20000a32:	469e      	mov	lr, r3
20000a34:	4625      	mov	r5, r4
20000a36:	2100      	movs	r1, #0
20000a38:	f1a0 0c04 	sub.w	ip, r0, #4
20000a3c:	ea4f 0c9c 	mov.w	ip, ip, lsr #2
20000a40:	f10c 0c01 	add.w	ip, ip, #1
20000a44:	f85e 7b04 	ldr.w	r7, [lr], #4
20000a48:	3101      	adds	r1, #1
20000a4a:	458c      	cmp	ip, r1
20000a4c:	f845 7b04 	str.w	r7, [r5], #4
20000a50:	d8f8      	bhi.n	20000a44 <sync_ep_buffer+0x7c>
20000a52:	ebb0 0f8c 	cmp.w	r0, ip, lsl #2
20000a56:	eba6 068c 	sub.w	r6, r6, ip, lsl #2
20000a5a:	eb03 058c 	add.w	r5, r3, ip, lsl #2
20000a5e:	eb04 018c 	add.w	r1, r4, ip, lsl #2
20000a62:	d0d1      	beq.n	20000a08 <sync_ep_buffer+0x40>
20000a64:	f813 302c 	ldrb.w	r3, [r3, ip, lsl #2]
20000a68:	f804 302c 	strb.w	r3, [r4, ip, lsl #2]
20000a6c:	2e00      	cmp	r6, #0
20000a6e:	d0cb      	beq.n	20000a08 <sync_ep_buffer+0x40>
20000a70:	786b      	ldrb	r3, [r5, #1]
20000a72:	2e01      	cmp	r6, #1
20000a74:	704b      	strb	r3, [r1, #1]
20000a76:	d0c7      	beq.n	20000a08 <sync_ep_buffer+0x40>
20000a78:	78ab      	ldrb	r3, [r5, #2]
20000a7a:	708b      	strb	r3, [r1, #2]
20000a7c:	6914      	ldr	r4, [r2, #16]
20000a7e:	e7c4      	b.n	20000a0a <sync_ep_buffer+0x42>

20000a80 <_hw_endpoint_xfer_sync>:
20000a80:	b510      	push	{r4, lr}
20000a82:	4604      	mov	r4, r0
20000a84:	6883      	ldr	r3, [r0, #8]
20000a86:	2100      	movs	r1, #0
20000a88:	681b      	ldr	r3, [r3, #0]
20000a8a:	f7ff ff9d 	bl	200009c8 <sync_ep_buffer>
20000a8e:	6863      	ldr	r3, [r4, #4]
20000a90:	681b      	ldr	r3, [r3, #0]
20000a92:	005b      	lsls	r3, r3, #1
20000a94:	d502      	bpl.n	20000a9c <_hw_endpoint_xfer_sync+0x1c>
20000a96:	8b23      	ldrh	r3, [r4, #24]
20000a98:	4283      	cmp	r3, r0
20000a9a:	d000      	beq.n	20000a9e <_hw_endpoint_xfer_sync+0x1e>
20000a9c:	bd10      	pop	{r4, pc}
20000a9e:	4620      	mov	r0, r4
20000aa0:	e8bd 4010 	ldmia.w	sp!, {r4, lr}
20000aa4:	2101      	movs	r1, #1
20000aa6:	f7ff bf8f 	b.w	200009c8 <sync_ep_buffer>
20000aaa:	bf00      	nop

20000aac <e15_is_bulkin_ep>:
20000aac:	4b08      	ldr	r3, [pc, #32]	@ (20000ad0 <e15_is_bulkin_ep+0x24>)
20000aae:	6c1b      	ldr	r3, [r3, #64]	@ 0x40
20000ab0:	f013 0302 	ands.w	r3, r3, #2
20000ab4:	d102      	bne.n	20000abc <e15_is_bulkin_ep+0x10>
20000ab6:	7882      	ldrb	r2, [r0, #2]
20000ab8:	09d2      	lsrs	r2, r2, #7
20000aba:	d101      	bne.n	20000ac0 <e15_is_bulkin_ep+0x14>
20000abc:	2000      	movs	r0, #0
20000abe:	4770      	bx	lr
20000ac0:	7ec0      	ldrb	r0, [r0, #27]
20000ac2:	f1a0 0002 	sub.w	r0, r0, #2
20000ac6:	fab0 f080 	clz	r0, r0
20000aca:	0940      	lsrs	r0, r0, #5
20000acc:	4770      	bx	lr
20000ace:	bf00      	nop
20000ad0:	50110000 	.word	0x50110000

20000ad4 <e15_is_critical_frame_period>:
20000ad4:	b508      	push	{r3, lr}
20000ad6:	f7ff ffe9 	bl	20000aac <e15_is_bulkin_ep>
20000ada:	b150      	cbz	r0, 20000af2 <e15_is_critical_frame_period+0x1e>
20000adc:	4a05      	ldr	r2, [pc, #20]	@ (20000af4 <e15_is_critical_frame_period+0x20>)
20000ade:	4b06      	ldr	r3, [pc, #24]	@ (20000af8 <e15_is_critical_frame_period+0x24>)
20000ae0:	6a90      	ldr	r0, [r2, #40]	@ 0x28
20000ae2:	681b      	ldr	r3, [r3, #0]
20000ae4:	f5a0 7048 	sub.w	r0, r0, #800	@ 0x320
20000ae8:	1ac0      	subs	r0, r0, r3
20000aea:	28c6      	cmp	r0, #198	@ 0xc6
20000aec:	bf8c      	ite	hi
20000aee:	2000      	movhi	r0, #0
20000af0:	2001      	movls	r0, #1
20000af2:	bd08      	pop	{r3, pc}
20000af4:	400b0000 	.word	0x400b0000
20000af8:	20001ec8 	.word	0x20001ec8

20000afc <hw_endpoint_reset_transfer>:
20000afc:	2300      	movs	r3, #0
20000afe:	e9c0 3304 	strd	r3, r3, [r0, #16]
20000b02:	7683      	strb	r3, [r0, #26]
20000b04:	4770      	bx	lr
20000b06:	bf00      	nop

20000b08 <_hw_endpoint_buffer_control_update32>:
20000b08:	b510      	push	{r4, lr}
20000b0a:	6883      	ldr	r3, [r0, #8]
20000b0c:	b109      	cbz	r1, 20000b12 <_hw_endpoint_buffer_control_update32+0xa>
20000b0e:	681c      	ldr	r4, [r3, #0]
20000b10:	4021      	ands	r1, r4
20000b12:	b182      	cbz	r2, 20000b36 <_hw_endpoint_buffer_control_update32+0x2e>
20000b14:	4311      	orrs	r1, r2
20000b16:	0552      	lsls	r2, r2, #21
20000b18:	d50d      	bpl.n	20000b36 <_hw_endpoint_buffer_control_update32+0x2e>
20000b1a:	681a      	ldr	r2, [r3, #0]
20000b1c:	0554      	lsls	r4, r2, #21
20000b1e:	d40c      	bmi.n	20000b3a <_hw_endpoint_buffer_control_update32+0x32>
20000b20:	4a08      	ldr	r2, [pc, #32]	@ (20000b44 <_hw_endpoint_buffer_control_update32+0x3c>)
20000b22:	f421 6480 	bic.w	r4, r1, #1024	@ 0x400
20000b26:	601c      	str	r4, [r3, #0]
20000b28:	6c12      	ldr	r2, [r2, #64]	@ 0x40
20000b2a:	0792      	lsls	r2, r2, #30
20000b2c:	d403      	bmi.n	20000b36 <_hw_endpoint_buffer_control_update32+0x2e>
20000b2e:	230c      	movs	r3, #12
20000b30:	3b03      	subs	r3, #3
20000b32:	d2fd      	bcs.n	20000b30 <_hw_endpoint_buffer_control_update32+0x28>
20000b34:	6883      	ldr	r3, [r0, #8]
20000b36:	6019      	str	r1, [r3, #0]
20000b38:	bd10      	pop	{r4, pc}
20000b3a:	7881      	ldrb	r1, [r0, #2]
20000b3c:	4802      	ldr	r0, [pc, #8]	@ (20000b48 <_hw_endpoint_buffer_control_update32+0x40>)
20000b3e:	f000 fcbf 	bl	200014c0 <__panic_veneer>
20000b42:	bf00      	nop
20000b44:	50110000 	.word	0x50110000
20000b48:	10006330 	.word	0x10006330

20000b4c <hw_endpoint_start_next_buffer>:
20000b4c:	b530      	push	{r4, r5, lr}
20000b4e:	6843      	ldr	r3, [r0, #4]
20000b50:	2100      	movs	r1, #0
20000b52:	b083      	sub	sp, #12
20000b54:	4604      	mov	r4, r0
20000b56:	681d      	ldr	r5, [r3, #0]
20000b58:	f7ff fece 	bl	200008f8 <prepare_ep_buffer>
20000b5c:	4b13      	ldr	r3, [pc, #76]	@ (20000bac <hw_endpoint_start_next_buffer+0x60>)
20000b5e:	f440 5280 	orr.w	r2, r0, #4096	@ 0x1000
20000b62:	6c1b      	ldr	r3, [r3, #64]	@ 0x40
20000b64:	f013 0f02 	tst.w	r3, #2
20000b68:	78a3      	ldrb	r3, [r4, #2]
20000b6a:	d00e      	beq.n	20000b8a <hw_endpoint_start_next_buffer+0x3e>
20000b6c:	065b      	lsls	r3, r3, #25
20000b6e:	d00e      	beq.n	20000b8e <hw_endpoint_start_next_buffer+0x42>
20000b70:	f025 45a0 	bic.w	r5, r5, #1342177280	@ 0x50000000
20000b74:	f045 5500 	orr.w	r5, r5, #536870912	@ 0x20000000
20000b78:	2100      	movs	r1, #0
20000b7a:	4620      	mov	r0, r4
20000b7c:	6863      	ldr	r3, [r4, #4]
20000b7e:	601d      	str	r5, [r3, #0]
20000b80:	b003      	add	sp, #12
20000b82:	e8bd 4030 	ldmia.w	sp!, {r4, r5, lr}
20000b86:	f7ff bfbf 	b.w	20000b08 <_hw_endpoint_buffer_control_update32>
20000b8a:	09db      	lsrs	r3, r3, #7
20000b8c:	d0f0      	beq.n	20000b70 <hw_endpoint_start_next_buffer+0x24>
20000b8e:	8aa3      	ldrh	r3, [r4, #20]
20000b90:	2b00      	cmp	r3, #0
20000b92:	d0ed      	beq.n	20000b70 <hw_endpoint_start_next_buffer+0x24>
20000b94:	2101      	movs	r1, #1
20000b96:	4620      	mov	r0, r4
20000b98:	9201      	str	r2, [sp, #4]
20000b9a:	f7ff fead 	bl	200008f8 <prepare_ep_buffer>
20000b9e:	9a01      	ldr	r2, [sp, #4]
20000ba0:	f025 5500 	bic.w	r5, r5, #536870912	@ 0x20000000
20000ba4:	f045 45a0 	orr.w	r5, r5, #1342177280	@ 0x50000000
20000ba8:	4302      	orrs	r2, r0
20000baa:	e7e5      	b.n	20000b78 <hw_endpoint_start_next_buffer+0x2c>
20000bac:	50110000 	.word	0x50110000

20000bb0 <hw_endpoint_xfer_continue>:
20000bb0:	b538      	push	{r3, r4, r5, lr}
20000bb2:	7e85      	ldrb	r5, [r0, #26]
20000bb4:	4604      	mov	r4, r0
20000bb6:	b195      	cbz	r5, 20000bde <hw_endpoint_xfer_continue+0x2e>
20000bb8:	f7ff ff62 	bl	20000a80 <_hw_endpoint_xfer_sync>
20000bbc:	8aa3      	ldrh	r3, [r4, #20]
20000bbe:	b90b      	cbnz	r3, 20000bc4 <hw_endpoint_xfer_continue+0x14>
20000bc0:	4628      	mov	r0, r5
20000bc2:	bd38      	pop	{r3, r4, r5, pc}
20000bc4:	4620      	mov	r0, r4
20000bc6:	f7ff ff85 	bl	20000ad4 <e15_is_critical_frame_period>
20000bca:	b120      	cbz	r0, 20000bd6 <hw_endpoint_xfer_continue+0x26>
20000bcc:	2301      	movs	r3, #1
20000bce:	7723      	strb	r3, [r4, #28]
20000bd0:	2500      	movs	r5, #0
20000bd2:	4628      	mov	r0, r5
20000bd4:	bd38      	pop	{r3, r4, r5, pc}
20000bd6:	4620      	mov	r0, r4
20000bd8:	f7ff ffb8 	bl	20000b4c <hw_endpoint_start_next_buffer>
20000bdc:	e7f8      	b.n	20000bd0 <hw_endpoint_xfer_continue+0x20>
20000bde:	7881      	ldrb	r1, [r0, #2]
20000be0:	4801      	ldr	r0, [pc, #4]	@ (20000be8 <hw_endpoint_xfer_continue+0x38>)
20000be2:	f000 fc6d 	bl	200014c0 <__panic_veneer>
20000be6:	bf00      	nop
20000be8:	10006350 	.word	0x10006350

20000bec <dcd_event_handler>:
20000bec:	e92d 43f0 	stmdb	sp!, {r4, r5, r6, r7, r8, r9, lr}
20000bf0:	7843      	ldrb	r3, [r0, #1]
20000bf2:	4681      	mov	r9, r0
20000bf4:	3b02      	subs	r3, #2
20000bf6:	460d      	mov	r5, r1
20000bf8:	b085      	sub	sp, #20
20000bfa:	2b04      	cmp	r3, #4
20000bfc:	d813      	bhi.n	20000c26 <dcd_event_handler+0x3a>
20000bfe:	e8df f003 	tbb	[pc, r3]
20000c02:	4a03      	.short	0x4a03
20000c04:	736a      	.short	0x736a
20000c06:	44          	.byte	0x44
20000c07:	00          	.byte	0x00
20000c08:	2100      	movs	r1, #0
20000c0a:	4b7b      	ldr	r3, [pc, #492]	@ (20000df8 <dcd_event_handler+0x20c>)
20000c0c:	781a      	ldrb	r2, [r3, #0]
20000c0e:	f36f 0200 	bfc	r2, #0, #1
20000c12:	701a      	strb	r2, [r3, #0]
20000c14:	781a      	ldrb	r2, [r3, #0]
20000c16:	f36f 0241 	bfc	r2, #1, #1
20000c1a:	701a      	strb	r2, [r3, #0]
20000c1c:	7059      	strb	r1, [r3, #1]
20000c1e:	781a      	ldrb	r2, [r3, #0]
20000c20:	f361 0282 	bfi	r2, r1, #2, #1
20000c24:	701a      	strb	r2, [r3, #0]
20000c26:	4b75      	ldr	r3, [pc, #468]	@ (20000dfc <dcd_event_handler+0x210>)
20000c28:	681c      	ldr	r4, [r3, #0]
20000c2a:	6963      	ldr	r3, [r4, #20]
20000c2c:	f3ef 8210 	mrs	r2, PRIMASK
20000c30:	b672      	cpsid	i
20000c32:	e8d3 0fcf 	ldaexb	r0, [r3]
20000c36:	2101      	movs	r1, #1
20000c38:	2800      	cmp	r0, #0
20000c3a:	d1fa      	bne.n	20000c32 <dcd_event_handler+0x46>
20000c3c:	e8c3 1f40 	strexb	r0, r1, [r3]
20000c40:	2800      	cmp	r0, #0
20000c42:	d1f6      	bne.n	20000c32 <dcd_event_handler+0x46>
20000c44:	f3bf 8f5f 	dmb	sy
20000c48:	61a2      	str	r2, [r4, #24]
20000c4a:	4649      	mov	r1, r9
20000c4c:	4620      	mov	r0, r4
20000c4e:	f000 fc3f 	bl	200014d0 <__tu_fifo_write_veneer>
20000c52:	2300      	movs	r3, #0
20000c54:	6962      	ldr	r2, [r4, #20]
20000c56:	e8c2 3f8f 	stlb	r3, [r2]
20000c5a:	69a3      	ldr	r3, [r4, #24]
20000c5c:	f383 8810 	msr	PRIMASK, r3
20000c60:	b948      	cbnz	r0, 20000c76 <dcd_event_handler+0x8a>
20000c62:	f04f 23e0 	mov.w	r3, #3758153728	@ 0xe000e000
20000c66:	f8d3 3df0 	ldr.w	r3, [r3, #3568]	@ 0xdf0
20000c6a:	07db      	lsls	r3, r3, #31
20000c6c:	d50a      	bpl.n	20000c84 <dcd_event_handler+0x98>
20000c6e:	be00      	bkpt	0x0000
20000c70:	b005      	add	sp, #20
20000c72:	e8bd 83f0 	ldmia.w	sp!, {r4, r5, r6, r7, r8, r9, pc}
20000c76:	462a      	mov	r2, r5
20000c78:	f899 1001 	ldrb.w	r1, [r9, #1]
20000c7c:	f899 0000 	ldrb.w	r0, [r9]
20000c80:	f000 fc12 	bl	200014a8 <__tud_event_hook_cb_veneer>
20000c84:	b005      	add	sp, #20
20000c86:	e8bd 83f0 	ldmia.w	sp!, {r4, r5, r6, r7, r8, r9, pc}
20000c8a:	4a5d      	ldr	r2, [pc, #372]	@ (20000e00 <dcd_event_handler+0x214>)
20000c8c:	7813      	ldrb	r3, [r2, #0]
20000c8e:	3301      	adds	r3, #1
20000c90:	b2db      	uxtb	r3, r3
20000c92:	7013      	strb	r3, [r2, #0]
20000c94:	e7c7      	b.n	20000c26 <dcd_event_handler+0x3a>
20000c96:	2400      	movs	r4, #0
20000c98:	4e5a      	ldr	r6, [pc, #360]	@ (20000e04 <dcd_event_handler+0x218>)
20000c9a:	4623      	mov	r3, r4
20000c9c:	7831      	ldrb	r1, [r6, #0]
20000c9e:	f8df 816c 	ldr.w	r8, [pc, #364]	@ 20000e0c <dcd_event_handler+0x220>
20000ca2:	4f59      	ldr	r7, [pc, #356]	@ (20000e08 <dcd_event_handler+0x21c>)
20000ca4:	e011      	b.n	20000cca <dcd_event_handler+0xde>
20000ca6:	683b      	ldr	r3, [r7, #0]
20000ca8:	eb13 1344 	adds.w	r3, r3, r4, lsl #5
20000cac:	d007      	beq.n	20000cbe <dcd_event_handler+0xd2>
20000cae:	69db      	ldr	r3, [r3, #28]
20000cb0:	b12b      	cbz	r3, 20000cbe <dcd_event_handler+0xd2>
20000cb2:	f8d9 1004 	ldr.w	r1, [r9, #4]
20000cb6:	f899 0000 	ldrb.w	r0, [r9]
20000cba:	4798      	blx	r3
20000cbc:	7831      	ldrb	r1, [r6, #0]
20000cbe:	3401      	adds	r4, #1
20000cc0:	b2e4      	uxtb	r4, r4
20000cc2:	1c4a      	adds	r2, r1, #1
20000cc4:	42a2      	cmp	r2, r4
20000cc6:	4623      	mov	r3, r4
20000cc8:	db17      	blt.n	20000cfa <dcd_event_handler+0x10e>
20000cca:	42a1      	cmp	r1, r4
20000ccc:	d8eb      	bhi.n	20000ca6 <dcd_event_handler+0xba>
20000cce:	1a5b      	subs	r3, r3, r1
20000cd0:	eb08 1343 	add.w	r3, r8, r3, lsl #5
20000cd4:	e7eb      	b.n	20000cae <dcd_event_handler+0xc2>
20000cd6:	4b48      	ldr	r3, [pc, #288]	@ (20000df8 <dcd_event_handler+0x20c>)
20000cd8:	781a      	ldrb	r2, [r3, #0]
20000cda:	07d6      	lsls	r6, r2, #31
20000cdc:	d5d2      	bpl.n	20000c84 <dcd_event_handler+0x98>
20000cde:	781a      	ldrb	r2, [r3, #0]
20000ce0:	f042 0204 	orr.w	r2, r2, #4
20000ce4:	701a      	strb	r2, [r3, #0]
20000ce6:	e79e      	b.n	20000c26 <dcd_event_handler+0x3a>
20000ce8:	4b43      	ldr	r3, [pc, #268]	@ (20000df8 <dcd_event_handler+0x20c>)
20000cea:	781a      	ldrb	r2, [r3, #0]
20000cec:	07d4      	lsls	r4, r2, #31
20000cee:	d5c9      	bpl.n	20000c84 <dcd_event_handler+0x98>
20000cf0:	781a      	ldrb	r2, [r3, #0]
20000cf2:	f36f 0282 	bfc	r2, #2, #1
20000cf6:	701a      	strb	r2, [r3, #0]
20000cf8:	e795      	b.n	20000c26 <dcd_event_handler+0x3a>
20000cfa:	4c3f      	ldr	r4, [pc, #252]	@ (20000df8 <dcd_event_handler+0x20c>)
20000cfc:	7823      	ldrb	r3, [r4, #0]
20000cfe:	0758      	lsls	r0, r3, #29
20000d00:	d43a      	bmi.n	20000d78 <dcd_event_handler+0x18c>
20000d02:	78e3      	ldrb	r3, [r4, #3]
20000d04:	07da      	lsls	r2, r3, #31
20000d06:	d5bd      	bpl.n	20000c84 <dcd_event_handler+0x98>
20000d08:	2303      	movs	r3, #3
20000d0a:	2600      	movs	r6, #0
20000d0c:	4a3b      	ldr	r2, [pc, #236]	@ (20000dfc <dcd_event_handler+0x210>)
20000d0e:	f899 1000 	ldrb.w	r1, [r9]
20000d12:	6814      	ldr	r4, [r2, #0]
20000d14:	f8d9 2004 	ldr.w	r2, [r9, #4]
20000d18:	f88d 1004 	strb.w	r1, [sp, #4]
20000d1c:	f88d 3005 	strb.w	r3, [sp, #5]
20000d20:	6963      	ldr	r3, [r4, #20]
20000d22:	f8cd 6006 	str.w	r6, [sp, #6]
20000d26:	f8cd 600a 	str.w	r6, [sp, #10]
20000d2a:	f8ad 600e 	strh.w	r6, [sp, #14]
20000d2e:	9202      	str	r2, [sp, #8]
20000d30:	f3ef 8210 	mrs	r2, PRIMASK
20000d34:	b672      	cpsid	i
20000d36:	e8d3 0fcf 	ldaexb	r0, [r3]
20000d3a:	2101      	movs	r1, #1
20000d3c:	2800      	cmp	r0, #0
20000d3e:	d1fa      	bne.n	20000d36 <dcd_event_handler+0x14a>
20000d40:	e8c3 1f40 	strexb	r0, r1, [r3]
20000d44:	2800      	cmp	r0, #0
20000d46:	d1f6      	bne.n	20000d36 <dcd_event_handler+0x14a>
20000d48:	f3bf 8f5f 	dmb	sy
20000d4c:	4620      	mov	r0, r4
20000d4e:	61a2      	str	r2, [r4, #24]
20000d50:	a901      	add	r1, sp, #4
20000d52:	f000 fbbd 	bl	200014d0 <__tu_fifo_write_veneer>
20000d56:	6963      	ldr	r3, [r4, #20]
20000d58:	e8c3 6f8f 	stlb	r6, [r3]
20000d5c:	69a3      	ldr	r3, [r4, #24]
20000d5e:	f383 8810 	msr	PRIMASK, r3
20000d62:	2800      	cmp	r0, #0
20000d64:	f43f af7d 	beq.w	20000c62 <dcd_event_handler+0x76>
20000d68:	462a      	mov	r2, r5
20000d6a:	f89d 1005 	ldrb.w	r1, [sp, #5]
20000d6e:	f89d 0004 	ldrb.w	r0, [sp, #4]
20000d72:	f000 fb99 	bl	200014a8 <__tud_event_hook_cb_veneer>
20000d76:	e785      	b.n	20000c84 <dcd_event_handler+0x98>
20000d78:	7823      	ldrb	r3, [r4, #0]
20000d7a:	2700      	movs	r7, #0
20000d7c:	f36f 0382 	bfc	r3, #2, #1
20000d80:	7023      	strb	r3, [r4, #0]
20000d82:	2305      	movs	r3, #5
20000d84:	4a1d      	ldr	r2, [pc, #116]	@ (20000dfc <dcd_event_handler+0x210>)
20000d86:	f88d 3005 	strb.w	r3, [sp, #5]
20000d8a:	6816      	ldr	r6, [r2, #0]
20000d8c:	f899 2000 	ldrb.w	r2, [r9]
20000d90:	f8ad 700e 	strh.w	r7, [sp, #14]
20000d94:	f88d 2004 	strb.w	r2, [sp, #4]
20000d98:	6973      	ldr	r3, [r6, #20]
20000d9a:	f8cd 7006 	str.w	r7, [sp, #6]
20000d9e:	f8cd 700a 	str.w	r7, [sp, #10]
20000da2:	f3ef 8210 	mrs	r2, PRIMASK
20000da6:	b672      	cpsid	i
20000da8:	e8d3 0fcf 	ldaexb	r0, [r3]
20000dac:	2101      	movs	r1, #1
20000dae:	2800      	cmp	r0, #0
20000db0:	d1fa      	bne.n	20000da8 <dcd_event_handler+0x1bc>
20000db2:	e8c3 1f40 	strexb	r0, r1, [r3]
20000db6:	2800      	cmp	r0, #0
20000db8:	d1f6      	bne.n	20000da8 <dcd_event_handler+0x1bc>
20000dba:	f3bf 8f5f 	dmb	sy
20000dbe:	4630      	mov	r0, r6
20000dc0:	61b2      	str	r2, [r6, #24]
20000dc2:	a901      	add	r1, sp, #4
20000dc4:	f000 fb84 	bl	200014d0 <__tu_fifo_write_veneer>
20000dc8:	6973      	ldr	r3, [r6, #20]
20000dca:	e8c3 7f8f 	stlb	r7, [r3]
20000dce:	69b3      	ldr	r3, [r6, #24]
20000dd0:	f383 8810 	msr	PRIMASK, r3
20000dd4:	b938      	cbnz	r0, 20000de6 <dcd_event_handler+0x1fa>
20000dd6:	f04f 23e0 	mov.w	r3, #3758153728	@ 0xe000e000
20000dda:	f8d3 3df0 	ldr.w	r3, [r3, #3568]	@ 0xdf0
20000dde:	07d9      	lsls	r1, r3, #31
20000de0:	d58f      	bpl.n	20000d02 <dcd_event_handler+0x116>
20000de2:	be00      	bkpt	0x0000
20000de4:	e78d      	b.n	20000d02 <dcd_event_handler+0x116>
20000de6:	462a      	mov	r2, r5
20000de8:	f89d 1005 	ldrb.w	r1, [sp, #5]
20000dec:	f89d 0004 	ldrb.w	r0, [sp, #4]
20000df0:	f000 fb5a 	bl	200014a8 <__tud_event_hook_cb_veneer>
20000df4:	e785      	b.n	20000d02 <dcd_event_handler+0x116>
20000df6:	bf00      	nop
20000df8:	20001a70 	.word	0x20001a70
20000dfc:	20001ac8 	.word	0x20001ac8
20000e00:	2000232b 	.word	0x2000232b
20000e04:	20002329 	.word	0x20002329
20000e08:	200019ec 	.word	0x200019ec
20000e0c:	10006378 	.word	0x10006378

20000e10 <__aeabi_drsub>:
20000e10:	f081 4100 	eor.w	r1, r1, #2147483648	@ 0x80000000
20000e14:	e002      	b.n	20000e1c <__adddf3>
20000e16:	bf00      	nop

20000e18 <__aeabi_dsub>:
20000e18:	f083 4300 	eor.w	r3, r3, #2147483648	@ 0x80000000

20000e1c <__adddf3>:
20000e1c:	b530      	push	{r4, r5, lr}
20000e1e:	ea4f 0441 	mov.w	r4, r1, lsl #1
20000e22:	ea4f 0543 	mov.w	r5, r3, lsl #1
20000e26:	ea94 0f05 	teq	r4, r5
20000e2a:	bf08      	it	eq
20000e2c:	ea90 0f02 	teqeq	r0, r2
20000e30:	bf1f      	itttt	ne
20000e32:	ea54 0c00 	orrsne.w	ip, r4, r0
20000e36:	ea55 0c02 	orrsne.w	ip, r5, r2
20000e3a:	ea7f 5c64 	mvnsne.w	ip, r4, asr #21
20000e3e:	ea7f 5c65 	mvnsne.w	ip, r5, asr #21
20000e42:	f000 80e2 	beq.w	2000100a <__adddf3+0x1ee>
20000e46:	ea4f 5454 	mov.w	r4, r4, lsr #21
20000e4a:	ebd4 5555 	rsbs	r5, r4, r5, lsr #21
20000e4e:	bfb8      	it	lt
20000e50:	426d      	neglt	r5, r5
20000e52:	dd0c      	ble.n	20000e6e <__adddf3+0x52>
20000e54:	442c      	add	r4, r5
20000e56:	ea80 0202 	eor.w	r2, r0, r2
20000e5a:	ea81 0303 	eor.w	r3, r1, r3
20000e5e:	ea82 0000 	eor.w	r0, r2, r0
20000e62:	ea83 0101 	eor.w	r1, r3, r1
20000e66:	ea80 0202 	eor.w	r2, r0, r2
20000e6a:	ea81 0303 	eor.w	r3, r1, r3
20000e6e:	2d36      	cmp	r5, #54	@ 0x36
20000e70:	bf88      	it	hi
20000e72:	bd30      	pophi	{r4, r5, pc}
20000e74:	f011 4f00 	tst.w	r1, #2147483648	@ 0x80000000
20000e78:	ea4f 3101 	mov.w	r1, r1, lsl #12
20000e7c:	f44f 1c80 	mov.w	ip, #1048576	@ 0x100000
20000e80:	ea4c 3111 	orr.w	r1, ip, r1, lsr #12
20000e84:	d002      	beq.n	20000e8c <__adddf3+0x70>
20000e86:	4240      	negs	r0, r0
20000e88:	eb61 0141 	sbc.w	r1, r1, r1, lsl #1
20000e8c:	f013 4f00 	tst.w	r3, #2147483648	@ 0x80000000
20000e90:	ea4f 3303 	mov.w	r3, r3, lsl #12
20000e94:	ea4c 3313 	orr.w	r3, ip, r3, lsr #12
20000e98:	d002      	beq.n	20000ea0 <__adddf3+0x84>
20000e9a:	4252      	negs	r2, r2
20000e9c:	eb63 0343 	sbc.w	r3, r3, r3, lsl #1
20000ea0:	ea94 0f05 	teq	r4, r5
20000ea4:	f000 80a7 	beq.w	20000ff6 <__adddf3+0x1da>
20000ea8:	f1a4 0401 	sub.w	r4, r4, #1
20000eac:	f1d5 0e20 	rsbs	lr, r5, #32
20000eb0:	db0d      	blt.n	20000ece <__adddf3+0xb2>
20000eb2:	fa02 fc0e 	lsl.w	ip, r2, lr
20000eb6:	fa22 f205 	lsr.w	r2, r2, r5
20000eba:	1880      	adds	r0, r0, r2
20000ebc:	f141 0100 	adc.w	r1, r1, #0
20000ec0:	fa03 f20e 	lsl.w	r2, r3, lr
20000ec4:	1880      	adds	r0, r0, r2
20000ec6:	fa43 f305 	asr.w	r3, r3, r5
20000eca:	4159      	adcs	r1, r3
20000ecc:	e00e      	b.n	20000eec <__adddf3+0xd0>
20000ece:	f1a5 0520 	sub.w	r5, r5, #32
20000ed2:	f10e 0e20 	add.w	lr, lr, #32
20000ed6:	2a01      	cmp	r2, #1
20000ed8:	fa03 fc0e 	lsl.w	ip, r3, lr
20000edc:	bf28      	it	cs
20000ede:	f04c 0c02 	orrcs.w	ip, ip, #2
20000ee2:	fa43 f305 	asr.w	r3, r3, r5
20000ee6:	18c0      	adds	r0, r0, r3
20000ee8:	eb51 71e3 	adcs.w	r1, r1, r3, asr #31
20000eec:	f001 4500 	and.w	r5, r1, #2147483648	@ 0x80000000
20000ef0:	d507      	bpl.n	20000f02 <__adddf3+0xe6>
20000ef2:	f04f 0e00 	mov.w	lr, #0
20000ef6:	f1dc 0c00 	rsbs	ip, ip, #0
20000efa:	eb7e 0000 	sbcs.w	r0, lr, r0
20000efe:	eb6e 0101 	sbc.w	r1, lr, r1
20000f02:	f5b1 1f80 	cmp.w	r1, #1048576	@ 0x100000
20000f06:	d31b      	bcc.n	20000f40 <__adddf3+0x124>
20000f08:	f5b1 1f00 	cmp.w	r1, #2097152	@ 0x200000
20000f0c:	d30c      	bcc.n	20000f28 <__adddf3+0x10c>
20000f0e:	0849      	lsrs	r1, r1, #1
20000f10:	ea5f 0030 	movs.w	r0, r0, rrx
20000f14:	ea4f 0c3c 	mov.w	ip, ip, rrx
20000f18:	f104 0401 	add.w	r4, r4, #1
20000f1c:	ea4f 5244 	mov.w	r2, r4, lsl #21
20000f20:	f512 0f80 	cmn.w	r2, #4194304	@ 0x400000
20000f24:	f080 809a 	bcs.w	2000105c <__adddf3+0x240>
20000f28:	f1bc 4f00 	cmp.w	ip, #2147483648	@ 0x80000000
20000f2c:	bf08      	it	eq
20000f2e:	ea5f 0c50 	movseq.w	ip, r0, lsr #1
20000f32:	f150 0000 	adcs.w	r0, r0, #0
20000f36:	eb41 5104 	adc.w	r1, r1, r4, lsl #20
20000f3a:	ea41 0105 	orr.w	r1, r1, r5
20000f3e:	bd30      	pop	{r4, r5, pc}
20000f40:	ea5f 0c4c 	movs.w	ip, ip, lsl #1
20000f44:	4140      	adcs	r0, r0
20000f46:	eb41 0101 	adc.w	r1, r1, r1
20000f4a:	3c01      	subs	r4, #1
20000f4c:	bf28      	it	cs
20000f4e:	f5b1 1f80 	cmpcs.w	r1, #1048576	@ 0x100000
20000f52:	d2e9      	bcs.n	20000f28 <__adddf3+0x10c>
20000f54:	f091 0f00 	teq	r1, #0
20000f58:	bf04      	itt	eq
20000f5a:	4601      	moveq	r1, r0
20000f5c:	2000      	moveq	r0, #0
20000f5e:	fab1 f381 	clz	r3, r1
20000f62:	bf08      	it	eq
20000f64:	3320      	addeq	r3, #32
20000f66:	f1a3 030b 	sub.w	r3, r3, #11
20000f6a:	f1b3 0220 	subs.w	r2, r3, #32
20000f6e:	da0c      	bge.n	20000f8a <__adddf3+0x16e>
20000f70:	320c      	adds	r2, #12
20000f72:	dd08      	ble.n	20000f86 <__adddf3+0x16a>
20000f74:	f102 0c14 	add.w	ip, r2, #20
20000f78:	f1c2 020c 	rsb	r2, r2, #12
20000f7c:	fa01 f00c 	lsl.w	r0, r1, ip
20000f80:	fa21 f102 	lsr.w	r1, r1, r2
20000f84:	e00c      	b.n	20000fa0 <__adddf3+0x184>
20000f86:	f102 0214 	add.w	r2, r2, #20
20000f8a:	bfd8      	it	le
20000f8c:	f1c2 0c20 	rsble	ip, r2, #32
20000f90:	fa01 f102 	lsl.w	r1, r1, r2
20000f94:	fa20 fc0c 	lsr.w	ip, r0, ip
20000f98:	bfdc      	itt	le
20000f9a:	ea41 010c 	orrle.w	r1, r1, ip
20000f9e:	4090      	lslle	r0, r2
20000fa0:	1ae4      	subs	r4, r4, r3
20000fa2:	bfa2      	ittt	ge
20000fa4:	eb01 5104 	addge.w	r1, r1, r4, lsl #20
20000fa8:	4329      	orrge	r1, r5
20000faa:	bd30      	popge	{r4, r5, pc}
20000fac:	ea6f 0404 	mvn.w	r4, r4
20000fb0:	3c1f      	subs	r4, #31
20000fb2:	da1c      	bge.n	20000fee <__adddf3+0x1d2>
20000fb4:	340c      	adds	r4, #12
20000fb6:	dc0e      	bgt.n	20000fd6 <__adddf3+0x1ba>
20000fb8:	f104 0414 	add.w	r4, r4, #20
20000fbc:	f1c4 0220 	rsb	r2, r4, #32
20000fc0:	fa20 f004 	lsr.w	r0, r0, r4
20000fc4:	fa01 f302 	lsl.w	r3, r1, r2
20000fc8:	ea40 0003 	orr.w	r0, r0, r3
20000fcc:	fa21 f304 	lsr.w	r3, r1, r4
20000fd0:	ea45 0103 	orr.w	r1, r5, r3
20000fd4:	bd30      	pop	{r4, r5, pc}
20000fd6:	f1c4 040c 	rsb	r4, r4, #12
20000fda:	f1c4 0220 	rsb	r2, r4, #32
20000fde:	fa20 f002 	lsr.w	r0, r0, r2
20000fe2:	fa01 f304 	lsl.w	r3, r1, r4
20000fe6:	ea40 0003 	orr.w	r0, r0, r3
20000fea:	4629      	mov	r1, r5
20000fec:	bd30      	pop	{r4, r5, pc}
20000fee:	fa21 f004 	lsr.w	r0, r1, r4
20000ff2:	4629      	mov	r1, r5
20000ff4:	bd30      	pop	{r4, r5, pc}
20000ff6:	f094 0f00 	teq	r4, #0
20000ffa:	f483 1380 	eor.w	r3, r3, #1048576	@ 0x100000
20000ffe:	bf06      	itte	eq
20001000:	f481 1180 	eoreq.w	r1, r1, #1048576	@ 0x100000
20001004:	3401      	addeq	r4, #1
20001006:	3d01      	subne	r5, #1
20001008:	e74e      	b.n	20000ea8 <__adddf3+0x8c>
2000100a:	ea7f 5c64 	mvns.w	ip, r4, asr #21
2000100e:	bf18      	it	ne
20001010:	ea7f 5c65 	mvnsne.w	ip, r5, asr #21
20001014:	d029      	beq.n	2000106a <__adddf3+0x24e>
20001016:	ea94 0f05 	teq	r4, r5
2000101a:	bf08      	it	eq
2000101c:	ea90 0f02 	teqeq	r0, r2
20001020:	d005      	beq.n	2000102e <__adddf3+0x212>
20001022:	ea54 0c00 	orrs.w	ip, r4, r0
20001026:	bf04      	itt	eq
20001028:	4619      	moveq	r1, r3
2000102a:	4610      	moveq	r0, r2
2000102c:	bd30      	pop	{r4, r5, pc}
2000102e:	ea91 0f03 	teq	r1, r3
20001032:	bf1e      	ittt	ne
20001034:	2100      	movne	r1, #0
20001036:	2000      	movne	r0, #0
20001038:	bd30      	popne	{r4, r5, pc}
2000103a:	ea5f 5c54 	movs.w	ip, r4, lsr #21
2000103e:	d105      	bne.n	2000104c <__adddf3+0x230>
20001040:	0040      	lsls	r0, r0, #1
20001042:	4149      	adcs	r1, r1
20001044:	bf28      	it	cs
20001046:	f041 4100 	orrcs.w	r1, r1, #2147483648	@ 0x80000000
2000104a:	bd30      	pop	{r4, r5, pc}
2000104c:	f514 0480 	adds.w	r4, r4, #4194304	@ 0x400000
20001050:	bf3c      	itt	cc
20001052:	f501 1180 	addcc.w	r1, r1, #1048576	@ 0x100000
20001056:	bd30      	popcc	{r4, r5, pc}
20001058:	f001 4500 	and.w	r5, r1, #2147483648	@ 0x80000000
2000105c:	f045 41fe 	orr.w	r1, r5, #2130706432	@ 0x7f000000
20001060:	f441 0170 	orr.w	r1, r1, #15728640	@ 0xf00000
20001064:	f04f 0000 	mov.w	r0, #0
20001068:	bd30      	pop	{r4, r5, pc}
2000106a:	ea7f 5c64 	mvns.w	ip, r4, asr #21
2000106e:	bf1a      	itte	ne
20001070:	4619      	movne	r1, r3
20001072:	4610      	movne	r0, r2
20001074:	ea7f 5c65 	mvnseq.w	ip, r5, asr #21
20001078:	bf1c      	itt	ne
2000107a:	460b      	movne	r3, r1
2000107c:	4602      	movne	r2, r0
2000107e:	ea50 3401 	orrs.w	r4, r0, r1, lsl #12
20001082:	bf06      	itte	eq
20001084:	ea52 3503 	orrseq.w	r5, r2, r3, lsl #12
20001088:	ea91 0f03 	teqeq	r1, r3
2000108c:	f441 2100 	orrne.w	r1, r1, #524288	@ 0x80000
20001090:	bd30      	pop	{r4, r5, pc}
20001092:	bf00      	nop

20001094 <__aeabi_ui2d>:
20001094:	f090 0f00 	teq	r0, #0
20001098:	bf04      	itt	eq
2000109a:	2100      	moveq	r1, #0
2000109c:	4770      	bxeq	lr
2000109e:	b530      	push	{r4, r5, lr}
200010a0:	f44f 6480 	mov.w	r4, #1024	@ 0x400
200010a4:	f104 0432 	add.w	r4, r4, #50	@ 0x32
200010a8:	f04f 0500 	mov.w	r5, #0
200010ac:	f04f 0100 	mov.w	r1, #0
200010b0:	e750      	b.n	20000f54 <__adddf3+0x138>
200010b2:	bf00      	nop

200010b4 <__aeabi_i2d>:
200010b4:	f090 0f00 	teq	r0, #0
200010b8:	bf04      	itt	eq
200010ba:	2100      	moveq	r1, #0
200010bc:	4770      	bxeq	lr
200010be:	b530      	push	{r4, r5, lr}
200010c0:	f44f 6480 	mov.w	r4, #1024	@ 0x400
200010c4:	f104 0432 	add.w	r4, r4, #50	@ 0x32
200010c8:	f010 4500 	ands.w	r5, r0, #2147483648	@ 0x80000000
200010cc:	bf48      	it	mi
200010ce:	4240      	negmi	r0, r0
200010d0:	f04f 0100 	mov.w	r1, #0
200010d4:	e73e      	b.n	20000f54 <__adddf3+0x138>
200010d6:	bf00      	nop

200010d8 <__aeabi_f2d>:
200010d8:	0042      	lsls	r2, r0, #1
200010da:	ea4f 01e2 	mov.w	r1, r2, asr #3
200010de:	ea4f 0131 	mov.w	r1, r1, rrx
200010e2:	ea4f 7002 	mov.w	r0, r2, lsl #28
200010e6:	bf1f      	itttt	ne
200010e8:	f012 437f 	andsne.w	r3, r2, #4278190080	@ 0xff000000
200010ec:	f093 4f7f 	teqne	r3, #4278190080	@ 0xff000000
200010f0:	f081 5160 	eorne.w	r1, r1, #939524096	@ 0x38000000
200010f4:	4770      	bxne	lr
200010f6:	f032 427f 	bics.w	r2, r2, #4278190080	@ 0xff000000
200010fa:	bf08      	it	eq
200010fc:	4770      	bxeq	lr
200010fe:	f093 4f7f 	teq	r3, #4278190080	@ 0xff000000
20001102:	bf04      	itt	eq
20001104:	f441 2100 	orreq.w	r1, r1, #524288	@ 0x80000
20001108:	4770      	bxeq	lr
2000110a:	b530      	push	{r4, r5, lr}
2000110c:	f44f 7460 	mov.w	r4, #896	@ 0x380
20001110:	f001 4500 	and.w	r5, r1, #2147483648	@ 0x80000000
20001114:	f021 4100 	bic.w	r1, r1, #2147483648	@ 0x80000000
20001118:	e71c      	b.n	20000f54 <__adddf3+0x138>
2000111a:	bf00      	nop

2000111c <__aeabi_ul2d>:
2000111c:	ea50 0201 	orrs.w	r2, r0, r1
20001120:	bf08      	it	eq
20001122:	4770      	bxeq	lr
20001124:	b530      	push	{r4, r5, lr}
20001126:	f04f 0500 	mov.w	r5, #0
2000112a:	e00a      	b.n	20001142 <__aeabi_l2d+0x16>

2000112c <__aeabi_l2d>:
2000112c:	ea50 0201 	orrs.w	r2, r0, r1
20001130:	bf08      	it	eq
20001132:	4770      	bxeq	lr
20001134:	b530      	push	{r4, r5, lr}
20001136:	f011 4500 	ands.w	r5, r1, #2147483648	@ 0x80000000
2000113a:	d502      	bpl.n	20001142 <__aeabi_l2d+0x16>
2000113c:	4240      	negs	r0, r0
2000113e:	eb61 0141 	sbc.w	r1, r1, r1, lsl #1
20001142:	f44f 6480 	mov.w	r4, #1024	@ 0x400
20001146:	f104 0432 	add.w	r4, r4, #50	@ 0x32
2000114a:	ea5f 5c91 	movs.w	ip, r1, lsr #22
2000114e:	f43f aed8 	beq.w	20000f02 <__adddf3+0xe6>
20001152:	f04f 0203 	mov.w	r2, #3
20001156:	ea5f 0cdc 	movs.w	ip, ip, lsr #3
2000115a:	bf18      	it	ne
2000115c:	3203      	addne	r2, #3
2000115e:	ea5f 0cdc 	movs.w	ip, ip, lsr #3
20001162:	bf18      	it	ne
20001164:	3203      	addne	r2, #3
20001166:	eb02 02dc 	add.w	r2, r2, ip, lsr #3
2000116a:	f1c2 0320 	rsb	r3, r2, #32
2000116e:	fa00 fc03 	lsl.w	ip, r0, r3
20001172:	fa20 f002 	lsr.w	r0, r0, r2
20001176:	fa01 fe03 	lsl.w	lr, r1, r3
2000117a:	ea40 000e 	orr.w	r0, r0, lr
2000117e:	fa21 f102 	lsr.w	r1, r1, r2
20001182:	4414      	add	r4, r2
20001184:	e6bd      	b.n	20000f02 <__adddf3+0xe6>
20001186:	bf00      	nop

20001188 <__aeabi_uldivmod>:
20001188:	b953      	cbnz	r3, 200011a0 <__aeabi_uldivmod+0x18>
2000118a:	b94a      	cbnz	r2, 200011a0 <__aeabi_uldivmod+0x18>
2000118c:	2900      	cmp	r1, #0
2000118e:	bf08      	it	eq
20001190:	2800      	cmpeq	r0, #0
20001192:	bf1c      	itt	ne
20001194:	f04f 31ff 	movne.w	r1, #4294967295	@ 0xffffffff
20001198:	f04f 30ff 	movne.w	r0, #4294967295	@ 0xffffffff
2000119c:	f000 b982 	b.w	200014a4 <__aeabi_idiv0>
200011a0:	f1ad 0c08 	sub.w	ip, sp, #8
200011a4:	e96d ce04 	strd	ip, lr, [sp, #-16]!
200011a8:	f000 f806 	bl	200011b8 <__udivmoddi4>
200011ac:	f8dd e004 	ldr.w	lr, [sp, #4]
200011b0:	e9dd 2302 	ldrd	r2, r3, [sp, #8]
200011b4:	b004      	add	sp, #16
200011b6:	4770      	bx	lr

200011b8 <__udivmoddi4>:
200011b8:	e92d 4ff0 	stmdb	sp!, {r4, r5, r6, r7, r8, r9, sl, fp, lr}
200011bc:	9d09      	ldr	r5, [sp, #36]	@ 0x24
200011be:	460c      	mov	r4, r1
200011c0:	2b00      	cmp	r3, #0
200011c2:	d14d      	bne.n	20001260 <__udivmoddi4+0xa8>
200011c4:	428a      	cmp	r2, r1
200011c6:	460f      	mov	r7, r1
200011c8:	4684      	mov	ip, r0
200011ca:	4696      	mov	lr, r2
200011cc:	fab2 f382 	clz	r3, r2
200011d0:	d960      	bls.n	20001294 <__udivmoddi4+0xdc>
200011d2:	b14b      	cbz	r3, 200011e8 <__udivmoddi4+0x30>
200011d4:	fa02 fe03 	lsl.w	lr, r2, r3
200011d8:	f1c3 0220 	rsb	r2, r3, #32
200011dc:	409f      	lsls	r7, r3
200011de:	fa00 fc03 	lsl.w	ip, r0, r3
200011e2:	fa20 f202 	lsr.w	r2, r0, r2
200011e6:	4317      	orrs	r7, r2
200011e8:	ea4f 461e 	mov.w	r6, lr, lsr #16
200011ec:	fa1f f48e 	uxth.w	r4, lr
200011f0:	ea4f 421c 	mov.w	r2, ip, lsr #16
200011f4:	fbb7 f1f6 	udiv	r1, r7, r6
200011f8:	fb06 7711 	mls	r7, r6, r1, r7
200011fc:	fb01 f004 	mul.w	r0, r1, r4
20001200:	ea42 4207 	orr.w	r2, r2, r7, lsl #16
20001204:	4290      	cmp	r0, r2
20001206:	d908      	bls.n	2000121a <__udivmoddi4+0x62>
20001208:	eb1e 0202 	adds.w	r2, lr, r2
2000120c:	f101 37ff 	add.w	r7, r1, #4294967295	@ 0xffffffff
20001210:	d202      	bcs.n	20001218 <__udivmoddi4+0x60>
20001212:	4290      	cmp	r0, r2
20001214:	f200 8131 	bhi.w	2000147a <__udivmoddi4+0x2c2>
20001218:	4639      	mov	r1, r7
2000121a:	1a12      	subs	r2, r2, r0
2000121c:	fa1f fc8c 	uxth.w	ip, ip
20001220:	fbb2 f0f6 	udiv	r0, r2, r6
20001224:	fb06 2210 	mls	r2, r6, r0, r2
20001228:	fb00 f404 	mul.w	r4, r0, r4
2000122c:	ea4c 4c02 	orr.w	ip, ip, r2, lsl #16
20001230:	4564      	cmp	r4, ip
20001232:	d908      	bls.n	20001246 <__udivmoddi4+0x8e>
20001234:	eb1e 0c0c 	adds.w	ip, lr, ip
20001238:	f100 32ff 	add.w	r2, r0, #4294967295	@ 0xffffffff
2000123c:	d202      	bcs.n	20001244 <__udivmoddi4+0x8c>
2000123e:	4564      	cmp	r4, ip
20001240:	f200 811e 	bhi.w	20001480 <__udivmoddi4+0x2c8>
20001244:	4610      	mov	r0, r2
20001246:	ea40 4001 	orr.w	r0, r0, r1, lsl #16
2000124a:	ebac 0c04 	sub.w	ip, ip, r4
2000124e:	2100      	movs	r1, #0
20001250:	b125      	cbz	r5, 2000125c <__udivmoddi4+0xa4>
20001252:	fa2c f303 	lsr.w	r3, ip, r3
20001256:	2200      	movs	r2, #0
20001258:	e9c5 3200 	strd	r3, r2, [r5]
2000125c:	e8bd 8ff0 	ldmia.w	sp!, {r4, r5, r6, r7, r8, r9, sl, fp, pc}
20001260:	428b      	cmp	r3, r1
20001262:	d905      	bls.n	20001270 <__udivmoddi4+0xb8>
20001264:	b10d      	cbz	r5, 2000126a <__udivmoddi4+0xb2>
20001266:	e9c5 0100 	strd	r0, r1, [r5]
2000126a:	2100      	movs	r1, #0
2000126c:	4608      	mov	r0, r1
2000126e:	e7f5      	b.n	2000125c <__udivmoddi4+0xa4>
20001270:	fab3 f183 	clz	r1, r3
20001274:	2900      	cmp	r1, #0
20001276:	d14d      	bne.n	20001314 <__udivmoddi4+0x15c>
20001278:	42a3      	cmp	r3, r4
2000127a:	f0c0 80f3 	bcc.w	20001464 <__udivmoddi4+0x2ac>
2000127e:	4290      	cmp	r0, r2
20001280:	f080 80f0 	bcs.w	20001464 <__udivmoddi4+0x2ac>
20001284:	4606      	mov	r6, r0
20001286:	4623      	mov	r3, r4
20001288:	4608      	mov	r0, r1
2000128a:	2d00      	cmp	r5, #0
2000128c:	d0e6      	beq.n	2000125c <__udivmoddi4+0xa4>
2000128e:	e9c5 6300 	strd	r6, r3, [r5]
20001292:	e7e3      	b.n	2000125c <__udivmoddi4+0xa4>
20001294:	2b00      	cmp	r3, #0
20001296:	f040 80a3 	bne.w	200013e0 <__udivmoddi4+0x228>
2000129a:	1a8a      	subs	r2, r1, r2
2000129c:	ea4f 471e 	mov.w	r7, lr, lsr #16
200012a0:	fa1f f68e 	uxth.w	r6, lr
200012a4:	2101      	movs	r1, #1
200012a6:	fbb2 f4f7 	udiv	r4, r2, r7
200012aa:	fb07 2014 	mls	r0, r7, r4, r2
200012ae:	ea4f 421c 	mov.w	r2, ip, lsr #16
200012b2:	ea42 4200 	orr.w	r2, r2, r0, lsl #16
200012b6:	fb06 f004 	mul.w	r0, r6, r4
200012ba:	4290      	cmp	r0, r2
200012bc:	d90f      	bls.n	200012de <__udivmoddi4+0x126>
200012be:	eb1e 0202 	adds.w	r2, lr, r2
200012c2:	f104 38ff 	add.w	r8, r4, #4294967295	@ 0xffffffff
200012c6:	bf2c      	ite	cs
200012c8:	f04f 0901 	movcs.w	r9, #1
200012cc:	f04f 0900 	movcc.w	r9, #0
200012d0:	4290      	cmp	r0, r2
200012d2:	d903      	bls.n	200012dc <__udivmoddi4+0x124>
200012d4:	f1b9 0f00 	cmp.w	r9, #0
200012d8:	f000 80cc 	beq.w	20001474 <__udivmoddi4+0x2bc>
200012dc:	4644      	mov	r4, r8
200012de:	1a12      	subs	r2, r2, r0
200012e0:	fa1f fc8c 	uxth.w	ip, ip
200012e4:	fbb2 f0f7 	udiv	r0, r2, r7
200012e8:	fb07 2210 	mls	r2, r7, r0, r2
200012ec:	fb00 f606 	mul.w	r6, r0, r6
200012f0:	ea4c 4c02 	orr.w	ip, ip, r2, lsl #16
200012f4:	4566      	cmp	r6, ip
200012f6:	d908      	bls.n	2000130a <__udivmoddi4+0x152>
200012f8:	eb1e 0c0c 	adds.w	ip, lr, ip
200012fc:	f100 32ff 	add.w	r2, r0, #4294967295	@ 0xffffffff
20001300:	d202      	bcs.n	20001308 <__udivmoddi4+0x150>
20001302:	4566      	cmp	r6, ip
20001304:	f200 80b3 	bhi.w	2000146e <__udivmoddi4+0x2b6>
20001308:	4610      	mov	r0, r2
2000130a:	ebac 0c06 	sub.w	ip, ip, r6
2000130e:	ea40 4004 	orr.w	r0, r0, r4, lsl #16
20001312:	e79d      	b.n	20001250 <__udivmoddi4+0x98>
20001314:	f1c1 0620 	rsb	r6, r1, #32
20001318:	408b      	lsls	r3, r1
2000131a:	fa04 fe01 	lsl.w	lr, r4, r1
2000131e:	fa22 f706 	lsr.w	r7, r2, r6
20001322:	fa20 fc06 	lsr.w	ip, r0, r6
20001326:	40f4      	lsrs	r4, r6
20001328:	408a      	lsls	r2, r1
2000132a:	431f      	orrs	r7, r3
2000132c:	ea4e 030c 	orr.w	r3, lr, ip
20001330:	fa00 fe01 	lsl.w	lr, r0, r1
20001334:	ea4f 4817 	mov.w	r8, r7, lsr #16
20001338:	ea4f 4913 	mov.w	r9, r3, lsr #16
2000133c:	fa1f fc87 	uxth.w	ip, r7
20001340:	fbb4 f0f8 	udiv	r0, r4, r8
20001344:	fb08 4410 	mls	r4, r8, r0, r4
20001348:	ea49 4404 	orr.w	r4, r9, r4, lsl #16
2000134c:	fb00 f90c 	mul.w	r9, r0, ip
20001350:	45a1      	cmp	r9, r4
20001352:	d90e      	bls.n	20001372 <__udivmoddi4+0x1ba>
20001354:	193c      	adds	r4, r7, r4
20001356:	f100 3aff 	add.w	sl, r0, #4294967295	@ 0xffffffff
2000135a:	bf2c      	ite	cs
2000135c:	f04f 0b01 	movcs.w	fp, #1
20001360:	f04f 0b00 	movcc.w	fp, #0
20001364:	45a1      	cmp	r9, r4
20001366:	d903      	bls.n	20001370 <__udivmoddi4+0x1b8>
20001368:	f1bb 0f00 	cmp.w	fp, #0
2000136c:	f000 808b 	beq.w	20001486 <__udivmoddi4+0x2ce>
20001370:	4650      	mov	r0, sl
20001372:	eba4 0409 	sub.w	r4, r4, r9
20001376:	fa1f f983 	uxth.w	r9, r3
2000137a:	fbb4 f3f8 	udiv	r3, r4, r8
2000137e:	fb08 4413 	mls	r4, r8, r3, r4
20001382:	fb03 fc0c 	mul.w	ip, r3, ip
20001386:	ea49 4404 	orr.w	r4, r9, r4, lsl #16
2000138a:	45a4      	cmp	ip, r4
2000138c:	d906      	bls.n	2000139c <__udivmoddi4+0x1e4>
2000138e:	193c      	adds	r4, r7, r4
20001390:	f103 38ff 	add.w	r8, r3, #4294967295	@ 0xffffffff
20001394:	d201      	bcs.n	2000139a <__udivmoddi4+0x1e2>
20001396:	45a4      	cmp	ip, r4
20001398:	d87b      	bhi.n	20001492 <__udivmoddi4+0x2da>
2000139a:	4643      	mov	r3, r8
2000139c:	ea43 4000 	orr.w	r0, r3, r0, lsl #16
200013a0:	eba4 040c 	sub.w	r4, r4, ip
200013a4:	fba0 9802 	umull	r9, r8, r0, r2
200013a8:	4544      	cmp	r4, r8
200013aa:	46cc      	mov	ip, r9
200013ac:	4643      	mov	r3, r8
200013ae:	d302      	bcc.n	200013b6 <__udivmoddi4+0x1fe>
200013b0:	d106      	bne.n	200013c0 <__udivmoddi4+0x208>
200013b2:	45ce      	cmp	lr, r9
200013b4:	d204      	bcs.n	200013c0 <__udivmoddi4+0x208>
200013b6:	3801      	subs	r0, #1
200013b8:	ebb9 0c02 	subs.w	ip, r9, r2
200013bc:	eb68 0307 	sbc.w	r3, r8, r7
200013c0:	2d00      	cmp	r5, #0
200013c2:	d06c      	beq.n	2000149e <__udivmoddi4+0x2e6>
200013c4:	ebbe 020c 	subs.w	r2, lr, ip
200013c8:	eb64 0403 	sbc.w	r4, r4, r3
200013cc:	fa22 f301 	lsr.w	r3, r2, r1
200013d0:	fa04 f606 	lsl.w	r6, r4, r6
200013d4:	40cc      	lsrs	r4, r1
200013d6:	2100      	movs	r1, #0
200013d8:	431e      	orrs	r6, r3
200013da:	e9c5 6400 	strd	r6, r4, [r5]
200013de:	e73d      	b.n	2000125c <__udivmoddi4+0xa4>
200013e0:	fa02 fe03 	lsl.w	lr, r2, r3
200013e4:	f1c3 0120 	rsb	r1, r3, #32
200013e8:	fa04 f203 	lsl.w	r2, r4, r3
200013ec:	fa00 fc03 	lsl.w	ip, r0, r3
200013f0:	40cc      	lsrs	r4, r1
200013f2:	ea4f 471e 	mov.w	r7, lr, lsr #16
200013f6:	fa20 f101 	lsr.w	r1, r0, r1
200013fa:	fa1f f68e 	uxth.w	r6, lr
200013fe:	fbb4 f0f7 	udiv	r0, r4, r7
20001402:	430a      	orrs	r2, r1
20001404:	fb07 4410 	mls	r4, r7, r0, r4
20001408:	0c11      	lsrs	r1, r2, #16
2000140a:	ea41 4104 	orr.w	r1, r1, r4, lsl #16
2000140e:	fb00 f406 	mul.w	r4, r0, r6
20001412:	428c      	cmp	r4, r1
20001414:	d90e      	bls.n	20001434 <__udivmoddi4+0x27c>
20001416:	eb1e 0101 	adds.w	r1, lr, r1
2000141a:	f100 38ff 	add.w	r8, r0, #4294967295	@ 0xffffffff
2000141e:	bf2c      	ite	cs
20001420:	f04f 0901 	movcs.w	r9, #1
20001424:	f04f 0900 	movcc.w	r9, #0
20001428:	428c      	cmp	r4, r1
2000142a:	d902      	bls.n	20001432 <__udivmoddi4+0x27a>
2000142c:	f1b9 0f00 	cmp.w	r9, #0
20001430:	d02c      	beq.n	2000148c <__udivmoddi4+0x2d4>
20001432:	4640      	mov	r0, r8
20001434:	1b09      	subs	r1, r1, r4
20001436:	b292      	uxth	r2, r2
20001438:	fbb1 f4f7 	udiv	r4, r1, r7
2000143c:	fb07 1114 	mls	r1, r7, r4, r1
20001440:	ea42 4201 	orr.w	r2, r2, r1, lsl #16
20001444:	fb04 f106 	mul.w	r1, r4, r6
20001448:	4291      	cmp	r1, r2
2000144a:	d907      	bls.n	2000145c <__udivmoddi4+0x2a4>
2000144c:	eb1e 0202 	adds.w	r2, lr, r2
20001450:	f104 38ff 	add.w	r8, r4, #4294967295	@ 0xffffffff
20001454:	d201      	bcs.n	2000145a <__udivmoddi4+0x2a2>
20001456:	4291      	cmp	r1, r2
20001458:	d81e      	bhi.n	20001498 <__udivmoddi4+0x2e0>
2000145a:	4644      	mov	r4, r8
2000145c:	1a52      	subs	r2, r2, r1
2000145e:	ea44 4100 	orr.w	r1, r4, r0, lsl #16
20001462:	e720      	b.n	200012a6 <__udivmoddi4+0xee>
20001464:	1a86      	subs	r6, r0, r2
20001466:	eb64 0303 	sbc.w	r3, r4, r3
2000146a:	2001      	movs	r0, #1
2000146c:	e70d      	b.n	2000128a <__udivmoddi4+0xd2>
2000146e:	44f4      	add	ip, lr
20001470:	3802      	subs	r0, #2
20001472:	e74a      	b.n	2000130a <__udivmoddi4+0x152>
20001474:	3c02      	subs	r4, #2
20001476:	4472      	add	r2, lr
20001478:	e731      	b.n	200012de <__udivmoddi4+0x126>
2000147a:	3902      	subs	r1, #2
2000147c:	4472      	add	r2, lr
2000147e:	e6cc      	b.n	2000121a <__udivmoddi4+0x62>
20001480:	44f4      	add	ip, lr
20001482:	3802      	subs	r0, #2
20001484:	e6df      	b.n	20001246 <__udivmoddi4+0x8e>
20001486:	3802      	subs	r0, #2
20001488:	443c      	add	r4, r7
2000148a:	e772      	b.n	20001372 <__udivmoddi4+0x1ba>
2000148c:	3802      	subs	r0, #2
2000148e:	4471      	add	r1, lr
20001490:	e7d0      	b.n	20001434 <__udivmoddi4+0x27c>
20001492:	3b02      	subs	r3, #2
20001494:	443c      	add	r4, r7
20001496:	e781      	b.n	2000139c <__udivmoddi4+0x1e4>
20001498:	3c02      	subs	r4, #2
2000149a:	4472      	add	r2, lr
2000149c:	e7de      	b.n	2000145c <__udivmoddi4+0x2a4>
2000149e:	4629      	mov	r1, r5
200014a0:	e6dc      	b.n	2000125c <__udivmoddi4+0xa4>
200014a2:	bf00      	nop

200014a4 <__aeabi_idiv0>:
200014a4:	4770      	bx	lr
200014a6:	bf00      	nop

200014a8 <__tud_event_hook_cb_veneer>:
200014a8:	f85f f000 	ldr.w	pc, [pc]	@ 200014ac <__tud_event_hook_cb_veneer+0x4>
200014ac:	10003eb1 	.word	0x10003eb1

200014b0 <__memset_veneer>:
200014b0:	f85f f000 	ldr.w	pc, [pc]	@ 200014b4 <__memset_veneer+0x4>
200014b4:	10005e09 	.word	0x10005e09

200014b8 <__time_us_64_veneer>:
200014b8:	f85f f000 	ldr.w	pc, [pc]	@ 200014bc <__time_us_64_veneer+0x4>
200014bc:	1000126d 	.word	0x1000126d

200014c0 <__panic_veneer>:
200014c0:	f85f f000 	ldr.w	pc, [pc]	@ 200014c4 <__panic_veneer+0x4>
200014c4:	100003d5 	.word	0x100003d5

200014c8 <__best_effort_wfe_or_timeout_veneer>:
200014c8:	f85f f000 	ldr.w	pc, [pc]	@ 200014cc <__best_effort_wfe_or_timeout_veneer+0x4>
200014cc:	10001181 	.word	0x10001181

200014d0 <__tu_fifo_write_veneer>:
200014d0:	f85f f000 	ldr.w	pc, [pc]	@ 200014d4 <__tu_fifo_write_veneer+0x4>
200014d4:	10005865 	.word	0x10005865

200014d8 <striped_spin_lock_num>:
200014d8:	00000010                                ....

200014dc <irq_handler_chain_slots>:
200014dc:	00000000 	.word	0x00000000
200014e0:	00010000 	.word	0x00010000
	...
200014ec:	00020000 	.word	0x00020000
	...
200014f8:	00030000 	.word	0x00030000
	...
20001504:	00ff0000 	.word	0x00ff0000
20001508:	00000000 	.word	0x00000000

2000150c <irq_handler_chain_first_slot>:
2000150c:	b501      	push	{r0, lr}
2000150e:	6848      	ldr	r0, [r1, #4]
20001510:	3101      	adds	r1, #1
20001512:	468e      	mov	lr, r1
20001514:	4700      	bx	r0

20001516 <irq_handler_chain_remove_tail>:
20001516:	4670      	mov	r0, lr
20001518:	3809      	subs	r0, #9
2000151a:	4901      	ldr	r1, [pc, #4]	@ (20001520 <irq_handler_chain_remove_tail+0xa>)
2000151c:	4788      	blx	r1
2000151e:	bd01      	pop	{r0, pc}
20001520:	100008bd 	.word	0x100008bd

20001524 <default_alarm_pool>:
	...
20001538:	20001848                                H.. 

2000153c <stdio_usb>:
2000153c:	10003655 10003601 10003579 100034e9     U6...6..y5...4..
2000154c:	00000000 00000100                       ........

20001554 <_usbd_qdef>:
20001554:	20001acc 000c0010 00000000 00000000     ... ............
	...

20001570 <_usbd_rhport>:
20001570:	000000ff                                ....

20001574 <print_mutex>:
	...
