
/home/devel/rp2040-rp2350-freertos/build-2350/i2c/slave_mem_i2c/slave_mem_i2c.elf:     file format elf32-littlearm

Sections:
Idx Name          Size      VMA       LMA       File off  Algn
  0 .text         00003a14  10000000  10000000  00001000  2**3
                  CONTENTS, ALLOC, LOAD, READONLY, CODE
  1 .rodata       00000224  10003a18  10003a18  00004a18  2**3
                  CONTENTS, ALLOC, LOAD, READONLY, DATA
  2 .ARM.exidx    00000008  10003c3c  10003c3c  00004c3c  2**2
                  CONTENTS, ALLOC, LOAD, READONLY, DATA
  3 .binary_info  00000028  10003c44  10003c44  00004c44  2**2
                  CONTENTS, ALLOC, LOAD, READONLY, DATA
  4 .ram_vector_table 00000110  20000000  20000000  00007000  2**2
                  ALLOC
  5 .uninitialized_data 00000000  20000110  20000110  000061ec  2**0
                  CONTENTS
  6 .data         0000056c  20000110  10003c6c  00005110  2**3
                  CONTENTS, ALLOC, LOAD, READONLY, CODE
  7 .tdata        00000000  2000067c  2000067c  000061ec  2**0
                  CONTENTS, ALLOC, LOAD, DATA, THREAD_LOCAL
  8 .tbss         00000000  2000067c  2000067c  00000000  2**0
                  ALLOC, THREAD_LOCAL
  9 .bss          00000340  20000680  100041d8  00006680  2**3
                  ALLOC
 10 .heap         00000800  200009c0  200009c0  000061ec  2**2
                  CONTENTS, READONLY
 11 .scratch_x    00000000  20080000  20080000  000069ec  2**0
                  CONTENTS
 12 .scratch_y    00000000  20081000  20081000  000069ec  2**0
                  CONTENTS
 13 .stack_dummy  00000800  20081000  20081000  00006a00  2**5
                  CONTENTS, READONLY
 14 .flash_end    00000014  100041d8  100041d8  000061d8  2**2
                  CONTENTS, ALLOC, LOAD, READONLY, DATA
 15 .ARM.attributes 00000034  00000000  00000000  00007200  2**0
                  CONTENTS, READONLY
 16 .comment      00000026  00000000  00000000  00007234  2**0
                  CONTENTS, READONLY
 17 .debug_info   00022bc0  00000000  00000000  0000725a  2**0
                  CONTENTS, READONLY, DEBUGGING, OCTETS
 18 .debug_abbrev 00006195  00000000  00000000  00029e1a  2**0
                  CONTENTS, READONLY, DEBUGGING, OCTETS
 19 .debug_loclists 00010a0b  00000000  00000000  0002ffaf  2**0
                  CONTENTS, READONLY, DEBUGGING, OCTETS
 20 .debug_aranges 00000d48  00000000  00000000  000409c0  2**3
                  CONTENTS, READONLY, DEBUGGING, OCTETS
 21 .debug_rnglists 00003230  00000000  00000000  00041708  2**0
                  CONTENTS, READONLY, DEBUGGING, OCTETS
 22 .debug_line   0001463a  00000000  00000000  00044938  2**0
                  CONTENTS, READONLY, DEBUGGING, OCTETS
 23 .debug_str    000061b7  00000000  00000000  00058f72  2**0
                  CONTENTS, READONLY, DEBUGGING, OCTETS
 24 .debug_frame  000021d4  00000000  00000000  0005f12c  2**2
                  CONTENTS, READONLY, DEBUGGING, OCTETS
 25 .debug_line_str 00000212  00000000  00000000  00061300  2**0
                  CONTENTS, READONLY, DEBUGGING, OCTETS

/home/devel/rp2040-rp2350-freertos/build-2350/i2c/slave_mem_i2c/slave_mem_i2c.elf:     file format elf32-littlearm


Disassembly of section .text:

10000000 <__VECTOR_TABLE>:
10000000:	20082000 	.word	0x20082000
10000004:	1000015d 	.word	0x1000015d
10000008:	10000113 	.word	0x10000113
1000000c:	10000115 	.word	0x10000115
10000010:	10000111 	.word	0x10000111
10000014:	10000111 	.word	0x10000111
10000018:	10000111 	.word	0x10000111
1000001c:	10000111 	.word	0x10000111
10000020:	10000111 	.word	0x10000111
10000024:	10000111 	.word	0x10000111
10000028:	10000111 	.word	0x10000111
1000002c:	10000117 	.word	0x10000117
10000030:	10000111 	.word	0x10000111
10000034:	10000111 	.word	0x10000111
10000038:	10000119 	.word	0x10000119
1000003c:	1000011b 	.word	0x1000011b
10000040:	1000011d 	.word	0x1000011d
10000044:	1000011d 	.word	0x1000011d
10000048:	1000011d 	.word	0x1000011d
1000004c:	1000011d 	.word	0x1000011d
10000050:	1000011d 	.word	0x1000011d
10000054:	1000011d 	.word	0x1000011d
10000058:	1000011d 	.word	0x1000011d
1000005c:	1000011d 	.word	0x1000011d
10000060:	1000011d 	.word	0x1000011d
10000064:	1000011d 	.word	0x1000011d
10000068:	1000011d 	.word	0x1000011d
1000006c:	1000011d 	.word	0x1000011d
10000070:	1000011d 	.word	0x1000011d
10000074:	1000011d 	.word	0x1000011d
10000078:	1000011d 	.word	0x1000011d
1000007c:	1000011d 	.word	0x1000011d
10000080:	1000011d 	.word	0x1000011d
10000084:	1000011d 	.word	0x1000011d
10000088:	1000011d 	.word	0x1000011d
1000008c:	1000011d 	.word	0x1000011d
10000090:	1000011d 	.word	0x1000011d
10000094:	1000011d 	.word	0x1000011d
10000098:	1000011d 	.word	0x1000011d
1000009c:	1000011d 	.word	0x1000011d
100000a0:	1000011d 	.word	0x1000011d
100000a4:	1000011d 	.word	0x1000011d
100000a8:	1000011d 	.word	0x1000011d
100000ac:	1000011d 	.word	0x1000011d
100000b0:	1000011d 	.word	0x1000011d
100000b4:	1000011d 	.word	0x1000011d
100000b8:	1000011d 	.word	0x1000011d
100000bc:	1000011d 	.word	0x1000011d
100000c0:	1000011d 	.word	0x1000011d
100000c4:	1000011d 	.word	0x1000011d
100000c8:	1000011d 	.word	0x1000011d
100000cc:	1000011d 	.word	0x1000011d
100000d0:	1000011d 	.word	0x1000011d
100000d4:	1000011d 	.word	0x1000011d
100000d8:	1000011d 	.word	0x1000011d
100000dc:	1000011d 	.word	0x1000011d
100000e0:	1000011d 	.word	0x1000011d
100000e4:	1000011d 	.word	0x1000011d
100000e8:	1000011d 	.word	0x1000011d
100000ec:	1000011d 	.word	0x1000011d
100000f0:	1000011d 	.word	0x1000011d
100000f4:	1000011d 	.word	0x1000011d
100000f8:	1000011d 	.word	0x1000011d
100000fc:	1000011d 	.word	0x1000011d
10000100:	1000011d 	.word	0x1000011d
10000104:	1000011d 	.word	0x1000011d
10000108:	1000011d 	.word	0x1000011d
1000010c:	1000011d 	.word	0x1000011d

10000110 <isr_invalid>:
10000110:	be00      	bkpt	0x0000

10000112 <isr_nmi>:
10000112:	be00      	bkpt	0x0000

10000114 <isr_hardfault>:
10000114:	be00      	bkpt	0x0000

10000116 <isr_svcall>:
10000116:	be00      	bkpt	0x0000

10000118 <isr_pendsv>:
10000118:	be00      	bkpt	0x0000

1000011a <isr_systick>:
1000011a:	be00      	bkpt	0x0000

1000011c <__unhandled_user_irq>:
1000011c:	f3ef 8005 	mrs	r0, IPSR
10000120:	3810      	subs	r0, #16

10000122 <unhandled_user_irq_num_in_r0>:
10000122:	be00      	bkpt	0x0000

10000124 <binary_info_header>:
10000124:	7188ebf2 	.word	0x7188ebf2
10000128:	10003c44 	.word	0x10003c44
1000012c:	10003c6c 	.word	0x10003c6c
10000130:	100001a8 	.word	0x100001a8
10000134:	e71aa390 	.word	0xe71aa390

10000138 <__binary_info_header_end>:
10000138:	ffffded3 	.word	0xffffded3
1000013c:	10210142 	.word	0x10210142
10000140:	000001ff 	.word	0x000001ff
10000144:	000040a0 	.word	0x000040a0
10000148:	ab123579 	.word	0xab123579

1000014c <_entry_point>:
1000014c:	f04f 0000 	mov.w	r0, #0

10000150 <_enter_vtable_in_r0>:
10000150:	4920      	ldr	r1, [pc, #128]	@ (100001d4 <data_cpy_table+0x2c>)
10000152:	6008      	str	r0, [r1, #0]
10000154:	c806      	ldmia	r0!, {r1, r2}
10000156:	f381 8808 	msr	MSP, r1
1000015a:	4710      	bx	r2

1000015c <_reset_handler>:
1000015c:	f04f 4050 	mov.w	r0, #3489660928	@ 0xd0000000
10000160:	6800      	ldr	r0, [r0, #0]
10000162:	b110      	cbz	r0, 1000016a <hold_non_core0_in_bootrom+0x6>

10000164 <hold_non_core0_in_bootrom>:
10000164:	f04f 0000 	mov.w	r0, #0
10000168:	e7f2      	b.n	10000150 <_enter_vtable_in_r0>
1000016a:	a40f      	add	r4, pc, #60	@ (adr r4, 100001a8 <data_cpy_table>)
1000016c:	cc0e      	ldmia	r4!, {r1, r2, r3}
1000016e:	2900      	cmp	r1, #0
10000170:	d002      	beq.n	10000178 <hold_non_core0_in_bootrom+0x14>
10000172:	f000 f815 	bl	100001a0 <data_cpy>
10000176:	e7f9      	b.n	1000016c <hold_non_core0_in_bootrom+0x8>
10000178:	4917      	ldr	r1, [pc, #92]	@ (100001d8 <data_cpy_table+0x30>)
1000017a:	4a18      	ldr	r2, [pc, #96]	@ (100001dc <data_cpy_table+0x34>)
1000017c:	2000      	movs	r0, #0
1000017e:	e000      	b.n	10000182 <bss_fill_test>

10000180 <bss_fill_loop>:
10000180:	c101      	stmia	r1!, {r0}

10000182 <bss_fill_test>:
10000182:	4291      	cmp	r1, r2
10000184:	d1fc      	bne.n	10000180 <bss_fill_loop>

10000186 <platform_entry>:
10000186:	2000      	movs	r0, #0
10000188:	f380 880a 	msr	MSPLIM, r0
1000018c:	4914      	ldr	r1, [pc, #80]	@ (100001e0 <data_cpy_table+0x38>)
1000018e:	4788      	blx	r1
10000190:	4914      	ldr	r1, [pc, #80]	@ (100001e4 <data_cpy_table+0x3c>)
10000192:	4788      	blx	r1
10000194:	4914      	ldr	r1, [pc, #80]	@ (100001e8 <data_cpy_table+0x40>)
10000196:	4788      	blx	r1
10000198:	be00      	bkpt	0x0000
1000019a:	e7fd      	b.n	10000198 <platform_entry+0x12>

1000019c <data_cpy_loop>:
1000019c:	c901      	ldmia	r1!, {r0}
1000019e:	c201      	stmia	r2!, {r0}

100001a0 <data_cpy>:
100001a0:	429a      	cmp	r2, r3
100001a2:	d3fb      	bcc.n	1000019c <data_cpy_loop>
100001a4:	4770      	bx	lr
100001a6:	bf00      	nop

100001a8 <data_cpy_table>:
100001a8:	10003c6c 	.word	0x10003c6c
100001ac:	20000110 	.word	0x20000110
100001b0:	2000067c 	.word	0x2000067c
100001b4:	100041d8 	.word	0x100041d8
100001b8:	20080000 	.word	0x20080000
100001bc:	20080000 	.word	0x20080000
100001c0:	100041d8 	.word	0x100041d8
100001c4:	20081000 	.word	0x20081000
100001c8:	20081000 	.word	0x20081000
100001cc:	00000000 	.word	0x00000000
100001d0:	4770      	bx	lr
100001d2:	0000      	.short	0x0000
100001d4:	e000ed08 	.word	0xe000ed08
100001d8:	2000067c 	.word	0x2000067c
100001dc:	200009c0 	.word	0x200009c0
100001e0:	10003215 	.word	0x10003215
100001e4:	100002d5 	.word	0x100002d5
100001e8:	1000320d 	.word	0x1000320d

100001ec <_init>:
100001ec:	b5f8      	push	{r3, r4, r5, r6, r7, lr}
100001ee:	bf00      	nop

100001f0 <deregister_tm_clones>:
100001f0:	4803      	ldr	r0, [pc, #12]	@ (10000200 <deregister_tm_clones+0x10>)
100001f2:	4b04      	ldr	r3, [pc, #16]	@ (10000204 <deregister_tm_clones+0x14>)
100001f4:	4283      	cmp	r3, r0
100001f6:	d002      	beq.n	100001fe <deregister_tm_clones+0xe>
100001f8:	4b03      	ldr	r3, [pc, #12]	@ (10000208 <deregister_tm_clones+0x18>)
100001fa:	b103      	cbz	r3, 100001fe <deregister_tm_clones+0xe>
100001fc:	4718      	bx	r3
100001fe:	4770      	bx	lr
10000200:	2000067c 	.word	0x2000067c
10000204:	2000067c 	.word	0x2000067c
10000208:	00000000 	.word	0x00000000

1000020c <register_tm_clones>:
1000020c:	4b06      	ldr	r3, [pc, #24]	@ (10000228 <register_tm_clones+0x1c>)
1000020e:	4907      	ldr	r1, [pc, #28]	@ (1000022c <register_tm_clones+0x20>)
10000210:	1ac9      	subs	r1, r1, r3
10000212:	1089      	asrs	r1, r1, #2
10000214:	bf48      	it	mi
10000216:	3101      	addmi	r1, #1
10000218:	1049      	asrs	r1, r1, #1
1000021a:	d003      	beq.n	10000224 <register_tm_clones+0x18>
1000021c:	4b04      	ldr	r3, [pc, #16]	@ (10000230 <register_tm_clones+0x24>)
1000021e:	b10b      	cbz	r3, 10000224 <register_tm_clones+0x18>
10000220:	4801      	ldr	r0, [pc, #4]	@ (10000228 <register_tm_clones+0x1c>)
10000222:	4718      	bx	r3
10000224:	4770      	bx	lr
10000226:	bf00      	nop
10000228:	2000067c 	.word	0x2000067c
1000022c:	2000067c 	.word	0x2000067c
10000230:	00000000 	.word	0x00000000

10000234 <__do_global_dtors_aux>:
10000234:	b510      	push	{r4, lr}
10000236:	4c06      	ldr	r4, [pc, #24]	@ (10000250 <__do_global_dtors_aux+0x1c>)
10000238:	7823      	ldrb	r3, [r4, #0]
1000023a:	b943      	cbnz	r3, 1000024e <__do_global_dtors_aux+0x1a>
1000023c:	f7ff ffd8 	bl	100001f0 <deregister_tm_clones>
10000240:	4b04      	ldr	r3, [pc, #16]	@ (10000254 <__do_global_dtors_aux+0x20>)
10000242:	b113      	cbz	r3, 1000024a <__do_global_dtors_aux+0x16>
10000244:	4804      	ldr	r0, [pc, #16]	@ (10000258 <__do_global_dtors_aux+0x24>)
10000246:	f3af 8000 	nop.w
1000024a:	2301      	movs	r3, #1
1000024c:	7023      	strb	r3, [r4, #0]
1000024e:	bd10      	pop	{r4, pc}
10000250:	20000800 	.word	0x20000800
10000254:	00000000 	.word	0x00000000
10000258:	10003a14 	.word	0x10003a14

1000025c <frame_dummy>:
1000025c:	b508      	push	{r3, lr}
1000025e:	4b04      	ldr	r3, [pc, #16]	@ (10000270 <frame_dummy+0x14>)
10000260:	b11b      	cbz	r3, 1000026a <frame_dummy+0xe>
10000262:	4904      	ldr	r1, [pc, #16]	@ (10000274 <frame_dummy+0x18>)
10000264:	4804      	ldr	r0, [pc, #16]	@ (10000278 <frame_dummy+0x1c>)
10000266:	f3af 8000 	nop.w
1000026a:	e8bd 4008 	ldmia.w	sp!, {r3, lr}
1000026e:	e7cd      	b.n	1000020c <register_tm_clones>
10000270:	00000000 	.word	0x00000000
10000274:	20000804 	.word	0x20000804
10000278:	10003a14 	.word	0x10003a14

1000027c <i2c_slave_handler>:
1000027c:	2901      	cmp	r1, #1
1000027e:	d003      	beq.n	10000288 <i2c_slave_handler+0xc>
10000280:	2902      	cmp	r1, #2
10000282:	d017      	beq.n	100002b4 <i2c_slave_handler+0x38>
10000284:	b151      	cbz	r1, 1000029c <i2c_slave_handler+0x20>
10000286:	4770      	bx	lr
10000288:	4a11      	ldr	r2, [pc, #68]	@ (100002d0 <i2c_slave_handler+0x54>)
1000028a:	6801      	ldr	r1, [r0, #0]
1000028c:	f892 3100 	ldrb.w	r3, [r2, #256]	@ 0x100
10000290:	5cd0      	ldrb	r0, [r2, r3]
10000292:	3301      	adds	r3, #1
10000294:	6108      	str	r0, [r1, #16]
10000296:	f882 3100 	strb.w	r3, [r2, #256]	@ 0x100
1000029a:	4770      	bx	lr
1000029c:	4b0c      	ldr	r3, [pc, #48]	@ (100002d0 <i2c_slave_handler+0x54>)
1000029e:	f893 2101 	ldrb.w	r2, [r3, #257]	@ 0x101
100002a2:	b962      	cbnz	r2, 100002be <i2c_slave_handler+0x42>
100002a4:	2201      	movs	r2, #1
100002a6:	6801      	ldr	r1, [r0, #0]
100002a8:	f883 2101 	strb.w	r2, [r3, #257]	@ 0x101
100002ac:	6909      	ldr	r1, [r1, #16]
100002ae:	f883 1100 	strb.w	r1, [r3, #256]	@ 0x100
100002b2:	4770      	bx	lr
100002b4:	2200      	movs	r2, #0
100002b6:	4b06      	ldr	r3, [pc, #24]	@ (100002d0 <i2c_slave_handler+0x54>)
100002b8:	f883 2101 	strb.w	r2, [r3, #257]	@ 0x101
100002bc:	4770      	bx	lr
100002be:	6801      	ldr	r1, [r0, #0]
100002c0:	f893 2100 	ldrb.w	r2, [r3, #256]	@ 0x100
100002c4:	6908      	ldr	r0, [r1, #16]
100002c6:	1c51      	adds	r1, r2, #1
100002c8:	5498      	strb	r0, [r3, r2]
100002ca:	f883 1100 	strb.w	r1, [r3, #256]	@ 0x100
100002ce:	4770      	bx	lr
100002d0:	20000870 	.word	0x20000870

100002d4 <main>:
100002d4:	e92d 47f0 	stmdb	sp!, {r4, r5, r6, r7, r8, r9, sl, lr}
100002d8:	b092      	sub	sp, #72	@ 0x48
100002da:	f003 f8c9 	bl	10003470 <stdio_init_all>
100002de:	486a      	ldr	r0, [pc, #424]	@ (10000488 <main+0x1b4>)
100002e0:	f003 f90e 	bl	10003500 <__wrap_puts>
100002e4:	2004      	movs	r0, #4
100002e6:	f001 f919 	bl	1000151c <gpio_init>
100002ea:	2103      	movs	r1, #3
100002ec:	2004      	movs	r0, #4
100002ee:	f001 f8e3 	bl	100014b8 <gpio_set_function>
100002f2:	2200      	movs	r2, #0
100002f4:	2101      	movs	r1, #1
100002f6:	2004      	movs	r0, #4
100002f8:	f001 f8fc 	bl	100014f4 <gpio_set_pulls>
100002fc:	2005      	movs	r0, #5
100002fe:	f001 f90d 	bl	1000151c <gpio_init>
10000302:	2103      	movs	r1, #3
10000304:	2005      	movs	r0, #5
10000306:	f001 f8d7 	bl	100014b8 <gpio_set_function>
1000030a:	2200      	movs	r2, #0
1000030c:	2101      	movs	r1, #1
1000030e:	2005      	movs	r0, #5
10000310:	f001 f8f0 	bl	100014f4 <gpio_set_pulls>
10000314:	495d      	ldr	r1, [pc, #372]	@ (1000048c <main+0x1b8>)
10000316:	485e      	ldr	r0, [pc, #376]	@ (10000490 <main+0x1bc>)
10000318:	f000 f9ca 	bl	100006b0 <i2c_init>
1000031c:	4a5d      	ldr	r2, [pc, #372]	@ (10000494 <main+0x1c0>)
1000031e:	2117      	movs	r1, #23
10000320:	485b      	ldr	r0, [pc, #364]	@ (10000490 <main+0x1bc>)
10000322:	f000 f8c5 	bl	100004b0 <i2c_slave_init>
10000326:	2006      	movs	r0, #6
10000328:	f001 f8f8 	bl	1000151c <gpio_init>
1000032c:	2103      	movs	r1, #3
1000032e:	2006      	movs	r0, #6
10000330:	f001 f8c2 	bl	100014b8 <gpio_set_function>
10000334:	2200      	movs	r2, #0
10000336:	2101      	movs	r1, #1
10000338:	2006      	movs	r0, #6
1000033a:	f001 f8db 	bl	100014f4 <gpio_set_pulls>
1000033e:	2007      	movs	r0, #7
10000340:	f001 f8ec 	bl	1000151c <gpio_init>
10000344:	2103      	movs	r1, #3
10000346:	2007      	movs	r0, #7
10000348:	f001 f8b6 	bl	100014b8 <gpio_set_function>
1000034c:	2200      	movs	r2, #0
1000034e:	2101      	movs	r1, #1
10000350:	2007      	movs	r0, #7
10000352:	f001 f8cf 	bl	100014f4 <gpio_set_pulls>
10000356:	494d      	ldr	r1, [pc, #308]	@ (1000048c <main+0x1b8>)
10000358:	484f      	ldr	r0, [pc, #316]	@ (10000498 <main+0x1c4>)
1000035a:	f000 f9a9 	bl	100006b0 <i2c_init>
1000035e:	2500      	movs	r5, #0
10000360:	f8df 9144 	ldr.w	r9, [pc, #324]	@ 100004a8 <main+0x1d4>
10000364:	f8df 8144 	ldr.w	r8, [pc, #324]	@ 100004ac <main+0x1d8>
10000368:	4f4b      	ldr	r7, [pc, #300]	@ (10000498 <main+0x1c4>)
1000036a:	e028      	b.n	100003be <main+0xea>
1000036c:	f001 fa0a 	bl	10001784 <hard_assertion_failure>
10000370:	2600      	movs	r6, #0
10000372:	3c05      	subs	r4, #5
10000374:	9600      	str	r6, [sp, #0]
10000376:	4623      	mov	r3, r4
10000378:	2117      	movs	r1, #23
1000037a:	4638      	mov	r0, r7
1000037c:	aa0a      	add	r2, sp, #40	@ 0x28
1000037e:	f000 f9e7 	bl	10000750 <i2c_read_blocking>
10000382:	4284      	cmp	r4, r0
10000384:	4606      	mov	r6, r0
10000386:	d175      	bne.n	10000474 <main+0x1a0>
10000388:	2300      	movs	r3, #0
1000038a:	3648      	adds	r6, #72	@ 0x48
1000038c:	1d69      	adds	r1, r5, #5
1000038e:	aa0a      	add	r2, sp, #40	@ 0x28
10000390:	4842      	ldr	r0, [pc, #264]	@ (1000049c <main+0x1c8>)
10000392:	446e      	add	r6, sp
10000394:	f806 3c20 	strb.w	r3, [r6, #-32]
10000398:	f003 f934 	bl	10003604 <__wrap_printf>
1000039c:	4622      	mov	r2, r4
1000039e:	a80a      	add	r0, sp, #40	@ 0x28
100003a0:	f10d 010d 	add.w	r1, sp, #13
100003a4:	f003 fa32 	bl	1000380c <memcmp>
100003a8:	2800      	cmp	r0, #0
100003aa:	d160      	bne.n	1000046e <main+0x19a>
100003ac:	483c      	ldr	r0, [pc, #240]	@ (100004a0 <main+0x1cc>)
100003ae:	f003 f8a7 	bl	10003500 <__wrap_puts>
100003b2:	f44f 60fa 	mov.w	r0, #2000	@ 0x7d0
100003b6:	f000 fd49 	bl	10000e4c <sleep_ms>
100003ba:	3520      	adds	r5, #32
100003bc:	b2ed      	uxtb	r5, r5
100003be:	462b      	mov	r3, r5
100003c0:	464a      	mov	r2, r9
100003c2:	2120      	movs	r1, #32
100003c4:	a802      	add	r0, sp, #8
100003c6:	f002 fedd 	bl	10003184 <__wrap_snprintf>
100003ca:	a802      	add	r0, sp, #8
100003cc:	f003 fac4 	bl	10003958 <strlen>
100003d0:	4604      	mov	r4, r0
100003d2:	f04f 0a00 	mov.w	sl, #0
100003d6:	4622      	mov	r2, r4
100003d8:	a902      	add	r1, sp, #8
100003da:	f10d 0029 	add.w	r0, sp, #41	@ 0x29
100003de:	f88d 5028 	strb.w	r5, [sp, #40]	@ 0x28
100003e2:	1c66      	adds	r6, r4, #1
100003e4:	f003 fa42 	bl	1000386c <memcpy>
100003e8:	4629      	mov	r1, r5
100003ea:	aa02      	add	r2, sp, #8
100003ec:	4640      	mov	r0, r8
100003ee:	f003 f909 	bl	10003604 <__wrap_printf>
100003f2:	4633      	mov	r3, r6
100003f4:	2117      	movs	r1, #23
100003f6:	4638      	mov	r0, r7
100003f8:	aa0a      	add	r2, sp, #40	@ 0x28
100003fa:	f8cd a000 	str.w	sl, [sp]
100003fe:	f000 f99f 	bl	10000740 <i2c_write_blocking>
10000402:	2800      	cmp	r0, #0
10000404:	db39      	blt.n	1000047a <main+0x1a6>
10000406:	4286      	cmp	r6, r0
10000408:	d12e      	bne.n	10000468 <main+0x194>
1000040a:	2301      	movs	r3, #1
1000040c:	2117      	movs	r1, #23
1000040e:	4638      	mov	r0, r7
10000410:	aa0a      	add	r2, sp, #40	@ 0x28
10000412:	9300      	str	r3, [sp, #0]
10000414:	f000 f994 	bl	10000740 <i2c_write_blocking>
10000418:	2801      	cmp	r0, #1
1000041a:	d122      	bne.n	10000462 <main+0x18e>
1000041c:	2601      	movs	r6, #1
1000041e:	2305      	movs	r3, #5
10000420:	9600      	str	r6, [sp, #0]
10000422:	2117      	movs	r1, #23
10000424:	4638      	mov	r0, r7
10000426:	aa0a      	add	r2, sp, #40	@ 0x28
10000428:	f000 f992 	bl	10000750 <i2c_read_blocking>
1000042c:	2805      	cmp	r0, #5
1000042e:	4606      	mov	r6, r0
10000430:	d114      	bne.n	1000045c <main+0x188>
10000432:	2300      	movs	r3, #0
10000434:	3648      	adds	r6, #72	@ 0x48
10000436:	aa0a      	add	r2, sp, #40	@ 0x28
10000438:	4629      	mov	r1, r5
1000043a:	4818      	ldr	r0, [pc, #96]	@ (1000049c <main+0x1c8>)
1000043c:	446e      	add	r6, sp
1000043e:	f806 3c20 	strb.w	r3, [r6, #-32]
10000442:	f003 f8df 	bl	10003604 <__wrap_printf>
10000446:	9a0a      	ldr	r2, [sp, #40]	@ 0x28
10000448:	9b02      	ldr	r3, [sp, #8]
1000044a:	429a      	cmp	r2, r3
1000044c:	d18e      	bne.n	1000036c <main+0x98>
1000044e:	f89d 202c 	ldrb.w	r2, [sp, #44]	@ 0x2c
10000452:	f89d 300c 	ldrb.w	r3, [sp, #12]
10000456:	429a      	cmp	r2, r3
10000458:	d188      	bne.n	1000036c <main+0x98>
1000045a:	e789      	b.n	10000370 <main+0x9c>
1000045c:	f001 f992 	bl	10001784 <hard_assertion_failure>
10000460:	e7e7      	b.n	10000432 <main+0x15e>
10000462:	f001 f98f 	bl	10001784 <hard_assertion_failure>
10000466:	e7d9      	b.n	1000041c <main+0x148>
10000468:	f001 f98c 	bl	10001784 <hard_assertion_failure>
1000046c:	e7cd      	b.n	1000040a <main+0x136>
1000046e:	f001 f989 	bl	10001784 <hard_assertion_failure>
10000472:	e79b      	b.n	100003ac <main+0xd8>
10000474:	f001 f986 	bl	10001784 <hard_assertion_failure>
10000478:	e786      	b.n	10000388 <main+0xb4>
1000047a:	480a      	ldr	r0, [pc, #40]	@ (100004a4 <main+0x1d0>)
1000047c:	f003 f840 	bl	10003500 <__wrap_puts>
10000480:	4650      	mov	r0, sl
10000482:	b012      	add	sp, #72	@ 0x48
10000484:	e8bd 87f0 	ldmia.w	sp!, {r4, r5, r6, r7, r8, r9, sl, pc}
10000488:	10003a18 	.word	0x10003a18
1000048c:	000186a0 	.word	0x000186a0
10000490:	200005f0 	.word	0x200005f0
10000494:	1000027d 	.word	0x1000027d
10000498:	200005e8 	.word	0x200005e8
1000049c:	10003a94 	.word	0x10003a94
100004a0:	10003b8c 	.word	0x10003b8c
100004a4:	10003a60 	.word	0x10003a60
100004a8:	10003a2c 	.word	0x10003a2c
100004ac:	10003a48 	.word	0x10003a48

100004b0 <i2c_slave_init>:
100004b0:	b570      	push	{r4, r5, r6, lr}
100004b2:	4c0f      	ldr	r4, [pc, #60]	@ (100004f0 <i2c_slave_init+0x40>)
100004b4:	468c      	mov	ip, r1
100004b6:	1b04      	subs	r4, r0, r4
100004b8:	fab4 f484 	clz	r4, r4
100004bc:	4616      	mov	r6, r2
100004be:	4605      	mov	r5, r0
100004c0:	4b0c      	ldr	r3, [pc, #48]	@ (100004f4 <i2c_slave_init+0x44>)
100004c2:	4662      	mov	r2, ip
100004c4:	2101      	movs	r1, #1
100004c6:	0964      	lsrs	r4, r4, #5
100004c8:	f843 6034 	str.w	r6, [r3, r4, lsl #3]
100004cc:	f000 f916 	bl	100006fc <i2c_set_slave_mode>
100004d0:	f240 6264 	movw	r2, #1636	@ 0x664
100004d4:	682b      	ldr	r3, [r5, #0]
100004d6:	3424      	adds	r4, #36	@ 0x24
100004d8:	4620      	mov	r0, r4
100004da:	4907      	ldr	r1, [pc, #28]	@ (100004f8 <i2c_slave_init+0x48>)
100004dc:	631a      	str	r2, [r3, #48]	@ 0x30
100004de:	f000 fdc1 	bl	10001064 <irq_set_exclusive_handler>
100004e2:	4620      	mov	r0, r4
100004e4:	e8bd 4070 	ldmia.w	sp!, {r4, r5, r6, lr}
100004e8:	2101      	movs	r1, #1
100004ea:	f000 bda5 	b.w	10001038 <irq_set_enabled>
100004ee:	bf00      	nop
100004f0:	200005e8 	.word	0x200005e8
100004f4:	2000097c 	.word	0x2000097c
100004f8:	20000111 	.word	0x20000111

100004fc <i2c_read_blocking_internal.constprop.0>:
100004fc:	b570      	push	{r4, r5, r6, lr}
100004fe:	2500      	movs	r5, #0
10000500:	2601      	movs	r6, #1
10000502:	6804      	ldr	r4, [r0, #0]
10000504:	2b00      	cmp	r3, #0
10000506:	66e5      	str	r5, [r4, #108]	@ 0x6c
10000508:	4684      	mov	ip, r0
1000050a:	6061      	str	r1, [r4, #4]
1000050c:	4628      	mov	r0, r5
1000050e:	f89d e010 	ldrb.w	lr, [sp, #16]
10000512:	66e6      	str	r6, [r4, #108]	@ 0x6c
10000514:	dd16      	ble.n	10000544 <i2c_read_blocking_internal.constprop.0+0x48>
10000516:	1e5d      	subs	r5, r3, #1
10000518:	6f61      	ldr	r1, [r4, #116]	@ 0x74
1000051a:	2910      	cmp	r1, #16
1000051c:	d0fc      	beq.n	10000518 <i2c_read_blocking_internal.constprop.0+0x1c>
1000051e:	b300      	cbz	r0, 10000562 <i2c_read_blocking_internal.constprop.0+0x66>
10000520:	2100      	movs	r1, #0
10000522:	4285      	cmp	r5, r0
10000524:	bf04      	itt	eq
10000526:	f08e 0601 	eoreq.w	r6, lr, #1
1000052a:	ea41 2146 	orreq.w	r1, r1, r6, lsl #9
1000052e:	f441 7180 	orr.w	r1, r1, #256	@ 0x100
10000532:	6121      	str	r1, [r4, #16]
10000534:	f8d4 1080 	ldr.w	r1, [r4, #128]	@ 0x80
10000538:	6b61      	ldr	r1, [r4, #52]	@ 0x34
1000053a:	0649      	lsls	r1, r1, #25
1000053c:	d505      	bpl.n	1000054a <i2c_read_blocking_internal.constprop.0+0x4e>
1000053e:	f04f 30ff 	mov.w	r0, #4294967295	@ 0xffffffff
10000542:	6d63      	ldr	r3, [r4, #84]	@ 0x54
10000544:	f88c e004 	strb.w	lr, [ip, #4]
10000548:	bd70      	pop	{r4, r5, r6, pc}
1000054a:	6fa1      	ldr	r1, [r4, #120]	@ 0x78
1000054c:	2900      	cmp	r1, #0
1000054e:	d0f1      	beq.n	10000534 <i2c_read_blocking_internal.constprop.0+0x38>
10000550:	6921      	ldr	r1, [r4, #16]
10000552:	3001      	adds	r0, #1
10000554:	4283      	cmp	r3, r0
10000556:	f802 1b01 	strb.w	r1, [r2], #1
1000055a:	d0f3      	beq.n	10000544 <i2c_read_blocking_internal.constprop.0+0x48>
1000055c:	f8dc 4000 	ldr.w	r4, [ip]
10000560:	e7da      	b.n	10000518 <i2c_read_blocking_internal.constprop.0+0x1c>
10000562:	f89c 1004 	ldrb.w	r1, [ip, #4]
10000566:	0289      	lsls	r1, r1, #10
10000568:	e7db      	b.n	10000522 <i2c_read_blocking_internal.constprop.0+0x26>
1000056a:	bf00      	nop

1000056c <i2c_write_blocking_internal.constprop.0>:
1000056c:	e92d 41f0 	stmdb	sp!, {r4, r5, r6, r7, r8, lr}
10000570:	2400      	movs	r4, #0
10000572:	2701      	movs	r7, #1
10000574:	4694      	mov	ip, r2
10000576:	6802      	ldr	r2, [r0, #0]
10000578:	f1b3 0e00 	subs.w	lr, r3, #0
1000057c:	66d4      	str	r4, [r2, #108]	@ 0x6c
1000057e:	4605      	mov	r5, r0
10000580:	6051      	str	r1, [r2, #4]
10000582:	4620      	mov	r0, r4
10000584:	f89d 6018 	ldrb.w	r6, [sp, #24]
10000588:	66d7      	str	r7, [r2, #108]	@ 0x6c
1000058a:	dd1d      	ble.n	100005c8 <i2c_write_blocking_internal.constprop.0+0x5c>
1000058c:	7929      	ldrb	r1, [r5, #4]
1000058e:	4077      	eors	r7, r6
10000590:	0289      	lsls	r1, r1, #10
10000592:	027f      	lsls	r7, r7, #9
10000594:	f10e 34ff 	add.w	r4, lr, #4294967295	@ 0xffffffff
10000598:	42a0      	cmp	r0, r4
1000059a:	bf0c      	ite	eq
1000059c:	46b8      	moveq	r8, r7
1000059e:	f04f 0800 	movne.w	r8, #0
100005a2:	f81c 3b01 	ldrb.w	r3, [ip], #1
100005a6:	430b      	orrs	r3, r1
100005a8:	ea43 0308 	orr.w	r3, r3, r8
100005ac:	6113      	str	r3, [r2, #16]
100005ae:	6b53      	ldr	r3, [r2, #52]	@ 0x34
100005b0:	06d9      	lsls	r1, r3, #27
100005b2:	d5fc      	bpl.n	100005ae <i2c_write_blocking_internal.constprop.0+0x42>
100005b4:	f8d2 1080 	ldr.w	r1, [r2, #128]	@ 0x80
100005b8:	b949      	cbnz	r1, 100005ce <i2c_write_blocking_internal.constprop.0+0x62>
100005ba:	42a0      	cmp	r0, r4
100005bc:	d01c      	beq.n	100005f8 <i2c_write_blocking_internal.constprop.0+0x8c>
100005be:	3001      	adds	r0, #1
100005c0:	4586      	cmp	lr, r0
100005c2:	f04f 0100 	mov.w	r1, #0
100005c6:	d1e7      	bne.n	10000598 <i2c_write_blocking_internal.constprop.0+0x2c>
100005c8:	712e      	strb	r6, [r5, #4]
100005ca:	e8bd 81f0 	ldmia.w	sp!, {r4, r5, r6, r7, r8, pc}
100005ce:	f04f 0801 	mov.w	r8, #1
100005d2:	6d53      	ldr	r3, [r2, #84]	@ 0x54
100005d4:	6b53      	ldr	r3, [r2, #52]	@ 0x34
100005d6:	059b      	lsls	r3, r3, #22
100005d8:	d5fc      	bpl.n	100005d4 <i2c_write_blocking_internal.constprop.0+0x68>
100005da:	6e13      	ldr	r3, [r2, #96]	@ 0x60
100005dc:	f1b8 0f00 	cmp.w	r8, #0
100005e0:	d0ed      	beq.n	100005be <i2c_write_blocking_internal.constprop.0+0x52>
100005e2:	b169      	cbz	r1, 10000600 <i2c_write_blocking_internal.constprop.0+0x94>
100005e4:	07cb      	lsls	r3, r1, #31
100005e6:	d40b      	bmi.n	10000600 <i2c_write_blocking_internal.constprop.0+0x94>
100005e8:	f011 0f08 	tst.w	r1, #8
100005ec:	bf08      	it	eq
100005ee:	f04f 30ff 	moveq.w	r0, #4294967295	@ 0xffffffff
100005f2:	712e      	strb	r6, [r5, #4]
100005f4:	e8bd 81f0 	ldmia.w	sp!, {r4, r5, r6, r7, r8, pc}
100005f8:	2e00      	cmp	r6, #0
100005fa:	d1e0      	bne.n	100005be <i2c_write_blocking_internal.constprop.0+0x52>
100005fc:	46b0      	mov	r8, r6
100005fe:	e7e9      	b.n	100005d4 <i2c_write_blocking_internal.constprop.0+0x68>
10000600:	f04f 30ff 	mov.w	r0, #4294967295	@ 0xffffffff
10000604:	e7e0      	b.n	100005c8 <i2c_write_blocking_internal.constprop.0+0x5c>
10000606:	bf00      	nop

10000608 <i2c_set_baudrate>:
10000608:	b5f8      	push	{r3, r4, r5, r6, r7, lr}
1000060a:	4606      	mov	r6, r0
1000060c:	2005      	movs	r0, #5
1000060e:	460c      	mov	r4, r1
10000610:	f000 ff4c 	bl	100014ac <clock_get_hz>
10000614:	eb00 0c54 	add.w	ip, r0, r4, lsr #1
10000618:	fbbc fcf4 	udiv	ip, ip, r4
1000061c:	4b21      	ldr	r3, [pc, #132]	@ (100006a4 <i2c_set_baudrate+0x9c>)
1000061e:	eb0c 024c 	add.w	r2, ip, ip, lsl #1
10000622:	fba3 5302 	umull	r5, r3, r3, r2
10000626:	4920      	ldr	r1, [pc, #128]	@ (100006a8 <i2c_set_baudrate+0xa0>)
10000628:	089f      	lsrs	r7, r3, #2
1000062a:	428c      	cmp	r4, r1
1000062c:	ebac 0593 	sub.w	r5, ip, r3, lsr #2
10000630:	d830      	bhi.n	10000694 <i2c_set_baudrate+0x8c>
10000632:	f101 41d6 	add.w	r1, r1, #1795162112	@ 0x6b000000
10000636:	f501 01a1 	add.w	r1, r1, #5275648	@ 0x508000
1000063a:	f601 012c 	addw	r1, r1, #2092	@ 0x82c
1000063e:	eb00 0340 	add.w	r3, r0, r0, lsl #1
10000642:	fba1 1303 	umull	r1, r3, r1, r3
10000646:	0d9b      	lsrs	r3, r3, #22
10000648:	3301      	adds	r3, #1
1000064a:	2400      	movs	r4, #0
1000064c:	2a4f      	cmp	r2, #79	@ 0x4f
1000064e:	bf98      	it	ls
10000650:	2201      	movls	r2, #1
10000652:	6831      	ldr	r1, [r6, #0]
10000654:	fbb0 f0fc 	udiv	r0, r0, ip
10000658:	66cc      	str	r4, [r1, #108]	@ 0x6c
1000065a:	680c      	ldr	r4, [r1, #0]
1000065c:	f501 5680 	add.w	r6, r1, #4096	@ 0x1000
10000660:	f084 0404 	eor.w	r4, r4, #4
10000664:	f004 0406 	and.w	r4, r4, #6
10000668:	6034      	str	r4, [r6, #0]
1000066a:	bf88      	it	hi
1000066c:	4c0d      	ldrhi	r4, [pc, #52]	@ (100006a4 <i2c_set_baudrate+0x9c>)
1000066e:	61cd      	str	r5, [r1, #28]
10000670:	bf84      	itt	hi
10000672:	fba4 4202 	umullhi	r4, r2, r4, r2
10000676:	0992      	lsrhi	r2, r2, #6
10000678:	620f      	str	r7, [r1, #32]
1000067a:	f8c1 20a0 	str.w	r2, [r1, #160]	@ 0xa0
1000067e:	460a      	mov	r2, r1
10000680:	2401      	movs	r4, #1
10000682:	f852 5f7c 	ldr.w	r5, [r2, #124]!
10000686:	406b      	eors	r3, r5
10000688:	b29b      	uxth	r3, r3
1000068a:	f502 5280 	add.w	r2, r2, #4096	@ 0x1000
1000068e:	6013      	str	r3, [r2, #0]
10000690:	66cc      	str	r4, [r1, #108]	@ 0x6c
10000692:	bdf8      	pop	{r3, r4, r5, r6, r7, pc}
10000694:	4905      	ldr	r1, [pc, #20]	@ (100006ac <i2c_set_baudrate+0xa4>)
10000696:	eb00 0340 	add.w	r3, r0, r0, lsl #1
1000069a:	fba1 1303 	umull	r1, r3, r1, r3
1000069e:	0ddb      	lsrs	r3, r3, #23
100006a0:	3301      	adds	r3, #1
100006a2:	e7d2      	b.n	1000064a <i2c_set_baudrate+0x42>
100006a4:	cccccccd 	.word	0xcccccccd
100006a8:	000f423f 	.word	0x000f423f
100006ac:	55e63b89 	.word	0x55e63b89

100006b0 <i2c_init>:
100006b0:	4a0e      	ldr	r2, [pc, #56]	@ (100006ec <i2c_init+0x3c>)
100006b2:	b430      	push	{r4, r5}
100006b4:	4290      	cmp	r0, r2
100006b6:	bf0c      	ite	eq
100006b8:	2210      	moveq	r2, #16
100006ba:	2220      	movne	r2, #32
100006bc:	4d0c      	ldr	r5, [pc, #48]	@ (100006f0 <i2c_init+0x40>)
100006be:	4b0d      	ldr	r3, [pc, #52]	@ (100006f4 <i2c_init+0x44>)
100006c0:	4c0d      	ldr	r4, [pc, #52]	@ (100006f8 <i2c_init+0x48>)
100006c2:	602a      	str	r2, [r5, #0]
100006c4:	601a      	str	r2, [r3, #0]
100006c6:	68a3      	ldr	r3, [r4, #8]
100006c8:	ea32 0303 	bics.w	r3, r2, r3
100006cc:	d1fb      	bne.n	100006c6 <i2c_init+0x16>
100006ce:	f240 1565 	movw	r5, #357	@ 0x165
100006d2:	2403      	movs	r4, #3
100006d4:	6802      	ldr	r2, [r0, #0]
100006d6:	7103      	strb	r3, [r0, #4]
100006d8:	66d3      	str	r3, [r2, #108]	@ 0x6c
100006da:	6015      	str	r5, [r2, #0]
100006dc:	63d3      	str	r3, [r2, #60]	@ 0x3c
100006de:	6393      	str	r3, [r2, #56]	@ 0x38
100006e0:	f8c2 4088 	str.w	r4, [r2, #136]	@ 0x88
100006e4:	bc30      	pop	{r4, r5}
100006e6:	f7ff bf8f 	b.w	10000608 <i2c_set_baudrate>
100006ea:	bf00      	nop
100006ec:	200005f0 	.word	0x200005f0
100006f0:	40022000 	.word	0x40022000
100006f4:	40023000 	.word	0x40023000
100006f8:	40020000 	.word	0x40020000

100006fc <i2c_set_slave_mode>:
100006fc:	b410      	push	{r4}
100006fe:	2400      	movs	r4, #0
10000700:	6803      	ldr	r3, [r0, #0]
10000702:	66dc      	str	r4, [r3, #108]	@ 0x6c
10000704:	b171      	cbz	r1, 10000724 <i2c_set_slave_mode+0x28>
10000706:	f240 2441 	movw	r4, #577	@ 0x241
1000070a:	6819      	ldr	r1, [r3, #0]
1000070c:	f503 5080 	add.w	r0, r3, #4096	@ 0x1000
10000710:	f481 7100 	eor.w	r1, r1, #512	@ 0x200
10000714:	4021      	ands	r1, r4
10000716:	6001      	str	r1, [r0, #0]
10000718:	609a      	str	r2, [r3, #8]
1000071a:	2201      	movs	r2, #1
1000071c:	f85d 4b04 	ldr.w	r4, [sp], #4
10000720:	66da      	str	r2, [r3, #108]	@ 0x6c
10000722:	4770      	bx	lr
10000724:	f240 2041 	movw	r0, #577	@ 0x241
10000728:	681a      	ldr	r2, [r3, #0]
1000072a:	f503 5180 	add.w	r1, r3, #4096	@ 0x1000
1000072e:	f082 0241 	eor.w	r2, r2, #65	@ 0x41
10000732:	4002      	ands	r2, r0
10000734:	600a      	str	r2, [r1, #0]
10000736:	2201      	movs	r2, #1
10000738:	f85d 4b04 	ldr.w	r4, [sp], #4
1000073c:	66da      	str	r2, [r3, #108]	@ 0x6c
1000073e:	4770      	bx	lr

10000740 <i2c_write_blocking>:
10000740:	b410      	push	{r4}
10000742:	f89d 4004 	ldrb.w	r4, [sp, #4]
10000746:	9401      	str	r4, [sp, #4]
10000748:	f85d 4b04 	ldr.w	r4, [sp], #4
1000074c:	f7ff bf0e 	b.w	1000056c <i2c_write_blocking_internal.constprop.0>

10000750 <i2c_read_blocking>:
10000750:	b410      	push	{r4}
10000752:	f89d 4004 	ldrb.w	r4, [sp, #4]
10000756:	9401      	str	r4, [sp, #4]
10000758:	f85d 4b04 	ldr.w	r4, [sp], #4
1000075c:	f7ff bece 	b.w	100004fc <i2c_read_blocking_internal.constprop.0>

10000760 <panic>:
10000760:	b40f      	push	{r0, r1, r2, r3}
10000762:	b500      	push	{lr}
10000764:	b083      	sub	sp, #12
10000766:	9c04      	ldr	r4, [sp, #16]
10000768:	4807      	ldr	r0, [pc, #28]	@ (10000788 <panic+0x28>)
1000076a:	f002 fec9 	bl	10003500 <__wrap_puts>
1000076e:	b13c      	cbz	r4, 10000780 <panic+0x20>
10000770:	a905      	add	r1, sp, #20
10000772:	4620      	mov	r0, r4
10000774:	9101      	str	r1, [sp, #4]
10000776:	f002 fd2f 	bl	100031d8 <weak_raw_vprintf>
1000077a:	4804      	ldr	r0, [pc, #16]	@ (1000078c <panic+0x2c>)
1000077c:	f002 fec0 	bl	10003500 <__wrap_puts>
10000780:	2001      	movs	r0, #1
10000782:	f002 fd41 	bl	10003208 <_exit>
10000786:	bf00      	nop
10000788:	10003aac 	.word	0x10003aac
1000078c:	10003abc 	.word	0x10003abc

10000790 <hw_claim_or_assert>:
10000790:	b570      	push	{r4, r5, r6, lr}
10000792:	4686      	mov	lr, r0
10000794:	f3ef 8510 	mrs	r5, PRIMASK
10000798:	b672      	cpsid	i
1000079a:	4c12      	ldr	r4, [pc, #72]	@ (100007e4 <hw_claim_or_assert+0x54>)
1000079c:	e8d4 6fcf 	ldaexb	r6, [r4]
100007a0:	2001      	movs	r0, #1
100007a2:	2e00      	cmp	r6, #0
100007a4:	d1fa      	bne.n	1000079c <hw_claim_or_assert+0xc>
100007a6:	e8c4 0f46 	strexb	r6, r0, [r4]
100007aa:	2e00      	cmp	r6, #0
100007ac:	d1f6      	bne.n	1000079c <hw_claim_or_assert+0xc>
100007ae:	f3bf 8f5f 	dmb	sy
100007b2:	f04f 0c01 	mov.w	ip, #1
100007b6:	08c8      	lsrs	r0, r1, #3
100007b8:	f001 0307 	and.w	r3, r1, #7
100007bc:	fa0c f303 	lsl.w	r3, ip, r3
100007c0:	f81e c000 	ldrb.w	ip, [lr, r0]
100007c4:	ea1c 0603 	ands.w	r6, ip, r3
100007c8:	d108      	bne.n	100007dc <hw_claim_or_assert+0x4c>
100007ca:	ea4c 0c03 	orr.w	ip, ip, r3
100007ce:	f80e c000 	strb.w	ip, [lr, r0]
100007d2:	e8c4 6f8f 	stlb	r6, [r4]
100007d6:	f385 8810 	msr	PRIMASK, r5
100007da:	bd70      	pop	{r4, r5, r6, pc}
100007dc:	4610      	mov	r0, r2
100007de:	f7ff ffbf 	bl	10000760 <panic>
100007e2:	bf00      	nop
100007e4:	20000827 	.word	0x20000827

100007e8 <next_striped_spin_lock_num>:
100007e8:	4a04      	ldr	r2, [pc, #16]	@ (100007fc <next_striped_spin_lock_num+0x14>)
100007ea:	7810      	ldrb	r0, [r2, #0]
100007ec:	1c43      	adds	r3, r0, #1
100007ee:	b2db      	uxtb	r3, r3
100007f0:	2b18      	cmp	r3, #24
100007f2:	bf28      	it	cs
100007f4:	2310      	movcs	r3, #16
100007f6:	7013      	strb	r3, [r2, #0]
100007f8:	4770      	bx	lr
100007fa:	bf00      	nop
100007fc:	200005f8 	.word	0x200005f8

10000800 <spinlock_set_extexclall>:
10000800:	f04f 22e0 	mov.w	r2, #3758153728	@ 0xe000e000
10000804:	6893      	ldr	r3, [r2, #8]
10000806:	f043 5300 	orr.w	r3, r3, #536870912	@ 0x20000000
1000080a:	6093      	str	r3, [r2, #8]
1000080c:	4770      	bx	lr
1000080e:	bf00      	nop

10000810 <spin_locks_reset>:
10000810:	2100      	movs	r1, #0
10000812:	4b04      	ldr	r3, [pc, #16]	@ (10000824 <spin_locks_reset+0x14>)
10000814:	f103 0220 	add.w	r2, r3, #32
10000818:	e8c3 1f8f 	stlb	r1, [r3]
1000081c:	3301      	adds	r3, #1
1000081e:	4293      	cmp	r3, r2
10000820:	d1fa      	bne.n	10000818 <spin_locks_reset+0x8>
10000822:	4770      	bx	lr
10000824:	2000081c 	.word	0x2000081c

10000828 <sleep_until_callback>:
10000828:	4b0d      	ldr	r3, [pc, #52]	@ (10000860 <sleep_until_callback+0x38>)
1000082a:	681a      	ldr	r2, [r3, #0]
1000082c:	f3ef 8110 	mrs	r1, PRIMASK
10000830:	b672      	cpsid	i
10000832:	e8d2 cfcf 	ldaexb	ip, [r2]
10000836:	2001      	movs	r0, #1
10000838:	f1bc 0f00 	cmp.w	ip, #0
1000083c:	d1f9      	bne.n	10000832 <sleep_until_callback+0xa>
1000083e:	e8c2 0f4c 	strexb	ip, r0, [r2]
10000842:	f1bc 0f00 	cmp.w	ip, #0
10000846:	d1f4      	bne.n	10000832 <sleep_until_callback+0xa>
10000848:	f3bf 8f5f 	dmb	sy
1000084c:	2200      	movs	r2, #0
1000084e:	681b      	ldr	r3, [r3, #0]
10000850:	e8c3 2f8f 	stlb	r2, [r3]
10000854:	f381 8810 	msr	PRIMASK, r1
10000858:	bf40      	sev
1000085a:	2000      	movs	r0, #0
1000085c:	2100      	movs	r1, #0
1000085e:	4770      	bx	lr
10000860:	200009b0 	.word	0x200009b0
10000864:	00000000 	.word	0x00000000

10000868 <alarm_pool_irq_handler>:
10000868:	e92d 4ff0 	stmdb	sp!, {r4, r5, r6, r7, r8, r9, sl, fp, lr}
1000086c:	ed2d 8b02 	vpush	{d8}
10000870:	b085      	sub	sp, #20
10000872:	f3ef 8305 	mrs	r3, IPSR
10000876:	b2db      	uxtb	r3, r3
10000878:	3b10      	subs	r3, #16
1000087a:	089a      	lsrs	r2, r3, #2
1000087c:	bf18      	it	ne
1000087e:	2201      	movne	r2, #1
10000880:	f04f 0101 	mov.w	r1, #1
10000884:	f003 0003 	and.w	r0, r3, #3
10000888:	bf08      	it	eq
1000088a:	4dab      	ldreq	r5, [pc, #684]	@ (10000b38 <alarm_pool_irq_handler+0x2d0>)
1000088c:	4bab      	ldr	r3, [pc, #684]	@ (10000b3c <alarm_pool_irq_handler+0x2d4>)
1000088e:	bf18      	it	ne
10000890:	4dab      	ldrne	r5, [pc, #684]	@ (10000b40 <alarm_pool_irq_handler+0x2d8>)
10000892:	eb00 0282 	add.w	r2, r0, r2, lsl #2
10000896:	f853 6022 	ldr.w	r6, [r3, r2, lsl #2]
1000089a:	fa01 fb00 	lsl.w	fp, r1, r0
1000089e:	f505 5341 	add.w	r3, r5, #12352	@ 0x3040
100008a2:	ed9f 8ba3 	vldr	d8, [pc, #652]	@ 10000b30 <alarm_pool_irq_handler+0x2c8>
100008a6:	9001      	str	r0, [sp, #4]
100008a8:	f8c3 b004 	str.w	fp, [r3, #4]
100008ac:	e02a      	b.n	10000904 <alarm_pool_irq_handler+0x9c>
100008ae:	88b3      	ldrh	r3, [r6, #4]
100008b0:	0419      	lsls	r1, r3, #16
100008b2:	f140 808d 	bpl.w	100009d0 <alarm_pool_irq_handler+0x168>
100008b6:	79b3      	ldrb	r3, [r6, #6]
100008b8:	2b00      	cmp	r3, #0
100008ba:	f040 80d7 	bne.w	10000a6c <alarm_pool_irq_handler+0x204>
100008be:	f9b6 2008 	ldrsh.w	r2, [r6, #8]
100008c2:	2a00      	cmp	r2, #0
100008c4:	f2c0 8116 	blt.w	10000af4 <alarm_pool_irq_handler+0x28c>
100008c8:	6973      	ldr	r3, [r6, #20]
100008ca:	eb02 0242 	add.w	r2, r2, r2, lsl #1
100008ce:	eb03 03c2 	add.w	r3, r3, r2, lsl #3
100008d2:	e9d3 4702 	ldrd	r4, r7, [r3, #8]
100008d6:	f1b7 3fff 	cmp.w	r7, #4294967295	@ 0xffffffff
100008da:	bf08      	it	eq
100008dc:	f1b4 3fff 	cmpeq.w	r4, #4294967295	@ 0xffffffff
100008e0:	d009      	beq.n	100008f6 <alarm_pool_irq_handler+0x8e>
100008e2:	9b01      	ldr	r3, [sp, #4]
100008e4:	eb05 0183 	add.w	r1, r5, r3, lsl #2
100008e8:	6aab      	ldr	r3, [r5, #40]	@ 0x28
100008ea:	690a      	ldr	r2, [r1, #16]
100008ec:	1ad2      	subs	r2, r2, r3
100008ee:	1ae3      	subs	r3, r4, r3
100008f0:	4293      	cmp	r3, r2
100008f2:	bf38      	it	cc
100008f4:	610c      	strcc	r4, [r1, #16]
100008f6:	4628      	mov	r0, r5
100008f8:	f000 fb2c 	bl	10000f54 <timer_time_us_64>
100008fc:	42a0      	cmp	r0, r4
100008fe:	41b9      	sbcs	r1, r7
10000900:	f2c0 80f8 	blt.w	10000af4 <alarm_pool_irq_handler+0x28c>
10000904:	f9b6 3008 	ldrsh.w	r3, [r6, #8]
10000908:	f8c5 b03c 	str.w	fp, [r5, #60]	@ 0x3c
1000090c:	2b00      	cmp	r3, #0
1000090e:	9300      	str	r3, [sp, #0]
10000910:	dbcd      	blt.n	100008ae <alarm_pool_irq_handler+0x46>
10000912:	f8d6 9014 	ldr.w	r9, [r6, #20]
10000916:	eb03 0a43 	add.w	sl, r3, r3, lsl #1
1000091a:	4628      	mov	r0, r5
1000091c:	eb09 07ca 	add.w	r7, r9, sl, lsl #3
10000920:	e9d7 4802 	ldrd	r4, r8, [r7, #8]
10000924:	f000 fb16 	bl	10000f54 <timer_time_us_64>
10000928:	42a0      	cmp	r0, r4
1000092a:	eb71 0108 	sbcs.w	r1, r1, r8
1000092e:	dbbe      	blt.n	100008ae <alarm_pool_irq_handler+0x46>
10000930:	f1b8 0f00 	cmp.w	r8, #0
10000934:	f2c0 80c0 	blt.w	10000ab8 <alarm_pool_irq_handler+0x250>
10000938:	693a      	ldr	r2, [r7, #16]
1000093a:	4b82      	ldr	r3, [pc, #520]	@ (10000b44 <alarm_pool_irq_handler+0x2dc>)
1000093c:	429a      	cmp	r2, r3
1000093e:	f000 80ea 	beq.w	10000b16 <alarm_pool_irq_handler+0x2ae>
10000942:	8879      	ldrh	r1, [r7, #2]
10000944:	f9b6 0008 	ldrsh.w	r0, [r6, #8]
10000948:	b289      	uxth	r1, r1
1000094a:	ea41 4000 	orr.w	r0, r1, r0, lsl #16
1000094e:	6979      	ldr	r1, [r7, #20]
10000950:	4790      	blx	r2
10000952:	4603      	mov	r3, r0
10000954:	460a      	mov	r2, r1
10000956:	ea53 0102 	orrs.w	r1, r3, r2
1000095a:	f000 80ad 	beq.w	10000ab8 <alarm_pool_irq_handler+0x250>
1000095e:	2a00      	cmp	r2, #0
10000960:	f280 80ce 	bge.w	10000b00 <alarm_pool_irq_handler+0x298>
10000964:	1ae3      	subs	r3, r4, r3
10000966:	eb68 0802 	sbc.w	r8, r8, r2
1000096a:	f939 203a 	ldrsh.w	r2, [r9, sl, lsl #3]
1000096e:	e9c7 3802 	strd	r3, r8, [r7, #8]
10000972:	2a00      	cmp	r2, #0
10000974:	db9b      	blt.n	100008ae <alarm_pool_irq_handler+0x46>
10000976:	6970      	ldr	r0, [r6, #20]
10000978:	eb02 0142 	add.w	r1, r2, r2, lsl #1
1000097c:	eb00 01c1 	add.w	r1, r0, r1, lsl #3
10000980:	e9d1 c702 	ldrd	ip, r7, [r1, #8]
10000984:	4563      	cmp	r3, ip
10000986:	eb78 0e07 	sbcs.w	lr, r8, r7
1000098a:	ea4f 0142 	mov.w	r1, r2, lsl #1
1000098e:	db8e      	blt.n	100008ae <alarm_pool_irq_handler+0x46>
10000990:	46b6      	mov	lr, r6
10000992:	f82e 2f08 	strh.w	r2, [lr, #8]!
10000996:	e00b      	b.n	100009b0 <alarm_pool_irq_handler+0x148>
10000998:	f930 2031 	ldrsh.w	r2, [r0, r1, lsl #3]
1000099c:	46a6      	mov	lr, r4
1000099e:	2a00      	cmp	r2, #0
100009a0:	db0d      	blt.n	100009be <alarm_pool_irq_handler+0x156>
100009a2:	eb02 0442 	add.w	r4, r2, r2, lsl #1
100009a6:	eb00 04c4 	add.w	r4, r0, r4, lsl #3
100009aa:	0051      	lsls	r1, r2, #1
100009ac:	e9d4 c702 	ldrd	ip, r7, [r4, #8]
100009b0:	4563      	cmp	r3, ip
100009b2:	4411      	add	r1, r2
100009b4:	eb78 0707 	sbcs.w	r7, r8, r7
100009b8:	eb00 04c1 	add.w	r4, r0, r1, lsl #3
100009bc:	daec      	bge.n	10000998 <alarm_pool_irq_handler+0x130>
100009be:	9b00      	ldr	r3, [sp, #0]
100009c0:	f829 203a 	strh.w	r2, [r9, sl, lsl #3]
100009c4:	f8ae 3000 	strh.w	r3, [lr]
100009c8:	88b3      	ldrh	r3, [r6, #4]
100009ca:	0419      	lsls	r1, r3, #16
100009cc:	f53f af73 	bmi.w	100008b6 <alarm_pool_irq_handler+0x4e>
100009d0:	6933      	ldr	r3, [r6, #16]
100009d2:	f3ef 8210 	mrs	r2, PRIMASK
100009d6:	b672      	cpsid	i
100009d8:	e8d3 0fcf 	ldaexb	r0, [r3]
100009dc:	2101      	movs	r1, #1
100009de:	2800      	cmp	r0, #0
100009e0:	d1fa      	bne.n	100009d8 <alarm_pool_irq_handler+0x170>
100009e2:	e8c3 1f40 	strexb	r0, r1, [r3]
100009e6:	2800      	cmp	r0, #0
100009e8:	d1f6      	bne.n	100009d8 <alarm_pool_irq_handler+0x170>
100009ea:	f3bf 8f5f 	dmb	sy
100009ee:	f64f 74ff 	movw	r4, #65535	@ 0xffff
100009f2:	88b0      	ldrh	r0, [r6, #4]
100009f4:	2300      	movs	r3, #0
100009f6:	6931      	ldr	r1, [r6, #16]
100009f8:	b200      	sxth	r0, r0
100009fa:	80b4      	strh	r4, [r6, #4]
100009fc:	e8c1 3f8f 	stlb	r3, [r1]
10000a00:	f382 8810 	msr	PRIMASK, r2
10000a04:	4298      	cmp	r0, r3
10000a06:	f6ff af56 	blt.w	100008b6 <alarm_pool_irq_handler+0x4e>
10000a0a:	4607      	mov	r7, r0
10000a0c:	46a9      	mov	r9, r5
10000a0e:	6974      	ldr	r4, [r6, #20]
10000a10:	f106 0808 	add.w	r8, r6, #8
10000a14:	eb07 0e47 	add.w	lr, r7, r7, lsl #1
10000a18:	eb04 03ce 	add.w	r3, r4, lr, lsl #3
10000a1c:	e9d3 0502 	ldrd	r0, r5, [r3, #8]
10000a20:	f9b6 3008 	ldrsh.w	r3, [r6, #8]
10000a24:	46c4      	mov	ip, r8
10000a26:	2b00      	cmp	r3, #0
10000a28:	db13      	blt.n	10000a52 <alarm_pool_irq_handler+0x1ea>
10000a2a:	46b2      	mov	sl, r6
10000a2c:	9700      	str	r7, [sp, #0]
10000a2e:	e004      	b.n	10000a3a <alarm_pool_irq_handler+0x1d2>
10000a30:	f934 3036 	ldrsh.w	r3, [r4, r6, lsl #3]
10000a34:	4694      	mov	ip, r2
10000a36:	2b00      	cmp	r3, #0
10000a38:	db09      	blt.n	10000a4e <alarm_pool_irq_handler+0x1e6>
10000a3a:	eb03 0643 	add.w	r6, r3, r3, lsl #1
10000a3e:	eb04 02c6 	add.w	r2, r4, r6, lsl #3
10000a42:	e9d2 7102 	ldrd	r7, r1, [r2, #8]
10000a46:	42b8      	cmp	r0, r7
10000a48:	eb75 0101 	sbcs.w	r1, r5, r1
10000a4c:	daf0      	bge.n	10000a30 <alarm_pool_irq_handler+0x1c8>
10000a4e:	4656      	mov	r6, sl
10000a50:	9f00      	ldr	r7, [sp, #0]
10000a52:	f8ac 7000 	strh.w	r7, [ip]
10000a56:	f934 703e 	ldrsh.w	r7, [r4, lr, lsl #3]
10000a5a:	f824 303e 	strh.w	r3, [r4, lr, lsl #3]
10000a5e:	2f00      	cmp	r7, #0
10000a60:	dad8      	bge.n	10000a14 <alarm_pool_irq_handler+0x1ac>
10000a62:	79b3      	ldrb	r3, [r6, #6]
10000a64:	464d      	mov	r5, r9
10000a66:	2b00      	cmp	r3, #0
10000a68:	f43f af29 	beq.w	100008be <alarm_pool_irq_handler+0x56>
10000a6c:	2300      	movs	r3, #0
10000a6e:	71b3      	strb	r3, [r6, #6]
10000a70:	f9b6 3008 	ldrsh.w	r3, [r6, #8]
10000a74:	f106 0e08 	add.w	lr, r6, #8
10000a78:	1c5a      	adds	r2, r3, #1
10000a7a:	d03b      	beq.n	10000af4 <alarm_pool_irq_handler+0x28c>
10000a7c:	461a      	mov	r2, r3
10000a7e:	6974      	ldr	r4, [r6, #20]
10000a80:	e003      	b.n	10000a8a <alarm_pool_irq_handler+0x222>
10000a82:	4686      	mov	lr, r0
10000a84:	1c59      	adds	r1, r3, #1
10000a86:	f43f af1c 	beq.w	100008c2 <alarm_pool_irq_handler+0x5a>
10000a8a:	eb03 0143 	add.w	r1, r3, r3, lsl #1
10000a8e:	eb04 00c1 	add.w	r0, r4, r1, lsl #3
10000a92:	8847      	ldrh	r7, [r0, #2]
10000a94:	469c      	mov	ip, r3
10000a96:	043f      	lsls	r7, r7, #16
10000a98:	f934 3031 	ldrsh.w	r3, [r4, r1, lsl #3]
10000a9c:	d5f1      	bpl.n	10000a82 <alarm_pool_irq_handler+0x21a>
10000a9e:	4594      	cmp	ip, r2
10000aa0:	ed80 8b02 	vstr	d8, [r0, #8]
10000aa4:	d0ee      	beq.n	10000a84 <alarm_pool_irq_handler+0x21c>
10000aa6:	f8ae 3000 	strh.w	r3, [lr]
10000aaa:	8932      	ldrh	r2, [r6, #8]
10000aac:	f824 2031 	strh.w	r2, [r4, r1, lsl #3]
10000ab0:	4662      	mov	r2, ip
10000ab2:	f8a6 c008 	strh.w	ip, [r6, #8]
10000ab6:	e7e5      	b.n	10000a84 <alarm_pool_irq_handler+0x21c>
10000ab8:	f839 203a 	ldrh.w	r2, [r9, sl, lsl #3]
10000abc:	8132      	strh	r2, [r6, #8]
10000abe:	6932      	ldr	r2, [r6, #16]
10000ac0:	f3ef 8110 	mrs	r1, PRIMASK
10000ac4:	b672      	cpsid	i
10000ac6:	e8d2 7fcf 	ldaexb	r7, [r2]
10000aca:	2001      	movs	r0, #1
10000acc:	2f00      	cmp	r7, #0
10000ace:	d1fa      	bne.n	10000ac6 <alarm_pool_irq_handler+0x25e>
10000ad0:	e8c2 0f47 	strexb	r7, r0, [r2]
10000ad4:	2f00      	cmp	r7, #0
10000ad6:	d1f6      	bne.n	10000ac6 <alarm_pool_irq_handler+0x25e>
10000ad8:	f3bf 8f5f 	dmb	sy
10000adc:	8872      	ldrh	r2, [r6, #2]
10000ade:	9b00      	ldr	r3, [sp, #0]
10000ae0:	f829 203a 	strh.w	r2, [r9, sl, lsl #3]
10000ae4:	8073      	strh	r3, [r6, #2]
10000ae6:	6932      	ldr	r2, [r6, #16]
10000ae8:	2300      	movs	r3, #0
10000aea:	e8c2 3f8f 	stlb	r3, [r2]
10000aee:	f381 8810 	msr	PRIMASK, r1
10000af2:	e6dc      	b.n	100008ae <alarm_pool_irq_handler+0x46>
10000af4:	bf40      	sev
10000af6:	b005      	add	sp, #20
10000af8:	ecbd 8b02 	vpop	{d8}
10000afc:	e8bd 8ff0 	ldmia.w	sp!, {r4, r5, r6, r7, r8, r9, sl, fp, pc}
10000b00:	4628      	mov	r0, r5
10000b02:	e9cd 3202 	strd	r3, r2, [sp, #8]
10000b06:	f000 fa25 	bl	10000f54 <timer_time_us_64>
10000b0a:	9b02      	ldr	r3, [sp, #8]
10000b0c:	9a03      	ldr	r2, [sp, #12]
10000b0e:	18c3      	adds	r3, r0, r3
10000b10:	eb42 0801 	adc.w	r8, r2, r1
10000b14:	e729      	b.n	1000096a <alarm_pool_irq_handler+0x102>
10000b16:	6979      	ldr	r1, [r7, #20]
10000b18:	4608      	mov	r0, r1
10000b1a:	690a      	ldr	r2, [r1, #16]
10000b1c:	9102      	str	r1, [sp, #8]
10000b1e:	4790      	blx	r2
10000b20:	2800      	cmp	r0, #0
10000b22:	d0c9      	beq.n	10000ab8 <alarm_pool_irq_handler+0x250>
10000b24:	9902      	ldr	r1, [sp, #8]
10000b26:	e9d1 3200 	ldrd	r3, r2, [r1]
10000b2a:	e714      	b.n	10000956 <alarm_pool_irq_handler+0xee>
10000b2c:	f3af 8000 	nop.w
10000b30:	ffffffff 	.word	0xffffffff
10000b34:	ffffffff 	.word	0xffffffff
10000b38:	400b0000 	.word	0x400b0000
10000b3c:	20000990 	.word	0x20000990
10000b40:	400b8000 	.word	0x400b8000
10000b44:	10000869 	.word	0x10000869

10000b48 <runtime_init_default_alarm_pool>:
10000b48:	e92d 4ff8 	stmdb	sp!, {r3, r4, r5, r6, r7, r8, r9, sl, fp, lr}
10000b4c:	4c36      	ldr	r4, [pc, #216]	@ (10000c28 <runtime_init_default_alarm_pool+0xe0>)
10000b4e:	6925      	ldr	r5, [r4, #16]
10000b50:	b12d      	cbz	r5, 10000b5e <runtime_init_default_alarm_pool+0x16>
10000b52:	e8bd 4ff8 	ldmia.w	sp!, {r3, r4, r5, r6, r7, r8, r9, sl, fp, lr}
10000b56:	210a      	movs	r1, #10
10000b58:	4834      	ldr	r0, [pc, #208]	@ (10000c2c <runtime_init_default_alarm_pool+0xe4>)
10000b5a:	f000 bc0f 	b.w	1000137c <lock_init>
10000b5e:	f8df 80e4 	ldr.w	r8, [pc, #228]	@ 10000c44 <runtime_init_default_alarm_pool+0xfc>
10000b62:	2103      	movs	r1, #3
10000b64:	4640      	mov	r0, r8
10000b66:	f000 f9e3 	bl	10000f30 <timer_hardware_alarm_claim>
10000b6a:	2603      	movs	r6, #3
10000b6c:	f8c4 800c 	str.w	r8, [r4, #12]
10000b70:	f7ff fe3a 	bl	100007e8 <next_striped_spin_lock_num>
10000b74:	f04f 4c50 	mov.w	ip, #3489660928	@ 0xd0000000
10000b78:	4b2d      	ldr	r3, [pc, #180]	@ (10000c30 <runtime_init_default_alarm_pool+0xe8>)
10000b7a:	7026      	strb	r6, [r4, #0]
10000b7c:	4403      	add	r3, r0
10000b7e:	6123      	str	r3, [r4, #16]
10000b80:	f8dc 3000 	ldr.w	r3, [ip]
10000b84:	210f      	movs	r1, #15
10000b86:	7063      	strb	r3, [r4, #1]
10000b88:	6963      	ldr	r3, [r4, #20]
10000b8a:	8061      	strh	r1, [r4, #2]
10000b8c:	831d      	strh	r5, [r3, #24]
10000b8e:	f04f 0504 	mov.w	r5, #4
10000b92:	f8a3 5078 	strh.w	r5, [r3, #120]	@ 0x78
10000b96:	f04f 0505 	mov.w	r5, #5
10000b9a:	f8a3 5090 	strh.w	r5, [r3, #144]	@ 0x90
10000b9e:	f04f 0506 	mov.w	r5, #6
10000ba2:	f8a3 50a8 	strh.w	r5, [r3, #168]	@ 0xa8
10000ba6:	f04f 0507 	mov.w	r5, #7
10000baa:	210e      	movs	r1, #14
10000bac:	2708      	movs	r7, #8
10000bae:	f64f 72ff 	movw	r2, #65535	@ 0xffff
10000bb2:	f04f 0e0a 	mov.w	lr, #10
10000bb6:	f8a3 50c0 	strh.w	r5, [r3, #192]	@ 0xc0
10000bba:	f04f 0901 	mov.w	r9, #1
10000bbe:	f04f 0c0c 	mov.w	ip, #12
10000bc2:	f04f 0b02 	mov.w	fp, #2
10000bc6:	f04f 0a09 	mov.w	sl, #9
10000bca:	200d      	movs	r0, #13
10000bcc:	f04f 050b 	mov.w	r5, #11
10000bd0:	f8a3 1168 	strh.w	r1, [r3, #360]	@ 0x168
10000bd4:	4917      	ldr	r1, [pc, #92]	@ (10000c34 <runtime_init_default_alarm_pool+0xec>)
10000bd6:	80a2      	strh	r2, [r4, #4]
10000bd8:	f8a3 e108 	strh.w	lr, [r3, #264]	@ 0x108
10000bdc:	60a1      	str	r1, [r4, #8]
10000bde:	f8a3 b048 	strh.w	fp, [r3, #72]	@ 0x48
10000be2:	f8a3 a0f0 	strh.w	sl, [r3, #240]	@ 0xf0
10000be6:	f8a3 5120 	strh.w	r5, [r3, #288]	@ 0x120
10000bea:	f8a3 c138 	strh.w	ip, [r3, #312]	@ 0x138
10000bee:	f8a3 0150 	strh.w	r0, [r3, #336]	@ 0x150
10000bf2:	f8a3 9030 	strh.w	r9, [r3, #48]	@ 0x30
10000bf6:	f8a3 6060 	strh.w	r6, [r3, #96]	@ 0x60
10000bfa:	f8a3 70d8 	strh.w	r7, [r3, #216]	@ 0xd8
10000bfe:	801a      	strh	r2, [r3, #0]
10000c00:	4b0d      	ldr	r3, [pc, #52]	@ (10000c38 <runtime_init_default_alarm_pool+0xf0>)
10000c02:	4630      	mov	r0, r6
10000c04:	f8c8 7020 	str.w	r7, [r8, #32]
10000c08:	490c      	ldr	r1, [pc, #48]	@ (10000c3c <runtime_init_default_alarm_pool+0xf4>)
10000c0a:	60dc      	str	r4, [r3, #12]
10000c0c:	f000 fa2a 	bl	10001064 <irq_set_exclusive_handler>
10000c10:	4649      	mov	r1, r9
10000c12:	4630      	mov	r0, r6
10000c14:	f000 fa10 	bl	10001038 <irq_set_enabled>
10000c18:	4b09      	ldr	r3, [pc, #36]	@ (10000c40 <runtime_init_default_alarm_pool+0xf8>)
10000c1a:	210a      	movs	r1, #10
10000c1c:	641f      	str	r7, [r3, #64]	@ 0x40
10000c1e:	4803      	ldr	r0, [pc, #12]	@ (10000c2c <runtime_init_default_alarm_pool+0xe4>)
10000c20:	e8bd 4ff8 	ldmia.w	sp!, {r3, r4, r5, r6, r7, r8, r9, sl, fp, lr}
10000c24:	f000 bbaa 	b.w	1000137c <lock_init>
10000c28:	200005fc 	.word	0x200005fc
10000c2c:	200009b0 	.word	0x200009b0
10000c30:	2000081c 	.word	0x2000081c
10000c34:	0010ffff 	.word	0x0010ffff
10000c38:	20000990 	.word	0x20000990
10000c3c:	10000869 	.word	0x10000869
10000c40:	400b2000 	.word	0x400b2000
10000c44:	400b0000 	.word	0x400b0000

10000c48 <alarm_pool_add_alarm_at_force_in_context>:
10000c48:	4601      	mov	r1, r0
10000c4a:	b5f0      	push	{r4, r5, r6, r7, lr}
10000c4c:	6900      	ldr	r0, [r0, #16]
10000c4e:	f3ef 8710 	mrs	r7, PRIMASK
10000c52:	b672      	cpsid	i
10000c54:	e8d0 5fcf 	ldaexb	r5, [r0]
10000c58:	2401      	movs	r4, #1
10000c5a:	2d00      	cmp	r5, #0
10000c5c:	d1fa      	bne.n	10000c54 <alarm_pool_add_alarm_at_force_in_context+0xc>
10000c5e:	e8c0 4f45 	strexb	r5, r4, [r0]
10000c62:	2d00      	cmp	r5, #0
10000c64:	d1f6      	bne.n	10000c54 <alarm_pool_add_alarm_at_force_in_context+0xc>
10000c66:	f3bf 8f5f 	dmb	sy
10000c6a:	f9b1 e002 	ldrsh.w	lr, [r1, #2]
10000c6e:	694c      	ldr	r4, [r1, #20]
10000c70:	eb0e 0c4e 	add.w	ip, lr, lr, lsl #1
10000c74:	f1be 0f00 	cmp.w	lr, #0
10000c78:	ea4f 05cc 	mov.w	r5, ip, lsl #3
10000c7c:	eb04 0ccc 	add.w	ip, r4, ip, lsl #3
10000c80:	db3d      	blt.n	10000cfe <alarm_pool_add_alarm_at_force_in_context+0xb6>
10000c82:	5b60      	ldrh	r0, [r4, r5]
10000c84:	2600      	movs	r6, #0
10000c86:	8048      	strh	r0, [r1, #2]
10000c88:	6908      	ldr	r0, [r1, #16]
10000c8a:	e8c0 6f8f 	stlb	r6, [r0]
10000c8e:	f387 8810 	msr	PRIMASK, r7
10000c92:	f8bc 0002 	ldrh.w	r0, [ip, #2]
10000c96:	e9cc 2302 	strd	r2, r3, [ip, #8]
10000c9a:	3001      	adds	r0, #1
10000c9c:	f3c0 000e 	ubfx	r0, r0, #0, #15
10000ca0:	2801      	cmp	r0, #1
10000ca2:	bf38      	it	cc
10000ca4:	2001      	movcc	r0, #1
10000ca6:	9b05      	ldr	r3, [sp, #20]
10000ca8:	f8ac 0002 	strh.w	r0, [ip, #2]
10000cac:	f8cc 3010 	str.w	r3, [ip, #16]
10000cb0:	9b06      	ldr	r3, [sp, #24]
10000cb2:	ea40 400e 	orr.w	r0, r0, lr, lsl #16
10000cb6:	f8cc 3014 	str.w	r3, [ip, #20]
10000cba:	690b      	ldr	r3, [r1, #16]
10000cbc:	f3ef 8210 	mrs	r2, PRIMASK
10000cc0:	b672      	cpsid	i
10000cc2:	e8d3 cfcf 	ldaexb	ip, [r3]
10000cc6:	2701      	movs	r7, #1
10000cc8:	f1bc 0f00 	cmp.w	ip, #0
10000ccc:	d1f9      	bne.n	10000cc2 <alarm_pool_add_alarm_at_force_in_context+0x7a>
10000cce:	e8c3 7f4c 	strexb	ip, r7, [r3]
10000cd2:	f1bc 0f00 	cmp.w	ip, #0
10000cd6:	d1f4      	bne.n	10000cc2 <alarm_pool_add_alarm_at_force_in_context+0x7a>
10000cd8:	f3bf 8f5f 	dmb	sy
10000cdc:	888b      	ldrh	r3, [r1, #4]
10000cde:	5363      	strh	r3, [r4, r5]
10000ce0:	f8a1 e004 	strh.w	lr, [r1, #4]
10000ce4:	690b      	ldr	r3, [r1, #16]
10000ce6:	e8c3 6f8f 	stlb	r6, [r3]
10000cea:	f382 8810 	msr	PRIMASK, r2
10000cee:	2201      	movs	r2, #1
10000cf0:	68cb      	ldr	r3, [r1, #12]
10000cf2:	7809      	ldrb	r1, [r1, #0]
10000cf4:	f503 5301 	add.w	r3, r3, #8256	@ 0x2040
10000cf8:	408a      	lsls	r2, r1
10000cfa:	605a      	str	r2, [r3, #4]
10000cfc:	bdf0      	pop	{r4, r5, r6, r7, pc}
10000cfe:	2300      	movs	r3, #0
10000d00:	690a      	ldr	r2, [r1, #16]
10000d02:	e8c2 3f8f 	stlb	r3, [r2]
10000d06:	f387 8810 	msr	PRIMASK, r7
10000d0a:	f04f 30ff 	mov.w	r0, #4294967295	@ 0xffffffff
10000d0e:	bdf0      	pop	{r4, r5, r6, r7, pc}

10000d10 <alarm_pool_cancel_alarm>:
10000d10:	4603      	mov	r3, r0
10000d12:	8940      	ldrh	r0, [r0, #10]
10000d14:	ebb0 4f21 	cmp.w	r0, r1, asr #16
10000d18:	dd37      	ble.n	10000d8a <alarm_pool_cancel_alarm+0x7a>
10000d1a:	6958      	ldr	r0, [r3, #20]
10000d1c:	140a      	asrs	r2, r1, #16
10000d1e:	eb02 0242 	add.w	r2, r2, r2, lsl #1
10000d22:	b510      	push	{r4, lr}
10000d24:	eb00 00c2 	add.w	r0, r0, r2, lsl #3
10000d28:	691c      	ldr	r4, [r3, #16]
10000d2a:	f3ef 8c10 	mrs	ip, PRIMASK
10000d2e:	b672      	cpsid	i
10000d30:	e8d4 efcf 	ldaexb	lr, [r4]
10000d34:	2201      	movs	r2, #1
10000d36:	f1be 0f00 	cmp.w	lr, #0
10000d3a:	d1f9      	bne.n	10000d30 <alarm_pool_cancel_alarm+0x20>
10000d3c:	e8c4 2f4e 	strexb	lr, r2, [r4]
10000d40:	f1be 0f00 	cmp.w	lr, #0
10000d44:	d1f4      	bne.n	10000d30 <alarm_pool_cancel_alarm+0x20>
10000d46:	f3bf 8f5f 	dmb	sy
10000d4a:	8842      	ldrh	r2, [r0, #2]
10000d4c:	b289      	uxth	r1, r1
10000d4e:	b292      	uxth	r2, r2
10000d50:	428a      	cmp	r2, r1
10000d52:	d007      	beq.n	10000d64 <alarm_pool_cancel_alarm+0x54>
10000d54:	2200      	movs	r2, #0
10000d56:	691b      	ldr	r3, [r3, #16]
10000d58:	e8c3 2f8f 	stlb	r2, [r3]
10000d5c:	f38c 8810 	msr	PRIMASK, ip
10000d60:	2000      	movs	r0, #0
10000d62:	bd10      	pop	{r4, pc}
10000d64:	f442 4200 	orr.w	r2, r2, #32768	@ 0x8000
10000d68:	8042      	strh	r2, [r0, #2]
10000d6a:	2101      	movs	r1, #1
10000d6c:	2200      	movs	r2, #0
10000d6e:	6918      	ldr	r0, [r3, #16]
10000d70:	7199      	strb	r1, [r3, #6]
10000d72:	e8c0 2f8f 	stlb	r2, [r0]
10000d76:	f38c 8810 	msr	PRIMASK, ip
10000d7a:	781c      	ldrb	r4, [r3, #0]
10000d7c:	68da      	ldr	r2, [r3, #12]
10000d7e:	4608      	mov	r0, r1
10000d80:	f502 5301 	add.w	r3, r2, #8256	@ 0x2040
10000d84:	40a1      	lsls	r1, r4
10000d86:	6059      	str	r1, [r3, #4]
10000d88:	bd10      	pop	{r4, pc}
10000d8a:	2000      	movs	r0, #0
10000d8c:	4770      	bx	lr
10000d8e:	bf00      	nop

10000d90 <sleep_until>:
10000d90:	e92d 41f0 	stmdb	sp!, {r4, r5, r6, r7, r8, lr}
10000d94:	1f86      	subs	r6, r0, #6
10000d96:	f141 35ff 	adc.w	r5, r1, #4294967295	@ 0xffffffff
10000d9a:	42b0      	cmp	r0, r6
10000d9c:	eb71 0305 	sbcs.w	r3, r1, r5
10000da0:	bf38      	it	cc
10000da2:	2600      	movcc	r6, #0
10000da4:	b082      	sub	sp, #8
10000da6:	bf38      	it	cc
10000da8:	4635      	movcc	r5, r6
10000daa:	4604      	mov	r4, r0
10000dac:	460f      	mov	r7, r1
10000dae:	f000 f8d9 	bl	10000f64 <time_us_64>
10000db2:	1a30      	subs	r0, r6, r0
10000db4:	eb65 0301 	sbc.w	r3, r5, r1
10000db8:	2801      	cmp	r0, #1
10000dba:	f173 0300 	sbcs.w	r3, r3, #0
10000dbe:	da06      	bge.n	10000dce <sleep_until+0x3e>
10000dc0:	4620      	mov	r0, r4
10000dc2:	4639      	mov	r1, r7
10000dc4:	b002      	add	sp, #8
10000dc6:	e8bd 41f0 	ldmia.w	sp!, {r4, r5, r6, r7, r8, lr}
10000dca:	f000 b903 	b.w	10000fd4 <busy_wait_until>
10000dce:	f000 f8c9 	bl	10000f64 <time_us_64>
10000dd2:	4286      	cmp	r6, r0
10000dd4:	eb65 0101 	sbc.w	r1, r5, r1
10000dd8:	2900      	cmp	r1, #0
10000dda:	db0a      	blt.n	10000df2 <sleep_until+0x62>
10000ddc:	2100      	movs	r1, #0
10000dde:	4b17      	ldr	r3, [pc, #92]	@ (10000e3c <sleep_until+0xac>)
10000de0:	4632      	mov	r2, r6
10000de2:	9300      	str	r3, [sp, #0]
10000de4:	4816      	ldr	r0, [pc, #88]	@ (10000e40 <sleep_until+0xb0>)
10000de6:	462b      	mov	r3, r5
10000de8:	9101      	str	r1, [sp, #4]
10000dea:	f7ff ff2d 	bl	10000c48 <alarm_pool_add_alarm_at_force_in_context>
10000dee:	2800      	cmp	r0, #0
10000df0:	dbe6      	blt.n	10000dc0 <sleep_until+0x30>
10000df2:	f04f 0c00 	mov.w	ip, #0
10000df6:	4813      	ldr	r0, [pc, #76]	@ (10000e44 <sleep_until+0xb4>)
10000df8:	4a13      	ldr	r2, [pc, #76]	@ (10000e48 <sleep_until+0xb8>)
10000dfa:	6a43      	ldr	r3, [r0, #36]	@ 0x24
10000dfc:	429d      	cmp	r5, r3
10000dfe:	d804      	bhi.n	10000e0a <sleep_until+0x7a>
10000e00:	6a81      	ldr	r1, [r0, #40]	@ 0x28
10000e02:	42b1      	cmp	r1, r6
10000e04:	d2dc      	bcs.n	10000dc0 <sleep_until+0x30>
10000e06:	429d      	cmp	r5, r3
10000e08:	d1da      	bne.n	10000dc0 <sleep_until+0x30>
10000e0a:	6813      	ldr	r3, [r2, #0]
10000e0c:	f3ef 8110 	mrs	r1, PRIMASK
10000e10:	b672      	cpsid	i
10000e12:	e8d3 8fcf 	ldaexb	r8, [r3]
10000e16:	f05f 0e01 	movs.w	lr, #1
10000e1a:	f1b8 0f00 	cmp.w	r8, #0
10000e1e:	d1f8      	bne.n	10000e12 <sleep_until+0x82>
10000e20:	e8c3 ef48 	strexb	r8, lr, [r3]
10000e24:	f1b8 0f00 	cmp.w	r8, #0
10000e28:	d1f3      	bne.n	10000e12 <sleep_until+0x82>
10000e2a:	f3bf 8f5f 	dmb	sy
10000e2e:	6813      	ldr	r3, [r2, #0]
10000e30:	e8c3 cf8f 	stlb	ip, [r3]
10000e34:	f381 8810 	msr	PRIMASK, r1
10000e38:	bf20      	wfe
10000e3a:	e7de      	b.n	10000dfa <sleep_until+0x6a>
10000e3c:	10000829 	.word	0x10000829
10000e40:	200005fc 	.word	0x200005fc
10000e44:	400b0000 	.word	0x400b0000
10000e48:	200009b0 	.word	0x200009b0

10000e4c <sleep_ms>:
10000e4c:	b510      	push	{r4, lr}
10000e4e:	4604      	mov	r4, r0
10000e50:	f000 f888 	bl	10000f64 <time_us_64>
10000e54:	f44f 737a 	mov.w	r3, #1000	@ 0x3e8
10000e58:	f04f 3cff 	mov.w	ip, #4294967295	@ 0xffffffff
10000e5c:	f06f 4200 	mvn.w	r2, #2147483648	@ 0x80000000
10000e60:	fbe4 0103 	umlal	r0, r1, r4, r3
10000e64:	e8bd 4010 	ldmia.w	sp!, {r4, lr}
10000e68:	4584      	cmp	ip, r0
10000e6a:	eb72 0301 	sbcs.w	r3, r2, r1
10000e6e:	bf3c      	itt	cc
10000e70:	4660      	movcc	r0, ip
10000e72:	4611      	movcc	r1, r2
10000e74:	f7ff bf8c 	b.w	10000d90 <sleep_until>

10000e78 <best_effort_wfe_or_timeout>:
10000e78:	b5f0      	push	{r4, r5, r6, r7, lr}
10000e7a:	4606      	mov	r6, r0
10000e7c:	460d      	mov	r5, r1
10000e7e:	b083      	sub	sp, #12
10000e80:	f3ef 8405 	mrs	r4, IPSR
10000e84:	b2e4      	uxtb	r4, r4
10000e86:	2c00      	cmp	r4, #0
10000e88:	d135      	bne.n	10000ef6 <best_effort_wfe_or_timeout+0x7e>
10000e8a:	4f26      	ldr	r7, [pc, #152]	@ (10000f24 <best_effort_wfe_or_timeout+0xac>)
10000e8c:	783a      	ldrb	r2, [r7, #0]
10000e8e:	68f9      	ldr	r1, [r7, #12]
10000e90:	3204      	adds	r2, #4
10000e92:	6a8b      	ldr	r3, [r1, #40]	@ 0x28
10000e94:	f851 2022 	ldr.w	r2, [r1, r2, lsl #2]
10000e98:	1ad2      	subs	r2, r2, r3
10000e9a:	1ac3      	subs	r3, r0, r3
10000e9c:	4293      	cmp	r3, r2
10000e9e:	d307      	bcc.n	10000eb0 <best_effort_wfe_or_timeout+0x38>
10000ea0:	bf20      	wfe
10000ea2:	4b21      	ldr	r3, [pc, #132]	@ (10000f28 <best_effort_wfe_or_timeout+0xb0>)
10000ea4:	6a58      	ldr	r0, [r3, #36]	@ 0x24
10000ea6:	4285      	cmp	r5, r0
10000ea8:	d91f      	bls.n	10000eea <best_effort_wfe_or_timeout+0x72>
10000eaa:	2000      	movs	r0, #0
10000eac:	b003      	add	sp, #12
10000eae:	bdf0      	pop	{r4, r5, r6, r7, pc}
10000eb0:	f000 f858 	bl	10000f64 <time_us_64>
10000eb4:	4286      	cmp	r6, r0
10000eb6:	eb65 0101 	sbc.w	r1, r5, r1
10000eba:	2900      	cmp	r1, #0
10000ebc:	db11      	blt.n	10000ee2 <best_effort_wfe_or_timeout+0x6a>
10000ebe:	4b1b      	ldr	r3, [pc, #108]	@ (10000f2c <best_effort_wfe_or_timeout+0xb4>)
10000ec0:	4638      	mov	r0, r7
10000ec2:	e9cd 3400 	strd	r3, r4, [sp]
10000ec6:	4632      	mov	r2, r6
10000ec8:	462b      	mov	r3, r5
10000eca:	f7ff febd 	bl	10000c48 <alarm_pool_add_alarm_at_force_in_context>
10000ece:	1e01      	subs	r1, r0, #0
10000ed0:	dd07      	ble.n	10000ee2 <best_effort_wfe_or_timeout+0x6a>
10000ed2:	4b15      	ldr	r3, [pc, #84]	@ (10000f28 <best_effort_wfe_or_timeout+0xb0>)
10000ed4:	6a5a      	ldr	r2, [r3, #36]	@ 0x24
10000ed6:	4295      	cmp	r5, r2
10000ed8:	d91d      	bls.n	10000f16 <best_effort_wfe_or_timeout+0x9e>
10000eda:	bf20      	wfe
10000edc:	4811      	ldr	r0, [pc, #68]	@ (10000f24 <best_effort_wfe_or_timeout+0xac>)
10000ede:	f7ff ff17 	bl	10000d10 <alarm_pool_cancel_alarm>
10000ee2:	4b11      	ldr	r3, [pc, #68]	@ (10000f28 <best_effort_wfe_or_timeout+0xb0>)
10000ee4:	6a58      	ldr	r0, [r3, #36]	@ 0x24
10000ee6:	4285      	cmp	r5, r0
10000ee8:	d8df      	bhi.n	10000eaa <best_effort_wfe_or_timeout+0x32>
10000eea:	6a9b      	ldr	r3, [r3, #40]	@ 0x28
10000eec:	429e      	cmp	r6, r3
10000eee:	d80d      	bhi.n	10000f0c <best_effort_wfe_or_timeout+0x94>
10000ef0:	2001      	movs	r0, #1
10000ef2:	b003      	add	sp, #12
10000ef4:	bdf0      	pop	{r4, r5, r6, r7, pc}
10000ef6:	4b0c      	ldr	r3, [pc, #48]	@ (10000f28 <best_effort_wfe_or_timeout+0xb0>)
10000ef8:	6a58      	ldr	r0, [r3, #36]	@ 0x24
10000efa:	4288      	cmp	r0, r1
10000efc:	d3d5      	bcc.n	10000eaa <best_effort_wfe_or_timeout+0x32>
10000efe:	6a9b      	ldr	r3, [r3, #40]	@ 0x28
10000f00:	42b3      	cmp	r3, r6
10000f02:	d2f5      	bcs.n	10000ef0 <best_effort_wfe_or_timeout+0x78>
10000f04:	1a40      	subs	r0, r0, r1
10000f06:	bf18      	it	ne
10000f08:	2001      	movne	r0, #1
10000f0a:	e7cf      	b.n	10000eac <best_effort_wfe_or_timeout+0x34>
10000f0c:	1a28      	subs	r0, r5, r0
10000f0e:	bf18      	it	ne
10000f10:	2001      	movne	r0, #1
10000f12:	b003      	add	sp, #12
10000f14:	bdf0      	pop	{r4, r5, r6, r7, pc}
10000f16:	6a9b      	ldr	r3, [r3, #40]	@ 0x28
10000f18:	429e      	cmp	r6, r3
10000f1a:	d9df      	bls.n	10000edc <best_effort_wfe_or_timeout+0x64>
10000f1c:	4295      	cmp	r5, r2
10000f1e:	d1dd      	bne.n	10000edc <best_effort_wfe_or_timeout+0x64>
10000f20:	e7db      	b.n	10000eda <best_effort_wfe_or_timeout+0x62>
10000f22:	bf00      	nop
10000f24:	200005fc 	.word	0x200005fc
10000f28:	400b0000 	.word	0x400b0000
10000f2c:	10000829 	.word	0x10000829

10000f30 <timer_hardware_alarm_claim>:
10000f30:	b410      	push	{r4}
10000f32:	4b05      	ldr	r3, [pc, #20]	@ (10000f48 <timer_hardware_alarm_claim+0x18>)
10000f34:	4c05      	ldr	r4, [pc, #20]	@ (10000f4c <timer_hardware_alarm_claim+0x1c>)
10000f36:	4a06      	ldr	r2, [pc, #24]	@ (10000f50 <timer_hardware_alarm_claim+0x20>)
10000f38:	42a0      	cmp	r0, r4
10000f3a:	bf14      	ite	ne
10000f3c:	4618      	movne	r0, r3
10000f3e:	1c58      	addeq	r0, r3, #1
10000f40:	f85d 4b04 	ldr.w	r4, [sp], #4
10000f44:	f7ff bc24 	b.w	10000790 <hw_claim_or_assert>
10000f48:	20000844 	.word	0x20000844
10000f4c:	400b8000 	.word	0x400b8000
10000f50:	10003ac0 	.word	0x10003ac0

10000f54 <timer_time_us_64>:
10000f54:	4603      	mov	r3, r0
10000f56:	6a41      	ldr	r1, [r0, #36]	@ 0x24
10000f58:	460a      	mov	r2, r1
10000f5a:	6a98      	ldr	r0, [r3, #40]	@ 0x28
10000f5c:	6a59      	ldr	r1, [r3, #36]	@ 0x24
10000f5e:	428a      	cmp	r2, r1
10000f60:	d1fa      	bne.n	10000f58 <timer_time_us_64+0x4>
10000f62:	4770      	bx	lr

10000f64 <time_us_64>:
10000f64:	4b03      	ldr	r3, [pc, #12]	@ (10000f74 <time_us_64+0x10>)
10000f66:	6a59      	ldr	r1, [r3, #36]	@ 0x24
10000f68:	460a      	mov	r2, r1
10000f6a:	6a98      	ldr	r0, [r3, #40]	@ 0x28
10000f6c:	6a59      	ldr	r1, [r3, #36]	@ 0x24
10000f6e:	4291      	cmp	r1, r2
10000f70:	d1fa      	bne.n	10000f68 <time_us_64+0x4>
10000f72:	4770      	bx	lr
10000f74:	400b0000 	.word	0x400b0000

10000f78 <busy_wait_us>:
10000f78:	b430      	push	{r4, r5}
10000f7a:	4a15      	ldr	r2, [pc, #84]	@ (10000fd0 <busy_wait_us+0x58>)
10000f7c:	6a53      	ldr	r3, [r2, #36]	@ 0x24
10000f7e:	469c      	mov	ip, r3
10000f80:	6a94      	ldr	r4, [r2, #40]	@ 0x28
10000f82:	6a53      	ldr	r3, [r2, #36]	@ 0x24
10000f84:	4563      	cmp	r3, ip
10000f86:	d1fa      	bne.n	10000f7e <busy_wait_us+0x6>
10000f88:	1902      	adds	r2, r0, r4
10000f8a:	4159      	adcs	r1, r3
10000f8c:	f04f 0500 	mov.w	r5, #0
10000f90:	bf28      	it	cs
10000f92:	2501      	movcs	r5, #1
10000f94:	4b0e      	ldr	r3, [pc, #56]	@ (10000fd0 <busy_wait_us+0x58>)
10000f96:	6a5b      	ldr	r3, [r3, #36]	@ 0x24
10000f98:	b1b5      	cbz	r5, 10000fc8 <busy_wait_us+0x50>
10000f9a:	1c5a      	adds	r2, r3, #1
10000f9c:	bf08      	it	eq
10000f9e:	461a      	moveq	r2, r3
10000fa0:	d008      	beq.n	10000fb4 <busy_wait_us+0x3c>
10000fa2:	f04f 31ff 	mov.w	r1, #4294967295	@ 0xffffffff
10000fa6:	460a      	mov	r2, r1
10000fa8:	4809      	ldr	r0, [pc, #36]	@ (10000fd0 <busy_wait_us+0x58>)
10000faa:	6a43      	ldr	r3, [r0, #36]	@ 0x24
10000fac:	428b      	cmp	r3, r1
10000fae:	d3fc      	bcc.n	10000faa <busy_wait_us+0x32>
10000fb0:	428b      	cmp	r3, r1
10000fb2:	d107      	bne.n	10000fc4 <busy_wait_us+0x4c>
10000fb4:	4906      	ldr	r1, [pc, #24]	@ (10000fd0 <busy_wait_us+0x58>)
10000fb6:	e002      	b.n	10000fbe <busy_wait_us+0x46>
10000fb8:	6a48      	ldr	r0, [r1, #36]	@ 0x24
10000fba:	4298      	cmp	r0, r3
10000fbc:	d102      	bne.n	10000fc4 <busy_wait_us+0x4c>
10000fbe:	6a88      	ldr	r0, [r1, #40]	@ 0x28
10000fc0:	4290      	cmp	r0, r2
10000fc2:	d3f9      	bcc.n	10000fb8 <busy_wait_us+0x40>
10000fc4:	bc30      	pop	{r4, r5}
10000fc6:	4770      	bx	lr
10000fc8:	4299      	cmp	r1, r3
10000fca:	d8ed      	bhi.n	10000fa8 <busy_wait_us+0x30>
10000fcc:	e7f0      	b.n	10000fb0 <busy_wait_us+0x38>
10000fce:	bf00      	nop
10000fd0:	400b0000 	.word	0x400b0000

10000fd4 <busy_wait_until>:
10000fd4:	4a07      	ldr	r2, [pc, #28]	@ (10000ff4 <busy_wait_until+0x20>)
10000fd6:	6a53      	ldr	r3, [r2, #36]	@ 0x24
10000fd8:	4299      	cmp	r1, r3
10000fda:	d8fc      	bhi.n	10000fd6 <busy_wait_until+0x2>
10000fdc:	4299      	cmp	r1, r3
10000fde:	d107      	bne.n	10000ff0 <busy_wait_until+0x1c>
10000fe0:	4b04      	ldr	r3, [pc, #16]	@ (10000ff4 <busy_wait_until+0x20>)
10000fe2:	e002      	b.n	10000fea <busy_wait_until+0x16>
10000fe4:	6a5a      	ldr	r2, [r3, #36]	@ 0x24
10000fe6:	4291      	cmp	r1, r2
10000fe8:	d102      	bne.n	10000ff0 <busy_wait_until+0x1c>
10000fea:	6a9a      	ldr	r2, [r3, #40]	@ 0x28
10000fec:	4282      	cmp	r2, r0
10000fee:	d3f9      	bcc.n	10000fe4 <busy_wait_until+0x10>
10000ff0:	4770      	bx	lr
10000ff2:	bf00      	nop
10000ff4:	400b0000 	.word	0x400b0000

10000ff8 <runtime_init_per_core_irq_priorities>:
10000ff8:	f04f 23e0 	mov.w	r3, #3758153728	@ 0xe000e000
10000ffc:	f04f 3280 	mov.w	r2, #2155905152	@ 0x80808080
10001000:	f8c3 2400 	str.w	r2, [r3, #1024]	@ 0x400
10001004:	f8c3 2404 	str.w	r2, [r3, #1028]	@ 0x404
10001008:	f8c3 2408 	str.w	r2, [r3, #1032]	@ 0x408
1000100c:	f8c3 240c 	str.w	r2, [r3, #1036]	@ 0x40c
10001010:	f8c3 2410 	str.w	r2, [r3, #1040]	@ 0x410
10001014:	f8c3 2414 	str.w	r2, [r3, #1044]	@ 0x414
10001018:	f8c3 2418 	str.w	r2, [r3, #1048]	@ 0x418
1000101c:	f8c3 241c 	str.w	r2, [r3, #1052]	@ 0x41c
10001020:	f8c3 2420 	str.w	r2, [r3, #1056]	@ 0x420
10001024:	f8c3 2424 	str.w	r2, [r3, #1060]	@ 0x424
10001028:	f8c3 2428 	str.w	r2, [r3, #1064]	@ 0x428
1000102c:	f8c3 242c 	str.w	r2, [r3, #1068]	@ 0x42c
10001030:	f8c3 2430 	str.w	r2, [r3, #1072]	@ 0x430
10001034:	4770      	bx	lr
10001036:	bf00      	nop

10001038 <irq_set_enabled>:
10001038:	2301      	movs	r3, #1
1000103a:	f000 021f 	and.w	r2, r0, #31
1000103e:	4093      	lsls	r3, r2
10001040:	0940      	lsrs	r0, r0, #5
10001042:	b141      	cbz	r1, 10001056 <irq_set_enabled+0x1e>
10001044:	0080      	lsls	r0, r0, #2
10001046:	f100 4060 	add.w	r0, r0, #3758096384	@ 0xe0000000
1000104a:	f500 4061 	add.w	r0, r0, #57600	@ 0xe100
1000104e:	f8c0 3180 	str.w	r3, [r0, #384]	@ 0x180
10001052:	6003      	str	r3, [r0, #0]
10001054:	4770      	bx	lr
10001056:	4a02      	ldr	r2, [pc, #8]	@ (10001060 <irq_set_enabled+0x28>)
10001058:	3020      	adds	r0, #32
1000105a:	f842 3020 	str.w	r3, [r2, r0, lsl #2]
1000105e:	4770      	bx	lr
10001060:	e000e100 	.word	0xe000e100

10001064 <irq_set_exclusive_handler>:
10001064:	b5f8      	push	{r3, r4, r5, r6, r7, lr}
10001066:	460d      	mov	r5, r1
10001068:	f3ef 8710 	mrs	r7, PRIMASK
1000106c:	b672      	cpsid	i
1000106e:	4e12      	ldr	r6, [pc, #72]	@ (100010b8 <irq_set_exclusive_handler+0x54>)
10001070:	e8d6 2fcf 	ldaexb	r2, [r6]
10001074:	2301      	movs	r3, #1
10001076:	2a00      	cmp	r2, #0
10001078:	d1fa      	bne.n	10001070 <irq_set_exclusive_handler+0xc>
1000107a:	e8c6 3f42 	strexb	r2, r3, [r6]
1000107e:	2a00      	cmp	r2, #0
10001080:	d1f6      	bne.n	10001070 <irq_set_exclusive_handler+0xc>
10001082:	f3bf 8f5f 	dmb	sy
10001086:	4b0d      	ldr	r3, [pc, #52]	@ (100010bc <irq_set_exclusive_handler+0x58>)
10001088:	f100 0410 	add.w	r4, r0, #16
1000108c:	689b      	ldr	r3, [r3, #8]
1000108e:	4a0c      	ldr	r2, [pc, #48]	@ (100010c0 <irq_set_exclusive_handler+0x5c>)
10001090:	f853 3024 	ldr.w	r3, [r3, r4, lsl #2]
10001094:	4293      	cmp	r3, r2
10001096:	d003      	beq.n	100010a0 <irq_set_exclusive_handler+0x3c>
10001098:	4299      	cmp	r1, r3
1000109a:	d001      	beq.n	100010a0 <irq_set_exclusive_handler+0x3c>
1000109c:	f000 fb72 	bl	10001784 <hard_assertion_failure>
100010a0:	4b06      	ldr	r3, [pc, #24]	@ (100010bc <irq_set_exclusive_handler+0x58>)
100010a2:	689b      	ldr	r3, [r3, #8]
100010a4:	f843 5024 	str.w	r5, [r3, r4, lsl #2]
100010a8:	f3bf 8f5f 	dmb	sy
100010ac:	2300      	movs	r3, #0
100010ae:	e8c6 3f8f 	stlb	r3, [r6]
100010b2:	f387 8810 	msr	PRIMASK, r7
100010b6:	bdf8      	pop	{r3, r4, r5, r6, r7, pc}
100010b8:	20000825 	.word	0x20000825
100010bc:	e000ed00 	.word	0xe000ed00
100010c0:	1000011d 	.word	0x1000011d

100010c4 <irq_remove_handler>:
100010c4:	e92d 4ff0 	stmdb	sp!, {r4, r5, r6, r7, r8, r9, sl, fp, lr}
100010c8:	b083      	sub	sp, #12
100010ca:	f3ef 8a10 	mrs	sl, PRIMASK
100010ce:	b672      	cpsid	i
100010d0:	4e74      	ldr	r6, [pc, #464]	@ (100012a4 <irq_remove_handler+0x1e0>)
100010d2:	e8d6 2fcf 	ldaexb	r2, [r6]
100010d6:	2301      	movs	r3, #1
100010d8:	2a00      	cmp	r2, #0
100010da:	d1fa      	bne.n	100010d2 <irq_remove_handler+0xe>
100010dc:	e8c6 3f42 	strexb	r2, r3, [r6]
100010e0:	2a00      	cmp	r2, #0
100010e2:	d1f6      	bne.n	100010d2 <irq_remove_handler+0xe>
100010e4:	f3bf 8f5f 	dmb	sy
100010e8:	4b6f      	ldr	r3, [pc, #444]	@ (100012a8 <irq_remove_handler+0x1e4>)
100010ea:	f100 0810 	add.w	r8, r0, #16
100010ee:	689b      	ldr	r3, [r3, #8]
100010f0:	4a6e      	ldr	r2, [pc, #440]	@ (100012ac <irq_remove_handler+0x1e8>)
100010f2:	f853 5028 	ldr.w	r5, [r3, r8, lsl #2]
100010f6:	4295      	cmp	r5, r2
100010f8:	d03f      	beq.n	1000117a <irq_remove_handler+0xb6>
100010fa:	428d      	cmp	r5, r1
100010fc:	460c      	mov	r4, r1
100010fe:	d04a      	beq.n	10001196 <irq_remove_handler+0xd2>
10001100:	4f6b      	ldr	r7, [pc, #428]	@ (100012b0 <irq_remove_handler+0x1ec>)
10001102:	1beb      	subs	r3, r5, r7
10001104:	2b2f      	cmp	r3, #47	@ 0x2f
10001106:	d838      	bhi.n	1000117a <irq_remove_handler+0xb6>
10001108:	2101      	movs	r1, #1
1000110a:	ea4f 1950 	mov.w	r9, r0, lsr #5
1000110e:	ea4f 0989 	mov.w	r9, r9, lsl #2
10001112:	f109 4960 	add.w	r9, r9, #3758096384	@ 0xe0000000
10001116:	f509 4961 	add.w	r9, r9, #57600	@ 0xe100
1000111a:	f000 031f 	and.w	r3, r0, #31
1000111e:	fa01 f003 	lsl.w	r0, r1, r3
10001122:	f8d9 3000 	ldr.w	r3, [r9]
10001126:	f8c9 0080 	str.w	r0, [r9, #128]	@ 0x80
1000112a:	ea00 0b03 	and.w	fp, r0, r3
1000112e:	f3bf 8f5f 	dmb	sy
10001132:	f3ef 8105 	mrs	r1, IPSR
10001136:	b2c9      	uxtb	r1, r1
10001138:	b379      	cbz	r1, 1000119a <irq_remove_handler+0xd6>
1000113a:	4588      	cmp	r8, r1
1000113c:	d177      	bne.n	1000122e <irq_remove_handler+0x16a>
1000113e:	f025 0e01 	bic.w	lr, r5, #1
10001142:	f8de c008 	ldr.w	ip, [lr, #8]
10001146:	4564      	cmp	r4, ip
10001148:	d105      	bne.n	10001156 <irq_remove_handler+0x92>
1000114a:	e07c      	b.n	10001246 <irq_remove_handler+0x182>
1000114c:	f8d3 c008 	ldr.w	ip, [r3, #8]
10001150:	4564      	cmp	r4, ip
10001152:	d032      	beq.n	100011ba <irq_remove_handler+0xf6>
10001154:	469e      	mov	lr, r3
10001156:	f99e 2006 	ldrsb.w	r2, [lr, #6]
1000115a:	eb02 0342 	add.w	r3, r2, r2, lsl #1
1000115e:	2a00      	cmp	r2, #0
10001160:	eb07 0383 	add.w	r3, r7, r3, lsl #2
10001164:	daf2      	bge.n	1000114c <irq_remove_handler+0x88>
10001166:	4564      	cmp	r4, ip
10001168:	f000 8081 	beq.w	1000126e <irq_remove_handler+0x1aa>
1000116c:	f1bb 0f00 	cmp.w	fp, #0
10001170:	d020      	beq.n	100011b4 <irq_remove_handler+0xf0>
10001172:	f8c9 0180 	str.w	r0, [r9, #384]	@ 0x180
10001176:	f8c9 0000 	str.w	r0, [r9]
1000117a:	4b4b      	ldr	r3, [pc, #300]	@ (100012a8 <irq_remove_handler+0x1e4>)
1000117c:	689b      	ldr	r3, [r3, #8]
1000117e:	f843 5028 	str.w	r5, [r3, r8, lsl #2]
10001182:	f3bf 8f5f 	dmb	sy
10001186:	2300      	movs	r3, #0
10001188:	e8c6 3f8f 	stlb	r3, [r6]
1000118c:	f38a 8810 	msr	PRIMASK, sl
10001190:	b003      	add	sp, #12
10001192:	e8bd 8ff0 	ldmia.w	sp!, {r4, r5, r6, r7, r8, r9, sl, fp, pc}
10001196:	4615      	mov	r5, r2
10001198:	e7ef      	b.n	1000117a <irq_remove_handler+0xb6>
1000119a:	f025 0e01 	bic.w	lr, r5, #1
1000119e:	f8de c008 	ldr.w	ip, [lr, #8]
100011a2:	4564      	cmp	r4, ip
100011a4:	d1d7      	bne.n	10001156 <irq_remove_handler+0x92>
100011a6:	f99e 4006 	ldrsb.w	r4, [lr, #6]
100011aa:	4673      	mov	r3, lr
100011ac:	2c00      	cmp	r4, #0
100011ae:	da08      	bge.n	100011c2 <irq_remove_handler+0xfe>
100011b0:	4615      	mov	r5, r2
100011b2:	e066      	b.n	10001282 <irq_remove_handler+0x1be>
100011b4:	f8c9 0080 	str.w	r0, [r9, #128]	@ 0x80
100011b8:	e7df      	b.n	1000117a <irq_remove_handler+0xb6>
100011ba:	f993 4006 	ldrsb.w	r4, [r3, #6]
100011be:	2c00      	cmp	r4, #0
100011c0:	db56      	blt.n	10001270 <irq_remove_handler+0x1ac>
100011c2:	eb04 0c44 	add.w	ip, r4, r4, lsl #1
100011c6:	eb07 0c8c 	add.w	ip, r7, ip, lsl #2
100011ca:	f8dc 2008 	ldr.w	r2, [ip, #8]
100011ce:	0061      	lsls	r1, r4, #1
100011d0:	609a      	str	r2, [r3, #8]
100011d2:	f89c 2007 	ldrb.w	r2, [ip, #7]
100011d6:	71da      	strb	r2, [r3, #7]
100011d8:	f99c 2006 	ldrsb.w	r2, [ip, #6]
100011dc:	2a00      	cmp	r2, #0
100011de:	719a      	strb	r2, [r3, #6]
100011e0:	db5d      	blt.n	1000129e <irq_remove_handler+0x1da>
100011e2:	f8bc 2004 	ldrh.w	r2, [ip, #4]
100011e6:	0552      	lsls	r2, r2, #21
100011e8:	d504      	bpl.n	100011f4 <irq_remove_handler+0x130>
100011ea:	f502 12ff 	add.w	r2, r2, #2088960	@ 0x1fe000
100011ee:	f502 52ff 	add.w	r2, r2, #8160	@ 0x1fe0
100011f2:	321f      	adds	r2, #31
100011f4:	1552      	asrs	r2, r2, #21
100011f6:	f102 0c02 	add.w	ip, r2, #2
100011fa:	f04f 0e04 	mov.w	lr, #4
100011fe:	220c      	movs	r2, #12
10001200:	fb12 e204 	smlabb	r2, r2, r4, lr
10001204:	eb02 024c 	add.w	r2, r2, ip, lsl #1
10001208:	f06f 0c07 	mvn.w	ip, #7
1000120c:	443a      	add	r2, r7
1000120e:	ebac 0c03 	sub.w	ip, ip, r3
10001212:	4462      	add	r2, ip
10001214:	f3c2 024a 	ubfx	r2, r2, #1, #11
10001218:	f442 4260 	orr.w	r2, r2, #57344	@ 0xe000
1000121c:	809a      	strh	r2, [r3, #4]
1000121e:	4b25      	ldr	r3, [pc, #148]	@ (100012b4 <irq_remove_handler+0x1f0>)
10001220:	4421      	add	r1, r4
10001222:	781a      	ldrb	r2, [r3, #0]
10001224:	eb07 0181 	add.w	r1, r7, r1, lsl #2
10001228:	701c      	strb	r4, [r3, #0]
1000122a:	718a      	strb	r2, [r1, #6]
1000122c:	e79e      	b.n	1000116c <irq_remove_handler+0xa8>
1000122e:	e9cd 0100 	strd	r0, r1, [sp]
10001232:	f000 faa7 	bl	10001784 <hard_assertion_failure>
10001236:	e9dd 0100 	ldrd	r0, r1, [sp]
1000123a:	f025 0e01 	bic.w	lr, r5, #1
1000123e:	f8de c008 	ldr.w	ip, [lr, #8]
10001242:	4564      	cmp	r4, ip
10001244:	d187      	bne.n	10001156 <irq_remove_handler+0x92>
10001246:	f99e 4006 	ldrsb.w	r4, [lr, #6]
1000124a:	4673      	mov	r3, lr
1000124c:	2c00      	cmp	r4, #0
1000124e:	dab8      	bge.n	100011c2 <irq_remove_handler+0xfe>
10001250:	4a19      	ldr	r2, [pc, #100]	@ (100012b8 <irq_remove_handler+0x1f4>)
10001252:	4c1a      	ldr	r4, [pc, #104]	@ (100012bc <irq_remove_handler+0x1f8>)
10001254:	1ad2      	subs	r2, r2, r3
10001256:	3a08      	subs	r2, #8
10001258:	f3c2 310a 	ubfx	r1, r2, #12, #11
1000125c:	ea6f 5101 	mvn.w	r1, r1, lsl #20
10001260:	ea6f 5111 	mvn.w	r1, r1, lsr #20
10001264:	ea44 0252 	orr.w	r2, r4, r2, lsr #1
10001268:	80da      	strh	r2, [r3, #6]
1000126a:	8099      	strh	r1, [r3, #4]
1000126c:	e77e      	b.n	1000116c <irq_remove_handler+0xa8>
1000126e:	4673      	mov	r3, lr
10001270:	2900      	cmp	r1, #0
10001272:	d1ed      	bne.n	10001250 <irq_remove_handler+0x18c>
10001274:	22ff      	movs	r2, #255	@ 0xff
10001276:	f88e 2006 	strb.w	r2, [lr, #6]
1000127a:	f64b 5201 	movw	r2, #48385	@ 0xbd01
1000127e:	f8ae 2004 	strh.w	r2, [lr, #4]
10001282:	4c0c      	ldr	r4, [pc, #48]	@ (100012b4 <irq_remove_handler+0x1f0>)
10001284:	f64a 22aa 	movw	r2, #43690	@ 0xaaaa
10001288:	f894 c000 	ldrb.w	ip, [r4]
1000128c:	4619      	mov	r1, r3
1000128e:	1bc9      	subs	r1, r1, r7
10001290:	4149      	adcs	r1, r1
10001292:	434a      	muls	r2, r1
10001294:	0d12      	lsrs	r2, r2, #20
10001296:	f883 c006 	strb.w	ip, [r3, #6]
1000129a:	7022      	strb	r2, [r4, #0]
1000129c:	e766      	b.n	1000116c <irq_remove_handler+0xa8>
1000129e:	f64b 5201 	movw	r2, #48385	@ 0xbd01
100012a2:	e7bb      	b.n	1000121c <irq_remove_handler+0x158>
100012a4:	20000825 	.word	0x20000825
100012a8:	e000ed00 	.word	0xe000ed00
100012ac:	1000011d 	.word	0x1000011d
100012b0:	20000614 	.word	0x20000614
100012b4:	200009bc 	.word	0x200009bc
100012b8:	2000064e 	.word	0x2000064e
100012bc:	fffff800 	.word	0xfffff800

100012c0 <irq_add_tail_to_free_list>:
100012c0:	b5f0      	push	{r4, r5, r6, r7, lr}
100012c2:	f3ef 8505 	mrs	r5, IPSR
100012c6:	b2ed      	uxtb	r5, r5
100012c8:	f3ef 8c10 	mrs	ip, PRIMASK
100012cc:	b672      	cpsid	i
100012ce:	4926      	ldr	r1, [pc, #152]	@ (10001368 <irq_add_tail_to_free_list+0xa8>)
100012d0:	e8d1 2fcf 	ldaexb	r2, [r1]
100012d4:	2301      	movs	r3, #1
100012d6:	2a00      	cmp	r2, #0
100012d8:	d1fa      	bne.n	100012d0 <irq_add_tail_to_free_list+0x10>
100012da:	e8c1 3f42 	strexb	r2, r3, [r1]
100012de:	2a00      	cmp	r2, #0
100012e0:	d1f6      	bne.n	100012d0 <irq_add_tail_to_free_list+0x10>
100012e2:	f3bf 8f5f 	dmb	sy
100012e6:	4e21      	ldr	r6, [pc, #132]	@ (1000136c <irq_add_tail_to_free_list+0xac>)
100012e8:	f040 0e01 	orr.w	lr, r0, #1
100012ec:	68b4      	ldr	r4, [r6, #8]
100012ee:	f64a 23aa 	movw	r3, #43690	@ 0xaaaa
100012f2:	f854 7025 	ldr.w	r7, [r4, r5, lsl #2]
100012f6:	4a1e      	ldr	r2, [pc, #120]	@ (10001370 <irq_add_tail_to_free_list+0xb0>)
100012f8:	4604      	mov	r4, r0
100012fa:	1aa4      	subs	r4, r4, r2
100012fc:	4164      	adcs	r4, r4
100012fe:	4363      	muls	r3, r4
10001300:	0d1b      	lsrs	r3, r3, #20
10001302:	4577      	cmp	r7, lr
10001304:	b25b      	sxtb	r3, r3
10001306:	d01b      	beq.n	10001340 <irq_add_tail_to_free_list+0x80>
10001308:	f992 4006 	ldrsb.w	r4, [r2, #6]
1000130c:	429c      	cmp	r4, r3
1000130e:	d01c      	beq.n	1000134a <irq_add_tail_to_free_list+0x8a>
10001310:	f992 4012 	ldrsb.w	r4, [r2, #18]
10001314:	429c      	cmp	r4, r3
10001316:	d023      	beq.n	10001360 <irq_add_tail_to_free_list+0xa0>
10001318:	f992 401e 	ldrsb.w	r4, [r2, #30]
1000131c:	429c      	cmp	r4, r3
1000131e:	d021      	beq.n	10001364 <irq_add_tail_to_free_list+0xa4>
10001320:	f992 402a 	ldrsb.w	r4, [r2, #42]	@ 0x2a
10001324:	429c      	cmp	r4, r3
10001326:	bf08      	it	eq
10001328:	2403      	moveq	r4, #3
1000132a:	d00f      	beq.n	1000134c <irq_add_tail_to_free_list+0x8c>
1000132c:	4a11      	ldr	r2, [pc, #68]	@ (10001374 <irq_add_tail_to_free_list+0xb4>)
1000132e:	2400      	movs	r4, #0
10001330:	7815      	ldrb	r5, [r2, #0]
10001332:	7013      	strb	r3, [r2, #0]
10001334:	7185      	strb	r5, [r0, #6]
10001336:	e8c1 4f8f 	stlb	r4, [r1]
1000133a:	f38c 8810 	msr	PRIMASK, ip
1000133e:	bdf0      	pop	{r4, r5, r6, r7, pc}
10001340:	68b2      	ldr	r2, [r6, #8]
10001342:	4c0d      	ldr	r4, [pc, #52]	@ (10001378 <irq_add_tail_to_free_list+0xb8>)
10001344:	f842 4025 	str.w	r4, [r2, r5, lsl #2]
10001348:	e7f0      	b.n	1000132c <irq_add_tail_to_free_list+0x6c>
1000134a:	2400      	movs	r4, #0
1000134c:	eb04 0444 	add.w	r4, r4, r4, lsl #1
10001350:	eb02 0284 	add.w	r2, r2, r4, lsl #2
10001354:	24ff      	movs	r4, #255	@ 0xff
10001356:	7194      	strb	r4, [r2, #6]
10001358:	f64b 5401 	movw	r4, #48385	@ 0xbd01
1000135c:	8094      	strh	r4, [r2, #4]
1000135e:	e7e5      	b.n	1000132c <irq_add_tail_to_free_list+0x6c>
10001360:	2401      	movs	r4, #1
10001362:	e7f3      	b.n	1000134c <irq_add_tail_to_free_list+0x8c>
10001364:	2402      	movs	r4, #2
10001366:	e7f1      	b.n	1000134c <irq_add_tail_to_free_list+0x8c>
10001368:	20000825 	.word	0x20000825
1000136c:	e000ed00 	.word	0xe000ed00
10001370:	20000614 	.word	0x20000614
10001374:	200009bc 	.word	0x200009bc
10001378:	1000011d 	.word	0x1000011d

1000137c <lock_init>:
1000137c:	4b01      	ldr	r3, [pc, #4]	@ (10001384 <lock_init+0x8>)
1000137e:	440b      	add	r3, r1
10001380:	6003      	str	r3, [r0, #0]
10001382:	4770      	bx	lr
10001384:	2000081c 	.word	0x2000081c

10001388 <runtime_init_mutex>:
10001388:	b5f8      	push	{r3, r4, r5, r6, r7, lr}
1000138a:	4d12      	ldr	r5, [pc, #72]	@ (100013d4 <runtime_init_mutex+0x4c>)
1000138c:	4e12      	ldr	r6, [pc, #72]	@ (100013d8 <runtime_init_mutex+0x50>)
1000138e:	42b5      	cmp	r5, r6
10001390:	d21f      	bcs.n	100013d2 <runtime_init_mutex+0x4a>
10001392:	462c      	mov	r4, r5
10001394:	6823      	ldr	r3, [r4, #0]
10001396:	27ff      	movs	r7, #255	@ 0xff
10001398:	b17b      	cbz	r3, 100013ba <runtime_init_mutex+0x32>
1000139a:	f7ff fa25 	bl	100007e8 <next_striped_spin_lock_num>
1000139e:	4601      	mov	r1, r0
100013a0:	4628      	mov	r0, r5
100013a2:	f7ff ffeb 	bl	1000137c <lock_init>
100013a6:	80a7      	strh	r7, [r4, #4]
100013a8:	f3bf 8f5f 	dmb	sy
100013ac:	3408      	adds	r4, #8
100013ae:	42b4      	cmp	r4, r6
100013b0:	d20f      	bcs.n	100013d2 <runtime_init_mutex+0x4a>
100013b2:	6823      	ldr	r3, [r4, #0]
100013b4:	4625      	mov	r5, r4
100013b6:	2b00      	cmp	r3, #0
100013b8:	d1ef      	bne.n	1000139a <runtime_init_mutex+0x12>
100013ba:	f7ff fa15 	bl	100007e8 <next_striped_spin_lock_num>
100013be:	4601      	mov	r1, r0
100013c0:	4628      	mov	r0, r5
100013c2:	f7ff ffdb 	bl	1000137c <lock_init>
100013c6:	7127      	strb	r7, [r4, #4]
100013c8:	f3bf 8f5f 	dmb	sy
100013cc:	3408      	adds	r4, #8
100013ce:	42b4      	cmp	r4, r6
100013d0:	d3ef      	bcc.n	100013b2 <runtime_init_mutex+0x2a>
100013d2:	bdf8      	pop	{r3, r4, r5, r6, r7, pc}
100013d4:	20000674 	.word	0x20000674
100013d8:	2000067c 	.word	0x2000067c

100013dc <clock_configure_undivided>:
100013dc:	eb00 0c40 	add.w	ip, r0, r0, lsl #1
100013e0:	ea4f 0c8c 	mov.w	ip, ip, lsl #2
100013e4:	f10c 4c80 	add.w	ip, ip, #1073741824	@ 0x40000000
100013e8:	f50c 3c80 	add.w	ip, ip, #65536	@ 0x10000
100013ec:	b5f0      	push	{r4, r5, r6, r7, lr}
100013ee:	4616      	mov	r6, r2
100013f0:	f8dc 2004 	ldr.w	r2, [ip, #4]
100013f4:	1f05      	subs	r5, r0, #4
100013f6:	f5b2 3f80 	cmp.w	r2, #65536	@ 0x10000
100013fa:	bf38      	it	cc
100013fc:	f44f 3280 	movcc.w	r2, #65536	@ 0x10000
10001400:	b2ed      	uxtb	r5, r5
10001402:	bf38      	it	cc
10001404:	f8cc 2004 	strcc.w	r2, [ip, #4]
10001408:	2d01      	cmp	r5, #1
1000140a:	d92a      	bls.n	10001462 <clock_configure_undivided+0x86>
1000140c:	f44f 6700 	mov.w	r7, #2048	@ 0x800
10001410:	4c25      	ldr	r4, [pc, #148]	@ (100014a8 <clock_configure_undivided+0xcc>)
10001412:	f50c 5240 	add.w	r2, ip, #12288	@ 0x3000
10001416:	6017      	str	r7, [r2, #0]
10001418:	f854 2020 	ldr.w	r2, [r4, r0, lsl #2]
1000141c:	b9b2      	cbnz	r2, 1000144c <clock_configure_undivided+0x70>
1000141e:	f8dc 2000 	ldr.w	r2, [ip]
10001422:	2d01      	cmp	r5, #1
10001424:	ea82 1246 	eor.w	r2, r2, r6, lsl #5
10001428:	f002 02e0 	and.w	r2, r2, #224	@ 0xe0
1000142c:	f50c 5680 	add.w	r6, ip, #4096	@ 0x1000
10001430:	6032      	str	r2, [r6, #0]
10001432:	d92a      	bls.n	1000148a <clock_configure_undivided+0xae>
10001434:	f44f 6100 	mov.w	r1, #2048	@ 0x800
10001438:	f844 3020 	str.w	r3, [r4, r0, lsl #2]
1000143c:	f44f 3380 	mov.w	r3, #65536	@ 0x10000
10001440:	f50c 5200 	add.w	r2, ip, #8192	@ 0x2000
10001444:	6011      	str	r1, [r2, #0]
10001446:	f8cc 3004 	str.w	r3, [ip, #4]
1000144a:	bdf0      	pop	{r4, r5, r6, r7, pc}
1000144c:	6967      	ldr	r7, [r4, #20]
1000144e:	fbb7 fef2 	udiv	lr, r7, r2
10001452:	f10e 0e01 	add.w	lr, lr, #1
10001456:	eb0e 0e4e 	add.w	lr, lr, lr, lsl #1
1000145a:	f1be 0e03 	subs.w	lr, lr, #3
1000145e:	d2fc      	bcs.n	1000145a <clock_configure_undivided+0x7e>
10001460:	e7dd      	b.n	1000141e <clock_configure_undivided+0x42>
10001462:	2901      	cmp	r1, #1
10001464:	d1d2      	bne.n	1000140c <clock_configure_undivided+0x30>
10001466:	2403      	movs	r4, #3
10001468:	f50c 5240 	add.w	r2, ip, #12288	@ 0x3000
1000146c:	6014      	str	r4, [r2, #0]
1000146e:	f8dc 2008 	ldr.w	r2, [ip, #8]
10001472:	07d2      	lsls	r2, r2, #31
10001474:	d5fb      	bpl.n	1000146e <clock_configure_undivided+0x92>
10001476:	f8dc 2000 	ldr.w	r2, [ip]
1000147a:	4c0b      	ldr	r4, [pc, #44]	@ (100014a8 <clock_configure_undivided+0xcc>)
1000147c:	ea82 1246 	eor.w	r2, r2, r6, lsl #5
10001480:	f002 02e0 	and.w	r2, r2, #224	@ 0xe0
10001484:	f50c 5680 	add.w	r6, ip, #4096	@ 0x1000
10001488:	6032      	str	r2, [r6, #0]
1000148a:	2201      	movs	r2, #1
1000148c:	f8dc 5000 	ldr.w	r5, [ip]
10001490:	404d      	eors	r5, r1
10001492:	f005 0503 	and.w	r5, r5, #3
10001496:	6035      	str	r5, [r6, #0]
10001498:	fa02 f101 	lsl.w	r1, r2, r1
1000149c:	f8dc 2008 	ldr.w	r2, [ip, #8]
100014a0:	420a      	tst	r2, r1
100014a2:	d0fb      	beq.n	1000149c <clock_configure_undivided+0xc0>
100014a4:	e7c6      	b.n	10001434 <clock_configure_undivided+0x58>
100014a6:	bf00      	nop
100014a8:	20000848 	.word	0x20000848

100014ac <clock_get_hz>:
100014ac:	4b01      	ldr	r3, [pc, #4]	@ (100014b4 <clock_get_hz+0x8>)
100014ae:	f853 0020 	ldr.w	r0, [r3, r0, lsl #2]
100014b2:	4770      	bx	lr
100014b4:	20000848 	.word	0x20000848

100014b8 <gpio_set_function>:
100014b8:	b410      	push	{r4}
100014ba:	f44f 7480 	mov.w	r4, #256	@ 0x100
100014be:	4b0c      	ldr	r3, [pc, #48]	@ (100014f0 <gpio_set_function+0x38>)
100014c0:	f853 2020 	ldr.w	r2, [r3, r0, lsl #2]
100014c4:	eb03 0380 	add.w	r3, r3, r0, lsl #2
100014c8:	00c0      	lsls	r0, r0, #3
100014ca:	f082 0240 	eor.w	r2, r2, #64	@ 0x40
100014ce:	f100 4080 	add.w	r0, r0, #1073741824	@ 0x40000000
100014d2:	f503 5c80 	add.w	ip, r3, #4096	@ 0x1000
100014d6:	f002 02c0 	and.w	r2, r2, #192	@ 0xc0
100014da:	f500 3020 	add.w	r0, r0, #163840	@ 0x28000
100014de:	f503 5340 	add.w	r3, r3, #12288	@ 0x3000
100014e2:	f8cc 2000 	str.w	r2, [ip]
100014e6:	6041      	str	r1, [r0, #4]
100014e8:	601c      	str	r4, [r3, #0]
100014ea:	f85d 4b04 	ldr.w	r4, [sp], #4
100014ee:	4770      	bx	lr
100014f0:	40038004 	.word	0x40038004

100014f4 <gpio_set_pulls>:
100014f4:	b410      	push	{r4}
100014f6:	4c08      	ldr	r4, [pc, #32]	@ (10001518 <gpio_set_pulls+0x24>)
100014f8:	00c9      	lsls	r1, r1, #3
100014fa:	ea41 0182 	orr.w	r1, r1, r2, lsl #2
100014fe:	f854 2020 	ldr.w	r2, [r4, r0, lsl #2]
10001502:	eb04 0380 	add.w	r3, r4, r0, lsl #2
10001506:	4051      	eors	r1, r2
10001508:	f503 5380 	add.w	r3, r3, #4096	@ 0x1000
1000150c:	f001 010c 	and.w	r1, r1, #12
10001510:	f85d 4b04 	ldr.w	r4, [sp], #4
10001514:	6019      	str	r1, [r3, #0]
10001516:	4770      	bx	lr
10001518:	40038004 	.word	0x40038004

1000151c <gpio_init>:
1000151c:	b430      	push	{r4, r5}
1000151e:	f04f 0300 	mov.w	r3, #0
10001522:	ec43 0044 	gpioc_bit_oe_put r0, r3
10001526:	ec43 0040 	gpioc_bit_out_put r0, r3
1000152a:	2505      	movs	r5, #5
1000152c:	f44f 7480 	mov.w	r4, #256	@ 0x100
10001530:	4b0b      	ldr	r3, [pc, #44]	@ (10001560 <gpio_init+0x44>)
10001532:	00c2      	lsls	r2, r0, #3
10001534:	f853 1020 	ldr.w	r1, [r3, r0, lsl #2]
10001538:	eb03 0080 	add.w	r0, r3, r0, lsl #2
1000153c:	f081 0140 	eor.w	r1, r1, #64	@ 0x40
10001540:	f102 4380 	add.w	r3, r2, #1073741824	@ 0x40000000
10001544:	f503 3320 	add.w	r3, r3, #163840	@ 0x28000
10001548:	f001 02c0 	and.w	r2, r1, #192	@ 0xc0
1000154c:	f500 5180 	add.w	r1, r0, #4096	@ 0x1000
10001550:	f500 5040 	add.w	r0, r0, #12288	@ 0x3000
10001554:	600a      	str	r2, [r1, #0]
10001556:	605d      	str	r5, [r3, #4]
10001558:	6004      	str	r4, [r0, #0]
1000155a:	bc30      	pop	{r4, r5}
1000155c:	4770      	bx	lr
1000155e:	bf00      	nop
10001560:	40038004 	.word	0x40038004

10001564 <pll_init>:
10001564:	b470      	push	{r4, r5, r6}
10001566:	9d03      	ldr	r5, [sp, #12]
10001568:	6804      	ldr	r4, [r0, #0]
1000156a:	032d      	lsls	r5, r5, #12
1000156c:	ea45 4503 	orr.w	r5, r5, r3, lsl #16
10001570:	4b1b      	ldr	r3, [pc, #108]	@ (100015e0 <pll_init+0x7c>)
10001572:	2c00      	cmp	r4, #0
10001574:	fbb3 f3f1 	udiv	r3, r3, r1
10001578:	fbb2 f6f3 	udiv	r6, r2, r3
1000157c:	db1f      	blt.n	100015be <pll_init+0x5a>
1000157e:	4a19      	ldr	r2, [pc, #100]	@ (100015e4 <pll_init+0x80>)
10001580:	4b19      	ldr	r3, [pc, #100]	@ (100015e8 <pll_init+0x84>)
10001582:	4290      	cmp	r0, r2
10001584:	bf0c      	ite	eq
10001586:	f44f 4200 	moveq.w	r2, #32768	@ 0x8000
1000158a:	f44f 4280 	movne.w	r2, #16384	@ 0x4000
1000158e:	4c17      	ldr	r4, [pc, #92]	@ (100015ec <pll_init+0x88>)
10001590:	601a      	str	r2, [r3, #0]
10001592:	f503 5380 	add.w	r3, r3, #4096	@ 0x1000
10001596:	601a      	str	r2, [r3, #0]
10001598:	68a3      	ldr	r3, [r4, #8]
1000159a:	ea32 0303 	bics.w	r3, r2, r3
1000159e:	d1fb      	bne.n	10001598 <pll_init+0x34>
100015a0:	2221      	movs	r2, #33	@ 0x21
100015a2:	f500 5340 	add.w	r3, r0, #12288	@ 0x3000
100015a6:	3304      	adds	r3, #4
100015a8:	6001      	str	r1, [r0, #0]
100015aa:	6086      	str	r6, [r0, #8]
100015ac:	601a      	str	r2, [r3, #0]
100015ae:	6802      	ldr	r2, [r0, #0]
100015b0:	2a00      	cmp	r2, #0
100015b2:	dafc      	bge.n	100015ae <pll_init+0x4a>
100015b4:	2208      	movs	r2, #8
100015b6:	60c5      	str	r5, [r0, #12]
100015b8:	601a      	str	r2, [r3, #0]
100015ba:	bc70      	pop	{r4, r5, r6}
100015bc:	4770      	bx	lr
100015be:	6803      	ldr	r3, [r0, #0]
100015c0:	f003 033f 	and.w	r3, r3, #63	@ 0x3f
100015c4:	428b      	cmp	r3, r1
100015c6:	d1da      	bne.n	1000157e <pll_init+0x1a>
100015c8:	6883      	ldr	r3, [r0, #8]
100015ca:	f3c3 030b 	ubfx	r3, r3, #0, #12
100015ce:	42b3      	cmp	r3, r6
100015d0:	d1d5      	bne.n	1000157e <pll_init+0x1a>
100015d2:	68c3      	ldr	r3, [r0, #12]
100015d4:	f403 23ee 	and.w	r3, r3, #487424	@ 0x77000
100015d8:	42ab      	cmp	r3, r5
100015da:	d1d0      	bne.n	1000157e <pll_init+0x1a>
100015dc:	e7ed      	b.n	100015ba <pll_init+0x56>
100015de:	bf00      	nop
100015e0:	00b71b00 	.word	0x00b71b00
100015e4:	40058000 	.word	0x40058000
100015e8:	40022000 	.word	0x40022000
100015ec:	40020000 	.word	0x40020000

100015f0 <tick_start>:
100015f0:	2301      	movs	r3, #1
100015f2:	eb00 0040 	add.w	r0, r0, r0, lsl #1
100015f6:	0080      	lsls	r0, r0, #2
100015f8:	f100 4080 	add.w	r0, r0, #1073741824	@ 0x40000000
100015fc:	f500 1084 	add.w	r0, r0, #1081344	@ 0x108000
10001600:	6041      	str	r1, [r0, #4]
10001602:	6003      	str	r3, [r0, #0]
10001604:	4770      	bx	lr
10001606:	bf00      	nop

10001608 <rom_func_lookup>:
10001608:	2300      	movs	r3, #0
1000160a:	8adb      	ldrh	r3, [r3, #22]
1000160c:	2200      	movs	r2, #0
1000160e:	e842 f200 	tt	r2, r2
10001612:	0252      	lsls	r2, r2, #9
10001614:	d401      	bmi.n	1000161a <rom_func_lookup+0x12>
10001616:	2110      	movs	r1, #16
10001618:	4718      	bx	r3
1000161a:	2104      	movs	r1, #4
1000161c:	4718      	bx	r3
1000161e:	bf00      	nop

10001620 <runtime_init_bootrom_locking_enable>:
10001620:	4a03      	ldr	r2, [pc, #12]	@ (10001630 <runtime_init_bootrom_locking_enable+0x10>)
10001622:	f8d2 3828 	ldr.w	r3, [r2, #2088]	@ 0x828
10001626:	2b00      	cmp	r3, #0
10001628:	d0fb      	beq.n	10001622 <runtime_init_bootrom_locking_enable+0x2>
1000162a:	f3bf 8f5f 	dmb	sy
1000162e:	4770      	bx	lr
10001630:	400e0000 	.word	0x400e0000

10001634 <runtime_init_boot_locks_reset>:
10001634:	2100      	movs	r1, #0
10001636:	4b04      	ldr	r3, [pc, #16]	@ (10001648 <runtime_init_boot_locks_reset+0x14>)
10001638:	4a04      	ldr	r2, [pc, #16]	@ (1000164c <runtime_init_boot_locks_reset+0x18>)
1000163a:	f3bf 8f5f 	dmb	sy
1000163e:	f843 1b04 	str.w	r1, [r3], #4
10001642:	4293      	cmp	r3, r2
10001644:	d1f9      	bne.n	1000163a <runtime_init_boot_locks_reset+0x6>
10001646:	4770      	bx	lr
10001648:	400e080c 	.word	0x400e080c
1000164c:	400e082c 	.word	0x400e082c

10001650 <xosc_init>:
10001650:	b410      	push	{r4}
10001652:	202f      	movs	r0, #47	@ 0x2f
10001654:	f44f 642a 	mov.w	r4, #2720	@ 0xaa0
10001658:	4a05      	ldr	r2, [pc, #20]	@ (10001670 <xosc_init+0x20>)
1000165a:	4b06      	ldr	r3, [pc, #24]	@ (10001674 <xosc_init+0x24>)
1000165c:	4906      	ldr	r1, [pc, #24]	@ (10001678 <xosc_init+0x28>)
1000165e:	6014      	str	r4, [r2, #0]
10001660:	60d0      	str	r0, [r2, #12]
10001662:	6019      	str	r1, [r3, #0]
10001664:	6853      	ldr	r3, [r2, #4]
10001666:	2b00      	cmp	r3, #0
10001668:	dafc      	bge.n	10001664 <xosc_init+0x14>
1000166a:	f85d 4b04 	ldr.w	r4, [sp], #4
1000166e:	4770      	bx	lr
10001670:	40048000 	.word	0x40048000
10001674:	4004a000 	.word	0x4004a000
10001678:	00fab000 	.word	0x00fab000

1000167c <uart_init>:
1000167c:	b5f8      	push	{r3, r4, r5, r6, r7, lr}
1000167e:	4605      	mov	r5, r0
10001680:	2006      	movs	r0, #6
10001682:	460e      	mov	r6, r1
10001684:	f7ff ff12 	bl	100014ac <clock_get_hz>
10001688:	2800      	cmp	r0, #0
1000168a:	d042      	beq.n	10001712 <uart_init+0x96>
1000168c:	4a35      	ldr	r2, [pc, #212]	@ (10001764 <uart_init+0xe8>)
1000168e:	4836      	ldr	r0, [pc, #216]	@ (10001768 <uart_init+0xec>)
10001690:	4295      	cmp	r5, r2
10001692:	bf0c      	ite	eq
10001694:	f04f 6200 	moveq.w	r2, #134217728	@ 0x8000000
10001698:	f04f 6280 	movne.w	r2, #67108864	@ 0x4000000
1000169c:	4b33      	ldr	r3, [pc, #204]	@ (1000176c <uart_init+0xf0>)
1000169e:	4934      	ldr	r1, [pc, #208]	@ (10001770 <uart_init+0xf4>)
100016a0:	6002      	str	r2, [r0, #0]
100016a2:	601a      	str	r2, [r3, #0]
100016a4:	688c      	ldr	r4, [r1, #8]
100016a6:	ea32 0404 	bics.w	r4, r2, r4
100016aa:	d1fb      	bne.n	100016a4 <uart_init+0x28>
100016ac:	4b2d      	ldr	r3, [pc, #180]	@ (10001764 <uart_init+0xe8>)
100016ae:	f44f 7180 	mov.w	r1, #256	@ 0x100
100016b2:	1aeb      	subs	r3, r5, r3
100016b4:	fab3 f383 	clz	r3, r3
100016b8:	4a2e      	ldr	r2, [pc, #184]	@ (10001774 <uart_init+0xf8>)
100016ba:	095b      	lsrs	r3, r3, #5
100016bc:	2006      	movs	r0, #6
100016be:	f822 1013 	strh.w	r1, [r2, r3, lsl #1]
100016c2:	f7ff fef3 	bl	100014ac <clock_get_hz>
100016c6:	00c3      	lsls	r3, r0, #3
100016c8:	fbb3 f3f6 	udiv	r3, r3, r6
100016cc:	3301      	adds	r3, #1
100016ce:	09da      	lsrs	r2, r3, #7
100016d0:	d120      	bne.n	10001714 <uart_init+0x98>
100016d2:	2640      	movs	r6, #64	@ 0x40
100016d4:	2101      	movs	r1, #1
100016d6:	6269      	str	r1, [r5, #36]	@ 0x24
100016d8:	62aa      	str	r2, [r5, #40]	@ 0x28
100016da:	6b2f      	ldr	r7, [r5, #48]	@ 0x30
100016dc:	07fb      	lsls	r3, r7, #31
100016de:	d422      	bmi.n	10001726 <uart_init+0xaa>
100016e0:	462b      	mov	r3, r5
100016e2:	2200      	movs	r2, #0
100016e4:	f853 1f2c 	ldr.w	r1, [r3, #44]!
100016e8:	2006      	movs	r0, #6
100016ea:	f503 5480 	add.w	r4, r3, #4096	@ 0x1000
100016ee:	6022      	str	r2, [r4, #0]
100016f0:	632f      	str	r7, [r5, #48]	@ 0x30
100016f2:	f7ff fedb 	bl	100014ac <clock_get_hz>
100016f6:	6aeb      	ldr	r3, [r5, #44]	@ 0x2c
100016f8:	f240 3201 	movw	r2, #769	@ 0x301
100016fc:	f083 0370 	eor.w	r3, r3, #112	@ 0x70
10001700:	f003 037e 	and.w	r3, r3, #126	@ 0x7e
10001704:	6023      	str	r3, [r4, #0]
10001706:	0080      	lsls	r0, r0, #2
10001708:	2303      	movs	r3, #3
1000170a:	fbb0 f0f6 	udiv	r0, r0, r6
1000170e:	632a      	str	r2, [r5, #48]	@ 0x30
10001710:	64ab      	str	r3, [r5, #72]	@ 0x48
10001712:	bdf8      	pop	{r3, r4, r5, r6, r7, pc}
10001714:	f64f 71fe 	movw	r1, #65534	@ 0xfffe
10001718:	428a      	cmp	r2, r1
1000171a:	d91b      	bls.n	10001754 <uart_init+0xd8>
1000171c:	4622      	mov	r2, r4
1000171e:	f64f 71ff 	movw	r1, #65535	@ 0xffff
10001722:	4e15      	ldr	r6, [pc, #84]	@ (10001778 <uart_init+0xfc>)
10001724:	e7d7      	b.n	100016d6 <uart_init+0x5a>
10001726:	f240 3201 	movw	r2, #769	@ 0x301
1000172a:	f505 5340 	add.w	r3, r5, #12288	@ 0x3000
1000172e:	631a      	str	r2, [r3, #48]	@ 0x30
10001730:	6a6b      	ldr	r3, [r5, #36]	@ 0x24
10001732:	6aac      	ldr	r4, [r5, #40]	@ 0x28
10001734:	2006      	movs	r0, #6
10001736:	eb04 1483 	add.w	r4, r4, r3, lsl #6
1000173a:	f7ff feb7 	bl	100014ac <clock_get_hz>
1000173e:	4b0f      	ldr	r3, [pc, #60]	@ (1000177c <uart_init+0x100>)
10001740:	02a4      	lsls	r4, r4, #10
10001742:	fba3 2300 	umull	r2, r3, r3, r0
10001746:	0adb      	lsrs	r3, r3, #11
10001748:	2100      	movs	r1, #0
1000174a:	fbb4 f0f3 	udiv	r0, r4, r3
1000174e:	f7ff fc13 	bl	10000f78 <busy_wait_us>
10001752:	e7c5      	b.n	100016e0 <uart_init+0x64>
10001754:	f3c3 0345 	ubfx	r3, r3, #1, #6
10001758:	4611      	mov	r1, r2
1000175a:	eb03 1682 	add.w	r6, r3, r2, lsl #6
1000175e:	461a      	mov	r2, r3
10001760:	e7b9      	b.n	100016d6 <uart_init+0x5a>
10001762:	bf00      	nop
10001764:	40078000 	.word	0x40078000
10001768:	40022000 	.word	0x40022000
1000176c:	40023000 	.word	0x40023000
10001770:	40020000 	.word	0x40020000
10001774:	200009b4 	.word	0x200009b4
10001778:	003fffc0 	.word	0x003fffc0
1000177c:	8f2b7b75 	.word	0x8f2b7b75

10001780 <first_per_core_initializer>:
10001780:	4770      	bx	lr
10001782:	bf00      	nop

10001784 <hard_assertion_failure>:
10001784:	b508      	push	{r3, lr}
10001786:	4801      	ldr	r0, [pc, #4]	@ (1000178c <hard_assertion_failure+0x8>)
10001788:	f7fe ffea 	bl	10000760 <panic>
1000178c:	10003ae4 	.word	0x10003ae4

10001790 <runtime_run_initializers>:
10001790:	b538      	push	{r3, r4, r5, lr}
10001792:	4c05      	ldr	r4, [pc, #20]	@ (100017a8 <runtime_run_initializers+0x18>)
10001794:	4d05      	ldr	r5, [pc, #20]	@ (100017ac <runtime_run_initializers+0x1c>)
10001796:	42ac      	cmp	r4, r5
10001798:	d204      	bcs.n	100017a4 <runtime_run_initializers+0x14>
1000179a:	f854 3b04 	ldr.w	r3, [r4], #4
1000179e:	4798      	blx	r3
100017a0:	42ac      	cmp	r4, r5
100017a2:	d3fa      	bcc.n	1000179a <runtime_run_initializers+0xa>
100017a4:	bd38      	pop	{r3, r4, r5, pc}
100017a6:	bf00      	nop
100017a8:	100039d0 	.word	0x100039d0
100017ac:	10003a10 	.word	0x10003a10

100017b0 <runtime_init_early_resets>:
100017b0:	b410      	push	{r4}
100017b2:	4807      	ldr	r0, [pc, #28]	@ (100017d0 <runtime_init_early_resets+0x20>)
100017b4:	4c07      	ldr	r4, [pc, #28]	@ (100017d4 <runtime_init_early_resets+0x24>)
100017b6:	4b08      	ldr	r3, [pc, #32]	@ (100017d8 <runtime_init_early_resets+0x28>)
100017b8:	4a08      	ldr	r2, [pc, #32]	@ (100017dc <runtime_init_early_resets+0x2c>)
100017ba:	4909      	ldr	r1, [pc, #36]	@ (100017e0 <runtime_init_early_resets+0x30>)
100017bc:	6004      	str	r4, [r0, #0]
100017be:	601a      	str	r2, [r3, #0]
100017c0:	688b      	ldr	r3, [r1, #8]
100017c2:	ea32 0303 	bics.w	r3, r2, r3
100017c6:	d1fb      	bne.n	100017c0 <runtime_init_early_resets+0x10>
100017c8:	f85d 4b04 	ldr.w	r4, [sp], #4
100017cc:	4770      	bx	lr
100017ce:	bf00      	nop
100017d0:	40022000 	.word	0x40022000
100017d4:	efef3b7f 	.word	0xefef3b7f
100017d8:	40023000 	.word	0x40023000
100017dc:	03f3fff6 	.word	0x03f3fff6
100017e0:	40020000 	.word	0x40020000

100017e4 <runtime_init_usb_power_down>:
100017e4:	4b04      	ldr	r3, [pc, #16]	@ (100017f8 <runtime_init_usb_power_down+0x14>)
100017e6:	6cdb      	ldr	r3, [r3, #76]	@ 0x4c
100017e8:	f5b3 4f00 	cmp.w	r3, #32768	@ 0x8000
100017ec:	d103      	bne.n	100017f6 <runtime_init_usb_power_down+0x12>
100017ee:	f44f 2280 	mov.w	r2, #262144	@ 0x40000
100017f2:	4b02      	ldr	r3, [pc, #8]	@ (100017fc <runtime_init_usb_power_down+0x18>)
100017f4:	64da      	str	r2, [r3, #76]	@ 0x4c
100017f6:	4770      	bx	lr
100017f8:	50110000 	.word	0x50110000
100017fc:	50112000 	.word	0x50112000

10001800 <runtime_init_per_core_enable_coprocessors>:
10001800:	f04f 22e0 	mov.w	r2, #3758153728	@ 0xe000e000
10001804:	4b04      	ldr	r3, [pc, #16]	@ (10001818 <runtime_init_per_core_enable_coprocessors+0x18>)
10001806:	f8d2 1d88 	ldr.w	r1, [r2, #3464]	@ 0xd88
1000180a:	430b      	orrs	r3, r1
1000180c:	f8c2 3d88 	str.w	r3, [r2, #3464]	@ 0xd88
10001810:	ee10 0430 	dcp_rcmp r0
10001814:	4770      	bx	lr
10001816:	bf00      	nop
10001818:	00300303 	.word	0x00300303

1000181c <runtime_init_post_clock_resets>:
1000181c:	f06f 4160 	mvn.w	r1, #3758096384	@ 0xe0000000
10001820:	4b04      	ldr	r3, [pc, #16]	@ (10001834 <runtime_init_post_clock_resets+0x18>)
10001822:	4a05      	ldr	r2, [pc, #20]	@ (10001838 <runtime_init_post_clock_resets+0x1c>)
10001824:	6019      	str	r1, [r3, #0]
10001826:	6893      	ldr	r3, [r2, #8]
10001828:	43db      	mvns	r3, r3
1000182a:	f033 4360 	bics.w	r3, r3, #3758096384	@ 0xe0000000
1000182e:	d1fa      	bne.n	10001826 <runtime_init_post_clock_resets+0xa>
10001830:	4770      	bx	lr
10001832:	bf00      	nop
10001834:	40023000 	.word	0x40023000
10001838:	40020000 	.word	0x40020000

1000183c <runtime_init_bootrom_reset>:
1000183c:	b510      	push	{r4, lr}
1000183e:	f245 2053 	movw	r0, #21075	@ 0x5253
10001842:	f7ff fee1 	bl	10001608 <rom_func_lookup>
10001846:	e8bd 4010 	ldmia.w	sp!, {r4, lr}
1000184a:	4603      	mov	r3, r0
1000184c:	2004      	movs	r0, #4
1000184e:	4718      	bx	r3

10001850 <runtime_init_per_core_bootrom_reset>:
10001850:	b510      	push	{r4, lr}
10001852:	f245 2053 	movw	r0, #21075	@ 0x5253
10001856:	f7ff fed7 	bl	10001608 <rom_func_lookup>
1000185a:	e8bd 4010 	ldmia.w	sp!, {r4, lr}
1000185e:	4603      	mov	r3, r0
10001860:	2001      	movs	r0, #1
10001862:	4718      	bx	r3

10001864 <runtime_init_spin_locks_reset>:
10001864:	f7fe bfd4 	b.w	10000810 <spin_locks_reset>

10001868 <runtime_init_install_ram_vector_table>:
10001868:	b510      	push	{r4, lr}
1000186a:	4b05      	ldr	r3, [pc, #20]	@ (10001880 <runtime_init_install_ram_vector_table+0x18>)
1000186c:	4c05      	ldr	r4, [pc, #20]	@ (10001884 <runtime_init_install_ram_vector_table+0x1c>)
1000186e:	f44f 7288 	mov.w	r2, #272	@ 0x110
10001872:	4618      	mov	r0, r3
10001874:	68a1      	ldr	r1, [r4, #8]
10001876:	f001 fff9 	bl	1000386c <memcpy>
1000187a:	60a0      	str	r0, [r4, #8]
1000187c:	bd10      	pop	{r4, pc}
1000187e:	bf00      	nop
10001880:	20000000 	.word	0x20000000
10001884:	e000ed00 	.word	0xe000ed00

10001888 <runtime_init_clocks>:
10001888:	2300      	movs	r3, #0
1000188a:	b5f0      	push	{r4, r5, r6, r7, lr}
1000188c:	4c2b      	ldr	r4, [pc, #172]	@ (1000193c <runtime_init_clocks+0xb4>)
1000188e:	b083      	sub	sp, #12
10001890:	f8c4 3084 	str.w	r3, [r4, #132]	@ 0x84
10001894:	f7ff fedc 	bl	10001650 <xosc_init>
10001898:	2201      	movs	r2, #1
1000189a:	4b29      	ldr	r3, [pc, #164]	@ (10001940 <runtime_init_clocks+0xb8>)
1000189c:	63da      	str	r2, [r3, #60]	@ 0x3c
1000189e:	6c63      	ldr	r3, [r4, #68]	@ 0x44
100018a0:	2b01      	cmp	r3, #1
100018a2:	d1fc      	bne.n	1000189e <runtime_init_clocks+0x16>
100018a4:	2103      	movs	r1, #3
100018a6:	4a26      	ldr	r2, [pc, #152]	@ (10001940 <runtime_init_clocks+0xb8>)
100018a8:	4b24      	ldr	r3, [pc, #144]	@ (1000193c <runtime_init_clocks+0xb4>)
100018aa:	6311      	str	r1, [r2, #48]	@ 0x30
100018ac:	6b9d      	ldr	r5, [r3, #56]	@ 0x38
100018ae:	2d01      	cmp	r5, #1
100018b0:	d1fc      	bne.n	100018ac <runtime_init_clocks+0x24>
100018b2:	2305      	movs	r3, #5
100018b4:	2702      	movs	r7, #2
100018b6:	461e      	mov	r6, r3
100018b8:	2400      	movs	r4, #0
100018ba:	4629      	mov	r1, r5
100018bc:	4a21      	ldr	r2, [pc, #132]	@ (10001944 <runtime_init_clocks+0xbc>)
100018be:	4822      	ldr	r0, [pc, #136]	@ (10001948 <runtime_init_clocks+0xc0>)
100018c0:	9700      	str	r7, [sp, #0]
100018c2:	f7ff fe4f 	bl	10001564 <pll_init>
100018c6:	4629      	mov	r1, r5
100018c8:	4633      	mov	r3, r6
100018ca:	4a20      	ldr	r2, [pc, #128]	@ (1000194c <runtime_init_clocks+0xc4>)
100018cc:	4820      	ldr	r0, [pc, #128]	@ (10001950 <runtime_init_clocks+0xc8>)
100018ce:	9600      	str	r6, [sp, #0]
100018d0:	f7ff fe48 	bl	10001564 <pll_init>
100018d4:	4639      	mov	r1, r7
100018d6:	4622      	mov	r2, r4
100018d8:	2004      	movs	r0, #4
100018da:	4b1e      	ldr	r3, [pc, #120]	@ (10001954 <runtime_init_clocks+0xcc>)
100018dc:	f7ff fd7e 	bl	100013dc <clock_configure_undivided>
100018e0:	4629      	mov	r1, r5
100018e2:	4622      	mov	r2, r4
100018e4:	4630      	mov	r0, r6
100018e6:	4b1c      	ldr	r3, [pc, #112]	@ (10001958 <runtime_init_clocks+0xd0>)
100018e8:	f7ff fd78 	bl	100013dc <clock_configure_undivided>
100018ec:	4622      	mov	r2, r4
100018ee:	2008      	movs	r0, #8
100018f0:	4621      	mov	r1, r4
100018f2:	4b1a      	ldr	r3, [pc, #104]	@ (1000195c <runtime_init_clocks+0xd4>)
100018f4:	f7ff fd72 	bl	100013dc <clock_configure_undivided>
100018f8:	4622      	mov	r2, r4
100018fa:	2009      	movs	r0, #9
100018fc:	4621      	mov	r1, r4
100018fe:	4b17      	ldr	r3, [pc, #92]	@ (1000195c <runtime_init_clocks+0xd4>)
10001900:	f7ff fd6c 	bl	100013dc <clock_configure_undivided>
10001904:	4622      	mov	r2, r4
10001906:	2006      	movs	r0, #6
10001908:	4621      	mov	r1, r4
1000190a:	4b13      	ldr	r3, [pc, #76]	@ (10001958 <runtime_init_clocks+0xd0>)
1000190c:	f7ff fd66 	bl	100013dc <clock_configure_undivided>
10001910:	4b11      	ldr	r3, [pc, #68]	@ (10001958 <runtime_init_clocks+0xd0>)
10001912:	4622      	mov	r2, r4
10001914:	2007      	movs	r0, #7
10001916:	4621      	mov	r1, r4
10001918:	f7ff fd60 	bl	100013dc <clock_configure_undivided>
1000191c:	2004      	movs	r0, #4
1000191e:	f7ff fdc5 	bl	100014ac <clock_get_hz>
10001922:	4b0f      	ldr	r3, [pc, #60]	@ (10001960 <runtime_init_clocks+0xd8>)
10001924:	fba3 3500 	umull	r3, r5, r3, r0
10001928:	0cad      	lsrs	r5, r5, #18
1000192a:	b2e0      	uxtb	r0, r4
1000192c:	4629      	mov	r1, r5
1000192e:	3401      	adds	r4, #1
10001930:	f7ff fe5e 	bl	100015f0 <tick_start>
10001934:	2c06      	cmp	r4, #6
10001936:	d1f8      	bne.n	1000192a <runtime_init_clocks+0xa2>
10001938:	b003      	add	sp, #12
1000193a:	bdf0      	pop	{r4, r5, r6, r7, pc}
1000193c:	40010000 	.word	0x40010000
10001940:	40013000 	.word	0x40013000
10001944:	59682f00 	.word	0x59682f00
10001948:	40050000 	.word	0x40050000
1000194c:	47868c00 	.word	0x47868c00
10001950:	40058000 	.word	0x40058000
10001954:	00b71b00 	.word	0x00b71b00
10001958:	08f0d180 	.word	0x08f0d180
1000195c:	02dc6c00 	.word	0x02dc6c00
10001960:	431bde83 	.word	0x431bde83

10001964 <generic_save_state>:
10001964:	b086      	sub	sp, #24
10001966:	b403      	push	{r0, r1}
10001968:	fc51 0408 	dcp_pxmd r0, r1
1000196c:	e9cd 0102 	strd	r0, r1, [sp, #8]
10001970:	fc51 0409 	dcp_pymd r0, r1
10001974:	e9cd 0104 	strd	r0, r1, [sp, #16]
10001978:	ec51 040a 	dcp_refd r0, r1
1000197c:	e9cd 0106 	strd	r0, r1, [sp, #24]
10001980:	bc03      	pop	{r0, r1}
10001982:	47f0      	blx	lr

10001984 <generic_restore_state>:
10001984:	e8bd 5000 	ldmia.w	sp!, {ip, lr}
10001988:	ec4e c400 	dcp_wxmd ip, lr
1000198c:	e8bd 5000 	ldmia.w	sp!, {ip, lr}
10001990:	ec4e c401 	dcp_wymd ip, lr
10001994:	e8bd 5000 	ldmia.w	sp!, {ip, lr}
10001998:	ec4e c402 	dcp_wefd ip, lr
1000199c:	bd00      	pop	{pc}
1000199e:	0000      	movs	r0, r0
100019a0:	b500      	push	{lr}
100019a2:	f7ff ffdf 	bl	10001964 <generic_save_state>
100019a6:	e002      	b.n	100019ae <__wrap___aeabi_dadd+0x6>

100019a8 <__wrap___aeabi_dadd>:
100019a8:	fe10 f430 	dcp_pcmp APSR_nzcv
100019ac:	d4f8      	bmi.n	100019a0 <generic_restore_state+0x1c>
100019ae:	ec41 0410 	dcp_wxup r0, r1
100019b2:	ec43 2411 	dcp_wyup r2, r3
100019b6:	ee00 0401 	dcp_add0
100019ba:	ee10 0401 	dcp_add1
100019be:	ee80 0420 	dcp_nrdd
100019c2:	ec51 0410 	dcp_rdda r0, r1
100019c6:	4770      	bx	lr
100019c8:	b500      	push	{lr}
100019ca:	f7ff ffcb 	bl	10001964 <generic_save_state>
100019ce:	e002      	b.n	100019d6 <__wrap___aeabi_dsub+0x6>

100019d0 <__wrap___aeabi_dsub>:
100019d0:	fe10 f430 	dcp_pcmp APSR_nzcv
100019d4:	d4f8      	bmi.n	100019c8 <__wrap___aeabi_dadd+0x20>
100019d6:	ec41 0410 	dcp_wxup r0, r1
100019da:	ec43 2411 	dcp_wyup r2, r3
100019de:	ee00 0401 	dcp_add0
100019e2:	ee10 0421 	dcp_sub1
100019e6:	ee80 0420 	dcp_nrdd
100019ea:	ec51 0430 	dcp_rdds r0, r1
100019ee:	4770      	bx	lr
100019f0:	b500      	push	{lr}
100019f2:	f7ff ffb7 	bl	10001964 <generic_save_state>
100019f6:	e002      	b.n	100019fe <__wrap___aeabi_dmul+0x6>

100019f8 <__wrap___aeabi_dmul>:
100019f8:	fe10 f430 	dcp_pcmp APSR_nzcv
100019fc:	d4f8      	bmi.n	100019f0 <__wrap___aeabi_dsub+0x20>
100019fe:	b510      	push	{r4, lr}
10001a00:	ec41 0410 	dcp_wxup r0, r1
10001a04:	ec43 2411 	dcp_wyup r2, r3
10001a08:	ec51 0404 	dcp_rxms r0, r1, #0x0
10001a0c:	ec53 2405 	dcp_ryms r2, r3, #0x0
10001a10:	fba0 4c02 	umull	r4, ip, r0, r2
10001a14:	f05f 0e00 	movs.w	lr, #0
10001a18:	fbe0 ce03 	umlal	ip, lr, r0, r3
10001a1c:	fbe1 ce02 	umlal	ip, lr, r1, r2
10001a20:	ec4c 4420 	dcp_wxms r4, ip
10001a24:	2400      	movs	r4, #0
10001a26:	fbe1 e403 	umlal	lr, r4, r1, r3
10001a2a:	ec44 e430 	dcp_wxmo lr, r4
10001a2e:	ee80 0420 	dcp_nrdd
10001a32:	ec51 0450 	dcp_rddm r0, r1
10001a36:	e8bd 4010 	ldmia.w	sp!, {r4, lr}
10001a3a:	4770      	bx	lr
10001a3c:	b500      	push	{lr}
10001a3e:	f7ff ff91 	bl	10001964 <generic_save_state>
10001a42:	e002      	b.n	10001a4a <__wrap___aeabi_ddiv+0x6>

10001a44 <__wrap___aeabi_ddiv>:
10001a44:	fe10 f430 	dcp_pcmp APSR_nzcv
10001a48:	d4f8      	bmi.n	10001a3c <__wrap___aeabi_dmul+0x44>
10001a4a:	ec41 0410 	dcp_wxup r0, r1
10001a4e:	ec43 2411 	dcp_wyup r2, r3
10001a52:	ec51 0421 	dcp_rymr r0, r1
10001a56:	fba0 1201 	umull	r1, r2, r0, r1
10001a5a:	ea6f 0282 	mvn.w	r2, r2, lsl #2
10001a5e:	fb52 0010 	smmlar	r0, r2, r0, r0
10001a62:	fb52 f212 	smmulr	r2, r2, r2
10001a66:	fb52 0010 	smmlar	r0, r2, r0, r0
10001a6a:	eba0 7cd0 	sub.w	ip, r0, r0, lsr #31
10001a6e:	ec53 2404 	dcp_rxms r2, r3, #0x0
10001a72:	fb5c f113 	smmulr	r1, ip, r3
10001a76:	ec53 2415 	dcp_ryms r2, r3, #0x1
10001a7a:	fba1 2002 	umull	r2, r0, r1, r2
10001a7e:	fb01 0003 	mla	r0, r1, r3, r0
10001a82:	ec53 2444 	dcp_rxms r2, r3, #0x4
10001a86:	eba2 0000 	sub.w	r0, r2, r0
10001a8a:	fb50 f21c 	smmulr	r2, r0, ip
10001a8e:	ea4f 1311 	mov.w	r3, r1, lsr #4
10001a92:	eb12 7001 	adds.w	r0, r2, r1, lsl #28
10001a96:	eb43 71e2 	adc.w	r1, r3, r2, asr #31
10001a9a:	ea40 5051 	orr.w	r0, r0, r1, lsr #21
10001a9e:	ea20 5091 	bic.w	r0, r0, r1, lsr #22
10001aa2:	f020 0007 	bic.w	r0, r0, #7
10001aa6:	ec53 2475 	dcp_ryms r2, r3, #0x7
10001aaa:	fba0 3c02 	umull	r3, ip, r0, r2
10001aae:	ec53 2475 	dcp_ryms r2, r3, #0x7
10001ab2:	fb00 cc03 	mla	ip, r0, r3, ip
10001ab6:	fb01 cc02 	mla	ip, r1, r2, ip
10001aba:	ec53 2404 	dcp_rxms r2, r3, #0x0
10001abe:	ebac 4c82 	sub.w	ip, ip, r2, lsl #18
10001ac2:	ea40 705c 	orr.w	r0, r0, ip, lsr #29
10001ac6:	f1a0 0001 	sub.w	r0, r0, #1
10001aca:	ec41 0440 	dcp_wxdd r0, r1
10001ace:	ee80 0420 	dcp_nrdd
10001ad2:	ec51 0470 	dcp_rddd r0, r1
10001ad6:	4770      	bx	lr
10001ad8:	b500      	push	{lr}
10001ada:	f7ff ff43 	bl	10001964 <generic_save_state>
10001ade:	e002      	b.n	10001ae6 <__wrap___aeabi_i2d+0x6>

10001ae0 <__wrap___aeabi_i2d>:
10001ae0:	fe10 f430 	dcp_pcmp APSR_nzcv
10001ae4:	d4f8      	bmi.n	10001ad8 <__wrap___aeabi_ddiv+0x94>
10001ae6:	ec40 0470 	dcp_wxic r0, r0
10001aea:	ee00 0401 	dcp_add0
10001aee:	ee10 0421 	dcp_sub1
10001af2:	ee80 0420 	dcp_nrdd
10001af6:	ec51 0430 	dcp_rdds r0, r1
10001afa:	4770      	bx	lr
10001afc:	b500      	push	{lr}
10001afe:	f7ff ff31 	bl	10001964 <generic_save_state>
10001b02:	e002      	b.n	10001b0a <__wrap___aeabi_ui2d+0x6>

10001b04 <__wrap___aeabi_ui2d>:
10001b04:	fe10 f430 	dcp_pcmp APSR_nzcv
10001b08:	d4f8      	bmi.n	10001afc <__wrap___aeabi_i2d+0x1c>
10001b0a:	ec40 0460 	dcp_wxuc r0, r0
10001b0e:	ee00 0401 	dcp_add0
10001b12:	ee10 0421 	dcp_sub1
10001b16:	ee80 0420 	dcp_nrdd
10001b1a:	ec51 0430 	dcp_rdds r0, r1
10001b1e:	4770      	bx	lr
10001b20:	b500      	push	{lr}
10001b22:	f7ff ff1f 	bl	10001964 <generic_save_state>
10001b26:	e002      	b.n	10001b2e <__wrap___aeabi_d2iz+0x6>

10001b28 <__wrap___aeabi_d2iz>:
10001b28:	fe10 f430 	dcp_pcmp APSR_nzcv
10001b2c:	d4f8      	bmi.n	10001b20 <__wrap___aeabi_ui2d+0x1c>
10001b2e:	ec41 0480 	dcp_wxdc r0, r1
10001b32:	ee00 0401 	dcp_add0
10001b36:	ee10 0401 	dcp_add1
10001b3a:	ee80 0440 	dcp_ntdc
10001b3e:	ee10 0413 	dcp_rdic r0
10001b42:	4770      	bx	lr
10001b44:	b500      	push	{lr}
10001b46:	f7ff ff0d 	bl	10001964 <generic_save_state>
10001b4a:	e002      	b.n	10001b52 <__wrap___aeabi_d2uiz+0x6>

10001b4c <__wrap___aeabi_d2uiz>:
10001b4c:	fe10 f430 	dcp_pcmp APSR_nzcv
10001b50:	d4f8      	bmi.n	10001b44 <__wrap___aeabi_d2iz+0x1c>
10001b52:	ec41 0480 	dcp_wxdc r0, r1
10001b56:	ee00 0401 	dcp_add0
10001b5a:	ee10 0401 	dcp_add1
10001b5e:	ee80 0440 	dcp_ntdc
10001b62:	ee10 0433 	dcp_rduc r0
10001b66:	4770      	bx	lr
10001b68:	b500      	push	{lr}
10001b6a:	f7ff fefb 	bl	10001964 <generic_save_state>
10001b6e:	e002      	b.n	10001b76 <__wrap___aeabi_dcmpun+0x6>

10001b70 <__wrap___aeabi_dcmpun>:
10001b70:	fe10 f430 	dcp_pcmp APSR_nzcv
10001b74:	d4f8      	bmi.n	10001b68 <__wrap___aeabi_d2uiz+0x1c>
10001b76:	ec41 0410 	dcp_wxup r0, r1
10001b7a:	ec43 2411 	dcp_wyup r2, r3
10001b7e:	ee00 0401 	dcp_add0
10001b82:	ee10 0430 	dcp_rcmp r0
10001b86:	f3c0 7000 	ubfx	r0, r0, #28, #1
10001b8a:	4770      	bx	lr
10001b8c:	b500      	push	{lr}
10001b8e:	f7ff fee9 	bl	10001964 <generic_save_state>
10001b92:	e002      	b.n	10001b9a <__wrap___aeabi_dcmplt+0x6>

10001b94 <__wrap___aeabi_dcmplt>:
10001b94:	fe10 f430 	dcp_pcmp APSR_nzcv
10001b98:	d4f8      	bmi.n	10001b8c <__wrap___aeabi_dcmpun+0x1c>
10001b9a:	ec43 2410 	dcp_wxup r2, r3
10001b9e:	ec41 0411 	dcp_wyup r0, r1
10001ba2:	ee00 0401 	dcp_add0
10001ba6:	ee10 f430 	dcp_rcmp APSR_nzcv
10001baa:	bf8c      	ite	hi
10001bac:	2001      	movhi	r0, #1
10001bae:	2000      	movls	r0, #0
10001bb0:	4770      	bx	lr
10001bb2:	bf00      	nop
10001bb4:	b500      	push	{lr}
10001bb6:	f7ff fed5 	bl	10001964 <generic_save_state>
10001bba:	e002      	b.n	10001bc2 <__wrap___aeabi_dcmpge+0x6>

10001bbc <__wrap___aeabi_dcmpge>:
10001bbc:	fe10 f430 	dcp_pcmp APSR_nzcv
10001bc0:	d4f8      	bmi.n	10001bb4 <__wrap___aeabi_dcmplt+0x20>
10001bc2:	ec41 0410 	dcp_wxup r0, r1
10001bc6:	ec43 2411 	dcp_wyup r2, r3
10001bca:	ee00 0401 	dcp_add0
10001bce:	ee10 f430 	dcp_rcmp APSR_nzcv
10001bd2:	bf2c      	ite	cs
10001bd4:	2001      	movcs	r0, #1
10001bd6:	2000      	movcc	r0, #0
10001bd8:	4770      	bx	lr
10001bda:	bf00      	nop
10001bdc:	b500      	push	{lr}
10001bde:	f7ff fec1 	bl	10001964 <generic_save_state>
10001be2:	e002      	b.n	10001bea <__wrap___aeabi_dcmpgt+0x6>

10001be4 <__wrap___aeabi_dcmpgt>:
10001be4:	fe10 f430 	dcp_pcmp APSR_nzcv
10001be8:	d4f8      	bmi.n	10001bdc <__wrap___aeabi_dcmpge+0x20>
10001bea:	ec41 0410 	dcp_wxup r0, r1
10001bee:	ec43 2411 	dcp_wyup r2, r3
10001bf2:	ee00 0401 	dcp_add0
10001bf6:	ee10 f430 	dcp_rcmp APSR_nzcv
10001bfa:	bf8c      	ite	hi
10001bfc:	2001      	movhi	r0, #1
10001bfe:	2000      	movls	r0, #0
10001c00:	4770      	bx	lr
10001c02:	bf00      	nop

10001c04 <_out_buffer>:
10001c04:	429a      	cmp	r2, r3
10001c06:	bf38      	it	cc
10001c08:	5488      	strbcc	r0, [r1, r2]
10001c0a:	4770      	bx	lr

10001c0c <_out_null>:
10001c0c:	4770      	bx	lr
10001c0e:	bf00      	nop

10001c10 <_out_rev>:
10001c10:	e92d 4ff0 	stmdb	sp!, {r4, r5, r6, r7, r8, r9, sl, fp, lr}
10001c14:	b083      	sub	sp, #12
10001c16:	4698      	mov	r8, r3
10001c18:	9b0f      	ldr	r3, [sp, #60]	@ 0x3c
10001c1a:	460f      	mov	r7, r1
10001c1c:	4611      	mov	r1, r2
10001c1e:	079a      	lsls	r2, r3, #30
10001c20:	4606      	mov	r6, r0
10001c22:	f8dd 9030 	ldr.w	r9, [sp, #48]	@ 0x30
10001c26:	f8dd b038 	ldr.w	fp, [sp, #56]	@ 0x38
10001c2a:	d112      	bne.n	10001c52 <_out_rev+0x42>
10001c2c:	9b0d      	ldr	r3, [sp, #52]	@ 0x34
10001c2e:	455b      	cmp	r3, fp
10001c30:	d20f      	bcs.n	10001c52 <_out_rev+0x42>
10001c32:	468a      	mov	sl, r1
10001c34:	460c      	mov	r4, r1
10001c36:	ebab 0503 	sub.w	r5, fp, r3
10001c3a:	440d      	add	r5, r1
10001c3c:	4652      	mov	r2, sl
10001c3e:	4643      	mov	r3, r8
10001c40:	4639      	mov	r1, r7
10001c42:	2020      	movs	r0, #32
10001c44:	f10a 0a01 	add.w	sl, sl, #1
10001c48:	47b0      	blx	r6
10001c4a:	45aa      	cmp	sl, r5
10001c4c:	d1f6      	bne.n	10001c3c <_out_rev+0x2c>
10001c4e:	4621      	mov	r1, r4
10001c50:	e000      	b.n	10001c54 <_out_rev+0x44>
10001c52:	460d      	mov	r5, r1
10001c54:	9b0d      	ldr	r3, [sp, #52]	@ 0x34
10001c56:	b193      	cbz	r3, 10001c7e <_out_rev+0x6e>
10001c58:	eb09 0403 	add.w	r4, r9, r3
10001c5c:	eb04 0a05 	add.w	sl, r4, r5
10001c60:	9501      	str	r5, [sp, #4]
10001c62:	460d      	mov	r5, r1
10001c64:	ebaa 0204 	sub.w	r2, sl, r4
10001c68:	f814 0d01 	ldrb.w	r0, [r4, #-1]!
10001c6c:	4643      	mov	r3, r8
10001c6e:	4639      	mov	r1, r7
10001c70:	47b0      	blx	r6
10001c72:	454c      	cmp	r4, r9
10001c74:	d1f6      	bne.n	10001c64 <_out_rev+0x54>
10001c76:	4629      	mov	r1, r5
10001c78:	9b0d      	ldr	r3, [sp, #52]	@ 0x34
10001c7a:	9d01      	ldr	r5, [sp, #4]
10001c7c:	441d      	add	r5, r3
10001c7e:	9b0f      	ldr	r3, [sp, #60]	@ 0x3c
10001c80:	079b      	lsls	r3, r3, #30
10001c82:	d50c      	bpl.n	10001c9e <_out_rev+0x8e>
10001c84:	1a6c      	subs	r4, r5, r1
10001c86:	45a3      	cmp	fp, r4
10001c88:	d909      	bls.n	10001c9e <_out_rev+0x8e>
10001c8a:	462a      	mov	r2, r5
10001c8c:	4643      	mov	r3, r8
10001c8e:	4639      	mov	r1, r7
10001c90:	2020      	movs	r0, #32
10001c92:	3401      	adds	r4, #1
10001c94:	47b0      	blx	r6
10001c96:	45a3      	cmp	fp, r4
10001c98:	f105 0501 	add.w	r5, r5, #1
10001c9c:	d8f5      	bhi.n	10001c8a <_out_rev+0x7a>
10001c9e:	4628      	mov	r0, r5
10001ca0:	b003      	add	sp, #12
10001ca2:	e8bd 8ff0 	ldmia.w	sp!, {r4, r5, r6, r7, r8, r9, sl, fp, pc}
10001ca6:	bf00      	nop

10001ca8 <_ntoa_format>:
10001ca8:	e92d 4ff0 	stmdb	sp!, {r4, r5, r6, r7, r8, r9, sl, fp, lr}
10001cac:	9f0f      	ldr	r7, [sp, #60]	@ 0x3c
10001cae:	f8dd e024 	ldr.w	lr, [sp, #36]	@ 0x24
10001cb2:	f017 0f02 	tst.w	r7, #2
10001cb6:	9c0a      	ldr	r4, [sp, #40]	@ 0x28
10001cb8:	f89d 902c 	ldrb.w	r9, [sp, #44]	@ 0x2c
10001cbc:	9d0e      	ldr	r5, [sp, #56]	@ 0x38
10001cbe:	e9dd 860c 	ldrd	r8, r6, [sp, #48]	@ 0x30
10001cc2:	d129      	bne.n	10001d18 <_ntoa_format+0x70>
10001cc4:	2d00      	cmp	r5, #0
10001cc6:	d166      	bne.n	10001d96 <_ntoa_format+0xee>
10001cc8:	42b4      	cmp	r4, r6
10001cca:	d225      	bcs.n	10001d18 <_ntoa_format+0x70>
10001ccc:	2c20      	cmp	r4, #32
10001cce:	f007 0b01 	and.w	fp, r7, #1
10001cd2:	f000 810a 	beq.w	10001eea <_ntoa_format+0x242>
10001cd6:	f104 3cff 	add.w	ip, r4, #4294967295	@ 0xffffffff
10001cda:	f04f 0a30 	mov.w	sl, #48	@ 0x30
10001cde:	44f4      	add	ip, lr
10001ce0:	e001      	b.n	10001ce6 <_ntoa_format+0x3e>
10001ce2:	2c20      	cmp	r4, #32
10001ce4:	d076      	beq.n	10001dd4 <_ntoa_format+0x12c>
10001ce6:	3401      	adds	r4, #1
10001ce8:	42a6      	cmp	r6, r4
10001cea:	f80c af01 	strb.w	sl, [ip, #1]!
10001cee:	d8f8      	bhi.n	10001ce2 <_ntoa_format+0x3a>
10001cf0:	f1bb 0f00 	cmp.w	fp, #0
10001cf4:	d010      	beq.n	10001d18 <_ntoa_format+0x70>
10001cf6:	42ac      	cmp	r4, r5
10001cf8:	d20e      	bcs.n	10001d18 <_ntoa_format+0x70>
10001cfa:	2c20      	cmp	r4, #32
10001cfc:	d070      	beq.n	10001de0 <_ntoa_format+0x138>
10001cfe:	f104 3cff 	add.w	ip, r4, #4294967295	@ 0xffffffff
10001d02:	f04f 0a30 	mov.w	sl, #48	@ 0x30
10001d06:	44f4      	add	ip, lr
10001d08:	e001      	b.n	10001d0e <_ntoa_format+0x66>
10001d0a:	2c20      	cmp	r4, #32
10001d0c:	d022      	beq.n	10001d54 <_ntoa_format+0xac>
10001d0e:	3401      	adds	r4, #1
10001d10:	42ac      	cmp	r4, r5
10001d12:	f80c af01 	strb.w	sl, [ip, #1]!
10001d16:	d1f8      	bne.n	10001d0a <_ntoa_format+0x62>
10001d18:	f017 0f10 	tst.w	r7, #16
10001d1c:	d031      	beq.n	10001d82 <_ntoa_format+0xda>
10001d1e:	f417 6f80 	tst.w	r7, #1024	@ 0x400
10001d22:	d14c      	bne.n	10001dbe <_ntoa_format+0x116>
10001d24:	b9dc      	cbnz	r4, 10001d5e <_ntoa_format+0xb6>
10001d26:	f1b8 0f10 	cmp.w	r8, #16
10001d2a:	f000 80b8 	beq.w	10001e9e <_ntoa_format+0x1f6>
10001d2e:	f1b8 0f02 	cmp.w	r8, #2
10001d32:	f000 80c2 	beq.w	10001eba <_ntoa_format+0x212>
10001d36:	2430      	movs	r4, #48	@ 0x30
10001d38:	f88e 4000 	strb.w	r4, [lr]
10001d3c:	2401      	movs	r4, #1
10001d3e:	f1b9 0f00 	cmp.w	r9, #0
10001d42:	d15a      	bne.n	10001dfa <_ntoa_format+0x152>
10001d44:	077e      	lsls	r6, r7, #29
10001d46:	f140 8086 	bpl.w	10001e56 <_ntoa_format+0x1ae>
10001d4a:	262b      	movs	r6, #43	@ 0x2b
10001d4c:	f80e 6004 	strb.w	r6, [lr, r4]
10001d50:	3401      	adds	r4, #1
10001d52:	e018      	b.n	10001d86 <_ntoa_format+0xde>
10001d54:	06fc      	lsls	r4, r7, #27
10001d56:	d573      	bpl.n	10001e40 <_ntoa_format+0x198>
10001d58:	057c      	lsls	r4, r7, #21
10001d5a:	d42f      	bmi.n	10001dbc <_ntoa_format+0x114>
10001d5c:	2420      	movs	r4, #32
10001d5e:	42a6      	cmp	r6, r4
10001d60:	d001      	beq.n	10001d66 <_ntoa_format+0xbe>
10001d62:	42ac      	cmp	r4, r5
10001d64:	d12b      	bne.n	10001dbe <_ntoa_format+0x116>
10001d66:	1e66      	subs	r6, r4, #1
10001d68:	f000 8086 	beq.w	10001e78 <_ntoa_format+0x1d0>
10001d6c:	f1b8 0f10 	cmp.w	r8, #16
10001d70:	f000 80c0 	beq.w	10001ef4 <_ntoa_format+0x24c>
10001d74:	f1b8 0f02 	cmp.w	r8, #2
10001d78:	d05b      	beq.n	10001e32 <_ntoa_format+0x18a>
10001d7a:	f04f 0c30 	mov.w	ip, #48	@ 0x30
10001d7e:	f80e c006 	strb.w	ip, [lr, r6]
10001d82:	2c20      	cmp	r4, #32
10001d84:	d1db      	bne.n	10001d3e <_ntoa_format+0x96>
10001d86:	e9cd 570b 	strd	r5, r7, [sp, #44]	@ 0x2c
10001d8a:	e9cd e409 	strd	lr, r4, [sp, #36]	@ 0x24
10001d8e:	e8bd 4ff0 	ldmia.w	sp!, {r4, r5, r6, r7, r8, r9, sl, fp, lr}
10001d92:	f7ff bf3d 	b.w	10001c10 <_out_rev>
10001d96:	f017 0b01 	ands.w	fp, r7, #1
10001d9a:	d03a      	beq.n	10001e12 <_ntoa_format+0x16a>
10001d9c:	f1b9 0f00 	cmp.w	r9, #0
10001da0:	d14c      	bne.n	10001e3c <_ntoa_format+0x194>
10001da2:	f017 0f0c 	tst.w	r7, #12
10001da6:	d149      	bne.n	10001e3c <_ntoa_format+0x194>
10001da8:	42b4      	cmp	r4, r6
10001daa:	d2a4      	bcs.n	10001cf6 <_ntoa_format+0x4e>
10001dac:	2c20      	cmp	r4, #32
10001dae:	d192      	bne.n	10001cd6 <_ntoa_format+0x2e>
10001db0:	2d20      	cmp	r5, #32
10001db2:	d815      	bhi.n	10001de0 <_ntoa_format+0x138>
10001db4:	f017 0f10 	tst.w	r7, #16
10001db8:	d1b1      	bne.n	10001d1e <_ntoa_format+0x76>
10001dba:	e7e4      	b.n	10001d86 <_ntoa_format+0xde>
10001dbc:	2420      	movs	r4, #32
10001dbe:	f1b8 0f10 	cmp.w	r8, #16
10001dc2:	d03f      	beq.n	10001e44 <_ntoa_format+0x19c>
10001dc4:	f1b8 0f02 	cmp.w	r8, #2
10001dc8:	d02f      	beq.n	10001e2a <_ntoa_format+0x182>
10001dca:	2c20      	cmp	r4, #32
10001dcc:	d0db      	beq.n	10001d86 <_ntoa_format+0xde>
10001dce:	4626      	mov	r6, r4
10001dd0:	3401      	adds	r4, #1
10001dd2:	e7d2      	b.n	10001d7a <_ntoa_format+0xd2>
10001dd4:	f1bb 0f00 	cmp.w	fp, #0
10001dd8:	f000 809d 	beq.w	10001f16 <_ntoa_format+0x26e>
10001ddc:	2d20      	cmp	r5, #32
10001dde:	d9b9      	bls.n	10001d54 <_ntoa_format+0xac>
10001de0:	06fc      	lsls	r4, r7, #27
10001de2:	d52d      	bpl.n	10001e40 <_ntoa_format+0x198>
10001de4:	057c      	lsls	r4, r7, #21
10001de6:	d42b      	bmi.n	10001e40 <_ntoa_format+0x198>
10001de8:	2e20      	cmp	r6, #32
10001dea:	f000 80a2 	beq.w	10001f32 <_ntoa_format+0x28a>
10001dee:	2d20      	cmp	r5, #32
10001df0:	d1e4      	bne.n	10001dbc <_ntoa_format+0x114>
10001df2:	2520      	movs	r5, #32
10001df4:	261f      	movs	r6, #31
10001df6:	462c      	mov	r4, r5
10001df8:	e7b8      	b.n	10001d6c <_ntoa_format+0xc4>
10001dfa:	262d      	movs	r6, #45	@ 0x2d
10001dfc:	f80e 6004 	strb.w	r6, [lr, r4]
10001e00:	3401      	adds	r4, #1
10001e02:	e9cd 570b 	strd	r5, r7, [sp, #44]	@ 0x2c
10001e06:	e9cd e409 	strd	lr, r4, [sp, #36]	@ 0x24
10001e0a:	e8bd 4ff0 	ldmia.w	sp!, {r4, r5, r6, r7, r8, r9, sl, fp, lr}
10001e0e:	f7ff beff 	b.w	10001c10 <_out_rev>
10001e12:	42b4      	cmp	r4, r6
10001e14:	d280      	bcs.n	10001d18 <_ntoa_format+0x70>
10001e16:	2c20      	cmp	r4, #32
10001e18:	f47f af5d 	bne.w	10001cd6 <_ntoa_format+0x2e>
10001e1c:	f017 0f10 	tst.w	r7, #16
10001e20:	d0b1      	beq.n	10001d86 <_ntoa_format+0xde>
10001e22:	f417 6f80 	tst.w	r7, #1024	@ 0x400
10001e26:	d1ca      	bne.n	10001dbe <_ntoa_format+0x116>
10001e28:	e799      	b.n	10001d5e <_ntoa_format+0xb6>
10001e2a:	2c20      	cmp	r4, #32
10001e2c:	d0ab      	beq.n	10001d86 <_ntoa_format+0xde>
10001e2e:	4626      	mov	r6, r4
10001e30:	3401      	adds	r4, #1
10001e32:	f04f 0c62 	mov.w	ip, #98	@ 0x62
10001e36:	f80e c006 	strb.w	ip, [lr, r6]
10001e3a:	e7c6      	b.n	10001dca <_ntoa_format+0x122>
10001e3c:	3d01      	subs	r5, #1
10001e3e:	e7b3      	b.n	10001da8 <_ntoa_format+0x100>
10001e40:	2420      	movs	r4, #32
10001e42:	e7a0      	b.n	10001d86 <_ntoa_format+0xde>
10001e44:	06be      	lsls	r6, r7, #26
10001e46:	d40d      	bmi.n	10001e64 <_ntoa_format+0x1bc>
10001e48:	2c20      	cmp	r4, #32
10001e4a:	d09c      	beq.n	10001d86 <_ntoa_format+0xde>
10001e4c:	2678      	movs	r6, #120	@ 0x78
10001e4e:	f80e 6004 	strb.w	r6, [lr, r4]
10001e52:	3401      	adds	r4, #1
10001e54:	e7b9      	b.n	10001dca <_ntoa_format+0x122>
10001e56:	073e      	lsls	r6, r7, #28
10001e58:	d595      	bpl.n	10001d86 <_ntoa_format+0xde>
10001e5a:	2620      	movs	r6, #32
10001e5c:	f80e 6004 	strb.w	r6, [lr, r4]
10001e60:	3401      	adds	r4, #1
10001e62:	e790      	b.n	10001d86 <_ntoa_format+0xde>
10001e64:	2c20      	cmp	r4, #32
10001e66:	d08e      	beq.n	10001d86 <_ntoa_format+0xde>
10001e68:	f04f 0c58 	mov.w	ip, #88	@ 0x58
10001e6c:	eb0e 0604 	add.w	r6, lr, r4
10001e70:	f886 c000 	strb.w	ip, [r6]
10001e74:	3401      	adds	r4, #1
10001e76:	e7a8      	b.n	10001dca <_ntoa_format+0x122>
10001e78:	f1b8 0f10 	cmp.w	r8, #16
10001e7c:	d043      	beq.n	10001f06 <_ntoa_format+0x25e>
10001e7e:	f1b8 0f02 	cmp.w	r8, #2
10001e82:	f47f af58 	bne.w	10001d36 <_ntoa_format+0x8e>
10001e86:	2462      	movs	r4, #98	@ 0x62
10001e88:	f88e 4000 	strb.w	r4, [lr]
10001e8c:	2430      	movs	r4, #48	@ 0x30
10001e8e:	f88e 4001 	strb.w	r4, [lr, #1]
10001e92:	2402      	movs	r4, #2
10001e94:	f1b9 0f00 	cmp.w	r9, #0
10001e98:	f43f af54 	beq.w	10001d44 <_ntoa_format+0x9c>
10001e9c:	e7ad      	b.n	10001dfa <_ntoa_format+0x152>
10001e9e:	06be      	lsls	r6, r7, #26
10001ea0:	d517      	bpl.n	10001ed2 <_ntoa_format+0x22a>
10001ea2:	2458      	movs	r4, #88	@ 0x58
10001ea4:	f88e 4000 	strb.w	r4, [lr]
10001ea8:	2430      	movs	r4, #48	@ 0x30
10001eaa:	f88e 4001 	strb.w	r4, [lr, #1]
10001eae:	2402      	movs	r4, #2
10001eb0:	f1b9 0f00 	cmp.w	r9, #0
10001eb4:	f43f af46 	beq.w	10001d44 <_ntoa_format+0x9c>
10001eb8:	e79f      	b.n	10001dfa <_ntoa_format+0x152>
10001eba:	2662      	movs	r6, #98	@ 0x62
10001ebc:	f88e 6000 	strb.w	r6, [lr]
10001ec0:	2630      	movs	r6, #48	@ 0x30
10001ec2:	4644      	mov	r4, r8
10001ec4:	f88e 6001 	strb.w	r6, [lr, #1]
10001ec8:	f1b9 0f00 	cmp.w	r9, #0
10001ecc:	f43f af3a 	beq.w	10001d44 <_ntoa_format+0x9c>
10001ed0:	e793      	b.n	10001dfa <_ntoa_format+0x152>
10001ed2:	2478      	movs	r4, #120	@ 0x78
10001ed4:	f88e 4000 	strb.w	r4, [lr]
10001ed8:	2430      	movs	r4, #48	@ 0x30
10001eda:	f88e 4001 	strb.w	r4, [lr, #1]
10001ede:	2402      	movs	r4, #2
10001ee0:	f1b9 0f00 	cmp.w	r9, #0
10001ee4:	f43f af2e 	beq.w	10001d44 <_ntoa_format+0x9c>
10001ee8:	e787      	b.n	10001dfa <_ntoa_format+0x152>
10001eea:	f1bb 0f00 	cmp.w	fp, #0
10001eee:	f47f af61 	bne.w	10001db4 <_ntoa_format+0x10c>
10001ef2:	e793      	b.n	10001e1c <_ntoa_format+0x174>
10001ef4:	f1a4 0c02 	sub.w	ip, r4, #2
10001ef8:	4634      	mov	r4, r6
10001efa:	06be      	lsls	r6, r7, #26
10001efc:	d407      	bmi.n	10001f0e <_ntoa_format+0x266>
10001efe:	2678      	movs	r6, #120	@ 0x78
10001f00:	f80e 600c 	strb.w	r6, [lr, ip]
10001f04:	e763      	b.n	10001dce <_ntoa_format+0x126>
10001f06:	06bc      	lsls	r4, r7, #26
10001f08:	d4cb      	bmi.n	10001ea2 <_ntoa_format+0x1fa>
10001f0a:	2478      	movs	r4, #120	@ 0x78
10001f0c:	e7bc      	b.n	10001e88 <_ntoa_format+0x1e0>
10001f0e:	2658      	movs	r6, #88	@ 0x58
10001f10:	f80e 600c 	strb.w	r6, [lr, ip]
10001f14:	e75b      	b.n	10001dce <_ntoa_format+0x126>
10001f16:	f017 0f10 	tst.w	r7, #16
10001f1a:	f43f af34 	beq.w	10001d86 <_ntoa_format+0xde>
10001f1e:	f417 6f80 	tst.w	r7, #1024	@ 0x400
10001f22:	f47f af30 	bne.w	10001d86 <_ntoa_format+0xde>
10001f26:	2e20      	cmp	r6, #32
10001f28:	d006      	beq.n	10001f38 <_ntoa_format+0x290>
10001f2a:	2d20      	cmp	r5, #32
10001f2c:	f47f af47 	bne.w	10001dbe <_ntoa_format+0x116>
10001f30:	e75f      	b.n	10001df2 <_ntoa_format+0x14a>
10001f32:	4634      	mov	r4, r6
10001f34:	261f      	movs	r6, #31
10001f36:	e719      	b.n	10001d6c <_ntoa_format+0xc4>
10001f38:	261f      	movs	r6, #31
10001f3a:	e717      	b.n	10001d6c <_ntoa_format+0xc4>

10001f3c <_out_char>:
10001f3c:	b900      	cbnz	r0, 10001f40 <_out_char+0x4>
10001f3e:	4770      	bx	lr
10001f40:	f001 ba9c 	b.w	1000347c <__wrap_putchar>

10001f44 <_out_fct>:
10001f44:	b110      	cbz	r0, 10001f4c <_out_fct+0x8>
10001f46:	e9d1 3100 	ldrd	r3, r1, [r1]
10001f4a:	4718      	bx	r3
10001f4c:	4770      	bx	lr
10001f4e:	bf00      	nop

10001f50 <_etoa>:
10001f50:	e92d 4ff0 	stmdb	sp!, {r4, r5, r6, r7, r8, r9, sl, fp, lr}
10001f54:	b09d      	sub	sp, #116	@ 0x74
10001f56:	ed9d 7b26 	vldr	d7, [sp, #152]	@ 0x98
10001f5a:	e9dd a528 	ldrd	sl, r5, [sp, #160]	@ 0xa0
10001f5e:	ec58 7b17 	vmov	r7, r8, d7
10001f62:	e9cd 120c 	strd	r1, r2, [sp, #48]	@ 0x30
10001f66:	4683      	mov	fp, r0
10001f68:	461e      	mov	r6, r3
10001f6a:	463a      	mov	r2, r7
10001f6c:	4643      	mov	r3, r8
10001f6e:	4638      	mov	r0, r7
10001f70:	4641      	mov	r1, r8
10001f72:	ed8d 7b08 	vstr	d7, [sp, #32]
10001f76:	9c2a      	ldr	r4, [sp, #168]	@ 0xa8
10001f78:	f7ff fdfa 	bl	10001b70 <__wrap___aeabi_dcmpun>
10001f7c:	2800      	cmp	r0, #0
10001f7e:	f040 80d5 	bne.w	1000212c <_etoa+0x1dc>
10001f82:	4638      	mov	r0, r7
10001f84:	4641      	mov	r1, r8
10001f86:	f04f 32ff 	mov.w	r2, #4294967295	@ 0xffffffff
10001f8a:	4b73      	ldr	r3, [pc, #460]	@ (10002158 <_etoa+0x208>)
10001f8c:	f7ff fe2a 	bl	10001be4 <__wrap___aeabi_dcmpgt>
10001f90:	2800      	cmp	r0, #0
10001f92:	f040 80cb 	bne.w	1000212c <_etoa+0x1dc>
10001f96:	4638      	mov	r0, r7
10001f98:	4641      	mov	r1, r8
10001f9a:	f04f 32ff 	mov.w	r2, #4294967295	@ 0xffffffff
10001f9e:	f46f 1380 	mvn.w	r3, #1048576	@ 0x100000
10001fa2:	f7ff fdf7 	bl	10001b94 <__wrap___aeabi_dcmplt>
10001fa6:	2800      	cmp	r0, #0
10001fa8:	f040 80c0 	bne.w	1000212c <_etoa+0x1dc>
10001fac:	e9dd 7808 	ldrd	r7, r8, [sp, #32]
10001fb0:	2200      	movs	r2, #0
10001fb2:	4638      	mov	r0, r7
10001fb4:	4641      	mov	r1, r8
10001fb6:	2300      	movs	r3, #0
10001fb8:	f7ff fdec 	bl	10001b94 <__wrap___aeabi_dcmplt>
10001fbc:	2800      	cmp	r0, #0
10001fbe:	f040 81bb 	bne.w	10002338 <_etoa+0x3e8>
10001fc2:	e9cd 780a 	strd	r7, r8, [sp, #40]	@ 0x28
10001fc6:	e9dd 230a 	ldrd	r2, r3, [sp, #40]	@ 0x28
10001fca:	461f      	mov	r7, r3
10001fcc:	4690      	mov	r8, r2
10001fce:	f414 6380 	ands.w	r3, r4, #1024	@ 0x400
10001fd2:	bf08      	it	eq
10001fd4:	f04f 0a06 	moveq.w	sl, #6
10001fd8:	9311      	str	r3, [sp, #68]	@ 0x44
10001fda:	ea58 0307 	orrs.w	r3, r8, r7
10001fde:	f040 80bf 	bne.w	10002160 <_etoa+0x210>
10001fe2:	f414 6300 	ands.w	r3, r4, #2048	@ 0x800
10001fe6:	f000 819f 	beq.w	10002328 <_etoa+0x3d8>
10001fea:	ed9f 7b59 	vldr	d7, [pc, #356]	@ 10002150 <_etoa+0x200>
10001fee:	2700      	movs	r7, #0
10001ff0:	ed8d 7b0e 	vstr	d7, [sp, #56]	@ 0x38
10001ff4:	f04f 0800 	mov.w	r8, #0
10001ff8:	45ba      	cmp	sl, r7
10001ffa:	bfcc      	ite	gt
10001ffc:	ebaa 0a07 	subgt.w	sl, sl, r7
10002000:	f04f 0a00 	movle.w	sl, #0
10002004:	4647      	mov	r7, r8
10002006:	bfc8      	it	gt
10002008:	f10a 3aff 	addgt.w	sl, sl, #4294967295	@ 0xffffffff
1000200c:	f444 6480 	orr.w	r4, r4, #1024	@ 0x400
10002010:	4545      	cmp	r5, r8
10002012:	bf94      	ite	ls
10002014:	f04f 0900 	movls.w	r9, #0
10002018:	eba5 0908 	subhi.w	r9, r5, r8
1000201c:	f014 0302 	ands.w	r3, r4, #2
10002020:	9310      	str	r3, [sp, #64]	@ 0x40
10002022:	d004      	beq.n	1000202e <_etoa+0xde>
10002024:	f1b8 0f00 	cmp.w	r8, #0
10002028:	bf18      	it	ne
1000202a:	f04f 0900 	movne.w	r9, #0
1000202e:	b13f      	cbz	r7, 10002040 <_etoa+0xf0>
10002030:	e9dd 010a 	ldrd	r0, r1, [sp, #40]	@ 0x28
10002034:	e9dd 230e 	ldrd	r2, r3, [sp, #56]	@ 0x38
10002038:	f7ff fd04 	bl	10001a44 <__wrap___aeabi_ddiv>
1000203c:	e9cd 010a 	strd	r0, r1, [sp, #40]	@ 0x28
10002040:	e9dd 0108 	ldrd	r0, r1, [sp, #32]
10002044:	2200      	movs	r2, #0
10002046:	2300      	movs	r3, #0
10002048:	f7ff fda4 	bl	10001b94 <__wrap___aeabi_dcmplt>
1000204c:	b130      	cbz	r0, 1000205c <_etoa+0x10c>
1000204e:	e9dd 010a 	ldrd	r0, r1, [sp, #40]	@ 0x28
10002052:	4602      	mov	r2, r0
10002054:	f101 4300 	add.w	r3, r1, #2147483648	@ 0x80000000
10002058:	e9cd 230a 	strd	r2, r3, [sp, #40]	@ 0x28
1000205c:	ed9d 7b0a 	vldr	d7, [sp, #40]	@ 0x28
10002060:	f424 6300 	bic.w	r3, r4, #2048	@ 0x800
10002064:	e9cd a902 	strd	sl, r9, [sp, #8]
10002068:	e9dd a20c 	ldrd	sl, r2, [sp, #48]	@ 0x30
1000206c:	9304      	str	r3, [sp, #16]
1000206e:	ed8d 7b00 	vstr	d7, [sp]
10002072:	4633      	mov	r3, r6
10002074:	4651      	mov	r1, sl
10002076:	4658      	mov	r0, fp
10002078:	f000 f996 	bl	100023a8 <_ftoa>
1000207c:	4681      	mov	r9, r0
1000207e:	f1b8 0f00 	cmp.w	r8, #0
10002082:	d04f      	beq.n	10002124 <_etoa+0x1d4>
10002084:	f014 0f20 	tst.w	r4, #32
10002088:	464a      	mov	r2, r9
1000208a:	bf0c      	ite	eq
1000208c:	2065      	moveq	r0, #101	@ 0x65
1000208e:	2045      	movne	r0, #69	@ 0x45
10002090:	4633      	mov	r3, r6
10002092:	4651      	mov	r1, sl
10002094:	47d8      	blx	fp
10002096:	f109 0401 	add.w	r4, r9, #1
1000209a:	ea87 7ce7 	eor.w	ip, r7, r7, asr #31
1000209e:	f10d 0950 	add.w	r9, sp, #80	@ 0x50
100020a2:	f108 30ff 	add.w	r0, r8, #4294967295	@ 0xffffffff
100020a6:	464b      	mov	r3, r9
100020a8:	2200      	movs	r2, #0
100020aa:	f8df 80b0 	ldr.w	r8, [pc, #176]	@ 1000215c <_etoa+0x20c>
100020ae:	ebac 7ce7 	sub.w	ip, ip, r7, asr #31
100020b2:	ea4f 7ed7 	mov.w	lr, r7, lsr #31
100020b6:	e001      	b.n	100020bc <_etoa+0x16c>
100020b8:	2a20      	cmp	r2, #32
100020ba:	d010      	beq.n	100020de <_etoa+0x18e>
100020bc:	46e2      	mov	sl, ip
100020be:	fba8 710c 	umull	r7, r1, r8, ip
100020c2:	08c9      	lsrs	r1, r1, #3
100020c4:	eb01 0781 	add.w	r7, r1, r1, lsl #2
100020c8:	ebac 0747 	sub.w	r7, ip, r7, lsl #1
100020cc:	3730      	adds	r7, #48	@ 0x30
100020ce:	f1ba 0f09 	cmp.w	sl, #9
100020d2:	468c      	mov	ip, r1
100020d4:	f102 0201 	add.w	r2, r2, #1
100020d8:	f803 7b01 	strb.w	r7, [r3], #1
100020dc:	d8ec      	bhi.n	100020b8 <_etoa+0x168>
100020de:	2305      	movs	r3, #5
100020e0:	9005      	str	r0, [sp, #20]
100020e2:	9306      	str	r3, [sp, #24]
100020e4:	2000      	movs	r0, #0
100020e6:	230a      	movs	r3, #10
100020e8:	9f0c      	ldr	r7, [sp, #48]	@ 0x30
100020ea:	e9cd 3003 	strd	r3, r0, [sp, #12]
100020ee:	e9cd 2e01 	strd	r2, lr, [sp, #4]
100020f2:	4633      	mov	r3, r6
100020f4:	f8cd 9000 	str.w	r9, [sp]
100020f8:	4622      	mov	r2, r4
100020fa:	4639      	mov	r1, r7
100020fc:	4658      	mov	r0, fp
100020fe:	f7ff fdd3 	bl	10001ca8 <_ntoa_format>
10002102:	9b10      	ldr	r3, [sp, #64]	@ 0x40
10002104:	4681      	mov	r9, r0
10002106:	b16b      	cbz	r3, 10002124 <_etoa+0x1d4>
10002108:	9b0d      	ldr	r3, [sp, #52]	@ 0x34
1000210a:	1ac4      	subs	r4, r0, r3
1000210c:	42a5      	cmp	r5, r4
1000210e:	d909      	bls.n	10002124 <_etoa+0x1d4>
10002110:	464a      	mov	r2, r9
10002112:	4633      	mov	r3, r6
10002114:	4639      	mov	r1, r7
10002116:	2020      	movs	r0, #32
10002118:	3401      	adds	r4, #1
1000211a:	47d8      	blx	fp
1000211c:	42a5      	cmp	r5, r4
1000211e:	f109 0901 	add.w	r9, r9, #1
10002122:	d8f5      	bhi.n	10002110 <_etoa+0x1c0>
10002124:	4648      	mov	r0, r9
10002126:	b01d      	add	sp, #116	@ 0x74
10002128:	e8bd 8ff0 	ldmia.w	sp!, {r4, r5, r6, r7, r8, r9, sl, fp, pc}
1000212c:	ed9d 7b08 	vldr	d7, [sp, #32]
10002130:	e9dd 120c 	ldrd	r1, r2, [sp, #48]	@ 0x30
10002134:	4633      	mov	r3, r6
10002136:	4658      	mov	r0, fp
10002138:	ed8d 7b26 	vstr	d7, [sp, #152]	@ 0x98
1000213c:	e9cd 5429 	strd	r5, r4, [sp, #164]	@ 0xa4
10002140:	f8cd a0a0 	str.w	sl, [sp, #160]	@ 0xa0
10002144:	b01d      	add	sp, #116	@ 0x74
10002146:	e8bd 4ff0 	ldmia.w	sp!, {r4, r5, r6, r7, r8, r9, sl, fp, lr}
1000214a:	f000 b92d 	b.w	100023a8 <_ftoa>
1000214e:	bf00      	nop
	...
10002158:	7fefffff 	.word	0x7fefffff
1000215c:	cccccccd 	.word	0xcccccccd
10002160:	f3c7 500a 	ubfx	r0, r7, #20, #11
10002164:	f2a0 30ff 	subw	r0, r0, #1023	@ 0x3ff
10002168:	f7ff fcba 	bl	10001ae0 <__wrap___aeabi_i2d>
1000216c:	a38a      	add	r3, pc, #552	@ (adr r3, 10002398 <_etoa+0x448>)
1000216e:	e9d3 2300 	ldrd	r2, r3, [r3]
10002172:	f7ff fc41 	bl	100019f8 <__wrap___aeabi_dmul>
10002176:	a38a      	add	r3, pc, #552	@ (adr r3, 100023a0 <_etoa+0x450>)
10002178:	e9d3 2300 	ldrd	r2, r3, [r3]
1000217c:	f7ff fc14 	bl	100019a8 <__wrap___aeabi_dadd>
10002180:	f3c7 0713 	ubfx	r7, r7, #0, #20
10002184:	e9cd 010e 	strd	r0, r1, [sp, #56]	@ 0x38
10002188:	f047 517f 	orr.w	r1, r7, #1069547520	@ 0x3fc00000
1000218c:	4640      	mov	r0, r8
1000218e:	2200      	movs	r2, #0
10002190:	4b7b      	ldr	r3, [pc, #492]	@ (10002380 <_etoa+0x430>)
10002192:	f441 1140 	orr.w	r1, r1, #3145728	@ 0x300000
10002196:	f7ff fc1b 	bl	100019d0 <__wrap___aeabi_dsub>
1000219a:	a36b      	add	r3, pc, #428	@ (adr r3, 10002348 <_etoa+0x3f8>)
1000219c:	e9d3 2300 	ldrd	r2, r3, [r3]
100021a0:	f7ff fc2a 	bl	100019f8 <__wrap___aeabi_dmul>
100021a4:	4602      	mov	r2, r0
100021a6:	460b      	mov	r3, r1
100021a8:	e9dd 010e 	ldrd	r0, r1, [sp, #56]	@ 0x38
100021ac:	f7ff fbfc 	bl	100019a8 <__wrap___aeabi_dadd>
100021b0:	f7ff fcba 	bl	10001b28 <__wrap___aeabi_d2iz>
100021b4:	4607      	mov	r7, r0
100021b6:	f7ff fc93 	bl	10001ae0 <__wrap___aeabi_i2d>
100021ba:	a365      	add	r3, pc, #404	@ (adr r3, 10002350 <_etoa+0x400>)
100021bc:	e9d3 2300 	ldrd	r2, r3, [r3]
100021c0:	4680      	mov	r8, r0
100021c2:	4689      	mov	r9, r1
100021c4:	f7ff fc18 	bl	100019f8 <__wrap___aeabi_dmul>
100021c8:	2200      	movs	r2, #0
100021ca:	4b6e      	ldr	r3, [pc, #440]	@ (10002384 <_etoa+0x434>)
100021cc:	f7ff fbec 	bl	100019a8 <__wrap___aeabi_dadd>
100021d0:	f7ff fcaa 	bl	10001b28 <__wrap___aeabi_d2iz>
100021d4:	4603      	mov	r3, r0
100021d6:	4649      	mov	r1, r9
100021d8:	4640      	mov	r0, r8
100021da:	9310      	str	r3, [sp, #64]	@ 0x40
100021dc:	a35e      	add	r3, pc, #376	@ (adr r3, 10002358 <_etoa+0x408>)
100021de:	e9d3 2300 	ldrd	r2, r3, [r3]
100021e2:	f7ff fc09 	bl	100019f8 <__wrap___aeabi_dmul>
100021e6:	4680      	mov	r8, r0
100021e8:	9810      	ldr	r0, [sp, #64]	@ 0x40
100021ea:	4689      	mov	r9, r1
100021ec:	f7ff fc78 	bl	10001ae0 <__wrap___aeabi_i2d>
100021f0:	a35b      	add	r3, pc, #364	@ (adr r3, 10002360 <_etoa+0x410>)
100021f2:	e9d3 2300 	ldrd	r2, r3, [r3]
100021f6:	f7ff fbff 	bl	100019f8 <__wrap___aeabi_dmul>
100021fa:	4602      	mov	r2, r0
100021fc:	460b      	mov	r3, r1
100021fe:	4640      	mov	r0, r8
10002200:	4649      	mov	r1, r9
10002202:	f7ff fbe5 	bl	100019d0 <__wrap___aeabi_dsub>
10002206:	4602      	mov	r2, r0
10002208:	460b      	mov	r3, r1
1000220a:	4680      	mov	r8, r0
1000220c:	4689      	mov	r9, r1
1000220e:	f7ff fbf3 	bl	100019f8 <__wrap___aeabi_dmul>
10002212:	4642      	mov	r2, r8
10002214:	464b      	mov	r3, r9
10002216:	e9cd 010e 	strd	r0, r1, [sp, #56]	@ 0x38
1000221a:	4640      	mov	r0, r8
1000221c:	4649      	mov	r1, r9
1000221e:	f7ff fbc3 	bl	100019a8 <__wrap___aeabi_dadd>
10002222:	2200      	movs	r2, #0
10002224:	e9cd 0112 	strd	r0, r1, [sp, #72]	@ 0x48
10002228:	e9dd 010e 	ldrd	r0, r1, [sp, #56]	@ 0x38
1000222c:	4b56      	ldr	r3, [pc, #344]	@ (10002388 <_etoa+0x438>)
1000222e:	f7ff fc09 	bl	10001a44 <__wrap___aeabi_ddiv>
10002232:	2200      	movs	r2, #0
10002234:	4b55      	ldr	r3, [pc, #340]	@ (1000238c <_etoa+0x43c>)
10002236:	f7ff fbb7 	bl	100019a8 <__wrap___aeabi_dadd>
1000223a:	4602      	mov	r2, r0
1000223c:	460b      	mov	r3, r1
1000223e:	e9dd 010e 	ldrd	r0, r1, [sp, #56]	@ 0x38
10002242:	f7ff fbff 	bl	10001a44 <__wrap___aeabi_ddiv>
10002246:	2200      	movs	r2, #0
10002248:	4b51      	ldr	r3, [pc, #324]	@ (10002390 <_etoa+0x440>)
1000224a:	f7ff fbad 	bl	100019a8 <__wrap___aeabi_dadd>
1000224e:	4602      	mov	r2, r0
10002250:	460b      	mov	r3, r1
10002252:	e9dd 010e 	ldrd	r0, r1, [sp, #56]	@ 0x38
10002256:	f7ff fbf5 	bl	10001a44 <__wrap___aeabi_ddiv>
1000225a:	4642      	mov	r2, r8
1000225c:	464b      	mov	r3, r9
1000225e:	4680      	mov	r8, r0
10002260:	4689      	mov	r9, r1
10002262:	2000      	movs	r0, #0
10002264:	f04f 4180 	mov.w	r1, #1073741824	@ 0x40000000
10002268:	f7ff fbb2 	bl	100019d0 <__wrap___aeabi_dsub>
1000226c:	4602      	mov	r2, r0
1000226e:	460b      	mov	r3, r1
10002270:	4640      	mov	r0, r8
10002272:	4649      	mov	r1, r9
10002274:	f7ff fb98 	bl	100019a8 <__wrap___aeabi_dadd>
10002278:	4602      	mov	r2, r0
1000227a:	460b      	mov	r3, r1
1000227c:	e9dd 0112 	ldrd	r0, r1, [sp, #72]	@ 0x48
10002280:	f7ff fbe0 	bl	10001a44 <__wrap___aeabi_ddiv>
10002284:	2200      	movs	r2, #0
10002286:	4b43      	ldr	r3, [pc, #268]	@ (10002394 <_etoa+0x444>)
10002288:	f7ff fb8e 	bl	100019a8 <__wrap___aeabi_dadd>
1000228c:	9b10      	ldr	r3, [sp, #64]	@ 0x40
1000228e:	2200      	movs	r2, #0
10002290:	f203 3cff 	addw	ip, r3, #1023	@ 0x3ff
10002294:	ea4f 530c 	mov.w	r3, ip, lsl #20
10002298:	f7ff fbae 	bl	100019f8 <__wrap___aeabi_dmul>
1000229c:	4680      	mov	r8, r0
1000229e:	4689      	mov	r9, r1
100022a0:	e9dd 010a 	ldrd	r0, r1, [sp, #40]	@ 0x28
100022a4:	4642      	mov	r2, r8
100022a6:	464b      	mov	r3, r9
100022a8:	e9cd 890e 	strd	r8, r9, [sp, #56]	@ 0x38
100022ac:	f7ff fc72 	bl	10001b94 <__wrap___aeabi_dcmplt>
100022b0:	bb60      	cbnz	r0, 1000230c <_etoa+0x3bc>
100022b2:	4643      	mov	r3, r8
100022b4:	4649      	mov	r1, r9
100022b6:	f107 0263 	add.w	r2, r7, #99	@ 0x63
100022ba:	2ac7      	cmp	r2, #199	@ 0xc7
100022bc:	bf34      	ite	cc
100022be:	f04f 0804 	movcc.w	r8, #4
100022c2:	f04f 0805 	movcs.w	r8, #5
100022c6:	0522      	lsls	r2, r4, #20
100022c8:	f57f aea2 	bpl.w	10002010 <_etoa+0xc0>
100022cc:	430b      	orrs	r3, r1
100022ce:	f43f ae91 	beq.w	10001ff4 <_etoa+0xa4>
100022d2:	e9dd 010a 	ldrd	r0, r1, [sp, #40]	@ 0x28
100022d6:	a324      	add	r3, pc, #144	@ (adr r3, 10002368 <_etoa+0x418>)
100022d8:	e9d3 2300 	ldrd	r2, r3, [r3]
100022dc:	f7ff fc6e 	bl	10001bbc <__wrap___aeabi_dcmpge>
100022e0:	b148      	cbz	r0, 100022f6 <_etoa+0x3a6>
100022e2:	e9dd 010a 	ldrd	r0, r1, [sp, #40]	@ 0x28
100022e6:	a322      	add	r3, pc, #136	@ (adr r3, 10002370 <_etoa+0x420>)
100022e8:	e9d3 2300 	ldrd	r2, r3, [r3]
100022ec:	f7ff fc52 	bl	10001b94 <__wrap___aeabi_dcmplt>
100022f0:	2800      	cmp	r0, #0
100022f2:	f47f ae7f 	bne.w	10001ff4 <_etoa+0xa4>
100022f6:	f1ba 0f00 	cmp.w	sl, #0
100022fa:	f43f ae89 	beq.w	10002010 <_etoa+0xc0>
100022fe:	9b11      	ldr	r3, [sp, #68]	@ 0x44
10002300:	2b00      	cmp	r3, #0
10002302:	f43f ae85 	beq.w	10002010 <_etoa+0xc0>
10002306:	f10a 3aff 	add.w	sl, sl, #4294967295	@ 0xffffffff
1000230a:	e681      	b.n	10002010 <_etoa+0xc0>
1000230c:	2200      	movs	r2, #0
1000230e:	4b1f      	ldr	r3, [pc, #124]	@ (1000238c <_etoa+0x43c>)
10002310:	4640      	mov	r0, r8
10002312:	4649      	mov	r1, r9
10002314:	f7ff fb96 	bl	10001a44 <__wrap___aeabi_ddiv>
10002318:	460a      	mov	r2, r1
1000231a:	4601      	mov	r1, r0
1000231c:	4603      	mov	r3, r0
1000231e:	e9cd 120e 	strd	r1, r2, [sp, #56]	@ 0x38
10002322:	3f01      	subs	r7, #1
10002324:	4611      	mov	r1, r2
10002326:	e7c6      	b.n	100022b6 <_etoa+0x366>
10002328:	ed9f 7b13 	vldr	d7, [pc, #76]	@ 10002378 <_etoa+0x428>
1000232c:	461f      	mov	r7, r3
1000232e:	f04f 0804 	mov.w	r8, #4
10002332:	ed8d 7b0e 	vstr	d7, [sp, #56]	@ 0x38
10002336:	e66b      	b.n	10002010 <_etoa+0xc0>
10002338:	f108 4300 	add.w	r3, r8, #2147483648	@ 0x80000000
1000233c:	970a      	str	r7, [sp, #40]	@ 0x28
1000233e:	930b      	str	r3, [sp, #44]	@ 0x2c
10002340:	e641      	b.n	10001fc6 <_etoa+0x76>
10002342:	bf00      	nop
10002344:	f3af 8000 	nop.w
10002348:	636f4361 	.word	0x636f4361
1000234c:	3fd287a7 	.word	0x3fd287a7
10002350:	0979a371 	.word	0x0979a371
10002354:	400a934f 	.word	0x400a934f
10002358:	bbb55516 	.word	0xbbb55516
1000235c:	40026bb1 	.word	0x40026bb1
10002360:	fefa39ef 	.word	0xfefa39ef
10002364:	3fe62e42 	.word	0x3fe62e42
10002368:	eb1c432d 	.word	0xeb1c432d
1000236c:	3f1a36e2 	.word	0x3f1a36e2
10002370:	00000000 	.word	0x00000000
10002374:	412e8480 	.word	0x412e8480
	...
10002380:	3ff80000 	.word	0x3ff80000
10002384:	3fe00000 	.word	0x3fe00000
10002388:	402c0000 	.word	0x402c0000
1000238c:	40240000 	.word	0x40240000
10002390:	40180000 	.word	0x40180000
10002394:	3ff00000 	.word	0x3ff00000
10002398:	509f79fb 	.word	0x509f79fb
1000239c:	3fd34413 	.word	0x3fd34413
100023a0:	8b60c8b3 	.word	0x8b60c8b3
100023a4:	3fc68a28 	.word	0x3fc68a28

100023a8 <_ftoa>:
100023a8:	e92d 4ff0 	stmdb	sp!, {r4, r5, r6, r7, r8, r9, sl, fp, lr}
100023ac:	b097      	sub	sp, #92	@ 0x5c
100023ae:	e9dd 8920 	ldrd	r8, r9, [sp, #128]	@ 0x80
100023b2:	e9cd 0104 	strd	r0, r1, [sp, #16]
100023b6:	e9dd 4b22 	ldrd	r4, fp, [sp, #136]	@ 0x88
100023ba:	e9cd 2306 	strd	r2, r3, [sp, #24]
100023be:	4640      	mov	r0, r8
100023c0:	4642      	mov	r2, r8
100023c2:	464b      	mov	r3, r9
100023c4:	4649      	mov	r1, r9
100023c6:	f8dd a090 	ldr.w	sl, [sp, #144]	@ 0x90
100023ca:	f7ff fbd1 	bl	10001b70 <__wrap___aeabi_dcmpun>
100023ce:	2800      	cmp	r0, #0
100023d0:	f040 81c6 	bne.w	10002760 <_ftoa+0x3b8>
100023d4:	4640      	mov	r0, r8
100023d6:	4649      	mov	r1, r9
100023d8:	f04f 32ff 	mov.w	r2, #4294967295	@ 0xffffffff
100023dc:	f46f 1380 	mvn.w	r3, #1048576	@ 0x100000
100023e0:	f7ff fbd8 	bl	10001b94 <__wrap___aeabi_dcmplt>
100023e4:	2800      	cmp	r0, #0
100023e6:	f040 811d 	bne.w	10002624 <_ftoa+0x27c>
100023ea:	4640      	mov	r0, r8
100023ec:	4649      	mov	r1, r9
100023ee:	f04f 32ff 	mov.w	r2, #4294967295	@ 0xffffffff
100023f2:	4bc1      	ldr	r3, [pc, #772]	@ (100026f8 <_ftoa+0x350>)
100023f4:	f7ff fbf6 	bl	10001be4 <__wrap___aeabi_dcmpgt>
100023f8:	2800      	cmp	r0, #0
100023fa:	f040 80e3 	bne.w	100025c4 <_ftoa+0x21c>
100023fe:	a3b8      	add	r3, pc, #736	@ (adr r3, 100026e0 <_ftoa+0x338>)
10002400:	e9d3 2300 	ldrd	r2, r3, [r3]
10002404:	4640      	mov	r0, r8
10002406:	4649      	mov	r1, r9
10002408:	f7ff fbec 	bl	10001be4 <__wrap___aeabi_dcmpgt>
1000240c:	2800      	cmp	r0, #0
1000240e:	f040 80cb 	bne.w	100025a8 <_ftoa+0x200>
10002412:	a3b5      	add	r3, pc, #724	@ (adr r3, 100026e8 <_ftoa+0x340>)
10002414:	e9d3 2300 	ldrd	r2, r3, [r3]
10002418:	4640      	mov	r0, r8
1000241a:	4649      	mov	r1, r9
1000241c:	f7ff fbba 	bl	10001b94 <__wrap___aeabi_dcmplt>
10002420:	2800      	cmp	r0, #0
10002422:	f040 80c1 	bne.w	100025a8 <_ftoa+0x200>
10002426:	4640      	mov	r0, r8
10002428:	4649      	mov	r1, r9
1000242a:	2200      	movs	r2, #0
1000242c:	2300      	movs	r3, #0
1000242e:	f7ff fbb1 	bl	10001b94 <__wrap___aeabi_dcmplt>
10002432:	2800      	cmp	r0, #0
10002434:	f040 80e0 	bne.w	100025f8 <_ftoa+0x250>
10002438:	f41a 6580 	ands.w	r5, sl, #1024	@ 0x400
1000243c:	900d      	str	r0, [sp, #52]	@ 0x34
1000243e:	f000 80e9 	beq.w	10002614 <_ftoa+0x26c>
10002442:	2c09      	cmp	r4, #9
10002444:	f240 8197 	bls.w	10002776 <_ftoa+0x3ce>
10002448:	ab0e      	add	r3, sp, #56	@ 0x38
1000244a:	461a      	mov	r2, r3
1000244c:	930c      	str	r3, [sp, #48]	@ 0x30
1000244e:	2130      	movs	r1, #48	@ 0x30
10002450:	2300      	movs	r3, #0
10002452:	f1a4 0509 	sub.w	r5, r4, #9
10002456:	3301      	adds	r3, #1
10002458:	2b20      	cmp	r3, #32
1000245a:	f802 1b01 	strb.w	r1, [r2], #1
1000245e:	eba4 0603 	sub.w	r6, r4, r3
10002462:	f000 813a 	beq.w	100026da <_ftoa+0x332>
10002466:	42ab      	cmp	r3, r5
10002468:	d1f5      	bne.n	10002456 <_ftoa+0xae>
1000246a:	ed9f 7b9d 	vldr	d7, [pc, #628]	@ 100026e0 <_ftoa+0x338>
1000246e:	ed8d 7b08 	vstr	d7, [sp, #32]
10002472:	4649      	mov	r1, r9
10002474:	4640      	mov	r0, r8
10002476:	f7ff fb57 	bl	10001b28 <__wrap___aeabi_d2iz>
1000247a:	4604      	mov	r4, r0
1000247c:	f7ff fb30 	bl	10001ae0 <__wrap___aeabi_i2d>
10002480:	4602      	mov	r2, r0
10002482:	460b      	mov	r3, r1
10002484:	4640      	mov	r0, r8
10002486:	4649      	mov	r1, r9
10002488:	f7ff faa2 	bl	100019d0 <__wrap___aeabi_dsub>
1000248c:	e9dd 2308 	ldrd	r2, r3, [sp, #32]
10002490:	f7ff fab2 	bl	100019f8 <__wrap___aeabi_dmul>
10002494:	4602      	mov	r2, r0
10002496:	460b      	mov	r3, r1
10002498:	e9cd 230a 	strd	r2, r3, [sp, #40]	@ 0x28
1000249c:	f7ff fb56 	bl	10001b4c <__wrap___aeabi_d2uiz>
100024a0:	4607      	mov	r7, r0
100024a2:	f7ff fb2f 	bl	10001b04 <__wrap___aeabi_ui2d>
100024a6:	4602      	mov	r2, r0
100024a8:	460b      	mov	r3, r1
100024aa:	e9dd 010a 	ldrd	r0, r1, [sp, #40]	@ 0x28
100024ae:	f7ff fa8f 	bl	100019d0 <__wrap___aeabi_dsub>
100024b2:	4602      	mov	r2, r0
100024b4:	460b      	mov	r3, r1
100024b6:	e9cd 230a 	strd	r2, r3, [sp, #40]	@ 0x28
100024ba:	2200      	movs	r2, #0
100024bc:	4b8f      	ldr	r3, [pc, #572]	@ (100026fc <_ftoa+0x354>)
100024be:	f7ff fb91 	bl	10001be4 <__wrap___aeabi_dcmpgt>
100024c2:	2800      	cmp	r0, #0
100024c4:	f000 80db 	beq.w	1000267e <_ftoa+0x2d6>
100024c8:	3701      	adds	r7, #1
100024ca:	4638      	mov	r0, r7
100024cc:	f7ff fb1a 	bl	10001b04 <__wrap___aeabi_ui2d>
100024d0:	e9dd 2308 	ldrd	r2, r3, [sp, #32]
100024d4:	f7ff fb72 	bl	10001bbc <__wrap___aeabi_dcmpge>
100024d8:	b108      	cbz	r0, 100024de <_ftoa+0x136>
100024da:	2700      	movs	r7, #0
100024dc:	3401      	adds	r4, #1
100024de:	2e00      	cmp	r6, #0
100024e0:	f040 80b1 	bne.w	10002646 <_ftoa+0x29e>
100024e4:	4620      	mov	r0, r4
100024e6:	f7ff fafb 	bl	10001ae0 <__wrap___aeabi_i2d>
100024ea:	4602      	mov	r2, r0
100024ec:	460b      	mov	r3, r1
100024ee:	4640      	mov	r0, r8
100024f0:	4649      	mov	r1, r9
100024f2:	f7ff fa6d 	bl	100019d0 <__wrap___aeabi_dsub>
100024f6:	2200      	movs	r2, #0
100024f8:	4b80      	ldr	r3, [pc, #512]	@ (100026fc <_ftoa+0x354>)
100024fa:	4606      	mov	r6, r0
100024fc:	460f      	mov	r7, r1
100024fe:	f7ff fb49 	bl	10001b94 <__wrap___aeabi_dcmplt>
10002502:	b940      	cbnz	r0, 10002516 <_ftoa+0x16e>
10002504:	4630      	mov	r0, r6
10002506:	4639      	mov	r1, r7
10002508:	2200      	movs	r2, #0
1000250a:	4b7c      	ldr	r3, [pc, #496]	@ (100026fc <_ftoa+0x354>)
1000250c:	f7ff fb6a 	bl	10001be4 <__wrap___aeabi_dcmpgt>
10002510:	2800      	cmp	r0, #0
10002512:	f000 8116 	beq.w	10002742 <_ftoa+0x39a>
10002516:	9b0c      	ldr	r3, [sp, #48]	@ 0x30
10002518:	1e69      	subs	r1, r5, #1
1000251a:	4879      	ldr	r0, [pc, #484]	@ (10002700 <_ftoa+0x358>)
1000251c:	4419      	add	r1, r3
1000251e:	e010      	b.n	10002542 <_ftoa+0x19a>
10002520:	fb80 6204 	smull	r6, r2, r0, r4
10002524:	ebc3 03a2 	rsb	r3, r3, r2, asr #2
10002528:	eb03 0283 	add.w	r2, r3, r3, lsl #2
1000252c:	eba4 0442 	sub.w	r4, r4, r2, lsl #1
10002530:	f104 0230 	add.w	r2, r4, #48	@ 0x30
10002534:	3501      	adds	r5, #1
10002536:	461c      	mov	r4, r3
10002538:	f801 2f01 	strb.w	r2, [r1, #1]!
1000253c:	2b00      	cmp	r3, #0
1000253e:	f000 80ab 	beq.w	10002698 <_ftoa+0x2f0>
10002542:	2d20      	cmp	r5, #32
10002544:	ea4f 73e4 	mov.w	r3, r4, asr #31
10002548:	d1ea      	bne.n	10002520 <_ftoa+0x178>
1000254a:	f00a 0303 	and.w	r3, sl, #3
1000254e:	2b01      	cmp	r3, #1
10002550:	d11c      	bne.n	1000258c <_ftoa+0x1e4>
10002552:	f1bb 0f00 	cmp.w	fp, #0
10002556:	d019      	beq.n	1000258c <_ftoa+0x1e4>
10002558:	9b0d      	ldr	r3, [sp, #52]	@ 0x34
1000255a:	2b00      	cmp	r3, #0
1000255c:	f040 80fa 	bne.w	10002754 <_ftoa+0x3ac>
10002560:	f01a 0f0c 	tst.w	sl, #12
10002564:	f040 80f6 	bne.w	10002754 <_ftoa+0x3ac>
10002568:	45ab      	cmp	fp, r5
1000256a:	f240 80d3 	bls.w	10002714 <_ftoa+0x36c>
1000256e:	2d20      	cmp	r5, #32
10002570:	d00b      	beq.n	1000258a <_ftoa+0x1e2>
10002572:	2230      	movs	r2, #48	@ 0x30
10002574:	990c      	ldr	r1, [sp, #48]	@ 0x30
10002576:	1e6b      	subs	r3, r5, #1
10002578:	440b      	add	r3, r1
1000257a:	3501      	adds	r5, #1
1000257c:	455d      	cmp	r5, fp
1000257e:	f803 2f01 	strb.w	r2, [r3, #1]!
10002582:	f000 808d 	beq.w	100026a0 <_ftoa+0x2f8>
10002586:	2d20      	cmp	r5, #32
10002588:	d1f7      	bne.n	1000257a <_ftoa+0x1d2>
1000258a:	2520      	movs	r5, #32
1000258c:	e9dd 2306 	ldrd	r2, r3, [sp, #24]
10002590:	e9dd 0104 	ldrd	r0, r1, [sp, #16]
10002594:	9c0c      	ldr	r4, [sp, #48]	@ 0x30
10002596:	e9cd ba02 	strd	fp, sl, [sp, #8]
1000259a:	9501      	str	r5, [sp, #4]
1000259c:	9400      	str	r4, [sp, #0]
1000259e:	f7ff fb37 	bl	10001c10 <_out_rev>
100025a2:	b017      	add	sp, #92	@ 0x5c
100025a4:	e8bd 8ff0 	ldmia.w	sp!, {r4, r5, r6, r7, r8, r9, sl, fp, pc}
100025a8:	e9cd 8920 	strd	r8, r9, [sp, #128]	@ 0x80
100025ac:	e9dd 2306 	ldrd	r2, r3, [sp, #24]
100025b0:	e9dd 0104 	ldrd	r0, r1, [sp, #16]
100025b4:	e9cd ba23 	strd	fp, sl, [sp, #140]	@ 0x8c
100025b8:	9422      	str	r4, [sp, #136]	@ 0x88
100025ba:	b017      	add	sp, #92	@ 0x5c
100025bc:	e8bd 4ff0 	ldmia.w	sp!, {r4, r5, r6, r7, r8, r9, sl, fp, lr}
100025c0:	f7ff bcc6 	b.w	10001f50 <_etoa>
100025c4:	4d4f      	ldr	r5, [pc, #316]	@ (10002704 <_ftoa+0x35c>)
100025c6:	f8cd a08c 	str.w	sl, [sp, #140]	@ 0x8c
100025ca:	f00a 0a04 	and.w	sl, sl, #4
100025ce:	f1ba 0f00 	cmp.w	sl, #0
100025d2:	4c4d      	ldr	r4, [pc, #308]	@ (10002708 <_ftoa+0x360>)
100025d4:	bf18      	it	ne
100025d6:	462c      	movne	r4, r5
100025d8:	e9dd 2306 	ldrd	r2, r3, [sp, #24]
100025dc:	e9dd 0104 	ldrd	r0, r1, [sp, #16]
100025e0:	9420      	str	r4, [sp, #128]	@ 0x80
100025e2:	bf0c      	ite	eq
100025e4:	2403      	moveq	r4, #3
100025e6:	2404      	movne	r4, #4
100025e8:	f8cd b088 	str.w	fp, [sp, #136]	@ 0x88
100025ec:	9421      	str	r4, [sp, #132]	@ 0x84
100025ee:	b017      	add	sp, #92	@ 0x5c
100025f0:	e8bd 4ff0 	ldmia.w	sp!, {r4, r5, r6, r7, r8, r9, sl, fp, lr}
100025f4:	f7ff bb0c 	b.w	10001c10 <_out_rev>
100025f8:	2101      	movs	r1, #1
100025fa:	4642      	mov	r2, r8
100025fc:	464b      	mov	r3, r9
100025fe:	910d      	str	r1, [sp, #52]	@ 0x34
10002600:	2000      	movs	r0, #0
10002602:	2100      	movs	r1, #0
10002604:	f7ff f9e4 	bl	100019d0 <__wrap___aeabi_dsub>
10002608:	f41a 6580 	ands.w	r5, sl, #1024	@ 0x400
1000260c:	4680      	mov	r8, r0
1000260e:	4689      	mov	r9, r1
10002610:	f47f af17 	bne.w	10002442 <_ftoa+0x9a>
10002614:	ed9f 7b36 	vldr	d7, [pc, #216]	@ 100026f0 <_ftoa+0x348>
10002618:	ab0e      	add	r3, sp, #56	@ 0x38
1000261a:	2606      	movs	r6, #6
1000261c:	ed8d 7b08 	vstr	d7, [sp, #32]
10002620:	930c      	str	r3, [sp, #48]	@ 0x30
10002622:	e726      	b.n	10002472 <_ftoa+0xca>
10002624:	2404      	movs	r4, #4
10002626:	e9dd 2306 	ldrd	r2, r3, [sp, #24]
1000262a:	e9dd 0104 	ldrd	r0, r1, [sp, #16]
1000262e:	4d37      	ldr	r5, [pc, #220]	@ (1000270c <_ftoa+0x364>)
10002630:	f8cd a08c 	str.w	sl, [sp, #140]	@ 0x8c
10002634:	f8cd b088 	str.w	fp, [sp, #136]	@ 0x88
10002638:	9520      	str	r5, [sp, #128]	@ 0x80
1000263a:	9421      	str	r4, [sp, #132]	@ 0x84
1000263c:	b017      	add	sp, #92	@ 0x5c
1000263e:	e8bd 4ff0 	ldmia.w	sp!, {r4, r5, r6, r7, r8, r9, sl, fp, lr}
10002642:	f7ff bae5 	b.w	10001c10 <_out_rev>
10002646:	9b0c      	ldr	r3, [sp, #48]	@ 0x30
10002648:	1e68      	subs	r0, r5, #1
1000264a:	f8df c0c4 	ldr.w	ip, [pc, #196]	@ 10002710 <_ftoa+0x368>
1000264e:	4418      	add	r0, r3
10002650:	e00d      	b.n	1000266e <_ftoa+0x2c6>
10002652:	fbac 3207 	umull	r3, r2, ip, r7
10002656:	08d2      	lsrs	r2, r2, #3
10002658:	eb02 0382 	add.w	r3, r2, r2, lsl #2
1000265c:	eba7 0343 	sub.w	r3, r7, r3, lsl #1
10002660:	3330      	adds	r3, #48	@ 0x30
10002662:	2f09      	cmp	r7, #9
10002664:	f800 3f01 	strb.w	r3, [r0, #1]!
10002668:	d927      	bls.n	100026ba <_ftoa+0x312>
1000266a:	4617      	mov	r7, r2
1000266c:	460d      	mov	r5, r1
1000266e:	2d20      	cmp	r5, #32
10002670:	f105 0101 	add.w	r1, r5, #1
10002674:	f106 36ff 	add.w	r6, r6, #4294967295	@ 0xffffffff
10002678:	d1eb      	bne.n	10002652 <_ftoa+0x2aa>
1000267a:	2520      	movs	r5, #32
1000267c:	e74b      	b.n	10002516 <_ftoa+0x16e>
1000267e:	2200      	movs	r2, #0
10002680:	e9dd 010a 	ldrd	r0, r1, [sp, #40]	@ 0x28
10002684:	4b1d      	ldr	r3, [pc, #116]	@ (100026fc <_ftoa+0x354>)
10002686:	f7ff fa85 	bl	10001b94 <__wrap___aeabi_dcmplt>
1000268a:	2800      	cmp	r0, #0
1000268c:	f47f af27 	bne.w	100024de <_ftoa+0x136>
10002690:	2f00      	cmp	r7, #0
10002692:	d15b      	bne.n	1000274c <_ftoa+0x3a4>
10002694:	3701      	adds	r7, #1
10002696:	e722      	b.n	100024de <_ftoa+0x136>
10002698:	f00a 0303 	and.w	r3, sl, #3
1000269c:	2b01      	cmp	r3, #1
1000269e:	d076      	beq.n	1000278e <_ftoa+0x3e6>
100026a0:	2d20      	cmp	r5, #32
100026a2:	f43f af73 	beq.w	1000258c <_ftoa+0x1e4>
100026a6:	9b0d      	ldr	r3, [sp, #52]	@ 0x34
100026a8:	b3bb      	cbz	r3, 1000271a <_ftoa+0x372>
100026aa:	222d      	movs	r2, #45	@ 0x2d
100026ac:	f105 0358 	add.w	r3, r5, #88	@ 0x58
100026b0:	446b      	add	r3, sp
100026b2:	f803 2c20 	strb.w	r2, [r3, #-32]
100026b6:	3501      	adds	r5, #1
100026b8:	e768      	b.n	1000258c <_ftoa+0x1e4>
100026ba:	2920      	cmp	r1, #32
100026bc:	d0dd      	beq.n	1000267a <_ftoa+0x2d2>
100026be:	b3ae      	cbz	r6, 1000272c <_ftoa+0x384>
100026c0:	9b0c      	ldr	r3, [sp, #48]	@ 0x30
100026c2:	440e      	add	r6, r1
100026c4:	441d      	add	r5, r3
100026c6:	2330      	movs	r3, #48	@ 0x30
100026c8:	e001      	b.n	100026ce <_ftoa+0x326>
100026ca:	42b1      	cmp	r1, r6
100026cc:	d02f      	beq.n	1000272e <_ftoa+0x386>
100026ce:	3101      	adds	r1, #1
100026d0:	2920      	cmp	r1, #32
100026d2:	f805 3f01 	strb.w	r3, [r5, #1]!
100026d6:	d1f8      	bne.n	100026ca <_ftoa+0x322>
100026d8:	e7cf      	b.n	1000267a <_ftoa+0x2d2>
100026da:	461d      	mov	r5, r3
100026dc:	e6c5      	b.n	1000246a <_ftoa+0xc2>
100026de:	bf00      	nop
100026e0:	00000000 	.word	0x00000000
100026e4:	41cdcd65 	.word	0x41cdcd65
100026e8:	00000000 	.word	0x00000000
100026ec:	c1cdcd65 	.word	0xc1cdcd65
100026f0:	00000000 	.word	0x00000000
100026f4:	412e8480 	.word	0x412e8480
100026f8:	7fefffff 	.word	0x7fefffff
100026fc:	3fe00000 	.word	0x3fe00000
10002700:	66666667 	.word	0x66666667
10002704:	10003b88 	.word	0x10003b88
10002708:	10003b90 	.word	0x10003b90
1000270c:	10003b98 	.word	0x10003b98
10002710:	cccccccd 	.word	0xcccccccd
10002714:	2d20      	cmp	r5, #32
10002716:	f43f af39 	beq.w	1000258c <_ftoa+0x1e4>
1000271a:	f01a 0f04 	tst.w	sl, #4
1000271e:	d10e      	bne.n	1000273e <_ftoa+0x396>
10002720:	f01a 0f08 	tst.w	sl, #8
10002724:	f43f af32 	beq.w	1000258c <_ftoa+0x1e4>
10002728:	2220      	movs	r2, #32
1000272a:	e7bf      	b.n	100026ac <_ftoa+0x304>
1000272c:	460e      	mov	r6, r1
1000272e:	222e      	movs	r2, #46	@ 0x2e
10002730:	f106 0358 	add.w	r3, r6, #88	@ 0x58
10002734:	446b      	add	r3, sp
10002736:	f803 2c20 	strb.w	r2, [r3, #-32]
1000273a:	1c75      	adds	r5, r6, #1
1000273c:	e6eb      	b.n	10002516 <_ftoa+0x16e>
1000273e:	222b      	movs	r2, #43	@ 0x2b
10002740:	e7b4      	b.n	100026ac <_ftoa+0x304>
10002742:	07e3      	lsls	r3, r4, #31
10002744:	f57f aee7 	bpl.w	10002516 <_ftoa+0x16e>
10002748:	3401      	adds	r4, #1
1000274a:	e6e4      	b.n	10002516 <_ftoa+0x16e>
1000274c:	07fa      	lsls	r2, r7, #31
1000274e:	f57f aec6 	bpl.w	100024de <_ftoa+0x136>
10002752:	e79f      	b.n	10002694 <_ftoa+0x2ec>
10002754:	f10b 3bff 	add.w	fp, fp, #4294967295	@ 0xffffffff
10002758:	45ab      	cmp	fp, r5
1000275a:	f63f af08 	bhi.w	1000256e <_ftoa+0x1c6>
1000275e:	e79f      	b.n	100026a0 <_ftoa+0x2f8>
10002760:	2403      	movs	r4, #3
10002762:	e9dd 2306 	ldrd	r2, r3, [sp, #24]
10002766:	e9dd 0104 	ldrd	r0, r1, [sp, #16]
1000276a:	4d0b      	ldr	r5, [pc, #44]	@ (10002798 <_ftoa+0x3f0>)
1000276c:	f8cd a08c 	str.w	sl, [sp, #140]	@ 0x8c
10002770:	f8cd b088 	str.w	fp, [sp, #136]	@ 0x88
10002774:	e760      	b.n	10002638 <_ftoa+0x290>
10002776:	4b09      	ldr	r3, [pc, #36]	@ (1000279c <_ftoa+0x3f4>)
10002778:	4626      	mov	r6, r4
1000277a:	eb03 03c4 	add.w	r3, r3, r4, lsl #3
1000277e:	ed93 7b00 	vldr	d7, [r3]
10002782:	ab0e      	add	r3, sp, #56	@ 0x38
10002784:	ed8d 7b08 	vstr	d7, [sp, #32]
10002788:	2500      	movs	r5, #0
1000278a:	930c      	str	r3, [sp, #48]	@ 0x30
1000278c:	e671      	b.n	10002472 <_ftoa+0xca>
1000278e:	f1bb 0f00 	cmp.w	fp, #0
10002792:	d085      	beq.n	100026a0 <_ftoa+0x2f8>
10002794:	e6e0      	b.n	10002558 <_ftoa+0x1b0>
10002796:	bf00      	nop
10002798:	10003b94 	.word	0x10003b94
1000279c:	10003ba0 	.word	0x10003ba0

100027a0 <_vsnprintf>:
100027a0:	e92d 4ff0 	stmdb	sp!, {r4, r5, r6, r7, r8, r9, sl, fp, lr}
100027a4:	461c      	mov	r4, r3
100027a6:	4d9b      	ldr	r5, [pc, #620]	@ (10002a14 <_vsnprintf+0x274>)
100027a8:	4b9b      	ldr	r3, [pc, #620]	@ (10002a18 <_vsnprintf+0x278>)
100027aa:	f1b1 0a00 	subs.w	sl, r1, #0
100027ae:	bf18      	it	ne
100027b0:	4683      	movne	fp, r0
100027b2:	601d      	str	r5, [r3, #0]
100027b4:	7820      	ldrb	r0, [r4, #0]
100027b6:	4d99      	ldr	r5, [pc, #612]	@ (10002a1c <_vsnprintf+0x27c>)
100027b8:	b09b      	sub	sp, #108	@ 0x6c
100027ba:	bf08      	it	eq
100027bc:	46ab      	moveq	fp, r5
100027be:	4691      	mov	r9, r2
100027c0:	9e24      	ldr	r6, [sp, #144]	@ 0x90
100027c2:	2800      	cmp	r0, #0
100027c4:	f000 82e7 	beq.w	10002d96 <_vsnprintf+0x5f6>
100027c8:	2500      	movs	r5, #0
100027ca:	46b0      	mov	r8, r6
100027cc:	e009      	b.n	100027e2 <_vsnprintf+0x42>
100027ce:	462a      	mov	r2, r5
100027d0:	464b      	mov	r3, r9
100027d2:	4651      	mov	r1, sl
100027d4:	47d8      	blx	fp
100027d6:	3501      	adds	r5, #1
100027d8:	3401      	adds	r4, #1
100027da:	7820      	ldrb	r0, [r4, #0]
100027dc:	2800      	cmp	r0, #0
100027de:	f000 80bd 	beq.w	1000295c <_vsnprintf+0x1bc>
100027e2:	2825      	cmp	r0, #37	@ 0x25
100027e4:	d1f3      	bne.n	100027ce <_vsnprintf+0x2e>
100027e6:	2200      	movs	r2, #0
100027e8:	1c63      	adds	r3, r4, #1
100027ea:	461c      	mov	r4, r3
100027ec:	f813 0b01 	ldrb.w	r0, [r3], #1
100027f0:	f1a0 0120 	sub.w	r1, r0, #32
100027f4:	2910      	cmp	r1, #16
100027f6:	d80a      	bhi.n	1000280e <_vsnprintf+0x6e>
100027f8:	e8df f001 	tbb	[pc, r1]
100027fc:	3a09093d 	.word	0x3a09093d
10002800:	09090909 	.word	0x09090909
10002804:	37090909 	.word	0x37090909
10002808:	09093409 	.word	0x09093409
1000280c:	31          	.byte	0x31
1000280d:	00          	.byte	0x00
1000280e:	f1a0 0330 	sub.w	r3, r0, #48	@ 0x30
10002812:	2b09      	cmp	r3, #9
10002814:	9409      	str	r4, [sp, #36]	@ 0x24
10002816:	f240 80b0 	bls.w	1000297a <_vsnprintf+0x1da>
1000281a:	282a      	cmp	r0, #42	@ 0x2a
1000281c:	f000 80cd 	beq.w	100029ba <_vsnprintf+0x21a>
10002820:	282e      	cmp	r0, #46	@ 0x2e
10002822:	f04f 0600 	mov.w	r6, #0
10002826:	f000 80b9 	beq.w	1000299c <_vsnprintf+0x1fc>
1000282a:	2700      	movs	r7, #0
1000282c:	f1a0 0368 	sub.w	r3, r0, #104	@ 0x68
10002830:	2b12      	cmp	r3, #18
10002832:	d829      	bhi.n	10002888 <_vsnprintf+0xe8>
10002834:	e8df f013 	tbh	[pc, r3, lsl #1]
10002838:	00280105 	.word	0x00280105
1000283c:	002800fe 	.word	0x002800fe
10002840:	002800f4 	.word	0x002800f4
10002844:	00280028 	.word	0x00280028
10002848:	00280028 	.word	0x00280028
1000284c:	00280028 	.word	0x00280028
10002850:	00280022 	.word	0x00280022
10002854:	00280028 	.word	0x00280028
10002858:	00280028 	.word	0x00280028
1000285c:	0022      	.short	0x0022
1000285e:	f042 0201 	orr.w	r2, r2, #1
10002862:	e7c2      	b.n	100027ea <_vsnprintf+0x4a>
10002864:	f042 0202 	orr.w	r2, r2, #2
10002868:	e7bf      	b.n	100027ea <_vsnprintf+0x4a>
1000286a:	f042 0204 	orr.w	r2, r2, #4
1000286e:	e7bc      	b.n	100027ea <_vsnprintf+0x4a>
10002870:	f042 0210 	orr.w	r2, r2, #16
10002874:	e7b9      	b.n	100027ea <_vsnprintf+0x4a>
10002876:	f042 0208 	orr.w	r2, r2, #8
1000287a:	e7b6      	b.n	100027ea <_vsnprintf+0x4a>
1000287c:	9b09      	ldr	r3, [sp, #36]	@ 0x24
1000287e:	f442 7280 	orr.w	r2, r2, #256	@ 0x100
10002882:	7858      	ldrb	r0, [r3, #1]
10002884:	3301      	adds	r3, #1
10002886:	9309      	str	r3, [sp, #36]	@ 0x24
10002888:	2867      	cmp	r0, #103	@ 0x67
1000288a:	d84a      	bhi.n	10002922 <_vsnprintf+0x182>
1000288c:	2824      	cmp	r0, #36	@ 0x24
1000288e:	d95a      	bls.n	10002946 <_vsnprintf+0x1a6>
10002890:	f1a0 0325 	sub.w	r3, r0, #37	@ 0x25
10002894:	2b42      	cmp	r3, #66	@ 0x42
10002896:	d856      	bhi.n	10002946 <_vsnprintf+0x1a6>
10002898:	e8df f013 	tbh	[pc, r3, lsl #1]
1000289c:	005500f6 	.word	0x005500f6
100028a0:	00550055 	.word	0x00550055
100028a4:	00550055 	.word	0x00550055
100028a8:	00550055 	.word	0x00550055
100028ac:	00550055 	.word	0x00550055
100028b0:	00550055 	.word	0x00550055
100028b4:	00550055 	.word	0x00550055
100028b8:	00550055 	.word	0x00550055
100028bc:	00550055 	.word	0x00550055
100028c0:	00550055 	.word	0x00550055
100028c4:	00550055 	.word	0x00550055
100028c8:	00550055 	.word	0x00550055
100028cc:	00550055 	.word	0x00550055
100028d0:	00550055 	.word	0x00550055
100028d4:	00550055 	.word	0x00550055
100028d8:	00550055 	.word	0x00550055
100028dc:	00dd009e 	.word	0x00dd009e
100028e0:	0055009e 	.word	0x0055009e
100028e4:	00550055 	.word	0x00550055
100028e8:	00550055 	.word	0x00550055
100028ec:	00550055 	.word	0x00550055
100028f0:	00550055 	.word	0x00550055
100028f4:	00550055 	.word	0x00550055
100028f8:	00550055 	.word	0x00550055
100028fc:	00550055 	.word	0x00550055
10002900:	01960055 	.word	0x01960055
10002904:	00550055 	.word	0x00550055
10002908:	00550055 	.word	0x00550055
1000290c:	00550055 	.word	0x00550055
10002910:	00550055 	.word	0x00550055
10002914:	01960055 	.word	0x01960055
10002918:	019600ff 	.word	0x019600ff
1000291c:	00dd009e 	.word	0x00dd009e
10002920:	009e      	.short	0x009e
10002922:	f1a0 0169 	sub.w	r1, r0, #105	@ 0x69
10002926:	b2c9      	uxtb	r1, r1
10002928:	290f      	cmp	r1, #15
1000292a:	d80c      	bhi.n	10002946 <_vsnprintf+0x1a6>
1000292c:	2301      	movs	r3, #1
1000292e:	f249 0441 	movw	r4, #36929	@ 0x9041
10002932:	408b      	lsls	r3, r1
10002934:	4023      	ands	r3, r4
10002936:	f040 81dc 	bne.w	10002cf2 <_vsnprintf+0x552>
1000293a:	290a      	cmp	r1, #10
1000293c:	f000 80e8 	beq.w	10002b10 <_vsnprintf+0x370>
10002940:	2907      	cmp	r1, #7
10002942:	f000 80c5 	beq.w	10002ad0 <_vsnprintf+0x330>
10002946:	9c09      	ldr	r4, [sp, #36]	@ 0x24
10002948:	462a      	mov	r2, r5
1000294a:	464b      	mov	r3, r9
1000294c:	4651      	mov	r1, sl
1000294e:	3401      	adds	r4, #1
10002950:	47d8      	blx	fp
10002952:	7820      	ldrb	r0, [r4, #0]
10002954:	3501      	adds	r5, #1
10002956:	2800      	cmp	r0, #0
10002958:	f47f af43 	bne.w	100027e2 <_vsnprintf+0x42>
1000295c:	462c      	mov	r4, r5
1000295e:	462a      	mov	r2, r5
10002960:	4591      	cmp	r9, r2
10002962:	d802      	bhi.n	1000296a <_vsnprintf+0x1ca>
10002964:	f109 33ff 	add.w	r3, r9, #4294967295	@ 0xffffffff
10002968:	461a      	mov	r2, r3
1000296a:	464b      	mov	r3, r9
1000296c:	4651      	mov	r1, sl
1000296e:	2000      	movs	r0, #0
10002970:	47d8      	blx	fp
10002972:	4620      	mov	r0, r4
10002974:	b01b      	add	sp, #108	@ 0x6c
10002976:	e8bd 8ff0 	ldmia.w	sp!, {r4, r5, r6, r7, r8, r9, sl, fp, pc}
1000297a:	4623      	mov	r3, r4
1000297c:	2600      	movs	r6, #0
1000297e:	eb06 0686 	add.w	r6, r6, r6, lsl #2
10002982:	eb00 0646 	add.w	r6, r0, r6, lsl #1
10002986:	f813 0f01 	ldrb.w	r0, [r3, #1]!
1000298a:	3e30      	subs	r6, #48	@ 0x30
1000298c:	f1a0 0130 	sub.w	r1, r0, #48	@ 0x30
10002990:	2909      	cmp	r1, #9
10002992:	d9f4      	bls.n	1000297e <_vsnprintf+0x1de>
10002994:	9309      	str	r3, [sp, #36]	@ 0x24
10002996:	282e      	cmp	r0, #46	@ 0x2e
10002998:	f47f af47 	bne.w	1000282a <_vsnprintf+0x8a>
1000299c:	9b09      	ldr	r3, [sp, #36]	@ 0x24
1000299e:	f442 6280 	orr.w	r2, r2, #1024	@ 0x400
100029a2:	7858      	ldrb	r0, [r3, #1]
100029a4:	1c59      	adds	r1, r3, #1
100029a6:	f1a0 0330 	sub.w	r3, r0, #48	@ 0x30
100029aa:	2b09      	cmp	r3, #9
100029ac:	f240 80f2 	bls.w	10002b94 <_vsnprintf+0x3f4>
100029b0:	282a      	cmp	r0, #42	@ 0x2a
100029b2:	f000 80fe 	beq.w	10002bb2 <_vsnprintf+0x412>
100029b6:	9109      	str	r1, [sp, #36]	@ 0x24
100029b8:	e737      	b.n	1000282a <_vsnprintf+0x8a>
100029ba:	4643      	mov	r3, r8
100029bc:	f853 6b04 	ldr.w	r6, [r3], #4
100029c0:	4698      	mov	r8, r3
100029c2:	9b09      	ldr	r3, [sp, #36]	@ 0x24
100029c4:	2e00      	cmp	r6, #0
100029c6:	7858      	ldrb	r0, [r3, #1]
100029c8:	f103 0301 	add.w	r3, r3, #1
100029cc:	bfbc      	itt	lt
100029ce:	f042 0202 	orrlt.w	r2, r2, #2
100029d2:	4276      	neglt	r6, r6
100029d4:	9309      	str	r3, [sp, #36]	@ 0x24
100029d6:	e7de      	b.n	10002996 <_vsnprintf+0x1f6>
100029d8:	2867      	cmp	r0, #103	@ 0x67
100029da:	f000 8175 	beq.w	10002cc8 <_vsnprintf+0x528>
100029de:	2847      	cmp	r0, #71	@ 0x47
100029e0:	f000 81ba 	beq.w	10002d58 <_vsnprintf+0x5b8>
100029e4:	2845      	cmp	r0, #69	@ 0x45
100029e6:	f000 81b9 	beq.w	10002d5c <_vsnprintf+0x5bc>
100029ea:	e9cd 6203 	strd	r6, r2, [sp, #12]
100029ee:	f108 0307 	add.w	r3, r8, #7
100029f2:	9702      	str	r7, [sp, #8]
100029f4:	f023 0807 	bic.w	r8, r3, #7
100029f8:	462a      	mov	r2, r5
100029fa:	e8f8 6702 	ldrd	r6, r7, [r8], #8
100029fe:	464b      	mov	r3, r9
10002a00:	4651      	mov	r1, sl
10002a02:	4658      	mov	r0, fp
10002a04:	e9cd 6700 	strd	r6, r7, [sp]
10002a08:	9c09      	ldr	r4, [sp, #36]	@ 0x24
10002a0a:	f7ff faa1 	bl	10001f50 <_etoa>
10002a0e:	3401      	adds	r4, #1
10002a10:	4605      	mov	r5, r0
10002a12:	e6e2      	b.n	100027da <_vsnprintf+0x3a>
10002a14:	100027a1 	.word	0x100027a1
10002a18:	2000098c 	.word	0x2000098c
10002a1c:	10001c0d 	.word	0x10001c0d
10002a20:	9b09      	ldr	r3, [sp, #36]	@ 0x24
10002a22:	7858      	ldrb	r0, [r3, #1]
10002a24:	286c      	cmp	r0, #108	@ 0x6c
10002a26:	f000 81b0 	beq.w	10002d8a <_vsnprintf+0x5ea>
10002a2a:	3301      	adds	r3, #1
10002a2c:	f442 7280 	orr.w	r2, r2, #256	@ 0x100
10002a30:	9309      	str	r3, [sp, #36]	@ 0x24
10002a32:	e729      	b.n	10002888 <_vsnprintf+0xe8>
10002a34:	9b09      	ldr	r3, [sp, #36]	@ 0x24
10002a36:	f442 7200 	orr.w	r2, r2, #512	@ 0x200
10002a3a:	7858      	ldrb	r0, [r3, #1]
10002a3c:	3301      	adds	r3, #1
10002a3e:	9309      	str	r3, [sp, #36]	@ 0x24
10002a40:	e722      	b.n	10002888 <_vsnprintf+0xe8>
10002a42:	9b09      	ldr	r3, [sp, #36]	@ 0x24
10002a44:	7858      	ldrb	r0, [r3, #1]
10002a46:	2868      	cmp	r0, #104	@ 0x68
10002a48:	f000 8199 	beq.w	10002d7e <_vsnprintf+0x5de>
10002a4c:	3301      	adds	r3, #1
10002a4e:	f042 0280 	orr.w	r2, r2, #128	@ 0x80
10002a52:	9309      	str	r3, [sp, #36]	@ 0x24
10002a54:	e718      	b.n	10002888 <_vsnprintf+0xe8>
10002a56:	2846      	cmp	r0, #70	@ 0x46
10002a58:	bf08      	it	eq
10002a5a:	f042 0220 	orreq.w	r2, r2, #32
10002a5e:	e9cd 6203 	strd	r6, r2, [sp, #12]
10002a62:	f108 0307 	add.w	r3, r8, #7
10002a66:	9702      	str	r7, [sp, #8]
10002a68:	f023 0807 	bic.w	r8, r3, #7
10002a6c:	462a      	mov	r2, r5
10002a6e:	e8f8 6702 	ldrd	r6, r7, [r8], #8
10002a72:	464b      	mov	r3, r9
10002a74:	4651      	mov	r1, sl
10002a76:	4658      	mov	r0, fp
10002a78:	e9cd 6700 	strd	r6, r7, [sp]
10002a7c:	9c09      	ldr	r4, [sp, #36]	@ 0x24
10002a7e:	f7ff fc93 	bl	100023a8 <_ftoa>
10002a82:	3401      	adds	r4, #1
10002a84:	4605      	mov	r5, r0
10002a86:	e6a8      	b.n	100027da <_vsnprintf+0x3a>
10002a88:	9c09      	ldr	r4, [sp, #36]	@ 0x24
10002a8a:	462a      	mov	r2, r5
10002a8c:	464b      	mov	r3, r9
10002a8e:	4651      	mov	r1, sl
10002a90:	2025      	movs	r0, #37	@ 0x25
10002a92:	3401      	adds	r4, #1
10002a94:	3501      	adds	r5, #1
10002a96:	47d8      	blx	fp
10002a98:	e69f      	b.n	100027da <_vsnprintf+0x3a>
10002a9a:	0794      	lsls	r4, r2, #30
10002a9c:	f140 817e 	bpl.w	10002d9c <_vsnprintf+0x5fc>
10002aa0:	f858 0b04 	ldr.w	r0, [r8], #4
10002aa4:	462a      	mov	r2, r5
10002aa6:	464b      	mov	r3, r9
10002aa8:	4651      	mov	r1, sl
10002aaa:	b2c0      	uxtb	r0, r0
10002aac:	47d8      	blx	fp
10002aae:	1c6f      	adds	r7, r5, #1
10002ab0:	2e01      	cmp	r6, #1
10002ab2:	bf98      	it	ls
10002ab4:	463d      	movls	r5, r7
10002ab6:	d908      	bls.n	10002aca <_vsnprintf+0x32a>
10002ab8:	4435      	add	r5, r6
10002aba:	463a      	mov	r2, r7
10002abc:	464b      	mov	r3, r9
10002abe:	4651      	mov	r1, sl
10002ac0:	2020      	movs	r0, #32
10002ac2:	3701      	adds	r7, #1
10002ac4:	47d8      	blx	fp
10002ac6:	42af      	cmp	r7, r5
10002ac8:	d1f7      	bne.n	10002aba <_vsnprintf+0x31a>
10002aca:	9c09      	ldr	r4, [sp, #36]	@ 0x24
10002acc:	3401      	adds	r4, #1
10002ace:	e684      	b.n	100027da <_vsnprintf+0x3a>
10002ad0:	4640      	mov	r0, r8
10002ad2:	f850 1b04 	ldr.w	r1, [r0], #4
10002ad6:	2900      	cmp	r1, #0
10002ad8:	f000 80d6 	beq.w	10002c88 <_vsnprintf+0x4e8>
10002adc:	f042 0621 	orr.w	r6, r2, #33	@ 0x21
10002ae0:	aa12      	add	r2, sp, #72	@ 0x48
10002ae2:	4694      	mov	ip, r2
10002ae4:	920a      	str	r2, [sp, #40]	@ 0x28
10002ae6:	e003      	b.n	10002af0 <_vsnprintf+0x350>
10002ae8:	2b20      	cmp	r3, #32
10002aea:	f000 80d7 	beq.w	10002c9c <_vsnprintf+0x4fc>
10002aee:	4611      	mov	r1, r2
10002af0:	f001 040f 	and.w	r4, r1, #15
10002af4:	4622      	mov	r2, r4
10002af6:	2c09      	cmp	r4, #9
10002af8:	bf94      	ite	ls
10002afa:	3230      	addls	r2, #48	@ 0x30
10002afc:	3237      	addhi	r2, #55	@ 0x37
10002afe:	290f      	cmp	r1, #15
10002b00:	f80c 2b01 	strb.w	r2, [ip], #1
10002b04:	f103 0301 	add.w	r3, r3, #1
10002b08:	ea4f 1211 	mov.w	r2, r1, lsr #4
10002b0c:	d8ec      	bhi.n	10002ae8 <_vsnprintf+0x348>
10002b0e:	e0c5      	b.n	10002c9c <_vsnprintf+0x4fc>
10002b10:	46c4      	mov	ip, r8
10002b12:	f85c 1b04 	ldr.w	r1, [ip], #4
10002b16:	7808      	ldrb	r0, [r1, #0]
10002b18:	2f00      	cmp	r7, #0
10002b1a:	f040 80af 	bne.w	10002c7c <_vsnprintf+0x4dc>
10002b1e:	f06f 0801 	mvn.w	r8, #1
10002b22:	b158      	cbz	r0, 10002b3c <_vsnprintf+0x39c>
10002b24:	f108 0801 	add.w	r8, r8, #1
10002b28:	460b      	mov	r3, r1
10002b2a:	4488      	add	r8, r1
10002b2c:	e001      	b.n	10002b32 <_vsnprintf+0x392>
10002b2e:	4543      	cmp	r3, r8
10002b30:	d003      	beq.n	10002b3a <_vsnprintf+0x39a>
10002b32:	f813 4f01 	ldrb.w	r4, [r3, #1]!
10002b36:	2c00      	cmp	r4, #0
10002b38:	d1f9      	bne.n	10002b2e <_vsnprintf+0x38e>
10002b3a:	1a5b      	subs	r3, r3, r1
10002b3c:	f412 6e80 	ands.w	lr, r2, #1024	@ 0x400
10002b40:	d002      	beq.n	10002b48 <_vsnprintf+0x3a8>
10002b42:	42bb      	cmp	r3, r7
10002b44:	bf28      	it	cs
10002b46:	463b      	movcs	r3, r7
10002b48:	f012 0202 	ands.w	r2, r2, #2
10002b4c:	920a      	str	r2, [sp, #40]	@ 0x28
10002b4e:	f000 813e 	beq.w	10002dce <_vsnprintf+0x62e>
10002b52:	2800      	cmp	r0, #0
10002b54:	f000 80bb 	beq.w	10002cce <_vsnprintf+0x52e>
10002b58:	4688      	mov	r8, r1
10002b5a:	f1be 0f00 	cmp.w	lr, #0
10002b5e:	f000 8100 	beq.w	10002d62 <_vsnprintf+0x5c2>
10002b62:	462a      	mov	r2, r5
10002b64:	4664      	mov	r4, ip
10002b66:	442f      	add	r7, r5
10002b68:	930b      	str	r3, [sp, #44]	@ 0x2c
10002b6a:	e007      	b.n	10002b7c <_vsnprintf+0x3dc>
10002b6c:	464b      	mov	r3, r9
10002b6e:	4651      	mov	r1, sl
10002b70:	47d8      	blx	fp
10002b72:	f818 0f01 	ldrb.w	r0, [r8, #1]!
10002b76:	3501      	adds	r5, #1
10002b78:	b110      	cbz	r0, 10002b80 <_vsnprintf+0x3e0>
10002b7a:	462a      	mov	r2, r5
10002b7c:	42af      	cmp	r7, r5
10002b7e:	d1f5      	bne.n	10002b6c <_vsnprintf+0x3cc>
10002b80:	46a4      	mov	ip, r4
10002b82:	9b0b      	ldr	r3, [sp, #44]	@ 0x2c
10002b84:	9a0a      	ldr	r2, [sp, #40]	@ 0x28
10002b86:	2a00      	cmp	r2, #0
10002b88:	f040 80a1 	bne.w	10002cce <_vsnprintf+0x52e>
10002b8c:	46e0      	mov	r8, ip
10002b8e:	9c09      	ldr	r4, [sp, #36]	@ 0x24
10002b90:	3401      	adds	r4, #1
10002b92:	e622      	b.n	100027da <_vsnprintf+0x3a>
10002b94:	2700      	movs	r7, #0
10002b96:	eb07 0787 	add.w	r7, r7, r7, lsl #2
10002b9a:	eb00 0047 	add.w	r0, r0, r7, lsl #1
10002b9e:	f1a0 0730 	sub.w	r7, r0, #48	@ 0x30
10002ba2:	f811 0f01 	ldrb.w	r0, [r1, #1]!
10002ba6:	f1a0 0330 	sub.w	r3, r0, #48	@ 0x30
10002baa:	2b09      	cmp	r3, #9
10002bac:	d9f3      	bls.n	10002b96 <_vsnprintf+0x3f6>
10002bae:	9109      	str	r1, [sp, #36]	@ 0x24
10002bb0:	e63c      	b.n	1000282c <_vsnprintf+0x8c>
10002bb2:	4643      	mov	r3, r8
10002bb4:	9909      	ldr	r1, [sp, #36]	@ 0x24
10002bb6:	f853 7b04 	ldr.w	r7, [r3], #4
10002bba:	7888      	ldrb	r0, [r1, #2]
10002bbc:	3102      	adds	r1, #2
10002bbe:	4698      	mov	r8, r3
10002bc0:	9109      	str	r1, [sp, #36]	@ 0x24
10002bc2:	ea27 77e7 	bic.w	r7, r7, r7, asr #31
10002bc6:	e631      	b.n	1000282c <_vsnprintf+0x8c>
10002bc8:	2862      	cmp	r0, #98	@ 0x62
10002bca:	f000 8187 	beq.w	10002edc <_vsnprintf+0x73c>
10002bce:	2858      	cmp	r0, #88	@ 0x58
10002bd0:	f000 818d 	beq.w	10002eee <_vsnprintf+0x74e>
10002bd4:	f412 6380 	ands.w	r3, r2, #1024	@ 0x400
10002bd8:	f000 8173 	beq.w	10002ec2 <_vsnprintf+0x722>
10002bdc:	f022 0e11 	bic.w	lr, r2, #17
10002be0:	f41e 7c00 	ands.w	ip, lr, #512	@ 0x200
10002be4:	f040 810f 	bne.w	10002e06 <_vsnprintf+0x666>
10002be8:	f41e 7080 	ands.w	r0, lr, #256	@ 0x100
10002bec:	f040 81d7 	bne.w	10002f9e <_vsnprintf+0x7fe>
10002bf0:	f01e 0f40 	tst.w	lr, #64	@ 0x40
10002bf4:	4642      	mov	r2, r8
10002bf6:	f040 815e 	bne.w	10002eb6 <_vsnprintf+0x716>
10002bfa:	f01e 0f80 	tst.w	lr, #128	@ 0x80
10002bfe:	f000 8289 	beq.w	10003114 <_vsnprintf+0x974>
10002c02:	f932 1b04 	ldrsh.w	r1, [r2], #4
10002c06:	4690      	mov	r8, r2
10002c08:	ea81 7ce1 	eor.w	ip, r1, r1, asr #31
10002c0c:	ebac 7ce1 	sub.w	ip, ip, r1, asr #31
10002c10:	fa1f fc8c 	uxth.w	ip, ip
10002c14:	0fca      	lsrs	r2, r1, #31
10002c16:	2900      	cmp	r1, #0
10002c18:	f000 81f4 	beq.w	10003004 <_vsnprintf+0x864>
10002c1c:	4663      	mov	r3, ip
10002c1e:	a912      	add	r1, sp, #72	@ 0x48
10002c20:	468c      	mov	ip, r1
10002c22:	e9cd 280b 	strd	r2, r8, [sp, #44]	@ 0x2c
10002c26:	4cb7      	ldr	r4, [pc, #732]	@ (10002f04 <_vsnprintf+0x764>)
10002c28:	910a      	str	r1, [sp, #40]	@ 0x28
10002c2a:	e001      	b.n	10002c30 <_vsnprintf+0x490>
10002c2c:	2820      	cmp	r0, #32
10002c2e:	d010      	beq.n	10002c52 <_vsnprintf+0x4b2>
10002c30:	4698      	mov	r8, r3
10002c32:	fba4 1203 	umull	r1, r2, r4, r3
10002c36:	08d2      	lsrs	r2, r2, #3
10002c38:	eb02 0182 	add.w	r1, r2, r2, lsl #2
10002c3c:	eba3 0141 	sub.w	r1, r3, r1, lsl #1
10002c40:	3130      	adds	r1, #48	@ 0x30
10002c42:	f1b8 0f09 	cmp.w	r8, #9
10002c46:	4613      	mov	r3, r2
10002c48:	f100 0001 	add.w	r0, r0, #1
10002c4c:	f80c 1b01 	strb.w	r1, [ip], #1
10002c50:	d8ec      	bhi.n	10002c2c <_vsnprintf+0x48c>
10002c52:	e9dd 280b 	ldrd	r2, r8, [sp, #44]	@ 0x2c
10002c56:	e9cd 6e05 	strd	r6, lr, [sp, #20]
10002c5a:	e9cd 0201 	strd	r0, r2, [sp, #4]
10002c5e:	9704      	str	r7, [sp, #16]
10002c60:	9b0a      	ldr	r3, [sp, #40]	@ 0x28
10002c62:	462a      	mov	r2, r5
10002c64:	9300      	str	r3, [sp, #0]
10002c66:	230a      	movs	r3, #10
10002c68:	9303      	str	r3, [sp, #12]
10002c6a:	464b      	mov	r3, r9
10002c6c:	4651      	mov	r1, sl
10002c6e:	4658      	mov	r0, fp
10002c70:	f7ff f81a 	bl	10001ca8 <_ntoa_format>
10002c74:	9c09      	ldr	r4, [sp, #36]	@ 0x24
10002c76:	4605      	mov	r5, r0
10002c78:	3401      	adds	r4, #1
10002c7a:	e5ae      	b.n	100027da <_vsnprintf+0x3a>
10002c7c:	2800      	cmp	r0, #0
10002c7e:	f43f af5d 	beq.w	10002b3c <_vsnprintf+0x39c>
10002c82:	f107 38ff 	add.w	r8, r7, #4294967295	@ 0xffffffff
10002c86:	e74d      	b.n	10002b24 <_vsnprintf+0x384>
10002c88:	f022 0610 	bic.w	r6, r2, #16
10002c8c:	f412 6180 	ands.w	r1, r2, #1024	@ 0x400
10002c90:	f046 0621 	orr.w	r6, r6, #33	@ 0x21
10002c94:	f43f af24 	beq.w	10002ae0 <_vsnprintf+0x340>
10002c98:	aa12      	add	r2, sp, #72	@ 0x48
10002c9a:	920a      	str	r2, [sp, #40]	@ 0x28
10002c9c:	9301      	str	r3, [sp, #4]
10002c9e:	9b0a      	ldr	r3, [sp, #40]	@ 0x28
10002ca0:	4680      	mov	r8, r0
10002ca2:	9300      	str	r3, [sp, #0]
10002ca4:	2308      	movs	r3, #8
10002ca6:	2010      	movs	r0, #16
10002ca8:	9305      	str	r3, [sp, #20]
10002caa:	2300      	movs	r3, #0
10002cac:	462a      	mov	r2, r5
10002cae:	e9cd 3002 	strd	r3, r0, [sp, #8]
10002cb2:	4651      	mov	r1, sl
10002cb4:	464b      	mov	r3, r9
10002cb6:	4658      	mov	r0, fp
10002cb8:	9606      	str	r6, [sp, #24]
10002cba:	9704      	str	r7, [sp, #16]
10002cbc:	9c09      	ldr	r4, [sp, #36]	@ 0x24
10002cbe:	f7fe fff3 	bl	10001ca8 <_ntoa_format>
10002cc2:	3401      	adds	r4, #1
10002cc4:	4605      	mov	r5, r0
10002cc6:	e588      	b.n	100027da <_vsnprintf+0x3a>
10002cc8:	f442 6200 	orr.w	r2, r2, #2048	@ 0x800
10002ccc:	e68d      	b.n	100029ea <_vsnprintf+0x24a>
10002cce:	429e      	cmp	r6, r3
10002cd0:	462f      	mov	r7, r5
10002cd2:	f67f af5b 	bls.w	10002b8c <_vsnprintf+0x3ec>
10002cd6:	4664      	mov	r4, ip
10002cd8:	4435      	add	r5, r6
10002cda:	1aed      	subs	r5, r5, r3
10002cdc:	463a      	mov	r2, r7
10002cde:	464b      	mov	r3, r9
10002ce0:	4651      	mov	r1, sl
10002ce2:	2020      	movs	r0, #32
10002ce4:	3701      	adds	r7, #1
10002ce6:	47d8      	blx	fp
10002ce8:	42af      	cmp	r7, r5
10002cea:	d1f7      	bne.n	10002cdc <_vsnprintf+0x53c>
10002cec:	46a4      	mov	ip, r4
10002cee:	46e0      	mov	r8, ip
10002cf0:	e74d      	b.n	10002b8e <_vsnprintf+0x3ee>
10002cf2:	2878      	cmp	r0, #120	@ 0x78
10002cf4:	f040 8121 	bne.w	10002f3a <_vsnprintf+0x79a>
10002cf8:	f412 6380 	ands.w	r3, r2, #1024	@ 0x400
10002cfc:	f000 8221 	beq.w	10003142 <_vsnprintf+0x9a2>
10002d00:	f022 0c0d 	bic.w	ip, r2, #13
10002d04:	2210      	movs	r2, #16
10002d06:	920b      	str	r2, [sp, #44]	@ 0x2c
10002d08:	f41c 7000 	ands.w	r0, ip, #512	@ 0x200
10002d0c:	f040 80fc 	bne.w	10002f08 <_vsnprintf+0x768>
10002d10:	f41c 7180 	ands.w	r1, ip, #256	@ 0x100
10002d14:	f040 81b9 	bne.w	1000308a <_vsnprintf+0x8ea>
10002d18:	4640      	mov	r0, r8
10002d1a:	f850 2b04 	ldr.w	r2, [r0], #4
10002d1e:	f01c 0f40 	tst.w	ip, #64	@ 0x40
10002d22:	4680      	mov	r8, r0
10002d24:	f000 81ac 	beq.w	10003080 <_vsnprintf+0x8e0>
10002d28:	b2d2      	uxtb	r2, r2
10002d2a:	2a00      	cmp	r2, #0
10002d2c:	f040 8111 	bne.w	10002f52 <_vsnprintf+0x7b2>
10002d30:	f02c 0c10 	bic.w	ip, ip, #16
10002d34:	2b00      	cmp	r3, #0
10002d36:	f000 810c 	beq.w	10002f52 <_vsnprintf+0x7b2>
10002d3a:	4611      	mov	r1, r2
10002d3c:	ab12      	add	r3, sp, #72	@ 0x48
10002d3e:	930a      	str	r3, [sp, #40]	@ 0x28
10002d40:	9b0b      	ldr	r3, [sp, #44]	@ 0x2c
10002d42:	e9cd 6c05 	strd	r6, ip, [sp, #20]
10002d46:	9704      	str	r7, [sp, #16]
10002d48:	9303      	str	r3, [sp, #12]
10002d4a:	9101      	str	r1, [sp, #4]
10002d4c:	462a      	mov	r2, r5
10002d4e:	9b0a      	ldr	r3, [sp, #40]	@ 0x28
10002d50:	9300      	str	r3, [sp, #0]
10002d52:	2300      	movs	r3, #0
10002d54:	9302      	str	r3, [sp, #8]
10002d56:	e788      	b.n	10002c6a <_vsnprintf+0x4ca>
10002d58:	f442 6200 	orr.w	r2, r2, #2048	@ 0x800
10002d5c:	f042 0220 	orr.w	r2, r2, #32
10002d60:	e643      	b.n	100029ea <_vsnprintf+0x24a>
10002d62:	461c      	mov	r4, r3
10002d64:	4667      	mov	r7, ip
10002d66:	462a      	mov	r2, r5
10002d68:	464b      	mov	r3, r9
10002d6a:	4651      	mov	r1, sl
10002d6c:	47d8      	blx	fp
10002d6e:	f818 0f01 	ldrb.w	r0, [r8, #1]!
10002d72:	3501      	adds	r5, #1
10002d74:	2800      	cmp	r0, #0
10002d76:	d1f6      	bne.n	10002d66 <_vsnprintf+0x5c6>
10002d78:	4623      	mov	r3, r4
10002d7a:	46bc      	mov	ip, r7
10002d7c:	e702      	b.n	10002b84 <_vsnprintf+0x3e4>
10002d7e:	7898      	ldrb	r0, [r3, #2]
10002d80:	3302      	adds	r3, #2
10002d82:	f042 02c0 	orr.w	r2, r2, #192	@ 0xc0
10002d86:	9309      	str	r3, [sp, #36]	@ 0x24
10002d88:	e57e      	b.n	10002888 <_vsnprintf+0xe8>
10002d8a:	7898      	ldrb	r0, [r3, #2]
10002d8c:	3302      	adds	r3, #2
10002d8e:	f442 7240 	orr.w	r2, r2, #768	@ 0x300
10002d92:	9309      	str	r3, [sp, #36]	@ 0x24
10002d94:	e578      	b.n	10002888 <_vsnprintf+0xe8>
10002d96:	4604      	mov	r4, r0
10002d98:	4602      	mov	r2, r0
10002d9a:	e5e1      	b.n	10002960 <_vsnprintf+0x1c0>
10002d9c:	2e01      	cmp	r6, #1
10002d9e:	f240 81c6 	bls.w	1000312e <_vsnprintf+0x98e>
10002da2:	462f      	mov	r7, r5
10002da4:	1e6b      	subs	r3, r5, #1
10002da6:	199c      	adds	r4, r3, r6
10002da8:	463a      	mov	r2, r7
10002daa:	464b      	mov	r3, r9
10002dac:	4651      	mov	r1, sl
10002dae:	2020      	movs	r0, #32
10002db0:	3701      	adds	r7, #1
10002db2:	47d8      	blx	fp
10002db4:	42a7      	cmp	r7, r4
10002db6:	d1f7      	bne.n	10002da8 <_vsnprintf+0x608>
10002db8:	463a      	mov	r2, r7
10002dba:	4435      	add	r5, r6
10002dbc:	f858 0b04 	ldr.w	r0, [r8], #4
10002dc0:	464b      	mov	r3, r9
10002dc2:	4651      	mov	r1, sl
10002dc4:	b2c0      	uxtb	r0, r0
10002dc6:	47d8      	blx	fp
10002dc8:	9c09      	ldr	r4, [sp, #36]	@ 0x24
10002dca:	3401      	adds	r4, #1
10002dcc:	e505      	b.n	100027da <_vsnprintf+0x3a>
10002dce:	429e      	cmp	r6, r3
10002dd0:	f240 81b0 	bls.w	10003134 <_vsnprintf+0x994>
10002dd4:	4664      	mov	r4, ip
10002dd6:	e9cd e10b 	strd	lr, r1, [sp, #44]	@ 0x2c
10002dda:	eb06 0805 	add.w	r8, r6, r5
10002dde:	eba8 0803 	sub.w	r8, r8, r3
10002de2:	462a      	mov	r2, r5
10002de4:	464b      	mov	r3, r9
10002de6:	4651      	mov	r1, sl
10002de8:	2020      	movs	r0, #32
10002dea:	3501      	adds	r5, #1
10002dec:	47d8      	blx	fp
10002dee:	4545      	cmp	r5, r8
10002df0:	d1f7      	bne.n	10002de2 <_vsnprintf+0x642>
10002df2:	e9dd e10b 	ldrd	lr, r1, [sp, #44]	@ 0x2c
10002df6:	7808      	ldrb	r0, [r1, #0]
10002df8:	46a4      	mov	ip, r4
10002dfa:	1c73      	adds	r3, r6, #1
10002dfc:	2800      	cmp	r0, #0
10002dfe:	f47f aeab 	bne.w	10002b58 <_vsnprintf+0x3b8>
10002e02:	46e0      	mov	r8, ip
10002e04:	e6c3      	b.n	10002b8e <_vsnprintf+0x3ee>
10002e06:	f108 0207 	add.w	r2, r8, #7
10002e0a:	f022 0207 	bic.w	r2, r2, #7
10002e0e:	4690      	mov	r8, r2
10002e10:	6852      	ldr	r2, [r2, #4]
10002e12:	f858 1b08 	ldr.w	r1, [r8], #8
10002e16:	0fd4      	lsrs	r4, r2, #31
10002e18:	ea51 0002 	orrs.w	r0, r1, r2
10002e1c:	d154      	bne.n	10002ec8 <_vsnprintf+0x728>
10002e1e:	2b00      	cmp	r3, #0
10002e20:	f040 8180 	bne.w	10003124 <_vsnprintf+0x984>
10002e24:	4619      	mov	r1, r3
10002e26:	aa12      	add	r2, sp, #72	@ 0x48
10002e28:	950f      	str	r5, [sp, #60]	@ 0x3c
10002e2a:	f04f 0c00 	mov.w	ip, #0
10002e2e:	4615      	mov	r5, r2
10002e30:	e9cd 480b 	strd	r4, r8, [sp, #44]	@ 0x2c
10002e34:	e9cd 670d 	strd	r6, r7, [sp, #52]	@ 0x34
10002e38:	4832      	ldr	r0, [pc, #200]	@ (10002f04 <_vsnprintf+0x764>)
10002e3a:	920a      	str	r2, [sp, #40]	@ 0x28
10002e3c:	e002      	b.n	10002e44 <_vsnprintf+0x6a4>
10002e3e:	f1bc 0f20 	cmp.w	ip, #32
10002e42:	d02d      	beq.n	10002ea0 <_vsnprintf+0x700>
10002e44:	185a      	adds	r2, r3, r1
10002e46:	f142 0200 	adc.w	r2, r2, #0
10002e4a:	fba0 7802 	umull	r7, r8, r0, r2
10002e4e:	f028 0703 	bic.w	r7, r8, #3
10002e52:	eb07 0798 	add.w	r7, r7, r8, lsr #2
10002e56:	1bd2      	subs	r2, r2, r7
10002e58:	461e      	mov	r6, r3
10002e5a:	1a9b      	subs	r3, r3, r2
10002e5c:	f161 0700 	sbc.w	r7, r1, #0
10002e60:	460c      	mov	r4, r1
10002e62:	f04f 31cc 	mov.w	r1, #3435973836	@ 0xcccccccc
10002e66:	fb01 f103 	mul.w	r1, r1, r3
10002e6a:	fb00 1107 	mla	r1, r0, r7, r1
10002e6e:	fba3 7300 	umull	r7, r3, r3, r0
10002e72:	4419      	add	r1, r3
10002e74:	2305      	movs	r3, #5
10002e76:	f007 0801 	and.w	r8, r7, #1
10002e7a:	fba8 3803 	umull	r3, r8, r8, r3
10002e7e:	189b      	adds	r3, r3, r2
10002e80:	2e0a      	cmp	r6, #10
10002e82:	f103 0330 	add.w	r3, r3, #48	@ 0x30
10002e86:	ea4f 0757 	mov.w	r7, r7, lsr #1
10002e8a:	f174 0400 	sbcs.w	r4, r4, #0
10002e8e:	f805 3b01 	strb.w	r3, [r5], #1
10002e92:	f10c 0c01 	add.w	ip, ip, #1
10002e96:	ea47 73c1 	orr.w	r3, r7, r1, lsl #31
10002e9a:	ea4f 0151 	mov.w	r1, r1, lsr #1
10002e9e:	d2ce      	bcs.n	10002e3e <_vsnprintf+0x69e>
10002ea0:	9d0f      	ldr	r5, [sp, #60]	@ 0x3c
10002ea2:	e9dd 480b 	ldrd	r4, r8, [sp, #44]	@ 0x2c
10002ea6:	e9dd 670d 	ldrd	r6, r7, [sp, #52]	@ 0x34
10002eaa:	e9cd 6e05 	strd	r6, lr, [sp, #20]
10002eae:	e9cd c401 	strd	ip, r4, [sp, #4]
10002eb2:	9704      	str	r7, [sp, #16]
10002eb4:	e6d4      	b.n	10002c60 <_vsnprintf+0x4c0>
10002eb6:	f852 1b04 	ldr.w	r1, [r2], #4
10002eba:	b2c9      	uxtb	r1, r1
10002ebc:	4690      	mov	r8, r2
10002ebe:	468c      	mov	ip, r1
10002ec0:	e6a8      	b.n	10002c14 <_vsnprintf+0x474>
10002ec2:	f022 0e10 	bic.w	lr, r2, #16
10002ec6:	e68b      	b.n	10002be0 <_vsnprintf+0x440>
10002ec8:	2a00      	cmp	r2, #0
10002eca:	460b      	mov	r3, r1
10002ecc:	db01      	blt.n	10002ed2 <_vsnprintf+0x732>
10002ece:	4611      	mov	r1, r2
10002ed0:	e7a9      	b.n	10002e26 <_vsnprintf+0x686>
10002ed2:	424b      	negs	r3, r1
10002ed4:	eb62 0242 	sbc.w	r2, r2, r2, lsl #1
10002ed8:	4611      	mov	r1, r2
10002eda:	e7a4      	b.n	10002e26 <_vsnprintf+0x686>
10002edc:	f412 6380 	ands.w	r3, r2, #1024	@ 0x400
10002ee0:	f000 80e7 	beq.w	100030b2 <_vsnprintf+0x912>
10002ee4:	f022 0c0d 	bic.w	ip, r2, #13
10002ee8:	2202      	movs	r2, #2
10002eea:	920b      	str	r2, [sp, #44]	@ 0x2c
10002eec:	e70c      	b.n	10002d08 <_vsnprintf+0x568>
10002eee:	f412 6380 	ands.w	r3, r2, #1024	@ 0x400
10002ef2:	f000 8124 	beq.w	1000313e <_vsnprintf+0x99e>
10002ef6:	f022 020d 	bic.w	r2, r2, #13
10002efa:	f042 0c20 	orr.w	ip, r2, #32
10002efe:	2210      	movs	r2, #16
10002f00:	920b      	str	r2, [sp, #44]	@ 0x2c
10002f02:	e701      	b.n	10002d08 <_vsnprintf+0x568>
10002f04:	cccccccd 	.word	0xcccccccd
10002f08:	f108 0207 	add.w	r2, r8, #7
10002f0c:	f022 0207 	bic.w	r2, r2, #7
10002f10:	4690      	mov	r8, r2
10002f12:	6852      	ldr	r2, [r2, #4]
10002f14:	f858 1b08 	ldr.w	r1, [r8], #8
10002f18:	4610      	mov	r0, r2
10002f1a:	430a      	orrs	r2, r1
10002f1c:	d178      	bne.n	10003010 <_vsnprintf+0x870>
10002f1e:	f02c 0c10 	bic.w	ip, ip, #16
10002f22:	2b00      	cmp	r3, #0
10002f24:	d074      	beq.n	10003010 <_vsnprintf+0x870>
10002f26:	2400      	movs	r4, #0
10002f28:	ab12      	add	r3, sp, #72	@ 0x48
10002f2a:	930a      	str	r3, [sp, #40]	@ 0x28
10002f2c:	9b0b      	ldr	r3, [sp, #44]	@ 0x2c
10002f2e:	e9cd 6c05 	strd	r6, ip, [sp, #20]
10002f32:	9704      	str	r7, [sp, #16]
10002f34:	9303      	str	r3, [sp, #12]
10002f36:	9401      	str	r4, [sp, #4]
10002f38:	e708      	b.n	10002d4c <_vsnprintf+0x5ac>
10002f3a:	286f      	cmp	r0, #111	@ 0x6f
10002f3c:	f040 810d 	bne.w	1000315a <_vsnprintf+0x9ba>
10002f40:	f412 6380 	ands.w	r3, r2, #1024	@ 0x400
10002f44:	f022 0c0c 	bic.w	ip, r2, #12
10002f48:	f040 8101 	bne.w	1000314e <_vsnprintf+0x9ae>
10002f4c:	2208      	movs	r2, #8
10002f4e:	920b      	str	r2, [sp, #44]	@ 0x2c
10002f50:	e6da      	b.n	10002d08 <_vsnprintf+0x568>
10002f52:	f01c 0f20 	tst.w	ip, #32
10002f56:	bf14      	ite	ne
10002f58:	2341      	movne	r3, #65	@ 0x41
10002f5a:	2361      	moveq	r3, #97	@ 0x61
10002f5c:	a812      	add	r0, sp, #72	@ 0x48
10002f5e:	4686      	mov	lr, r0
10002f60:	900a      	str	r0, [sp, #40]	@ 0x28
10002f62:	e9cd 860c 	strd	r8, r6, [sp, #48]	@ 0x30
10002f66:	980b      	ldr	r0, [sp, #44]	@ 0x2c
10002f68:	f1a3 040a 	sub.w	r4, r3, #10
10002f6c:	e002      	b.n	10002f74 <_vsnprintf+0x7d4>
10002f6e:	2920      	cmp	r1, #32
10002f70:	d012      	beq.n	10002f98 <_vsnprintf+0x7f8>
10002f72:	4642      	mov	r2, r8
10002f74:	fbb2 f8f0 	udiv	r8, r2, r0
10002f78:	fb00 2618 	mls	r6, r0, r8, r2
10002f7c:	b2f3      	uxtb	r3, r6
10002f7e:	2e09      	cmp	r6, #9
10002f80:	f103 0630 	add.w	r6, r3, #48	@ 0x30
10002f84:	bf8a      	itet	hi
10002f86:	191b      	addhi	r3, r3, r4
10002f88:	b2f3      	uxtbls	r3, r6
10002f8a:	b2db      	uxtbhi	r3, r3
10002f8c:	4282      	cmp	r2, r0
10002f8e:	f80e 3b01 	strb.w	r3, [lr], #1
10002f92:	f101 0101 	add.w	r1, r1, #1
10002f96:	d2ea      	bcs.n	10002f6e <_vsnprintf+0x7ce>
10002f98:	e9dd 860c 	ldrd	r8, r6, [sp, #48]	@ 0x30
10002f9c:	e6d0      	b.n	10002d40 <_vsnprintf+0x5a0>
10002f9e:	4641      	mov	r1, r8
10002fa0:	f851 0b04 	ldr.w	r0, [r1], #4
10002fa4:	0fc2      	lsrs	r2, r0, #31
10002fa6:	2800      	cmp	r0, #0
10002fa8:	f000 80ae 	beq.w	10003108 <_vsnprintf+0x968>
10002fac:	ea80 73e0 	eor.w	r3, r0, r0, asr #31
10002fb0:	eba3 73e0 	sub.w	r3, r3, r0, asr #31
10002fb4:	a812      	add	r0, sp, #72	@ 0x48
10002fb6:	e9cd 260b 	strd	r2, r6, [sp, #44]	@ 0x2c
10002fba:	f8df 81c4 	ldr.w	r8, [pc, #452]	@ 10003180 <_vsnprintf+0x9e0>
10002fbe:	900a      	str	r0, [sp, #40]	@ 0x28
10002fc0:	e002      	b.n	10002fc8 <_vsnprintf+0x828>
10002fc2:	f1bc 0f20 	cmp.w	ip, #32
10002fc6:	d00f      	beq.n	10002fe8 <_vsnprintf+0x848>
10002fc8:	461e      	mov	r6, r3
10002fca:	fba8 4203 	umull	r4, r2, r8, r3
10002fce:	08d2      	lsrs	r2, r2, #3
10002fd0:	eb02 0482 	add.w	r4, r2, r2, lsl #2
10002fd4:	eba3 0444 	sub.w	r4, r3, r4, lsl #1
10002fd8:	3430      	adds	r4, #48	@ 0x30
10002fda:	2e09      	cmp	r6, #9
10002fdc:	4613      	mov	r3, r2
10002fde:	f10c 0c01 	add.w	ip, ip, #1
10002fe2:	f800 4b01 	strb.w	r4, [r0], #1
10002fe6:	d8ec      	bhi.n	10002fc2 <_vsnprintf+0x822>
10002fe8:	e9dd 260b 	ldrd	r2, r6, [sp, #44]	@ 0x2c
10002fec:	9b0a      	ldr	r3, [sp, #40]	@ 0x28
10002fee:	e9cd c201 	strd	ip, r2, [sp, #4]
10002ff2:	9300      	str	r3, [sp, #0]
10002ff4:	230a      	movs	r3, #10
10002ff6:	462a      	mov	r2, r5
10002ff8:	4688      	mov	r8, r1
10002ffa:	e9cd 6e05 	strd	r6, lr, [sp, #20]
10002ffe:	9704      	str	r7, [sp, #16]
10003000:	9303      	str	r3, [sp, #12]
10003002:	e632      	b.n	10002c6a <_vsnprintf+0x4ca>
10003004:	2b00      	cmp	r3, #0
10003006:	f43f ae0a 	beq.w	10002c1e <_vsnprintf+0x47e>
1000300a:	ab12      	add	r3, sp, #72	@ 0x48
1000300c:	930a      	str	r3, [sp, #40]	@ 0x28
1000300e:	e622      	b.n	10002c56 <_vsnprintf+0x4b6>
10003010:	f01c 0f20 	tst.w	ip, #32
10003014:	bf14      	ite	ne
10003016:	2341      	movne	r3, #65	@ 0x41
10003018:	2361      	moveq	r3, #97	@ 0x61
1000301a:	aa12      	add	r2, sp, #72	@ 0x48
1000301c:	3b0a      	subs	r3, #10
1000301e:	e9cd 860c 	strd	r8, r6, [sp, #48]	@ 0x30
10003022:	e9cd 750e 	strd	r7, r5, [sp, #56]	@ 0x38
10003026:	f8cd b044 	str.w	fp, [sp, #68]	@ 0x44
1000302a:	2400      	movs	r4, #0
1000302c:	4690      	mov	r8, r2
1000302e:	460e      	mov	r6, r1
10003030:	4605      	mov	r5, r0
10003032:	469b      	mov	fp, r3
10003034:	9f0b      	ldr	r7, [sp, #44]	@ 0x2c
10003036:	920a      	str	r2, [sp, #40]	@ 0x28
10003038:	f8cd c040 	str.w	ip, [sp, #64]	@ 0x40
1000303c:	e003      	b.n	10003046 <_vsnprintf+0x8a6>
1000303e:	2c20      	cmp	r4, #32
10003040:	d017      	beq.n	10003072 <_vsnprintf+0x8d2>
10003042:	4606      	mov	r6, r0
10003044:	460d      	mov	r5, r1
10003046:	4629      	mov	r1, r5
10003048:	4630      	mov	r0, r6
1000304a:	463a      	mov	r2, r7
1000304c:	2300      	movs	r3, #0
1000304e:	f000 fcb3 	bl	100039b8 <____aeabi_uldivmod_veneer>
10003052:	b2d2      	uxtb	r2, r2
10003054:	2a09      	cmp	r2, #9
10003056:	f102 0330 	add.w	r3, r2, #48	@ 0x30
1000305a:	bf88      	it	hi
1000305c:	eb02 030b 	addhi.w	r3, r2, fp
10003060:	42be      	cmp	r6, r7
10003062:	b2db      	uxtb	r3, r3
10003064:	f175 0500 	sbcs.w	r5, r5, #0
10003068:	f808 3b01 	strb.w	r3, [r8], #1
1000306c:	f104 0401 	add.w	r4, r4, #1
10003070:	d2e5      	bcs.n	1000303e <_vsnprintf+0x89e>
10003072:	e9dd 860c 	ldrd	r8, r6, [sp, #48]	@ 0x30
10003076:	e9dd 750e 	ldrd	r7, r5, [sp, #56]	@ 0x38
1000307a:	e9dd cb10 	ldrd	ip, fp, [sp, #64]	@ 0x40
1000307e:	e755      	b.n	10002f2c <_vsnprintf+0x78c>
10003080:	f01c 0f80 	tst.w	ip, #128	@ 0x80
10003084:	bf18      	it	ne
10003086:	b292      	uxthne	r2, r2
10003088:	e64f      	b.n	10002d2a <_vsnprintf+0x58a>
1000308a:	4641      	mov	r1, r8
1000308c:	f851 2b04 	ldr.w	r2, [r1], #4
10003090:	b9a2      	cbnz	r2, 100030bc <_vsnprintf+0x91c>
10003092:	f02c 0c10 	bic.w	ip, ip, #16
10003096:	b18b      	cbz	r3, 100030bc <_vsnprintf+0x91c>
10003098:	ab12      	add	r3, sp, #72	@ 0x48
1000309a:	930a      	str	r3, [sp, #40]	@ 0x28
1000309c:	9b0b      	ldr	r3, [sp, #44]	@ 0x2c
1000309e:	462a      	mov	r2, r5
100030a0:	9303      	str	r3, [sp, #12]
100030a2:	9b0a      	ldr	r3, [sp, #40]	@ 0x28
100030a4:	4688      	mov	r8, r1
100030a6:	e9cd 6c05 	strd	r6, ip, [sp, #20]
100030aa:	9704      	str	r7, [sp, #16]
100030ac:	9001      	str	r0, [sp, #4]
100030ae:	9300      	str	r3, [sp, #0]
100030b0:	e64f      	b.n	10002d52 <_vsnprintf+0x5b2>
100030b2:	f022 0c0c 	bic.w	ip, r2, #12
100030b6:	2202      	movs	r2, #2
100030b8:	920b      	str	r2, [sp, #44]	@ 0x2c
100030ba:	e625      	b.n	10002d08 <_vsnprintf+0x568>
100030bc:	f01c 0f20 	tst.w	ip, #32
100030c0:	bf14      	ite	ne
100030c2:	2341      	movne	r3, #65	@ 0x41
100030c4:	2361      	moveq	r3, #97	@ 0x61
100030c6:	ac12      	add	r4, sp, #72	@ 0x48
100030c8:	46a6      	mov	lr, r4
100030ca:	940a      	str	r4, [sp, #40]	@ 0x28
100030cc:	e9cd 670c 	strd	r6, r7, [sp, #48]	@ 0x30
100030d0:	9c0b      	ldr	r4, [sp, #44]	@ 0x2c
100030d2:	f1a3 080a 	sub.w	r8, r3, #10
100030d6:	e002      	b.n	100030de <_vsnprintf+0x93e>
100030d8:	2820      	cmp	r0, #32
100030da:	d012      	beq.n	10003102 <_vsnprintf+0x962>
100030dc:	463a      	mov	r2, r7
100030de:	fbb2 f7f4 	udiv	r7, r2, r4
100030e2:	fb04 2617 	mls	r6, r4, r7, r2
100030e6:	b2f3      	uxtb	r3, r6
100030e8:	2e09      	cmp	r6, #9
100030ea:	f103 0630 	add.w	r6, r3, #48	@ 0x30
100030ee:	bf8a      	itet	hi
100030f0:	4443      	addhi	r3, r8
100030f2:	b2f3      	uxtbls	r3, r6
100030f4:	b2db      	uxtbhi	r3, r3
100030f6:	42a2      	cmp	r2, r4
100030f8:	f80e 3b01 	strb.w	r3, [lr], #1
100030fc:	f100 0001 	add.w	r0, r0, #1
10003100:	d2ea      	bcs.n	100030d8 <_vsnprintf+0x938>
10003102:	e9dd 670c 	ldrd	r6, r7, [sp, #48]	@ 0x30
10003106:	e7c9      	b.n	1000309c <_vsnprintf+0x8fc>
10003108:	2b00      	cmp	r3, #0
1000310a:	f43f af53 	beq.w	10002fb4 <_vsnprintf+0x814>
1000310e:	ab12      	add	r3, sp, #72	@ 0x48
10003110:	930a      	str	r3, [sp, #40]	@ 0x28
10003112:	e76b      	b.n	10002fec <_vsnprintf+0x84c>
10003114:	f852 1b04 	ldr.w	r1, [r2], #4
10003118:	ea81 7ce1 	eor.w	ip, r1, r1, asr #31
1000311c:	4690      	mov	r8, r2
1000311e:	ebac 7ce1 	sub.w	ip, ip, r1, asr #31
10003122:	e577      	b.n	10002c14 <_vsnprintf+0x474>
10003124:	ab12      	add	r3, sp, #72	@ 0x48
10003126:	f04f 0c00 	mov.w	ip, #0
1000312a:	930a      	str	r3, [sp, #40]	@ 0x28
1000312c:	e6bd      	b.n	10002eaa <_vsnprintf+0x70a>
1000312e:	462a      	mov	r2, r5
10003130:	3501      	adds	r5, #1
10003132:	e643      	b.n	10002dbc <_vsnprintf+0x61c>
10003134:	3301      	adds	r3, #1
10003136:	2800      	cmp	r0, #0
10003138:	f47f ad0e 	bne.w	10002b58 <_vsnprintf+0x3b8>
1000313c:	e661      	b.n	10002e02 <_vsnprintf+0x662>
1000313e:	f042 0220 	orr.w	r2, r2, #32
10003142:	f022 0c0c 	bic.w	ip, r2, #12
10003146:	2210      	movs	r2, #16
10003148:	2300      	movs	r3, #0
1000314a:	920b      	str	r2, [sp, #44]	@ 0x2c
1000314c:	e5dc      	b.n	10002d08 <_vsnprintf+0x568>
1000314e:	4696      	mov	lr, r2
10003150:	2208      	movs	r2, #8
10003152:	920b      	str	r2, [sp, #44]	@ 0x2c
10003154:	f02e 0c0d 	bic.w	ip, lr, #13
10003158:	e5d6      	b.n	10002d08 <_vsnprintf+0x568>
1000315a:	2869      	cmp	r0, #105	@ 0x69
1000315c:	f022 0e10 	bic.w	lr, r2, #16
10003160:	d104      	bne.n	1000316c <_vsnprintf+0x9cc>
10003162:	f412 6380 	ands.w	r3, r2, #1024	@ 0x400
10003166:	f43f ad3b 	beq.w	10002be0 <_vsnprintf+0x440>
1000316a:	e537      	b.n	10002bdc <_vsnprintf+0x43c>
1000316c:	f022 0c1c 	bic.w	ip, r2, #28
10003170:	f412 6380 	ands.w	r3, r2, #1024	@ 0x400
10003174:	f04f 020a 	mov.w	r2, #10
10003178:	920b      	str	r2, [sp, #44]	@ 0x2c
1000317a:	d1eb      	bne.n	10003154 <_vsnprintf+0x9b4>
1000317c:	e5c4      	b.n	10002d08 <_vsnprintf+0x568>
1000317e:	bf00      	nop
10003180:	cccccccd 	.word	0xcccccccd

10003184 <__wrap_snprintf>:
10003184:	4684      	mov	ip, r0
10003186:	b40c      	push	{r2, r3}
10003188:	b510      	push	{r4, lr}
1000318a:	b084      	sub	sp, #16
1000318c:	ac06      	add	r4, sp, #24
1000318e:	f854 3b04 	ldr.w	r3, [r4], #4
10003192:	460a      	mov	r2, r1
10003194:	9400      	str	r4, [sp, #0]
10003196:	4661      	mov	r1, ip
10003198:	4804      	ldr	r0, [pc, #16]	@ (100031ac <__wrap_snprintf+0x28>)
1000319a:	9403      	str	r4, [sp, #12]
1000319c:	f7ff fb00 	bl	100027a0 <_vsnprintf>
100031a0:	b004      	add	sp, #16
100031a2:	e8bd 4010 	ldmia.w	sp!, {r4, lr}
100031a6:	b002      	add	sp, #8
100031a8:	4770      	bx	lr
100031aa:	bf00      	nop
100031ac:	10001c05 	.word	0x10001c05

100031b0 <vfctprintf>:
100031b0:	b570      	push	{r4, r5, r6, lr}
100031b2:	4694      	mov	ip, r2
100031b4:	461e      	mov	r6, r3
100031b6:	4605      	mov	r5, r0
100031b8:	460c      	mov	r4, r1
100031ba:	b084      	sub	sp, #16
100031bc:	f04f 32ff 	mov.w	r2, #4294967295	@ 0xffffffff
100031c0:	4663      	mov	r3, ip
100031c2:	a902      	add	r1, sp, #8
100031c4:	9600      	str	r6, [sp, #0]
100031c6:	4803      	ldr	r0, [pc, #12]	@ (100031d4 <vfctprintf+0x24>)
100031c8:	e9cd 5402 	strd	r5, r4, [sp, #8]
100031cc:	f7ff fae8 	bl	100027a0 <_vsnprintf>
100031d0:	b004      	add	sp, #16
100031d2:	bd70      	pop	{r4, r5, r6, pc}
100031d4:	10001f45 	.word	0x10001f45

100031d8 <weak_raw_vprintf>:
100031d8:	b510      	push	{r4, lr}
100031da:	4b09      	ldr	r3, [pc, #36]	@ (10003200 <weak_raw_vprintf+0x28>)
100031dc:	b084      	sub	sp, #16
100031de:	681c      	ldr	r4, [r3, #0]
100031e0:	b14c      	cbz	r4, 100031f6 <weak_raw_vprintf+0x1e>
100031e2:	4603      	mov	r3, r0
100031e4:	9100      	str	r1, [sp, #0]
100031e6:	f04f 32ff 	mov.w	r2, #4294967295	@ 0xffffffff
100031ea:	a903      	add	r1, sp, #12
100031ec:	4805      	ldr	r0, [pc, #20]	@ (10003204 <weak_raw_vprintf+0x2c>)
100031ee:	47a0      	blx	r4
100031f0:	2001      	movs	r0, #1
100031f2:	b004      	add	sp, #16
100031f4:	bd10      	pop	{r4, pc}
100031f6:	f000 f983 	bl	10003500 <__wrap_puts>
100031fa:	4620      	mov	r0, r4
100031fc:	b004      	add	sp, #16
100031fe:	bd10      	pop	{r4, pc}
10003200:	2000098c 	.word	0x2000098c
10003204:	10001f3d 	.word	0x10001f3d

10003208 <_exit>:
10003208:	be00      	bkpt	0x0000
1000320a:	e7fd      	b.n	10003208 <_exit>

1000320c <exit>:
1000320c:	b508      	push	{r3, lr}
1000320e:	f7ff fffb 	bl	10003208 <_exit>
10003212:	bf00      	nop

10003214 <runtime_init>:
10003214:	b538      	push	{r3, r4, r5, lr}
10003216:	4d06      	ldr	r5, [pc, #24]	@ (10003230 <runtime_init+0x1c>)
10003218:	4c06      	ldr	r4, [pc, #24]	@ (10003234 <runtime_init+0x20>)
1000321a:	f7fe fab9 	bl	10001790 <runtime_run_initializers>
1000321e:	42ac      	cmp	r4, r5
10003220:	d204      	bcs.n	1000322c <runtime_init+0x18>
10003222:	f854 3b04 	ldr.w	r3, [r4], #4
10003226:	4798      	blx	r3
10003228:	42ac      	cmp	r4, r5
1000322a:	d3fa      	bcc.n	10003222 <runtime_init+0xe>
1000322c:	bd38      	pop	{r3, r4, r5, pc}
1000322e:	bf00      	nop
10003230:	10003a14 	.word	0x10003a14
10003234:	10003a10 	.word	0x10003a10

10003238 <stdio_out_chars_no_crlf>:
10003238:	6803      	ldr	r3, [r0, #0]
1000323a:	4608      	mov	r0, r1
1000323c:	4611      	mov	r1, r2
1000323e:	4718      	bx	r3

10003240 <stdio_out_chars_crlf>:
10003240:	e92d 4ff0 	stmdb	sp!, {r4, r5, r6, r7, r8, r9, sl, fp, lr}
10003244:	7d43      	ldrb	r3, [r0, #21]
10003246:	4682      	mov	sl, r0
10003248:	4688      	mov	r8, r1
1000324a:	4617      	mov	r7, r2
1000324c:	b081      	sub	sp, #4
1000324e:	2b00      	cmp	r3, #0
10003250:	d047      	beq.n	100032e2 <stdio_out_chars_crlf+0xa2>
10003252:	2a00      	cmp	r2, #0
10003254:	dd24      	ble.n	100032a0 <stdio_out_chars_crlf+0x60>
10003256:	2400      	movs	r4, #0
10003258:	2501      	movs	r5, #1
1000325a:	4620      	mov	r0, r4
1000325c:	f8df 9094 	ldr.w	r9, [pc, #148]	@ 100032f4 <stdio_out_chars_crlf+0xb4>
10003260:	1e4e      	subs	r6, r1, #1
10003262:	b304      	cbz	r4, 100032a6 <stdio_out_chars_crlf+0x66>
10003264:	7873      	ldrb	r3, [r6, #1]
10003266:	f106 0b01 	add.w	fp, r6, #1
1000326a:	2b0a      	cmp	r3, #10
1000326c:	d026      	beq.n	100032bc <stdio_out_chars_crlf+0x7c>
1000326e:	462b      	mov	r3, r5
10003270:	465e      	mov	r6, fp
10003272:	42bb      	cmp	r3, r7
10003274:	f104 0401 	add.w	r4, r4, #1
10003278:	f105 0501 	add.w	r5, r5, #1
1000327c:	dbf1      	blt.n	10003262 <stdio_out_chars_crlf+0x22>
1000327e:	4287      	cmp	r7, r0
10003280:	dd04      	ble.n	1000328c <stdio_out_chars_crlf+0x4c>
10003282:	1a39      	subs	r1, r7, r0
10003284:	f8da 3000 	ldr.w	r3, [sl]
10003288:	4440      	add	r0, r8
1000328a:	4798      	blx	r3
1000328c:	44b8      	add	r8, r7
1000328e:	f818 3c01 	ldrb.w	r3, [r8, #-1]
10003292:	f1a3 030d 	sub.w	r3, r3, #13
10003296:	fab3 f383 	clz	r3, r3
1000329a:	095b      	lsrs	r3, r3, #5
1000329c:	f88a 3014 	strb.w	r3, [sl, #20]
100032a0:	b001      	add	sp, #4
100032a2:	e8bd 8ff0 	ldmia.w	sp!, {r4, r5, r6, r7, r8, r9, sl, fp, pc}
100032a6:	7873      	ldrb	r3, [r6, #1]
100032a8:	f106 0b01 	add.w	fp, r6, #1
100032ac:	2b0a      	cmp	r3, #10
100032ae:	d1de      	bne.n	1000326e <stdio_out_chars_crlf+0x2e>
100032b0:	f89a 3014 	ldrb.w	r3, [sl, #20]
100032b4:	b163      	cbz	r3, 100032d0 <stdio_out_chars_crlf+0x90>
100032b6:	465e      	mov	r6, fp
100032b8:	462b      	mov	r3, r5
100032ba:	e7da      	b.n	10003272 <stdio_out_chars_crlf+0x32>
100032bc:	7833      	ldrb	r3, [r6, #0]
100032be:	2b0d      	cmp	r3, #13
100032c0:	d0f9      	beq.n	100032b6 <stdio_out_chars_crlf+0x76>
100032c2:	42a0      	cmp	r0, r4
100032c4:	da04      	bge.n	100032d0 <stdio_out_chars_crlf+0x90>
100032c6:	1a21      	subs	r1, r4, r0
100032c8:	f8da 3000 	ldr.w	r3, [sl]
100032cc:	4440      	add	r0, r8
100032ce:	4798      	blx	r3
100032d0:	4648      	mov	r0, r9
100032d2:	f8da 3000 	ldr.w	r3, [sl]
100032d6:	2102      	movs	r1, #2
100032d8:	4798      	blx	r3
100032da:	465e      	mov	r6, fp
100032dc:	4628      	mov	r0, r5
100032de:	462b      	mov	r3, r5
100032e0:	e7c7      	b.n	10003272 <stdio_out_chars_crlf+0x32>
100032e2:	4611      	mov	r1, r2
100032e4:	4640      	mov	r0, r8
100032e6:	f8da 3000 	ldr.w	r3, [sl]
100032ea:	b001      	add	sp, #4
100032ec:	e8bd 4ff0 	ldmia.w	sp!, {r4, r5, r6, r7, r8, r9, sl, fp, lr}
100032f0:	4718      	bx	r3
100032f2:	bf00      	nop
100032f4:	10003bf0 	.word	0x10003bf0

100032f8 <stdio_buffered_printer>:
100032f8:	680b      	ldr	r3, [r1, #0]
100032fa:	e92d 41f0 	stmdb	sp!, {r4, r5, r6, r7, r8, lr}
100032fe:	2b80      	cmp	r3, #128	@ 0x80
10003300:	460d      	mov	r5, r1
10003302:	4606      	mov	r6, r0
10003304:	d005      	beq.n	10003312 <stdio_buffered_printer+0x1a>
10003306:	1c5a      	adds	r2, r3, #1
10003308:	442b      	add	r3, r5
1000330a:	602a      	str	r2, [r5, #0]
1000330c:	711e      	strb	r6, [r3, #4]
1000330e:	e8bd 81f0 	ldmia.w	sp!, {r4, r5, r6, r7, r8, pc}
10003312:	4b0f      	ldr	r3, [pc, #60]	@ (10003350 <stdio_buffered_printer+0x58>)
10003314:	681c      	ldr	r4, [r3, #0]
10003316:	b1a4      	cbz	r4, 10003342 <stdio_buffered_printer+0x4a>
10003318:	4f0e      	ldr	r7, [pc, #56]	@ (10003354 <stdio_buffered_printer+0x5c>)
1000331a:	f101 0804 	add.w	r8, r1, #4
1000331e:	e001      	b.n	10003324 <stdio_buffered_printer+0x2c>
10003320:	6924      	ldr	r4, [r4, #16]
10003322:	b174      	cbz	r4, 10003342 <stdio_buffered_printer+0x4a>
10003324:	6823      	ldr	r3, [r4, #0]
10003326:	2b00      	cmp	r3, #0
10003328:	d0fa      	beq.n	10003320 <stdio_buffered_printer+0x28>
1000332a:	683b      	ldr	r3, [r7, #0]
1000332c:	b10b      	cbz	r3, 10003332 <stdio_buffered_printer+0x3a>
1000332e:	42a3      	cmp	r3, r4
10003330:	d1f6      	bne.n	10003320 <stdio_buffered_printer+0x28>
10003332:	4620      	mov	r0, r4
10003334:	4641      	mov	r1, r8
10003336:	682a      	ldr	r2, [r5, #0]
10003338:	f7ff ff82 	bl	10003240 <stdio_out_chars_crlf>
1000333c:	6924      	ldr	r4, [r4, #16]
1000333e:	2c00      	cmp	r4, #0
10003340:	d1f0      	bne.n	10003324 <stdio_buffered_printer+0x2c>
10003342:	2300      	movs	r3, #0
10003344:	2201      	movs	r2, #1
10003346:	442b      	add	r3, r5
10003348:	602a      	str	r2, [r5, #0]
1000334a:	711e      	strb	r6, [r3, #4]
1000334c:	e8bd 81f0 	ldmia.w	sp!, {r4, r5, r6, r7, r8, pc}
10003350:	20000974 	.word	0x20000974
10003354:	20000978 	.word	0x20000978

10003358 <stdio_put_string>:
10003358:	e92d 47f0 	stmdb	sp!, {r4, r5, r6, r7, r8, r9, sl, lr}
1000335c:	b082      	sub	sp, #8
1000335e:	460d      	mov	r5, r1
10003360:	4692      	mov	sl, r2
10003362:	4699      	mov	r9, r3
10003364:	4607      	mov	r7, r0
10003366:	f7fd fdfd 	bl	10000f64 <time_us_64>
1000336a:	f04f 36ff 	mov.w	r6, #4294967295	@ 0xffffffff
1000336e:	f06f 4400 	mvn.w	r4, #2147483648	@ 0x80000000
10003372:	4a2f      	ldr	r2, [pc, #188]	@ (10003430 <stdio_put_string+0xd8>)
10003374:	1882      	adds	r2, r0, r2
10003376:	f141 0300 	adc.w	r3, r1, #0
1000337a:	4296      	cmp	r6, r2
1000337c:	eb74 0103 	sbcs.w	r1, r4, r3
10003380:	bf3c      	itt	cc
10003382:	4632      	movcc	r2, r6
10003384:	4623      	movcc	r3, r4
10003386:	482b      	ldr	r0, [pc, #172]	@ (10003434 <stdio_put_string+0xdc>)
10003388:	f000 fb1e 	bl	100039c8 <__mutex_try_enter_block_until_veneer>
1000338c:	1c6b      	adds	r3, r5, #1
1000338e:	4680      	mov	r8, r0
10003390:	d103      	bne.n	1000339a <stdio_put_string+0x42>
10003392:	4638      	mov	r0, r7
10003394:	f000 fae0 	bl	10003958 <strlen>
10003398:	4605      	mov	r5, r0
1000339a:	4b27      	ldr	r3, [pc, #156]	@ (10003438 <stdio_put_string+0xe0>)
1000339c:	4e27      	ldr	r6, [pc, #156]	@ (1000343c <stdio_put_string+0xe4>)
1000339e:	681c      	ldr	r4, [r3, #0]
100033a0:	4b27      	ldr	r3, [pc, #156]	@ (10003440 <stdio_put_string+0xe8>)
100033a2:	f1b9 0f00 	cmp.w	r9, #0
100033a6:	bf18      	it	ne
100033a8:	461e      	movne	r6, r3
100033aa:	b1b4      	cbz	r4, 100033da <stdio_put_string+0x82>
100033ac:	f1ba 0f00 	cmp.w	sl, #0
100033b0:	d11a      	bne.n	100033e8 <stdio_put_string+0x90>
100033b2:	f8df 9090 	ldr.w	r9, [pc, #144]	@ 10003444 <stdio_put_string+0xec>
100033b6:	e001      	b.n	100033bc <stdio_put_string+0x64>
100033b8:	6924      	ldr	r4, [r4, #16]
100033ba:	b174      	cbz	r4, 100033da <stdio_put_string+0x82>
100033bc:	6823      	ldr	r3, [r4, #0]
100033be:	2b00      	cmp	r3, #0
100033c0:	d0fa      	beq.n	100033b8 <stdio_put_string+0x60>
100033c2:	f8d9 3000 	ldr.w	r3, [r9]
100033c6:	b10b      	cbz	r3, 100033cc <stdio_put_string+0x74>
100033c8:	42a3      	cmp	r3, r4
100033ca:	d1f5      	bne.n	100033b8 <stdio_put_string+0x60>
100033cc:	4620      	mov	r0, r4
100033ce:	462a      	mov	r2, r5
100033d0:	4639      	mov	r1, r7
100033d2:	47b0      	blx	r6
100033d4:	6924      	ldr	r4, [r4, #16]
100033d6:	2c00      	cmp	r4, #0
100033d8:	d1f0      	bne.n	100033bc <stdio_put_string+0x64>
100033da:	f1b8 0f00 	cmp.w	r8, #0
100033de:	d11f      	bne.n	10003420 <stdio_put_string+0xc8>
100033e0:	4628      	mov	r0, r5
100033e2:	b002      	add	sp, #8
100033e4:	e8bd 87f0 	ldmia.w	sp!, {r4, r5, r6, r7, r8, r9, sl, pc}
100033e8:	f04f 0a0a 	mov.w	sl, #10
100033ec:	f8df 9054 	ldr.w	r9, [pc, #84]	@ 10003444 <stdio_put_string+0xec>
100033f0:	e002      	b.n	100033f8 <stdio_put_string+0xa0>
100033f2:	6924      	ldr	r4, [r4, #16]
100033f4:	2c00      	cmp	r4, #0
100033f6:	d0f0      	beq.n	100033da <stdio_put_string+0x82>
100033f8:	6823      	ldr	r3, [r4, #0]
100033fa:	2b00      	cmp	r3, #0
100033fc:	d0f9      	beq.n	100033f2 <stdio_put_string+0x9a>
100033fe:	f8d9 3000 	ldr.w	r3, [r9]
10003402:	b10b      	cbz	r3, 10003408 <stdio_put_string+0xb0>
10003404:	42a3      	cmp	r3, r4
10003406:	d1f4      	bne.n	100033f2 <stdio_put_string+0x9a>
10003408:	4620      	mov	r0, r4
1000340a:	462a      	mov	r2, r5
1000340c:	4639      	mov	r1, r7
1000340e:	47b0      	blx	r6
10003410:	4620      	mov	r0, r4
10003412:	2201      	movs	r2, #1
10003414:	f10d 0107 	add.w	r1, sp, #7
10003418:	f88d a007 	strb.w	sl, [sp, #7]
1000341c:	47b0      	blx	r6
1000341e:	e7e8      	b.n	100033f2 <stdio_put_string+0x9a>
10003420:	4804      	ldr	r0, [pc, #16]	@ (10003434 <stdio_put_string+0xdc>)
10003422:	f000 facd 	bl	100039c0 <__mutex_exit_veneer>
10003426:	4628      	mov	r0, r5
10003428:	b002      	add	sp, #8
1000342a:	e8bd 87f0 	ldmia.w	sp!, {r4, r5, r6, r7, r8, r9, sl, pc}
1000342e:	bf00      	nop
10003430:	000f4240 	.word	0x000f4240
10003434:	20000674 	.word	0x20000674
10003438:	20000974 	.word	0x20000974
1000343c:	10003239 	.word	0x10003239
10003440:	10003241 	.word	0x10003241
10003444:	20000978 	.word	0x20000978

10003448 <stdio_set_driver_enabled>:
10003448:	4a08      	ldr	r2, [pc, #32]	@ (1000346c <stdio_set_driver_enabled+0x24>)
1000344a:	6813      	ldr	r3, [r2, #0]
1000344c:	b923      	cbnz	r3, 10003458 <stdio_set_driver_enabled+0x10>
1000344e:	e00a      	b.n	10003466 <stdio_set_driver_enabled+0x1e>
10003450:	f103 0210 	add.w	r2, r3, #16
10003454:	691b      	ldr	r3, [r3, #16]
10003456:	b133      	cbz	r3, 10003466 <stdio_set_driver_enabled+0x1e>
10003458:	4298      	cmp	r0, r3
1000345a:	d1f9      	bne.n	10003450 <stdio_set_driver_enabled+0x8>
1000345c:	b929      	cbnz	r1, 1000346a <stdio_set_driver_enabled+0x22>
1000345e:	6903      	ldr	r3, [r0, #16]
10003460:	6013      	str	r3, [r2, #0]
10003462:	6101      	str	r1, [r0, #16]
10003464:	4770      	bx	lr
10003466:	b101      	cbz	r1, 1000346a <stdio_set_driver_enabled+0x22>
10003468:	6010      	str	r0, [r2, #0]
1000346a:	4770      	bx	lr
1000346c:	20000974 	.word	0x20000974

10003470 <stdio_init_all>:
10003470:	b508      	push	{r3, lr}
10003472:	f000 f9a1 	bl	100037b8 <stdio_uart_init>
10003476:	2001      	movs	r0, #1
10003478:	bd08      	pop	{r3, pc}
1000347a:	bf00      	nop

1000347c <__wrap_putchar>:
1000347c:	b5f0      	push	{r4, r5, r6, r7, lr}
1000347e:	b083      	sub	sp, #12
10003480:	4606      	mov	r6, r0
10003482:	f88d 0007 	strb.w	r0, [sp, #7]
10003486:	f7fd fd6d 	bl	10000f64 <time_us_64>
1000348a:	f04f 35ff 	mov.w	r5, #4294967295	@ 0xffffffff
1000348e:	f06f 4400 	mvn.w	r4, #2147483648	@ 0x80000000
10003492:	4a17      	ldr	r2, [pc, #92]	@ (100034f0 <__wrap_putchar+0x74>)
10003494:	1882      	adds	r2, r0, r2
10003496:	f141 0300 	adc.w	r3, r1, #0
1000349a:	4295      	cmp	r5, r2
1000349c:	eb74 0103 	sbcs.w	r1, r4, r3
100034a0:	bf3c      	itt	cc
100034a2:	4623      	movcc	r3, r4
100034a4:	462a      	movcc	r2, r5
100034a6:	4813      	ldr	r0, [pc, #76]	@ (100034f4 <__wrap_putchar+0x78>)
100034a8:	f000 fa8e 	bl	100039c8 <__mutex_try_enter_block_until_veneer>
100034ac:	4b12      	ldr	r3, [pc, #72]	@ (100034f8 <__wrap_putchar+0x7c>)
100034ae:	4607      	mov	r7, r0
100034b0:	681c      	ldr	r4, [r3, #0]
100034b2:	b19c      	cbz	r4, 100034dc <__wrap_putchar+0x60>
100034b4:	4d11      	ldr	r5, [pc, #68]	@ (100034fc <__wrap_putchar+0x80>)
100034b6:	e001      	b.n	100034bc <__wrap_putchar+0x40>
100034b8:	6924      	ldr	r4, [r4, #16]
100034ba:	b17c      	cbz	r4, 100034dc <__wrap_putchar+0x60>
100034bc:	6823      	ldr	r3, [r4, #0]
100034be:	2b00      	cmp	r3, #0
100034c0:	d0fa      	beq.n	100034b8 <__wrap_putchar+0x3c>
100034c2:	682b      	ldr	r3, [r5, #0]
100034c4:	b10b      	cbz	r3, 100034ca <__wrap_putchar+0x4e>
100034c6:	42a3      	cmp	r3, r4
100034c8:	d1f6      	bne.n	100034b8 <__wrap_putchar+0x3c>
100034ca:	4620      	mov	r0, r4
100034cc:	2201      	movs	r2, #1
100034ce:	f10d 0107 	add.w	r1, sp, #7
100034d2:	f7ff feb5 	bl	10003240 <stdio_out_chars_crlf>
100034d6:	6924      	ldr	r4, [r4, #16]
100034d8:	2c00      	cmp	r4, #0
100034da:	d1ef      	bne.n	100034bc <__wrap_putchar+0x40>
100034dc:	b917      	cbnz	r7, 100034e4 <__wrap_putchar+0x68>
100034de:	4630      	mov	r0, r6
100034e0:	b003      	add	sp, #12
100034e2:	bdf0      	pop	{r4, r5, r6, r7, pc}
100034e4:	4803      	ldr	r0, [pc, #12]	@ (100034f4 <__wrap_putchar+0x78>)
100034e6:	f000 fa6b 	bl	100039c0 <__mutex_exit_veneer>
100034ea:	4630      	mov	r0, r6
100034ec:	b003      	add	sp, #12
100034ee:	bdf0      	pop	{r4, r5, r6, r7, pc}
100034f0:	000f4240 	.word	0x000f4240
100034f4:	20000674 	.word	0x20000674
100034f8:	20000974 	.word	0x20000974
100034fc:	20000978 	.word	0x20000978

10003500 <__wrap_puts>:
10003500:	b538      	push	{r3, r4, r5, lr}
10003502:	4604      	mov	r4, r0
10003504:	f000 fa28 	bl	10003958 <strlen>
10003508:	2301      	movs	r3, #1
1000350a:	4605      	mov	r5, r0
1000350c:	461a      	mov	r2, r3
1000350e:	4620      	mov	r0, r4
10003510:	4629      	mov	r1, r5
10003512:	f7ff ff21 	bl	10003358 <stdio_put_string>
10003516:	4b08      	ldr	r3, [pc, #32]	@ (10003538 <__wrap_puts+0x38>)
10003518:	681c      	ldr	r4, [r3, #0]
1000351a:	b12c      	cbz	r4, 10003528 <__wrap_puts+0x28>
1000351c:	6863      	ldr	r3, [r4, #4]
1000351e:	b12b      	cbz	r3, 1000352c <__wrap_puts+0x2c>
10003520:	4798      	blx	r3
10003522:	6924      	ldr	r4, [r4, #16]
10003524:	2c00      	cmp	r4, #0
10003526:	d1f9      	bne.n	1000351c <__wrap_puts+0x1c>
10003528:	4628      	mov	r0, r5
1000352a:	bd38      	pop	{r3, r4, r5, pc}
1000352c:	6924      	ldr	r4, [r4, #16]
1000352e:	2c00      	cmp	r4, #0
10003530:	d1f4      	bne.n	1000351c <__wrap_puts+0x1c>
10003532:	4628      	mov	r0, r5
10003534:	bd38      	pop	{r3, r4, r5, pc}
10003536:	bf00      	nop
10003538:	20000974 	.word	0x20000974

1000353c <__wrap_vprintf>:
1000353c:	e92d 41f0 	stmdb	sp!, {r4, r5, r6, r7, r8, lr}
10003540:	b0a2      	sub	sp, #136	@ 0x88
10003542:	4604      	mov	r4, r0
10003544:	460d      	mov	r5, r1
10003546:	f7fd fd0d 	bl	10000f64 <time_us_64>
1000354a:	f04f 37ff 	mov.w	r7, #4294967295	@ 0xffffffff
1000354e:	f06f 4600 	mvn.w	r6, #2147483648	@ 0x80000000
10003552:	4a27      	ldr	r2, [pc, #156]	@ (100035f0 <__wrap_vprintf+0xb4>)
10003554:	1882      	adds	r2, r0, r2
10003556:	f141 0300 	adc.w	r3, r1, #0
1000355a:	4297      	cmp	r7, r2
1000355c:	eb76 0103 	sbcs.w	r1, r6, r3
10003560:	bf3c      	itt	cc
10003562:	463a      	movcc	r2, r7
10003564:	4633      	movcc	r3, r6
10003566:	4823      	ldr	r0, [pc, #140]	@ (100035f4 <__wrap_vprintf+0xb8>)
10003568:	f000 fa2e 	bl	100039c8 <__mutex_try_enter_block_until_veneer>
1000356c:	2600      	movs	r6, #0
1000356e:	462b      	mov	r3, r5
10003570:	4607      	mov	r7, r0
10003572:	4622      	mov	r2, r4
10003574:	4820      	ldr	r0, [pc, #128]	@ (100035f8 <__wrap_vprintf+0xbc>)
10003576:	a901      	add	r1, sp, #4
10003578:	9601      	str	r6, [sp, #4]
1000357a:	f7ff fe19 	bl	100031b0 <vfctprintf>
1000357e:	9b01      	ldr	r3, [sp, #4]
10003580:	4606      	mov	r6, r0
10003582:	b97b      	cbnz	r3, 100035a4 <__wrap_vprintf+0x68>
10003584:	4b1d      	ldr	r3, [pc, #116]	@ (100035fc <__wrap_vprintf+0xc0>)
10003586:	681c      	ldr	r4, [r3, #0]
10003588:	b12c      	cbz	r4, 10003596 <__wrap_vprintf+0x5a>
1000358a:	6863      	ldr	r3, [r4, #4]
1000358c:	b143      	cbz	r3, 100035a0 <__wrap_vprintf+0x64>
1000358e:	4798      	blx	r3
10003590:	6924      	ldr	r4, [r4, #16]
10003592:	2c00      	cmp	r4, #0
10003594:	d1f9      	bne.n	1000358a <__wrap_vprintf+0x4e>
10003596:	bb0f      	cbnz	r7, 100035dc <__wrap_vprintf+0xa0>
10003598:	4630      	mov	r0, r6
1000359a:	b022      	add	sp, #136	@ 0x88
1000359c:	e8bd 81f0 	ldmia.w	sp!, {r4, r5, r6, r7, r8, pc}
100035a0:	6924      	ldr	r4, [r4, #16]
100035a2:	e7f1      	b.n	10003588 <__wrap_vprintf+0x4c>
100035a4:	f8df 8054 	ldr.w	r8, [pc, #84]	@ 100035fc <__wrap_vprintf+0xc0>
100035a8:	f8d8 5000 	ldr.w	r5, [r8]
100035ac:	b1ed      	cbz	r5, 100035ea <__wrap_vprintf+0xae>
100035ae:	4c14      	ldr	r4, [pc, #80]	@ (10003600 <__wrap_vprintf+0xc4>)
100035b0:	e001      	b.n	100035b6 <__wrap_vprintf+0x7a>
100035b2:	692d      	ldr	r5, [r5, #16]
100035b4:	b175      	cbz	r5, 100035d4 <__wrap_vprintf+0x98>
100035b6:	682b      	ldr	r3, [r5, #0]
100035b8:	2b00      	cmp	r3, #0
100035ba:	d0fa      	beq.n	100035b2 <__wrap_vprintf+0x76>
100035bc:	6823      	ldr	r3, [r4, #0]
100035be:	b10b      	cbz	r3, 100035c4 <__wrap_vprintf+0x88>
100035c0:	42ab      	cmp	r3, r5
100035c2:	d1f6      	bne.n	100035b2 <__wrap_vprintf+0x76>
100035c4:	4628      	mov	r0, r5
100035c6:	9a01      	ldr	r2, [sp, #4]
100035c8:	a902      	add	r1, sp, #8
100035ca:	f7ff fe39 	bl	10003240 <stdio_out_chars_crlf>
100035ce:	692d      	ldr	r5, [r5, #16]
100035d0:	2d00      	cmp	r5, #0
100035d2:	d1f0      	bne.n	100035b6 <__wrap_vprintf+0x7a>
100035d4:	f8d8 4000 	ldr.w	r4, [r8]
100035d8:	9501      	str	r5, [sp, #4]
100035da:	e7d5      	b.n	10003588 <__wrap_vprintf+0x4c>
100035dc:	4805      	ldr	r0, [pc, #20]	@ (100035f4 <__wrap_vprintf+0xb8>)
100035de:	f000 f9ef 	bl	100039c0 <__mutex_exit_veneer>
100035e2:	4630      	mov	r0, r6
100035e4:	b022      	add	sp, #136	@ 0x88
100035e6:	e8bd 81f0 	ldmia.w	sp!, {r4, r5, r6, r7, r8, pc}
100035ea:	9501      	str	r5, [sp, #4]
100035ec:	e7d3      	b.n	10003596 <__wrap_vprintf+0x5a>
100035ee:	bf00      	nop
100035f0:	000f4240 	.word	0x000f4240
100035f4:	20000674 	.word	0x20000674
100035f8:	100032f9 	.word	0x100032f9
100035fc:	20000974 	.word	0x20000974
10003600:	20000978 	.word	0x20000978

10003604 <__wrap_printf>:
10003604:	b40f      	push	{r0, r1, r2, r3}
10003606:	b500      	push	{lr}
10003608:	b083      	sub	sp, #12
1000360a:	a904      	add	r1, sp, #16
1000360c:	f851 0b04 	ldr.w	r0, [r1], #4
10003610:	9101      	str	r1, [sp, #4]
10003612:	f7ff ff93 	bl	1000353c <__wrap_vprintf>
10003616:	b003      	add	sp, #12
10003618:	f85d eb04 	ldr.w	lr, [sp], #4
1000361c:	b004      	add	sp, #16
1000361e:	4770      	bx	lr

10003620 <stdio_uart_out_chars>:
10003620:	f1b1 0c00 	subs.w	ip, r1, #0
10003624:	dd1d      	ble.n	10003662 <stdio_uart_out_chars+0x42>
10003626:	4a0f      	ldr	r2, [pc, #60]	@ (10003664 <stdio_uart_out_chars+0x44>)
10003628:	4b0f      	ldr	r3, [pc, #60]	@ (10003668 <stdio_uart_out_chars+0x48>)
1000362a:	6812      	ldr	r2, [r2, #0]
1000362c:	b530      	push	{r4, r5, lr}
1000362e:	1ad3      	subs	r3, r2, r3
10003630:	fab3 f383 	clz	r3, r3
10003634:	240d      	movs	r4, #13
10003636:	4d0d      	ldr	r5, [pc, #52]	@ (1000366c <stdio_uart_out_chars+0x4c>)
10003638:	095b      	lsrs	r3, r3, #5
1000363a:	1e41      	subs	r1, r0, #1
1000363c:	f935 e013 	ldrsh.w	lr, [r5, r3, lsl #1]
10003640:	448c      	add	ip, r1
10003642:	f811 0f01 	ldrb.w	r0, [r1, #1]!
10003646:	4586      	cmp	lr, r0
10003648:	d006      	beq.n	10003658 <stdio_uart_out_chars+0x38>
1000364a:	6993      	ldr	r3, [r2, #24]
1000364c:	069b      	lsls	r3, r3, #26
1000364e:	d4fc      	bmi.n	1000364a <stdio_uart_out_chars+0x2a>
10003650:	4561      	cmp	r1, ip
10003652:	6010      	str	r0, [r2, #0]
10003654:	d1f5      	bne.n	10003642 <stdio_uart_out_chars+0x22>
10003656:	bd30      	pop	{r4, r5, pc}
10003658:	6993      	ldr	r3, [r2, #24]
1000365a:	069d      	lsls	r5, r3, #26
1000365c:	d4fc      	bmi.n	10003658 <stdio_uart_out_chars+0x38>
1000365e:	6014      	str	r4, [r2, #0]
10003660:	e7f3      	b.n	1000364a <stdio_uart_out_chars+0x2a>
10003662:	4770      	bx	lr
10003664:	200009b8 	.word	0x200009b8
10003668:	40078000 	.word	0x40078000
1000366c:	200009b4 	.word	0x200009b4

10003670 <stdio_uart_in_chars>:
10003670:	f1b1 0c00 	subs.w	ip, r1, #0
10003674:	4603      	mov	r3, r0
10003676:	dd2d      	ble.n	100036d4 <stdio_uart_in_chars+0x64>
10003678:	2000      	movs	r0, #0
1000367a:	4a1f      	ldr	r2, [pc, #124]	@ (100036f8 <stdio_uart_in_chars+0x88>)
1000367c:	1e59      	subs	r1, r3, #1
1000367e:	6812      	ldr	r2, [r2, #0]
10003680:	6993      	ldr	r3, [r2, #24]
10003682:	06db      	lsls	r3, r3, #27
10003684:	d417      	bmi.n	100036b6 <stdio_uart_in_chars+0x46>
10003686:	3001      	adds	r0, #1
10003688:	6993      	ldr	r3, [r2, #24]
1000368a:	06db      	lsls	r3, r3, #27
1000368c:	d4fc      	bmi.n	10003688 <stdio_uart_in_chars+0x18>
1000368e:	6813      	ldr	r3, [r2, #0]
10003690:	4584      	cmp	ip, r0
10003692:	f801 3f01 	strb.w	r3, [r1, #1]!
10003696:	d1f3      	bne.n	10003680 <stdio_uart_in_chars+0x10>
10003698:	4b18      	ldr	r3, [pc, #96]	@ (100036fc <stdio_uart_in_chars+0x8c>)
1000369a:	681b      	ldr	r3, [r3, #0]
1000369c:	b14b      	cbz	r3, 100036b2 <stdio_uart_in_chars+0x42>
1000369e:	2150      	movs	r1, #80	@ 0x50
100036a0:	4613      	mov	r3, r2
100036a2:	6391      	str	r1, [r2, #56]	@ 0x38
100036a4:	f853 2f34 	ldr.w	r2, [r3, #52]!
100036a8:	f002 0238 	and.w	r2, r2, #56	@ 0x38
100036ac:	f503 5380 	add.w	r3, r3, #4096	@ 0x1000
100036b0:	601a      	str	r2, [r3, #0]
100036b2:	4660      	mov	r0, ip
100036b4:	4770      	bx	lr
100036b6:	4b11      	ldr	r3, [pc, #68]	@ (100036fc <stdio_uart_in_chars+0x8c>)
100036b8:	681b      	ldr	r3, [r3, #0]
100036ba:	b14b      	cbz	r3, 100036d0 <stdio_uart_in_chars+0x60>
100036bc:	2150      	movs	r1, #80	@ 0x50
100036be:	4613      	mov	r3, r2
100036c0:	6391      	str	r1, [r2, #56]	@ 0x38
100036c2:	f853 2f34 	ldr.w	r2, [r3, #52]!
100036c6:	f002 0238 	and.w	r2, r2, #56	@ 0x38
100036ca:	f503 5380 	add.w	r3, r3, #4096	@ 0x1000
100036ce:	601a      	str	r2, [r3, #0]
100036d0:	b178      	cbz	r0, 100036f2 <stdio_uart_in_chars+0x82>
100036d2:	4770      	bx	lr
100036d4:	4b09      	ldr	r3, [pc, #36]	@ (100036fc <stdio_uart_in_chars+0x8c>)
100036d6:	681b      	ldr	r3, [r3, #0]
100036d8:	b15b      	cbz	r3, 100036f2 <stdio_uart_in_chars+0x82>
100036da:	4b07      	ldr	r3, [pc, #28]	@ (100036f8 <stdio_uart_in_chars+0x88>)
100036dc:	2150      	movs	r1, #80	@ 0x50
100036de:	681a      	ldr	r2, [r3, #0]
100036e0:	4613      	mov	r3, r2
100036e2:	6391      	str	r1, [r2, #56]	@ 0x38
100036e4:	f853 2f34 	ldr.w	r2, [r3, #52]!
100036e8:	f002 0238 	and.w	r2, r2, #56	@ 0x38
100036ec:	f503 5380 	add.w	r3, r3, #4096	@ 0x1000
100036f0:	601a      	str	r2, [r3, #0]
100036f2:	f06f 0002 	mvn.w	r0, #2
100036f6:	4770      	bx	lr
100036f8:	200009b8 	.word	0x200009b8
100036fc:	2000083c 	.word	0x2000083c

10003700 <on_uart_rx>:
10003700:	4b05      	ldr	r3, [pc, #20]	@ (10003718 <on_uart_rx+0x18>)
10003702:	681b      	ldr	r3, [r3, #0]
10003704:	b133      	cbz	r3, 10003714 <on_uart_rx+0x14>
10003706:	2100      	movs	r1, #0
10003708:	4a04      	ldr	r2, [pc, #16]	@ (1000371c <on_uart_rx+0x1c>)
1000370a:	4805      	ldr	r0, [pc, #20]	@ (10003720 <on_uart_rx+0x20>)
1000370c:	6812      	ldr	r2, [r2, #0]
1000370e:	6800      	ldr	r0, [r0, #0]
10003710:	6391      	str	r1, [r2, #56]	@ 0x38
10003712:	4718      	bx	r3
10003714:	4770      	bx	lr
10003716:	bf00      	nop
10003718:	2000083c 	.word	0x2000083c
1000371c:	200009b8 	.word	0x200009b8
10003720:	20000840 	.word	0x20000840

10003724 <stdio_uart_out_flush>:
10003724:	4b02      	ldr	r3, [pc, #8]	@ (10003730 <stdio_uart_out_flush+0xc>)
10003726:	681a      	ldr	r2, [r3, #0]
10003728:	6993      	ldr	r3, [r2, #24]
1000372a:	071b      	lsls	r3, r3, #28
1000372c:	d4fc      	bmi.n	10003728 <stdio_uart_out_flush+0x4>
1000372e:	4770      	bx	lr
10003730:	200009b8 	.word	0x200009b8

10003734 <stdio_uart_set_chars_available_callback>:
10003734:	b570      	push	{r4, r5, r6, lr}
10003736:	4e1b      	ldr	r6, [pc, #108]	@ (100037a4 <stdio_uart_set_chars_available_callback+0x70>)
10003738:	4d1b      	ldr	r5, [pc, #108]	@ (100037a8 <stdio_uart_set_chars_available_callback+0x74>)
1000373a:	6832      	ldr	r2, [r6, #0]
1000373c:	4604      	mov	r4, r0
1000373e:	42aa      	cmp	r2, r5
10003740:	bf0c      	ite	eq
10003742:	2522      	moveq	r5, #34	@ 0x22
10003744:	2521      	movne	r5, #33	@ 0x21
10003746:	b120      	cbz	r0, 10003752 <stdio_uart_set_chars_available_callback+0x1e>
10003748:	4a18      	ldr	r2, [pc, #96]	@ (100037ac <stdio_uart_set_chars_available_callback+0x78>)
1000374a:	460b      	mov	r3, r1
1000374c:	6811      	ldr	r1, [r2, #0]
1000374e:	b189      	cbz	r1, 10003774 <stdio_uart_set_chars_available_callback+0x40>
10003750:	bd70      	pop	{r4, r5, r6, pc}
10003752:	4e16      	ldr	r6, [pc, #88]	@ (100037ac <stdio_uart_set_chars_available_callback+0x78>)
10003754:	6833      	ldr	r3, [r6, #0]
10003756:	2b00      	cmp	r3, #0
10003758:	d0fa      	beq.n	10003750 <stdio_uart_set_chars_available_callback+0x1c>
1000375a:	4601      	mov	r1, r0
1000375c:	6390      	str	r0, [r2, #56]	@ 0x38
1000375e:	4628      	mov	r0, r5
10003760:	f7fd fc6a 	bl	10001038 <irq_set_enabled>
10003764:	4628      	mov	r0, r5
10003766:	4912      	ldr	r1, [pc, #72]	@ (100037b0 <stdio_uart_set_chars_available_callback+0x7c>)
10003768:	f7fd fcac 	bl	100010c4 <irq_remove_handler>
1000376c:	4b11      	ldr	r3, [pc, #68]	@ (100037b4 <stdio_uart_set_chars_available_callback+0x80>)
1000376e:	6034      	str	r4, [r6, #0]
10003770:	601c      	str	r4, [r3, #0]
10003772:	bd70      	pop	{r4, r5, r6, pc}
10003774:	6010      	str	r0, [r2, #0]
10003776:	4a0f      	ldr	r2, [pc, #60]	@ (100037b4 <stdio_uart_set_chars_available_callback+0x80>)
10003778:	4628      	mov	r0, r5
1000377a:	490d      	ldr	r1, [pc, #52]	@ (100037b0 <stdio_uart_set_chars_available_callback+0x7c>)
1000377c:	6013      	str	r3, [r2, #0]
1000377e:	f7fd fc71 	bl	10001064 <irq_set_exclusive_handler>
10003782:	2101      	movs	r1, #1
10003784:	4628      	mov	r0, r5
10003786:	f7fd fc57 	bl	10001038 <irq_set_enabled>
1000378a:	6832      	ldr	r2, [r6, #0]
1000378c:	2150      	movs	r1, #80	@ 0x50
1000378e:	4613      	mov	r3, r2
10003790:	6391      	str	r1, [r2, #56]	@ 0x38
10003792:	f853 2f34 	ldr.w	r2, [r3, #52]!
10003796:	f002 0238 	and.w	r2, r2, #56	@ 0x38
1000379a:	f503 5380 	add.w	r3, r3, #4096	@ 0x1000
1000379e:	601a      	str	r2, [r3, #0]
100037a0:	bd70      	pop	{r4, r5, r6, pc}
100037a2:	bf00      	nop
100037a4:	200009b8 	.word	0x200009b8
100037a8:	40078000 	.word	0x40078000
100037ac:	2000083c 	.word	0x2000083c
100037b0:	10003701 	.word	0x10003701
100037b4:	20000840 	.word	0x20000840

100037b8 <stdio_uart_init>:
100037b8:	b510      	push	{r4, lr}
100037ba:	490e      	ldr	r1, [pc, #56]	@ (100037f4 <stdio_uart_init+0x3c>)
100037bc:	4c0e      	ldr	r4, [pc, #56]	@ (100037f8 <stdio_uart_init+0x40>)
100037be:	480f      	ldr	r0, [pc, #60]	@ (100037fc <stdio_uart_init+0x44>)
100037c0:	4a0f      	ldr	r2, [pc, #60]	@ (10003800 <stdio_uart_init+0x48>)
100037c2:	4b10      	ldr	r3, [pc, #64]	@ (10003804 <stdio_uart_init+0x4c>)
100037c4:	7800      	ldrb	r0, [r0, #0]
100037c6:	6021      	str	r1, [r4, #0]
100037c8:	2000      	movs	r0, #0
100037ca:	2102      	movs	r1, #2
100037cc:	7812      	ldrb	r2, [r2, #0]
100037ce:	781b      	ldrb	r3, [r3, #0]
100037d0:	f7fd fe72 	bl	100014b8 <gpio_set_function>
100037d4:	2102      	movs	r1, #2
100037d6:	2001      	movs	r0, #1
100037d8:	f7fd fe6e 	bl	100014b8 <gpio_set_function>
100037dc:	f44f 31e1 	mov.w	r1, #115200	@ 0x1c200
100037e0:	6820      	ldr	r0, [r4, #0]
100037e2:	f7fd ff4b 	bl	1000167c <uart_init>
100037e6:	e8bd 4010 	ldmia.w	sp!, {r4, lr}
100037ea:	2101      	movs	r1, #1
100037ec:	4806      	ldr	r0, [pc, #24]	@ (10003808 <stdio_uart_init+0x50>)
100037ee:	f7ff be2b 	b.w	10003448 <stdio_set_driver_enabled>
100037f2:	bf00      	nop
100037f4:	40070000 	.word	0x40070000
100037f8:	200009b8 	.word	0x200009b8
100037fc:	10003c68 	.word	0x10003c68
10003800:	10003c64 	.word	0x10003c64
10003804:	10003c60 	.word	0x10003c60
10003808:	2000065c 	.word	0x2000065c

1000380c <memcmp>:
1000380c:	2a03      	cmp	r2, #3
1000380e:	b570      	push	{r4, r5, r6, lr}
10003810:	d911      	bls.n	10003836 <memcmp+0x2a>
10003812:	ea40 0301 	orr.w	r3, r0, r1
10003816:	079b      	lsls	r3, r3, #30
10003818:	d11e      	bne.n	10003858 <memcmp+0x4c>
1000381a:	4604      	mov	r4, r0
1000381c:	460b      	mov	r3, r1
1000381e:	e002      	b.n	10003826 <memcmp+0x1a>
10003820:	3a04      	subs	r2, #4
10003822:	2a03      	cmp	r2, #3
10003824:	d91c      	bls.n	10003860 <memcmp+0x54>
10003826:	4619      	mov	r1, r3
10003828:	4620      	mov	r0, r4
1000382a:	f853 5b04 	ldr.w	r5, [r3], #4
1000382e:	f854 6b04 	ldr.w	r6, [r4], #4
10003832:	42ae      	cmp	r6, r5
10003834:	d0f4      	beq.n	10003820 <memcmp+0x14>
10003836:	1e54      	subs	r4, r2, #1
10003838:	b1aa      	cbz	r2, 10003866 <memcmp+0x5a>
1000383a:	1e42      	subs	r2, r0, #1
1000383c:	3901      	subs	r1, #1
1000383e:	e001      	b.n	10003844 <memcmp+0x38>
10003840:	18c3      	adds	r3, r0, r3
10003842:	d00b      	beq.n	1000385c <memcmp+0x50>
10003844:	f812 ef01 	ldrb.w	lr, [r2, #1]!
10003848:	f811 cf01 	ldrb.w	ip, [r1, #1]!
1000384c:	1aa3      	subs	r3, r4, r2
1000384e:	45e6      	cmp	lr, ip
10003850:	d0f6      	beq.n	10003840 <memcmp+0x34>
10003852:	ebae 000c 	sub.w	r0, lr, ip
10003856:	bd70      	pop	{r4, r5, r6, pc}
10003858:	1e54      	subs	r4, r2, #1
1000385a:	e7ee      	b.n	1000383a <memcmp+0x2e>
1000385c:	4618      	mov	r0, r3
1000385e:	bd70      	pop	{r4, r5, r6, pc}
10003860:	4620      	mov	r0, r4
10003862:	4619      	mov	r1, r3
10003864:	e7e7      	b.n	10003836 <memcmp+0x2a>
10003866:	4610      	mov	r0, r2
10003868:	bd70      	pop	{r4, r5, r6, pc}
1000386a:	bf00      	nop

1000386c <memcpy>:
1000386c:	4684      	mov	ip, r0
1000386e:	ea41 0300 	orr.w	r3, r1, r0
10003872:	f013 0303 	ands.w	r3, r3, #3
10003876:	d149      	bne.n	1000390c <memcpy+0xa0>
10003878:	3a40      	subs	r2, #64	@ 0x40
1000387a:	d323      	bcc.n	100038c4 <memcpy+0x58>
1000387c:	680b      	ldr	r3, [r1, #0]
1000387e:	6003      	str	r3, [r0, #0]
10003880:	684b      	ldr	r3, [r1, #4]
10003882:	6043      	str	r3, [r0, #4]
10003884:	688b      	ldr	r3, [r1, #8]
10003886:	6083      	str	r3, [r0, #8]
10003888:	68cb      	ldr	r3, [r1, #12]
1000388a:	60c3      	str	r3, [r0, #12]
1000388c:	690b      	ldr	r3, [r1, #16]
1000388e:	6103      	str	r3, [r0, #16]
10003890:	694b      	ldr	r3, [r1, #20]
10003892:	6143      	str	r3, [r0, #20]
10003894:	698b      	ldr	r3, [r1, #24]
10003896:	6183      	str	r3, [r0, #24]
10003898:	69cb      	ldr	r3, [r1, #28]
1000389a:	61c3      	str	r3, [r0, #28]
1000389c:	6a0b      	ldr	r3, [r1, #32]
1000389e:	6203      	str	r3, [r0, #32]
100038a0:	6a4b      	ldr	r3, [r1, #36]	@ 0x24
100038a2:	6243      	str	r3, [r0, #36]	@ 0x24
100038a4:	6a8b      	ldr	r3, [r1, #40]	@ 0x28
100038a6:	6283      	str	r3, [r0, #40]	@ 0x28
100038a8:	6acb      	ldr	r3, [r1, #44]	@ 0x2c
100038aa:	62c3      	str	r3, [r0, #44]	@ 0x2c
100038ac:	6b0b      	ldr	r3, [r1, #48]	@ 0x30
100038ae:	6303      	str	r3, [r0, #48]	@ 0x30
100038b0:	6b4b      	ldr	r3, [r1, #52]	@ 0x34
100038b2:	6343      	str	r3, [r0, #52]	@ 0x34
100038b4:	6b8b      	ldr	r3, [r1, #56]	@ 0x38
100038b6:	6383      	str	r3, [r0, #56]	@ 0x38
100038b8:	6bcb      	ldr	r3, [r1, #60]	@ 0x3c
100038ba:	63c3      	str	r3, [r0, #60]	@ 0x3c
100038bc:	3040      	adds	r0, #64	@ 0x40
100038be:	3140      	adds	r1, #64	@ 0x40
100038c0:	3a40      	subs	r2, #64	@ 0x40
100038c2:	d2db      	bcs.n	1000387c <memcpy+0x10>
100038c4:	3230      	adds	r2, #48	@ 0x30
100038c6:	d30b      	bcc.n	100038e0 <memcpy+0x74>
100038c8:	680b      	ldr	r3, [r1, #0]
100038ca:	6003      	str	r3, [r0, #0]
100038cc:	684b      	ldr	r3, [r1, #4]
100038ce:	6043      	str	r3, [r0, #4]
100038d0:	688b      	ldr	r3, [r1, #8]
100038d2:	6083      	str	r3, [r0, #8]
100038d4:	68cb      	ldr	r3, [r1, #12]
100038d6:	60c3      	str	r3, [r0, #12]
100038d8:	3010      	adds	r0, #16
100038da:	3110      	adds	r1, #16
100038dc:	3a10      	subs	r2, #16
100038de:	d2f3      	bcs.n	100038c8 <memcpy+0x5c>
100038e0:	320c      	adds	r2, #12
100038e2:	d305      	bcc.n	100038f0 <memcpy+0x84>
100038e4:	f851 3b04 	ldr.w	r3, [r1], #4
100038e8:	f840 3b04 	str.w	r3, [r0], #4
100038ec:	3a04      	subs	r2, #4
100038ee:	d2f9      	bcs.n	100038e4 <memcpy+0x78>
100038f0:	3204      	adds	r2, #4
100038f2:	d008      	beq.n	10003906 <memcpy+0x9a>
100038f4:	07d2      	lsls	r2, r2, #31
100038f6:	bf1c      	itt	ne
100038f8:	f811 3b01 	ldrbne.w	r3, [r1], #1
100038fc:	f800 3b01 	strbne.w	r3, [r0], #1
10003900:	d301      	bcc.n	10003906 <memcpy+0x9a>
10003902:	880b      	ldrh	r3, [r1, #0]
10003904:	8003      	strh	r3, [r0, #0]
10003906:	4660      	mov	r0, ip
10003908:	4770      	bx	lr
1000390a:	bf00      	nop
1000390c:	2a08      	cmp	r2, #8
1000390e:	d313      	bcc.n	10003938 <memcpy+0xcc>
10003910:	078b      	lsls	r3, r1, #30
10003912:	d0b1      	beq.n	10003878 <memcpy+0xc>
10003914:	f010 0303 	ands.w	r3, r0, #3
10003918:	d0ae      	beq.n	10003878 <memcpy+0xc>
1000391a:	f1c3 0304 	rsb	r3, r3, #4
1000391e:	1ad2      	subs	r2, r2, r3
10003920:	07db      	lsls	r3, r3, #31
10003922:	bf1c      	itt	ne
10003924:	f811 3b01 	ldrbne.w	r3, [r1], #1
10003928:	f800 3b01 	strbne.w	r3, [r0], #1
1000392c:	d3a4      	bcc.n	10003878 <memcpy+0xc>
1000392e:	f831 3b02 	ldrh.w	r3, [r1], #2
10003932:	f820 3b02 	strh.w	r3, [r0], #2
10003936:	e79f      	b.n	10003878 <memcpy+0xc>
10003938:	3a04      	subs	r2, #4
1000393a:	d3d9      	bcc.n	100038f0 <memcpy+0x84>
1000393c:	3a01      	subs	r2, #1
1000393e:	f811 3b01 	ldrb.w	r3, [r1], #1
10003942:	f800 3b01 	strb.w	r3, [r0], #1
10003946:	d2f9      	bcs.n	1000393c <memcpy+0xd0>
10003948:	780b      	ldrb	r3, [r1, #0]
1000394a:	7003      	strb	r3, [r0, #0]
1000394c:	784b      	ldrb	r3, [r1, #1]
1000394e:	7043      	strb	r3, [r0, #1]
10003950:	788b      	ldrb	r3, [r1, #2]
10003952:	7083      	strb	r3, [r0, #2]
10003954:	4660      	mov	r0, ip
10003956:	4770      	bx	lr

10003958 <strlen>:
10003958:	f020 0103 	bic.w	r1, r0, #3
1000395c:	f010 0003 	ands.w	r0, r0, #3
10003960:	f1c0 0000 	rsb	r0, r0, #0
10003964:	f851 3b04 	ldr.w	r3, [r1], #4
10003968:	f100 0c04 	add.w	ip, r0, #4
1000396c:	ea4f 0ccc 	mov.w	ip, ip, lsl #3
10003970:	f06f 0200 	mvn.w	r2, #0
10003974:	bf1c      	itt	ne
10003976:	fa22 f20c 	lsrne.w	r2, r2, ip
1000397a:	4313      	orrne	r3, r2
1000397c:	f04f 0c01 	mov.w	ip, #1
10003980:	ea4c 2c0c 	orr.w	ip, ip, ip, lsl #8
10003984:	ea4c 4c0c 	orr.w	ip, ip, ip, lsl #16
10003988:	eba3 020c 	sub.w	r2, r3, ip
1000398c:	ea22 0203 	bic.w	r2, r2, r3
10003990:	ea12 12cc 	ands.w	r2, r2, ip, lsl #7
10003994:	bf04      	itt	eq
10003996:	f851 3b04 	ldreq.w	r3, [r1], #4
1000399a:	3004      	addeq	r0, #4
1000399c:	d0f4      	beq.n	10003988 <strlen+0x30>
1000399e:	f1c2 0100 	rsb	r1, r2, #0
100039a2:	ea02 0201 	and.w	r2, r2, r1
100039a6:	fab2 f282 	clz	r2, r2
100039aa:	f1c2 021f 	rsb	r2, r2, #31
100039ae:	eb00 00d2 	add.w	r0, r0, r2, lsr #3
100039b2:	4770      	bx	lr

100039b4 <_fini>:
100039b4:	b5f8      	push	{r3, r4, r5, r6, r7, lr}
100039b6:	bf00      	nop

100039b8 <____aeabi_uldivmod_veneer>:
100039b8:	f85f f000 	ldr.w	pc, [pc]	@ 100039bc <____aeabi_uldivmod_veneer+0x4>
100039bc:	200002c1 	.word	0x200002c1

100039c0 <__mutex_exit_veneer>:
100039c0:	f85f f000 	ldr.w	pc, [pc]	@ 100039c4 <__mutex_exit_veneer+0x4>
100039c4:	20000285 	.word	0x20000285

100039c8 <__mutex_try_enter_block_until_veneer>:
100039c8:	f85f f000 	ldr.w	pc, [pc]	@ 100039cc <__mutex_try_enter_block_until_veneer+0x4>
100039cc:	20000219 	.word	0x20000219

100039d0 <__pre_init_runtime_init_bootrom_reset>:
100039d0:	1000183d                                =...

100039d4 <__pre_init_runtime_init_early_resets>:
100039d4:	100017b1                                ....

100039d8 <__pre_init_runtime_init_usb_power_down>:
100039d8:	100017e5                                ....

100039dc <__pre_init_runtime_init_clocks>:
100039dc:	10001889                                ....

100039e0 <__pre_init_runtime_init_post_clock_resets>:
100039e0:	1000181d                                ....

100039e4 <__pre_init_runtime_init_boot_locks_reset>:
100039e4:	10001635                                5...

100039e8 <__pre_init_runtime_init_spin_locks_reset>:
100039e8:	10001865                                e...

100039ec <__pre_init_runtime_init_bootrom_locking_enable>:
100039ec:	10001621                                !...

100039f0 <__pre_init_runtime_init_mutex>:
100039f0:	10001389                                ....

100039f4 <__pre_init_runtime_init_install_ram_vector_table>:
100039f4:	10001869                                i...

100039f8 <__pre_init_runtime_init_default_alarm_pool>:
100039f8:	10000b49                                I...

100039fc <__pre_init_first_per_core_initializer>:
100039fc:	10001781                                ....

10003a00 <__pre_init_runtime_init_per_core_bootrom_reset>:
10003a00:	10001851                                Q...

10003a04 <__pre_init_runtime_init_per_core_enable_coprocessors>:
10003a04:	10001801                                ....

10003a08 <__pre_init_spinlock_set_extexclall>:
10003a08:	10000801                                ....

10003a0c <__pre_init_runtime_init_per_core_irq_priorities>:
10003a0c:	10000ff9                                ....

10003a10 <__frame_dummy_init_array_entry>:
10003a10:	1000025d                                ]...

Disassembly of section .data:

20000110 <i2c_slave_irq_handler>:
20000110:	e92d 41f0 	stmdb	sp!, {r4, r5, r6, r7, r8, lr}
20000114:	f3ef 8405 	mrs	r4, IPSR
20000118:	b2e4      	uxtb	r4, r4
2000011a:	4b20      	ldr	r3, [pc, #128]	@ (2000019c <i2c_slave_irq_handler+0x8c>)
2000011c:	3c34      	subs	r4, #52	@ 0x34
2000011e:	4e20      	ldr	r6, [pc, #128]	@ (200001a0 <i2c_slave_irq_handler+0x90>)
20000120:	bf08      	it	eq
20000122:	461e      	moveq	r6, r3
20000124:	6837      	ldr	r7, [r6, #0]
20000126:	6afd      	ldr	r5, [r7, #44]	@ 0x2c
20000128:	b37d      	cbz	r5, 2000018a <i2c_slave_irq_handler+0x7a>
2000012a:	0669      	lsls	r1, r5, #25
2000012c:	d52f      	bpl.n	2000018e <i2c_slave_irq_handler+0x7e>
2000012e:	0568      	lsls	r0, r5, #21
20000130:	6d7b      	ldr	r3, [r7, #84]	@ 0x54
20000132:	d42e      	bmi.n	20000192 <i2c_slave_irq_handler+0x82>
20000134:	05a9      	lsls	r1, r5, #22
20000136:	d500      	bpl.n	2000013a <i2c_slave_irq_handler+0x2a>
20000138:	6e3b      	ldr	r3, [r7, #96]	@ 0x60
2000013a:	4b1a      	ldr	r3, [pc, #104]	@ (200001a4 <i2c_slave_irq_handler+0x94>)
2000013c:	eb03 08c4 	add.w	r8, r3, r4, lsl #3
20000140:	f898 2004 	ldrb.w	r2, [r8, #4]
20000144:	b13a      	cbz	r2, 20000156 <i2c_slave_irq_handler+0x46>
20000146:	f853 3034 	ldr.w	r3, [r3, r4, lsl #3]
2000014a:	2102      	movs	r1, #2
2000014c:	4630      	mov	r0, r6
2000014e:	4798      	blx	r3
20000150:	2300      	movs	r3, #0
20000152:	f888 3004 	strb.w	r3, [r8, #4]
20000156:	076a      	lsls	r2, r5, #29
20000158:	d509      	bpl.n	2000016e <i2c_slave_irq_handler+0x5e>
2000015a:	2101      	movs	r1, #1
2000015c:	4b11      	ldr	r3, [pc, #68]	@ (200001a4 <i2c_slave_irq_handler+0x94>)
2000015e:	4630      	mov	r0, r6
20000160:	eb03 02c4 	add.w	r2, r3, r4, lsl #3
20000164:	7111      	strb	r1, [r2, #4]
20000166:	f853 3034 	ldr.w	r3, [r3, r4, lsl #3]
2000016a:	2100      	movs	r1, #0
2000016c:	4798      	blx	r3
2000016e:	06ab      	lsls	r3, r5, #26
20000170:	d50b      	bpl.n	2000018a <i2c_slave_irq_handler+0x7a>
20000172:	2101      	movs	r1, #1
20000174:	4b0b      	ldr	r3, [pc, #44]	@ (200001a4 <i2c_slave_irq_handler+0x94>)
20000176:	6d3a      	ldr	r2, [r7, #80]	@ 0x50
20000178:	4630      	mov	r0, r6
2000017a:	eb03 02c4 	add.w	r2, r3, r4, lsl #3
2000017e:	f853 3034 	ldr.w	r3, [r3, r4, lsl #3]
20000182:	e8bd 41f0 	ldmia.w	sp!, {r4, r5, r6, r7, r8, lr}
20000186:	7111      	strb	r1, [r2, #4]
20000188:	4718      	bx	r3
2000018a:	e8bd 81f0 	ldmia.w	sp!, {r4, r5, r6, r7, r8, pc}
2000018e:	056a      	lsls	r2, r5, #21
20000190:	d501      	bpl.n	20000196 <i2c_slave_irq_handler+0x86>
20000192:	6e7b      	ldr	r3, [r7, #100]	@ 0x64
20000194:	e7ce      	b.n	20000134 <i2c_slave_irq_handler+0x24>
20000196:	05ab      	lsls	r3, r5, #22
20000198:	d4ce      	bmi.n	20000138 <i2c_slave_irq_handler+0x28>
2000019a:	e7dc      	b.n	20000156 <i2c_slave_irq_handler+0x46>
2000019c:	200005f0 	.word	0x200005f0
200001a0:	200005e8 	.word	0x200005e8
200001a4:	2000097c 	.word	0x2000097c

200001a8 <mutex_enter_block_until>:
200001a8:	f04f 4150 	mov.w	r1, #3489660928	@ 0xd0000000
200001ac:	e92d 41f0 	stmdb	sp!, {r4, r5, r6, r7, r8, lr}
200001b0:	2700      	movs	r7, #0
200001b2:	4604      	mov	r4, r0
200001b4:	4616      	mov	r6, r2
200001b6:	461d      	mov	r5, r3
200001b8:	f8d1 8000 	ldr.w	r8, [r1]
200001bc:	e009      	b.n	200001d2 <mutex_enter_block_until+0x2a>
200001be:	6823      	ldr	r3, [r4, #0]
200001c0:	e8c3 7f8f 	stlb	r7, [r3]
200001c4:	f38c 8810 	msr	PRIMASK, ip
200001c8:	4630      	mov	r0, r6
200001ca:	4629      	mov	r1, r5
200001cc:	f000 fa08 	bl	200005e0 <__best_effort_wfe_or_timeout_veneer>
200001d0:	b9f0      	cbnz	r0, 20000210 <mutex_enter_block_until+0x68>
200001d2:	6821      	ldr	r1, [r4, #0]
200001d4:	f3ef 8c10 	mrs	ip, PRIMASK
200001d8:	b672      	cpsid	i
200001da:	e8d1 2fcf 	ldaexb	r2, [r1]
200001de:	2301      	movs	r3, #1
200001e0:	2a00      	cmp	r2, #0
200001e2:	d1fa      	bne.n	200001da <mutex_enter_block_until+0x32>
200001e4:	e8c1 3f42 	strexb	r2, r3, [r1]
200001e8:	2a00      	cmp	r2, #0
200001ea:	d1f6      	bne.n	200001da <mutex_enter_block_until+0x32>
200001ec:	f3bf 8f5f 	dmb	sy
200001f0:	f994 e004 	ldrsb.w	lr, [r4, #4]
200001f4:	f1be 0f00 	cmp.w	lr, #0
200001f8:	dae1      	bge.n	200001be <mutex_enter_block_until+0x16>
200001fa:	2300      	movs	r3, #0
200001fc:	6822      	ldr	r2, [r4, #0]
200001fe:	f884 8004 	strb.w	r8, [r4, #4]
20000202:	e8c2 3f8f 	stlb	r3, [r2]
20000206:	f38c 8810 	msr	PRIMASK, ip
2000020a:	2001      	movs	r0, #1
2000020c:	e8bd 81f0 	ldmia.w	sp!, {r4, r5, r6, r7, r8, pc}
20000210:	2000      	movs	r0, #0
20000212:	e8bd 81f0 	ldmia.w	sp!, {r4, r5, r6, r7, r8, pc}
20000216:	bf00      	nop

20000218 <mutex_try_enter_block_until>:
20000218:	b530      	push	{r4, r5, lr}
2000021a:	4601      	mov	r1, r0
2000021c:	6804      	ldr	r4, [r0, #0]
2000021e:	f3ef 8c10 	mrs	ip, PRIMASK
20000222:	b672      	cpsid	i
20000224:	e8d4 efcf 	ldaexb	lr, [r4]
20000228:	2501      	movs	r5, #1
2000022a:	f1be 0f00 	cmp.w	lr, #0
2000022e:	d1f9      	bne.n	20000224 <mutex_try_enter_block_until+0xc>
20000230:	e8c4 5f4e 	strexb	lr, r5, [r4]
20000234:	f1be 0f00 	cmp.w	lr, #0
20000238:	d1f4      	bne.n	20000224 <mutex_try_enter_block_until+0xc>
2000023a:	f3bf 8f5f 	dmb	sy
2000023e:	f990 4004 	ldrsb.w	r4, [r0, #4]
20000242:	2c00      	cmp	r4, #0
20000244:	db11      	blt.n	2000026a <mutex_try_enter_block_until+0x52>
20000246:	2100      	movs	r1, #0
20000248:	6805      	ldr	r5, [r0, #0]
2000024a:	e8c5 1f8f 	stlb	r1, [r5]
2000024e:	f38c 8810 	msr	PRIMASK, ip
20000252:	f04f 4c50 	mov.w	ip, #3489660928	@ 0xd0000000
20000256:	f99c c000 	ldrsb.w	ip, [ip]
2000025a:	45a4      	cmp	ip, r4
2000025c:	d101      	bne.n	20000262 <mutex_try_enter_block_until+0x4a>
2000025e:	4608      	mov	r0, r1
20000260:	bd30      	pop	{r4, r5, pc}
20000262:	e8bd 4030 	ldmia.w	sp!, {r4, r5, lr}
20000266:	f7ff bf9f 	b.w	200001a8 <mutex_enter_block_until>
2000026a:	f04f 4050 	mov.w	r0, #3489660928	@ 0xd0000000
2000026e:	6800      	ldr	r0, [r0, #0]
20000270:	2300      	movs	r3, #0
20000272:	680a      	ldr	r2, [r1, #0]
20000274:	7108      	strb	r0, [r1, #4]
20000276:	e8c2 3f8f 	stlb	r3, [r2]
2000027a:	f38c 8810 	msr	PRIMASK, ip
2000027e:	2001      	movs	r0, #1
20000280:	bd30      	pop	{r4, r5, pc}
20000282:	bf00      	nop

20000284 <mutex_exit>:
20000284:	6803      	ldr	r3, [r0, #0]
20000286:	f3ef 8210 	mrs	r2, PRIMASK
2000028a:	b672      	cpsid	i
2000028c:	e8d3 cfcf 	ldaexb	ip, [r3]
20000290:	2101      	movs	r1, #1
20000292:	f1bc 0f00 	cmp.w	ip, #0
20000296:	d1f9      	bne.n	2000028c <mutex_exit+0x8>
20000298:	e8c3 1f4c 	strexb	ip, r1, [r3]
2000029c:	f1bc 0f00 	cmp.w	ip, #0
200002a0:	d1f4      	bne.n	2000028c <mutex_exit+0x8>
200002a2:	f3bf 8f5f 	dmb	sy
200002a6:	f04f 0cff 	mov.w	ip, #255	@ 0xff
200002aa:	2300      	movs	r3, #0
200002ac:	6801      	ldr	r1, [r0, #0]
200002ae:	f880 c004 	strb.w	ip, [r0, #4]
200002b2:	e8c1 3f8f 	stlb	r3, [r1]
200002b6:	f382 8810 	msr	PRIMASK, r2
200002ba:	bf40      	sev
200002bc:	4770      	bx	lr
200002be:	bf00      	nop

200002c0 <__aeabi_uldivmod>:
200002c0:	b953      	cbnz	r3, 200002d8 <__aeabi_uldivmod+0x18>
200002c2:	b94a      	cbnz	r2, 200002d8 <__aeabi_uldivmod+0x18>
200002c4:	2900      	cmp	r1, #0
200002c6:	bf08      	it	eq
200002c8:	2800      	cmpeq	r0, #0
200002ca:	bf1c      	itt	ne
200002cc:	f04f 31ff 	movne.w	r1, #4294967295	@ 0xffffffff
200002d0:	f04f 30ff 	movne.w	r0, #4294967295	@ 0xffffffff
200002d4:	f000 b982 	b.w	200005dc <__aeabi_idiv0>
200002d8:	f1ad 0c08 	sub.w	ip, sp, #8
200002dc:	e96d ce04 	strd	ip, lr, [sp, #-16]!
200002e0:	f000 f806 	bl	200002f0 <__udivmoddi4>
200002e4:	f8dd e004 	ldr.w	lr, [sp, #4]
200002e8:	e9dd 2302 	ldrd	r2, r3, [sp, #8]
200002ec:	b004      	add	sp, #16
200002ee:	4770      	bx	lr

200002f0 <__udivmoddi4>:
200002f0:	e92d 4ff0 	stmdb	sp!, {r4, r5, r6, r7, r8, r9, sl, fp, lr}
200002f4:	9d09      	ldr	r5, [sp, #36]	@ 0x24
200002f6:	460c      	mov	r4, r1
200002f8:	2b00      	cmp	r3, #0
200002fa:	d14d      	bne.n	20000398 <__udivmoddi4+0xa8>
200002fc:	428a      	cmp	r2, r1
200002fe:	460f      	mov	r7, r1
20000300:	4684      	mov	ip, r0
20000302:	4696      	mov	lr, r2
20000304:	fab2 f382 	clz	r3, r2
20000308:	d960      	bls.n	200003cc <__udivmoddi4+0xdc>
2000030a:	b14b      	cbz	r3, 20000320 <__udivmoddi4+0x30>
2000030c:	fa02 fe03 	lsl.w	lr, r2, r3
20000310:	f1c3 0220 	rsb	r2, r3, #32
20000314:	409f      	lsls	r7, r3
20000316:	fa00 fc03 	lsl.w	ip, r0, r3
2000031a:	fa20 f202 	lsr.w	r2, r0, r2
2000031e:	4317      	orrs	r7, r2
20000320:	ea4f 461e 	mov.w	r6, lr, lsr #16
20000324:	fa1f f48e 	uxth.w	r4, lr
20000328:	ea4f 421c 	mov.w	r2, ip, lsr #16
2000032c:	fbb7 f1f6 	udiv	r1, r7, r6
20000330:	fb06 7711 	mls	r7, r6, r1, r7
20000334:	fb01 f004 	mul.w	r0, r1, r4
20000338:	ea42 4207 	orr.w	r2, r2, r7, lsl #16
2000033c:	4290      	cmp	r0, r2
2000033e:	d908      	bls.n	20000352 <__udivmoddi4+0x62>
20000340:	eb1e 0202 	adds.w	r2, lr, r2
20000344:	f101 37ff 	add.w	r7, r1, #4294967295	@ 0xffffffff
20000348:	d202      	bcs.n	20000350 <__udivmoddi4+0x60>
2000034a:	4290      	cmp	r0, r2
2000034c:	f200 8131 	bhi.w	200005b2 <__udivmoddi4+0x2c2>
20000350:	4639      	mov	r1, r7
20000352:	1a12      	subs	r2, r2, r0
20000354:	fa1f fc8c 	uxth.w	ip, ip
20000358:	fbb2 f0f6 	udiv	r0, r2, r6
2000035c:	fb06 2210 	mls	r2, r6, r0, r2
20000360:	fb00 f404 	mul.w	r4, r0, r4
20000364:	ea4c 4c02 	orr.w	ip, ip, r2, lsl #16
20000368:	4564      	cmp	r4, ip
2000036a:	d908      	bls.n	2000037e <__udivmoddi4+0x8e>
2000036c:	eb1e 0c0c 	adds.w	ip, lr, ip
20000370:	f100 32ff 	add.w	r2, r0, #4294967295	@ 0xffffffff
20000374:	d202      	bcs.n	2000037c <__udivmoddi4+0x8c>
20000376:	4564      	cmp	r4, ip
20000378:	f200 811e 	bhi.w	200005b8 <__udivmoddi4+0x2c8>
2000037c:	4610      	mov	r0, r2
2000037e:	ea40 4001 	orr.w	r0, r0, r1, lsl #16
20000382:	ebac 0c04 	sub.w	ip, ip, r4
20000386:	2100      	movs	r1, #0
20000388:	b125      	cbz	r5, 20000394 <__udivmoddi4+0xa4>
2000038a:	fa2c f303 	lsr.w	r3, ip, r3
2000038e:	2200      	movs	r2, #0
20000390:	e9c5 3200 	strd	r3, r2, [r5]
20000394:	e8bd 8ff0 	ldmia.w	sp!, {r4, r5, r6, r7, r8, r9, sl, fp, pc}
20000398:	428b      	cmp	r3, r1
2000039a:	d905      	bls.n	200003a8 <__udivmoddi4+0xb8>
2000039c:	b10d      	cbz	r5, 200003a2 <__udivmoddi4+0xb2>
2000039e:	e9c5 0100 	strd	r0, r1, [r5]
200003a2:	2100      	movs	r1, #0
200003a4:	4608      	mov	r0, r1
200003a6:	e7f5      	b.n	20000394 <__udivmoddi4+0xa4>
200003a8:	fab3 f183 	clz	r1, r3
200003ac:	2900      	cmp	r1, #0
200003ae:	d14d      	bne.n	2000044c <__udivmoddi4+0x15c>
200003b0:	42a3      	cmp	r3, r4
200003b2:	f0c0 80f3 	bcc.w	2000059c <__udivmoddi4+0x2ac>
200003b6:	4290      	cmp	r0, r2
200003b8:	f080 80f0 	bcs.w	2000059c <__udivmoddi4+0x2ac>
200003bc:	4606      	mov	r6, r0
200003be:	4623      	mov	r3, r4
200003c0:	4608      	mov	r0, r1
200003c2:	2d00      	cmp	r5, #0
200003c4:	d0e6      	beq.n	20000394 <__udivmoddi4+0xa4>
200003c6:	e9c5 6300 	strd	r6, r3, [r5]
200003ca:	e7e3      	b.n	20000394 <__udivmoddi4+0xa4>
200003cc:	2b00      	cmp	r3, #0
200003ce:	f040 80a3 	bne.w	20000518 <__udivmoddi4+0x228>
200003d2:	1a8a      	subs	r2, r1, r2
200003d4:	ea4f 471e 	mov.w	r7, lr, lsr #16
200003d8:	fa1f f68e 	uxth.w	r6, lr
200003dc:	2101      	movs	r1, #1
200003de:	fbb2 f4f7 	udiv	r4, r2, r7
200003e2:	fb07 2014 	mls	r0, r7, r4, r2
200003e6:	ea4f 421c 	mov.w	r2, ip, lsr #16
200003ea:	ea42 4200 	orr.w	r2, r2, r0, lsl #16
200003ee:	fb06 f004 	mul.w	r0, r6, r4
200003f2:	4290      	cmp	r0, r2
200003f4:	d90f      	bls.n	20000416 <__udivmoddi4+0x126>
200003f6:	eb1e 0202 	adds.w	r2, lr, r2
200003fa:	f104 38ff 	add.w	r8, r4, #4294967295	@ 0xffffffff
200003fe:	bf2c      	ite	cs
20000400:	f04f 0901 	movcs.w	r9, #1
20000404:	f04f 0900 	movcc.w	r9, #0
20000408:	4290      	cmp	r0, r2
2000040a:	d903      	bls.n	20000414 <__udivmoddi4+0x124>
2000040c:	f1b9 0f00 	cmp.w	r9, #0
20000410:	f000 80cc 	beq.w	200005ac <__udivmoddi4+0x2bc>
20000414:	4644      	mov	r4, r8
20000416:	1a12      	subs	r2, r2, r0
20000418:	fa1f fc8c 	uxth.w	ip, ip
2000041c:	fbb2 f0f7 	udiv	r0, r2, r7
20000420:	fb07 2210 	mls	r2, r7, r0, r2
20000424:	fb00 f606 	mul.w	r6, r0, r6
20000428:	ea4c 4c02 	orr.w	ip, ip, r2, lsl #16
2000042c:	4566      	cmp	r6, ip
2000042e:	d908      	bls.n	20000442 <__udivmoddi4+0x152>
20000430:	eb1e 0c0c 	adds.w	ip, lr, ip
20000434:	f100 32ff 	add.w	r2, r0, #4294967295	@ 0xffffffff
20000438:	d202      	bcs.n	20000440 <__udivmoddi4+0x150>
2000043a:	4566      	cmp	r6, ip
2000043c:	f200 80b3 	bhi.w	200005a6 <__udivmoddi4+0x2b6>
20000440:	4610      	mov	r0, r2
20000442:	ebac 0c06 	sub.w	ip, ip, r6
20000446:	ea40 4004 	orr.w	r0, r0, r4, lsl #16
2000044a:	e79d      	b.n	20000388 <__udivmoddi4+0x98>
2000044c:	f1c1 0620 	rsb	r6, r1, #32
20000450:	408b      	lsls	r3, r1
20000452:	fa04 fe01 	lsl.w	lr, r4, r1
20000456:	fa22 f706 	lsr.w	r7, r2, r6
2000045a:	fa20 fc06 	lsr.w	ip, r0, r6
2000045e:	40f4      	lsrs	r4, r6
20000460:	408a      	lsls	r2, r1
20000462:	431f      	orrs	r7, r3
20000464:	ea4e 030c 	orr.w	r3, lr, ip
20000468:	fa00 fe01 	lsl.w	lr, r0, r1
2000046c:	ea4f 4817 	mov.w	r8, r7, lsr #16
20000470:	ea4f 4913 	mov.w	r9, r3, lsr #16
20000474:	fa1f fc87 	uxth.w	ip, r7
20000478:	fbb4 f0f8 	udiv	r0, r4, r8
2000047c:	fb08 4410 	mls	r4, r8, r0, r4
20000480:	ea49 4404 	orr.w	r4, r9, r4, lsl #16
20000484:	fb00 f90c 	mul.w	r9, r0, ip
20000488:	45a1      	cmp	r9, r4
2000048a:	d90e      	bls.n	200004aa <__udivmoddi4+0x1ba>
2000048c:	193c      	adds	r4, r7, r4
2000048e:	f100 3aff 	add.w	sl, r0, #4294967295	@ 0xffffffff
20000492:	bf2c      	ite	cs
20000494:	f04f 0b01 	movcs.w	fp, #1
20000498:	f04f 0b00 	movcc.w	fp, #0
2000049c:	45a1      	cmp	r9, r4
2000049e:	d903      	bls.n	200004a8 <__udivmoddi4+0x1b8>
200004a0:	f1bb 0f00 	cmp.w	fp, #0
200004a4:	f000 808b 	beq.w	200005be <__udivmoddi4+0x2ce>
200004a8:	4650      	mov	r0, sl
200004aa:	eba4 0409 	sub.w	r4, r4, r9
200004ae:	fa1f f983 	uxth.w	r9, r3
200004b2:	fbb4 f3f8 	udiv	r3, r4, r8
200004b6:	fb08 4413 	mls	r4, r8, r3, r4
200004ba:	fb03 fc0c 	mul.w	ip, r3, ip
200004be:	ea49 4404 	orr.w	r4, r9, r4, lsl #16
200004c2:	45a4      	cmp	ip, r4
200004c4:	d906      	bls.n	200004d4 <__udivmoddi4+0x1e4>
200004c6:	193c      	adds	r4, r7, r4
200004c8:	f103 38ff 	add.w	r8, r3, #4294967295	@ 0xffffffff
200004cc:	d201      	bcs.n	200004d2 <__udivmoddi4+0x1e2>
200004ce:	45a4      	cmp	ip, r4
200004d0:	d87b      	bhi.n	200005ca <__udivmoddi4+0x2da>
200004d2:	4643      	mov	r3, r8
200004d4:	ea43 4000 	orr.w	r0, r3, r0, lsl #16
200004d8:	eba4 040c 	sub.w	r4, r4, ip
200004dc:	fba0 9802 	umull	r9, r8, r0, r2
200004e0:	4544      	cmp	r4, r8
200004e2:	46cc      	mov	ip, r9
200004e4:	4643      	mov	r3, r8
200004e6:	d302      	bcc.n	200004ee <__udivmoddi4+0x1fe>
200004e8:	d106      	bne.n	200004f8 <__udivmoddi4+0x208>
200004ea:	45ce      	cmp	lr, r9
200004ec:	d204      	bcs.n	200004f8 <__udivmoddi4+0x208>
200004ee:	3801      	subs	r0, #1
200004f0:	ebb9 0c02 	subs.w	ip, r9, r2
200004f4:	eb68 0307 	sbc.w	r3, r8, r7
200004f8:	2d00      	cmp	r5, #0
200004fa:	d06c      	beq.n	200005d6 <__udivmoddi4+0x2e6>
200004fc:	ebbe 020c 	subs.w	r2, lr, ip
20000500:	eb64 0403 	sbc.w	r4, r4, r3
20000504:	fa22 f301 	lsr.w	r3, r2, r1
20000508:	fa04 f606 	lsl.w	r6, r4, r6
2000050c:	40cc      	lsrs	r4, r1
2000050e:	2100      	movs	r1, #0
20000510:	431e      	orrs	r6, r3
20000512:	e9c5 6400 	strd	r6, r4, [r5]
20000516:	e73d      	b.n	20000394 <__udivmoddi4+0xa4>
20000518:	fa02 fe03 	lsl.w	lr, r2, r3
2000051c:	f1c3 0120 	rsb	r1, r3, #32
20000520:	fa04 f203 	lsl.w	r2, r4, r3
20000524:	fa00 fc03 	lsl.w	ip, r0, r3
20000528:	40cc      	lsrs	r4, r1
2000052a:	ea4f 471e 	mov.w	r7, lr, lsr #16
2000052e:	fa20 f101 	lsr.w	r1, r0, r1
20000532:	fa1f f68e 	uxth.w	r6, lr
20000536:	fbb4 f0f7 	udiv	r0, r4, r7
2000053a:	430a      	orrs	r2, r1
2000053c:	fb07 4410 	mls	r4, r7, r0, r4
20000540:	0c11      	lsrs	r1, r2, #16
20000542:	ea41 4104 	orr.w	r1, r1, r4, lsl #16
20000546:	fb00 f406 	mul.w	r4, r0, r6
2000054a:	428c      	cmp	r4, r1
2000054c:	d90e      	bls.n	2000056c <__udivmoddi4+0x27c>
2000054e:	eb1e 0101 	adds.w	r1, lr, r1
20000552:	f100 38ff 	add.w	r8, r0, #4294967295	@ 0xffffffff
20000556:	bf2c      	ite	cs
20000558:	f04f 0901 	movcs.w	r9, #1
2000055c:	f04f 0900 	movcc.w	r9, #0
20000560:	428c      	cmp	r4, r1
20000562:	d902      	bls.n	2000056a <__udivmoddi4+0x27a>
20000564:	f1b9 0f00 	cmp.w	r9, #0
20000568:	d02c      	beq.n	200005c4 <__udivmoddi4+0x2d4>
2000056a:	4640      	mov	r0, r8
2000056c:	1b09      	subs	r1, r1, r4
2000056e:	b292      	uxth	r2, r2
20000570:	fbb1 f4f7 	udiv	r4, r1, r7
20000574:	fb07 1114 	mls	r1, r7, r4, r1
20000578:	ea42 4201 	orr.w	r2, r2, r1, lsl #16
2000057c:	fb04 f106 	mul.w	r1, r4, r6
20000580:	4291      	cmp	r1, r2
20000582:	d907      	bls.n	20000594 <__udivmoddi4+0x2a4>
20000584:	eb1e 0202 	adds.w	r2, lr, r2
20000588:	f104 38ff 	add.w	r8, r4, #4294967295	@ 0xffffffff
2000058c:	d201      	bcs.n	20000592 <__udivmoddi4+0x2a2>
2000058e:	4291      	cmp	r1, r2
20000590:	d81e      	bhi.n	200005d0 <__udivmoddi4+0x2e0>
20000592:	4644      	mov	r4, r8
20000594:	1a52      	subs	r2, r2, r1
20000596:	ea44 4100 	orr.w	r1, r4, r0, lsl #16
2000059a:	e720      	b.n	200003de <__udivmoddi4+0xee>
2000059c:	1a86      	subs	r6, r0, r2
2000059e:	eb64 0303 	sbc.w	r3, r4, r3
200005a2:	2001      	movs	r0, #1
200005a4:	e70d      	b.n	200003c2 <__udivmoddi4+0xd2>
200005a6:	44f4      	add	ip, lr
200005a8:	3802      	subs	r0, #2
200005aa:	e74a      	b.n	20000442 <__udivmoddi4+0x152>
200005ac:	3c02      	subs	r4, #2
200005ae:	4472      	add	r2, lr
200005b0:	e731      	b.n	20000416 <__udivmoddi4+0x126>
200005b2:	3902      	subs	r1, #2
200005b4:	4472      	add	r2, lr
200005b6:	e6cc      	b.n	20000352 <__udivmoddi4+0x62>
200005b8:	44f4      	add	ip, lr
200005ba:	3802      	subs	r0, #2
200005bc:	e6df      	b.n	2000037e <__udivmoddi4+0x8e>
200005be:	3802      	subs	r0, #2
200005c0:	443c      	add	r4, r7
200005c2:	e772      	b.n	200004aa <__udivmoddi4+0x1ba>
200005c4:	3802      	subs	r0, #2
200005c6:	4471      	add	r1, lr
200005c8:	e7d0      	b.n	2000056c <__udivmoddi4+0x27c>
200005ca:	3b02      	subs	r3, #2
200005cc:	443c      	add	r4, r7
200005ce:	e781      	b.n	200004d4 <__udivmoddi4+0x1e4>
200005d0:	3c02      	subs	r4, #2
200005d2:	4472      	add	r2, lr
200005d4:	e7de      	b.n	20000594 <__udivmoddi4+0x2a4>
200005d6:	4629      	mov	r1, r5
200005d8:	e6dc      	b.n	20000394 <__udivmoddi4+0xa4>
200005da:	bf00      	nop

200005dc <__aeabi_idiv0>:
200005dc:	4770      	bx	lr
200005de:	bf00      	nop

200005e0 <__best_effort_wfe_or_timeout_veneer>:
200005e0:	f85f f000 	ldr.w	pc, [pc]	@ 200005e4 <__best_effort_wfe_or_timeout_veneer+0x4>
200005e4:	10000e79 	.word	0x10000e79

200005e8 <i2c1_inst>:
200005e8:	40098000 00000000                       ...@....

200005f0 <i2c0_inst>:
200005f0:	40090000 00000000                       ...@....

200005f8 <striped_spin_lock_num>:
200005f8:	00000010                                ....

200005fc <default_alarm_pool>:
	...
20000610:	20000680                                ... 

20000614 <irq_handler_chain_slots>:
20000614:	00000000 	.word	0x00000000
20000618:	00010000 	.word	0x00010000
	...
20000624:	00020000 	.word	0x00020000
	...
20000630:	00030000 	.word	0x00030000
	...
2000063c:	00ff0000 	.word	0x00ff0000
20000640:	00000000 	.word	0x00000000

20000644 <irq_handler_chain_first_slot>:
20000644:	b501      	push	{r0, lr}
20000646:	6848      	ldr	r0, [r1, #4]
20000648:	3101      	adds	r1, #1
2000064a:	468e      	mov	lr, r1
2000064c:	4700      	bx	r0

2000064e <irq_handler_chain_remove_tail>:
2000064e:	4670      	mov	r0, lr
20000650:	3809      	subs	r0, #9
20000652:	4901      	ldr	r1, [pc, #4]	@ (20000658 <irq_handler_chain_remove_tail+0xa>)
20000654:	4788      	blx	r1
20000656:	bd01      	pop	{r0, pc}
20000658:	100012c1 	.word	0x100012c1

2000065c <stdio_uart>:
2000065c:	10003621 10003725 10003671 10003735     !6..%7..q6..57..
2000066c:	00000000 00000100                       ........

20000674 <print_mutex>:
	...
