
/home/devel/rp2040-rp2350-freertos/build-2350/freertos/Scheduling/Scheduling.elf:     file format elf32-littlearm

Sections:
Idx Name          Size      VMA       LMA       File off  Algn
  0 .text         00004a90  10000000  10000000  00001000  2**4
                  CONTENTS, ALLOC, LOAD, READONLY, CODE
  1 .rodata       000001c4  10004a90  10004a90  00005a90  2**2
                  CONTENTS, ALLOC, LOAD, READONLY, DATA
  2 .ARM.exidx    00000008  10004c54  10004c54  00005c54  2**2
                  CONTENTS, ALLOC, LOAD, READONLY, DATA
  3 .binary_info  00000028  10004c5c  10004c5c  00005c5c  2**2
                  CONTENTS, ALLOC, LOAD, READONLY, DATA
  4 .ram_vector_table 00000110  20000000  20000000  00008000  2**2
                  ALLOC
  5 .uninitialized_data 00000000  20000110  20000110  000071b4  2**0
                  CONTENTS
  6 .data         0000051c  20000110  10004c84  00006110  2**3
                  CONTENTS, ALLOC, LOAD, READONLY, CODE
  7 .tdata        00000000  2000062c  2000062c  000071b4  2**0
                  CONTENTS, ALLOC, LOAD, DATA, THREAD_LOCAL
  8 .tbss         00000000  2000062c  2000062c  00000000  2**0
                  ALLOC, THREAD_LOCAL
  9 .bss          00020610  20000630  100051a0  00007630  2**3
                  ALLOC
 10 .heap         00000800  20020c40  20020c40  000071b4  2**2
                  CONTENTS, READONLY
 11 .scratch_x    00000000  20080000  20080000  000079b4  2**0
                  CONTENTS
 12 .scratch_y    00000000  20081000  20081000  000079b4  2**0
                  CONTENTS
 13 .stack1_dummy 00000800  20080000  20080000  00008000  2**2
                  ALLOC
 14 .stack_dummy  00000800  20081000  20081000  000079c0  2**5
                  CONTENTS, READONLY
 15 .flash_end    00000014  100051a0  100051a0  000071a0  2**2
                  CONTENTS, ALLOC, LOAD, READONLY, DATA
 16 .ARM.attributes 00000034  00000000  00000000  000081c0  2**0
                  CONTENTS, READONLY
 17 .comment      00000026  00000000  00000000  000081f4  2**0
                  CONTENTS, READONLY
 18 .debug_info   00036571  00000000  00000000  0000821a  2**0
                  CONTENTS, READONLY, DEBUGGING, OCTETS
 19 .debug_abbrev 00007e7b  00000000  00000000  0003e78b  2**0
                  CONTENTS, READONLY, DEBUGGING, OCTETS
 20 .debug_loclists 0001b185  00000000  00000000  00046606  2**0
                  CONTENTS, READONLY, DEBUGGING, OCTETS
 21 .debug_aranges 000013c0  00000000  00000000  00061790  2**3
                  CONTENTS, READONLY, DEBUGGING, OCTETS
 22 .debug_rnglists 0000561f  00000000  00000000  00062b50  2**0
                  CONTENTS, READONLY, DEBUGGING, OCTETS
 23 .debug_line   00024711  00000000  00000000  0006816f  2**0
                  CONTENTS, READONLY, DEBUGGING, OCTETS
 24 .debug_str    000092d2  00000000  00000000  0008c880  2**0
                  CONTENTS, READONLY, DEBUGGING, OCTETS
 25 .debug_frame  00003a74  00000000  00000000  00095b54  2**2
                  CONTENTS, READONLY, DEBUGGING, OCTETS
 26 .debug_line_str 000001cb  00000000  00000000  000995c8  2**0
                  CONTENTS, READONLY, DEBUGGING, OCTETS

/home/devel/rp2040-rp2350-freertos/build-2350/freertos/Scheduling/Scheduling.elf:     file format elf32-littlearm


Disassembly of section .text:

10000000 <__VECTOR_TABLE>:
10000000:	20082000 	.word	0x20082000
10000004:	1000015d 	.word	0x1000015d
10000008:	10000113 	.word	0x10000113
1000000c:	10000115 	.word	0x10000115
10000010:	10000111 	.word	0x10000111
10000014:	10000111 	.word	0x10000111
10000018:	10000111 	.word	0x10000111
1000001c:	10000111 	.word	0x10000111
10000020:	10000111 	.word	0x10000111
10000024:	10000111 	.word	0x10000111
10000028:	10000111 	.word	0x10000111
1000002c:	10000117 	.word	0x10000117
10000030:	10000111 	.word	0x10000111
10000034:	10000111 	.word	0x10000111
10000038:	10000119 	.word	0x10000119
1000003c:	1000011b 	.word	0x1000011b
10000040:	1000011d 	.word	0x1000011d
10000044:	1000011d 	.word	0x1000011d
10000048:	1000011d 	.word	0x1000011d
1000004c:	1000011d 	.word	0x1000011d
10000050:	1000011d 	.word	0x1000011d
10000054:	1000011d 	.word	0x1000011d
10000058:	1000011d 	.word	0x1000011d
1000005c:	1000011d 	.word	0x1000011d
10000060:	1000011d 	.word	0x1000011d
10000064:	1000011d 	.word	0x1000011d
10000068:	1000011d 	.word	0x1000011d
1000006c:	1000011d 	.word	0x1000011d
10000070:	1000011d 	.word	0x1000011d
10000074:	1000011d 	.word	0x1000011d
10000078:	1000011d 	.word	0x1000011d
1000007c:	1000011d 	.word	0x1000011d
10000080:	1000011d 	.word	0x1000011d
10000084:	1000011d 	.word	0x1000011d
10000088:	1000011d 	.word	0x1000011d
1000008c:	1000011d 	.word	0x1000011d
10000090:	1000011d 	.word	0x1000011d
10000094:	1000011d 	.word	0x1000011d
10000098:	1000011d 	.word	0x1000011d
1000009c:	1000011d 	.word	0x1000011d
100000a0:	1000011d 	.word	0x1000011d
100000a4:	1000011d 	.word	0x1000011d
100000a8:	1000011d 	.word	0x1000011d
100000ac:	1000011d 	.word	0x1000011d
100000b0:	1000011d 	.word	0x1000011d
100000b4:	1000011d 	.word	0x1000011d
100000b8:	1000011d 	.word	0x1000011d
100000bc:	1000011d 	.word	0x1000011d
100000c0:	1000011d 	.word	0x1000011d
100000c4:	1000011d 	.word	0x1000011d
100000c8:	1000011d 	.word	0x1000011d
100000cc:	1000011d 	.word	0x1000011d
100000d0:	1000011d 	.word	0x1000011d
100000d4:	1000011d 	.word	0x1000011d
100000d8:	1000011d 	.word	0x1000011d
100000dc:	1000011d 	.word	0x1000011d
100000e0:	1000011d 	.word	0x1000011d
100000e4:	1000011d 	.word	0x1000011d
100000e8:	1000011d 	.word	0x1000011d
100000ec:	1000011d 	.word	0x1000011d
100000f0:	1000011d 	.word	0x1000011d
100000f4:	1000011d 	.word	0x1000011d
100000f8:	1000011d 	.word	0x1000011d
100000fc:	1000011d 	.word	0x1000011d
10000100:	1000011d 	.word	0x1000011d
10000104:	1000011d 	.word	0x1000011d
10000108:	1000011d 	.word	0x1000011d
1000010c:	1000011d 	.word	0x1000011d

10000110 <isr_invalid>:
10000110:	be00      	bkpt	0x0000

10000112 <isr_nmi>:
10000112:	be00      	bkpt	0x0000

10000114 <isr_hardfault>:
10000114:	be00      	bkpt	0x0000

10000116 <isr_svcall>:
10000116:	be00      	bkpt	0x0000

10000118 <isr_pendsv>:
10000118:	be00      	bkpt	0x0000

1000011a <isr_systick>:
1000011a:	be00      	bkpt	0x0000

1000011c <__unhandled_user_irq>:
1000011c:	f3ef 8005 	mrs	r0, IPSR
10000120:	3810      	subs	r0, #16

10000122 <unhandled_user_irq_num_in_r0>:
10000122:	be00      	bkpt	0x0000

10000124 <binary_info_header>:
10000124:	7188ebf2 	.word	0x7188ebf2
10000128:	10004c5c 	.word	0x10004c5c
1000012c:	10004c84 	.word	0x10004c84
10000130:	100001a8 	.word	0x100001a8
10000134:	e71aa390 	.word	0xe71aa390

10000138 <__binary_info_header_end>:
10000138:	ffffded3 	.word	0xffffded3
1000013c:	10210142 	.word	0x10210142
10000140:	000001ff 	.word	0x000001ff
10000144:	00005068 	.word	0x00005068
10000148:	ab123579 	.word	0xab123579

1000014c <_entry_point>:
1000014c:	f04f 0000 	mov.w	r0, #0

10000150 <_enter_vtable_in_r0>:
10000150:	4920      	ldr	r1, [pc, #128]	@ (100001d4 <data_cpy_table+0x2c>)
10000152:	6008      	str	r0, [r1, #0]
10000154:	c806      	ldmia	r0!, {r1, r2}
10000156:	f381 8808 	msr	MSP, r1
1000015a:	4710      	bx	r2

1000015c <_reset_handler>:
1000015c:	f04f 4050 	mov.w	r0, #3489660928	@ 0xd0000000
10000160:	6800      	ldr	r0, [r0, #0]
10000162:	b110      	cbz	r0, 1000016a <hold_non_core0_in_bootrom+0x6>

10000164 <hold_non_core0_in_bootrom>:
10000164:	f04f 0000 	mov.w	r0, #0
10000168:	e7f2      	b.n	10000150 <_enter_vtable_in_r0>
1000016a:	a40f      	add	r4, pc, #60	@ (adr r4, 100001a8 <data_cpy_table>)
1000016c:	cc0e      	ldmia	r4!, {r1, r2, r3}
1000016e:	2900      	cmp	r1, #0
10000170:	d002      	beq.n	10000178 <hold_non_core0_in_bootrom+0x14>
10000172:	f000 f815 	bl	100001a0 <data_cpy>
10000176:	e7f9      	b.n	1000016c <hold_non_core0_in_bootrom+0x8>
10000178:	4917      	ldr	r1, [pc, #92]	@ (100001d8 <data_cpy_table+0x30>)
1000017a:	4a18      	ldr	r2, [pc, #96]	@ (100001dc <data_cpy_table+0x34>)
1000017c:	2000      	movs	r0, #0
1000017e:	e000      	b.n	10000182 <bss_fill_test>

10000180 <bss_fill_loop>:
10000180:	c101      	stmia	r1!, {r0}

10000182 <bss_fill_test>:
10000182:	4291      	cmp	r1, r2
10000184:	d1fc      	bne.n	10000180 <bss_fill_loop>

10000186 <platform_entry>:
10000186:	2000      	movs	r0, #0
10000188:	f380 880a 	msr	MSPLIM, r0
1000018c:	4914      	ldr	r1, [pc, #80]	@ (100001e0 <data_cpy_table+0x38>)
1000018e:	4788      	blx	r1
10000190:	4914      	ldr	r1, [pc, #80]	@ (100001e4 <data_cpy_table+0x3c>)
10000192:	4788      	blx	r1
10000194:	4914      	ldr	r1, [pc, #80]	@ (100001e8 <data_cpy_table+0x40>)
10000196:	4788      	blx	r1
10000198:	be00      	bkpt	0x0000
1000019a:	e7fd      	b.n	10000198 <platform_entry+0x12>

1000019c <data_cpy_loop>:
1000019c:	c901      	ldmia	r1!, {r0}
1000019e:	c201      	stmia	r2!, {r0}

100001a0 <data_cpy>:
100001a0:	429a      	cmp	r2, r3
100001a2:	d3fb      	bcc.n	1000019c <data_cpy_loop>
100001a4:	4770      	bx	lr
100001a6:	bf00      	nop

100001a8 <data_cpy_table>:
100001a8:	10004c84 	.word	0x10004c84
100001ac:	20000110 	.word	0x20000110
100001b0:	2000062c 	.word	0x2000062c
100001b4:	100051a0 	.word	0x100051a0
100001b8:	20080000 	.word	0x20080000
100001bc:	20080000 	.word	0x20080000
100001c0:	100051a0 	.word	0x100051a0
100001c4:	20081000 	.word	0x20081000
100001c8:	20081000 	.word	0x20081000
100001cc:	00000000 	.word	0x00000000
100001d0:	4770      	bx	lr
100001d2:	0000      	.short	0x0000
100001d4:	e000ed08 	.word	0xe000ed08
100001d8:	2000062c 	.word	0x2000062c
100001dc:	20020c40 	.word	0x20020c40
100001e0:	10004385 	.word	0x10004385
100001e4:	100002b5 	.word	0x100002b5
100001e8:	1000437d 	.word	0x1000437d

100001ec <_init>:
100001ec:	b5f8      	push	{r3, r4, r5, r6, r7, lr}
100001ee:	bf00      	nop

100001f0 <deregister_tm_clones>:
100001f0:	4803      	ldr	r0, [pc, #12]	@ (10000200 <deregister_tm_clones+0x10>)
100001f2:	4b04      	ldr	r3, [pc, #16]	@ (10000204 <deregister_tm_clones+0x14>)
100001f4:	4283      	cmp	r3, r0
100001f6:	d002      	beq.n	100001fe <deregister_tm_clones+0xe>
100001f8:	4b03      	ldr	r3, [pc, #12]	@ (10000208 <deregister_tm_clones+0x18>)
100001fa:	b103      	cbz	r3, 100001fe <deregister_tm_clones+0xe>
100001fc:	4718      	bx	r3
100001fe:	4770      	bx	lr
10000200:	2000062c 	.word	0x2000062c
10000204:	2000062c 	.word	0x2000062c
10000208:	00000000 	.word	0x00000000

1000020c <register_tm_clones>:
1000020c:	4b06      	ldr	r3, [pc, #24]	@ (10000228 <register_tm_clones+0x1c>)
1000020e:	4907      	ldr	r1, [pc, #28]	@ (1000022c <register_tm_clones+0x20>)
10000210:	1ac9      	subs	r1, r1, r3
10000212:	1089      	asrs	r1, r1, #2
10000214:	bf48      	it	mi
10000216:	3101      	addmi	r1, #1
10000218:	1049      	asrs	r1, r1, #1
1000021a:	d003      	beq.n	10000224 <register_tm_clones+0x18>
1000021c:	4b04      	ldr	r3, [pc, #16]	@ (10000230 <register_tm_clones+0x24>)
1000021e:	b10b      	cbz	r3, 10000224 <register_tm_clones+0x18>
10000220:	4801      	ldr	r0, [pc, #4]	@ (10000228 <register_tm_clones+0x1c>)
10000222:	4718      	bx	r3
10000224:	4770      	bx	lr
10000226:	bf00      	nop
10000228:	2000062c 	.word	0x2000062c
1000022c:	2000062c 	.word	0x2000062c
10000230:	00000000 	.word	0x00000000

10000234 <__do_global_dtors_aux>:
10000234:	b510      	push	{r4, lr}
10000236:	4c06      	ldr	r4, [pc, #24]	@ (10000250 <__do_global_dtors_aux+0x1c>)
10000238:	7823      	ldrb	r3, [r4, #0]
1000023a:	b943      	cbnz	r3, 1000024e <__do_global_dtors_aux+0x1a>
1000023c:	f7ff ffd8 	bl	100001f0 <deregister_tm_clones>
10000240:	4b04      	ldr	r3, [pc, #16]	@ (10000254 <__do_global_dtors_aux+0x20>)
10000242:	b113      	cbz	r3, 1000024a <__do_global_dtors_aux+0x16>
10000244:	4804      	ldr	r0, [pc, #16]	@ (10000258 <__do_global_dtors_aux+0x24>)
10000246:	f3af 8000 	nop.w
1000024a:	2301      	movs	r3, #1
1000024c:	7023      	strb	r3, [r4, #0]
1000024e:	bd10      	pop	{r4, pc}
10000250:	200007f0 	.word	0x200007f0
10000254:	00000000 	.word	0x00000000
10000258:	10004a90 	.word	0x10004a90

1000025c <frame_dummy>:
1000025c:	b508      	push	{r3, lr}
1000025e:	4b04      	ldr	r3, [pc, #16]	@ (10000270 <frame_dummy+0x14>)
10000260:	b11b      	cbz	r3, 1000026a <frame_dummy+0xe>
10000262:	4904      	ldr	r1, [pc, #16]	@ (10000274 <frame_dummy+0x18>)
10000264:	4804      	ldr	r0, [pc, #16]	@ (10000278 <frame_dummy+0x1c>)
10000266:	f3af 8000 	nop.w
1000026a:	e8bd 4008 	ldmia.w	sp!, {r3, lr}
1000026e:	e7cd      	b.n	1000020c <register_tm_clones>
10000270:	00000000 	.word	0x00000000
10000274:	200007f4 	.word	0x200007f4
10000278:	10004a90 	.word	0x10004a90

1000027c <task1>:
1000027c:	b510      	push	{r4, lr}
1000027e:	4c04      	ldr	r4, [pc, #16]	@ (10000290 <task1+0x14>)
10000280:	4620      	mov	r0, r4
10000282:	f004 f9c5 	bl	10004610 <__wrap_puts>
10000286:	4b03      	ldr	r3, [pc, #12]	@ (10000294 <task1+0x18>)
10000288:	3b01      	subs	r3, #1
1000028a:	d1fd      	bne.n	10000288 <task1+0xc>
1000028c:	e7f8      	b.n	10000280 <task1+0x4>
1000028e:	bf00      	nop
10000290:	10004a90 	.word	0x10004a90
10000294:	01312d00 	.word	0x01312d00

10000298 <task2>:
10000298:	b510      	push	{r4, lr}
1000029a:	4c04      	ldr	r4, [pc, #16]	@ (100002ac <task2+0x14>)
1000029c:	4620      	mov	r0, r4
1000029e:	f004 f9b7 	bl	10004610 <__wrap_puts>
100002a2:	4b03      	ldr	r3, [pc, #12]	@ (100002b0 <task2+0x18>)
100002a4:	3b01      	subs	r3, #1
100002a6:	d1fd      	bne.n	100002a4 <task2+0xc>
100002a8:	e7f8      	b.n	1000029c <task2+0x4>
100002aa:	bf00      	nop
100002ac:	10004aac 	.word	0x10004aac
100002b0:	01312d00 	.word	0x01312d00

100002b4 <main>:
100002b4:	2400      	movs	r4, #0
100002b6:	2501      	movs	r5, #1
100002b8:	b500      	push	{lr}
100002ba:	b083      	sub	sp, #12
100002bc:	f004 f960 	bl	10004580 <stdio_init_all>
100002c0:	480c      	ldr	r0, [pc, #48]	@ (100002f4 <main+0x40>)
100002c2:	f004 f9a5 	bl	10004610 <__wrap_puts>
100002c6:	e9cd 5400 	strd	r5, r4, [sp]
100002ca:	2502      	movs	r5, #2
100002cc:	f44f 7280 	mov.w	r2, #256	@ 0x100
100002d0:	4623      	mov	r3, r4
100002d2:	4909      	ldr	r1, [pc, #36]	@ (100002f8 <main+0x44>)
100002d4:	4809      	ldr	r0, [pc, #36]	@ (100002fc <main+0x48>)
100002d6:	f002 f9a5 	bl	10002624 <xTaskCreate>
100002da:	4623      	mov	r3, r4
100002dc:	f44f 7280 	mov.w	r2, #256	@ 0x100
100002e0:	4907      	ldr	r1, [pc, #28]	@ (10000300 <main+0x4c>)
100002e2:	4808      	ldr	r0, [pc, #32]	@ (10000304 <main+0x50>)
100002e4:	9401      	str	r4, [sp, #4]
100002e6:	9500      	str	r5, [sp, #0]
100002e8:	f002 f99c 	bl	10002624 <xTaskCreate>
100002ec:	f002 f9c4 	bl	10002678 <vTaskStartScheduler>
100002f0:	e7fe      	b.n	100002f0 <main+0x3c>
100002f2:	bf00      	nop
100002f4:	10004ac8 	.word	0x10004ac8
100002f8:	10004adc 	.word	0x10004adc
100002fc:	1000027d 	.word	0x1000027d
10000300:	10004ae4 	.word	0x10004ae4
10000304:	10000299 	.word	0x10000299

10000308 <panic>:
10000308:	b40f      	push	{r0, r1, r2, r3}
1000030a:	b500      	push	{lr}
1000030c:	b083      	sub	sp, #12
1000030e:	9c04      	ldr	r4, [sp, #16]
10000310:	4807      	ldr	r0, [pc, #28]	@ (10000330 <panic+0x28>)
10000312:	f004 f97d 	bl	10004610 <__wrap_puts>
10000316:	b13c      	cbz	r4, 10000328 <panic+0x20>
10000318:	a905      	add	r1, sp, #20
1000031a:	4620      	mov	r0, r4
1000031c:	9101      	str	r1, [sp, #4]
1000031e:	f004 f813 	bl	10004348 <weak_raw_vprintf>
10000322:	4804      	ldr	r0, [pc, #16]	@ (10000334 <panic+0x2c>)
10000324:	f004 f974 	bl	10004610 <__wrap_puts>
10000328:	2001      	movs	r0, #1
1000032a:	f004 f825 	bl	10004378 <_exit>
1000032e:	bf00      	nop
10000330:	10004aec 	.word	0x10004aec
10000334:	10004afc 	.word	0x10004afc

10000338 <pvPortMalloc>:
10000338:	b5f8      	push	{r3, r4, r5, r6, r7, lr}
1000033a:	1e43      	subs	r3, r0, #1
1000033c:	330a      	adds	r3, #10
1000033e:	d811      	bhi.n	10000364 <pvPortMalloc+0x2c>
10000340:	f010 0307 	ands.w	r3, r0, #7
10000344:	f100 0408 	add.w	r4, r0, #8
10000348:	d06d      	beq.n	10000426 <pvPortMalloc+0xee>
1000034a:	f1a3 0209 	sub.w	r2, r3, #9
1000034e:	42a2      	cmp	r2, r4
10000350:	d308      	bcc.n	10000364 <pvPortMalloc+0x2c>
10000352:	3010      	adds	r0, #16
10000354:	1ac4      	subs	r4, r0, r3
10000356:	f001 fbdb 	bl	10001b10 <vTaskSuspendAll>
1000035a:	4938      	ldr	r1, [pc, #224]	@ (1000043c <pvPortMalloc+0x104>)
1000035c:	4622      	mov	r2, r4
1000035e:	680d      	ldr	r5, [r1, #0]
10000360:	bb15      	cbnz	r5, 100003a8 <pvPortMalloc+0x70>
10000362:	e00a      	b.n	1000037a <pvPortMalloc+0x42>
10000364:	f001 fbd4 	bl	10001b10 <vTaskSuspendAll>
10000368:	4934      	ldr	r1, [pc, #208]	@ (1000043c <pvPortMalloc+0x104>)
1000036a:	680a      	ldr	r2, [r1, #0]
1000036c:	b122      	cbz	r2, 10000378 <pvPortMalloc+0x40>
1000036e:	2500      	movs	r5, #0
10000370:	f002 fab6 	bl	100028e0 <xTaskResumeAll>
10000374:	4628      	mov	r0, r5
10000376:	bdf8      	pop	{r3, r4, r5, r6, r7, pc}
10000378:	4614      	mov	r4, r2
1000037a:	4b31      	ldr	r3, [pc, #196]	@ (10000440 <pvPortMalloc+0x108>)
1000037c:	0758      	lsls	r0, r3, #29
1000037e:	d14b      	bne.n	10000418 <pvPortMalloc+0xe0>
10000380:	4618      	mov	r0, r3
10000382:	f503 3500 	add.w	r5, r3, #131072	@ 0x20000
10000386:	3d08      	subs	r5, #8
10000388:	f025 0507 	bic.w	r5, r5, #7
1000038c:	600d      	str	r5, [r1, #0]
1000038e:	2100      	movs	r1, #0
10000390:	4e2c      	ldr	r6, [pc, #176]	@ (10000444 <pvPortMalloc+0x10c>)
10000392:	1aeb      	subs	r3, r5, r3
10000394:	e9c6 0100 	strd	r0, r1, [r6]
10000398:	e9c5 1100 	strd	r1, r1, [r5]
1000039c:	492a      	ldr	r1, [pc, #168]	@ (10000448 <pvPortMalloc+0x110>)
1000039e:	e9c0 5300 	strd	r5, r3, [r0]
100003a2:	600b      	str	r3, [r1, #0]
100003a4:	4929      	ldr	r1, [pc, #164]	@ (1000044c <pvPortMalloc+0x114>)
100003a6:	600b      	str	r3, [r1, #0]
100003a8:	2a00      	cmp	r2, #0
100003aa:	dde0      	ble.n	1000036e <pvPortMalloc+0x36>
100003ac:	4f27      	ldr	r7, [pc, #156]	@ (1000044c <pvPortMalloc+0x114>)
100003ae:	683e      	ldr	r6, [r7, #0]
100003b0:	42a6      	cmp	r6, r4
100003b2:	d3dc      	bcc.n	1000036e <pvPortMalloc+0x36>
100003b4:	4b23      	ldr	r3, [pc, #140]	@ (10000444 <pvPortMalloc+0x10c>)
100003b6:	4618      	mov	r0, r3
100003b8:	681b      	ldr	r3, [r3, #0]
100003ba:	e003      	b.n	100003c4 <pvPortMalloc+0x8c>
100003bc:	681a      	ldr	r2, [r3, #0]
100003be:	b122      	cbz	r2, 100003ca <pvPortMalloc+0x92>
100003c0:	4618      	mov	r0, r3
100003c2:	4613      	mov	r3, r2
100003c4:	6859      	ldr	r1, [r3, #4]
100003c6:	42a1      	cmp	r1, r4
100003c8:	d3f8      	bcc.n	100003bc <pvPortMalloc+0x84>
100003ca:	42ab      	cmp	r3, r5
100003cc:	d0cf      	beq.n	1000036e <pvPortMalloc+0x36>
100003ce:	461d      	mov	r5, r3
100003d0:	eba1 0c04 	sub.w	ip, r1, r4
100003d4:	f855 2b08 	ldr.w	r2, [r5], #8
100003d8:	f1bc 0f10 	cmp.w	ip, #16
100003dc:	6002      	str	r2, [r0, #0]
100003de:	d907      	bls.n	100003f0 <pvPortMalloc+0xb8>
100003e0:	4621      	mov	r1, r4
100003e2:	eb03 0e04 	add.w	lr, r3, r4
100003e6:	f8ce c004 	str.w	ip, [lr, #4]
100003ea:	511a      	str	r2, [r3, r4]
100003ec:	f8c0 e000 	str.w	lr, [r0]
100003f0:	2400      	movs	r4, #0
100003f2:	4a15      	ldr	r2, [pc, #84]	@ (10000448 <pvPortMalloc+0x110>)
100003f4:	1a76      	subs	r6, r6, r1
100003f6:	6810      	ldr	r0, [r2, #0]
100003f8:	f041 4100 	orr.w	r1, r1, #2147483648	@ 0x80000000
100003fc:	4286      	cmp	r6, r0
100003fe:	4814      	ldr	r0, [pc, #80]	@ (10000450 <pvPortMalloc+0x118>)
10000400:	bf38      	it	cc
10000402:	6016      	strcc	r6, [r2, #0]
10000404:	6802      	ldr	r2, [r0, #0]
10000406:	6059      	str	r1, [r3, #4]
10000408:	3201      	adds	r2, #1
1000040a:	601c      	str	r4, [r3, #0]
1000040c:	603e      	str	r6, [r7, #0]
1000040e:	6002      	str	r2, [r0, #0]
10000410:	f002 fa66 	bl	100028e0 <xTaskResumeAll>
10000414:	4628      	mov	r0, r5
10000416:	bdf8      	pop	{r3, r4, r5, r6, r7, pc}
10000418:	1dd8      	adds	r0, r3, #7
1000041a:	f020 0007 	bic.w	r0, r0, #7
1000041e:	f503 3500 	add.w	r5, r3, #131072	@ 0x20000
10000422:	4603      	mov	r3, r0
10000424:	e7af      	b.n	10000386 <pvPortMalloc+0x4e>
10000426:	f001 fb73 	bl	10001b10 <vTaskSuspendAll>
1000042a:	4904      	ldr	r1, [pc, #16]	@ (1000043c <pvPortMalloc+0x104>)
1000042c:	680d      	ldr	r5, [r1, #0]
1000042e:	b115      	cbz	r5, 10000436 <pvPortMalloc+0xfe>
10000430:	2c00      	cmp	r4, #0
10000432:	dabb      	bge.n	100003ac <pvPortMalloc+0x74>
10000434:	e79b      	b.n	1000036e <pvPortMalloc+0x36>
10000436:	4622      	mov	r2, r4
10000438:	e79f      	b.n	1000037a <pvPortMalloc+0x42>
1000043a:	bf00      	nop
1000043c:	200008a4 	.word	0x200008a4
10000440:	20000b3c 	.word	0x20000b3c
10000444:	20020bf8 	.word	0x20020bf8
10000448:	20020bc8 	.word	0x20020bc8
1000044c:	20020bb8 	.word	0x20020bb8
10000450:	20020bd4 	.word	0x20020bd4

10000454 <vPortFree>:
10000454:	b148      	cbz	r0, 1000046a <vPortFree+0x16>
10000456:	b538      	push	{r3, r4, r5, lr}
10000458:	f850 3c04 	ldr.w	r3, [r0, #-4]
1000045c:	4604      	mov	r4, r0
1000045e:	2b00      	cmp	r3, #0
10000460:	da02      	bge.n	10000468 <vPortFree+0x14>
10000462:	f850 2c08 	ldr.w	r2, [r0, #-8]
10000466:	b10a      	cbz	r2, 1000046c <vPortFree+0x18>
10000468:	bd38      	pop	{r3, r4, r5, pc}
1000046a:	4770      	bx	lr
1000046c:	f023 4300 	bic.w	r3, r3, #2147483648	@ 0x80000000
10000470:	4d1a      	ldr	r5, [pc, #104]	@ (100004dc <vPortFree+0x88>)
10000472:	f840 3c04 	str.w	r3, [r0, #-4]
10000476:	f001 fb4b 	bl	10001b10 <vTaskSuspendAll>
1000047a:	682a      	ldr	r2, [r5, #0]
1000047c:	f854 0c04 	ldr.w	r0, [r4, #-4]
10000480:	4b17      	ldr	r3, [pc, #92]	@ (100004e0 <vPortFree+0x8c>)
10000482:	1811      	adds	r1, r2, r0
10000484:	6029      	str	r1, [r5, #0]
10000486:	f1a4 0208 	sub.w	r2, r4, #8
1000048a:	4619      	mov	r1, r3
1000048c:	681b      	ldr	r3, [r3, #0]
1000048e:	429a      	cmp	r2, r3
10000490:	d8fb      	bhi.n	1000048a <vPortFree+0x36>
10000492:	684d      	ldr	r5, [r1, #4]
10000494:	eb01 0c05 	add.w	ip, r1, r5
10000498:	4562      	cmp	r2, ip
1000049a:	d00f      	beq.n	100004bc <vPortFree+0x68>
1000049c:	1815      	adds	r5, r2, r0
1000049e:	42ab      	cmp	r3, r5
100004a0:	d012      	beq.n	100004c8 <vPortFree+0x74>
100004a2:	f844 3c08 	str.w	r3, [r4, #-8]
100004a6:	4291      	cmp	r1, r2
100004a8:	bf18      	it	ne
100004aa:	600a      	strne	r2, [r1, #0]
100004ac:	4a0d      	ldr	r2, [pc, #52]	@ (100004e4 <vPortFree+0x90>)
100004ae:	6813      	ldr	r3, [r2, #0]
100004b0:	3301      	adds	r3, #1
100004b2:	6013      	str	r3, [r2, #0]
100004b4:	e8bd 4038 	ldmia.w	sp!, {r3, r4, r5, lr}
100004b8:	f002 ba12 	b.w	100028e0 <xTaskResumeAll>
100004bc:	4428      	add	r0, r5
100004be:	180a      	adds	r2, r1, r0
100004c0:	4293      	cmp	r3, r2
100004c2:	6048      	str	r0, [r1, #4]
100004c4:	d1f2      	bne.n	100004ac <vPortFree+0x58>
100004c6:	460a      	mov	r2, r1
100004c8:	4c07      	ldr	r4, [pc, #28]	@ (100004e8 <vPortFree+0x94>)
100004ca:	6824      	ldr	r4, [r4, #0]
100004cc:	42a3      	cmp	r3, r4
100004ce:	d003      	beq.n	100004d8 <vPortFree+0x84>
100004d0:	e9d3 4500 	ldrd	r4, r5, [r3]
100004d4:	4428      	add	r0, r5
100004d6:	6050      	str	r0, [r2, #4]
100004d8:	6014      	str	r4, [r2, #0]
100004da:	e7e4      	b.n	100004a6 <vPortFree+0x52>
100004dc:	20020bb8 	.word	0x20020bb8
100004e0:	20020bf8 	.word	0x20020bf8
100004e4:	20020bd8 	.word	0x20020bd8
100004e8:	200008a4 	.word	0x200008a4

100004ec <prvDoorbellInterruptHandler>:
100004ec:	4b0a      	ldr	r3, [pc, #40]	@ (10000518 <prvDoorbellInterruptHandler+0x2c>)
100004ee:	f993 2000 	ldrsb.w	r2, [r3]
100004f2:	2a00      	cmp	r2, #0
100004f4:	db0f      	blt.n	10000516 <prvDoorbellInterruptHandler+0x2a>
100004f6:	f04f 4150 	mov.w	r1, #3489660928	@ 0xd0000000
100004fa:	2301      	movs	r3, #1
100004fc:	f8d1 0188 	ldr.w	r0, [r1, #392]	@ 0x188
10000500:	4093      	lsls	r3, r2
10000502:	4218      	tst	r0, r3
10000504:	d007      	beq.n	10000516 <prvDoorbellInterruptHandler+0x2a>
10000506:	f04f 22e0 	mov.w	r2, #3758153728	@ 0xe000e000
1000050a:	f04f 5080 	mov.w	r0, #268435456	@ 0x10000000
1000050e:	f8c1 318c 	str.w	r3, [r1, #396]	@ 0x18c
10000512:	f8c2 0d04 	str.w	r0, [r2, #3332]	@ 0xd04
10000516:	4770      	bx	lr
10000518:	20000598 	.word	0x20000598

1000051c <prvTaskExitError>:
1000051c:	2300      	movs	r3, #0
1000051e:	b500      	push	{lr}
10000520:	b083      	sub	sp, #12
10000522:	9301      	str	r3, [sp, #4]
10000524:	f000 fa60 	bl	100009e8 <ulSetInterruptMask>
10000528:	9b01      	ldr	r3, [sp, #4]
1000052a:	2b00      	cmp	r3, #0
1000052c:	d0fc      	beq.n	10000528 <prvTaskExitError+0xc>
1000052e:	b003      	add	sp, #12
10000530:	f85d fb04 	ldr.w	pc, [sp], #4

10000534 <SysTick_Handler>:
10000534:	b510      	push	{r4, lr}
10000536:	f002 fa77 	bl	10002a28 <vTaskEnterCriticalFromISR>
1000053a:	4604      	mov	r4, r0
1000053c:	f001 fafc 	bl	10001b38 <xTaskIncrementTick>
10000540:	b128      	cbz	r0, 1000054e <SysTick_Handler+0x1a>
10000542:	f04f 23e0 	mov.w	r3, #3758153728	@ 0xe000e000
10000546:	f04f 5280 	mov.w	r2, #268435456	@ 0x10000000
1000054a:	f8c3 2d04 	str.w	r2, [r3, #3332]	@ 0xd04
1000054e:	4620      	mov	r0, r4
10000550:	e8bd 4010 	ldmia.w	sp!, {r4, lr}
10000554:	f002 bafe 	b.w	10002b54 <vTaskExitCriticalFromISR>

10000558 <vPortSetupTimerInterrupt>:
10000558:	b510      	push	{r4, lr}
1000055a:	2204      	movs	r2, #4
1000055c:	f04f 24e0 	mov.w	r4, #3758153728	@ 0xe000e000
10000560:	2300      	movs	r3, #0
10000562:	6122      	str	r2, [r4, #16]
10000564:	2005      	movs	r0, #5
10000566:	61a3      	str	r3, [r4, #24]
10000568:	f002 fdb6 	bl	100030d8 <clock_get_hz>
1000056c:	2107      	movs	r1, #7
1000056e:	4b04      	ldr	r3, [pc, #16]	@ (10000580 <vPortSetupTimerInterrupt+0x28>)
10000570:	fba3 2300 	umull	r2, r3, r3, r0
10000574:	099b      	lsrs	r3, r3, #6
10000576:	3b01      	subs	r3, #1
10000578:	6163      	str	r3, [r4, #20]
1000057a:	6121      	str	r1, [r4, #16]
1000057c:	bd10      	pop	{r4, pc}
1000057e:	bf00      	nop
10000580:	10624dd3 	.word	0x10624dd3

10000584 <xPortStartSchedulerOnCore.isra.0>:
10000584:	f04f 23e0 	mov.w	r3, #3758153728	@ 0xe000e000
10000588:	f04f 427f 	mov.w	r2, #4278190080	@ 0xff000000
1000058c:	2100      	movs	r1, #0
1000058e:	b530      	push	{r4, r5, lr}
10000590:	b085      	sub	sp, #20
10000592:	9103      	str	r1, [sp, #12]
10000594:	f8c3 2d1c 	str.w	r2, [r3, #3356]	@ 0xd1c
10000598:	f8d3 3d1c 	ldr.w	r3, [r3, #3356]	@ 0xd1c
1000059c:	0e1b      	lsrs	r3, r3, #24
1000059e:	f88d 3007 	strb.w	r3, [sp, #7]
100005a2:	f89d 3007 	ldrb.w	r3, [sp, #7]
100005a6:	f89d 3007 	ldrb.w	r3, [sp, #7]
100005aa:	061a      	lsls	r2, r3, #24
100005ac:	d50c      	bpl.n	100005c8 <xPortStartSchedulerOnCore.isra.0+0x44>
100005ae:	9b03      	ldr	r3, [sp, #12]
100005b0:	3301      	adds	r3, #1
100005b2:	9303      	str	r3, [sp, #12]
100005b4:	f89d 3007 	ldrb.w	r3, [sp, #7]
100005b8:	005b      	lsls	r3, r3, #1
100005ba:	b2db      	uxtb	r3, r3
100005bc:	f88d 3007 	strb.w	r3, [sp, #7]
100005c0:	f89d 3007 	ldrb.w	r3, [sp, #7]
100005c4:	061b      	lsls	r3, r3, #24
100005c6:	d4f2      	bmi.n	100005ae <xPortStartSchedulerOnCore.isra.0+0x2a>
100005c8:	9b03      	ldr	r3, [sp, #12]
100005ca:	2b08      	cmp	r3, #8
100005cc:	d040      	beq.n	10000650 <xPortStartSchedulerOnCore.isra.0+0xcc>
100005ce:	9b03      	ldr	r3, [sp, #12]
100005d0:	f1c3 0307 	rsb	r3, r3, #7
100005d4:	021b      	lsls	r3, r3, #8
100005d6:	f403 63e0 	and.w	r3, r3, #1792	@ 0x700
100005da:	f04f 4150 	mov.w	r1, #3489660928	@ 0xd0000000
100005de:	4825      	ldr	r0, [pc, #148]	@ (10000674 <xPortStartSchedulerOnCore.isra.0+0xf0>)
100005e0:	4a25      	ldr	r2, [pc, #148]	@ (10000678 <xPortStartSchedulerOnCore.isra.0+0xf4>)
100005e2:	6003      	str	r3, [r0, #0]
100005e4:	7812      	ldrb	r2, [r2, #0]
100005e6:	680b      	ldr	r3, [r1, #0]
100005e8:	429a      	cmp	r2, r3
100005ea:	d033      	beq.n	10000654 <xPortStartSchedulerOnCore.isra.0+0xd0>
100005ec:	f04f 23e0 	mov.w	r3, #3758153728	@ 0xe000e000
100005f0:	2400      	movs	r4, #0
100005f2:	f04f 4550 	mov.w	r5, #3489660928	@ 0xd0000000
100005f6:	f8d3 2d20 	ldr.w	r2, [r3, #3360]	@ 0xd20
100005fa:	4920      	ldr	r1, [pc, #128]	@ (1000067c <xPortStartSchedulerOnCore.isra.0+0xf8>)
100005fc:	f442 027f 	orr.w	r2, r2, #16711680	@ 0xff0000
10000600:	f8c3 2d20 	str.w	r2, [r3, #3360]	@ 0xd20
10000604:	200e      	movs	r0, #14
10000606:	f8c3 4d1c 	str.w	r4, [r3, #3356]	@ 0xd1c
1000060a:	f003 fc01 	bl	10003e10 <exception_set_exclusive_handler>
1000060e:	491c      	ldr	r1, [pc, #112]	@ (10000680 <xPortStartSchedulerOnCore.isra.0+0xfc>)
10000610:	200b      	movs	r0, #11
10000612:	f003 fbfd 	bl	10003e10 <exception_set_exclusive_handler>
10000616:	682a      	ldr	r2, [r5, #0]
10000618:	4b1a      	ldr	r3, [pc, #104]	@ (10000684 <xPortStartSchedulerOnCore.isra.0+0x100>)
1000061a:	21ff      	movs	r1, #255	@ 0xff
1000061c:	201a      	movs	r0, #26
1000061e:	f843 4022 	str.w	r4, [r3, r2, lsl #2]
10000622:	f002 ff63 	bl	100034ec <irq_set_priority>
10000626:	201a      	movs	r0, #26
10000628:	4917      	ldr	r1, [pc, #92]	@ (10000688 <xPortStartSchedulerOnCore.isra.0+0x104>)
1000062a:	f002 fe31 	bl	10003290 <irq_set_exclusive_handler>
1000062e:	2101      	movs	r1, #1
10000630:	201a      	movs	r0, #26
10000632:	f002 fe07 	bl	10003244 <irq_set_enabled>
10000636:	f000 f9cf 	bl	100009d8 <vStartFirstTask>
1000063a:	6828      	ldr	r0, [r5, #0]
1000063c:	f001 fbb0 	bl	10001da0 <vTaskSwitchContext>
10000640:	9402      	str	r4, [sp, #8]
10000642:	f000 f9d1 	bl	100009e8 <ulSetInterruptMask>
10000646:	9b02      	ldr	r3, [sp, #8]
10000648:	2b00      	cmp	r3, #0
1000064a:	d0fc      	beq.n	10000646 <xPortStartSchedulerOnCore.isra.0+0xc2>
1000064c:	b005      	add	sp, #20
1000064e:	bd30      	pop	{r4, r5, pc}
10000650:	2300      	movs	r3, #0
10000652:	e7c2      	b.n	100005da <xPortStartSchedulerOnCore.isra.0+0x56>
10000654:	f7ff ff80 	bl	10000558 <vPortSetupTimerInterrupt>
10000658:	f04f 22e0 	mov.w	r2, #3758153728	@ 0xe000e000
1000065c:	f8d2 3d20 	ldr.w	r3, [r2, #3360]	@ 0xd20
10000660:	490a      	ldr	r1, [pc, #40]	@ (1000068c <xPortStartSchedulerOnCore.isra.0+0x108>)
10000662:	f043 437f 	orr.w	r3, r3, #4278190080	@ 0xff000000
10000666:	f8c2 3d20 	str.w	r3, [r2, #3360]	@ 0xd20
1000066a:	200f      	movs	r0, #15
1000066c:	f003 fbd0 	bl	10003e10 <exception_set_exclusive_handler>
10000670:	e7bc      	b.n	100005ec <xPortStartSchedulerOnCore.isra.0+0x68>
10000672:	bf00      	nop
10000674:	20020b4c 	.word	0x20020b4c
10000678:	20000599 	.word	0x20000599
1000067c:	10000a11 	.word	0x10000a11
10000680:	10000aa9 	.word	0x10000aa9
10000684:	20020b44 	.word	0x20020b44
10000688:	100004ed 	.word	0x100004ed
1000068c:	10000535 	.word	0x10000535

10000690 <prvDisableInterruptsAndPortStartSchedulerOnCore>:
10000690:	b508      	push	{r3, lr}
10000692:	f000 f9a9 	bl	100009e8 <ulSetInterruptMask>
10000696:	e8bd 4008 	ldmia.w	sp!, {r3, lr}
1000069a:	f7ff bf73 	b.w	10000584 <xPortStartSchedulerOnCore.isra.0>
1000069e:	bf00      	nop

100006a0 <vPortYield>:
100006a0:	f04f 23e0 	mov.w	r3, #3758153728	@ 0xe000e000
100006a4:	f04f 5280 	mov.w	r2, #268435456	@ 0x10000000
100006a8:	f8c3 2d04 	str.w	r2, [r3, #3332]	@ 0xd04
100006ac:	f3bf 8f4f 	dsb	sy
100006b0:	f3bf 8f6f 	isb	sy
100006b4:	4770      	bx	lr
100006b6:	bf00      	nop

100006b8 <vPortSVCHandler_C>:
100006b8:	6983      	ldr	r3, [r0, #24]
100006ba:	f813 3c02 	ldrb.w	r3, [r3, #-2]
100006be:	2b66      	cmp	r3, #102	@ 0x66
100006c0:	d000      	beq.n	100006c4 <vPortSVCHandler_C+0xc>
100006c2:	4770      	bx	lr
100006c4:	f04f 23e0 	mov.w	r3, #3758153728	@ 0xe000e000
100006c8:	f8d3 2d88 	ldr.w	r2, [r3, #3464]	@ 0xd88
100006cc:	f442 0270 	orr.w	r2, r2, #15728640	@ 0xf00000
100006d0:	f8c3 2d88 	str.w	r2, [r3, #3464]	@ 0xd88
100006d4:	f8d3 2f34 	ldr.w	r2, [r3, #3892]	@ 0xf34
100006d8:	f042 4240 	orr.w	r2, r2, #3221225472	@ 0xc0000000
100006dc:	f8c3 2f34 	str.w	r2, [r3, #3892]	@ 0xf34
100006e0:	f000 b95e 	b.w	100009a0 <vRestoreContextOfFirstTask>

100006e4 <pxPortInitialiseStack>:
100006e4:	e92d 4ff0 	stmdb	sp!, {r4, r5, r6, r7, r8, r9, sl, fp, lr}
100006e8:	f04f 3e11 	mov.w	lr, #286331153	@ 0x11111111
100006ec:	f04f 7480 	mov.w	r4, #16777216	@ 0x1000000
100006f0:	e940 e309 	strd	lr, r3, [r0, #-36]	@ 0x24
100006f4:	f04f 3307 	mov.w	r3, #117901063	@ 0x7070707
100006f8:	f840 4c04 	str.w	r4, [r0, #-4]
100006fc:	4c16      	ldr	r4, [pc, #88]	@ (10000758 <pxPortInitialiseStack+0x74>)
100006fe:	f840 3c34 	str.w	r3, [r0, #-52]
10000702:	e940 4203 	strd	r4, r2, [r0, #-12]
10000706:	f04f 3305 	mov.w	r3, #84215045	@ 0x5050505
1000070a:	f04f 3206 	mov.w	r2, #101058054	@ 0x6060606
1000070e:	f04f 3b12 	mov.w	fp, #303174162	@ 0x12121212
10000712:	e940 320f 	strd	r3, r2, [r0, #-60]	@ 0x3c
10000716:	f04f 3a03 	mov.w	sl, #50529027	@ 0x3030303
1000071a:	f04f 3902 	mov.w	r9, #33686018	@ 0x2020202
1000071e:	f04f 3801 	mov.w	r8, #16843009	@ 0x1010101
10000722:	f04f 3710 	mov.w	r7, #269488144	@ 0x10101010
10000726:	f04f 3609 	mov.w	r6, #151587081	@ 0x9090909
1000072a:	f04f 3508 	mov.w	r5, #134744072	@ 0x8080808
1000072e:	f04f 3404 	mov.w	r4, #67372036	@ 0x4040404
10000732:	f06f 0302 	mvn.w	r3, #2
10000736:	e940 ab05 	strd	sl, fp, [r0, #-20]
1000073a:	e940 8907 	strd	r8, r9, [r0, #-28]
1000073e:	e940 670b 	strd	r6, r7, [r0, #-44]	@ 0x2c
10000742:	f840 5c30 	str.w	r5, [r0, #-48]
10000746:	f840 4c40 	str.w	r4, [r0, #-64]
1000074a:	f840 3c44 	str.w	r3, [r0, #-68]
1000074e:	f840 1d48 	str.w	r1, [r0, #-72]!
10000752:	e8bd 8ff0 	ldmia.w	sp!, {r4, r5, r6, r7, r8, r9, sl, fp, pc}
10000756:	bf00      	nop
10000758:	1000051d 	.word	0x1000051d

1000075c <xPortStartScheduler>:
1000075c:	b570      	push	{r4, r5, r6, lr}
1000075e:	200e      	movs	r0, #14
10000760:	f002 fd14 	bl	1000318c <spin_lock_claim>
10000764:	200f      	movs	r0, #15
10000766:	f002 fd11 	bl	1000318c <spin_lock_claim>
1000076a:	2101      	movs	r1, #1
1000076c:	2003      	movs	r0, #3
1000076e:	f003 fbe7 	bl	10003f40 <multicore_doorbell_claim_unused>
10000772:	4602      	mov	r2, r0
10000774:	2301      	movs	r3, #1
10000776:	f04f 4150 	mov.w	r1, #3489660928	@ 0xd0000000
1000077a:	2400      	movs	r4, #0
1000077c:	b252      	sxtb	r2, r2
1000077e:	4e08      	ldr	r6, [pc, #32]	@ (100007a0 <xPortStartScheduler+0x44>)
10000780:	4093      	lsls	r3, r2
10000782:	4d08      	ldr	r5, [pc, #32]	@ (100007a4 <xPortStartScheduler+0x48>)
10000784:	7032      	strb	r2, [r6, #0]
10000786:	4808      	ldr	r0, [pc, #32]	@ (100007a8 <xPortStartScheduler+0x4c>)
10000788:	f8c1 318c 	str.w	r3, [r1, #396]	@ 0x18c
1000078c:	f8c1 3184 	str.w	r3, [r1, #388]	@ 0x184
10000790:	702c      	strb	r4, [r5, #0]
10000792:	f003 fbb1 	bl	10003ef8 <multicore_launch_core1>
10000796:	f7ff fef5 	bl	10000584 <xPortStartSchedulerOnCore.isra.0>
1000079a:	4620      	mov	r0, r4
1000079c:	bd70      	pop	{r4, r5, r6, pc}
1000079e:	bf00      	nop
100007a0:	20000598 	.word	0x20000598
100007a4:	20000599 	.word	0x20000599
100007a8:	10000691 	.word	0x10000691

100007ac <vPortValidateInterruptPriority>:
100007ac:	f3ef 8305 	mrs	r3, IPSR
100007b0:	2b0f      	cmp	r3, #15
100007b2:	bf84      	itt	hi
100007b4:	4a01      	ldrhi	r2, [pc, #4]	@ (100007bc <vPortValidateInterruptPriority+0x10>)
100007b6:	5c9b      	ldrbhi	r3, [r3, r2]
100007b8:	4770      	bx	lr
100007ba:	bf00      	nop
100007bc:	e000e3f0 	.word	0xe000e3f0

100007c0 <ulPortLockGetCurrentOwnerId>:
100007c0:	4b09      	ldr	r3, [pc, #36]	@ (100007e8 <ulPortLockGetCurrentOwnerId+0x28>)
100007c2:	781b      	ldrb	r3, [r3, #0]
100007c4:	2bff      	cmp	r3, #255	@ 0xff
100007c6:	d00b      	beq.n	100007e0 <ulPortLockGetCurrentOwnerId+0x20>
100007c8:	f3ef 8305 	mrs	r3, IPSR
100007cc:	b2db      	uxtb	r3, r3
100007ce:	b12b      	cbz	r3, 100007dc <ulPortLockGetCurrentOwnerId+0x1c>
100007d0:	f04f 4250 	mov.w	r2, #3489660928	@ 0xd0000000
100007d4:	6810      	ldr	r0, [r2, #0]
100007d6:	eb00 0043 	add.w	r0, r0, r3, lsl #1
100007da:	4770      	bx	lr
100007dc:	f001 bd9a 	b.w	10002314 <xTaskGetCurrentTaskHandle>
100007e0:	f04f 4350 	mov.w	r3, #3489660928	@ 0xd0000000
100007e4:	6818      	ldr	r0, [r3, #0]
100007e6:	4770      	bx	lr
100007e8:	20000599 	.word	0x20000599

100007ec <vPortLockInternalSpinUnlockWithNotify>:
100007ec:	b510      	push	{r4, lr}
100007ee:	4b20      	ldr	r3, [pc, #128]	@ (10000870 <vPortLockInternalSpinUnlockWithNotify+0x84>)
100007f0:	468e      	mov	lr, r1
100007f2:	781b      	ldrb	r3, [r3, #0]
100007f4:	6802      	ldr	r2, [r0, #0]
100007f6:	2bff      	cmp	r3, #255	@ 0xff
100007f8:	b082      	sub	sp, #8
100007fa:	d02f      	beq.n	1000085c <vPortLockInternalSpinUnlockWithNotify+0x70>
100007fc:	f04f 0c01 	mov.w	ip, #1
10000800:	4b1c      	ldr	r3, [pc, #112]	@ (10000874 <vPortLockInternalSpinUnlockWithNotify+0x88>)
10000802:	1ad2      	subs	r2, r2, r3
10000804:	4b1c      	ldr	r3, [pc, #112]	@ (10000878 <vPortLockInternalSpinUnlockWithNotify+0x8c>)
10000806:	fba3 1302 	umull	r1, r3, r3, r2
1000080a:	091b      	lsrs	r3, r3, #4
1000080c:	eb03 0343 	add.w	r3, r3, r3, lsl #1
10000810:	eba2 02c3 	sub.w	r2, r2, r3, lsl #3
10000814:	fa0c f102 	lsl.w	r1, ip, r2
10000818:	bf40      	sev
1000081a:	2400      	movs	r4, #0
1000081c:	6803      	ldr	r3, [r0, #0]
1000081e:	e8c3 4f8f 	stlb	r4, [r3]
10000822:	f38e 8810 	msr	PRIMASK, lr
10000826:	f3ef 8305 	mrs	r3, IPSR
1000082a:	b2db      	uxtb	r3, r3
1000082c:	b933      	cbnz	r3, 1000083c <vPortLockInternalSpinUnlockWithNotify+0x50>
1000082e:	4b13      	ldr	r3, [pc, #76]	@ (1000087c <vPortLockInternalSpinUnlockWithNotify+0x90>)
10000830:	6818      	ldr	r0, [r3, #0]
10000832:	b002      	add	sp, #8
10000834:	e8bd 4010 	ldmia.w	sp!, {r4, lr}
10000838:	f000 b9dc 	b.w	10000bf4 <xEventGroupSetBits>
1000083c:	4b0f      	ldr	r3, [pc, #60]	@ (1000087c <vPortLockInternalSpinUnlockWithNotify+0x90>)
1000083e:	aa01      	add	r2, sp, #4
10000840:	6818      	ldr	r0, [r3, #0]
10000842:	9401      	str	r4, [sp, #4]
10000844:	f000 fa0a 	bl	10000c5c <xEventGroupSetBitsFromISR>
10000848:	9b01      	ldr	r3, [sp, #4]
1000084a:	b12b      	cbz	r3, 10000858 <vPortLockInternalSpinUnlockWithNotify+0x6c>
1000084c:	f04f 23e0 	mov.w	r3, #3758153728	@ 0xe000e000
10000850:	f04f 5280 	mov.w	r2, #268435456	@ 0x10000000
10000854:	f8c3 2d04 	str.w	r2, [r3, #3332]	@ 0xd04
10000858:	b002      	add	sp, #8
1000085a:	bd10      	pop	{r4, pc}
1000085c:	bf40      	sev
1000085e:	2300      	movs	r3, #0
10000860:	6802      	ldr	r2, [r0, #0]
10000862:	e8c2 3f8f 	stlb	r3, [r2]
10000866:	f381 8810 	msr	PRIMASK, r1
1000086a:	b002      	add	sp, #8
1000086c:	bd10      	pop	{r4, pc}
1000086e:	bf00      	nop
10000870:	20000599 	.word	0x20000599
10000874:	2000080c 	.word	0x2000080c
10000878:	aaaaaaab 	.word	0xaaaaaaab
1000087c:	20020bb4 	.word	0x20020bb4

10000880 <xPortLockInternalSpinUnlockWithBestEffortWaitOrTimeout>:
10000880:	b5f0      	push	{r4, r5, r6, r7, lr}
10000882:	4c35      	ldr	r4, [pc, #212]	@ (10000958 <xPortLockInternalSpinUnlockWithBestEffortWaitOrTimeout+0xd8>)
10000884:	4606      	mov	r6, r0
10000886:	f894 c000 	ldrb.w	ip, [r4]
1000088a:	460f      	mov	r7, r1
1000088c:	f1bc 0fff 	cmp.w	ip, #255	@ 0xff
10000890:	4614      	mov	r4, r2
10000892:	461d      	mov	r5, r3
10000894:	b083      	sub	sp, #12
10000896:	d04e      	beq.n	10000936 <xPortLockInternalSpinUnlockWithBestEffortWaitOrTimeout+0xb6>
10000898:	f003 f9f6 	bl	10003c88 <time_us_64>
1000089c:	f240 33e7 	movw	r3, #999	@ 0x3e7
100008a0:	ebb4 0c00 	subs.w	ip, r4, r0
100008a4:	eb65 0101 	sbc.w	r1, r5, r1
100008a8:	eb1c 0003 	adds.w	r0, ip, r3
100008ac:	f141 0100 	adc.w	r1, r1, #0
100008b0:	f5b0 7f7a 	cmp.w	r0, #1000	@ 0x3e8
100008b4:	f171 0300 	sbcs.w	r3, r1, #0
100008b8:	da1c      	bge.n	100008f4 <xPortLockInternalSpinUnlockWithBestEffortWaitOrTimeout+0x74>
100008ba:	2300      	movs	r3, #0
100008bc:	6832      	ldr	r2, [r6, #0]
100008be:	e8c2 3f8f 	stlb	r3, [r2]
100008c2:	f387 8810 	msr	PRIMASK, r7
100008c6:	4b25      	ldr	r3, [pc, #148]	@ (1000095c <xPortLockInternalSpinUnlockWithBestEffortWaitOrTimeout+0xdc>)
100008c8:	6a5a      	ldr	r2, [r3, #36]	@ 0x24
100008ca:	4295      	cmp	r5, r2
100008cc:	d90c      	bls.n	100008e8 <xPortLockInternalSpinUnlockWithBestEffortWaitOrTimeout+0x68>
100008ce:	f04f 23e0 	mov.w	r3, #3758153728	@ 0xe000e000
100008d2:	f04f 5280 	mov.w	r2, #268435456	@ 0x10000000
100008d6:	f8c3 2d04 	str.w	r2, [r3, #3332]	@ 0xd04
100008da:	f3bf 8f4f 	dsb	sy
100008de:	f3bf 8f6f 	isb	sy
100008e2:	2000      	movs	r0, #0
100008e4:	b003      	add	sp, #12
100008e6:	bdf0      	pop	{r4, r5, r6, r7, pc}
100008e8:	6a9b      	ldr	r3, [r3, #40]	@ 0x28
100008ea:	42a3      	cmp	r3, r4
100008ec:	d330      	bcc.n	10000950 <xPortLockInternalSpinUnlockWithBestEffortWaitOrTimeout+0xd0>
100008ee:	2001      	movs	r0, #1
100008f0:	b003      	add	sp, #12
100008f2:	bdf0      	pop	{r4, r5, r6, r7, pc}
100008f4:	f44f 727a 	mov.w	r2, #1000	@ 0x3e8
100008f8:	2300      	movs	r3, #0
100008fa:	f004 f89d 	bl	10004a38 <____aeabi_ldivmod_veneer>
100008fe:	2800      	cmp	r0, #0
10000900:	d0db      	beq.n	100008ba <xPortLockInternalSpinUnlockWithBestEffortWaitOrTimeout+0x3a>
10000902:	2300      	movs	r3, #0
10000904:	6832      	ldr	r2, [r6, #0]
10000906:	e8c2 3f8f 	stlb	r3, [r2]
1000090a:	f387 8810 	msr	PRIMASK, r7
1000090e:	2201      	movs	r2, #1
10000910:	9000      	str	r0, [sp, #0]
10000912:	6831      	ldr	r1, [r6, #0]
10000914:	4812      	ldr	r0, [pc, #72]	@ (10000960 <xPortLockInternalSpinUnlockWithBestEffortWaitOrTimeout+0xe0>)
10000916:	1a09      	subs	r1, r1, r0
10000918:	4812      	ldr	r0, [pc, #72]	@ (10000964 <xPortLockInternalSpinUnlockWithBestEffortWaitOrTimeout+0xe4>)
1000091a:	fba0 6001 	umull	r6, r0, r0, r1
1000091e:	0900      	lsrs	r0, r0, #4
10000920:	eb00 0040 	add.w	r0, r0, r0, lsl #1
10000924:	eba1 01c0 	sub.w	r1, r1, r0, lsl #3
10000928:	480f      	ldr	r0, [pc, #60]	@ (10000968 <xPortLockInternalSpinUnlockWithBestEffortWaitOrTimeout+0xe8>)
1000092a:	fa02 f101 	lsl.w	r1, r2, r1
1000092e:	6800      	ldr	r0, [r0, #0]
10000930:	f000 f906 	bl	10000b40 <xEventGroupWaitBits>
10000934:	e7c7      	b.n	100008c6 <xPortLockInternalSpinUnlockWithBestEffortWaitOrTimeout+0x46>
10000936:	2300      	movs	r3, #0
10000938:	6802      	ldr	r2, [r0, #0]
1000093a:	e8c2 3f8f 	stlb	r3, [r2]
1000093e:	f381 8810 	msr	PRIMASK, r1
10000942:	4620      	mov	r0, r4
10000944:	4629      	mov	r1, r5
10000946:	b003      	add	sp, #12
10000948:	e8bd 40f0 	ldmia.w	sp!, {r4, r5, r6, r7, lr}
1000094c:	f003 b926 	b.w	10003b9c <best_effort_wfe_or_timeout>
10000950:	4295      	cmp	r5, r2
10000952:	d0bc      	beq.n	100008ce <xPortLockInternalSpinUnlockWithBestEffortWaitOrTimeout+0x4e>
10000954:	2001      	movs	r0, #1
10000956:	e7cb      	b.n	100008f0 <xPortLockInternalSpinUnlockWithBestEffortWaitOrTimeout+0x70>
10000958:	20000599 	.word	0x20000599
1000095c:	400b0000 	.word	0x400b0000
10000960:	2000080c 	.word	0x2000080c
10000964:	aaaaaaab 	.word	0xaaaaaaab
10000968:	20020bb4 	.word	0x20020bb4

1000096c <prvRuntimeInitializer>:
1000096c:	b508      	push	{r3, lr}
1000096e:	f000 f8d9 	bl	10000b24 <xEventGroupCreate>
10000972:	4b01      	ldr	r3, [pc, #4]	@ (10000978 <prvRuntimeInitializer+0xc>)
10000974:	6018      	str	r0, [r3, #0]
10000976:	bd08      	pop	{r3, pc}
10000978:	20020bb4 	.word	0x20020bb4

1000097c <vYieldCore>:
1000097c:	2301      	movs	r3, #1
1000097e:	f04f 4250 	mov.w	r2, #3489660928	@ 0xd0000000
10000982:	4903      	ldr	r1, [pc, #12]	@ (10000990 <vYieldCore+0x14>)
10000984:	f991 1000 	ldrsb.w	r1, [r1]
10000988:	408b      	lsls	r3, r1
1000098a:	f8c2 3180 	str.w	r3, [r2, #384]	@ 0x180
1000098e:	4770      	bx	lr
10000990:	20000598 	.word	0x20000598
	...

100009a0 <vRestoreContextOfFirstTask>:
100009a0:	a10b      	add	r1, pc, #44	@ (adr r1, 100009d0 <ulAsmLocals>)
100009a2:	c90c      	ldmia	r1!, {r2, r3}
100009a4:	6812      	ldr	r2, [r2, #0]
100009a6:	f853 1022 	ldr.w	r1, [r3, r2, lsl #2]
100009aa:	6808      	ldr	r0, [r1, #0]
100009ac:	c806      	ldmia	r0!, {r1, r2}
100009ae:	f381 880b 	msr	PSPLIM, r1
100009b2:	2102      	movs	r1, #2
100009b4:	f381 8814 	msr	CONTROL, r1
100009b8:	3020      	adds	r0, #32
100009ba:	f380 8809 	msr	PSP, r0
100009be:	f3bf 8f6f 	isb	sy
100009c2:	f04f 0000 	mov.w	r0, #0
100009c6:	f380 8811 	msr	BASEPRI, r0
100009ca:	4710      	bx	r2
100009cc:	f3af 8000 	nop.w

100009d0 <ulAsmLocals>:
100009d0:	d0000000 	.word	0xd0000000
100009d4:	20000894 	.word	0x20000894

100009d8 <vStartFirstTask>:
100009d8:	b662      	cpsie	i
100009da:	b661      	cpsie	f
100009dc:	f3bf 8f4f 	dsb	sy
100009e0:	f3bf 8f6f 	isb	sy
100009e4:	df66      	svc	102	@ 0x66
100009e6:	bf00      	nop

100009e8 <ulSetInterruptMask>:
100009e8:	f3ef 8011 	mrs	r0, BASEPRI
100009ec:	f04f 0110 	mov.w	r1, #16
100009f0:	f381 8811 	msr	BASEPRI, r1
100009f4:	f3bf 8f4f 	dsb	sy
100009f8:	f3bf 8f6f 	isb	sy
100009fc:	4770      	bx	lr
100009fe:	bf00      	nop

10000a00 <vClearInterruptMask>:
10000a00:	f380 8811 	msr	BASEPRI, r0
10000a04:	f3bf 8f4f 	dsb	sy
10000a08:	f3bf 8f6f 	isb	sy
10000a0c:	4770      	bx	lr
10000a0e:	bf00      	nop

10000a10 <PendSV_Handler>:
10000a10:	f3ef 8109 	mrs	r1, PSP
10000a14:	f01e 0f10 	tst.w	lr, #16
10000a18:	bf08      	it	eq
10000a1a:	ed21 8a10 	vstmdbeq	r1!, {s16-s31}
10000a1e:	f3ef 820b 	mrs	r2, PSPLIM
10000a22:	4673      	mov	r3, lr
10000a24:	e921 0ffc 	stmdb	r1!, {r2, r3, r4, r5, r6, r7, r8, r9, sl, fp}
10000a28:	fc55 4408 	dcp_pxmd r4, r5
10000a2c:	fc57 6409 	dcp_pymd r6, r7
10000a30:	fc59 840a 	dcp_pefd r8, r9
10000a34:	e901 03f0 	stmdb	r1, {r4, r5, r6, r7, r8, r9}
10000a38:	a019      	add	r0, pc, #100	@ (adr r0, 10000aa0 <ulAsmLocals2>)
10000a3a:	c80c      	ldmia	r0!, {r2, r3}
10000a3c:	6810      	ldr	r0, [r2, #0]
10000a3e:	f853 3020 	ldr.w	r3, [r3, r0, lsl #2]
10000a42:	6019      	str	r1, [r3, #0]
10000a44:	f04f 0110 	mov.w	r1, #16
10000a48:	f381 8811 	msr	BASEPRI, r1
10000a4c:	f3bf 8f4f 	dsb	sy
10000a50:	f3bf 8f6f 	isb	sy
10000a54:	f001 f9a4 	bl	10001da0 <vTaskSwitchContext>
10000a58:	f04f 0000 	mov.w	r0, #0
10000a5c:	f380 8811 	msr	BASEPRI, r0
10000a60:	a10f      	add	r1, pc, #60	@ (adr r1, 10000aa0 <ulAsmLocals2>)
10000a62:	c90c      	ldmia	r1!, {r2, r3}
10000a64:	6812      	ldr	r2, [r2, #0]
10000a66:	f853 1022 	ldr.w	r1, [r3, r2, lsl #2]
10000a6a:	6808      	ldr	r0, [r1, #0]
10000a6c:	3818      	subs	r0, #24
10000a6e:	e8b0 03f0 	ldmia.w	r0!, {r4, r5, r6, r7, r8, r9}
10000a72:	ec45 4400 	dcp_wxmd r4, r5
10000a76:	ec47 6401 	dcp_wymd r6, r7
10000a7a:	ec49 8402 	dcp_wefd r8, r9
10000a7e:	e8b0 0ffc 	ldmia.w	r0!, {r2, r3, r4, r5, r6, r7, r8, r9, sl, fp}
10000a82:	f013 0f10 	tst.w	r3, #16
10000a86:	bf08      	it	eq
10000a88:	ecb0 8a10 	vldmiaeq	r0!, {s16-s31}
10000a8c:	f382 880b 	msr	PSPLIM, r2
10000a90:	f380 8809 	msr	PSP, r0
10000a94:	4718      	bx	r3
10000a96:	bf00      	nop
10000a98:	f3af 8000 	nop.w
10000a9c:	f3af 8000 	nop.w

10000aa0 <ulAsmLocals2>:
10000aa0:	d0000000 	.word	0xd0000000
10000aa4:	20000894 	.word	0x20000894

10000aa8 <SVC_Handler>:
10000aa8:	f01e 0f04 	tst.w	lr, #4
10000aac:	bf0c      	ite	eq
10000aae:	f3ef 8008 	mrseq	r0, MSP
10000ab2:	f3ef 8009 	mrsne	r0, PSP
10000ab6:	4901      	ldr	r1, [pc, #4]	@ (10000abc <SVC_Handler+0x14>)
10000ab8:	4708      	bx	r1
10000aba:	0000      	.short	0x0000
10000abc:	100006b9 	.word	0x100006b9

10000ac0 <vEventGroupSetBitsCallback>:
10000ac0:	e92d 41f0 	stmdb	sp!, {r4, r5, r6, r7, r8, lr}
10000ac4:	4606      	mov	r6, r0
10000ac6:	460d      	mov	r5, r1
10000ac8:	f001 f822 	bl	10001b10 <vTaskSuspendAll>
10000acc:	6833      	ldr	r3, [r6, #0]
10000ace:	6934      	ldr	r4, [r6, #16]
10000ad0:	f106 070c 	add.w	r7, r6, #12
10000ad4:	432b      	orrs	r3, r5
10000ad6:	42a7      	cmp	r7, r4
10000ad8:	6033      	str	r3, [r6, #0]
10000ada:	d01e      	beq.n	10000b1a <vEventGroupSetBitsCallback+0x5a>
10000adc:	f04f 0800 	mov.w	r8, #0
10000ae0:	e00a      	b.n	10000af8 <vEventGroupSetBitsCallback+0x38>
10000ae2:	421d      	tst	r5, r3
10000ae4:	d006      	beq.n	10000af4 <vEventGroupSetBitsCallback+0x34>
10000ae6:	01d3      	lsls	r3, r2, #7
10000ae8:	bf48      	it	mi
10000aea:	ea48 0805 	orrmi.w	r8, r8, r5
10000aee:	f001 feff 	bl	100028f0 <vTaskRemoveFromUnorderedEventList>
10000af2:	6833      	ldr	r3, [r6, #0]
10000af4:	42a7      	cmp	r7, r4
10000af6:	d00e      	beq.n	10000b16 <vEventGroupSetBitsCallback+0x56>
10000af8:	4620      	mov	r0, r4
10000afa:	6802      	ldr	r2, [r0, #0]
10000afc:	6864      	ldr	r4, [r4, #4]
10000afe:	f012 6f80 	tst.w	r2, #67108864	@ 0x4000000
10000b02:	f043 7100 	orr.w	r1, r3, #33554432	@ 0x2000000
10000b06:	f022 457f 	bic.w	r5, r2, #4278190080	@ 0xff000000
10000b0a:	d0ea      	beq.n	10000ae2 <vEventGroupSetBitsCallback+0x22>
10000b0c:	ea35 0c03 	bics.w	ip, r5, r3
10000b10:	d0e9      	beq.n	10000ae6 <vEventGroupSetBitsCallback+0x26>
10000b12:	42a7      	cmp	r7, r4
10000b14:	d1f0      	bne.n	10000af8 <vEventGroupSetBitsCallback+0x38>
10000b16:	ea23 0308 	bic.w	r3, r3, r8
10000b1a:	6033      	str	r3, [r6, #0]
10000b1c:	e8bd 41f0 	ldmia.w	sp!, {r4, r5, r6, r7, r8, lr}
10000b20:	f001 bede 	b.w	100028e0 <xTaskResumeAll>

10000b24 <xEventGroupCreate>:
10000b24:	b510      	push	{r4, lr}
10000b26:	201c      	movs	r0, #28
10000b28:	f7ff fc06 	bl	10000338 <pvPortMalloc>
10000b2c:	4604      	mov	r4, r0
10000b2e:	b120      	cbz	r0, 10000b3a <xEventGroupCreate+0x16>
10000b30:	2300      	movs	r3, #0
10000b32:	f840 3b04 	str.w	r3, [r0], #4
10000b36:	f000 f89f 	bl	10000c78 <vListInitialise>
10000b3a:	4620      	mov	r0, r4
10000b3c:	bd10      	pop	{r4, pc}
10000b3e:	bf00      	nop

10000b40 <xEventGroupWaitBits>:
10000b40:	e92d 41f0 	stmdb	sp!, {r4, r5, r6, r7, r8, lr}
10000b44:	4606      	mov	r6, r0
10000b46:	461f      	mov	r7, r3
10000b48:	460d      	mov	r5, r1
10000b4a:	4690      	mov	r8, r2
10000b4c:	f000 ffe0 	bl	10001b10 <vTaskSuspendAll>
10000b50:	6834      	ldr	r4, [r6, #0]
10000b52:	b99f      	cbnz	r7, 10000b7c <xEventGroupWaitBits+0x3c>
10000b54:	422c      	tst	r4, r5
10000b56:	d00a      	beq.n	10000b6e <xEventGroupWaitBits+0x2e>
10000b58:	f1b8 0f00 	cmp.w	r8, #0
10000b5c:	d009      	beq.n	10000b72 <xEventGroupWaitBits+0x32>
10000b5e:	ea24 0505 	bic.w	r5, r4, r5
10000b62:	6035      	str	r5, [r6, #0]
10000b64:	f001 febc 	bl	100028e0 <xTaskResumeAll>
10000b68:	4620      	mov	r0, r4
10000b6a:	e8bd 81f0 	ldmia.w	sp!, {r4, r5, r6, r7, r8, pc}
10000b6e:	9b06      	ldr	r3, [sp, #24]
10000b70:	bb1b      	cbnz	r3, 10000bba <xEventGroupWaitBits+0x7a>
10000b72:	f001 feb5 	bl	100028e0 <xTaskResumeAll>
10000b76:	4620      	mov	r0, r4
10000b78:	e8bd 81f0 	ldmia.w	sp!, {r4, r5, r6, r7, r8, pc}
10000b7c:	ea35 0304 	bics.w	r3, r5, r4
10000b80:	d0ea      	beq.n	10000b58 <xEventGroupWaitBits+0x18>
10000b82:	9b06      	ldr	r3, [sp, #24]
10000b84:	2b00      	cmp	r3, #0
10000b86:	d0f4      	beq.n	10000b72 <xEventGroupWaitBits+0x32>
10000b88:	f1b8 0100 	subs.w	r1, r8, #0
10000b8c:	bf18      	it	ne
10000b8e:	2101      	movne	r1, #1
10000b90:	461a      	mov	r2, r3
10000b92:	0609      	lsls	r1, r1, #24
10000b94:	f041 6180 	orr.w	r1, r1, #67108864	@ 0x4000000
10000b98:	4329      	orrs	r1, r5
10000b9a:	1d30      	adds	r0, r6, #4
10000b9c:	f001 faa6 	bl	100020ec <vTaskPlaceOnUnorderedEventList>
10000ba0:	f001 fe9e 	bl	100028e0 <xTaskResumeAll>
10000ba4:	b1f8      	cbz	r0, 10000be6 <xEventGroupWaitBits+0xa6>
10000ba6:	f002 f807 	bl	10002bb8 <uxTaskResetEventItemValue>
10000baa:	0183      	lsls	r3, r0, #6
10000bac:	4604      	mov	r4, r0
10000bae:	d50b      	bpl.n	10000bc8 <xEventGroupWaitBits+0x88>
10000bb0:	f024 447f 	bic.w	r4, r4, #4278190080	@ 0xff000000
10000bb4:	4620      	mov	r0, r4
10000bb6:	e8bd 81f0 	ldmia.w	sp!, {r4, r5, r6, r7, r8, pc}
10000bba:	f1b8 0100 	subs.w	r1, r8, #0
10000bbe:	bf18      	it	ne
10000bc0:	2101      	movne	r1, #1
10000bc2:	461a      	mov	r2, r3
10000bc4:	0609      	lsls	r1, r1, #24
10000bc6:	e7e7      	b.n	10000b98 <xEventGroupWaitBits+0x58>
10000bc8:	f001 fc24 	bl	10002414 <vTaskEnterCritical>
10000bcc:	6834      	ldr	r4, [r6, #0]
10000bce:	b96f      	cbnz	r7, 10000bec <xEventGroupWaitBits+0xac>
10000bd0:	4225      	tst	r5, r4
10000bd2:	d005      	beq.n	10000be0 <xEventGroupWaitBits+0xa0>
10000bd4:	f1b8 0f00 	cmp.w	r8, #0
10000bd8:	d002      	beq.n	10000be0 <xEventGroupWaitBits+0xa0>
10000bda:	ea24 0505 	bic.w	r5, r4, r5
10000bde:	6035      	str	r5, [r6, #0]
10000be0:	f001 ff6c 	bl	10002abc <vTaskExitCritical>
10000be4:	e7e4      	b.n	10000bb0 <xEventGroupWaitBits+0x70>
10000be6:	f001 fc03 	bl	100023f0 <vTaskYieldWithinAPI>
10000bea:	e7dc      	b.n	10000ba6 <xEventGroupWaitBits+0x66>
10000bec:	ea35 0304 	bics.w	r3, r5, r4
10000bf0:	d1f6      	bne.n	10000be0 <xEventGroupWaitBits+0xa0>
10000bf2:	e7ef      	b.n	10000bd4 <xEventGroupWaitBits+0x94>

10000bf4 <xEventGroupSetBits>:
10000bf4:	e92d 41f0 	stmdb	sp!, {r4, r5, r6, r7, r8, lr}
10000bf8:	4606      	mov	r6, r0
10000bfa:	460d      	mov	r5, r1
10000bfc:	f000 ff88 	bl	10001b10 <vTaskSuspendAll>
10000c00:	6833      	ldr	r3, [r6, #0]
10000c02:	6934      	ldr	r4, [r6, #16]
10000c04:	f106 070c 	add.w	r7, r6, #12
10000c08:	432b      	orrs	r3, r5
10000c0a:	42a7      	cmp	r7, r4
10000c0c:	6033      	str	r3, [r6, #0]
10000c0e:	d01e      	beq.n	10000c4e <xEventGroupSetBits+0x5a>
10000c10:	f04f 0800 	mov.w	r8, #0
10000c14:	e00a      	b.n	10000c2c <xEventGroupSetBits+0x38>
10000c16:	421d      	tst	r5, r3
10000c18:	d006      	beq.n	10000c28 <xEventGroupSetBits+0x34>
10000c1a:	01d3      	lsls	r3, r2, #7
10000c1c:	bf48      	it	mi
10000c1e:	ea48 0805 	orrmi.w	r8, r8, r5
10000c22:	f001 fe65 	bl	100028f0 <vTaskRemoveFromUnorderedEventList>
10000c26:	6833      	ldr	r3, [r6, #0]
10000c28:	42a7      	cmp	r7, r4
10000c2a:	d00e      	beq.n	10000c4a <xEventGroupSetBits+0x56>
10000c2c:	4620      	mov	r0, r4
10000c2e:	6802      	ldr	r2, [r0, #0]
10000c30:	6864      	ldr	r4, [r4, #4]
10000c32:	f012 6f80 	tst.w	r2, #67108864	@ 0x4000000
10000c36:	f043 7100 	orr.w	r1, r3, #33554432	@ 0x2000000
10000c3a:	f022 457f 	bic.w	r5, r2, #4278190080	@ 0xff000000
10000c3e:	d0ea      	beq.n	10000c16 <xEventGroupSetBits+0x22>
10000c40:	ea35 0c03 	bics.w	ip, r5, r3
10000c44:	d0e9      	beq.n	10000c1a <xEventGroupSetBits+0x26>
10000c46:	42a7      	cmp	r7, r4
10000c48:	d1f0      	bne.n	10000c2c <xEventGroupSetBits+0x38>
10000c4a:	ea23 0308 	bic.w	r3, r3, r8
10000c4e:	6033      	str	r3, [r6, #0]
10000c50:	f001 fe46 	bl	100028e0 <xTaskResumeAll>
10000c54:	6830      	ldr	r0, [r6, #0]
10000c56:	e8bd 81f0 	ldmia.w	sp!, {r4, r5, r6, r7, r8, pc}
10000c5a:	bf00      	nop

10000c5c <xEventGroupSetBitsFromISR>:
10000c5c:	468c      	mov	ip, r1
10000c5e:	b500      	push	{lr}
10000c60:	4686      	mov	lr, r0
10000c62:	4613      	mov	r3, r2
10000c64:	4671      	mov	r1, lr
10000c66:	4662      	mov	r2, ip
10000c68:	4802      	ldr	r0, [pc, #8]	@ (10000c74 <xEventGroupSetBitsFromISR+0x18>)
10000c6a:	f85d eb04 	ldr.w	lr, [sp], #4
10000c6e:	f002 b9b3 	b.w	10002fd8 <xTimerPendFunctionCallFromISR>
10000c72:	bf00      	nop
10000c74:	10000ac1 	.word	0x10000ac1

10000c78 <vListInitialise>:
10000c78:	f04f 31ff 	mov.w	r1, #4294967295	@ 0xffffffff
10000c7c:	2200      	movs	r2, #0
10000c7e:	f100 0308 	add.w	r3, r0, #8
10000c82:	e9c0 3101 	strd	r3, r1, [r0, #4]
10000c86:	60c3      	str	r3, [r0, #12]
10000c88:	6103      	str	r3, [r0, #16]
10000c8a:	6002      	str	r2, [r0, #0]
10000c8c:	4770      	bx	lr
10000c8e:	bf00      	nop

10000c90 <vListInitialiseItem>:
10000c90:	2300      	movs	r3, #0
10000c92:	6103      	str	r3, [r0, #16]
10000c94:	4770      	bx	lr
10000c96:	bf00      	nop

10000c98 <vListInsertEnd>:
10000c98:	e9d0 3200 	ldrd	r3, r2, [r0]
10000c9c:	b410      	push	{r4}
10000c9e:	6894      	ldr	r4, [r2, #8]
10000ca0:	3301      	adds	r3, #1
10000ca2:	e9c1 2401 	strd	r2, r4, [r1, #4]
10000ca6:	6061      	str	r1, [r4, #4]
10000ca8:	6091      	str	r1, [r2, #8]
10000caa:	f85d 4b04 	ldr.w	r4, [sp], #4
10000cae:	6108      	str	r0, [r1, #16]
10000cb0:	6003      	str	r3, [r0, #0]
10000cb2:	4770      	bx	lr

10000cb4 <vListInsert>:
10000cb4:	b430      	push	{r4, r5}
10000cb6:	680d      	ldr	r5, [r1, #0]
10000cb8:	1c6b      	adds	r3, r5, #1
10000cba:	d010      	beq.n	10000cde <vListInsert+0x2a>
10000cbc:	f100 0308 	add.w	r3, r0, #8
10000cc0:	461c      	mov	r4, r3
10000cc2:	685b      	ldr	r3, [r3, #4]
10000cc4:	681a      	ldr	r2, [r3, #0]
10000cc6:	42aa      	cmp	r2, r5
10000cc8:	d9fa      	bls.n	10000cc0 <vListInsert+0xc>
10000cca:	6802      	ldr	r2, [r0, #0]
10000ccc:	604b      	str	r3, [r1, #4]
10000cce:	3201      	adds	r2, #1
10000cd0:	6099      	str	r1, [r3, #8]
10000cd2:	608c      	str	r4, [r1, #8]
10000cd4:	6061      	str	r1, [r4, #4]
10000cd6:	6108      	str	r0, [r1, #16]
10000cd8:	bc30      	pop	{r4, r5}
10000cda:	6002      	str	r2, [r0, #0]
10000cdc:	4770      	bx	lr
10000cde:	6904      	ldr	r4, [r0, #16]
10000ce0:	6863      	ldr	r3, [r4, #4]
10000ce2:	e7f2      	b.n	10000cca <vListInsert+0x16>

10000ce4 <uxListRemove>:
10000ce4:	4603      	mov	r3, r0
10000ce6:	6902      	ldr	r2, [r0, #16]
10000ce8:	b410      	push	{r4}
10000cea:	6854      	ldr	r4, [r2, #4]
10000cec:	6840      	ldr	r0, [r0, #4]
10000cee:	6899      	ldr	r1, [r3, #8]
10000cf0:	429c      	cmp	r4, r3
10000cf2:	6081      	str	r1, [r0, #8]
10000cf4:	6048      	str	r0, [r1, #4]
10000cf6:	bf08      	it	eq
10000cf8:	6051      	streq	r1, [r2, #4]
10000cfa:	2100      	movs	r1, #0
10000cfc:	6810      	ldr	r0, [r2, #0]
10000cfe:	f85d 4b04 	ldr.w	r4, [sp], #4
10000d02:	3801      	subs	r0, #1
10000d04:	6119      	str	r1, [r3, #16]
10000d06:	6010      	str	r0, [r2, #0]
10000d08:	4770      	bx	lr
10000d0a:	bf00      	nop

10000d0c <prvCopyDataToQueue>:
10000d0c:	b570      	push	{r4, r5, r6, lr}
10000d0e:	4615      	mov	r5, r2
10000d10:	6c02      	ldr	r2, [r0, #64]	@ 0x40
10000d12:	4604      	mov	r4, r0
10000d14:	6b86      	ldr	r6, [r0, #56]	@ 0x38
10000d16:	b92a      	cbnz	r2, 10000d24 <prvCopyDataToQueue+0x18>
10000d18:	6805      	ldr	r5, [r0, #0]
10000d1a:	b34d      	cbz	r5, 10000d70 <prvCopyDataToQueue+0x64>
10000d1c:	2000      	movs	r0, #0
10000d1e:	3601      	adds	r6, #1
10000d20:	63a6      	str	r6, [r4, #56]	@ 0x38
10000d22:	bd70      	pop	{r4, r5, r6, pc}
10000d24:	b97d      	cbnz	r5, 10000d46 <prvCopyDataToQueue+0x3a>
10000d26:	6840      	ldr	r0, [r0, #4]
10000d28:	f003 fd86 	bl	10004838 <memcpy>
10000d2c:	6863      	ldr	r3, [r4, #4]
10000d2e:	6c22      	ldr	r2, [r4, #64]	@ 0x40
10000d30:	4413      	add	r3, r2
10000d32:	68a2      	ldr	r2, [r4, #8]
10000d34:	6063      	str	r3, [r4, #4]
10000d36:	4293      	cmp	r3, r2
10000d38:	d3f0      	bcc.n	10000d1c <prvCopyDataToQueue+0x10>
10000d3a:	6823      	ldr	r3, [r4, #0]
10000d3c:	3601      	adds	r6, #1
10000d3e:	4628      	mov	r0, r5
10000d40:	6063      	str	r3, [r4, #4]
10000d42:	63a6      	str	r6, [r4, #56]	@ 0x38
10000d44:	bd70      	pop	{r4, r5, r6, pc}
10000d46:	68c0      	ldr	r0, [r0, #12]
10000d48:	f003 fd76 	bl	10004838 <memcpy>
10000d4c:	6c22      	ldr	r2, [r4, #64]	@ 0x40
10000d4e:	68e3      	ldr	r3, [r4, #12]
10000d50:	4251      	negs	r1, r2
10000d52:	1a9b      	subs	r3, r3, r2
10000d54:	6822      	ldr	r2, [r4, #0]
10000d56:	60e3      	str	r3, [r4, #12]
10000d58:	4293      	cmp	r3, r2
10000d5a:	d202      	bcs.n	10000d62 <prvCopyDataToQueue+0x56>
10000d5c:	68a3      	ldr	r3, [r4, #8]
10000d5e:	440b      	add	r3, r1
10000d60:	60e3      	str	r3, [r4, #12]
10000d62:	2d02      	cmp	r5, #2
10000d64:	d1da      	bne.n	10000d1c <prvCopyDataToQueue+0x10>
10000d66:	2e01      	cmp	r6, #1
10000d68:	bf38      	it	cc
10000d6a:	2601      	movcc	r6, #1
10000d6c:	2000      	movs	r0, #0
10000d6e:	e7d7      	b.n	10000d20 <prvCopyDataToQueue+0x14>
10000d70:	6880      	ldr	r0, [r0, #8]
10000d72:	f001 fadf 	bl	10002334 <xTaskPriorityDisinherit>
10000d76:	3601      	adds	r6, #1
10000d78:	60a5      	str	r5, [r4, #8]
10000d7a:	e7d1      	b.n	10000d20 <prvCopyDataToQueue+0x14>

10000d7c <prvUnlockQueue>:
10000d7c:	e92d 43f0 	stmdb	sp!, {r4, r5, r6, r7, r8, r9, lr}
10000d80:	4606      	mov	r6, r0
10000d82:	b085      	sub	sp, #20
10000d84:	f001 fb46 	bl	10002414 <vTaskEnterCritical>
10000d88:	f896 3045 	ldrb.w	r3, [r6, #69]	@ 0x45
10000d8c:	b25d      	sxtb	r5, r3
10000d8e:	2d00      	cmp	r5, #0
10000d90:	dd1c      	ble.n	10000dcc <prvUnlockQueue+0x50>
10000d92:	f106 0724 	add.w	r7, r6, #36	@ 0x24
10000d96:	e008      	b.n	10000daa <prvUnlockQueue+0x2e>
10000d98:	6ba2      	ldr	r2, [r4, #56]	@ 0x38
10000d9a:	6be3      	ldr	r3, [r4, #60]	@ 0x3c
10000d9c:	9603      	str	r6, [sp, #12]
10000d9e:	429a      	cmp	r2, r3
10000da0:	d33d      	bcc.n	10000e1e <prvUnlockQueue+0xa2>
10000da2:	1e6b      	subs	r3, r5, #1
10000da4:	b2da      	uxtb	r2, r3
10000da6:	b25d      	sxtb	r5, r3
10000da8:	b182      	cbz	r2, 10000dcc <prvUnlockQueue+0x50>
10000daa:	6cb4      	ldr	r4, [r6, #72]	@ 0x48
10000dac:	2c00      	cmp	r4, #0
10000dae:	d1f3      	bne.n	10000d98 <prvUnlockQueue+0x1c>
10000db0:	6a73      	ldr	r3, [r6, #36]	@ 0x24
10000db2:	b15b      	cbz	r3, 10000dcc <prvUnlockQueue+0x50>
10000db4:	4638      	mov	r0, r7
10000db6:	f001 fa37 	bl	10002228 <xTaskRemoveFromEventList>
10000dba:	2800      	cmp	r0, #0
10000dbc:	d0f1      	beq.n	10000da2 <prvUnlockQueue+0x26>
10000dbe:	f001 fa9f 	bl	10002300 <vTaskMissedYield>
10000dc2:	1e6b      	subs	r3, r5, #1
10000dc4:	b2da      	uxtb	r2, r3
10000dc6:	b25d      	sxtb	r5, r3
10000dc8:	2a00      	cmp	r2, #0
10000dca:	d1ee      	bne.n	10000daa <prvUnlockQueue+0x2e>
10000dcc:	23ff      	movs	r3, #255	@ 0xff
10000dce:	f886 3045 	strb.w	r3, [r6, #69]	@ 0x45
10000dd2:	f001 fe73 	bl	10002abc <vTaskExitCritical>
10000dd6:	f001 fb1d 	bl	10002414 <vTaskEnterCritical>
10000dda:	f896 3044 	ldrb.w	r3, [r6, #68]	@ 0x44
10000dde:	b25c      	sxtb	r4, r3
10000de0:	2c00      	cmp	r4, #0
10000de2:	dd14      	ble.n	10000e0e <prvUnlockQueue+0x92>
10000de4:	f106 0510 	add.w	r5, r6, #16
10000de8:	e003      	b.n	10000df2 <prvUnlockQueue+0x76>
10000dea:	1e63      	subs	r3, r4, #1
10000dec:	b2da      	uxtb	r2, r3
10000dee:	b25c      	sxtb	r4, r3
10000df0:	b16a      	cbz	r2, 10000e0e <prvUnlockQueue+0x92>
10000df2:	6933      	ldr	r3, [r6, #16]
10000df4:	b15b      	cbz	r3, 10000e0e <prvUnlockQueue+0x92>
10000df6:	4628      	mov	r0, r5
10000df8:	f001 fa16 	bl	10002228 <xTaskRemoveFromEventList>
10000dfc:	2800      	cmp	r0, #0
10000dfe:	d0f4      	beq.n	10000dea <prvUnlockQueue+0x6e>
10000e00:	f001 fa7e 	bl	10002300 <vTaskMissedYield>
10000e04:	1e63      	subs	r3, r4, #1
10000e06:	b2da      	uxtb	r2, r3
10000e08:	b25c      	sxtb	r4, r3
10000e0a:	2a00      	cmp	r2, #0
10000e0c:	d1f1      	bne.n	10000df2 <prvUnlockQueue+0x76>
10000e0e:	23ff      	movs	r3, #255	@ 0xff
10000e10:	f886 3044 	strb.w	r3, [r6, #68]	@ 0x44
10000e14:	b005      	add	sp, #20
10000e16:	e8bd 43f0 	ldmia.w	sp!, {r4, r5, r6, r7, r8, r9, lr}
10000e1a:	f001 be4f 	b.w	10002abc <vTaskExitCritical>
10000e1e:	f894 8045 	ldrb.w	r8, [r4, #69]	@ 0x45
10000e22:	6c22      	ldr	r2, [r4, #64]	@ 0x40
10000e24:	f8d4 9038 	ldr.w	r9, [r4, #56]	@ 0x38
10000e28:	fa4f f888 	sxtb.w	r8, r8
10000e2c:	b9a2      	cbnz	r2, 10000e58 <prvUnlockQueue+0xdc>
10000e2e:	6823      	ldr	r3, [r4, #0]
10000e30:	2b00      	cmp	r3, #0
10000e32:	d02f      	beq.n	10000e94 <prvUnlockQueue+0x118>
10000e34:	f109 0301 	add.w	r3, r9, #1
10000e38:	f1b8 3fff 	cmp.w	r8, #4294967295	@ 0xffffffff
10000e3c:	63a3      	str	r3, [r4, #56]	@ 0x38
10000e3e:	d11e      	bne.n	10000e7e <prvUnlockQueue+0x102>
10000e40:	6a63      	ldr	r3, [r4, #36]	@ 0x24
10000e42:	2b00      	cmp	r3, #0
10000e44:	d0ad      	beq.n	10000da2 <prvUnlockQueue+0x26>
10000e46:	f104 0024 	add.w	r0, r4, #36	@ 0x24
10000e4a:	f001 f9ed 	bl	10002228 <xTaskRemoveFromEventList>
10000e4e:	2800      	cmp	r0, #0
10000e50:	d0a7      	beq.n	10000da2 <prvUnlockQueue+0x26>
10000e52:	f001 fa55 	bl	10002300 <vTaskMissedYield>
10000e56:	e7b4      	b.n	10000dc2 <prvUnlockQueue+0x46>
10000e58:	6860      	ldr	r0, [r4, #4]
10000e5a:	a903      	add	r1, sp, #12
10000e5c:	f003 fcec 	bl	10004838 <memcpy>
10000e60:	6863      	ldr	r3, [r4, #4]
10000e62:	6c22      	ldr	r2, [r4, #64]	@ 0x40
10000e64:	4413      	add	r3, r2
10000e66:	68a2      	ldr	r2, [r4, #8]
10000e68:	6063      	str	r3, [r4, #4]
10000e6a:	4293      	cmp	r3, r2
10000e6c:	f109 0301 	add.w	r3, r9, #1
10000e70:	63a3      	str	r3, [r4, #56]	@ 0x38
10000e72:	bf24      	itt	cs
10000e74:	6823      	ldrcs	r3, [r4, #0]
10000e76:	6063      	strcs	r3, [r4, #4]
10000e78:	f1b8 3fff 	cmp.w	r8, #4294967295	@ 0xffffffff
10000e7c:	d0e0      	beq.n	10000e40 <prvUnlockQueue+0xc4>
10000e7e:	f000 fe55 	bl	10001b2c <uxTaskGetNumberOfTasks>
10000e82:	4540      	cmp	r0, r8
10000e84:	d98d      	bls.n	10000da2 <prvUnlockQueue+0x26>
10000e86:	f108 0801 	add.w	r8, r8, #1
10000e8a:	fa4f f888 	sxtb.w	r8, r8
10000e8e:	f884 8045 	strb.w	r8, [r4, #69]	@ 0x45
10000e92:	e786      	b.n	10000da2 <prvUnlockQueue+0x26>
10000e94:	68a0      	ldr	r0, [r4, #8]
10000e96:	9301      	str	r3, [sp, #4]
10000e98:	f001 fa4c 	bl	10002334 <xTaskPriorityDisinherit>
10000e9c:	9b01      	ldr	r3, [sp, #4]
10000e9e:	f1b8 3fff 	cmp.w	r8, #4294967295	@ 0xffffffff
10000ea2:	60a3      	str	r3, [r4, #8]
10000ea4:	f109 0301 	add.w	r3, r9, #1
10000ea8:	63a3      	str	r3, [r4, #56]	@ 0x38
10000eaa:	4681      	mov	r9, r0
10000eac:	d108      	bne.n	10000ec0 <prvUnlockQueue+0x144>
10000eae:	6a63      	ldr	r3, [r4, #36]	@ 0x24
10000eb0:	b99b      	cbnz	r3, 10000eda <prvUnlockQueue+0x15e>
10000eb2:	f1b9 0f00 	cmp.w	r9, #0
10000eb6:	f43f af74 	beq.w	10000da2 <prvUnlockQueue+0x26>
10000eba:	f001 fa21 	bl	10002300 <vTaskMissedYield>
10000ebe:	e780      	b.n	10000dc2 <prvUnlockQueue+0x46>
10000ec0:	f000 fe34 	bl	10001b2c <uxTaskGetNumberOfTasks>
10000ec4:	4540      	cmp	r0, r8
10000ec6:	d9f4      	bls.n	10000eb2 <prvUnlockQueue+0x136>
10000ec8:	f108 0301 	add.w	r3, r8, #1
10000ecc:	b25b      	sxtb	r3, r3
10000ece:	f884 3045 	strb.w	r3, [r4, #69]	@ 0x45
10000ed2:	f1b9 0f00 	cmp.w	r9, #0
10000ed6:	d1f0      	bne.n	10000eba <prvUnlockQueue+0x13e>
10000ed8:	e763      	b.n	10000da2 <prvUnlockQueue+0x26>
10000eda:	f104 0024 	add.w	r0, r4, #36	@ 0x24
10000ede:	f001 f9a3 	bl	10002228 <xTaskRemoveFromEventList>
10000ee2:	2800      	cmp	r0, #0
10000ee4:	f47f af6b 	bne.w	10000dbe <prvUnlockQueue+0x42>
10000ee8:	f1b9 0f00 	cmp.w	r9, #0
10000eec:	d1e5      	bne.n	10000eba <prvUnlockQueue+0x13e>
10000eee:	e758      	b.n	10000da2 <prvUnlockQueue+0x26>

10000ef0 <prvNotifyQueueSetContainer>:
10000ef0:	b5f0      	push	{r4, r5, r6, r7, lr}
10000ef2:	6c84      	ldr	r4, [r0, #72]	@ 0x48
10000ef4:	b083      	sub	sp, #12
10000ef6:	6ba2      	ldr	r2, [r4, #56]	@ 0x38
10000ef8:	6be3      	ldr	r3, [r4, #60]	@ 0x3c
10000efa:	9001      	str	r0, [sp, #4]
10000efc:	429a      	cmp	r2, r3
10000efe:	d303      	bcc.n	10000f08 <prvNotifyQueueSetContainer+0x18>
10000f00:	2500      	movs	r5, #0
10000f02:	4628      	mov	r0, r5
10000f04:	b003      	add	sp, #12
10000f06:	bdf0      	pop	{r4, r5, r6, r7, pc}
10000f08:	f894 6045 	ldrb.w	r6, [r4, #69]	@ 0x45
10000f0c:	6c22      	ldr	r2, [r4, #64]	@ 0x40
10000f0e:	6ba7      	ldr	r7, [r4, #56]	@ 0x38
10000f10:	b276      	sxtb	r6, r6
10000f12:	b1e2      	cbz	r2, 10000f4e <prvNotifyQueueSetContainer+0x5e>
10000f14:	6860      	ldr	r0, [r4, #4]
10000f16:	a901      	add	r1, sp, #4
10000f18:	f003 fc8e 	bl	10004838 <memcpy>
10000f1c:	6862      	ldr	r2, [r4, #4]
10000f1e:	6c23      	ldr	r3, [r4, #64]	@ 0x40
10000f20:	441a      	add	r2, r3
10000f22:	68a3      	ldr	r3, [r4, #8]
10000f24:	6062      	str	r2, [r4, #4]
10000f26:	429a      	cmp	r2, r3
10000f28:	d301      	bcc.n	10000f2e <prvNotifyQueueSetContainer+0x3e>
10000f2a:	6823      	ldr	r3, [r4, #0]
10000f2c:	6063      	str	r3, [r4, #4]
10000f2e:	2500      	movs	r5, #0
10000f30:	3701      	adds	r7, #1
10000f32:	1c73      	adds	r3, r6, #1
10000f34:	63a7      	str	r7, [r4, #56]	@ 0x38
10000f36:	d113      	bne.n	10000f60 <prvNotifyQueueSetContainer+0x70>
10000f38:	6a63      	ldr	r3, [r4, #36]	@ 0x24
10000f3a:	2b00      	cmp	r3, #0
10000f3c:	d0e1      	beq.n	10000f02 <prvNotifyQueueSetContainer+0x12>
10000f3e:	f104 0024 	add.w	r0, r4, #36	@ 0x24
10000f42:	f001 f971 	bl	10002228 <xTaskRemoveFromEventList>
10000f46:	2800      	cmp	r0, #0
10000f48:	bf18      	it	ne
10000f4a:	2501      	movne	r5, #1
10000f4c:	e7d9      	b.n	10000f02 <prvNotifyQueueSetContainer+0x12>
10000f4e:	6825      	ldr	r5, [r4, #0]
10000f50:	2d00      	cmp	r5, #0
10000f52:	d1ec      	bne.n	10000f2e <prvNotifyQueueSetContainer+0x3e>
10000f54:	68a0      	ldr	r0, [r4, #8]
10000f56:	f001 f9ed 	bl	10002334 <xTaskPriorityDisinherit>
10000f5a:	60a5      	str	r5, [r4, #8]
10000f5c:	4605      	mov	r5, r0
10000f5e:	e7e7      	b.n	10000f30 <prvNotifyQueueSetContainer+0x40>
10000f60:	f000 fde4 	bl	10001b2c <uxTaskGetNumberOfTasks>
10000f64:	4286      	cmp	r6, r0
10000f66:	d2cc      	bcs.n	10000f02 <prvNotifyQueueSetContainer+0x12>
10000f68:	3601      	adds	r6, #1
10000f6a:	b276      	sxtb	r6, r6
10000f6c:	f884 6045 	strb.w	r6, [r4, #69]	@ 0x45
10000f70:	e7c7      	b.n	10000f02 <prvNotifyQueueSetContainer+0x12>
10000f72:	bf00      	nop

10000f74 <xQueueGenericCreate>:
10000f74:	b5f8      	push	{r3, r4, r5, r6, r7, lr}
10000f76:	b3c0      	cbz	r0, 10000fea <xQueueGenericCreate+0x76>
10000f78:	4617      	mov	r7, r2
10000f7a:	fba1 2300 	umull	r2, r3, r1, r0
10000f7e:	4605      	mov	r5, r0
10000f80:	460e      	mov	r6, r1
10000f82:	bb93      	cbnz	r3, 10000fea <xQueueGenericCreate+0x76>
10000f84:	fb01 f000 	mul.w	r0, r1, r0
10000f88:	f110 0f55 	cmn.w	r0, #85	@ 0x55
10000f8c:	d82d      	bhi.n	10000fea <xQueueGenericCreate+0x76>
10000f8e:	3054      	adds	r0, #84	@ 0x54
10000f90:	f7ff f9d2 	bl	10000338 <pvPortMalloc>
10000f94:	4604      	mov	r4, r0
10000f96:	b340      	cbz	r0, 10000fea <xQueueGenericCreate+0x76>
10000f98:	b356      	cbz	r6, 10000ff0 <xQueueGenericCreate+0x7c>
10000f9a:	f100 0354 	add.w	r3, r0, #84	@ 0x54
10000f9e:	e9c4 560f 	strd	r5, r6, [r4, #60]	@ 0x3c
10000fa2:	6023      	str	r3, [r4, #0]
10000fa4:	f001 fa36 	bl	10002414 <vTaskEnterCritical>
10000fa8:	e9d4 310f 	ldrd	r3, r1, [r4, #60]	@ 0x3c
10000fac:	fb01 f303 	mul.w	r3, r1, r3
10000fb0:	6822      	ldr	r2, [r4, #0]
10000fb2:	1a59      	subs	r1, r3, r1
10000fb4:	4413      	add	r3, r2
10000fb6:	2500      	movs	r5, #0
10000fb8:	60a3      	str	r3, [r4, #8]
10000fba:	23ff      	movs	r3, #255	@ 0xff
10000fbc:	6062      	str	r2, [r4, #4]
10000fbe:	440a      	add	r2, r1
10000fc0:	60e2      	str	r2, [r4, #12]
10000fc2:	63a5      	str	r5, [r4, #56]	@ 0x38
10000fc4:	f104 0010 	add.w	r0, r4, #16
10000fc8:	f884 3044 	strb.w	r3, [r4, #68]	@ 0x44
10000fcc:	f884 3045 	strb.w	r3, [r4, #69]	@ 0x45
10000fd0:	f7ff fe52 	bl	10000c78 <vListInitialise>
10000fd4:	f104 0024 	add.w	r0, r4, #36	@ 0x24
10000fd8:	f7ff fe4e 	bl	10000c78 <vListInitialise>
10000fdc:	f001 fd6e 	bl	10002abc <vTaskExitCritical>
10000fe0:	f884 7050 	strb.w	r7, [r4, #80]	@ 0x50
10000fe4:	4620      	mov	r0, r4
10000fe6:	64a5      	str	r5, [r4, #72]	@ 0x48
10000fe8:	bdf8      	pop	{r3, r4, r5, r6, r7, pc}
10000fea:	2400      	movs	r4, #0
10000fec:	4620      	mov	r0, r4
10000fee:	bdf8      	pop	{r3, r4, r5, r6, r7, pc}
10000ff0:	4603      	mov	r3, r0
10000ff2:	e7d4      	b.n	10000f9e <xQueueGenericCreate+0x2a>

10000ff4 <xQueueGenericSendFromISR>:
10000ff4:	e92d 43f8 	stmdb	sp!, {r3, r4, r5, r6, r7, r8, r9, lr}
10000ff8:	4604      	mov	r4, r0
10000ffa:	4690      	mov	r8, r2
10000ffc:	461d      	mov	r5, r3
10000ffe:	460f      	mov	r7, r1
10001000:	f7ff fbd4 	bl	100007ac <vPortValidateInterruptPriority>
10001004:	f001 fd10 	bl	10002a28 <vTaskEnterCriticalFromISR>
10001008:	6ba2      	ldr	r2, [r4, #56]	@ 0x38
1000100a:	6be3      	ldr	r3, [r4, #60]	@ 0x3c
1000100c:	4606      	mov	r6, r0
1000100e:	429a      	cmp	r2, r3
10001010:	d308      	bcc.n	10001024 <xQueueGenericSendFromISR+0x30>
10001012:	2d02      	cmp	r5, #2
10001014:	d006      	beq.n	10001024 <xQueueGenericSendFromISR+0x30>
10001016:	2400      	movs	r4, #0
10001018:	4630      	mov	r0, r6
1000101a:	f001 fd9b 	bl	10002b54 <vTaskExitCriticalFromISR>
1000101e:	4620      	mov	r0, r4
10001020:	e8bd 83f8 	ldmia.w	sp!, {r3, r4, r5, r6, r7, r8, r9, pc}
10001024:	4639      	mov	r1, r7
10001026:	f894 7045 	ldrb.w	r7, [r4, #69]	@ 0x45
1000102a:	462a      	mov	r2, r5
1000102c:	4620      	mov	r0, r4
1000102e:	b27f      	sxtb	r7, r7
10001030:	f8d4 9038 	ldr.w	r9, [r4, #56]	@ 0x38
10001034:	f7ff fe6a 	bl	10000d0c <prvCopyDataToQueue>
10001038:	1c7b      	adds	r3, r7, #1
1000103a:	d108      	bne.n	1000104e <xQueueGenericSendFromISR+0x5a>
1000103c:	6ca3      	ldr	r3, [r4, #72]	@ 0x48
1000103e:	b17b      	cbz	r3, 10001060 <xQueueGenericSendFromISR+0x6c>
10001040:	2d02      	cmp	r5, #2
10001042:	d11d      	bne.n	10001080 <xQueueGenericSendFromISR+0x8c>
10001044:	f1b9 0f00 	cmp.w	r9, #0
10001048:	d01a      	beq.n	10001080 <xQueueGenericSendFromISR+0x8c>
1000104a:	2401      	movs	r4, #1
1000104c:	e7e4      	b.n	10001018 <xQueueGenericSendFromISR+0x24>
1000104e:	f000 fd6d 	bl	10001b2c <uxTaskGetNumberOfTasks>
10001052:	4287      	cmp	r7, r0
10001054:	d2f9      	bcs.n	1000104a <xQueueGenericSendFromISR+0x56>
10001056:	3701      	adds	r7, #1
10001058:	b27f      	sxtb	r7, r7
1000105a:	f884 7045 	strb.w	r7, [r4, #69]	@ 0x45
1000105e:	e7f4      	b.n	1000104a <xQueueGenericSendFromISR+0x56>
10001060:	6a63      	ldr	r3, [r4, #36]	@ 0x24
10001062:	2b00      	cmp	r3, #0
10001064:	d0f1      	beq.n	1000104a <xQueueGenericSendFromISR+0x56>
10001066:	f104 0024 	add.w	r0, r4, #36	@ 0x24
1000106a:	f001 f8dd 	bl	10002228 <xTaskRemoveFromEventList>
1000106e:	2800      	cmp	r0, #0
10001070:	d0eb      	beq.n	1000104a <xQueueGenericSendFromISR+0x56>
10001072:	f1b8 0f00 	cmp.w	r8, #0
10001076:	d0e8      	beq.n	1000104a <xQueueGenericSendFromISR+0x56>
10001078:	2301      	movs	r3, #1
1000107a:	f8c8 3000 	str.w	r3, [r8]
1000107e:	e7e4      	b.n	1000104a <xQueueGenericSendFromISR+0x56>
10001080:	4620      	mov	r0, r4
10001082:	f7ff ff35 	bl	10000ef0 <prvNotifyQueueSetContainer>
10001086:	2800      	cmp	r0, #0
10001088:	d0df      	beq.n	1000104a <xQueueGenericSendFromISR+0x56>
1000108a:	e7f2      	b.n	10001072 <xQueueGenericSendFromISR+0x7e>

1000108c <xQueueReceive>:
1000108c:	b5f0      	push	{r4, r5, r6, r7, lr}
1000108e:	4604      	mov	r4, r0
10001090:	b085      	sub	sp, #20
10001092:	460f      	mov	r7, r1
10001094:	9201      	str	r2, [sp, #4]
10001096:	f001 f9bd 	bl	10002414 <vTaskEnterCritical>
1000109a:	6ba5      	ldr	r5, [r4, #56]	@ 0x38
1000109c:	2d00      	cmp	r5, #0
1000109e:	d156      	bne.n	1000114e <xQueueReceive+0xc2>
100010a0:	9b01      	ldr	r3, [sp, #4]
100010a2:	2b00      	cmp	r3, #0
100010a4:	d035      	beq.n	10001112 <xQueueReceive+0x86>
100010a6:	a802      	add	r0, sp, #8
100010a8:	f001 f91e 	bl	100022e8 <vTaskInternalSetTimeOutState>
100010ac:	462e      	mov	r6, r5
100010ae:	f001 fd05 	bl	10002abc <vTaskExitCritical>
100010b2:	f000 fd2d 	bl	10001b10 <vTaskSuspendAll>
100010b6:	f001 f9ad 	bl	10002414 <vTaskEnterCritical>
100010ba:	f894 3044 	ldrb.w	r3, [r4, #68]	@ 0x44
100010be:	2bff      	cmp	r3, #255	@ 0xff
100010c0:	bf08      	it	eq
100010c2:	f884 6044 	strbeq.w	r6, [r4, #68]	@ 0x44
100010c6:	f894 3045 	ldrb.w	r3, [r4, #69]	@ 0x45
100010ca:	2bff      	cmp	r3, #255	@ 0xff
100010cc:	bf08      	it	eq
100010ce:	f884 6045 	strbeq.w	r6, [r4, #69]	@ 0x45
100010d2:	f001 fcf3 	bl	10002abc <vTaskExitCritical>
100010d6:	a901      	add	r1, sp, #4
100010d8:	a802      	add	r0, sp, #8
100010da:	f001 fc53 	bl	10002984 <xTaskCheckForTimeOut>
100010de:	b9e8      	cbnz	r0, 1000111c <xQueueReceive+0x90>
100010e0:	f001 f998 	bl	10002414 <vTaskEnterCritical>
100010e4:	6ba3      	ldr	r3, [r4, #56]	@ 0x38
100010e6:	bb33      	cbnz	r3, 10001136 <xQueueReceive+0xaa>
100010e8:	f001 fce8 	bl	10002abc <vTaskExitCritical>
100010ec:	9901      	ldr	r1, [sp, #4]
100010ee:	f104 0024 	add.w	r0, r4, #36	@ 0x24
100010f2:	f000 ffe1 	bl	100020b8 <vTaskPlaceOnEventList>
100010f6:	4620      	mov	r0, r4
100010f8:	f7ff fe40 	bl	10000d7c <prvUnlockQueue>
100010fc:	f001 fbf0 	bl	100028e0 <xTaskResumeAll>
10001100:	2800      	cmp	r0, #0
10001102:	d03b      	beq.n	1000117c <xQueueReceive+0xf0>
10001104:	f001 f986 	bl	10002414 <vTaskEnterCritical>
10001108:	6ba5      	ldr	r5, [r4, #56]	@ 0x38
1000110a:	bb05      	cbnz	r5, 1000114e <xQueueReceive+0xc2>
1000110c:	9b01      	ldr	r3, [sp, #4]
1000110e:	2b00      	cmp	r3, #0
10001110:	d1cd      	bne.n	100010ae <xQueueReceive+0x22>
10001112:	f001 fcd3 	bl	10002abc <vTaskExitCritical>
10001116:	2000      	movs	r0, #0
10001118:	b005      	add	sp, #20
1000111a:	bdf0      	pop	{r4, r5, r6, r7, pc}
1000111c:	4620      	mov	r0, r4
1000111e:	f7ff fe2d 	bl	10000d7c <prvUnlockQueue>
10001122:	f001 fbdd 	bl	100028e0 <xTaskResumeAll>
10001126:	f001 f975 	bl	10002414 <vTaskEnterCritical>
1000112a:	6ba3      	ldr	r3, [r4, #56]	@ 0x38
1000112c:	2b00      	cmp	r3, #0
1000112e:	d0f0      	beq.n	10001112 <xQueueReceive+0x86>
10001130:	f001 fcc4 	bl	10002abc <vTaskExitCritical>
10001134:	e7e6      	b.n	10001104 <xQueueReceive+0x78>
10001136:	f001 fcc1 	bl	10002abc <vTaskExitCritical>
1000113a:	4620      	mov	r0, r4
1000113c:	f7ff fe1e 	bl	10000d7c <prvUnlockQueue>
10001140:	f001 fbce 	bl	100028e0 <xTaskResumeAll>
10001144:	f001 f966 	bl	10002414 <vTaskEnterCritical>
10001148:	6ba5      	ldr	r5, [r4, #56]	@ 0x38
1000114a:	2d00      	cmp	r5, #0
1000114c:	d0de      	beq.n	1000110c <xQueueReceive+0x80>
1000114e:	6c22      	ldr	r2, [r4, #64]	@ 0x40
10001150:	b15a      	cbz	r2, 1000116a <xQueueReceive+0xde>
10001152:	68e1      	ldr	r1, [r4, #12]
10001154:	68a3      	ldr	r3, [r4, #8]
10001156:	4411      	add	r1, r2
10001158:	4299      	cmp	r1, r3
1000115a:	60e1      	str	r1, [r4, #12]
1000115c:	bf28      	it	cs
1000115e:	6821      	ldrcs	r1, [r4, #0]
10001160:	4638      	mov	r0, r7
10001162:	bf28      	it	cs
10001164:	60e1      	strcs	r1, [r4, #12]
10001166:	f003 fb67 	bl	10004838 <memcpy>
1000116a:	6923      	ldr	r3, [r4, #16]
1000116c:	3d01      	subs	r5, #1
1000116e:	63a5      	str	r5, [r4, #56]	@ 0x38
10001170:	b93b      	cbnz	r3, 10001182 <xQueueReceive+0xf6>
10001172:	f001 fca3 	bl	10002abc <vTaskExitCritical>
10001176:	2001      	movs	r0, #1
10001178:	b005      	add	sp, #20
1000117a:	bdf0      	pop	{r4, r5, r6, r7, pc}
1000117c:	f001 f938 	bl	100023f0 <vTaskYieldWithinAPI>
10001180:	e7c0      	b.n	10001104 <xQueueReceive+0x78>
10001182:	f104 0010 	add.w	r0, r4, #16
10001186:	f001 f84f 	bl	10002228 <xTaskRemoveFromEventList>
1000118a:	2800      	cmp	r0, #0
1000118c:	d0f1      	beq.n	10001172 <xQueueReceive+0xe6>
1000118e:	f001 f92f 	bl	100023f0 <vTaskYieldWithinAPI>
10001192:	e7ee      	b.n	10001172 <xQueueReceive+0xe6>

10001194 <vQueueAddToRegistry>:
10001194:	2900      	cmp	r1, #0
10001196:	d055      	beq.n	10001244 <vQueueAddToRegistry+0xb0>
10001198:	4b44      	ldr	r3, [pc, #272]	@ (100012ac <vQueueAddToRegistry+0x118>)
1000119a:	685a      	ldr	r2, [r3, #4]
1000119c:	4290      	cmp	r0, r2
1000119e:	d072      	beq.n	10001286 <vQueueAddToRegistry+0xf2>
100011a0:	681a      	ldr	r2, [r3, #0]
100011a2:	b410      	push	{r4}
100011a4:	2a00      	cmp	r2, #0
100011a6:	d02c      	beq.n	10001202 <vQueueAddToRegistry+0x6e>
100011a8:	68da      	ldr	r2, [r3, #12]
100011aa:	4290      	cmp	r0, r2
100011ac:	d07b      	beq.n	100012a6 <vQueueAddToRegistry+0x112>
100011ae:	689a      	ldr	r2, [r3, #8]
100011b0:	2a00      	cmp	r2, #0
100011b2:	d041      	beq.n	10001238 <vQueueAddToRegistry+0xa4>
100011b4:	695a      	ldr	r2, [r3, #20]
100011b6:	4290      	cmp	r0, r2
100011b8:	d073      	beq.n	100012a2 <vQueueAddToRegistry+0x10e>
100011ba:	691a      	ldr	r2, [r3, #16]
100011bc:	2a00      	cmp	r2, #0
100011be:	d042      	beq.n	10001246 <vQueueAddToRegistry+0xb2>
100011c0:	69da      	ldr	r2, [r3, #28]
100011c2:	4290      	cmp	r0, r2
100011c4:	d065      	beq.n	10001292 <vQueueAddToRegistry+0xfe>
100011c6:	699a      	ldr	r2, [r3, #24]
100011c8:	2a00      	cmp	r2, #0
100011ca:	d042      	beq.n	10001252 <vQueueAddToRegistry+0xbe>
100011cc:	6a5a      	ldr	r2, [r3, #36]	@ 0x24
100011ce:	4290      	cmp	r0, r2
100011d0:	d044      	beq.n	1000125c <vQueueAddToRegistry+0xc8>
100011d2:	6a1a      	ldr	r2, [r3, #32]
100011d4:	2a00      	cmp	r2, #0
100011d6:	d045      	beq.n	10001264 <vQueueAddToRegistry+0xd0>
100011d8:	6ada      	ldr	r2, [r3, #44]	@ 0x2c
100011da:	4290      	cmp	r0, r2
100011dc:	d05b      	beq.n	10001296 <vQueueAddToRegistry+0x102>
100011de:	6a9a      	ldr	r2, [r3, #40]	@ 0x28
100011e0:	2a00      	cmp	r2, #0
100011e2:	d044      	beq.n	1000126e <vQueueAddToRegistry+0xda>
100011e4:	6b5a      	ldr	r2, [r3, #52]	@ 0x34
100011e6:	4290      	cmp	r0, r2
100011e8:	d057      	beq.n	1000129a <vQueueAddToRegistry+0x106>
100011ea:	6b1a      	ldr	r2, [r3, #48]	@ 0x30
100011ec:	2a00      	cmp	r2, #0
100011ee:	d043      	beq.n	10001278 <vQueueAddToRegistry+0xe4>
100011f0:	6bda      	ldr	r2, [r3, #60]	@ 0x3c
100011f2:	4290      	cmp	r0, r2
100011f4:	d053      	beq.n	1000129e <vQueueAddToRegistry+0x10a>
100011f6:	6b9b      	ldr	r3, [r3, #56]	@ 0x38
100011f8:	2b00      	cmp	r3, #0
100011fa:	d042      	beq.n	10001282 <vQueueAddToRegistry+0xee>
100011fc:	f85d 4b04 	ldr.w	r4, [sp], #4
10001200:	4770      	bx	lr
10001202:	68da      	ldr	r2, [r3, #12]
10001204:	4290      	cmp	r0, r2
10001206:	d04e      	beq.n	100012a6 <vQueueAddToRegistry+0x112>
10001208:	695a      	ldr	r2, [r3, #20]
1000120a:	4290      	cmp	r0, r2
1000120c:	d049      	beq.n	100012a2 <vQueueAddToRegistry+0x10e>
1000120e:	461a      	mov	r2, r3
10001210:	69dc      	ldr	r4, [r3, #28]
10001212:	42a0      	cmp	r0, r4
10001214:	d03d      	beq.n	10001292 <vQueueAddToRegistry+0xfe>
10001216:	6a5c      	ldr	r4, [r3, #36]	@ 0x24
10001218:	42a0      	cmp	r0, r4
1000121a:	d01f      	beq.n	1000125c <vQueueAddToRegistry+0xc8>
1000121c:	6adc      	ldr	r4, [r3, #44]	@ 0x2c
1000121e:	42a0      	cmp	r0, r4
10001220:	d039      	beq.n	10001296 <vQueueAddToRegistry+0x102>
10001222:	6b5c      	ldr	r4, [r3, #52]	@ 0x34
10001224:	42a0      	cmp	r0, r4
10001226:	d038      	beq.n	1000129a <vQueueAddToRegistry+0x106>
10001228:	6bdc      	ldr	r4, [r3, #60]	@ 0x3c
1000122a:	42a0      	cmp	r0, r4
1000122c:	d037      	beq.n	1000129e <vQueueAddToRegistry+0x10a>
1000122e:	e9c2 1000 	strd	r1, r0, [r2]
10001232:	f85d 4b04 	ldr.w	r4, [sp], #4
10001236:	4770      	bx	lr
10001238:	695a      	ldr	r2, [r3, #20]
1000123a:	4290      	cmp	r0, r2
1000123c:	d031      	beq.n	100012a2 <vQueueAddToRegistry+0x10e>
1000123e:	f103 0208 	add.w	r2, r3, #8
10001242:	e7e5      	b.n	10001210 <vQueueAddToRegistry+0x7c>
10001244:	4770      	bx	lr
10001246:	69da      	ldr	r2, [r3, #28]
10001248:	4290      	cmp	r0, r2
1000124a:	d022      	beq.n	10001292 <vQueueAddToRegistry+0xfe>
1000124c:	f103 0210 	add.w	r2, r3, #16
10001250:	e7e1      	b.n	10001216 <vQueueAddToRegistry+0x82>
10001252:	6a5a      	ldr	r2, [r3, #36]	@ 0x24
10001254:	4290      	cmp	r0, r2
10001256:	d001      	beq.n	1000125c <vQueueAddToRegistry+0xc8>
10001258:	4a15      	ldr	r2, [pc, #84]	@ (100012b0 <vQueueAddToRegistry+0x11c>)
1000125a:	e7df      	b.n	1000121c <vQueueAddToRegistry+0x88>
1000125c:	2204      	movs	r2, #4
1000125e:	eb03 02c2 	add.w	r2, r3, r2, lsl #3
10001262:	e7e4      	b.n	1000122e <vQueueAddToRegistry+0x9a>
10001264:	6ada      	ldr	r2, [r3, #44]	@ 0x2c
10001266:	4290      	cmp	r0, r2
10001268:	d015      	beq.n	10001296 <vQueueAddToRegistry+0x102>
1000126a:	4a12      	ldr	r2, [pc, #72]	@ (100012b4 <vQueueAddToRegistry+0x120>)
1000126c:	e7d9      	b.n	10001222 <vQueueAddToRegistry+0x8e>
1000126e:	6b5a      	ldr	r2, [r3, #52]	@ 0x34
10001270:	4290      	cmp	r0, r2
10001272:	d012      	beq.n	1000129a <vQueueAddToRegistry+0x106>
10001274:	4a10      	ldr	r2, [pc, #64]	@ (100012b8 <vQueueAddToRegistry+0x124>)
10001276:	e7d7      	b.n	10001228 <vQueueAddToRegistry+0x94>
10001278:	6bda      	ldr	r2, [r3, #60]	@ 0x3c
1000127a:	4290      	cmp	r0, r2
1000127c:	d00f      	beq.n	1000129e <vQueueAddToRegistry+0x10a>
1000127e:	4a0f      	ldr	r2, [pc, #60]	@ (100012bc <vQueueAddToRegistry+0x128>)
10001280:	e7d5      	b.n	1000122e <vQueueAddToRegistry+0x9a>
10001282:	4a0f      	ldr	r2, [pc, #60]	@ (100012c0 <vQueueAddToRegistry+0x12c>)
10001284:	e7d3      	b.n	1000122e <vQueueAddToRegistry+0x9a>
10001286:	2200      	movs	r2, #0
10001288:	eb03 02c2 	add.w	r2, r3, r2, lsl #3
1000128c:	e9c2 1000 	strd	r1, r0, [r2]
10001290:	4770      	bx	lr
10001292:	2203      	movs	r2, #3
10001294:	e7e3      	b.n	1000125e <vQueueAddToRegistry+0xca>
10001296:	2205      	movs	r2, #5
10001298:	e7e1      	b.n	1000125e <vQueueAddToRegistry+0xca>
1000129a:	2206      	movs	r2, #6
1000129c:	e7df      	b.n	1000125e <vQueueAddToRegistry+0xca>
1000129e:	2207      	movs	r2, #7
100012a0:	e7dd      	b.n	1000125e <vQueueAddToRegistry+0xca>
100012a2:	2202      	movs	r2, #2
100012a4:	e7db      	b.n	1000125e <vQueueAddToRegistry+0xca>
100012a6:	2201      	movs	r2, #1
100012a8:	e7d9      	b.n	1000125e <vQueueAddToRegistry+0xca>
100012aa:	bf00      	nop
100012ac:	200007b0 	.word	0x200007b0
100012b0:	200007c8 	.word	0x200007c8
100012b4:	200007d0 	.word	0x200007d0
100012b8:	200007d8 	.word	0x200007d8
100012bc:	200007e0 	.word	0x200007e0
100012c0:	200007e8 	.word	0x200007e8

100012c4 <vQueueWaitForMessageRestricted>:
100012c4:	b570      	push	{r4, r5, r6, lr}
100012c6:	4604      	mov	r4, r0
100012c8:	460e      	mov	r6, r1
100012ca:	4615      	mov	r5, r2
100012cc:	f001 f8a2 	bl	10002414 <vTaskEnterCritical>
100012d0:	f894 3044 	ldrb.w	r3, [r4, #68]	@ 0x44
100012d4:	2bff      	cmp	r3, #255	@ 0xff
100012d6:	bf04      	itt	eq
100012d8:	2300      	moveq	r3, #0
100012da:	f884 3044 	strbeq.w	r3, [r4, #68]	@ 0x44
100012de:	f894 3045 	ldrb.w	r3, [r4, #69]	@ 0x45
100012e2:	2bff      	cmp	r3, #255	@ 0xff
100012e4:	bf04      	itt	eq
100012e6:	2300      	moveq	r3, #0
100012e8:	f884 3045 	strbeq.w	r3, [r4, #69]	@ 0x45
100012ec:	f001 fbe6 	bl	10002abc <vTaskExitCritical>
100012f0:	6ba3      	ldr	r3, [r4, #56]	@ 0x38
100012f2:	b123      	cbz	r3, 100012fe <vQueueWaitForMessageRestricted+0x3a>
100012f4:	4620      	mov	r0, r4
100012f6:	e8bd 4070 	ldmia.w	sp!, {r4, r5, r6, lr}
100012fa:	f7ff bd3f 	b.w	10000d7c <prvUnlockQueue>
100012fe:	f104 0024 	add.w	r0, r4, #36	@ 0x24
10001302:	462a      	mov	r2, r5
10001304:	4631      	mov	r1, r6
10001306:	f000 ff41 	bl	1000218c <vTaskPlaceOnEventListRestricted>
1000130a:	4620      	mov	r0, r4
1000130c:	e8bd 4070 	ldmia.w	sp!, {r4, r5, r6, lr}
10001310:	f7ff bd34 	b.w	10000d7c <prvUnlockQueue>

10001314 <prvPassiveIdleTask>:
10001314:	4c06      	ldr	r4, [pc, #24]	@ (10001330 <prvPassiveIdleTask+0x1c>)
10001316:	b508      	push	{r3, lr}
10001318:	f7ff f9c2 	bl	100006a0 <vPortYield>
1000131c:	6823      	ldr	r3, [r4, #0]
1000131e:	2b02      	cmp	r3, #2
10001320:	d800      	bhi.n	10001324 <prvPassiveIdleTask+0x10>
10001322:	e7fe      	b.n	10001322 <prvPassiveIdleTask+0xe>
10001324:	f7ff f9bc 	bl	100006a0 <vPortYield>
10001328:	6823      	ldr	r3, [r4, #0]
1000132a:	2b02      	cmp	r3, #2
1000132c:	d8fa      	bhi.n	10001324 <prvPassiveIdleTask+0x10>
1000132e:	e7f8      	b.n	10001322 <prvPassiveIdleTask+0xe>
10001330:	200008b0 	.word	0x200008b0

10001334 <prvYieldForTask>:
10001334:	b538      	push	{r3, r4, r5, lr}
10001336:	6b83      	ldr	r3, [r0, #56]	@ 0x38
10001338:	2b00      	cmp	r3, #0
1000133a:	db02      	blt.n	10001342 <prvYieldForTask+0xe>
1000133c:	6b83      	ldr	r3, [r0, #56]	@ 0x38
1000133e:	2b01      	cmp	r3, #1
10001340:	dd31      	ble.n	100013a6 <prvYieldForTask+0x72>
10001342:	4c2d      	ldr	r4, [pc, #180]	@ (100013f8 <prvYieldForTask+0xc4>)
10001344:	6b01      	ldr	r1, [r0, #48]	@ 0x30
10001346:	6822      	ldr	r2, [r4, #0]
10001348:	6823      	ldr	r3, [r4, #0]
1000134a:	6b12      	ldr	r2, [r2, #48]	@ 0x30
1000134c:	6bdb      	ldr	r3, [r3, #60]	@ 0x3c
1000134e:	1e4d      	subs	r5, r1, #1
10001350:	07db      	lsls	r3, r3, #31
10001352:	6823      	ldr	r3, [r4, #0]
10001354:	bf48      	it	mi
10001356:	f102 32ff 	addmi.w	r2, r2, #4294967295	@ 0xffffffff
1000135a:	6b9b      	ldr	r3, [r3, #56]	@ 0x38
1000135c:	2b00      	cmp	r3, #0
1000135e:	db03      	blt.n	10001368 <prvYieldForTask+0x34>
10001360:	6823      	ldr	r3, [r4, #0]
10001362:	6b9b      	ldr	r3, [r3, #56]	@ 0x38
10001364:	2b01      	cmp	r3, #1
10001366:	dd1f      	ble.n	100013a8 <prvYieldForTask+0x74>
10001368:	f04f 33ff 	mov.w	r3, #4294967295	@ 0xffffffff
1000136c:	6862      	ldr	r2, [r4, #4]
1000136e:	6861      	ldr	r1, [r4, #4]
10001370:	6b12      	ldr	r2, [r2, #48]	@ 0x30
10001372:	6bc9      	ldr	r1, [r1, #60]	@ 0x3c
10001374:	07c9      	lsls	r1, r1, #31
10001376:	6861      	ldr	r1, [r4, #4]
10001378:	bf48      	it	mi
1000137a:	f102 32ff 	addmi.w	r2, r2, #4294967295	@ 0xffffffff
1000137e:	6b89      	ldr	r1, [r1, #56]	@ 0x38
10001380:	2900      	cmp	r1, #0
10001382:	db03      	blt.n	1000138c <prvYieldForTask+0x58>
10001384:	6861      	ldr	r1, [r4, #4]
10001386:	6b89      	ldr	r1, [r1, #56]	@ 0x38
10001388:	2901      	cmp	r1, #1
1000138a:	dd1c      	ble.n	100013c6 <prvYieldForTask+0x92>
1000138c:	3301      	adds	r3, #1
1000138e:	d00a      	beq.n	100013a6 <prvYieldForTask+0x72>
10001390:	2500      	movs	r5, #0
10001392:	f04f 4350 	mov.w	r3, #3489660928	@ 0xd0000000
10001396:	681b      	ldr	r3, [r3, #0]
10001398:	429d      	cmp	r5, r3
1000139a:	d028      	beq.n	100013ee <prvYieldForTask+0xba>
1000139c:	f854 3025 	ldr.w	r3, [r4, r5, lsl #2]
100013a0:	6b9b      	ldr	r3, [r3, #56]	@ 0x38
100013a2:	3302      	adds	r3, #2
100013a4:	d11a      	bne.n	100013dc <prvYieldForTask+0xa8>
100013a6:	bd38      	pop	{r3, r4, r5, pc}
100013a8:	4b14      	ldr	r3, [pc, #80]	@ (100013fc <prvYieldForTask+0xc8>)
100013aa:	681b      	ldr	r3, [r3, #0]
100013ac:	2b00      	cmp	r3, #0
100013ae:	d1db      	bne.n	10001368 <prvYieldForTask+0x34>
100013b0:	4295      	cmp	r5, r2
100013b2:	dbd9      	blt.n	10001368 <prvYieldForTask+0x34>
100013b4:	6841      	ldr	r1, [r0, #4]
100013b6:	f001 0101 	and.w	r1, r1, #1
100013ba:	2900      	cmp	r1, #0
100013bc:	bf14      	ite	ne
100013be:	4615      	movne	r5, r2
100013c0:	f04f 33ff 	moveq.w	r3, #4294967295	@ 0xffffffff
100013c4:	e7d2      	b.n	1000136c <prvYieldForTask+0x38>
100013c6:	490d      	ldr	r1, [pc, #52]	@ (100013fc <prvYieldForTask+0xc8>)
100013c8:	6849      	ldr	r1, [r1, #4]
100013ca:	2900      	cmp	r1, #0
100013cc:	d1de      	bne.n	1000138c <prvYieldForTask+0x58>
100013ce:	42aa      	cmp	r2, r5
100013d0:	dcdc      	bgt.n	1000138c <prvYieldForTask+0x58>
100013d2:	6842      	ldr	r2, [r0, #4]
100013d4:	0792      	lsls	r2, r2, #30
100013d6:	d5d9      	bpl.n	1000138c <prvYieldForTask+0x58>
100013d8:	2501      	movs	r5, #1
100013da:	e7da      	b.n	10001392 <prvYieldForTask+0x5e>
100013dc:	4628      	mov	r0, r5
100013de:	f7ff facd 	bl	1000097c <vYieldCore>
100013e2:	f06f 0201 	mvn.w	r2, #1
100013e6:	f854 3025 	ldr.w	r3, [r4, r5, lsl #2]
100013ea:	639a      	str	r2, [r3, #56]	@ 0x38
100013ec:	bd38      	pop	{r3, r4, r5, pc}
100013ee:	2201      	movs	r2, #1
100013f0:	4b02      	ldr	r3, [pc, #8]	@ (100013fc <prvYieldForTask+0xc8>)
100013f2:	f843 2025 	str.w	r2, [r3, r5, lsl #2]
100013f6:	bd38      	pop	{r3, r4, r5, pc}
100013f8:	20000894 	.word	0x20000894
100013fc:	20020c34 	.word	0x20020c34

10001400 <vTaskExitCritical.part.0>:
10001400:	f04f 4150 	mov.w	r1, #3489660928	@ 0xd0000000
10001404:	4b1b      	ldr	r3, [pc, #108]	@ (10001474 <vTaskExitCritical.part.0+0x74>)
10001406:	680a      	ldr	r2, [r1, #0]
10001408:	f853 0022 	ldr.w	r0, [r3, r2, lsl #2]
1000140c:	2800      	cmp	r0, #0
1000140e:	d02c      	beq.n	1000146a <vTaskExitCritical.part.0+0x6a>
10001410:	f853 0022 	ldr.w	r0, [r3, r2, lsl #2]
10001414:	3801      	subs	r0, #1
10001416:	f843 0022 	str.w	r0, [r3, r2, lsl #2]
1000141a:	680a      	ldr	r2, [r1, #0]
1000141c:	f853 3022 	ldr.w	r3, [r3, r2, lsl #2]
10001420:	bb1b      	cbnz	r3, 1000146a <vTaskExitCritical.part.0+0x6a>
10001422:	b510      	push	{r4, lr}
10001424:	4914      	ldr	r1, [pc, #80]	@ (10001478 <vTaskExitCritical.part.0+0x78>)
10001426:	4b15      	ldr	r3, [pc, #84]	@ (1000147c <vTaskExitCritical.part.0+0x7c>)
10001428:	f853 4022 	ldr.w	r4, [r3, r2, lsl #2]
1000142c:	780b      	ldrb	r3, [r1, #0]
1000142e:	3b01      	subs	r3, #1
10001430:	b2db      	uxtb	r3, r3
10001432:	700b      	strb	r3, [r1, #0]
10001434:	b92b      	cbnz	r3, 10001442 <vTaskExitCritical.part.0+0x42>
10001436:	4812      	ldr	r0, [pc, #72]	@ (10001480 <vTaskExitCritical.part.0+0x80>)
10001438:	f800 3012 	strb.w	r3, [r0, r2, lsl #1]
1000143c:	4a11      	ldr	r2, [pc, #68]	@ (10001484 <vTaskExitCritical.part.0+0x84>)
1000143e:	e8c2 3f8f 	stlb	r3, [r2]
10001442:	f04f 4250 	mov.w	r2, #3489660928	@ 0xd0000000
10001446:	784b      	ldrb	r3, [r1, #1]
10001448:	6810      	ldr	r0, [r2, #0]
1000144a:	3b01      	subs	r3, #1
1000144c:	b2db      	uxtb	r3, r3
1000144e:	704b      	strb	r3, [r1, #1]
10001450:	b933      	cbnz	r3, 10001460 <vTaskExitCritical.part.0+0x60>
10001452:	4a0b      	ldr	r2, [pc, #44]	@ (10001480 <vTaskExitCritical.part.0+0x80>)
10001454:	490c      	ldr	r1, [pc, #48]	@ (10001488 <vTaskExitCritical.part.0+0x88>)
10001456:	eb02 0240 	add.w	r2, r2, r0, lsl #1
1000145a:	7053      	strb	r3, [r2, #1]
1000145c:	e8c1 3f8f 	stlb	r3, [r1]
10001460:	2000      	movs	r0, #0
10001462:	f7ff facd 	bl	10000a00 <vClearInterruptMask>
10001466:	b90c      	cbnz	r4, 1000146c <vTaskExitCritical.part.0+0x6c>
10001468:	bd10      	pop	{r4, pc}
1000146a:	4770      	bx	lr
1000146c:	e8bd 4010 	ldmia.w	sp!, {r4, lr}
10001470:	f7ff b916 	b.w	100006a0 <vPortYield>
10001474:	20020b44 	.word	0x20020b44
10001478:	20020b40 	.word	0x20020b40
1000147c:	20020c34 	.word	0x20020c34
10001480:	20020b3c 	.word	0x20020b3c
10001484:	2000081a 	.word	0x2000081a
10001488:	2000081b 	.word	0x2000081b

1000148c <prvCreateTask>:
1000148c:	e92d 43f8 	stmdb	sp!, {r3, r4, r5, r6, r7, r8, r9, lr}
10001490:	0096      	lsls	r6, r2, #2
10001492:	4680      	mov	r8, r0
10001494:	4630      	mov	r0, r6
10001496:	460d      	mov	r5, r1
10001498:	4699      	mov	r9, r3
1000149a:	f7fe ff4d 	bl	10000338 <pvPortMalloc>
1000149e:	2800      	cmp	r0, #0
100014a0:	f000 8088 	beq.w	100015b4 <prvCreateTask+0x128>
100014a4:	4607      	mov	r7, r0
100014a6:	207c      	movs	r0, #124	@ 0x7c
100014a8:	f7fe ff46 	bl	10000338 <pvPortMalloc>
100014ac:	4604      	mov	r4, r0
100014ae:	2800      	cmp	r0, #0
100014b0:	d07d      	beq.n	100015ae <prvCreateTask+0x122>
100014b2:	227c      	movs	r2, #124	@ 0x7c
100014b4:	2100      	movs	r1, #0
100014b6:	f003 fa35 	bl	10004924 <memset>
100014ba:	4632      	mov	r2, r6
100014bc:	4638      	mov	r0, r7
100014be:	21a5      	movs	r1, #165	@ 0xa5
100014c0:	6367      	str	r7, [r4, #52]	@ 0x34
100014c2:	f003 fa2f 	bl	10004924 <memset>
100014c6:	6b63      	ldr	r3, [r4, #52]	@ 0x34
100014c8:	3e04      	subs	r6, #4
100014ca:	441e      	add	r6, r3
100014cc:	f026 0607 	bic.w	r6, r6, #7
100014d0:	2d00      	cmp	r5, #0
100014d2:	d03e      	beq.n	10001552 <prvCreateTask+0xc6>
100014d4:	782b      	ldrb	r3, [r5, #0]
100014d6:	f884 3040 	strb.w	r3, [r4, #64]	@ 0x40
100014da:	2b00      	cmp	r3, #0
100014dc:	d036      	beq.n	1000154c <prvCreateTask+0xc0>
100014de:	786b      	ldrb	r3, [r5, #1]
100014e0:	f884 3041 	strb.w	r3, [r4, #65]	@ 0x41
100014e4:	b393      	cbz	r3, 1000154c <prvCreateTask+0xc0>
100014e6:	78ab      	ldrb	r3, [r5, #2]
100014e8:	f884 3042 	strb.w	r3, [r4, #66]	@ 0x42
100014ec:	b373      	cbz	r3, 1000154c <prvCreateTask+0xc0>
100014ee:	78eb      	ldrb	r3, [r5, #3]
100014f0:	f884 3043 	strb.w	r3, [r4, #67]	@ 0x43
100014f4:	b353      	cbz	r3, 1000154c <prvCreateTask+0xc0>
100014f6:	792b      	ldrb	r3, [r5, #4]
100014f8:	f884 3044 	strb.w	r3, [r4, #68]	@ 0x44
100014fc:	b333      	cbz	r3, 1000154c <prvCreateTask+0xc0>
100014fe:	796b      	ldrb	r3, [r5, #5]
10001500:	f884 3045 	strb.w	r3, [r4, #69]	@ 0x45
10001504:	b313      	cbz	r3, 1000154c <prvCreateTask+0xc0>
10001506:	79ab      	ldrb	r3, [r5, #6]
10001508:	f884 3046 	strb.w	r3, [r4, #70]	@ 0x46
1000150c:	b1f3      	cbz	r3, 1000154c <prvCreateTask+0xc0>
1000150e:	79eb      	ldrb	r3, [r5, #7]
10001510:	f884 3047 	strb.w	r3, [r4, #71]	@ 0x47
10001514:	b1d3      	cbz	r3, 1000154c <prvCreateTask+0xc0>
10001516:	7a2b      	ldrb	r3, [r5, #8]
10001518:	f884 3048 	strb.w	r3, [r4, #72]	@ 0x48
1000151c:	b1b3      	cbz	r3, 1000154c <prvCreateTask+0xc0>
1000151e:	7a6b      	ldrb	r3, [r5, #9]
10001520:	f884 3049 	strb.w	r3, [r4, #73]	@ 0x49
10001524:	b193      	cbz	r3, 1000154c <prvCreateTask+0xc0>
10001526:	7aab      	ldrb	r3, [r5, #10]
10001528:	f884 304a 	strb.w	r3, [r4, #74]	@ 0x4a
1000152c:	b173      	cbz	r3, 1000154c <prvCreateTask+0xc0>
1000152e:	7aeb      	ldrb	r3, [r5, #11]
10001530:	f884 304b 	strb.w	r3, [r4, #75]	@ 0x4b
10001534:	b153      	cbz	r3, 1000154c <prvCreateTask+0xc0>
10001536:	7b2b      	ldrb	r3, [r5, #12]
10001538:	f884 304c 	strb.w	r3, [r4, #76]	@ 0x4c
1000153c:	b133      	cbz	r3, 1000154c <prvCreateTask+0xc0>
1000153e:	7b6b      	ldrb	r3, [r5, #13]
10001540:	f884 304d 	strb.w	r3, [r4, #77]	@ 0x4d
10001544:	b113      	cbz	r3, 1000154c <prvCreateTask+0xc0>
10001546:	7bab      	ldrb	r3, [r5, #14]
10001548:	f884 304e 	strb.w	r3, [r4, #78]	@ 0x4e
1000154c:	2300      	movs	r3, #0
1000154e:	f884 304f 	strb.w	r3, [r4, #79]	@ 0x4f
10001552:	9d08      	ldr	r5, [sp, #32]
10001554:	f104 0008 	add.w	r0, r4, #8
10001558:	2d1f      	cmp	r5, #31
1000155a:	bf28      	it	cs
1000155c:	251f      	movcs	r5, #31
1000155e:	6325      	str	r5, [r4, #48]	@ 0x30
10001560:	65a5      	str	r5, [r4, #88]	@ 0x58
10001562:	f7ff fb95 	bl	10000c90 <vListInitialiseItem>
10001566:	f1c5 0520 	rsb	r5, r5, #32
1000156a:	f104 001c 	add.w	r0, r4, #28
1000156e:	f7ff fb8f 	bl	10000c90 <vListInitialiseItem>
10001572:	464b      	mov	r3, r9
10001574:	4642      	mov	r2, r8
10001576:	4630      	mov	r0, r6
10001578:	6b61      	ldr	r1, [r4, #52]	@ 0x34
1000157a:	61e5      	str	r5, [r4, #28]
1000157c:	6164      	str	r4, [r4, #20]
1000157e:	62a4      	str	r4, [r4, #40]	@ 0x28
10001580:	f7ff f8b0 	bl	100006e4 <pxPortInitialiseStack>
10001584:	f04f 32ff 	mov.w	r2, #4294967295	@ 0xffffffff
10001588:	4b0c      	ldr	r3, [pc, #48]	@ (100015bc <prvCreateTask+0x130>)
1000158a:	6020      	str	r0, [r4, #0]
1000158c:	4598      	cmp	r8, r3
1000158e:	63a2      	str	r2, [r4, #56]	@ 0x38
10001590:	d008      	beq.n	100015a4 <prvCreateTask+0x118>
10001592:	4b0b      	ldr	r3, [pc, #44]	@ (100015c0 <prvCreateTask+0x134>)
10001594:	4598      	cmp	r8, r3
10001596:	d005      	beq.n	100015a4 <prvCreateTask+0x118>
10001598:	9b09      	ldr	r3, [sp, #36]	@ 0x24
1000159a:	b103      	cbz	r3, 1000159e <prvCreateTask+0x112>
1000159c:	601c      	str	r4, [r3, #0]
1000159e:	4620      	mov	r0, r4
100015a0:	e8bd 83f8 	ldmia.w	sp!, {r3, r4, r5, r6, r7, r8, r9, pc}
100015a4:	6be3      	ldr	r3, [r4, #60]	@ 0x3c
100015a6:	f043 0301 	orr.w	r3, r3, #1
100015aa:	63e3      	str	r3, [r4, #60]	@ 0x3c
100015ac:	e7f4      	b.n	10001598 <prvCreateTask+0x10c>
100015ae:	4638      	mov	r0, r7
100015b0:	f7fe ff50 	bl	10000454 <vPortFree>
100015b4:	2400      	movs	r4, #0
100015b6:	4620      	mov	r0, r4
100015b8:	e8bd 83f8 	ldmia.w	sp!, {r3, r4, r5, r6, r7, r8, r9, pc}
100015bc:	100019b9 	.word	0x100019b9
100015c0:	10001315 	.word	0x10001315

100015c4 <prvCheckForRunStateChange>:
100015c4:	f04f 4250 	mov.w	r2, #3489660928	@ 0xd0000000
100015c8:	4b50      	ldr	r3, [pc, #320]	@ (1000170c <prvCheckForRunStateChange+0x148>)
100015ca:	6812      	ldr	r2, [r2, #0]
100015cc:	e92d 47f0 	stmdb	sp!, {r4, r5, r6, r7, r8, r9, sl, lr}
100015d0:	f8df 9144 	ldr.w	r9, [pc, #324]	@ 10001718 <prvCheckForRunStateChange+0x154>
100015d4:	4c4e      	ldr	r4, [pc, #312]	@ (10001710 <prvCheckForRunStateChange+0x14c>)
100015d6:	f8df 8144 	ldr.w	r8, [pc, #324]	@ 1000171c <prvCheckForRunStateChange+0x158>
100015da:	f853 6022 	ldr.w	r6, [r3, r2, lsl #2]
100015de:	4d4d      	ldr	r5, [pc, #308]	@ (10001714 <prvCheckForRunStateChange+0x150>)
100015e0:	e040      	b.n	10001664 <prvCheckForRunStateChange+0xa0>
100015e2:	f8df a13c 	ldr.w	sl, [pc, #316]	@ 10001720 <prvCheckForRunStateChange+0x15c>
100015e6:	2000      	movs	r0, #0
100015e8:	f7ff fa0a 	bl	10000a00 <vClearInterruptMask>
100015ec:	f7ff f9fc 	bl	100009e8 <ulSetInterruptMask>
100015f0:	f04f 4350 	mov.w	r3, #3489660928	@ 0xd0000000
100015f4:	681b      	ldr	r3, [r3, #0]
100015f6:	e8da 2fcf 	ldaexb	r2, [sl]
100015fa:	2101      	movs	r1, #1
100015fc:	2a00      	cmp	r2, #0
100015fe:	d101      	bne.n	10001604 <prvCheckForRunStateChange+0x40>
10001600:	e8ca 1f42 	strexb	r2, r1, [sl]
10001604:	f3bf 8f5f 	dmb	sy
10001608:	2a00      	cmp	r2, #0
1000160a:	d150      	bne.n	100016ae <prvCheckForRunStateChange+0xea>
1000160c:	005b      	lsls	r3, r3, #1
1000160e:	2201      	movs	r2, #1
10001610:	4443      	add	r3, r8
10001612:	7062      	strb	r2, [r4, #1]
10001614:	705a      	strb	r2, [r3, #1]
10001616:	f04f 4350 	mov.w	r3, #3489660928	@ 0xd0000000
1000161a:	681a      	ldr	r2, [r3, #0]
1000161c:	e8d5 3fcf 	ldaexb	r3, [r5]
10001620:	2101      	movs	r1, #1
10001622:	2b00      	cmp	r3, #0
10001624:	d101      	bne.n	1000162a <prvCheckForRunStateChange+0x66>
10001626:	e8c5 1f43 	strexb	r3, r1, [r5]
1000162a:	f3bf 8f5f 	dmb	sy
1000162e:	b173      	cbz	r3, 1000164e <prvCheckForRunStateChange+0x8a>
10001630:	f818 3012 	ldrb.w	r3, [r8, r2, lsl #1]
10001634:	2b00      	cmp	r3, #0
10001636:	d14b      	bne.n	100016d0 <prvCheckForRunStateChange+0x10c>
10001638:	e8d5 1fcf 	ldaexb	r1, [r5]
1000163c:	2301      	movs	r3, #1
1000163e:	2900      	cmp	r1, #0
10001640:	d1fa      	bne.n	10001638 <prvCheckForRunStateChange+0x74>
10001642:	e8c5 3f41 	strexb	r1, r3, [r5]
10001646:	2900      	cmp	r1, #0
10001648:	d1f6      	bne.n	10001638 <prvCheckForRunStateChange+0x74>
1000164a:	f3bf 8f5f 	dmb	sy
1000164e:	2301      	movs	r3, #1
10001650:	7023      	strb	r3, [r4, #0]
10001652:	f808 3012 	strb.w	r3, [r8, r2, lsl #1]
10001656:	f04f 4350 	mov.w	r3, #3489660928	@ 0xd0000000
1000165a:	681a      	ldr	r2, [r3, #0]
1000165c:	f849 7022 	str.w	r7, [r9, r2, lsl #2]
10001660:	2f00      	cmp	r7, #0
10001662:	d040      	beq.n	100016e6 <prvCheckForRunStateChange+0x122>
10001664:	6bb3      	ldr	r3, [r6, #56]	@ 0x38
10001666:	3302      	adds	r3, #2
10001668:	d14e      	bne.n	10001708 <prvCheckForRunStateChange+0x144>
1000166a:	f04f 4150 	mov.w	r1, #3489660928	@ 0xd0000000
1000166e:	680a      	ldr	r2, [r1, #0]
10001670:	f859 7022 	ldr.w	r7, [r9, r2, lsl #2]
10001674:	b16f      	cbz	r7, 10001692 <prvCheckForRunStateChange+0xce>
10001676:	2300      	movs	r3, #0
10001678:	f849 3022 	str.w	r3, [r9, r2, lsl #2]
1000167c:	7823      	ldrb	r3, [r4, #0]
1000167e:	680a      	ldr	r2, [r1, #0]
10001680:	3b01      	subs	r3, #1
10001682:	b2db      	uxtb	r3, r3
10001684:	7023      	strb	r3, [r4, #0]
10001686:	b923      	cbnz	r3, 10001692 <prvCheckForRunStateChange+0xce>
10001688:	f808 3012 	strb.w	r3, [r8, r2, lsl #1]
1000168c:	e8c5 3f8f 	stlb	r3, [r5]
10001690:	680a      	ldr	r2, [r1, #0]
10001692:	7863      	ldrb	r3, [r4, #1]
10001694:	3b01      	subs	r3, #1
10001696:	b2db      	uxtb	r3, r3
10001698:	7063      	strb	r3, [r4, #1]
1000169a:	2b00      	cmp	r3, #0
1000169c:	d1a1      	bne.n	100015e2 <prvCheckForRunStateChange+0x1e>
1000169e:	eb08 0242 	add.w	r2, r8, r2, lsl #1
100016a2:	f8df a07c 	ldr.w	sl, [pc, #124]	@ 10001720 <prvCheckForRunStateChange+0x15c>
100016a6:	7053      	strb	r3, [r2, #1]
100016a8:	e8ca 3f8f 	stlb	r3, [sl]
100016ac:	e79b      	b.n	100015e6 <prvCheckForRunStateChange+0x22>
100016ae:	eb08 0243 	add.w	r2, r8, r3, lsl #1
100016b2:	7852      	ldrb	r2, [r2, #1]
100016b4:	005b      	lsls	r3, r3, #1
100016b6:	bb12      	cbnz	r2, 100016fe <prvCheckForRunStateChange+0x13a>
100016b8:	e8da 1fcf 	ldaexb	r1, [sl]
100016bc:	2201      	movs	r2, #1
100016be:	2900      	cmp	r1, #0
100016c0:	d1fa      	bne.n	100016b8 <prvCheckForRunStateChange+0xf4>
100016c2:	e8ca 2f41 	strexb	r1, r2, [sl]
100016c6:	2900      	cmp	r1, #0
100016c8:	d1f6      	bne.n	100016b8 <prvCheckForRunStateChange+0xf4>
100016ca:	f3bf 8f5f 	dmb	sy
100016ce:	e79e      	b.n	1000160e <prvCheckForRunStateChange+0x4a>
100016d0:	7823      	ldrb	r3, [r4, #0]
100016d2:	3301      	adds	r3, #1
100016d4:	b2db      	uxtb	r3, r3
100016d6:	7023      	strb	r3, [r4, #0]
100016d8:	f04f 4350 	mov.w	r3, #3489660928	@ 0xd0000000
100016dc:	681a      	ldr	r2, [r3, #0]
100016de:	f849 7022 	str.w	r7, [r9, r2, lsl #2]
100016e2:	2f00      	cmp	r7, #0
100016e4:	d1be      	bne.n	10001664 <prvCheckForRunStateChange+0xa0>
100016e6:	681a      	ldr	r2, [r3, #0]
100016e8:	7823      	ldrb	r3, [r4, #0]
100016ea:	3b01      	subs	r3, #1
100016ec:	b2db      	uxtb	r3, r3
100016ee:	7023      	strb	r3, [r4, #0]
100016f0:	2b00      	cmp	r3, #0
100016f2:	d1b7      	bne.n	10001664 <prvCheckForRunStateChange+0xa0>
100016f4:	f808 7012 	strb.w	r7, [r8, r2, lsl #1]
100016f8:	e8c5 7f8f 	stlb	r7, [r5]
100016fc:	e76f      	b.n	100015de <prvCheckForRunStateChange+0x1a>
100016fe:	7863      	ldrb	r3, [r4, #1]
10001700:	3301      	adds	r3, #1
10001702:	b2db      	uxtb	r3, r3
10001704:	7063      	strb	r3, [r4, #1]
10001706:	e786      	b.n	10001616 <prvCheckForRunStateChange+0x52>
10001708:	e8bd 87f0 	ldmia.w	sp!, {r4, r5, r6, r7, r8, r9, sl, pc}
1000170c:	20000894 	.word	0x20000894
10001710:	20020b40 	.word	0x20020b40
10001714:	2000081a 	.word	0x2000081a
10001718:	20020b44 	.word	0x20020b44
1000171c:	20020b3c 	.word	0x20020b3c
10001720:	2000081b 	.word	0x2000081b

10001724 <vTaskSuspendAll.part.0>:
10001724:	b5f8      	push	{r3, r4, r5, r6, r7, lr}
10001726:	f7ff f95f 	bl	100009e8 <ulSetInterruptMask>
1000172a:	f04f 4250 	mov.w	r2, #3489660928	@ 0xd0000000
1000172e:	4606      	mov	r6, r0
10001730:	4b35      	ldr	r3, [pc, #212]	@ (10001808 <vTaskSuspendAll.part.0+0xe4>)
10001732:	6812      	ldr	r2, [r2, #0]
10001734:	e8d3 1fcf 	ldaexb	r1, [r3]
10001738:	2001      	movs	r0, #1
1000173a:	2900      	cmp	r1, #0
1000173c:	d101      	bne.n	10001742 <vTaskSuspendAll.part.0+0x1e>
1000173e:	e8c3 0f41 	strexb	r1, r0, [r3]
10001742:	f3bf 8f5f 	dmb	sy
10001746:	4d31      	ldr	r5, [pc, #196]	@ (1000180c <vTaskSuspendAll.part.0+0xe8>)
10001748:	2900      	cmp	r1, #0
1000174a:	d13e      	bne.n	100017ca <vTaskSuspendAll.part.0+0xa6>
1000174c:	0051      	lsls	r1, r2, #1
1000174e:	2301      	movs	r3, #1
10001750:	4c2f      	ldr	r4, [pc, #188]	@ (10001810 <vTaskSuspendAll.part.0+0xec>)
10001752:	4429      	add	r1, r5
10001754:	7063      	strb	r3, [r4, #1]
10001756:	704b      	strb	r3, [r1, #1]
10001758:	4f2e      	ldr	r7, [pc, #184]	@ (10001814 <vTaskSuspendAll.part.0+0xf0>)
1000175a:	683b      	ldr	r3, [r7, #0]
1000175c:	2b00      	cmp	r3, #0
1000175e:	d045      	beq.n	100017ec <vTaskSuspendAll.part.0+0xc8>
10001760:	f04f 4350 	mov.w	r3, #3489660928	@ 0xd0000000
10001764:	4a2c      	ldr	r2, [pc, #176]	@ (10001818 <vTaskSuspendAll.part.0+0xf4>)
10001766:	6819      	ldr	r1, [r3, #0]
10001768:	e8d2 3fcf 	ldaexb	r3, [r2]
1000176c:	2001      	movs	r0, #1
1000176e:	2b00      	cmp	r3, #0
10001770:	d101      	bne.n	10001776 <vTaskSuspendAll.part.0+0x52>
10001772:	e8c2 0f43 	strexb	r3, r0, [r2]
10001776:	f3bf 8f5f 	dmb	sy
1000177a:	b173      	cbz	r3, 1000179a <vTaskSuspendAll.part.0+0x76>
1000177c:	f815 3011 	ldrb.w	r3, [r5, r1, lsl #1]
10001780:	2b00      	cmp	r3, #0
10001782:	d13c      	bne.n	100017fe <vTaskSuspendAll.part.0+0xda>
10001784:	e8d2 0fcf 	ldaexb	r0, [r2]
10001788:	2301      	movs	r3, #1
1000178a:	2800      	cmp	r0, #0
1000178c:	d1fa      	bne.n	10001784 <vTaskSuspendAll.part.0+0x60>
1000178e:	e8c2 3f40 	strexb	r0, r3, [r2]
10001792:	2800      	cmp	r0, #0
10001794:	d1f6      	bne.n	10001784 <vTaskSuspendAll.part.0+0x60>
10001796:	f3bf 8f5f 	dmb	sy
1000179a:	2301      	movs	r3, #1
1000179c:	7023      	strb	r3, [r4, #0]
1000179e:	f805 3011 	strb.w	r3, [r5, r1, lsl #1]
100017a2:	f04f 4150 	mov.w	r1, #3489660928	@ 0xd0000000
100017a6:	683b      	ldr	r3, [r7, #0]
100017a8:	3301      	adds	r3, #1
100017aa:	603b      	str	r3, [r7, #0]
100017ac:	7823      	ldrb	r3, [r4, #0]
100017ae:	6809      	ldr	r1, [r1, #0]
100017b0:	3b01      	subs	r3, #1
100017b2:	b2db      	uxtb	r3, r3
100017b4:	7023      	strb	r3, [r4, #0]
100017b6:	b91b      	cbnz	r3, 100017c0 <vTaskSuspendAll.part.0+0x9c>
100017b8:	f805 3011 	strb.w	r3, [r5, r1, lsl #1]
100017bc:	e8c2 3f8f 	stlb	r3, [r2]
100017c0:	4630      	mov	r0, r6
100017c2:	e8bd 40f8 	ldmia.w	sp!, {r3, r4, r5, r6, r7, lr}
100017c6:	f7ff b91b 	b.w	10000a00 <vClearInterruptMask>
100017ca:	0051      	lsls	r1, r2, #1
100017cc:	eb05 0242 	add.w	r2, r5, r2, lsl #1
100017d0:	7852      	ldrb	r2, [r2, #1]
100017d2:	b972      	cbnz	r2, 100017f2 <vTaskSuspendAll.part.0+0xce>
100017d4:	e8d3 0fcf 	ldaexb	r0, [r3]
100017d8:	2201      	movs	r2, #1
100017da:	2800      	cmp	r0, #0
100017dc:	d1fa      	bne.n	100017d4 <vTaskSuspendAll.part.0+0xb0>
100017de:	e8c3 2f40 	strexb	r0, r2, [r3]
100017e2:	2800      	cmp	r0, #0
100017e4:	d1f6      	bne.n	100017d4 <vTaskSuspendAll.part.0+0xb0>
100017e6:	f3bf 8f5f 	dmb	sy
100017ea:	e7b0      	b.n	1000174e <vTaskSuspendAll.part.0+0x2a>
100017ec:	f7ff feea 	bl	100015c4 <prvCheckForRunStateChange>
100017f0:	e7b6      	b.n	10001760 <vTaskSuspendAll.part.0+0x3c>
100017f2:	4c07      	ldr	r4, [pc, #28]	@ (10001810 <vTaskSuspendAll.part.0+0xec>)
100017f4:	7863      	ldrb	r3, [r4, #1]
100017f6:	3301      	adds	r3, #1
100017f8:	b2db      	uxtb	r3, r3
100017fa:	7063      	strb	r3, [r4, #1]
100017fc:	e7ac      	b.n	10001758 <vTaskSuspendAll.part.0+0x34>
100017fe:	7823      	ldrb	r3, [r4, #0]
10001800:	3301      	adds	r3, #1
10001802:	b2db      	uxtb	r3, r3
10001804:	7023      	strb	r3, [r4, #0]
10001806:	e7cc      	b.n	100017a2 <vTaskSuspendAll.part.0+0x7e>
10001808:	2000081b 	.word	0x2000081b
1000180c:	20020b3c 	.word	0x20020b3c
10001810:	20020b40 	.word	0x20020b40
10001814:	20020b58 	.word	0x20020b58
10001818:	2000081a 	.word	0x2000081a

1000181c <prvCheckTasksWaitingTermination>:
1000181c:	e92d 41f0 	stmdb	sp!, {r4, r5, r6, r7, r8, lr}
10001820:	4c5b      	ldr	r4, [pc, #364]	@ (10001990 <prvCheckTasksWaitingTermination+0x174>)
10001822:	4d5c      	ldr	r5, [pc, #368]	@ (10001994 <prvCheckTasksWaitingTermination+0x178>)
10001824:	4e5c      	ldr	r6, [pc, #368]	@ (10001998 <prvCheckTasksWaitingTermination+0x17c>)
10001826:	f04f 4750 	mov.w	r7, #3489660928	@ 0xd0000000
1000182a:	6823      	ldr	r3, [r4, #0]
1000182c:	2b00      	cmp	r3, #0
1000182e:	d035      	beq.n	1000189c <prvCheckTasksWaitingTermination+0x80>
10001830:	f7ff f8da 	bl	100009e8 <ulSetInterruptMask>
10001834:	682b      	ldr	r3, [r5, #0]
10001836:	b173      	cbz	r3, 10001856 <prvCheckTasksWaitingTermination+0x3a>
10001838:	683b      	ldr	r3, [r7, #0]
1000183a:	f856 2023 	ldr.w	r2, [r6, r3, lsl #2]
1000183e:	2a00      	cmp	r2, #0
10001840:	d03b      	beq.n	100018ba <prvCheckTasksWaitingTermination+0x9e>
10001842:	f856 2023 	ldr.w	r2, [r6, r3, lsl #2]
10001846:	3201      	adds	r2, #1
10001848:	f846 2023 	str.w	r2, [r6, r3, lsl #2]
1000184c:	683b      	ldr	r3, [r7, #0]
1000184e:	f856 3023 	ldr.w	r3, [r6, r3, lsl #2]
10001852:	2b01      	cmp	r3, #1
10001854:	d02a      	beq.n	100018ac <prvCheckTasksWaitingTermination+0x90>
10001856:	6823      	ldr	r3, [r4, #0]
10001858:	b313      	cbz	r3, 100018a0 <prvCheckTasksWaitingTermination+0x84>
1000185a:	4b50      	ldr	r3, [pc, #320]	@ (1000199c <prvCheckTasksWaitingTermination+0x180>)
1000185c:	68db      	ldr	r3, [r3, #12]
1000185e:	68df      	ldr	r7, [r3, #12]
10001860:	6bbb      	ldr	r3, [r7, #56]	@ 0x38
10001862:	3301      	adds	r3, #1
10001864:	f040 808c 	bne.w	10001980 <prvCheckTasksWaitingTermination+0x164>
10001868:	f107 0008 	add.w	r0, r7, #8
1000186c:	f7ff fa3a 	bl	10000ce4 <uxListRemove>
10001870:	4a4b      	ldr	r2, [pc, #300]	@ (100019a0 <prvCheckTasksWaitingTermination+0x184>)
10001872:	6813      	ldr	r3, [r2, #0]
10001874:	3b01      	subs	r3, #1
10001876:	6013      	str	r3, [r2, #0]
10001878:	6823      	ldr	r3, [r4, #0]
1000187a:	3b01      	subs	r3, #1
1000187c:	6023      	str	r3, [r4, #0]
1000187e:	682b      	ldr	r3, [r5, #0]
10001880:	b10b      	cbz	r3, 10001886 <prvCheckTasksWaitingTermination+0x6a>
10001882:	f7ff fdbd 	bl	10001400 <vTaskExitCritical.part.0>
10001886:	6b78      	ldr	r0, [r7, #52]	@ 0x34
10001888:	f7fe fde4 	bl	10000454 <vPortFree>
1000188c:	4638      	mov	r0, r7
1000188e:	f7fe fde1 	bl	10000454 <vPortFree>
10001892:	6823      	ldr	r3, [r4, #0]
10001894:	f04f 4750 	mov.w	r7, #3489660928	@ 0xd0000000
10001898:	2b00      	cmp	r3, #0
1000189a:	d1c9      	bne.n	10001830 <prvCheckTasksWaitingTermination+0x14>
1000189c:	e8bd 81f0 	ldmia.w	sp!, {r4, r5, r6, r7, r8, pc}
100018a0:	682b      	ldr	r3, [r5, #0]
100018a2:	2b00      	cmp	r3, #0
100018a4:	d0c1      	beq.n	1000182a <prvCheckTasksWaitingTermination+0xe>
100018a6:	f7ff fdab 	bl	10001400 <vTaskExitCritical.part.0>
100018aa:	e7bc      	b.n	10001826 <prvCheckTasksWaitingTermination+0xa>
100018ac:	4b3d      	ldr	r3, [pc, #244]	@ (100019a4 <prvCheckTasksWaitingTermination+0x188>)
100018ae:	681b      	ldr	r3, [r3, #0]
100018b0:	2b00      	cmp	r3, #0
100018b2:	d1d0      	bne.n	10001856 <prvCheckTasksWaitingTermination+0x3a>
100018b4:	f7ff fe86 	bl	100015c4 <prvCheckForRunStateChange>
100018b8:	e7cd      	b.n	10001856 <prvCheckTasksWaitingTermination+0x3a>
100018ba:	4a3b      	ldr	r2, [pc, #236]	@ (100019a8 <prvCheckTasksWaitingTermination+0x18c>)
100018bc:	e8d2 1fcf 	ldaexb	r1, [r2]
100018c0:	2001      	movs	r0, #1
100018c2:	2900      	cmp	r1, #0
100018c4:	d101      	bne.n	100018ca <prvCheckTasksWaitingTermination+0xae>
100018c6:	e8c2 0f41 	strexb	r1, r0, [r2]
100018ca:	f3bf 8f5f 	dmb	sy
100018ce:	2900      	cmp	r1, #0
100018d0:	d135      	bne.n	1000193e <prvCheckTasksWaitingTermination+0x122>
100018d2:	4936      	ldr	r1, [pc, #216]	@ (100019ac <prvCheckTasksWaitingTermination+0x190>)
100018d4:	0058      	lsls	r0, r3, #1
100018d6:	2301      	movs	r3, #1
100018d8:	4a35      	ldr	r2, [pc, #212]	@ (100019b0 <prvCheckTasksWaitingTermination+0x194>)
100018da:	4408      	add	r0, r1
100018dc:	7053      	strb	r3, [r2, #1]
100018de:	7043      	strb	r3, [r0, #1]
100018e0:	f04f 4c50 	mov.w	ip, #3489660928	@ 0xd0000000
100018e4:	4b33      	ldr	r3, [pc, #204]	@ (100019b4 <prvCheckTasksWaitingTermination+0x198>)
100018e6:	f8dc 0000 	ldr.w	r0, [ip]
100018ea:	e8d3 efcf 	ldaexb	lr, [r3]
100018ee:	f05f 0801 	movs.w	r8, #1
100018f2:	f1be 0f00 	cmp.w	lr, #0
100018f6:	d101      	bne.n	100018fc <prvCheckTasksWaitingTermination+0xe0>
100018f8:	e8c3 8f4e 	strexb	lr, r8, [r3]
100018fc:	f3bf 8f5f 	dmb	sy
10001900:	f1be 0f00 	cmp.w	lr, #0
10001904:	d012      	beq.n	1000192c <prvCheckTasksWaitingTermination+0x110>
10001906:	f811 e010 	ldrb.w	lr, [r1, r0, lsl #1]
1000190a:	f1be 0f00 	cmp.w	lr, #0
1000190e:	d12a      	bne.n	10001966 <prvCheckTasksWaitingTermination+0x14a>
10001910:	e8d3 efcf 	ldaexb	lr, [r3]
10001914:	f05f 0c01 	movs.w	ip, #1
10001918:	f1be 0f00 	cmp.w	lr, #0
1000191c:	d1f8      	bne.n	10001910 <prvCheckTasksWaitingTermination+0xf4>
1000191e:	e8c3 cf4e 	strexb	lr, ip, [r3]
10001922:	f1be 0f00 	cmp.w	lr, #0
10001926:	d1f3      	bne.n	10001910 <prvCheckTasksWaitingTermination+0xf4>
10001928:	f3bf 8f5f 	dmb	sy
1000192c:	2301      	movs	r3, #1
1000192e:	f04f 4c50 	mov.w	ip, #3489660928	@ 0xd0000000
10001932:	7013      	strb	r3, [r2, #0]
10001934:	f801 3010 	strb.w	r3, [r1, r0, lsl #1]
10001938:	f8dc 3000 	ldr.w	r3, [ip]
1000193c:	e781      	b.n	10001842 <prvCheckTasksWaitingTermination+0x26>
1000193e:	491b      	ldr	r1, [pc, #108]	@ (100019ac <prvCheckTasksWaitingTermination+0x190>)
10001940:	0058      	lsls	r0, r3, #1
10001942:	eb01 0343 	add.w	r3, r1, r3, lsl #1
10001946:	785b      	ldrb	r3, [r3, #1]
10001948:	b9a3      	cbnz	r3, 10001974 <prvCheckTasksWaitingTermination+0x158>
1000194a:	e8d2 cfcf 	ldaexb	ip, [r2]
1000194e:	2301      	movs	r3, #1
10001950:	f1bc 0f00 	cmp.w	ip, #0
10001954:	d1f9      	bne.n	1000194a <prvCheckTasksWaitingTermination+0x12e>
10001956:	e8c2 3f4c 	strexb	ip, r3, [r2]
1000195a:	f1bc 0f00 	cmp.w	ip, #0
1000195e:	d1f4      	bne.n	1000194a <prvCheckTasksWaitingTermination+0x12e>
10001960:	f3bf 8f5f 	dmb	sy
10001964:	e7b7      	b.n	100018d6 <prvCheckTasksWaitingTermination+0xba>
10001966:	7813      	ldrb	r3, [r2, #0]
10001968:	3301      	adds	r3, #1
1000196a:	b2db      	uxtb	r3, r3
1000196c:	7013      	strb	r3, [r2, #0]
1000196e:	f8dc 3000 	ldr.w	r3, [ip]
10001972:	e766      	b.n	10001842 <prvCheckTasksWaitingTermination+0x26>
10001974:	4a0e      	ldr	r2, [pc, #56]	@ (100019b0 <prvCheckTasksWaitingTermination+0x194>)
10001976:	7853      	ldrb	r3, [r2, #1]
10001978:	3301      	adds	r3, #1
1000197a:	b2db      	uxtb	r3, r3
1000197c:	7053      	strb	r3, [r2, #1]
1000197e:	e7af      	b.n	100018e0 <prvCheckTasksWaitingTermination+0xc4>
10001980:	682b      	ldr	r3, [r5, #0]
10001982:	2b00      	cmp	r3, #0
10001984:	d08a      	beq.n	1000189c <prvCheckTasksWaitingTermination+0x80>
10001986:	e8bd 41f0 	ldmia.w	sp!, {r4, r5, r6, r7, r8, lr}
1000198a:	f7ff bd39 	b.w	10001400 <vTaskExitCritical.part.0>
1000198e:	bf00      	nop
10001990:	20020b54 	.word	0x20020b54
10001994:	20020bf4 	.word	0x20020bf4
10001998:	20020b44 	.word	0x20020b44
1000199c:	20020c14 	.word	0x20020c14
100019a0:	20020b50 	.word	0x20020b50
100019a4:	20020b58 	.word	0x20020b58
100019a8:	2000081b 	.word	0x2000081b
100019ac:	20020b3c 	.word	0x20020b3c
100019b0:	20020b40 	.word	0x20020b40
100019b4:	2000081a 	.word	0x2000081a

100019b8 <prvIdleTask>:
100019b8:	b508      	push	{r3, lr}
100019ba:	f7fe fe71 	bl	100006a0 <vPortYield>
100019be:	4c04      	ldr	r4, [pc, #16]	@ (100019d0 <prvIdleTask+0x18>)
100019c0:	f7ff ff2c 	bl	1000181c <prvCheckTasksWaitingTermination>
100019c4:	6823      	ldr	r3, [r4, #0]
100019c6:	2b02      	cmp	r3, #2
100019c8:	d9fa      	bls.n	100019c0 <prvIdleTask+0x8>
100019ca:	f7fe fe69 	bl	100006a0 <vPortYield>
100019ce:	e7f7      	b.n	100019c0 <prvIdleTask+0x8>
100019d0:	200008b0 	.word	0x200008b0

100019d4 <prvAddCurrentTaskToDelayedList>:
100019d4:	e92d 4ff8 	stmdb	sp!, {r3, r4, r5, r6, r7, r8, r9, sl, fp, lr}
100019d8:	f04f 4550 	mov.w	r5, #3489660928	@ 0xd0000000
100019dc:	4a46      	ldr	r2, [pc, #280]	@ (10001af8 <prvAddCurrentTaskToDelayedList+0x124>)
100019de:	4b47      	ldr	r3, [pc, #284]	@ (10001afc <prvAddCurrentTaskToDelayedList+0x128>)
100019e0:	4c47      	ldr	r4, [pc, #284]	@ (10001b00 <prvAddCurrentTaskToDelayedList+0x12c>)
100019e2:	460f      	mov	r7, r1
100019e4:	f8d4 a000 	ldr.w	sl, [r4]
100019e8:	4e46      	ldr	r6, [pc, #280]	@ (10001b04 <prvAddCurrentTaskToDelayedList+0x130>)
100019ea:	f8d2 8000 	ldr.w	r8, [r2]
100019ee:	4604      	mov	r4, r0
100019f0:	f8d3 9000 	ldr.w	r9, [r3]
100019f4:	f7fe fff8 	bl	100009e8 <ulSetInterruptMask>
100019f8:	682b      	ldr	r3, [r5, #0]
100019fa:	f856 b023 	ldr.w	fp, [r6, r3, lsl #2]
100019fe:	f7fe ffff 	bl	10000a00 <vClearInterruptMask>
10001a02:	2300      	movs	r3, #0
10001a04:	f88b 3079 	strb.w	r3, [fp, #121]	@ 0x79
10001a08:	f7fe ffee 	bl	100009e8 <ulSetInterruptMask>
10001a0c:	682b      	ldr	r3, [r5, #0]
10001a0e:	f856 b023 	ldr.w	fp, [r6, r3, lsl #2]
10001a12:	f7fe fff5 	bl	10000a00 <vClearInterruptMask>
10001a16:	f10b 0008 	add.w	r0, fp, #8
10001a1a:	f7ff f963 	bl	10000ce4 <uxListRemove>
10001a1e:	1c63      	adds	r3, r4, #1
10001a20:	d100      	bne.n	10001a24 <prvAddCurrentTaskToDelayedList+0x50>
10001a22:	bb8f      	cbnz	r7, 10001a88 <prvAddCurrentTaskToDelayedList+0xb4>
10001a24:	f04f 4550 	mov.w	r5, #3489660928	@ 0xd0000000
10001a28:	eb1a 0404 	adds.w	r4, sl, r4
10001a2c:	bf2c      	ite	cs
10001a2e:	2701      	movcs	r7, #1
10001a30:	2700      	movcc	r7, #0
10001a32:	f7fe ffd9 	bl	100009e8 <ulSetInterruptMask>
10001a36:	682b      	ldr	r3, [r5, #0]
10001a38:	f856 a023 	ldr.w	sl, [r6, r3, lsl #2]
10001a3c:	f7fe ffe0 	bl	10000a00 <vClearInterruptMask>
10001a40:	f8ca 4008 	str.w	r4, [sl, #8]
10001a44:	b997      	cbnz	r7, 10001a6c <prvAddCurrentTaskToDelayedList+0x98>
10001a46:	f7fe ffcf 	bl	100009e8 <ulSetInterruptMask>
10001a4a:	682b      	ldr	r3, [r5, #0]
10001a4c:	f856 5023 	ldr.w	r5, [r6, r3, lsl #2]
10001a50:	f7fe ffd6 	bl	10000a00 <vClearInterruptMask>
10001a54:	4640      	mov	r0, r8
10001a56:	f105 0108 	add.w	r1, r5, #8
10001a5a:	f7ff f92b 	bl	10000cb4 <vListInsert>
10001a5e:	4b2a      	ldr	r3, [pc, #168]	@ (10001b08 <prvAddCurrentTaskToDelayedList+0x134>)
10001a60:	681a      	ldr	r2, [r3, #0]
10001a62:	42a2      	cmp	r2, r4
10001a64:	bf88      	it	hi
10001a66:	601c      	strhi	r4, [r3, #0]
10001a68:	e8bd 8ff8 	ldmia.w	sp!, {r3, r4, r5, r6, r7, r8, r9, sl, fp, pc}
10001a6c:	f7fe ffbc 	bl	100009e8 <ulSetInterruptMask>
10001a70:	682b      	ldr	r3, [r5, #0]
10001a72:	f856 4023 	ldr.w	r4, [r6, r3, lsl #2]
10001a76:	f7fe ffc3 	bl	10000a00 <vClearInterruptMask>
10001a7a:	4648      	mov	r0, r9
10001a7c:	f104 0108 	add.w	r1, r4, #8
10001a80:	e8bd 4ff8 	ldmia.w	sp!, {r3, r4, r5, r6, r7, r8, r9, sl, fp, lr}
10001a84:	f7ff b916 	b.w	10000cb4 <vListInsert>
10001a88:	4c20      	ldr	r4, [pc, #128]	@ (10001b0c <prvAddCurrentTaskToDelayedList+0x138>)
10001a8a:	6867      	ldr	r7, [r4, #4]
10001a8c:	f7fe ffac 	bl	100009e8 <ulSetInterruptMask>
10001a90:	682b      	ldr	r3, [r5, #0]
10001a92:	f856 8023 	ldr.w	r8, [r6, r3, lsl #2]
10001a96:	f7fe ffb3 	bl	10000a00 <vClearInterruptMask>
10001a9a:	f8c8 700c 	str.w	r7, [r8, #12]
10001a9e:	f7fe ffa3 	bl	100009e8 <ulSetInterruptMask>
10001aa2:	682b      	ldr	r3, [r5, #0]
10001aa4:	f856 8023 	ldr.w	r8, [r6, r3, lsl #2]
10001aa8:	f7fe ffaa 	bl	10000a00 <vClearInterruptMask>
10001aac:	68bb      	ldr	r3, [r7, #8]
10001aae:	f8c8 3010 	str.w	r3, [r8, #16]
10001ab2:	f7fe ff99 	bl	100009e8 <ulSetInterruptMask>
10001ab6:	682b      	ldr	r3, [r5, #0]
10001ab8:	f856 8023 	ldr.w	r8, [r6, r3, lsl #2]
10001abc:	f7fe ffa0 	bl	10000a00 <vClearInterruptMask>
10001ac0:	68ba      	ldr	r2, [r7, #8]
10001ac2:	f108 0308 	add.w	r3, r8, #8
10001ac6:	6053      	str	r3, [r2, #4]
10001ac8:	f7fe ff8e 	bl	100009e8 <ulSetInterruptMask>
10001acc:	682b      	ldr	r3, [r5, #0]
10001ace:	f856 8023 	ldr.w	r8, [r6, r3, lsl #2]
10001ad2:	f7fe ff95 	bl	10000a00 <vClearInterruptMask>
10001ad6:	f108 0308 	add.w	r3, r8, #8
10001ada:	60bb      	str	r3, [r7, #8]
10001adc:	f7fe ff84 	bl	100009e8 <ulSetInterruptMask>
10001ae0:	682b      	ldr	r3, [r5, #0]
10001ae2:	f856 5023 	ldr.w	r5, [r6, r3, lsl #2]
10001ae6:	f7fe ff8b 	bl	10000a00 <vClearInterruptMask>
10001aea:	6823      	ldr	r3, [r4, #0]
10001aec:	61ac      	str	r4, [r5, #24]
10001aee:	3301      	adds	r3, #1
10001af0:	6023      	str	r3, [r4, #0]
10001af2:	e8bd 8ff8 	ldmia.w	sp!, {r3, r4, r5, r6, r7, r8, r9, sl, fp, pc}
10001af6:	bf00      	nop
10001af8:	200008a0 	.word	0x200008a0
10001afc:	200008a8 	.word	0x200008a8
10001b00:	20020c28 	.word	0x20020c28
10001b04:	20000894 	.word	0x20000894
10001b08:	20020bcc 	.word	0x20020bcc
10001b0c:	20020c00 	.word	0x20020c00

10001b10 <vTaskSuspendAll>:
10001b10:	4b02      	ldr	r3, [pc, #8]	@ (10001b1c <vTaskSuspendAll+0xc>)
10001b12:	681b      	ldr	r3, [r3, #0]
10001b14:	b903      	cbnz	r3, 10001b18 <vTaskSuspendAll+0x8>
10001b16:	4770      	bx	lr
10001b18:	f7ff be04 	b.w	10001724 <vTaskSuspendAll.part.0>
10001b1c:	20020bf4 	.word	0x20020bf4

10001b20 <xTaskGetTickCount>:
10001b20:	4b01      	ldr	r3, [pc, #4]	@ (10001b28 <xTaskGetTickCount+0x8>)
10001b22:	6818      	ldr	r0, [r3, #0]
10001b24:	4770      	bx	lr
10001b26:	bf00      	nop
10001b28:	20020c28 	.word	0x20020c28

10001b2c <uxTaskGetNumberOfTasks>:
10001b2c:	4b01      	ldr	r3, [pc, #4]	@ (10001b34 <uxTaskGetNumberOfTasks+0x8>)
10001b2e:	6818      	ldr	r0, [r3, #0]
10001b30:	4770      	bx	lr
10001b32:	bf00      	nop
10001b34:	20020b50 	.word	0x20020b50

10001b38 <xTaskIncrementTick>:
10001b38:	4b8e      	ldr	r3, [pc, #568]	@ (10001d74 <xTaskIncrementTick+0x23c>)
10001b3a:	e92d 47f0 	stmdb	sp!, {r4, r5, r6, r7, r8, r9, sl, lr}
10001b3e:	681b      	ldr	r3, [r3, #0]
10001b40:	2b00      	cmp	r3, #0
10001b42:	d149      	bne.n	10001bd8 <xTaskIncrementTick+0xa0>
10001b44:	4b8c      	ldr	r3, [pc, #560]	@ (10001d78 <xTaskIncrementTick+0x240>)
10001b46:	681d      	ldr	r5, [r3, #0]
10001b48:	3501      	adds	r5, #1
10001b4a:	601d      	str	r5, [r3, #0]
10001b4c:	2d00      	cmp	r5, #0
10001b4e:	d04b      	beq.n	10001be8 <xTaskIncrementTick+0xb0>
10001b50:	f8df 8248 	ldr.w	r8, [pc, #584]	@ 10001d9c <xTaskIncrementTick+0x264>
10001b54:	f8d8 3000 	ldr.w	r3, [r8]
10001b58:	42ab      	cmp	r3, r5
10001b5a:	d95e      	bls.n	10001c1a <xTaskIncrementTick+0xe2>
10001b5c:	4c87      	ldr	r4, [pc, #540]	@ (10001d7c <xTaskIncrementTick+0x244>)
10001b5e:	4d88      	ldr	r5, [pc, #544]	@ (10001d80 <xTaskIncrementTick+0x248>)
10001b60:	682b      	ldr	r3, [r5, #0]
10001b62:	6b1b      	ldr	r3, [r3, #48]	@ 0x30
10001b64:	eb03 0383 	add.w	r3, r3, r3, lsl #2
10001b68:	f854 3023 	ldr.w	r3, [r4, r3, lsl #2]
10001b6c:	2b01      	cmp	r3, #1
10001b6e:	f240 80b3 	bls.w	10001cd8 <xTaskIncrementTick+0x1a0>
10001b72:	686b      	ldr	r3, [r5, #4]
10001b74:	6b1b      	ldr	r3, [r3, #48]	@ 0x30
10001b76:	eb03 0383 	add.w	r3, r3, r3, lsl #2
10001b7a:	f854 3023 	ldr.w	r3, [r4, r3, lsl #2]
10001b7e:	2b01      	cmp	r3, #1
10001b80:	f240 80cf 	bls.w	10001d22 <xTaskIncrementTick+0x1ea>
10001b84:	f04f 4350 	mov.w	r3, #3489660928	@ 0xd0000000
10001b88:	681c      	ldr	r4, [r3, #0]
10001b8a:	2c00      	cmp	r4, #0
10001b8c:	f000 80ed 	beq.w	10001d6a <xTaskIncrementTick+0x232>
10001b90:	2601      	movs	r6, #1
10001b92:	682b      	ldr	r3, [r5, #0]
10001b94:	6b9b      	ldr	r3, [r3, #56]	@ 0x38
10001b96:	3302      	adds	r3, #2
10001b98:	d006      	beq.n	10001ba8 <xTaskIncrementTick+0x70>
10001b9a:	2000      	movs	r0, #0
10001b9c:	f7fe feee 	bl	1000097c <vYieldCore>
10001ba0:	f06f 0201 	mvn.w	r2, #1
10001ba4:	682b      	ldr	r3, [r5, #0]
10001ba6:	639a      	str	r2, [r3, #56]	@ 0x38
10001ba8:	2e00      	cmp	r6, #0
10001baa:	f000 80ce 	beq.w	10001d4a <xTaskIncrementTick+0x212>
10001bae:	2c01      	cmp	r4, #1
10001bb0:	d017      	beq.n	10001be2 <xTaskIncrementTick+0xaa>
10001bb2:	f04f 4350 	mov.w	r3, #3489660928	@ 0xd0000000
10001bb6:	681b      	ldr	r3, [r3, #0]
10001bb8:	2b01      	cmp	r3, #1
10001bba:	f000 80ce 	beq.w	10001d5a <xTaskIncrementTick+0x222>
10001bbe:	2400      	movs	r4, #0
10001bc0:	686b      	ldr	r3, [r5, #4]
10001bc2:	6b9b      	ldr	r3, [r3, #56]	@ 0x38
10001bc4:	3302      	adds	r3, #2
10001bc6:	d00c      	beq.n	10001be2 <xTaskIncrementTick+0xaa>
10001bc8:	2001      	movs	r0, #1
10001bca:	f7fe fed7 	bl	1000097c <vYieldCore>
10001bce:	f06f 0201 	mvn.w	r2, #1
10001bd2:	686b      	ldr	r3, [r5, #4]
10001bd4:	639a      	str	r2, [r3, #56]	@ 0x38
10001bd6:	e004      	b.n	10001be2 <xTaskIncrementTick+0xaa>
10001bd8:	2400      	movs	r4, #0
10001bda:	4a6a      	ldr	r2, [pc, #424]	@ (10001d84 <xTaskIncrementTick+0x24c>)
10001bdc:	6813      	ldr	r3, [r2, #0]
10001bde:	3301      	adds	r3, #1
10001be0:	6013      	str	r3, [r2, #0]
10001be2:	4620      	mov	r0, r4
10001be4:	e8bd 87f0 	ldmia.w	sp!, {r4, r5, r6, r7, r8, r9, sl, pc}
10001be8:	4b67      	ldr	r3, [pc, #412]	@ (10001d88 <xTaskIncrementTick+0x250>)
10001bea:	4a68      	ldr	r2, [pc, #416]	@ (10001d8c <xTaskIncrementTick+0x254>)
10001bec:	6818      	ldr	r0, [r3, #0]
10001bee:	6811      	ldr	r1, [r2, #0]
10001bf0:	6019      	str	r1, [r3, #0]
10001bf2:	4967      	ldr	r1, [pc, #412]	@ (10001d90 <xTaskIncrementTick+0x258>)
10001bf4:	6010      	str	r0, [r2, #0]
10001bf6:	680a      	ldr	r2, [r1, #0]
10001bf8:	3201      	adds	r2, #1
10001bfa:	600a      	str	r2, [r1, #0]
10001bfc:	681a      	ldr	r2, [r3, #0]
10001bfe:	6812      	ldr	r2, [r2, #0]
10001c00:	2a00      	cmp	r2, #0
10001c02:	f040 8086 	bne.w	10001d12 <xTaskIncrementTick+0x1da>
10001c06:	f04f 33ff 	mov.w	r3, #4294967295	@ 0xffffffff
10001c0a:	f8df 8190 	ldr.w	r8, [pc, #400]	@ 10001d9c <xTaskIncrementTick+0x264>
10001c0e:	f8c8 3000 	str.w	r3, [r8]
10001c12:	f8d8 3000 	ldr.w	r3, [r8]
10001c16:	42ab      	cmp	r3, r5
10001c18:	d8a0      	bhi.n	10001b5c <xTaskIncrementTick+0x24>
10001c1a:	f8df 916c 	ldr.w	r9, [pc, #364]	@ 10001d88 <xTaskIncrementTick+0x250>
10001c1e:	f8d9 3000 	ldr.w	r3, [r9]
10001c22:	681b      	ldr	r3, [r3, #0]
10001c24:	2b00      	cmp	r3, #0
10001c26:	f000 8092 	beq.w	10001d4e <xTaskIncrementTick+0x216>
10001c2a:	2600      	movs	r6, #0
10001c2c:	4c53      	ldr	r4, [pc, #332]	@ (10001d7c <xTaskIncrementTick+0x244>)
10001c2e:	4f59      	ldr	r7, [pc, #356]	@ (10001d94 <xTaskIncrementTick+0x25c>)
10001c30:	e044      	b.n	10001cbc <xTaskIncrementTick+0x184>
10001c32:	6999      	ldr	r1, [r3, #24]
10001c34:	e9d3 2a03 	ldrd	r2, sl, [r3, #12]
10001c38:	f8c2 a008 	str.w	sl, [r2, #8]
10001c3c:	f8ca 2004 	str.w	r2, [sl, #4]
10001c40:	684a      	ldr	r2, [r1, #4]
10001c42:	4618      	mov	r0, r3
10001c44:	4562      	cmp	r2, ip
10001c46:	680a      	ldr	r2, [r1, #0]
10001c48:	bf08      	it	eq
10001c4a:	f8c1 a004 	streq.w	sl, [r1, #4]
10001c4e:	3a01      	subs	r2, #1
10001c50:	619e      	str	r6, [r3, #24]
10001c52:	600a      	str	r2, [r1, #0]
10001c54:	6ad9      	ldr	r1, [r3, #44]	@ 0x2c
10001c56:	b171      	cbz	r1, 10001c76 <xTaskIncrementTick+0x13e>
10001c58:	e9d3 2a08 	ldrd	r2, sl, [r3, #32]
10001c5c:	f8c2 a008 	str.w	sl, [r2, #8]
10001c60:	f8ca 2004 	str.w	r2, [sl, #4]
10001c64:	684a      	ldr	r2, [r1, #4]
10001c66:	4572      	cmp	r2, lr
10001c68:	680a      	ldr	r2, [r1, #0]
10001c6a:	bf08      	it	eq
10001c6c:	f8c1 a004 	streq.w	sl, [r1, #4]
10001c70:	3a01      	subs	r2, #1
10001c72:	62de      	str	r6, [r3, #44]	@ 0x2c
10001c74:	600a      	str	r2, [r1, #0]
10001c76:	6b1a      	ldr	r2, [r3, #48]	@ 0x30
10001c78:	f8d7 e000 	ldr.w	lr, [r7]
10001c7c:	eb02 0182 	add.w	r1, r2, r2, lsl #2
10001c80:	4572      	cmp	r2, lr
10001c82:	eb04 0e81 	add.w	lr, r4, r1, lsl #2
10001c86:	bf88      	it	hi
10001c88:	603a      	strhi	r2, [r7, #0]
10001c8a:	f8de 2004 	ldr.w	r2, [lr, #4]
10001c8e:	f8d2 a008 	ldr.w	sl, [r2, #8]
10001c92:	60da      	str	r2, [r3, #12]
10001c94:	f8c3 a010 	str.w	sl, [r3, #16]
10001c98:	f8ca c004 	str.w	ip, [sl, #4]
10001c9c:	f8c2 c008 	str.w	ip, [r2, #8]
10001ca0:	f854 2021 	ldr.w	r2, [r4, r1, lsl #2]
10001ca4:	f8c3 e018 	str.w	lr, [r3, #24]
10001ca8:	3201      	adds	r2, #1
10001caa:	f844 2021 	str.w	r2, [r4, r1, lsl #2]
10001cae:	f7ff fb41 	bl	10001334 <prvYieldForTask>
10001cb2:	f8d9 3000 	ldr.w	r3, [r9]
10001cb6:	681b      	ldr	r3, [r3, #0]
10001cb8:	2b00      	cmp	r3, #0
10001cba:	d049      	beq.n	10001d50 <xTaskIncrementTick+0x218>
10001cbc:	f8d9 3000 	ldr.w	r3, [r9]
10001cc0:	68db      	ldr	r3, [r3, #12]
10001cc2:	68db      	ldr	r3, [r3, #12]
10001cc4:	689a      	ldr	r2, [r3, #8]
10001cc6:	f103 0c08 	add.w	ip, r3, #8
10001cca:	4295      	cmp	r5, r2
10001ccc:	f103 0e1c 	add.w	lr, r3, #28
10001cd0:	d2af      	bcs.n	10001c32 <xTaskIncrementTick+0xfa>
10001cd2:	f8c8 2000 	str.w	r2, [r8]
10001cd6:	e742      	b.n	10001b5e <xTaskIncrementTick+0x26>
10001cd8:	686b      	ldr	r3, [r5, #4]
10001cda:	6b1b      	ldr	r3, [r3, #48]	@ 0x30
10001cdc:	eb03 0383 	add.w	r3, r3, r3, lsl #2
10001ce0:	f854 3023 	ldr.w	r3, [r4, r3, lsl #2]
10001ce4:	2b01      	cmp	r3, #1
10001ce6:	d924      	bls.n	10001d32 <xTaskIncrementTick+0x1fa>
10001ce8:	f04f 4250 	mov.w	r2, #3489660928	@ 0xd0000000
10001cec:	4b2a      	ldr	r3, [pc, #168]	@ (10001d98 <xTaskIncrementTick+0x260>)
10001cee:	6814      	ldr	r4, [r2, #0]
10001cf0:	681b      	ldr	r3, [r3, #0]
10001cf2:	2b00      	cmp	r3, #0
10001cf4:	f43f af5b 	beq.w	10001bae <xTaskIncrementTick+0x76>
10001cf8:	2601      	movs	r6, #1
10001cfa:	2c00      	cmp	r4, #0
10001cfc:	f47f af49 	bne.w	10001b92 <xTaskIncrementTick+0x5a>
10001d00:	2e00      	cmp	r6, #0
10001d02:	d134      	bne.n	10001d6e <xTaskIncrementTick+0x236>
10001d04:	4b24      	ldr	r3, [pc, #144]	@ (10001d98 <xTaskIncrementTick+0x260>)
10001d06:	2401      	movs	r4, #1
10001d08:	685b      	ldr	r3, [r3, #4]
10001d0a:	2b00      	cmp	r3, #0
10001d0c:	f47f af58 	bne.w	10001bc0 <xTaskIncrementTick+0x88>
10001d10:	e767      	b.n	10001be2 <xTaskIncrementTick+0xaa>
10001d12:	681b      	ldr	r3, [r3, #0]
10001d14:	f8df 8084 	ldr.w	r8, [pc, #132]	@ 10001d9c <xTaskIncrementTick+0x264>
10001d18:	68db      	ldr	r3, [r3, #12]
10001d1a:	681b      	ldr	r3, [r3, #0]
10001d1c:	f8c8 3000 	str.w	r3, [r8]
10001d20:	e718      	b.n	10001b54 <xTaskIncrementTick+0x1c>
10001d22:	f04f 4350 	mov.w	r3, #3489660928	@ 0xd0000000
10001d26:	681c      	ldr	r4, [r3, #0]
10001d28:	2600      	movs	r6, #0
10001d2a:	2c00      	cmp	r4, #0
10001d2c:	f47f af31 	bne.w	10001b92 <xTaskIncrementTick+0x5a>
10001d30:	e7e6      	b.n	10001d00 <xTaskIncrementTick+0x1c8>
10001d32:	f04f 4150 	mov.w	r1, #3489660928	@ 0xd0000000
10001d36:	4b18      	ldr	r3, [pc, #96]	@ (10001d98 <xTaskIncrementTick+0x260>)
10001d38:	680c      	ldr	r4, [r1, #0]
10001d3a:	681a      	ldr	r2, [r3, #0]
10001d3c:	b982      	cbnz	r2, 10001d60 <xTaskIncrementTick+0x228>
10001d3e:	685b      	ldr	r3, [r3, #4]
10001d40:	2b00      	cmp	r3, #0
10001d42:	f47f af34 	bne.w	10001bae <xTaskIncrementTick+0x76>
10001d46:	2400      	movs	r4, #0
10001d48:	e74b      	b.n	10001be2 <xTaskIncrementTick+0xaa>
10001d4a:	4b13      	ldr	r3, [pc, #76]	@ (10001d98 <xTaskIncrementTick+0x260>)
10001d4c:	e7f7      	b.n	10001d3e <xTaskIncrementTick+0x206>
10001d4e:	4c0b      	ldr	r4, [pc, #44]	@ (10001d7c <xTaskIncrementTick+0x244>)
10001d50:	f04f 33ff 	mov.w	r3, #4294967295	@ 0xffffffff
10001d54:	f8c8 3000 	str.w	r3, [r8]
10001d58:	e701      	b.n	10001b5e <xTaskIncrementTick+0x26>
10001d5a:	4a0f      	ldr	r2, [pc, #60]	@ (10001d98 <xTaskIncrementTick+0x260>)
10001d5c:	6053      	str	r3, [r2, #4]
10001d5e:	e7f2      	b.n	10001d46 <xTaskIncrementTick+0x20e>
10001d60:	2600      	movs	r6, #0
10001d62:	2c00      	cmp	r4, #0
10001d64:	f47f af15 	bne.w	10001b92 <xTaskIncrementTick+0x5a>
10001d68:	e7ca      	b.n	10001d00 <xTaskIncrementTick+0x1c8>
10001d6a:	2401      	movs	r4, #1
10001d6c:	e728      	b.n	10001bc0 <xTaskIncrementTick+0x88>
10001d6e:	4634      	mov	r4, r6
10001d70:	e726      	b.n	10001bc0 <xTaskIncrementTick+0x88>
10001d72:	bf00      	nop
10001d74:	20020b58 	.word	0x20020b58
10001d78:	20020c28 	.word	0x20020c28
10001d7c:	200008b0 	.word	0x200008b0
10001d80:	20000894 	.word	0x20000894
10001d84:	20020bdc 	.word	0x20020bdc
10001d88:	200008a0 	.word	0x200008a0
10001d8c:	200008a8 	.word	0x200008a8
10001d90:	20020bd0 	.word	0x20020bd0
10001d94:	20020b60 	.word	0x20020b60
10001d98:	20020c34 	.word	0x20020c34
10001d9c:	20020bcc 	.word	0x20020bcc

10001da0 <vTaskSwitchContext>:
10001da0:	f04f 4350 	mov.w	r3, #3489660928	@ 0xd0000000
10001da4:	e92d 4ff0 	stmdb	sp!, {r4, r5, r6, r7, r8, r9, sl, fp, lr}
10001da8:	681b      	ldr	r3, [r3, #0]
10001daa:	4604      	mov	r4, r0
10001dac:	f8df 8218 	ldr.w	r8, [pc, #536]	@ 10001fc8 <vTaskSwitchContext+0x228>
10001db0:	b083      	sub	sp, #12
10001db2:	e8d8 2fcf 	ldaexb	r2, [r8]
10001db6:	2101      	movs	r1, #1
10001db8:	2a00      	cmp	r2, #0
10001dba:	d101      	bne.n	10001dc0 <vTaskSwitchContext+0x20>
10001dbc:	e8c8 1f42 	strexb	r2, r1, [r8]
10001dc0:	f3bf 8f5f 	dmb	sy
10001dc4:	2a00      	cmp	r2, #0
10001dc6:	d14d      	bne.n	10001e64 <vTaskSwitchContext+0xc4>
10001dc8:	4a7a      	ldr	r2, [pc, #488]	@ (10001fb4 <vTaskSwitchContext+0x214>)
10001dca:	0059      	lsls	r1, r3, #1
10001dcc:	2301      	movs	r3, #1
10001dce:	4f7a      	ldr	r7, [pc, #488]	@ (10001fb8 <vTaskSwitchContext+0x218>)
10001dd0:	4411      	add	r1, r2
10001dd2:	707b      	strb	r3, [r7, #1]
10001dd4:	704b      	strb	r3, [r1, #1]
10001dd6:	f04f 4350 	mov.w	r3, #3489660928	@ 0xd0000000
10001dda:	f8df 91f0 	ldr.w	r9, [pc, #496]	@ 10001fcc <vTaskSwitchContext+0x22c>
10001dde:	6819      	ldr	r1, [r3, #0]
10001de0:	e8d9 3fcf 	ldaexb	r3, [r9]
10001de4:	2001      	movs	r0, #1
10001de6:	2b00      	cmp	r3, #0
10001de8:	d101      	bne.n	10001dee <vTaskSwitchContext+0x4e>
10001dea:	e8c9 0f43 	strexb	r3, r0, [r9]
10001dee:	f3bf 8f5f 	dmb	sy
10001df2:	b17b      	cbz	r3, 10001e14 <vTaskSwitchContext+0x74>
10001df4:	f812 3011 	ldrb.w	r3, [r2, r1, lsl #1]
10001df8:	2b00      	cmp	r3, #0
10001dfa:	f040 80ba 	bne.w	10001f72 <vTaskSwitchContext+0x1d2>
10001dfe:	e8d9 0fcf 	ldaexb	r0, [r9]
10001e02:	2301      	movs	r3, #1
10001e04:	2800      	cmp	r0, #0
10001e06:	d1fa      	bne.n	10001dfe <vTaskSwitchContext+0x5e>
10001e08:	e8c9 3f40 	strexb	r0, r3, [r9]
10001e0c:	2800      	cmp	r0, #0
10001e0e:	d1f6      	bne.n	10001dfe <vTaskSwitchContext+0x5e>
10001e10:	f3bf 8f5f 	dmb	sy
10001e14:	2301      	movs	r3, #1
10001e16:	703b      	strb	r3, [r7, #0]
10001e18:	f802 3011 	strb.w	r3, [r2, r1, lsl #1]
10001e1c:	4b67      	ldr	r3, [pc, #412]	@ (10001fbc <vTaskSwitchContext+0x21c>)
10001e1e:	681b      	ldr	r3, [r3, #0]
10001e20:	2b00      	cmp	r3, #0
10001e22:	d033      	beq.n	10001e8c <vTaskSwitchContext+0xec>
10001e24:	2001      	movs	r0, #1
10001e26:	f04f 4350 	mov.w	r3, #3489660928	@ 0xd0000000
10001e2a:	4965      	ldr	r1, [pc, #404]	@ (10001fc0 <vTaskSwitchContext+0x220>)
10001e2c:	f841 0024 	str.w	r0, [r1, r4, lsl #2]
10001e30:	6819      	ldr	r1, [r3, #0]
10001e32:	783b      	ldrb	r3, [r7, #0]
10001e34:	3b01      	subs	r3, #1
10001e36:	b2db      	uxtb	r3, r3
10001e38:	703b      	strb	r3, [r7, #0]
10001e3a:	b91b      	cbnz	r3, 10001e44 <vTaskSwitchContext+0xa4>
10001e3c:	f802 3011 	strb.w	r3, [r2, r1, lsl #1]
10001e40:	e8c9 3f8f 	stlb	r3, [r9]
10001e44:	f04f 4150 	mov.w	r1, #3489660928	@ 0xd0000000
10001e48:	787b      	ldrb	r3, [r7, #1]
10001e4a:	6809      	ldr	r1, [r1, #0]
10001e4c:	3b01      	subs	r3, #1
10001e4e:	b2db      	uxtb	r3, r3
10001e50:	707b      	strb	r3, [r7, #1]
10001e52:	b923      	cbnz	r3, 10001e5e <vTaskSwitchContext+0xbe>
10001e54:	eb02 0241 	add.w	r2, r2, r1, lsl #1
10001e58:	7053      	strb	r3, [r2, #1]
10001e5a:	e8c8 3f8f 	stlb	r3, [r8]
10001e5e:	b003      	add	sp, #12
10001e60:	e8bd 8ff0 	ldmia.w	sp!, {r4, r5, r6, r7, r8, r9, sl, fp, pc}
10001e64:	4a53      	ldr	r2, [pc, #332]	@ (10001fb4 <vTaskSwitchContext+0x214>)
10001e66:	0059      	lsls	r1, r3, #1
10001e68:	eb02 0343 	add.w	r3, r2, r3, lsl #1
10001e6c:	785b      	ldrb	r3, [r3, #1]
10001e6e:	2b00      	cmp	r3, #0
10001e70:	f040 8084 	bne.w	10001f7c <vTaskSwitchContext+0x1dc>
10001e74:	e8d8 0fcf 	ldaexb	r0, [r8]
10001e78:	2301      	movs	r3, #1
10001e7a:	2800      	cmp	r0, #0
10001e7c:	d1fa      	bne.n	10001e74 <vTaskSwitchContext+0xd4>
10001e7e:	e8c8 3f40 	strexb	r0, r3, [r8]
10001e82:	2800      	cmp	r0, #0
10001e84:	d1f6      	bne.n	10001e74 <vTaskSwitchContext+0xd4>
10001e86:	f3bf 8f5f 	dmb	sy
10001e8a:	e79f      	b.n	10001dcc <vTaskSwitchContext+0x2c>
10001e8c:	494c      	ldr	r1, [pc, #304]	@ (10001fc0 <vTaskSwitchContext+0x220>)
10001e8e:	4d4d      	ldr	r5, [pc, #308]	@ (10001fc4 <vTaskSwitchContext+0x224>)
10001e90:	f8df a13c 	ldr.w	sl, [pc, #316]	@ 10001fd0 <vTaskSwitchContext+0x230>
10001e94:	f841 3024 	str.w	r3, [r1, r4, lsl #2]
10001e98:	f8da 6000 	ldr.w	r6, [sl]
10001e9c:	f855 3024 	ldr.w	r3, [r5, r4, lsl #2]
10001ea0:	f8df b130 	ldr.w	fp, [pc, #304]	@ 10001fd4 <vTaskSwitchContext+0x234>
10001ea4:	6999      	ldr	r1, [r3, #24]
10001ea6:	f855 3024 	ldr.w	r3, [r5, r4, lsl #2]
10001eaa:	6b1b      	ldr	r3, [r3, #48]	@ 0x30
10001eac:	eb03 0383 	add.w	r3, r3, r3, lsl #2
10001eb0:	eb0b 0383 	add.w	r3, fp, r3, lsl #2
10001eb4:	4299      	cmp	r1, r3
10001eb6:	d067      	beq.n	10001f88 <vTaskSwitchContext+0x1e8>
10001eb8:	f04f 0c01 	mov.w	ip, #1
10001ebc:	eb06 0086 	add.w	r0, r6, r6, lsl #2
10001ec0:	eb0b 0080 	add.w	r0, fp, r0, lsl #2
10001ec4:	4661      	mov	r1, ip
10001ec6:	4696      	mov	lr, r2
10001ec8:	3008      	adds	r0, #8
10001eca:	fa0c fc04 	lsl.w	ip, ip, r4
10001ece:	e009      	b.n	10001ee4 <vTaskSwitchContext+0x144>
10001ed0:	b121      	cbz	r1, 10001edc <vTaskSwitchContext+0x13c>
10001ed2:	f8da 3000 	ldr.w	r3, [sl]
10001ed6:	3b01      	subs	r3, #1
10001ed8:	f8ca 3000 	str.w	r3, [sl]
10001edc:	3814      	subs	r0, #20
10001ede:	2e00      	cmp	r6, #0
10001ee0:	d042      	beq.n	10001f68 <vTaskSwitchContext+0x1c8>
10001ee2:	3e01      	subs	r6, #1
10001ee4:	f850 3c08 	ldr.w	r3, [r0, #-8]
10001ee8:	2b00      	cmp	r3, #0
10001eea:	d0f1      	beq.n	10001ed0 <vTaskSwitchContext+0x130>
10001eec:	6843      	ldr	r3, [r0, #4]
10001eee:	4283      	cmp	r3, r0
10001ef0:	d05e      	beq.n	10001fb0 <vTaskSwitchContext+0x210>
10001ef2:	9601      	str	r6, [sp, #4]
10001ef4:	e006      	b.n	10001f04 <vTaskSwitchContext+0x164>
10001ef6:	f855 1024 	ldr.w	r1, [r5, r4, lsl #2]
10001efa:	428a      	cmp	r2, r1
10001efc:	d025      	beq.n	10001f4a <vTaskSwitchContext+0x1aa>
10001efe:	685b      	ldr	r3, [r3, #4]
10001f00:	4283      	cmp	r3, r0
10001f02:	d02c      	beq.n	10001f5e <vTaskSwitchContext+0x1be>
10001f04:	68da      	ldr	r2, [r3, #12]
10001f06:	6b91      	ldr	r1, [r2, #56]	@ 0x38
10001f08:	1c4e      	adds	r6, r1, #1
10001f0a:	d1f4      	bne.n	10001ef6 <vTaskSwitchContext+0x156>
10001f0c:	6856      	ldr	r6, [r2, #4]
10001f0e:	ea1c 0f06 	tst.w	ip, r6
10001f12:	d0f4      	beq.n	10001efe <vTaskSwitchContext+0x15e>
10001f14:	4673      	mov	r3, lr
10001f16:	4696      	mov	lr, r2
10001f18:	461a      	mov	r2, r3
10001f1a:	f855 3024 	ldr.w	r3, [r5, r4, lsl #2]
10001f1e:	6399      	str	r1, [r3, #56]	@ 0x38
10001f20:	f855 0024 	ldr.w	r0, [r5, r4, lsl #2]
10001f24:	f8ce 4038 	str.w	r4, [lr, #56]	@ 0x38
10001f28:	f845 e024 	str.w	lr, [r5, r4, lsl #2]
10001f2c:	b138      	cbz	r0, 10001f3e <vTaskSwitchContext+0x19e>
10001f2e:	6b06      	ldr	r6, [r0, #48]	@ 0x30
10001f30:	6983      	ldr	r3, [r0, #24]
10001f32:	eb06 0c86 	add.w	ip, r6, r6, lsl #2
10001f36:	eb0b 0b8c 	add.w	fp, fp, ip, lsl #2
10001f3a:	455b      	cmp	r3, fp
10001f3c:	d04c      	beq.n	10001fd8 <vTaskSwitchContext+0x238>
10001f3e:	f04f 4350 	mov.w	r3, #3489660928	@ 0xd0000000
10001f42:	6819      	ldr	r1, [r3, #0]
10001f44:	f855 3021 	ldr.w	r3, [r5, r1, lsl #2]
10001f48:	e773      	b.n	10001e32 <vTaskSwitchContext+0x92>
10001f4a:	6851      	ldr	r1, [r2, #4]
10001f4c:	ea1c 0f01 	tst.w	ip, r1
10001f50:	d0d5      	beq.n	10001efe <vTaskSwitchContext+0x15e>
10001f52:	4673      	mov	r3, lr
10001f54:	4696      	mov	lr, r2
10001f56:	461a      	mov	r2, r3
10001f58:	f8ce 4038 	str.w	r4, [lr, #56]	@ 0x38
10001f5c:	e7ef      	b.n	10001f3e <vTaskSwitchContext+0x19e>
10001f5e:	9e01      	ldr	r6, [sp, #4]
10001f60:	2100      	movs	r1, #0
10001f62:	3814      	subs	r0, #20
10001f64:	2e00      	cmp	r6, #0
10001f66:	d1bc      	bne.n	10001ee2 <vTaskSwitchContext+0x142>
10001f68:	f04f 4350 	mov.w	r3, #3489660928	@ 0xd0000000
10001f6c:	4672      	mov	r2, lr
10001f6e:	6819      	ldr	r1, [r3, #0]
10001f70:	e7e8      	b.n	10001f44 <vTaskSwitchContext+0x1a4>
10001f72:	783b      	ldrb	r3, [r7, #0]
10001f74:	3301      	adds	r3, #1
10001f76:	b2db      	uxtb	r3, r3
10001f78:	703b      	strb	r3, [r7, #0]
10001f7a:	e74f      	b.n	10001e1c <vTaskSwitchContext+0x7c>
10001f7c:	4f0e      	ldr	r7, [pc, #56]	@ (10001fb8 <vTaskSwitchContext+0x218>)
10001f7e:	787b      	ldrb	r3, [r7, #1]
10001f80:	3301      	adds	r3, #1
10001f82:	b2db      	uxtb	r3, r3
10001f84:	707b      	strb	r3, [r7, #1]
10001f86:	e726      	b.n	10001dd6 <vTaskSwitchContext+0x36>
10001f88:	f855 0024 	ldr.w	r0, [r5, r4, lsl #2]
10001f8c:	9201      	str	r2, [sp, #4]
10001f8e:	3008      	adds	r0, #8
10001f90:	f7fe fea8 	bl	10000ce4 <uxListRemove>
10001f94:	f855 3024 	ldr.w	r3, [r5, r4, lsl #2]
10001f98:	f855 1024 	ldr.w	r1, [r5, r4, lsl #2]
10001f9c:	6b18      	ldr	r0, [r3, #48]	@ 0x30
10001f9e:	3108      	adds	r1, #8
10001fa0:	eb00 0080 	add.w	r0, r0, r0, lsl #2
10001fa4:	eb0b 0080 	add.w	r0, fp, r0, lsl #2
10001fa8:	f7fe fe76 	bl	10000c98 <vListInsertEnd>
10001fac:	9a01      	ldr	r2, [sp, #4]
10001fae:	e783      	b.n	10001eb8 <vTaskSwitchContext+0x118>
10001fb0:	2100      	movs	r1, #0
10001fb2:	e793      	b.n	10001edc <vTaskSwitchContext+0x13c>
10001fb4:	20020b3c 	.word	0x20020b3c
10001fb8:	20020b40 	.word	0x20020b40
10001fbc:	20020b58 	.word	0x20020b58
10001fc0:	20020c34 	.word	0x20020c34
10001fc4:	20000894 	.word	0x20000894
10001fc8:	2000081b 	.word	0x2000081b
10001fcc:	2000081a 	.word	0x2000081a
10001fd0:	20020b60 	.word	0x20020b60
10001fd4:	200008b0 	.word	0x200008b0
10001fd8:	f8d0 c03c 	ldr.w	ip, [r0, #60]	@ 0x3c
10001fdc:	6843      	ldr	r3, [r0, #4]
10001fde:	f01c 0f01 	tst.w	ip, #1
10001fe2:	fa23 f004 	lsr.w	r0, r3, r4
10001fe6:	bf18      	it	ne
10001fe8:	f106 36ff 	addne.w	r6, r6, #4294967295	@ 0xffffffff
10001fec:	07c0      	lsls	r0, r0, #31
10001fee:	d504      	bpl.n	10001ffa <vTaskSwitchContext+0x25a>
10001ff0:	f855 0024 	ldr.w	r0, [r5, r4, lsl #2]
10001ff4:	6840      	ldr	r0, [r0, #4]
10001ff6:	ea23 0300 	bic.w	r3, r3, r0
10001ffa:	079c      	lsls	r4, r3, #30
10001ffc:	f003 0003 	and.w	r0, r3, #3
10002000:	d54a      	bpl.n	10002098 <vTaskSwitchContext+0x2f8>
10002002:	6868      	ldr	r0, [r5, #4]
10002004:	686c      	ldr	r4, [r5, #4]
10002006:	6b00      	ldr	r0, [r0, #48]	@ 0x30
10002008:	6be4      	ldr	r4, [r4, #60]	@ 0x3c
1000200a:	07e4      	lsls	r4, r4, #31
1000200c:	d500      	bpl.n	10002010 <vTaskSwitchContext+0x270>
1000200e:	3801      	subs	r0, #1
10002010:	42b0      	cmp	r0, r6
10002012:	f003 0301 	and.w	r3, r3, #1
10002016:	da07      	bge.n	10002028 <vTaskSwitchContext+0x288>
10002018:	686c      	ldr	r4, [r5, #4]
1000201a:	6ba4      	ldr	r4, [r4, #56]	@ 0x38
1000201c:	2c00      	cmp	r4, #0
1000201e:	db03      	blt.n	10002028 <vTaskSwitchContext+0x288>
10002020:	686c      	ldr	r4, [r5, #4]
10002022:	6ba4      	ldr	r4, [r4, #56]	@ 0x38
10002024:	2c01      	cmp	r4, #1
10002026:	dd2e      	ble.n	10002086 <vTaskSwitchContext+0x2e6>
10002028:	2b00      	cmp	r3, #0
1000202a:	d088      	beq.n	10001f3e <vTaskSwitchContext+0x19e>
1000202c:	682b      	ldr	r3, [r5, #0]
1000202e:	6828      	ldr	r0, [r5, #0]
10002030:	6b1b      	ldr	r3, [r3, #48]	@ 0x30
10002032:	6bc0      	ldr	r0, [r0, #60]	@ 0x3c
10002034:	07c0      	lsls	r0, r0, #31
10002036:	bf48      	it	mi
10002038:	f103 33ff 	addmi.w	r3, r3, #4294967295	@ 0xffffffff
1000203c:	42b3      	cmp	r3, r6
1000203e:	da07      	bge.n	10002050 <vTaskSwitchContext+0x2b0>
10002040:	682b      	ldr	r3, [r5, #0]
10002042:	6b9b      	ldr	r3, [r3, #56]	@ 0x38
10002044:	2b00      	cmp	r3, #0
10002046:	db03      	blt.n	10002050 <vTaskSwitchContext+0x2b0>
10002048:	682b      	ldr	r3, [r5, #0]
1000204a:	6b9b      	ldr	r3, [r3, #56]	@ 0x38
1000204c:	2b01      	cmp	r3, #1
1000204e:	dd2c      	ble.n	100020aa <vTaskSwitchContext+0x30a>
10002050:	3101      	adds	r1, #1
10002052:	f43f af74 	beq.w	10001f3e <vTaskSwitchContext+0x19e>
10002056:	2401      	movs	r4, #1
10002058:	f04f 4650 	mov.w	r6, #3489660928	@ 0xd0000000
1000205c:	6831      	ldr	r1, [r6, #0]
1000205e:	42a1      	cmp	r1, r4
10002060:	d01d      	beq.n	1000209e <vTaskSwitchContext+0x2fe>
10002062:	f855 3024 	ldr.w	r3, [r5, r4, lsl #2]
10002066:	6b9b      	ldr	r3, [r3, #56]	@ 0x38
10002068:	3302      	adds	r3, #2
1000206a:	f43f af6b 	beq.w	10001f44 <vTaskSwitchContext+0x1a4>
1000206e:	4620      	mov	r0, r4
10002070:	9201      	str	r2, [sp, #4]
10002072:	f7fe fc83 	bl	1000097c <vYieldCore>
10002076:	f06f 0101 	mvn.w	r1, #1
1000207a:	f855 3024 	ldr.w	r3, [r5, r4, lsl #2]
1000207e:	9a01      	ldr	r2, [sp, #4]
10002080:	6399      	str	r1, [r3, #56]	@ 0x38
10002082:	6831      	ldr	r1, [r6, #0]
10002084:	e75e      	b.n	10001f44 <vTaskSwitchContext+0x1a4>
10002086:	4c0b      	ldr	r4, [pc, #44]	@ (100020b4 <vTaskSwitchContext+0x314>)
10002088:	6864      	ldr	r4, [r4, #4]
1000208a:	2c00      	cmp	r4, #0
1000208c:	d1cc      	bne.n	10002028 <vTaskSwitchContext+0x288>
1000208e:	2b00      	cmp	r3, #0
10002090:	d0e1      	beq.n	10002056 <vTaskSwitchContext+0x2b6>
10002092:	4606      	mov	r6, r0
10002094:	2101      	movs	r1, #1
10002096:	e7c9      	b.n	1000202c <vTaskSwitchContext+0x28c>
10002098:	2800      	cmp	r0, #0
1000209a:	d1c7      	bne.n	1000202c <vTaskSwitchContext+0x28c>
1000209c:	e74f      	b.n	10001f3e <vTaskSwitchContext+0x19e>
1000209e:	2301      	movs	r3, #1
100020a0:	4904      	ldr	r1, [pc, #16]	@ (100020b4 <vTaskSwitchContext+0x314>)
100020a2:	f841 3024 	str.w	r3, [r1, r4, lsl #2]
100020a6:	6831      	ldr	r1, [r6, #0]
100020a8:	e74c      	b.n	10001f44 <vTaskSwitchContext+0x1a4>
100020aa:	4b02      	ldr	r3, [pc, #8]	@ (100020b4 <vTaskSwitchContext+0x314>)
100020ac:	681c      	ldr	r4, [r3, #0]
100020ae:	2c00      	cmp	r4, #0
100020b0:	d0d2      	beq.n	10002058 <vTaskSwitchContext+0x2b8>
100020b2:	e7cd      	b.n	10002050 <vTaskSwitchContext+0x2b0>
100020b4:	20020c34 	.word	0x20020c34

100020b8 <vTaskPlaceOnEventList>:
100020b8:	b570      	push	{r4, r5, r6, lr}
100020ba:	460c      	mov	r4, r1
100020bc:	4605      	mov	r5, r0
100020be:	f7fe fc93 	bl	100009e8 <ulSetInterruptMask>
100020c2:	f04f 4250 	mov.w	r2, #3489660928	@ 0xd0000000
100020c6:	4b08      	ldr	r3, [pc, #32]	@ (100020e8 <vTaskPlaceOnEventList+0x30>)
100020c8:	6812      	ldr	r2, [r2, #0]
100020ca:	f853 6022 	ldr.w	r6, [r3, r2, lsl #2]
100020ce:	f7fe fc97 	bl	10000a00 <vClearInterruptMask>
100020d2:	4628      	mov	r0, r5
100020d4:	f106 011c 	add.w	r1, r6, #28
100020d8:	f7fe fdec 	bl	10000cb4 <vListInsert>
100020dc:	4620      	mov	r0, r4
100020de:	e8bd 4070 	ldmia.w	sp!, {r4, r5, r6, lr}
100020e2:	2101      	movs	r1, #1
100020e4:	f7ff bc76 	b.w	100019d4 <prvAddCurrentTaskToDelayedList>
100020e8:	20000894 	.word	0x20000894

100020ec <vTaskPlaceOnUnorderedEventList>:
100020ec:	e92d 43f8 	stmdb	sp!, {r3, r4, r5, r6, r7, r8, r9, lr}
100020f0:	f04f 4650 	mov.w	r6, #3489660928	@ 0xd0000000
100020f4:	460f      	mov	r7, r1
100020f6:	4604      	mov	r4, r0
100020f8:	4690      	mov	r8, r2
100020fa:	4d23      	ldr	r5, [pc, #140]	@ (10002188 <vTaskPlaceOnUnorderedEventList+0x9c>)
100020fc:	f7fe fc74 	bl	100009e8 <ulSetInterruptMask>
10002100:	6833      	ldr	r3, [r6, #0]
10002102:	f047 4700 	orr.w	r7, r7, #2147483648	@ 0x80000000
10002106:	f855 9023 	ldr.w	r9, [r5, r3, lsl #2]
1000210a:	f7fe fc79 	bl	10000a00 <vClearInterruptMask>
1000210e:	f8c9 701c 	str.w	r7, [r9, #28]
10002112:	6867      	ldr	r7, [r4, #4]
10002114:	f7fe fc68 	bl	100009e8 <ulSetInterruptMask>
10002118:	6833      	ldr	r3, [r6, #0]
1000211a:	f855 9023 	ldr.w	r9, [r5, r3, lsl #2]
1000211e:	f7fe fc6f 	bl	10000a00 <vClearInterruptMask>
10002122:	f8c9 7020 	str.w	r7, [r9, #32]
10002126:	f7fe fc5f 	bl	100009e8 <ulSetInterruptMask>
1000212a:	6833      	ldr	r3, [r6, #0]
1000212c:	f855 9023 	ldr.w	r9, [r5, r3, lsl #2]
10002130:	f7fe fc66 	bl	10000a00 <vClearInterruptMask>
10002134:	68bb      	ldr	r3, [r7, #8]
10002136:	f8c9 3024 	str.w	r3, [r9, #36]	@ 0x24
1000213a:	f7fe fc55 	bl	100009e8 <ulSetInterruptMask>
1000213e:	6833      	ldr	r3, [r6, #0]
10002140:	f855 9023 	ldr.w	r9, [r5, r3, lsl #2]
10002144:	f7fe fc5c 	bl	10000a00 <vClearInterruptMask>
10002148:	68ba      	ldr	r2, [r7, #8]
1000214a:	f109 031c 	add.w	r3, r9, #28
1000214e:	6053      	str	r3, [r2, #4]
10002150:	f7fe fc4a 	bl	100009e8 <ulSetInterruptMask>
10002154:	6833      	ldr	r3, [r6, #0]
10002156:	f855 9023 	ldr.w	r9, [r5, r3, lsl #2]
1000215a:	f7fe fc51 	bl	10000a00 <vClearInterruptMask>
1000215e:	f109 031c 	add.w	r3, r9, #28
10002162:	60bb      	str	r3, [r7, #8]
10002164:	f7fe fc40 	bl	100009e8 <ulSetInterruptMask>
10002168:	6833      	ldr	r3, [r6, #0]
1000216a:	f855 5023 	ldr.w	r5, [r5, r3, lsl #2]
1000216e:	f7fe fc47 	bl	10000a00 <vClearInterruptMask>
10002172:	6823      	ldr	r3, [r4, #0]
10002174:	4640      	mov	r0, r8
10002176:	3301      	adds	r3, #1
10002178:	62ec      	str	r4, [r5, #44]	@ 0x2c
1000217a:	2101      	movs	r1, #1
1000217c:	6023      	str	r3, [r4, #0]
1000217e:	e8bd 43f8 	ldmia.w	sp!, {r3, r4, r5, r6, r7, r8, r9, lr}
10002182:	f7ff bc27 	b.w	100019d4 <prvAddCurrentTaskToDelayedList>
10002186:	bf00      	nop
10002188:	20000894 	.word	0x20000894

1000218c <vTaskPlaceOnEventListRestricted>:
1000218c:	e92d 47f0 	stmdb	sp!, {r4, r5, r6, r7, r8, r9, sl, lr}
10002190:	f04f 4650 	mov.w	r6, #3489660928	@ 0xd0000000
10002194:	4604      	mov	r4, r0
10002196:	4617      	mov	r7, r2
10002198:	4689      	mov	r9, r1
1000219a:	f8d0 8004 	ldr.w	r8, [r0, #4]
1000219e:	4d21      	ldr	r5, [pc, #132]	@ (10002224 <vTaskPlaceOnEventListRestricted+0x98>)
100021a0:	f7fe fc22 	bl	100009e8 <ulSetInterruptMask>
100021a4:	6833      	ldr	r3, [r6, #0]
100021a6:	f855 a023 	ldr.w	sl, [r5, r3, lsl #2]
100021aa:	f7fe fc29 	bl	10000a00 <vClearInterruptMask>
100021ae:	f8ca 8020 	str.w	r8, [sl, #32]
100021b2:	f7fe fc19 	bl	100009e8 <ulSetInterruptMask>
100021b6:	6833      	ldr	r3, [r6, #0]
100021b8:	f855 a023 	ldr.w	sl, [r5, r3, lsl #2]
100021bc:	f7fe fc20 	bl	10000a00 <vClearInterruptMask>
100021c0:	f8d8 3008 	ldr.w	r3, [r8, #8]
100021c4:	f8ca 3024 	str.w	r3, [sl, #36]	@ 0x24
100021c8:	f7fe fc0e 	bl	100009e8 <ulSetInterruptMask>
100021cc:	6833      	ldr	r3, [r6, #0]
100021ce:	f855 a023 	ldr.w	sl, [r5, r3, lsl #2]
100021d2:	f7fe fc15 	bl	10000a00 <vClearInterruptMask>
100021d6:	f8d8 2008 	ldr.w	r2, [r8, #8]
100021da:	f10a 031c 	add.w	r3, sl, #28
100021de:	6053      	str	r3, [r2, #4]
100021e0:	f7fe fc02 	bl	100009e8 <ulSetInterruptMask>
100021e4:	6833      	ldr	r3, [r6, #0]
100021e6:	f855 a023 	ldr.w	sl, [r5, r3, lsl #2]
100021ea:	f7fe fc09 	bl	10000a00 <vClearInterruptMask>
100021ee:	f10a 031c 	add.w	r3, sl, #28
100021f2:	f8c8 3008 	str.w	r3, [r8, #8]
100021f6:	f7fe fbf7 	bl	100009e8 <ulSetInterruptMask>
100021fa:	6833      	ldr	r3, [r6, #0]
100021fc:	f855 5023 	ldr.w	r5, [r5, r3, lsl #2]
10002200:	f7fe fbfe 	bl	10000a00 <vClearInterruptMask>
10002204:	6823      	ldr	r3, [r4, #0]
10002206:	2f00      	cmp	r7, #0
10002208:	f103 0301 	add.w	r3, r3, #1
1000220c:	62ec      	str	r4, [r5, #44]	@ 0x2c
1000220e:	4639      	mov	r1, r7
10002210:	bf08      	it	eq
10002212:	4648      	moveq	r0, r9
10002214:	6023      	str	r3, [r4, #0]
10002216:	bf18      	it	ne
10002218:	f04f 30ff 	movne.w	r0, #4294967295	@ 0xffffffff
1000221c:	e8bd 47f0 	ldmia.w	sp!, {r4, r5, r6, r7, r8, r9, sl, lr}
10002220:	f7ff bbd8 	b.w	100019d4 <prvAddCurrentTaskToDelayedList>
10002224:	20000894 	.word	0x20000894

10002228 <xTaskRemoveFromEventList>:
10002228:	b570      	push	{r4, r5, r6, lr}
1000222a:	2500      	movs	r5, #0
1000222c:	68c3      	ldr	r3, [r0, #12]
1000222e:	68d8      	ldr	r0, [r3, #12]
10002230:	6ac3      	ldr	r3, [r0, #44]	@ 0x2c
10002232:	e9d0 4208 	ldrd	r4, r2, [r0, #32]
10002236:	60a2      	str	r2, [r4, #8]
10002238:	6054      	str	r4, [r2, #4]
1000223a:	685c      	ldr	r4, [r3, #4]
1000223c:	f100 011c 	add.w	r1, r0, #28
10002240:	428c      	cmp	r4, r1
10002242:	4c24      	ldr	r4, [pc, #144]	@ (100022d4 <xTaskRemoveFromEventList+0xac>)
10002244:	bf08      	it	eq
10002246:	605a      	streq	r2, [r3, #4]
10002248:	681a      	ldr	r2, [r3, #0]
1000224a:	6824      	ldr	r4, [r4, #0]
1000224c:	3a01      	subs	r2, #1
1000224e:	62c5      	str	r5, [r0, #44]	@ 0x2c
10002250:	601a      	str	r2, [r3, #0]
10002252:	2c00      	cmp	r4, #0
10002254:	d132      	bne.n	100022bc <xTaskRemoveFromEventList+0x94>
10002256:	e9d0 1203 	ldrd	r1, r2, [r0, #12]
1000225a:	6983      	ldr	r3, [r0, #24]
1000225c:	608a      	str	r2, [r1, #8]
1000225e:	6051      	str	r1, [r2, #4]
10002260:	6859      	ldr	r1, [r3, #4]
10002262:	f100 0508 	add.w	r5, r0, #8
10002266:	42a9      	cmp	r1, r5
10002268:	bf08      	it	eq
1000226a:	605a      	streq	r2, [r3, #4]
1000226c:	681a      	ldr	r2, [r3, #0]
1000226e:	491a      	ldr	r1, [pc, #104]	@ (100022d8 <xTaskRemoveFromEventList+0xb0>)
10002270:	3a01      	subs	r2, #1
10002272:	601a      	str	r2, [r3, #0]
10002274:	6b03      	ldr	r3, [r0, #48]	@ 0x30
10002276:	680a      	ldr	r2, [r1, #0]
10002278:	4293      	cmp	r3, r2
1000227a:	4a18      	ldr	r2, [pc, #96]	@ (100022dc <xTaskRemoveFromEventList+0xb4>)
1000227c:	bf88      	it	hi
1000227e:	600b      	strhi	r3, [r1, #0]
10002280:	eb03 0383 	add.w	r3, r3, r3, lsl #2
10002284:	ea4f 0c83 	mov.w	ip, r3, lsl #2
10002288:	eb02 0383 	add.w	r3, r2, r3, lsl #2
1000228c:	685c      	ldr	r4, [r3, #4]
1000228e:	f852 100c 	ldr.w	r1, [r2, ip]
10002292:	68a6      	ldr	r6, [r4, #8]
10002294:	3101      	adds	r1, #1
10002296:	60c4      	str	r4, [r0, #12]
10002298:	6106      	str	r6, [r0, #16]
1000229a:	6075      	str	r5, [r6, #4]
1000229c:	60a5      	str	r5, [r4, #8]
1000229e:	6183      	str	r3, [r0, #24]
100022a0:	f842 100c 	str.w	r1, [r2, ip]
100022a4:	f7ff f846 	bl	10001334 <prvYieldForTask>
100022a8:	f04f 4250 	mov.w	r2, #3489660928	@ 0xd0000000
100022ac:	4b0c      	ldr	r3, [pc, #48]	@ (100022e0 <xTaskRemoveFromEventList+0xb8>)
100022ae:	6812      	ldr	r2, [r2, #0]
100022b0:	f853 0022 	ldr.w	r0, [r3, r2, lsl #2]
100022b4:	3800      	subs	r0, #0
100022b6:	bf18      	it	ne
100022b8:	2001      	movne	r0, #1
100022ba:	bd70      	pop	{r4, r5, r6, pc}
100022bc:	4b09      	ldr	r3, [pc, #36]	@ (100022e4 <xTaskRemoveFromEventList+0xbc>)
100022be:	685c      	ldr	r4, [r3, #4]
100022c0:	68a2      	ldr	r2, [r4, #8]
100022c2:	e9c0 4208 	strd	r4, r2, [r0, #32]
100022c6:	6051      	str	r1, [r2, #4]
100022c8:	681a      	ldr	r2, [r3, #0]
100022ca:	60a1      	str	r1, [r4, #8]
100022cc:	3201      	adds	r2, #1
100022ce:	62c3      	str	r3, [r0, #44]	@ 0x2c
100022d0:	601a      	str	r2, [r3, #0]
100022d2:	e7e7      	b.n	100022a4 <xTaskRemoveFromEventList+0x7c>
100022d4:	20020b58 	.word	0x20020b58
100022d8:	20020b60 	.word	0x20020b60
100022dc:	200008b0 	.word	0x200008b0
100022e0:	20020c34 	.word	0x20020c34
100022e4:	20020be0 	.word	0x20020be0

100022e8 <vTaskInternalSetTimeOutState>:
100022e8:	4a03      	ldr	r2, [pc, #12]	@ (100022f8 <vTaskInternalSetTimeOutState+0x10>)
100022ea:	4b04      	ldr	r3, [pc, #16]	@ (100022fc <vTaskInternalSetTimeOutState+0x14>)
100022ec:	6812      	ldr	r2, [r2, #0]
100022ee:	681b      	ldr	r3, [r3, #0]
100022f0:	e9c0 2300 	strd	r2, r3, [r0]
100022f4:	4770      	bx	lr
100022f6:	bf00      	nop
100022f8:	20020bd0 	.word	0x20020bd0
100022fc:	20020c28 	.word	0x20020c28

10002300 <vTaskMissedYield>:
10002300:	f04f 4250 	mov.w	r2, #3489660928	@ 0xd0000000
10002304:	2101      	movs	r1, #1
10002306:	4b02      	ldr	r3, [pc, #8]	@ (10002310 <vTaskMissedYield+0x10>)
10002308:	6812      	ldr	r2, [r2, #0]
1000230a:	f843 1022 	str.w	r1, [r3, r2, lsl #2]
1000230e:	4770      	bx	lr
10002310:	20020c34 	.word	0x20020c34

10002314 <xTaskGetCurrentTaskHandle>:
10002314:	b510      	push	{r4, lr}
10002316:	f7fe fb67 	bl	100009e8 <ulSetInterruptMask>
1000231a:	f04f 4250 	mov.w	r2, #3489660928	@ 0xd0000000
1000231e:	4b04      	ldr	r3, [pc, #16]	@ (10002330 <xTaskGetCurrentTaskHandle+0x1c>)
10002320:	6812      	ldr	r2, [r2, #0]
10002322:	f853 4022 	ldr.w	r4, [r3, r2, lsl #2]
10002326:	f7fe fb6b 	bl	10000a00 <vClearInterruptMask>
1000232a:	4620      	mov	r0, r4
1000232c:	bd10      	pop	{r4, pc}
1000232e:	bf00      	nop
10002330:	20000894 	.word	0x20000894

10002334 <xTaskPriorityDisinherit>:
10002334:	b158      	cbz	r0, 1000234e <xTaskPriorityDisinherit+0x1a>
10002336:	6dc3      	ldr	r3, [r0, #92]	@ 0x5c
10002338:	6b01      	ldr	r1, [r0, #48]	@ 0x30
1000233a:	6d82      	ldr	r2, [r0, #88]	@ 0x58
1000233c:	3b01      	subs	r3, #1
1000233e:	4291      	cmp	r1, r2
10002340:	b570      	push	{r4, r5, r6, lr}
10002342:	4604      	mov	r4, r0
10002344:	65c3      	str	r3, [r0, #92]	@ 0x5c
10002346:	d000      	beq.n	1000234a <xTaskPriorityDisinherit+0x16>
10002348:	b11b      	cbz	r3, 10002352 <xTaskPriorityDisinherit+0x1e>
1000234a:	2000      	movs	r0, #0
1000234c:	bd70      	pop	{r4, r5, r6, pc}
1000234e:	2000      	movs	r0, #0
10002350:	4770      	bx	lr
10002352:	f100 0508 	add.w	r5, r0, #8
10002356:	4628      	mov	r0, r5
10002358:	f7fe fcc4 	bl	10000ce4 <uxListRemove>
1000235c:	6da3      	ldr	r3, [r4, #88]	@ 0x58
1000235e:	4a20      	ldr	r2, [pc, #128]	@ (100023e0 <xTaskPriorityDisinherit+0xac>)
10002360:	f1c3 0120 	rsb	r1, r3, #32
10002364:	61e1      	str	r1, [r4, #28]
10002366:	6811      	ldr	r1, [r2, #0]
10002368:	6323      	str	r3, [r4, #48]	@ 0x30
1000236a:	428b      	cmp	r3, r1
1000236c:	bf88      	it	hi
1000236e:	6013      	strhi	r3, [r2, #0]
10002370:	4a1c      	ldr	r2, [pc, #112]	@ (100023e4 <xTaskPriorityDisinherit+0xb0>)
10002372:	eb03 0383 	add.w	r3, r3, r3, lsl #2
10002376:	ea4f 0c83 	mov.w	ip, r3, lsl #2
1000237a:	eb02 0383 	add.w	r3, r2, r3, lsl #2
1000237e:	6858      	ldr	r0, [r3, #4]
10002380:	f852 100c 	ldr.w	r1, [r2, ip]
10002384:	6886      	ldr	r6, [r0, #8]
10002386:	60e0      	str	r0, [r4, #12]
10002388:	6126      	str	r6, [r4, #16]
1000238a:	6075      	str	r5, [r6, #4]
1000238c:	6085      	str	r5, [r0, #8]
1000238e:	61a3      	str	r3, [r4, #24]
10002390:	6ba3      	ldr	r3, [r4, #56]	@ 0x38
10002392:	3101      	adds	r1, #1
10002394:	2b00      	cmp	r3, #0
10002396:	f842 100c 	str.w	r1, [r2, ip]
1000239a:	db02      	blt.n	100023a2 <xTaskPriorityDisinherit+0x6e>
1000239c:	6ba3      	ldr	r3, [r4, #56]	@ 0x38
1000239e:	2b01      	cmp	r3, #1
100023a0:	dd01      	ble.n	100023a6 <xTaskPriorityDisinherit+0x72>
100023a2:	2001      	movs	r0, #1
100023a4:	bd70      	pop	{r4, r5, r6, pc}
100023a6:	f04f 4350 	mov.w	r3, #3489660928	@ 0xd0000000
100023aa:	6ba2      	ldr	r2, [r4, #56]	@ 0x38
100023ac:	681b      	ldr	r3, [r3, #0]
100023ae:	429a      	cmp	r2, r3
100023b0:	d010      	beq.n	100023d4 <xTaskPriorityDisinherit+0xa0>
100023b2:	6ba3      	ldr	r3, [r4, #56]	@ 0x38
100023b4:	4d0c      	ldr	r5, [pc, #48]	@ (100023e8 <xTaskPriorityDisinherit+0xb4>)
100023b6:	f855 3023 	ldr.w	r3, [r5, r3, lsl #2]
100023ba:	6b9b      	ldr	r3, [r3, #56]	@ 0x38
100023bc:	3302      	adds	r3, #2
100023be:	d0f0      	beq.n	100023a2 <xTaskPriorityDisinherit+0x6e>
100023c0:	6ba0      	ldr	r0, [r4, #56]	@ 0x38
100023c2:	f7fe fadb 	bl	1000097c <vYieldCore>
100023c6:	f06f 0201 	mvn.w	r2, #1
100023ca:	6ba3      	ldr	r3, [r4, #56]	@ 0x38
100023cc:	f855 3023 	ldr.w	r3, [r5, r3, lsl #2]
100023d0:	639a      	str	r2, [r3, #56]	@ 0x38
100023d2:	e7e6      	b.n	100023a2 <xTaskPriorityDisinherit+0x6e>
100023d4:	2101      	movs	r1, #1
100023d6:	6ba2      	ldr	r2, [r4, #56]	@ 0x38
100023d8:	4b04      	ldr	r3, [pc, #16]	@ (100023ec <xTaskPriorityDisinherit+0xb8>)
100023da:	f843 1022 	str.w	r1, [r3, r2, lsl #2]
100023de:	e7e0      	b.n	100023a2 <xTaskPriorityDisinherit+0x6e>
100023e0:	20020b60 	.word	0x20020b60
100023e4:	200008b0 	.word	0x200008b0
100023e8:	20000894 	.word	0x20000894
100023ec:	20020c34 	.word	0x20020c34

100023f0 <vTaskYieldWithinAPI>:
100023f0:	f04f 4350 	mov.w	r3, #3489660928	@ 0xd0000000
100023f4:	4a05      	ldr	r2, [pc, #20]	@ (1000240c <vTaskYieldWithinAPI+0x1c>)
100023f6:	681b      	ldr	r3, [r3, #0]
100023f8:	f852 2023 	ldr.w	r2, [r2, r3, lsl #2]
100023fc:	b122      	cbz	r2, 10002408 <vTaskYieldWithinAPI+0x18>
100023fe:	2101      	movs	r1, #1
10002400:	4a03      	ldr	r2, [pc, #12]	@ (10002410 <vTaskYieldWithinAPI+0x20>)
10002402:	f842 1023 	str.w	r1, [r2, r3, lsl #2]
10002406:	4770      	bx	lr
10002408:	f7fe b94a 	b.w	100006a0 <vPortYield>
1000240c:	20020b44 	.word	0x20020b44
10002410:	20020c34 	.word	0x20020c34

10002414 <vTaskEnterCritical>:
10002414:	b538      	push	{r3, r4, r5, lr}
10002416:	f7fe fae7 	bl	100009e8 <ulSetInterruptMask>
1000241a:	4b3e      	ldr	r3, [pc, #248]	@ (10002514 <vTaskEnterCritical+0x100>)
1000241c:	681b      	ldr	r3, [r3, #0]
1000241e:	b193      	cbz	r3, 10002446 <vTaskEnterCritical+0x32>
10002420:	f04f 4350 	mov.w	r3, #3489660928	@ 0xd0000000
10002424:	4a3c      	ldr	r2, [pc, #240]	@ (10002518 <vTaskEnterCritical+0x104>)
10002426:	681b      	ldr	r3, [r3, #0]
10002428:	f852 1023 	ldr.w	r1, [r2, r3, lsl #2]
1000242c:	b1a1      	cbz	r1, 10002458 <vTaskEnterCritical+0x44>
1000242e:	f04f 4050 	mov.w	r0, #3489660928	@ 0xd0000000
10002432:	f852 1023 	ldr.w	r1, [r2, r3, lsl #2]
10002436:	3101      	adds	r1, #1
10002438:	f842 1023 	str.w	r1, [r2, r3, lsl #2]
1000243c:	6803      	ldr	r3, [r0, #0]
1000243e:	f852 3023 	ldr.w	r3, [r2, r3, lsl #2]
10002442:	2b01      	cmp	r3, #1
10002444:	d000      	beq.n	10002448 <vTaskEnterCritical+0x34>
10002446:	bd38      	pop	{r3, r4, r5, pc}
10002448:	4b34      	ldr	r3, [pc, #208]	@ (1000251c <vTaskEnterCritical+0x108>)
1000244a:	681b      	ldr	r3, [r3, #0]
1000244c:	2b00      	cmp	r3, #0
1000244e:	d1fa      	bne.n	10002446 <vTaskEnterCritical+0x32>
10002450:	e8bd 4038 	ldmia.w	sp!, {r3, r4, r5, lr}
10002454:	f7ff b8b6 	b.w	100015c4 <prvCheckForRunStateChange>
10002458:	4931      	ldr	r1, [pc, #196]	@ (10002520 <vTaskEnterCritical+0x10c>)
1000245a:	e8d1 0fcf 	ldaexb	r0, [r1]
1000245e:	2401      	movs	r4, #1
10002460:	2800      	cmp	r0, #0
10002462:	d101      	bne.n	10002468 <vTaskEnterCritical+0x54>
10002464:	e8c1 4f40 	strexb	r0, r4, [r1]
10002468:	f3bf 8f5f 	dmb	sy
1000246c:	2800      	cmp	r0, #0
1000246e:	d131      	bne.n	100024d4 <vTaskEnterCritical+0xc0>
10002470:	482c      	ldr	r0, [pc, #176]	@ (10002524 <vTaskEnterCritical+0x110>)
10002472:	ea4f 0c43 	mov.w	ip, r3, lsl #1
10002476:	2301      	movs	r3, #1
10002478:	492b      	ldr	r1, [pc, #172]	@ (10002528 <vTaskEnterCritical+0x114>)
1000247a:	4484      	add	ip, r0
1000247c:	704b      	strb	r3, [r1, #1]
1000247e:	f88c 3001 	strb.w	r3, [ip, #1]
10002482:	f04f 4c50 	mov.w	ip, #3489660928	@ 0xd0000000
10002486:	4b29      	ldr	r3, [pc, #164]	@ (1000252c <vTaskEnterCritical+0x118>)
10002488:	f8dc 4000 	ldr.w	r4, [ip]
1000248c:	e8d3 5fcf 	ldaexb	r5, [r3]
10002490:	f05f 0e01 	movs.w	lr, #1
10002494:	2d00      	cmp	r5, #0
10002496:	d101      	bne.n	1000249c <vTaskEnterCritical+0x88>
10002498:	e8c3 ef45 	strexb	r5, lr, [r3]
1000249c:	f3bf 8f5f 	dmb	sy
100024a0:	b185      	cbz	r5, 100024c4 <vTaskEnterCritical+0xb0>
100024a2:	f810 5014 	ldrb.w	r5, [r0, r4, lsl #1]
100024a6:	2d00      	cmp	r5, #0
100024a8:	d127      	bne.n	100024fa <vTaskEnterCritical+0xe6>
100024aa:	e8d3 cfcf 	ldaexb	ip, [r3]
100024ae:	2501      	movs	r5, #1
100024b0:	f1bc 0f00 	cmp.w	ip, #0
100024b4:	d1f9      	bne.n	100024aa <vTaskEnterCritical+0x96>
100024b6:	e8c3 5f4c 	strexb	ip, r5, [r3]
100024ba:	f1bc 0f00 	cmp.w	ip, #0
100024be:	d1f4      	bne.n	100024aa <vTaskEnterCritical+0x96>
100024c0:	f3bf 8f5f 	dmb	sy
100024c4:	2301      	movs	r3, #1
100024c6:	f04f 4550 	mov.w	r5, #3489660928	@ 0xd0000000
100024ca:	700b      	strb	r3, [r1, #0]
100024cc:	f800 3014 	strb.w	r3, [r0, r4, lsl #1]
100024d0:	682b      	ldr	r3, [r5, #0]
100024d2:	e7ac      	b.n	1000242e <vTaskEnterCritical+0x1a>
100024d4:	4813      	ldr	r0, [pc, #76]	@ (10002524 <vTaskEnterCritical+0x110>)
100024d6:	ea4f 0c43 	mov.w	ip, r3, lsl #1
100024da:	eb00 0343 	add.w	r3, r0, r3, lsl #1
100024de:	785b      	ldrb	r3, [r3, #1]
100024e0:	b993      	cbnz	r3, 10002508 <vTaskEnterCritical+0xf4>
100024e2:	e8d1 4fcf 	ldaexb	r4, [r1]
100024e6:	2301      	movs	r3, #1
100024e8:	2c00      	cmp	r4, #0
100024ea:	d1fa      	bne.n	100024e2 <vTaskEnterCritical+0xce>
100024ec:	e8c1 3f44 	strexb	r4, r3, [r1]
100024f0:	2c00      	cmp	r4, #0
100024f2:	d1f6      	bne.n	100024e2 <vTaskEnterCritical+0xce>
100024f4:	f3bf 8f5f 	dmb	sy
100024f8:	e7bd      	b.n	10002476 <vTaskEnterCritical+0x62>
100024fa:	780b      	ldrb	r3, [r1, #0]
100024fc:	3301      	adds	r3, #1
100024fe:	b2db      	uxtb	r3, r3
10002500:	700b      	strb	r3, [r1, #0]
10002502:	f8dc 3000 	ldr.w	r3, [ip]
10002506:	e792      	b.n	1000242e <vTaskEnterCritical+0x1a>
10002508:	4907      	ldr	r1, [pc, #28]	@ (10002528 <vTaskEnterCritical+0x114>)
1000250a:	784b      	ldrb	r3, [r1, #1]
1000250c:	3301      	adds	r3, #1
1000250e:	b2db      	uxtb	r3, r3
10002510:	704b      	strb	r3, [r1, #1]
10002512:	e7b6      	b.n	10002482 <vTaskEnterCritical+0x6e>
10002514:	20020bf4 	.word	0x20020bf4
10002518:	20020b44 	.word	0x20020b44
1000251c:	20020b58 	.word	0x20020b58
10002520:	2000081b 	.word	0x2000081b
10002524:	20020b3c 	.word	0x20020b3c
10002528:	20020b40 	.word	0x20020b40
1000252c:	2000081a 	.word	0x2000081a

10002530 <prvAddNewTaskToReadyList>:
10002530:	e92d 41f0 	stmdb	sp!, {r4, r5, r6, r7, r8, lr}
10002534:	4605      	mov	r5, r0
10002536:	f7ff ff6d 	bl	10002414 <vTaskEnterCritical>
1000253a:	4a2e      	ldr	r2, [pc, #184]	@ (100025f4 <prvAddNewTaskToReadyList+0xc4>)
1000253c:	4f2e      	ldr	r7, [pc, #184]	@ (100025f8 <prvAddNewTaskToReadyList+0xc8>)
1000253e:	6813      	ldr	r3, [r2, #0]
10002540:	3301      	adds	r3, #1
10002542:	6013      	str	r3, [r2, #0]
10002544:	683b      	ldr	r3, [r7, #0]
10002546:	b363      	cbz	r3, 100025a2 <prvAddNewTaskToReadyList+0x72>
10002548:	4e2c      	ldr	r6, [pc, #176]	@ (100025fc <prvAddNewTaskToReadyList+0xcc>)
1000254a:	4b2d      	ldr	r3, [pc, #180]	@ (10002600 <prvAddNewTaskToReadyList+0xd0>)
1000254c:	f105 0408 	add.w	r4, r5, #8
10002550:	681a      	ldr	r2, [r3, #0]
10002552:	3201      	adds	r2, #1
10002554:	652a      	str	r2, [r5, #80]	@ 0x50
10002556:	601a      	str	r2, [r3, #0]
10002558:	4a2a      	ldr	r2, [pc, #168]	@ (10002604 <prvAddNewTaskToReadyList+0xd4>)
1000255a:	6b2b      	ldr	r3, [r5, #48]	@ 0x30
1000255c:	6811      	ldr	r1, [r2, #0]
1000255e:	428b      	cmp	r3, r1
10002560:	bf88      	it	hi
10002562:	6013      	strhi	r3, [r2, #0]
10002564:	eb03 0383 	add.w	r3, r3, r3, lsl #2
10002568:	0098      	lsls	r0, r3, #2
1000256a:	eb06 0383 	add.w	r3, r6, r3, lsl #2
1000256e:	6859      	ldr	r1, [r3, #4]
10002570:	5832      	ldr	r2, [r6, r0]
10002572:	f8d1 c008 	ldr.w	ip, [r1, #8]
10002576:	f8d7 e000 	ldr.w	lr, [r7]
1000257a:	3201      	adds	r2, #1
1000257c:	60e9      	str	r1, [r5, #12]
1000257e:	f8c5 c010 	str.w	ip, [r5, #16]
10002582:	f8cc 4004 	str.w	r4, [ip, #4]
10002586:	608c      	str	r4, [r1, #8]
10002588:	61ab      	str	r3, [r5, #24]
1000258a:	5032      	str	r2, [r6, r0]
1000258c:	f1be 0f00 	cmp.w	lr, #0
10002590:	d12c      	bne.n	100025ec <prvAddNewTaskToReadyList+0xbc>
10002592:	683b      	ldr	r3, [r7, #0]
10002594:	b11b      	cbz	r3, 1000259e <prvAddNewTaskToReadyList+0x6e>
10002596:	e8bd 41f0 	ldmia.w	sp!, {r4, r5, r6, r7, r8, lr}
1000259a:	f7fe bf31 	b.w	10001400 <vTaskExitCritical.part.0>
1000259e:	e8bd 81f0 	ldmia.w	sp!, {r4, r5, r6, r7, r8, pc}
100025a2:	6813      	ldr	r3, [r2, #0]
100025a4:	4e15      	ldr	r6, [pc, #84]	@ (100025fc <prvAddNewTaskToReadyList+0xcc>)
100025a6:	2b01      	cmp	r3, #1
100025a8:	d1cf      	bne.n	1000254a <prvAddNewTaskToReadyList+0x1a>
100025aa:	4634      	mov	r4, r6
100025ac:	f506 7820 	add.w	r8, r6, #640	@ 0x280
100025b0:	4620      	mov	r0, r4
100025b2:	3414      	adds	r4, #20
100025b4:	f7fe fb60 	bl	10000c78 <vListInitialise>
100025b8:	4544      	cmp	r4, r8
100025ba:	d1f9      	bne.n	100025b0 <prvAddNewTaskToReadyList+0x80>
100025bc:	f8df 8060 	ldr.w	r8, [pc, #96]	@ 10002620 <prvAddNewTaskToReadyList+0xf0>
100025c0:	4c11      	ldr	r4, [pc, #68]	@ (10002608 <prvAddNewTaskToReadyList+0xd8>)
100025c2:	4640      	mov	r0, r8
100025c4:	f7fe fb58 	bl	10000c78 <vListInitialise>
100025c8:	4620      	mov	r0, r4
100025ca:	f7fe fb55 	bl	10000c78 <vListInitialise>
100025ce:	480f      	ldr	r0, [pc, #60]	@ (1000260c <prvAddNewTaskToReadyList+0xdc>)
100025d0:	f7fe fb52 	bl	10000c78 <vListInitialise>
100025d4:	480e      	ldr	r0, [pc, #56]	@ (10002610 <prvAddNewTaskToReadyList+0xe0>)
100025d6:	f7fe fb4f 	bl	10000c78 <vListInitialise>
100025da:	480e      	ldr	r0, [pc, #56]	@ (10002614 <prvAddNewTaskToReadyList+0xe4>)
100025dc:	f7fe fb4c 	bl	10000c78 <vListInitialise>
100025e0:	4b0d      	ldr	r3, [pc, #52]	@ (10002618 <prvAddNewTaskToReadyList+0xe8>)
100025e2:	f8c3 8000 	str.w	r8, [r3]
100025e6:	4b0d      	ldr	r3, [pc, #52]	@ (1000261c <prvAddNewTaskToReadyList+0xec>)
100025e8:	601c      	str	r4, [r3, #0]
100025ea:	e7ae      	b.n	1000254a <prvAddNewTaskToReadyList+0x1a>
100025ec:	4628      	mov	r0, r5
100025ee:	f7fe fea1 	bl	10001334 <prvYieldForTask>
100025f2:	e7ce      	b.n	10002592 <prvAddNewTaskToReadyList+0x62>
100025f4:	20020b50 	.word	0x20020b50
100025f8:	20020bf4 	.word	0x20020bf4
100025fc:	200008b0 	.word	0x200008b0
10002600:	20020b5c 	.word	0x20020b5c
10002604:	20020b60 	.word	0x20020b60
10002608:	20020ba0 	.word	0x20020ba0
1000260c:	20020be0 	.word	0x20020be0
10002610:	20020c14 	.word	0x20020c14
10002614:	20020c00 	.word	0x20020c00
10002618:	200008a0 	.word	0x200008a0
1000261c:	200008a8 	.word	0x200008a8
10002620:	20020b8c 	.word	0x20020b8c

10002624 <xTaskCreate>:
10002624:	b510      	push	{r4, lr}
10002626:	b082      	sub	sp, #8
10002628:	9c04      	ldr	r4, [sp, #16]
1000262a:	9400      	str	r4, [sp, #0]
1000262c:	9c05      	ldr	r4, [sp, #20]
1000262e:	9401      	str	r4, [sp, #4]
10002630:	f7fe ff2c 	bl	1000148c <prvCreateTask>
10002634:	b138      	cbz	r0, 10002646 <xTaskCreate+0x22>
10002636:	f04f 32ff 	mov.w	r2, #4294967295	@ 0xffffffff
1000263a:	6042      	str	r2, [r0, #4]
1000263c:	f7ff ff78 	bl	10002530 <prvAddNewTaskToReadyList>
10002640:	2001      	movs	r0, #1
10002642:	b002      	add	sp, #8
10002644:	bd10      	pop	{r4, pc}
10002646:	f04f 30ff 	mov.w	r0, #4294967295	@ 0xffffffff
1000264a:	b002      	add	sp, #8
1000264c:	bd10      	pop	{r4, pc}
1000264e:	bf00      	nop

10002650 <xTaskCreateAffinitySet>:
10002650:	b510      	push	{r4, lr}
10002652:	b082      	sub	sp, #8
10002654:	9c04      	ldr	r4, [sp, #16]
10002656:	9400      	str	r4, [sp, #0]
10002658:	9c06      	ldr	r4, [sp, #24]
1000265a:	9401      	str	r4, [sp, #4]
1000265c:	f7fe ff16 	bl	1000148c <prvCreateTask>
10002660:	b130      	cbz	r0, 10002670 <xTaskCreateAffinitySet+0x20>
10002662:	9a05      	ldr	r2, [sp, #20]
10002664:	6042      	str	r2, [r0, #4]
10002666:	f7ff ff63 	bl	10002530 <prvAddNewTaskToReadyList>
1000266a:	2001      	movs	r0, #1
1000266c:	b002      	add	sp, #8
1000266e:	bd10      	pop	{r4, pc}
10002670:	f04f 30ff 	mov.w	r0, #4294967295	@ 0xffffffff
10002674:	b002      	add	sp, #8
10002676:	bd10      	pop	{r4, pc}

10002678 <vTaskStartScheduler>:
10002678:	2300      	movs	r3, #0
1000267a:	b5f0      	push	{r4, r5, r6, r7, lr}
1000267c:	2430      	movs	r4, #48	@ 0x30
1000267e:	4a26      	ldr	r2, [pc, #152]	@ (10002718 <vTaskStartScheduler+0xa0>)
10002680:	4d26      	ldr	r5, [pc, #152]	@ (1000271c <vTaskStartScheduler+0xa4>)
10002682:	b087      	sub	sp, #28
10002684:	e9cd 5201 	strd	r5, r2, [sp, #4]
10002688:	4825      	ldr	r0, [pc, #148]	@ (10002720 <vTaskStartScheduler+0xa8>)
1000268a:	f44f 7200 	mov.w	r2, #512	@ 0x200
1000268e:	a902      	add	r1, sp, #8
10002690:	9300      	str	r3, [sp, #0]
10002692:	f8ad 400c 	strh.w	r4, [sp, #12]
10002696:	f7fe fef9 	bl	1000148c <prvCreateTask>
1000269a:	b120      	cbz	r0, 100026a6 <vTaskStartScheduler+0x2e>
1000269c:	f04f 32ff 	mov.w	r2, #4294967295	@ 0xffffffff
100026a0:	6042      	str	r2, [r0, #4]
100026a2:	f7ff ff45 	bl	10002530 <prvAddNewTaskToReadyList>
100026a6:	2331      	movs	r3, #49	@ 0x31
100026a8:	2400      	movs	r4, #0
100026aa:	682a      	ldr	r2, [r5, #0]
100026ac:	4e1d      	ldr	r6, [pc, #116]	@ (10002724 <vTaskStartScheduler+0xac>)
100026ae:	f88d 300c 	strb.w	r3, [sp, #12]
100026b2:	4b1d      	ldr	r3, [pc, #116]	@ (10002728 <vTaskStartScheduler+0xb0>)
100026b4:	6394      	str	r4, [r2, #56]	@ 0x38
100026b6:	481d      	ldr	r0, [pc, #116]	@ (1000272c <vTaskStartScheduler+0xb4>)
100026b8:	9301      	str	r3, [sp, #4]
100026ba:	9400      	str	r4, [sp, #0]
100026bc:	4623      	mov	r3, r4
100026be:	6032      	str	r2, [r6, #0]
100026c0:	a902      	add	r1, sp, #8
100026c2:	f44f 7200 	mov.w	r2, #512	@ 0x200
100026c6:	f7fe fee1 	bl	1000148c <prvCreateTask>
100026ca:	b188      	cbz	r0, 100026f0 <vTaskStartScheduler+0x78>
100026cc:	f04f 37ff 	mov.w	r7, #4294967295	@ 0xffffffff
100026d0:	6047      	str	r7, [r0, #4]
100026d2:	f7ff ff2d 	bl	10002530 <prvAddNewTaskToReadyList>
100026d6:	2201      	movs	r2, #1
100026d8:	686b      	ldr	r3, [r5, #4]
100026da:	639a      	str	r2, [r3, #56]	@ 0x38
100026dc:	6073      	str	r3, [r6, #4]
100026de:	f000 fc35 	bl	10002f4c <xTimerCreateTimerTask>
100026e2:	2801      	cmp	r0, #1
100026e4:	4605      	mov	r5, r0
100026e6:	d00b      	beq.n	10002700 <vTaskStartScheduler+0x88>
100026e8:	4b11      	ldr	r3, [pc, #68]	@ (10002730 <vTaskStartScheduler+0xb8>)
100026ea:	681b      	ldr	r3, [r3, #0]
100026ec:	b007      	add	sp, #28
100026ee:	bdf0      	pop	{r4, r5, r6, r7, pc}
100026f0:	2201      	movs	r2, #1
100026f2:	686b      	ldr	r3, [r5, #4]
100026f4:	639a      	str	r2, [r3, #56]	@ 0x38
100026f6:	6073      	str	r3, [r6, #4]
100026f8:	4b0d      	ldr	r3, [pc, #52]	@ (10002730 <vTaskStartScheduler+0xb8>)
100026fa:	681b      	ldr	r3, [r3, #0]
100026fc:	b007      	add	sp, #28
100026fe:	bdf0      	pop	{r4, r5, r6, r7, pc}
10002700:	f7fe f972 	bl	100009e8 <ulSetInterruptMask>
10002704:	4b0b      	ldr	r3, [pc, #44]	@ (10002734 <vTaskStartScheduler+0xbc>)
10002706:	4a0c      	ldr	r2, [pc, #48]	@ (10002738 <vTaskStartScheduler+0xc0>)
10002708:	601f      	str	r7, [r3, #0]
1000270a:	4b0c      	ldr	r3, [pc, #48]	@ (1000273c <vTaskStartScheduler+0xc4>)
1000270c:	6015      	str	r5, [r2, #0]
1000270e:	601c      	str	r4, [r3, #0]
10002710:	f7fe f824 	bl	1000075c <xPortStartScheduler>
10002714:	e7e8      	b.n	100026e8 <vTaskStartScheduler+0x70>
10002716:	bf00      	nop
10002718:	454c4449 	.word	0x454c4449
1000271c:	20020bbc 	.word	0x20020bbc
10002720:	100019b9 	.word	0x100019b9
10002724:	20000894 	.word	0x20000894
10002728:	20020bc0 	.word	0x20020bc0
1000272c:	10001315 	.word	0x10001315
10002730:	2000059c 	.word	0x2000059c
10002734:	20020bcc 	.word	0x20020bcc
10002738:	20020bf4 	.word	0x20020bf4
1000273c:	20020c28 	.word	0x20020c28

10002740 <xTaskResumeAll.part.0>:
10002740:	e92d 47f0 	stmdb	sp!, {r4, r5, r6, r7, r8, r9, sl, lr}
10002744:	f7ff fe66 	bl	10002414 <vTaskEnterCritical>
10002748:	f04f 4050 	mov.w	r0, #3489660928	@ 0xd0000000
1000274c:	4a57      	ldr	r2, [pc, #348]	@ (100028ac <xTaskResumeAll.part.0+0x16c>)
1000274e:	4958      	ldr	r1, [pc, #352]	@ (100028b0 <xTaskResumeAll.part.0+0x170>)
10002750:	6813      	ldr	r3, [r2, #0]
10002752:	6805      	ldr	r5, [r0, #0]
10002754:	3b01      	subs	r3, #1
10002756:	6013      	str	r3, [r2, #0]
10002758:	784b      	ldrb	r3, [r1, #1]
1000275a:	6800      	ldr	r0, [r0, #0]
1000275c:	3b01      	subs	r3, #1
1000275e:	b2db      	uxtb	r3, r3
10002760:	704b      	strb	r3, [r1, #1]
10002762:	b933      	cbnz	r3, 10002772 <xTaskResumeAll.part.0+0x32>
10002764:	4953      	ldr	r1, [pc, #332]	@ (100028b4 <xTaskResumeAll.part.0+0x174>)
10002766:	eb01 0140 	add.w	r1, r1, r0, lsl #1
1000276a:	704b      	strb	r3, [r1, #1]
1000276c:	4952      	ldr	r1, [pc, #328]	@ (100028b8 <xTaskResumeAll.part.0+0x178>)
1000276e:	e8c1 3f8f 	stlb	r3, [r1]
10002772:	f8d2 c000 	ldr.w	ip, [r2]
10002776:	f1bc 0f00 	cmp.w	ip, #0
1000277a:	d16e      	bne.n	1000285a <xTaskResumeAll.part.0+0x11a>
1000277c:	4b4f      	ldr	r3, [pc, #316]	@ (100028bc <xTaskResumeAll.part.0+0x17c>)
1000277e:	681c      	ldr	r4, [r3, #0]
10002780:	2c00      	cmp	r4, #0
10002782:	d062      	beq.n	1000284a <xTaskResumeAll.part.0+0x10a>
10002784:	4f4e      	ldr	r7, [pc, #312]	@ (100028c0 <xTaskResumeAll.part.0+0x180>)
10002786:	683b      	ldr	r3, [r7, #0]
10002788:	2b00      	cmp	r3, #0
1000278a:	d048      	beq.n	1000281e <xTaskResumeAll.part.0+0xde>
1000278c:	f8df e148 	ldr.w	lr, [pc, #328]	@ 100028d8 <xTaskResumeAll.part.0+0x198>
10002790:	4e4c      	ldr	r6, [pc, #304]	@ (100028c4 <xTaskResumeAll.part.0+0x184>)
10002792:	68fb      	ldr	r3, [r7, #12]
10002794:	68db      	ldr	r3, [r3, #12]
10002796:	6ada      	ldr	r2, [r3, #44]	@ 0x2c
10002798:	e9d3 1008 	ldrd	r1, r0, [r3, #32]
1000279c:	6088      	str	r0, [r1, #8]
1000279e:	6041      	str	r1, [r0, #4]
100027a0:	6851      	ldr	r1, [r2, #4]
100027a2:	f103 041c 	add.w	r4, r3, #28
100027a6:	42a1      	cmp	r1, r4
100027a8:	6811      	ldr	r1, [r2, #0]
100027aa:	bf08      	it	eq
100027ac:	6050      	streq	r0, [r2, #4]
100027ae:	3901      	subs	r1, #1
100027b0:	f8c3 c02c 	str.w	ip, [r3, #44]	@ 0x2c
100027b4:	6011      	str	r1, [r2, #0]
100027b6:	6999      	ldr	r1, [r3, #24]
100027b8:	68d8      	ldr	r0, [r3, #12]
100027ba:	691a      	ldr	r2, [r3, #16]
100027bc:	684c      	ldr	r4, [r1, #4]
100027be:	6082      	str	r2, [r0, #8]
100027c0:	6050      	str	r0, [r2, #4]
100027c2:	f103 0008 	add.w	r0, r3, #8
100027c6:	4284      	cmp	r4, r0
100027c8:	bf08      	it	eq
100027ca:	604a      	streq	r2, [r1, #4]
100027cc:	680c      	ldr	r4, [r1, #0]
100027ce:	6b1a      	ldr	r2, [r3, #48]	@ 0x30
100027d0:	f8de 8000 	ldr.w	r8, [lr]
100027d4:	3c01      	subs	r4, #1
100027d6:	4542      	cmp	r2, r8
100027d8:	eb02 0a82 	add.w	sl, r2, r2, lsl #2
100027dc:	600c      	str	r4, [r1, #0]
100027de:	d93e      	bls.n	1000285e <xTaskResumeAll.part.0+0x11e>
100027e0:	eb06 048a 	add.w	r4, r6, sl, lsl #2
100027e4:	6861      	ldr	r1, [r4, #4]
100027e6:	f8ce 2000 	str.w	r2, [lr]
100027ea:	f8d1 8008 	ldr.w	r8, [r1, #8]
100027ee:	f856 202a 	ldr.w	r2, [r6, sl, lsl #2]
100027f2:	60d9      	str	r1, [r3, #12]
100027f4:	f8c3 8010 	str.w	r8, [r3, #16]
100027f8:	f8c8 0004 	str.w	r0, [r8, #4]
100027fc:	6088      	str	r0, [r1, #8]
100027fe:	619c      	str	r4, [r3, #24]
10002800:	683b      	ldr	r3, [r7, #0]
10002802:	3201      	adds	r2, #1
10002804:	f846 202a 	str.w	r2, [r6, sl, lsl #2]
10002808:	2b00      	cmp	r3, #0
1000280a:	d1c2      	bne.n	10002792 <xTaskResumeAll.part.0+0x52>
1000280c:	4b2e      	ldr	r3, [pc, #184]	@ (100028c8 <xTaskResumeAll.part.0+0x188>)
1000280e:	681a      	ldr	r2, [r3, #0]
10002810:	6812      	ldr	r2, [r2, #0]
10002812:	2a00      	cmp	r2, #0
10002814:	d143      	bne.n	1000289e <xTaskResumeAll.part.0+0x15e>
10002816:	f04f 32ff 	mov.w	r2, #4294967295	@ 0xffffffff
1000281a:	4b2c      	ldr	r3, [pc, #176]	@ (100028cc <xTaskResumeAll.part.0+0x18c>)
1000281c:	601a      	str	r2, [r3, #0]
1000281e:	f8df 80bc 	ldr.w	r8, [pc, #188]	@ 100028dc <xTaskResumeAll.part.0+0x19c>
10002822:	f8d8 4000 	ldr.w	r4, [r8]
10002826:	2c00      	cmp	r4, #0
10002828:	d032      	beq.n	10002890 <xTaskResumeAll.part.0+0x150>
1000282a:	2701      	movs	r7, #1
1000282c:	4e28      	ldr	r6, [pc, #160]	@ (100028d0 <xTaskResumeAll.part.0+0x190>)
1000282e:	f7ff f983 	bl	10001b38 <xTaskIncrementTick>
10002832:	b108      	cbz	r0, 10002838 <xTaskResumeAll.part.0+0xf8>
10002834:	f846 7025 	str.w	r7, [r6, r5, lsl #2]
10002838:	3c01      	subs	r4, #1
1000283a:	d1f8      	bne.n	1000282e <xTaskResumeAll.part.0+0xee>
1000283c:	f8c8 4000 	str.w	r4, [r8]
10002840:	f856 4025 	ldr.w	r4, [r6, r5, lsl #2]
10002844:	3c00      	subs	r4, #0
10002846:	bf18      	it	ne
10002848:	2401      	movne	r4, #1
1000284a:	4b22      	ldr	r3, [pc, #136]	@ (100028d4 <xTaskResumeAll.part.0+0x194>)
1000284c:	681b      	ldr	r3, [r3, #0]
1000284e:	b10b      	cbz	r3, 10002854 <xTaskResumeAll.part.0+0x114>
10002850:	f7fe fdd6 	bl	10001400 <vTaskExitCritical.part.0>
10002854:	4620      	mov	r0, r4
10002856:	e8bd 87f0 	ldmia.w	sp!, {r4, r5, r6, r7, r8, r9, sl, pc}
1000285a:	2400      	movs	r4, #0
1000285c:	e7f5      	b.n	1000284a <xTaskResumeAll.part.0+0x10a>
1000285e:	eb06 048a 	add.w	r4, r6, sl, lsl #2
10002862:	6861      	ldr	r1, [r4, #4]
10002864:	f856 202a 	ldr.w	r2, [r6, sl, lsl #2]
10002868:	f8d1 8008 	ldr.w	r8, [r1, #8]
1000286c:	60d9      	str	r1, [r3, #12]
1000286e:	f8c3 8010 	str.w	r8, [r3, #16]
10002872:	f8c8 0004 	str.w	r0, [r8, #4]
10002876:	6088      	str	r0, [r1, #8]
10002878:	619c      	str	r4, [r3, #24]
1000287a:	683b      	ldr	r3, [r7, #0]
1000287c:	3201      	adds	r2, #1
1000287e:	f846 202a 	str.w	r2, [r6, sl, lsl #2]
10002882:	2b00      	cmp	r3, #0
10002884:	d185      	bne.n	10002792 <xTaskResumeAll.part.0+0x52>
10002886:	4b10      	ldr	r3, [pc, #64]	@ (100028c8 <xTaskResumeAll.part.0+0x188>)
10002888:	681a      	ldr	r2, [r3, #0]
1000288a:	6812      	ldr	r2, [r2, #0]
1000288c:	b93a      	cbnz	r2, 1000289e <xTaskResumeAll.part.0+0x15e>
1000288e:	e7c2      	b.n	10002816 <xTaskResumeAll.part.0+0xd6>
10002890:	4e0f      	ldr	r6, [pc, #60]	@ (100028d0 <xTaskResumeAll.part.0+0x190>)
10002892:	f856 4025 	ldr.w	r4, [r6, r5, lsl #2]
10002896:	3c00      	subs	r4, #0
10002898:	bf18      	it	ne
1000289a:	2401      	movne	r4, #1
1000289c:	e7d5      	b.n	1000284a <xTaskResumeAll.part.0+0x10a>
1000289e:	681a      	ldr	r2, [r3, #0]
100028a0:	4b0a      	ldr	r3, [pc, #40]	@ (100028cc <xTaskResumeAll.part.0+0x18c>)
100028a2:	68d2      	ldr	r2, [r2, #12]
100028a4:	6812      	ldr	r2, [r2, #0]
100028a6:	601a      	str	r2, [r3, #0]
100028a8:	e7b9      	b.n	1000281e <xTaskResumeAll.part.0+0xde>
100028aa:	bf00      	nop
100028ac:	20020b58 	.word	0x20020b58
100028b0:	20020b40 	.word	0x20020b40
100028b4:	20020b3c 	.word	0x20020b3c
100028b8:	2000081b 	.word	0x2000081b
100028bc:	20020b50 	.word	0x20020b50
100028c0:	20020be0 	.word	0x20020be0
100028c4:	200008b0 	.word	0x200008b0
100028c8:	200008a0 	.word	0x200008a0
100028cc:	20020bcc 	.word	0x20020bcc
100028d0:	20020c34 	.word	0x20020c34
100028d4:	20020bf4 	.word	0x20020bf4
100028d8:	20020b60 	.word	0x20020b60
100028dc:	20020bdc 	.word	0x20020bdc

100028e0 <xTaskResumeAll>:
100028e0:	4b02      	ldr	r3, [pc, #8]	@ (100028ec <xTaskResumeAll+0xc>)
100028e2:	6818      	ldr	r0, [r3, #0]
100028e4:	b900      	cbnz	r0, 100028e8 <xTaskResumeAll+0x8>
100028e6:	4770      	bx	lr
100028e8:	f7ff bf2a 	b.w	10002740 <xTaskResumeAll.part.0>
100028ec:	20020bf4 	.word	0x20020bf4

100028f0 <vTaskRemoveFromUnorderedEventList>:
100028f0:	b5f8      	push	{r3, r4, r5, r6, r7, lr}
100028f2:	e9d0 5201 	ldrd	r5, r2, [r0, #4]
100028f6:	2700      	movs	r7, #0
100028f8:	6903      	ldr	r3, [r0, #16]
100028fa:	f041 4100 	orr.w	r1, r1, #2147483648	@ 0x80000000
100028fe:	6001      	str	r1, [r0, #0]
10002900:	6859      	ldr	r1, [r3, #4]
10002902:	68c4      	ldr	r4, [r0, #12]
10002904:	4281      	cmp	r1, r0
10002906:	60aa      	str	r2, [r5, #8]
10002908:	6055      	str	r5, [r2, #4]
1000290a:	bf08      	it	eq
1000290c:	605a      	streq	r2, [r3, #4]
1000290e:	681a      	ldr	r2, [r3, #0]
10002910:	e9d4 6103 	ldrd	r6, r1, [r4, #12]
10002914:	3a01      	subs	r2, #1
10002916:	6107      	str	r7, [r0, #16]
10002918:	601a      	str	r2, [r3, #0]
1000291a:	69a3      	ldr	r3, [r4, #24]
1000291c:	f104 0508 	add.w	r5, r4, #8
10002920:	685a      	ldr	r2, [r3, #4]
10002922:	60b1      	str	r1, [r6, #8]
10002924:	42aa      	cmp	r2, r5
10002926:	681a      	ldr	r2, [r3, #0]
10002928:	604e      	str	r6, [r1, #4]
1000292a:	bf08      	it	eq
1000292c:	6059      	streq	r1, [r3, #4]
1000292e:	4912      	ldr	r1, [pc, #72]	@ (10002978 <vTaskRemoveFromUnorderedEventList+0x88>)
10002930:	3a01      	subs	r2, #1
10002932:	601a      	str	r2, [r3, #0]
10002934:	6b23      	ldr	r3, [r4, #48]	@ 0x30
10002936:	680a      	ldr	r2, [r1, #0]
10002938:	4293      	cmp	r3, r2
1000293a:	4a10      	ldr	r2, [pc, #64]	@ (1000297c <vTaskRemoveFromUnorderedEventList+0x8c>)
1000293c:	bf88      	it	hi
1000293e:	600b      	strhi	r3, [r1, #0]
10002940:	eb03 0383 	add.w	r3, r3, r3, lsl #2
10002944:	0098      	lsls	r0, r3, #2
10002946:	eb02 0383 	add.w	r3, r2, r3, lsl #2
1000294a:	6859      	ldr	r1, [r3, #4]
1000294c:	688e      	ldr	r6, [r1, #8]
1000294e:	60e1      	str	r1, [r4, #12]
10002950:	6126      	str	r6, [r4, #16]
10002952:	6075      	str	r5, [r6, #4]
10002954:	608d      	str	r5, [r1, #8]
10002956:	5811      	ldr	r1, [r2, r0]
10002958:	61a3      	str	r3, [r4, #24]
1000295a:	3101      	adds	r1, #1
1000295c:	5011      	str	r1, [r2, r0]
1000295e:	f7ff fd59 	bl	10002414 <vTaskEnterCritical>
10002962:	4620      	mov	r0, r4
10002964:	f7fe fce6 	bl	10001334 <prvYieldForTask>
10002968:	4b05      	ldr	r3, [pc, #20]	@ (10002980 <vTaskRemoveFromUnorderedEventList+0x90>)
1000296a:	681b      	ldr	r3, [r3, #0]
1000296c:	b11b      	cbz	r3, 10002976 <vTaskRemoveFromUnorderedEventList+0x86>
1000296e:	e8bd 40f8 	ldmia.w	sp!, {r3, r4, r5, r6, r7, lr}
10002972:	f7fe bd45 	b.w	10001400 <vTaskExitCritical.part.0>
10002976:	bdf8      	pop	{r3, r4, r5, r6, r7, pc}
10002978:	20020b60 	.word	0x20020b60
1000297c:	200008b0 	.word	0x200008b0
10002980:	20020bf4 	.word	0x20020bf4

10002984 <xTaskCheckForTimeOut>:
10002984:	e92d 4ff8 	stmdb	sp!, {r3, r4, r5, r6, r7, r8, r9, sl, fp, lr}
10002988:	4604      	mov	r4, r0
1000298a:	f04f 4750 	mov.w	r7, #3489660928	@ 0xd0000000
1000298e:	f8df 8094 	ldr.w	r8, [pc, #148]	@ 10002a24 <xTaskCheckForTimeOut+0xa0>
10002992:	460d      	mov	r5, r1
10002994:	4e20      	ldr	r6, [pc, #128]	@ (10002a18 <xTaskCheckForTimeOut+0x94>)
10002996:	f7ff fd3d 	bl	10002414 <vTaskEnterCritical>
1000299a:	f8d8 a000 	ldr.w	sl, [r8]
1000299e:	f8d4 9004 	ldr.w	r9, [r4, #4]
100029a2:	f7fe f821 	bl	100009e8 <ulSetInterruptMask>
100029a6:	683b      	ldr	r3, [r7, #0]
100029a8:	f856 b023 	ldr.w	fp, [r6, r3, lsl #2]
100029ac:	f7fe f828 	bl	10000a00 <vClearInterruptMask>
100029b0:	f89b 3079 	ldrb.w	r3, [fp, #121]	@ 0x79
100029b4:	bb23      	cbnz	r3, 10002a00 <xTaskCheckForTimeOut+0x7c>
100029b6:	682b      	ldr	r3, [r5, #0]
100029b8:	1c5a      	adds	r2, r3, #1
100029ba:	d01f      	beq.n	100029fc <xTaskCheckForTimeOut+0x78>
100029bc:	4a17      	ldr	r2, [pc, #92]	@ (10002a1c <xTaskCheckForTimeOut+0x98>)
100029be:	6821      	ldr	r1, [r4, #0]
100029c0:	6810      	ldr	r0, [r2, #0]
100029c2:	4281      	cmp	r1, r0
100029c4:	d00d      	beq.n	100029e2 <xTaskCheckForTimeOut+0x5e>
100029c6:	6861      	ldr	r1, [r4, #4]
100029c8:	4551      	cmp	r1, sl
100029ca:	d80a      	bhi.n	100029e2 <xTaskCheckForTimeOut+0x5e>
100029cc:	2300      	movs	r3, #0
100029ce:	602b      	str	r3, [r5, #0]
100029d0:	2401      	movs	r4, #1
100029d2:	4b13      	ldr	r3, [pc, #76]	@ (10002a20 <xTaskCheckForTimeOut+0x9c>)
100029d4:	681b      	ldr	r3, [r3, #0]
100029d6:	b10b      	cbz	r3, 100029dc <xTaskCheckForTimeOut+0x58>
100029d8:	f7fe fd12 	bl	10001400 <vTaskExitCritical.part.0>
100029dc:	4620      	mov	r0, r4
100029de:	e8bd 8ff8 	ldmia.w	sp!, {r3, r4, r5, r6, r7, r8, r9, sl, fp, pc}
100029e2:	ebaa 0109 	sub.w	r1, sl, r9
100029e6:	428b      	cmp	r3, r1
100029e8:	d9f0      	bls.n	100029cc <xTaskCheckForTimeOut+0x48>
100029ea:	6811      	ldr	r1, [r2, #0]
100029ec:	eba3 030a 	sub.w	r3, r3, sl
100029f0:	f8d8 2000 	ldr.w	r2, [r8]
100029f4:	444b      	add	r3, r9
100029f6:	602b      	str	r3, [r5, #0]
100029f8:	e9c4 1200 	strd	r1, r2, [r4]
100029fc:	2400      	movs	r4, #0
100029fe:	e7e8      	b.n	100029d2 <xTaskCheckForTimeOut+0x4e>
10002a00:	f7fd fff2 	bl	100009e8 <ulSetInterruptMask>
10002a04:	683b      	ldr	r3, [r7, #0]
10002a06:	f856 4023 	ldr.w	r4, [r6, r3, lsl #2]
10002a0a:	f7fd fff9 	bl	10000a00 <vClearInterruptMask>
10002a0e:	2300      	movs	r3, #0
10002a10:	f884 3079 	strb.w	r3, [r4, #121]	@ 0x79
10002a14:	e7dc      	b.n	100029d0 <xTaskCheckForTimeOut+0x4c>
10002a16:	bf00      	nop
10002a18:	20000894 	.word	0x20000894
10002a1c:	20020bd0 	.word	0x20020bd0
10002a20:	20020bf4 	.word	0x20020bf4
10002a24:	20020c28 	.word	0x20020c28

10002a28 <vTaskEnterCriticalFromISR>:
10002a28:	4b1f      	ldr	r3, [pc, #124]	@ (10002aa8 <vTaskEnterCriticalFromISR+0x80>)
10002a2a:	6818      	ldr	r0, [r3, #0]
10002a2c:	b900      	cbnz	r0, 10002a30 <vTaskEnterCriticalFromISR+0x8>
10002a2e:	4770      	bx	lr
10002a30:	b570      	push	{r4, r5, r6, lr}
10002a32:	f7fd ffd9 	bl	100009e8 <ulSetInterruptMask>
10002a36:	f04f 4250 	mov.w	r2, #3489660928	@ 0xd0000000
10002a3a:	4c1c      	ldr	r4, [pc, #112]	@ (10002aac <vTaskEnterCriticalFromISR+0x84>)
10002a3c:	6813      	ldr	r3, [r2, #0]
10002a3e:	f854 1023 	ldr.w	r1, [r4, r3, lsl #2]
10002a42:	b129      	cbz	r1, 10002a50 <vTaskEnterCriticalFromISR+0x28>
10002a44:	f854 2023 	ldr.w	r2, [r4, r3, lsl #2]
10002a48:	3201      	adds	r2, #1
10002a4a:	f844 2023 	str.w	r2, [r4, r3, lsl #2]
10002a4e:	bd70      	pop	{r4, r5, r6, pc}
10002a50:	4917      	ldr	r1, [pc, #92]	@ (10002ab0 <vTaskEnterCriticalFromISR+0x88>)
10002a52:	e8d1 5fcf 	ldaexb	r5, [r1]
10002a56:	2601      	movs	r6, #1
10002a58:	2d00      	cmp	r5, #0
10002a5a:	d101      	bne.n	10002a60 <vTaskEnterCriticalFromISR+0x38>
10002a5c:	e8c1 6f45 	strexb	r5, r6, [r1]
10002a60:	f3bf 8f5f 	dmb	sy
10002a64:	b94d      	cbnz	r5, 10002a7a <vTaskEnterCriticalFromISR+0x52>
10002a66:	4d13      	ldr	r5, [pc, #76]	@ (10002ab4 <vTaskEnterCriticalFromISR+0x8c>)
10002a68:	2201      	movs	r2, #1
10002a6a:	4913      	ldr	r1, [pc, #76]	@ (10002ab8 <vTaskEnterCriticalFromISR+0x90>)
10002a6c:	700a      	strb	r2, [r1, #0]
10002a6e:	f805 2013 	strb.w	r2, [r5, r3, lsl #1]
10002a72:	f04f 4350 	mov.w	r3, #3489660928	@ 0xd0000000
10002a76:	681b      	ldr	r3, [r3, #0]
10002a78:	e7e4      	b.n	10002a44 <vTaskEnterCriticalFromISR+0x1c>
10002a7a:	4d0e      	ldr	r5, [pc, #56]	@ (10002ab4 <vTaskEnterCriticalFromISR+0x8c>)
10002a7c:	f815 6013 	ldrb.w	r6, [r5, r3, lsl #1]
10002a80:	b95e      	cbnz	r6, 10002a9a <vTaskEnterCriticalFromISR+0x72>
10002a82:	e8d1 6fcf 	ldaexb	r6, [r1]
10002a86:	2201      	movs	r2, #1
10002a88:	2e00      	cmp	r6, #0
10002a8a:	d1fa      	bne.n	10002a82 <vTaskEnterCriticalFromISR+0x5a>
10002a8c:	e8c1 2f46 	strexb	r6, r2, [r1]
10002a90:	2e00      	cmp	r6, #0
10002a92:	d1f6      	bne.n	10002a82 <vTaskEnterCriticalFromISR+0x5a>
10002a94:	f3bf 8f5f 	dmb	sy
10002a98:	e7e6      	b.n	10002a68 <vTaskEnterCriticalFromISR+0x40>
10002a9a:	4907      	ldr	r1, [pc, #28]	@ (10002ab8 <vTaskEnterCriticalFromISR+0x90>)
10002a9c:	780b      	ldrb	r3, [r1, #0]
10002a9e:	3301      	adds	r3, #1
10002aa0:	b2db      	uxtb	r3, r3
10002aa2:	700b      	strb	r3, [r1, #0]
10002aa4:	6813      	ldr	r3, [r2, #0]
10002aa6:	e7cd      	b.n	10002a44 <vTaskEnterCriticalFromISR+0x1c>
10002aa8:	20020bf4 	.word	0x20020bf4
10002aac:	20020b44 	.word	0x20020b44
10002ab0:	2000081a 	.word	0x2000081a
10002ab4:	20020b3c 	.word	0x20020b3c
10002ab8:	20020b40 	.word	0x20020b40

10002abc <vTaskExitCritical>:
10002abc:	4b1e      	ldr	r3, [pc, #120]	@ (10002b38 <vTaskExitCritical+0x7c>)
10002abe:	681b      	ldr	r3, [r3, #0]
10002ac0:	2b00      	cmp	r3, #0
10002ac2:	d034      	beq.n	10002b2e <vTaskExitCritical+0x72>
10002ac4:	f04f 4150 	mov.w	r1, #3489660928	@ 0xd0000000
10002ac8:	4b1c      	ldr	r3, [pc, #112]	@ (10002b3c <vTaskExitCritical+0x80>)
10002aca:	680a      	ldr	r2, [r1, #0]
10002acc:	f853 0022 	ldr.w	r0, [r3, r2, lsl #2]
10002ad0:	2800      	cmp	r0, #0
10002ad2:	d02c      	beq.n	10002b2e <vTaskExitCritical+0x72>
10002ad4:	f853 0022 	ldr.w	r0, [r3, r2, lsl #2]
10002ad8:	3801      	subs	r0, #1
10002ada:	f843 0022 	str.w	r0, [r3, r2, lsl #2]
10002ade:	680a      	ldr	r2, [r1, #0]
10002ae0:	f853 3022 	ldr.w	r3, [r3, r2, lsl #2]
10002ae4:	bb1b      	cbnz	r3, 10002b2e <vTaskExitCritical+0x72>
10002ae6:	b510      	push	{r4, lr}
10002ae8:	4915      	ldr	r1, [pc, #84]	@ (10002b40 <vTaskExitCritical+0x84>)
10002aea:	4b16      	ldr	r3, [pc, #88]	@ (10002b44 <vTaskExitCritical+0x88>)
10002aec:	f853 4022 	ldr.w	r4, [r3, r2, lsl #2]
10002af0:	780b      	ldrb	r3, [r1, #0]
10002af2:	3b01      	subs	r3, #1
10002af4:	b2db      	uxtb	r3, r3
10002af6:	700b      	strb	r3, [r1, #0]
10002af8:	b92b      	cbnz	r3, 10002b06 <vTaskExitCritical+0x4a>
10002afa:	4813      	ldr	r0, [pc, #76]	@ (10002b48 <vTaskExitCritical+0x8c>)
10002afc:	f800 3012 	strb.w	r3, [r0, r2, lsl #1]
10002b00:	4a12      	ldr	r2, [pc, #72]	@ (10002b4c <vTaskExitCritical+0x90>)
10002b02:	e8c2 3f8f 	stlb	r3, [r2]
10002b06:	f04f 4250 	mov.w	r2, #3489660928	@ 0xd0000000
10002b0a:	784b      	ldrb	r3, [r1, #1]
10002b0c:	6810      	ldr	r0, [r2, #0]
10002b0e:	3b01      	subs	r3, #1
10002b10:	b2db      	uxtb	r3, r3
10002b12:	704b      	strb	r3, [r1, #1]
10002b14:	b933      	cbnz	r3, 10002b24 <vTaskExitCritical+0x68>
10002b16:	4a0c      	ldr	r2, [pc, #48]	@ (10002b48 <vTaskExitCritical+0x8c>)
10002b18:	490d      	ldr	r1, [pc, #52]	@ (10002b50 <vTaskExitCritical+0x94>)
10002b1a:	eb02 0240 	add.w	r2, r2, r0, lsl #1
10002b1e:	7053      	strb	r3, [r2, #1]
10002b20:	e8c1 3f8f 	stlb	r3, [r1]
10002b24:	2000      	movs	r0, #0
10002b26:	f7fd ff6b 	bl	10000a00 <vClearInterruptMask>
10002b2a:	b90c      	cbnz	r4, 10002b30 <vTaskExitCritical+0x74>
10002b2c:	bd10      	pop	{r4, pc}
10002b2e:	4770      	bx	lr
10002b30:	e8bd 4010 	ldmia.w	sp!, {r4, lr}
10002b34:	f7fd bdb4 	b.w	100006a0 <vPortYield>
10002b38:	20020bf4 	.word	0x20020bf4
10002b3c:	20020b44 	.word	0x20020b44
10002b40:	20020b40 	.word	0x20020b40
10002b44:	20020c34 	.word	0x20020c34
10002b48:	20020b3c 	.word	0x20020b3c
10002b4c:	2000081a 	.word	0x2000081a
10002b50:	2000081b 	.word	0x2000081b

10002b54 <vTaskExitCriticalFromISR>:
10002b54:	4b13      	ldr	r3, [pc, #76]	@ (10002ba4 <vTaskExitCriticalFromISR+0x50>)
10002b56:	681b      	ldr	r3, [r3, #0]
10002b58:	b903      	cbnz	r3, 10002b5c <vTaskExitCriticalFromISR+0x8>
10002b5a:	4770      	bx	lr
10002b5c:	f04f 4150 	mov.w	r1, #3489660928	@ 0xd0000000
10002b60:	4b11      	ldr	r3, [pc, #68]	@ (10002ba8 <vTaskExitCriticalFromISR+0x54>)
10002b62:	680a      	ldr	r2, [r1, #0]
10002b64:	b410      	push	{r4}
10002b66:	f853 4022 	ldr.w	r4, [r3, r2, lsl #2]
10002b6a:	b1c4      	cbz	r4, 10002b9e <vTaskExitCriticalFromISR+0x4a>
10002b6c:	f853 4022 	ldr.w	r4, [r3, r2, lsl #2]
10002b70:	3c01      	subs	r4, #1
10002b72:	f843 4022 	str.w	r4, [r3, r2, lsl #2]
10002b76:	680a      	ldr	r2, [r1, #0]
10002b78:	f853 3022 	ldr.w	r3, [r3, r2, lsl #2]
10002b7c:	b97b      	cbnz	r3, 10002b9e <vTaskExitCriticalFromISR+0x4a>
10002b7e:	490b      	ldr	r1, [pc, #44]	@ (10002bac <vTaskExitCriticalFromISR+0x58>)
10002b80:	780b      	ldrb	r3, [r1, #0]
10002b82:	3b01      	subs	r3, #1
10002b84:	b2db      	uxtb	r3, r3
10002b86:	700b      	strb	r3, [r1, #0]
10002b88:	b92b      	cbnz	r3, 10002b96 <vTaskExitCriticalFromISR+0x42>
10002b8a:	4c09      	ldr	r4, [pc, #36]	@ (10002bb0 <vTaskExitCriticalFromISR+0x5c>)
10002b8c:	4909      	ldr	r1, [pc, #36]	@ (10002bb4 <vTaskExitCriticalFromISR+0x60>)
10002b8e:	f804 3012 	strb.w	r3, [r4, r2, lsl #1]
10002b92:	e8c1 3f8f 	stlb	r3, [r1]
10002b96:	f85d 4b04 	ldr.w	r4, [sp], #4
10002b9a:	f7fd bf31 	b.w	10000a00 <vClearInterruptMask>
10002b9e:	f85d 4b04 	ldr.w	r4, [sp], #4
10002ba2:	4770      	bx	lr
10002ba4:	20020bf4 	.word	0x20020bf4
10002ba8:	20020b44 	.word	0x20020b44
10002bac:	20020b40 	.word	0x20020b40
10002bb0:	20020b3c 	.word	0x20020b3c
10002bb4:	2000081a 	.word	0x2000081a

10002bb8 <uxTaskResetEventItemValue>:
10002bb8:	b5f8      	push	{r3, r4, r5, r6, r7, lr}
10002bba:	f04f 4650 	mov.w	r6, #3489660928	@ 0xd0000000
10002bbe:	f7fd ff13 	bl	100009e8 <ulSetInterruptMask>
10002bc2:	4d0d      	ldr	r5, [pc, #52]	@ (10002bf8 <uxTaskResetEventItemValue+0x40>)
10002bc4:	6833      	ldr	r3, [r6, #0]
10002bc6:	f855 4023 	ldr.w	r4, [r5, r3, lsl #2]
10002bca:	f7fd ff19 	bl	10000a00 <vClearInterruptMask>
10002bce:	69e7      	ldr	r7, [r4, #28]
10002bd0:	f7fd ff0a 	bl	100009e8 <ulSetInterruptMask>
10002bd4:	6833      	ldr	r3, [r6, #0]
10002bd6:	f855 4023 	ldr.w	r4, [r5, r3, lsl #2]
10002bda:	f7fd ff11 	bl	10000a00 <vClearInterruptMask>
10002bde:	6b24      	ldr	r4, [r4, #48]	@ 0x30
10002be0:	f7fd ff02 	bl	100009e8 <ulSetInterruptMask>
10002be4:	6833      	ldr	r3, [r6, #0]
10002be6:	f1c4 0420 	rsb	r4, r4, #32
10002bea:	f855 5023 	ldr.w	r5, [r5, r3, lsl #2]
10002bee:	f7fd ff07 	bl	10000a00 <vClearInterruptMask>
10002bf2:	4638      	mov	r0, r7
10002bf4:	61ec      	str	r4, [r5, #28]
10002bf6:	bdf8      	pop	{r3, r4, r5, r6, r7, pc}
10002bf8:	20000894 	.word	0x20000894

10002bfc <prvTimerTask>:
10002bfc:	e92d 4ff0 	stmdb	sp!, {r4, r5, r6, r7, r8, r9, sl, fp, lr}
10002c00:	4fb7      	ldr	r7, [pc, #732]	@ (10002ee0 <prvTimerTask+0x2e4>)
10002c02:	f8df b2e4 	ldr.w	fp, [pc, #740]	@ 10002ee8 <prvTimerTask+0x2ec>
10002c06:	f8df 82e4 	ldr.w	r8, [pc, #740]	@ 10002eec <prvTimerTask+0x2f0>
10002c0a:	4db6      	ldr	r5, [pc, #728]	@ (10002ee4 <prvTimerTask+0x2e8>)
10002c0c:	b087      	sub	sp, #28
10002c0e:	683b      	ldr	r3, [r7, #0]
10002c10:	681c      	ldr	r4, [r3, #0]
10002c12:	2c00      	cmp	r4, #0
10002c14:	f000 811d 	beq.w	10002e52 <prvTimerTask+0x256>
10002c18:	68db      	ldr	r3, [r3, #12]
10002c1a:	681c      	ldr	r4, [r3, #0]
10002c1c:	f7fe ff78 	bl	10001b10 <vTaskSuspendAll>
10002c20:	f7fe ff7e 	bl	10001b20 <xTaskGetTickCount>
10002c24:	f8db 3000 	ldr.w	r3, [fp]
10002c28:	4681      	mov	r9, r0
10002c2a:	4283      	cmp	r3, r0
10002c2c:	d845      	bhi.n	10002cba <prvTimerTask+0xbe>
10002c2e:	4284      	cmp	r4, r0
10002c30:	f8cb 0000 	str.w	r0, [fp]
10002c34:	f240 813e 	bls.w	10002eb4 <prvTimerTask+0x2b8>
10002c38:	2200      	movs	r2, #0
10002c3a:	6828      	ldr	r0, [r5, #0]
10002c3c:	eba4 0109 	sub.w	r1, r4, r9
10002c40:	f7fe fb40 	bl	100012c4 <vQueueWaitForMessageRestricted>
10002c44:	f7ff fe4c 	bl	100028e0 <xTaskResumeAll>
10002c48:	2800      	cmp	r0, #0
10002c4a:	f000 8125 	beq.w	10002e98 <prvTimerTask+0x29c>
10002c4e:	2300      	movs	r3, #0
10002c50:	e9cd 3302 	strd	r3, r3, [sp, #8]
10002c54:	e9cd 3304 	strd	r3, r3, [sp, #16]
10002c58:	2200      	movs	r2, #0
10002c5a:	6828      	ldr	r0, [r5, #0]
10002c5c:	a902      	add	r1, sp, #8
10002c5e:	f7fe fa15 	bl	1000108c <xQueueReceive>
10002c62:	2800      	cmp	r0, #0
10002c64:	d0d3      	beq.n	10002c0e <prvTimerTask+0x12>
10002c66:	9b02      	ldr	r3, [sp, #8]
10002c68:	2b00      	cmp	r3, #0
10002c6a:	f2c0 80e9 	blt.w	10002e40 <prvTimerTask+0x244>
10002c6e:	f8dd a010 	ldr.w	sl, [sp, #16]
10002c72:	f8da 3014 	ldr.w	r3, [sl, #20]
10002c76:	b11b      	cbz	r3, 10002c80 <prvTimerTask+0x84>
10002c78:	f10a 0004 	add.w	r0, sl, #4
10002c7c:	f7fe f832 	bl	10000ce4 <uxListRemove>
10002c80:	f7fe ff4e 	bl	10001b20 <xTaskGetTickCount>
10002c84:	f8db 3000 	ldr.w	r3, [fp]
10002c88:	9001      	str	r0, [sp, #4]
10002c8a:	4298      	cmp	r0, r3
10002c8c:	d343      	bcc.n	10002d16 <prvTimerTask+0x11a>
10002c8e:	e9dd 2301 	ldrd	r2, r3, [sp, #4]
10002c92:	3b01      	subs	r3, #1
10002c94:	f8cb 2000 	str.w	r2, [fp]
10002c98:	2b08      	cmp	r3, #8
10002c9a:	d8dd      	bhi.n	10002c58 <prvTimerTask+0x5c>
10002c9c:	e8df f003 	tbb	[pc, r3]
10002ca0:	a5c06161 	.word	0xa5c06161
10002ca4:	c06161c7 	.word	0xc06161c7
10002ca8:	a5          	.byte	0xa5
10002ca9:	00          	.byte	0x00
10002caa:	f022 0201 	bic.w	r2, r2, #1
10002cae:	f88a 2028 	strb.w	r2, [sl, #40]	@ 0x28
10002cb2:	4650      	mov	r0, sl
10002cb4:	f8da 3020 	ldr.w	r3, [sl, #32]
10002cb8:	4798      	blx	r3
10002cba:	683b      	ldr	r3, [r7, #0]
10002cbc:	681a      	ldr	r2, [r3, #0]
10002cbe:	2a00      	cmp	r2, #0
10002cc0:	f000 80da 	beq.w	10002e78 <prvTimerTask+0x27c>
10002cc4:	68da      	ldr	r2, [r3, #12]
10002cc6:	f8d2 a00c 	ldr.w	sl, [r2, #12]
10002cca:	6814      	ldr	r4, [r2, #0]
10002ccc:	f10a 0604 	add.w	r6, sl, #4
10002cd0:	4630      	mov	r0, r6
10002cd2:	f7fe f807 	bl	10000ce4 <uxListRemove>
10002cd6:	f89a 2028 	ldrb.w	r2, [sl, #40]	@ 0x28
10002cda:	0751      	lsls	r1, r2, #29
10002cdc:	d5e5      	bpl.n	10002caa <prvTimerTask+0xae>
10002cde:	e003      	b.n	10002ce8 <prvTimerTask+0xec>
10002ce0:	4650      	mov	r0, sl
10002ce2:	f8da 2020 	ldr.w	r2, [sl, #32]
10002ce6:	4790      	blx	r2
10002ce8:	f8da 2018 	ldr.w	r2, [sl, #24]
10002cec:	f8ca a010 	str.w	sl, [sl, #16]
10002cf0:	18a1      	adds	r1, r4, r2
10002cf2:	18a4      	adds	r4, r4, r2
10002cf4:	f8ca 1004 	str.w	r1, [sl, #4]
10002cf8:	d3f2      	bcc.n	10002ce0 <prvTimerTask+0xe4>
10002cfa:	4631      	mov	r1, r6
10002cfc:	f8d8 0000 	ldr.w	r0, [r8]
10002d00:	f7fd ffd8 	bl	10000cb4 <vListInsert>
10002d04:	e7d5      	b.n	10002cb2 <prvTimerTask+0xb6>
10002d06:	f021 0101 	bic.w	r1, r1, #1
10002d0a:	f889 1028 	strb.w	r1, [r9, #40]	@ 0x28
10002d0e:	4648      	mov	r0, r9
10002d10:	f8d9 3020 	ldr.w	r3, [r9, #32]
10002d14:	4798      	blx	r3
10002d16:	683b      	ldr	r3, [r7, #0]
10002d18:	6819      	ldr	r1, [r3, #0]
10002d1a:	2900      	cmp	r1, #0
10002d1c:	f000 80b6 	beq.w	10002e8c <prvTimerTask+0x290>
10002d20:	68d9      	ldr	r1, [r3, #12]
10002d22:	f8d1 900c 	ldr.w	r9, [r1, #12]
10002d26:	680c      	ldr	r4, [r1, #0]
10002d28:	f109 0604 	add.w	r6, r9, #4
10002d2c:	4630      	mov	r0, r6
10002d2e:	f7fd ffd9 	bl	10000ce4 <uxListRemove>
10002d32:	f899 1028 	ldrb.w	r1, [r9, #40]	@ 0x28
10002d36:	0748      	lsls	r0, r1, #29
10002d38:	d5e5      	bpl.n	10002d06 <prvTimerTask+0x10a>
10002d3a:	e003      	b.n	10002d44 <prvTimerTask+0x148>
10002d3c:	4648      	mov	r0, r9
10002d3e:	f8d9 1020 	ldr.w	r1, [r9, #32]
10002d42:	4788      	blx	r1
10002d44:	f8d9 1018 	ldr.w	r1, [r9, #24]
10002d48:	f8c9 9010 	str.w	r9, [r9, #16]
10002d4c:	1860      	adds	r0, r4, r1
10002d4e:	1864      	adds	r4, r4, r1
10002d50:	f8c9 0004 	str.w	r0, [r9, #4]
10002d54:	d3f2      	bcc.n	10002d3c <prvTimerTask+0x140>
10002d56:	4631      	mov	r1, r6
10002d58:	f8d8 0000 	ldr.w	r0, [r8]
10002d5c:	f7fd ffaa 	bl	10000cb4 <vListInsert>
10002d60:	e7d5      	b.n	10002d0e <prvTimerTask+0x112>
10002d62:	f89a 0028 	ldrb.w	r0, [sl, #40]	@ 0x28
10002d66:	9903      	ldr	r1, [sp, #12]
10002d68:	f8da 4018 	ldr.w	r4, [sl, #24]
10002d6c:	9a01      	ldr	r2, [sp, #4]
10002d6e:	190b      	adds	r3, r1, r4
10002d70:	f040 0601 	orr.w	r6, r0, #1
10002d74:	f88a 6028 	strb.w	r6, [sl, #40]	@ 0x28
10002d78:	bf2c      	ite	cs
10002d7a:	2601      	movcs	r6, #1
10002d7c:	2600      	movcc	r6, #0
10002d7e:	4293      	cmp	r3, r2
10002d80:	f8ca 3004 	str.w	r3, [sl, #4]
10002d84:	f8ca a010 	str.w	sl, [sl, #16]
10002d88:	f200 8089 	bhi.w	10002e9e <prvTimerTask+0x2a2>
10002d8c:	1a51      	subs	r1, r2, r1
10002d8e:	428c      	cmp	r4, r1
10002d90:	d83f      	bhi.n	10002e12 <prvTimerTask+0x216>
10002d92:	0741      	lsls	r1, r0, #29
10002d94:	d412      	bmi.n	10002dbc <prvTimerTask+0x1c0>
10002d96:	f020 0001 	bic.w	r0, r0, #1
10002d9a:	f88a 0028 	strb.w	r0, [sl, #40]	@ 0x28
10002d9e:	4650      	mov	r0, sl
10002da0:	f8da 3020 	ldr.w	r3, [sl, #32]
10002da4:	4798      	blx	r3
10002da6:	e757      	b.n	10002c58 <prvTimerTask+0x5c>
10002da8:	42a1      	cmp	r1, r4
10002daa:	f0c0 80c7 	bcc.w	10002f3c <prvTimerTask+0x340>
10002dae:	f8da 3020 	ldr.w	r3, [sl, #32]
10002db2:	4650      	mov	r0, sl
10002db4:	4798      	blx	r3
10002db6:	4633      	mov	r3, r6
10002db8:	f8da 4018 	ldr.w	r4, [sl, #24]
10002dbc:	9a01      	ldr	r2, [sp, #4]
10002dbe:	191e      	adds	r6, r3, r4
10002dc0:	bf2c      	ite	cs
10002dc2:	2001      	movcs	r0, #1
10002dc4:	2000      	movcc	r0, #0
10002dc6:	42b2      	cmp	r2, r6
10002dc8:	eba2 0103 	sub.w	r1, r2, r3
10002dcc:	f8ca 6004 	str.w	r6, [sl, #4]
10002dd0:	f8ca a010 	str.w	sl, [sl, #16]
10002dd4:	d2e8      	bcs.n	10002da8 <prvTimerTask+0x1ac>
10002dd6:	429a      	cmp	r2, r3
10002dd8:	d201      	bcs.n	10002dde <prvTimerTask+0x1e2>
10002dda:	2800      	cmp	r0, #0
10002ddc:	d0e7      	beq.n	10002dae <prvTimerTask+0x1b2>
10002dde:	6838      	ldr	r0, [r7, #0]
10002de0:	f10a 0104 	add.w	r1, sl, #4
10002de4:	f7fd ff66 	bl	10000cb4 <vListInsert>
10002de8:	e7d9      	b.n	10002d9e <prvTimerTask+0x1a2>
10002dea:	9903      	ldr	r1, [sp, #12]
10002dec:	9a01      	ldr	r2, [sp, #4]
10002dee:	f89a 3028 	ldrb.w	r3, [sl, #40]	@ 0x28
10002df2:	1888      	adds	r0, r1, r2
10002df4:	f043 0301 	orr.w	r3, r3, #1
10002df8:	4290      	cmp	r0, r2
10002dfa:	f88a 3028 	strb.w	r3, [sl, #40]	@ 0x28
10002dfe:	f8ca 1018 	str.w	r1, [sl, #24]
10002e02:	f8ca 0004 	str.w	r0, [sl, #4]
10002e06:	f8ca a010 	str.w	sl, [sl, #16]
10002e0a:	d84d      	bhi.n	10002ea8 <prvTimerTask+0x2ac>
10002e0c:	2900      	cmp	r1, #0
10002e0e:	f43f af23 	beq.w	10002c58 <prvTimerTask+0x5c>
10002e12:	f8d8 0000 	ldr.w	r0, [r8]
10002e16:	f10a 0104 	add.w	r1, sl, #4
10002e1a:	f7fd ff4b 	bl	10000cb4 <vListInsert>
10002e1e:	e71b      	b.n	10002c58 <prvTimerTask+0x5c>
10002e20:	f89a 3028 	ldrb.w	r3, [sl, #40]	@ 0x28
10002e24:	f023 0301 	bic.w	r3, r3, #1
10002e28:	f88a 3028 	strb.w	r3, [sl, #40]	@ 0x28
10002e2c:	e714      	b.n	10002c58 <prvTimerTask+0x5c>
10002e2e:	f89a 3028 	ldrb.w	r3, [sl, #40]	@ 0x28
10002e32:	079a      	lsls	r2, r3, #30
10002e34:	d578      	bpl.n	10002f28 <prvTimerTask+0x32c>
10002e36:	f023 0301 	bic.w	r3, r3, #1
10002e3a:	f88a 3028 	strb.w	r3, [sl, #40]	@ 0x28
10002e3e:	e70b      	b.n	10002c58 <prvTimerTask+0x5c>
10002e40:	9b03      	ldr	r3, [sp, #12]
10002e42:	e9dd 0104 	ldrd	r0, r1, [sp, #16]
10002e46:	4798      	blx	r3
10002e48:	9b02      	ldr	r3, [sp, #8]
10002e4a:	2b00      	cmp	r3, #0
10002e4c:	f6ff af04 	blt.w	10002c58 <prvTimerTask+0x5c>
10002e50:	e70d      	b.n	10002c6e <prvTimerTask+0x72>
10002e52:	f7fe fe5d 	bl	10001b10 <vTaskSuspendAll>
10002e56:	f7fe fe63 	bl	10001b20 <xTaskGetTickCount>
10002e5a:	f8db 3000 	ldr.w	r3, [fp]
10002e5e:	4681      	mov	r9, r0
10002e60:	4283      	cmp	r3, r0
10002e62:	f63f af2a 	bhi.w	10002cba <prvTimerTask+0xbe>
10002e66:	f8d8 3000 	ldr.w	r3, [r8]
10002e6a:	f8cb 9000 	str.w	r9, [fp]
10002e6e:	681a      	ldr	r2, [r3, #0]
10002e70:	fab2 f282 	clz	r2, r2
10002e74:	0952      	lsrs	r2, r2, #5
10002e76:	e6e0      	b.n	10002c3a <prvTimerTask+0x3e>
10002e78:	f8d8 2000 	ldr.w	r2, [r8]
10002e7c:	f8cb 9000 	str.w	r9, [fp]
10002e80:	603a      	str	r2, [r7, #0]
10002e82:	f8c8 3000 	str.w	r3, [r8]
10002e86:	f7ff fd2b 	bl	100028e0 <xTaskResumeAll>
10002e8a:	e6e0      	b.n	10002c4e <prvTimerTask+0x52>
10002e8c:	f8d8 1000 	ldr.w	r1, [r8]
10002e90:	f8c8 3000 	str.w	r3, [r8]
10002e94:	6039      	str	r1, [r7, #0]
10002e96:	e6fa      	b.n	10002c8e <prvTimerTask+0x92>
10002e98:	f7ff faaa 	bl	100023f0 <vTaskYieldWithinAPI>
10002e9c:	e6d7      	b.n	10002c4e <prvTimerTask+0x52>
10002e9e:	4291      	cmp	r1, r2
10002ea0:	d902      	bls.n	10002ea8 <prvTimerTask+0x2ac>
10002ea2:	2e00      	cmp	r6, #0
10002ea4:	f43f af75 	beq.w	10002d92 <prvTimerTask+0x196>
10002ea8:	6838      	ldr	r0, [r7, #0]
10002eaa:	f10a 0104 	add.w	r1, sl, #4
10002eae:	f7fd ff01 	bl	10000cb4 <vListInsert>
10002eb2:	e6d1      	b.n	10002c58 <prvTimerTask+0x5c>
10002eb4:	f7ff fd14 	bl	100028e0 <xTaskResumeAll>
10002eb8:	683b      	ldr	r3, [r7, #0]
10002eba:	68db      	ldr	r3, [r3, #12]
10002ebc:	68de      	ldr	r6, [r3, #12]
10002ebe:	1d33      	adds	r3, r6, #4
10002ec0:	4618      	mov	r0, r3
10002ec2:	9301      	str	r3, [sp, #4]
10002ec4:	f7fd ff0e 	bl	10000ce4 <uxListRemove>
10002ec8:	f896 2028 	ldrb.w	r2, [r6, #40]	@ 0x28
10002ecc:	0753      	lsls	r3, r2, #29
10002ece:	d415      	bmi.n	10002efc <prvTimerTask+0x300>
10002ed0:	f022 0201 	bic.w	r2, r2, #1
10002ed4:	f886 2028 	strb.w	r2, [r6, #40]	@ 0x28
10002ed8:	4630      	mov	r0, r6
10002eda:	6a33      	ldr	r3, [r6, #32]
10002edc:	4798      	blx	r3
10002ede:	e6b6      	b.n	10002c4e <prvTimerTask+0x52>
10002ee0:	2000089c 	.word	0x2000089c
10002ee4:	20020c2c 	.word	0x20020c2c
10002ee8:	20020bc4 	.word	0x20020bc4
10002eec:	200008ac 	.word	0x200008ac
10002ef0:	4281      	cmp	r1, r0
10002ef2:	d81d      	bhi.n	10002f30 <prvTimerTask+0x334>
10002ef4:	4630      	mov	r0, r6
10002ef6:	6a31      	ldr	r1, [r6, #32]
10002ef8:	4788      	blx	r1
10002efa:	4654      	mov	r4, sl
10002efc:	69b1      	ldr	r1, [r6, #24]
10002efe:	eba9 0004 	sub.w	r0, r9, r4
10002f02:	eb14 0a01 	adds.w	sl, r4, r1
10002f06:	bf2c      	ite	cs
10002f08:	2301      	movcs	r3, #1
10002f0a:	2300      	movcc	r3, #0
10002f0c:	45ca      	cmp	sl, r9
10002f0e:	f8c6 a004 	str.w	sl, [r6, #4]
10002f12:	6136      	str	r6, [r6, #16]
10002f14:	d9ec      	bls.n	10002ef0 <prvTimerTask+0x2f4>
10002f16:	454c      	cmp	r4, r9
10002f18:	d901      	bls.n	10002f1e <prvTimerTask+0x322>
10002f1a:	2b00      	cmp	r3, #0
10002f1c:	d0ea      	beq.n	10002ef4 <prvTimerTask+0x2f8>
10002f1e:	9901      	ldr	r1, [sp, #4]
10002f20:	6838      	ldr	r0, [r7, #0]
10002f22:	f7fd fec7 	bl	10000cb4 <vListInsert>
10002f26:	e7d7      	b.n	10002ed8 <prvTimerTask+0x2dc>
10002f28:	4650      	mov	r0, sl
10002f2a:	f7fd fa93 	bl	10000454 <vPortFree>
10002f2e:	e693      	b.n	10002c58 <prvTimerTask+0x5c>
10002f30:	9901      	ldr	r1, [sp, #4]
10002f32:	f8d8 0000 	ldr.w	r0, [r8]
10002f36:	f7fd febd 	bl	10000cb4 <vListInsert>
10002f3a:	e7cd      	b.n	10002ed8 <prvTimerTask+0x2dc>
10002f3c:	f8d8 0000 	ldr.w	r0, [r8]
10002f40:	f10a 0104 	add.w	r1, sl, #4
10002f44:	f7fd feb6 	bl	10000cb4 <vListInsert>
10002f48:	e729      	b.n	10002d9e <prvTimerTask+0x1a2>
10002f4a:	bf00      	nop

10002f4c <xTimerCreateTimerTask>:
10002f4c:	b5f0      	push	{r4, r5, r6, r7, lr}
10002f4e:	4c19      	ldr	r4, [pc, #100]	@ (10002fb4 <xTimerCreateTimerTask+0x68>)
10002f50:	b085      	sub	sp, #20
10002f52:	f7ff fa5f 	bl	10002414 <vTaskEnterCritical>
10002f56:	6825      	ldr	r5, [r4, #0]
10002f58:	b19d      	cbz	r5, 10002f82 <xTimerCreateTimerTask+0x36>
10002f5a:	f7ff fdaf 	bl	10002abc <vTaskExitCritical>
10002f5e:	6820      	ldr	r0, [r4, #0]
10002f60:	b168      	cbz	r0, 10002f7e <xTimerCreateTimerTask+0x32>
10002f62:	f04f 35ff 	mov.w	r5, #4294967295	@ 0xffffffff
10002f66:	241f      	movs	r4, #31
10002f68:	4913      	ldr	r1, [pc, #76]	@ (10002fb8 <xTimerCreateTimerTask+0x6c>)
10002f6a:	2300      	movs	r3, #0
10002f6c:	9102      	str	r1, [sp, #8]
10002f6e:	f44f 6280 	mov.w	r2, #1024	@ 0x400
10002f72:	e9cd 4500 	strd	r4, r5, [sp]
10002f76:	4911      	ldr	r1, [pc, #68]	@ (10002fbc <xTimerCreateTimerTask+0x70>)
10002f78:	4811      	ldr	r0, [pc, #68]	@ (10002fc0 <xTimerCreateTimerTask+0x74>)
10002f7a:	f7ff fb69 	bl	10002650 <xTaskCreateAffinitySet>
10002f7e:	b005      	add	sp, #20
10002f80:	bdf0      	pop	{r4, r5, r6, r7, pc}
10002f82:	4f10      	ldr	r7, [pc, #64]	@ (10002fc4 <xTimerCreateTimerTask+0x78>)
10002f84:	4e10      	ldr	r6, [pc, #64]	@ (10002fc8 <xTimerCreateTimerTask+0x7c>)
10002f86:	4638      	mov	r0, r7
10002f88:	f7fd fe76 	bl	10000c78 <vListInitialise>
10002f8c:	4630      	mov	r0, r6
10002f8e:	f7fd fe73 	bl	10000c78 <vListInitialise>
10002f92:	4b0e      	ldr	r3, [pc, #56]	@ (10002fcc <xTimerCreateTimerTask+0x80>)
10002f94:	462a      	mov	r2, r5
10002f96:	601f      	str	r7, [r3, #0]
10002f98:	4b0d      	ldr	r3, [pc, #52]	@ (10002fd0 <xTimerCreateTimerTask+0x84>)
10002f9a:	2110      	movs	r1, #16
10002f9c:	200a      	movs	r0, #10
10002f9e:	601e      	str	r6, [r3, #0]
10002fa0:	f7fd ffe8 	bl	10000f74 <xQueueGenericCreate>
10002fa4:	6020      	str	r0, [r4, #0]
10002fa6:	2800      	cmp	r0, #0
10002fa8:	d0d7      	beq.n	10002f5a <xTimerCreateTimerTask+0xe>
10002faa:	490a      	ldr	r1, [pc, #40]	@ (10002fd4 <xTimerCreateTimerTask+0x88>)
10002fac:	f7fe f8f2 	bl	10001194 <vQueueAddToRegistry>
10002fb0:	e7d3      	b.n	10002f5a <xTimerCreateTimerTask+0xe>
10002fb2:	bf00      	nop
10002fb4:	20020c2c 	.word	0x20020c2c
10002fb8:	20020c30 	.word	0x20020c30
10002fbc:	10004b08 	.word	0x10004b08
10002fc0:	10002bfd 	.word	0x10002bfd
10002fc4:	20020b64 	.word	0x20020b64
10002fc8:	20020b78 	.word	0x20020b78
10002fcc:	2000089c 	.word	0x2000089c
10002fd0:	200008ac 	.word	0x200008ac
10002fd4:	10004b00 	.word	0x10004b00

10002fd8 <xTimerPendFunctionCallFromISR>:
10002fd8:	469c      	mov	ip, r3
10002fda:	b5f0      	push	{r4, r5, r6, r7, lr}
10002fdc:	4607      	mov	r7, r0
10002fde:	460e      	mov	r6, r1
10002fe0:	4615      	mov	r5, r2
10002fe2:	f06f 0401 	mvn.w	r4, #1
10002fe6:	4b07      	ldr	r3, [pc, #28]	@ (10003004 <xTimerPendFunctionCallFromISR+0x2c>)
10002fe8:	b085      	sub	sp, #20
10002fea:	4669      	mov	r1, sp
10002fec:	4662      	mov	r2, ip
10002fee:	6818      	ldr	r0, [r3, #0]
10002ff0:	2300      	movs	r3, #0
10002ff2:	e9cd 7601 	strd	r7, r6, [sp, #4]
10002ff6:	9503      	str	r5, [sp, #12]
10002ff8:	9400      	str	r4, [sp, #0]
10002ffa:	f7fd fffb 	bl	10000ff4 <xQueueGenericSendFromISR>
10002ffe:	b005      	add	sp, #20
10003000:	bdf0      	pop	{r4, r5, r6, r7, pc}
10003002:	bf00      	nop
10003004:	20020c2c 	.word	0x20020c2c

10003008 <clock_configure_undivided>:
10003008:	eb00 0c40 	add.w	ip, r0, r0, lsl #1
1000300c:	ea4f 0c8c 	mov.w	ip, ip, lsl #2
10003010:	f10c 4c80 	add.w	ip, ip, #1073741824	@ 0x40000000
10003014:	f50c 3c80 	add.w	ip, ip, #65536	@ 0x10000
10003018:	b5f0      	push	{r4, r5, r6, r7, lr}
1000301a:	4616      	mov	r6, r2
1000301c:	f8dc 2004 	ldr.w	r2, [ip, #4]
10003020:	1f05      	subs	r5, r0, #4
10003022:	f5b2 3f80 	cmp.w	r2, #65536	@ 0x10000
10003026:	bf38      	it	cc
10003028:	f44f 3280 	movcc.w	r2, #65536	@ 0x10000
1000302c:	b2ed      	uxtb	r5, r5
1000302e:	bf38      	it	cc
10003030:	f8cc 2004 	strcc.w	r2, [ip, #4]
10003034:	2d01      	cmp	r5, #1
10003036:	d92a      	bls.n	1000308e <clock_configure_undivided+0x86>
10003038:	f44f 6700 	mov.w	r7, #2048	@ 0x800
1000303c:	4c25      	ldr	r4, [pc, #148]	@ (100030d4 <clock_configure_undivided+0xcc>)
1000303e:	f50c 5240 	add.w	r2, ip, #12288	@ 0x3000
10003042:	6017      	str	r7, [r2, #0]
10003044:	f854 2020 	ldr.w	r2, [r4, r0, lsl #2]
10003048:	b9b2      	cbnz	r2, 10003078 <clock_configure_undivided+0x70>
1000304a:	f8dc 2000 	ldr.w	r2, [ip]
1000304e:	2d01      	cmp	r5, #1
10003050:	ea82 1246 	eor.w	r2, r2, r6, lsl #5
10003054:	f002 02e0 	and.w	r2, r2, #224	@ 0xe0
10003058:	f50c 5680 	add.w	r6, ip, #4096	@ 0x1000
1000305c:	6032      	str	r2, [r6, #0]
1000305e:	d92a      	bls.n	100030b6 <clock_configure_undivided+0xae>
10003060:	f44f 6100 	mov.w	r1, #2048	@ 0x800
10003064:	f844 3020 	str.w	r3, [r4, r0, lsl #2]
10003068:	f44f 3380 	mov.w	r3, #65536	@ 0x10000
1000306c:	f50c 5200 	add.w	r2, ip, #8192	@ 0x2000
10003070:	6011      	str	r1, [r2, #0]
10003072:	f8cc 3004 	str.w	r3, [ip, #4]
10003076:	bdf0      	pop	{r4, r5, r6, r7, pc}
10003078:	6967      	ldr	r7, [r4, #20]
1000307a:	fbb7 fef2 	udiv	lr, r7, r2
1000307e:	f10e 0e01 	add.w	lr, lr, #1
10003082:	eb0e 0e4e 	add.w	lr, lr, lr, lsl #1
10003086:	f1be 0e03 	subs.w	lr, lr, #3
1000308a:	d2fc      	bcs.n	10003086 <clock_configure_undivided+0x7e>
1000308c:	e7dd      	b.n	1000304a <clock_configure_undivided+0x42>
1000308e:	2901      	cmp	r1, #1
10003090:	d1d2      	bne.n	10003038 <clock_configure_undivided+0x30>
10003092:	2403      	movs	r4, #3
10003094:	f50c 5240 	add.w	r2, ip, #12288	@ 0x3000
10003098:	6014      	str	r4, [r2, #0]
1000309a:	f8dc 2008 	ldr.w	r2, [ip, #8]
1000309e:	07d2      	lsls	r2, r2, #31
100030a0:	d5fb      	bpl.n	1000309a <clock_configure_undivided+0x92>
100030a2:	f8dc 2000 	ldr.w	r2, [ip]
100030a6:	4c0b      	ldr	r4, [pc, #44]	@ (100030d4 <clock_configure_undivided+0xcc>)
100030a8:	ea82 1246 	eor.w	r2, r2, r6, lsl #5
100030ac:	f002 02e0 	and.w	r2, r2, #224	@ 0xe0
100030b0:	f50c 5680 	add.w	r6, ip, #4096	@ 0x1000
100030b4:	6032      	str	r2, [r6, #0]
100030b6:	2201      	movs	r2, #1
100030b8:	f8dc 5000 	ldr.w	r5, [ip]
100030bc:	404d      	eors	r5, r1
100030be:	f005 0503 	and.w	r5, r5, #3
100030c2:	6035      	str	r5, [r6, #0]
100030c4:	fa02 f101 	lsl.w	r1, r2, r1
100030c8:	f8dc 2008 	ldr.w	r2, [ip, #8]
100030cc:	420a      	tst	r2, r1
100030ce:	d0fb      	beq.n	100030c8 <clock_configure_undivided+0xc0>
100030d0:	e7c6      	b.n	10003060 <clock_configure_undivided+0x58>
100030d2:	bf00      	nop
100030d4:	2000083c 	.word	0x2000083c

100030d8 <clock_get_hz>:
100030d8:	4b01      	ldr	r3, [pc, #4]	@ (100030e0 <clock_get_hz+0x8>)
100030da:	f853 0020 	ldr.w	r0, [r3, r0, lsl #2]
100030de:	4770      	bx	lr
100030e0:	2000083c 	.word	0x2000083c

100030e4 <hw_claim_lock>:
100030e4:	f3ef 8010 	mrs	r0, PRIMASK
100030e8:	b672      	cpsid	i
100030ea:	4b06      	ldr	r3, [pc, #24]	@ (10003104 <hw_claim_lock+0x20>)
100030ec:	e8d3 1fcf 	ldaexb	r1, [r3]
100030f0:	2201      	movs	r2, #1
100030f2:	2900      	cmp	r1, #0
100030f4:	d1fa      	bne.n	100030ec <hw_claim_lock+0x8>
100030f6:	e8c3 2f41 	strexb	r1, r2, [r3]
100030fa:	2900      	cmp	r1, #0
100030fc:	d1f6      	bne.n	100030ec <hw_claim_lock+0x8>
100030fe:	f3bf 8f5f 	dmb	sy
10003102:	4770      	bx	lr
10003104:	20000817 	.word	0x20000817

10003108 <hw_claim_unlock>:
10003108:	2300      	movs	r3, #0
1000310a:	4a03      	ldr	r2, [pc, #12]	@ (10003118 <hw_claim_unlock+0x10>)
1000310c:	e8c2 3f8f 	stlb	r3, [r2]
10003110:	f380 8810 	msr	PRIMASK, r0
10003114:	4770      	bx	lr
10003116:	bf00      	nop
10003118:	20000817 	.word	0x20000817

1000311c <hw_claim_or_assert>:
1000311c:	b570      	push	{r4, r5, r6, lr}
1000311e:	4686      	mov	lr, r0
10003120:	f3ef 8510 	mrs	r5, PRIMASK
10003124:	b672      	cpsid	i
10003126:	4c12      	ldr	r4, [pc, #72]	@ (10003170 <hw_claim_or_assert+0x54>)
10003128:	e8d4 6fcf 	ldaexb	r6, [r4]
1000312c:	2001      	movs	r0, #1
1000312e:	2e00      	cmp	r6, #0
10003130:	d1fa      	bne.n	10003128 <hw_claim_or_assert+0xc>
10003132:	e8c4 0f46 	strexb	r6, r0, [r4]
10003136:	2e00      	cmp	r6, #0
10003138:	d1f6      	bne.n	10003128 <hw_claim_or_assert+0xc>
1000313a:	f3bf 8f5f 	dmb	sy
1000313e:	f04f 0c01 	mov.w	ip, #1
10003142:	08c8      	lsrs	r0, r1, #3
10003144:	f001 0307 	and.w	r3, r1, #7
10003148:	fa0c f303 	lsl.w	r3, ip, r3
1000314c:	f81e c000 	ldrb.w	ip, [lr, r0]
10003150:	ea1c 0603 	ands.w	r6, ip, r3
10003154:	d108      	bne.n	10003168 <hw_claim_or_assert+0x4c>
10003156:	ea4c 0c03 	orr.w	ip, ip, r3
1000315a:	f80e c000 	strb.w	ip, [lr, r0]
1000315e:	e8c4 6f8f 	stlb	r6, [r4]
10003162:	f385 8810 	msr	PRIMASK, r5
10003166:	bd70      	pop	{r4, r5, r6, pc}
10003168:	4610      	mov	r0, r2
1000316a:	f7fd f8cd 	bl	10000308 <panic>
1000316e:	bf00      	nop
10003170:	20000817 	.word	0x20000817

10003174 <next_striped_spin_lock_num>:
10003174:	4a04      	ldr	r2, [pc, #16]	@ (10003188 <next_striped_spin_lock_num+0x14>)
10003176:	7810      	ldrb	r0, [r2, #0]
10003178:	1c43      	adds	r3, r0, #1
1000317a:	b2db      	uxtb	r3, r3
1000317c:	2b18      	cmp	r3, #24
1000317e:	bf28      	it	cs
10003180:	2310      	movcs	r3, #16
10003182:	7013      	strb	r3, [r2, #0]
10003184:	4770      	bx	lr
10003186:	bf00      	nop
10003188:	200005a0 	.word	0x200005a0

1000318c <spin_lock_claim>:
1000318c:	4601      	mov	r1, r0
1000318e:	4a02      	ldr	r2, [pc, #8]	@ (10003198 <spin_lock_claim+0xc>)
10003190:	4802      	ldr	r0, [pc, #8]	@ (1000319c <spin_lock_claim+0x10>)
10003192:	f7ff bfc3 	b.w	1000311c <hw_claim_or_assert>
10003196:	bf00      	nop
10003198:	10004b10 	.word	0x10004b10
1000319c:	20000834 	.word	0x20000834

100031a0 <spinlock_set_extexclall>:
100031a0:	f04f 22e0 	mov.w	r2, #3758153728	@ 0xe000e000
100031a4:	6893      	ldr	r3, [r2, #8]
100031a6:	f043 5300 	orr.w	r3, r3, #536870912	@ 0x20000000
100031aa:	6093      	str	r3, [r2, #8]
100031ac:	4770      	bx	lr
100031ae:	bf00      	nop

100031b0 <spin_locks_reset>:
100031b0:	2100      	movs	r1, #0
100031b2:	4b04      	ldr	r3, [pc, #16]	@ (100031c4 <spin_locks_reset+0x14>)
100031b4:	f103 0220 	add.w	r2, r3, #32
100031b8:	e8c3 1f8f 	stlb	r1, [r3]
100031bc:	3301      	adds	r3, #1
100031be:	4293      	cmp	r3, r2
100031c0:	d1fa      	bne.n	100031b8 <spin_locks_reset+0x8>
100031c2:	4770      	bx	lr
100031c4:	2000080c 	.word	0x2000080c

100031c8 <gpio_set_function>:
100031c8:	b410      	push	{r4}
100031ca:	f44f 7480 	mov.w	r4, #256	@ 0x100
100031ce:	4b0c      	ldr	r3, [pc, #48]	@ (10003200 <gpio_set_function+0x38>)
100031d0:	f853 2020 	ldr.w	r2, [r3, r0, lsl #2]
100031d4:	eb03 0380 	add.w	r3, r3, r0, lsl #2
100031d8:	00c0      	lsls	r0, r0, #3
100031da:	f082 0240 	eor.w	r2, r2, #64	@ 0x40
100031de:	f100 4080 	add.w	r0, r0, #1073741824	@ 0x40000000
100031e2:	f503 5c80 	add.w	ip, r3, #4096	@ 0x1000
100031e6:	f002 02c0 	and.w	r2, r2, #192	@ 0xc0
100031ea:	f500 3020 	add.w	r0, r0, #163840	@ 0x28000
100031ee:	f503 5340 	add.w	r3, r3, #12288	@ 0x3000
100031f2:	f8cc 2000 	str.w	r2, [ip]
100031f6:	6041      	str	r1, [r0, #4]
100031f8:	601c      	str	r4, [r3, #0]
100031fa:	f85d 4b04 	ldr.w	r4, [sp], #4
100031fe:	4770      	bx	lr
10003200:	40038004 	.word	0x40038004

10003204 <runtime_init_per_core_irq_priorities>:
10003204:	f04f 23e0 	mov.w	r3, #3758153728	@ 0xe000e000
10003208:	f04f 3280 	mov.w	r2, #2155905152	@ 0x80808080
1000320c:	f8c3 2400 	str.w	r2, [r3, #1024]	@ 0x400
10003210:	f8c3 2404 	str.w	r2, [r3, #1028]	@ 0x404
10003214:	f8c3 2408 	str.w	r2, [r3, #1032]	@ 0x408
10003218:	f8c3 240c 	str.w	r2, [r3, #1036]	@ 0x40c
1000321c:	f8c3 2410 	str.w	r2, [r3, #1040]	@ 0x410
10003220:	f8c3 2414 	str.w	r2, [r3, #1044]	@ 0x414
10003224:	f8c3 2418 	str.w	r2, [r3, #1048]	@ 0x418
10003228:	f8c3 241c 	str.w	r2, [r3, #1052]	@ 0x41c
1000322c:	f8c3 2420 	str.w	r2, [r3, #1056]	@ 0x420
10003230:	f8c3 2424 	str.w	r2, [r3, #1060]	@ 0x424
10003234:	f8c3 2428 	str.w	r2, [r3, #1064]	@ 0x428
10003238:	f8c3 242c 	str.w	r2, [r3, #1068]	@ 0x42c
1000323c:	f8c3 2430 	str.w	r2, [r3, #1072]	@ 0x430
10003240:	4770      	bx	lr
10003242:	bf00      	nop

10003244 <irq_set_enabled>:
10003244:	2301      	movs	r3, #1
10003246:	f000 021f 	and.w	r2, r0, #31
1000324a:	4093      	lsls	r3, r2
1000324c:	0940      	lsrs	r0, r0, #5
1000324e:	b141      	cbz	r1, 10003262 <irq_set_enabled+0x1e>
10003250:	0080      	lsls	r0, r0, #2
10003252:	f100 4060 	add.w	r0, r0, #3758096384	@ 0xe0000000
10003256:	f500 4061 	add.w	r0, r0, #57600	@ 0xe100
1000325a:	f8c0 3180 	str.w	r3, [r0, #384]	@ 0x180
1000325e:	6003      	str	r3, [r0, #0]
10003260:	4770      	bx	lr
10003262:	4a02      	ldr	r2, [pc, #8]	@ (1000326c <irq_set_enabled+0x28>)
10003264:	3020      	adds	r0, #32
10003266:	f842 3020 	str.w	r3, [r2, r0, lsl #2]
1000326a:	4770      	bx	lr
1000326c:	e000e100 	.word	0xe000e100

10003270 <irq_is_enabled>:
10003270:	2301      	movs	r3, #1
10003272:	4a06      	ldr	r2, [pc, #24]	@ (1000328c <irq_is_enabled+0x1c>)
10003274:	0941      	lsrs	r1, r0, #5
10003276:	f852 2021 	ldr.w	r2, [r2, r1, lsl #2]
1000327a:	f000 001f 	and.w	r0, r0, #31
1000327e:	4083      	lsls	r3, r0
10003280:	4213      	tst	r3, r2
10003282:	bf14      	ite	ne
10003284:	2001      	movne	r0, #1
10003286:	2000      	moveq	r0, #0
10003288:	4770      	bx	lr
1000328a:	bf00      	nop
1000328c:	e000e100 	.word	0xe000e100

10003290 <irq_set_exclusive_handler>:
10003290:	b5f8      	push	{r3, r4, r5, r6, r7, lr}
10003292:	460d      	mov	r5, r1
10003294:	f3ef 8710 	mrs	r7, PRIMASK
10003298:	b672      	cpsid	i
1000329a:	4e12      	ldr	r6, [pc, #72]	@ (100032e4 <irq_set_exclusive_handler+0x54>)
1000329c:	e8d6 2fcf 	ldaexb	r2, [r6]
100032a0:	2301      	movs	r3, #1
100032a2:	2a00      	cmp	r2, #0
100032a4:	d1fa      	bne.n	1000329c <irq_set_exclusive_handler+0xc>
100032a6:	e8c6 3f42 	strexb	r2, r3, [r6]
100032aa:	2a00      	cmp	r2, #0
100032ac:	d1f6      	bne.n	1000329c <irq_set_exclusive_handler+0xc>
100032ae:	f3bf 8f5f 	dmb	sy
100032b2:	4b0d      	ldr	r3, [pc, #52]	@ (100032e8 <irq_set_exclusive_handler+0x58>)
100032b4:	f100 0410 	add.w	r4, r0, #16
100032b8:	689b      	ldr	r3, [r3, #8]
100032ba:	4a0c      	ldr	r2, [pc, #48]	@ (100032ec <irq_set_exclusive_handler+0x5c>)
100032bc:	f853 3024 	ldr.w	r3, [r3, r4, lsl #2]
100032c0:	4293      	cmp	r3, r2
100032c2:	d003      	beq.n	100032cc <irq_set_exclusive_handler+0x3c>
100032c4:	4299      	cmp	r1, r3
100032c6:	d001      	beq.n	100032cc <irq_set_exclusive_handler+0x3c>
100032c8:	f000 ff3a 	bl	10004140 <hard_assertion_failure>
100032cc:	4b06      	ldr	r3, [pc, #24]	@ (100032e8 <irq_set_exclusive_handler+0x58>)
100032ce:	689b      	ldr	r3, [r3, #8]
100032d0:	f843 5024 	str.w	r5, [r3, r4, lsl #2]
100032d4:	f3bf 8f5f 	dmb	sy
100032d8:	2300      	movs	r3, #0
100032da:	e8c6 3f8f 	stlb	r3, [r6]
100032de:	f387 8810 	msr	PRIMASK, r7
100032e2:	bdf8      	pop	{r3, r4, r5, r6, r7, pc}
100032e4:	20000815 	.word	0x20000815
100032e8:	e000ed00 	.word	0xe000ed00
100032ec:	1000011d 	.word	0x1000011d

100032f0 <irq_remove_handler>:
100032f0:	e92d 4ff0 	stmdb	sp!, {r4, r5, r6, r7, r8, r9, sl, fp, lr}
100032f4:	b083      	sub	sp, #12
100032f6:	f3ef 8a10 	mrs	sl, PRIMASK
100032fa:	b672      	cpsid	i
100032fc:	4e74      	ldr	r6, [pc, #464]	@ (100034d0 <irq_remove_handler+0x1e0>)
100032fe:	e8d6 2fcf 	ldaexb	r2, [r6]
10003302:	2301      	movs	r3, #1
10003304:	2a00      	cmp	r2, #0
10003306:	d1fa      	bne.n	100032fe <irq_remove_handler+0xe>
10003308:	e8c6 3f42 	strexb	r2, r3, [r6]
1000330c:	2a00      	cmp	r2, #0
1000330e:	d1f6      	bne.n	100032fe <irq_remove_handler+0xe>
10003310:	f3bf 8f5f 	dmb	sy
10003314:	4b6f      	ldr	r3, [pc, #444]	@ (100034d4 <irq_remove_handler+0x1e4>)
10003316:	f100 0810 	add.w	r8, r0, #16
1000331a:	689b      	ldr	r3, [r3, #8]
1000331c:	4a6e      	ldr	r2, [pc, #440]	@ (100034d8 <irq_remove_handler+0x1e8>)
1000331e:	f853 5028 	ldr.w	r5, [r3, r8, lsl #2]
10003322:	4295      	cmp	r5, r2
10003324:	d03f      	beq.n	100033a6 <irq_remove_handler+0xb6>
10003326:	428d      	cmp	r5, r1
10003328:	460c      	mov	r4, r1
1000332a:	d04a      	beq.n	100033c2 <irq_remove_handler+0xd2>
1000332c:	4f6b      	ldr	r7, [pc, #428]	@ (100034dc <irq_remove_handler+0x1ec>)
1000332e:	1beb      	subs	r3, r5, r7
10003330:	2b2f      	cmp	r3, #47	@ 0x2f
10003332:	d838      	bhi.n	100033a6 <irq_remove_handler+0xb6>
10003334:	2101      	movs	r1, #1
10003336:	ea4f 1950 	mov.w	r9, r0, lsr #5
1000333a:	ea4f 0989 	mov.w	r9, r9, lsl #2
1000333e:	f109 4960 	add.w	r9, r9, #3758096384	@ 0xe0000000
10003342:	f509 4961 	add.w	r9, r9, #57600	@ 0xe100
10003346:	f000 031f 	and.w	r3, r0, #31
1000334a:	fa01 f003 	lsl.w	r0, r1, r3
1000334e:	f8d9 3000 	ldr.w	r3, [r9]
10003352:	f8c9 0080 	str.w	r0, [r9, #128]	@ 0x80
10003356:	ea00 0b03 	and.w	fp, r0, r3
1000335a:	f3bf 8f5f 	dmb	sy
1000335e:	f3ef 8105 	mrs	r1, IPSR
10003362:	b2c9      	uxtb	r1, r1
10003364:	b379      	cbz	r1, 100033c6 <irq_remove_handler+0xd6>
10003366:	4588      	cmp	r8, r1
10003368:	d177      	bne.n	1000345a <irq_remove_handler+0x16a>
1000336a:	f025 0e01 	bic.w	lr, r5, #1
1000336e:	f8de c008 	ldr.w	ip, [lr, #8]
10003372:	4564      	cmp	r4, ip
10003374:	d105      	bne.n	10003382 <irq_remove_handler+0x92>
10003376:	e07c      	b.n	10003472 <irq_remove_handler+0x182>
10003378:	f8d3 c008 	ldr.w	ip, [r3, #8]
1000337c:	4564      	cmp	r4, ip
1000337e:	d032      	beq.n	100033e6 <irq_remove_handler+0xf6>
10003380:	469e      	mov	lr, r3
10003382:	f99e 2006 	ldrsb.w	r2, [lr, #6]
10003386:	eb02 0342 	add.w	r3, r2, r2, lsl #1
1000338a:	2a00      	cmp	r2, #0
1000338c:	eb07 0383 	add.w	r3, r7, r3, lsl #2
10003390:	daf2      	bge.n	10003378 <irq_remove_handler+0x88>
10003392:	4564      	cmp	r4, ip
10003394:	f000 8081 	beq.w	1000349a <irq_remove_handler+0x1aa>
10003398:	f1bb 0f00 	cmp.w	fp, #0
1000339c:	d020      	beq.n	100033e0 <irq_remove_handler+0xf0>
1000339e:	f8c9 0180 	str.w	r0, [r9, #384]	@ 0x180
100033a2:	f8c9 0000 	str.w	r0, [r9]
100033a6:	4b4b      	ldr	r3, [pc, #300]	@ (100034d4 <irq_remove_handler+0x1e4>)
100033a8:	689b      	ldr	r3, [r3, #8]
100033aa:	f843 5028 	str.w	r5, [r3, r8, lsl #2]
100033ae:	f3bf 8f5f 	dmb	sy
100033b2:	2300      	movs	r3, #0
100033b4:	e8c6 3f8f 	stlb	r3, [r6]
100033b8:	f38a 8810 	msr	PRIMASK, sl
100033bc:	b003      	add	sp, #12
100033be:	e8bd 8ff0 	ldmia.w	sp!, {r4, r5, r6, r7, r8, r9, sl, fp, pc}
100033c2:	4615      	mov	r5, r2
100033c4:	e7ef      	b.n	100033a6 <irq_remove_handler+0xb6>
100033c6:	f025 0e01 	bic.w	lr, r5, #1
100033ca:	f8de c008 	ldr.w	ip, [lr, #8]
100033ce:	4564      	cmp	r4, ip
100033d0:	d1d7      	bne.n	10003382 <irq_remove_handler+0x92>
100033d2:	f99e 4006 	ldrsb.w	r4, [lr, #6]
100033d6:	4673      	mov	r3, lr
100033d8:	2c00      	cmp	r4, #0
100033da:	da08      	bge.n	100033ee <irq_remove_handler+0xfe>
100033dc:	4615      	mov	r5, r2
100033de:	e066      	b.n	100034ae <irq_remove_handler+0x1be>
100033e0:	f8c9 0080 	str.w	r0, [r9, #128]	@ 0x80
100033e4:	e7df      	b.n	100033a6 <irq_remove_handler+0xb6>
100033e6:	f993 4006 	ldrsb.w	r4, [r3, #6]
100033ea:	2c00      	cmp	r4, #0
100033ec:	db56      	blt.n	1000349c <irq_remove_handler+0x1ac>
100033ee:	eb04 0c44 	add.w	ip, r4, r4, lsl #1
100033f2:	eb07 0c8c 	add.w	ip, r7, ip, lsl #2
100033f6:	f8dc 2008 	ldr.w	r2, [ip, #8]
100033fa:	0061      	lsls	r1, r4, #1
100033fc:	609a      	str	r2, [r3, #8]
100033fe:	f89c 2007 	ldrb.w	r2, [ip, #7]
10003402:	71da      	strb	r2, [r3, #7]
10003404:	f99c 2006 	ldrsb.w	r2, [ip, #6]
10003408:	2a00      	cmp	r2, #0
1000340a:	719a      	strb	r2, [r3, #6]
1000340c:	db5d      	blt.n	100034ca <irq_remove_handler+0x1da>
1000340e:	f8bc 2004 	ldrh.w	r2, [ip, #4]
10003412:	0552      	lsls	r2, r2, #21
10003414:	d504      	bpl.n	10003420 <irq_remove_handler+0x130>
10003416:	f502 12ff 	add.w	r2, r2, #2088960	@ 0x1fe000
1000341a:	f502 52ff 	add.w	r2, r2, #8160	@ 0x1fe0
1000341e:	321f      	adds	r2, #31
10003420:	1552      	asrs	r2, r2, #21
10003422:	f102 0c02 	add.w	ip, r2, #2
10003426:	f04f 0e04 	mov.w	lr, #4
1000342a:	220c      	movs	r2, #12
1000342c:	fb12 e204 	smlabb	r2, r2, r4, lr
10003430:	eb02 024c 	add.w	r2, r2, ip, lsl #1
10003434:	f06f 0c07 	mvn.w	ip, #7
10003438:	443a      	add	r2, r7
1000343a:	ebac 0c03 	sub.w	ip, ip, r3
1000343e:	4462      	add	r2, ip
10003440:	f3c2 024a 	ubfx	r2, r2, #1, #11
10003444:	f442 4260 	orr.w	r2, r2, #57344	@ 0xe000
10003448:	809a      	strh	r2, [r3, #4]
1000344a:	4b25      	ldr	r3, [pc, #148]	@ (100034e0 <irq_remove_handler+0x1f0>)
1000344c:	4421      	add	r1, r4
1000344e:	781a      	ldrb	r2, [r3, #0]
10003450:	eb07 0181 	add.w	r1, r7, r1, lsl #2
10003454:	701c      	strb	r4, [r3, #0]
10003456:	718a      	strb	r2, [r1, #6]
10003458:	e79e      	b.n	10003398 <irq_remove_handler+0xa8>
1000345a:	e9cd 0100 	strd	r0, r1, [sp]
1000345e:	f000 fe6f 	bl	10004140 <hard_assertion_failure>
10003462:	e9dd 0100 	ldrd	r0, r1, [sp]
10003466:	f025 0e01 	bic.w	lr, r5, #1
1000346a:	f8de c008 	ldr.w	ip, [lr, #8]
1000346e:	4564      	cmp	r4, ip
10003470:	d187      	bne.n	10003382 <irq_remove_handler+0x92>
10003472:	f99e 4006 	ldrsb.w	r4, [lr, #6]
10003476:	4673      	mov	r3, lr
10003478:	2c00      	cmp	r4, #0
1000347a:	dab8      	bge.n	100033ee <irq_remove_handler+0xfe>
1000347c:	4a19      	ldr	r2, [pc, #100]	@ (100034e4 <irq_remove_handler+0x1f4>)
1000347e:	4c1a      	ldr	r4, [pc, #104]	@ (100034e8 <irq_remove_handler+0x1f8>)
10003480:	1ad2      	subs	r2, r2, r3
10003482:	3a08      	subs	r2, #8
10003484:	f3c2 310a 	ubfx	r1, r2, #12, #11
10003488:	ea6f 5101 	mvn.w	r1, r1, lsl #20
1000348c:	ea6f 5111 	mvn.w	r1, r1, lsr #20
10003490:	ea44 0252 	orr.w	r2, r4, r2, lsr #1
10003494:	80da      	strh	r2, [r3, #6]
10003496:	8099      	strh	r1, [r3, #4]
10003498:	e77e      	b.n	10003398 <irq_remove_handler+0xa8>
1000349a:	4673      	mov	r3, lr
1000349c:	2900      	cmp	r1, #0
1000349e:	d1ed      	bne.n	1000347c <irq_remove_handler+0x18c>
100034a0:	22ff      	movs	r2, #255	@ 0xff
100034a2:	f88e 2006 	strb.w	r2, [lr, #6]
100034a6:	f64b 5201 	movw	r2, #48385	@ 0xbd01
100034aa:	f8ae 2004 	strh.w	r2, [lr, #4]
100034ae:	4c0c      	ldr	r4, [pc, #48]	@ (100034e0 <irq_remove_handler+0x1f0>)
100034b0:	f64a 22aa 	movw	r2, #43690	@ 0xaaaa
100034b4:	f894 c000 	ldrb.w	ip, [r4]
100034b8:	4619      	mov	r1, r3
100034ba:	1bc9      	subs	r1, r1, r7
100034bc:	4149      	adcs	r1, r1
100034be:	434a      	muls	r2, r1
100034c0:	0d12      	lsrs	r2, r2, #20
100034c2:	f883 c006 	strb.w	ip, [r3, #6]
100034c6:	7022      	strb	r2, [r4, #0]
100034c8:	e766      	b.n	10003398 <irq_remove_handler+0xa8>
100034ca:	f64b 5201 	movw	r2, #48385	@ 0xbd01
100034ce:	e7bb      	b.n	10003448 <irq_remove_handler+0x158>
100034d0:	20000815 	.word	0x20000815
100034d4:	e000ed00 	.word	0xe000ed00
100034d8:	1000011d 	.word	0x1000011d
100034dc:	200005a4 	.word	0x200005a4
100034e0:	20020c3c 	.word	0x20020c3c
100034e4:	200005de 	.word	0x200005de
100034e8:	fffff800 	.word	0xfffff800

100034ec <irq_set_priority>:
100034ec:	f04f 0cff 	mov.w	ip, #255	@ 0xff
100034f0:	f020 0303 	bic.w	r3, r0, #3
100034f4:	f103 4360 	add.w	r3, r3, #3758096384	@ 0xe0000000
100034f8:	f503 4364 	add.w	r3, r3, #58368	@ 0xe400
100034fc:	f000 0003 	and.w	r0, r0, #3
10003500:	681a      	ldr	r2, [r3, #0]
10003502:	00c0      	lsls	r0, r0, #3
10003504:	fa0c fc00 	lsl.w	ip, ip, r0
10003508:	ea22 020c 	bic.w	r2, r2, ip
1000350c:	4081      	lsls	r1, r0
1000350e:	430a      	orrs	r2, r1
10003510:	601a      	str	r2, [r3, #0]
10003512:	4770      	bx	lr

10003514 <irq_add_tail_to_free_list>:
10003514:	b5f0      	push	{r4, r5, r6, r7, lr}
10003516:	f3ef 8505 	mrs	r5, IPSR
1000351a:	b2ed      	uxtb	r5, r5
1000351c:	f3ef 8c10 	mrs	ip, PRIMASK
10003520:	b672      	cpsid	i
10003522:	4926      	ldr	r1, [pc, #152]	@ (100035bc <irq_add_tail_to_free_list+0xa8>)
10003524:	e8d1 2fcf 	ldaexb	r2, [r1]
10003528:	2301      	movs	r3, #1
1000352a:	2a00      	cmp	r2, #0
1000352c:	d1fa      	bne.n	10003524 <irq_add_tail_to_free_list+0x10>
1000352e:	e8c1 3f42 	strexb	r2, r3, [r1]
10003532:	2a00      	cmp	r2, #0
10003534:	d1f6      	bne.n	10003524 <irq_add_tail_to_free_list+0x10>
10003536:	f3bf 8f5f 	dmb	sy
1000353a:	4e21      	ldr	r6, [pc, #132]	@ (100035c0 <irq_add_tail_to_free_list+0xac>)
1000353c:	f040 0e01 	orr.w	lr, r0, #1
10003540:	68b4      	ldr	r4, [r6, #8]
10003542:	f64a 23aa 	movw	r3, #43690	@ 0xaaaa
10003546:	f854 7025 	ldr.w	r7, [r4, r5, lsl #2]
1000354a:	4a1e      	ldr	r2, [pc, #120]	@ (100035c4 <irq_add_tail_to_free_list+0xb0>)
1000354c:	4604      	mov	r4, r0
1000354e:	1aa4      	subs	r4, r4, r2
10003550:	4164      	adcs	r4, r4
10003552:	4363      	muls	r3, r4
10003554:	0d1b      	lsrs	r3, r3, #20
10003556:	4577      	cmp	r7, lr
10003558:	b25b      	sxtb	r3, r3
1000355a:	d01b      	beq.n	10003594 <irq_add_tail_to_free_list+0x80>
1000355c:	f992 4006 	ldrsb.w	r4, [r2, #6]
10003560:	429c      	cmp	r4, r3
10003562:	d01c      	beq.n	1000359e <irq_add_tail_to_free_list+0x8a>
10003564:	f992 4012 	ldrsb.w	r4, [r2, #18]
10003568:	429c      	cmp	r4, r3
1000356a:	d023      	beq.n	100035b4 <irq_add_tail_to_free_list+0xa0>
1000356c:	f992 401e 	ldrsb.w	r4, [r2, #30]
10003570:	429c      	cmp	r4, r3
10003572:	d021      	beq.n	100035b8 <irq_add_tail_to_free_list+0xa4>
10003574:	f992 402a 	ldrsb.w	r4, [r2, #42]	@ 0x2a
10003578:	429c      	cmp	r4, r3
1000357a:	bf08      	it	eq
1000357c:	2403      	moveq	r4, #3
1000357e:	d00f      	beq.n	100035a0 <irq_add_tail_to_free_list+0x8c>
10003580:	4a11      	ldr	r2, [pc, #68]	@ (100035c8 <irq_add_tail_to_free_list+0xb4>)
10003582:	2400      	movs	r4, #0
10003584:	7815      	ldrb	r5, [r2, #0]
10003586:	7013      	strb	r3, [r2, #0]
10003588:	7185      	strb	r5, [r0, #6]
1000358a:	e8c1 4f8f 	stlb	r4, [r1]
1000358e:	f38c 8810 	msr	PRIMASK, ip
10003592:	bdf0      	pop	{r4, r5, r6, r7, pc}
10003594:	68b2      	ldr	r2, [r6, #8]
10003596:	4c0d      	ldr	r4, [pc, #52]	@ (100035cc <irq_add_tail_to_free_list+0xb8>)
10003598:	f842 4025 	str.w	r4, [r2, r5, lsl #2]
1000359c:	e7f0      	b.n	10003580 <irq_add_tail_to_free_list+0x6c>
1000359e:	2400      	movs	r4, #0
100035a0:	eb04 0444 	add.w	r4, r4, r4, lsl #1
100035a4:	eb02 0284 	add.w	r2, r2, r4, lsl #2
100035a8:	24ff      	movs	r4, #255	@ 0xff
100035aa:	7194      	strb	r4, [r2, #6]
100035ac:	f64b 5401 	movw	r4, #48385	@ 0xbd01
100035b0:	8094      	strh	r4, [r2, #4]
100035b2:	e7e5      	b.n	10003580 <irq_add_tail_to_free_list+0x6c>
100035b4:	2401      	movs	r4, #1
100035b6:	e7f3      	b.n	100035a0 <irq_add_tail_to_free_list+0x8c>
100035b8:	2402      	movs	r4, #2
100035ba:	e7f1      	b.n	100035a0 <irq_add_tail_to_free_list+0x8c>
100035bc:	20000815 	.word	0x20000815
100035c0:	e000ed00 	.word	0xe000ed00
100035c4:	200005a4 	.word	0x200005a4
100035c8:	20020c3c 	.word	0x20020c3c
100035cc:	1000011d 	.word	0x1000011d

100035d0 <lock_init>:
100035d0:	4b01      	ldr	r3, [pc, #4]	@ (100035d8 <lock_init+0x8>)
100035d2:	440b      	add	r3, r1
100035d4:	6003      	str	r3, [r0, #0]
100035d6:	4770      	bx	lr
100035d8:	2000080c 	.word	0x2000080c

100035dc <runtime_init_mutex>:
100035dc:	e92d 41f0 	stmdb	sp!, {r4, r5, r6, r7, r8, lr}
100035e0:	4d15      	ldr	r5, [pc, #84]	@ (10003638 <runtime_init_mutex+0x5c>)
100035e2:	4e16      	ldr	r6, [pc, #88]	@ (1000363c <runtime_init_mutex+0x60>)
100035e4:	42b5      	cmp	r5, r6
100035e6:	d224      	bcs.n	10003632 <runtime_init_mutex+0x56>
100035e8:	462c      	mov	r4, r5
100035ea:	6823      	ldr	r3, [r4, #0]
100035ec:	f04f 37ff 	mov.w	r7, #4294967295	@ 0xffffffff
100035f0:	f04f 0800 	mov.w	r8, #0
100035f4:	b18b      	cbz	r3, 1000361a <runtime_init_mutex+0x3e>
100035f6:	f7ff fdbd 	bl	10003174 <next_striped_spin_lock_num>
100035fa:	4601      	mov	r1, r0
100035fc:	4628      	mov	r0, r5
100035fe:	f7ff ffe7 	bl	100035d0 <lock_init>
10003602:	6067      	str	r7, [r4, #4]
10003604:	f884 8008 	strb.w	r8, [r4, #8]
10003608:	f3bf 8f5f 	dmb	sy
1000360c:	340c      	adds	r4, #12
1000360e:	42b4      	cmp	r4, r6
10003610:	d20f      	bcs.n	10003632 <runtime_init_mutex+0x56>
10003612:	6823      	ldr	r3, [r4, #0]
10003614:	4625      	mov	r5, r4
10003616:	2b00      	cmp	r3, #0
10003618:	d1ed      	bne.n	100035f6 <runtime_init_mutex+0x1a>
1000361a:	f7ff fdab 	bl	10003174 <next_striped_spin_lock_num>
1000361e:	4601      	mov	r1, r0
10003620:	4628      	mov	r0, r5
10003622:	f7ff ffd5 	bl	100035d0 <lock_init>
10003626:	6067      	str	r7, [r4, #4]
10003628:	f3bf 8f5f 	dmb	sy
1000362c:	3408      	adds	r4, #8
1000362e:	42b4      	cmp	r4, r6
10003630:	d3ef      	bcc.n	10003612 <runtime_init_mutex+0x36>
10003632:	e8bd 81f0 	ldmia.w	sp!, {r4, r5, r6, r7, r8, pc}
10003636:	bf00      	nop
10003638:	2000061c 	.word	0x2000061c
1000363c:	2000062c 	.word	0x2000062c

10003640 <alarm_pool_irq_handler>:
10003640:	e92d 4ff0 	stmdb	sp!, {r4, r5, r6, r7, r8, r9, sl, fp, lr}
10003644:	ed2d 8b02 	vpush	{d8}
10003648:	b085      	sub	sp, #20
1000364a:	f3ef 8305 	mrs	r3, IPSR
1000364e:	b2db      	uxtb	r3, r3
10003650:	3b10      	subs	r3, #16
10003652:	089a      	lsrs	r2, r3, #2
10003654:	bf18      	it	ne
10003656:	2201      	movne	r2, #1
10003658:	f04f 0101 	mov.w	r1, #1
1000365c:	f003 0003 	and.w	r0, r3, #3
10003660:	bf08      	it	eq
10003662:	4dab      	ldreq	r5, [pc, #684]	@ (10003910 <alarm_pool_irq_handler+0x2d0>)
10003664:	4bab      	ldr	r3, [pc, #684]	@ (10003914 <alarm_pool_irq_handler+0x2d4>)
10003666:	bf18      	it	ne
10003668:	4dab      	ldrne	r5, [pc, #684]	@ (10003918 <alarm_pool_irq_handler+0x2d8>)
1000366a:	eb00 0282 	add.w	r2, r0, r2, lsl #2
1000366e:	f853 6022 	ldr.w	r6, [r3, r2, lsl #2]
10003672:	fa01 fb00 	lsl.w	fp, r1, r0
10003676:	f505 5341 	add.w	r3, r5, #12352	@ 0x3040
1000367a:	ed9f 8ba3 	vldr	d8, [pc, #652]	@ 10003908 <alarm_pool_irq_handler+0x2c8>
1000367e:	9001      	str	r0, [sp, #4]
10003680:	f8c3 b004 	str.w	fp, [r3, #4]
10003684:	e02a      	b.n	100036dc <alarm_pool_irq_handler+0x9c>
10003686:	88b3      	ldrh	r3, [r6, #4]
10003688:	0419      	lsls	r1, r3, #16
1000368a:	f140 808d 	bpl.w	100037a8 <alarm_pool_irq_handler+0x168>
1000368e:	79b3      	ldrb	r3, [r6, #6]
10003690:	2b00      	cmp	r3, #0
10003692:	f040 80d7 	bne.w	10003844 <alarm_pool_irq_handler+0x204>
10003696:	f9b6 2008 	ldrsh.w	r2, [r6, #8]
1000369a:	2a00      	cmp	r2, #0
1000369c:	f2c0 8116 	blt.w	100038cc <alarm_pool_irq_handler+0x28c>
100036a0:	6973      	ldr	r3, [r6, #20]
100036a2:	eb02 0242 	add.w	r2, r2, r2, lsl #1
100036a6:	eb03 03c2 	add.w	r3, r3, r2, lsl #3
100036aa:	e9d3 4702 	ldrd	r4, r7, [r3, #8]
100036ae:	f1b7 3fff 	cmp.w	r7, #4294967295	@ 0xffffffff
100036b2:	bf08      	it	eq
100036b4:	f1b4 3fff 	cmpeq.w	r4, #4294967295	@ 0xffffffff
100036b8:	d009      	beq.n	100036ce <alarm_pool_irq_handler+0x8e>
100036ba:	9b01      	ldr	r3, [sp, #4]
100036bc:	eb05 0183 	add.w	r1, r5, r3, lsl #2
100036c0:	6aab      	ldr	r3, [r5, #40]	@ 0x28
100036c2:	690a      	ldr	r2, [r1, #16]
100036c4:	1ad2      	subs	r2, r2, r3
100036c6:	1ae3      	subs	r3, r4, r3
100036c8:	4293      	cmp	r3, r2
100036ca:	bf38      	it	cc
100036cc:	610c      	strcc	r4, [r1, #16]
100036ce:	4628      	mov	r0, r5
100036d0:	f000 fad2 	bl	10003c78 <timer_time_us_64>
100036d4:	42a0      	cmp	r0, r4
100036d6:	41b9      	sbcs	r1, r7
100036d8:	f2c0 80f8 	blt.w	100038cc <alarm_pool_irq_handler+0x28c>
100036dc:	f9b6 3008 	ldrsh.w	r3, [r6, #8]
100036e0:	f8c5 b03c 	str.w	fp, [r5, #60]	@ 0x3c
100036e4:	2b00      	cmp	r3, #0
100036e6:	9300      	str	r3, [sp, #0]
100036e8:	dbcd      	blt.n	10003686 <alarm_pool_irq_handler+0x46>
100036ea:	f8d6 9014 	ldr.w	r9, [r6, #20]
100036ee:	eb03 0a43 	add.w	sl, r3, r3, lsl #1
100036f2:	4628      	mov	r0, r5
100036f4:	eb09 07ca 	add.w	r7, r9, sl, lsl #3
100036f8:	e9d7 4802 	ldrd	r4, r8, [r7, #8]
100036fc:	f000 fabc 	bl	10003c78 <timer_time_us_64>
10003700:	42a0      	cmp	r0, r4
10003702:	eb71 0108 	sbcs.w	r1, r1, r8
10003706:	dbbe      	blt.n	10003686 <alarm_pool_irq_handler+0x46>
10003708:	f1b8 0f00 	cmp.w	r8, #0
1000370c:	f2c0 80c0 	blt.w	10003890 <alarm_pool_irq_handler+0x250>
10003710:	693a      	ldr	r2, [r7, #16]
10003712:	4b82      	ldr	r3, [pc, #520]	@ (1000391c <alarm_pool_irq_handler+0x2dc>)
10003714:	429a      	cmp	r2, r3
10003716:	f000 80ea 	beq.w	100038ee <alarm_pool_irq_handler+0x2ae>
1000371a:	8879      	ldrh	r1, [r7, #2]
1000371c:	f9b6 0008 	ldrsh.w	r0, [r6, #8]
10003720:	b289      	uxth	r1, r1
10003722:	ea41 4000 	orr.w	r0, r1, r0, lsl #16
10003726:	6979      	ldr	r1, [r7, #20]
10003728:	4790      	blx	r2
1000372a:	4603      	mov	r3, r0
1000372c:	460a      	mov	r2, r1
1000372e:	ea53 0102 	orrs.w	r1, r3, r2
10003732:	f000 80ad 	beq.w	10003890 <alarm_pool_irq_handler+0x250>
10003736:	2a00      	cmp	r2, #0
10003738:	f280 80ce 	bge.w	100038d8 <alarm_pool_irq_handler+0x298>
1000373c:	1ae3      	subs	r3, r4, r3
1000373e:	eb68 0802 	sbc.w	r8, r8, r2
10003742:	f939 203a 	ldrsh.w	r2, [r9, sl, lsl #3]
10003746:	e9c7 3802 	strd	r3, r8, [r7, #8]
1000374a:	2a00      	cmp	r2, #0
1000374c:	db9b      	blt.n	10003686 <alarm_pool_irq_handler+0x46>
1000374e:	6970      	ldr	r0, [r6, #20]
10003750:	eb02 0142 	add.w	r1, r2, r2, lsl #1
10003754:	eb00 01c1 	add.w	r1, r0, r1, lsl #3
10003758:	e9d1 c702 	ldrd	ip, r7, [r1, #8]
1000375c:	4563      	cmp	r3, ip
1000375e:	eb78 0e07 	sbcs.w	lr, r8, r7
10003762:	ea4f 0142 	mov.w	r1, r2, lsl #1
10003766:	db8e      	blt.n	10003686 <alarm_pool_irq_handler+0x46>
10003768:	46b6      	mov	lr, r6
1000376a:	f82e 2f08 	strh.w	r2, [lr, #8]!
1000376e:	e00b      	b.n	10003788 <alarm_pool_irq_handler+0x148>
10003770:	f930 2031 	ldrsh.w	r2, [r0, r1, lsl #3]
10003774:	46a6      	mov	lr, r4
10003776:	2a00      	cmp	r2, #0
10003778:	db0d      	blt.n	10003796 <alarm_pool_irq_handler+0x156>
1000377a:	eb02 0442 	add.w	r4, r2, r2, lsl #1
1000377e:	eb00 04c4 	add.w	r4, r0, r4, lsl #3
10003782:	0051      	lsls	r1, r2, #1
10003784:	e9d4 c702 	ldrd	ip, r7, [r4, #8]
10003788:	4563      	cmp	r3, ip
1000378a:	4411      	add	r1, r2
1000378c:	eb78 0707 	sbcs.w	r7, r8, r7
10003790:	eb00 04c1 	add.w	r4, r0, r1, lsl #3
10003794:	daec      	bge.n	10003770 <alarm_pool_irq_handler+0x130>
10003796:	9b00      	ldr	r3, [sp, #0]
10003798:	f829 203a 	strh.w	r2, [r9, sl, lsl #3]
1000379c:	f8ae 3000 	strh.w	r3, [lr]
100037a0:	88b3      	ldrh	r3, [r6, #4]
100037a2:	0419      	lsls	r1, r3, #16
100037a4:	f53f af73 	bmi.w	1000368e <alarm_pool_irq_handler+0x4e>
100037a8:	6933      	ldr	r3, [r6, #16]
100037aa:	f3ef 8210 	mrs	r2, PRIMASK
100037ae:	b672      	cpsid	i
100037b0:	e8d3 0fcf 	ldaexb	r0, [r3]
100037b4:	2101      	movs	r1, #1
100037b6:	2800      	cmp	r0, #0
100037b8:	d1fa      	bne.n	100037b0 <alarm_pool_irq_handler+0x170>
100037ba:	e8c3 1f40 	strexb	r0, r1, [r3]
100037be:	2800      	cmp	r0, #0
100037c0:	d1f6      	bne.n	100037b0 <alarm_pool_irq_handler+0x170>
100037c2:	f3bf 8f5f 	dmb	sy
100037c6:	f64f 74ff 	movw	r4, #65535	@ 0xffff
100037ca:	88b0      	ldrh	r0, [r6, #4]
100037cc:	2300      	movs	r3, #0
100037ce:	6931      	ldr	r1, [r6, #16]
100037d0:	b200      	sxth	r0, r0
100037d2:	80b4      	strh	r4, [r6, #4]
100037d4:	e8c1 3f8f 	stlb	r3, [r1]
100037d8:	f382 8810 	msr	PRIMASK, r2
100037dc:	4298      	cmp	r0, r3
100037de:	f6ff af56 	blt.w	1000368e <alarm_pool_irq_handler+0x4e>
100037e2:	4607      	mov	r7, r0
100037e4:	46a9      	mov	r9, r5
100037e6:	6974      	ldr	r4, [r6, #20]
100037e8:	f106 0808 	add.w	r8, r6, #8
100037ec:	eb07 0e47 	add.w	lr, r7, r7, lsl #1
100037f0:	eb04 03ce 	add.w	r3, r4, lr, lsl #3
100037f4:	e9d3 0502 	ldrd	r0, r5, [r3, #8]
100037f8:	f9b6 3008 	ldrsh.w	r3, [r6, #8]
100037fc:	46c4      	mov	ip, r8
100037fe:	2b00      	cmp	r3, #0
10003800:	db13      	blt.n	1000382a <alarm_pool_irq_handler+0x1ea>
10003802:	46b2      	mov	sl, r6
10003804:	9700      	str	r7, [sp, #0]
10003806:	e004      	b.n	10003812 <alarm_pool_irq_handler+0x1d2>
10003808:	f934 3036 	ldrsh.w	r3, [r4, r6, lsl #3]
1000380c:	4694      	mov	ip, r2
1000380e:	2b00      	cmp	r3, #0
10003810:	db09      	blt.n	10003826 <alarm_pool_irq_handler+0x1e6>
10003812:	eb03 0643 	add.w	r6, r3, r3, lsl #1
10003816:	eb04 02c6 	add.w	r2, r4, r6, lsl #3
1000381a:	e9d2 7102 	ldrd	r7, r1, [r2, #8]
1000381e:	42b8      	cmp	r0, r7
10003820:	eb75 0101 	sbcs.w	r1, r5, r1
10003824:	daf0      	bge.n	10003808 <alarm_pool_irq_handler+0x1c8>
10003826:	4656      	mov	r6, sl
10003828:	9f00      	ldr	r7, [sp, #0]
1000382a:	f8ac 7000 	strh.w	r7, [ip]
1000382e:	f934 703e 	ldrsh.w	r7, [r4, lr, lsl #3]
10003832:	f824 303e 	strh.w	r3, [r4, lr, lsl #3]
10003836:	2f00      	cmp	r7, #0
10003838:	dad8      	bge.n	100037ec <alarm_pool_irq_handler+0x1ac>
1000383a:	79b3      	ldrb	r3, [r6, #6]
1000383c:	464d      	mov	r5, r9
1000383e:	2b00      	cmp	r3, #0
10003840:	f43f af29 	beq.w	10003696 <alarm_pool_irq_handler+0x56>
10003844:	2300      	movs	r3, #0
10003846:	71b3      	strb	r3, [r6, #6]
10003848:	f9b6 3008 	ldrsh.w	r3, [r6, #8]
1000384c:	f106 0e08 	add.w	lr, r6, #8
10003850:	1c5a      	adds	r2, r3, #1
10003852:	d03b      	beq.n	100038cc <alarm_pool_irq_handler+0x28c>
10003854:	461a      	mov	r2, r3
10003856:	6974      	ldr	r4, [r6, #20]
10003858:	e003      	b.n	10003862 <alarm_pool_irq_handler+0x222>
1000385a:	4686      	mov	lr, r0
1000385c:	1c59      	adds	r1, r3, #1
1000385e:	f43f af1c 	beq.w	1000369a <alarm_pool_irq_handler+0x5a>
10003862:	eb03 0143 	add.w	r1, r3, r3, lsl #1
10003866:	eb04 00c1 	add.w	r0, r4, r1, lsl #3
1000386a:	8847      	ldrh	r7, [r0, #2]
1000386c:	469c      	mov	ip, r3
1000386e:	043f      	lsls	r7, r7, #16
10003870:	f934 3031 	ldrsh.w	r3, [r4, r1, lsl #3]
10003874:	d5f1      	bpl.n	1000385a <alarm_pool_irq_handler+0x21a>
10003876:	4594      	cmp	ip, r2
10003878:	ed80 8b02 	vstr	d8, [r0, #8]
1000387c:	d0ee      	beq.n	1000385c <alarm_pool_irq_handler+0x21c>
1000387e:	f8ae 3000 	strh.w	r3, [lr]
10003882:	8932      	ldrh	r2, [r6, #8]
10003884:	f824 2031 	strh.w	r2, [r4, r1, lsl #3]
10003888:	4662      	mov	r2, ip
1000388a:	f8a6 c008 	strh.w	ip, [r6, #8]
1000388e:	e7e5      	b.n	1000385c <alarm_pool_irq_handler+0x21c>
10003890:	f839 203a 	ldrh.w	r2, [r9, sl, lsl #3]
10003894:	8132      	strh	r2, [r6, #8]
10003896:	6932      	ldr	r2, [r6, #16]
10003898:	f3ef 8110 	mrs	r1, PRIMASK
1000389c:	b672      	cpsid	i
1000389e:	e8d2 7fcf 	ldaexb	r7, [r2]
100038a2:	2001      	movs	r0, #1
100038a4:	2f00      	cmp	r7, #0
100038a6:	d1fa      	bne.n	1000389e <alarm_pool_irq_handler+0x25e>
100038a8:	e8c2 0f47 	strexb	r7, r0, [r2]
100038ac:	2f00      	cmp	r7, #0
100038ae:	d1f6      	bne.n	1000389e <alarm_pool_irq_handler+0x25e>
100038b0:	f3bf 8f5f 	dmb	sy
100038b4:	8872      	ldrh	r2, [r6, #2]
100038b6:	9b00      	ldr	r3, [sp, #0]
100038b8:	f829 203a 	strh.w	r2, [r9, sl, lsl #3]
100038bc:	8073      	strh	r3, [r6, #2]
100038be:	6932      	ldr	r2, [r6, #16]
100038c0:	2300      	movs	r3, #0
100038c2:	e8c2 3f8f 	stlb	r3, [r2]
100038c6:	f381 8810 	msr	PRIMASK, r1
100038ca:	e6dc      	b.n	10003686 <alarm_pool_irq_handler+0x46>
100038cc:	bf40      	sev
100038ce:	b005      	add	sp, #20
100038d0:	ecbd 8b02 	vpop	{d8}
100038d4:	e8bd 8ff0 	ldmia.w	sp!, {r4, r5, r6, r7, r8, r9, sl, fp, pc}
100038d8:	4628      	mov	r0, r5
100038da:	e9cd 3202 	strd	r3, r2, [sp, #8]
100038de:	f000 f9cb 	bl	10003c78 <timer_time_us_64>
100038e2:	9b02      	ldr	r3, [sp, #8]
100038e4:	9a03      	ldr	r2, [sp, #12]
100038e6:	18c3      	adds	r3, r0, r3
100038e8:	eb42 0801 	adc.w	r8, r2, r1
100038ec:	e729      	b.n	10003742 <alarm_pool_irq_handler+0x102>
100038ee:	6979      	ldr	r1, [r7, #20]
100038f0:	4608      	mov	r0, r1
100038f2:	690a      	ldr	r2, [r1, #16]
100038f4:	9102      	str	r1, [sp, #8]
100038f6:	4790      	blx	r2
100038f8:	2800      	cmp	r0, #0
100038fa:	d0c9      	beq.n	10003890 <alarm_pool_irq_handler+0x250>
100038fc:	9902      	ldr	r1, [sp, #8]
100038fe:	e9d1 3200 	ldrd	r3, r2, [r1]
10003902:	e714      	b.n	1000372e <alarm_pool_irq_handler+0xee>
10003904:	f3af 8000 	nop.w
10003908:	ffffffff 	.word	0xffffffff
1000390c:	ffffffff 	.word	0xffffffff
10003910:	400b0000 	.word	0x400b0000
10003914:	20000874 	.word	0x20000874
10003918:	400b8000 	.word	0x400b8000
1000391c:	10003641 	.word	0x10003641

10003920 <sleep_until_callback>:
10003920:	480b      	ldr	r0, [pc, #44]	@ (10003950 <sleep_until_callback+0x30>)
10003922:	b508      	push	{r3, lr}
10003924:	6803      	ldr	r3, [r0, #0]
10003926:	f3ef 8110 	mrs	r1, PRIMASK
1000392a:	b672      	cpsid	i
1000392c:	e8d3 cfcf 	ldaexb	ip, [r3]
10003930:	2201      	movs	r2, #1
10003932:	f1bc 0f00 	cmp.w	ip, #0
10003936:	d1f9      	bne.n	1000392c <sleep_until_callback+0xc>
10003938:	e8c3 2f4c 	strexb	ip, r2, [r3]
1000393c:	f1bc 0f00 	cmp.w	ip, #0
10003940:	d1f4      	bne.n	1000392c <sleep_until_callback+0xc>
10003942:	f3bf 8f5f 	dmb	sy
10003946:	f7fc ff51 	bl	100007ec <vPortLockInternalSpinUnlockWithNotify>
1000394a:	2000      	movs	r0, #0
1000394c:	2100      	movs	r1, #0
1000394e:	bd08      	pop	{r3, pc}
10003950:	20000b30 	.word	0x20000b30

10003954 <runtime_init_default_alarm_pool>:
10003954:	e92d 4ff8 	stmdb	sp!, {r3, r4, r5, r6, r7, r8, r9, sl, fp, lr}
10003958:	4c36      	ldr	r4, [pc, #216]	@ (10003a34 <runtime_init_default_alarm_pool+0xe0>)
1000395a:	6925      	ldr	r5, [r4, #16]
1000395c:	b12d      	cbz	r5, 1000396a <runtime_init_default_alarm_pool+0x16>
1000395e:	e8bd 4ff8 	ldmia.w	sp!, {r3, r4, r5, r6, r7, r8, r9, sl, fp, lr}
10003962:	210a      	movs	r1, #10
10003964:	4834      	ldr	r0, [pc, #208]	@ (10003a38 <runtime_init_default_alarm_pool+0xe4>)
10003966:	f7ff be33 	b.w	100035d0 <lock_init>
1000396a:	f8df 80e4 	ldr.w	r8, [pc, #228]	@ 10003a50 <runtime_init_default_alarm_pool+0xfc>
1000396e:	2103      	movs	r1, #3
10003970:	4640      	mov	r0, r8
10003972:	f000 f96f 	bl	10003c54 <timer_hardware_alarm_claim>
10003976:	2603      	movs	r6, #3
10003978:	f8c4 800c 	str.w	r8, [r4, #12]
1000397c:	f7ff fbfa 	bl	10003174 <next_striped_spin_lock_num>
10003980:	f04f 4c50 	mov.w	ip, #3489660928	@ 0xd0000000
10003984:	4b2d      	ldr	r3, [pc, #180]	@ (10003a3c <runtime_init_default_alarm_pool+0xe8>)
10003986:	7026      	strb	r6, [r4, #0]
10003988:	4403      	add	r3, r0
1000398a:	6123      	str	r3, [r4, #16]
1000398c:	f8dc 3000 	ldr.w	r3, [ip]
10003990:	210f      	movs	r1, #15
10003992:	7063      	strb	r3, [r4, #1]
10003994:	6963      	ldr	r3, [r4, #20]
10003996:	8061      	strh	r1, [r4, #2]
10003998:	831d      	strh	r5, [r3, #24]
1000399a:	f04f 0504 	mov.w	r5, #4
1000399e:	f8a3 5078 	strh.w	r5, [r3, #120]	@ 0x78
100039a2:	f04f 0505 	mov.w	r5, #5
100039a6:	f8a3 5090 	strh.w	r5, [r3, #144]	@ 0x90
100039aa:	f04f 0506 	mov.w	r5, #6
100039ae:	f8a3 50a8 	strh.w	r5, [r3, #168]	@ 0xa8
100039b2:	f04f 0507 	mov.w	r5, #7
100039b6:	210e      	movs	r1, #14
100039b8:	2708      	movs	r7, #8
100039ba:	f64f 72ff 	movw	r2, #65535	@ 0xffff
100039be:	f04f 0e0a 	mov.w	lr, #10
100039c2:	f8a3 50c0 	strh.w	r5, [r3, #192]	@ 0xc0
100039c6:	f04f 0901 	mov.w	r9, #1
100039ca:	f04f 0c0c 	mov.w	ip, #12
100039ce:	f04f 0b02 	mov.w	fp, #2
100039d2:	f04f 0a09 	mov.w	sl, #9
100039d6:	200d      	movs	r0, #13
100039d8:	f04f 050b 	mov.w	r5, #11
100039dc:	f8a3 1168 	strh.w	r1, [r3, #360]	@ 0x168
100039e0:	4917      	ldr	r1, [pc, #92]	@ (10003a40 <runtime_init_default_alarm_pool+0xec>)
100039e2:	80a2      	strh	r2, [r4, #4]
100039e4:	f8a3 e108 	strh.w	lr, [r3, #264]	@ 0x108
100039e8:	60a1      	str	r1, [r4, #8]
100039ea:	f8a3 b048 	strh.w	fp, [r3, #72]	@ 0x48
100039ee:	f8a3 a0f0 	strh.w	sl, [r3, #240]	@ 0xf0
100039f2:	f8a3 5120 	strh.w	r5, [r3, #288]	@ 0x120
100039f6:	f8a3 c138 	strh.w	ip, [r3, #312]	@ 0x138
100039fa:	f8a3 0150 	strh.w	r0, [r3, #336]	@ 0x150
100039fe:	f8a3 9030 	strh.w	r9, [r3, #48]	@ 0x30
10003a02:	f8a3 6060 	strh.w	r6, [r3, #96]	@ 0x60
10003a06:	f8a3 70d8 	strh.w	r7, [r3, #216]	@ 0xd8
10003a0a:	801a      	strh	r2, [r3, #0]
10003a0c:	4b0d      	ldr	r3, [pc, #52]	@ (10003a44 <runtime_init_default_alarm_pool+0xf0>)
10003a0e:	4630      	mov	r0, r6
10003a10:	f8c8 7020 	str.w	r7, [r8, #32]
10003a14:	490c      	ldr	r1, [pc, #48]	@ (10003a48 <runtime_init_default_alarm_pool+0xf4>)
10003a16:	60dc      	str	r4, [r3, #12]
10003a18:	f7ff fc3a 	bl	10003290 <irq_set_exclusive_handler>
10003a1c:	4649      	mov	r1, r9
10003a1e:	4630      	mov	r0, r6
10003a20:	f7ff fc10 	bl	10003244 <irq_set_enabled>
10003a24:	4b09      	ldr	r3, [pc, #36]	@ (10003a4c <runtime_init_default_alarm_pool+0xf8>)
10003a26:	210a      	movs	r1, #10
10003a28:	641f      	str	r7, [r3, #64]	@ 0x40
10003a2a:	4803      	ldr	r0, [pc, #12]	@ (10003a38 <runtime_init_default_alarm_pool+0xe4>)
10003a2c:	e8bd 4ff8 	ldmia.w	sp!, {r3, r4, r5, r6, r7, r8, r9, sl, fp, lr}
10003a30:	f7ff bdce 	b.w	100035d0 <lock_init>
10003a34:	200005ec 	.word	0x200005ec
10003a38:	20000b30 	.word	0x20000b30
10003a3c:	2000080c 	.word	0x2000080c
10003a40:	0010ffff 	.word	0x0010ffff
10003a44:	20000874 	.word	0x20000874
10003a48:	10003641 	.word	0x10003641
10003a4c:	400b2000 	.word	0x400b2000
10003a50:	400b0000 	.word	0x400b0000

10003a54 <alarm_pool_add_alarm_at_force_in_context>:
10003a54:	4601      	mov	r1, r0
10003a56:	b5f0      	push	{r4, r5, r6, r7, lr}
10003a58:	6900      	ldr	r0, [r0, #16]
10003a5a:	f3ef 8710 	mrs	r7, PRIMASK
10003a5e:	b672      	cpsid	i
10003a60:	e8d0 5fcf 	ldaexb	r5, [r0]
10003a64:	2401      	movs	r4, #1
10003a66:	2d00      	cmp	r5, #0
10003a68:	d1fa      	bne.n	10003a60 <alarm_pool_add_alarm_at_force_in_context+0xc>
10003a6a:	e8c0 4f45 	strexb	r5, r4, [r0]
10003a6e:	2d00      	cmp	r5, #0
10003a70:	d1f6      	bne.n	10003a60 <alarm_pool_add_alarm_at_force_in_context+0xc>
10003a72:	f3bf 8f5f 	dmb	sy
10003a76:	f9b1 e002 	ldrsh.w	lr, [r1, #2]
10003a7a:	694c      	ldr	r4, [r1, #20]
10003a7c:	eb0e 0c4e 	add.w	ip, lr, lr, lsl #1
10003a80:	f1be 0f00 	cmp.w	lr, #0
10003a84:	ea4f 05cc 	mov.w	r5, ip, lsl #3
10003a88:	eb04 0ccc 	add.w	ip, r4, ip, lsl #3
10003a8c:	db3d      	blt.n	10003b0a <alarm_pool_add_alarm_at_force_in_context+0xb6>
10003a8e:	5b60      	ldrh	r0, [r4, r5]
10003a90:	2600      	movs	r6, #0
10003a92:	8048      	strh	r0, [r1, #2]
10003a94:	6908      	ldr	r0, [r1, #16]
10003a96:	e8c0 6f8f 	stlb	r6, [r0]
10003a9a:	f387 8810 	msr	PRIMASK, r7
10003a9e:	f8bc 0002 	ldrh.w	r0, [ip, #2]
10003aa2:	e9cc 2302 	strd	r2, r3, [ip, #8]
10003aa6:	3001      	adds	r0, #1
10003aa8:	f3c0 000e 	ubfx	r0, r0, #0, #15
10003aac:	2801      	cmp	r0, #1
10003aae:	bf38      	it	cc
10003ab0:	2001      	movcc	r0, #1
10003ab2:	9b05      	ldr	r3, [sp, #20]
10003ab4:	f8ac 0002 	strh.w	r0, [ip, #2]
10003ab8:	f8cc 3010 	str.w	r3, [ip, #16]
10003abc:	9b06      	ldr	r3, [sp, #24]
10003abe:	ea40 400e 	orr.w	r0, r0, lr, lsl #16
10003ac2:	f8cc 3014 	str.w	r3, [ip, #20]
10003ac6:	690b      	ldr	r3, [r1, #16]
10003ac8:	f3ef 8210 	mrs	r2, PRIMASK
10003acc:	b672      	cpsid	i
10003ace:	e8d3 cfcf 	ldaexb	ip, [r3]
10003ad2:	2701      	movs	r7, #1
10003ad4:	f1bc 0f00 	cmp.w	ip, #0
10003ad8:	d1f9      	bne.n	10003ace <alarm_pool_add_alarm_at_force_in_context+0x7a>
10003ada:	e8c3 7f4c 	strexb	ip, r7, [r3]
10003ade:	f1bc 0f00 	cmp.w	ip, #0
10003ae2:	d1f4      	bne.n	10003ace <alarm_pool_add_alarm_at_force_in_context+0x7a>
10003ae4:	f3bf 8f5f 	dmb	sy
10003ae8:	888b      	ldrh	r3, [r1, #4]
10003aea:	5363      	strh	r3, [r4, r5]
10003aec:	f8a1 e004 	strh.w	lr, [r1, #4]
10003af0:	690b      	ldr	r3, [r1, #16]
10003af2:	e8c3 6f8f 	stlb	r6, [r3]
10003af6:	f382 8810 	msr	PRIMASK, r2
10003afa:	2201      	movs	r2, #1
10003afc:	68cb      	ldr	r3, [r1, #12]
10003afe:	7809      	ldrb	r1, [r1, #0]
10003b00:	f503 5301 	add.w	r3, r3, #8256	@ 0x2040
10003b04:	408a      	lsls	r2, r1
10003b06:	605a      	str	r2, [r3, #4]
10003b08:	bdf0      	pop	{r4, r5, r6, r7, pc}
10003b0a:	2300      	movs	r3, #0
10003b0c:	690a      	ldr	r2, [r1, #16]
10003b0e:	e8c2 3f8f 	stlb	r3, [r2]
10003b12:	f387 8810 	msr	PRIMASK, r7
10003b16:	f04f 30ff 	mov.w	r0, #4294967295	@ 0xffffffff
10003b1a:	bdf0      	pop	{r4, r5, r6, r7, pc}

10003b1c <alarm_pool_cancel_alarm>:
10003b1c:	4603      	mov	r3, r0
10003b1e:	8940      	ldrh	r0, [r0, #10]
10003b20:	ebb0 4f21 	cmp.w	r0, r1, asr #16
10003b24:	dd37      	ble.n	10003b96 <alarm_pool_cancel_alarm+0x7a>
10003b26:	6958      	ldr	r0, [r3, #20]
10003b28:	140a      	asrs	r2, r1, #16
10003b2a:	eb02 0242 	add.w	r2, r2, r2, lsl #1
10003b2e:	b510      	push	{r4, lr}
10003b30:	eb00 00c2 	add.w	r0, r0, r2, lsl #3
10003b34:	691c      	ldr	r4, [r3, #16]
10003b36:	f3ef 8c10 	mrs	ip, PRIMASK
10003b3a:	b672      	cpsid	i
10003b3c:	e8d4 efcf 	ldaexb	lr, [r4]
10003b40:	2201      	movs	r2, #1
10003b42:	f1be 0f00 	cmp.w	lr, #0
10003b46:	d1f9      	bne.n	10003b3c <alarm_pool_cancel_alarm+0x20>
10003b48:	e8c4 2f4e 	strexb	lr, r2, [r4]
10003b4c:	f1be 0f00 	cmp.w	lr, #0
10003b50:	d1f4      	bne.n	10003b3c <alarm_pool_cancel_alarm+0x20>
10003b52:	f3bf 8f5f 	dmb	sy
10003b56:	8842      	ldrh	r2, [r0, #2]
10003b58:	b289      	uxth	r1, r1
10003b5a:	b292      	uxth	r2, r2
10003b5c:	428a      	cmp	r2, r1
10003b5e:	d007      	beq.n	10003b70 <alarm_pool_cancel_alarm+0x54>
10003b60:	2200      	movs	r2, #0
10003b62:	691b      	ldr	r3, [r3, #16]
10003b64:	e8c3 2f8f 	stlb	r2, [r3]
10003b68:	f38c 8810 	msr	PRIMASK, ip
10003b6c:	2000      	movs	r0, #0
10003b6e:	bd10      	pop	{r4, pc}
10003b70:	f442 4200 	orr.w	r2, r2, #32768	@ 0x8000
10003b74:	8042      	strh	r2, [r0, #2]
10003b76:	2101      	movs	r1, #1
10003b78:	2200      	movs	r2, #0
10003b7a:	6918      	ldr	r0, [r3, #16]
10003b7c:	7199      	strb	r1, [r3, #6]
10003b7e:	e8c0 2f8f 	stlb	r2, [r0]
10003b82:	f38c 8810 	msr	PRIMASK, ip
10003b86:	781c      	ldrb	r4, [r3, #0]
10003b88:	68da      	ldr	r2, [r3, #12]
10003b8a:	4608      	mov	r0, r1
10003b8c:	f502 5301 	add.w	r3, r2, #8256	@ 0x2040
10003b90:	40a1      	lsls	r1, r4
10003b92:	6059      	str	r1, [r3, #4]
10003b94:	bd10      	pop	{r4, pc}
10003b96:	2000      	movs	r0, #0
10003b98:	4770      	bx	lr
10003b9a:	bf00      	nop

10003b9c <best_effort_wfe_or_timeout>:
10003b9c:	b5f0      	push	{r4, r5, r6, r7, lr}
10003b9e:	4606      	mov	r6, r0
10003ba0:	460d      	mov	r5, r1
10003ba2:	b083      	sub	sp, #12
10003ba4:	f3ef 8405 	mrs	r4, IPSR
10003ba8:	b2e4      	uxtb	r4, r4
10003baa:	2c00      	cmp	r4, #0
10003bac:	d135      	bne.n	10003c1a <best_effort_wfe_or_timeout+0x7e>
10003bae:	4f26      	ldr	r7, [pc, #152]	@ (10003c48 <best_effort_wfe_or_timeout+0xac>)
10003bb0:	783a      	ldrb	r2, [r7, #0]
10003bb2:	68f9      	ldr	r1, [r7, #12]
10003bb4:	3204      	adds	r2, #4
10003bb6:	6a8b      	ldr	r3, [r1, #40]	@ 0x28
10003bb8:	f851 2022 	ldr.w	r2, [r1, r2, lsl #2]
10003bbc:	1ad2      	subs	r2, r2, r3
10003bbe:	1ac3      	subs	r3, r0, r3
10003bc0:	4293      	cmp	r3, r2
10003bc2:	d307      	bcc.n	10003bd4 <best_effort_wfe_or_timeout+0x38>
10003bc4:	bf20      	wfe
10003bc6:	4b21      	ldr	r3, [pc, #132]	@ (10003c4c <best_effort_wfe_or_timeout+0xb0>)
10003bc8:	6a58      	ldr	r0, [r3, #36]	@ 0x24
10003bca:	4285      	cmp	r5, r0
10003bcc:	d91f      	bls.n	10003c0e <best_effort_wfe_or_timeout+0x72>
10003bce:	2000      	movs	r0, #0
10003bd0:	b003      	add	sp, #12
10003bd2:	bdf0      	pop	{r4, r5, r6, r7, pc}
10003bd4:	f000 f858 	bl	10003c88 <time_us_64>
10003bd8:	4286      	cmp	r6, r0
10003bda:	eb65 0101 	sbc.w	r1, r5, r1
10003bde:	2900      	cmp	r1, #0
10003be0:	db11      	blt.n	10003c06 <best_effort_wfe_or_timeout+0x6a>
10003be2:	4b1b      	ldr	r3, [pc, #108]	@ (10003c50 <best_effort_wfe_or_timeout+0xb4>)
10003be4:	4638      	mov	r0, r7
10003be6:	e9cd 3400 	strd	r3, r4, [sp]
10003bea:	4632      	mov	r2, r6
10003bec:	462b      	mov	r3, r5
10003bee:	f7ff ff31 	bl	10003a54 <alarm_pool_add_alarm_at_force_in_context>
10003bf2:	1e01      	subs	r1, r0, #0
10003bf4:	dd07      	ble.n	10003c06 <best_effort_wfe_or_timeout+0x6a>
10003bf6:	4b15      	ldr	r3, [pc, #84]	@ (10003c4c <best_effort_wfe_or_timeout+0xb0>)
10003bf8:	6a5a      	ldr	r2, [r3, #36]	@ 0x24
10003bfa:	4295      	cmp	r5, r2
10003bfc:	d91d      	bls.n	10003c3a <best_effort_wfe_or_timeout+0x9e>
10003bfe:	bf20      	wfe
10003c00:	4811      	ldr	r0, [pc, #68]	@ (10003c48 <best_effort_wfe_or_timeout+0xac>)
10003c02:	f7ff ff8b 	bl	10003b1c <alarm_pool_cancel_alarm>
10003c06:	4b11      	ldr	r3, [pc, #68]	@ (10003c4c <best_effort_wfe_or_timeout+0xb0>)
10003c08:	6a58      	ldr	r0, [r3, #36]	@ 0x24
10003c0a:	4285      	cmp	r5, r0
10003c0c:	d8df      	bhi.n	10003bce <best_effort_wfe_or_timeout+0x32>
10003c0e:	6a9b      	ldr	r3, [r3, #40]	@ 0x28
10003c10:	429e      	cmp	r6, r3
10003c12:	d80d      	bhi.n	10003c30 <best_effort_wfe_or_timeout+0x94>
10003c14:	2001      	movs	r0, #1
10003c16:	b003      	add	sp, #12
10003c18:	bdf0      	pop	{r4, r5, r6, r7, pc}
10003c1a:	4b0c      	ldr	r3, [pc, #48]	@ (10003c4c <best_effort_wfe_or_timeout+0xb0>)
10003c1c:	6a58      	ldr	r0, [r3, #36]	@ 0x24
10003c1e:	4288      	cmp	r0, r1
10003c20:	d3d5      	bcc.n	10003bce <best_effort_wfe_or_timeout+0x32>
10003c22:	6a9b      	ldr	r3, [r3, #40]	@ 0x28
10003c24:	42b3      	cmp	r3, r6
10003c26:	d2f5      	bcs.n	10003c14 <best_effort_wfe_or_timeout+0x78>
10003c28:	1a40      	subs	r0, r0, r1
10003c2a:	bf18      	it	ne
10003c2c:	2001      	movne	r0, #1
10003c2e:	e7cf      	b.n	10003bd0 <best_effort_wfe_or_timeout+0x34>
10003c30:	1a28      	subs	r0, r5, r0
10003c32:	bf18      	it	ne
10003c34:	2001      	movne	r0, #1
10003c36:	b003      	add	sp, #12
10003c38:	bdf0      	pop	{r4, r5, r6, r7, pc}
10003c3a:	6a9b      	ldr	r3, [r3, #40]	@ 0x28
10003c3c:	429e      	cmp	r6, r3
10003c3e:	d9df      	bls.n	10003c00 <best_effort_wfe_or_timeout+0x64>
10003c40:	4295      	cmp	r5, r2
10003c42:	d1dd      	bne.n	10003c00 <best_effort_wfe_or_timeout+0x64>
10003c44:	e7db      	b.n	10003bfe <best_effort_wfe_or_timeout+0x62>
10003c46:	bf00      	nop
10003c48:	200005ec 	.word	0x200005ec
10003c4c:	400b0000 	.word	0x400b0000
10003c50:	10003921 	.word	0x10003921

10003c54 <timer_hardware_alarm_claim>:
10003c54:	b410      	push	{r4}
10003c56:	4b05      	ldr	r3, [pc, #20]	@ (10003c6c <timer_hardware_alarm_claim+0x18>)
10003c58:	4c05      	ldr	r4, [pc, #20]	@ (10003c70 <timer_hardware_alarm_claim+0x1c>)
10003c5a:	4a06      	ldr	r2, [pc, #24]	@ (10003c74 <timer_hardware_alarm_claim+0x20>)
10003c5c:	42a0      	cmp	r0, r4
10003c5e:	bf14      	ite	ne
10003c60:	4618      	movne	r0, r3
10003c62:	1c58      	addeq	r0, r3, #1
10003c64:	f85d 4b04 	ldr.w	r4, [sp], #4
10003c68:	f7ff ba58 	b.w	1000311c <hw_claim_or_assert>
10003c6c:	20000838 	.word	0x20000838
10003c70:	400b8000 	.word	0x400b8000
10003c74:	10004b30 	.word	0x10004b30

10003c78 <timer_time_us_64>:
10003c78:	4603      	mov	r3, r0
10003c7a:	6a41      	ldr	r1, [r0, #36]	@ 0x24
10003c7c:	460a      	mov	r2, r1
10003c7e:	6a98      	ldr	r0, [r3, #40]	@ 0x28
10003c80:	6a59      	ldr	r1, [r3, #36]	@ 0x24
10003c82:	428a      	cmp	r2, r1
10003c84:	d1fa      	bne.n	10003c7c <timer_time_us_64+0x4>
10003c86:	4770      	bx	lr

10003c88 <time_us_64>:
10003c88:	4b03      	ldr	r3, [pc, #12]	@ (10003c98 <time_us_64+0x10>)
10003c8a:	6a59      	ldr	r1, [r3, #36]	@ 0x24
10003c8c:	460a      	mov	r2, r1
10003c8e:	6a98      	ldr	r0, [r3, #40]	@ 0x28
10003c90:	6a59      	ldr	r1, [r3, #36]	@ 0x24
10003c92:	4291      	cmp	r1, r2
10003c94:	d1fa      	bne.n	10003c8c <time_us_64+0x4>
10003c96:	4770      	bx	lr
10003c98:	400b0000 	.word	0x400b0000

10003c9c <busy_wait_us>:
10003c9c:	b430      	push	{r4, r5}
10003c9e:	4a15      	ldr	r2, [pc, #84]	@ (10003cf4 <busy_wait_us+0x58>)
10003ca0:	6a53      	ldr	r3, [r2, #36]	@ 0x24
10003ca2:	469c      	mov	ip, r3
10003ca4:	6a94      	ldr	r4, [r2, #40]	@ 0x28
10003ca6:	6a53      	ldr	r3, [r2, #36]	@ 0x24
10003ca8:	4563      	cmp	r3, ip
10003caa:	d1fa      	bne.n	10003ca2 <busy_wait_us+0x6>
10003cac:	1902      	adds	r2, r0, r4
10003cae:	4159      	adcs	r1, r3
10003cb0:	f04f 0500 	mov.w	r5, #0
10003cb4:	bf28      	it	cs
10003cb6:	2501      	movcs	r5, #1
10003cb8:	4b0e      	ldr	r3, [pc, #56]	@ (10003cf4 <busy_wait_us+0x58>)
10003cba:	6a5b      	ldr	r3, [r3, #36]	@ 0x24
10003cbc:	b1b5      	cbz	r5, 10003cec <busy_wait_us+0x50>
10003cbe:	1c5a      	adds	r2, r3, #1
10003cc0:	bf08      	it	eq
10003cc2:	461a      	moveq	r2, r3
10003cc4:	d008      	beq.n	10003cd8 <busy_wait_us+0x3c>
10003cc6:	f04f 31ff 	mov.w	r1, #4294967295	@ 0xffffffff
10003cca:	460a      	mov	r2, r1
10003ccc:	4809      	ldr	r0, [pc, #36]	@ (10003cf4 <busy_wait_us+0x58>)
10003cce:	6a43      	ldr	r3, [r0, #36]	@ 0x24
10003cd0:	428b      	cmp	r3, r1
10003cd2:	d3fc      	bcc.n	10003cce <busy_wait_us+0x32>
10003cd4:	428b      	cmp	r3, r1
10003cd6:	d107      	bne.n	10003ce8 <busy_wait_us+0x4c>
10003cd8:	4906      	ldr	r1, [pc, #24]	@ (10003cf4 <busy_wait_us+0x58>)
10003cda:	e002      	b.n	10003ce2 <busy_wait_us+0x46>
10003cdc:	6a48      	ldr	r0, [r1, #36]	@ 0x24
10003cde:	4298      	cmp	r0, r3
10003ce0:	d102      	bne.n	10003ce8 <busy_wait_us+0x4c>
10003ce2:	6a88      	ldr	r0, [r1, #40]	@ 0x28
10003ce4:	4290      	cmp	r0, r2
10003ce6:	d3f9      	bcc.n	10003cdc <busy_wait_us+0x40>
10003ce8:	bc30      	pop	{r4, r5}
10003cea:	4770      	bx	lr
10003cec:	4299      	cmp	r1, r3
10003cee:	d8ed      	bhi.n	10003ccc <busy_wait_us+0x30>
10003cf0:	e7f0      	b.n	10003cd4 <busy_wait_us+0x38>
10003cf2:	bf00      	nop
10003cf4:	400b0000 	.word	0x400b0000

10003cf8 <pll_init>:
10003cf8:	b470      	push	{r4, r5, r6}
10003cfa:	9d03      	ldr	r5, [sp, #12]
10003cfc:	6804      	ldr	r4, [r0, #0]
10003cfe:	032d      	lsls	r5, r5, #12
10003d00:	ea45 4503 	orr.w	r5, r5, r3, lsl #16
10003d04:	4b1b      	ldr	r3, [pc, #108]	@ (10003d74 <pll_init+0x7c>)
10003d06:	2c00      	cmp	r4, #0
10003d08:	fbb3 f3f1 	udiv	r3, r3, r1
10003d0c:	fbb2 f6f3 	udiv	r6, r2, r3
10003d10:	db1f      	blt.n	10003d52 <pll_init+0x5a>
10003d12:	4a19      	ldr	r2, [pc, #100]	@ (10003d78 <pll_init+0x80>)
10003d14:	4b19      	ldr	r3, [pc, #100]	@ (10003d7c <pll_init+0x84>)
10003d16:	4290      	cmp	r0, r2
10003d18:	bf0c      	ite	eq
10003d1a:	f44f 4200 	moveq.w	r2, #32768	@ 0x8000
10003d1e:	f44f 4280 	movne.w	r2, #16384	@ 0x4000
10003d22:	4c17      	ldr	r4, [pc, #92]	@ (10003d80 <pll_init+0x88>)
10003d24:	601a      	str	r2, [r3, #0]
10003d26:	f503 5380 	add.w	r3, r3, #4096	@ 0x1000
10003d2a:	601a      	str	r2, [r3, #0]
10003d2c:	68a3      	ldr	r3, [r4, #8]
10003d2e:	ea32 0303 	bics.w	r3, r2, r3
10003d32:	d1fb      	bne.n	10003d2c <pll_init+0x34>
10003d34:	2221      	movs	r2, #33	@ 0x21
10003d36:	f500 5340 	add.w	r3, r0, #12288	@ 0x3000
10003d3a:	3304      	adds	r3, #4
10003d3c:	6001      	str	r1, [r0, #0]
10003d3e:	6086      	str	r6, [r0, #8]
10003d40:	601a      	str	r2, [r3, #0]
10003d42:	6802      	ldr	r2, [r0, #0]
10003d44:	2a00      	cmp	r2, #0
10003d46:	dafc      	bge.n	10003d42 <pll_init+0x4a>
10003d48:	2208      	movs	r2, #8
10003d4a:	60c5      	str	r5, [r0, #12]
10003d4c:	601a      	str	r2, [r3, #0]
10003d4e:	bc70      	pop	{r4, r5, r6}
10003d50:	4770      	bx	lr
10003d52:	6803      	ldr	r3, [r0, #0]
10003d54:	f003 033f 	and.w	r3, r3, #63	@ 0x3f
10003d58:	428b      	cmp	r3, r1
10003d5a:	d1da      	bne.n	10003d12 <pll_init+0x1a>
10003d5c:	6883      	ldr	r3, [r0, #8]
10003d5e:	f3c3 030b 	ubfx	r3, r3, #0, #12
10003d62:	42b3      	cmp	r3, r6
10003d64:	d1d5      	bne.n	10003d12 <pll_init+0x1a>
10003d66:	68c3      	ldr	r3, [r0, #12]
10003d68:	f403 23ee 	and.w	r3, r3, #487424	@ 0x77000
10003d6c:	42ab      	cmp	r3, r5
10003d6e:	d1d0      	bne.n	10003d12 <pll_init+0x1a>
10003d70:	e7ed      	b.n	10003d4e <pll_init+0x56>
10003d72:	bf00      	nop
10003d74:	00b71b00 	.word	0x00b71b00
10003d78:	40058000 	.word	0x40058000
10003d7c:	40022000 	.word	0x40022000
10003d80:	40020000 	.word	0x40020000

10003d84 <tick_start>:
10003d84:	2301      	movs	r3, #1
10003d86:	eb00 0040 	add.w	r0, r0, r0, lsl #1
10003d8a:	0080      	lsls	r0, r0, #2
10003d8c:	f100 4080 	add.w	r0, r0, #1073741824	@ 0x40000000
10003d90:	f500 1084 	add.w	r0, r0, #1081344	@ 0x108000
10003d94:	6041      	str	r1, [r0, #4]
10003d96:	6003      	str	r3, [r0, #0]
10003d98:	4770      	bx	lr
10003d9a:	bf00      	nop

10003d9c <rom_func_lookup>:
10003d9c:	2300      	movs	r3, #0
10003d9e:	8adb      	ldrh	r3, [r3, #22]
10003da0:	2200      	movs	r2, #0
10003da2:	e842 f200 	tt	r2, r2
10003da6:	0252      	lsls	r2, r2, #9
10003da8:	d401      	bmi.n	10003dae <rom_func_lookup+0x12>
10003daa:	2110      	movs	r1, #16
10003dac:	4718      	bx	r3
10003dae:	2104      	movs	r1, #4
10003db0:	4718      	bx	r3
10003db2:	bf00      	nop

10003db4 <runtime_init_bootrom_locking_enable>:
10003db4:	4a03      	ldr	r2, [pc, #12]	@ (10003dc4 <runtime_init_bootrom_locking_enable+0x10>)
10003db6:	f8d2 3828 	ldr.w	r3, [r2, #2088]	@ 0x828
10003dba:	2b00      	cmp	r3, #0
10003dbc:	d0fb      	beq.n	10003db6 <runtime_init_bootrom_locking_enable+0x2>
10003dbe:	f3bf 8f5f 	dmb	sy
10003dc2:	4770      	bx	lr
10003dc4:	400e0000 	.word	0x400e0000

10003dc8 <runtime_init_boot_locks_reset>:
10003dc8:	2100      	movs	r1, #0
10003dca:	4b04      	ldr	r3, [pc, #16]	@ (10003ddc <runtime_init_boot_locks_reset+0x14>)
10003dcc:	4a04      	ldr	r2, [pc, #16]	@ (10003de0 <runtime_init_boot_locks_reset+0x18>)
10003dce:	f3bf 8f5f 	dmb	sy
10003dd2:	f843 1b04 	str.w	r1, [r3], #4
10003dd6:	4293      	cmp	r3, r2
10003dd8:	d1f9      	bne.n	10003dce <runtime_init_boot_locks_reset+0x6>
10003dda:	4770      	bx	lr
10003ddc:	400e080c 	.word	0x400e080c
10003de0:	400e082c 	.word	0x400e082c

10003de4 <xosc_init>:
10003de4:	b410      	push	{r4}
10003de6:	202f      	movs	r0, #47	@ 0x2f
10003de8:	f44f 642a 	mov.w	r4, #2720	@ 0xaa0
10003dec:	4a05      	ldr	r2, [pc, #20]	@ (10003e04 <xosc_init+0x20>)
10003dee:	4b06      	ldr	r3, [pc, #24]	@ (10003e08 <xosc_init+0x24>)
10003df0:	4906      	ldr	r1, [pc, #24]	@ (10003e0c <xosc_init+0x28>)
10003df2:	6014      	str	r4, [r2, #0]
10003df4:	60d0      	str	r0, [r2, #12]
10003df6:	6019      	str	r1, [r3, #0]
10003df8:	6853      	ldr	r3, [r2, #4]
10003dfa:	2b00      	cmp	r3, #0
10003dfc:	dafc      	bge.n	10003df8 <xosc_init+0x14>
10003dfe:	f85d 4b04 	ldr.w	r4, [sp], #4
10003e02:	4770      	bx	lr
10003e04:	40048000 	.word	0x40048000
10003e08:	4004a000 	.word	0x4004a000
10003e0c:	00fab000 	.word	0x00fab000

10003e10 <exception_set_exclusive_handler>:
10003e10:	b5f8      	push	{r3, r4, r5, r6, r7, lr}
10003e12:	4604      	mov	r4, r0
10003e14:	460d      	mov	r5, r1
10003e16:	f3ef 8710 	mrs	r7, PRIMASK
10003e1a:	b672      	cpsid	i
10003e1c:	4b0c      	ldr	r3, [pc, #48]	@ (10003e50 <exception_set_exclusive_handler+0x40>)
10003e1e:	689b      	ldr	r3, [r3, #8]
10003e20:	f853 6020 	ldr.w	r6, [r3, r0, lsl #2]
10003e24:	42b1      	cmp	r1, r6
10003e26:	d004      	beq.n	10003e32 <exception_set_exclusive_handler+0x22>
10003e28:	4b0a      	ldr	r3, [pc, #40]	@ (10003e54 <exception_set_exclusive_handler+0x44>)
10003e2a:	429e      	cmp	r6, r3
10003e2c:	d20b      	bcs.n	10003e46 <exception_set_exclusive_handler+0x36>
10003e2e:	f000 f987 	bl	10004140 <hard_assertion_failure>
10003e32:	4b07      	ldr	r3, [pc, #28]	@ (10003e50 <exception_set_exclusive_handler+0x40>)
10003e34:	689b      	ldr	r3, [r3, #8]
10003e36:	f843 5024 	str.w	r5, [r3, r4, lsl #2]
10003e3a:	f3bf 8f5f 	dmb	sy
10003e3e:	f387 8810 	msr	PRIMASK, r7
10003e42:	4630      	mov	r0, r6
10003e44:	bdf8      	pop	{r3, r4, r5, r6, r7, pc}
10003e46:	4b04      	ldr	r3, [pc, #16]	@ (10003e58 <exception_set_exclusive_handler+0x48>)
10003e48:	429e      	cmp	r6, r3
10003e4a:	d3f2      	bcc.n	10003e32 <exception_set_exclusive_handler+0x22>
10003e4c:	e7ef      	b.n	10003e2e <exception_set_exclusive_handler+0x1e>
10003e4e:	bf00      	nop
10003e50:	e000ed00 	.word	0xe000ed00
10003e54:	10000110 	.word	0x10000110
10003e58:	1000011c 	.word	0x1000011c

10003e5c <core1_trampoline>:
10003e5c:	bd03      	pop	{r0, r1, pc}
10003e5e:	bf00      	nop

10003e60 <core1_wrapper>:
10003e60:	b510      	push	{r4, lr}
10003e62:	4604      	mov	r4, r0
10003e64:	f000 f982 	bl	1000416c <runtime_run_per_core_initializers>
10003e68:	4623      	mov	r3, r4
10003e6a:	e8bd 4010 	ldmia.w	sp!, {r4, lr}
10003e6e:	4718      	bx	r3

10003e70 <multicore_launch_core1_raw>:
10003e70:	b5f0      	push	{r4, r5, r6, r7, lr}
10003e72:	4605      	mov	r5, r0
10003e74:	b087      	sub	sp, #28
10003e76:	2019      	movs	r0, #25
10003e78:	4617      	mov	r7, r2
10003e7a:	460e      	mov	r6, r1
10003e7c:	f7ff f9f8 	bl	10003270 <irq_is_enabled>
10003e80:	2100      	movs	r1, #0
10003e82:	4604      	mov	r4, r0
10003e84:	2019      	movs	r0, #25
10003e86:	f7ff f9dd 	bl	10003244 <irq_set_enabled>
10003e8a:	2100      	movs	r1, #0
10003e8c:	e9cd 6504 	strd	r6, r5, [sp, #16]
10003e90:	9703      	str	r7, [sp, #12]
10003e92:	2600      	movs	r6, #0
10003e94:	2700      	movs	r7, #0
10003e96:	2201      	movs	r2, #1
10003e98:	f04f 4350 	mov.w	r3, #3489660928	@ 0xd0000000
10003e9c:	468c      	mov	ip, r1
10003e9e:	e9cd 6700 	strd	r6, r7, [sp]
10003ea2:	9202      	str	r2, [sp, #8]
10003ea4:	b1b9      	cbz	r1, 10003ed6 <multicore_launch_core1_raw+0x66>
10003ea6:	6d1a      	ldr	r2, [r3, #80]	@ 0x50
10003ea8:	0795      	lsls	r5, r2, #30
10003eaa:	d5fc      	bpl.n	10003ea6 <multicore_launch_core1_raw+0x36>
10003eac:	6559      	str	r1, [r3, #84]	@ 0x54
10003eae:	bf40      	sev
10003eb0:	6d1a      	ldr	r2, [r3, #80]	@ 0x50
10003eb2:	07d0      	lsls	r0, r2, #31
10003eb4:	d403      	bmi.n	10003ebe <multicore_launch_core1_raw+0x4e>
10003eb6:	bf20      	wfe
10003eb8:	6d1a      	ldr	r2, [r3, #80]	@ 0x50
10003eba:	07d2      	lsls	r2, r2, #31
10003ebc:	d5fb      	bpl.n	10003eb6 <multicore_launch_core1_raw+0x46>
10003ebe:	6d9a      	ldr	r2, [r3, #88]	@ 0x58
10003ec0:	428a      	cmp	r2, r1
10003ec2:	d00d      	beq.n	10003ee0 <multicore_launch_core1_raw+0x70>
10003ec4:	f04f 0c00 	mov.w	ip, #0
10003ec8:	aa06      	add	r2, sp, #24
10003eca:	eb02 028c 	add.w	r2, r2, ip, lsl #2
10003ece:	f852 1c18 	ldr.w	r1, [r2, #-24]
10003ed2:	e7e7      	b.n	10003ea4 <multicore_launch_core1_raw+0x34>
10003ed4:	6d9a      	ldr	r2, [r3, #88]	@ 0x58
10003ed6:	6d1a      	ldr	r2, [r3, #80]	@ 0x50
10003ed8:	07d6      	lsls	r6, r2, #31
10003eda:	d4fb      	bmi.n	10003ed4 <multicore_launch_core1_raw+0x64>
10003edc:	bf40      	sev
10003ede:	e7e2      	b.n	10003ea6 <multicore_launch_core1_raw+0x36>
10003ee0:	f10c 0c01 	add.w	ip, ip, #1
10003ee4:	f1bc 0f06 	cmp.w	ip, #6
10003ee8:	d1ee      	bne.n	10003ec8 <multicore_launch_core1_raw+0x58>
10003eea:	4621      	mov	r1, r4
10003eec:	2019      	movs	r0, #25
10003eee:	b007      	add	sp, #28
10003ef0:	e8bd 40f0 	ldmia.w	sp!, {r4, r5, r6, r7, lr}
10003ef4:	f7ff b9a6 	b.w	10003244 <irq_set_enabled>

10003ef8 <multicore_launch_core1>:
10003ef8:	4b0c      	ldr	r3, [pc, #48]	@ (10003f2c <multicore_launch_core1+0x34>)
10003efa:	4a0d      	ldr	r2, [pc, #52]	@ (10003f30 <multicore_launch_core1+0x38>)
10003efc:	4293      	cmp	r3, r2
10003efe:	d30e      	bcc.n	10003f1e <multicore_launch_core1+0x26>
10003f00:	469c      	mov	ip, r3
10003f02:	f203 71f4 	addw	r1, r3, #2036	@ 0x7f4
10003f06:	4a0b      	ldr	r2, [pc, #44]	@ (10003f34 <multicore_launch_core1+0x3c>)
10003f08:	6892      	ldr	r2, [r2, #8]
10003f0a:	f8cc 07f4 	str.w	r0, [ip, #2036]	@ 0x7f4
10003f0e:	480a      	ldr	r0, [pc, #40]	@ (10003f38 <multicore_launch_core1+0x40>)
10003f10:	f8cc 37f8 	str.w	r3, [ip, #2040]	@ 0x7f8
10003f14:	f8cc 07fc 	str.w	r0, [ip, #2044]	@ 0x7fc
10003f18:	4808      	ldr	r0, [pc, #32]	@ (10003f3c <multicore_launch_core1+0x44>)
10003f1a:	f7ff bfa9 	b.w	10003e70 <multicore_launch_core1_raw>
10003f1e:	f04f 33ff 	mov.w	r3, #4294967295	@ 0xffffffff
10003f22:	f240 71f3 	movw	r1, #2035	@ 0x7f3
10003f26:	469c      	mov	ip, r3
10003f28:	e7ed      	b.n	10003f06 <multicore_launch_core1+0xe>
10003f2a:	bf00      	nop
10003f2c:	20080800 	.word	0x20080800
10003f30:	20080000 	.word	0x20080000
10003f34:	e000ed00 	.word	0xe000ed00
10003f38:	10003e61 	.word	0x10003e61
10003f3c:	10003e5d 	.word	0x10003e5d

10003f40 <multicore_doorbell_claim_unused>:
10003f40:	b570      	push	{r4, r5, r6, lr}
10003f42:	4604      	mov	r4, r0
10003f44:	460e      	mov	r6, r1
10003f46:	f7ff f8cd 	bl	100030e4 <hw_claim_lock>
10003f4a:	4b39      	ldr	r3, [pc, #228]	@ (10004030 <multicore_doorbell_claim_unused+0xf0>)
10003f4c:	789d      	ldrb	r5, [r3, #2]
10003f4e:	f993 2000 	ldrsb.w	r2, [r3]
10003f52:	f005 0501 	and.w	r5, r5, #1
10003f56:	0fd2      	lsrs	r2, r2, #31
10003f58:	ea42 0245 	orr.w	r2, r2, r5, lsl #1
10003f5c:	4222      	tst	r2, r4
10003f5e:	f893 c000 	ldrb.w	ip, [r3]
10003f62:	d04e      	beq.n	10004002 <multicore_doorbell_claim_unused+0xc2>
10003f64:	f993 1001 	ldrsb.w	r1, [r3, #1]
10003f68:	f3cc 1280 	ubfx	r2, ip, #6, #1
10003f6c:	0fc9      	lsrs	r1, r1, #31
10003f6e:	ea42 0241 	orr.w	r2, r2, r1, lsl #1
10003f72:	4222      	tst	r2, r4
10003f74:	7859      	ldrb	r1, [r3, #1]
10003f76:	d033      	beq.n	10003fe0 <multicore_doorbell_claim_unused+0xa0>
10003f78:	f3c1 1580 	ubfx	r5, r1, #6, #1
10003f7c:	f3cc 1240 	ubfx	r2, ip, #5, #1
10003f80:	ea42 0245 	orr.w	r2, r2, r5, lsl #1
10003f84:	4222      	tst	r2, r4
10003f86:	d042      	beq.n	1000400e <multicore_doorbell_claim_unused+0xce>
10003f88:	f3c1 1540 	ubfx	r5, r1, #5, #1
10003f8c:	f3cc 1200 	ubfx	r2, ip, #4, #1
10003f90:	ea42 0245 	orr.w	r2, r2, r5, lsl #1
10003f94:	4222      	tst	r2, r4
10003f96:	d03d      	beq.n	10004014 <multicore_doorbell_claim_unused+0xd4>
10003f98:	f3c1 1500 	ubfx	r5, r1, #4, #1
10003f9c:	f3cc 02c0 	ubfx	r2, ip, #3, #1
10003fa0:	ea42 0245 	orr.w	r2, r2, r5, lsl #1
10003fa4:	4222      	tst	r2, r4
10003fa6:	d02f      	beq.n	10004008 <multicore_doorbell_claim_unused+0xc8>
10003fa8:	f3c1 05c0 	ubfx	r5, r1, #3, #1
10003fac:	f3cc 0280 	ubfx	r2, ip, #2, #1
10003fb0:	ea42 0245 	orr.w	r2, r2, r5, lsl #1
10003fb4:	4222      	tst	r2, r4
10003fb6:	d030      	beq.n	1000401a <multicore_doorbell_claim_unused+0xda>
10003fb8:	f3c1 0580 	ubfx	r5, r1, #2, #1
10003fbc:	f3cc 0240 	ubfx	r2, ip, #1, #1
10003fc0:	ea42 0245 	orr.w	r2, r2, r5, lsl #1
10003fc4:	4222      	tst	r2, r4
10003fc6:	d02e      	beq.n	10004026 <multicore_doorbell_claim_unused+0xe6>
10003fc8:	f001 0202 	and.w	r2, r1, #2
10003fcc:	f00c 0101 	and.w	r1, ip, #1
10003fd0:	430a      	orrs	r2, r1
10003fd2:	ea12 0504 	ands.w	r5, r2, r4
10003fd6:	d029      	beq.n	1000402c <multicore_doorbell_claim_unused+0xec>
10003fd8:	b316      	cbz	r6, 10004020 <multicore_doorbell_claim_unused+0xe0>
10003fda:	4816      	ldr	r0, [pc, #88]	@ (10004034 <multicore_doorbell_claim_unused+0xf4>)
10003fdc:	f7fc f994 	bl	10000308 <panic>
10003fe0:	2140      	movs	r1, #64	@ 0x40
10003fe2:	2506      	movs	r5, #6
10003fe4:	07e6      	lsls	r6, r4, #31
10003fe6:	bf44      	itt	mi
10003fe8:	ea4c 0c01 	orrmi.w	ip, ip, r1
10003fec:	f883 c000 	strbmi.w	ip, [r3]
10003ff0:	07a2      	lsls	r2, r4, #30
10003ff2:	d502      	bpl.n	10003ffa <multicore_doorbell_claim_unused+0xba>
10003ff4:	785a      	ldrb	r2, [r3, #1]
10003ff6:	430a      	orrs	r2, r1
10003ff8:	705a      	strb	r2, [r3, #1]
10003ffa:	f7ff f885 	bl	10003108 <hw_claim_unlock>
10003ffe:	4628      	mov	r0, r5
10004000:	bd70      	pop	{r4, r5, r6, pc}
10004002:	2180      	movs	r1, #128	@ 0x80
10004004:	2507      	movs	r5, #7
10004006:	e7ed      	b.n	10003fe4 <multicore_doorbell_claim_unused+0xa4>
10004008:	2108      	movs	r1, #8
1000400a:	2503      	movs	r5, #3
1000400c:	e7ea      	b.n	10003fe4 <multicore_doorbell_claim_unused+0xa4>
1000400e:	2120      	movs	r1, #32
10004010:	2505      	movs	r5, #5
10004012:	e7e7      	b.n	10003fe4 <multicore_doorbell_claim_unused+0xa4>
10004014:	2110      	movs	r1, #16
10004016:	2504      	movs	r5, #4
10004018:	e7e4      	b.n	10003fe4 <multicore_doorbell_claim_unused+0xa4>
1000401a:	2104      	movs	r1, #4
1000401c:	2502      	movs	r5, #2
1000401e:	e7e1      	b.n	10003fe4 <multicore_doorbell_claim_unused+0xa4>
10004020:	f06f 0508 	mvn.w	r5, #8
10004024:	e7e9      	b.n	10003ffa <multicore_doorbell_claim_unused+0xba>
10004026:	2102      	movs	r1, #2
10004028:	2501      	movs	r5, #1
1000402a:	e7db      	b.n	10003fe4 <multicore_doorbell_claim_unused+0xa4>
1000402c:	2101      	movs	r1, #1
1000402e:	e7d9      	b.n	10003fe4 <multicore_doorbell_claim_unused+0xa4>
10004030:	20000864 	.word	0x20000864
10004034:	10004b54 	.word	0x10004b54

10004038 <uart_init>:
10004038:	b5f8      	push	{r3, r4, r5, r6, r7, lr}
1000403a:	4605      	mov	r5, r0
1000403c:	2006      	movs	r0, #6
1000403e:	460e      	mov	r6, r1
10004040:	f7ff f84a 	bl	100030d8 <clock_get_hz>
10004044:	2800      	cmp	r0, #0
10004046:	d042      	beq.n	100040ce <uart_init+0x96>
10004048:	4a35      	ldr	r2, [pc, #212]	@ (10004120 <uart_init+0xe8>)
1000404a:	4836      	ldr	r0, [pc, #216]	@ (10004124 <uart_init+0xec>)
1000404c:	4295      	cmp	r5, r2
1000404e:	bf0c      	ite	eq
10004050:	f04f 6200 	moveq.w	r2, #134217728	@ 0x8000000
10004054:	f04f 6280 	movne.w	r2, #67108864	@ 0x4000000
10004058:	4b33      	ldr	r3, [pc, #204]	@ (10004128 <uart_init+0xf0>)
1000405a:	4934      	ldr	r1, [pc, #208]	@ (1000412c <uart_init+0xf4>)
1000405c:	6002      	str	r2, [r0, #0]
1000405e:	601a      	str	r2, [r3, #0]
10004060:	688c      	ldr	r4, [r1, #8]
10004062:	ea32 0404 	bics.w	r4, r2, r4
10004066:	d1fb      	bne.n	10004060 <uart_init+0x28>
10004068:	4b2d      	ldr	r3, [pc, #180]	@ (10004120 <uart_init+0xe8>)
1000406a:	f44f 7180 	mov.w	r1, #256	@ 0x100
1000406e:	1aeb      	subs	r3, r5, r3
10004070:	fab3 f383 	clz	r3, r3
10004074:	4a2e      	ldr	r2, [pc, #184]	@ (10004130 <uart_init+0xf8>)
10004076:	095b      	lsrs	r3, r3, #5
10004078:	2006      	movs	r0, #6
1000407a:	f822 1013 	strh.w	r1, [r2, r3, lsl #1]
1000407e:	f7ff f82b 	bl	100030d8 <clock_get_hz>
10004082:	00c3      	lsls	r3, r0, #3
10004084:	fbb3 f3f6 	udiv	r3, r3, r6
10004088:	3301      	adds	r3, #1
1000408a:	09da      	lsrs	r2, r3, #7
1000408c:	d120      	bne.n	100040d0 <uart_init+0x98>
1000408e:	2640      	movs	r6, #64	@ 0x40
10004090:	2101      	movs	r1, #1
10004092:	6269      	str	r1, [r5, #36]	@ 0x24
10004094:	62aa      	str	r2, [r5, #40]	@ 0x28
10004096:	6b2f      	ldr	r7, [r5, #48]	@ 0x30
10004098:	07fb      	lsls	r3, r7, #31
1000409a:	d422      	bmi.n	100040e2 <uart_init+0xaa>
1000409c:	462b      	mov	r3, r5
1000409e:	2200      	movs	r2, #0
100040a0:	f853 1f2c 	ldr.w	r1, [r3, #44]!
100040a4:	2006      	movs	r0, #6
100040a6:	f503 5480 	add.w	r4, r3, #4096	@ 0x1000
100040aa:	6022      	str	r2, [r4, #0]
100040ac:	632f      	str	r7, [r5, #48]	@ 0x30
100040ae:	f7ff f813 	bl	100030d8 <clock_get_hz>
100040b2:	6aeb      	ldr	r3, [r5, #44]	@ 0x2c
100040b4:	f240 3201 	movw	r2, #769	@ 0x301
100040b8:	f083 0370 	eor.w	r3, r3, #112	@ 0x70
100040bc:	f003 037e 	and.w	r3, r3, #126	@ 0x7e
100040c0:	6023      	str	r3, [r4, #0]
100040c2:	0080      	lsls	r0, r0, #2
100040c4:	2303      	movs	r3, #3
100040c6:	fbb0 f0f6 	udiv	r0, r0, r6
100040ca:	632a      	str	r2, [r5, #48]	@ 0x30
100040cc:	64ab      	str	r3, [r5, #72]	@ 0x48
100040ce:	bdf8      	pop	{r3, r4, r5, r6, r7, pc}
100040d0:	f64f 71fe 	movw	r1, #65534	@ 0xfffe
100040d4:	428a      	cmp	r2, r1
100040d6:	d91b      	bls.n	10004110 <uart_init+0xd8>
100040d8:	4622      	mov	r2, r4
100040da:	f64f 71ff 	movw	r1, #65535	@ 0xffff
100040de:	4e15      	ldr	r6, [pc, #84]	@ (10004134 <uart_init+0xfc>)
100040e0:	e7d7      	b.n	10004092 <uart_init+0x5a>
100040e2:	f240 3201 	movw	r2, #769	@ 0x301
100040e6:	f505 5340 	add.w	r3, r5, #12288	@ 0x3000
100040ea:	631a      	str	r2, [r3, #48]	@ 0x30
100040ec:	6a6b      	ldr	r3, [r5, #36]	@ 0x24
100040ee:	6aac      	ldr	r4, [r5, #40]	@ 0x28
100040f0:	2006      	movs	r0, #6
100040f2:	eb04 1483 	add.w	r4, r4, r3, lsl #6
100040f6:	f7fe ffef 	bl	100030d8 <clock_get_hz>
100040fa:	4b0f      	ldr	r3, [pc, #60]	@ (10004138 <uart_init+0x100>)
100040fc:	02a4      	lsls	r4, r4, #10
100040fe:	fba3 2300 	umull	r2, r3, r3, r0
10004102:	0adb      	lsrs	r3, r3, #11
10004104:	2100      	movs	r1, #0
10004106:	fbb4 f0f3 	udiv	r0, r4, r3
1000410a:	f7ff fdc7 	bl	10003c9c <busy_wait_us>
1000410e:	e7c5      	b.n	1000409c <uart_init+0x64>
10004110:	f3c3 0345 	ubfx	r3, r3, #1, #6
10004114:	4611      	mov	r1, r2
10004116:	eb03 1682 	add.w	r6, r3, r2, lsl #6
1000411a:	461a      	mov	r2, r3
1000411c:	e7b9      	b.n	10004092 <uart_init+0x5a>
1000411e:	bf00      	nop
10004120:	40078000 	.word	0x40078000
10004124:	40022000 	.word	0x40022000
10004128:	40023000 	.word	0x40023000
1000412c:	40020000 	.word	0x40020000
10004130:	20000b34 	.word	0x20000b34
10004134:	003fffc0 	.word	0x003fffc0
10004138:	8f2b7b75 	.word	0x8f2b7b75

1000413c <first_per_core_initializer>:
1000413c:	4770      	bx	lr
1000413e:	bf00      	nop

10004140 <hard_assertion_failure>:
10004140:	b508      	push	{r3, lr}
10004142:	4801      	ldr	r0, [pc, #4]	@ (10004148 <hard_assertion_failure+0x8>)
10004144:	f7fc f8e0 	bl	10000308 <panic>
10004148:	10004b68 	.word	0x10004b68

1000414c <runtime_run_initializers>:
1000414c:	b538      	push	{r3, r4, r5, lr}
1000414e:	4c05      	ldr	r4, [pc, #20]	@ (10004164 <runtime_run_initializers+0x18>)
10004150:	4d05      	ldr	r5, [pc, #20]	@ (10004168 <runtime_run_initializers+0x1c>)
10004152:	42ac      	cmp	r4, r5
10004154:	d204      	bcs.n	10004160 <runtime_run_initializers+0x14>
10004156:	f854 3b04 	ldr.w	r3, [r4], #4
1000415a:	4798      	blx	r3
1000415c:	42ac      	cmp	r4, r5
1000415e:	d3fa      	bcc.n	10004156 <runtime_run_initializers+0xa>
10004160:	bd38      	pop	{r3, r4, r5, pc}
10004162:	bf00      	nop
10004164:	10004a48 	.word	0x10004a48
10004168:	10004a88 	.word	0x10004a88

1000416c <runtime_run_per_core_initializers>:
1000416c:	b538      	push	{r3, r4, r5, lr}
1000416e:	4c05      	ldr	r4, [pc, #20]	@ (10004184 <runtime_run_per_core_initializers+0x18>)
10004170:	4d05      	ldr	r5, [pc, #20]	@ (10004188 <runtime_run_per_core_initializers+0x1c>)
10004172:	42ac      	cmp	r4, r5
10004174:	d204      	bcs.n	10004180 <runtime_run_per_core_initializers+0x14>
10004176:	f854 3b04 	ldr.w	r3, [r4], #4
1000417a:	4798      	blx	r3
1000417c:	42ac      	cmp	r4, r5
1000417e:	d3fa      	bcc.n	10004176 <runtime_run_per_core_initializers+0xa>
10004180:	bd38      	pop	{r3, r4, r5, pc}
10004182:	bf00      	nop
10004184:	10004a74 	.word	0x10004a74
10004188:	10004a88 	.word	0x10004a88

1000418c <runtime_init_early_resets>:
1000418c:	b410      	push	{r4}
1000418e:	4807      	ldr	r0, [pc, #28]	@ (100041ac <runtime_init_early_resets+0x20>)
10004190:	4c07      	ldr	r4, [pc, #28]	@ (100041b0 <runtime_init_early_resets+0x24>)
10004192:	4b08      	ldr	r3, [pc, #32]	@ (100041b4 <runtime_init_early_resets+0x28>)
10004194:	4a08      	ldr	r2, [pc, #32]	@ (100041b8 <runtime_init_early_resets+0x2c>)
10004196:	4909      	ldr	r1, [pc, #36]	@ (100041bc <runtime_init_early_resets+0x30>)
10004198:	6004      	str	r4, [r0, #0]
1000419a:	601a      	str	r2, [r3, #0]
1000419c:	688b      	ldr	r3, [r1, #8]
1000419e:	ea32 0303 	bics.w	r3, r2, r3
100041a2:	d1fb      	bne.n	1000419c <runtime_init_early_resets+0x10>
100041a4:	f85d 4b04 	ldr.w	r4, [sp], #4
100041a8:	4770      	bx	lr
100041aa:	bf00      	nop
100041ac:	40022000 	.word	0x40022000
100041b0:	efef3b7f 	.word	0xefef3b7f
100041b4:	40023000 	.word	0x40023000
100041b8:	03f3fff6 	.word	0x03f3fff6
100041bc:	40020000 	.word	0x40020000

100041c0 <runtime_init_usb_power_down>:
100041c0:	4b04      	ldr	r3, [pc, #16]	@ (100041d4 <runtime_init_usb_power_down+0x14>)
100041c2:	6cdb      	ldr	r3, [r3, #76]	@ 0x4c
100041c4:	f5b3 4f00 	cmp.w	r3, #32768	@ 0x8000
100041c8:	d103      	bne.n	100041d2 <runtime_init_usb_power_down+0x12>
100041ca:	f44f 2280 	mov.w	r2, #262144	@ 0x40000
100041ce:	4b02      	ldr	r3, [pc, #8]	@ (100041d8 <runtime_init_usb_power_down+0x18>)
100041d0:	64da      	str	r2, [r3, #76]	@ 0x4c
100041d2:	4770      	bx	lr
100041d4:	50110000 	.word	0x50110000
100041d8:	50112000 	.word	0x50112000

100041dc <runtime_init_per_core_enable_coprocessors>:
100041dc:	f04f 22e0 	mov.w	r2, #3758153728	@ 0xe000e000
100041e0:	4b04      	ldr	r3, [pc, #16]	@ (100041f4 <runtime_init_per_core_enable_coprocessors+0x18>)
100041e2:	f8d2 1d88 	ldr.w	r1, [r2, #3464]	@ 0xd88
100041e6:	430b      	orrs	r3, r1
100041e8:	f8c2 3d88 	str.w	r3, [r2, #3464]	@ 0xd88
100041ec:	ee10 0430 	dcp_rcmp r0
100041f0:	4770      	bx	lr
100041f2:	bf00      	nop
100041f4:	00300303 	.word	0x00300303

100041f8 <runtime_init_post_clock_resets>:
100041f8:	f06f 4160 	mvn.w	r1, #3758096384	@ 0xe0000000
100041fc:	4b04      	ldr	r3, [pc, #16]	@ (10004210 <runtime_init_post_clock_resets+0x18>)
100041fe:	4a05      	ldr	r2, [pc, #20]	@ (10004214 <runtime_init_post_clock_resets+0x1c>)
10004200:	6019      	str	r1, [r3, #0]
10004202:	6893      	ldr	r3, [r2, #8]
10004204:	43db      	mvns	r3, r3
10004206:	f033 4360 	bics.w	r3, r3, #3758096384	@ 0xe0000000
1000420a:	d1fa      	bne.n	10004202 <runtime_init_post_clock_resets+0xa>
1000420c:	4770      	bx	lr
1000420e:	bf00      	nop
10004210:	40023000 	.word	0x40023000
10004214:	40020000 	.word	0x40020000

10004218 <runtime_init_bootrom_reset>:
10004218:	b510      	push	{r4, lr}
1000421a:	f245 2053 	movw	r0, #21075	@ 0x5253
1000421e:	f7ff fdbd 	bl	10003d9c <rom_func_lookup>
10004222:	e8bd 4010 	ldmia.w	sp!, {r4, lr}
10004226:	4603      	mov	r3, r0
10004228:	2004      	movs	r0, #4
1000422a:	4718      	bx	r3

1000422c <runtime_init_per_core_bootrom_reset>:
1000422c:	b510      	push	{r4, lr}
1000422e:	f245 2053 	movw	r0, #21075	@ 0x5253
10004232:	f7ff fdb3 	bl	10003d9c <rom_func_lookup>
10004236:	e8bd 4010 	ldmia.w	sp!, {r4, lr}
1000423a:	4603      	mov	r3, r0
1000423c:	2001      	movs	r0, #1
1000423e:	4718      	bx	r3

10004240 <runtime_init_spin_locks_reset>:
10004240:	f7fe bfb6 	b.w	100031b0 <spin_locks_reset>

10004244 <runtime_init_install_ram_vector_table>:
10004244:	b510      	push	{r4, lr}
10004246:	4b05      	ldr	r3, [pc, #20]	@ (1000425c <runtime_init_install_ram_vector_table+0x18>)
10004248:	4c05      	ldr	r4, [pc, #20]	@ (10004260 <runtime_init_install_ram_vector_table+0x1c>)
1000424a:	f44f 7288 	mov.w	r2, #272	@ 0x110
1000424e:	4618      	mov	r0, r3
10004250:	68a1      	ldr	r1, [r4, #8]
10004252:	f000 faf1 	bl	10004838 <memcpy>
10004256:	60a0      	str	r0, [r4, #8]
10004258:	bd10      	pop	{r4, pc}
1000425a:	bf00      	nop
1000425c:	20000000 	.word	0x20000000
10004260:	e000ed00 	.word	0xe000ed00

10004264 <runtime_init_clocks>:
10004264:	2300      	movs	r3, #0
10004266:	b5f0      	push	{r4, r5, r6, r7, lr}
10004268:	4c2b      	ldr	r4, [pc, #172]	@ (10004318 <runtime_init_clocks+0xb4>)
1000426a:	b083      	sub	sp, #12
1000426c:	f8c4 3084 	str.w	r3, [r4, #132]	@ 0x84
10004270:	f7ff fdb8 	bl	10003de4 <xosc_init>
10004274:	2201      	movs	r2, #1
10004276:	4b29      	ldr	r3, [pc, #164]	@ (1000431c <runtime_init_clocks+0xb8>)
10004278:	63da      	str	r2, [r3, #60]	@ 0x3c
1000427a:	6c63      	ldr	r3, [r4, #68]	@ 0x44
1000427c:	2b01      	cmp	r3, #1
1000427e:	d1fc      	bne.n	1000427a <runtime_init_clocks+0x16>
10004280:	2103      	movs	r1, #3
10004282:	4a26      	ldr	r2, [pc, #152]	@ (1000431c <runtime_init_clocks+0xb8>)
10004284:	4b24      	ldr	r3, [pc, #144]	@ (10004318 <runtime_init_clocks+0xb4>)
10004286:	6311      	str	r1, [r2, #48]	@ 0x30
10004288:	6b9d      	ldr	r5, [r3, #56]	@ 0x38
1000428a:	2d01      	cmp	r5, #1
1000428c:	d1fc      	bne.n	10004288 <runtime_init_clocks+0x24>
1000428e:	2305      	movs	r3, #5
10004290:	2702      	movs	r7, #2
10004292:	461e      	mov	r6, r3
10004294:	2400      	movs	r4, #0
10004296:	4629      	mov	r1, r5
10004298:	4a21      	ldr	r2, [pc, #132]	@ (10004320 <runtime_init_clocks+0xbc>)
1000429a:	4822      	ldr	r0, [pc, #136]	@ (10004324 <runtime_init_clocks+0xc0>)
1000429c:	9700      	str	r7, [sp, #0]
1000429e:	f7ff fd2b 	bl	10003cf8 <pll_init>
100042a2:	4629      	mov	r1, r5
100042a4:	4633      	mov	r3, r6
100042a6:	4a20      	ldr	r2, [pc, #128]	@ (10004328 <runtime_init_clocks+0xc4>)
100042a8:	4820      	ldr	r0, [pc, #128]	@ (1000432c <runtime_init_clocks+0xc8>)
100042aa:	9600      	str	r6, [sp, #0]
100042ac:	f7ff fd24 	bl	10003cf8 <pll_init>
100042b0:	4639      	mov	r1, r7
100042b2:	4622      	mov	r2, r4
100042b4:	2004      	movs	r0, #4
100042b6:	4b1e      	ldr	r3, [pc, #120]	@ (10004330 <runtime_init_clocks+0xcc>)
100042b8:	f7fe fea6 	bl	10003008 <clock_configure_undivided>
100042bc:	4629      	mov	r1, r5
100042be:	4622      	mov	r2, r4
100042c0:	4630      	mov	r0, r6
100042c2:	4b1c      	ldr	r3, [pc, #112]	@ (10004334 <runtime_init_clocks+0xd0>)
100042c4:	f7fe fea0 	bl	10003008 <clock_configure_undivided>
100042c8:	4622      	mov	r2, r4
100042ca:	2008      	movs	r0, #8
100042cc:	4621      	mov	r1, r4
100042ce:	4b1a      	ldr	r3, [pc, #104]	@ (10004338 <runtime_init_clocks+0xd4>)
100042d0:	f7fe fe9a 	bl	10003008 <clock_configure_undivided>
100042d4:	4622      	mov	r2, r4
100042d6:	2009      	movs	r0, #9
100042d8:	4621      	mov	r1, r4
100042da:	4b17      	ldr	r3, [pc, #92]	@ (10004338 <runtime_init_clocks+0xd4>)
100042dc:	f7fe fe94 	bl	10003008 <clock_configure_undivided>
100042e0:	4622      	mov	r2, r4
100042e2:	2006      	movs	r0, #6
100042e4:	4621      	mov	r1, r4
100042e6:	4b13      	ldr	r3, [pc, #76]	@ (10004334 <runtime_init_clocks+0xd0>)
100042e8:	f7fe fe8e 	bl	10003008 <clock_configure_undivided>
100042ec:	4b11      	ldr	r3, [pc, #68]	@ (10004334 <runtime_init_clocks+0xd0>)
100042ee:	4622      	mov	r2, r4
100042f0:	2007      	movs	r0, #7
100042f2:	4621      	mov	r1, r4
100042f4:	f7fe fe88 	bl	10003008 <clock_configure_undivided>
100042f8:	2004      	movs	r0, #4
100042fa:	f7fe feed 	bl	100030d8 <clock_get_hz>
100042fe:	4b0f      	ldr	r3, [pc, #60]	@ (1000433c <runtime_init_clocks+0xd8>)
10004300:	fba3 3500 	umull	r3, r5, r3, r0
10004304:	0cad      	lsrs	r5, r5, #18
10004306:	b2e0      	uxtb	r0, r4
10004308:	4629      	mov	r1, r5
1000430a:	3401      	adds	r4, #1
1000430c:	f7ff fd3a 	bl	10003d84 <tick_start>
10004310:	2c06      	cmp	r4, #6
10004312:	d1f8      	bne.n	10004306 <runtime_init_clocks+0xa2>
10004314:	b003      	add	sp, #12
10004316:	bdf0      	pop	{r4, r5, r6, r7, pc}
10004318:	40010000 	.word	0x40010000
1000431c:	40013000 	.word	0x40013000
10004320:	59682f00 	.word	0x59682f00
10004324:	40050000 	.word	0x40050000
10004328:	47868c00 	.word	0x47868c00
1000432c:	40058000 	.word	0x40058000
10004330:	00b71b00 	.word	0x00b71b00
10004334:	08f0d180 	.word	0x08f0d180
10004338:	02dc6c00 	.word	0x02dc6c00
1000433c:	431bde83 	.word	0x431bde83

10004340 <_out_char>:
10004340:	b900      	cbnz	r0, 10004344 <_out_char+0x4>
10004342:	4770      	bx	lr
10004344:	f000 b922 	b.w	1000458c <__wrap_putchar>

10004348 <weak_raw_vprintf>:
10004348:	b510      	push	{r4, lr}
1000434a:	4b09      	ldr	r3, [pc, #36]	@ (10004370 <weak_raw_vprintf+0x28>)
1000434c:	b084      	sub	sp, #16
1000434e:	681c      	ldr	r4, [r3, #0]
10004350:	b14c      	cbz	r4, 10004366 <weak_raw_vprintf+0x1e>
10004352:	4603      	mov	r3, r0
10004354:	9100      	str	r1, [sp, #0]
10004356:	f04f 32ff 	mov.w	r2, #4294967295	@ 0xffffffff
1000435a:	a903      	add	r1, sp, #12
1000435c:	4805      	ldr	r0, [pc, #20]	@ (10004374 <weak_raw_vprintf+0x2c>)
1000435e:	47a0      	blx	r4
10004360:	2001      	movs	r0, #1
10004362:	b004      	add	sp, #16
10004364:	bd10      	pop	{r4, pc}
10004366:	f000 f953 	bl	10004610 <__wrap_puts>
1000436a:	4620      	mov	r0, r4
1000436c:	b004      	add	sp, #16
1000436e:	bd10      	pop	{r4, pc}
10004370:	20000870 	.word	0x20000870
10004374:	10004341 	.word	0x10004341

10004378 <_exit>:
10004378:	be00      	bkpt	0x0000
1000437a:	e7fd      	b.n	10004378 <_exit>

1000437c <exit>:
1000437c:	b508      	push	{r3, lr}
1000437e:	f7ff fffb 	bl	10004378 <_exit>
10004382:	bf00      	nop

10004384 <runtime_init>:
10004384:	b538      	push	{r3, r4, r5, lr}
10004386:	4d06      	ldr	r5, [pc, #24]	@ (100043a0 <runtime_init+0x1c>)
10004388:	4c06      	ldr	r4, [pc, #24]	@ (100043a4 <runtime_init+0x20>)
1000438a:	f7ff fedf 	bl	1000414c <runtime_run_initializers>
1000438e:	42ac      	cmp	r4, r5
10004390:	d204      	bcs.n	1000439c <runtime_init+0x18>
10004392:	f854 3b04 	ldr.w	r3, [r4], #4
10004396:	4798      	blx	r3
10004398:	42ac      	cmp	r4, r5
1000439a:	d3fa      	bcc.n	10004392 <runtime_init+0xe>
1000439c:	bd38      	pop	{r3, r4, r5, pc}
1000439e:	bf00      	nop
100043a0:	10004a90 	.word	0x10004a90
100043a4:	10004a88 	.word	0x10004a88

100043a8 <stdio_out_chars_no_crlf>:
100043a8:	6803      	ldr	r3, [r0, #0]
100043aa:	4608      	mov	r0, r1
100043ac:	4611      	mov	r1, r2
100043ae:	4718      	bx	r3

100043b0 <stdio_out_chars_crlf>:
100043b0:	e92d 4ff0 	stmdb	sp!, {r4, r5, r6, r7, r8, r9, sl, fp, lr}
100043b4:	7d43      	ldrb	r3, [r0, #21]
100043b6:	4682      	mov	sl, r0
100043b8:	4688      	mov	r8, r1
100043ba:	4617      	mov	r7, r2
100043bc:	b081      	sub	sp, #4
100043be:	2b00      	cmp	r3, #0
100043c0:	d047      	beq.n	10004452 <stdio_out_chars_crlf+0xa2>
100043c2:	2a00      	cmp	r2, #0
100043c4:	dd24      	ble.n	10004410 <stdio_out_chars_crlf+0x60>
100043c6:	2400      	movs	r4, #0
100043c8:	2501      	movs	r5, #1
100043ca:	4620      	mov	r0, r4
100043cc:	f8df 9094 	ldr.w	r9, [pc, #148]	@ 10004464 <stdio_out_chars_crlf+0xb4>
100043d0:	1e4e      	subs	r6, r1, #1
100043d2:	b304      	cbz	r4, 10004416 <stdio_out_chars_crlf+0x66>
100043d4:	7873      	ldrb	r3, [r6, #1]
100043d6:	f106 0b01 	add.w	fp, r6, #1
100043da:	2b0a      	cmp	r3, #10
100043dc:	d026      	beq.n	1000442c <stdio_out_chars_crlf+0x7c>
100043de:	462b      	mov	r3, r5
100043e0:	465e      	mov	r6, fp
100043e2:	42bb      	cmp	r3, r7
100043e4:	f104 0401 	add.w	r4, r4, #1
100043e8:	f105 0501 	add.w	r5, r5, #1
100043ec:	dbf1      	blt.n	100043d2 <stdio_out_chars_crlf+0x22>
100043ee:	4287      	cmp	r7, r0
100043f0:	dd04      	ble.n	100043fc <stdio_out_chars_crlf+0x4c>
100043f2:	1a39      	subs	r1, r7, r0
100043f4:	f8da 3000 	ldr.w	r3, [sl]
100043f8:	4440      	add	r0, r8
100043fa:	4798      	blx	r3
100043fc:	44b8      	add	r8, r7
100043fe:	f818 3c01 	ldrb.w	r3, [r8, #-1]
10004402:	f1a3 030d 	sub.w	r3, r3, #13
10004406:	fab3 f383 	clz	r3, r3
1000440a:	095b      	lsrs	r3, r3, #5
1000440c:	f88a 3014 	strb.w	r3, [sl, #20]
10004410:	b001      	add	sp, #4
10004412:	e8bd 8ff0 	ldmia.w	sp!, {r4, r5, r6, r7, r8, r9, sl, fp, pc}
10004416:	7873      	ldrb	r3, [r6, #1]
10004418:	f106 0b01 	add.w	fp, r6, #1
1000441c:	2b0a      	cmp	r3, #10
1000441e:	d1de      	bne.n	100043de <stdio_out_chars_crlf+0x2e>
10004420:	f89a 3014 	ldrb.w	r3, [sl, #20]
10004424:	b163      	cbz	r3, 10004440 <stdio_out_chars_crlf+0x90>
10004426:	465e      	mov	r6, fp
10004428:	462b      	mov	r3, r5
1000442a:	e7da      	b.n	100043e2 <stdio_out_chars_crlf+0x32>
1000442c:	7833      	ldrb	r3, [r6, #0]
1000442e:	2b0d      	cmp	r3, #13
10004430:	d0f9      	beq.n	10004426 <stdio_out_chars_crlf+0x76>
10004432:	42a0      	cmp	r0, r4
10004434:	da04      	bge.n	10004440 <stdio_out_chars_crlf+0x90>
10004436:	1a21      	subs	r1, r4, r0
10004438:	f8da 3000 	ldr.w	r3, [sl]
1000443c:	4440      	add	r0, r8
1000443e:	4798      	blx	r3
10004440:	4648      	mov	r0, r9
10004442:	f8da 3000 	ldr.w	r3, [sl]
10004446:	2102      	movs	r1, #2
10004448:	4798      	blx	r3
1000444a:	465e      	mov	r6, fp
1000444c:	4628      	mov	r0, r5
1000444e:	462b      	mov	r3, r5
10004450:	e7c7      	b.n	100043e2 <stdio_out_chars_crlf+0x32>
10004452:	4611      	mov	r1, r2
10004454:	4640      	mov	r0, r8
10004456:	f8da 3000 	ldr.w	r3, [sl]
1000445a:	b001      	add	sp, #4
1000445c:	e8bd 4ff0 	ldmia.w	sp!, {r4, r5, r6, r7, r8, r9, sl, fp, lr}
10004460:	4718      	bx	r3
10004462:	bf00      	nop
10004464:	10004c08 	.word	0x10004c08

10004468 <stdio_put_string>:
10004468:	e92d 47f0 	stmdb	sp!, {r4, r5, r6, r7, r8, r9, sl, lr}
1000446c:	b082      	sub	sp, #8
1000446e:	460d      	mov	r5, r1
10004470:	4692      	mov	sl, r2
10004472:	4699      	mov	r9, r3
10004474:	4607      	mov	r7, r0
10004476:	f7ff fc07 	bl	10003c88 <time_us_64>
1000447a:	f04f 36ff 	mov.w	r6, #4294967295	@ 0xffffffff
1000447e:	f06f 4400 	mvn.w	r4, #2147483648	@ 0x80000000
10004482:	4a2f      	ldr	r2, [pc, #188]	@ (10004540 <stdio_put_string+0xd8>)
10004484:	1882      	adds	r2, r0, r2
10004486:	f141 0300 	adc.w	r3, r1, #0
1000448a:	4296      	cmp	r6, r2
1000448c:	eb74 0103 	sbcs.w	r1, r4, r3
10004490:	bf3c      	itt	cc
10004492:	4632      	movcc	r2, r6
10004494:	4623      	movcc	r3, r4
10004496:	482b      	ldr	r0, [pc, #172]	@ (10004544 <stdio_put_string+0xdc>)
10004498:	f000 fad2 	bl	10004a40 <__mutex_try_enter_block_until_veneer>
1000449c:	1c6b      	adds	r3, r5, #1
1000449e:	4680      	mov	r8, r0
100044a0:	d103      	bne.n	100044aa <stdio_put_string+0x42>
100044a2:	4638      	mov	r0, r7
100044a4:	f000 fa92 	bl	100049cc <strlen>
100044a8:	4605      	mov	r5, r0
100044aa:	4b27      	ldr	r3, [pc, #156]	@ (10004548 <stdio_put_string+0xe0>)
100044ac:	4e27      	ldr	r6, [pc, #156]	@ (1000454c <stdio_put_string+0xe4>)
100044ae:	681c      	ldr	r4, [r3, #0]
100044b0:	4b27      	ldr	r3, [pc, #156]	@ (10004550 <stdio_put_string+0xe8>)
100044b2:	f1b9 0f00 	cmp.w	r9, #0
100044b6:	bf18      	it	ne
100044b8:	461e      	movne	r6, r3
100044ba:	b1b4      	cbz	r4, 100044ea <stdio_put_string+0x82>
100044bc:	f1ba 0f00 	cmp.w	sl, #0
100044c0:	d11a      	bne.n	100044f8 <stdio_put_string+0x90>
100044c2:	f8df 9090 	ldr.w	r9, [pc, #144]	@ 10004554 <stdio_put_string+0xec>
100044c6:	e001      	b.n	100044cc <stdio_put_string+0x64>
100044c8:	6924      	ldr	r4, [r4, #16]
100044ca:	b174      	cbz	r4, 100044ea <stdio_put_string+0x82>
100044cc:	6823      	ldr	r3, [r4, #0]
100044ce:	2b00      	cmp	r3, #0
100044d0:	d0fa      	beq.n	100044c8 <stdio_put_string+0x60>
100044d2:	f8d9 3000 	ldr.w	r3, [r9]
100044d6:	b10b      	cbz	r3, 100044dc <stdio_put_string+0x74>
100044d8:	42a3      	cmp	r3, r4
100044da:	d1f5      	bne.n	100044c8 <stdio_put_string+0x60>
100044dc:	4620      	mov	r0, r4
100044de:	462a      	mov	r2, r5
100044e0:	4639      	mov	r1, r7
100044e2:	47b0      	blx	r6
100044e4:	6924      	ldr	r4, [r4, #16]
100044e6:	2c00      	cmp	r4, #0
100044e8:	d1f0      	bne.n	100044cc <stdio_put_string+0x64>
100044ea:	f1b8 0f00 	cmp.w	r8, #0
100044ee:	d11f      	bne.n	10004530 <stdio_put_string+0xc8>
100044f0:	4628      	mov	r0, r5
100044f2:	b002      	add	sp, #8
100044f4:	e8bd 87f0 	ldmia.w	sp!, {r4, r5, r6, r7, r8, r9, sl, pc}
100044f8:	f04f 0a0a 	mov.w	sl, #10
100044fc:	f8df 9054 	ldr.w	r9, [pc, #84]	@ 10004554 <stdio_put_string+0xec>
10004500:	e002      	b.n	10004508 <stdio_put_string+0xa0>
10004502:	6924      	ldr	r4, [r4, #16]
10004504:	2c00      	cmp	r4, #0
10004506:	d0f0      	beq.n	100044ea <stdio_put_string+0x82>
10004508:	6823      	ldr	r3, [r4, #0]
1000450a:	2b00      	cmp	r3, #0
1000450c:	d0f9      	beq.n	10004502 <stdio_put_string+0x9a>
1000450e:	f8d9 3000 	ldr.w	r3, [r9]
10004512:	b10b      	cbz	r3, 10004518 <stdio_put_string+0xb0>
10004514:	42a3      	cmp	r3, r4
10004516:	d1f4      	bne.n	10004502 <stdio_put_string+0x9a>
10004518:	4620      	mov	r0, r4
1000451a:	462a      	mov	r2, r5
1000451c:	4639      	mov	r1, r7
1000451e:	47b0      	blx	r6
10004520:	4620      	mov	r0, r4
10004522:	2201      	movs	r2, #1
10004524:	f10d 0107 	add.w	r1, sp, #7
10004528:	f88d a007 	strb.w	sl, [sp, #7]
1000452c:	47b0      	blx	r6
1000452e:	e7e8      	b.n	10004502 <stdio_put_string+0x9a>
10004530:	4804      	ldr	r0, [pc, #16]	@ (10004544 <stdio_put_string+0xdc>)
10004532:	f000 fa7d 	bl	10004a30 <__mutex_exit_veneer>
10004536:	4628      	mov	r0, r5
10004538:	b002      	add	sp, #8
1000453a:	e8bd 87f0 	ldmia.w	sp!, {r4, r5, r6, r7, r8, r9, sl, pc}
1000453e:	bf00      	nop
10004540:	000f4240 	.word	0x000f4240
10004544:	20000624 	.word	0x20000624
10004548:	20000868 	.word	0x20000868
1000454c:	100043a9 	.word	0x100043a9
10004550:	100043b1 	.word	0x100043b1
10004554:	2000086c 	.word	0x2000086c

10004558 <stdio_set_driver_enabled>:
10004558:	4a08      	ldr	r2, [pc, #32]	@ (1000457c <stdio_set_driver_enabled+0x24>)
1000455a:	6813      	ldr	r3, [r2, #0]
1000455c:	b923      	cbnz	r3, 10004568 <stdio_set_driver_enabled+0x10>
1000455e:	e00a      	b.n	10004576 <stdio_set_driver_enabled+0x1e>
10004560:	f103 0210 	add.w	r2, r3, #16
10004564:	691b      	ldr	r3, [r3, #16]
10004566:	b133      	cbz	r3, 10004576 <stdio_set_driver_enabled+0x1e>
10004568:	4298      	cmp	r0, r3
1000456a:	d1f9      	bne.n	10004560 <stdio_set_driver_enabled+0x8>
1000456c:	b929      	cbnz	r1, 1000457a <stdio_set_driver_enabled+0x22>
1000456e:	6903      	ldr	r3, [r0, #16]
10004570:	6013      	str	r3, [r2, #0]
10004572:	6101      	str	r1, [r0, #16]
10004574:	4770      	bx	lr
10004576:	b101      	cbz	r1, 1000457a <stdio_set_driver_enabled+0x22>
10004578:	6010      	str	r0, [r2, #0]
1000457a:	4770      	bx	lr
1000457c:	20000868 	.word	0x20000868

10004580 <stdio_init_all>:
10004580:	b508      	push	{r3, lr}
10004582:	f000 f92f 	bl	100047e4 <stdio_uart_init>
10004586:	2001      	movs	r0, #1
10004588:	bd08      	pop	{r3, pc}
1000458a:	bf00      	nop

1000458c <__wrap_putchar>:
1000458c:	b5f0      	push	{r4, r5, r6, r7, lr}
1000458e:	b083      	sub	sp, #12
10004590:	4606      	mov	r6, r0
10004592:	f88d 0007 	strb.w	r0, [sp, #7]
10004596:	f7ff fb77 	bl	10003c88 <time_us_64>
1000459a:	f04f 35ff 	mov.w	r5, #4294967295	@ 0xffffffff
1000459e:	f06f 4400 	mvn.w	r4, #2147483648	@ 0x80000000
100045a2:	4a17      	ldr	r2, [pc, #92]	@ (10004600 <__wrap_putchar+0x74>)
100045a4:	1882      	adds	r2, r0, r2
100045a6:	f141 0300 	adc.w	r3, r1, #0
100045aa:	4295      	cmp	r5, r2
100045ac:	eb74 0103 	sbcs.w	r1, r4, r3
100045b0:	bf3c      	itt	cc
100045b2:	4623      	movcc	r3, r4
100045b4:	462a      	movcc	r2, r5
100045b6:	4813      	ldr	r0, [pc, #76]	@ (10004604 <__wrap_putchar+0x78>)
100045b8:	f000 fa42 	bl	10004a40 <__mutex_try_enter_block_until_veneer>
100045bc:	4b12      	ldr	r3, [pc, #72]	@ (10004608 <__wrap_putchar+0x7c>)
100045be:	4607      	mov	r7, r0
100045c0:	681c      	ldr	r4, [r3, #0]
100045c2:	b19c      	cbz	r4, 100045ec <__wrap_putchar+0x60>
100045c4:	4d11      	ldr	r5, [pc, #68]	@ (1000460c <__wrap_putchar+0x80>)
100045c6:	e001      	b.n	100045cc <__wrap_putchar+0x40>
100045c8:	6924      	ldr	r4, [r4, #16]
100045ca:	b17c      	cbz	r4, 100045ec <__wrap_putchar+0x60>
100045cc:	6823      	ldr	r3, [r4, #0]
100045ce:	2b00      	cmp	r3, #0
100045d0:	d0fa      	beq.n	100045c8 <__wrap_putchar+0x3c>
100045d2:	682b      	ldr	r3, [r5, #0]
100045d4:	b10b      	cbz	r3, 100045da <__wrap_putchar+0x4e>
100045d6:	42a3      	cmp	r3, r4
100045d8:	d1f6      	bne.n	100045c8 <__wrap_putchar+0x3c>
100045da:	4620      	mov	r0, r4
100045dc:	2201      	movs	r2, #1
100045de:	f10d 0107 	add.w	r1, sp, #7
100045e2:	f7ff fee5 	bl	100043b0 <stdio_out_chars_crlf>
100045e6:	6924      	ldr	r4, [r4, #16]
100045e8:	2c00      	cmp	r4, #0
100045ea:	d1ef      	bne.n	100045cc <__wrap_putchar+0x40>
100045ec:	b917      	cbnz	r7, 100045f4 <__wrap_putchar+0x68>
100045ee:	4630      	mov	r0, r6
100045f0:	b003      	add	sp, #12
100045f2:	bdf0      	pop	{r4, r5, r6, r7, pc}
100045f4:	4803      	ldr	r0, [pc, #12]	@ (10004604 <__wrap_putchar+0x78>)
100045f6:	f000 fa1b 	bl	10004a30 <__mutex_exit_veneer>
100045fa:	4630      	mov	r0, r6
100045fc:	b003      	add	sp, #12
100045fe:	bdf0      	pop	{r4, r5, r6, r7, pc}
10004600:	000f4240 	.word	0x000f4240
10004604:	20000624 	.word	0x20000624
10004608:	20000868 	.word	0x20000868
1000460c:	2000086c 	.word	0x2000086c

10004610 <__wrap_puts>:
10004610:	b538      	push	{r3, r4, r5, lr}
10004612:	4604      	mov	r4, r0
10004614:	f000 f9da 	bl	100049cc <strlen>
10004618:	2301      	movs	r3, #1
1000461a:	4605      	mov	r5, r0
1000461c:	461a      	mov	r2, r3
1000461e:	4620      	mov	r0, r4
10004620:	4629      	mov	r1, r5
10004622:	f7ff ff21 	bl	10004468 <stdio_put_string>
10004626:	4b08      	ldr	r3, [pc, #32]	@ (10004648 <__wrap_puts+0x38>)
10004628:	681c      	ldr	r4, [r3, #0]
1000462a:	b12c      	cbz	r4, 10004638 <__wrap_puts+0x28>
1000462c:	6863      	ldr	r3, [r4, #4]
1000462e:	b12b      	cbz	r3, 1000463c <__wrap_puts+0x2c>
10004630:	4798      	blx	r3
10004632:	6924      	ldr	r4, [r4, #16]
10004634:	2c00      	cmp	r4, #0
10004636:	d1f9      	bne.n	1000462c <__wrap_puts+0x1c>
10004638:	4628      	mov	r0, r5
1000463a:	bd38      	pop	{r3, r4, r5, pc}
1000463c:	6924      	ldr	r4, [r4, #16]
1000463e:	2c00      	cmp	r4, #0
10004640:	d1f4      	bne.n	1000462c <__wrap_puts+0x1c>
10004642:	4628      	mov	r0, r5
10004644:	bd38      	pop	{r3, r4, r5, pc}
10004646:	bf00      	nop
10004648:	20000868 	.word	0x20000868

1000464c <stdio_uart_out_chars>:
1000464c:	f1b1 0c00 	subs.w	ip, r1, #0
10004650:	dd1d      	ble.n	1000468e <stdio_uart_out_chars+0x42>
10004652:	4a0f      	ldr	r2, [pc, #60]	@ (10004690 <stdio_uart_out_chars+0x44>)
10004654:	4b0f      	ldr	r3, [pc, #60]	@ (10004694 <stdio_uart_out_chars+0x48>)
10004656:	6812      	ldr	r2, [r2, #0]
10004658:	b530      	push	{r4, r5, lr}
1000465a:	1ad3      	subs	r3, r2, r3
1000465c:	fab3 f383 	clz	r3, r3
10004660:	240d      	movs	r4, #13
10004662:	4d0d      	ldr	r5, [pc, #52]	@ (10004698 <stdio_uart_out_chars+0x4c>)
10004664:	095b      	lsrs	r3, r3, #5
10004666:	1e41      	subs	r1, r0, #1
10004668:	f935 e013 	ldrsh.w	lr, [r5, r3, lsl #1]
1000466c:	448c      	add	ip, r1
1000466e:	f811 0f01 	ldrb.w	r0, [r1, #1]!
10004672:	4586      	cmp	lr, r0
10004674:	d006      	beq.n	10004684 <stdio_uart_out_chars+0x38>
10004676:	6993      	ldr	r3, [r2, #24]
10004678:	069b      	lsls	r3, r3, #26
1000467a:	d4fc      	bmi.n	10004676 <stdio_uart_out_chars+0x2a>
1000467c:	4561      	cmp	r1, ip
1000467e:	6010      	str	r0, [r2, #0]
10004680:	d1f5      	bne.n	1000466e <stdio_uart_out_chars+0x22>
10004682:	bd30      	pop	{r4, r5, pc}
10004684:	6993      	ldr	r3, [r2, #24]
10004686:	069d      	lsls	r5, r3, #26
10004688:	d4fc      	bmi.n	10004684 <stdio_uart_out_chars+0x38>
1000468a:	6014      	str	r4, [r2, #0]
1000468c:	e7f3      	b.n	10004676 <stdio_uart_out_chars+0x2a>
1000468e:	4770      	bx	lr
10004690:	20000b38 	.word	0x20000b38
10004694:	40078000 	.word	0x40078000
10004698:	20000b34 	.word	0x20000b34

1000469c <stdio_uart_in_chars>:
1000469c:	f1b1 0c00 	subs.w	ip, r1, #0
100046a0:	4603      	mov	r3, r0
100046a2:	dd2d      	ble.n	10004700 <stdio_uart_in_chars+0x64>
100046a4:	2000      	movs	r0, #0
100046a6:	4a1f      	ldr	r2, [pc, #124]	@ (10004724 <stdio_uart_in_chars+0x88>)
100046a8:	1e59      	subs	r1, r3, #1
100046aa:	6812      	ldr	r2, [r2, #0]
100046ac:	6993      	ldr	r3, [r2, #24]
100046ae:	06db      	lsls	r3, r3, #27
100046b0:	d417      	bmi.n	100046e2 <stdio_uart_in_chars+0x46>
100046b2:	3001      	adds	r0, #1
100046b4:	6993      	ldr	r3, [r2, #24]
100046b6:	06db      	lsls	r3, r3, #27
100046b8:	d4fc      	bmi.n	100046b4 <stdio_uart_in_chars+0x18>
100046ba:	6813      	ldr	r3, [r2, #0]
100046bc:	4584      	cmp	ip, r0
100046be:	f801 3f01 	strb.w	r3, [r1, #1]!
100046c2:	d1f3      	bne.n	100046ac <stdio_uart_in_chars+0x10>
100046c4:	4b18      	ldr	r3, [pc, #96]	@ (10004728 <stdio_uart_in_chars+0x8c>)
100046c6:	681b      	ldr	r3, [r3, #0]
100046c8:	b14b      	cbz	r3, 100046de <stdio_uart_in_chars+0x42>
100046ca:	2150      	movs	r1, #80	@ 0x50
100046cc:	4613      	mov	r3, r2
100046ce:	6391      	str	r1, [r2, #56]	@ 0x38
100046d0:	f853 2f34 	ldr.w	r2, [r3, #52]!
100046d4:	f002 0238 	and.w	r2, r2, #56	@ 0x38
100046d8:	f503 5380 	add.w	r3, r3, #4096	@ 0x1000
100046dc:	601a      	str	r2, [r3, #0]
100046de:	4660      	mov	r0, ip
100046e0:	4770      	bx	lr
100046e2:	4b11      	ldr	r3, [pc, #68]	@ (10004728 <stdio_uart_in_chars+0x8c>)
100046e4:	681b      	ldr	r3, [r3, #0]
100046e6:	b14b      	cbz	r3, 100046fc <stdio_uart_in_chars+0x60>
100046e8:	2150      	movs	r1, #80	@ 0x50
100046ea:	4613      	mov	r3, r2
100046ec:	6391      	str	r1, [r2, #56]	@ 0x38
100046ee:	f853 2f34 	ldr.w	r2, [r3, #52]!
100046f2:	f002 0238 	and.w	r2, r2, #56	@ 0x38
100046f6:	f503 5380 	add.w	r3, r3, #4096	@ 0x1000
100046fa:	601a      	str	r2, [r3, #0]
100046fc:	b178      	cbz	r0, 1000471e <stdio_uart_in_chars+0x82>
100046fe:	4770      	bx	lr
10004700:	4b09      	ldr	r3, [pc, #36]	@ (10004728 <stdio_uart_in_chars+0x8c>)
10004702:	681b      	ldr	r3, [r3, #0]
10004704:	b15b      	cbz	r3, 1000471e <stdio_uart_in_chars+0x82>
10004706:	4b07      	ldr	r3, [pc, #28]	@ (10004724 <stdio_uart_in_chars+0x88>)
10004708:	2150      	movs	r1, #80	@ 0x50
1000470a:	681a      	ldr	r2, [r3, #0]
1000470c:	4613      	mov	r3, r2
1000470e:	6391      	str	r1, [r2, #56]	@ 0x38
10004710:	f853 2f34 	ldr.w	r2, [r3, #52]!
10004714:	f002 0238 	and.w	r2, r2, #56	@ 0x38
10004718:	f503 5380 	add.w	r3, r3, #4096	@ 0x1000
1000471c:	601a      	str	r2, [r3, #0]
1000471e:	f06f 0002 	mvn.w	r0, #2
10004722:	4770      	bx	lr
10004724:	20000b38 	.word	0x20000b38
10004728:	2000082c 	.word	0x2000082c

1000472c <on_uart_rx>:
1000472c:	4b05      	ldr	r3, [pc, #20]	@ (10004744 <on_uart_rx+0x18>)
1000472e:	681b      	ldr	r3, [r3, #0]
10004730:	b133      	cbz	r3, 10004740 <on_uart_rx+0x14>
10004732:	2100      	movs	r1, #0
10004734:	4a04      	ldr	r2, [pc, #16]	@ (10004748 <on_uart_rx+0x1c>)
10004736:	4805      	ldr	r0, [pc, #20]	@ (1000474c <on_uart_rx+0x20>)
10004738:	6812      	ldr	r2, [r2, #0]
1000473a:	6800      	ldr	r0, [r0, #0]
1000473c:	6391      	str	r1, [r2, #56]	@ 0x38
1000473e:	4718      	bx	r3
10004740:	4770      	bx	lr
10004742:	bf00      	nop
10004744:	2000082c 	.word	0x2000082c
10004748:	20000b38 	.word	0x20000b38
1000474c:	20000830 	.word	0x20000830

10004750 <stdio_uart_out_flush>:
10004750:	4b02      	ldr	r3, [pc, #8]	@ (1000475c <stdio_uart_out_flush+0xc>)
10004752:	681a      	ldr	r2, [r3, #0]
10004754:	6993      	ldr	r3, [r2, #24]
10004756:	071b      	lsls	r3, r3, #28
10004758:	d4fc      	bmi.n	10004754 <stdio_uart_out_flush+0x4>
1000475a:	4770      	bx	lr
1000475c:	20000b38 	.word	0x20000b38

10004760 <stdio_uart_set_chars_available_callback>:
10004760:	b570      	push	{r4, r5, r6, lr}
10004762:	4e1b      	ldr	r6, [pc, #108]	@ (100047d0 <stdio_uart_set_chars_available_callback+0x70>)
10004764:	4d1b      	ldr	r5, [pc, #108]	@ (100047d4 <stdio_uart_set_chars_available_callback+0x74>)
10004766:	6832      	ldr	r2, [r6, #0]
10004768:	4604      	mov	r4, r0
1000476a:	42aa      	cmp	r2, r5
1000476c:	bf0c      	ite	eq
1000476e:	2522      	moveq	r5, #34	@ 0x22
10004770:	2521      	movne	r5, #33	@ 0x21
10004772:	b120      	cbz	r0, 1000477e <stdio_uart_set_chars_available_callback+0x1e>
10004774:	4a18      	ldr	r2, [pc, #96]	@ (100047d8 <stdio_uart_set_chars_available_callback+0x78>)
10004776:	460b      	mov	r3, r1
10004778:	6811      	ldr	r1, [r2, #0]
1000477a:	b189      	cbz	r1, 100047a0 <stdio_uart_set_chars_available_callback+0x40>
1000477c:	bd70      	pop	{r4, r5, r6, pc}
1000477e:	4e16      	ldr	r6, [pc, #88]	@ (100047d8 <stdio_uart_set_chars_available_callback+0x78>)
10004780:	6833      	ldr	r3, [r6, #0]
10004782:	2b00      	cmp	r3, #0
10004784:	d0fa      	beq.n	1000477c <stdio_uart_set_chars_available_callback+0x1c>
10004786:	4601      	mov	r1, r0
10004788:	6390      	str	r0, [r2, #56]	@ 0x38
1000478a:	4628      	mov	r0, r5
1000478c:	f7fe fd5a 	bl	10003244 <irq_set_enabled>
10004790:	4628      	mov	r0, r5
10004792:	4912      	ldr	r1, [pc, #72]	@ (100047dc <stdio_uart_set_chars_available_callback+0x7c>)
10004794:	f7fe fdac 	bl	100032f0 <irq_remove_handler>
10004798:	4b11      	ldr	r3, [pc, #68]	@ (100047e0 <stdio_uart_set_chars_available_callback+0x80>)
1000479a:	6034      	str	r4, [r6, #0]
1000479c:	601c      	str	r4, [r3, #0]
1000479e:	bd70      	pop	{r4, r5, r6, pc}
100047a0:	6010      	str	r0, [r2, #0]
100047a2:	4a0f      	ldr	r2, [pc, #60]	@ (100047e0 <stdio_uart_set_chars_available_callback+0x80>)
100047a4:	4628      	mov	r0, r5
100047a6:	490d      	ldr	r1, [pc, #52]	@ (100047dc <stdio_uart_set_chars_available_callback+0x7c>)
100047a8:	6013      	str	r3, [r2, #0]
100047aa:	f7fe fd71 	bl	10003290 <irq_set_exclusive_handler>
100047ae:	2101      	movs	r1, #1
100047b0:	4628      	mov	r0, r5
100047b2:	f7fe fd47 	bl	10003244 <irq_set_enabled>
100047b6:	6832      	ldr	r2, [r6, #0]
100047b8:	2150      	movs	r1, #80	@ 0x50
100047ba:	4613      	mov	r3, r2
100047bc:	6391      	str	r1, [r2, #56]	@ 0x38
100047be:	f853 2f34 	ldr.w	r2, [r3, #52]!
100047c2:	f002 0238 	and.w	r2, r2, #56	@ 0x38
100047c6:	f503 5380 	add.w	r3, r3, #4096	@ 0x1000
100047ca:	601a      	str	r2, [r3, #0]
100047cc:	bd70      	pop	{r4, r5, r6, pc}
100047ce:	bf00      	nop
100047d0:	20000b38 	.word	0x20000b38
100047d4:	40078000 	.word	0x40078000
100047d8:	2000082c 	.word	0x2000082c
100047dc:	1000472d 	.word	0x1000472d
100047e0:	20000830 	.word	0x20000830

100047e4 <stdio_uart_init>:
100047e4:	b510      	push	{r4, lr}
100047e6:	490e      	ldr	r1, [pc, #56]	@ (10004820 <stdio_uart_init+0x3c>)
100047e8:	4c0e      	ldr	r4, [pc, #56]	@ (10004824 <stdio_uart_init+0x40>)
100047ea:	480f      	ldr	r0, [pc, #60]	@ (10004828 <stdio_uart_init+0x44>)
100047ec:	4a0f      	ldr	r2, [pc, #60]	@ (1000482c <stdio_uart_init+0x48>)
100047ee:	4b10      	ldr	r3, [pc, #64]	@ (10004830 <stdio_uart_init+0x4c>)
100047f0:	7800      	ldrb	r0, [r0, #0]
100047f2:	6021      	str	r1, [r4, #0]
100047f4:	2000      	movs	r0, #0
100047f6:	2102      	movs	r1, #2
100047f8:	7812      	ldrb	r2, [r2, #0]
100047fa:	781b      	ldrb	r3, [r3, #0]
100047fc:	f7fe fce4 	bl	100031c8 <gpio_set_function>
10004800:	2102      	movs	r1, #2
10004802:	2001      	movs	r0, #1
10004804:	f7fe fce0 	bl	100031c8 <gpio_set_function>
10004808:	f44f 31e1 	mov.w	r1, #115200	@ 0x1c200
1000480c:	6820      	ldr	r0, [r4, #0]
1000480e:	f7ff fc13 	bl	10004038 <uart_init>
10004812:	e8bd 4010 	ldmia.w	sp!, {r4, lr}
10004816:	2101      	movs	r1, #1
10004818:	4806      	ldr	r0, [pc, #24]	@ (10004834 <stdio_uart_init+0x50>)
1000481a:	f7ff be9d 	b.w	10004558 <stdio_set_driver_enabled>
1000481e:	bf00      	nop
10004820:	40070000 	.word	0x40070000
10004824:	20000b38 	.word	0x20000b38
10004828:	10004c80 	.word	0x10004c80
1000482c:	10004c7c 	.word	0x10004c7c
10004830:	10004c78 	.word	0x10004c78
10004834:	20000604 	.word	0x20000604

10004838 <memcpy>:
10004838:	4684      	mov	ip, r0
1000483a:	ea41 0300 	orr.w	r3, r1, r0
1000483e:	f013 0303 	ands.w	r3, r3, #3
10004842:	d149      	bne.n	100048d8 <memcpy+0xa0>
10004844:	3a40      	subs	r2, #64	@ 0x40
10004846:	d323      	bcc.n	10004890 <memcpy+0x58>
10004848:	680b      	ldr	r3, [r1, #0]
1000484a:	6003      	str	r3, [r0, #0]
1000484c:	684b      	ldr	r3, [r1, #4]
1000484e:	6043      	str	r3, [r0, #4]
10004850:	688b      	ldr	r3, [r1, #8]
10004852:	6083      	str	r3, [r0, #8]
10004854:	68cb      	ldr	r3, [r1, #12]
10004856:	60c3      	str	r3, [r0, #12]
10004858:	690b      	ldr	r3, [r1, #16]
1000485a:	6103      	str	r3, [r0, #16]
1000485c:	694b      	ldr	r3, [r1, #20]
1000485e:	6143      	str	r3, [r0, #20]
10004860:	698b      	ldr	r3, [r1, #24]
10004862:	6183      	str	r3, [r0, #24]
10004864:	69cb      	ldr	r3, [r1, #28]
10004866:	61c3      	str	r3, [r0, #28]
10004868:	6a0b      	ldr	r3, [r1, #32]
1000486a:	6203      	str	r3, [r0, #32]
1000486c:	6a4b      	ldr	r3, [r1, #36]	@ 0x24
1000486e:	6243      	str	r3, [r0, #36]	@ 0x24
10004870:	6a8b      	ldr	r3, [r1, #40]	@ 0x28
10004872:	6283      	str	r3, [r0, #40]	@ 0x28
10004874:	6acb      	ldr	r3, [r1, #44]	@ 0x2c
10004876:	62c3      	str	r3, [r0, #44]	@ 0x2c
10004878:	6b0b      	ldr	r3, [r1, #48]	@ 0x30
1000487a:	6303      	str	r3, [r0, #48]	@ 0x30
1000487c:	6b4b      	ldr	r3, [r1, #52]	@ 0x34
1000487e:	6343      	str	r3, [r0, #52]	@ 0x34
10004880:	6b8b      	ldr	r3, [r1, #56]	@ 0x38
10004882:	6383      	str	r3, [r0, #56]	@ 0x38
10004884:	6bcb      	ldr	r3, [r1, #60]	@ 0x3c
10004886:	63c3      	str	r3, [r0, #60]	@ 0x3c
10004888:	3040      	adds	r0, #64	@ 0x40
1000488a:	3140      	adds	r1, #64	@ 0x40
1000488c:	3a40      	subs	r2, #64	@ 0x40
1000488e:	d2db      	bcs.n	10004848 <memcpy+0x10>
10004890:	3230      	adds	r2, #48	@ 0x30
10004892:	d30b      	bcc.n	100048ac <memcpy+0x74>
10004894:	680b      	ldr	r3, [r1, #0]
10004896:	6003      	str	r3, [r0, #0]
10004898:	684b      	ldr	r3, [r1, #4]
1000489a:	6043      	str	r3, [r0, #4]
1000489c:	688b      	ldr	r3, [r1, #8]
1000489e:	6083      	str	r3, [r0, #8]
100048a0:	68cb      	ldr	r3, [r1, #12]
100048a2:	60c3      	str	r3, [r0, #12]
100048a4:	3010      	adds	r0, #16
100048a6:	3110      	adds	r1, #16
100048a8:	3a10      	subs	r2, #16
100048aa:	d2f3      	bcs.n	10004894 <memcpy+0x5c>
100048ac:	320c      	adds	r2, #12
100048ae:	d305      	bcc.n	100048bc <memcpy+0x84>
100048b0:	f851 3b04 	ldr.w	r3, [r1], #4
100048b4:	f840 3b04 	str.w	r3, [r0], #4
100048b8:	3a04      	subs	r2, #4
100048ba:	d2f9      	bcs.n	100048b0 <memcpy+0x78>
100048bc:	3204      	adds	r2, #4
100048be:	d008      	beq.n	100048d2 <memcpy+0x9a>
100048c0:	07d2      	lsls	r2, r2, #31
100048c2:	bf1c      	itt	ne
100048c4:	f811 3b01 	ldrbne.w	r3, [r1], #1
100048c8:	f800 3b01 	strbne.w	r3, [r0], #1
100048cc:	d301      	bcc.n	100048d2 <memcpy+0x9a>
100048ce:	880b      	ldrh	r3, [r1, #0]
100048d0:	8003      	strh	r3, [r0, #0]
100048d2:	4660      	mov	r0, ip
100048d4:	4770      	bx	lr
100048d6:	bf00      	nop
100048d8:	2a08      	cmp	r2, #8
100048da:	d313      	bcc.n	10004904 <memcpy+0xcc>
100048dc:	078b      	lsls	r3, r1, #30
100048de:	d0b1      	beq.n	10004844 <memcpy+0xc>
100048e0:	f010 0303 	ands.w	r3, r0, #3
100048e4:	d0ae      	beq.n	10004844 <memcpy+0xc>
100048e6:	f1c3 0304 	rsb	r3, r3, #4
100048ea:	1ad2      	subs	r2, r2, r3
100048ec:	07db      	lsls	r3, r3, #31
100048ee:	bf1c      	itt	ne
100048f0:	f811 3b01 	ldrbne.w	r3, [r1], #1
100048f4:	f800 3b01 	strbne.w	r3, [r0], #1
100048f8:	d3a4      	bcc.n	10004844 <memcpy+0xc>
100048fa:	f831 3b02 	ldrh.w	r3, [r1], #2
100048fe:	f820 3b02 	strh.w	r3, [r0], #2
10004902:	e79f      	b.n	10004844 <memcpy+0xc>
10004904:	3a04      	subs	r2, #4
10004906:	d3d9      	bcc.n	100048bc <memcpy+0x84>
10004908:	3a01      	subs	r2, #1
1000490a:	f811 3b01 	ldrb.w	r3, [r1], #1
1000490e:	f800 3b01 	strb.w	r3, [r0], #1
10004912:	d2f9      	bcs.n	10004908 <memcpy+0xd0>
10004914:	780b      	ldrb	r3, [r1, #0]
10004916:	7003      	strb	r3, [r0, #0]
10004918:	784b      	ldrb	r3, [r1, #1]
1000491a:	7043      	strb	r3, [r0, #1]
1000491c:	788b      	ldrb	r3, [r1, #2]
1000491e:	7083      	strb	r3, [r0, #2]
10004920:	4660      	mov	r0, ip
10004922:	4770      	bx	lr

10004924 <memset>:
10004924:	b570      	push	{r4, r5, r6, lr}
10004926:	0786      	lsls	r6, r0, #30
10004928:	d04a      	beq.n	100049c0 <memset+0x9c>
1000492a:	1e54      	subs	r4, r2, #1
1000492c:	2a00      	cmp	r2, #0
1000492e:	d041      	beq.n	100049b4 <memset+0x90>
10004930:	b2ca      	uxtb	r2, r1
10004932:	4603      	mov	r3, r0
10004934:	e001      	b.n	1000493a <memset+0x16>
10004936:	3c01      	subs	r4, #1
10004938:	d33c      	bcc.n	100049b4 <memset+0x90>
1000493a:	f803 2b01 	strb.w	r2, [r3], #1
1000493e:	079d      	lsls	r5, r3, #30
10004940:	d1f9      	bne.n	10004936 <memset+0x12>
10004942:	2c03      	cmp	r4, #3
10004944:	d92f      	bls.n	100049a6 <memset+0x82>
10004946:	b2cd      	uxtb	r5, r1
10004948:	2c0f      	cmp	r4, #15
1000494a:	eb05 2505 	add.w	r5, r5, r5, lsl #8
1000494e:	eb05 4505 	add.w	r5, r5, r5, lsl #16
10004952:	d938      	bls.n	100049c6 <memset+0xa2>
10004954:	f1a4 0c10 	sub.w	ip, r4, #16
10004958:	f103 0e10 	add.w	lr, r3, #16
1000495c:	461a      	mov	r2, r3
1000495e:	f02c 060f 	bic.w	r6, ip, #15
10004962:	ea4f 1c1c 	mov.w	ip, ip, lsr #4
10004966:	44b6      	add	lr, r6
10004968:	6015      	str	r5, [r2, #0]
1000496a:	3210      	adds	r2, #16
1000496c:	f842 5c0c 	str.w	r5, [r2, #-12]
10004970:	f842 5c08 	str.w	r5, [r2, #-8]
10004974:	f842 5c04 	str.w	r5, [r2, #-4]
10004978:	4572      	cmp	r2, lr
1000497a:	d1f5      	bne.n	10004968 <memset+0x44>
1000497c:	f10c 0201 	add.w	r2, ip, #1
10004980:	f014 0f0c 	tst.w	r4, #12
10004984:	f004 0c0f 	and.w	ip, r4, #15
10004988:	eb03 1202 	add.w	r2, r3, r2, lsl #4
1000498c:	d013      	beq.n	100049b6 <memset+0x92>
1000498e:	f1ac 0304 	sub.w	r3, ip, #4
10004992:	f023 0303 	bic.w	r3, r3, #3
10004996:	3304      	adds	r3, #4
10004998:	4413      	add	r3, r2
1000499a:	f842 5b04 	str.w	r5, [r2], #4
1000499e:	429a      	cmp	r2, r3
100049a0:	d1fb      	bne.n	1000499a <memset+0x76>
100049a2:	f00c 0403 	and.w	r4, ip, #3
100049a6:	b12c      	cbz	r4, 100049b4 <memset+0x90>
100049a8:	b2c9      	uxtb	r1, r1
100049aa:	441c      	add	r4, r3
100049ac:	f803 1b01 	strb.w	r1, [r3], #1
100049b0:	429c      	cmp	r4, r3
100049b2:	d1fb      	bne.n	100049ac <memset+0x88>
100049b4:	bd70      	pop	{r4, r5, r6, pc}
100049b6:	4664      	mov	r4, ip
100049b8:	4613      	mov	r3, r2
100049ba:	2c00      	cmp	r4, #0
100049bc:	d1f4      	bne.n	100049a8 <memset+0x84>
100049be:	e7f9      	b.n	100049b4 <memset+0x90>
100049c0:	4603      	mov	r3, r0
100049c2:	4614      	mov	r4, r2
100049c4:	e7bd      	b.n	10004942 <memset+0x1e>
100049c6:	461a      	mov	r2, r3
100049c8:	46a4      	mov	ip, r4
100049ca:	e7e0      	b.n	1000498e <memset+0x6a>

100049cc <strlen>:
100049cc:	f020 0103 	bic.w	r1, r0, #3
100049d0:	f010 0003 	ands.w	r0, r0, #3
100049d4:	f1c0 0000 	rsb	r0, r0, #0
100049d8:	f851 3b04 	ldr.w	r3, [r1], #4
100049dc:	f100 0c04 	add.w	ip, r0, #4
100049e0:	ea4f 0ccc 	mov.w	ip, ip, lsl #3
100049e4:	f06f 0200 	mvn.w	r2, #0
100049e8:	bf1c      	itt	ne
100049ea:	fa22 f20c 	lsrne.w	r2, r2, ip
100049ee:	4313      	orrne	r3, r2
100049f0:	f04f 0c01 	mov.w	ip, #1
100049f4:	ea4c 2c0c 	orr.w	ip, ip, ip, lsl #8
100049f8:	ea4c 4c0c 	orr.w	ip, ip, ip, lsl #16
100049fc:	eba3 020c 	sub.w	r2, r3, ip
10004a00:	ea22 0203 	bic.w	r2, r2, r3
10004a04:	ea12 12cc 	ands.w	r2, r2, ip, lsl #7
10004a08:	bf04      	itt	eq
10004a0a:	f851 3b04 	ldreq.w	r3, [r1], #4
10004a0e:	3004      	addeq	r0, #4
10004a10:	d0f4      	beq.n	100049fc <strlen+0x30>
10004a12:	f1c2 0100 	rsb	r1, r2, #0
10004a16:	ea02 0201 	and.w	r2, r2, r1
10004a1a:	fab2 f282 	clz	r2, r2
10004a1e:	f1c2 021f 	rsb	r2, r2, #31
10004a22:	eb00 00d2 	add.w	r0, r0, r2, lsr #3
10004a26:	4770      	bx	lr

10004a28 <_fini>:
10004a28:	b5f8      	push	{r3, r4, r5, r6, r7, lr}
10004a2a:	bf00      	nop
10004a2c:	0000      	movs	r0, r0
	...

10004a30 <__mutex_exit_veneer>:
10004a30:	f85f f000 	ldr.w	pc, [pc]	@ 10004a34 <__mutex_exit_veneer+0x4>
10004a34:	200001bd 	.word	0x200001bd

10004a38 <____aeabi_ldivmod_veneer>:
10004a38:	f85f f000 	ldr.w	pc, [pc]	@ 10004a3c <____aeabi_ldivmod_veneer+0x4>
10004a3c:	200001f1 	.word	0x200001f1

10004a40 <__mutex_try_enter_block_until_veneer>:
10004a40:	f85f f000 	ldr.w	pc, [pc]	@ 10004a44 <__mutex_try_enter_block_until_veneer+0x4>
10004a44:	20000111 	.word	0x20000111

10004a48 <__pre_init_runtime_init_bootrom_reset>:
10004a48:	10004219                                .B..

10004a4c <__pre_init_runtime_init_early_resets>:
10004a4c:	1000418d                                .A..

10004a50 <__pre_init_runtime_init_usb_power_down>:
10004a50:	100041c1                                .A..

10004a54 <__pre_init_runtime_init_clocks>:
10004a54:	10004265                                eB..

10004a58 <__pre_init_runtime_init_post_clock_resets>:
10004a58:	100041f9                                .A..

10004a5c <__pre_init_runtime_init_boot_locks_reset>:
10004a5c:	10003dc9                                .=..

10004a60 <__pre_init_runtime_init_spin_locks_reset>:
10004a60:	10004241                                AB..

10004a64 <__pre_init_runtime_init_bootrom_locking_enable>:
10004a64:	10003db5                                .=..

10004a68 <__pre_init_runtime_init_mutex>:
10004a68:	100035dd                                .5..

10004a6c <__pre_init_runtime_init_install_ram_vector_table>:
10004a6c:	10004245                                EB..

10004a70 <__pre_init_runtime_init_default_alarm_pool>:
10004a70:	10003955                                U9..

10004a74 <__pre_init_first_per_core_initializer>:
10004a74:	1000413d                                =A..

10004a78 <__pre_init_runtime_init_per_core_bootrom_reset>:
10004a78:	1000422d                                -B..

10004a7c <__pre_init_runtime_init_per_core_enable_coprocessors>:
10004a7c:	100041dd                                .A..

10004a80 <__pre_init_spinlock_set_extexclall>:
10004a80:	100031a1                                .1..

10004a84 <__pre_init_runtime_init_per_core_irq_priorities>:
10004a84:	10003205                                .2..

10004a88 <__frame_dummy_init_array_entry>:
10004a88:	1000025d 1000096d                       ]...m...

Disassembly of section .data:

20000110 <mutex_try_enter_block_until>:
20000110:	e92d 41f0 	stmdb	sp!, {r4, r5, r6, r7, r8, lr}
20000114:	461f      	mov	r7, r3
20000116:	4604      	mov	r4, r0
20000118:	4616      	mov	r6, r2
2000011a:	6803      	ldr	r3, [r0, #0]
2000011c:	f3ef 8810 	mrs	r8, PRIMASK
20000120:	b672      	cpsid	i
20000122:	e8d3 1fcf 	ldaexb	r1, [r3]
20000126:	2201      	movs	r2, #1
20000128:	2900      	cmp	r1, #0
2000012a:	d1fa      	bne.n	20000122 <mutex_try_enter_block_until+0x12>
2000012c:	e8c3 2f41 	strexb	r1, r2, [r3]
20000130:	2900      	cmp	r1, #0
20000132:	d1f6      	bne.n	20000122 <mutex_try_enter_block_until+0x12>
20000134:	f3bf 8f5f 	dmb	sy
20000138:	6845      	ldr	r5, [r0, #4]
2000013a:	1c6b      	adds	r3, r5, #1
2000013c:	d00c      	beq.n	20000158 <mutex_try_enter_block_until+0x48>
2000013e:	2300      	movs	r3, #0
20000140:	6802      	ldr	r2, [r0, #0]
20000142:	e8c2 3f8f 	stlb	r3, [r2]
20000146:	f388 8810 	msr	PRIMASK, r8
2000014a:	f000 fa19 	bl	20000580 <__ulPortLockGetCurrentOwnerId_veneer>
2000014e:	42a8      	cmp	r0, r5
20000150:	d10d      	bne.n	2000016e <mutex_try_enter_block_until+0x5e>
20000152:	2000      	movs	r0, #0
20000154:	e8bd 81f0 	ldmia.w	sp!, {r4, r5, r6, r7, r8, pc}
20000158:	f000 fa12 	bl	20000580 <__ulPortLockGetCurrentOwnerId_veneer>
2000015c:	2300      	movs	r3, #0
2000015e:	6822      	ldr	r2, [r4, #0]
20000160:	6060      	str	r0, [r4, #4]
20000162:	e8c2 3f8f 	stlb	r3, [r2]
20000166:	f388 8810 	msr	PRIMASK, r8
2000016a:	2001      	movs	r0, #1
2000016c:	e7f2      	b.n	20000154 <mutex_try_enter_block_until+0x44>
2000016e:	f000 fa07 	bl	20000580 <__ulPortLockGetCurrentOwnerId_veneer>
20000172:	4680      	mov	r8, r0
20000174:	e006      	b.n	20000184 <mutex_try_enter_block_until+0x74>
20000176:	4632      	mov	r2, r6
20000178:	463b      	mov	r3, r7
2000017a:	4620      	mov	r0, r4
2000017c:	f000 fa04 	bl	20000588 <__xPortLockInternalSpinUnlockWithBestEffortWaitOrTimeout_veneer>
20000180:	2800      	cmp	r0, #0
20000182:	d1e6      	bne.n	20000152 <mutex_try_enter_block_until+0x42>
20000184:	6825      	ldr	r5, [r4, #0]
20000186:	f3ef 8110 	mrs	r1, PRIMASK
2000018a:	b672      	cpsid	i
2000018c:	e8d5 2fcf 	ldaexb	r2, [r5]
20000190:	2301      	movs	r3, #1
20000192:	2a00      	cmp	r2, #0
20000194:	d1fa      	bne.n	2000018c <mutex_try_enter_block_until+0x7c>
20000196:	e8c5 3f42 	strexb	r2, r3, [r5]
2000019a:	2a00      	cmp	r2, #0
2000019c:	d1f6      	bne.n	2000018c <mutex_try_enter_block_until+0x7c>
2000019e:	f3bf 8f5f 	dmb	sy
200001a2:	6863      	ldr	r3, [r4, #4]
200001a4:	3301      	adds	r3, #1
200001a6:	d1e6      	bne.n	20000176 <mutex_try_enter_block_until+0x66>
200001a8:	2300      	movs	r3, #0
200001aa:	6822      	ldr	r2, [r4, #0]
200001ac:	f8c4 8004 	str.w	r8, [r4, #4]
200001b0:	e8c2 3f8f 	stlb	r3, [r2]
200001b4:	f381 8810 	msr	PRIMASK, r1
200001b8:	e7d7      	b.n	2000016a <mutex_try_enter_block_until+0x5a>
200001ba:	bf00      	nop

200001bc <mutex_exit>:
200001bc:	b500      	push	{lr}
200001be:	6802      	ldr	r2, [r0, #0]
200001c0:	f3ef 8110 	mrs	r1, PRIMASK
200001c4:	b672      	cpsid	i
200001c6:	e8d2 efcf 	ldaexb	lr, [r2]
200001ca:	f05f 0c01 	movs.w	ip, #1
200001ce:	f1be 0f00 	cmp.w	lr, #0
200001d2:	d1f8      	bne.n	200001c6 <mutex_exit+0xa>
200001d4:	e8c2 cf4e 	strexb	lr, ip, [r2]
200001d8:	f1be 0f00 	cmp.w	lr, #0
200001dc:	d1f3      	bne.n	200001c6 <mutex_exit+0xa>
200001de:	f3bf 8f5f 	dmb	sy
200001e2:	f04f 32ff 	mov.w	r2, #4294967295	@ 0xffffffff
200001e6:	f85d eb04 	ldr.w	lr, [sp], #4
200001ea:	6042      	str	r2, [r0, #4]
200001ec:	f000 b9d0 	b.w	20000590 <__vPortLockInternalSpinUnlockWithNotify_veneer>

200001f0 <__aeabi_ldivmod>:
200001f0:	b97b      	cbnz	r3, 20000212 <__aeabi_ldivmod+0x22>
200001f2:	b972      	cbnz	r2, 20000212 <__aeabi_ldivmod+0x22>
200001f4:	2900      	cmp	r1, #0
200001f6:	bfbe      	ittt	lt
200001f8:	2000      	movlt	r0, #0
200001fa:	f04f 4100 	movlt.w	r1, #2147483648	@ 0x80000000
200001fe:	e006      	blt.n	2000020e <__aeabi_ldivmod+0x1e>
20000200:	bf08      	it	eq
20000202:	2800      	cmpeq	r0, #0
20000204:	bf1c      	itt	ne
20000206:	f06f 4100 	mvnne.w	r1, #2147483648	@ 0x80000000
2000020a:	f04f 30ff 	movne.w	r0, #4294967295	@ 0xffffffff
2000020e:	f000 b9b5 	b.w	2000057c <__aeabi_idiv0>
20000212:	f1ad 0c08 	sub.w	ip, sp, #8
20000216:	e96d ce04 	strd	ip, lr, [sp, #-16]!
2000021a:	2900      	cmp	r1, #0
2000021c:	db09      	blt.n	20000232 <__aeabi_ldivmod+0x42>
2000021e:	2b00      	cmp	r3, #0
20000220:	db1a      	blt.n	20000258 <__aeabi_ldivmod+0x68>
20000222:	f000 f835 	bl	20000290 <__udivmoddi4>
20000226:	f8dd e004 	ldr.w	lr, [sp, #4]
2000022a:	e9dd 2302 	ldrd	r2, r3, [sp, #8]
2000022e:	b004      	add	sp, #16
20000230:	4770      	bx	lr
20000232:	4240      	negs	r0, r0
20000234:	eb61 0141 	sbc.w	r1, r1, r1, lsl #1
20000238:	2b00      	cmp	r3, #0
2000023a:	db1b      	blt.n	20000274 <__aeabi_ldivmod+0x84>
2000023c:	f000 f828 	bl	20000290 <__udivmoddi4>
20000240:	f8dd e004 	ldr.w	lr, [sp, #4]
20000244:	e9dd 2302 	ldrd	r2, r3, [sp, #8]
20000248:	b004      	add	sp, #16
2000024a:	4240      	negs	r0, r0
2000024c:	eb61 0141 	sbc.w	r1, r1, r1, lsl #1
20000250:	4252      	negs	r2, r2
20000252:	eb63 0343 	sbc.w	r3, r3, r3, lsl #1
20000256:	4770      	bx	lr
20000258:	4252      	negs	r2, r2
2000025a:	eb63 0343 	sbc.w	r3, r3, r3, lsl #1
2000025e:	f000 f817 	bl	20000290 <__udivmoddi4>
20000262:	f8dd e004 	ldr.w	lr, [sp, #4]
20000266:	e9dd 2302 	ldrd	r2, r3, [sp, #8]
2000026a:	b004      	add	sp, #16
2000026c:	4240      	negs	r0, r0
2000026e:	eb61 0141 	sbc.w	r1, r1, r1, lsl #1
20000272:	4770      	bx	lr
20000274:	4252      	negs	r2, r2
20000276:	eb63 0343 	sbc.w	r3, r3, r3, lsl #1
2000027a:	f000 f809 	bl	20000290 <__udivmoddi4>
2000027e:	f8dd e004 	ldr.w	lr, [sp, #4]
20000282:	e9dd 2302 	ldrd	r2, r3, [sp, #8]
20000286:	b004      	add	sp, #16
20000288:	4252      	negs	r2, r2
2000028a:	eb63 0343 	sbc.w	r3, r3, r3, lsl #1
2000028e:	4770      	bx	lr

20000290 <__udivmoddi4>:
20000290:	e92d 4ff0 	stmdb	sp!, {r4, r5, r6, r7, r8, r9, sl, fp, lr}
20000294:	9d09      	ldr	r5, [sp, #36]	@ 0x24
20000296:	460c      	mov	r4, r1
20000298:	2b00      	cmp	r3, #0
2000029a:	d14d      	bne.n	20000338 <__udivmoddi4+0xa8>
2000029c:	428a      	cmp	r2, r1
2000029e:	460f      	mov	r7, r1
200002a0:	4684      	mov	ip, r0
200002a2:	4696      	mov	lr, r2
200002a4:	fab2 f382 	clz	r3, r2
200002a8:	d960      	bls.n	2000036c <__udivmoddi4+0xdc>
200002aa:	b14b      	cbz	r3, 200002c0 <__udivmoddi4+0x30>
200002ac:	fa02 fe03 	lsl.w	lr, r2, r3
200002b0:	f1c3 0220 	rsb	r2, r3, #32
200002b4:	409f      	lsls	r7, r3
200002b6:	fa00 fc03 	lsl.w	ip, r0, r3
200002ba:	fa20 f202 	lsr.w	r2, r0, r2
200002be:	4317      	orrs	r7, r2
200002c0:	ea4f 461e 	mov.w	r6, lr, lsr #16
200002c4:	fa1f f48e 	uxth.w	r4, lr
200002c8:	ea4f 421c 	mov.w	r2, ip, lsr #16
200002cc:	fbb7 f1f6 	udiv	r1, r7, r6
200002d0:	fb06 7711 	mls	r7, r6, r1, r7
200002d4:	fb01 f004 	mul.w	r0, r1, r4
200002d8:	ea42 4207 	orr.w	r2, r2, r7, lsl #16
200002dc:	4290      	cmp	r0, r2
200002de:	d908      	bls.n	200002f2 <__udivmoddi4+0x62>
200002e0:	eb1e 0202 	adds.w	r2, lr, r2
200002e4:	f101 37ff 	add.w	r7, r1, #4294967295	@ 0xffffffff
200002e8:	d202      	bcs.n	200002f0 <__udivmoddi4+0x60>
200002ea:	4290      	cmp	r0, r2
200002ec:	f200 8131 	bhi.w	20000552 <__udivmoddi4+0x2c2>
200002f0:	4639      	mov	r1, r7
200002f2:	1a12      	subs	r2, r2, r0
200002f4:	fa1f fc8c 	uxth.w	ip, ip
200002f8:	fbb2 f0f6 	udiv	r0, r2, r6
200002fc:	fb06 2210 	mls	r2, r6, r0, r2
20000300:	fb00 f404 	mul.w	r4, r0, r4
20000304:	ea4c 4c02 	orr.w	ip, ip, r2, lsl #16
20000308:	4564      	cmp	r4, ip
2000030a:	d908      	bls.n	2000031e <__udivmoddi4+0x8e>
2000030c:	eb1e 0c0c 	adds.w	ip, lr, ip
20000310:	f100 32ff 	add.w	r2, r0, #4294967295	@ 0xffffffff
20000314:	d202      	bcs.n	2000031c <__udivmoddi4+0x8c>
20000316:	4564      	cmp	r4, ip
20000318:	f200 811e 	bhi.w	20000558 <__udivmoddi4+0x2c8>
2000031c:	4610      	mov	r0, r2
2000031e:	ea40 4001 	orr.w	r0, r0, r1, lsl #16
20000322:	ebac 0c04 	sub.w	ip, ip, r4
20000326:	2100      	movs	r1, #0
20000328:	b125      	cbz	r5, 20000334 <__udivmoddi4+0xa4>
2000032a:	fa2c f303 	lsr.w	r3, ip, r3
2000032e:	2200      	movs	r2, #0
20000330:	e9c5 3200 	strd	r3, r2, [r5]
20000334:	e8bd 8ff0 	ldmia.w	sp!, {r4, r5, r6, r7, r8, r9, sl, fp, pc}
20000338:	428b      	cmp	r3, r1
2000033a:	d905      	bls.n	20000348 <__udivmoddi4+0xb8>
2000033c:	b10d      	cbz	r5, 20000342 <__udivmoddi4+0xb2>
2000033e:	e9c5 0100 	strd	r0, r1, [r5]
20000342:	2100      	movs	r1, #0
20000344:	4608      	mov	r0, r1
20000346:	e7f5      	b.n	20000334 <__udivmoddi4+0xa4>
20000348:	fab3 f183 	clz	r1, r3
2000034c:	2900      	cmp	r1, #0
2000034e:	d14d      	bne.n	200003ec <__udivmoddi4+0x15c>
20000350:	42a3      	cmp	r3, r4
20000352:	f0c0 80f3 	bcc.w	2000053c <__udivmoddi4+0x2ac>
20000356:	4290      	cmp	r0, r2
20000358:	f080 80f0 	bcs.w	2000053c <__udivmoddi4+0x2ac>
2000035c:	4606      	mov	r6, r0
2000035e:	4623      	mov	r3, r4
20000360:	4608      	mov	r0, r1
20000362:	2d00      	cmp	r5, #0
20000364:	d0e6      	beq.n	20000334 <__udivmoddi4+0xa4>
20000366:	e9c5 6300 	strd	r6, r3, [r5]
2000036a:	e7e3      	b.n	20000334 <__udivmoddi4+0xa4>
2000036c:	2b00      	cmp	r3, #0
2000036e:	f040 80a3 	bne.w	200004b8 <__udivmoddi4+0x228>
20000372:	1a8a      	subs	r2, r1, r2
20000374:	ea4f 471e 	mov.w	r7, lr, lsr #16
20000378:	fa1f f68e 	uxth.w	r6, lr
2000037c:	2101      	movs	r1, #1
2000037e:	fbb2 f4f7 	udiv	r4, r2, r7
20000382:	fb07 2014 	mls	r0, r7, r4, r2
20000386:	ea4f 421c 	mov.w	r2, ip, lsr #16
2000038a:	ea42 4200 	orr.w	r2, r2, r0, lsl #16
2000038e:	fb06 f004 	mul.w	r0, r6, r4
20000392:	4290      	cmp	r0, r2
20000394:	d90f      	bls.n	200003b6 <__udivmoddi4+0x126>
20000396:	eb1e 0202 	adds.w	r2, lr, r2
2000039a:	f104 38ff 	add.w	r8, r4, #4294967295	@ 0xffffffff
2000039e:	bf2c      	ite	cs
200003a0:	f04f 0901 	movcs.w	r9, #1
200003a4:	f04f 0900 	movcc.w	r9, #0
200003a8:	4290      	cmp	r0, r2
200003aa:	d903      	bls.n	200003b4 <__udivmoddi4+0x124>
200003ac:	f1b9 0f00 	cmp.w	r9, #0
200003b0:	f000 80cc 	beq.w	2000054c <__udivmoddi4+0x2bc>
200003b4:	4644      	mov	r4, r8
200003b6:	1a12      	subs	r2, r2, r0
200003b8:	fa1f fc8c 	uxth.w	ip, ip
200003bc:	fbb2 f0f7 	udiv	r0, r2, r7
200003c0:	fb07 2210 	mls	r2, r7, r0, r2
200003c4:	fb00 f606 	mul.w	r6, r0, r6
200003c8:	ea4c 4c02 	orr.w	ip, ip, r2, lsl #16
200003cc:	4566      	cmp	r6, ip
200003ce:	d908      	bls.n	200003e2 <__udivmoddi4+0x152>
200003d0:	eb1e 0c0c 	adds.w	ip, lr, ip
200003d4:	f100 32ff 	add.w	r2, r0, #4294967295	@ 0xffffffff
200003d8:	d202      	bcs.n	200003e0 <__udivmoddi4+0x150>
200003da:	4566      	cmp	r6, ip
200003dc:	f200 80b3 	bhi.w	20000546 <__udivmoddi4+0x2b6>
200003e0:	4610      	mov	r0, r2
200003e2:	ebac 0c06 	sub.w	ip, ip, r6
200003e6:	ea40 4004 	orr.w	r0, r0, r4, lsl #16
200003ea:	e79d      	b.n	20000328 <__udivmoddi4+0x98>
200003ec:	f1c1 0620 	rsb	r6, r1, #32
200003f0:	408b      	lsls	r3, r1
200003f2:	fa04 fe01 	lsl.w	lr, r4, r1
200003f6:	fa22 f706 	lsr.w	r7, r2, r6
200003fa:	fa20 fc06 	lsr.w	ip, r0, r6
200003fe:	40f4      	lsrs	r4, r6
20000400:	408a      	lsls	r2, r1
20000402:	431f      	orrs	r7, r3
20000404:	ea4e 030c 	orr.w	r3, lr, ip
20000408:	fa00 fe01 	lsl.w	lr, r0, r1
2000040c:	ea4f 4817 	mov.w	r8, r7, lsr #16
20000410:	ea4f 4913 	mov.w	r9, r3, lsr #16
20000414:	fa1f fc87 	uxth.w	ip, r7
20000418:	fbb4 f0f8 	udiv	r0, r4, r8
2000041c:	fb08 4410 	mls	r4, r8, r0, r4
20000420:	ea49 4404 	orr.w	r4, r9, r4, lsl #16
20000424:	fb00 f90c 	mul.w	r9, r0, ip
20000428:	45a1      	cmp	r9, r4
2000042a:	d90e      	bls.n	2000044a <__udivmoddi4+0x1ba>
2000042c:	193c      	adds	r4, r7, r4
2000042e:	f100 3aff 	add.w	sl, r0, #4294967295	@ 0xffffffff
20000432:	bf2c      	ite	cs
20000434:	f04f 0b01 	movcs.w	fp, #1
20000438:	f04f 0b00 	movcc.w	fp, #0
2000043c:	45a1      	cmp	r9, r4
2000043e:	d903      	bls.n	20000448 <__udivmoddi4+0x1b8>
20000440:	f1bb 0f00 	cmp.w	fp, #0
20000444:	f000 808b 	beq.w	2000055e <__udivmoddi4+0x2ce>
20000448:	4650      	mov	r0, sl
2000044a:	eba4 0409 	sub.w	r4, r4, r9
2000044e:	fa1f f983 	uxth.w	r9, r3
20000452:	fbb4 f3f8 	udiv	r3, r4, r8
20000456:	fb08 4413 	mls	r4, r8, r3, r4
2000045a:	fb03 fc0c 	mul.w	ip, r3, ip
2000045e:	ea49 4404 	orr.w	r4, r9, r4, lsl #16
20000462:	45a4      	cmp	ip, r4
20000464:	d906      	bls.n	20000474 <__udivmoddi4+0x1e4>
20000466:	193c      	adds	r4, r7, r4
20000468:	f103 38ff 	add.w	r8, r3, #4294967295	@ 0xffffffff
2000046c:	d201      	bcs.n	20000472 <__udivmoddi4+0x1e2>
2000046e:	45a4      	cmp	ip, r4
20000470:	d87b      	bhi.n	2000056a <__udivmoddi4+0x2da>
20000472:	4643      	mov	r3, r8
20000474:	ea43 4000 	orr.w	r0, r3, r0, lsl #16
20000478:	eba4 040c 	sub.w	r4, r4, ip
2000047c:	fba0 9802 	umull	r9, r8, r0, r2
20000480:	4544      	cmp	r4, r8
20000482:	46cc      	mov	ip, r9
20000484:	4643      	mov	r3, r8
20000486:	d302      	bcc.n	2000048e <__udivmoddi4+0x1fe>
20000488:	d106      	bne.n	20000498 <__udivmoddi4+0x208>
2000048a:	45ce      	cmp	lr, r9
2000048c:	d204      	bcs.n	20000498 <__udivmoddi4+0x208>
2000048e:	3801      	subs	r0, #1
20000490:	ebb9 0c02 	subs.w	ip, r9, r2
20000494:	eb68 0307 	sbc.w	r3, r8, r7
20000498:	2d00      	cmp	r5, #0
2000049a:	d06c      	beq.n	20000576 <__udivmoddi4+0x2e6>
2000049c:	ebbe 020c 	subs.w	r2, lr, ip
200004a0:	eb64 0403 	sbc.w	r4, r4, r3
200004a4:	fa22 f301 	lsr.w	r3, r2, r1
200004a8:	fa04 f606 	lsl.w	r6, r4, r6
200004ac:	40cc      	lsrs	r4, r1
200004ae:	2100      	movs	r1, #0
200004b0:	431e      	orrs	r6, r3
200004b2:	e9c5 6400 	strd	r6, r4, [r5]
200004b6:	e73d      	b.n	20000334 <__udivmoddi4+0xa4>
200004b8:	fa02 fe03 	lsl.w	lr, r2, r3
200004bc:	f1c3 0120 	rsb	r1, r3, #32
200004c0:	fa04 f203 	lsl.w	r2, r4, r3
200004c4:	fa00 fc03 	lsl.w	ip, r0, r3
200004c8:	40cc      	lsrs	r4, r1
200004ca:	ea4f 471e 	mov.w	r7, lr, lsr #16
200004ce:	fa20 f101 	lsr.w	r1, r0, r1
200004d2:	fa1f f68e 	uxth.w	r6, lr
200004d6:	fbb4 f0f7 	udiv	r0, r4, r7
200004da:	430a      	orrs	r2, r1
200004dc:	fb07 4410 	mls	r4, r7, r0, r4
200004e0:	0c11      	lsrs	r1, r2, #16
200004e2:	ea41 4104 	orr.w	r1, r1, r4, lsl #16
200004e6:	fb00 f406 	mul.w	r4, r0, r6
200004ea:	428c      	cmp	r4, r1
200004ec:	d90e      	bls.n	2000050c <__udivmoddi4+0x27c>
200004ee:	eb1e 0101 	adds.w	r1, lr, r1
200004f2:	f100 38ff 	add.w	r8, r0, #4294967295	@ 0xffffffff
200004f6:	bf2c      	ite	cs
200004f8:	f04f 0901 	movcs.w	r9, #1
200004fc:	f04f 0900 	movcc.w	r9, #0
20000500:	428c      	cmp	r4, r1
20000502:	d902      	bls.n	2000050a <__udivmoddi4+0x27a>
20000504:	f1b9 0f00 	cmp.w	r9, #0
20000508:	d02c      	beq.n	20000564 <__udivmoddi4+0x2d4>
2000050a:	4640      	mov	r0, r8
2000050c:	1b09      	subs	r1, r1, r4
2000050e:	b292      	uxth	r2, r2
20000510:	fbb1 f4f7 	udiv	r4, r1, r7
20000514:	fb07 1114 	mls	r1, r7, r4, r1
20000518:	ea42 4201 	orr.w	r2, r2, r1, lsl #16
2000051c:	fb04 f106 	mul.w	r1, r4, r6
20000520:	4291      	cmp	r1, r2
20000522:	d907      	bls.n	20000534 <__udivmoddi4+0x2a4>
20000524:	eb1e 0202 	adds.w	r2, lr, r2
20000528:	f104 38ff 	add.w	r8, r4, #4294967295	@ 0xffffffff
2000052c:	d201      	bcs.n	20000532 <__udivmoddi4+0x2a2>
2000052e:	4291      	cmp	r1, r2
20000530:	d81e      	bhi.n	20000570 <__udivmoddi4+0x2e0>
20000532:	4644      	mov	r4, r8
20000534:	1a52      	subs	r2, r2, r1
20000536:	ea44 4100 	orr.w	r1, r4, r0, lsl #16
2000053a:	e720      	b.n	2000037e <__udivmoddi4+0xee>
2000053c:	1a86      	subs	r6, r0, r2
2000053e:	eb64 0303 	sbc.w	r3, r4, r3
20000542:	2001      	movs	r0, #1
20000544:	e70d      	b.n	20000362 <__udivmoddi4+0xd2>
20000546:	44f4      	add	ip, lr
20000548:	3802      	subs	r0, #2
2000054a:	e74a      	b.n	200003e2 <__udivmoddi4+0x152>
2000054c:	3c02      	subs	r4, #2
2000054e:	4472      	add	r2, lr
20000550:	e731      	b.n	200003b6 <__udivmoddi4+0x126>
20000552:	3902      	subs	r1, #2
20000554:	4472      	add	r2, lr
20000556:	e6cc      	b.n	200002f2 <__udivmoddi4+0x62>
20000558:	44f4      	add	ip, lr
2000055a:	3802      	subs	r0, #2
2000055c:	e6df      	b.n	2000031e <__udivmoddi4+0x8e>
2000055e:	3802      	subs	r0, #2
20000560:	443c      	add	r4, r7
20000562:	e772      	b.n	2000044a <__udivmoddi4+0x1ba>
20000564:	3802      	subs	r0, #2
20000566:	4471      	add	r1, lr
20000568:	e7d0      	b.n	2000050c <__udivmoddi4+0x27c>
2000056a:	3b02      	subs	r3, #2
2000056c:	443c      	add	r4, r7
2000056e:	e781      	b.n	20000474 <__udivmoddi4+0x1e4>
20000570:	3c02      	subs	r4, #2
20000572:	4472      	add	r2, lr
20000574:	e7de      	b.n	20000534 <__udivmoddi4+0x2a4>
20000576:	4629      	mov	r1, r5
20000578:	e6dc      	b.n	20000334 <__udivmoddi4+0xa4>
2000057a:	bf00      	nop

2000057c <__aeabi_idiv0>:
2000057c:	4770      	bx	lr
2000057e:	bf00      	nop

20000580 <__ulPortLockGetCurrentOwnerId_veneer>:
20000580:	f85f f000 	ldr.w	pc, [pc]	@ 20000584 <__ulPortLockGetCurrentOwnerId_veneer+0x4>
20000584:	100007c1 	.word	0x100007c1

20000588 <__xPortLockInternalSpinUnlockWithBestEffortWaitOrTimeout_veneer>:
20000588:	f85f f000 	ldr.w	pc, [pc]	@ 2000058c <__xPortLockInternalSpinUnlockWithBestEffortWaitOrTimeout_veneer+0x4>
2000058c:	10000881 	.word	0x10000881

20000590 <__vPortLockInternalSpinUnlockWithNotify_veneer>:
20000590:	f85f f000 	ldr.w	pc, [pc]	@ 20000594 <__vPortLockInternalSpinUnlockWithNotify_veneer+0x4>
20000594:	100007ed 	.word	0x100007ed

20000598 <cDoorbellNum>:
20000598:	                                         .

20000599 <ucPrimaryCoreNum>:
20000599:	                                         ...

2000059c <uxTopUsedPriority>:
2000059c:	0000001f                                ....

200005a0 <striped_spin_lock_num>:
200005a0:	00000010                                ....

200005a4 <irq_handler_chain_slots>:
200005a4:	00000000 	.word	0x00000000
200005a8:	00010000 	.word	0x00010000
	...
200005b4:	00020000 	.word	0x00020000
	...
200005c0:	00030000 	.word	0x00030000
	...
200005cc:	00ff0000 	.word	0x00ff0000
200005d0:	00000000 	.word	0x00000000

200005d4 <irq_handler_chain_first_slot>:
200005d4:	b501      	push	{r0, lr}
200005d6:	6848      	ldr	r0, [r1, #4]
200005d8:	3101      	adds	r1, #1
200005da:	468e      	mov	lr, r1
200005dc:	4700      	bx	r0

200005de <irq_handler_chain_remove_tail>:
200005de:	4670      	mov	r0, lr
200005e0:	3809      	subs	r0, #9
200005e2:	4901      	ldr	r1, [pc, #4]	@ (200005e8 <irq_handler_chain_remove_tail+0xa>)
200005e4:	4788      	blx	r1
200005e6:	bd01      	pop	{r0, pc}
200005e8:	10003515 	.word	0x10003515

200005ec <default_alarm_pool>:
	...
20000600:	20000630                                0.. 

20000604 <stdio_uart>:
20000604:	1000464d 10004751 1000469d 10004761     MF..QG...F..aG..
20000614:	00000000 00000100                       ........

2000061c <malloc_mutex>:
	...

20000624 <print_mutex>:
	...
