
/home/devel/rp2040-rp2350-freertos/build-2350/freertos/Semaphore/Semaphore.elf:     file format elf32-littlearm

Sections:
Idx Name          Size      VMA       LMA       File off  Algn
  0 .text         00005050  10000000  10000000  00001000  2**4
                  CONTENTS, ALLOC, LOAD, READONLY, CODE
  1 .rodata       00000194  10005050  10005050  00006050  2**2
                  CONTENTS, ALLOC, LOAD, READONLY, DATA
  2 .ARM.exidx    00000008  100051e4  100051e4  000061e4  2**2
                  CONTENTS, ALLOC, LOAD, READONLY, DATA
  3 .binary_info  00000028  100051ec  100051ec  000061ec  2**2
                  CONTENTS, ALLOC, LOAD, READONLY, DATA
  4 .ram_vector_table 00000110  20000000  20000000  00008000  2**2
                  ALLOC
  5 .uninitialized_data 00000000  20000110  20000110  00007744  2**0
                  CONTENTS
  6 .data         0000051c  20000110  10005214  00007110  2**3
                  CONTENTS, ALLOC, LOAD, READONLY, CODE
  7 .tdata        00000000  2000062c  2000062c  00007744  2**0
                  CONTENTS, ALLOC, LOAD, DATA, THREAD_LOCAL
  8 .tbss         00000000  2000062c  2000062c  00000000  2**0
                  ALLOC, THREAD_LOCAL
  9 .bss          00020614  20000630  10005730  00008630  2**3
                  ALLOC
 10 .heap         00000800  20020c44  20020c44  00007744  2**2
                  CONTENTS, READONLY
 11 .scratch_x    00000000  20080000  20080000  00007f44  2**0
                  CONTENTS
 12 .scratch_y    00000000  20081000  20081000  00007f44  2**0
                  CONTENTS
 13 .stack1_dummy 00000800  20080000  20080000  00008000  2**2
                  ALLOC
 14 .stack_dummy  00000800  20081000  20081000  00007f60  2**5
                  CONTENTS, READONLY
 15 .flash_end    00000014  10005730  10005730  00007730  2**2
                  CONTENTS, ALLOC, LOAD, READONLY, DATA
 16 .ARM.attributes 00000034  00000000  00000000  00008760  2**0
                  CONTENTS, READONLY
 17 .comment      00000026  00000000  00000000  00008794  2**0
                  CONTENTS, READONLY
 18 .debug_info   00036fa1  00000000  00000000  000087ba  2**0
                  CONTENTS, READONLY, DEBUGGING, OCTETS
 19 .debug_abbrev 00008010  00000000  00000000  0003f75b  2**0
                  CONTENTS, READONLY, DEBUGGING, OCTETS
 20 .debug_loclists 0001b23d  00000000  00000000  0004776b  2**0
                  CONTENTS, READONLY, DEBUGGING, OCTETS
 21 .debug_aranges 000013c0  00000000  00000000  000629a8  2**3
                  CONTENTS, READONLY, DEBUGGING, OCTETS
 22 .debug_rnglists 0000563a  00000000  00000000  00063d68  2**0
                  CONTENTS, READONLY, DEBUGGING, OCTETS
 23 .debug_line   000249fd  00000000  00000000  000693a2  2**0
                  CONTENTS, READONLY, DEBUGGING, OCTETS
 24 .debug_str    00009301  00000000  00000000  0008dd9f  2**0
                  CONTENTS, READONLY, DEBUGGING, OCTETS
 25 .debug_frame  00003a7c  00000000  00000000  000970a0  2**2
                  CONTENTS, READONLY, DEBUGGING, OCTETS
 26 .debug_line_str 000001ca  00000000  00000000  0009ab1c  2**0
                  CONTENTS, READONLY, DEBUGGING, OCTETS

/home/devel/rp2040-rp2350-freertos/build-2350/freertos/Semaphore/Semaphore.elf:     file format elf32-littlearm


Disassembly of section .text:

10000000 <__VECTOR_TABLE>:
10000000:	20082000 	.word	0x20082000
10000004:	1000015d 	.word	0x1000015d
10000008:	10000113 	.word	0x10000113
1000000c:	10000115 	.word	0x10000115
10000010:	10000111 	.word	0x10000111
10000014:	10000111 	.word	0x10000111
10000018:	10000111 	.word	0x10000111
1000001c:	10000111 	.word	0x10000111
10000020:	10000111 	.word	0x10000111
10000024:	10000111 	.word	0x10000111
10000028:	10000111 	.word	0x10000111
1000002c:	10000117 	.word	0x10000117
10000030:	10000111 	.word	0x10000111
10000034:	10000111 	.word	0x10000111
10000038:	10000119 	.word	0x10000119
1000003c:	1000011b 	.word	0x1000011b
10000040:	1000011d 	.word	0x1000011d
10000044:	1000011d 	.word	0x1000011d
10000048:	1000011d 	.word	0x1000011d
1000004c:	1000011d 	.word	0x1000011d
10000050:	1000011d 	.word	0x1000011d
10000054:	1000011d 	.word	0x1000011d
10000058:	1000011d 	.word	0x1000011d
1000005c:	1000011d 	.word	0x1000011d
10000060:	1000011d 	.word	0x1000011d
10000064:	1000011d 	.word	0x1000011d
10000068:	1000011d 	.word	0x1000011d
1000006c:	1000011d 	.word	0x1000011d
10000070:	1000011d 	.word	0x1000011d
10000074:	1000011d 	.word	0x1000011d
10000078:	1000011d 	.word	0x1000011d
1000007c:	1000011d 	.word	0x1000011d
10000080:	1000011d 	.word	0x1000011d
10000084:	1000011d 	.word	0x1000011d
10000088:	1000011d 	.word	0x1000011d
1000008c:	1000011d 	.word	0x1000011d
10000090:	1000011d 	.word	0x1000011d
10000094:	1000011d 	.word	0x1000011d
10000098:	1000011d 	.word	0x1000011d
1000009c:	1000011d 	.word	0x1000011d
100000a0:	1000011d 	.word	0x1000011d
100000a4:	1000011d 	.word	0x1000011d
100000a8:	1000011d 	.word	0x1000011d
100000ac:	1000011d 	.word	0x1000011d
100000b0:	1000011d 	.word	0x1000011d
100000b4:	1000011d 	.word	0x1000011d
100000b8:	1000011d 	.word	0x1000011d
100000bc:	1000011d 	.word	0x1000011d
100000c0:	1000011d 	.word	0x1000011d
100000c4:	1000011d 	.word	0x1000011d
100000c8:	1000011d 	.word	0x1000011d
100000cc:	1000011d 	.word	0x1000011d
100000d0:	1000011d 	.word	0x1000011d
100000d4:	1000011d 	.word	0x1000011d
100000d8:	1000011d 	.word	0x1000011d
100000dc:	1000011d 	.word	0x1000011d
100000e0:	1000011d 	.word	0x1000011d
100000e4:	1000011d 	.word	0x1000011d
100000e8:	1000011d 	.word	0x1000011d
100000ec:	1000011d 	.word	0x1000011d
100000f0:	1000011d 	.word	0x1000011d
100000f4:	1000011d 	.word	0x1000011d
100000f8:	1000011d 	.word	0x1000011d
100000fc:	1000011d 	.word	0x1000011d
10000100:	1000011d 	.word	0x1000011d
10000104:	1000011d 	.word	0x1000011d
10000108:	1000011d 	.word	0x1000011d
1000010c:	1000011d 	.word	0x1000011d

10000110 <isr_invalid>:
10000110:	be00      	bkpt	0x0000

10000112 <isr_nmi>:
10000112:	be00      	bkpt	0x0000

10000114 <isr_hardfault>:
10000114:	be00      	bkpt	0x0000

10000116 <isr_svcall>:
10000116:	be00      	bkpt	0x0000

10000118 <isr_pendsv>:
10000118:	be00      	bkpt	0x0000

1000011a <isr_systick>:
1000011a:	be00      	bkpt	0x0000

1000011c <__unhandled_user_irq>:
1000011c:	f3ef 8005 	mrs	r0, IPSR
10000120:	3810      	subs	r0, #16

10000122 <unhandled_user_irq_num_in_r0>:
10000122:	be00      	bkpt	0x0000

10000124 <binary_info_header>:
10000124:	7188ebf2 	.word	0x7188ebf2
10000128:	100051ec 	.word	0x100051ec
1000012c:	10005214 	.word	0x10005214
10000130:	100001a8 	.word	0x100001a8
10000134:	e71aa390 	.word	0xe71aa390

10000138 <__binary_info_header_end>:
10000138:	ffffded3 	.word	0xffffded3
1000013c:	10210142 	.word	0x10210142
10000140:	000001ff 	.word	0x000001ff
10000144:	000055f8 	.word	0x000055f8
10000148:	ab123579 	.word	0xab123579

1000014c <_entry_point>:
1000014c:	f04f 0000 	mov.w	r0, #0

10000150 <_enter_vtable_in_r0>:
10000150:	4920      	ldr	r1, [pc, #128]	@ (100001d4 <data_cpy_table+0x2c>)
10000152:	6008      	str	r0, [r1, #0]
10000154:	c806      	ldmia	r0!, {r1, r2}
10000156:	f381 8808 	msr	MSP, r1
1000015a:	4710      	bx	r2

1000015c <_reset_handler>:
1000015c:	f04f 4050 	mov.w	r0, #3489660928	@ 0xd0000000
10000160:	6800      	ldr	r0, [r0, #0]
10000162:	b110      	cbz	r0, 1000016a <hold_non_core0_in_bootrom+0x6>

10000164 <hold_non_core0_in_bootrom>:
10000164:	f04f 0000 	mov.w	r0, #0
10000168:	e7f2      	b.n	10000150 <_enter_vtable_in_r0>
1000016a:	a40f      	add	r4, pc, #60	@ (adr r4, 100001a8 <data_cpy_table>)
1000016c:	cc0e      	ldmia	r4!, {r1, r2, r3}
1000016e:	2900      	cmp	r1, #0
10000170:	d002      	beq.n	10000178 <hold_non_core0_in_bootrom+0x14>
10000172:	f000 f815 	bl	100001a0 <data_cpy>
10000176:	e7f9      	b.n	1000016c <hold_non_core0_in_bootrom+0x8>
10000178:	4917      	ldr	r1, [pc, #92]	@ (100001d8 <data_cpy_table+0x30>)
1000017a:	4a18      	ldr	r2, [pc, #96]	@ (100001dc <data_cpy_table+0x34>)
1000017c:	2000      	movs	r0, #0
1000017e:	e000      	b.n	10000182 <bss_fill_test>

10000180 <bss_fill_loop>:
10000180:	c101      	stmia	r1!, {r0}

10000182 <bss_fill_test>:
10000182:	4291      	cmp	r1, r2
10000184:	d1fc      	bne.n	10000180 <bss_fill_loop>

10000186 <platform_entry>:
10000186:	2000      	movs	r0, #0
10000188:	f380 880a 	msr	MSPLIM, r0
1000018c:	4914      	ldr	r1, [pc, #80]	@ (100001e0 <data_cpy_table+0x38>)
1000018e:	4788      	blx	r1
10000190:	4914      	ldr	r1, [pc, #80]	@ (100001e4 <data_cpy_table+0x3c>)
10000192:	4788      	blx	r1
10000194:	4914      	ldr	r1, [pc, #80]	@ (100001e8 <data_cpy_table+0x40>)
10000196:	4788      	blx	r1
10000198:	be00      	bkpt	0x0000
1000019a:	e7fd      	b.n	10000198 <platform_entry+0x12>

1000019c <data_cpy_loop>:
1000019c:	c901      	ldmia	r1!, {r0}
1000019e:	c201      	stmia	r2!, {r0}

100001a0 <data_cpy>:
100001a0:	429a      	cmp	r2, r3
100001a2:	d3fb      	bcc.n	1000019c <data_cpy_loop>
100001a4:	4770      	bx	lr
100001a6:	bf00      	nop

100001a8 <data_cpy_table>:
100001a8:	10005214 	.word	0x10005214
100001ac:	20000110 	.word	0x20000110
100001b0:	2000062c 	.word	0x2000062c
100001b4:	10005730 	.word	0x10005730
100001b8:	20080000 	.word	0x20080000
100001bc:	20080000 	.word	0x20080000
100001c0:	10005730 	.word	0x10005730
100001c4:	20081000 	.word	0x20081000
100001c8:	20081000 	.word	0x20081000
100001cc:	00000000 	.word	0x00000000
100001d0:	4770      	bx	lr
100001d2:	0000      	.short	0x0000
100001d4:	e000ed08 	.word	0xe000ed08
100001d8:	2000062c 	.word	0x2000062c
100001dc:	20020c44 	.word	0x20020c44
100001e0:	10004945 	.word	0x10004945
100001e4:	10000305 	.word	0x10000305
100001e8:	1000493d 	.word	0x1000493d

100001ec <_init>:
100001ec:	b5f8      	push	{r3, r4, r5, r6, r7, lr}
100001ee:	bf00      	nop

100001f0 <deregister_tm_clones>:
100001f0:	4803      	ldr	r0, [pc, #12]	@ (10000200 <deregister_tm_clones+0x10>)
100001f2:	4b04      	ldr	r3, [pc, #16]	@ (10000204 <deregister_tm_clones+0x14>)
100001f4:	4283      	cmp	r3, r0
100001f6:	d002      	beq.n	100001fe <deregister_tm_clones+0xe>
100001f8:	4b03      	ldr	r3, [pc, #12]	@ (10000208 <deregister_tm_clones+0x18>)
100001fa:	b103      	cbz	r3, 100001fe <deregister_tm_clones+0xe>
100001fc:	4718      	bx	r3
100001fe:	4770      	bx	lr
10000200:	2000062c 	.word	0x2000062c
10000204:	2000062c 	.word	0x2000062c
10000208:	00000000 	.word	0x00000000

1000020c <register_tm_clones>:
1000020c:	4b06      	ldr	r3, [pc, #24]	@ (10000228 <register_tm_clones+0x1c>)
1000020e:	4907      	ldr	r1, [pc, #28]	@ (1000022c <register_tm_clones+0x20>)
10000210:	1ac9      	subs	r1, r1, r3
10000212:	1089      	asrs	r1, r1, #2
10000214:	bf48      	it	mi
10000216:	3101      	addmi	r1, #1
10000218:	1049      	asrs	r1, r1, #1
1000021a:	d003      	beq.n	10000224 <register_tm_clones+0x18>
1000021c:	4b04      	ldr	r3, [pc, #16]	@ (10000230 <register_tm_clones+0x24>)
1000021e:	b10b      	cbz	r3, 10000224 <register_tm_clones+0x18>
10000220:	4801      	ldr	r0, [pc, #4]	@ (10000228 <register_tm_clones+0x1c>)
10000222:	4718      	bx	r3
10000224:	4770      	bx	lr
10000226:	bf00      	nop
10000228:	2000062c 	.word	0x2000062c
1000022c:	2000062c 	.word	0x2000062c
10000230:	00000000 	.word	0x00000000

10000234 <__do_global_dtors_aux>:
10000234:	b510      	push	{r4, lr}
10000236:	4c06      	ldr	r4, [pc, #24]	@ (10000250 <__do_global_dtors_aux+0x1c>)
10000238:	7823      	ldrb	r3, [r4, #0]
1000023a:	b943      	cbnz	r3, 1000024e <__do_global_dtors_aux+0x1a>
1000023c:	f7ff ffd8 	bl	100001f0 <deregister_tm_clones>
10000240:	4b04      	ldr	r3, [pc, #16]	@ (10000254 <__do_global_dtors_aux+0x20>)
10000242:	b113      	cbz	r3, 1000024a <__do_global_dtors_aux+0x16>
10000244:	4804      	ldr	r0, [pc, #16]	@ (10000258 <__do_global_dtors_aux+0x24>)
10000246:	f3af 8000 	nop.w
1000024a:	2301      	movs	r3, #1
1000024c:	7023      	strb	r3, [r4, #0]
1000024e:	bd10      	pop	{r4, pc}
10000250:	200007f0 	.word	0x200007f0
10000254:	00000000 	.word	0x00000000
10000258:	10005050 	.word	0x10005050

1000025c <frame_dummy>:
1000025c:	b508      	push	{r3, lr}
1000025e:	4b04      	ldr	r3, [pc, #16]	@ (10000270 <frame_dummy+0x14>)
10000260:	b11b      	cbz	r3, 1000026a <frame_dummy+0xe>
10000262:	4904      	ldr	r1, [pc, #16]	@ (10000274 <frame_dummy+0x18>)
10000264:	4804      	ldr	r0, [pc, #16]	@ (10000278 <frame_dummy+0x1c>)
10000266:	f3af 8000 	nop.w
1000026a:	e8bd 4008 	ldmia.w	sp!, {r3, lr}
1000026e:	e7cd      	b.n	1000020c <register_tm_clones>
10000270:	00000000 	.word	0x00000000
10000274:	200007f4 	.word	0x200007f4
10000278:	10005050 	.word	0x10005050

1000027c <led_task>:
1000027c:	b570      	push	{r4, r5, r6, lr}
1000027e:	2019      	movs	r0, #25
10000280:	f003 fa7a 	bl	10003778 <gpio_init>
10000284:	f04f 0501 	mov.w	r5, #1
10000288:	2319      	movs	r3, #25
1000028a:	ec45 3044 	gpioc_bit_oe_put r3, r5
1000028e:	f04f 0600 	mov.w	r6, #0
10000292:	4c0a      	ldr	r4, [pc, #40]	@ (100002bc <led_task+0x40>)
10000294:	210a      	movs	r1, #10
10000296:	6820      	ldr	r0, [r4, #0]
10000298:	f001 f876 	bl	10001388 <xQueueSemaphoreTake>
1000029c:	2801      	cmp	r0, #1
1000029e:	f04f 0319 	mov.w	r3, #25
100002a2:	d105      	bne.n	100002b0 <led_task+0x34>
100002a4:	ec45 3040 	gpioc_bit_out_put r3, r5
100002a8:	2064      	movs	r0, #100	@ 0x64
100002aa:	f002 fd93 	bl	10002dd4 <vTaskDelay>
100002ae:	e7f1      	b.n	10000294 <led_task+0x18>
100002b0:	ec46 3040 	gpioc_bit_out_put r3, r6
100002b4:	2001      	movs	r0, #1
100002b6:	f002 fd8d 	bl	10002dd4 <vTaskDelay>
100002ba:	e7eb      	b.n	10000294 <led_task+0x18>
100002bc:	20000864 	.word	0x20000864

100002c0 <button_task>:
100002c0:	b508      	push	{r3, lr}
100002c2:	2014      	movs	r0, #20
100002c4:	f003 fa58 	bl	10003778 <gpio_init>
100002c8:	2314      	movs	r3, #20
100002ca:	f04f 0200 	mov.w	r2, #0
100002ce:	ec42 3044 	gpioc_bit_oe_put r3, r2
100002d2:	f04f 4450 	mov.w	r4, #3489660928	@ 0xd0000000
100002d6:	4d0a      	ldr	r5, [pc, #40]	@ (10000300 <button_task+0x40>)
100002d8:	6863      	ldr	r3, [r4, #4]
100002da:	02db      	lsls	r3, r3, #11
100002dc:	d50b      	bpl.n	100002f6 <button_task+0x36>
100002de:	2300      	movs	r3, #0
100002e0:	6828      	ldr	r0, [r5, #0]
100002e2:	461a      	mov	r2, r3
100002e4:	4619      	mov	r1, r3
100002e6:	f000 feeb 	bl	100010c0 <xQueueGenericSend>
100002ea:	2014      	movs	r0, #20
100002ec:	f002 fd72 	bl	10002dd4 <vTaskDelay>
100002f0:	6863      	ldr	r3, [r4, #4]
100002f2:	02db      	lsls	r3, r3, #11
100002f4:	d4f3      	bmi.n	100002de <button_task+0x1e>
100002f6:	2001      	movs	r0, #1
100002f8:	f002 fd6c 	bl	10002dd4 <vTaskDelay>
100002fc:	e7ec      	b.n	100002d8 <button_task+0x18>
100002fe:	bf00      	nop
10000300:	20000864 	.word	0x20000864

10000304 <main>:
10000304:	2400      	movs	r4, #0
10000306:	b580      	push	{r7, lr}
10000308:	b082      	sub	sp, #8
1000030a:	f004 fc19 	bl	10004b40 <stdio_init_all>
1000030e:	4810      	ldr	r0, [pc, #64]	@ (10000350 <main+0x4c>)
10000310:	f004 fc5e 	bl	10004bd0 <__wrap_puts>
10000314:	4621      	mov	r1, r4
10000316:	2005      	movs	r0, #5
10000318:	f000 fe9c 	bl	10001054 <xQueueCreateCountingSemaphore>
1000031c:	2501      	movs	r5, #1
1000031e:	4607      	mov	r7, r0
10000320:	4e0c      	ldr	r6, [pc, #48]	@ (10000354 <main+0x50>)
10000322:	f44f 7280 	mov.w	r2, #256	@ 0x100
10000326:	4623      	mov	r3, r4
10000328:	490b      	ldr	r1, [pc, #44]	@ (10000358 <main+0x54>)
1000032a:	e9cd 5400 	strd	r5, r4, [sp]
1000032e:	480b      	ldr	r0, [pc, #44]	@ (1000035c <main+0x58>)
10000330:	6037      	str	r7, [r6, #0]
10000332:	f002 fbe9 	bl	10002b08 <xTaskCreate>
10000336:	4623      	mov	r3, r4
10000338:	f44f 7280 	mov.w	r2, #256	@ 0x100
1000033c:	4908      	ldr	r1, [pc, #32]	@ (10000360 <main+0x5c>)
1000033e:	e9cd 5400 	strd	r5, r4, [sp]
10000342:	4808      	ldr	r0, [pc, #32]	@ (10000364 <main+0x60>)
10000344:	f002 fbe0 	bl	10002b08 <xTaskCreate>
10000348:	f002 fc08 	bl	10002b5c <vTaskStartScheduler>
1000034c:	e7fe      	b.n	1000034c <main+0x48>
1000034e:	bf00      	nop
10000350:	10005050 	.word	0x10005050
10000354:	20000864 	.word	0x20000864
10000358:	10005064 	.word	0x10005064
1000035c:	1000027d 	.word	0x1000027d
10000360:	10005070 	.word	0x10005070
10000364:	100002c1 	.word	0x100002c1

10000368 <panic>:
10000368:	b40f      	push	{r0, r1, r2, r3}
1000036a:	b500      	push	{lr}
1000036c:	b083      	sub	sp, #12
1000036e:	9c04      	ldr	r4, [sp, #16]
10000370:	4807      	ldr	r0, [pc, #28]	@ (10000390 <panic+0x28>)
10000372:	f004 fc2d 	bl	10004bd0 <__wrap_puts>
10000376:	b13c      	cbz	r4, 10000388 <panic+0x20>
10000378:	a905      	add	r1, sp, #20
1000037a:	4620      	mov	r0, r4
1000037c:	9101      	str	r1, [sp, #4]
1000037e:	f004 fac3 	bl	10004908 <weak_raw_vprintf>
10000382:	4804      	ldr	r0, [pc, #16]	@ (10000394 <panic+0x2c>)
10000384:	f004 fc24 	bl	10004bd0 <__wrap_puts>
10000388:	2001      	movs	r0, #1
1000038a:	f004 fad5 	bl	10004938 <_exit>
1000038e:	bf00      	nop
10000390:	1000507c 	.word	0x1000507c
10000394:	1000508c 	.word	0x1000508c

10000398 <pvPortMalloc>:
10000398:	b5f8      	push	{r3, r4, r5, r6, r7, lr}
1000039a:	1e43      	subs	r3, r0, #1
1000039c:	330a      	adds	r3, #10
1000039e:	d811      	bhi.n	100003c4 <pvPortMalloc+0x2c>
100003a0:	f010 0307 	ands.w	r3, r0, #7
100003a4:	f100 0408 	add.w	r4, r0, #8
100003a8:	d06d      	beq.n	10000486 <pvPortMalloc+0xee>
100003aa:	f1a3 0209 	sub.w	r2, r3, #9
100003ae:	42a2      	cmp	r2, r4
100003b0:	d308      	bcc.n	100003c4 <pvPortMalloc+0x2c>
100003b2:	3010      	adds	r0, #16
100003b4:	1ac4      	subs	r4, r0, r3
100003b6:	f001 fd3d 	bl	10001e34 <vTaskSuspendAll>
100003ba:	4938      	ldr	r1, [pc, #224]	@ (1000049c <pvPortMalloc+0x104>)
100003bc:	4622      	mov	r2, r4
100003be:	680d      	ldr	r5, [r1, #0]
100003c0:	bb15      	cbnz	r5, 10000408 <pvPortMalloc+0x70>
100003c2:	e00a      	b.n	100003da <pvPortMalloc+0x42>
100003c4:	f001 fd36 	bl	10001e34 <vTaskSuspendAll>
100003c8:	4934      	ldr	r1, [pc, #208]	@ (1000049c <pvPortMalloc+0x104>)
100003ca:	680a      	ldr	r2, [r1, #0]
100003cc:	b122      	cbz	r2, 100003d8 <pvPortMalloc+0x40>
100003ce:	2500      	movs	r5, #0
100003d0:	f002 fcf8 	bl	10002dc4 <xTaskResumeAll>
100003d4:	4628      	mov	r0, r5
100003d6:	bdf8      	pop	{r3, r4, r5, r6, r7, pc}
100003d8:	4614      	mov	r4, r2
100003da:	4b31      	ldr	r3, [pc, #196]	@ (100004a0 <pvPortMalloc+0x108>)
100003dc:	0758      	lsls	r0, r3, #29
100003de:	d14b      	bne.n	10000478 <pvPortMalloc+0xe0>
100003e0:	4618      	mov	r0, r3
100003e2:	f503 3500 	add.w	r5, r3, #131072	@ 0x20000
100003e6:	3d08      	subs	r5, #8
100003e8:	f025 0507 	bic.w	r5, r5, #7
100003ec:	600d      	str	r5, [r1, #0]
100003ee:	2100      	movs	r1, #0
100003f0:	4e2c      	ldr	r6, [pc, #176]	@ (100004a4 <pvPortMalloc+0x10c>)
100003f2:	1aeb      	subs	r3, r5, r3
100003f4:	e9c6 0100 	strd	r0, r1, [r6]
100003f8:	e9c5 1100 	strd	r1, r1, [r5]
100003fc:	492a      	ldr	r1, [pc, #168]	@ (100004a8 <pvPortMalloc+0x110>)
100003fe:	e9c0 5300 	strd	r5, r3, [r0]
10000402:	600b      	str	r3, [r1, #0]
10000404:	4929      	ldr	r1, [pc, #164]	@ (100004ac <pvPortMalloc+0x114>)
10000406:	600b      	str	r3, [r1, #0]
10000408:	2a00      	cmp	r2, #0
1000040a:	dde0      	ble.n	100003ce <pvPortMalloc+0x36>
1000040c:	4f27      	ldr	r7, [pc, #156]	@ (100004ac <pvPortMalloc+0x114>)
1000040e:	683e      	ldr	r6, [r7, #0]
10000410:	42a6      	cmp	r6, r4
10000412:	d3dc      	bcc.n	100003ce <pvPortMalloc+0x36>
10000414:	4b23      	ldr	r3, [pc, #140]	@ (100004a4 <pvPortMalloc+0x10c>)
10000416:	4618      	mov	r0, r3
10000418:	681b      	ldr	r3, [r3, #0]
1000041a:	e003      	b.n	10000424 <pvPortMalloc+0x8c>
1000041c:	681a      	ldr	r2, [r3, #0]
1000041e:	b122      	cbz	r2, 1000042a <pvPortMalloc+0x92>
10000420:	4618      	mov	r0, r3
10000422:	4613      	mov	r3, r2
10000424:	6859      	ldr	r1, [r3, #4]
10000426:	42a1      	cmp	r1, r4
10000428:	d3f8      	bcc.n	1000041c <pvPortMalloc+0x84>
1000042a:	42ab      	cmp	r3, r5
1000042c:	d0cf      	beq.n	100003ce <pvPortMalloc+0x36>
1000042e:	461d      	mov	r5, r3
10000430:	eba1 0c04 	sub.w	ip, r1, r4
10000434:	f855 2b08 	ldr.w	r2, [r5], #8
10000438:	f1bc 0f10 	cmp.w	ip, #16
1000043c:	6002      	str	r2, [r0, #0]
1000043e:	d907      	bls.n	10000450 <pvPortMalloc+0xb8>
10000440:	4621      	mov	r1, r4
10000442:	eb03 0e04 	add.w	lr, r3, r4
10000446:	f8ce c004 	str.w	ip, [lr, #4]
1000044a:	511a      	str	r2, [r3, r4]
1000044c:	f8c0 e000 	str.w	lr, [r0]
10000450:	2400      	movs	r4, #0
10000452:	4a15      	ldr	r2, [pc, #84]	@ (100004a8 <pvPortMalloc+0x110>)
10000454:	1a76      	subs	r6, r6, r1
10000456:	6810      	ldr	r0, [r2, #0]
10000458:	f041 4100 	orr.w	r1, r1, #2147483648	@ 0x80000000
1000045c:	4286      	cmp	r6, r0
1000045e:	4814      	ldr	r0, [pc, #80]	@ (100004b0 <pvPortMalloc+0x118>)
10000460:	bf38      	it	cc
10000462:	6016      	strcc	r6, [r2, #0]
10000464:	6802      	ldr	r2, [r0, #0]
10000466:	6059      	str	r1, [r3, #4]
10000468:	3201      	adds	r2, #1
1000046a:	601c      	str	r4, [r3, #0]
1000046c:	603e      	str	r6, [r7, #0]
1000046e:	6002      	str	r2, [r0, #0]
10000470:	f002 fca8 	bl	10002dc4 <xTaskResumeAll>
10000474:	4628      	mov	r0, r5
10000476:	bdf8      	pop	{r3, r4, r5, r6, r7, pc}
10000478:	1dd8      	adds	r0, r3, #7
1000047a:	f020 0007 	bic.w	r0, r0, #7
1000047e:	f503 3500 	add.w	r5, r3, #131072	@ 0x20000
10000482:	4603      	mov	r3, r0
10000484:	e7af      	b.n	100003e6 <pvPortMalloc+0x4e>
10000486:	f001 fcd5 	bl	10001e34 <vTaskSuspendAll>
1000048a:	4904      	ldr	r1, [pc, #16]	@ (1000049c <pvPortMalloc+0x104>)
1000048c:	680d      	ldr	r5, [r1, #0]
1000048e:	b115      	cbz	r5, 10000496 <pvPortMalloc+0xfe>
10000490:	2c00      	cmp	r4, #0
10000492:	dabb      	bge.n	1000040c <pvPortMalloc+0x74>
10000494:	e79b      	b.n	100003ce <pvPortMalloc+0x36>
10000496:	4622      	mov	r2, r4
10000498:	e79f      	b.n	100003da <pvPortMalloc+0x42>
1000049a:	bf00      	nop
1000049c:	200008a8 	.word	0x200008a8
100004a0:	20000b40 	.word	0x20000b40
100004a4:	20020bfc 	.word	0x20020bfc
100004a8:	20020bcc 	.word	0x20020bcc
100004ac:	20020bbc 	.word	0x20020bbc
100004b0:	20020bd8 	.word	0x20020bd8

100004b4 <vPortFree>:
100004b4:	b148      	cbz	r0, 100004ca <vPortFree+0x16>
100004b6:	b538      	push	{r3, r4, r5, lr}
100004b8:	f850 3c04 	ldr.w	r3, [r0, #-4]
100004bc:	4604      	mov	r4, r0
100004be:	2b00      	cmp	r3, #0
100004c0:	da02      	bge.n	100004c8 <vPortFree+0x14>
100004c2:	f850 2c08 	ldr.w	r2, [r0, #-8]
100004c6:	b10a      	cbz	r2, 100004cc <vPortFree+0x18>
100004c8:	bd38      	pop	{r3, r4, r5, pc}
100004ca:	4770      	bx	lr
100004cc:	f023 4300 	bic.w	r3, r3, #2147483648	@ 0x80000000
100004d0:	4d1a      	ldr	r5, [pc, #104]	@ (1000053c <vPortFree+0x88>)
100004d2:	f840 3c04 	str.w	r3, [r0, #-4]
100004d6:	f001 fcad 	bl	10001e34 <vTaskSuspendAll>
100004da:	682a      	ldr	r2, [r5, #0]
100004dc:	f854 0c04 	ldr.w	r0, [r4, #-4]
100004e0:	4b17      	ldr	r3, [pc, #92]	@ (10000540 <vPortFree+0x8c>)
100004e2:	1811      	adds	r1, r2, r0
100004e4:	6029      	str	r1, [r5, #0]
100004e6:	f1a4 0208 	sub.w	r2, r4, #8
100004ea:	4619      	mov	r1, r3
100004ec:	681b      	ldr	r3, [r3, #0]
100004ee:	429a      	cmp	r2, r3
100004f0:	d8fb      	bhi.n	100004ea <vPortFree+0x36>
100004f2:	684d      	ldr	r5, [r1, #4]
100004f4:	eb01 0c05 	add.w	ip, r1, r5
100004f8:	4562      	cmp	r2, ip
100004fa:	d00f      	beq.n	1000051c <vPortFree+0x68>
100004fc:	1815      	adds	r5, r2, r0
100004fe:	42ab      	cmp	r3, r5
10000500:	d012      	beq.n	10000528 <vPortFree+0x74>
10000502:	f844 3c08 	str.w	r3, [r4, #-8]
10000506:	4291      	cmp	r1, r2
10000508:	bf18      	it	ne
1000050a:	600a      	strne	r2, [r1, #0]
1000050c:	4a0d      	ldr	r2, [pc, #52]	@ (10000544 <vPortFree+0x90>)
1000050e:	6813      	ldr	r3, [r2, #0]
10000510:	3301      	adds	r3, #1
10000512:	6013      	str	r3, [r2, #0]
10000514:	e8bd 4038 	ldmia.w	sp!, {r3, r4, r5, lr}
10000518:	f002 bc54 	b.w	10002dc4 <xTaskResumeAll>
1000051c:	4428      	add	r0, r5
1000051e:	180a      	adds	r2, r1, r0
10000520:	4293      	cmp	r3, r2
10000522:	6048      	str	r0, [r1, #4]
10000524:	d1f2      	bne.n	1000050c <vPortFree+0x58>
10000526:	460a      	mov	r2, r1
10000528:	4c07      	ldr	r4, [pc, #28]	@ (10000548 <vPortFree+0x94>)
1000052a:	6824      	ldr	r4, [r4, #0]
1000052c:	42a3      	cmp	r3, r4
1000052e:	d003      	beq.n	10000538 <vPortFree+0x84>
10000530:	e9d3 4500 	ldrd	r4, r5, [r3]
10000534:	4428      	add	r0, r5
10000536:	6050      	str	r0, [r2, #4]
10000538:	6014      	str	r4, [r2, #0]
1000053a:	e7e4      	b.n	10000506 <vPortFree+0x52>
1000053c:	20020bbc 	.word	0x20020bbc
10000540:	20020bfc 	.word	0x20020bfc
10000544:	20020bdc 	.word	0x20020bdc
10000548:	200008a8 	.word	0x200008a8

1000054c <prvDoorbellInterruptHandler>:
1000054c:	4b0a      	ldr	r3, [pc, #40]	@ (10000578 <prvDoorbellInterruptHandler+0x2c>)
1000054e:	f993 2000 	ldrsb.w	r2, [r3]
10000552:	2a00      	cmp	r2, #0
10000554:	db0f      	blt.n	10000576 <prvDoorbellInterruptHandler+0x2a>
10000556:	f04f 4150 	mov.w	r1, #3489660928	@ 0xd0000000
1000055a:	2301      	movs	r3, #1
1000055c:	f8d1 0188 	ldr.w	r0, [r1, #392]	@ 0x188
10000560:	4093      	lsls	r3, r2
10000562:	4218      	tst	r0, r3
10000564:	d007      	beq.n	10000576 <prvDoorbellInterruptHandler+0x2a>
10000566:	f04f 22e0 	mov.w	r2, #3758153728	@ 0xe000e000
1000056a:	f04f 5080 	mov.w	r0, #268435456	@ 0x10000000
1000056e:	f8c1 318c 	str.w	r3, [r1, #396]	@ 0x18c
10000572:	f8c2 0d04 	str.w	r0, [r2, #3332]	@ 0xd04
10000576:	4770      	bx	lr
10000578:	20000598 	.word	0x20000598

1000057c <prvTaskExitError>:
1000057c:	2300      	movs	r3, #0
1000057e:	b500      	push	{lr}
10000580:	b083      	sub	sp, #12
10000582:	9301      	str	r3, [sp, #4]
10000584:	f000 fa60 	bl	10000a48 <ulSetInterruptMask>
10000588:	9b01      	ldr	r3, [sp, #4]
1000058a:	2b00      	cmp	r3, #0
1000058c:	d0fc      	beq.n	10000588 <prvTaskExitError+0xc>
1000058e:	b003      	add	sp, #12
10000590:	f85d fb04 	ldr.w	pc, [sp], #4

10000594 <SysTick_Handler>:
10000594:	b510      	push	{r4, lr}
10000596:	f002 fced 	bl	10002f74 <vTaskEnterCriticalFromISR>
1000059a:	4604      	mov	r4, r0
1000059c:	f001 fc5e 	bl	10001e5c <xTaskIncrementTick>
100005a0:	b128      	cbz	r0, 100005ae <SysTick_Handler+0x1a>
100005a2:	f04f 23e0 	mov.w	r3, #3758153728	@ 0xe000e000
100005a6:	f04f 5280 	mov.w	r2, #268435456	@ 0x10000000
100005aa:	f8c3 2d04 	str.w	r2, [r3, #3332]	@ 0xd04
100005ae:	4620      	mov	r0, r4
100005b0:	e8bd 4010 	ldmia.w	sp!, {r4, lr}
100005b4:	f002 bd74 	b.w	100030a0 <vTaskExitCriticalFromISR>

100005b8 <vPortSetupTimerInterrupt>:
100005b8:	b510      	push	{r4, lr}
100005ba:	2204      	movs	r2, #4
100005bc:	f04f 24e0 	mov.w	r4, #3758153728	@ 0xe000e000
100005c0:	2300      	movs	r3, #0
100005c2:	6122      	str	r2, [r4, #16]
100005c4:	2005      	movs	r0, #5
100005c6:	61a3      	str	r3, [r4, #24]
100005c8:	f003 f840 	bl	1000364c <clock_get_hz>
100005cc:	2107      	movs	r1, #7
100005ce:	4b04      	ldr	r3, [pc, #16]	@ (100005e0 <vPortSetupTimerInterrupt+0x28>)
100005d0:	fba3 2300 	umull	r2, r3, r3, r0
100005d4:	099b      	lsrs	r3, r3, #6
100005d6:	3b01      	subs	r3, #1
100005d8:	6163      	str	r3, [r4, #20]
100005da:	6121      	str	r1, [r4, #16]
100005dc:	bd10      	pop	{r4, pc}
100005de:	bf00      	nop
100005e0:	10624dd3 	.word	0x10624dd3

100005e4 <xPortStartSchedulerOnCore.isra.0>:
100005e4:	f04f 23e0 	mov.w	r3, #3758153728	@ 0xe000e000
100005e8:	f04f 427f 	mov.w	r2, #4278190080	@ 0xff000000
100005ec:	2100      	movs	r1, #0
100005ee:	b530      	push	{r4, r5, lr}
100005f0:	b085      	sub	sp, #20
100005f2:	9103      	str	r1, [sp, #12]
100005f4:	f8c3 2d1c 	str.w	r2, [r3, #3356]	@ 0xd1c
100005f8:	f8d3 3d1c 	ldr.w	r3, [r3, #3356]	@ 0xd1c
100005fc:	0e1b      	lsrs	r3, r3, #24
100005fe:	f88d 3007 	strb.w	r3, [sp, #7]
10000602:	f89d 3007 	ldrb.w	r3, [sp, #7]
10000606:	f89d 3007 	ldrb.w	r3, [sp, #7]
1000060a:	061a      	lsls	r2, r3, #24
1000060c:	d50c      	bpl.n	10000628 <xPortStartSchedulerOnCore.isra.0+0x44>
1000060e:	9b03      	ldr	r3, [sp, #12]
10000610:	3301      	adds	r3, #1
10000612:	9303      	str	r3, [sp, #12]
10000614:	f89d 3007 	ldrb.w	r3, [sp, #7]
10000618:	005b      	lsls	r3, r3, #1
1000061a:	b2db      	uxtb	r3, r3
1000061c:	f88d 3007 	strb.w	r3, [sp, #7]
10000620:	f89d 3007 	ldrb.w	r3, [sp, #7]
10000624:	061b      	lsls	r3, r3, #24
10000626:	d4f2      	bmi.n	1000060e <xPortStartSchedulerOnCore.isra.0+0x2a>
10000628:	9b03      	ldr	r3, [sp, #12]
1000062a:	2b08      	cmp	r3, #8
1000062c:	d040      	beq.n	100006b0 <xPortStartSchedulerOnCore.isra.0+0xcc>
1000062e:	9b03      	ldr	r3, [sp, #12]
10000630:	f1c3 0307 	rsb	r3, r3, #7
10000634:	021b      	lsls	r3, r3, #8
10000636:	f403 63e0 	and.w	r3, r3, #1792	@ 0x700
1000063a:	f04f 4150 	mov.w	r1, #3489660928	@ 0xd0000000
1000063e:	4825      	ldr	r0, [pc, #148]	@ (100006d4 <xPortStartSchedulerOnCore.isra.0+0xf0>)
10000640:	4a25      	ldr	r2, [pc, #148]	@ (100006d8 <xPortStartSchedulerOnCore.isra.0+0xf4>)
10000642:	6003      	str	r3, [r0, #0]
10000644:	7812      	ldrb	r2, [r2, #0]
10000646:	680b      	ldr	r3, [r1, #0]
10000648:	429a      	cmp	r2, r3
1000064a:	d033      	beq.n	100006b4 <xPortStartSchedulerOnCore.isra.0+0xd0>
1000064c:	f04f 23e0 	mov.w	r3, #3758153728	@ 0xe000e000
10000650:	2400      	movs	r4, #0
10000652:	f04f 4550 	mov.w	r5, #3489660928	@ 0xd0000000
10000656:	f8d3 2d20 	ldr.w	r2, [r3, #3360]	@ 0xd20
1000065a:	4920      	ldr	r1, [pc, #128]	@ (100006dc <xPortStartSchedulerOnCore.isra.0+0xf8>)
1000065c:	f442 027f 	orr.w	r2, r2, #16711680	@ 0xff0000
10000660:	f8c3 2d20 	str.w	r2, [r3, #3360]	@ 0xd20
10000664:	200e      	movs	r0, #14
10000666:	f8c3 4d1c 	str.w	r4, [r3, #3356]	@ 0xd1c
1000066a:	f003 feb1 	bl	100043d0 <exception_set_exclusive_handler>
1000066e:	491c      	ldr	r1, [pc, #112]	@ (100006e0 <xPortStartSchedulerOnCore.isra.0+0xfc>)
10000670:	200b      	movs	r0, #11
10000672:	f003 fead 	bl	100043d0 <exception_set_exclusive_handler>
10000676:	682a      	ldr	r2, [r5, #0]
10000678:	4b1a      	ldr	r3, [pc, #104]	@ (100006e4 <xPortStartSchedulerOnCore.isra.0+0x100>)
1000067a:	21ff      	movs	r1, #255	@ 0xff
1000067c:	201a      	movs	r0, #26
1000067e:	f843 4022 	str.w	r4, [r3, r2, lsl #2]
10000682:	f003 fa11 	bl	10003aa8 <irq_set_priority>
10000686:	201a      	movs	r0, #26
10000688:	4917      	ldr	r1, [pc, #92]	@ (100006e8 <xPortStartSchedulerOnCore.isra.0+0x104>)
1000068a:	f003 f8df 	bl	1000384c <irq_set_exclusive_handler>
1000068e:	2101      	movs	r1, #1
10000690:	201a      	movs	r0, #26
10000692:	f003 f8b5 	bl	10003800 <irq_set_enabled>
10000696:	f000 f9cf 	bl	10000a38 <vStartFirstTask>
1000069a:	6828      	ldr	r0, [r5, #0]
1000069c:	f001 fd12 	bl	100020c4 <vTaskSwitchContext>
100006a0:	9402      	str	r4, [sp, #8]
100006a2:	f000 f9d1 	bl	10000a48 <ulSetInterruptMask>
100006a6:	9b02      	ldr	r3, [sp, #8]
100006a8:	2b00      	cmp	r3, #0
100006aa:	d0fc      	beq.n	100006a6 <xPortStartSchedulerOnCore.isra.0+0xc2>
100006ac:	b005      	add	sp, #20
100006ae:	bd30      	pop	{r4, r5, pc}
100006b0:	2300      	movs	r3, #0
100006b2:	e7c2      	b.n	1000063a <xPortStartSchedulerOnCore.isra.0+0x56>
100006b4:	f7ff ff80 	bl	100005b8 <vPortSetupTimerInterrupt>
100006b8:	f04f 22e0 	mov.w	r2, #3758153728	@ 0xe000e000
100006bc:	f8d2 3d20 	ldr.w	r3, [r2, #3360]	@ 0xd20
100006c0:	490a      	ldr	r1, [pc, #40]	@ (100006ec <xPortStartSchedulerOnCore.isra.0+0x108>)
100006c2:	f043 437f 	orr.w	r3, r3, #4278190080	@ 0xff000000
100006c6:	f8c2 3d20 	str.w	r3, [r2, #3360]	@ 0xd20
100006ca:	200f      	movs	r0, #15
100006cc:	f003 fe80 	bl	100043d0 <exception_set_exclusive_handler>
100006d0:	e7bc      	b.n	1000064c <xPortStartSchedulerOnCore.isra.0+0x68>
100006d2:	bf00      	nop
100006d4:	20020b50 	.word	0x20020b50
100006d8:	20000599 	.word	0x20000599
100006dc:	10000a71 	.word	0x10000a71
100006e0:	10000b09 	.word	0x10000b09
100006e4:	20020b48 	.word	0x20020b48
100006e8:	1000054d 	.word	0x1000054d
100006ec:	10000595 	.word	0x10000595

100006f0 <prvDisableInterruptsAndPortStartSchedulerOnCore>:
100006f0:	b508      	push	{r3, lr}
100006f2:	f000 f9a9 	bl	10000a48 <ulSetInterruptMask>
100006f6:	e8bd 4008 	ldmia.w	sp!, {r3, lr}
100006fa:	f7ff bf73 	b.w	100005e4 <xPortStartSchedulerOnCore.isra.0>
100006fe:	bf00      	nop

10000700 <vPortYield>:
10000700:	f04f 23e0 	mov.w	r3, #3758153728	@ 0xe000e000
10000704:	f04f 5280 	mov.w	r2, #268435456	@ 0x10000000
10000708:	f8c3 2d04 	str.w	r2, [r3, #3332]	@ 0xd04
1000070c:	f3bf 8f4f 	dsb	sy
10000710:	f3bf 8f6f 	isb	sy
10000714:	4770      	bx	lr
10000716:	bf00      	nop

10000718 <vPortSVCHandler_C>:
10000718:	6983      	ldr	r3, [r0, #24]
1000071a:	f813 3c02 	ldrb.w	r3, [r3, #-2]
1000071e:	2b66      	cmp	r3, #102	@ 0x66
10000720:	d000      	beq.n	10000724 <vPortSVCHandler_C+0xc>
10000722:	4770      	bx	lr
10000724:	f04f 23e0 	mov.w	r3, #3758153728	@ 0xe000e000
10000728:	f8d3 2d88 	ldr.w	r2, [r3, #3464]	@ 0xd88
1000072c:	f442 0270 	orr.w	r2, r2, #15728640	@ 0xf00000
10000730:	f8c3 2d88 	str.w	r2, [r3, #3464]	@ 0xd88
10000734:	f8d3 2f34 	ldr.w	r2, [r3, #3892]	@ 0xf34
10000738:	f042 4240 	orr.w	r2, r2, #3221225472	@ 0xc0000000
1000073c:	f8c3 2f34 	str.w	r2, [r3, #3892]	@ 0xf34
10000740:	f000 b95e 	b.w	10000a00 <vRestoreContextOfFirstTask>

10000744 <pxPortInitialiseStack>:
10000744:	e92d 4ff0 	stmdb	sp!, {r4, r5, r6, r7, r8, r9, sl, fp, lr}
10000748:	f04f 3e11 	mov.w	lr, #286331153	@ 0x11111111
1000074c:	f04f 7480 	mov.w	r4, #16777216	@ 0x1000000
10000750:	e940 e309 	strd	lr, r3, [r0, #-36]	@ 0x24
10000754:	f04f 3307 	mov.w	r3, #117901063	@ 0x7070707
10000758:	f840 4c04 	str.w	r4, [r0, #-4]
1000075c:	4c16      	ldr	r4, [pc, #88]	@ (100007b8 <pxPortInitialiseStack+0x74>)
1000075e:	f840 3c34 	str.w	r3, [r0, #-52]
10000762:	e940 4203 	strd	r4, r2, [r0, #-12]
10000766:	f04f 3305 	mov.w	r3, #84215045	@ 0x5050505
1000076a:	f04f 3206 	mov.w	r2, #101058054	@ 0x6060606
1000076e:	f04f 3b12 	mov.w	fp, #303174162	@ 0x12121212
10000772:	e940 320f 	strd	r3, r2, [r0, #-60]	@ 0x3c
10000776:	f04f 3a03 	mov.w	sl, #50529027	@ 0x3030303
1000077a:	f04f 3902 	mov.w	r9, #33686018	@ 0x2020202
1000077e:	f04f 3801 	mov.w	r8, #16843009	@ 0x1010101
10000782:	f04f 3710 	mov.w	r7, #269488144	@ 0x10101010
10000786:	f04f 3609 	mov.w	r6, #151587081	@ 0x9090909
1000078a:	f04f 3508 	mov.w	r5, #134744072	@ 0x8080808
1000078e:	f04f 3404 	mov.w	r4, #67372036	@ 0x4040404
10000792:	f06f 0302 	mvn.w	r3, #2
10000796:	e940 ab05 	strd	sl, fp, [r0, #-20]
1000079a:	e940 8907 	strd	r8, r9, [r0, #-28]
1000079e:	e940 670b 	strd	r6, r7, [r0, #-44]	@ 0x2c
100007a2:	f840 5c30 	str.w	r5, [r0, #-48]
100007a6:	f840 4c40 	str.w	r4, [r0, #-64]
100007aa:	f840 3c44 	str.w	r3, [r0, #-68]
100007ae:	f840 1d48 	str.w	r1, [r0, #-72]!
100007b2:	e8bd 8ff0 	ldmia.w	sp!, {r4, r5, r6, r7, r8, r9, sl, fp, pc}
100007b6:	bf00      	nop
100007b8:	1000057d 	.word	0x1000057d

100007bc <xPortStartScheduler>:
100007bc:	b570      	push	{r4, r5, r6, lr}
100007be:	200e      	movs	r0, #14
100007c0:	f002 ff9e 	bl	10003700 <spin_lock_claim>
100007c4:	200f      	movs	r0, #15
100007c6:	f002 ff9b 	bl	10003700 <spin_lock_claim>
100007ca:	2101      	movs	r1, #1
100007cc:	2003      	movs	r0, #3
100007ce:	f003 fe97 	bl	10004500 <multicore_doorbell_claim_unused>
100007d2:	4602      	mov	r2, r0
100007d4:	2301      	movs	r3, #1
100007d6:	f04f 4150 	mov.w	r1, #3489660928	@ 0xd0000000
100007da:	2400      	movs	r4, #0
100007dc:	b252      	sxtb	r2, r2
100007de:	4e08      	ldr	r6, [pc, #32]	@ (10000800 <xPortStartScheduler+0x44>)
100007e0:	4093      	lsls	r3, r2
100007e2:	4d08      	ldr	r5, [pc, #32]	@ (10000804 <xPortStartScheduler+0x48>)
100007e4:	7032      	strb	r2, [r6, #0]
100007e6:	4808      	ldr	r0, [pc, #32]	@ (10000808 <xPortStartScheduler+0x4c>)
100007e8:	f8c1 318c 	str.w	r3, [r1, #396]	@ 0x18c
100007ec:	f8c1 3184 	str.w	r3, [r1, #388]	@ 0x184
100007f0:	702c      	strb	r4, [r5, #0]
100007f2:	f003 fe61 	bl	100044b8 <multicore_launch_core1>
100007f6:	f7ff fef5 	bl	100005e4 <xPortStartSchedulerOnCore.isra.0>
100007fa:	4620      	mov	r0, r4
100007fc:	bd70      	pop	{r4, r5, r6, pc}
100007fe:	bf00      	nop
10000800:	20000598 	.word	0x20000598
10000804:	20000599 	.word	0x20000599
10000808:	100006f1 	.word	0x100006f1

1000080c <vPortValidateInterruptPriority>:
1000080c:	f3ef 8305 	mrs	r3, IPSR
10000810:	2b0f      	cmp	r3, #15
10000812:	bf84      	itt	hi
10000814:	4a01      	ldrhi	r2, [pc, #4]	@ (1000081c <vPortValidateInterruptPriority+0x10>)
10000816:	5c9b      	ldrbhi	r3, [r3, r2]
10000818:	4770      	bx	lr
1000081a:	bf00      	nop
1000081c:	e000e3f0 	.word	0xe000e3f0

10000820 <ulPortLockGetCurrentOwnerId>:
10000820:	4b09      	ldr	r3, [pc, #36]	@ (10000848 <ulPortLockGetCurrentOwnerId+0x28>)
10000822:	781b      	ldrb	r3, [r3, #0]
10000824:	2bff      	cmp	r3, #255	@ 0xff
10000826:	d00b      	beq.n	10000840 <ulPortLockGetCurrentOwnerId+0x20>
10000828:	f3ef 8305 	mrs	r3, IPSR
1000082c:	b2db      	uxtb	r3, r3
1000082e:	b12b      	cbz	r3, 1000083c <ulPortLockGetCurrentOwnerId+0x1c>
10000830:	f04f 4250 	mov.w	r2, #3489660928	@ 0xd0000000
10000834:	6810      	ldr	r0, [r2, #0]
10000836:	eb00 0043 	add.w	r0, r0, r3, lsl #1
1000083a:	4770      	bx	lr
1000083c:	f001 befc 	b.w	10002638 <xTaskGetCurrentTaskHandle>
10000840:	f04f 4350 	mov.w	r3, #3489660928	@ 0xd0000000
10000844:	6818      	ldr	r0, [r3, #0]
10000846:	4770      	bx	lr
10000848:	20000599 	.word	0x20000599

1000084c <vPortLockInternalSpinUnlockWithNotify>:
1000084c:	b510      	push	{r4, lr}
1000084e:	4b20      	ldr	r3, [pc, #128]	@ (100008d0 <vPortLockInternalSpinUnlockWithNotify+0x84>)
10000850:	468e      	mov	lr, r1
10000852:	781b      	ldrb	r3, [r3, #0]
10000854:	6802      	ldr	r2, [r0, #0]
10000856:	2bff      	cmp	r3, #255	@ 0xff
10000858:	b082      	sub	sp, #8
1000085a:	d02f      	beq.n	100008bc <vPortLockInternalSpinUnlockWithNotify+0x70>
1000085c:	f04f 0c01 	mov.w	ip, #1
10000860:	4b1c      	ldr	r3, [pc, #112]	@ (100008d4 <vPortLockInternalSpinUnlockWithNotify+0x88>)
10000862:	1ad2      	subs	r2, r2, r3
10000864:	4b1c      	ldr	r3, [pc, #112]	@ (100008d8 <vPortLockInternalSpinUnlockWithNotify+0x8c>)
10000866:	fba3 1302 	umull	r1, r3, r3, r2
1000086a:	091b      	lsrs	r3, r3, #4
1000086c:	eb03 0343 	add.w	r3, r3, r3, lsl #1
10000870:	eba2 02c3 	sub.w	r2, r2, r3, lsl #3
10000874:	fa0c f102 	lsl.w	r1, ip, r2
10000878:	bf40      	sev
1000087a:	2400      	movs	r4, #0
1000087c:	6803      	ldr	r3, [r0, #0]
1000087e:	e8c3 4f8f 	stlb	r4, [r3]
10000882:	f38e 8810 	msr	PRIMASK, lr
10000886:	f3ef 8305 	mrs	r3, IPSR
1000088a:	b2db      	uxtb	r3, r3
1000088c:	b933      	cbnz	r3, 1000089c <vPortLockInternalSpinUnlockWithNotify+0x50>
1000088e:	4b13      	ldr	r3, [pc, #76]	@ (100008dc <vPortLockInternalSpinUnlockWithNotify+0x90>)
10000890:	6818      	ldr	r0, [r3, #0]
10000892:	b002      	add	sp, #8
10000894:	e8bd 4010 	ldmia.w	sp!, {r4, lr}
10000898:	f000 b9dc 	b.w	10000c54 <xEventGroupSetBits>
1000089c:	4b0f      	ldr	r3, [pc, #60]	@ (100008dc <vPortLockInternalSpinUnlockWithNotify+0x90>)
1000089e:	aa01      	add	r2, sp, #4
100008a0:	6818      	ldr	r0, [r3, #0]
100008a2:	9401      	str	r4, [sp, #4]
100008a4:	f000 fa0a 	bl	10000cbc <xEventGroupSetBitsFromISR>
100008a8:	9b01      	ldr	r3, [sp, #4]
100008aa:	b12b      	cbz	r3, 100008b8 <vPortLockInternalSpinUnlockWithNotify+0x6c>
100008ac:	f04f 23e0 	mov.w	r3, #3758153728	@ 0xe000e000
100008b0:	f04f 5280 	mov.w	r2, #268435456	@ 0x10000000
100008b4:	f8c3 2d04 	str.w	r2, [r3, #3332]	@ 0xd04
100008b8:	b002      	add	sp, #8
100008ba:	bd10      	pop	{r4, pc}
100008bc:	bf40      	sev
100008be:	2300      	movs	r3, #0
100008c0:	6802      	ldr	r2, [r0, #0]
100008c2:	e8c2 3f8f 	stlb	r3, [r2]
100008c6:	f381 8810 	msr	PRIMASK, r1
100008ca:	b002      	add	sp, #8
100008cc:	bd10      	pop	{r4, pc}
100008ce:	bf00      	nop
100008d0:	20000599 	.word	0x20000599
100008d4:	2000080c 	.word	0x2000080c
100008d8:	aaaaaaab 	.word	0xaaaaaaab
100008dc:	20020bb8 	.word	0x20020bb8

100008e0 <xPortLockInternalSpinUnlockWithBestEffortWaitOrTimeout>:
100008e0:	b5f0      	push	{r4, r5, r6, r7, lr}
100008e2:	4c35      	ldr	r4, [pc, #212]	@ (100009b8 <xPortLockInternalSpinUnlockWithBestEffortWaitOrTimeout+0xd8>)
100008e4:	4606      	mov	r6, r0
100008e6:	f894 c000 	ldrb.w	ip, [r4]
100008ea:	460f      	mov	r7, r1
100008ec:	f1bc 0fff 	cmp.w	ip, #255	@ 0xff
100008f0:	4614      	mov	r4, r2
100008f2:	461d      	mov	r5, r3
100008f4:	b083      	sub	sp, #12
100008f6:	d04e      	beq.n	10000996 <xPortLockInternalSpinUnlockWithBestEffortWaitOrTimeout+0xb6>
100008f8:	f003 fca6 	bl	10004248 <time_us_64>
100008fc:	f240 33e7 	movw	r3, #999	@ 0x3e7
10000900:	ebb4 0c00 	subs.w	ip, r4, r0
10000904:	eb65 0101 	sbc.w	r1, r5, r1
10000908:	eb1c 0003 	adds.w	r0, ip, r3
1000090c:	f141 0100 	adc.w	r1, r1, #0
10000910:	f5b0 7f7a 	cmp.w	r0, #1000	@ 0x3e8
10000914:	f171 0300 	sbcs.w	r3, r1, #0
10000918:	da1c      	bge.n	10000954 <xPortLockInternalSpinUnlockWithBestEffortWaitOrTimeout+0x74>
1000091a:	2300      	movs	r3, #0
1000091c:	6832      	ldr	r2, [r6, #0]
1000091e:	e8c2 3f8f 	stlb	r3, [r2]
10000922:	f387 8810 	msr	PRIMASK, r7
10000926:	4b25      	ldr	r3, [pc, #148]	@ (100009bc <xPortLockInternalSpinUnlockWithBestEffortWaitOrTimeout+0xdc>)
10000928:	6a5a      	ldr	r2, [r3, #36]	@ 0x24
1000092a:	4295      	cmp	r5, r2
1000092c:	d90c      	bls.n	10000948 <xPortLockInternalSpinUnlockWithBestEffortWaitOrTimeout+0x68>
1000092e:	f04f 23e0 	mov.w	r3, #3758153728	@ 0xe000e000
10000932:	f04f 5280 	mov.w	r2, #268435456	@ 0x10000000
10000936:	f8c3 2d04 	str.w	r2, [r3, #3332]	@ 0xd04
1000093a:	f3bf 8f4f 	dsb	sy
1000093e:	f3bf 8f6f 	isb	sy
10000942:	2000      	movs	r0, #0
10000944:	b003      	add	sp, #12
10000946:	bdf0      	pop	{r4, r5, r6, r7, pc}
10000948:	6a9b      	ldr	r3, [r3, #40]	@ 0x28
1000094a:	42a3      	cmp	r3, r4
1000094c:	d330      	bcc.n	100009b0 <xPortLockInternalSpinUnlockWithBestEffortWaitOrTimeout+0xd0>
1000094e:	2001      	movs	r0, #1
10000950:	b003      	add	sp, #12
10000952:	bdf0      	pop	{r4, r5, r6, r7, pc}
10000954:	f44f 727a 	mov.w	r2, #1000	@ 0x3e8
10000958:	2300      	movs	r3, #0
1000095a:	f004 fb4d 	bl	10004ff8 <____aeabi_ldivmod_veneer>
1000095e:	2800      	cmp	r0, #0
10000960:	d0db      	beq.n	1000091a <xPortLockInternalSpinUnlockWithBestEffortWaitOrTimeout+0x3a>
10000962:	2300      	movs	r3, #0
10000964:	6832      	ldr	r2, [r6, #0]
10000966:	e8c2 3f8f 	stlb	r3, [r2]
1000096a:	f387 8810 	msr	PRIMASK, r7
1000096e:	2201      	movs	r2, #1
10000970:	9000      	str	r0, [sp, #0]
10000972:	6831      	ldr	r1, [r6, #0]
10000974:	4812      	ldr	r0, [pc, #72]	@ (100009c0 <xPortLockInternalSpinUnlockWithBestEffortWaitOrTimeout+0xe0>)
10000976:	1a09      	subs	r1, r1, r0
10000978:	4812      	ldr	r0, [pc, #72]	@ (100009c4 <xPortLockInternalSpinUnlockWithBestEffortWaitOrTimeout+0xe4>)
1000097a:	fba0 6001 	umull	r6, r0, r0, r1
1000097e:	0900      	lsrs	r0, r0, #4
10000980:	eb00 0040 	add.w	r0, r0, r0, lsl #1
10000984:	eba1 01c0 	sub.w	r1, r1, r0, lsl #3
10000988:	480f      	ldr	r0, [pc, #60]	@ (100009c8 <xPortLockInternalSpinUnlockWithBestEffortWaitOrTimeout+0xe8>)
1000098a:	fa02 f101 	lsl.w	r1, r2, r1
1000098e:	6800      	ldr	r0, [r0, #0]
10000990:	f000 f906 	bl	10000ba0 <xEventGroupWaitBits>
10000994:	e7c7      	b.n	10000926 <xPortLockInternalSpinUnlockWithBestEffortWaitOrTimeout+0x46>
10000996:	2300      	movs	r3, #0
10000998:	6802      	ldr	r2, [r0, #0]
1000099a:	e8c2 3f8f 	stlb	r3, [r2]
1000099e:	f381 8810 	msr	PRIMASK, r1
100009a2:	4620      	mov	r0, r4
100009a4:	4629      	mov	r1, r5
100009a6:	b003      	add	sp, #12
100009a8:	e8bd 40f0 	ldmia.w	sp!, {r4, r5, r6, r7, lr}
100009ac:	f003 bbd6 	b.w	1000415c <best_effort_wfe_or_timeout>
100009b0:	4295      	cmp	r5, r2
100009b2:	d0bc      	beq.n	1000092e <xPortLockInternalSpinUnlockWithBestEffortWaitOrTimeout+0x4e>
100009b4:	2001      	movs	r0, #1
100009b6:	e7cb      	b.n	10000950 <xPortLockInternalSpinUnlockWithBestEffortWaitOrTimeout+0x70>
100009b8:	20000599 	.word	0x20000599
100009bc:	400b0000 	.word	0x400b0000
100009c0:	2000080c 	.word	0x2000080c
100009c4:	aaaaaaab 	.word	0xaaaaaaab
100009c8:	20020bb8 	.word	0x20020bb8

100009cc <prvRuntimeInitializer>:
100009cc:	b508      	push	{r3, lr}
100009ce:	f000 f8d9 	bl	10000b84 <xEventGroupCreate>
100009d2:	4b01      	ldr	r3, [pc, #4]	@ (100009d8 <prvRuntimeInitializer+0xc>)
100009d4:	6018      	str	r0, [r3, #0]
100009d6:	bd08      	pop	{r3, pc}
100009d8:	20020bb8 	.word	0x20020bb8

100009dc <vYieldCore>:
100009dc:	2301      	movs	r3, #1
100009de:	f04f 4250 	mov.w	r2, #3489660928	@ 0xd0000000
100009e2:	4903      	ldr	r1, [pc, #12]	@ (100009f0 <vYieldCore+0x14>)
100009e4:	f991 1000 	ldrsb.w	r1, [r1]
100009e8:	408b      	lsls	r3, r1
100009ea:	f8c2 3180 	str.w	r3, [r2, #384]	@ 0x180
100009ee:	4770      	bx	lr
100009f0:	20000598 	.word	0x20000598
	...

10000a00 <vRestoreContextOfFirstTask>:
10000a00:	a10b      	add	r1, pc, #44	@ (adr r1, 10000a30 <ulAsmLocals>)
10000a02:	c90c      	ldmia	r1!, {r2, r3}
10000a04:	6812      	ldr	r2, [r2, #0]
10000a06:	f853 1022 	ldr.w	r1, [r3, r2, lsl #2]
10000a0a:	6808      	ldr	r0, [r1, #0]
10000a0c:	c806      	ldmia	r0!, {r1, r2}
10000a0e:	f381 880b 	msr	PSPLIM, r1
10000a12:	2102      	movs	r1, #2
10000a14:	f381 8814 	msr	CONTROL, r1
10000a18:	3020      	adds	r0, #32
10000a1a:	f380 8809 	msr	PSP, r0
10000a1e:	f3bf 8f6f 	isb	sy
10000a22:	f04f 0000 	mov.w	r0, #0
10000a26:	f380 8811 	msr	BASEPRI, r0
10000a2a:	4710      	bx	r2
10000a2c:	f3af 8000 	nop.w

10000a30 <ulAsmLocals>:
10000a30:	d0000000 	.word	0xd0000000
10000a34:	20000898 	.word	0x20000898

10000a38 <vStartFirstTask>:
10000a38:	b662      	cpsie	i
10000a3a:	b661      	cpsie	f
10000a3c:	f3bf 8f4f 	dsb	sy
10000a40:	f3bf 8f6f 	isb	sy
10000a44:	df66      	svc	102	@ 0x66
10000a46:	bf00      	nop

10000a48 <ulSetInterruptMask>:
10000a48:	f3ef 8011 	mrs	r0, BASEPRI
10000a4c:	f04f 0110 	mov.w	r1, #16
10000a50:	f381 8811 	msr	BASEPRI, r1
10000a54:	f3bf 8f4f 	dsb	sy
10000a58:	f3bf 8f6f 	isb	sy
10000a5c:	4770      	bx	lr
10000a5e:	bf00      	nop

10000a60 <vClearInterruptMask>:
10000a60:	f380 8811 	msr	BASEPRI, r0
10000a64:	f3bf 8f4f 	dsb	sy
10000a68:	f3bf 8f6f 	isb	sy
10000a6c:	4770      	bx	lr
10000a6e:	bf00      	nop

10000a70 <PendSV_Handler>:
10000a70:	f3ef 8109 	mrs	r1, PSP
10000a74:	f01e 0f10 	tst.w	lr, #16
10000a78:	bf08      	it	eq
10000a7a:	ed21 8a10 	vstmdbeq	r1!, {s16-s31}
10000a7e:	f3ef 820b 	mrs	r2, PSPLIM
10000a82:	4673      	mov	r3, lr
10000a84:	e921 0ffc 	stmdb	r1!, {r2, r3, r4, r5, r6, r7, r8, r9, sl, fp}
10000a88:	fc55 4408 	dcp_pxmd r4, r5
10000a8c:	fc57 6409 	dcp_pymd r6, r7
10000a90:	fc59 840a 	dcp_pefd r8, r9
10000a94:	e901 03f0 	stmdb	r1, {r4, r5, r6, r7, r8, r9}
10000a98:	a019      	add	r0, pc, #100	@ (adr r0, 10000b00 <ulAsmLocals2>)
10000a9a:	c80c      	ldmia	r0!, {r2, r3}
10000a9c:	6810      	ldr	r0, [r2, #0]
10000a9e:	f853 3020 	ldr.w	r3, [r3, r0, lsl #2]
10000aa2:	6019      	str	r1, [r3, #0]
10000aa4:	f04f 0110 	mov.w	r1, #16
10000aa8:	f381 8811 	msr	BASEPRI, r1
10000aac:	f3bf 8f4f 	dsb	sy
10000ab0:	f3bf 8f6f 	isb	sy
10000ab4:	f001 fb06 	bl	100020c4 <vTaskSwitchContext>
10000ab8:	f04f 0000 	mov.w	r0, #0
10000abc:	f380 8811 	msr	BASEPRI, r0
10000ac0:	a10f      	add	r1, pc, #60	@ (adr r1, 10000b00 <ulAsmLocals2>)
10000ac2:	c90c      	ldmia	r1!, {r2, r3}
10000ac4:	6812      	ldr	r2, [r2, #0]
10000ac6:	f853 1022 	ldr.w	r1, [r3, r2, lsl #2]
10000aca:	6808      	ldr	r0, [r1, #0]
10000acc:	3818      	subs	r0, #24
10000ace:	e8b0 03f0 	ldmia.w	r0!, {r4, r5, r6, r7, r8, r9}
10000ad2:	ec45 4400 	dcp_wxmd r4, r5
10000ad6:	ec47 6401 	dcp_wymd r6, r7
10000ada:	ec49 8402 	dcp_wefd r8, r9
10000ade:	e8b0 0ffc 	ldmia.w	r0!, {r2, r3, r4, r5, r6, r7, r8, r9, sl, fp}
10000ae2:	f013 0f10 	tst.w	r3, #16
10000ae6:	bf08      	it	eq
10000ae8:	ecb0 8a10 	vldmiaeq	r0!, {s16-s31}
10000aec:	f382 880b 	msr	PSPLIM, r2
10000af0:	f380 8809 	msr	PSP, r0
10000af4:	4718      	bx	r3
10000af6:	bf00      	nop
10000af8:	f3af 8000 	nop.w
10000afc:	f3af 8000 	nop.w

10000b00 <ulAsmLocals2>:
10000b00:	d0000000 	.word	0xd0000000
10000b04:	20000898 	.word	0x20000898

10000b08 <SVC_Handler>:
10000b08:	f01e 0f04 	tst.w	lr, #4
10000b0c:	bf0c      	ite	eq
10000b0e:	f3ef 8008 	mrseq	r0, MSP
10000b12:	f3ef 8009 	mrsne	r0, PSP
10000b16:	4901      	ldr	r1, [pc, #4]	@ (10000b1c <SVC_Handler+0x14>)
10000b18:	4708      	bx	r1
10000b1a:	0000      	.short	0x0000
10000b1c:	10000719 	.word	0x10000719

10000b20 <vEventGroupSetBitsCallback>:
10000b20:	e92d 41f0 	stmdb	sp!, {r4, r5, r6, r7, r8, lr}
10000b24:	4606      	mov	r6, r0
10000b26:	460d      	mov	r5, r1
10000b28:	f001 f984 	bl	10001e34 <vTaskSuspendAll>
10000b2c:	6833      	ldr	r3, [r6, #0]
10000b2e:	6934      	ldr	r4, [r6, #16]
10000b30:	f106 070c 	add.w	r7, r6, #12
10000b34:	432b      	orrs	r3, r5
10000b36:	42a7      	cmp	r7, r4
10000b38:	6033      	str	r3, [r6, #0]
10000b3a:	d01e      	beq.n	10000b7a <vEventGroupSetBitsCallback+0x5a>
10000b3c:	f04f 0800 	mov.w	r8, #0
10000b40:	e00a      	b.n	10000b58 <vEventGroupSetBitsCallback+0x38>
10000b42:	421d      	tst	r5, r3
10000b44:	d006      	beq.n	10000b54 <vEventGroupSetBitsCallback+0x34>
10000b46:	01d3      	lsls	r3, r2, #7
10000b48:	bf48      	it	mi
10000b4a:	ea48 0805 	orrmi.w	r8, r8, r5
10000b4e:	f002 f975 	bl	10002e3c <vTaskRemoveFromUnorderedEventList>
10000b52:	6833      	ldr	r3, [r6, #0]
10000b54:	42a7      	cmp	r7, r4
10000b56:	d00e      	beq.n	10000b76 <vEventGroupSetBitsCallback+0x56>
10000b58:	4620      	mov	r0, r4
10000b5a:	6802      	ldr	r2, [r0, #0]
10000b5c:	6864      	ldr	r4, [r4, #4]
10000b5e:	f012 6f80 	tst.w	r2, #67108864	@ 0x4000000
10000b62:	f043 7100 	orr.w	r1, r3, #33554432	@ 0x2000000
10000b66:	f022 457f 	bic.w	r5, r2, #4278190080	@ 0xff000000
10000b6a:	d0ea      	beq.n	10000b42 <vEventGroupSetBitsCallback+0x22>
10000b6c:	ea35 0c03 	bics.w	ip, r5, r3
10000b70:	d0e9      	beq.n	10000b46 <vEventGroupSetBitsCallback+0x26>
10000b72:	42a7      	cmp	r7, r4
10000b74:	d1f0      	bne.n	10000b58 <vEventGroupSetBitsCallback+0x38>
10000b76:	ea23 0308 	bic.w	r3, r3, r8
10000b7a:	6033      	str	r3, [r6, #0]
10000b7c:	e8bd 41f0 	ldmia.w	sp!, {r4, r5, r6, r7, r8, lr}
10000b80:	f002 b920 	b.w	10002dc4 <xTaskResumeAll>

10000b84 <xEventGroupCreate>:
10000b84:	b510      	push	{r4, lr}
10000b86:	201c      	movs	r0, #28
10000b88:	f7ff fc06 	bl	10000398 <pvPortMalloc>
10000b8c:	4604      	mov	r4, r0
10000b8e:	b120      	cbz	r0, 10000b9a <xEventGroupCreate+0x16>
10000b90:	2300      	movs	r3, #0
10000b92:	f840 3b04 	str.w	r3, [r0], #4
10000b96:	f000 f89f 	bl	10000cd8 <vListInitialise>
10000b9a:	4620      	mov	r0, r4
10000b9c:	bd10      	pop	{r4, pc}
10000b9e:	bf00      	nop

10000ba0 <xEventGroupWaitBits>:
10000ba0:	e92d 41f0 	stmdb	sp!, {r4, r5, r6, r7, r8, lr}
10000ba4:	4606      	mov	r6, r0
10000ba6:	461f      	mov	r7, r3
10000ba8:	460d      	mov	r5, r1
10000baa:	4690      	mov	r8, r2
10000bac:	f001 f942 	bl	10001e34 <vTaskSuspendAll>
10000bb0:	6834      	ldr	r4, [r6, #0]
10000bb2:	b99f      	cbnz	r7, 10000bdc <xEventGroupWaitBits+0x3c>
10000bb4:	422c      	tst	r4, r5
10000bb6:	d00a      	beq.n	10000bce <xEventGroupWaitBits+0x2e>
10000bb8:	f1b8 0f00 	cmp.w	r8, #0
10000bbc:	d009      	beq.n	10000bd2 <xEventGroupWaitBits+0x32>
10000bbe:	ea24 0505 	bic.w	r5, r4, r5
10000bc2:	6035      	str	r5, [r6, #0]
10000bc4:	f002 f8fe 	bl	10002dc4 <xTaskResumeAll>
10000bc8:	4620      	mov	r0, r4
10000bca:	e8bd 81f0 	ldmia.w	sp!, {r4, r5, r6, r7, r8, pc}
10000bce:	9b06      	ldr	r3, [sp, #24]
10000bd0:	bb1b      	cbnz	r3, 10000c1a <xEventGroupWaitBits+0x7a>
10000bd2:	f002 f8f7 	bl	10002dc4 <xTaskResumeAll>
10000bd6:	4620      	mov	r0, r4
10000bd8:	e8bd 81f0 	ldmia.w	sp!, {r4, r5, r6, r7, r8, pc}
10000bdc:	ea35 0304 	bics.w	r3, r5, r4
10000be0:	d0ea      	beq.n	10000bb8 <xEventGroupWaitBits+0x18>
10000be2:	9b06      	ldr	r3, [sp, #24]
10000be4:	2b00      	cmp	r3, #0
10000be6:	d0f4      	beq.n	10000bd2 <xEventGroupWaitBits+0x32>
10000be8:	f1b8 0100 	subs.w	r1, r8, #0
10000bec:	bf18      	it	ne
10000bee:	2101      	movne	r1, #1
10000bf0:	461a      	mov	r2, r3
10000bf2:	0609      	lsls	r1, r1, #24
10000bf4:	f041 6180 	orr.w	r1, r1, #67108864	@ 0x4000000
10000bf8:	4329      	orrs	r1, r5
10000bfa:	1d30      	adds	r0, r6, #4
10000bfc:	f001 fc08 	bl	10002410 <vTaskPlaceOnUnorderedEventList>
10000c00:	f002 f8e0 	bl	10002dc4 <xTaskResumeAll>
10000c04:	b1f8      	cbz	r0, 10000c46 <xEventGroupWaitBits+0xa6>
10000c06:	f002 fa7d 	bl	10003104 <uxTaskResetEventItemValue>
10000c0a:	0183      	lsls	r3, r0, #6
10000c0c:	4604      	mov	r4, r0
10000c0e:	d50b      	bpl.n	10000c28 <xEventGroupWaitBits+0x88>
10000c10:	f024 447f 	bic.w	r4, r4, #4278190080	@ 0xff000000
10000c14:	4620      	mov	r0, r4
10000c16:	e8bd 81f0 	ldmia.w	sp!, {r4, r5, r6, r7, r8, pc}
10000c1a:	f1b8 0100 	subs.w	r1, r8, #0
10000c1e:	bf18      	it	ne
10000c20:	2101      	movne	r1, #1
10000c22:	461a      	mov	r2, r3
10000c24:	0609      	lsls	r1, r1, #24
10000c26:	e7e7      	b.n	10000bf8 <xEventGroupWaitBits+0x58>
10000c28:	f001 fe66 	bl	100028f8 <vTaskEnterCritical>
10000c2c:	6834      	ldr	r4, [r6, #0]
10000c2e:	b96f      	cbnz	r7, 10000c4c <xEventGroupWaitBits+0xac>
10000c30:	4225      	tst	r5, r4
10000c32:	d005      	beq.n	10000c40 <xEventGroupWaitBits+0xa0>
10000c34:	f1b8 0f00 	cmp.w	r8, #0
10000c38:	d002      	beq.n	10000c40 <xEventGroupWaitBits+0xa0>
10000c3a:	ea24 0505 	bic.w	r5, r4, r5
10000c3e:	6035      	str	r5, [r6, #0]
10000c40:	f002 f9e2 	bl	10003008 <vTaskExitCritical>
10000c44:	e7e4      	b.n	10000c10 <xEventGroupWaitBits+0x70>
10000c46:	f001 fe45 	bl	100028d4 <vTaskYieldWithinAPI>
10000c4a:	e7dc      	b.n	10000c06 <xEventGroupWaitBits+0x66>
10000c4c:	ea35 0304 	bics.w	r3, r5, r4
10000c50:	d1f6      	bne.n	10000c40 <xEventGroupWaitBits+0xa0>
10000c52:	e7ef      	b.n	10000c34 <xEventGroupWaitBits+0x94>

10000c54 <xEventGroupSetBits>:
10000c54:	e92d 41f0 	stmdb	sp!, {r4, r5, r6, r7, r8, lr}
10000c58:	4606      	mov	r6, r0
10000c5a:	460d      	mov	r5, r1
10000c5c:	f001 f8ea 	bl	10001e34 <vTaskSuspendAll>
10000c60:	6833      	ldr	r3, [r6, #0]
10000c62:	6934      	ldr	r4, [r6, #16]
10000c64:	f106 070c 	add.w	r7, r6, #12
10000c68:	432b      	orrs	r3, r5
10000c6a:	42a7      	cmp	r7, r4
10000c6c:	6033      	str	r3, [r6, #0]
10000c6e:	d01e      	beq.n	10000cae <xEventGroupSetBits+0x5a>
10000c70:	f04f 0800 	mov.w	r8, #0
10000c74:	e00a      	b.n	10000c8c <xEventGroupSetBits+0x38>
10000c76:	421d      	tst	r5, r3
10000c78:	d006      	beq.n	10000c88 <xEventGroupSetBits+0x34>
10000c7a:	01d3      	lsls	r3, r2, #7
10000c7c:	bf48      	it	mi
10000c7e:	ea48 0805 	orrmi.w	r8, r8, r5
10000c82:	f002 f8db 	bl	10002e3c <vTaskRemoveFromUnorderedEventList>
10000c86:	6833      	ldr	r3, [r6, #0]
10000c88:	42a7      	cmp	r7, r4
10000c8a:	d00e      	beq.n	10000caa <xEventGroupSetBits+0x56>
10000c8c:	4620      	mov	r0, r4
10000c8e:	6802      	ldr	r2, [r0, #0]
10000c90:	6864      	ldr	r4, [r4, #4]
10000c92:	f012 6f80 	tst.w	r2, #67108864	@ 0x4000000
10000c96:	f043 7100 	orr.w	r1, r3, #33554432	@ 0x2000000
10000c9a:	f022 457f 	bic.w	r5, r2, #4278190080	@ 0xff000000
10000c9e:	d0ea      	beq.n	10000c76 <xEventGroupSetBits+0x22>
10000ca0:	ea35 0c03 	bics.w	ip, r5, r3
10000ca4:	d0e9      	beq.n	10000c7a <xEventGroupSetBits+0x26>
10000ca6:	42a7      	cmp	r7, r4
10000ca8:	d1f0      	bne.n	10000c8c <xEventGroupSetBits+0x38>
10000caa:	ea23 0308 	bic.w	r3, r3, r8
10000cae:	6033      	str	r3, [r6, #0]
10000cb0:	f002 f888 	bl	10002dc4 <xTaskResumeAll>
10000cb4:	6830      	ldr	r0, [r6, #0]
10000cb6:	e8bd 81f0 	ldmia.w	sp!, {r4, r5, r6, r7, r8, pc}
10000cba:	bf00      	nop

10000cbc <xEventGroupSetBitsFromISR>:
10000cbc:	468c      	mov	ip, r1
10000cbe:	b500      	push	{lr}
10000cc0:	4686      	mov	lr, r0
10000cc2:	4613      	mov	r3, r2
10000cc4:	4671      	mov	r1, lr
10000cc6:	4662      	mov	r2, ip
10000cc8:	4802      	ldr	r0, [pc, #8]	@ (10000cd4 <xEventGroupSetBitsFromISR+0x18>)
10000cca:	f85d eb04 	ldr.w	lr, [sp], #4
10000cce:	f002 bc3d 	b.w	1000354c <xTimerPendFunctionCallFromISR>
10000cd2:	bf00      	nop
10000cd4:	10000b21 	.word	0x10000b21

10000cd8 <vListInitialise>:
10000cd8:	f04f 31ff 	mov.w	r1, #4294967295	@ 0xffffffff
10000cdc:	2200      	movs	r2, #0
10000cde:	f100 0308 	add.w	r3, r0, #8
10000ce2:	e9c0 3101 	strd	r3, r1, [r0, #4]
10000ce6:	60c3      	str	r3, [r0, #12]
10000ce8:	6103      	str	r3, [r0, #16]
10000cea:	6002      	str	r2, [r0, #0]
10000cec:	4770      	bx	lr
10000cee:	bf00      	nop

10000cf0 <vListInitialiseItem>:
10000cf0:	2300      	movs	r3, #0
10000cf2:	6103      	str	r3, [r0, #16]
10000cf4:	4770      	bx	lr
10000cf6:	bf00      	nop

10000cf8 <vListInsertEnd>:
10000cf8:	e9d0 3200 	ldrd	r3, r2, [r0]
10000cfc:	b410      	push	{r4}
10000cfe:	6894      	ldr	r4, [r2, #8]
10000d00:	3301      	adds	r3, #1
10000d02:	e9c1 2401 	strd	r2, r4, [r1, #4]
10000d06:	6061      	str	r1, [r4, #4]
10000d08:	6091      	str	r1, [r2, #8]
10000d0a:	f85d 4b04 	ldr.w	r4, [sp], #4
10000d0e:	6108      	str	r0, [r1, #16]
10000d10:	6003      	str	r3, [r0, #0]
10000d12:	4770      	bx	lr

10000d14 <vListInsert>:
10000d14:	b430      	push	{r4, r5}
10000d16:	680d      	ldr	r5, [r1, #0]
10000d18:	1c6b      	adds	r3, r5, #1
10000d1a:	d010      	beq.n	10000d3e <vListInsert+0x2a>
10000d1c:	f100 0308 	add.w	r3, r0, #8
10000d20:	461c      	mov	r4, r3
10000d22:	685b      	ldr	r3, [r3, #4]
10000d24:	681a      	ldr	r2, [r3, #0]
10000d26:	42aa      	cmp	r2, r5
10000d28:	d9fa      	bls.n	10000d20 <vListInsert+0xc>
10000d2a:	6802      	ldr	r2, [r0, #0]
10000d2c:	604b      	str	r3, [r1, #4]
10000d2e:	3201      	adds	r2, #1
10000d30:	6099      	str	r1, [r3, #8]
10000d32:	608c      	str	r4, [r1, #8]
10000d34:	6061      	str	r1, [r4, #4]
10000d36:	6108      	str	r0, [r1, #16]
10000d38:	bc30      	pop	{r4, r5}
10000d3a:	6002      	str	r2, [r0, #0]
10000d3c:	4770      	bx	lr
10000d3e:	6904      	ldr	r4, [r0, #16]
10000d40:	6863      	ldr	r3, [r4, #4]
10000d42:	e7f2      	b.n	10000d2a <vListInsert+0x16>

10000d44 <uxListRemove>:
10000d44:	4603      	mov	r3, r0
10000d46:	6902      	ldr	r2, [r0, #16]
10000d48:	b410      	push	{r4}
10000d4a:	6854      	ldr	r4, [r2, #4]
10000d4c:	6840      	ldr	r0, [r0, #4]
10000d4e:	6899      	ldr	r1, [r3, #8]
10000d50:	429c      	cmp	r4, r3
10000d52:	6081      	str	r1, [r0, #8]
10000d54:	6048      	str	r0, [r1, #4]
10000d56:	bf08      	it	eq
10000d58:	6051      	streq	r1, [r2, #4]
10000d5a:	2100      	movs	r1, #0
10000d5c:	6810      	ldr	r0, [r2, #0]
10000d5e:	f85d 4b04 	ldr.w	r4, [sp], #4
10000d62:	3801      	subs	r0, #1
10000d64:	6119      	str	r1, [r3, #16]
10000d66:	6010      	str	r0, [r2, #0]
10000d68:	4770      	bx	lr
10000d6a:	bf00      	nop

10000d6c <prvCopyDataToQueue>:
10000d6c:	b570      	push	{r4, r5, r6, lr}
10000d6e:	4615      	mov	r5, r2
10000d70:	6c02      	ldr	r2, [r0, #64]	@ 0x40
10000d72:	4604      	mov	r4, r0
10000d74:	6b86      	ldr	r6, [r0, #56]	@ 0x38
10000d76:	b92a      	cbnz	r2, 10000d84 <prvCopyDataToQueue+0x18>
10000d78:	6805      	ldr	r5, [r0, #0]
10000d7a:	b34d      	cbz	r5, 10000dd0 <prvCopyDataToQueue+0x64>
10000d7c:	2000      	movs	r0, #0
10000d7e:	3601      	adds	r6, #1
10000d80:	63a6      	str	r6, [r4, #56]	@ 0x38
10000d82:	bd70      	pop	{r4, r5, r6, pc}
10000d84:	b97d      	cbnz	r5, 10000da6 <prvCopyDataToQueue+0x3a>
10000d86:	6840      	ldr	r0, [r0, #4]
10000d88:	f004 f836 	bl	10004df8 <memcpy>
10000d8c:	6863      	ldr	r3, [r4, #4]
10000d8e:	6c22      	ldr	r2, [r4, #64]	@ 0x40
10000d90:	4413      	add	r3, r2
10000d92:	68a2      	ldr	r2, [r4, #8]
10000d94:	6063      	str	r3, [r4, #4]
10000d96:	4293      	cmp	r3, r2
10000d98:	d3f0      	bcc.n	10000d7c <prvCopyDataToQueue+0x10>
10000d9a:	6823      	ldr	r3, [r4, #0]
10000d9c:	3601      	adds	r6, #1
10000d9e:	4628      	mov	r0, r5
10000da0:	6063      	str	r3, [r4, #4]
10000da2:	63a6      	str	r6, [r4, #56]	@ 0x38
10000da4:	bd70      	pop	{r4, r5, r6, pc}
10000da6:	68c0      	ldr	r0, [r0, #12]
10000da8:	f004 f826 	bl	10004df8 <memcpy>
10000dac:	6c22      	ldr	r2, [r4, #64]	@ 0x40
10000dae:	68e3      	ldr	r3, [r4, #12]
10000db0:	4251      	negs	r1, r2
10000db2:	1a9b      	subs	r3, r3, r2
10000db4:	6822      	ldr	r2, [r4, #0]
10000db6:	60e3      	str	r3, [r4, #12]
10000db8:	4293      	cmp	r3, r2
10000dba:	d202      	bcs.n	10000dc2 <prvCopyDataToQueue+0x56>
10000dbc:	68a3      	ldr	r3, [r4, #8]
10000dbe:	440b      	add	r3, r1
10000dc0:	60e3      	str	r3, [r4, #12]
10000dc2:	2d02      	cmp	r5, #2
10000dc4:	d1da      	bne.n	10000d7c <prvCopyDataToQueue+0x10>
10000dc6:	2e01      	cmp	r6, #1
10000dc8:	bf38      	it	cc
10000dca:	2601      	movcc	r6, #1
10000dcc:	2000      	movs	r0, #0
10000dce:	e7d7      	b.n	10000d80 <prvCopyDataToQueue+0x14>
10000dd0:	6880      	ldr	r0, [r0, #8]
10000dd2:	f001 fcbd 	bl	10002750 <xTaskPriorityDisinherit>
10000dd6:	3601      	adds	r6, #1
10000dd8:	60a5      	str	r5, [r4, #8]
10000dda:	e7d1      	b.n	10000d80 <prvCopyDataToQueue+0x14>

10000ddc <prvUnlockQueue>:
10000ddc:	e92d 43f0 	stmdb	sp!, {r4, r5, r6, r7, r8, r9, lr}
10000de0:	4606      	mov	r6, r0
10000de2:	b085      	sub	sp, #20
10000de4:	f001 fd88 	bl	100028f8 <vTaskEnterCritical>
10000de8:	f896 3045 	ldrb.w	r3, [r6, #69]	@ 0x45
10000dec:	b25d      	sxtb	r5, r3
10000dee:	2d00      	cmp	r5, #0
10000df0:	dd1c      	ble.n	10000e2c <prvUnlockQueue+0x50>
10000df2:	f106 0724 	add.w	r7, r6, #36	@ 0x24
10000df6:	e008      	b.n	10000e0a <prvUnlockQueue+0x2e>
10000df8:	6ba2      	ldr	r2, [r4, #56]	@ 0x38
10000dfa:	6be3      	ldr	r3, [r4, #60]	@ 0x3c
10000dfc:	9603      	str	r6, [sp, #12]
10000dfe:	429a      	cmp	r2, r3
10000e00:	d33d      	bcc.n	10000e7e <prvUnlockQueue+0xa2>
10000e02:	1e6b      	subs	r3, r5, #1
10000e04:	b2da      	uxtb	r2, r3
10000e06:	b25d      	sxtb	r5, r3
10000e08:	b182      	cbz	r2, 10000e2c <prvUnlockQueue+0x50>
10000e0a:	6cb4      	ldr	r4, [r6, #72]	@ 0x48
10000e0c:	2c00      	cmp	r4, #0
10000e0e:	d1f3      	bne.n	10000df8 <prvUnlockQueue+0x1c>
10000e10:	6a73      	ldr	r3, [r6, #36]	@ 0x24
10000e12:	b15b      	cbz	r3, 10000e2c <prvUnlockQueue+0x50>
10000e14:	4638      	mov	r0, r7
10000e16:	f001 fb99 	bl	1000254c <xTaskRemoveFromEventList>
10000e1a:	2800      	cmp	r0, #0
10000e1c:	d0f1      	beq.n	10000e02 <prvUnlockQueue+0x26>
10000e1e:	f001 fc01 	bl	10002624 <vTaskMissedYield>
10000e22:	1e6b      	subs	r3, r5, #1
10000e24:	b2da      	uxtb	r2, r3
10000e26:	b25d      	sxtb	r5, r3
10000e28:	2a00      	cmp	r2, #0
10000e2a:	d1ee      	bne.n	10000e0a <prvUnlockQueue+0x2e>
10000e2c:	23ff      	movs	r3, #255	@ 0xff
10000e2e:	f886 3045 	strb.w	r3, [r6, #69]	@ 0x45
10000e32:	f002 f8e9 	bl	10003008 <vTaskExitCritical>
10000e36:	f001 fd5f 	bl	100028f8 <vTaskEnterCritical>
10000e3a:	f896 3044 	ldrb.w	r3, [r6, #68]	@ 0x44
10000e3e:	b25c      	sxtb	r4, r3
10000e40:	2c00      	cmp	r4, #0
10000e42:	dd14      	ble.n	10000e6e <prvUnlockQueue+0x92>
10000e44:	f106 0510 	add.w	r5, r6, #16
10000e48:	e003      	b.n	10000e52 <prvUnlockQueue+0x76>
10000e4a:	1e63      	subs	r3, r4, #1
10000e4c:	b2da      	uxtb	r2, r3
10000e4e:	b25c      	sxtb	r4, r3
10000e50:	b16a      	cbz	r2, 10000e6e <prvUnlockQueue+0x92>
10000e52:	6933      	ldr	r3, [r6, #16]
10000e54:	b15b      	cbz	r3, 10000e6e <prvUnlockQueue+0x92>
10000e56:	4628      	mov	r0, r5
10000e58:	f001 fb78 	bl	1000254c <xTaskRemoveFromEventList>
10000e5c:	2800      	cmp	r0, #0
10000e5e:	d0f4      	beq.n	10000e4a <prvUnlockQueue+0x6e>
10000e60:	f001 fbe0 	bl	10002624 <vTaskMissedYield>
10000e64:	1e63      	subs	r3, r4, #1
10000e66:	b2da      	uxtb	r2, r3
10000e68:	b25c      	sxtb	r4, r3
10000e6a:	2a00      	cmp	r2, #0
10000e6c:	d1f1      	bne.n	10000e52 <prvUnlockQueue+0x76>
10000e6e:	23ff      	movs	r3, #255	@ 0xff
10000e70:	f886 3044 	strb.w	r3, [r6, #68]	@ 0x44
10000e74:	b005      	add	sp, #20
10000e76:	e8bd 43f0 	ldmia.w	sp!, {r4, r5, r6, r7, r8, r9, lr}
10000e7a:	f002 b8c5 	b.w	10003008 <vTaskExitCritical>
10000e7e:	f894 8045 	ldrb.w	r8, [r4, #69]	@ 0x45
10000e82:	6c22      	ldr	r2, [r4, #64]	@ 0x40
10000e84:	f8d4 9038 	ldr.w	r9, [r4, #56]	@ 0x38
10000e88:	fa4f f888 	sxtb.w	r8, r8
10000e8c:	b9a2      	cbnz	r2, 10000eb8 <prvUnlockQueue+0xdc>
10000e8e:	6823      	ldr	r3, [r4, #0]
10000e90:	2b00      	cmp	r3, #0
10000e92:	d02f      	beq.n	10000ef4 <prvUnlockQueue+0x118>
10000e94:	f109 0301 	add.w	r3, r9, #1
10000e98:	f1b8 3fff 	cmp.w	r8, #4294967295	@ 0xffffffff
10000e9c:	63a3      	str	r3, [r4, #56]	@ 0x38
10000e9e:	d11e      	bne.n	10000ede <prvUnlockQueue+0x102>
10000ea0:	6a63      	ldr	r3, [r4, #36]	@ 0x24
10000ea2:	2b00      	cmp	r3, #0
10000ea4:	d0ad      	beq.n	10000e02 <prvUnlockQueue+0x26>
10000ea6:	f104 0024 	add.w	r0, r4, #36	@ 0x24
10000eaa:	f001 fb4f 	bl	1000254c <xTaskRemoveFromEventList>
10000eae:	2800      	cmp	r0, #0
10000eb0:	d0a7      	beq.n	10000e02 <prvUnlockQueue+0x26>
10000eb2:	f001 fbb7 	bl	10002624 <vTaskMissedYield>
10000eb6:	e7b4      	b.n	10000e22 <prvUnlockQueue+0x46>
10000eb8:	6860      	ldr	r0, [r4, #4]
10000eba:	a903      	add	r1, sp, #12
10000ebc:	f003 ff9c 	bl	10004df8 <memcpy>
10000ec0:	6863      	ldr	r3, [r4, #4]
10000ec2:	6c22      	ldr	r2, [r4, #64]	@ 0x40
10000ec4:	4413      	add	r3, r2
10000ec6:	68a2      	ldr	r2, [r4, #8]
10000ec8:	6063      	str	r3, [r4, #4]
10000eca:	4293      	cmp	r3, r2
10000ecc:	f109 0301 	add.w	r3, r9, #1
10000ed0:	63a3      	str	r3, [r4, #56]	@ 0x38
10000ed2:	bf24      	itt	cs
10000ed4:	6823      	ldrcs	r3, [r4, #0]
10000ed6:	6063      	strcs	r3, [r4, #4]
10000ed8:	f1b8 3fff 	cmp.w	r8, #4294967295	@ 0xffffffff
10000edc:	d0e0      	beq.n	10000ea0 <prvUnlockQueue+0xc4>
10000ede:	f000 ffb7 	bl	10001e50 <uxTaskGetNumberOfTasks>
10000ee2:	4540      	cmp	r0, r8
10000ee4:	d98d      	bls.n	10000e02 <prvUnlockQueue+0x26>
10000ee6:	f108 0801 	add.w	r8, r8, #1
10000eea:	fa4f f888 	sxtb.w	r8, r8
10000eee:	f884 8045 	strb.w	r8, [r4, #69]	@ 0x45
10000ef2:	e786      	b.n	10000e02 <prvUnlockQueue+0x26>
10000ef4:	68a0      	ldr	r0, [r4, #8]
10000ef6:	9301      	str	r3, [sp, #4]
10000ef8:	f001 fc2a 	bl	10002750 <xTaskPriorityDisinherit>
10000efc:	9b01      	ldr	r3, [sp, #4]
10000efe:	f1b8 3fff 	cmp.w	r8, #4294967295	@ 0xffffffff
10000f02:	60a3      	str	r3, [r4, #8]
10000f04:	f109 0301 	add.w	r3, r9, #1
10000f08:	63a3      	str	r3, [r4, #56]	@ 0x38
10000f0a:	4681      	mov	r9, r0
10000f0c:	d108      	bne.n	10000f20 <prvUnlockQueue+0x144>
10000f0e:	6a63      	ldr	r3, [r4, #36]	@ 0x24
10000f10:	b99b      	cbnz	r3, 10000f3a <prvUnlockQueue+0x15e>
10000f12:	f1b9 0f00 	cmp.w	r9, #0
10000f16:	f43f af74 	beq.w	10000e02 <prvUnlockQueue+0x26>
10000f1a:	f001 fb83 	bl	10002624 <vTaskMissedYield>
10000f1e:	e780      	b.n	10000e22 <prvUnlockQueue+0x46>
10000f20:	f000 ff96 	bl	10001e50 <uxTaskGetNumberOfTasks>
10000f24:	4540      	cmp	r0, r8
10000f26:	d9f4      	bls.n	10000f12 <prvUnlockQueue+0x136>
10000f28:	f108 0301 	add.w	r3, r8, #1
10000f2c:	b25b      	sxtb	r3, r3
10000f2e:	f884 3045 	strb.w	r3, [r4, #69]	@ 0x45
10000f32:	f1b9 0f00 	cmp.w	r9, #0
10000f36:	d1f0      	bne.n	10000f1a <prvUnlockQueue+0x13e>
10000f38:	e763      	b.n	10000e02 <prvUnlockQueue+0x26>
10000f3a:	f104 0024 	add.w	r0, r4, #36	@ 0x24
10000f3e:	f001 fb05 	bl	1000254c <xTaskRemoveFromEventList>
10000f42:	2800      	cmp	r0, #0
10000f44:	f47f af6b 	bne.w	10000e1e <prvUnlockQueue+0x42>
10000f48:	f1b9 0f00 	cmp.w	r9, #0
10000f4c:	d1e5      	bne.n	10000f1a <prvUnlockQueue+0x13e>
10000f4e:	e758      	b.n	10000e02 <prvUnlockQueue+0x26>

10000f50 <prvNotifyQueueSetContainer>:
10000f50:	b5f0      	push	{r4, r5, r6, r7, lr}
10000f52:	6c84      	ldr	r4, [r0, #72]	@ 0x48
10000f54:	b083      	sub	sp, #12
10000f56:	6ba2      	ldr	r2, [r4, #56]	@ 0x38
10000f58:	6be3      	ldr	r3, [r4, #60]	@ 0x3c
10000f5a:	9001      	str	r0, [sp, #4]
10000f5c:	429a      	cmp	r2, r3
10000f5e:	d303      	bcc.n	10000f68 <prvNotifyQueueSetContainer+0x18>
10000f60:	2500      	movs	r5, #0
10000f62:	4628      	mov	r0, r5
10000f64:	b003      	add	sp, #12
10000f66:	bdf0      	pop	{r4, r5, r6, r7, pc}
10000f68:	f894 6045 	ldrb.w	r6, [r4, #69]	@ 0x45
10000f6c:	6c22      	ldr	r2, [r4, #64]	@ 0x40
10000f6e:	6ba7      	ldr	r7, [r4, #56]	@ 0x38
10000f70:	b276      	sxtb	r6, r6
10000f72:	b1e2      	cbz	r2, 10000fae <prvNotifyQueueSetContainer+0x5e>
10000f74:	6860      	ldr	r0, [r4, #4]
10000f76:	a901      	add	r1, sp, #4
10000f78:	f003 ff3e 	bl	10004df8 <memcpy>
10000f7c:	6862      	ldr	r2, [r4, #4]
10000f7e:	6c23      	ldr	r3, [r4, #64]	@ 0x40
10000f80:	441a      	add	r2, r3
10000f82:	68a3      	ldr	r3, [r4, #8]
10000f84:	6062      	str	r2, [r4, #4]
10000f86:	429a      	cmp	r2, r3
10000f88:	d301      	bcc.n	10000f8e <prvNotifyQueueSetContainer+0x3e>
10000f8a:	6823      	ldr	r3, [r4, #0]
10000f8c:	6063      	str	r3, [r4, #4]
10000f8e:	2500      	movs	r5, #0
10000f90:	3701      	adds	r7, #1
10000f92:	1c73      	adds	r3, r6, #1
10000f94:	63a7      	str	r7, [r4, #56]	@ 0x38
10000f96:	d113      	bne.n	10000fc0 <prvNotifyQueueSetContainer+0x70>
10000f98:	6a63      	ldr	r3, [r4, #36]	@ 0x24
10000f9a:	2b00      	cmp	r3, #0
10000f9c:	d0e1      	beq.n	10000f62 <prvNotifyQueueSetContainer+0x12>
10000f9e:	f104 0024 	add.w	r0, r4, #36	@ 0x24
10000fa2:	f001 fad3 	bl	1000254c <xTaskRemoveFromEventList>
10000fa6:	2800      	cmp	r0, #0
10000fa8:	bf18      	it	ne
10000faa:	2501      	movne	r5, #1
10000fac:	e7d9      	b.n	10000f62 <prvNotifyQueueSetContainer+0x12>
10000fae:	6825      	ldr	r5, [r4, #0]
10000fb0:	2d00      	cmp	r5, #0
10000fb2:	d1ec      	bne.n	10000f8e <prvNotifyQueueSetContainer+0x3e>
10000fb4:	68a0      	ldr	r0, [r4, #8]
10000fb6:	f001 fbcb 	bl	10002750 <xTaskPriorityDisinherit>
10000fba:	60a5      	str	r5, [r4, #8]
10000fbc:	4605      	mov	r5, r0
10000fbe:	e7e7      	b.n	10000f90 <prvNotifyQueueSetContainer+0x40>
10000fc0:	f000 ff46 	bl	10001e50 <uxTaskGetNumberOfTasks>
10000fc4:	4286      	cmp	r6, r0
10000fc6:	d2cc      	bcs.n	10000f62 <prvNotifyQueueSetContainer+0x12>
10000fc8:	3601      	adds	r6, #1
10000fca:	b276      	sxtb	r6, r6
10000fcc:	f884 6045 	strb.w	r6, [r4, #69]	@ 0x45
10000fd0:	e7c7      	b.n	10000f62 <prvNotifyQueueSetContainer+0x12>
10000fd2:	bf00      	nop

10000fd4 <xQueueGenericCreate>:
10000fd4:	b5f8      	push	{r3, r4, r5, r6, r7, lr}
10000fd6:	b3c0      	cbz	r0, 1000104a <xQueueGenericCreate+0x76>
10000fd8:	4617      	mov	r7, r2
10000fda:	fba1 2300 	umull	r2, r3, r1, r0
10000fde:	4605      	mov	r5, r0
10000fe0:	460e      	mov	r6, r1
10000fe2:	bb93      	cbnz	r3, 1000104a <xQueueGenericCreate+0x76>
10000fe4:	fb01 f000 	mul.w	r0, r1, r0
10000fe8:	f110 0f55 	cmn.w	r0, #85	@ 0x55
10000fec:	d82d      	bhi.n	1000104a <xQueueGenericCreate+0x76>
10000fee:	3054      	adds	r0, #84	@ 0x54
10000ff0:	f7ff f9d2 	bl	10000398 <pvPortMalloc>
10000ff4:	4604      	mov	r4, r0
10000ff6:	b340      	cbz	r0, 1000104a <xQueueGenericCreate+0x76>
10000ff8:	b356      	cbz	r6, 10001050 <xQueueGenericCreate+0x7c>
10000ffa:	f100 0354 	add.w	r3, r0, #84	@ 0x54
10000ffe:	e9c4 560f 	strd	r5, r6, [r4, #60]	@ 0x3c
10001002:	6023      	str	r3, [r4, #0]
10001004:	f001 fc78 	bl	100028f8 <vTaskEnterCritical>
10001008:	e9d4 310f 	ldrd	r3, r1, [r4, #60]	@ 0x3c
1000100c:	fb01 f303 	mul.w	r3, r1, r3
10001010:	6822      	ldr	r2, [r4, #0]
10001012:	1a59      	subs	r1, r3, r1
10001014:	4413      	add	r3, r2
10001016:	2500      	movs	r5, #0
10001018:	60a3      	str	r3, [r4, #8]
1000101a:	23ff      	movs	r3, #255	@ 0xff
1000101c:	6062      	str	r2, [r4, #4]
1000101e:	440a      	add	r2, r1
10001020:	60e2      	str	r2, [r4, #12]
10001022:	63a5      	str	r5, [r4, #56]	@ 0x38
10001024:	f104 0010 	add.w	r0, r4, #16
10001028:	f884 3044 	strb.w	r3, [r4, #68]	@ 0x44
1000102c:	f884 3045 	strb.w	r3, [r4, #69]	@ 0x45
10001030:	f7ff fe52 	bl	10000cd8 <vListInitialise>
10001034:	f104 0024 	add.w	r0, r4, #36	@ 0x24
10001038:	f7ff fe4e 	bl	10000cd8 <vListInitialise>
1000103c:	f001 ffe4 	bl	10003008 <vTaskExitCritical>
10001040:	f884 7050 	strb.w	r7, [r4, #80]	@ 0x50
10001044:	4620      	mov	r0, r4
10001046:	64a5      	str	r5, [r4, #72]	@ 0x48
10001048:	bdf8      	pop	{r3, r4, r5, r6, r7, pc}
1000104a:	2400      	movs	r4, #0
1000104c:	4620      	mov	r0, r4
1000104e:	bdf8      	pop	{r3, r4, r5, r6, r7, pc}
10001050:	4603      	mov	r3, r0
10001052:	e7d4      	b.n	10000ffe <xQueueGenericCreate+0x2a>

10001054 <xQueueCreateCountingSemaphore>:
10001054:	b5f8      	push	{r3, r4, r5, r6, r7, lr}
10001056:	b380      	cbz	r0, 100010ba <xQueueCreateCountingSemaphore+0x66>
10001058:	4288      	cmp	r0, r1
1000105a:	4605      	mov	r5, r0
1000105c:	460e      	mov	r6, r1
1000105e:	d32c      	bcc.n	100010ba <xQueueCreateCountingSemaphore+0x66>
10001060:	2054      	movs	r0, #84	@ 0x54
10001062:	f7ff f999 	bl	10000398 <pvPortMalloc>
10001066:	4604      	mov	r4, r0
10001068:	b338      	cbz	r0, 100010ba <xQueueCreateCountingSemaphore+0x66>
1000106a:	2700      	movs	r7, #0
1000106c:	e9c0 570f 	strd	r5, r7, [r0, #60]	@ 0x3c
10001070:	25ff      	movs	r5, #255	@ 0xff
10001072:	6000      	str	r0, [r0, #0]
10001074:	f001 fc40 	bl	100028f8 <vTaskEnterCritical>
10001078:	6c21      	ldr	r1, [r4, #64]	@ 0x40
1000107a:	6be3      	ldr	r3, [r4, #60]	@ 0x3c
1000107c:	6822      	ldr	r2, [r4, #0]
1000107e:	fb01 f303 	mul.w	r3, r1, r3
10001082:	1a59      	subs	r1, r3, r1
10001084:	6062      	str	r2, [r4, #4]
10001086:	4413      	add	r3, r2
10001088:	440a      	add	r2, r1
1000108a:	e9c4 3202 	strd	r3, r2, [r4, #8]
1000108e:	63a7      	str	r7, [r4, #56]	@ 0x38
10001090:	f104 0010 	add.w	r0, r4, #16
10001094:	f884 5044 	strb.w	r5, [r4, #68]	@ 0x44
10001098:	f884 5045 	strb.w	r5, [r4, #69]	@ 0x45
1000109c:	f7ff fe1c 	bl	10000cd8 <vListInitialise>
100010a0:	f104 0024 	add.w	r0, r4, #36	@ 0x24
100010a4:	f7ff fe18 	bl	10000cd8 <vListInitialise>
100010a8:	f001 ffae 	bl	10003008 <vTaskExitCritical>
100010ac:	2302      	movs	r3, #2
100010ae:	64a7      	str	r7, [r4, #72]	@ 0x48
100010b0:	63a6      	str	r6, [r4, #56]	@ 0x38
100010b2:	f884 3050 	strb.w	r3, [r4, #80]	@ 0x50
100010b6:	4620      	mov	r0, r4
100010b8:	bdf8      	pop	{r3, r4, r5, r6, r7, pc}
100010ba:	2400      	movs	r4, #0
100010bc:	e7fb      	b.n	100010b6 <xQueueCreateCountingSemaphore+0x62>
100010be:	bf00      	nop

100010c0 <xQueueGenericSend>:
100010c0:	b5f0      	push	{r4, r5, r6, r7, lr}
100010c2:	4604      	mov	r4, r0
100010c4:	b085      	sub	sp, #20
100010c6:	461e      	mov	r6, r3
100010c8:	9201      	str	r2, [sp, #4]
100010ca:	460f      	mov	r7, r1
100010cc:	f001 fc14 	bl	100028f8 <vTaskEnterCritical>
100010d0:	6ba2      	ldr	r2, [r4, #56]	@ 0x38
100010d2:	6be3      	ldr	r3, [r4, #60]	@ 0x3c
100010d4:	429a      	cmp	r2, r3
100010d6:	d34d      	bcc.n	10001174 <xQueueGenericSend+0xb4>
100010d8:	2e02      	cmp	r6, #2
100010da:	d062      	beq.n	100011a2 <xQueueGenericSend+0xe2>
100010dc:	2000      	movs	r0, #0
100010de:	4605      	mov	r5, r0
100010e0:	e00d      	b.n	100010fe <xQueueGenericSend+0x3e>
100010e2:	f001 ff91 	bl	10003008 <vTaskExitCritical>
100010e6:	4620      	mov	r0, r4
100010e8:	f7ff fe78 	bl	10000ddc <prvUnlockQueue>
100010ec:	f001 fe6a 	bl	10002dc4 <xTaskResumeAll>
100010f0:	f001 fc02 	bl	100028f8 <vTaskEnterCritical>
100010f4:	6ba2      	ldr	r2, [r4, #56]	@ 0x38
100010f6:	6be3      	ldr	r3, [r4, #60]	@ 0x3c
100010f8:	429a      	cmp	r2, r3
100010fa:	d33b      	bcc.n	10001174 <xQueueGenericSend+0xb4>
100010fc:	2001      	movs	r0, #1
100010fe:	9b01      	ldr	r3, [sp, #4]
10001100:	2b00      	cmp	r3, #0
10001102:	d059      	beq.n	100011b8 <xQueueGenericSend+0xf8>
10001104:	2800      	cmp	r0, #0
10001106:	d048      	beq.n	1000119a <xQueueGenericSend+0xda>
10001108:	f001 ff7e 	bl	10003008 <vTaskExitCritical>
1000110c:	f000 fe92 	bl	10001e34 <vTaskSuspendAll>
10001110:	f001 fbf2 	bl	100028f8 <vTaskEnterCritical>
10001114:	f894 3044 	ldrb.w	r3, [r4, #68]	@ 0x44
10001118:	2bff      	cmp	r3, #255	@ 0xff
1000111a:	bf08      	it	eq
1000111c:	f884 5044 	strbeq.w	r5, [r4, #68]	@ 0x44
10001120:	f894 0045 	ldrb.w	r0, [r4, #69]	@ 0x45
10001124:	28ff      	cmp	r0, #255	@ 0xff
10001126:	bf08      	it	eq
10001128:	f884 5045 	strbeq.w	r5, [r4, #69]	@ 0x45
1000112c:	f001 ff6c 	bl	10003008 <vTaskExitCritical>
10001130:	a901      	add	r1, sp, #4
10001132:	a802      	add	r0, sp, #8
10001134:	f001 fecc 	bl	10002ed0 <xTaskCheckForTimeOut>
10001138:	2800      	cmp	r0, #0
1000113a:	d142      	bne.n	100011c2 <xQueueGenericSend+0x102>
1000113c:	f001 fbdc 	bl	100028f8 <vTaskEnterCritical>
10001140:	6ba2      	ldr	r2, [r4, #56]	@ 0x38
10001142:	6be3      	ldr	r3, [r4, #60]	@ 0x3c
10001144:	429a      	cmp	r2, r3
10001146:	d1cc      	bne.n	100010e2 <xQueueGenericSend+0x22>
10001148:	f001 ff5e 	bl	10003008 <vTaskExitCritical>
1000114c:	9901      	ldr	r1, [sp, #4]
1000114e:	f104 0010 	add.w	r0, r4, #16
10001152:	f001 f943 	bl	100023dc <vTaskPlaceOnEventList>
10001156:	4620      	mov	r0, r4
10001158:	f7ff fe40 	bl	10000ddc <prvUnlockQueue>
1000115c:	f001 fe32 	bl	10002dc4 <xTaskResumeAll>
10001160:	2800      	cmp	r0, #0
10001162:	d1c5      	bne.n	100010f0 <xQueueGenericSend+0x30>
10001164:	f001 fbb6 	bl	100028d4 <vTaskYieldWithinAPI>
10001168:	f001 fbc6 	bl	100028f8 <vTaskEnterCritical>
1000116c:	6ba2      	ldr	r2, [r4, #56]	@ 0x38
1000116e:	6be3      	ldr	r3, [r4, #60]	@ 0x3c
10001170:	429a      	cmp	r2, r3
10001172:	d2c3      	bcs.n	100010fc <xQueueGenericSend+0x3c>
10001174:	4632      	mov	r2, r6
10001176:	4639      	mov	r1, r7
10001178:	4620      	mov	r0, r4
1000117a:	6ba5      	ldr	r5, [r4, #56]	@ 0x38
1000117c:	f7ff fdf6 	bl	10000d6c <prvCopyDataToQueue>
10001180:	6ca3      	ldr	r3, [r4, #72]	@ 0x48
10001182:	b323      	cbz	r3, 100011ce <xQueueGenericSend+0x10e>
10001184:	2e02      	cmp	r6, #2
10001186:	d014      	beq.n	100011b2 <xQueueGenericSend+0xf2>
10001188:	4620      	mov	r0, r4
1000118a:	f7ff fee1 	bl	10000f50 <prvNotifyQueueSetContainer>
1000118e:	bb38      	cbnz	r0, 100011e0 <xQueueGenericSend+0x120>
10001190:	f001 ff3a 	bl	10003008 <vTaskExitCritical>
10001194:	2001      	movs	r0, #1
10001196:	b005      	add	sp, #20
10001198:	bdf0      	pop	{r4, r5, r6, r7, pc}
1000119a:	a802      	add	r0, sp, #8
1000119c:	f001 fa36 	bl	1000260c <vTaskInternalSetTimeOutState>
100011a0:	e7b2      	b.n	10001108 <xQueueGenericSend+0x48>
100011a2:	4632      	mov	r2, r6
100011a4:	4639      	mov	r1, r7
100011a6:	4620      	mov	r0, r4
100011a8:	6ba5      	ldr	r5, [r4, #56]	@ 0x38
100011aa:	f7ff fddf 	bl	10000d6c <prvCopyDataToQueue>
100011ae:	6ca3      	ldr	r3, [r4, #72]	@ 0x48
100011b0:	b16b      	cbz	r3, 100011ce <xQueueGenericSend+0x10e>
100011b2:	2d00      	cmp	r5, #0
100011b4:	d1ec      	bne.n	10001190 <xQueueGenericSend+0xd0>
100011b6:	e7e7      	b.n	10001188 <xQueueGenericSend+0xc8>
100011b8:	f001 ff26 	bl	10003008 <vTaskExitCritical>
100011bc:	2000      	movs	r0, #0
100011be:	b005      	add	sp, #20
100011c0:	bdf0      	pop	{r4, r5, r6, r7, pc}
100011c2:	4620      	mov	r0, r4
100011c4:	f7ff fe0a 	bl	10000ddc <prvUnlockQueue>
100011c8:	f001 fdfc 	bl	10002dc4 <xTaskResumeAll>
100011cc:	e7f6      	b.n	100011bc <xQueueGenericSend+0xfc>
100011ce:	6a63      	ldr	r3, [r4, #36]	@ 0x24
100011d0:	2b00      	cmp	r3, #0
100011d2:	d0dc      	beq.n	1000118e <xQueueGenericSend+0xce>
100011d4:	f104 0024 	add.w	r0, r4, #36	@ 0x24
100011d8:	f001 f9b8 	bl	1000254c <xTaskRemoveFromEventList>
100011dc:	2800      	cmp	r0, #0
100011de:	d0d7      	beq.n	10001190 <xQueueGenericSend+0xd0>
100011e0:	f001 fb78 	bl	100028d4 <vTaskYieldWithinAPI>
100011e4:	e7d4      	b.n	10001190 <xQueueGenericSend+0xd0>
100011e6:	bf00      	nop

100011e8 <xQueueGenericSendFromISR>:
100011e8:	e92d 43f8 	stmdb	sp!, {r3, r4, r5, r6, r7, r8, r9, lr}
100011ec:	4604      	mov	r4, r0
100011ee:	4690      	mov	r8, r2
100011f0:	461d      	mov	r5, r3
100011f2:	460f      	mov	r7, r1
100011f4:	f7ff fb0a 	bl	1000080c <vPortValidateInterruptPriority>
100011f8:	f001 febc 	bl	10002f74 <vTaskEnterCriticalFromISR>
100011fc:	6ba2      	ldr	r2, [r4, #56]	@ 0x38
100011fe:	6be3      	ldr	r3, [r4, #60]	@ 0x3c
10001200:	4606      	mov	r6, r0
10001202:	429a      	cmp	r2, r3
10001204:	d308      	bcc.n	10001218 <xQueueGenericSendFromISR+0x30>
10001206:	2d02      	cmp	r5, #2
10001208:	d006      	beq.n	10001218 <xQueueGenericSendFromISR+0x30>
1000120a:	2400      	movs	r4, #0
1000120c:	4630      	mov	r0, r6
1000120e:	f001 ff47 	bl	100030a0 <vTaskExitCriticalFromISR>
10001212:	4620      	mov	r0, r4
10001214:	e8bd 83f8 	ldmia.w	sp!, {r3, r4, r5, r6, r7, r8, r9, pc}
10001218:	4639      	mov	r1, r7
1000121a:	f894 7045 	ldrb.w	r7, [r4, #69]	@ 0x45
1000121e:	462a      	mov	r2, r5
10001220:	4620      	mov	r0, r4
10001222:	b27f      	sxtb	r7, r7
10001224:	f8d4 9038 	ldr.w	r9, [r4, #56]	@ 0x38
10001228:	f7ff fda0 	bl	10000d6c <prvCopyDataToQueue>
1000122c:	1c7b      	adds	r3, r7, #1
1000122e:	d108      	bne.n	10001242 <xQueueGenericSendFromISR+0x5a>
10001230:	6ca3      	ldr	r3, [r4, #72]	@ 0x48
10001232:	b17b      	cbz	r3, 10001254 <xQueueGenericSendFromISR+0x6c>
10001234:	2d02      	cmp	r5, #2
10001236:	d11d      	bne.n	10001274 <xQueueGenericSendFromISR+0x8c>
10001238:	f1b9 0f00 	cmp.w	r9, #0
1000123c:	d01a      	beq.n	10001274 <xQueueGenericSendFromISR+0x8c>
1000123e:	2401      	movs	r4, #1
10001240:	e7e4      	b.n	1000120c <xQueueGenericSendFromISR+0x24>
10001242:	f000 fe05 	bl	10001e50 <uxTaskGetNumberOfTasks>
10001246:	4287      	cmp	r7, r0
10001248:	d2f9      	bcs.n	1000123e <xQueueGenericSendFromISR+0x56>
1000124a:	3701      	adds	r7, #1
1000124c:	b27f      	sxtb	r7, r7
1000124e:	f884 7045 	strb.w	r7, [r4, #69]	@ 0x45
10001252:	e7f4      	b.n	1000123e <xQueueGenericSendFromISR+0x56>
10001254:	6a63      	ldr	r3, [r4, #36]	@ 0x24
10001256:	2b00      	cmp	r3, #0
10001258:	d0f1      	beq.n	1000123e <xQueueGenericSendFromISR+0x56>
1000125a:	f104 0024 	add.w	r0, r4, #36	@ 0x24
1000125e:	f001 f975 	bl	1000254c <xTaskRemoveFromEventList>
10001262:	2800      	cmp	r0, #0
10001264:	d0eb      	beq.n	1000123e <xQueueGenericSendFromISR+0x56>
10001266:	f1b8 0f00 	cmp.w	r8, #0
1000126a:	d0e8      	beq.n	1000123e <xQueueGenericSendFromISR+0x56>
1000126c:	2301      	movs	r3, #1
1000126e:	f8c8 3000 	str.w	r3, [r8]
10001272:	e7e4      	b.n	1000123e <xQueueGenericSendFromISR+0x56>
10001274:	4620      	mov	r0, r4
10001276:	f7ff fe6b 	bl	10000f50 <prvNotifyQueueSetContainer>
1000127a:	2800      	cmp	r0, #0
1000127c:	d0df      	beq.n	1000123e <xQueueGenericSendFromISR+0x56>
1000127e:	e7f2      	b.n	10001266 <xQueueGenericSendFromISR+0x7e>

10001280 <xQueueReceive>:
10001280:	b5f0      	push	{r4, r5, r6, r7, lr}
10001282:	4604      	mov	r4, r0
10001284:	b085      	sub	sp, #20
10001286:	460f      	mov	r7, r1
10001288:	9201      	str	r2, [sp, #4]
1000128a:	f001 fb35 	bl	100028f8 <vTaskEnterCritical>
1000128e:	6ba5      	ldr	r5, [r4, #56]	@ 0x38
10001290:	2d00      	cmp	r5, #0
10001292:	d156      	bne.n	10001342 <xQueueReceive+0xc2>
10001294:	9b01      	ldr	r3, [sp, #4]
10001296:	2b00      	cmp	r3, #0
10001298:	d035      	beq.n	10001306 <xQueueReceive+0x86>
1000129a:	a802      	add	r0, sp, #8
1000129c:	f001 f9b6 	bl	1000260c <vTaskInternalSetTimeOutState>
100012a0:	462e      	mov	r6, r5
100012a2:	f001 feb1 	bl	10003008 <vTaskExitCritical>
100012a6:	f000 fdc5 	bl	10001e34 <vTaskSuspendAll>
100012aa:	f001 fb25 	bl	100028f8 <vTaskEnterCritical>
100012ae:	f894 3044 	ldrb.w	r3, [r4, #68]	@ 0x44
100012b2:	2bff      	cmp	r3, #255	@ 0xff
100012b4:	bf08      	it	eq
100012b6:	f884 6044 	strbeq.w	r6, [r4, #68]	@ 0x44
100012ba:	f894 3045 	ldrb.w	r3, [r4, #69]	@ 0x45
100012be:	2bff      	cmp	r3, #255	@ 0xff
100012c0:	bf08      	it	eq
100012c2:	f884 6045 	strbeq.w	r6, [r4, #69]	@ 0x45
100012c6:	f001 fe9f 	bl	10003008 <vTaskExitCritical>
100012ca:	a901      	add	r1, sp, #4
100012cc:	a802      	add	r0, sp, #8
100012ce:	f001 fdff 	bl	10002ed0 <xTaskCheckForTimeOut>
100012d2:	b9e8      	cbnz	r0, 10001310 <xQueueReceive+0x90>
100012d4:	f001 fb10 	bl	100028f8 <vTaskEnterCritical>
100012d8:	6ba3      	ldr	r3, [r4, #56]	@ 0x38
100012da:	bb33      	cbnz	r3, 1000132a <xQueueReceive+0xaa>
100012dc:	f001 fe94 	bl	10003008 <vTaskExitCritical>
100012e0:	9901      	ldr	r1, [sp, #4]
100012e2:	f104 0024 	add.w	r0, r4, #36	@ 0x24
100012e6:	f001 f879 	bl	100023dc <vTaskPlaceOnEventList>
100012ea:	4620      	mov	r0, r4
100012ec:	f7ff fd76 	bl	10000ddc <prvUnlockQueue>
100012f0:	f001 fd68 	bl	10002dc4 <xTaskResumeAll>
100012f4:	2800      	cmp	r0, #0
100012f6:	d03b      	beq.n	10001370 <xQueueReceive+0xf0>
100012f8:	f001 fafe 	bl	100028f8 <vTaskEnterCritical>
100012fc:	6ba5      	ldr	r5, [r4, #56]	@ 0x38
100012fe:	bb05      	cbnz	r5, 10001342 <xQueueReceive+0xc2>
10001300:	9b01      	ldr	r3, [sp, #4]
10001302:	2b00      	cmp	r3, #0
10001304:	d1cd      	bne.n	100012a2 <xQueueReceive+0x22>
10001306:	f001 fe7f 	bl	10003008 <vTaskExitCritical>
1000130a:	2000      	movs	r0, #0
1000130c:	b005      	add	sp, #20
1000130e:	bdf0      	pop	{r4, r5, r6, r7, pc}
10001310:	4620      	mov	r0, r4
10001312:	f7ff fd63 	bl	10000ddc <prvUnlockQueue>
10001316:	f001 fd55 	bl	10002dc4 <xTaskResumeAll>
1000131a:	f001 faed 	bl	100028f8 <vTaskEnterCritical>
1000131e:	6ba3      	ldr	r3, [r4, #56]	@ 0x38
10001320:	2b00      	cmp	r3, #0
10001322:	d0f0      	beq.n	10001306 <xQueueReceive+0x86>
10001324:	f001 fe70 	bl	10003008 <vTaskExitCritical>
10001328:	e7e6      	b.n	100012f8 <xQueueReceive+0x78>
1000132a:	f001 fe6d 	bl	10003008 <vTaskExitCritical>
1000132e:	4620      	mov	r0, r4
10001330:	f7ff fd54 	bl	10000ddc <prvUnlockQueue>
10001334:	f001 fd46 	bl	10002dc4 <xTaskResumeAll>
10001338:	f001 fade 	bl	100028f8 <vTaskEnterCritical>
1000133c:	6ba5      	ldr	r5, [r4, #56]	@ 0x38
1000133e:	2d00      	cmp	r5, #0
10001340:	d0de      	beq.n	10001300 <xQueueReceive+0x80>
10001342:	6c22      	ldr	r2, [r4, #64]	@ 0x40
10001344:	b15a      	cbz	r2, 1000135e <xQueueReceive+0xde>
10001346:	68e1      	ldr	r1, [r4, #12]
10001348:	68a3      	ldr	r3, [r4, #8]
1000134a:	4411      	add	r1, r2
1000134c:	4299      	cmp	r1, r3
1000134e:	60e1      	str	r1, [r4, #12]
10001350:	bf28      	it	cs
10001352:	6821      	ldrcs	r1, [r4, #0]
10001354:	4638      	mov	r0, r7
10001356:	bf28      	it	cs
10001358:	60e1      	strcs	r1, [r4, #12]
1000135a:	f003 fd4d 	bl	10004df8 <memcpy>
1000135e:	6923      	ldr	r3, [r4, #16]
10001360:	3d01      	subs	r5, #1
10001362:	63a5      	str	r5, [r4, #56]	@ 0x38
10001364:	b93b      	cbnz	r3, 10001376 <xQueueReceive+0xf6>
10001366:	f001 fe4f 	bl	10003008 <vTaskExitCritical>
1000136a:	2001      	movs	r0, #1
1000136c:	b005      	add	sp, #20
1000136e:	bdf0      	pop	{r4, r5, r6, r7, pc}
10001370:	f001 fab0 	bl	100028d4 <vTaskYieldWithinAPI>
10001374:	e7c0      	b.n	100012f8 <xQueueReceive+0x78>
10001376:	f104 0010 	add.w	r0, r4, #16
1000137a:	f001 f8e7 	bl	1000254c <xTaskRemoveFromEventList>
1000137e:	2800      	cmp	r0, #0
10001380:	d0f1      	beq.n	10001366 <xQueueReceive+0xe6>
10001382:	f001 faa7 	bl	100028d4 <vTaskYieldWithinAPI>
10001386:	e7ee      	b.n	10001366 <xQueueReceive+0xe6>

10001388 <xQueueSemaphoreTake>:
10001388:	b5f0      	push	{r4, r5, r6, r7, lr}
1000138a:	4604      	mov	r4, r0
1000138c:	2600      	movs	r6, #0
1000138e:	b085      	sub	sp, #20
10001390:	9101      	str	r1, [sp, #4]
10001392:	f001 fab1 	bl	100028f8 <vTaskEnterCritical>
10001396:	6ba3      	ldr	r3, [r4, #56]	@ 0x38
10001398:	4635      	mov	r5, r6
1000139a:	4637      	mov	r7, r6
1000139c:	2b00      	cmp	r3, #0
1000139e:	d139      	bne.n	10001414 <xQueueSemaphoreTake+0x8c>
100013a0:	9b01      	ldr	r3, [sp, #4]
100013a2:	2b00      	cmp	r3, #0
100013a4:	d06c      	beq.n	10001480 <xQueueSemaphoreTake+0xf8>
100013a6:	2d00      	cmp	r5, #0
100013a8:	d050      	beq.n	1000144c <xQueueSemaphoreTake+0xc4>
100013aa:	f001 fe2d 	bl	10003008 <vTaskExitCritical>
100013ae:	f000 fd41 	bl	10001e34 <vTaskSuspendAll>
100013b2:	f001 faa1 	bl	100028f8 <vTaskEnterCritical>
100013b6:	f894 3044 	ldrb.w	r3, [r4, #68]	@ 0x44
100013ba:	2bff      	cmp	r3, #255	@ 0xff
100013bc:	bf08      	it	eq
100013be:	f884 7044 	strbeq.w	r7, [r4, #68]	@ 0x44
100013c2:	f894 3045 	ldrb.w	r3, [r4, #69]	@ 0x45
100013c6:	2bff      	cmp	r3, #255	@ 0xff
100013c8:	bf08      	it	eq
100013ca:	f884 7045 	strbeq.w	r7, [r4, #69]	@ 0x45
100013ce:	f001 fe1b 	bl	10003008 <vTaskExitCritical>
100013d2:	a901      	add	r1, sp, #4
100013d4:	a802      	add	r0, sp, #8
100013d6:	f001 fd7b 	bl	10002ed0 <xTaskCheckForTimeOut>
100013da:	bb40      	cbnz	r0, 1000142e <xQueueSemaphoreTake+0xa6>
100013dc:	f001 fa8c 	bl	100028f8 <vTaskEnterCritical>
100013e0:	6ba3      	ldr	r3, [r4, #56]	@ 0x38
100013e2:	2b00      	cmp	r3, #0
100013e4:	d139      	bne.n	1000145a <xQueueSemaphoreTake+0xd2>
100013e6:	f001 fe0f 	bl	10003008 <vTaskExitCritical>
100013ea:	6823      	ldr	r3, [r4, #0]
100013ec:	2b00      	cmp	r3, #0
100013ee:	d04d      	beq.n	1000148c <xQueueSemaphoreTake+0x104>
100013f0:	9901      	ldr	r1, [sp, #4]
100013f2:	f104 0024 	add.w	r0, r4, #36	@ 0x24
100013f6:	f000 fff1 	bl	100023dc <vTaskPlaceOnEventList>
100013fa:	4620      	mov	r0, r4
100013fc:	f7ff fcee 	bl	10000ddc <prvUnlockQueue>
10001400:	f001 fce0 	bl	10002dc4 <xTaskResumeAll>
10001404:	2800      	cmp	r0, #0
10001406:	d03e      	beq.n	10001486 <xQueueSemaphoreTake+0xfe>
10001408:	f001 fa76 	bl	100028f8 <vTaskEnterCritical>
1000140c:	6ba3      	ldr	r3, [r4, #56]	@ 0x38
1000140e:	2501      	movs	r5, #1
10001410:	2b00      	cmp	r3, #0
10001412:	d0c5      	beq.n	100013a0 <xQueueSemaphoreTake+0x18>
10001414:	6822      	ldr	r2, [r4, #0]
10001416:	3b01      	subs	r3, #1
10001418:	63a3      	str	r3, [r4, #56]	@ 0x38
1000141a:	2a00      	cmp	r2, #0
1000141c:	d048      	beq.n	100014b0 <xQueueSemaphoreTake+0x128>
1000141e:	6923      	ldr	r3, [r4, #16]
10001420:	2b00      	cmp	r3, #0
10001422:	d13c      	bne.n	1000149e <xQueueSemaphoreTake+0x116>
10001424:	f001 fdf0 	bl	10003008 <vTaskExitCritical>
10001428:	2001      	movs	r0, #1
1000142a:	b005      	add	sp, #20
1000142c:	bdf0      	pop	{r4, r5, r6, r7, pc}
1000142e:	4620      	mov	r0, r4
10001430:	f7ff fcd4 	bl	10000ddc <prvUnlockQueue>
10001434:	f001 fcc6 	bl	10002dc4 <xTaskResumeAll>
10001438:	f001 fa5e 	bl	100028f8 <vTaskEnterCritical>
1000143c:	6ba3      	ldr	r3, [r4, #56]	@ 0x38
1000143e:	b94b      	cbnz	r3, 10001454 <xQueueSemaphoreTake+0xcc>
10001440:	f001 fde2 	bl	10003008 <vTaskExitCritical>
10001444:	b98e      	cbnz	r6, 1000146a <xQueueSemaphoreTake+0xe2>
10001446:	2000      	movs	r0, #0
10001448:	b005      	add	sp, #20
1000144a:	bdf0      	pop	{r4, r5, r6, r7, pc}
1000144c:	a802      	add	r0, sp, #8
1000144e:	f001 f8dd 	bl	1000260c <vTaskInternalSetTimeOutState>
10001452:	e7aa      	b.n	100013aa <xQueueSemaphoreTake+0x22>
10001454:	f001 fdd8 	bl	10003008 <vTaskExitCritical>
10001458:	e7d6      	b.n	10001408 <xQueueSemaphoreTake+0x80>
1000145a:	f001 fdd5 	bl	10003008 <vTaskExitCritical>
1000145e:	4620      	mov	r0, r4
10001460:	f7ff fcbc 	bl	10000ddc <prvUnlockQueue>
10001464:	f001 fcae 	bl	10002dc4 <xTaskResumeAll>
10001468:	e7ce      	b.n	10001408 <xQueueSemaphoreTake+0x80>
1000146a:	f001 fa45 	bl	100028f8 <vTaskEnterCritical>
1000146e:	6a61      	ldr	r1, [r4, #36]	@ 0x24
10001470:	b119      	cbz	r1, 1000147a <xQueueSemaphoreTake+0xf2>
10001472:	6b23      	ldr	r3, [r4, #48]	@ 0x30
10001474:	6819      	ldr	r1, [r3, #0]
10001476:	f1c1 0120 	rsb	r1, r1, #32
1000147a:	68a0      	ldr	r0, [r4, #8]
1000147c:	f001 f9c6 	bl	1000280c <vTaskPriorityDisinheritAfterTimeout>
10001480:	f001 fdc2 	bl	10003008 <vTaskExitCritical>
10001484:	e7df      	b.n	10001446 <xQueueSemaphoreTake+0xbe>
10001486:	f001 fa25 	bl	100028d4 <vTaskYieldWithinAPI>
1000148a:	e7bd      	b.n	10001408 <xQueueSemaphoreTake+0x80>
1000148c:	f001 fa34 	bl	100028f8 <vTaskEnterCritical>
10001490:	68a0      	ldr	r0, [r4, #8]
10001492:	f001 f8e1 	bl	10002658 <xTaskPriorityInherit>
10001496:	4606      	mov	r6, r0
10001498:	f001 fdb6 	bl	10003008 <vTaskExitCritical>
1000149c:	e7a8      	b.n	100013f0 <xQueueSemaphoreTake+0x68>
1000149e:	f104 0010 	add.w	r0, r4, #16
100014a2:	f001 f853 	bl	1000254c <xTaskRemoveFromEventList>
100014a6:	2800      	cmp	r0, #0
100014a8:	d0bc      	beq.n	10001424 <xQueueSemaphoreTake+0x9c>
100014aa:	f001 fa13 	bl	100028d4 <vTaskYieldWithinAPI>
100014ae:	e7b9      	b.n	10001424 <xQueueSemaphoreTake+0x9c>
100014b0:	f001 fe4a 	bl	10003148 <pvTaskIncrementMutexHeldCount>
100014b4:	60a0      	str	r0, [r4, #8]
100014b6:	e7b2      	b.n	1000141e <xQueueSemaphoreTake+0x96>

100014b8 <vQueueAddToRegistry>:
100014b8:	2900      	cmp	r1, #0
100014ba:	d055      	beq.n	10001568 <vQueueAddToRegistry+0xb0>
100014bc:	4b44      	ldr	r3, [pc, #272]	@ (100015d0 <vQueueAddToRegistry+0x118>)
100014be:	685a      	ldr	r2, [r3, #4]
100014c0:	4290      	cmp	r0, r2
100014c2:	d072      	beq.n	100015aa <vQueueAddToRegistry+0xf2>
100014c4:	681a      	ldr	r2, [r3, #0]
100014c6:	b410      	push	{r4}
100014c8:	2a00      	cmp	r2, #0
100014ca:	d02c      	beq.n	10001526 <vQueueAddToRegistry+0x6e>
100014cc:	68da      	ldr	r2, [r3, #12]
100014ce:	4290      	cmp	r0, r2
100014d0:	d07b      	beq.n	100015ca <vQueueAddToRegistry+0x112>
100014d2:	689a      	ldr	r2, [r3, #8]
100014d4:	2a00      	cmp	r2, #0
100014d6:	d041      	beq.n	1000155c <vQueueAddToRegistry+0xa4>
100014d8:	695a      	ldr	r2, [r3, #20]
100014da:	4290      	cmp	r0, r2
100014dc:	d073      	beq.n	100015c6 <vQueueAddToRegistry+0x10e>
100014de:	691a      	ldr	r2, [r3, #16]
100014e0:	2a00      	cmp	r2, #0
100014e2:	d042      	beq.n	1000156a <vQueueAddToRegistry+0xb2>
100014e4:	69da      	ldr	r2, [r3, #28]
100014e6:	4290      	cmp	r0, r2
100014e8:	d065      	beq.n	100015b6 <vQueueAddToRegistry+0xfe>
100014ea:	699a      	ldr	r2, [r3, #24]
100014ec:	2a00      	cmp	r2, #0
100014ee:	d042      	beq.n	10001576 <vQueueAddToRegistry+0xbe>
100014f0:	6a5a      	ldr	r2, [r3, #36]	@ 0x24
100014f2:	4290      	cmp	r0, r2
100014f4:	d044      	beq.n	10001580 <vQueueAddToRegistry+0xc8>
100014f6:	6a1a      	ldr	r2, [r3, #32]
100014f8:	2a00      	cmp	r2, #0
100014fa:	d045      	beq.n	10001588 <vQueueAddToRegistry+0xd0>
100014fc:	6ada      	ldr	r2, [r3, #44]	@ 0x2c
100014fe:	4290      	cmp	r0, r2
10001500:	d05b      	beq.n	100015ba <vQueueAddToRegistry+0x102>
10001502:	6a9a      	ldr	r2, [r3, #40]	@ 0x28
10001504:	2a00      	cmp	r2, #0
10001506:	d044      	beq.n	10001592 <vQueueAddToRegistry+0xda>
10001508:	6b5a      	ldr	r2, [r3, #52]	@ 0x34
1000150a:	4290      	cmp	r0, r2
1000150c:	d057      	beq.n	100015be <vQueueAddToRegistry+0x106>
1000150e:	6b1a      	ldr	r2, [r3, #48]	@ 0x30
10001510:	2a00      	cmp	r2, #0
10001512:	d043      	beq.n	1000159c <vQueueAddToRegistry+0xe4>
10001514:	6bda      	ldr	r2, [r3, #60]	@ 0x3c
10001516:	4290      	cmp	r0, r2
10001518:	d053      	beq.n	100015c2 <vQueueAddToRegistry+0x10a>
1000151a:	6b9b      	ldr	r3, [r3, #56]	@ 0x38
1000151c:	2b00      	cmp	r3, #0
1000151e:	d042      	beq.n	100015a6 <vQueueAddToRegistry+0xee>
10001520:	f85d 4b04 	ldr.w	r4, [sp], #4
10001524:	4770      	bx	lr
10001526:	68da      	ldr	r2, [r3, #12]
10001528:	4290      	cmp	r0, r2
1000152a:	d04e      	beq.n	100015ca <vQueueAddToRegistry+0x112>
1000152c:	695a      	ldr	r2, [r3, #20]
1000152e:	4290      	cmp	r0, r2
10001530:	d049      	beq.n	100015c6 <vQueueAddToRegistry+0x10e>
10001532:	461a      	mov	r2, r3
10001534:	69dc      	ldr	r4, [r3, #28]
10001536:	42a0      	cmp	r0, r4
10001538:	d03d      	beq.n	100015b6 <vQueueAddToRegistry+0xfe>
1000153a:	6a5c      	ldr	r4, [r3, #36]	@ 0x24
1000153c:	42a0      	cmp	r0, r4
1000153e:	d01f      	beq.n	10001580 <vQueueAddToRegistry+0xc8>
10001540:	6adc      	ldr	r4, [r3, #44]	@ 0x2c
10001542:	42a0      	cmp	r0, r4
10001544:	d039      	beq.n	100015ba <vQueueAddToRegistry+0x102>
10001546:	6b5c      	ldr	r4, [r3, #52]	@ 0x34
10001548:	42a0      	cmp	r0, r4
1000154a:	d038      	beq.n	100015be <vQueueAddToRegistry+0x106>
1000154c:	6bdc      	ldr	r4, [r3, #60]	@ 0x3c
1000154e:	42a0      	cmp	r0, r4
10001550:	d037      	beq.n	100015c2 <vQueueAddToRegistry+0x10a>
10001552:	e9c2 1000 	strd	r1, r0, [r2]
10001556:	f85d 4b04 	ldr.w	r4, [sp], #4
1000155a:	4770      	bx	lr
1000155c:	695a      	ldr	r2, [r3, #20]
1000155e:	4290      	cmp	r0, r2
10001560:	d031      	beq.n	100015c6 <vQueueAddToRegistry+0x10e>
10001562:	f103 0208 	add.w	r2, r3, #8
10001566:	e7e5      	b.n	10001534 <vQueueAddToRegistry+0x7c>
10001568:	4770      	bx	lr
1000156a:	69da      	ldr	r2, [r3, #28]
1000156c:	4290      	cmp	r0, r2
1000156e:	d022      	beq.n	100015b6 <vQueueAddToRegistry+0xfe>
10001570:	f103 0210 	add.w	r2, r3, #16
10001574:	e7e1      	b.n	1000153a <vQueueAddToRegistry+0x82>
10001576:	6a5a      	ldr	r2, [r3, #36]	@ 0x24
10001578:	4290      	cmp	r0, r2
1000157a:	d001      	beq.n	10001580 <vQueueAddToRegistry+0xc8>
1000157c:	4a15      	ldr	r2, [pc, #84]	@ (100015d4 <vQueueAddToRegistry+0x11c>)
1000157e:	e7df      	b.n	10001540 <vQueueAddToRegistry+0x88>
10001580:	2204      	movs	r2, #4
10001582:	eb03 02c2 	add.w	r2, r3, r2, lsl #3
10001586:	e7e4      	b.n	10001552 <vQueueAddToRegistry+0x9a>
10001588:	6ada      	ldr	r2, [r3, #44]	@ 0x2c
1000158a:	4290      	cmp	r0, r2
1000158c:	d015      	beq.n	100015ba <vQueueAddToRegistry+0x102>
1000158e:	4a12      	ldr	r2, [pc, #72]	@ (100015d8 <vQueueAddToRegistry+0x120>)
10001590:	e7d9      	b.n	10001546 <vQueueAddToRegistry+0x8e>
10001592:	6b5a      	ldr	r2, [r3, #52]	@ 0x34
10001594:	4290      	cmp	r0, r2
10001596:	d012      	beq.n	100015be <vQueueAddToRegistry+0x106>
10001598:	4a10      	ldr	r2, [pc, #64]	@ (100015dc <vQueueAddToRegistry+0x124>)
1000159a:	e7d7      	b.n	1000154c <vQueueAddToRegistry+0x94>
1000159c:	6bda      	ldr	r2, [r3, #60]	@ 0x3c
1000159e:	4290      	cmp	r0, r2
100015a0:	d00f      	beq.n	100015c2 <vQueueAddToRegistry+0x10a>
100015a2:	4a0f      	ldr	r2, [pc, #60]	@ (100015e0 <vQueueAddToRegistry+0x128>)
100015a4:	e7d5      	b.n	10001552 <vQueueAddToRegistry+0x9a>
100015a6:	4a0f      	ldr	r2, [pc, #60]	@ (100015e4 <vQueueAddToRegistry+0x12c>)
100015a8:	e7d3      	b.n	10001552 <vQueueAddToRegistry+0x9a>
100015aa:	2200      	movs	r2, #0
100015ac:	eb03 02c2 	add.w	r2, r3, r2, lsl #3
100015b0:	e9c2 1000 	strd	r1, r0, [r2]
100015b4:	4770      	bx	lr
100015b6:	2203      	movs	r2, #3
100015b8:	e7e3      	b.n	10001582 <vQueueAddToRegistry+0xca>
100015ba:	2205      	movs	r2, #5
100015bc:	e7e1      	b.n	10001582 <vQueueAddToRegistry+0xca>
100015be:	2206      	movs	r2, #6
100015c0:	e7df      	b.n	10001582 <vQueueAddToRegistry+0xca>
100015c2:	2207      	movs	r2, #7
100015c4:	e7dd      	b.n	10001582 <vQueueAddToRegistry+0xca>
100015c6:	2202      	movs	r2, #2
100015c8:	e7db      	b.n	10001582 <vQueueAddToRegistry+0xca>
100015ca:	2201      	movs	r2, #1
100015cc:	e7d9      	b.n	10001582 <vQueueAddToRegistry+0xca>
100015ce:	bf00      	nop
100015d0:	200007b0 	.word	0x200007b0
100015d4:	200007c8 	.word	0x200007c8
100015d8:	200007d0 	.word	0x200007d0
100015dc:	200007d8 	.word	0x200007d8
100015e0:	200007e0 	.word	0x200007e0
100015e4:	200007e8 	.word	0x200007e8

100015e8 <vQueueWaitForMessageRestricted>:
100015e8:	b570      	push	{r4, r5, r6, lr}
100015ea:	4604      	mov	r4, r0
100015ec:	460e      	mov	r6, r1
100015ee:	4615      	mov	r5, r2
100015f0:	f001 f982 	bl	100028f8 <vTaskEnterCritical>
100015f4:	f894 3044 	ldrb.w	r3, [r4, #68]	@ 0x44
100015f8:	2bff      	cmp	r3, #255	@ 0xff
100015fa:	bf04      	itt	eq
100015fc:	2300      	moveq	r3, #0
100015fe:	f884 3044 	strbeq.w	r3, [r4, #68]	@ 0x44
10001602:	f894 3045 	ldrb.w	r3, [r4, #69]	@ 0x45
10001606:	2bff      	cmp	r3, #255	@ 0xff
10001608:	bf04      	itt	eq
1000160a:	2300      	moveq	r3, #0
1000160c:	f884 3045 	strbeq.w	r3, [r4, #69]	@ 0x45
10001610:	f001 fcfa 	bl	10003008 <vTaskExitCritical>
10001614:	6ba3      	ldr	r3, [r4, #56]	@ 0x38
10001616:	b123      	cbz	r3, 10001622 <vQueueWaitForMessageRestricted+0x3a>
10001618:	4620      	mov	r0, r4
1000161a:	e8bd 4070 	ldmia.w	sp!, {r4, r5, r6, lr}
1000161e:	f7ff bbdd 	b.w	10000ddc <prvUnlockQueue>
10001622:	f104 0024 	add.w	r0, r4, #36	@ 0x24
10001626:	462a      	mov	r2, r5
10001628:	4631      	mov	r1, r6
1000162a:	f000 ff41 	bl	100024b0 <vTaskPlaceOnEventListRestricted>
1000162e:	4620      	mov	r0, r4
10001630:	e8bd 4070 	ldmia.w	sp!, {r4, r5, r6, lr}
10001634:	f7ff bbd2 	b.w	10000ddc <prvUnlockQueue>

10001638 <prvPassiveIdleTask>:
10001638:	4c06      	ldr	r4, [pc, #24]	@ (10001654 <prvPassiveIdleTask+0x1c>)
1000163a:	b508      	push	{r3, lr}
1000163c:	f7ff f860 	bl	10000700 <vPortYield>
10001640:	6823      	ldr	r3, [r4, #0]
10001642:	2b02      	cmp	r3, #2
10001644:	d800      	bhi.n	10001648 <prvPassiveIdleTask+0x10>
10001646:	e7fe      	b.n	10001646 <prvPassiveIdleTask+0xe>
10001648:	f7ff f85a 	bl	10000700 <vPortYield>
1000164c:	6823      	ldr	r3, [r4, #0]
1000164e:	2b02      	cmp	r3, #2
10001650:	d8fa      	bhi.n	10001648 <prvPassiveIdleTask+0x10>
10001652:	e7f8      	b.n	10001646 <prvPassiveIdleTask+0xe>
10001654:	200008b4 	.word	0x200008b4

10001658 <prvYieldForTask>:
10001658:	b538      	push	{r3, r4, r5, lr}
1000165a:	6b83      	ldr	r3, [r0, #56]	@ 0x38
1000165c:	2b00      	cmp	r3, #0
1000165e:	db02      	blt.n	10001666 <prvYieldForTask+0xe>
10001660:	6b83      	ldr	r3, [r0, #56]	@ 0x38
10001662:	2b01      	cmp	r3, #1
10001664:	dd31      	ble.n	100016ca <prvYieldForTask+0x72>
10001666:	4c2d      	ldr	r4, [pc, #180]	@ (1000171c <prvYieldForTask+0xc4>)
10001668:	6b01      	ldr	r1, [r0, #48]	@ 0x30
1000166a:	6822      	ldr	r2, [r4, #0]
1000166c:	6823      	ldr	r3, [r4, #0]
1000166e:	6b12      	ldr	r2, [r2, #48]	@ 0x30
10001670:	6bdb      	ldr	r3, [r3, #60]	@ 0x3c
10001672:	1e4d      	subs	r5, r1, #1
10001674:	07db      	lsls	r3, r3, #31
10001676:	6823      	ldr	r3, [r4, #0]
10001678:	bf48      	it	mi
1000167a:	f102 32ff 	addmi.w	r2, r2, #4294967295	@ 0xffffffff
1000167e:	6b9b      	ldr	r3, [r3, #56]	@ 0x38
10001680:	2b00      	cmp	r3, #0
10001682:	db03      	blt.n	1000168c <prvYieldForTask+0x34>
10001684:	6823      	ldr	r3, [r4, #0]
10001686:	6b9b      	ldr	r3, [r3, #56]	@ 0x38
10001688:	2b01      	cmp	r3, #1
1000168a:	dd1f      	ble.n	100016cc <prvYieldForTask+0x74>
1000168c:	f04f 33ff 	mov.w	r3, #4294967295	@ 0xffffffff
10001690:	6862      	ldr	r2, [r4, #4]
10001692:	6861      	ldr	r1, [r4, #4]
10001694:	6b12      	ldr	r2, [r2, #48]	@ 0x30
10001696:	6bc9      	ldr	r1, [r1, #60]	@ 0x3c
10001698:	07c9      	lsls	r1, r1, #31
1000169a:	6861      	ldr	r1, [r4, #4]
1000169c:	bf48      	it	mi
1000169e:	f102 32ff 	addmi.w	r2, r2, #4294967295	@ 0xffffffff
100016a2:	6b89      	ldr	r1, [r1, #56]	@ 0x38
100016a4:	2900      	cmp	r1, #0
100016a6:	db03      	blt.n	100016b0 <prvYieldForTask+0x58>
100016a8:	6861      	ldr	r1, [r4, #4]
100016aa:	6b89      	ldr	r1, [r1, #56]	@ 0x38
100016ac:	2901      	cmp	r1, #1
100016ae:	dd1c      	ble.n	100016ea <prvYieldForTask+0x92>
100016b0:	3301      	adds	r3, #1
100016b2:	d00a      	beq.n	100016ca <prvYieldForTask+0x72>
100016b4:	2500      	movs	r5, #0
100016b6:	f04f 4350 	mov.w	r3, #3489660928	@ 0xd0000000
100016ba:	681b      	ldr	r3, [r3, #0]
100016bc:	429d      	cmp	r5, r3
100016be:	d028      	beq.n	10001712 <prvYieldForTask+0xba>
100016c0:	f854 3025 	ldr.w	r3, [r4, r5, lsl #2]
100016c4:	6b9b      	ldr	r3, [r3, #56]	@ 0x38
100016c6:	3302      	adds	r3, #2
100016c8:	d11a      	bne.n	10001700 <prvYieldForTask+0xa8>
100016ca:	bd38      	pop	{r3, r4, r5, pc}
100016cc:	4b14      	ldr	r3, [pc, #80]	@ (10001720 <prvYieldForTask+0xc8>)
100016ce:	681b      	ldr	r3, [r3, #0]
100016d0:	2b00      	cmp	r3, #0
100016d2:	d1db      	bne.n	1000168c <prvYieldForTask+0x34>
100016d4:	4295      	cmp	r5, r2
100016d6:	dbd9      	blt.n	1000168c <prvYieldForTask+0x34>
100016d8:	6841      	ldr	r1, [r0, #4]
100016da:	f001 0101 	and.w	r1, r1, #1
100016de:	2900      	cmp	r1, #0
100016e0:	bf14      	ite	ne
100016e2:	4615      	movne	r5, r2
100016e4:	f04f 33ff 	moveq.w	r3, #4294967295	@ 0xffffffff
100016e8:	e7d2      	b.n	10001690 <prvYieldForTask+0x38>
100016ea:	490d      	ldr	r1, [pc, #52]	@ (10001720 <prvYieldForTask+0xc8>)
100016ec:	6849      	ldr	r1, [r1, #4]
100016ee:	2900      	cmp	r1, #0
100016f0:	d1de      	bne.n	100016b0 <prvYieldForTask+0x58>
100016f2:	42aa      	cmp	r2, r5
100016f4:	dcdc      	bgt.n	100016b0 <prvYieldForTask+0x58>
100016f6:	6842      	ldr	r2, [r0, #4]
100016f8:	0792      	lsls	r2, r2, #30
100016fa:	d5d9      	bpl.n	100016b0 <prvYieldForTask+0x58>
100016fc:	2501      	movs	r5, #1
100016fe:	e7da      	b.n	100016b6 <prvYieldForTask+0x5e>
10001700:	4628      	mov	r0, r5
10001702:	f7ff f96b 	bl	100009dc <vYieldCore>
10001706:	f06f 0201 	mvn.w	r2, #1
1000170a:	f854 3025 	ldr.w	r3, [r4, r5, lsl #2]
1000170e:	639a      	str	r2, [r3, #56]	@ 0x38
10001710:	bd38      	pop	{r3, r4, r5, pc}
10001712:	2201      	movs	r2, #1
10001714:	4b02      	ldr	r3, [pc, #8]	@ (10001720 <prvYieldForTask+0xc8>)
10001716:	f843 2025 	str.w	r2, [r3, r5, lsl #2]
1000171a:	bd38      	pop	{r3, r4, r5, pc}
1000171c:	20000898 	.word	0x20000898
10001720:	20020c38 	.word	0x20020c38

10001724 <vTaskExitCritical.part.0>:
10001724:	f04f 4150 	mov.w	r1, #3489660928	@ 0xd0000000
10001728:	4b1b      	ldr	r3, [pc, #108]	@ (10001798 <vTaskExitCritical.part.0+0x74>)
1000172a:	680a      	ldr	r2, [r1, #0]
1000172c:	f853 0022 	ldr.w	r0, [r3, r2, lsl #2]
10001730:	2800      	cmp	r0, #0
10001732:	d02c      	beq.n	1000178e <vTaskExitCritical.part.0+0x6a>
10001734:	f853 0022 	ldr.w	r0, [r3, r2, lsl #2]
10001738:	3801      	subs	r0, #1
1000173a:	f843 0022 	str.w	r0, [r3, r2, lsl #2]
1000173e:	680a      	ldr	r2, [r1, #0]
10001740:	f853 3022 	ldr.w	r3, [r3, r2, lsl #2]
10001744:	bb1b      	cbnz	r3, 1000178e <vTaskExitCritical.part.0+0x6a>
10001746:	b510      	push	{r4, lr}
10001748:	4914      	ldr	r1, [pc, #80]	@ (1000179c <vTaskExitCritical.part.0+0x78>)
1000174a:	4b15      	ldr	r3, [pc, #84]	@ (100017a0 <vTaskExitCritical.part.0+0x7c>)
1000174c:	f853 4022 	ldr.w	r4, [r3, r2, lsl #2]
10001750:	780b      	ldrb	r3, [r1, #0]
10001752:	3b01      	subs	r3, #1
10001754:	b2db      	uxtb	r3, r3
10001756:	700b      	strb	r3, [r1, #0]
10001758:	b92b      	cbnz	r3, 10001766 <vTaskExitCritical.part.0+0x42>
1000175a:	4812      	ldr	r0, [pc, #72]	@ (100017a4 <vTaskExitCritical.part.0+0x80>)
1000175c:	f800 3012 	strb.w	r3, [r0, r2, lsl #1]
10001760:	4a11      	ldr	r2, [pc, #68]	@ (100017a8 <vTaskExitCritical.part.0+0x84>)
10001762:	e8c2 3f8f 	stlb	r3, [r2]
10001766:	f04f 4250 	mov.w	r2, #3489660928	@ 0xd0000000
1000176a:	784b      	ldrb	r3, [r1, #1]
1000176c:	6810      	ldr	r0, [r2, #0]
1000176e:	3b01      	subs	r3, #1
10001770:	b2db      	uxtb	r3, r3
10001772:	704b      	strb	r3, [r1, #1]
10001774:	b933      	cbnz	r3, 10001784 <vTaskExitCritical.part.0+0x60>
10001776:	4a0b      	ldr	r2, [pc, #44]	@ (100017a4 <vTaskExitCritical.part.0+0x80>)
10001778:	490c      	ldr	r1, [pc, #48]	@ (100017ac <vTaskExitCritical.part.0+0x88>)
1000177a:	eb02 0240 	add.w	r2, r2, r0, lsl #1
1000177e:	7053      	strb	r3, [r2, #1]
10001780:	e8c1 3f8f 	stlb	r3, [r1]
10001784:	2000      	movs	r0, #0
10001786:	f7ff f96b 	bl	10000a60 <vClearInterruptMask>
1000178a:	b90c      	cbnz	r4, 10001790 <vTaskExitCritical.part.0+0x6c>
1000178c:	bd10      	pop	{r4, pc}
1000178e:	4770      	bx	lr
10001790:	e8bd 4010 	ldmia.w	sp!, {r4, lr}
10001794:	f7fe bfb4 	b.w	10000700 <vPortYield>
10001798:	20020b48 	.word	0x20020b48
1000179c:	20020b44 	.word	0x20020b44
100017a0:	20020c38 	.word	0x20020c38
100017a4:	20020b40 	.word	0x20020b40
100017a8:	2000081a 	.word	0x2000081a
100017ac:	2000081b 	.word	0x2000081b

100017b0 <prvCreateTask>:
100017b0:	e92d 43f8 	stmdb	sp!, {r3, r4, r5, r6, r7, r8, r9, lr}
100017b4:	0096      	lsls	r6, r2, #2
100017b6:	4680      	mov	r8, r0
100017b8:	4630      	mov	r0, r6
100017ba:	460d      	mov	r5, r1
100017bc:	4699      	mov	r9, r3
100017be:	f7fe fdeb 	bl	10000398 <pvPortMalloc>
100017c2:	2800      	cmp	r0, #0
100017c4:	f000 8088 	beq.w	100018d8 <prvCreateTask+0x128>
100017c8:	4607      	mov	r7, r0
100017ca:	207c      	movs	r0, #124	@ 0x7c
100017cc:	f7fe fde4 	bl	10000398 <pvPortMalloc>
100017d0:	4604      	mov	r4, r0
100017d2:	2800      	cmp	r0, #0
100017d4:	d07d      	beq.n	100018d2 <prvCreateTask+0x122>
100017d6:	227c      	movs	r2, #124	@ 0x7c
100017d8:	2100      	movs	r1, #0
100017da:	f003 fb83 	bl	10004ee4 <memset>
100017de:	4632      	mov	r2, r6
100017e0:	4638      	mov	r0, r7
100017e2:	21a5      	movs	r1, #165	@ 0xa5
100017e4:	6367      	str	r7, [r4, #52]	@ 0x34
100017e6:	f003 fb7d 	bl	10004ee4 <memset>
100017ea:	6b63      	ldr	r3, [r4, #52]	@ 0x34
100017ec:	3e04      	subs	r6, #4
100017ee:	441e      	add	r6, r3
100017f0:	f026 0607 	bic.w	r6, r6, #7
100017f4:	2d00      	cmp	r5, #0
100017f6:	d03e      	beq.n	10001876 <prvCreateTask+0xc6>
100017f8:	782b      	ldrb	r3, [r5, #0]
100017fa:	f884 3040 	strb.w	r3, [r4, #64]	@ 0x40
100017fe:	2b00      	cmp	r3, #0
10001800:	d036      	beq.n	10001870 <prvCreateTask+0xc0>
10001802:	786b      	ldrb	r3, [r5, #1]
10001804:	f884 3041 	strb.w	r3, [r4, #65]	@ 0x41
10001808:	b393      	cbz	r3, 10001870 <prvCreateTask+0xc0>
1000180a:	78ab      	ldrb	r3, [r5, #2]
1000180c:	f884 3042 	strb.w	r3, [r4, #66]	@ 0x42
10001810:	b373      	cbz	r3, 10001870 <prvCreateTask+0xc0>
10001812:	78eb      	ldrb	r3, [r5, #3]
10001814:	f884 3043 	strb.w	r3, [r4, #67]	@ 0x43
10001818:	b353      	cbz	r3, 10001870 <prvCreateTask+0xc0>
1000181a:	792b      	ldrb	r3, [r5, #4]
1000181c:	f884 3044 	strb.w	r3, [r4, #68]	@ 0x44
10001820:	b333      	cbz	r3, 10001870 <prvCreateTask+0xc0>
10001822:	796b      	ldrb	r3, [r5, #5]
10001824:	f884 3045 	strb.w	r3, [r4, #69]	@ 0x45
10001828:	b313      	cbz	r3, 10001870 <prvCreateTask+0xc0>
1000182a:	79ab      	ldrb	r3, [r5, #6]
1000182c:	f884 3046 	strb.w	r3, [r4, #70]	@ 0x46
10001830:	b1f3      	cbz	r3, 10001870 <prvCreateTask+0xc0>
10001832:	79eb      	ldrb	r3, [r5, #7]
10001834:	f884 3047 	strb.w	r3, [r4, #71]	@ 0x47
10001838:	b1d3      	cbz	r3, 10001870 <prvCreateTask+0xc0>
1000183a:	7a2b      	ldrb	r3, [r5, #8]
1000183c:	f884 3048 	strb.w	r3, [r4, #72]	@ 0x48
10001840:	b1b3      	cbz	r3, 10001870 <prvCreateTask+0xc0>
10001842:	7a6b      	ldrb	r3, [r5, #9]
10001844:	f884 3049 	strb.w	r3, [r4, #73]	@ 0x49
10001848:	b193      	cbz	r3, 10001870 <prvCreateTask+0xc0>
1000184a:	7aab      	ldrb	r3, [r5, #10]
1000184c:	f884 304a 	strb.w	r3, [r4, #74]	@ 0x4a
10001850:	b173      	cbz	r3, 10001870 <prvCreateTask+0xc0>
10001852:	7aeb      	ldrb	r3, [r5, #11]
10001854:	f884 304b 	strb.w	r3, [r4, #75]	@ 0x4b
10001858:	b153      	cbz	r3, 10001870 <prvCreateTask+0xc0>
1000185a:	7b2b      	ldrb	r3, [r5, #12]
1000185c:	f884 304c 	strb.w	r3, [r4, #76]	@ 0x4c
10001860:	b133      	cbz	r3, 10001870 <prvCreateTask+0xc0>
10001862:	7b6b      	ldrb	r3, [r5, #13]
10001864:	f884 304d 	strb.w	r3, [r4, #77]	@ 0x4d
10001868:	b113      	cbz	r3, 10001870 <prvCreateTask+0xc0>
1000186a:	7bab      	ldrb	r3, [r5, #14]
1000186c:	f884 304e 	strb.w	r3, [r4, #78]	@ 0x4e
10001870:	2300      	movs	r3, #0
10001872:	f884 304f 	strb.w	r3, [r4, #79]	@ 0x4f
10001876:	9d08      	ldr	r5, [sp, #32]
10001878:	f104 0008 	add.w	r0, r4, #8
1000187c:	2d1f      	cmp	r5, #31
1000187e:	bf28      	it	cs
10001880:	251f      	movcs	r5, #31
10001882:	6325      	str	r5, [r4, #48]	@ 0x30
10001884:	65a5      	str	r5, [r4, #88]	@ 0x58
10001886:	f7ff fa33 	bl	10000cf0 <vListInitialiseItem>
1000188a:	f1c5 0520 	rsb	r5, r5, #32
1000188e:	f104 001c 	add.w	r0, r4, #28
10001892:	f7ff fa2d 	bl	10000cf0 <vListInitialiseItem>
10001896:	464b      	mov	r3, r9
10001898:	4642      	mov	r2, r8
1000189a:	4630      	mov	r0, r6
1000189c:	6b61      	ldr	r1, [r4, #52]	@ 0x34
1000189e:	61e5      	str	r5, [r4, #28]
100018a0:	6164      	str	r4, [r4, #20]
100018a2:	62a4      	str	r4, [r4, #40]	@ 0x28
100018a4:	f7fe ff4e 	bl	10000744 <pxPortInitialiseStack>
100018a8:	f04f 32ff 	mov.w	r2, #4294967295	@ 0xffffffff
100018ac:	4b0c      	ldr	r3, [pc, #48]	@ (100018e0 <prvCreateTask+0x130>)
100018ae:	6020      	str	r0, [r4, #0]
100018b0:	4598      	cmp	r8, r3
100018b2:	63a2      	str	r2, [r4, #56]	@ 0x38
100018b4:	d008      	beq.n	100018c8 <prvCreateTask+0x118>
100018b6:	4b0b      	ldr	r3, [pc, #44]	@ (100018e4 <prvCreateTask+0x134>)
100018b8:	4598      	cmp	r8, r3
100018ba:	d005      	beq.n	100018c8 <prvCreateTask+0x118>
100018bc:	9b09      	ldr	r3, [sp, #36]	@ 0x24
100018be:	b103      	cbz	r3, 100018c2 <prvCreateTask+0x112>
100018c0:	601c      	str	r4, [r3, #0]
100018c2:	4620      	mov	r0, r4
100018c4:	e8bd 83f8 	ldmia.w	sp!, {r3, r4, r5, r6, r7, r8, r9, pc}
100018c8:	6be3      	ldr	r3, [r4, #60]	@ 0x3c
100018ca:	f043 0301 	orr.w	r3, r3, #1
100018ce:	63e3      	str	r3, [r4, #60]	@ 0x3c
100018d0:	e7f4      	b.n	100018bc <prvCreateTask+0x10c>
100018d2:	4638      	mov	r0, r7
100018d4:	f7fe fdee 	bl	100004b4 <vPortFree>
100018d8:	2400      	movs	r4, #0
100018da:	4620      	mov	r0, r4
100018dc:	e8bd 83f8 	ldmia.w	sp!, {r3, r4, r5, r6, r7, r8, r9, pc}
100018e0:	10001cdd 	.word	0x10001cdd
100018e4:	10001639 	.word	0x10001639

100018e8 <prvCheckForRunStateChange>:
100018e8:	f04f 4250 	mov.w	r2, #3489660928	@ 0xd0000000
100018ec:	4b50      	ldr	r3, [pc, #320]	@ (10001a30 <prvCheckForRunStateChange+0x148>)
100018ee:	6812      	ldr	r2, [r2, #0]
100018f0:	e92d 47f0 	stmdb	sp!, {r4, r5, r6, r7, r8, r9, sl, lr}
100018f4:	f8df 9144 	ldr.w	r9, [pc, #324]	@ 10001a3c <prvCheckForRunStateChange+0x154>
100018f8:	4c4e      	ldr	r4, [pc, #312]	@ (10001a34 <prvCheckForRunStateChange+0x14c>)
100018fa:	f8df 8144 	ldr.w	r8, [pc, #324]	@ 10001a40 <prvCheckForRunStateChange+0x158>
100018fe:	f853 6022 	ldr.w	r6, [r3, r2, lsl #2]
10001902:	4d4d      	ldr	r5, [pc, #308]	@ (10001a38 <prvCheckForRunStateChange+0x150>)
10001904:	e040      	b.n	10001988 <prvCheckForRunStateChange+0xa0>
10001906:	f8df a13c 	ldr.w	sl, [pc, #316]	@ 10001a44 <prvCheckForRunStateChange+0x15c>
1000190a:	2000      	movs	r0, #0
1000190c:	f7ff f8a8 	bl	10000a60 <vClearInterruptMask>
10001910:	f7ff f89a 	bl	10000a48 <ulSetInterruptMask>
10001914:	f04f 4350 	mov.w	r3, #3489660928	@ 0xd0000000
10001918:	681b      	ldr	r3, [r3, #0]
1000191a:	e8da 2fcf 	ldaexb	r2, [sl]
1000191e:	2101      	movs	r1, #1
10001920:	2a00      	cmp	r2, #0
10001922:	d101      	bne.n	10001928 <prvCheckForRunStateChange+0x40>
10001924:	e8ca 1f42 	strexb	r2, r1, [sl]
10001928:	f3bf 8f5f 	dmb	sy
1000192c:	2a00      	cmp	r2, #0
1000192e:	d150      	bne.n	100019d2 <prvCheckForRunStateChange+0xea>
10001930:	005b      	lsls	r3, r3, #1
10001932:	2201      	movs	r2, #1
10001934:	4443      	add	r3, r8
10001936:	7062      	strb	r2, [r4, #1]
10001938:	705a      	strb	r2, [r3, #1]
1000193a:	f04f 4350 	mov.w	r3, #3489660928	@ 0xd0000000
1000193e:	681a      	ldr	r2, [r3, #0]
10001940:	e8d5 3fcf 	ldaexb	r3, [r5]
10001944:	2101      	movs	r1, #1
10001946:	2b00      	cmp	r3, #0
10001948:	d101      	bne.n	1000194e <prvCheckForRunStateChange+0x66>
1000194a:	e8c5 1f43 	strexb	r3, r1, [r5]
1000194e:	f3bf 8f5f 	dmb	sy
10001952:	b173      	cbz	r3, 10001972 <prvCheckForRunStateChange+0x8a>
10001954:	f818 3012 	ldrb.w	r3, [r8, r2, lsl #1]
10001958:	2b00      	cmp	r3, #0
1000195a:	d14b      	bne.n	100019f4 <prvCheckForRunStateChange+0x10c>
1000195c:	e8d5 1fcf 	ldaexb	r1, [r5]
10001960:	2301      	movs	r3, #1
10001962:	2900      	cmp	r1, #0
10001964:	d1fa      	bne.n	1000195c <prvCheckForRunStateChange+0x74>
10001966:	e8c5 3f41 	strexb	r1, r3, [r5]
1000196a:	2900      	cmp	r1, #0
1000196c:	d1f6      	bne.n	1000195c <prvCheckForRunStateChange+0x74>
1000196e:	f3bf 8f5f 	dmb	sy
10001972:	2301      	movs	r3, #1
10001974:	7023      	strb	r3, [r4, #0]
10001976:	f808 3012 	strb.w	r3, [r8, r2, lsl #1]
1000197a:	f04f 4350 	mov.w	r3, #3489660928	@ 0xd0000000
1000197e:	681a      	ldr	r2, [r3, #0]
10001980:	f849 7022 	str.w	r7, [r9, r2, lsl #2]
10001984:	2f00      	cmp	r7, #0
10001986:	d040      	beq.n	10001a0a <prvCheckForRunStateChange+0x122>
10001988:	6bb3      	ldr	r3, [r6, #56]	@ 0x38
1000198a:	3302      	adds	r3, #2
1000198c:	d14e      	bne.n	10001a2c <prvCheckForRunStateChange+0x144>
1000198e:	f04f 4150 	mov.w	r1, #3489660928	@ 0xd0000000
10001992:	680a      	ldr	r2, [r1, #0]
10001994:	f859 7022 	ldr.w	r7, [r9, r2, lsl #2]
10001998:	b16f      	cbz	r7, 100019b6 <prvCheckForRunStateChange+0xce>
1000199a:	2300      	movs	r3, #0
1000199c:	f849 3022 	str.w	r3, [r9, r2, lsl #2]
100019a0:	7823      	ldrb	r3, [r4, #0]
100019a2:	680a      	ldr	r2, [r1, #0]
100019a4:	3b01      	subs	r3, #1
100019a6:	b2db      	uxtb	r3, r3
100019a8:	7023      	strb	r3, [r4, #0]
100019aa:	b923      	cbnz	r3, 100019b6 <prvCheckForRunStateChange+0xce>
100019ac:	f808 3012 	strb.w	r3, [r8, r2, lsl #1]
100019b0:	e8c5 3f8f 	stlb	r3, [r5]
100019b4:	680a      	ldr	r2, [r1, #0]
100019b6:	7863      	ldrb	r3, [r4, #1]
100019b8:	3b01      	subs	r3, #1
100019ba:	b2db      	uxtb	r3, r3
100019bc:	7063      	strb	r3, [r4, #1]
100019be:	2b00      	cmp	r3, #0
100019c0:	d1a1      	bne.n	10001906 <prvCheckForRunStateChange+0x1e>
100019c2:	eb08 0242 	add.w	r2, r8, r2, lsl #1
100019c6:	f8df a07c 	ldr.w	sl, [pc, #124]	@ 10001a44 <prvCheckForRunStateChange+0x15c>
100019ca:	7053      	strb	r3, [r2, #1]
100019cc:	e8ca 3f8f 	stlb	r3, [sl]
100019d0:	e79b      	b.n	1000190a <prvCheckForRunStateChange+0x22>
100019d2:	eb08 0243 	add.w	r2, r8, r3, lsl #1
100019d6:	7852      	ldrb	r2, [r2, #1]
100019d8:	005b      	lsls	r3, r3, #1
100019da:	bb12      	cbnz	r2, 10001a22 <prvCheckForRunStateChange+0x13a>
100019dc:	e8da 1fcf 	ldaexb	r1, [sl]
100019e0:	2201      	movs	r2, #1
100019e2:	2900      	cmp	r1, #0
100019e4:	d1fa      	bne.n	100019dc <prvCheckForRunStateChange+0xf4>
100019e6:	e8ca 2f41 	strexb	r1, r2, [sl]
100019ea:	2900      	cmp	r1, #0
100019ec:	d1f6      	bne.n	100019dc <prvCheckForRunStateChange+0xf4>
100019ee:	f3bf 8f5f 	dmb	sy
100019f2:	e79e      	b.n	10001932 <prvCheckForRunStateChange+0x4a>
100019f4:	7823      	ldrb	r3, [r4, #0]
100019f6:	3301      	adds	r3, #1
100019f8:	b2db      	uxtb	r3, r3
100019fa:	7023      	strb	r3, [r4, #0]
100019fc:	f04f 4350 	mov.w	r3, #3489660928	@ 0xd0000000
10001a00:	681a      	ldr	r2, [r3, #0]
10001a02:	f849 7022 	str.w	r7, [r9, r2, lsl #2]
10001a06:	2f00      	cmp	r7, #0
10001a08:	d1be      	bne.n	10001988 <prvCheckForRunStateChange+0xa0>
10001a0a:	681a      	ldr	r2, [r3, #0]
10001a0c:	7823      	ldrb	r3, [r4, #0]
10001a0e:	3b01      	subs	r3, #1
10001a10:	b2db      	uxtb	r3, r3
10001a12:	7023      	strb	r3, [r4, #0]
10001a14:	2b00      	cmp	r3, #0
10001a16:	d1b7      	bne.n	10001988 <prvCheckForRunStateChange+0xa0>
10001a18:	f808 7012 	strb.w	r7, [r8, r2, lsl #1]
10001a1c:	e8c5 7f8f 	stlb	r7, [r5]
10001a20:	e76f      	b.n	10001902 <prvCheckForRunStateChange+0x1a>
10001a22:	7863      	ldrb	r3, [r4, #1]
10001a24:	3301      	adds	r3, #1
10001a26:	b2db      	uxtb	r3, r3
10001a28:	7063      	strb	r3, [r4, #1]
10001a2a:	e786      	b.n	1000193a <prvCheckForRunStateChange+0x52>
10001a2c:	e8bd 87f0 	ldmia.w	sp!, {r4, r5, r6, r7, r8, r9, sl, pc}
10001a30:	20000898 	.word	0x20000898
10001a34:	20020b44 	.word	0x20020b44
10001a38:	2000081a 	.word	0x2000081a
10001a3c:	20020b48 	.word	0x20020b48
10001a40:	20020b40 	.word	0x20020b40
10001a44:	2000081b 	.word	0x2000081b

10001a48 <vTaskSuspendAll.part.0>:
10001a48:	b5f8      	push	{r3, r4, r5, r6, r7, lr}
10001a4a:	f7fe fffd 	bl	10000a48 <ulSetInterruptMask>
10001a4e:	f04f 4250 	mov.w	r2, #3489660928	@ 0xd0000000
10001a52:	4606      	mov	r6, r0
10001a54:	4b35      	ldr	r3, [pc, #212]	@ (10001b2c <vTaskSuspendAll.part.0+0xe4>)
10001a56:	6812      	ldr	r2, [r2, #0]
10001a58:	e8d3 1fcf 	ldaexb	r1, [r3]
10001a5c:	2001      	movs	r0, #1
10001a5e:	2900      	cmp	r1, #0
10001a60:	d101      	bne.n	10001a66 <vTaskSuspendAll.part.0+0x1e>
10001a62:	e8c3 0f41 	strexb	r1, r0, [r3]
10001a66:	f3bf 8f5f 	dmb	sy
10001a6a:	4d31      	ldr	r5, [pc, #196]	@ (10001b30 <vTaskSuspendAll.part.0+0xe8>)
10001a6c:	2900      	cmp	r1, #0
10001a6e:	d13e      	bne.n	10001aee <vTaskSuspendAll.part.0+0xa6>
10001a70:	0051      	lsls	r1, r2, #1
10001a72:	2301      	movs	r3, #1
10001a74:	4c2f      	ldr	r4, [pc, #188]	@ (10001b34 <vTaskSuspendAll.part.0+0xec>)
10001a76:	4429      	add	r1, r5
10001a78:	7063      	strb	r3, [r4, #1]
10001a7a:	704b      	strb	r3, [r1, #1]
10001a7c:	4f2e      	ldr	r7, [pc, #184]	@ (10001b38 <vTaskSuspendAll.part.0+0xf0>)
10001a7e:	683b      	ldr	r3, [r7, #0]
10001a80:	2b00      	cmp	r3, #0
10001a82:	d045      	beq.n	10001b10 <vTaskSuspendAll.part.0+0xc8>
10001a84:	f04f 4350 	mov.w	r3, #3489660928	@ 0xd0000000
10001a88:	4a2c      	ldr	r2, [pc, #176]	@ (10001b3c <vTaskSuspendAll.part.0+0xf4>)
10001a8a:	6819      	ldr	r1, [r3, #0]
10001a8c:	e8d2 3fcf 	ldaexb	r3, [r2]
10001a90:	2001      	movs	r0, #1
10001a92:	2b00      	cmp	r3, #0
10001a94:	d101      	bne.n	10001a9a <vTaskSuspendAll.part.0+0x52>
10001a96:	e8c2 0f43 	strexb	r3, r0, [r2]
10001a9a:	f3bf 8f5f 	dmb	sy
10001a9e:	b173      	cbz	r3, 10001abe <vTaskSuspendAll.part.0+0x76>
10001aa0:	f815 3011 	ldrb.w	r3, [r5, r1, lsl #1]
10001aa4:	2b00      	cmp	r3, #0
10001aa6:	d13c      	bne.n	10001b22 <vTaskSuspendAll.part.0+0xda>
10001aa8:	e8d2 0fcf 	ldaexb	r0, [r2]
10001aac:	2301      	movs	r3, #1
10001aae:	2800      	cmp	r0, #0
10001ab0:	d1fa      	bne.n	10001aa8 <vTaskSuspendAll.part.0+0x60>
10001ab2:	e8c2 3f40 	strexb	r0, r3, [r2]
10001ab6:	2800      	cmp	r0, #0
10001ab8:	d1f6      	bne.n	10001aa8 <vTaskSuspendAll.part.0+0x60>
10001aba:	f3bf 8f5f 	dmb	sy
10001abe:	2301      	movs	r3, #1
10001ac0:	7023      	strb	r3, [r4, #0]
10001ac2:	f805 3011 	strb.w	r3, [r5, r1, lsl #1]
10001ac6:	f04f 4150 	mov.w	r1, #3489660928	@ 0xd0000000
10001aca:	683b      	ldr	r3, [r7, #0]
10001acc:	3301      	adds	r3, #1
10001ace:	603b      	str	r3, [r7, #0]
10001ad0:	7823      	ldrb	r3, [r4, #0]
10001ad2:	6809      	ldr	r1, [r1, #0]
10001ad4:	3b01      	subs	r3, #1
10001ad6:	b2db      	uxtb	r3, r3
10001ad8:	7023      	strb	r3, [r4, #0]
10001ada:	b91b      	cbnz	r3, 10001ae4 <vTaskSuspendAll.part.0+0x9c>
10001adc:	f805 3011 	strb.w	r3, [r5, r1, lsl #1]
10001ae0:	e8c2 3f8f 	stlb	r3, [r2]
10001ae4:	4630      	mov	r0, r6
10001ae6:	e8bd 40f8 	ldmia.w	sp!, {r3, r4, r5, r6, r7, lr}
10001aea:	f7fe bfb9 	b.w	10000a60 <vClearInterruptMask>
10001aee:	0051      	lsls	r1, r2, #1
10001af0:	eb05 0242 	add.w	r2, r5, r2, lsl #1
10001af4:	7852      	ldrb	r2, [r2, #1]
10001af6:	b972      	cbnz	r2, 10001b16 <vTaskSuspendAll.part.0+0xce>
10001af8:	e8d3 0fcf 	ldaexb	r0, [r3]
10001afc:	2201      	movs	r2, #1
10001afe:	2800      	cmp	r0, #0
10001b00:	d1fa      	bne.n	10001af8 <vTaskSuspendAll.part.0+0xb0>
10001b02:	e8c3 2f40 	strexb	r0, r2, [r3]
10001b06:	2800      	cmp	r0, #0
10001b08:	d1f6      	bne.n	10001af8 <vTaskSuspendAll.part.0+0xb0>
10001b0a:	f3bf 8f5f 	dmb	sy
10001b0e:	e7b0      	b.n	10001a72 <vTaskSuspendAll.part.0+0x2a>
10001b10:	f7ff feea 	bl	100018e8 <prvCheckForRunStateChange>
10001b14:	e7b6      	b.n	10001a84 <vTaskSuspendAll.part.0+0x3c>
10001b16:	4c07      	ldr	r4, [pc, #28]	@ (10001b34 <vTaskSuspendAll.part.0+0xec>)
10001b18:	7863      	ldrb	r3, [r4, #1]
10001b1a:	3301      	adds	r3, #1
10001b1c:	b2db      	uxtb	r3, r3
10001b1e:	7063      	strb	r3, [r4, #1]
10001b20:	e7ac      	b.n	10001a7c <vTaskSuspendAll.part.0+0x34>
10001b22:	7823      	ldrb	r3, [r4, #0]
10001b24:	3301      	adds	r3, #1
10001b26:	b2db      	uxtb	r3, r3
10001b28:	7023      	strb	r3, [r4, #0]
10001b2a:	e7cc      	b.n	10001ac6 <vTaskSuspendAll.part.0+0x7e>
10001b2c:	2000081b 	.word	0x2000081b
10001b30:	20020b40 	.word	0x20020b40
10001b34:	20020b44 	.word	0x20020b44
10001b38:	20020b5c 	.word	0x20020b5c
10001b3c:	2000081a 	.word	0x2000081a

10001b40 <prvCheckTasksWaitingTermination>:
10001b40:	e92d 41f0 	stmdb	sp!, {r4, r5, r6, r7, r8, lr}
10001b44:	4c5b      	ldr	r4, [pc, #364]	@ (10001cb4 <prvCheckTasksWaitingTermination+0x174>)
10001b46:	4d5c      	ldr	r5, [pc, #368]	@ (10001cb8 <prvCheckTasksWaitingTermination+0x178>)
10001b48:	4e5c      	ldr	r6, [pc, #368]	@ (10001cbc <prvCheckTasksWaitingTermination+0x17c>)
10001b4a:	f04f 4750 	mov.w	r7, #3489660928	@ 0xd0000000
10001b4e:	6823      	ldr	r3, [r4, #0]
10001b50:	2b00      	cmp	r3, #0
10001b52:	d035      	beq.n	10001bc0 <prvCheckTasksWaitingTermination+0x80>
10001b54:	f7fe ff78 	bl	10000a48 <ulSetInterruptMask>
10001b58:	682b      	ldr	r3, [r5, #0]
10001b5a:	b173      	cbz	r3, 10001b7a <prvCheckTasksWaitingTermination+0x3a>
10001b5c:	683b      	ldr	r3, [r7, #0]
10001b5e:	f856 2023 	ldr.w	r2, [r6, r3, lsl #2]
10001b62:	2a00      	cmp	r2, #0
10001b64:	d03b      	beq.n	10001bde <prvCheckTasksWaitingTermination+0x9e>
10001b66:	f856 2023 	ldr.w	r2, [r6, r3, lsl #2]
10001b6a:	3201      	adds	r2, #1
10001b6c:	f846 2023 	str.w	r2, [r6, r3, lsl #2]
10001b70:	683b      	ldr	r3, [r7, #0]
10001b72:	f856 3023 	ldr.w	r3, [r6, r3, lsl #2]
10001b76:	2b01      	cmp	r3, #1
10001b78:	d02a      	beq.n	10001bd0 <prvCheckTasksWaitingTermination+0x90>
10001b7a:	6823      	ldr	r3, [r4, #0]
10001b7c:	b313      	cbz	r3, 10001bc4 <prvCheckTasksWaitingTermination+0x84>
10001b7e:	4b50      	ldr	r3, [pc, #320]	@ (10001cc0 <prvCheckTasksWaitingTermination+0x180>)
10001b80:	68db      	ldr	r3, [r3, #12]
10001b82:	68df      	ldr	r7, [r3, #12]
10001b84:	6bbb      	ldr	r3, [r7, #56]	@ 0x38
10001b86:	3301      	adds	r3, #1
10001b88:	f040 808c 	bne.w	10001ca4 <prvCheckTasksWaitingTermination+0x164>
10001b8c:	f107 0008 	add.w	r0, r7, #8
10001b90:	f7ff f8d8 	bl	10000d44 <uxListRemove>
10001b94:	4a4b      	ldr	r2, [pc, #300]	@ (10001cc4 <prvCheckTasksWaitingTermination+0x184>)
10001b96:	6813      	ldr	r3, [r2, #0]
10001b98:	3b01      	subs	r3, #1
10001b9a:	6013      	str	r3, [r2, #0]
10001b9c:	6823      	ldr	r3, [r4, #0]
10001b9e:	3b01      	subs	r3, #1
10001ba0:	6023      	str	r3, [r4, #0]
10001ba2:	682b      	ldr	r3, [r5, #0]
10001ba4:	b10b      	cbz	r3, 10001baa <prvCheckTasksWaitingTermination+0x6a>
10001ba6:	f7ff fdbd 	bl	10001724 <vTaskExitCritical.part.0>
10001baa:	6b78      	ldr	r0, [r7, #52]	@ 0x34
10001bac:	f7fe fc82 	bl	100004b4 <vPortFree>
10001bb0:	4638      	mov	r0, r7
10001bb2:	f7fe fc7f 	bl	100004b4 <vPortFree>
10001bb6:	6823      	ldr	r3, [r4, #0]
10001bb8:	f04f 4750 	mov.w	r7, #3489660928	@ 0xd0000000
10001bbc:	2b00      	cmp	r3, #0
10001bbe:	d1c9      	bne.n	10001b54 <prvCheckTasksWaitingTermination+0x14>
10001bc0:	e8bd 81f0 	ldmia.w	sp!, {r4, r5, r6, r7, r8, pc}
10001bc4:	682b      	ldr	r3, [r5, #0]
10001bc6:	2b00      	cmp	r3, #0
10001bc8:	d0c1      	beq.n	10001b4e <prvCheckTasksWaitingTermination+0xe>
10001bca:	f7ff fdab 	bl	10001724 <vTaskExitCritical.part.0>
10001bce:	e7bc      	b.n	10001b4a <prvCheckTasksWaitingTermination+0xa>
10001bd0:	4b3d      	ldr	r3, [pc, #244]	@ (10001cc8 <prvCheckTasksWaitingTermination+0x188>)
10001bd2:	681b      	ldr	r3, [r3, #0]
10001bd4:	2b00      	cmp	r3, #0
10001bd6:	d1d0      	bne.n	10001b7a <prvCheckTasksWaitingTermination+0x3a>
10001bd8:	f7ff fe86 	bl	100018e8 <prvCheckForRunStateChange>
10001bdc:	e7cd      	b.n	10001b7a <prvCheckTasksWaitingTermination+0x3a>
10001bde:	4a3b      	ldr	r2, [pc, #236]	@ (10001ccc <prvCheckTasksWaitingTermination+0x18c>)
10001be0:	e8d2 1fcf 	ldaexb	r1, [r2]
10001be4:	2001      	movs	r0, #1
10001be6:	2900      	cmp	r1, #0
10001be8:	d101      	bne.n	10001bee <prvCheckTasksWaitingTermination+0xae>
10001bea:	e8c2 0f41 	strexb	r1, r0, [r2]
10001bee:	f3bf 8f5f 	dmb	sy
10001bf2:	2900      	cmp	r1, #0
10001bf4:	d135      	bne.n	10001c62 <prvCheckTasksWaitingTermination+0x122>
10001bf6:	4936      	ldr	r1, [pc, #216]	@ (10001cd0 <prvCheckTasksWaitingTermination+0x190>)
10001bf8:	0058      	lsls	r0, r3, #1
10001bfa:	2301      	movs	r3, #1
10001bfc:	4a35      	ldr	r2, [pc, #212]	@ (10001cd4 <prvCheckTasksWaitingTermination+0x194>)
10001bfe:	4408      	add	r0, r1
10001c00:	7053      	strb	r3, [r2, #1]
10001c02:	7043      	strb	r3, [r0, #1]
10001c04:	f04f 4c50 	mov.w	ip, #3489660928	@ 0xd0000000
10001c08:	4b33      	ldr	r3, [pc, #204]	@ (10001cd8 <prvCheckTasksWaitingTermination+0x198>)
10001c0a:	f8dc 0000 	ldr.w	r0, [ip]
10001c0e:	e8d3 efcf 	ldaexb	lr, [r3]
10001c12:	f05f 0801 	movs.w	r8, #1
10001c16:	f1be 0f00 	cmp.w	lr, #0
10001c1a:	d101      	bne.n	10001c20 <prvCheckTasksWaitingTermination+0xe0>
10001c1c:	e8c3 8f4e 	strexb	lr, r8, [r3]
10001c20:	f3bf 8f5f 	dmb	sy
10001c24:	f1be 0f00 	cmp.w	lr, #0
10001c28:	d012      	beq.n	10001c50 <prvCheckTasksWaitingTermination+0x110>
10001c2a:	f811 e010 	ldrb.w	lr, [r1, r0, lsl #1]
10001c2e:	f1be 0f00 	cmp.w	lr, #0
10001c32:	d12a      	bne.n	10001c8a <prvCheckTasksWaitingTermination+0x14a>
10001c34:	e8d3 efcf 	ldaexb	lr, [r3]
10001c38:	f05f 0c01 	movs.w	ip, #1
10001c3c:	f1be 0f00 	cmp.w	lr, #0
10001c40:	d1f8      	bne.n	10001c34 <prvCheckTasksWaitingTermination+0xf4>
10001c42:	e8c3 cf4e 	strexb	lr, ip, [r3]
10001c46:	f1be 0f00 	cmp.w	lr, #0
10001c4a:	d1f3      	bne.n	10001c34 <prvCheckTasksWaitingTermination+0xf4>
10001c4c:	f3bf 8f5f 	dmb	sy
10001c50:	2301      	movs	r3, #1
10001c52:	f04f 4c50 	mov.w	ip, #3489660928	@ 0xd0000000
10001c56:	7013      	strb	r3, [r2, #0]
10001c58:	f801 3010 	strb.w	r3, [r1, r0, lsl #1]
10001c5c:	f8dc 3000 	ldr.w	r3, [ip]
10001c60:	e781      	b.n	10001b66 <prvCheckTasksWaitingTermination+0x26>
10001c62:	491b      	ldr	r1, [pc, #108]	@ (10001cd0 <prvCheckTasksWaitingTermination+0x190>)
10001c64:	0058      	lsls	r0, r3, #1
10001c66:	eb01 0343 	add.w	r3, r1, r3, lsl #1
10001c6a:	785b      	ldrb	r3, [r3, #1]
10001c6c:	b9a3      	cbnz	r3, 10001c98 <prvCheckTasksWaitingTermination+0x158>
10001c6e:	e8d2 cfcf 	ldaexb	ip, [r2]
10001c72:	2301      	movs	r3, #1
10001c74:	f1bc 0f00 	cmp.w	ip, #0
10001c78:	d1f9      	bne.n	10001c6e <prvCheckTasksWaitingTermination+0x12e>
10001c7a:	e8c2 3f4c 	strexb	ip, r3, [r2]
10001c7e:	f1bc 0f00 	cmp.w	ip, #0
10001c82:	d1f4      	bne.n	10001c6e <prvCheckTasksWaitingTermination+0x12e>
10001c84:	f3bf 8f5f 	dmb	sy
10001c88:	e7b7      	b.n	10001bfa <prvCheckTasksWaitingTermination+0xba>
10001c8a:	7813      	ldrb	r3, [r2, #0]
10001c8c:	3301      	adds	r3, #1
10001c8e:	b2db      	uxtb	r3, r3
10001c90:	7013      	strb	r3, [r2, #0]
10001c92:	f8dc 3000 	ldr.w	r3, [ip]
10001c96:	e766      	b.n	10001b66 <prvCheckTasksWaitingTermination+0x26>
10001c98:	4a0e      	ldr	r2, [pc, #56]	@ (10001cd4 <prvCheckTasksWaitingTermination+0x194>)
10001c9a:	7853      	ldrb	r3, [r2, #1]
10001c9c:	3301      	adds	r3, #1
10001c9e:	b2db      	uxtb	r3, r3
10001ca0:	7053      	strb	r3, [r2, #1]
10001ca2:	e7af      	b.n	10001c04 <prvCheckTasksWaitingTermination+0xc4>
10001ca4:	682b      	ldr	r3, [r5, #0]
10001ca6:	2b00      	cmp	r3, #0
10001ca8:	d08a      	beq.n	10001bc0 <prvCheckTasksWaitingTermination+0x80>
10001caa:	e8bd 41f0 	ldmia.w	sp!, {r4, r5, r6, r7, r8, lr}
10001cae:	f7ff bd39 	b.w	10001724 <vTaskExitCritical.part.0>
10001cb2:	bf00      	nop
10001cb4:	20020b58 	.word	0x20020b58
10001cb8:	20020bf8 	.word	0x20020bf8
10001cbc:	20020b48 	.word	0x20020b48
10001cc0:	20020c18 	.word	0x20020c18
10001cc4:	20020b54 	.word	0x20020b54
10001cc8:	20020b5c 	.word	0x20020b5c
10001ccc:	2000081b 	.word	0x2000081b
10001cd0:	20020b40 	.word	0x20020b40
10001cd4:	20020b44 	.word	0x20020b44
10001cd8:	2000081a 	.word	0x2000081a

10001cdc <prvIdleTask>:
10001cdc:	b508      	push	{r3, lr}
10001cde:	f7fe fd0f 	bl	10000700 <vPortYield>
10001ce2:	4c04      	ldr	r4, [pc, #16]	@ (10001cf4 <prvIdleTask+0x18>)
10001ce4:	f7ff ff2c 	bl	10001b40 <prvCheckTasksWaitingTermination>
10001ce8:	6823      	ldr	r3, [r4, #0]
10001cea:	2b02      	cmp	r3, #2
10001cec:	d9fa      	bls.n	10001ce4 <prvIdleTask+0x8>
10001cee:	f7fe fd07 	bl	10000700 <vPortYield>
10001cf2:	e7f7      	b.n	10001ce4 <prvIdleTask+0x8>
10001cf4:	200008b4 	.word	0x200008b4

10001cf8 <prvAddCurrentTaskToDelayedList>:
10001cf8:	e92d 4ff8 	stmdb	sp!, {r3, r4, r5, r6, r7, r8, r9, sl, fp, lr}
10001cfc:	f04f 4550 	mov.w	r5, #3489660928	@ 0xd0000000
10001d00:	4a46      	ldr	r2, [pc, #280]	@ (10001e1c <prvAddCurrentTaskToDelayedList+0x124>)
10001d02:	4b47      	ldr	r3, [pc, #284]	@ (10001e20 <prvAddCurrentTaskToDelayedList+0x128>)
10001d04:	4c47      	ldr	r4, [pc, #284]	@ (10001e24 <prvAddCurrentTaskToDelayedList+0x12c>)
10001d06:	460f      	mov	r7, r1
10001d08:	f8d4 a000 	ldr.w	sl, [r4]
10001d0c:	4e46      	ldr	r6, [pc, #280]	@ (10001e28 <prvAddCurrentTaskToDelayedList+0x130>)
10001d0e:	f8d2 8000 	ldr.w	r8, [r2]
10001d12:	4604      	mov	r4, r0
10001d14:	f8d3 9000 	ldr.w	r9, [r3]
10001d18:	f7fe fe96 	bl	10000a48 <ulSetInterruptMask>
10001d1c:	682b      	ldr	r3, [r5, #0]
10001d1e:	f856 b023 	ldr.w	fp, [r6, r3, lsl #2]
10001d22:	f7fe fe9d 	bl	10000a60 <vClearInterruptMask>
10001d26:	2300      	movs	r3, #0
10001d28:	f88b 3079 	strb.w	r3, [fp, #121]	@ 0x79
10001d2c:	f7fe fe8c 	bl	10000a48 <ulSetInterruptMask>
10001d30:	682b      	ldr	r3, [r5, #0]
10001d32:	f856 b023 	ldr.w	fp, [r6, r3, lsl #2]
10001d36:	f7fe fe93 	bl	10000a60 <vClearInterruptMask>
10001d3a:	f10b 0008 	add.w	r0, fp, #8
10001d3e:	f7ff f801 	bl	10000d44 <uxListRemove>
10001d42:	1c63      	adds	r3, r4, #1
10001d44:	d100      	bne.n	10001d48 <prvAddCurrentTaskToDelayedList+0x50>
10001d46:	bb8f      	cbnz	r7, 10001dac <prvAddCurrentTaskToDelayedList+0xb4>
10001d48:	f04f 4550 	mov.w	r5, #3489660928	@ 0xd0000000
10001d4c:	eb1a 0404 	adds.w	r4, sl, r4
10001d50:	bf2c      	ite	cs
10001d52:	2701      	movcs	r7, #1
10001d54:	2700      	movcc	r7, #0
10001d56:	f7fe fe77 	bl	10000a48 <ulSetInterruptMask>
10001d5a:	682b      	ldr	r3, [r5, #0]
10001d5c:	f856 a023 	ldr.w	sl, [r6, r3, lsl #2]
10001d60:	f7fe fe7e 	bl	10000a60 <vClearInterruptMask>
10001d64:	f8ca 4008 	str.w	r4, [sl, #8]
10001d68:	b997      	cbnz	r7, 10001d90 <prvAddCurrentTaskToDelayedList+0x98>
10001d6a:	f7fe fe6d 	bl	10000a48 <ulSetInterruptMask>
10001d6e:	682b      	ldr	r3, [r5, #0]
10001d70:	f856 5023 	ldr.w	r5, [r6, r3, lsl #2]
10001d74:	f7fe fe74 	bl	10000a60 <vClearInterruptMask>
10001d78:	4640      	mov	r0, r8
10001d7a:	f105 0108 	add.w	r1, r5, #8
10001d7e:	f7fe ffc9 	bl	10000d14 <vListInsert>
10001d82:	4b2a      	ldr	r3, [pc, #168]	@ (10001e2c <prvAddCurrentTaskToDelayedList+0x134>)
10001d84:	681a      	ldr	r2, [r3, #0]
10001d86:	42a2      	cmp	r2, r4
10001d88:	bf88      	it	hi
10001d8a:	601c      	strhi	r4, [r3, #0]
10001d8c:	e8bd 8ff8 	ldmia.w	sp!, {r3, r4, r5, r6, r7, r8, r9, sl, fp, pc}
10001d90:	f7fe fe5a 	bl	10000a48 <ulSetInterruptMask>
10001d94:	682b      	ldr	r3, [r5, #0]
10001d96:	f856 4023 	ldr.w	r4, [r6, r3, lsl #2]
10001d9a:	f7fe fe61 	bl	10000a60 <vClearInterruptMask>
10001d9e:	4648      	mov	r0, r9
10001da0:	f104 0108 	add.w	r1, r4, #8
10001da4:	e8bd 4ff8 	ldmia.w	sp!, {r3, r4, r5, r6, r7, r8, r9, sl, fp, lr}
10001da8:	f7fe bfb4 	b.w	10000d14 <vListInsert>
10001dac:	4c20      	ldr	r4, [pc, #128]	@ (10001e30 <prvAddCurrentTaskToDelayedList+0x138>)
10001dae:	6867      	ldr	r7, [r4, #4]
10001db0:	f7fe fe4a 	bl	10000a48 <ulSetInterruptMask>
10001db4:	682b      	ldr	r3, [r5, #0]
10001db6:	f856 8023 	ldr.w	r8, [r6, r3, lsl #2]
10001dba:	f7fe fe51 	bl	10000a60 <vClearInterruptMask>
10001dbe:	f8c8 700c 	str.w	r7, [r8, #12]
10001dc2:	f7fe fe41 	bl	10000a48 <ulSetInterruptMask>
10001dc6:	682b      	ldr	r3, [r5, #0]
10001dc8:	f856 8023 	ldr.w	r8, [r6, r3, lsl #2]
10001dcc:	f7fe fe48 	bl	10000a60 <vClearInterruptMask>
10001dd0:	68bb      	ldr	r3, [r7, #8]
10001dd2:	f8c8 3010 	str.w	r3, [r8, #16]
10001dd6:	f7fe fe37 	bl	10000a48 <ulSetInterruptMask>
10001dda:	682b      	ldr	r3, [r5, #0]
10001ddc:	f856 8023 	ldr.w	r8, [r6, r3, lsl #2]
10001de0:	f7fe fe3e 	bl	10000a60 <vClearInterruptMask>
10001de4:	68ba      	ldr	r2, [r7, #8]
10001de6:	f108 0308 	add.w	r3, r8, #8
10001dea:	6053      	str	r3, [r2, #4]
10001dec:	f7fe fe2c 	bl	10000a48 <ulSetInterruptMask>
10001df0:	682b      	ldr	r3, [r5, #0]
10001df2:	f856 8023 	ldr.w	r8, [r6, r3, lsl #2]
10001df6:	f7fe fe33 	bl	10000a60 <vClearInterruptMask>
10001dfa:	f108 0308 	add.w	r3, r8, #8
10001dfe:	60bb      	str	r3, [r7, #8]
10001e00:	f7fe fe22 	bl	10000a48 <ulSetInterruptMask>
10001e04:	682b      	ldr	r3, [r5, #0]
10001e06:	f856 5023 	ldr.w	r5, [r6, r3, lsl #2]
10001e0a:	f7fe fe29 	bl	10000a60 <vClearInterruptMask>
10001e0e:	6823      	ldr	r3, [r4, #0]
10001e10:	61ac      	str	r4, [r5, #24]
10001e12:	3301      	adds	r3, #1
10001e14:	6023      	str	r3, [r4, #0]
10001e16:	e8bd 8ff8 	ldmia.w	sp!, {r3, r4, r5, r6, r7, r8, r9, sl, fp, pc}
10001e1a:	bf00      	nop
10001e1c:	200008a4 	.word	0x200008a4
10001e20:	200008ac 	.word	0x200008ac
10001e24:	20020c2c 	.word	0x20020c2c
10001e28:	20000898 	.word	0x20000898
10001e2c:	20020bd0 	.word	0x20020bd0
10001e30:	20020c04 	.word	0x20020c04

10001e34 <vTaskSuspendAll>:
10001e34:	4b02      	ldr	r3, [pc, #8]	@ (10001e40 <vTaskSuspendAll+0xc>)
10001e36:	681b      	ldr	r3, [r3, #0]
10001e38:	b903      	cbnz	r3, 10001e3c <vTaskSuspendAll+0x8>
10001e3a:	4770      	bx	lr
10001e3c:	f7ff be04 	b.w	10001a48 <vTaskSuspendAll.part.0>
10001e40:	20020bf8 	.word	0x20020bf8

10001e44 <xTaskGetTickCount>:
10001e44:	4b01      	ldr	r3, [pc, #4]	@ (10001e4c <xTaskGetTickCount+0x8>)
10001e46:	6818      	ldr	r0, [r3, #0]
10001e48:	4770      	bx	lr
10001e4a:	bf00      	nop
10001e4c:	20020c2c 	.word	0x20020c2c

10001e50 <uxTaskGetNumberOfTasks>:
10001e50:	4b01      	ldr	r3, [pc, #4]	@ (10001e58 <uxTaskGetNumberOfTasks+0x8>)
10001e52:	6818      	ldr	r0, [r3, #0]
10001e54:	4770      	bx	lr
10001e56:	bf00      	nop
10001e58:	20020b54 	.word	0x20020b54

10001e5c <xTaskIncrementTick>:
10001e5c:	4b8e      	ldr	r3, [pc, #568]	@ (10002098 <xTaskIncrementTick+0x23c>)
10001e5e:	e92d 47f0 	stmdb	sp!, {r4, r5, r6, r7, r8, r9, sl, lr}
10001e62:	681b      	ldr	r3, [r3, #0]
10001e64:	2b00      	cmp	r3, #0
10001e66:	d149      	bne.n	10001efc <xTaskIncrementTick+0xa0>
10001e68:	4b8c      	ldr	r3, [pc, #560]	@ (1000209c <xTaskIncrementTick+0x240>)
10001e6a:	681d      	ldr	r5, [r3, #0]
10001e6c:	3501      	adds	r5, #1
10001e6e:	601d      	str	r5, [r3, #0]
10001e70:	2d00      	cmp	r5, #0
10001e72:	d04b      	beq.n	10001f0c <xTaskIncrementTick+0xb0>
10001e74:	f8df 8248 	ldr.w	r8, [pc, #584]	@ 100020c0 <xTaskIncrementTick+0x264>
10001e78:	f8d8 3000 	ldr.w	r3, [r8]
10001e7c:	42ab      	cmp	r3, r5
10001e7e:	d95e      	bls.n	10001f3e <xTaskIncrementTick+0xe2>
10001e80:	4c87      	ldr	r4, [pc, #540]	@ (100020a0 <xTaskIncrementTick+0x244>)
10001e82:	4d88      	ldr	r5, [pc, #544]	@ (100020a4 <xTaskIncrementTick+0x248>)
10001e84:	682b      	ldr	r3, [r5, #0]
10001e86:	6b1b      	ldr	r3, [r3, #48]	@ 0x30
10001e88:	eb03 0383 	add.w	r3, r3, r3, lsl #2
10001e8c:	f854 3023 	ldr.w	r3, [r4, r3, lsl #2]
10001e90:	2b01      	cmp	r3, #1
10001e92:	f240 80b3 	bls.w	10001ffc <xTaskIncrementTick+0x1a0>
10001e96:	686b      	ldr	r3, [r5, #4]
10001e98:	6b1b      	ldr	r3, [r3, #48]	@ 0x30
10001e9a:	eb03 0383 	add.w	r3, r3, r3, lsl #2
10001e9e:	f854 3023 	ldr.w	r3, [r4, r3, lsl #2]
10001ea2:	2b01      	cmp	r3, #1
10001ea4:	f240 80cf 	bls.w	10002046 <xTaskIncrementTick+0x1ea>
10001ea8:	f04f 4350 	mov.w	r3, #3489660928	@ 0xd0000000
10001eac:	681c      	ldr	r4, [r3, #0]
10001eae:	2c00      	cmp	r4, #0
10001eb0:	f000 80ed 	beq.w	1000208e <xTaskIncrementTick+0x232>
10001eb4:	2601      	movs	r6, #1
10001eb6:	682b      	ldr	r3, [r5, #0]
10001eb8:	6b9b      	ldr	r3, [r3, #56]	@ 0x38
10001eba:	3302      	adds	r3, #2
10001ebc:	d006      	beq.n	10001ecc <xTaskIncrementTick+0x70>
10001ebe:	2000      	movs	r0, #0
10001ec0:	f7fe fd8c 	bl	100009dc <vYieldCore>
10001ec4:	f06f 0201 	mvn.w	r2, #1
10001ec8:	682b      	ldr	r3, [r5, #0]
10001eca:	639a      	str	r2, [r3, #56]	@ 0x38
10001ecc:	2e00      	cmp	r6, #0
10001ece:	f000 80ce 	beq.w	1000206e <xTaskIncrementTick+0x212>
10001ed2:	2c01      	cmp	r4, #1
10001ed4:	d017      	beq.n	10001f06 <xTaskIncrementTick+0xaa>
10001ed6:	f04f 4350 	mov.w	r3, #3489660928	@ 0xd0000000
10001eda:	681b      	ldr	r3, [r3, #0]
10001edc:	2b01      	cmp	r3, #1
10001ede:	f000 80ce 	beq.w	1000207e <xTaskIncrementTick+0x222>
10001ee2:	2400      	movs	r4, #0
10001ee4:	686b      	ldr	r3, [r5, #4]
10001ee6:	6b9b      	ldr	r3, [r3, #56]	@ 0x38
10001ee8:	3302      	adds	r3, #2
10001eea:	d00c      	beq.n	10001f06 <xTaskIncrementTick+0xaa>
10001eec:	2001      	movs	r0, #1
10001eee:	f7fe fd75 	bl	100009dc <vYieldCore>
10001ef2:	f06f 0201 	mvn.w	r2, #1
10001ef6:	686b      	ldr	r3, [r5, #4]
10001ef8:	639a      	str	r2, [r3, #56]	@ 0x38
10001efa:	e004      	b.n	10001f06 <xTaskIncrementTick+0xaa>
10001efc:	2400      	movs	r4, #0
10001efe:	4a6a      	ldr	r2, [pc, #424]	@ (100020a8 <xTaskIncrementTick+0x24c>)
10001f00:	6813      	ldr	r3, [r2, #0]
10001f02:	3301      	adds	r3, #1
10001f04:	6013      	str	r3, [r2, #0]
10001f06:	4620      	mov	r0, r4
10001f08:	e8bd 87f0 	ldmia.w	sp!, {r4, r5, r6, r7, r8, r9, sl, pc}
10001f0c:	4b67      	ldr	r3, [pc, #412]	@ (100020ac <xTaskIncrementTick+0x250>)
10001f0e:	4a68      	ldr	r2, [pc, #416]	@ (100020b0 <xTaskIncrementTick+0x254>)
10001f10:	6818      	ldr	r0, [r3, #0]
10001f12:	6811      	ldr	r1, [r2, #0]
10001f14:	6019      	str	r1, [r3, #0]
10001f16:	4967      	ldr	r1, [pc, #412]	@ (100020b4 <xTaskIncrementTick+0x258>)
10001f18:	6010      	str	r0, [r2, #0]
10001f1a:	680a      	ldr	r2, [r1, #0]
10001f1c:	3201      	adds	r2, #1
10001f1e:	600a      	str	r2, [r1, #0]
10001f20:	681a      	ldr	r2, [r3, #0]
10001f22:	6812      	ldr	r2, [r2, #0]
10001f24:	2a00      	cmp	r2, #0
10001f26:	f040 8086 	bne.w	10002036 <xTaskIncrementTick+0x1da>
10001f2a:	f04f 33ff 	mov.w	r3, #4294967295	@ 0xffffffff
10001f2e:	f8df 8190 	ldr.w	r8, [pc, #400]	@ 100020c0 <xTaskIncrementTick+0x264>
10001f32:	f8c8 3000 	str.w	r3, [r8]
10001f36:	f8d8 3000 	ldr.w	r3, [r8]
10001f3a:	42ab      	cmp	r3, r5
10001f3c:	d8a0      	bhi.n	10001e80 <xTaskIncrementTick+0x24>
10001f3e:	f8df 916c 	ldr.w	r9, [pc, #364]	@ 100020ac <xTaskIncrementTick+0x250>
10001f42:	f8d9 3000 	ldr.w	r3, [r9]
10001f46:	681b      	ldr	r3, [r3, #0]
10001f48:	2b00      	cmp	r3, #0
10001f4a:	f000 8092 	beq.w	10002072 <xTaskIncrementTick+0x216>
10001f4e:	2600      	movs	r6, #0
10001f50:	4c53      	ldr	r4, [pc, #332]	@ (100020a0 <xTaskIncrementTick+0x244>)
10001f52:	4f59      	ldr	r7, [pc, #356]	@ (100020b8 <xTaskIncrementTick+0x25c>)
10001f54:	e044      	b.n	10001fe0 <xTaskIncrementTick+0x184>
10001f56:	6999      	ldr	r1, [r3, #24]
10001f58:	e9d3 2a03 	ldrd	r2, sl, [r3, #12]
10001f5c:	f8c2 a008 	str.w	sl, [r2, #8]
10001f60:	f8ca 2004 	str.w	r2, [sl, #4]
10001f64:	684a      	ldr	r2, [r1, #4]
10001f66:	4618      	mov	r0, r3
10001f68:	4562      	cmp	r2, ip
10001f6a:	680a      	ldr	r2, [r1, #0]
10001f6c:	bf08      	it	eq
10001f6e:	f8c1 a004 	streq.w	sl, [r1, #4]
10001f72:	3a01      	subs	r2, #1
10001f74:	619e      	str	r6, [r3, #24]
10001f76:	600a      	str	r2, [r1, #0]
10001f78:	6ad9      	ldr	r1, [r3, #44]	@ 0x2c
10001f7a:	b171      	cbz	r1, 10001f9a <xTaskIncrementTick+0x13e>
10001f7c:	e9d3 2a08 	ldrd	r2, sl, [r3, #32]
10001f80:	f8c2 a008 	str.w	sl, [r2, #8]
10001f84:	f8ca 2004 	str.w	r2, [sl, #4]
10001f88:	684a      	ldr	r2, [r1, #4]
10001f8a:	4572      	cmp	r2, lr
10001f8c:	680a      	ldr	r2, [r1, #0]
10001f8e:	bf08      	it	eq
10001f90:	f8c1 a004 	streq.w	sl, [r1, #4]
10001f94:	3a01      	subs	r2, #1
10001f96:	62de      	str	r6, [r3, #44]	@ 0x2c
10001f98:	600a      	str	r2, [r1, #0]
10001f9a:	6b1a      	ldr	r2, [r3, #48]	@ 0x30
10001f9c:	f8d7 e000 	ldr.w	lr, [r7]
10001fa0:	eb02 0182 	add.w	r1, r2, r2, lsl #2
10001fa4:	4572      	cmp	r2, lr
10001fa6:	eb04 0e81 	add.w	lr, r4, r1, lsl #2
10001faa:	bf88      	it	hi
10001fac:	603a      	strhi	r2, [r7, #0]
10001fae:	f8de 2004 	ldr.w	r2, [lr, #4]
10001fb2:	f8d2 a008 	ldr.w	sl, [r2, #8]
10001fb6:	60da      	str	r2, [r3, #12]
10001fb8:	f8c3 a010 	str.w	sl, [r3, #16]
10001fbc:	f8ca c004 	str.w	ip, [sl, #4]
10001fc0:	f8c2 c008 	str.w	ip, [r2, #8]
10001fc4:	f854 2021 	ldr.w	r2, [r4, r1, lsl #2]
10001fc8:	f8c3 e018 	str.w	lr, [r3, #24]
10001fcc:	3201      	adds	r2, #1
10001fce:	f844 2021 	str.w	r2, [r4, r1, lsl #2]
10001fd2:	f7ff fb41 	bl	10001658 <prvYieldForTask>
10001fd6:	f8d9 3000 	ldr.w	r3, [r9]
10001fda:	681b      	ldr	r3, [r3, #0]
10001fdc:	2b00      	cmp	r3, #0
10001fde:	d049      	beq.n	10002074 <xTaskIncrementTick+0x218>
10001fe0:	f8d9 3000 	ldr.w	r3, [r9]
10001fe4:	68db      	ldr	r3, [r3, #12]
10001fe6:	68db      	ldr	r3, [r3, #12]
10001fe8:	689a      	ldr	r2, [r3, #8]
10001fea:	f103 0c08 	add.w	ip, r3, #8
10001fee:	4295      	cmp	r5, r2
10001ff0:	f103 0e1c 	add.w	lr, r3, #28
10001ff4:	d2af      	bcs.n	10001f56 <xTaskIncrementTick+0xfa>
10001ff6:	f8c8 2000 	str.w	r2, [r8]
10001ffa:	e742      	b.n	10001e82 <xTaskIncrementTick+0x26>
10001ffc:	686b      	ldr	r3, [r5, #4]
10001ffe:	6b1b      	ldr	r3, [r3, #48]	@ 0x30
10002000:	eb03 0383 	add.w	r3, r3, r3, lsl #2
10002004:	f854 3023 	ldr.w	r3, [r4, r3, lsl #2]
10002008:	2b01      	cmp	r3, #1
1000200a:	d924      	bls.n	10002056 <xTaskIncrementTick+0x1fa>
1000200c:	f04f 4250 	mov.w	r2, #3489660928	@ 0xd0000000
10002010:	4b2a      	ldr	r3, [pc, #168]	@ (100020bc <xTaskIncrementTick+0x260>)
10002012:	6814      	ldr	r4, [r2, #0]
10002014:	681b      	ldr	r3, [r3, #0]
10002016:	2b00      	cmp	r3, #0
10002018:	f43f af5b 	beq.w	10001ed2 <xTaskIncrementTick+0x76>
1000201c:	2601      	movs	r6, #1
1000201e:	2c00      	cmp	r4, #0
10002020:	f47f af49 	bne.w	10001eb6 <xTaskIncrementTick+0x5a>
10002024:	2e00      	cmp	r6, #0
10002026:	d134      	bne.n	10002092 <xTaskIncrementTick+0x236>
10002028:	4b24      	ldr	r3, [pc, #144]	@ (100020bc <xTaskIncrementTick+0x260>)
1000202a:	2401      	movs	r4, #1
1000202c:	685b      	ldr	r3, [r3, #4]
1000202e:	2b00      	cmp	r3, #0
10002030:	f47f af58 	bne.w	10001ee4 <xTaskIncrementTick+0x88>
10002034:	e767      	b.n	10001f06 <xTaskIncrementTick+0xaa>
10002036:	681b      	ldr	r3, [r3, #0]
10002038:	f8df 8084 	ldr.w	r8, [pc, #132]	@ 100020c0 <xTaskIncrementTick+0x264>
1000203c:	68db      	ldr	r3, [r3, #12]
1000203e:	681b      	ldr	r3, [r3, #0]
10002040:	f8c8 3000 	str.w	r3, [r8]
10002044:	e718      	b.n	10001e78 <xTaskIncrementTick+0x1c>
10002046:	f04f 4350 	mov.w	r3, #3489660928	@ 0xd0000000
1000204a:	681c      	ldr	r4, [r3, #0]
1000204c:	2600      	movs	r6, #0
1000204e:	2c00      	cmp	r4, #0
10002050:	f47f af31 	bne.w	10001eb6 <xTaskIncrementTick+0x5a>
10002054:	e7e6      	b.n	10002024 <xTaskIncrementTick+0x1c8>
10002056:	f04f 4150 	mov.w	r1, #3489660928	@ 0xd0000000
1000205a:	4b18      	ldr	r3, [pc, #96]	@ (100020bc <xTaskIncrementTick+0x260>)
1000205c:	680c      	ldr	r4, [r1, #0]
1000205e:	681a      	ldr	r2, [r3, #0]
10002060:	b982      	cbnz	r2, 10002084 <xTaskIncrementTick+0x228>
10002062:	685b      	ldr	r3, [r3, #4]
10002064:	2b00      	cmp	r3, #0
10002066:	f47f af34 	bne.w	10001ed2 <xTaskIncrementTick+0x76>
1000206a:	2400      	movs	r4, #0
1000206c:	e74b      	b.n	10001f06 <xTaskIncrementTick+0xaa>
1000206e:	4b13      	ldr	r3, [pc, #76]	@ (100020bc <xTaskIncrementTick+0x260>)
10002070:	e7f7      	b.n	10002062 <xTaskIncrementTick+0x206>
10002072:	4c0b      	ldr	r4, [pc, #44]	@ (100020a0 <xTaskIncrementTick+0x244>)
10002074:	f04f 33ff 	mov.w	r3, #4294967295	@ 0xffffffff
10002078:	f8c8 3000 	str.w	r3, [r8]
1000207c:	e701      	b.n	10001e82 <xTaskIncrementTick+0x26>
1000207e:	4a0f      	ldr	r2, [pc, #60]	@ (100020bc <xTaskIncrementTick+0x260>)
10002080:	6053      	str	r3, [r2, #4]
10002082:	e7f2      	b.n	1000206a <xTaskIncrementTick+0x20e>
10002084:	2600      	movs	r6, #0
10002086:	2c00      	cmp	r4, #0
10002088:	f47f af15 	bne.w	10001eb6 <xTaskIncrementTick+0x5a>
1000208c:	e7ca      	b.n	10002024 <xTaskIncrementTick+0x1c8>
1000208e:	2401      	movs	r4, #1
10002090:	e728      	b.n	10001ee4 <xTaskIncrementTick+0x88>
10002092:	4634      	mov	r4, r6
10002094:	e726      	b.n	10001ee4 <xTaskIncrementTick+0x88>
10002096:	bf00      	nop
10002098:	20020b5c 	.word	0x20020b5c
1000209c:	20020c2c 	.word	0x20020c2c
100020a0:	200008b4 	.word	0x200008b4
100020a4:	20000898 	.word	0x20000898
100020a8:	20020be0 	.word	0x20020be0
100020ac:	200008a4 	.word	0x200008a4
100020b0:	200008ac 	.word	0x200008ac
100020b4:	20020bd4 	.word	0x20020bd4
100020b8:	20020b64 	.word	0x20020b64
100020bc:	20020c38 	.word	0x20020c38
100020c0:	20020bd0 	.word	0x20020bd0

100020c4 <vTaskSwitchContext>:
100020c4:	f04f 4350 	mov.w	r3, #3489660928	@ 0xd0000000
100020c8:	e92d 4ff0 	stmdb	sp!, {r4, r5, r6, r7, r8, r9, sl, fp, lr}
100020cc:	681b      	ldr	r3, [r3, #0]
100020ce:	4604      	mov	r4, r0
100020d0:	f8df 8218 	ldr.w	r8, [pc, #536]	@ 100022ec <vTaskSwitchContext+0x228>
100020d4:	b083      	sub	sp, #12
100020d6:	e8d8 2fcf 	ldaexb	r2, [r8]
100020da:	2101      	movs	r1, #1
100020dc:	2a00      	cmp	r2, #0
100020de:	d101      	bne.n	100020e4 <vTaskSwitchContext+0x20>
100020e0:	e8c8 1f42 	strexb	r2, r1, [r8]
100020e4:	f3bf 8f5f 	dmb	sy
100020e8:	2a00      	cmp	r2, #0
100020ea:	d14d      	bne.n	10002188 <vTaskSwitchContext+0xc4>
100020ec:	4a7a      	ldr	r2, [pc, #488]	@ (100022d8 <vTaskSwitchContext+0x214>)
100020ee:	0059      	lsls	r1, r3, #1
100020f0:	2301      	movs	r3, #1
100020f2:	4f7a      	ldr	r7, [pc, #488]	@ (100022dc <vTaskSwitchContext+0x218>)
100020f4:	4411      	add	r1, r2
100020f6:	707b      	strb	r3, [r7, #1]
100020f8:	704b      	strb	r3, [r1, #1]
100020fa:	f04f 4350 	mov.w	r3, #3489660928	@ 0xd0000000
100020fe:	f8df 91f0 	ldr.w	r9, [pc, #496]	@ 100022f0 <vTaskSwitchContext+0x22c>
10002102:	6819      	ldr	r1, [r3, #0]
10002104:	e8d9 3fcf 	ldaexb	r3, [r9]
10002108:	2001      	movs	r0, #1
1000210a:	2b00      	cmp	r3, #0
1000210c:	d101      	bne.n	10002112 <vTaskSwitchContext+0x4e>
1000210e:	e8c9 0f43 	strexb	r3, r0, [r9]
10002112:	f3bf 8f5f 	dmb	sy
10002116:	b17b      	cbz	r3, 10002138 <vTaskSwitchContext+0x74>
10002118:	f812 3011 	ldrb.w	r3, [r2, r1, lsl #1]
1000211c:	2b00      	cmp	r3, #0
1000211e:	f040 80ba 	bne.w	10002296 <vTaskSwitchContext+0x1d2>
10002122:	e8d9 0fcf 	ldaexb	r0, [r9]
10002126:	2301      	movs	r3, #1
10002128:	2800      	cmp	r0, #0
1000212a:	d1fa      	bne.n	10002122 <vTaskSwitchContext+0x5e>
1000212c:	e8c9 3f40 	strexb	r0, r3, [r9]
10002130:	2800      	cmp	r0, #0
10002132:	d1f6      	bne.n	10002122 <vTaskSwitchContext+0x5e>
10002134:	f3bf 8f5f 	dmb	sy
10002138:	2301      	movs	r3, #1
1000213a:	703b      	strb	r3, [r7, #0]
1000213c:	f802 3011 	strb.w	r3, [r2, r1, lsl #1]
10002140:	4b67      	ldr	r3, [pc, #412]	@ (100022e0 <vTaskSwitchContext+0x21c>)
10002142:	681b      	ldr	r3, [r3, #0]
10002144:	2b00      	cmp	r3, #0
10002146:	d033      	beq.n	100021b0 <vTaskSwitchContext+0xec>
10002148:	2001      	movs	r0, #1
1000214a:	f04f 4350 	mov.w	r3, #3489660928	@ 0xd0000000
1000214e:	4965      	ldr	r1, [pc, #404]	@ (100022e4 <vTaskSwitchContext+0x220>)
10002150:	f841 0024 	str.w	r0, [r1, r4, lsl #2]
10002154:	6819      	ldr	r1, [r3, #0]
10002156:	783b      	ldrb	r3, [r7, #0]
10002158:	3b01      	subs	r3, #1
1000215a:	b2db      	uxtb	r3, r3
1000215c:	703b      	strb	r3, [r7, #0]
1000215e:	b91b      	cbnz	r3, 10002168 <vTaskSwitchContext+0xa4>
10002160:	f802 3011 	strb.w	r3, [r2, r1, lsl #1]
10002164:	e8c9 3f8f 	stlb	r3, [r9]
10002168:	f04f 4150 	mov.w	r1, #3489660928	@ 0xd0000000
1000216c:	787b      	ldrb	r3, [r7, #1]
1000216e:	6809      	ldr	r1, [r1, #0]
10002170:	3b01      	subs	r3, #1
10002172:	b2db      	uxtb	r3, r3
10002174:	707b      	strb	r3, [r7, #1]
10002176:	b923      	cbnz	r3, 10002182 <vTaskSwitchContext+0xbe>
10002178:	eb02 0241 	add.w	r2, r2, r1, lsl #1
1000217c:	7053      	strb	r3, [r2, #1]
1000217e:	e8c8 3f8f 	stlb	r3, [r8]
10002182:	b003      	add	sp, #12
10002184:	e8bd 8ff0 	ldmia.w	sp!, {r4, r5, r6, r7, r8, r9, sl, fp, pc}
10002188:	4a53      	ldr	r2, [pc, #332]	@ (100022d8 <vTaskSwitchContext+0x214>)
1000218a:	0059      	lsls	r1, r3, #1
1000218c:	eb02 0343 	add.w	r3, r2, r3, lsl #1
10002190:	785b      	ldrb	r3, [r3, #1]
10002192:	2b00      	cmp	r3, #0
10002194:	f040 8084 	bne.w	100022a0 <vTaskSwitchContext+0x1dc>
10002198:	e8d8 0fcf 	ldaexb	r0, [r8]
1000219c:	2301      	movs	r3, #1
1000219e:	2800      	cmp	r0, #0
100021a0:	d1fa      	bne.n	10002198 <vTaskSwitchContext+0xd4>
100021a2:	e8c8 3f40 	strexb	r0, r3, [r8]
100021a6:	2800      	cmp	r0, #0
100021a8:	d1f6      	bne.n	10002198 <vTaskSwitchContext+0xd4>
100021aa:	f3bf 8f5f 	dmb	sy
100021ae:	e79f      	b.n	100020f0 <vTaskSwitchContext+0x2c>
100021b0:	494c      	ldr	r1, [pc, #304]	@ (100022e4 <vTaskSwitchContext+0x220>)
100021b2:	4d4d      	ldr	r5, [pc, #308]	@ (100022e8 <vTaskSwitchContext+0x224>)
100021b4:	f8df a13c 	ldr.w	sl, [pc, #316]	@ 100022f4 <vTaskSwitchContext+0x230>
100021b8:	f841 3024 	str.w	r3, [r1, r4, lsl #2]
100021bc:	f8da 6000 	ldr.w	r6, [sl]
100021c0:	f855 3024 	ldr.w	r3, [r5, r4, lsl #2]
100021c4:	f8df b130 	ldr.w	fp, [pc, #304]	@ 100022f8 <vTaskSwitchContext+0x234>
100021c8:	6999      	ldr	r1, [r3, #24]
100021ca:	f855 3024 	ldr.w	r3, [r5, r4, lsl #2]
100021ce:	6b1b      	ldr	r3, [r3, #48]	@ 0x30
100021d0:	eb03 0383 	add.w	r3, r3, r3, lsl #2
100021d4:	eb0b 0383 	add.w	r3, fp, r3, lsl #2
100021d8:	4299      	cmp	r1, r3
100021da:	d067      	beq.n	100022ac <vTaskSwitchContext+0x1e8>
100021dc:	f04f 0c01 	mov.w	ip, #1
100021e0:	eb06 0086 	add.w	r0, r6, r6, lsl #2
100021e4:	eb0b 0080 	add.w	r0, fp, r0, lsl #2
100021e8:	4661      	mov	r1, ip
100021ea:	4696      	mov	lr, r2
100021ec:	3008      	adds	r0, #8
100021ee:	fa0c fc04 	lsl.w	ip, ip, r4
100021f2:	e009      	b.n	10002208 <vTaskSwitchContext+0x144>
100021f4:	b121      	cbz	r1, 10002200 <vTaskSwitchContext+0x13c>
100021f6:	f8da 3000 	ldr.w	r3, [sl]
100021fa:	3b01      	subs	r3, #1
100021fc:	f8ca 3000 	str.w	r3, [sl]
10002200:	3814      	subs	r0, #20
10002202:	2e00      	cmp	r6, #0
10002204:	d042      	beq.n	1000228c <vTaskSwitchContext+0x1c8>
10002206:	3e01      	subs	r6, #1
10002208:	f850 3c08 	ldr.w	r3, [r0, #-8]
1000220c:	2b00      	cmp	r3, #0
1000220e:	d0f1      	beq.n	100021f4 <vTaskSwitchContext+0x130>
10002210:	6843      	ldr	r3, [r0, #4]
10002212:	4283      	cmp	r3, r0
10002214:	d05e      	beq.n	100022d4 <vTaskSwitchContext+0x210>
10002216:	9601      	str	r6, [sp, #4]
10002218:	e006      	b.n	10002228 <vTaskSwitchContext+0x164>
1000221a:	f855 1024 	ldr.w	r1, [r5, r4, lsl #2]
1000221e:	428a      	cmp	r2, r1
10002220:	d025      	beq.n	1000226e <vTaskSwitchContext+0x1aa>
10002222:	685b      	ldr	r3, [r3, #4]
10002224:	4283      	cmp	r3, r0
10002226:	d02c      	beq.n	10002282 <vTaskSwitchContext+0x1be>
10002228:	68da      	ldr	r2, [r3, #12]
1000222a:	6b91      	ldr	r1, [r2, #56]	@ 0x38
1000222c:	1c4e      	adds	r6, r1, #1
1000222e:	d1f4      	bne.n	1000221a <vTaskSwitchContext+0x156>
10002230:	6856      	ldr	r6, [r2, #4]
10002232:	ea1c 0f06 	tst.w	ip, r6
10002236:	d0f4      	beq.n	10002222 <vTaskSwitchContext+0x15e>
10002238:	4673      	mov	r3, lr
1000223a:	4696      	mov	lr, r2
1000223c:	461a      	mov	r2, r3
1000223e:	f855 3024 	ldr.w	r3, [r5, r4, lsl #2]
10002242:	6399      	str	r1, [r3, #56]	@ 0x38
10002244:	f855 0024 	ldr.w	r0, [r5, r4, lsl #2]
10002248:	f8ce 4038 	str.w	r4, [lr, #56]	@ 0x38
1000224c:	f845 e024 	str.w	lr, [r5, r4, lsl #2]
10002250:	b138      	cbz	r0, 10002262 <vTaskSwitchContext+0x19e>
10002252:	6b06      	ldr	r6, [r0, #48]	@ 0x30
10002254:	6983      	ldr	r3, [r0, #24]
10002256:	eb06 0c86 	add.w	ip, r6, r6, lsl #2
1000225a:	eb0b 0b8c 	add.w	fp, fp, ip, lsl #2
1000225e:	455b      	cmp	r3, fp
10002260:	d04c      	beq.n	100022fc <vTaskSwitchContext+0x238>
10002262:	f04f 4350 	mov.w	r3, #3489660928	@ 0xd0000000
10002266:	6819      	ldr	r1, [r3, #0]
10002268:	f855 3021 	ldr.w	r3, [r5, r1, lsl #2]
1000226c:	e773      	b.n	10002156 <vTaskSwitchContext+0x92>
1000226e:	6851      	ldr	r1, [r2, #4]
10002270:	ea1c 0f01 	tst.w	ip, r1
10002274:	d0d5      	beq.n	10002222 <vTaskSwitchContext+0x15e>
10002276:	4673      	mov	r3, lr
10002278:	4696      	mov	lr, r2
1000227a:	461a      	mov	r2, r3
1000227c:	f8ce 4038 	str.w	r4, [lr, #56]	@ 0x38
10002280:	e7ef      	b.n	10002262 <vTaskSwitchContext+0x19e>
10002282:	9e01      	ldr	r6, [sp, #4]
10002284:	2100      	movs	r1, #0
10002286:	3814      	subs	r0, #20
10002288:	2e00      	cmp	r6, #0
1000228a:	d1bc      	bne.n	10002206 <vTaskSwitchContext+0x142>
1000228c:	f04f 4350 	mov.w	r3, #3489660928	@ 0xd0000000
10002290:	4672      	mov	r2, lr
10002292:	6819      	ldr	r1, [r3, #0]
10002294:	e7e8      	b.n	10002268 <vTaskSwitchContext+0x1a4>
10002296:	783b      	ldrb	r3, [r7, #0]
10002298:	3301      	adds	r3, #1
1000229a:	b2db      	uxtb	r3, r3
1000229c:	703b      	strb	r3, [r7, #0]
1000229e:	e74f      	b.n	10002140 <vTaskSwitchContext+0x7c>
100022a0:	4f0e      	ldr	r7, [pc, #56]	@ (100022dc <vTaskSwitchContext+0x218>)
100022a2:	787b      	ldrb	r3, [r7, #1]
100022a4:	3301      	adds	r3, #1
100022a6:	b2db      	uxtb	r3, r3
100022a8:	707b      	strb	r3, [r7, #1]
100022aa:	e726      	b.n	100020fa <vTaskSwitchContext+0x36>
100022ac:	f855 0024 	ldr.w	r0, [r5, r4, lsl #2]
100022b0:	9201      	str	r2, [sp, #4]
100022b2:	3008      	adds	r0, #8
100022b4:	f7fe fd46 	bl	10000d44 <uxListRemove>
100022b8:	f855 3024 	ldr.w	r3, [r5, r4, lsl #2]
100022bc:	f855 1024 	ldr.w	r1, [r5, r4, lsl #2]
100022c0:	6b18      	ldr	r0, [r3, #48]	@ 0x30
100022c2:	3108      	adds	r1, #8
100022c4:	eb00 0080 	add.w	r0, r0, r0, lsl #2
100022c8:	eb0b 0080 	add.w	r0, fp, r0, lsl #2
100022cc:	f7fe fd14 	bl	10000cf8 <vListInsertEnd>
100022d0:	9a01      	ldr	r2, [sp, #4]
100022d2:	e783      	b.n	100021dc <vTaskSwitchContext+0x118>
100022d4:	2100      	movs	r1, #0
100022d6:	e793      	b.n	10002200 <vTaskSwitchContext+0x13c>
100022d8:	20020b40 	.word	0x20020b40
100022dc:	20020b44 	.word	0x20020b44
100022e0:	20020b5c 	.word	0x20020b5c
100022e4:	20020c38 	.word	0x20020c38
100022e8:	20000898 	.word	0x20000898
100022ec:	2000081b 	.word	0x2000081b
100022f0:	2000081a 	.word	0x2000081a
100022f4:	20020b64 	.word	0x20020b64
100022f8:	200008b4 	.word	0x200008b4
100022fc:	f8d0 c03c 	ldr.w	ip, [r0, #60]	@ 0x3c
10002300:	6843      	ldr	r3, [r0, #4]
10002302:	f01c 0f01 	tst.w	ip, #1
10002306:	fa23 f004 	lsr.w	r0, r3, r4
1000230a:	bf18      	it	ne
1000230c:	f106 36ff 	addne.w	r6, r6, #4294967295	@ 0xffffffff
10002310:	07c0      	lsls	r0, r0, #31
10002312:	d504      	bpl.n	1000231e <vTaskSwitchContext+0x25a>
10002314:	f855 0024 	ldr.w	r0, [r5, r4, lsl #2]
10002318:	6840      	ldr	r0, [r0, #4]
1000231a:	ea23 0300 	bic.w	r3, r3, r0
1000231e:	079c      	lsls	r4, r3, #30
10002320:	f003 0003 	and.w	r0, r3, #3
10002324:	d54a      	bpl.n	100023bc <vTaskSwitchContext+0x2f8>
10002326:	6868      	ldr	r0, [r5, #4]
10002328:	686c      	ldr	r4, [r5, #4]
1000232a:	6b00      	ldr	r0, [r0, #48]	@ 0x30
1000232c:	6be4      	ldr	r4, [r4, #60]	@ 0x3c
1000232e:	07e4      	lsls	r4, r4, #31
10002330:	d500      	bpl.n	10002334 <vTaskSwitchContext+0x270>
10002332:	3801      	subs	r0, #1
10002334:	42b0      	cmp	r0, r6
10002336:	f003 0301 	and.w	r3, r3, #1
1000233a:	da07      	bge.n	1000234c <vTaskSwitchContext+0x288>
1000233c:	686c      	ldr	r4, [r5, #4]
1000233e:	6ba4      	ldr	r4, [r4, #56]	@ 0x38
10002340:	2c00      	cmp	r4, #0
10002342:	db03      	blt.n	1000234c <vTaskSwitchContext+0x288>
10002344:	686c      	ldr	r4, [r5, #4]
10002346:	6ba4      	ldr	r4, [r4, #56]	@ 0x38
10002348:	2c01      	cmp	r4, #1
1000234a:	dd2e      	ble.n	100023aa <vTaskSwitchContext+0x2e6>
1000234c:	2b00      	cmp	r3, #0
1000234e:	d088      	beq.n	10002262 <vTaskSwitchContext+0x19e>
10002350:	682b      	ldr	r3, [r5, #0]
10002352:	6828      	ldr	r0, [r5, #0]
10002354:	6b1b      	ldr	r3, [r3, #48]	@ 0x30
10002356:	6bc0      	ldr	r0, [r0, #60]	@ 0x3c
10002358:	07c0      	lsls	r0, r0, #31
1000235a:	bf48      	it	mi
1000235c:	f103 33ff 	addmi.w	r3, r3, #4294967295	@ 0xffffffff
10002360:	42b3      	cmp	r3, r6
10002362:	da07      	bge.n	10002374 <vTaskSwitchContext+0x2b0>
10002364:	682b      	ldr	r3, [r5, #0]
10002366:	6b9b      	ldr	r3, [r3, #56]	@ 0x38
10002368:	2b00      	cmp	r3, #0
1000236a:	db03      	blt.n	10002374 <vTaskSwitchContext+0x2b0>
1000236c:	682b      	ldr	r3, [r5, #0]
1000236e:	6b9b      	ldr	r3, [r3, #56]	@ 0x38
10002370:	2b01      	cmp	r3, #1
10002372:	dd2c      	ble.n	100023ce <vTaskSwitchContext+0x30a>
10002374:	3101      	adds	r1, #1
10002376:	f43f af74 	beq.w	10002262 <vTaskSwitchContext+0x19e>
1000237a:	2401      	movs	r4, #1
1000237c:	f04f 4650 	mov.w	r6, #3489660928	@ 0xd0000000
10002380:	6831      	ldr	r1, [r6, #0]
10002382:	42a1      	cmp	r1, r4
10002384:	d01d      	beq.n	100023c2 <vTaskSwitchContext+0x2fe>
10002386:	f855 3024 	ldr.w	r3, [r5, r4, lsl #2]
1000238a:	6b9b      	ldr	r3, [r3, #56]	@ 0x38
1000238c:	3302      	adds	r3, #2
1000238e:	f43f af6b 	beq.w	10002268 <vTaskSwitchContext+0x1a4>
10002392:	4620      	mov	r0, r4
10002394:	9201      	str	r2, [sp, #4]
10002396:	f7fe fb21 	bl	100009dc <vYieldCore>
1000239a:	f06f 0101 	mvn.w	r1, #1
1000239e:	f855 3024 	ldr.w	r3, [r5, r4, lsl #2]
100023a2:	9a01      	ldr	r2, [sp, #4]
100023a4:	6399      	str	r1, [r3, #56]	@ 0x38
100023a6:	6831      	ldr	r1, [r6, #0]
100023a8:	e75e      	b.n	10002268 <vTaskSwitchContext+0x1a4>
100023aa:	4c0b      	ldr	r4, [pc, #44]	@ (100023d8 <vTaskSwitchContext+0x314>)
100023ac:	6864      	ldr	r4, [r4, #4]
100023ae:	2c00      	cmp	r4, #0
100023b0:	d1cc      	bne.n	1000234c <vTaskSwitchContext+0x288>
100023b2:	2b00      	cmp	r3, #0
100023b4:	d0e1      	beq.n	1000237a <vTaskSwitchContext+0x2b6>
100023b6:	4606      	mov	r6, r0
100023b8:	2101      	movs	r1, #1
100023ba:	e7c9      	b.n	10002350 <vTaskSwitchContext+0x28c>
100023bc:	2800      	cmp	r0, #0
100023be:	d1c7      	bne.n	10002350 <vTaskSwitchContext+0x28c>
100023c0:	e74f      	b.n	10002262 <vTaskSwitchContext+0x19e>
100023c2:	2301      	movs	r3, #1
100023c4:	4904      	ldr	r1, [pc, #16]	@ (100023d8 <vTaskSwitchContext+0x314>)
100023c6:	f841 3024 	str.w	r3, [r1, r4, lsl #2]
100023ca:	6831      	ldr	r1, [r6, #0]
100023cc:	e74c      	b.n	10002268 <vTaskSwitchContext+0x1a4>
100023ce:	4b02      	ldr	r3, [pc, #8]	@ (100023d8 <vTaskSwitchContext+0x314>)
100023d0:	681c      	ldr	r4, [r3, #0]
100023d2:	2c00      	cmp	r4, #0
100023d4:	d0d2      	beq.n	1000237c <vTaskSwitchContext+0x2b8>
100023d6:	e7cd      	b.n	10002374 <vTaskSwitchContext+0x2b0>
100023d8:	20020c38 	.word	0x20020c38

100023dc <vTaskPlaceOnEventList>:
100023dc:	b570      	push	{r4, r5, r6, lr}
100023de:	460c      	mov	r4, r1
100023e0:	4605      	mov	r5, r0
100023e2:	f7fe fb31 	bl	10000a48 <ulSetInterruptMask>
100023e6:	f04f 4250 	mov.w	r2, #3489660928	@ 0xd0000000
100023ea:	4b08      	ldr	r3, [pc, #32]	@ (1000240c <vTaskPlaceOnEventList+0x30>)
100023ec:	6812      	ldr	r2, [r2, #0]
100023ee:	f853 6022 	ldr.w	r6, [r3, r2, lsl #2]
100023f2:	f7fe fb35 	bl	10000a60 <vClearInterruptMask>
100023f6:	4628      	mov	r0, r5
100023f8:	f106 011c 	add.w	r1, r6, #28
100023fc:	f7fe fc8a 	bl	10000d14 <vListInsert>
10002400:	4620      	mov	r0, r4
10002402:	e8bd 4070 	ldmia.w	sp!, {r4, r5, r6, lr}
10002406:	2101      	movs	r1, #1
10002408:	f7ff bc76 	b.w	10001cf8 <prvAddCurrentTaskToDelayedList>
1000240c:	20000898 	.word	0x20000898

10002410 <vTaskPlaceOnUnorderedEventList>:
10002410:	e92d 43f8 	stmdb	sp!, {r3, r4, r5, r6, r7, r8, r9, lr}
10002414:	f04f 4650 	mov.w	r6, #3489660928	@ 0xd0000000
10002418:	460f      	mov	r7, r1
1000241a:	4604      	mov	r4, r0
1000241c:	4690      	mov	r8, r2
1000241e:	4d23      	ldr	r5, [pc, #140]	@ (100024ac <vTaskPlaceOnUnorderedEventList+0x9c>)
10002420:	f7fe fb12 	bl	10000a48 <ulSetInterruptMask>
10002424:	6833      	ldr	r3, [r6, #0]
10002426:	f047 4700 	orr.w	r7, r7, #2147483648	@ 0x80000000
1000242a:	f855 9023 	ldr.w	r9, [r5, r3, lsl #2]
1000242e:	f7fe fb17 	bl	10000a60 <vClearInterruptMask>
10002432:	f8c9 701c 	str.w	r7, [r9, #28]
10002436:	6867      	ldr	r7, [r4, #4]
10002438:	f7fe fb06 	bl	10000a48 <ulSetInterruptMask>
1000243c:	6833      	ldr	r3, [r6, #0]
1000243e:	f855 9023 	ldr.w	r9, [r5, r3, lsl #2]
10002442:	f7fe fb0d 	bl	10000a60 <vClearInterruptMask>
10002446:	f8c9 7020 	str.w	r7, [r9, #32]
1000244a:	f7fe fafd 	bl	10000a48 <ulSetInterruptMask>
1000244e:	6833      	ldr	r3, [r6, #0]
10002450:	f855 9023 	ldr.w	r9, [r5, r3, lsl #2]
10002454:	f7fe fb04 	bl	10000a60 <vClearInterruptMask>
10002458:	68bb      	ldr	r3, [r7, #8]
1000245a:	f8c9 3024 	str.w	r3, [r9, #36]	@ 0x24
1000245e:	f7fe faf3 	bl	10000a48 <ulSetInterruptMask>
10002462:	6833      	ldr	r3, [r6, #0]
10002464:	f855 9023 	ldr.w	r9, [r5, r3, lsl #2]
10002468:	f7fe fafa 	bl	10000a60 <vClearInterruptMask>
1000246c:	68ba      	ldr	r2, [r7, #8]
1000246e:	f109 031c 	add.w	r3, r9, #28
10002472:	6053      	str	r3, [r2, #4]
10002474:	f7fe fae8 	bl	10000a48 <ulSetInterruptMask>
10002478:	6833      	ldr	r3, [r6, #0]
1000247a:	f855 9023 	ldr.w	r9, [r5, r3, lsl #2]
1000247e:	f7fe faef 	bl	10000a60 <vClearInterruptMask>
10002482:	f109 031c 	add.w	r3, r9, #28
10002486:	60bb      	str	r3, [r7, #8]
10002488:	f7fe fade 	bl	10000a48 <ulSetInterruptMask>
1000248c:	6833      	ldr	r3, [r6, #0]
1000248e:	f855 5023 	ldr.w	r5, [r5, r3, lsl #2]
10002492:	f7fe fae5 	bl	10000a60 <vClearInterruptMask>
10002496:	6823      	ldr	r3, [r4, #0]
10002498:	4640      	mov	r0, r8
1000249a:	3301      	adds	r3, #1
1000249c:	62ec      	str	r4, [r5, #44]	@ 0x2c
1000249e:	2101      	movs	r1, #1
100024a0:	6023      	str	r3, [r4, #0]
100024a2:	e8bd 43f8 	ldmia.w	sp!, {r3, r4, r5, r6, r7, r8, r9, lr}
100024a6:	f7ff bc27 	b.w	10001cf8 <prvAddCurrentTaskToDelayedList>
100024aa:	bf00      	nop
100024ac:	20000898 	.word	0x20000898

100024b0 <vTaskPlaceOnEventListRestricted>:
100024b0:	e92d 47f0 	stmdb	sp!, {r4, r5, r6, r7, r8, r9, sl, lr}
100024b4:	f04f 4650 	mov.w	r6, #3489660928	@ 0xd0000000
100024b8:	4604      	mov	r4, r0
100024ba:	4617      	mov	r7, r2
100024bc:	4689      	mov	r9, r1
100024be:	f8d0 8004 	ldr.w	r8, [r0, #4]
100024c2:	4d21      	ldr	r5, [pc, #132]	@ (10002548 <vTaskPlaceOnEventListRestricted+0x98>)
100024c4:	f7fe fac0 	bl	10000a48 <ulSetInterruptMask>
100024c8:	6833      	ldr	r3, [r6, #0]
100024ca:	f855 a023 	ldr.w	sl, [r5, r3, lsl #2]
100024ce:	f7fe fac7 	bl	10000a60 <vClearInterruptMask>
100024d2:	f8ca 8020 	str.w	r8, [sl, #32]
100024d6:	f7fe fab7 	bl	10000a48 <ulSetInterruptMask>
100024da:	6833      	ldr	r3, [r6, #0]
100024dc:	f855 a023 	ldr.w	sl, [r5, r3, lsl #2]
100024e0:	f7fe fabe 	bl	10000a60 <vClearInterruptMask>
100024e4:	f8d8 3008 	ldr.w	r3, [r8, #8]
100024e8:	f8ca 3024 	str.w	r3, [sl, #36]	@ 0x24
100024ec:	f7fe faac 	bl	10000a48 <ulSetInterruptMask>
100024f0:	6833      	ldr	r3, [r6, #0]
100024f2:	f855 a023 	ldr.w	sl, [r5, r3, lsl #2]
100024f6:	f7fe fab3 	bl	10000a60 <vClearInterruptMask>
100024fa:	f8d8 2008 	ldr.w	r2, [r8, #8]
100024fe:	f10a 031c 	add.w	r3, sl, #28
10002502:	6053      	str	r3, [r2, #4]
10002504:	f7fe faa0 	bl	10000a48 <ulSetInterruptMask>
10002508:	6833      	ldr	r3, [r6, #0]
1000250a:	f855 a023 	ldr.w	sl, [r5, r3, lsl #2]
1000250e:	f7fe faa7 	bl	10000a60 <vClearInterruptMask>
10002512:	f10a 031c 	add.w	r3, sl, #28
10002516:	f8c8 3008 	str.w	r3, [r8, #8]
1000251a:	f7fe fa95 	bl	10000a48 <ulSetInterruptMask>
1000251e:	6833      	ldr	r3, [r6, #0]
10002520:	f855 5023 	ldr.w	r5, [r5, r3, lsl #2]
10002524:	f7fe fa9c 	bl	10000a60 <vClearInterruptMask>
10002528:	6823      	ldr	r3, [r4, #0]
1000252a:	2f00      	cmp	r7, #0
1000252c:	f103 0301 	add.w	r3, r3, #1
10002530:	62ec      	str	r4, [r5, #44]	@ 0x2c
10002532:	4639      	mov	r1, r7
10002534:	bf08      	it	eq
10002536:	4648      	moveq	r0, r9
10002538:	6023      	str	r3, [r4, #0]
1000253a:	bf18      	it	ne
1000253c:	f04f 30ff 	movne.w	r0, #4294967295	@ 0xffffffff
10002540:	e8bd 47f0 	ldmia.w	sp!, {r4, r5, r6, r7, r8, r9, sl, lr}
10002544:	f7ff bbd8 	b.w	10001cf8 <prvAddCurrentTaskToDelayedList>
10002548:	20000898 	.word	0x20000898

1000254c <xTaskRemoveFromEventList>:
1000254c:	b570      	push	{r4, r5, r6, lr}
1000254e:	2500      	movs	r5, #0
10002550:	68c3      	ldr	r3, [r0, #12]
10002552:	68d8      	ldr	r0, [r3, #12]
10002554:	6ac3      	ldr	r3, [r0, #44]	@ 0x2c
10002556:	e9d0 4208 	ldrd	r4, r2, [r0, #32]
1000255a:	60a2      	str	r2, [r4, #8]
1000255c:	6054      	str	r4, [r2, #4]
1000255e:	685c      	ldr	r4, [r3, #4]
10002560:	f100 011c 	add.w	r1, r0, #28
10002564:	428c      	cmp	r4, r1
10002566:	4c24      	ldr	r4, [pc, #144]	@ (100025f8 <xTaskRemoveFromEventList+0xac>)
10002568:	bf08      	it	eq
1000256a:	605a      	streq	r2, [r3, #4]
1000256c:	681a      	ldr	r2, [r3, #0]
1000256e:	6824      	ldr	r4, [r4, #0]
10002570:	3a01      	subs	r2, #1
10002572:	62c5      	str	r5, [r0, #44]	@ 0x2c
10002574:	601a      	str	r2, [r3, #0]
10002576:	2c00      	cmp	r4, #0
10002578:	d132      	bne.n	100025e0 <xTaskRemoveFromEventList+0x94>
1000257a:	e9d0 1203 	ldrd	r1, r2, [r0, #12]
1000257e:	6983      	ldr	r3, [r0, #24]
10002580:	608a      	str	r2, [r1, #8]
10002582:	6051      	str	r1, [r2, #4]
10002584:	6859      	ldr	r1, [r3, #4]
10002586:	f100 0508 	add.w	r5, r0, #8
1000258a:	42a9      	cmp	r1, r5
1000258c:	bf08      	it	eq
1000258e:	605a      	streq	r2, [r3, #4]
10002590:	681a      	ldr	r2, [r3, #0]
10002592:	491a      	ldr	r1, [pc, #104]	@ (100025fc <xTaskRemoveFromEventList+0xb0>)
10002594:	3a01      	subs	r2, #1
10002596:	601a      	str	r2, [r3, #0]
10002598:	6b03      	ldr	r3, [r0, #48]	@ 0x30
1000259a:	680a      	ldr	r2, [r1, #0]
1000259c:	4293      	cmp	r3, r2
1000259e:	4a18      	ldr	r2, [pc, #96]	@ (10002600 <xTaskRemoveFromEventList+0xb4>)
100025a0:	bf88      	it	hi
100025a2:	600b      	strhi	r3, [r1, #0]
100025a4:	eb03 0383 	add.w	r3, r3, r3, lsl #2
100025a8:	ea4f 0c83 	mov.w	ip, r3, lsl #2
100025ac:	eb02 0383 	add.w	r3, r2, r3, lsl #2
100025b0:	685c      	ldr	r4, [r3, #4]
100025b2:	f852 100c 	ldr.w	r1, [r2, ip]
100025b6:	68a6      	ldr	r6, [r4, #8]
100025b8:	3101      	adds	r1, #1
100025ba:	60c4      	str	r4, [r0, #12]
100025bc:	6106      	str	r6, [r0, #16]
100025be:	6075      	str	r5, [r6, #4]
100025c0:	60a5      	str	r5, [r4, #8]
100025c2:	6183      	str	r3, [r0, #24]
100025c4:	f842 100c 	str.w	r1, [r2, ip]
100025c8:	f7ff f846 	bl	10001658 <prvYieldForTask>
100025cc:	f04f 4250 	mov.w	r2, #3489660928	@ 0xd0000000
100025d0:	4b0c      	ldr	r3, [pc, #48]	@ (10002604 <xTaskRemoveFromEventList+0xb8>)
100025d2:	6812      	ldr	r2, [r2, #0]
100025d4:	f853 0022 	ldr.w	r0, [r3, r2, lsl #2]
100025d8:	3800      	subs	r0, #0
100025da:	bf18      	it	ne
100025dc:	2001      	movne	r0, #1
100025de:	bd70      	pop	{r4, r5, r6, pc}
100025e0:	4b09      	ldr	r3, [pc, #36]	@ (10002608 <xTaskRemoveFromEventList+0xbc>)
100025e2:	685c      	ldr	r4, [r3, #4]
100025e4:	68a2      	ldr	r2, [r4, #8]
100025e6:	e9c0 4208 	strd	r4, r2, [r0, #32]
100025ea:	6051      	str	r1, [r2, #4]
100025ec:	681a      	ldr	r2, [r3, #0]
100025ee:	60a1      	str	r1, [r4, #8]
100025f0:	3201      	adds	r2, #1
100025f2:	62c3      	str	r3, [r0, #44]	@ 0x2c
100025f4:	601a      	str	r2, [r3, #0]
100025f6:	e7e7      	b.n	100025c8 <xTaskRemoveFromEventList+0x7c>
100025f8:	20020b5c 	.word	0x20020b5c
100025fc:	20020b64 	.word	0x20020b64
10002600:	200008b4 	.word	0x200008b4
10002604:	20020c38 	.word	0x20020c38
10002608:	20020be4 	.word	0x20020be4

1000260c <vTaskInternalSetTimeOutState>:
1000260c:	4a03      	ldr	r2, [pc, #12]	@ (1000261c <vTaskInternalSetTimeOutState+0x10>)
1000260e:	4b04      	ldr	r3, [pc, #16]	@ (10002620 <vTaskInternalSetTimeOutState+0x14>)
10002610:	6812      	ldr	r2, [r2, #0]
10002612:	681b      	ldr	r3, [r3, #0]
10002614:	e9c0 2300 	strd	r2, r3, [r0]
10002618:	4770      	bx	lr
1000261a:	bf00      	nop
1000261c:	20020bd4 	.word	0x20020bd4
10002620:	20020c2c 	.word	0x20020c2c

10002624 <vTaskMissedYield>:
10002624:	f04f 4250 	mov.w	r2, #3489660928	@ 0xd0000000
10002628:	2101      	movs	r1, #1
1000262a:	4b02      	ldr	r3, [pc, #8]	@ (10002634 <vTaskMissedYield+0x10>)
1000262c:	6812      	ldr	r2, [r2, #0]
1000262e:	f843 1022 	str.w	r1, [r3, r2, lsl #2]
10002632:	4770      	bx	lr
10002634:	20020c38 	.word	0x20020c38

10002638 <xTaskGetCurrentTaskHandle>:
10002638:	b510      	push	{r4, lr}
1000263a:	f7fe fa05 	bl	10000a48 <ulSetInterruptMask>
1000263e:	f04f 4250 	mov.w	r2, #3489660928	@ 0xd0000000
10002642:	4b04      	ldr	r3, [pc, #16]	@ (10002654 <xTaskGetCurrentTaskHandle+0x1c>)
10002644:	6812      	ldr	r2, [r2, #0]
10002646:	f853 4022 	ldr.w	r4, [r3, r2, lsl #2]
1000264a:	f7fe fa09 	bl	10000a60 <vClearInterruptMask>
1000264e:	4620      	mov	r0, r4
10002650:	bd10      	pop	{r4, pc}
10002652:	bf00      	nop
10002654:	20000898 	.word	0x20000898

10002658 <xTaskPriorityInherit>:
10002658:	e92d 41f0 	stmdb	sp!, {r4, r5, r6, r7, r8, lr}
1000265c:	4604      	mov	r4, r0
1000265e:	b388      	cbz	r0, 100026c4 <xTaskPriorityInherit+0x6c>
10002660:	f04f 4650 	mov.w	r6, #3489660928	@ 0xd0000000
10002664:	6b07      	ldr	r7, [r0, #48]	@ 0x30
10002666:	4d37      	ldr	r5, [pc, #220]	@ (10002744 <xTaskPriorityInherit+0xec>)
10002668:	f7fe f9ee 	bl	10000a48 <ulSetInterruptMask>
1000266c:	6833      	ldr	r3, [r6, #0]
1000266e:	f855 8023 	ldr.w	r8, [r5, r3, lsl #2]
10002672:	f7fe f9f5 	bl	10000a60 <vClearInterruptMask>
10002676:	f8d8 3030 	ldr.w	r3, [r8, #48]	@ 0x30
1000267a:	429f      	cmp	r7, r3
1000267c:	d224      	bcs.n	100026c8 <xTaskPriorityInherit+0x70>
1000267e:	69e3      	ldr	r3, [r4, #28]
10002680:	2b00      	cmp	r3, #0
10002682:	db0a      	blt.n	1000269a <xTaskPriorityInherit+0x42>
10002684:	f7fe f9e0 	bl	10000a48 <ulSetInterruptMask>
10002688:	6833      	ldr	r3, [r6, #0]
1000268a:	f855 6023 	ldr.w	r6, [r5, r3, lsl #2]
1000268e:	f7fe f9e7 	bl	10000a60 <vClearInterruptMask>
10002692:	6b33      	ldr	r3, [r6, #48]	@ 0x30
10002694:	f1c3 0320 	rsb	r3, r3, #32
10002698:	61e3      	str	r3, [r4, #28]
1000269a:	6b23      	ldr	r3, [r4, #48]	@ 0x30
1000269c:	4e2a      	ldr	r6, [pc, #168]	@ (10002748 <xTaskPriorityInherit+0xf0>)
1000269e:	69a2      	ldr	r2, [r4, #24]
100026a0:	eb03 0383 	add.w	r3, r3, r3, lsl #2
100026a4:	eb06 0383 	add.w	r3, r6, r3, lsl #2
100026a8:	429a      	cmp	r2, r3
100026aa:	d01c      	beq.n	100026e6 <xTaskPriorityInherit+0x8e>
100026ac:	f7fe f9cc 	bl	10000a48 <ulSetInterruptMask>
100026b0:	f04f 4350 	mov.w	r3, #3489660928	@ 0xd0000000
100026b4:	681b      	ldr	r3, [r3, #0]
100026b6:	f855 5023 	ldr.w	r5, [r5, r3, lsl #2]
100026ba:	f7fe f9d1 	bl	10000a60 <vClearInterruptMask>
100026be:	6b2b      	ldr	r3, [r5, #48]	@ 0x30
100026c0:	6323      	str	r3, [r4, #48]	@ 0x30
100026c2:	2001      	movs	r0, #1
100026c4:	e8bd 81f0 	ldmia.w	sp!, {r4, r5, r6, r7, r8, pc}
100026c8:	6da4      	ldr	r4, [r4, #88]	@ 0x58
100026ca:	f7fe f9bd 	bl	10000a48 <ulSetInterruptMask>
100026ce:	6833      	ldr	r3, [r6, #0]
100026d0:	f855 5023 	ldr.w	r5, [r5, r3, lsl #2]
100026d4:	f7fe f9c4 	bl	10000a60 <vClearInterruptMask>
100026d8:	6b28      	ldr	r0, [r5, #48]	@ 0x30
100026da:	4284      	cmp	r4, r0
100026dc:	bf2c      	ite	cs
100026de:	2000      	movcs	r0, #0
100026e0:	2001      	movcc	r0, #1
100026e2:	e8bd 81f0 	ldmia.w	sp!, {r4, r5, r6, r7, r8, pc}
100026e6:	f104 0708 	add.w	r7, r4, #8
100026ea:	4638      	mov	r0, r7
100026ec:	f7fe fb2a 	bl	10000d44 <uxListRemove>
100026f0:	f7fe f9aa 	bl	10000a48 <ulSetInterruptMask>
100026f4:	f04f 4350 	mov.w	r3, #3489660928	@ 0xd0000000
100026f8:	681b      	ldr	r3, [r3, #0]
100026fa:	f855 5023 	ldr.w	r5, [r5, r3, lsl #2]
100026fe:	f7fe f9af 	bl	10000a60 <vClearInterruptMask>
10002702:	4a12      	ldr	r2, [pc, #72]	@ (1000274c <xTaskPriorityInherit+0xf4>)
10002704:	6b2b      	ldr	r3, [r5, #48]	@ 0x30
10002706:	6811      	ldr	r1, [r2, #0]
10002708:	6323      	str	r3, [r4, #48]	@ 0x30
1000270a:	428b      	cmp	r3, r1
1000270c:	bf88      	it	hi
1000270e:	6013      	strhi	r3, [r2, #0]
10002710:	eb03 0383 	add.w	r3, r3, r3, lsl #2
10002714:	0098      	lsls	r0, r3, #2
10002716:	eb06 0383 	add.w	r3, r6, r3, lsl #2
1000271a:	6859      	ldr	r1, [r3, #4]
1000271c:	5832      	ldr	r2, [r6, r0]
1000271e:	688d      	ldr	r5, [r1, #8]
10002720:	60e1      	str	r1, [r4, #12]
10002722:	6125      	str	r5, [r4, #16]
10002724:	606f      	str	r7, [r5, #4]
10002726:	608f      	str	r7, [r1, #8]
10002728:	61a3      	str	r3, [r4, #24]
1000272a:	6ba3      	ldr	r3, [r4, #56]	@ 0x38
1000272c:	3201      	adds	r2, #1
1000272e:	2b00      	cmp	r3, #0
10002730:	5032      	str	r2, [r6, r0]
10002732:	db02      	blt.n	1000273a <xTaskPriorityInherit+0xe2>
10002734:	6ba3      	ldr	r3, [r4, #56]	@ 0x38
10002736:	2b01      	cmp	r3, #1
10002738:	ddc3      	ble.n	100026c2 <xTaskPriorityInherit+0x6a>
1000273a:	4620      	mov	r0, r4
1000273c:	f7fe ff8c 	bl	10001658 <prvYieldForTask>
10002740:	e7bf      	b.n	100026c2 <xTaskPriorityInherit+0x6a>
10002742:	bf00      	nop
10002744:	20000898 	.word	0x20000898
10002748:	200008b4 	.word	0x200008b4
1000274c:	20020b64 	.word	0x20020b64

10002750 <xTaskPriorityDisinherit>:
10002750:	b158      	cbz	r0, 1000276a <xTaskPriorityDisinherit+0x1a>
10002752:	6dc3      	ldr	r3, [r0, #92]	@ 0x5c
10002754:	6b01      	ldr	r1, [r0, #48]	@ 0x30
10002756:	6d82      	ldr	r2, [r0, #88]	@ 0x58
10002758:	3b01      	subs	r3, #1
1000275a:	4291      	cmp	r1, r2
1000275c:	b570      	push	{r4, r5, r6, lr}
1000275e:	4604      	mov	r4, r0
10002760:	65c3      	str	r3, [r0, #92]	@ 0x5c
10002762:	d000      	beq.n	10002766 <xTaskPriorityDisinherit+0x16>
10002764:	b11b      	cbz	r3, 1000276e <xTaskPriorityDisinherit+0x1e>
10002766:	2000      	movs	r0, #0
10002768:	bd70      	pop	{r4, r5, r6, pc}
1000276a:	2000      	movs	r0, #0
1000276c:	4770      	bx	lr
1000276e:	f100 0508 	add.w	r5, r0, #8
10002772:	4628      	mov	r0, r5
10002774:	f7fe fae6 	bl	10000d44 <uxListRemove>
10002778:	6da3      	ldr	r3, [r4, #88]	@ 0x58
1000277a:	4a20      	ldr	r2, [pc, #128]	@ (100027fc <xTaskPriorityDisinherit+0xac>)
1000277c:	f1c3 0120 	rsb	r1, r3, #32
10002780:	61e1      	str	r1, [r4, #28]
10002782:	6811      	ldr	r1, [r2, #0]
10002784:	6323      	str	r3, [r4, #48]	@ 0x30
10002786:	428b      	cmp	r3, r1
10002788:	bf88      	it	hi
1000278a:	6013      	strhi	r3, [r2, #0]
1000278c:	4a1c      	ldr	r2, [pc, #112]	@ (10002800 <xTaskPriorityDisinherit+0xb0>)
1000278e:	eb03 0383 	add.w	r3, r3, r3, lsl #2
10002792:	ea4f 0c83 	mov.w	ip, r3, lsl #2
10002796:	eb02 0383 	add.w	r3, r2, r3, lsl #2
1000279a:	6858      	ldr	r0, [r3, #4]
1000279c:	f852 100c 	ldr.w	r1, [r2, ip]
100027a0:	6886      	ldr	r6, [r0, #8]
100027a2:	60e0      	str	r0, [r4, #12]
100027a4:	6126      	str	r6, [r4, #16]
100027a6:	6075      	str	r5, [r6, #4]
100027a8:	6085      	str	r5, [r0, #8]
100027aa:	61a3      	str	r3, [r4, #24]
100027ac:	6ba3      	ldr	r3, [r4, #56]	@ 0x38
100027ae:	3101      	adds	r1, #1
100027b0:	2b00      	cmp	r3, #0
100027b2:	f842 100c 	str.w	r1, [r2, ip]
100027b6:	db02      	blt.n	100027be <xTaskPriorityDisinherit+0x6e>
100027b8:	6ba3      	ldr	r3, [r4, #56]	@ 0x38
100027ba:	2b01      	cmp	r3, #1
100027bc:	dd01      	ble.n	100027c2 <xTaskPriorityDisinherit+0x72>
100027be:	2001      	movs	r0, #1
100027c0:	bd70      	pop	{r4, r5, r6, pc}
100027c2:	f04f 4350 	mov.w	r3, #3489660928	@ 0xd0000000
100027c6:	6ba2      	ldr	r2, [r4, #56]	@ 0x38
100027c8:	681b      	ldr	r3, [r3, #0]
100027ca:	429a      	cmp	r2, r3
100027cc:	d010      	beq.n	100027f0 <xTaskPriorityDisinherit+0xa0>
100027ce:	6ba3      	ldr	r3, [r4, #56]	@ 0x38
100027d0:	4d0c      	ldr	r5, [pc, #48]	@ (10002804 <xTaskPriorityDisinherit+0xb4>)
100027d2:	f855 3023 	ldr.w	r3, [r5, r3, lsl #2]
100027d6:	6b9b      	ldr	r3, [r3, #56]	@ 0x38
100027d8:	3302      	adds	r3, #2
100027da:	d0f0      	beq.n	100027be <xTaskPriorityDisinherit+0x6e>
100027dc:	6ba0      	ldr	r0, [r4, #56]	@ 0x38
100027de:	f7fe f8fd 	bl	100009dc <vYieldCore>
100027e2:	f06f 0201 	mvn.w	r2, #1
100027e6:	6ba3      	ldr	r3, [r4, #56]	@ 0x38
100027e8:	f855 3023 	ldr.w	r3, [r5, r3, lsl #2]
100027ec:	639a      	str	r2, [r3, #56]	@ 0x38
100027ee:	e7e6      	b.n	100027be <xTaskPriorityDisinherit+0x6e>
100027f0:	2101      	movs	r1, #1
100027f2:	6ba2      	ldr	r2, [r4, #56]	@ 0x38
100027f4:	4b04      	ldr	r3, [pc, #16]	@ (10002808 <xTaskPriorityDisinherit+0xb8>)
100027f6:	f843 1022 	str.w	r1, [r3, r2, lsl #2]
100027fa:	e7e0      	b.n	100027be <xTaskPriorityDisinherit+0x6e>
100027fc:	20020b64 	.word	0x20020b64
10002800:	200008b4 	.word	0x200008b4
10002804:	20000898 	.word	0x20000898
10002808:	20020c38 	.word	0x20020c38

1000280c <vTaskPriorityDisinheritAfterTimeout>:
1000280c:	b160      	cbz	r0, 10002828 <vTaskPriorityDisinheritAfterTimeout+0x1c>
1000280e:	6d82      	ldr	r2, [r0, #88]	@ 0x58
10002810:	b5f8      	push	{r3, r4, r5, r6, r7, lr}
10002812:	4291      	cmp	r1, r2
10002814:	bf38      	it	cc
10002816:	4611      	movcc	r1, r2
10002818:	6b03      	ldr	r3, [r0, #48]	@ 0x30
1000281a:	4604      	mov	r4, r0
1000281c:	428b      	cmp	r3, r1
1000281e:	d002      	beq.n	10002826 <vTaskPriorityDisinheritAfterTimeout+0x1a>
10002820:	6dc2      	ldr	r2, [r0, #92]	@ 0x5c
10002822:	2a01      	cmp	r2, #1
10002824:	d001      	beq.n	1000282a <vTaskPriorityDisinheritAfterTimeout+0x1e>
10002826:	bdf8      	pop	{r3, r4, r5, r6, r7, pc}
10002828:	4770      	bx	lr
1000282a:	69c2      	ldr	r2, [r0, #28]
1000282c:	4d25      	ldr	r5, [pc, #148]	@ (100028c4 <vTaskPriorityDisinheritAfterTimeout+0xb8>)
1000282e:	2a00      	cmp	r2, #0
10002830:	eb03 0383 	add.w	r3, r3, r3, lsl #2
10002834:	6982      	ldr	r2, [r0, #24]
10002836:	6301      	str	r1, [r0, #48]	@ 0x30
10002838:	eb05 0383 	add.w	r3, r5, r3, lsl #2
1000283c:	bfa4      	itt	ge
1000283e:	f1c1 0120 	rsbge	r1, r1, #32
10002842:	61c1      	strge	r1, [r0, #28]
10002844:	429a      	cmp	r2, r3
10002846:	d1ee      	bne.n	10002826 <vTaskPriorityDisinheritAfterTimeout+0x1a>
10002848:	f100 0608 	add.w	r6, r0, #8
1000284c:	4630      	mov	r0, r6
1000284e:	f7fe fa79 	bl	10000d44 <uxListRemove>
10002852:	4a1d      	ldr	r2, [pc, #116]	@ (100028c8 <vTaskPriorityDisinheritAfterTimeout+0xbc>)
10002854:	6b23      	ldr	r3, [r4, #48]	@ 0x30
10002856:	6811      	ldr	r1, [r2, #0]
10002858:	428b      	cmp	r3, r1
1000285a:	bf88      	it	hi
1000285c:	6013      	strhi	r3, [r2, #0]
1000285e:	eb03 0383 	add.w	r3, r3, r3, lsl #2
10002862:	0098      	lsls	r0, r3, #2
10002864:	eb05 0383 	add.w	r3, r5, r3, lsl #2
10002868:	6859      	ldr	r1, [r3, #4]
1000286a:	582a      	ldr	r2, [r5, r0]
1000286c:	688f      	ldr	r7, [r1, #8]
1000286e:	60e1      	str	r1, [r4, #12]
10002870:	6127      	str	r7, [r4, #16]
10002872:	607e      	str	r6, [r7, #4]
10002874:	608e      	str	r6, [r1, #8]
10002876:	61a3      	str	r3, [r4, #24]
10002878:	6ba3      	ldr	r3, [r4, #56]	@ 0x38
1000287a:	3201      	adds	r2, #1
1000287c:	2b00      	cmp	r3, #0
1000287e:	502a      	str	r2, [r5, r0]
10002880:	dbd1      	blt.n	10002826 <vTaskPriorityDisinheritAfterTimeout+0x1a>
10002882:	6ba3      	ldr	r3, [r4, #56]	@ 0x38
10002884:	2b01      	cmp	r3, #1
10002886:	dcce      	bgt.n	10002826 <vTaskPriorityDisinheritAfterTimeout+0x1a>
10002888:	f04f 4350 	mov.w	r3, #3489660928	@ 0xd0000000
1000288c:	6ba2      	ldr	r2, [r4, #56]	@ 0x38
1000288e:	681b      	ldr	r3, [r3, #0]
10002890:	429a      	cmp	r2, r3
10002892:	d010      	beq.n	100028b6 <vTaskPriorityDisinheritAfterTimeout+0xaa>
10002894:	6ba3      	ldr	r3, [r4, #56]	@ 0x38
10002896:	4d0d      	ldr	r5, [pc, #52]	@ (100028cc <vTaskPriorityDisinheritAfterTimeout+0xc0>)
10002898:	f855 3023 	ldr.w	r3, [r5, r3, lsl #2]
1000289c:	6b9b      	ldr	r3, [r3, #56]	@ 0x38
1000289e:	3302      	adds	r3, #2
100028a0:	d0c1      	beq.n	10002826 <vTaskPriorityDisinheritAfterTimeout+0x1a>
100028a2:	6ba0      	ldr	r0, [r4, #56]	@ 0x38
100028a4:	f7fe f89a 	bl	100009dc <vYieldCore>
100028a8:	f06f 0201 	mvn.w	r2, #1
100028ac:	6ba3      	ldr	r3, [r4, #56]	@ 0x38
100028ae:	f855 3023 	ldr.w	r3, [r5, r3, lsl #2]
100028b2:	639a      	str	r2, [r3, #56]	@ 0x38
100028b4:	bdf8      	pop	{r3, r4, r5, r6, r7, pc}
100028b6:	2101      	movs	r1, #1
100028b8:	6ba2      	ldr	r2, [r4, #56]	@ 0x38
100028ba:	4b05      	ldr	r3, [pc, #20]	@ (100028d0 <vTaskPriorityDisinheritAfterTimeout+0xc4>)
100028bc:	f843 1022 	str.w	r1, [r3, r2, lsl #2]
100028c0:	bdf8      	pop	{r3, r4, r5, r6, r7, pc}
100028c2:	bf00      	nop
100028c4:	200008b4 	.word	0x200008b4
100028c8:	20020b64 	.word	0x20020b64
100028cc:	20000898 	.word	0x20000898
100028d0:	20020c38 	.word	0x20020c38

100028d4 <vTaskYieldWithinAPI>:
100028d4:	f04f 4350 	mov.w	r3, #3489660928	@ 0xd0000000
100028d8:	4a05      	ldr	r2, [pc, #20]	@ (100028f0 <vTaskYieldWithinAPI+0x1c>)
100028da:	681b      	ldr	r3, [r3, #0]
100028dc:	f852 2023 	ldr.w	r2, [r2, r3, lsl #2]
100028e0:	b122      	cbz	r2, 100028ec <vTaskYieldWithinAPI+0x18>
100028e2:	2101      	movs	r1, #1
100028e4:	4a03      	ldr	r2, [pc, #12]	@ (100028f4 <vTaskYieldWithinAPI+0x20>)
100028e6:	f842 1023 	str.w	r1, [r2, r3, lsl #2]
100028ea:	4770      	bx	lr
100028ec:	f7fd bf08 	b.w	10000700 <vPortYield>
100028f0:	20020b48 	.word	0x20020b48
100028f4:	20020c38 	.word	0x20020c38

100028f8 <vTaskEnterCritical>:
100028f8:	b538      	push	{r3, r4, r5, lr}
100028fa:	f7fe f8a5 	bl	10000a48 <ulSetInterruptMask>
100028fe:	4b3e      	ldr	r3, [pc, #248]	@ (100029f8 <vTaskEnterCritical+0x100>)
10002900:	681b      	ldr	r3, [r3, #0]
10002902:	b193      	cbz	r3, 1000292a <vTaskEnterCritical+0x32>
10002904:	f04f 4350 	mov.w	r3, #3489660928	@ 0xd0000000
10002908:	4a3c      	ldr	r2, [pc, #240]	@ (100029fc <vTaskEnterCritical+0x104>)
1000290a:	681b      	ldr	r3, [r3, #0]
1000290c:	f852 1023 	ldr.w	r1, [r2, r3, lsl #2]
10002910:	b1a1      	cbz	r1, 1000293c <vTaskEnterCritical+0x44>
10002912:	f04f 4050 	mov.w	r0, #3489660928	@ 0xd0000000
10002916:	f852 1023 	ldr.w	r1, [r2, r3, lsl #2]
1000291a:	3101      	adds	r1, #1
1000291c:	f842 1023 	str.w	r1, [r2, r3, lsl #2]
10002920:	6803      	ldr	r3, [r0, #0]
10002922:	f852 3023 	ldr.w	r3, [r2, r3, lsl #2]
10002926:	2b01      	cmp	r3, #1
10002928:	d000      	beq.n	1000292c <vTaskEnterCritical+0x34>
1000292a:	bd38      	pop	{r3, r4, r5, pc}
1000292c:	4b34      	ldr	r3, [pc, #208]	@ (10002a00 <vTaskEnterCritical+0x108>)
1000292e:	681b      	ldr	r3, [r3, #0]
10002930:	2b00      	cmp	r3, #0
10002932:	d1fa      	bne.n	1000292a <vTaskEnterCritical+0x32>
10002934:	e8bd 4038 	ldmia.w	sp!, {r3, r4, r5, lr}
10002938:	f7fe bfd6 	b.w	100018e8 <prvCheckForRunStateChange>
1000293c:	4931      	ldr	r1, [pc, #196]	@ (10002a04 <vTaskEnterCritical+0x10c>)
1000293e:	e8d1 0fcf 	ldaexb	r0, [r1]
10002942:	2401      	movs	r4, #1
10002944:	2800      	cmp	r0, #0
10002946:	d101      	bne.n	1000294c <vTaskEnterCritical+0x54>
10002948:	e8c1 4f40 	strexb	r0, r4, [r1]
1000294c:	f3bf 8f5f 	dmb	sy
10002950:	2800      	cmp	r0, #0
10002952:	d131      	bne.n	100029b8 <vTaskEnterCritical+0xc0>
10002954:	482c      	ldr	r0, [pc, #176]	@ (10002a08 <vTaskEnterCritical+0x110>)
10002956:	ea4f 0c43 	mov.w	ip, r3, lsl #1
1000295a:	2301      	movs	r3, #1
1000295c:	492b      	ldr	r1, [pc, #172]	@ (10002a0c <vTaskEnterCritical+0x114>)
1000295e:	4484      	add	ip, r0
10002960:	704b      	strb	r3, [r1, #1]
10002962:	f88c 3001 	strb.w	r3, [ip, #1]
10002966:	f04f 4c50 	mov.w	ip, #3489660928	@ 0xd0000000
1000296a:	4b29      	ldr	r3, [pc, #164]	@ (10002a10 <vTaskEnterCritical+0x118>)
1000296c:	f8dc 4000 	ldr.w	r4, [ip]
10002970:	e8d3 5fcf 	ldaexb	r5, [r3]
10002974:	f05f 0e01 	movs.w	lr, #1
10002978:	2d00      	cmp	r5, #0
1000297a:	d101      	bne.n	10002980 <vTaskEnterCritical+0x88>
1000297c:	e8c3 ef45 	strexb	r5, lr, [r3]
10002980:	f3bf 8f5f 	dmb	sy
10002984:	b185      	cbz	r5, 100029a8 <vTaskEnterCritical+0xb0>
10002986:	f810 5014 	ldrb.w	r5, [r0, r4, lsl #1]
1000298a:	2d00      	cmp	r5, #0
1000298c:	d127      	bne.n	100029de <vTaskEnterCritical+0xe6>
1000298e:	e8d3 cfcf 	ldaexb	ip, [r3]
10002992:	2501      	movs	r5, #1
10002994:	f1bc 0f00 	cmp.w	ip, #0
10002998:	d1f9      	bne.n	1000298e <vTaskEnterCritical+0x96>
1000299a:	e8c3 5f4c 	strexb	ip, r5, [r3]
1000299e:	f1bc 0f00 	cmp.w	ip, #0
100029a2:	d1f4      	bne.n	1000298e <vTaskEnterCritical+0x96>
100029a4:	f3bf 8f5f 	dmb	sy
100029a8:	2301      	movs	r3, #1
100029aa:	f04f 4550 	mov.w	r5, #3489660928	@ 0xd0000000
100029ae:	700b      	strb	r3, [r1, #0]
100029b0:	f800 3014 	strb.w	r3, [r0, r4, lsl #1]
100029b4:	682b      	ldr	r3, [r5, #0]
100029b6:	e7ac      	b.n	10002912 <vTaskEnterCritical+0x1a>
100029b8:	4813      	ldr	r0, [pc, #76]	@ (10002a08 <vTaskEnterCritical+0x110>)
100029ba:	ea4f 0c43 	mov.w	ip, r3, lsl #1
100029be:	eb00 0343 	add.w	r3, r0, r3, lsl #1
100029c2:	785b      	ldrb	r3, [r3, #1]
100029c4:	b993      	cbnz	r3, 100029ec <vTaskEnterCritical+0xf4>
100029c6:	e8d1 4fcf 	ldaexb	r4, [r1]
100029ca:	2301      	movs	r3, #1
100029cc:	2c00      	cmp	r4, #0
100029ce:	d1fa      	bne.n	100029c6 <vTaskEnterCritical+0xce>
100029d0:	e8c1 3f44 	strexb	r4, r3, [r1]
100029d4:	2c00      	cmp	r4, #0
100029d6:	d1f6      	bne.n	100029c6 <vTaskEnterCritical+0xce>
100029d8:	f3bf 8f5f 	dmb	sy
100029dc:	e7bd      	b.n	1000295a <vTaskEnterCritical+0x62>
100029de:	780b      	ldrb	r3, [r1, #0]
100029e0:	3301      	adds	r3, #1
100029e2:	b2db      	uxtb	r3, r3
100029e4:	700b      	strb	r3, [r1, #0]
100029e6:	f8dc 3000 	ldr.w	r3, [ip]
100029ea:	e792      	b.n	10002912 <vTaskEnterCritical+0x1a>
100029ec:	4907      	ldr	r1, [pc, #28]	@ (10002a0c <vTaskEnterCritical+0x114>)
100029ee:	784b      	ldrb	r3, [r1, #1]
100029f0:	3301      	adds	r3, #1
100029f2:	b2db      	uxtb	r3, r3
100029f4:	704b      	strb	r3, [r1, #1]
100029f6:	e7b6      	b.n	10002966 <vTaskEnterCritical+0x6e>
100029f8:	20020bf8 	.word	0x20020bf8
100029fc:	20020b48 	.word	0x20020b48
10002a00:	20020b5c 	.word	0x20020b5c
10002a04:	2000081b 	.word	0x2000081b
10002a08:	20020b40 	.word	0x20020b40
10002a0c:	20020b44 	.word	0x20020b44
10002a10:	2000081a 	.word	0x2000081a

10002a14 <prvAddNewTaskToReadyList>:
10002a14:	e92d 41f0 	stmdb	sp!, {r4, r5, r6, r7, r8, lr}
10002a18:	4605      	mov	r5, r0
10002a1a:	f7ff ff6d 	bl	100028f8 <vTaskEnterCritical>
10002a1e:	4a2e      	ldr	r2, [pc, #184]	@ (10002ad8 <prvAddNewTaskToReadyList+0xc4>)
10002a20:	4f2e      	ldr	r7, [pc, #184]	@ (10002adc <prvAddNewTaskToReadyList+0xc8>)
10002a22:	6813      	ldr	r3, [r2, #0]
10002a24:	3301      	adds	r3, #1
10002a26:	6013      	str	r3, [r2, #0]
10002a28:	683b      	ldr	r3, [r7, #0]
10002a2a:	b363      	cbz	r3, 10002a86 <prvAddNewTaskToReadyList+0x72>
10002a2c:	4e2c      	ldr	r6, [pc, #176]	@ (10002ae0 <prvAddNewTaskToReadyList+0xcc>)
10002a2e:	4b2d      	ldr	r3, [pc, #180]	@ (10002ae4 <prvAddNewTaskToReadyList+0xd0>)
10002a30:	f105 0408 	add.w	r4, r5, #8
10002a34:	681a      	ldr	r2, [r3, #0]
10002a36:	3201      	adds	r2, #1
10002a38:	652a      	str	r2, [r5, #80]	@ 0x50
10002a3a:	601a      	str	r2, [r3, #0]
10002a3c:	4a2a      	ldr	r2, [pc, #168]	@ (10002ae8 <prvAddNewTaskToReadyList+0xd4>)
10002a3e:	6b2b      	ldr	r3, [r5, #48]	@ 0x30
10002a40:	6811      	ldr	r1, [r2, #0]
10002a42:	428b      	cmp	r3, r1
10002a44:	bf88      	it	hi
10002a46:	6013      	strhi	r3, [r2, #0]
10002a48:	eb03 0383 	add.w	r3, r3, r3, lsl #2
10002a4c:	0098      	lsls	r0, r3, #2
10002a4e:	eb06 0383 	add.w	r3, r6, r3, lsl #2
10002a52:	6859      	ldr	r1, [r3, #4]
10002a54:	5832      	ldr	r2, [r6, r0]
10002a56:	f8d1 c008 	ldr.w	ip, [r1, #8]
10002a5a:	f8d7 e000 	ldr.w	lr, [r7]
10002a5e:	3201      	adds	r2, #1
10002a60:	60e9      	str	r1, [r5, #12]
10002a62:	f8c5 c010 	str.w	ip, [r5, #16]
10002a66:	f8cc 4004 	str.w	r4, [ip, #4]
10002a6a:	608c      	str	r4, [r1, #8]
10002a6c:	61ab      	str	r3, [r5, #24]
10002a6e:	5032      	str	r2, [r6, r0]
10002a70:	f1be 0f00 	cmp.w	lr, #0
10002a74:	d12c      	bne.n	10002ad0 <prvAddNewTaskToReadyList+0xbc>
10002a76:	683b      	ldr	r3, [r7, #0]
10002a78:	b11b      	cbz	r3, 10002a82 <prvAddNewTaskToReadyList+0x6e>
10002a7a:	e8bd 41f0 	ldmia.w	sp!, {r4, r5, r6, r7, r8, lr}
10002a7e:	f7fe be51 	b.w	10001724 <vTaskExitCritical.part.0>
10002a82:	e8bd 81f0 	ldmia.w	sp!, {r4, r5, r6, r7, r8, pc}
10002a86:	6813      	ldr	r3, [r2, #0]
10002a88:	4e15      	ldr	r6, [pc, #84]	@ (10002ae0 <prvAddNewTaskToReadyList+0xcc>)
10002a8a:	2b01      	cmp	r3, #1
10002a8c:	d1cf      	bne.n	10002a2e <prvAddNewTaskToReadyList+0x1a>
10002a8e:	4634      	mov	r4, r6
10002a90:	f506 7820 	add.w	r8, r6, #640	@ 0x280
10002a94:	4620      	mov	r0, r4
10002a96:	3414      	adds	r4, #20
10002a98:	f7fe f91e 	bl	10000cd8 <vListInitialise>
10002a9c:	4544      	cmp	r4, r8
10002a9e:	d1f9      	bne.n	10002a94 <prvAddNewTaskToReadyList+0x80>
10002aa0:	f8df 8060 	ldr.w	r8, [pc, #96]	@ 10002b04 <prvAddNewTaskToReadyList+0xf0>
10002aa4:	4c11      	ldr	r4, [pc, #68]	@ (10002aec <prvAddNewTaskToReadyList+0xd8>)
10002aa6:	4640      	mov	r0, r8
10002aa8:	f7fe f916 	bl	10000cd8 <vListInitialise>
10002aac:	4620      	mov	r0, r4
10002aae:	f7fe f913 	bl	10000cd8 <vListInitialise>
10002ab2:	480f      	ldr	r0, [pc, #60]	@ (10002af0 <prvAddNewTaskToReadyList+0xdc>)
10002ab4:	f7fe f910 	bl	10000cd8 <vListInitialise>
10002ab8:	480e      	ldr	r0, [pc, #56]	@ (10002af4 <prvAddNewTaskToReadyList+0xe0>)
10002aba:	f7fe f90d 	bl	10000cd8 <vListInitialise>
10002abe:	480e      	ldr	r0, [pc, #56]	@ (10002af8 <prvAddNewTaskToReadyList+0xe4>)
10002ac0:	f7fe f90a 	bl	10000cd8 <vListInitialise>
10002ac4:	4b0d      	ldr	r3, [pc, #52]	@ (10002afc <prvAddNewTaskToReadyList+0xe8>)
10002ac6:	f8c3 8000 	str.w	r8, [r3]
10002aca:	4b0d      	ldr	r3, [pc, #52]	@ (10002b00 <prvAddNewTaskToReadyList+0xec>)
10002acc:	601c      	str	r4, [r3, #0]
10002ace:	e7ae      	b.n	10002a2e <prvAddNewTaskToReadyList+0x1a>
10002ad0:	4628      	mov	r0, r5
10002ad2:	f7fe fdc1 	bl	10001658 <prvYieldForTask>
10002ad6:	e7ce      	b.n	10002a76 <prvAddNewTaskToReadyList+0x62>
10002ad8:	20020b54 	.word	0x20020b54
10002adc:	20020bf8 	.word	0x20020bf8
10002ae0:	200008b4 	.word	0x200008b4
10002ae4:	20020b60 	.word	0x20020b60
10002ae8:	20020b64 	.word	0x20020b64
10002aec:	20020ba4 	.word	0x20020ba4
10002af0:	20020be4 	.word	0x20020be4
10002af4:	20020c18 	.word	0x20020c18
10002af8:	20020c04 	.word	0x20020c04
10002afc:	200008a4 	.word	0x200008a4
10002b00:	200008ac 	.word	0x200008ac
10002b04:	20020b90 	.word	0x20020b90

10002b08 <xTaskCreate>:
10002b08:	b510      	push	{r4, lr}
10002b0a:	b082      	sub	sp, #8
10002b0c:	9c04      	ldr	r4, [sp, #16]
10002b0e:	9400      	str	r4, [sp, #0]
10002b10:	9c05      	ldr	r4, [sp, #20]
10002b12:	9401      	str	r4, [sp, #4]
10002b14:	f7fe fe4c 	bl	100017b0 <prvCreateTask>
10002b18:	b138      	cbz	r0, 10002b2a <xTaskCreate+0x22>
10002b1a:	f04f 32ff 	mov.w	r2, #4294967295	@ 0xffffffff
10002b1e:	6042      	str	r2, [r0, #4]
10002b20:	f7ff ff78 	bl	10002a14 <prvAddNewTaskToReadyList>
10002b24:	2001      	movs	r0, #1
10002b26:	b002      	add	sp, #8
10002b28:	bd10      	pop	{r4, pc}
10002b2a:	f04f 30ff 	mov.w	r0, #4294967295	@ 0xffffffff
10002b2e:	b002      	add	sp, #8
10002b30:	bd10      	pop	{r4, pc}
10002b32:	bf00      	nop

10002b34 <xTaskCreateAffinitySet>:
10002b34:	b510      	push	{r4, lr}
10002b36:	b082      	sub	sp, #8
10002b38:	9c04      	ldr	r4, [sp, #16]
10002b3a:	9400      	str	r4, [sp, #0]
10002b3c:	9c06      	ldr	r4, [sp, #24]
10002b3e:	9401      	str	r4, [sp, #4]
10002b40:	f7fe fe36 	bl	100017b0 <prvCreateTask>
10002b44:	b130      	cbz	r0, 10002b54 <xTaskCreateAffinitySet+0x20>
10002b46:	9a05      	ldr	r2, [sp, #20]
10002b48:	6042      	str	r2, [r0, #4]
10002b4a:	f7ff ff63 	bl	10002a14 <prvAddNewTaskToReadyList>
10002b4e:	2001      	movs	r0, #1
10002b50:	b002      	add	sp, #8
10002b52:	bd10      	pop	{r4, pc}
10002b54:	f04f 30ff 	mov.w	r0, #4294967295	@ 0xffffffff
10002b58:	b002      	add	sp, #8
10002b5a:	bd10      	pop	{r4, pc}

10002b5c <vTaskStartScheduler>:
10002b5c:	2300      	movs	r3, #0
10002b5e:	b5f0      	push	{r4, r5, r6, r7, lr}
10002b60:	2430      	movs	r4, #48	@ 0x30
10002b62:	4a26      	ldr	r2, [pc, #152]	@ (10002bfc <vTaskStartScheduler+0xa0>)
10002b64:	4d26      	ldr	r5, [pc, #152]	@ (10002c00 <vTaskStartScheduler+0xa4>)
10002b66:	b087      	sub	sp, #28
10002b68:	e9cd 5201 	strd	r5, r2, [sp, #4]
10002b6c:	4825      	ldr	r0, [pc, #148]	@ (10002c04 <vTaskStartScheduler+0xa8>)
10002b6e:	f44f 7200 	mov.w	r2, #512	@ 0x200
10002b72:	a902      	add	r1, sp, #8
10002b74:	9300      	str	r3, [sp, #0]
10002b76:	f8ad 400c 	strh.w	r4, [sp, #12]
10002b7a:	f7fe fe19 	bl	100017b0 <prvCreateTask>
10002b7e:	b120      	cbz	r0, 10002b8a <vTaskStartScheduler+0x2e>
10002b80:	f04f 32ff 	mov.w	r2, #4294967295	@ 0xffffffff
10002b84:	6042      	str	r2, [r0, #4]
10002b86:	f7ff ff45 	bl	10002a14 <prvAddNewTaskToReadyList>
10002b8a:	2331      	movs	r3, #49	@ 0x31
10002b8c:	2400      	movs	r4, #0
10002b8e:	682a      	ldr	r2, [r5, #0]
10002b90:	4e1d      	ldr	r6, [pc, #116]	@ (10002c08 <vTaskStartScheduler+0xac>)
10002b92:	f88d 300c 	strb.w	r3, [sp, #12]
10002b96:	4b1d      	ldr	r3, [pc, #116]	@ (10002c0c <vTaskStartScheduler+0xb0>)
10002b98:	6394      	str	r4, [r2, #56]	@ 0x38
10002b9a:	481d      	ldr	r0, [pc, #116]	@ (10002c10 <vTaskStartScheduler+0xb4>)
10002b9c:	9301      	str	r3, [sp, #4]
10002b9e:	9400      	str	r4, [sp, #0]
10002ba0:	4623      	mov	r3, r4
10002ba2:	6032      	str	r2, [r6, #0]
10002ba4:	a902      	add	r1, sp, #8
10002ba6:	f44f 7200 	mov.w	r2, #512	@ 0x200
10002baa:	f7fe fe01 	bl	100017b0 <prvCreateTask>
10002bae:	b188      	cbz	r0, 10002bd4 <vTaskStartScheduler+0x78>
10002bb0:	f04f 37ff 	mov.w	r7, #4294967295	@ 0xffffffff
10002bb4:	6047      	str	r7, [r0, #4]
10002bb6:	f7ff ff2d 	bl	10002a14 <prvAddNewTaskToReadyList>
10002bba:	2201      	movs	r2, #1
10002bbc:	686b      	ldr	r3, [r5, #4]
10002bbe:	639a      	str	r2, [r3, #56]	@ 0x38
10002bc0:	6073      	str	r3, [r6, #4]
10002bc2:	f000 fc7d 	bl	100034c0 <xTimerCreateTimerTask>
10002bc6:	2801      	cmp	r0, #1
10002bc8:	4605      	mov	r5, r0
10002bca:	d00b      	beq.n	10002be4 <vTaskStartScheduler+0x88>
10002bcc:	4b11      	ldr	r3, [pc, #68]	@ (10002c14 <vTaskStartScheduler+0xb8>)
10002bce:	681b      	ldr	r3, [r3, #0]
10002bd0:	b007      	add	sp, #28
10002bd2:	bdf0      	pop	{r4, r5, r6, r7, pc}
10002bd4:	2201      	movs	r2, #1
10002bd6:	686b      	ldr	r3, [r5, #4]
10002bd8:	639a      	str	r2, [r3, #56]	@ 0x38
10002bda:	6073      	str	r3, [r6, #4]
10002bdc:	4b0d      	ldr	r3, [pc, #52]	@ (10002c14 <vTaskStartScheduler+0xb8>)
10002bde:	681b      	ldr	r3, [r3, #0]
10002be0:	b007      	add	sp, #28
10002be2:	bdf0      	pop	{r4, r5, r6, r7, pc}
10002be4:	f7fd ff30 	bl	10000a48 <ulSetInterruptMask>
10002be8:	4b0b      	ldr	r3, [pc, #44]	@ (10002c18 <vTaskStartScheduler+0xbc>)
10002bea:	4a0c      	ldr	r2, [pc, #48]	@ (10002c1c <vTaskStartScheduler+0xc0>)
10002bec:	601f      	str	r7, [r3, #0]
10002bee:	4b0c      	ldr	r3, [pc, #48]	@ (10002c20 <vTaskStartScheduler+0xc4>)
10002bf0:	6015      	str	r5, [r2, #0]
10002bf2:	601c      	str	r4, [r3, #0]
10002bf4:	f7fd fde2 	bl	100007bc <xPortStartScheduler>
10002bf8:	e7e8      	b.n	10002bcc <vTaskStartScheduler+0x70>
10002bfa:	bf00      	nop
10002bfc:	454c4449 	.word	0x454c4449
10002c00:	20020bc0 	.word	0x20020bc0
10002c04:	10001cdd 	.word	0x10001cdd
10002c08:	20000898 	.word	0x20000898
10002c0c:	20020bc4 	.word	0x20020bc4
10002c10:	10001639 	.word	0x10001639
10002c14:	2000059c 	.word	0x2000059c
10002c18:	20020bd0 	.word	0x20020bd0
10002c1c:	20020bf8 	.word	0x20020bf8
10002c20:	20020c2c 	.word	0x20020c2c

10002c24 <xTaskResumeAll.part.0>:
10002c24:	e92d 47f0 	stmdb	sp!, {r4, r5, r6, r7, r8, r9, sl, lr}
10002c28:	f7ff fe66 	bl	100028f8 <vTaskEnterCritical>
10002c2c:	f04f 4050 	mov.w	r0, #3489660928	@ 0xd0000000
10002c30:	4a57      	ldr	r2, [pc, #348]	@ (10002d90 <xTaskResumeAll.part.0+0x16c>)
10002c32:	4958      	ldr	r1, [pc, #352]	@ (10002d94 <xTaskResumeAll.part.0+0x170>)
10002c34:	6813      	ldr	r3, [r2, #0]
10002c36:	6805      	ldr	r5, [r0, #0]
10002c38:	3b01      	subs	r3, #1
10002c3a:	6013      	str	r3, [r2, #0]
10002c3c:	784b      	ldrb	r3, [r1, #1]
10002c3e:	6800      	ldr	r0, [r0, #0]
10002c40:	3b01      	subs	r3, #1
10002c42:	b2db      	uxtb	r3, r3
10002c44:	704b      	strb	r3, [r1, #1]
10002c46:	b933      	cbnz	r3, 10002c56 <xTaskResumeAll.part.0+0x32>
10002c48:	4953      	ldr	r1, [pc, #332]	@ (10002d98 <xTaskResumeAll.part.0+0x174>)
10002c4a:	eb01 0140 	add.w	r1, r1, r0, lsl #1
10002c4e:	704b      	strb	r3, [r1, #1]
10002c50:	4952      	ldr	r1, [pc, #328]	@ (10002d9c <xTaskResumeAll.part.0+0x178>)
10002c52:	e8c1 3f8f 	stlb	r3, [r1]
10002c56:	f8d2 c000 	ldr.w	ip, [r2]
10002c5a:	f1bc 0f00 	cmp.w	ip, #0
10002c5e:	d16e      	bne.n	10002d3e <xTaskResumeAll.part.0+0x11a>
10002c60:	4b4f      	ldr	r3, [pc, #316]	@ (10002da0 <xTaskResumeAll.part.0+0x17c>)
10002c62:	681c      	ldr	r4, [r3, #0]
10002c64:	2c00      	cmp	r4, #0
10002c66:	d062      	beq.n	10002d2e <xTaskResumeAll.part.0+0x10a>
10002c68:	4f4e      	ldr	r7, [pc, #312]	@ (10002da4 <xTaskResumeAll.part.0+0x180>)
10002c6a:	683b      	ldr	r3, [r7, #0]
10002c6c:	2b00      	cmp	r3, #0
10002c6e:	d048      	beq.n	10002d02 <xTaskResumeAll.part.0+0xde>
10002c70:	f8df e148 	ldr.w	lr, [pc, #328]	@ 10002dbc <xTaskResumeAll.part.0+0x198>
10002c74:	4e4c      	ldr	r6, [pc, #304]	@ (10002da8 <xTaskResumeAll.part.0+0x184>)
10002c76:	68fb      	ldr	r3, [r7, #12]
10002c78:	68db      	ldr	r3, [r3, #12]
10002c7a:	6ada      	ldr	r2, [r3, #44]	@ 0x2c
10002c7c:	e9d3 1008 	ldrd	r1, r0, [r3, #32]
10002c80:	6088      	str	r0, [r1, #8]
10002c82:	6041      	str	r1, [r0, #4]
10002c84:	6851      	ldr	r1, [r2, #4]
10002c86:	f103 041c 	add.w	r4, r3, #28
10002c8a:	42a1      	cmp	r1, r4
10002c8c:	6811      	ldr	r1, [r2, #0]
10002c8e:	bf08      	it	eq
10002c90:	6050      	streq	r0, [r2, #4]
10002c92:	3901      	subs	r1, #1
10002c94:	f8c3 c02c 	str.w	ip, [r3, #44]	@ 0x2c
10002c98:	6011      	str	r1, [r2, #0]
10002c9a:	6999      	ldr	r1, [r3, #24]
10002c9c:	68d8      	ldr	r0, [r3, #12]
10002c9e:	691a      	ldr	r2, [r3, #16]
10002ca0:	684c      	ldr	r4, [r1, #4]
10002ca2:	6082      	str	r2, [r0, #8]
10002ca4:	6050      	str	r0, [r2, #4]
10002ca6:	f103 0008 	add.w	r0, r3, #8
10002caa:	4284      	cmp	r4, r0
10002cac:	bf08      	it	eq
10002cae:	604a      	streq	r2, [r1, #4]
10002cb0:	680c      	ldr	r4, [r1, #0]
10002cb2:	6b1a      	ldr	r2, [r3, #48]	@ 0x30
10002cb4:	f8de 8000 	ldr.w	r8, [lr]
10002cb8:	3c01      	subs	r4, #1
10002cba:	4542      	cmp	r2, r8
10002cbc:	eb02 0a82 	add.w	sl, r2, r2, lsl #2
10002cc0:	600c      	str	r4, [r1, #0]
10002cc2:	d93e      	bls.n	10002d42 <xTaskResumeAll.part.0+0x11e>
10002cc4:	eb06 048a 	add.w	r4, r6, sl, lsl #2
10002cc8:	6861      	ldr	r1, [r4, #4]
10002cca:	f8ce 2000 	str.w	r2, [lr]
10002cce:	f8d1 8008 	ldr.w	r8, [r1, #8]
10002cd2:	f856 202a 	ldr.w	r2, [r6, sl, lsl #2]
10002cd6:	60d9      	str	r1, [r3, #12]
10002cd8:	f8c3 8010 	str.w	r8, [r3, #16]
10002cdc:	f8c8 0004 	str.w	r0, [r8, #4]
10002ce0:	6088      	str	r0, [r1, #8]
10002ce2:	619c      	str	r4, [r3, #24]
10002ce4:	683b      	ldr	r3, [r7, #0]
10002ce6:	3201      	adds	r2, #1
10002ce8:	f846 202a 	str.w	r2, [r6, sl, lsl #2]
10002cec:	2b00      	cmp	r3, #0
10002cee:	d1c2      	bne.n	10002c76 <xTaskResumeAll.part.0+0x52>
10002cf0:	4b2e      	ldr	r3, [pc, #184]	@ (10002dac <xTaskResumeAll.part.0+0x188>)
10002cf2:	681a      	ldr	r2, [r3, #0]
10002cf4:	6812      	ldr	r2, [r2, #0]
10002cf6:	2a00      	cmp	r2, #0
10002cf8:	d143      	bne.n	10002d82 <xTaskResumeAll.part.0+0x15e>
10002cfa:	f04f 32ff 	mov.w	r2, #4294967295	@ 0xffffffff
10002cfe:	4b2c      	ldr	r3, [pc, #176]	@ (10002db0 <xTaskResumeAll.part.0+0x18c>)
10002d00:	601a      	str	r2, [r3, #0]
10002d02:	f8df 80bc 	ldr.w	r8, [pc, #188]	@ 10002dc0 <xTaskResumeAll.part.0+0x19c>
10002d06:	f8d8 4000 	ldr.w	r4, [r8]
10002d0a:	2c00      	cmp	r4, #0
10002d0c:	d032      	beq.n	10002d74 <xTaskResumeAll.part.0+0x150>
10002d0e:	2701      	movs	r7, #1
10002d10:	4e28      	ldr	r6, [pc, #160]	@ (10002db4 <xTaskResumeAll.part.0+0x190>)
10002d12:	f7ff f8a3 	bl	10001e5c <xTaskIncrementTick>
10002d16:	b108      	cbz	r0, 10002d1c <xTaskResumeAll.part.0+0xf8>
10002d18:	f846 7025 	str.w	r7, [r6, r5, lsl #2]
10002d1c:	3c01      	subs	r4, #1
10002d1e:	d1f8      	bne.n	10002d12 <xTaskResumeAll.part.0+0xee>
10002d20:	f8c8 4000 	str.w	r4, [r8]
10002d24:	f856 4025 	ldr.w	r4, [r6, r5, lsl #2]
10002d28:	3c00      	subs	r4, #0
10002d2a:	bf18      	it	ne
10002d2c:	2401      	movne	r4, #1
10002d2e:	4b22      	ldr	r3, [pc, #136]	@ (10002db8 <xTaskResumeAll.part.0+0x194>)
10002d30:	681b      	ldr	r3, [r3, #0]
10002d32:	b10b      	cbz	r3, 10002d38 <xTaskResumeAll.part.0+0x114>
10002d34:	f7fe fcf6 	bl	10001724 <vTaskExitCritical.part.0>
10002d38:	4620      	mov	r0, r4
10002d3a:	e8bd 87f0 	ldmia.w	sp!, {r4, r5, r6, r7, r8, r9, sl, pc}
10002d3e:	2400      	movs	r4, #0
10002d40:	e7f5      	b.n	10002d2e <xTaskResumeAll.part.0+0x10a>
10002d42:	eb06 048a 	add.w	r4, r6, sl, lsl #2
10002d46:	6861      	ldr	r1, [r4, #4]
10002d48:	f856 202a 	ldr.w	r2, [r6, sl, lsl #2]
10002d4c:	f8d1 8008 	ldr.w	r8, [r1, #8]
10002d50:	60d9      	str	r1, [r3, #12]
10002d52:	f8c3 8010 	str.w	r8, [r3, #16]
10002d56:	f8c8 0004 	str.w	r0, [r8, #4]
10002d5a:	6088      	str	r0, [r1, #8]
10002d5c:	619c      	str	r4, [r3, #24]
10002d5e:	683b      	ldr	r3, [r7, #0]
10002d60:	3201      	adds	r2, #1
10002d62:	f846 202a 	str.w	r2, [r6, sl, lsl #2]
10002d66:	2b00      	cmp	r3, #0
10002d68:	d185      	bne.n	10002c76 <xTaskResumeAll.part.0+0x52>
10002d6a:	4b10      	ldr	r3, [pc, #64]	@ (10002dac <xTaskResumeAll.part.0+0x188>)
10002d6c:	681a      	ldr	r2, [r3, #0]
10002d6e:	6812      	ldr	r2, [r2, #0]
10002d70:	b93a      	cbnz	r2, 10002d82 <xTaskResumeAll.part.0+0x15e>
10002d72:	e7c2      	b.n	10002cfa <xTaskResumeAll.part.0+0xd6>
10002d74:	4e0f      	ldr	r6, [pc, #60]	@ (10002db4 <xTaskResumeAll.part.0+0x190>)
10002d76:	f856 4025 	ldr.w	r4, [r6, r5, lsl #2]
10002d7a:	3c00      	subs	r4, #0
10002d7c:	bf18      	it	ne
10002d7e:	2401      	movne	r4, #1
10002d80:	e7d5      	b.n	10002d2e <xTaskResumeAll.part.0+0x10a>
10002d82:	681a      	ldr	r2, [r3, #0]
10002d84:	4b0a      	ldr	r3, [pc, #40]	@ (10002db0 <xTaskResumeAll.part.0+0x18c>)
10002d86:	68d2      	ldr	r2, [r2, #12]
10002d88:	6812      	ldr	r2, [r2, #0]
10002d8a:	601a      	str	r2, [r3, #0]
10002d8c:	e7b9      	b.n	10002d02 <xTaskResumeAll.part.0+0xde>
10002d8e:	bf00      	nop
10002d90:	20020b5c 	.word	0x20020b5c
10002d94:	20020b44 	.word	0x20020b44
10002d98:	20020b40 	.word	0x20020b40
10002d9c:	2000081b 	.word	0x2000081b
10002da0:	20020b54 	.word	0x20020b54
10002da4:	20020be4 	.word	0x20020be4
10002da8:	200008b4 	.word	0x200008b4
10002dac:	200008a4 	.word	0x200008a4
10002db0:	20020bd0 	.word	0x20020bd0
10002db4:	20020c38 	.word	0x20020c38
10002db8:	20020bf8 	.word	0x20020bf8
10002dbc:	20020b64 	.word	0x20020b64
10002dc0:	20020be0 	.word	0x20020be0

10002dc4 <xTaskResumeAll>:
10002dc4:	4b02      	ldr	r3, [pc, #8]	@ (10002dd0 <xTaskResumeAll+0xc>)
10002dc6:	6818      	ldr	r0, [r3, #0]
10002dc8:	b900      	cbnz	r0, 10002dcc <xTaskResumeAll+0x8>
10002dca:	4770      	bx	lr
10002dcc:	f7ff bf2a 	b.w	10002c24 <xTaskResumeAll.part.0>
10002dd0:	20020bf8 	.word	0x20020bf8

10002dd4 <vTaskDelay>:
10002dd4:	b520      	push	{r5, lr}
10002dd6:	b082      	sub	sp, #8
10002dd8:	b138      	cbz	r0, 10002dea <vTaskDelay+0x16>
10002dda:	4d15      	ldr	r5, [pc, #84]	@ (10002e30 <vTaskDelay+0x5c>)
10002ddc:	682b      	ldr	r3, [r5, #0]
10002dde:	b9db      	cbnz	r3, 10002e18 <vTaskDelay+0x44>
10002de0:	2100      	movs	r1, #0
10002de2:	f7fe ff89 	bl	10001cf8 <prvAddCurrentTaskToDelayedList>
10002de6:	682b      	ldr	r3, [r5, #0]
10002de8:	b98b      	cbnz	r3, 10002e0e <vTaskDelay+0x3a>
10002dea:	f04f 4350 	mov.w	r3, #3489660928	@ 0xd0000000
10002dee:	4a11      	ldr	r2, [pc, #68]	@ (10002e34 <vTaskDelay+0x60>)
10002df0:	681b      	ldr	r3, [r3, #0]
10002df2:	f852 2023 	ldr.w	r2, [r2, r3, lsl #2]
10002df6:	b12a      	cbz	r2, 10002e04 <vTaskDelay+0x30>
10002df8:	2101      	movs	r1, #1
10002dfa:	4a0f      	ldr	r2, [pc, #60]	@ (10002e38 <vTaskDelay+0x64>)
10002dfc:	f842 1023 	str.w	r1, [r2, r3, lsl #2]
10002e00:	b002      	add	sp, #8
10002e02:	bd20      	pop	{r5, pc}
10002e04:	b002      	add	sp, #8
10002e06:	e8bd 4020 	ldmia.w	sp!, {r5, lr}
10002e0a:	f7fd bc79 	b.w	10000700 <vPortYield>
10002e0e:	f7ff ff09 	bl	10002c24 <xTaskResumeAll.part.0>
10002e12:	2800      	cmp	r0, #0
10002e14:	d0e9      	beq.n	10002dea <vTaskDelay+0x16>
10002e16:	e7f3      	b.n	10002e00 <vTaskDelay+0x2c>
10002e18:	9001      	str	r0, [sp, #4]
10002e1a:	f7fe fe15 	bl	10001a48 <vTaskSuspendAll.part.0>
10002e1e:	2100      	movs	r1, #0
10002e20:	9801      	ldr	r0, [sp, #4]
10002e22:	f7fe ff69 	bl	10001cf8 <prvAddCurrentTaskToDelayedList>
10002e26:	682b      	ldr	r3, [r5, #0]
10002e28:	2b00      	cmp	r3, #0
10002e2a:	d0de      	beq.n	10002dea <vTaskDelay+0x16>
10002e2c:	e7ef      	b.n	10002e0e <vTaskDelay+0x3a>
10002e2e:	bf00      	nop
10002e30:	20020bf8 	.word	0x20020bf8
10002e34:	20020b48 	.word	0x20020b48
10002e38:	20020c38 	.word	0x20020c38

10002e3c <vTaskRemoveFromUnorderedEventList>:
10002e3c:	b5f8      	push	{r3, r4, r5, r6, r7, lr}
10002e3e:	e9d0 5201 	ldrd	r5, r2, [r0, #4]
10002e42:	2700      	movs	r7, #0
10002e44:	6903      	ldr	r3, [r0, #16]
10002e46:	f041 4100 	orr.w	r1, r1, #2147483648	@ 0x80000000
10002e4a:	6001      	str	r1, [r0, #0]
10002e4c:	6859      	ldr	r1, [r3, #4]
10002e4e:	68c4      	ldr	r4, [r0, #12]
10002e50:	4281      	cmp	r1, r0
10002e52:	60aa      	str	r2, [r5, #8]
10002e54:	6055      	str	r5, [r2, #4]
10002e56:	bf08      	it	eq
10002e58:	605a      	streq	r2, [r3, #4]
10002e5a:	681a      	ldr	r2, [r3, #0]
10002e5c:	e9d4 6103 	ldrd	r6, r1, [r4, #12]
10002e60:	3a01      	subs	r2, #1
10002e62:	6107      	str	r7, [r0, #16]
10002e64:	601a      	str	r2, [r3, #0]
10002e66:	69a3      	ldr	r3, [r4, #24]
10002e68:	f104 0508 	add.w	r5, r4, #8
10002e6c:	685a      	ldr	r2, [r3, #4]
10002e6e:	60b1      	str	r1, [r6, #8]
10002e70:	42aa      	cmp	r2, r5
10002e72:	681a      	ldr	r2, [r3, #0]
10002e74:	604e      	str	r6, [r1, #4]
10002e76:	bf08      	it	eq
10002e78:	6059      	streq	r1, [r3, #4]
10002e7a:	4912      	ldr	r1, [pc, #72]	@ (10002ec4 <vTaskRemoveFromUnorderedEventList+0x88>)
10002e7c:	3a01      	subs	r2, #1
10002e7e:	601a      	str	r2, [r3, #0]
10002e80:	6b23      	ldr	r3, [r4, #48]	@ 0x30
10002e82:	680a      	ldr	r2, [r1, #0]
10002e84:	4293      	cmp	r3, r2
10002e86:	4a10      	ldr	r2, [pc, #64]	@ (10002ec8 <vTaskRemoveFromUnorderedEventList+0x8c>)
10002e88:	bf88      	it	hi
10002e8a:	600b      	strhi	r3, [r1, #0]
10002e8c:	eb03 0383 	add.w	r3, r3, r3, lsl #2
10002e90:	0098      	lsls	r0, r3, #2
10002e92:	eb02 0383 	add.w	r3, r2, r3, lsl #2
10002e96:	6859      	ldr	r1, [r3, #4]
10002e98:	688e      	ldr	r6, [r1, #8]
10002e9a:	60e1      	str	r1, [r4, #12]
10002e9c:	6126      	str	r6, [r4, #16]
10002e9e:	6075      	str	r5, [r6, #4]
10002ea0:	608d      	str	r5, [r1, #8]
10002ea2:	5811      	ldr	r1, [r2, r0]
10002ea4:	61a3      	str	r3, [r4, #24]
10002ea6:	3101      	adds	r1, #1
10002ea8:	5011      	str	r1, [r2, r0]
10002eaa:	f7ff fd25 	bl	100028f8 <vTaskEnterCritical>
10002eae:	4620      	mov	r0, r4
10002eb0:	f7fe fbd2 	bl	10001658 <prvYieldForTask>
10002eb4:	4b05      	ldr	r3, [pc, #20]	@ (10002ecc <vTaskRemoveFromUnorderedEventList+0x90>)
10002eb6:	681b      	ldr	r3, [r3, #0]
10002eb8:	b11b      	cbz	r3, 10002ec2 <vTaskRemoveFromUnorderedEventList+0x86>
10002eba:	e8bd 40f8 	ldmia.w	sp!, {r3, r4, r5, r6, r7, lr}
10002ebe:	f7fe bc31 	b.w	10001724 <vTaskExitCritical.part.0>
10002ec2:	bdf8      	pop	{r3, r4, r5, r6, r7, pc}
10002ec4:	20020b64 	.word	0x20020b64
10002ec8:	200008b4 	.word	0x200008b4
10002ecc:	20020bf8 	.word	0x20020bf8

10002ed0 <xTaskCheckForTimeOut>:
10002ed0:	e92d 4ff8 	stmdb	sp!, {r3, r4, r5, r6, r7, r8, r9, sl, fp, lr}
10002ed4:	4604      	mov	r4, r0
10002ed6:	f04f 4750 	mov.w	r7, #3489660928	@ 0xd0000000
10002eda:	f8df 8094 	ldr.w	r8, [pc, #148]	@ 10002f70 <xTaskCheckForTimeOut+0xa0>
10002ede:	460d      	mov	r5, r1
10002ee0:	4e20      	ldr	r6, [pc, #128]	@ (10002f64 <xTaskCheckForTimeOut+0x94>)
10002ee2:	f7ff fd09 	bl	100028f8 <vTaskEnterCritical>
10002ee6:	f8d8 a000 	ldr.w	sl, [r8]
10002eea:	f8d4 9004 	ldr.w	r9, [r4, #4]
10002eee:	f7fd fdab 	bl	10000a48 <ulSetInterruptMask>
10002ef2:	683b      	ldr	r3, [r7, #0]
10002ef4:	f856 b023 	ldr.w	fp, [r6, r3, lsl #2]
10002ef8:	f7fd fdb2 	bl	10000a60 <vClearInterruptMask>
10002efc:	f89b 3079 	ldrb.w	r3, [fp, #121]	@ 0x79
10002f00:	bb23      	cbnz	r3, 10002f4c <xTaskCheckForTimeOut+0x7c>
10002f02:	682b      	ldr	r3, [r5, #0]
10002f04:	1c5a      	adds	r2, r3, #1
10002f06:	d01f      	beq.n	10002f48 <xTaskCheckForTimeOut+0x78>
10002f08:	4a17      	ldr	r2, [pc, #92]	@ (10002f68 <xTaskCheckForTimeOut+0x98>)
10002f0a:	6821      	ldr	r1, [r4, #0]
10002f0c:	6810      	ldr	r0, [r2, #0]
10002f0e:	4281      	cmp	r1, r0
10002f10:	d00d      	beq.n	10002f2e <xTaskCheckForTimeOut+0x5e>
10002f12:	6861      	ldr	r1, [r4, #4]
10002f14:	4551      	cmp	r1, sl
10002f16:	d80a      	bhi.n	10002f2e <xTaskCheckForTimeOut+0x5e>
10002f18:	2300      	movs	r3, #0
10002f1a:	602b      	str	r3, [r5, #0]
10002f1c:	2401      	movs	r4, #1
10002f1e:	4b13      	ldr	r3, [pc, #76]	@ (10002f6c <xTaskCheckForTimeOut+0x9c>)
10002f20:	681b      	ldr	r3, [r3, #0]
10002f22:	b10b      	cbz	r3, 10002f28 <xTaskCheckForTimeOut+0x58>
10002f24:	f7fe fbfe 	bl	10001724 <vTaskExitCritical.part.0>
10002f28:	4620      	mov	r0, r4
10002f2a:	e8bd 8ff8 	ldmia.w	sp!, {r3, r4, r5, r6, r7, r8, r9, sl, fp, pc}
10002f2e:	ebaa 0109 	sub.w	r1, sl, r9
10002f32:	428b      	cmp	r3, r1
10002f34:	d9f0      	bls.n	10002f18 <xTaskCheckForTimeOut+0x48>
10002f36:	6811      	ldr	r1, [r2, #0]
10002f38:	eba3 030a 	sub.w	r3, r3, sl
10002f3c:	f8d8 2000 	ldr.w	r2, [r8]
10002f40:	444b      	add	r3, r9
10002f42:	602b      	str	r3, [r5, #0]
10002f44:	e9c4 1200 	strd	r1, r2, [r4]
10002f48:	2400      	movs	r4, #0
10002f4a:	e7e8      	b.n	10002f1e <xTaskCheckForTimeOut+0x4e>
10002f4c:	f7fd fd7c 	bl	10000a48 <ulSetInterruptMask>
10002f50:	683b      	ldr	r3, [r7, #0]
10002f52:	f856 4023 	ldr.w	r4, [r6, r3, lsl #2]
10002f56:	f7fd fd83 	bl	10000a60 <vClearInterruptMask>
10002f5a:	2300      	movs	r3, #0
10002f5c:	f884 3079 	strb.w	r3, [r4, #121]	@ 0x79
10002f60:	e7dc      	b.n	10002f1c <xTaskCheckForTimeOut+0x4c>
10002f62:	bf00      	nop
10002f64:	20000898 	.word	0x20000898
10002f68:	20020bd4 	.word	0x20020bd4
10002f6c:	20020bf8 	.word	0x20020bf8
10002f70:	20020c2c 	.word	0x20020c2c

10002f74 <vTaskEnterCriticalFromISR>:
10002f74:	4b1f      	ldr	r3, [pc, #124]	@ (10002ff4 <vTaskEnterCriticalFromISR+0x80>)
10002f76:	6818      	ldr	r0, [r3, #0]
10002f78:	b900      	cbnz	r0, 10002f7c <vTaskEnterCriticalFromISR+0x8>
10002f7a:	4770      	bx	lr
10002f7c:	b570      	push	{r4, r5, r6, lr}
10002f7e:	f7fd fd63 	bl	10000a48 <ulSetInterruptMask>
10002f82:	f04f 4250 	mov.w	r2, #3489660928	@ 0xd0000000
10002f86:	4c1c      	ldr	r4, [pc, #112]	@ (10002ff8 <vTaskEnterCriticalFromISR+0x84>)
10002f88:	6813      	ldr	r3, [r2, #0]
10002f8a:	f854 1023 	ldr.w	r1, [r4, r3, lsl #2]
10002f8e:	b129      	cbz	r1, 10002f9c <vTaskEnterCriticalFromISR+0x28>
10002f90:	f854 2023 	ldr.w	r2, [r4, r3, lsl #2]
10002f94:	3201      	adds	r2, #1
10002f96:	f844 2023 	str.w	r2, [r4, r3, lsl #2]
10002f9a:	bd70      	pop	{r4, r5, r6, pc}
10002f9c:	4917      	ldr	r1, [pc, #92]	@ (10002ffc <vTaskEnterCriticalFromISR+0x88>)
10002f9e:	e8d1 5fcf 	ldaexb	r5, [r1]
10002fa2:	2601      	movs	r6, #1
10002fa4:	2d00      	cmp	r5, #0
10002fa6:	d101      	bne.n	10002fac <vTaskEnterCriticalFromISR+0x38>
10002fa8:	e8c1 6f45 	strexb	r5, r6, [r1]
10002fac:	f3bf 8f5f 	dmb	sy
10002fb0:	b94d      	cbnz	r5, 10002fc6 <vTaskEnterCriticalFromISR+0x52>
10002fb2:	4d13      	ldr	r5, [pc, #76]	@ (10003000 <vTaskEnterCriticalFromISR+0x8c>)
10002fb4:	2201      	movs	r2, #1
10002fb6:	4913      	ldr	r1, [pc, #76]	@ (10003004 <vTaskEnterCriticalFromISR+0x90>)
10002fb8:	700a      	strb	r2, [r1, #0]
10002fba:	f805 2013 	strb.w	r2, [r5, r3, lsl #1]
10002fbe:	f04f 4350 	mov.w	r3, #3489660928	@ 0xd0000000
10002fc2:	681b      	ldr	r3, [r3, #0]
10002fc4:	e7e4      	b.n	10002f90 <vTaskEnterCriticalFromISR+0x1c>
10002fc6:	4d0e      	ldr	r5, [pc, #56]	@ (10003000 <vTaskEnterCriticalFromISR+0x8c>)
10002fc8:	f815 6013 	ldrb.w	r6, [r5, r3, lsl #1]
10002fcc:	b95e      	cbnz	r6, 10002fe6 <vTaskEnterCriticalFromISR+0x72>
10002fce:	e8d1 6fcf 	ldaexb	r6, [r1]
10002fd2:	2201      	movs	r2, #1
10002fd4:	2e00      	cmp	r6, #0
10002fd6:	d1fa      	bne.n	10002fce <vTaskEnterCriticalFromISR+0x5a>
10002fd8:	e8c1 2f46 	strexb	r6, r2, [r1]
10002fdc:	2e00      	cmp	r6, #0
10002fde:	d1f6      	bne.n	10002fce <vTaskEnterCriticalFromISR+0x5a>
10002fe0:	f3bf 8f5f 	dmb	sy
10002fe4:	e7e6      	b.n	10002fb4 <vTaskEnterCriticalFromISR+0x40>
10002fe6:	4907      	ldr	r1, [pc, #28]	@ (10003004 <vTaskEnterCriticalFromISR+0x90>)
10002fe8:	780b      	ldrb	r3, [r1, #0]
10002fea:	3301      	adds	r3, #1
10002fec:	b2db      	uxtb	r3, r3
10002fee:	700b      	strb	r3, [r1, #0]
10002ff0:	6813      	ldr	r3, [r2, #0]
10002ff2:	e7cd      	b.n	10002f90 <vTaskEnterCriticalFromISR+0x1c>
10002ff4:	20020bf8 	.word	0x20020bf8
10002ff8:	20020b48 	.word	0x20020b48
10002ffc:	2000081a 	.word	0x2000081a
10003000:	20020b40 	.word	0x20020b40
10003004:	20020b44 	.word	0x20020b44

10003008 <vTaskExitCritical>:
10003008:	4b1e      	ldr	r3, [pc, #120]	@ (10003084 <vTaskExitCritical+0x7c>)
1000300a:	681b      	ldr	r3, [r3, #0]
1000300c:	2b00      	cmp	r3, #0
1000300e:	d034      	beq.n	1000307a <vTaskExitCritical+0x72>
10003010:	f04f 4150 	mov.w	r1, #3489660928	@ 0xd0000000
10003014:	4b1c      	ldr	r3, [pc, #112]	@ (10003088 <vTaskExitCritical+0x80>)
10003016:	680a      	ldr	r2, [r1, #0]
10003018:	f853 0022 	ldr.w	r0, [r3, r2, lsl #2]
1000301c:	2800      	cmp	r0, #0
1000301e:	d02c      	beq.n	1000307a <vTaskExitCritical+0x72>
10003020:	f853 0022 	ldr.w	r0, [r3, r2, lsl #2]
10003024:	3801      	subs	r0, #1
10003026:	f843 0022 	str.w	r0, [r3, r2, lsl #2]
1000302a:	680a      	ldr	r2, [r1, #0]
1000302c:	f853 3022 	ldr.w	r3, [r3, r2, lsl #2]
10003030:	bb1b      	cbnz	r3, 1000307a <vTaskExitCritical+0x72>
10003032:	b510      	push	{r4, lr}
10003034:	4915      	ldr	r1, [pc, #84]	@ (1000308c <vTaskExitCritical+0x84>)
10003036:	4b16      	ldr	r3, [pc, #88]	@ (10003090 <vTaskExitCritical+0x88>)
10003038:	f853 4022 	ldr.w	r4, [r3, r2, lsl #2]
1000303c:	780b      	ldrb	r3, [r1, #0]
1000303e:	3b01      	subs	r3, #1
10003040:	b2db      	uxtb	r3, r3
10003042:	700b      	strb	r3, [r1, #0]
10003044:	b92b      	cbnz	r3, 10003052 <vTaskExitCritical+0x4a>
10003046:	4813      	ldr	r0, [pc, #76]	@ (10003094 <vTaskExitCritical+0x8c>)
10003048:	f800 3012 	strb.w	r3, [r0, r2, lsl #1]
1000304c:	4a12      	ldr	r2, [pc, #72]	@ (10003098 <vTaskExitCritical+0x90>)
1000304e:	e8c2 3f8f 	stlb	r3, [r2]
10003052:	f04f 4250 	mov.w	r2, #3489660928	@ 0xd0000000
10003056:	784b      	ldrb	r3, [r1, #1]
10003058:	6810      	ldr	r0, [r2, #0]
1000305a:	3b01      	subs	r3, #1
1000305c:	b2db      	uxtb	r3, r3
1000305e:	704b      	strb	r3, [r1, #1]
10003060:	b933      	cbnz	r3, 10003070 <vTaskExitCritical+0x68>
10003062:	4a0c      	ldr	r2, [pc, #48]	@ (10003094 <vTaskExitCritical+0x8c>)
10003064:	490d      	ldr	r1, [pc, #52]	@ (1000309c <vTaskExitCritical+0x94>)
10003066:	eb02 0240 	add.w	r2, r2, r0, lsl #1
1000306a:	7053      	strb	r3, [r2, #1]
1000306c:	e8c1 3f8f 	stlb	r3, [r1]
10003070:	2000      	movs	r0, #0
10003072:	f7fd fcf5 	bl	10000a60 <vClearInterruptMask>
10003076:	b90c      	cbnz	r4, 1000307c <vTaskExitCritical+0x74>
10003078:	bd10      	pop	{r4, pc}
1000307a:	4770      	bx	lr
1000307c:	e8bd 4010 	ldmia.w	sp!, {r4, lr}
10003080:	f7fd bb3e 	b.w	10000700 <vPortYield>
10003084:	20020bf8 	.word	0x20020bf8
10003088:	20020b48 	.word	0x20020b48
1000308c:	20020b44 	.word	0x20020b44
10003090:	20020c38 	.word	0x20020c38
10003094:	20020b40 	.word	0x20020b40
10003098:	2000081a 	.word	0x2000081a
1000309c:	2000081b 	.word	0x2000081b

100030a0 <vTaskExitCriticalFromISR>:
100030a0:	4b13      	ldr	r3, [pc, #76]	@ (100030f0 <vTaskExitCriticalFromISR+0x50>)
100030a2:	681b      	ldr	r3, [r3, #0]
100030a4:	b903      	cbnz	r3, 100030a8 <vTaskExitCriticalFromISR+0x8>
100030a6:	4770      	bx	lr
100030a8:	f04f 4150 	mov.w	r1, #3489660928	@ 0xd0000000
100030ac:	4b11      	ldr	r3, [pc, #68]	@ (100030f4 <vTaskExitCriticalFromISR+0x54>)
100030ae:	680a      	ldr	r2, [r1, #0]
100030b0:	b410      	push	{r4}
100030b2:	f853 4022 	ldr.w	r4, [r3, r2, lsl #2]
100030b6:	b1c4      	cbz	r4, 100030ea <vTaskExitCriticalFromISR+0x4a>
100030b8:	f853 4022 	ldr.w	r4, [r3, r2, lsl #2]
100030bc:	3c01      	subs	r4, #1
100030be:	f843 4022 	str.w	r4, [r3, r2, lsl #2]
100030c2:	680a      	ldr	r2, [r1, #0]
100030c4:	f853 3022 	ldr.w	r3, [r3, r2, lsl #2]
100030c8:	b97b      	cbnz	r3, 100030ea <vTaskExitCriticalFromISR+0x4a>
100030ca:	490b      	ldr	r1, [pc, #44]	@ (100030f8 <vTaskExitCriticalFromISR+0x58>)
100030cc:	780b      	ldrb	r3, [r1, #0]
100030ce:	3b01      	subs	r3, #1
100030d0:	b2db      	uxtb	r3, r3
100030d2:	700b      	strb	r3, [r1, #0]
100030d4:	b92b      	cbnz	r3, 100030e2 <vTaskExitCriticalFromISR+0x42>
100030d6:	4c09      	ldr	r4, [pc, #36]	@ (100030fc <vTaskExitCriticalFromISR+0x5c>)
100030d8:	4909      	ldr	r1, [pc, #36]	@ (10003100 <vTaskExitCriticalFromISR+0x60>)
100030da:	f804 3012 	strb.w	r3, [r4, r2, lsl #1]
100030de:	e8c1 3f8f 	stlb	r3, [r1]
100030e2:	f85d 4b04 	ldr.w	r4, [sp], #4
100030e6:	f7fd bcbb 	b.w	10000a60 <vClearInterruptMask>
100030ea:	f85d 4b04 	ldr.w	r4, [sp], #4
100030ee:	4770      	bx	lr
100030f0:	20020bf8 	.word	0x20020bf8
100030f4:	20020b48 	.word	0x20020b48
100030f8:	20020b44 	.word	0x20020b44
100030fc:	20020b40 	.word	0x20020b40
10003100:	2000081a 	.word	0x2000081a

10003104 <uxTaskResetEventItemValue>:
10003104:	b5f8      	push	{r3, r4, r5, r6, r7, lr}
10003106:	f04f 4650 	mov.w	r6, #3489660928	@ 0xd0000000
1000310a:	f7fd fc9d 	bl	10000a48 <ulSetInterruptMask>
1000310e:	4d0d      	ldr	r5, [pc, #52]	@ (10003144 <uxTaskResetEventItemValue+0x40>)
10003110:	6833      	ldr	r3, [r6, #0]
10003112:	f855 4023 	ldr.w	r4, [r5, r3, lsl #2]
10003116:	f7fd fca3 	bl	10000a60 <vClearInterruptMask>
1000311a:	69e7      	ldr	r7, [r4, #28]
1000311c:	f7fd fc94 	bl	10000a48 <ulSetInterruptMask>
10003120:	6833      	ldr	r3, [r6, #0]
10003122:	f855 4023 	ldr.w	r4, [r5, r3, lsl #2]
10003126:	f7fd fc9b 	bl	10000a60 <vClearInterruptMask>
1000312a:	6b24      	ldr	r4, [r4, #48]	@ 0x30
1000312c:	f7fd fc8c 	bl	10000a48 <ulSetInterruptMask>
10003130:	6833      	ldr	r3, [r6, #0]
10003132:	f1c4 0420 	rsb	r4, r4, #32
10003136:	f855 5023 	ldr.w	r5, [r5, r3, lsl #2]
1000313a:	f7fd fc91 	bl	10000a60 <vClearInterruptMask>
1000313e:	4638      	mov	r0, r7
10003140:	61ec      	str	r4, [r5, #28]
10003142:	bdf8      	pop	{r3, r4, r5, r6, r7, pc}
10003144:	20000898 	.word	0x20000898

10003148 <pvTaskIncrementMutexHeldCount>:
10003148:	b510      	push	{r4, lr}
1000314a:	f7fd fc7d 	bl	10000a48 <ulSetInterruptMask>
1000314e:	f04f 4250 	mov.w	r2, #3489660928	@ 0xd0000000
10003152:	4b06      	ldr	r3, [pc, #24]	@ (1000316c <pvTaskIncrementMutexHeldCount+0x24>)
10003154:	6812      	ldr	r2, [r2, #0]
10003156:	f853 4022 	ldr.w	r4, [r3, r2, lsl #2]
1000315a:	f7fd fc81 	bl	10000a60 <vClearInterruptMask>
1000315e:	b114      	cbz	r4, 10003166 <pvTaskIncrementMutexHeldCount+0x1e>
10003160:	6de3      	ldr	r3, [r4, #92]	@ 0x5c
10003162:	3301      	adds	r3, #1
10003164:	65e3      	str	r3, [r4, #92]	@ 0x5c
10003166:	4620      	mov	r0, r4
10003168:	bd10      	pop	{r4, pc}
1000316a:	bf00      	nop
1000316c:	20000898 	.word	0x20000898

10003170 <prvTimerTask>:
10003170:	e92d 4ff0 	stmdb	sp!, {r4, r5, r6, r7, r8, r9, sl, fp, lr}
10003174:	4fb7      	ldr	r7, [pc, #732]	@ (10003454 <prvTimerTask+0x2e4>)
10003176:	f8df b2e4 	ldr.w	fp, [pc, #740]	@ 1000345c <prvTimerTask+0x2ec>
1000317a:	f8df 82e4 	ldr.w	r8, [pc, #740]	@ 10003460 <prvTimerTask+0x2f0>
1000317e:	4db6      	ldr	r5, [pc, #728]	@ (10003458 <prvTimerTask+0x2e8>)
10003180:	b087      	sub	sp, #28
10003182:	683b      	ldr	r3, [r7, #0]
10003184:	681c      	ldr	r4, [r3, #0]
10003186:	2c00      	cmp	r4, #0
10003188:	f000 811d 	beq.w	100033c6 <prvTimerTask+0x256>
1000318c:	68db      	ldr	r3, [r3, #12]
1000318e:	681c      	ldr	r4, [r3, #0]
10003190:	f7fe fe50 	bl	10001e34 <vTaskSuspendAll>
10003194:	f7fe fe56 	bl	10001e44 <xTaskGetTickCount>
10003198:	f8db 3000 	ldr.w	r3, [fp]
1000319c:	4681      	mov	r9, r0
1000319e:	4283      	cmp	r3, r0
100031a0:	d845      	bhi.n	1000322e <prvTimerTask+0xbe>
100031a2:	4284      	cmp	r4, r0
100031a4:	f8cb 0000 	str.w	r0, [fp]
100031a8:	f240 813e 	bls.w	10003428 <prvTimerTask+0x2b8>
100031ac:	2200      	movs	r2, #0
100031ae:	6828      	ldr	r0, [r5, #0]
100031b0:	eba4 0109 	sub.w	r1, r4, r9
100031b4:	f7fe fa18 	bl	100015e8 <vQueueWaitForMessageRestricted>
100031b8:	f7ff fe04 	bl	10002dc4 <xTaskResumeAll>
100031bc:	2800      	cmp	r0, #0
100031be:	f000 8125 	beq.w	1000340c <prvTimerTask+0x29c>
100031c2:	2300      	movs	r3, #0
100031c4:	e9cd 3302 	strd	r3, r3, [sp, #8]
100031c8:	e9cd 3304 	strd	r3, r3, [sp, #16]
100031cc:	2200      	movs	r2, #0
100031ce:	6828      	ldr	r0, [r5, #0]
100031d0:	a902      	add	r1, sp, #8
100031d2:	f7fe f855 	bl	10001280 <xQueueReceive>
100031d6:	2800      	cmp	r0, #0
100031d8:	d0d3      	beq.n	10003182 <prvTimerTask+0x12>
100031da:	9b02      	ldr	r3, [sp, #8]
100031dc:	2b00      	cmp	r3, #0
100031de:	f2c0 80e9 	blt.w	100033b4 <prvTimerTask+0x244>
100031e2:	f8dd a010 	ldr.w	sl, [sp, #16]
100031e6:	f8da 3014 	ldr.w	r3, [sl, #20]
100031ea:	b11b      	cbz	r3, 100031f4 <prvTimerTask+0x84>
100031ec:	f10a 0004 	add.w	r0, sl, #4
100031f0:	f7fd fda8 	bl	10000d44 <uxListRemove>
100031f4:	f7fe fe26 	bl	10001e44 <xTaskGetTickCount>
100031f8:	f8db 3000 	ldr.w	r3, [fp]
100031fc:	9001      	str	r0, [sp, #4]
100031fe:	4298      	cmp	r0, r3
10003200:	d343      	bcc.n	1000328a <prvTimerTask+0x11a>
10003202:	e9dd 2301 	ldrd	r2, r3, [sp, #4]
10003206:	3b01      	subs	r3, #1
10003208:	f8cb 2000 	str.w	r2, [fp]
1000320c:	2b08      	cmp	r3, #8
1000320e:	d8dd      	bhi.n	100031cc <prvTimerTask+0x5c>
10003210:	e8df f003 	tbb	[pc, r3]
10003214:	a5c06161 	.word	0xa5c06161
10003218:	c06161c7 	.word	0xc06161c7
1000321c:	a5          	.byte	0xa5
1000321d:	00          	.byte	0x00
1000321e:	f022 0201 	bic.w	r2, r2, #1
10003222:	f88a 2028 	strb.w	r2, [sl, #40]	@ 0x28
10003226:	4650      	mov	r0, sl
10003228:	f8da 3020 	ldr.w	r3, [sl, #32]
1000322c:	4798      	blx	r3
1000322e:	683b      	ldr	r3, [r7, #0]
10003230:	681a      	ldr	r2, [r3, #0]
10003232:	2a00      	cmp	r2, #0
10003234:	f000 80da 	beq.w	100033ec <prvTimerTask+0x27c>
10003238:	68da      	ldr	r2, [r3, #12]
1000323a:	f8d2 a00c 	ldr.w	sl, [r2, #12]
1000323e:	6814      	ldr	r4, [r2, #0]
10003240:	f10a 0604 	add.w	r6, sl, #4
10003244:	4630      	mov	r0, r6
10003246:	f7fd fd7d 	bl	10000d44 <uxListRemove>
1000324a:	f89a 2028 	ldrb.w	r2, [sl, #40]	@ 0x28
1000324e:	0751      	lsls	r1, r2, #29
10003250:	d5e5      	bpl.n	1000321e <prvTimerTask+0xae>
10003252:	e003      	b.n	1000325c <prvTimerTask+0xec>
10003254:	4650      	mov	r0, sl
10003256:	f8da 2020 	ldr.w	r2, [sl, #32]
1000325a:	4790      	blx	r2
1000325c:	f8da 2018 	ldr.w	r2, [sl, #24]
10003260:	f8ca a010 	str.w	sl, [sl, #16]
10003264:	18a1      	adds	r1, r4, r2
10003266:	18a4      	adds	r4, r4, r2
10003268:	f8ca 1004 	str.w	r1, [sl, #4]
1000326c:	d3f2      	bcc.n	10003254 <prvTimerTask+0xe4>
1000326e:	4631      	mov	r1, r6
10003270:	f8d8 0000 	ldr.w	r0, [r8]
10003274:	f7fd fd4e 	bl	10000d14 <vListInsert>
10003278:	e7d5      	b.n	10003226 <prvTimerTask+0xb6>
1000327a:	f021 0101 	bic.w	r1, r1, #1
1000327e:	f889 1028 	strb.w	r1, [r9, #40]	@ 0x28
10003282:	4648      	mov	r0, r9
10003284:	f8d9 3020 	ldr.w	r3, [r9, #32]
10003288:	4798      	blx	r3
1000328a:	683b      	ldr	r3, [r7, #0]
1000328c:	6819      	ldr	r1, [r3, #0]
1000328e:	2900      	cmp	r1, #0
10003290:	f000 80b6 	beq.w	10003400 <prvTimerTask+0x290>
10003294:	68d9      	ldr	r1, [r3, #12]
10003296:	f8d1 900c 	ldr.w	r9, [r1, #12]
1000329a:	680c      	ldr	r4, [r1, #0]
1000329c:	f109 0604 	add.w	r6, r9, #4
100032a0:	4630      	mov	r0, r6
100032a2:	f7fd fd4f 	bl	10000d44 <uxListRemove>
100032a6:	f899 1028 	ldrb.w	r1, [r9, #40]	@ 0x28
100032aa:	0748      	lsls	r0, r1, #29
100032ac:	d5e5      	bpl.n	1000327a <prvTimerTask+0x10a>
100032ae:	e003      	b.n	100032b8 <prvTimerTask+0x148>
100032b0:	4648      	mov	r0, r9
100032b2:	f8d9 1020 	ldr.w	r1, [r9, #32]
100032b6:	4788      	blx	r1
100032b8:	f8d9 1018 	ldr.w	r1, [r9, #24]
100032bc:	f8c9 9010 	str.w	r9, [r9, #16]
100032c0:	1860      	adds	r0, r4, r1
100032c2:	1864      	adds	r4, r4, r1
100032c4:	f8c9 0004 	str.w	r0, [r9, #4]
100032c8:	d3f2      	bcc.n	100032b0 <prvTimerTask+0x140>
100032ca:	4631      	mov	r1, r6
100032cc:	f8d8 0000 	ldr.w	r0, [r8]
100032d0:	f7fd fd20 	bl	10000d14 <vListInsert>
100032d4:	e7d5      	b.n	10003282 <prvTimerTask+0x112>
100032d6:	f89a 0028 	ldrb.w	r0, [sl, #40]	@ 0x28
100032da:	9903      	ldr	r1, [sp, #12]
100032dc:	f8da 4018 	ldr.w	r4, [sl, #24]
100032e0:	9a01      	ldr	r2, [sp, #4]
100032e2:	190b      	adds	r3, r1, r4
100032e4:	f040 0601 	orr.w	r6, r0, #1
100032e8:	f88a 6028 	strb.w	r6, [sl, #40]	@ 0x28
100032ec:	bf2c      	ite	cs
100032ee:	2601      	movcs	r6, #1
100032f0:	2600      	movcc	r6, #0
100032f2:	4293      	cmp	r3, r2
100032f4:	f8ca 3004 	str.w	r3, [sl, #4]
100032f8:	f8ca a010 	str.w	sl, [sl, #16]
100032fc:	f200 8089 	bhi.w	10003412 <prvTimerTask+0x2a2>
10003300:	1a51      	subs	r1, r2, r1
10003302:	428c      	cmp	r4, r1
10003304:	d83f      	bhi.n	10003386 <prvTimerTask+0x216>
10003306:	0741      	lsls	r1, r0, #29
10003308:	d412      	bmi.n	10003330 <prvTimerTask+0x1c0>
1000330a:	f020 0001 	bic.w	r0, r0, #1
1000330e:	f88a 0028 	strb.w	r0, [sl, #40]	@ 0x28
10003312:	4650      	mov	r0, sl
10003314:	f8da 3020 	ldr.w	r3, [sl, #32]
10003318:	4798      	blx	r3
1000331a:	e757      	b.n	100031cc <prvTimerTask+0x5c>
1000331c:	42a1      	cmp	r1, r4
1000331e:	f0c0 80c7 	bcc.w	100034b0 <prvTimerTask+0x340>
10003322:	f8da 3020 	ldr.w	r3, [sl, #32]
10003326:	4650      	mov	r0, sl
10003328:	4798      	blx	r3
1000332a:	4633      	mov	r3, r6
1000332c:	f8da 4018 	ldr.w	r4, [sl, #24]
10003330:	9a01      	ldr	r2, [sp, #4]
10003332:	191e      	adds	r6, r3, r4
10003334:	bf2c      	ite	cs
10003336:	2001      	movcs	r0, #1
10003338:	2000      	movcc	r0, #0
1000333a:	42b2      	cmp	r2, r6
1000333c:	eba2 0103 	sub.w	r1, r2, r3
10003340:	f8ca 6004 	str.w	r6, [sl, #4]
10003344:	f8ca a010 	str.w	sl, [sl, #16]
10003348:	d2e8      	bcs.n	1000331c <prvTimerTask+0x1ac>
1000334a:	429a      	cmp	r2, r3
1000334c:	d201      	bcs.n	10003352 <prvTimerTask+0x1e2>
1000334e:	2800      	cmp	r0, #0
10003350:	d0e7      	beq.n	10003322 <prvTimerTask+0x1b2>
10003352:	6838      	ldr	r0, [r7, #0]
10003354:	f10a 0104 	add.w	r1, sl, #4
10003358:	f7fd fcdc 	bl	10000d14 <vListInsert>
1000335c:	e7d9      	b.n	10003312 <prvTimerTask+0x1a2>
1000335e:	9903      	ldr	r1, [sp, #12]
10003360:	9a01      	ldr	r2, [sp, #4]
10003362:	f89a 3028 	ldrb.w	r3, [sl, #40]	@ 0x28
10003366:	1888      	adds	r0, r1, r2
10003368:	f043 0301 	orr.w	r3, r3, #1
1000336c:	4290      	cmp	r0, r2
1000336e:	f88a 3028 	strb.w	r3, [sl, #40]	@ 0x28
10003372:	f8ca 1018 	str.w	r1, [sl, #24]
10003376:	f8ca 0004 	str.w	r0, [sl, #4]
1000337a:	f8ca a010 	str.w	sl, [sl, #16]
1000337e:	d84d      	bhi.n	1000341c <prvTimerTask+0x2ac>
10003380:	2900      	cmp	r1, #0
10003382:	f43f af23 	beq.w	100031cc <prvTimerTask+0x5c>
10003386:	f8d8 0000 	ldr.w	r0, [r8]
1000338a:	f10a 0104 	add.w	r1, sl, #4
1000338e:	f7fd fcc1 	bl	10000d14 <vListInsert>
10003392:	e71b      	b.n	100031cc <prvTimerTask+0x5c>
10003394:	f89a 3028 	ldrb.w	r3, [sl, #40]	@ 0x28
10003398:	f023 0301 	bic.w	r3, r3, #1
1000339c:	f88a 3028 	strb.w	r3, [sl, #40]	@ 0x28
100033a0:	e714      	b.n	100031cc <prvTimerTask+0x5c>
100033a2:	f89a 3028 	ldrb.w	r3, [sl, #40]	@ 0x28
100033a6:	079a      	lsls	r2, r3, #30
100033a8:	d578      	bpl.n	1000349c <prvTimerTask+0x32c>
100033aa:	f023 0301 	bic.w	r3, r3, #1
100033ae:	f88a 3028 	strb.w	r3, [sl, #40]	@ 0x28
100033b2:	e70b      	b.n	100031cc <prvTimerTask+0x5c>
100033b4:	9b03      	ldr	r3, [sp, #12]
100033b6:	e9dd 0104 	ldrd	r0, r1, [sp, #16]
100033ba:	4798      	blx	r3
100033bc:	9b02      	ldr	r3, [sp, #8]
100033be:	2b00      	cmp	r3, #0
100033c0:	f6ff af04 	blt.w	100031cc <prvTimerTask+0x5c>
100033c4:	e70d      	b.n	100031e2 <prvTimerTask+0x72>
100033c6:	f7fe fd35 	bl	10001e34 <vTaskSuspendAll>
100033ca:	f7fe fd3b 	bl	10001e44 <xTaskGetTickCount>
100033ce:	f8db 3000 	ldr.w	r3, [fp]
100033d2:	4681      	mov	r9, r0
100033d4:	4283      	cmp	r3, r0
100033d6:	f63f af2a 	bhi.w	1000322e <prvTimerTask+0xbe>
100033da:	f8d8 3000 	ldr.w	r3, [r8]
100033de:	f8cb 9000 	str.w	r9, [fp]
100033e2:	681a      	ldr	r2, [r3, #0]
100033e4:	fab2 f282 	clz	r2, r2
100033e8:	0952      	lsrs	r2, r2, #5
100033ea:	e6e0      	b.n	100031ae <prvTimerTask+0x3e>
100033ec:	f8d8 2000 	ldr.w	r2, [r8]
100033f0:	f8cb 9000 	str.w	r9, [fp]
100033f4:	603a      	str	r2, [r7, #0]
100033f6:	f8c8 3000 	str.w	r3, [r8]
100033fa:	f7ff fce3 	bl	10002dc4 <xTaskResumeAll>
100033fe:	e6e0      	b.n	100031c2 <prvTimerTask+0x52>
10003400:	f8d8 1000 	ldr.w	r1, [r8]
10003404:	f8c8 3000 	str.w	r3, [r8]
10003408:	6039      	str	r1, [r7, #0]
1000340a:	e6fa      	b.n	10003202 <prvTimerTask+0x92>
1000340c:	f7ff fa62 	bl	100028d4 <vTaskYieldWithinAPI>
10003410:	e6d7      	b.n	100031c2 <prvTimerTask+0x52>
10003412:	4291      	cmp	r1, r2
10003414:	d902      	bls.n	1000341c <prvTimerTask+0x2ac>
10003416:	2e00      	cmp	r6, #0
10003418:	f43f af75 	beq.w	10003306 <prvTimerTask+0x196>
1000341c:	6838      	ldr	r0, [r7, #0]
1000341e:	f10a 0104 	add.w	r1, sl, #4
10003422:	f7fd fc77 	bl	10000d14 <vListInsert>
10003426:	e6d1      	b.n	100031cc <prvTimerTask+0x5c>
10003428:	f7ff fccc 	bl	10002dc4 <xTaskResumeAll>
1000342c:	683b      	ldr	r3, [r7, #0]
1000342e:	68db      	ldr	r3, [r3, #12]
10003430:	68de      	ldr	r6, [r3, #12]
10003432:	1d33      	adds	r3, r6, #4
10003434:	4618      	mov	r0, r3
10003436:	9301      	str	r3, [sp, #4]
10003438:	f7fd fc84 	bl	10000d44 <uxListRemove>
1000343c:	f896 2028 	ldrb.w	r2, [r6, #40]	@ 0x28
10003440:	0753      	lsls	r3, r2, #29
10003442:	d415      	bmi.n	10003470 <prvTimerTask+0x300>
10003444:	f022 0201 	bic.w	r2, r2, #1
10003448:	f886 2028 	strb.w	r2, [r6, #40]	@ 0x28
1000344c:	4630      	mov	r0, r6
1000344e:	6a33      	ldr	r3, [r6, #32]
10003450:	4798      	blx	r3
10003452:	e6b6      	b.n	100031c2 <prvTimerTask+0x52>
10003454:	200008a0 	.word	0x200008a0
10003458:	20020c30 	.word	0x20020c30
1000345c:	20020bc8 	.word	0x20020bc8
10003460:	200008b0 	.word	0x200008b0
10003464:	4281      	cmp	r1, r0
10003466:	d81d      	bhi.n	100034a4 <prvTimerTask+0x334>
10003468:	4630      	mov	r0, r6
1000346a:	6a31      	ldr	r1, [r6, #32]
1000346c:	4788      	blx	r1
1000346e:	4654      	mov	r4, sl
10003470:	69b1      	ldr	r1, [r6, #24]
10003472:	eba9 0004 	sub.w	r0, r9, r4
10003476:	eb14 0a01 	adds.w	sl, r4, r1
1000347a:	bf2c      	ite	cs
1000347c:	2301      	movcs	r3, #1
1000347e:	2300      	movcc	r3, #0
10003480:	45ca      	cmp	sl, r9
10003482:	f8c6 a004 	str.w	sl, [r6, #4]
10003486:	6136      	str	r6, [r6, #16]
10003488:	d9ec      	bls.n	10003464 <prvTimerTask+0x2f4>
1000348a:	454c      	cmp	r4, r9
1000348c:	d901      	bls.n	10003492 <prvTimerTask+0x322>
1000348e:	2b00      	cmp	r3, #0
10003490:	d0ea      	beq.n	10003468 <prvTimerTask+0x2f8>
10003492:	9901      	ldr	r1, [sp, #4]
10003494:	6838      	ldr	r0, [r7, #0]
10003496:	f7fd fc3d 	bl	10000d14 <vListInsert>
1000349a:	e7d7      	b.n	1000344c <prvTimerTask+0x2dc>
1000349c:	4650      	mov	r0, sl
1000349e:	f7fd f809 	bl	100004b4 <vPortFree>
100034a2:	e693      	b.n	100031cc <prvTimerTask+0x5c>
100034a4:	9901      	ldr	r1, [sp, #4]
100034a6:	f8d8 0000 	ldr.w	r0, [r8]
100034aa:	f7fd fc33 	bl	10000d14 <vListInsert>
100034ae:	e7cd      	b.n	1000344c <prvTimerTask+0x2dc>
100034b0:	f8d8 0000 	ldr.w	r0, [r8]
100034b4:	f10a 0104 	add.w	r1, sl, #4
100034b8:	f7fd fc2c 	bl	10000d14 <vListInsert>
100034bc:	e729      	b.n	10003312 <prvTimerTask+0x1a2>
100034be:	bf00      	nop

100034c0 <xTimerCreateTimerTask>:
100034c0:	b5f0      	push	{r4, r5, r6, r7, lr}
100034c2:	4c19      	ldr	r4, [pc, #100]	@ (10003528 <xTimerCreateTimerTask+0x68>)
100034c4:	b085      	sub	sp, #20
100034c6:	f7ff fa17 	bl	100028f8 <vTaskEnterCritical>
100034ca:	6825      	ldr	r5, [r4, #0]
100034cc:	b19d      	cbz	r5, 100034f6 <xTimerCreateTimerTask+0x36>
100034ce:	f7ff fd9b 	bl	10003008 <vTaskExitCritical>
100034d2:	6820      	ldr	r0, [r4, #0]
100034d4:	b168      	cbz	r0, 100034f2 <xTimerCreateTimerTask+0x32>
100034d6:	f04f 35ff 	mov.w	r5, #4294967295	@ 0xffffffff
100034da:	241f      	movs	r4, #31
100034dc:	4913      	ldr	r1, [pc, #76]	@ (1000352c <xTimerCreateTimerTask+0x6c>)
100034de:	2300      	movs	r3, #0
100034e0:	9102      	str	r1, [sp, #8]
100034e2:	f44f 6280 	mov.w	r2, #1024	@ 0x400
100034e6:	e9cd 4500 	strd	r4, r5, [sp]
100034ea:	4911      	ldr	r1, [pc, #68]	@ (10003530 <xTimerCreateTimerTask+0x70>)
100034ec:	4811      	ldr	r0, [pc, #68]	@ (10003534 <xTimerCreateTimerTask+0x74>)
100034ee:	f7ff fb21 	bl	10002b34 <xTaskCreateAffinitySet>
100034f2:	b005      	add	sp, #20
100034f4:	bdf0      	pop	{r4, r5, r6, r7, pc}
100034f6:	4f10      	ldr	r7, [pc, #64]	@ (10003538 <xTimerCreateTimerTask+0x78>)
100034f8:	4e10      	ldr	r6, [pc, #64]	@ (1000353c <xTimerCreateTimerTask+0x7c>)
100034fa:	4638      	mov	r0, r7
100034fc:	f7fd fbec 	bl	10000cd8 <vListInitialise>
10003500:	4630      	mov	r0, r6
10003502:	f7fd fbe9 	bl	10000cd8 <vListInitialise>
10003506:	4b0e      	ldr	r3, [pc, #56]	@ (10003540 <xTimerCreateTimerTask+0x80>)
10003508:	462a      	mov	r2, r5
1000350a:	601f      	str	r7, [r3, #0]
1000350c:	4b0d      	ldr	r3, [pc, #52]	@ (10003544 <xTimerCreateTimerTask+0x84>)
1000350e:	2110      	movs	r1, #16
10003510:	200a      	movs	r0, #10
10003512:	601e      	str	r6, [r3, #0]
10003514:	f7fd fd5e 	bl	10000fd4 <xQueueGenericCreate>
10003518:	6020      	str	r0, [r4, #0]
1000351a:	2800      	cmp	r0, #0
1000351c:	d0d7      	beq.n	100034ce <xTimerCreateTimerTask+0xe>
1000351e:	490a      	ldr	r1, [pc, #40]	@ (10003548 <xTimerCreateTimerTask+0x88>)
10003520:	f7fd ffca 	bl	100014b8 <vQueueAddToRegistry>
10003524:	e7d3      	b.n	100034ce <xTimerCreateTimerTask+0xe>
10003526:	bf00      	nop
10003528:	20020c30 	.word	0x20020c30
1000352c:	20020c34 	.word	0x20020c34
10003530:	10005098 	.word	0x10005098
10003534:	10003171 	.word	0x10003171
10003538:	20020b68 	.word	0x20020b68
1000353c:	20020b7c 	.word	0x20020b7c
10003540:	200008a0 	.word	0x200008a0
10003544:	200008b0 	.word	0x200008b0
10003548:	10005090 	.word	0x10005090

1000354c <xTimerPendFunctionCallFromISR>:
1000354c:	469c      	mov	ip, r3
1000354e:	b5f0      	push	{r4, r5, r6, r7, lr}
10003550:	4607      	mov	r7, r0
10003552:	460e      	mov	r6, r1
10003554:	4615      	mov	r5, r2
10003556:	f06f 0401 	mvn.w	r4, #1
1000355a:	4b07      	ldr	r3, [pc, #28]	@ (10003578 <xTimerPendFunctionCallFromISR+0x2c>)
1000355c:	b085      	sub	sp, #20
1000355e:	4669      	mov	r1, sp
10003560:	4662      	mov	r2, ip
10003562:	6818      	ldr	r0, [r3, #0]
10003564:	2300      	movs	r3, #0
10003566:	e9cd 7601 	strd	r7, r6, [sp, #4]
1000356a:	9503      	str	r5, [sp, #12]
1000356c:	9400      	str	r4, [sp, #0]
1000356e:	f7fd fe3b 	bl	100011e8 <xQueueGenericSendFromISR>
10003572:	b005      	add	sp, #20
10003574:	bdf0      	pop	{r4, r5, r6, r7, pc}
10003576:	bf00      	nop
10003578:	20020c30 	.word	0x20020c30

1000357c <clock_configure_undivided>:
1000357c:	eb00 0c40 	add.w	ip, r0, r0, lsl #1
10003580:	ea4f 0c8c 	mov.w	ip, ip, lsl #2
10003584:	f10c 4c80 	add.w	ip, ip, #1073741824	@ 0x40000000
10003588:	f50c 3c80 	add.w	ip, ip, #65536	@ 0x10000
1000358c:	b5f0      	push	{r4, r5, r6, r7, lr}
1000358e:	4616      	mov	r6, r2
10003590:	f8dc 2004 	ldr.w	r2, [ip, #4]
10003594:	1f05      	subs	r5, r0, #4
10003596:	f5b2 3f80 	cmp.w	r2, #65536	@ 0x10000
1000359a:	bf38      	it	cc
1000359c:	f44f 3280 	movcc.w	r2, #65536	@ 0x10000
100035a0:	b2ed      	uxtb	r5, r5
100035a2:	bf38      	it	cc
100035a4:	f8cc 2004 	strcc.w	r2, [ip, #4]
100035a8:	2d01      	cmp	r5, #1
100035aa:	d92a      	bls.n	10003602 <clock_configure_undivided+0x86>
100035ac:	f44f 6700 	mov.w	r7, #2048	@ 0x800
100035b0:	4c25      	ldr	r4, [pc, #148]	@ (10003648 <clock_configure_undivided+0xcc>)
100035b2:	f50c 5240 	add.w	r2, ip, #12288	@ 0x3000
100035b6:	6017      	str	r7, [r2, #0]
100035b8:	f854 2020 	ldr.w	r2, [r4, r0, lsl #2]
100035bc:	b9b2      	cbnz	r2, 100035ec <clock_configure_undivided+0x70>
100035be:	f8dc 2000 	ldr.w	r2, [ip]
100035c2:	2d01      	cmp	r5, #1
100035c4:	ea82 1246 	eor.w	r2, r2, r6, lsl #5
100035c8:	f002 02e0 	and.w	r2, r2, #224	@ 0xe0
100035cc:	f50c 5680 	add.w	r6, ip, #4096	@ 0x1000
100035d0:	6032      	str	r2, [r6, #0]
100035d2:	d92a      	bls.n	1000362a <clock_configure_undivided+0xae>
100035d4:	f44f 6100 	mov.w	r1, #2048	@ 0x800
100035d8:	f844 3020 	str.w	r3, [r4, r0, lsl #2]
100035dc:	f44f 3380 	mov.w	r3, #65536	@ 0x10000
100035e0:	f50c 5200 	add.w	r2, ip, #8192	@ 0x2000
100035e4:	6011      	str	r1, [r2, #0]
100035e6:	f8cc 3004 	str.w	r3, [ip, #4]
100035ea:	bdf0      	pop	{r4, r5, r6, r7, pc}
100035ec:	6967      	ldr	r7, [r4, #20]
100035ee:	fbb7 fef2 	udiv	lr, r7, r2
100035f2:	f10e 0e01 	add.w	lr, lr, #1
100035f6:	eb0e 0e4e 	add.w	lr, lr, lr, lsl #1
100035fa:	f1be 0e03 	subs.w	lr, lr, #3
100035fe:	d2fc      	bcs.n	100035fa <clock_configure_undivided+0x7e>
10003600:	e7dd      	b.n	100035be <clock_configure_undivided+0x42>
10003602:	2901      	cmp	r1, #1
10003604:	d1d2      	bne.n	100035ac <clock_configure_undivided+0x30>
10003606:	2403      	movs	r4, #3
10003608:	f50c 5240 	add.w	r2, ip, #12288	@ 0x3000
1000360c:	6014      	str	r4, [r2, #0]
1000360e:	f8dc 2008 	ldr.w	r2, [ip, #8]
10003612:	07d2      	lsls	r2, r2, #31
10003614:	d5fb      	bpl.n	1000360e <clock_configure_undivided+0x92>
10003616:	f8dc 2000 	ldr.w	r2, [ip]
1000361a:	4c0b      	ldr	r4, [pc, #44]	@ (10003648 <clock_configure_undivided+0xcc>)
1000361c:	ea82 1246 	eor.w	r2, r2, r6, lsl #5
10003620:	f002 02e0 	and.w	r2, r2, #224	@ 0xe0
10003624:	f50c 5680 	add.w	r6, ip, #4096	@ 0x1000
10003628:	6032      	str	r2, [r6, #0]
1000362a:	2201      	movs	r2, #1
1000362c:	f8dc 5000 	ldr.w	r5, [ip]
10003630:	404d      	eors	r5, r1
10003632:	f005 0503 	and.w	r5, r5, #3
10003636:	6035      	str	r5, [r6, #0]
10003638:	fa02 f101 	lsl.w	r1, r2, r1
1000363c:	f8dc 2008 	ldr.w	r2, [ip, #8]
10003640:	420a      	tst	r2, r1
10003642:	d0fb      	beq.n	1000363c <clock_configure_undivided+0xc0>
10003644:	e7c6      	b.n	100035d4 <clock_configure_undivided+0x58>
10003646:	bf00      	nop
10003648:	2000083c 	.word	0x2000083c

1000364c <clock_get_hz>:
1000364c:	4b01      	ldr	r3, [pc, #4]	@ (10003654 <clock_get_hz+0x8>)
1000364e:	f853 0020 	ldr.w	r0, [r3, r0, lsl #2]
10003652:	4770      	bx	lr
10003654:	2000083c 	.word	0x2000083c

10003658 <hw_claim_lock>:
10003658:	f3ef 8010 	mrs	r0, PRIMASK
1000365c:	b672      	cpsid	i
1000365e:	4b06      	ldr	r3, [pc, #24]	@ (10003678 <hw_claim_lock+0x20>)
10003660:	e8d3 1fcf 	ldaexb	r1, [r3]
10003664:	2201      	movs	r2, #1
10003666:	2900      	cmp	r1, #0
10003668:	d1fa      	bne.n	10003660 <hw_claim_lock+0x8>
1000366a:	e8c3 2f41 	strexb	r1, r2, [r3]
1000366e:	2900      	cmp	r1, #0
10003670:	d1f6      	bne.n	10003660 <hw_claim_lock+0x8>
10003672:	f3bf 8f5f 	dmb	sy
10003676:	4770      	bx	lr
10003678:	20000817 	.word	0x20000817

1000367c <hw_claim_unlock>:
1000367c:	2300      	movs	r3, #0
1000367e:	4a03      	ldr	r2, [pc, #12]	@ (1000368c <hw_claim_unlock+0x10>)
10003680:	e8c2 3f8f 	stlb	r3, [r2]
10003684:	f380 8810 	msr	PRIMASK, r0
10003688:	4770      	bx	lr
1000368a:	bf00      	nop
1000368c:	20000817 	.word	0x20000817

10003690 <hw_claim_or_assert>:
10003690:	b570      	push	{r4, r5, r6, lr}
10003692:	4686      	mov	lr, r0
10003694:	f3ef 8510 	mrs	r5, PRIMASK
10003698:	b672      	cpsid	i
1000369a:	4c12      	ldr	r4, [pc, #72]	@ (100036e4 <hw_claim_or_assert+0x54>)
1000369c:	e8d4 6fcf 	ldaexb	r6, [r4]
100036a0:	2001      	movs	r0, #1
100036a2:	2e00      	cmp	r6, #0
100036a4:	d1fa      	bne.n	1000369c <hw_claim_or_assert+0xc>
100036a6:	e8c4 0f46 	strexb	r6, r0, [r4]
100036aa:	2e00      	cmp	r6, #0
100036ac:	d1f6      	bne.n	1000369c <hw_claim_or_assert+0xc>
100036ae:	f3bf 8f5f 	dmb	sy
100036b2:	f04f 0c01 	mov.w	ip, #1
100036b6:	08c8      	lsrs	r0, r1, #3
100036b8:	f001 0307 	and.w	r3, r1, #7
100036bc:	fa0c f303 	lsl.w	r3, ip, r3
100036c0:	f81e c000 	ldrb.w	ip, [lr, r0]
100036c4:	ea1c 0603 	ands.w	r6, ip, r3
100036c8:	d108      	bne.n	100036dc <hw_claim_or_assert+0x4c>
100036ca:	ea4c 0c03 	orr.w	ip, ip, r3
100036ce:	f80e c000 	strb.w	ip, [lr, r0]
100036d2:	e8c4 6f8f 	stlb	r6, [r4]
100036d6:	f385 8810 	msr	PRIMASK, r5
100036da:	bd70      	pop	{r4, r5, r6, pc}
100036dc:	4610      	mov	r0, r2
100036de:	f7fc fe43 	bl	10000368 <panic>
100036e2:	bf00      	nop
100036e4:	20000817 	.word	0x20000817

100036e8 <next_striped_spin_lock_num>:
100036e8:	4a04      	ldr	r2, [pc, #16]	@ (100036fc <next_striped_spin_lock_num+0x14>)
100036ea:	7810      	ldrb	r0, [r2, #0]
100036ec:	1c43      	adds	r3, r0, #1
100036ee:	b2db      	uxtb	r3, r3
100036f0:	2b18      	cmp	r3, #24
100036f2:	bf28      	it	cs
100036f4:	2310      	movcs	r3, #16
100036f6:	7013      	strb	r3, [r2, #0]
100036f8:	4770      	bx	lr
100036fa:	bf00      	nop
100036fc:	200005a0 	.word	0x200005a0

10003700 <spin_lock_claim>:
10003700:	4601      	mov	r1, r0
10003702:	4a02      	ldr	r2, [pc, #8]	@ (1000370c <spin_lock_claim+0xc>)
10003704:	4802      	ldr	r0, [pc, #8]	@ (10003710 <spin_lock_claim+0x10>)
10003706:	f7ff bfc3 	b.w	10003690 <hw_claim_or_assert>
1000370a:	bf00      	nop
1000370c:	100050a0 	.word	0x100050a0
10003710:	20000834 	.word	0x20000834

10003714 <spinlock_set_extexclall>:
10003714:	f04f 22e0 	mov.w	r2, #3758153728	@ 0xe000e000
10003718:	6893      	ldr	r3, [r2, #8]
1000371a:	f043 5300 	orr.w	r3, r3, #536870912	@ 0x20000000
1000371e:	6093      	str	r3, [r2, #8]
10003720:	4770      	bx	lr
10003722:	bf00      	nop

10003724 <spin_locks_reset>:
10003724:	2100      	movs	r1, #0
10003726:	4b04      	ldr	r3, [pc, #16]	@ (10003738 <spin_locks_reset+0x14>)
10003728:	f103 0220 	add.w	r2, r3, #32
1000372c:	e8c3 1f8f 	stlb	r1, [r3]
10003730:	3301      	adds	r3, #1
10003732:	4293      	cmp	r3, r2
10003734:	d1fa      	bne.n	1000372c <spin_locks_reset+0x8>
10003736:	4770      	bx	lr
10003738:	2000080c 	.word	0x2000080c

1000373c <gpio_set_function>:
1000373c:	b410      	push	{r4}
1000373e:	f44f 7480 	mov.w	r4, #256	@ 0x100
10003742:	4b0c      	ldr	r3, [pc, #48]	@ (10003774 <gpio_set_function+0x38>)
10003744:	f853 2020 	ldr.w	r2, [r3, r0, lsl #2]
10003748:	eb03 0380 	add.w	r3, r3, r0, lsl #2
1000374c:	00c0      	lsls	r0, r0, #3
1000374e:	f082 0240 	eor.w	r2, r2, #64	@ 0x40
10003752:	f100 4080 	add.w	r0, r0, #1073741824	@ 0x40000000
10003756:	f503 5c80 	add.w	ip, r3, #4096	@ 0x1000
1000375a:	f002 02c0 	and.w	r2, r2, #192	@ 0xc0
1000375e:	f500 3020 	add.w	r0, r0, #163840	@ 0x28000
10003762:	f503 5340 	add.w	r3, r3, #12288	@ 0x3000
10003766:	f8cc 2000 	str.w	r2, [ip]
1000376a:	6041      	str	r1, [r0, #4]
1000376c:	601c      	str	r4, [r3, #0]
1000376e:	f85d 4b04 	ldr.w	r4, [sp], #4
10003772:	4770      	bx	lr
10003774:	40038004 	.word	0x40038004

10003778 <gpio_init>:
10003778:	b430      	push	{r4, r5}
1000377a:	f04f 0300 	mov.w	r3, #0
1000377e:	ec43 0044 	gpioc_bit_oe_put r0, r3
10003782:	ec43 0040 	gpioc_bit_out_put r0, r3
10003786:	2505      	movs	r5, #5
10003788:	f44f 7480 	mov.w	r4, #256	@ 0x100
1000378c:	4b0b      	ldr	r3, [pc, #44]	@ (100037bc <gpio_init+0x44>)
1000378e:	00c2      	lsls	r2, r0, #3
10003790:	f853 1020 	ldr.w	r1, [r3, r0, lsl #2]
10003794:	eb03 0080 	add.w	r0, r3, r0, lsl #2
10003798:	f081 0140 	eor.w	r1, r1, #64	@ 0x40
1000379c:	f102 4380 	add.w	r3, r2, #1073741824	@ 0x40000000
100037a0:	f503 3320 	add.w	r3, r3, #163840	@ 0x28000
100037a4:	f001 02c0 	and.w	r2, r1, #192	@ 0xc0
100037a8:	f500 5180 	add.w	r1, r0, #4096	@ 0x1000
100037ac:	f500 5040 	add.w	r0, r0, #12288	@ 0x3000
100037b0:	600a      	str	r2, [r1, #0]
100037b2:	605d      	str	r5, [r3, #4]
100037b4:	6004      	str	r4, [r0, #0]
100037b6:	bc30      	pop	{r4, r5}
100037b8:	4770      	bx	lr
100037ba:	bf00      	nop
100037bc:	40038004 	.word	0x40038004

100037c0 <runtime_init_per_core_irq_priorities>:
100037c0:	f04f 23e0 	mov.w	r3, #3758153728	@ 0xe000e000
100037c4:	f04f 3280 	mov.w	r2, #2155905152	@ 0x80808080
100037c8:	f8c3 2400 	str.w	r2, [r3, #1024]	@ 0x400
100037cc:	f8c3 2404 	str.w	r2, [r3, #1028]	@ 0x404
100037d0:	f8c3 2408 	str.w	r2, [r3, #1032]	@ 0x408
100037d4:	f8c3 240c 	str.w	r2, [r3, #1036]	@ 0x40c
100037d8:	f8c3 2410 	str.w	r2, [r3, #1040]	@ 0x410
100037dc:	f8c3 2414 	str.w	r2, [r3, #1044]	@ 0x414
100037e0:	f8c3 2418 	str.w	r2, [r3, #1048]	@ 0x418
100037e4:	f8c3 241c 	str.w	r2, [r3, #1052]	@ 0x41c
100037e8:	f8c3 2420 	str.w	r2, [r3, #1056]	@ 0x420
100037ec:	f8c3 2424 	str.w	r2, [r3, #1060]	@ 0x424
100037f0:	f8c3 2428 	str.w	r2, [r3, #1064]	@ 0x428
100037f4:	f8c3 242c 	str.w	r2, [r3, #1068]	@ 0x42c
100037f8:	f8c3 2430 	str.w	r2, [r3, #1072]	@ 0x430
100037fc:	4770      	bx	lr
100037fe:	bf00      	nop

10003800 <irq_set_enabled>:
10003800:	2301      	movs	r3, #1
10003802:	f000 021f 	and.w	r2, r0, #31
10003806:	4093      	lsls	r3, r2
10003808:	0940      	lsrs	r0, r0, #5
1000380a:	b141      	cbz	r1, 1000381e <irq_set_enabled+0x1e>
1000380c:	0080      	lsls	r0, r0, #2
1000380e:	f100 4060 	add.w	r0, r0, #3758096384	@ 0xe0000000
10003812:	f500 4061 	add.w	r0, r0, #57600	@ 0xe100
10003816:	f8c0 3180 	str.w	r3, [r0, #384]	@ 0x180
1000381a:	6003      	str	r3, [r0, #0]
1000381c:	4770      	bx	lr
1000381e:	4a02      	ldr	r2, [pc, #8]	@ (10003828 <irq_set_enabled+0x28>)
10003820:	3020      	adds	r0, #32
10003822:	f842 3020 	str.w	r3, [r2, r0, lsl #2]
10003826:	4770      	bx	lr
10003828:	e000e100 	.word	0xe000e100

1000382c <irq_is_enabled>:
1000382c:	2301      	movs	r3, #1
1000382e:	4a06      	ldr	r2, [pc, #24]	@ (10003848 <irq_is_enabled+0x1c>)
10003830:	0941      	lsrs	r1, r0, #5
10003832:	f852 2021 	ldr.w	r2, [r2, r1, lsl #2]
10003836:	f000 001f 	and.w	r0, r0, #31
1000383a:	4083      	lsls	r3, r0
1000383c:	4213      	tst	r3, r2
1000383e:	bf14      	ite	ne
10003840:	2001      	movne	r0, #1
10003842:	2000      	moveq	r0, #0
10003844:	4770      	bx	lr
10003846:	bf00      	nop
10003848:	e000e100 	.word	0xe000e100

1000384c <irq_set_exclusive_handler>:
1000384c:	b5f8      	push	{r3, r4, r5, r6, r7, lr}
1000384e:	460d      	mov	r5, r1
10003850:	f3ef 8710 	mrs	r7, PRIMASK
10003854:	b672      	cpsid	i
10003856:	4e12      	ldr	r6, [pc, #72]	@ (100038a0 <irq_set_exclusive_handler+0x54>)
10003858:	e8d6 2fcf 	ldaexb	r2, [r6]
1000385c:	2301      	movs	r3, #1
1000385e:	2a00      	cmp	r2, #0
10003860:	d1fa      	bne.n	10003858 <irq_set_exclusive_handler+0xc>
10003862:	e8c6 3f42 	strexb	r2, r3, [r6]
10003866:	2a00      	cmp	r2, #0
10003868:	d1f6      	bne.n	10003858 <irq_set_exclusive_handler+0xc>
1000386a:	f3bf 8f5f 	dmb	sy
1000386e:	4b0d      	ldr	r3, [pc, #52]	@ (100038a4 <irq_set_exclusive_handler+0x58>)
10003870:	f100 0410 	add.w	r4, r0, #16
10003874:	689b      	ldr	r3, [r3, #8]
10003876:	4a0c      	ldr	r2, [pc, #48]	@ (100038a8 <irq_set_exclusive_handler+0x5c>)
10003878:	f853 3024 	ldr.w	r3, [r3, r4, lsl #2]
1000387c:	4293      	cmp	r3, r2
1000387e:	d003      	beq.n	10003888 <irq_set_exclusive_handler+0x3c>
10003880:	4299      	cmp	r1, r3
10003882:	d001      	beq.n	10003888 <irq_set_exclusive_handler+0x3c>
10003884:	f000 ff3c 	bl	10004700 <hard_assertion_failure>
10003888:	4b06      	ldr	r3, [pc, #24]	@ (100038a4 <irq_set_exclusive_handler+0x58>)
1000388a:	689b      	ldr	r3, [r3, #8]
1000388c:	f843 5024 	str.w	r5, [r3, r4, lsl #2]
10003890:	f3bf 8f5f 	dmb	sy
10003894:	2300      	movs	r3, #0
10003896:	e8c6 3f8f 	stlb	r3, [r6]
1000389a:	f387 8810 	msr	PRIMASK, r7
1000389e:	bdf8      	pop	{r3, r4, r5, r6, r7, pc}
100038a0:	20000815 	.word	0x20000815
100038a4:	e000ed00 	.word	0xe000ed00
100038a8:	1000011d 	.word	0x1000011d

100038ac <irq_remove_handler>:
100038ac:	e92d 4ff0 	stmdb	sp!, {r4, r5, r6, r7, r8, r9, sl, fp, lr}
100038b0:	b083      	sub	sp, #12
100038b2:	f3ef 8a10 	mrs	sl, PRIMASK
100038b6:	b672      	cpsid	i
100038b8:	4e74      	ldr	r6, [pc, #464]	@ (10003a8c <irq_remove_handler+0x1e0>)
100038ba:	e8d6 2fcf 	ldaexb	r2, [r6]
100038be:	2301      	movs	r3, #1
100038c0:	2a00      	cmp	r2, #0
100038c2:	d1fa      	bne.n	100038ba <irq_remove_handler+0xe>
100038c4:	e8c6 3f42 	strexb	r2, r3, [r6]
100038c8:	2a00      	cmp	r2, #0
100038ca:	d1f6      	bne.n	100038ba <irq_remove_handler+0xe>
100038cc:	f3bf 8f5f 	dmb	sy
100038d0:	4b6f      	ldr	r3, [pc, #444]	@ (10003a90 <irq_remove_handler+0x1e4>)
100038d2:	f100 0810 	add.w	r8, r0, #16
100038d6:	689b      	ldr	r3, [r3, #8]
100038d8:	4a6e      	ldr	r2, [pc, #440]	@ (10003a94 <irq_remove_handler+0x1e8>)
100038da:	f853 5028 	ldr.w	r5, [r3, r8, lsl #2]
100038de:	4295      	cmp	r5, r2
100038e0:	d03f      	beq.n	10003962 <irq_remove_handler+0xb6>
100038e2:	428d      	cmp	r5, r1
100038e4:	460c      	mov	r4, r1
100038e6:	d04a      	beq.n	1000397e <irq_remove_handler+0xd2>
100038e8:	4f6b      	ldr	r7, [pc, #428]	@ (10003a98 <irq_remove_handler+0x1ec>)
100038ea:	1beb      	subs	r3, r5, r7
100038ec:	2b2f      	cmp	r3, #47	@ 0x2f
100038ee:	d838      	bhi.n	10003962 <irq_remove_handler+0xb6>
100038f0:	2101      	movs	r1, #1
100038f2:	ea4f 1950 	mov.w	r9, r0, lsr #5
100038f6:	ea4f 0989 	mov.w	r9, r9, lsl #2
100038fa:	f109 4960 	add.w	r9, r9, #3758096384	@ 0xe0000000
100038fe:	f509 4961 	add.w	r9, r9, #57600	@ 0xe100
10003902:	f000 031f 	and.w	r3, r0, #31
10003906:	fa01 f003 	lsl.w	r0, r1, r3
1000390a:	f8d9 3000 	ldr.w	r3, [r9]
1000390e:	f8c9 0080 	str.w	r0, [r9, #128]	@ 0x80
10003912:	ea00 0b03 	and.w	fp, r0, r3
10003916:	f3bf 8f5f 	dmb	sy
1000391a:	f3ef 8105 	mrs	r1, IPSR
1000391e:	b2c9      	uxtb	r1, r1
10003920:	b379      	cbz	r1, 10003982 <irq_remove_handler+0xd6>
10003922:	4588      	cmp	r8, r1
10003924:	d177      	bne.n	10003a16 <irq_remove_handler+0x16a>
10003926:	f025 0e01 	bic.w	lr, r5, #1
1000392a:	f8de c008 	ldr.w	ip, [lr, #8]
1000392e:	4564      	cmp	r4, ip
10003930:	d105      	bne.n	1000393e <irq_remove_handler+0x92>
10003932:	e07c      	b.n	10003a2e <irq_remove_handler+0x182>
10003934:	f8d3 c008 	ldr.w	ip, [r3, #8]
10003938:	4564      	cmp	r4, ip
1000393a:	d032      	beq.n	100039a2 <irq_remove_handler+0xf6>
1000393c:	469e      	mov	lr, r3
1000393e:	f99e 2006 	ldrsb.w	r2, [lr, #6]
10003942:	eb02 0342 	add.w	r3, r2, r2, lsl #1
10003946:	2a00      	cmp	r2, #0
10003948:	eb07 0383 	add.w	r3, r7, r3, lsl #2
1000394c:	daf2      	bge.n	10003934 <irq_remove_handler+0x88>
1000394e:	4564      	cmp	r4, ip
10003950:	f000 8081 	beq.w	10003a56 <irq_remove_handler+0x1aa>
10003954:	f1bb 0f00 	cmp.w	fp, #0
10003958:	d020      	beq.n	1000399c <irq_remove_handler+0xf0>
1000395a:	f8c9 0180 	str.w	r0, [r9, #384]	@ 0x180
1000395e:	f8c9 0000 	str.w	r0, [r9]
10003962:	4b4b      	ldr	r3, [pc, #300]	@ (10003a90 <irq_remove_handler+0x1e4>)
10003964:	689b      	ldr	r3, [r3, #8]
10003966:	f843 5028 	str.w	r5, [r3, r8, lsl #2]
1000396a:	f3bf 8f5f 	dmb	sy
1000396e:	2300      	movs	r3, #0
10003970:	e8c6 3f8f 	stlb	r3, [r6]
10003974:	f38a 8810 	msr	PRIMASK, sl
10003978:	b003      	add	sp, #12
1000397a:	e8bd 8ff0 	ldmia.w	sp!, {r4, r5, r6, r7, r8, r9, sl, fp, pc}
1000397e:	4615      	mov	r5, r2
10003980:	e7ef      	b.n	10003962 <irq_remove_handler+0xb6>
10003982:	f025 0e01 	bic.w	lr, r5, #1
10003986:	f8de c008 	ldr.w	ip, [lr, #8]
1000398a:	4564      	cmp	r4, ip
1000398c:	d1d7      	bne.n	1000393e <irq_remove_handler+0x92>
1000398e:	f99e 4006 	ldrsb.w	r4, [lr, #6]
10003992:	4673      	mov	r3, lr
10003994:	2c00      	cmp	r4, #0
10003996:	da08      	bge.n	100039aa <irq_remove_handler+0xfe>
10003998:	4615      	mov	r5, r2
1000399a:	e066      	b.n	10003a6a <irq_remove_handler+0x1be>
1000399c:	f8c9 0080 	str.w	r0, [r9, #128]	@ 0x80
100039a0:	e7df      	b.n	10003962 <irq_remove_handler+0xb6>
100039a2:	f993 4006 	ldrsb.w	r4, [r3, #6]
100039a6:	2c00      	cmp	r4, #0
100039a8:	db56      	blt.n	10003a58 <irq_remove_handler+0x1ac>
100039aa:	eb04 0c44 	add.w	ip, r4, r4, lsl #1
100039ae:	eb07 0c8c 	add.w	ip, r7, ip, lsl #2
100039b2:	f8dc 2008 	ldr.w	r2, [ip, #8]
100039b6:	0061      	lsls	r1, r4, #1
100039b8:	609a      	str	r2, [r3, #8]
100039ba:	f89c 2007 	ldrb.w	r2, [ip, #7]
100039be:	71da      	strb	r2, [r3, #7]
100039c0:	f99c 2006 	ldrsb.w	r2, [ip, #6]
100039c4:	2a00      	cmp	r2, #0
100039c6:	719a      	strb	r2, [r3, #6]
100039c8:	db5d      	blt.n	10003a86 <irq_remove_handler+0x1da>
100039ca:	f8bc 2004 	ldrh.w	r2, [ip, #4]
100039ce:	0552      	lsls	r2, r2, #21
100039d0:	d504      	bpl.n	100039dc <irq_remove_handler+0x130>
100039d2:	f502 12ff 	add.w	r2, r2, #2088960	@ 0x1fe000
100039d6:	f502 52ff 	add.w	r2, r2, #8160	@ 0x1fe0
100039da:	321f      	adds	r2, #31
100039dc:	1552      	asrs	r2, r2, #21
100039de:	f102 0c02 	add.w	ip, r2, #2
100039e2:	f04f 0e04 	mov.w	lr, #4
100039e6:	220c      	movs	r2, #12
100039e8:	fb12 e204 	smlabb	r2, r2, r4, lr
100039ec:	eb02 024c 	add.w	r2, r2, ip, lsl #1
100039f0:	f06f 0c07 	mvn.w	ip, #7
100039f4:	443a      	add	r2, r7
100039f6:	ebac 0c03 	sub.w	ip, ip, r3
100039fa:	4462      	add	r2, ip
100039fc:	f3c2 024a 	ubfx	r2, r2, #1, #11
10003a00:	f442 4260 	orr.w	r2, r2, #57344	@ 0xe000
10003a04:	809a      	strh	r2, [r3, #4]
10003a06:	4b25      	ldr	r3, [pc, #148]	@ (10003a9c <irq_remove_handler+0x1f0>)
10003a08:	4421      	add	r1, r4
10003a0a:	781a      	ldrb	r2, [r3, #0]
10003a0c:	eb07 0181 	add.w	r1, r7, r1, lsl #2
10003a10:	701c      	strb	r4, [r3, #0]
10003a12:	718a      	strb	r2, [r1, #6]
10003a14:	e79e      	b.n	10003954 <irq_remove_handler+0xa8>
10003a16:	e9cd 0100 	strd	r0, r1, [sp]
10003a1a:	f000 fe71 	bl	10004700 <hard_assertion_failure>
10003a1e:	e9dd 0100 	ldrd	r0, r1, [sp]
10003a22:	f025 0e01 	bic.w	lr, r5, #1
10003a26:	f8de c008 	ldr.w	ip, [lr, #8]
10003a2a:	4564      	cmp	r4, ip
10003a2c:	d187      	bne.n	1000393e <irq_remove_handler+0x92>
10003a2e:	f99e 4006 	ldrsb.w	r4, [lr, #6]
10003a32:	4673      	mov	r3, lr
10003a34:	2c00      	cmp	r4, #0
10003a36:	dab8      	bge.n	100039aa <irq_remove_handler+0xfe>
10003a38:	4a19      	ldr	r2, [pc, #100]	@ (10003aa0 <irq_remove_handler+0x1f4>)
10003a3a:	4c1a      	ldr	r4, [pc, #104]	@ (10003aa4 <irq_remove_handler+0x1f8>)
10003a3c:	1ad2      	subs	r2, r2, r3
10003a3e:	3a08      	subs	r2, #8
10003a40:	f3c2 310a 	ubfx	r1, r2, #12, #11
10003a44:	ea6f 5101 	mvn.w	r1, r1, lsl #20
10003a48:	ea6f 5111 	mvn.w	r1, r1, lsr #20
10003a4c:	ea44 0252 	orr.w	r2, r4, r2, lsr #1
10003a50:	80da      	strh	r2, [r3, #6]
10003a52:	8099      	strh	r1, [r3, #4]
10003a54:	e77e      	b.n	10003954 <irq_remove_handler+0xa8>
10003a56:	4673      	mov	r3, lr
10003a58:	2900      	cmp	r1, #0
10003a5a:	d1ed      	bne.n	10003a38 <irq_remove_handler+0x18c>
10003a5c:	22ff      	movs	r2, #255	@ 0xff
10003a5e:	f88e 2006 	strb.w	r2, [lr, #6]
10003a62:	f64b 5201 	movw	r2, #48385	@ 0xbd01
10003a66:	f8ae 2004 	strh.w	r2, [lr, #4]
10003a6a:	4c0c      	ldr	r4, [pc, #48]	@ (10003a9c <irq_remove_handler+0x1f0>)
10003a6c:	f64a 22aa 	movw	r2, #43690	@ 0xaaaa
10003a70:	f894 c000 	ldrb.w	ip, [r4]
10003a74:	4619      	mov	r1, r3
10003a76:	1bc9      	subs	r1, r1, r7
10003a78:	4149      	adcs	r1, r1
10003a7a:	434a      	muls	r2, r1
10003a7c:	0d12      	lsrs	r2, r2, #20
10003a7e:	f883 c006 	strb.w	ip, [r3, #6]
10003a82:	7022      	strb	r2, [r4, #0]
10003a84:	e766      	b.n	10003954 <irq_remove_handler+0xa8>
10003a86:	f64b 5201 	movw	r2, #48385	@ 0xbd01
10003a8a:	e7bb      	b.n	10003a04 <irq_remove_handler+0x158>
10003a8c:	20000815 	.word	0x20000815
10003a90:	e000ed00 	.word	0xe000ed00
10003a94:	1000011d 	.word	0x1000011d
10003a98:	200005a4 	.word	0x200005a4
10003a9c:	20020c40 	.word	0x20020c40
10003aa0:	200005de 	.word	0x200005de
10003aa4:	fffff800 	.word	0xfffff800

10003aa8 <irq_set_priority>:
10003aa8:	f04f 0cff 	mov.w	ip, #255	@ 0xff
10003aac:	f020 0303 	bic.w	r3, r0, #3
10003ab0:	f103 4360 	add.w	r3, r3, #3758096384	@ 0xe0000000
10003ab4:	f503 4364 	add.w	r3, r3, #58368	@ 0xe400
10003ab8:	f000 0003 	and.w	r0, r0, #3
10003abc:	681a      	ldr	r2, [r3, #0]
10003abe:	00c0      	lsls	r0, r0, #3
10003ac0:	fa0c fc00 	lsl.w	ip, ip, r0
10003ac4:	ea22 020c 	bic.w	r2, r2, ip
10003ac8:	4081      	lsls	r1, r0
10003aca:	430a      	orrs	r2, r1
10003acc:	601a      	str	r2, [r3, #0]
10003ace:	4770      	bx	lr

10003ad0 <irq_add_tail_to_free_list>:
10003ad0:	b5f0      	push	{r4, r5, r6, r7, lr}
10003ad2:	f3ef 8505 	mrs	r5, IPSR
10003ad6:	b2ed      	uxtb	r5, r5
10003ad8:	f3ef 8c10 	mrs	ip, PRIMASK
10003adc:	b672      	cpsid	i
10003ade:	4926      	ldr	r1, [pc, #152]	@ (10003b78 <irq_add_tail_to_free_list+0xa8>)
10003ae0:	e8d1 2fcf 	ldaexb	r2, [r1]
10003ae4:	2301      	movs	r3, #1
10003ae6:	2a00      	cmp	r2, #0
10003ae8:	d1fa      	bne.n	10003ae0 <irq_add_tail_to_free_list+0x10>
10003aea:	e8c1 3f42 	strexb	r2, r3, [r1]
10003aee:	2a00      	cmp	r2, #0
10003af0:	d1f6      	bne.n	10003ae0 <irq_add_tail_to_free_list+0x10>
10003af2:	f3bf 8f5f 	dmb	sy
10003af6:	4e21      	ldr	r6, [pc, #132]	@ (10003b7c <irq_add_tail_to_free_list+0xac>)
10003af8:	f040 0e01 	orr.w	lr, r0, #1
10003afc:	68b4      	ldr	r4, [r6, #8]
10003afe:	f64a 23aa 	movw	r3, #43690	@ 0xaaaa
10003b02:	f854 7025 	ldr.w	r7, [r4, r5, lsl #2]
10003b06:	4a1e      	ldr	r2, [pc, #120]	@ (10003b80 <irq_add_tail_to_free_list+0xb0>)
10003b08:	4604      	mov	r4, r0
10003b0a:	1aa4      	subs	r4, r4, r2
10003b0c:	4164      	adcs	r4, r4
10003b0e:	4363      	muls	r3, r4
10003b10:	0d1b      	lsrs	r3, r3, #20
10003b12:	4577      	cmp	r7, lr
10003b14:	b25b      	sxtb	r3, r3
10003b16:	d01b      	beq.n	10003b50 <irq_add_tail_to_free_list+0x80>
10003b18:	f992 4006 	ldrsb.w	r4, [r2, #6]
10003b1c:	429c      	cmp	r4, r3
10003b1e:	d01c      	beq.n	10003b5a <irq_add_tail_to_free_list+0x8a>
10003b20:	f992 4012 	ldrsb.w	r4, [r2, #18]
10003b24:	429c      	cmp	r4, r3
10003b26:	d023      	beq.n	10003b70 <irq_add_tail_to_free_list+0xa0>
10003b28:	f992 401e 	ldrsb.w	r4, [r2, #30]
10003b2c:	429c      	cmp	r4, r3
10003b2e:	d021      	beq.n	10003b74 <irq_add_tail_to_free_list+0xa4>
10003b30:	f992 402a 	ldrsb.w	r4, [r2, #42]	@ 0x2a
10003b34:	429c      	cmp	r4, r3
10003b36:	bf08      	it	eq
10003b38:	2403      	moveq	r4, #3
10003b3a:	d00f      	beq.n	10003b5c <irq_add_tail_to_free_list+0x8c>
10003b3c:	4a11      	ldr	r2, [pc, #68]	@ (10003b84 <irq_add_tail_to_free_list+0xb4>)
10003b3e:	2400      	movs	r4, #0
10003b40:	7815      	ldrb	r5, [r2, #0]
10003b42:	7013      	strb	r3, [r2, #0]
10003b44:	7185      	strb	r5, [r0, #6]
10003b46:	e8c1 4f8f 	stlb	r4, [r1]
10003b4a:	f38c 8810 	msr	PRIMASK, ip
10003b4e:	bdf0      	pop	{r4, r5, r6, r7, pc}
10003b50:	68b2      	ldr	r2, [r6, #8]
10003b52:	4c0d      	ldr	r4, [pc, #52]	@ (10003b88 <irq_add_tail_to_free_list+0xb8>)
10003b54:	f842 4025 	str.w	r4, [r2, r5, lsl #2]
10003b58:	e7f0      	b.n	10003b3c <irq_add_tail_to_free_list+0x6c>
10003b5a:	2400      	movs	r4, #0
10003b5c:	eb04 0444 	add.w	r4, r4, r4, lsl #1
10003b60:	eb02 0284 	add.w	r2, r2, r4, lsl #2
10003b64:	24ff      	movs	r4, #255	@ 0xff
10003b66:	7194      	strb	r4, [r2, #6]
10003b68:	f64b 5401 	movw	r4, #48385	@ 0xbd01
10003b6c:	8094      	strh	r4, [r2, #4]
10003b6e:	e7e5      	b.n	10003b3c <irq_add_tail_to_free_list+0x6c>
10003b70:	2401      	movs	r4, #1
10003b72:	e7f3      	b.n	10003b5c <irq_add_tail_to_free_list+0x8c>
10003b74:	2402      	movs	r4, #2
10003b76:	e7f1      	b.n	10003b5c <irq_add_tail_to_free_list+0x8c>
10003b78:	20000815 	.word	0x20000815
10003b7c:	e000ed00 	.word	0xe000ed00
10003b80:	200005a4 	.word	0x200005a4
10003b84:	20020c40 	.word	0x20020c40
10003b88:	1000011d 	.word	0x1000011d

10003b8c <lock_init>:
10003b8c:	4b01      	ldr	r3, [pc, #4]	@ (10003b94 <lock_init+0x8>)
10003b8e:	440b      	add	r3, r1
10003b90:	6003      	str	r3, [r0, #0]
10003b92:	4770      	bx	lr
10003b94:	2000080c 	.word	0x2000080c

10003b98 <runtime_init_mutex>:
10003b98:	e92d 41f0 	stmdb	sp!, {r4, r5, r6, r7, r8, lr}
10003b9c:	4d15      	ldr	r5, [pc, #84]	@ (10003bf4 <runtime_init_mutex+0x5c>)
10003b9e:	4e16      	ldr	r6, [pc, #88]	@ (10003bf8 <runtime_init_mutex+0x60>)
10003ba0:	42b5      	cmp	r5, r6
10003ba2:	d224      	bcs.n	10003bee <runtime_init_mutex+0x56>
10003ba4:	462c      	mov	r4, r5
10003ba6:	6823      	ldr	r3, [r4, #0]
10003ba8:	f04f 37ff 	mov.w	r7, #4294967295	@ 0xffffffff
10003bac:	f04f 0800 	mov.w	r8, #0
10003bb0:	b18b      	cbz	r3, 10003bd6 <runtime_init_mutex+0x3e>
10003bb2:	f7ff fd99 	bl	100036e8 <next_striped_spin_lock_num>
10003bb6:	4601      	mov	r1, r0
10003bb8:	4628      	mov	r0, r5
10003bba:	f7ff ffe7 	bl	10003b8c <lock_init>
10003bbe:	6067      	str	r7, [r4, #4]
10003bc0:	f884 8008 	strb.w	r8, [r4, #8]
10003bc4:	f3bf 8f5f 	dmb	sy
10003bc8:	340c      	adds	r4, #12
10003bca:	42b4      	cmp	r4, r6
10003bcc:	d20f      	bcs.n	10003bee <runtime_init_mutex+0x56>
10003bce:	6823      	ldr	r3, [r4, #0]
10003bd0:	4625      	mov	r5, r4
10003bd2:	2b00      	cmp	r3, #0
10003bd4:	d1ed      	bne.n	10003bb2 <runtime_init_mutex+0x1a>
10003bd6:	f7ff fd87 	bl	100036e8 <next_striped_spin_lock_num>
10003bda:	4601      	mov	r1, r0
10003bdc:	4628      	mov	r0, r5
10003bde:	f7ff ffd5 	bl	10003b8c <lock_init>
10003be2:	6067      	str	r7, [r4, #4]
10003be4:	f3bf 8f5f 	dmb	sy
10003be8:	3408      	adds	r4, #8
10003bea:	42b4      	cmp	r4, r6
10003bec:	d3ef      	bcc.n	10003bce <runtime_init_mutex+0x36>
10003bee:	e8bd 81f0 	ldmia.w	sp!, {r4, r5, r6, r7, r8, pc}
10003bf2:	bf00      	nop
10003bf4:	2000061c 	.word	0x2000061c
10003bf8:	2000062c 	.word	0x2000062c
10003bfc:	00000000 	.word	0x00000000

10003c00 <alarm_pool_irq_handler>:
10003c00:	e92d 4ff0 	stmdb	sp!, {r4, r5, r6, r7, r8, r9, sl, fp, lr}
10003c04:	ed2d 8b02 	vpush	{d8}
10003c08:	b085      	sub	sp, #20
10003c0a:	f3ef 8305 	mrs	r3, IPSR
10003c0e:	b2db      	uxtb	r3, r3
10003c10:	3b10      	subs	r3, #16
10003c12:	089a      	lsrs	r2, r3, #2
10003c14:	bf18      	it	ne
10003c16:	2201      	movne	r2, #1
10003c18:	f04f 0101 	mov.w	r1, #1
10003c1c:	f003 0003 	and.w	r0, r3, #3
10003c20:	bf08      	it	eq
10003c22:	4dab      	ldreq	r5, [pc, #684]	@ (10003ed0 <alarm_pool_irq_handler+0x2d0>)
10003c24:	4bab      	ldr	r3, [pc, #684]	@ (10003ed4 <alarm_pool_irq_handler+0x2d4>)
10003c26:	bf18      	it	ne
10003c28:	4dab      	ldrne	r5, [pc, #684]	@ (10003ed8 <alarm_pool_irq_handler+0x2d8>)
10003c2a:	eb00 0282 	add.w	r2, r0, r2, lsl #2
10003c2e:	f853 6022 	ldr.w	r6, [r3, r2, lsl #2]
10003c32:	fa01 fb00 	lsl.w	fp, r1, r0
10003c36:	f505 5341 	add.w	r3, r5, #12352	@ 0x3040
10003c3a:	ed9f 8ba3 	vldr	d8, [pc, #652]	@ 10003ec8 <alarm_pool_irq_handler+0x2c8>
10003c3e:	9001      	str	r0, [sp, #4]
10003c40:	f8c3 b004 	str.w	fp, [r3, #4]
10003c44:	e02a      	b.n	10003c9c <alarm_pool_irq_handler+0x9c>
10003c46:	88b3      	ldrh	r3, [r6, #4]
10003c48:	0419      	lsls	r1, r3, #16
10003c4a:	f140 808d 	bpl.w	10003d68 <alarm_pool_irq_handler+0x168>
10003c4e:	79b3      	ldrb	r3, [r6, #6]
10003c50:	2b00      	cmp	r3, #0
10003c52:	f040 80d7 	bne.w	10003e04 <alarm_pool_irq_handler+0x204>
10003c56:	f9b6 2008 	ldrsh.w	r2, [r6, #8]
10003c5a:	2a00      	cmp	r2, #0
10003c5c:	f2c0 8116 	blt.w	10003e8c <alarm_pool_irq_handler+0x28c>
10003c60:	6973      	ldr	r3, [r6, #20]
10003c62:	eb02 0242 	add.w	r2, r2, r2, lsl #1
10003c66:	eb03 03c2 	add.w	r3, r3, r2, lsl #3
10003c6a:	e9d3 4702 	ldrd	r4, r7, [r3, #8]
10003c6e:	f1b7 3fff 	cmp.w	r7, #4294967295	@ 0xffffffff
10003c72:	bf08      	it	eq
10003c74:	f1b4 3fff 	cmpeq.w	r4, #4294967295	@ 0xffffffff
10003c78:	d009      	beq.n	10003c8e <alarm_pool_irq_handler+0x8e>
10003c7a:	9b01      	ldr	r3, [sp, #4]
10003c7c:	eb05 0183 	add.w	r1, r5, r3, lsl #2
10003c80:	6aab      	ldr	r3, [r5, #40]	@ 0x28
10003c82:	690a      	ldr	r2, [r1, #16]
10003c84:	1ad2      	subs	r2, r2, r3
10003c86:	1ae3      	subs	r3, r4, r3
10003c88:	4293      	cmp	r3, r2
10003c8a:	bf38      	it	cc
10003c8c:	610c      	strcc	r4, [r1, #16]
10003c8e:	4628      	mov	r0, r5
10003c90:	f000 fad2 	bl	10004238 <timer_time_us_64>
10003c94:	42a0      	cmp	r0, r4
10003c96:	41b9      	sbcs	r1, r7
10003c98:	f2c0 80f8 	blt.w	10003e8c <alarm_pool_irq_handler+0x28c>
10003c9c:	f9b6 3008 	ldrsh.w	r3, [r6, #8]
10003ca0:	f8c5 b03c 	str.w	fp, [r5, #60]	@ 0x3c
10003ca4:	2b00      	cmp	r3, #0
10003ca6:	9300      	str	r3, [sp, #0]
10003ca8:	dbcd      	blt.n	10003c46 <alarm_pool_irq_handler+0x46>
10003caa:	f8d6 9014 	ldr.w	r9, [r6, #20]
10003cae:	eb03 0a43 	add.w	sl, r3, r3, lsl #1
10003cb2:	4628      	mov	r0, r5
10003cb4:	eb09 07ca 	add.w	r7, r9, sl, lsl #3
10003cb8:	e9d7 4802 	ldrd	r4, r8, [r7, #8]
10003cbc:	f000 fabc 	bl	10004238 <timer_time_us_64>
10003cc0:	42a0      	cmp	r0, r4
10003cc2:	eb71 0108 	sbcs.w	r1, r1, r8
10003cc6:	dbbe      	blt.n	10003c46 <alarm_pool_irq_handler+0x46>
10003cc8:	f1b8 0f00 	cmp.w	r8, #0
10003ccc:	f2c0 80c0 	blt.w	10003e50 <alarm_pool_irq_handler+0x250>
10003cd0:	693a      	ldr	r2, [r7, #16]
10003cd2:	4b82      	ldr	r3, [pc, #520]	@ (10003edc <alarm_pool_irq_handler+0x2dc>)
10003cd4:	429a      	cmp	r2, r3
10003cd6:	f000 80ea 	beq.w	10003eae <alarm_pool_irq_handler+0x2ae>
10003cda:	8879      	ldrh	r1, [r7, #2]
10003cdc:	f9b6 0008 	ldrsh.w	r0, [r6, #8]
10003ce0:	b289      	uxth	r1, r1
10003ce2:	ea41 4000 	orr.w	r0, r1, r0, lsl #16
10003ce6:	6979      	ldr	r1, [r7, #20]
10003ce8:	4790      	blx	r2
10003cea:	4603      	mov	r3, r0
10003cec:	460a      	mov	r2, r1
10003cee:	ea53 0102 	orrs.w	r1, r3, r2
10003cf2:	f000 80ad 	beq.w	10003e50 <alarm_pool_irq_handler+0x250>
10003cf6:	2a00      	cmp	r2, #0
10003cf8:	f280 80ce 	bge.w	10003e98 <alarm_pool_irq_handler+0x298>
10003cfc:	1ae3      	subs	r3, r4, r3
10003cfe:	eb68 0802 	sbc.w	r8, r8, r2
10003d02:	f939 203a 	ldrsh.w	r2, [r9, sl, lsl #3]
10003d06:	e9c7 3802 	strd	r3, r8, [r7, #8]
10003d0a:	2a00      	cmp	r2, #0
10003d0c:	db9b      	blt.n	10003c46 <alarm_pool_irq_handler+0x46>
10003d0e:	6970      	ldr	r0, [r6, #20]
10003d10:	eb02 0142 	add.w	r1, r2, r2, lsl #1
10003d14:	eb00 01c1 	add.w	r1, r0, r1, lsl #3
10003d18:	e9d1 c702 	ldrd	ip, r7, [r1, #8]
10003d1c:	4563      	cmp	r3, ip
10003d1e:	eb78 0e07 	sbcs.w	lr, r8, r7
10003d22:	ea4f 0142 	mov.w	r1, r2, lsl #1
10003d26:	db8e      	blt.n	10003c46 <alarm_pool_irq_handler+0x46>
10003d28:	46b6      	mov	lr, r6
10003d2a:	f82e 2f08 	strh.w	r2, [lr, #8]!
10003d2e:	e00b      	b.n	10003d48 <alarm_pool_irq_handler+0x148>
10003d30:	f930 2031 	ldrsh.w	r2, [r0, r1, lsl #3]
10003d34:	46a6      	mov	lr, r4
10003d36:	2a00      	cmp	r2, #0
10003d38:	db0d      	blt.n	10003d56 <alarm_pool_irq_handler+0x156>
10003d3a:	eb02 0442 	add.w	r4, r2, r2, lsl #1
10003d3e:	eb00 04c4 	add.w	r4, r0, r4, lsl #3
10003d42:	0051      	lsls	r1, r2, #1
10003d44:	e9d4 c702 	ldrd	ip, r7, [r4, #8]
10003d48:	4563      	cmp	r3, ip
10003d4a:	4411      	add	r1, r2
10003d4c:	eb78 0707 	sbcs.w	r7, r8, r7
10003d50:	eb00 04c1 	add.w	r4, r0, r1, lsl #3
10003d54:	daec      	bge.n	10003d30 <alarm_pool_irq_handler+0x130>
10003d56:	9b00      	ldr	r3, [sp, #0]
10003d58:	f829 203a 	strh.w	r2, [r9, sl, lsl #3]
10003d5c:	f8ae 3000 	strh.w	r3, [lr]
10003d60:	88b3      	ldrh	r3, [r6, #4]
10003d62:	0419      	lsls	r1, r3, #16
10003d64:	f53f af73 	bmi.w	10003c4e <alarm_pool_irq_handler+0x4e>
10003d68:	6933      	ldr	r3, [r6, #16]
10003d6a:	f3ef 8210 	mrs	r2, PRIMASK
10003d6e:	b672      	cpsid	i
10003d70:	e8d3 0fcf 	ldaexb	r0, [r3]
10003d74:	2101      	movs	r1, #1
10003d76:	2800      	cmp	r0, #0
10003d78:	d1fa      	bne.n	10003d70 <alarm_pool_irq_handler+0x170>
10003d7a:	e8c3 1f40 	strexb	r0, r1, [r3]
10003d7e:	2800      	cmp	r0, #0
10003d80:	d1f6      	bne.n	10003d70 <alarm_pool_irq_handler+0x170>
10003d82:	f3bf 8f5f 	dmb	sy
10003d86:	f64f 74ff 	movw	r4, #65535	@ 0xffff
10003d8a:	88b0      	ldrh	r0, [r6, #4]
10003d8c:	2300      	movs	r3, #0
10003d8e:	6931      	ldr	r1, [r6, #16]
10003d90:	b200      	sxth	r0, r0
10003d92:	80b4      	strh	r4, [r6, #4]
10003d94:	e8c1 3f8f 	stlb	r3, [r1]
10003d98:	f382 8810 	msr	PRIMASK, r2
10003d9c:	4298      	cmp	r0, r3
10003d9e:	f6ff af56 	blt.w	10003c4e <alarm_pool_irq_handler+0x4e>
10003da2:	4607      	mov	r7, r0
10003da4:	46a9      	mov	r9, r5
10003da6:	6974      	ldr	r4, [r6, #20]
10003da8:	f106 0808 	add.w	r8, r6, #8
10003dac:	eb07 0e47 	add.w	lr, r7, r7, lsl #1
10003db0:	eb04 03ce 	add.w	r3, r4, lr, lsl #3
10003db4:	e9d3 0502 	ldrd	r0, r5, [r3, #8]
10003db8:	f9b6 3008 	ldrsh.w	r3, [r6, #8]
10003dbc:	46c4      	mov	ip, r8
10003dbe:	2b00      	cmp	r3, #0
10003dc0:	db13      	blt.n	10003dea <alarm_pool_irq_handler+0x1ea>
10003dc2:	46b2      	mov	sl, r6
10003dc4:	9700      	str	r7, [sp, #0]
10003dc6:	e004      	b.n	10003dd2 <alarm_pool_irq_handler+0x1d2>
10003dc8:	f934 3036 	ldrsh.w	r3, [r4, r6, lsl #3]
10003dcc:	4694      	mov	ip, r2
10003dce:	2b00      	cmp	r3, #0
10003dd0:	db09      	blt.n	10003de6 <alarm_pool_irq_handler+0x1e6>
10003dd2:	eb03 0643 	add.w	r6, r3, r3, lsl #1
10003dd6:	eb04 02c6 	add.w	r2, r4, r6, lsl #3
10003dda:	e9d2 7102 	ldrd	r7, r1, [r2, #8]
10003dde:	42b8      	cmp	r0, r7
10003de0:	eb75 0101 	sbcs.w	r1, r5, r1
10003de4:	daf0      	bge.n	10003dc8 <alarm_pool_irq_handler+0x1c8>
10003de6:	4656      	mov	r6, sl
10003de8:	9f00      	ldr	r7, [sp, #0]
10003dea:	f8ac 7000 	strh.w	r7, [ip]
10003dee:	f934 703e 	ldrsh.w	r7, [r4, lr, lsl #3]
10003df2:	f824 303e 	strh.w	r3, [r4, lr, lsl #3]
10003df6:	2f00      	cmp	r7, #0
10003df8:	dad8      	bge.n	10003dac <alarm_pool_irq_handler+0x1ac>
10003dfa:	79b3      	ldrb	r3, [r6, #6]
10003dfc:	464d      	mov	r5, r9
10003dfe:	2b00      	cmp	r3, #0
10003e00:	f43f af29 	beq.w	10003c56 <alarm_pool_irq_handler+0x56>
10003e04:	2300      	movs	r3, #0
10003e06:	71b3      	strb	r3, [r6, #6]
10003e08:	f9b6 3008 	ldrsh.w	r3, [r6, #8]
10003e0c:	f106 0e08 	add.w	lr, r6, #8
10003e10:	1c5a      	adds	r2, r3, #1
10003e12:	d03b      	beq.n	10003e8c <alarm_pool_irq_handler+0x28c>
10003e14:	461a      	mov	r2, r3
10003e16:	6974      	ldr	r4, [r6, #20]
10003e18:	e003      	b.n	10003e22 <alarm_pool_irq_handler+0x222>
10003e1a:	4686      	mov	lr, r0
10003e1c:	1c59      	adds	r1, r3, #1
10003e1e:	f43f af1c 	beq.w	10003c5a <alarm_pool_irq_handler+0x5a>
10003e22:	eb03 0143 	add.w	r1, r3, r3, lsl #1
10003e26:	eb04 00c1 	add.w	r0, r4, r1, lsl #3
10003e2a:	8847      	ldrh	r7, [r0, #2]
10003e2c:	469c      	mov	ip, r3
10003e2e:	043f      	lsls	r7, r7, #16
10003e30:	f934 3031 	ldrsh.w	r3, [r4, r1, lsl #3]
10003e34:	d5f1      	bpl.n	10003e1a <alarm_pool_irq_handler+0x21a>
10003e36:	4594      	cmp	ip, r2
10003e38:	ed80 8b02 	vstr	d8, [r0, #8]
10003e3c:	d0ee      	beq.n	10003e1c <alarm_pool_irq_handler+0x21c>
10003e3e:	f8ae 3000 	strh.w	r3, [lr]
10003e42:	8932      	ldrh	r2, [r6, #8]
10003e44:	f824 2031 	strh.w	r2, [r4, r1, lsl #3]
10003e48:	4662      	mov	r2, ip
10003e4a:	f8a6 c008 	strh.w	ip, [r6, #8]
10003e4e:	e7e5      	b.n	10003e1c <alarm_pool_irq_handler+0x21c>
10003e50:	f839 203a 	ldrh.w	r2, [r9, sl, lsl #3]
10003e54:	8132      	strh	r2, [r6, #8]
10003e56:	6932      	ldr	r2, [r6, #16]
10003e58:	f3ef 8110 	mrs	r1, PRIMASK
10003e5c:	b672      	cpsid	i
10003e5e:	e8d2 7fcf 	ldaexb	r7, [r2]
10003e62:	2001      	movs	r0, #1
10003e64:	2f00      	cmp	r7, #0
10003e66:	d1fa      	bne.n	10003e5e <alarm_pool_irq_handler+0x25e>
10003e68:	e8c2 0f47 	strexb	r7, r0, [r2]
10003e6c:	2f00      	cmp	r7, #0
10003e6e:	d1f6      	bne.n	10003e5e <alarm_pool_irq_handler+0x25e>
10003e70:	f3bf 8f5f 	dmb	sy
10003e74:	8872      	ldrh	r2, [r6, #2]
10003e76:	9b00      	ldr	r3, [sp, #0]
10003e78:	f829 203a 	strh.w	r2, [r9, sl, lsl #3]
10003e7c:	8073      	strh	r3, [r6, #2]
10003e7e:	6932      	ldr	r2, [r6, #16]
10003e80:	2300      	movs	r3, #0
10003e82:	e8c2 3f8f 	stlb	r3, [r2]
10003e86:	f381 8810 	msr	PRIMASK, r1
10003e8a:	e6dc      	b.n	10003c46 <alarm_pool_irq_handler+0x46>
10003e8c:	bf40      	sev
10003e8e:	b005      	add	sp, #20
10003e90:	ecbd 8b02 	vpop	{d8}
10003e94:	e8bd 8ff0 	ldmia.w	sp!, {r4, r5, r6, r7, r8, r9, sl, fp, pc}
10003e98:	4628      	mov	r0, r5
10003e9a:	e9cd 3202 	strd	r3, r2, [sp, #8]
10003e9e:	f000 f9cb 	bl	10004238 <timer_time_us_64>
10003ea2:	9b02      	ldr	r3, [sp, #8]
10003ea4:	9a03      	ldr	r2, [sp, #12]
10003ea6:	18c3      	adds	r3, r0, r3
10003ea8:	eb42 0801 	adc.w	r8, r2, r1
10003eac:	e729      	b.n	10003d02 <alarm_pool_irq_handler+0x102>
10003eae:	6979      	ldr	r1, [r7, #20]
10003eb0:	4608      	mov	r0, r1
10003eb2:	690a      	ldr	r2, [r1, #16]
10003eb4:	9102      	str	r1, [sp, #8]
10003eb6:	4790      	blx	r2
10003eb8:	2800      	cmp	r0, #0
10003eba:	d0c9      	beq.n	10003e50 <alarm_pool_irq_handler+0x250>
10003ebc:	9902      	ldr	r1, [sp, #8]
10003ebe:	e9d1 3200 	ldrd	r3, r2, [r1]
10003ec2:	e714      	b.n	10003cee <alarm_pool_irq_handler+0xee>
10003ec4:	f3af 8000 	nop.w
10003ec8:	ffffffff 	.word	0xffffffff
10003ecc:	ffffffff 	.word	0xffffffff
10003ed0:	400b0000 	.word	0x400b0000
10003ed4:	20000878 	.word	0x20000878
10003ed8:	400b8000 	.word	0x400b8000
10003edc:	10003c01 	.word	0x10003c01

10003ee0 <sleep_until_callback>:
10003ee0:	480b      	ldr	r0, [pc, #44]	@ (10003f10 <sleep_until_callback+0x30>)
10003ee2:	b508      	push	{r3, lr}
10003ee4:	6803      	ldr	r3, [r0, #0]
10003ee6:	f3ef 8110 	mrs	r1, PRIMASK
10003eea:	b672      	cpsid	i
10003eec:	e8d3 cfcf 	ldaexb	ip, [r3]
10003ef0:	2201      	movs	r2, #1
10003ef2:	f1bc 0f00 	cmp.w	ip, #0
10003ef6:	d1f9      	bne.n	10003eec <sleep_until_callback+0xc>
10003ef8:	e8c3 2f4c 	strexb	ip, r2, [r3]
10003efc:	f1bc 0f00 	cmp.w	ip, #0
10003f00:	d1f4      	bne.n	10003eec <sleep_until_callback+0xc>
10003f02:	f3bf 8f5f 	dmb	sy
10003f06:	f7fc fca1 	bl	1000084c <vPortLockInternalSpinUnlockWithNotify>
10003f0a:	2000      	movs	r0, #0
10003f0c:	2100      	movs	r1, #0
10003f0e:	bd08      	pop	{r3, pc}
10003f10:	20000b34 	.word	0x20000b34

10003f14 <runtime_init_default_alarm_pool>:
10003f14:	e92d 4ff8 	stmdb	sp!, {r3, r4, r5, r6, r7, r8, r9, sl, fp, lr}
10003f18:	4c36      	ldr	r4, [pc, #216]	@ (10003ff4 <runtime_init_default_alarm_pool+0xe0>)
10003f1a:	6925      	ldr	r5, [r4, #16]
10003f1c:	b12d      	cbz	r5, 10003f2a <runtime_init_default_alarm_pool+0x16>
10003f1e:	e8bd 4ff8 	ldmia.w	sp!, {r3, r4, r5, r6, r7, r8, r9, sl, fp, lr}
10003f22:	210a      	movs	r1, #10
10003f24:	4834      	ldr	r0, [pc, #208]	@ (10003ff8 <runtime_init_default_alarm_pool+0xe4>)
10003f26:	f7ff be31 	b.w	10003b8c <lock_init>
10003f2a:	f8df 80e4 	ldr.w	r8, [pc, #228]	@ 10004010 <runtime_init_default_alarm_pool+0xfc>
10003f2e:	2103      	movs	r1, #3
10003f30:	4640      	mov	r0, r8
10003f32:	f000 f96f 	bl	10004214 <timer_hardware_alarm_claim>
10003f36:	2603      	movs	r6, #3
10003f38:	f8c4 800c 	str.w	r8, [r4, #12]
10003f3c:	f7ff fbd4 	bl	100036e8 <next_striped_spin_lock_num>
10003f40:	f04f 4c50 	mov.w	ip, #3489660928	@ 0xd0000000
10003f44:	4b2d      	ldr	r3, [pc, #180]	@ (10003ffc <runtime_init_default_alarm_pool+0xe8>)
10003f46:	7026      	strb	r6, [r4, #0]
10003f48:	4403      	add	r3, r0
10003f4a:	6123      	str	r3, [r4, #16]
10003f4c:	f8dc 3000 	ldr.w	r3, [ip]
10003f50:	210f      	movs	r1, #15
10003f52:	7063      	strb	r3, [r4, #1]
10003f54:	6963      	ldr	r3, [r4, #20]
10003f56:	8061      	strh	r1, [r4, #2]
10003f58:	831d      	strh	r5, [r3, #24]
10003f5a:	f04f 0504 	mov.w	r5, #4
10003f5e:	f8a3 5078 	strh.w	r5, [r3, #120]	@ 0x78
10003f62:	f04f 0505 	mov.w	r5, #5
10003f66:	f8a3 5090 	strh.w	r5, [r3, #144]	@ 0x90
10003f6a:	f04f 0506 	mov.w	r5, #6
10003f6e:	f8a3 50a8 	strh.w	r5, [r3, #168]	@ 0xa8
10003f72:	f04f 0507 	mov.w	r5, #7
10003f76:	210e      	movs	r1, #14
10003f78:	2708      	movs	r7, #8
10003f7a:	f64f 72ff 	movw	r2, #65535	@ 0xffff
10003f7e:	f04f 0e0a 	mov.w	lr, #10
10003f82:	f8a3 50c0 	strh.w	r5, [r3, #192]	@ 0xc0
10003f86:	f04f 0901 	mov.w	r9, #1
10003f8a:	f04f 0c0c 	mov.w	ip, #12
10003f8e:	f04f 0b02 	mov.w	fp, #2
10003f92:	f04f 0a09 	mov.w	sl, #9
10003f96:	200d      	movs	r0, #13
10003f98:	f04f 050b 	mov.w	r5, #11
10003f9c:	f8a3 1168 	strh.w	r1, [r3, #360]	@ 0x168
10003fa0:	4917      	ldr	r1, [pc, #92]	@ (10004000 <runtime_init_default_alarm_pool+0xec>)
10003fa2:	80a2      	strh	r2, [r4, #4]
10003fa4:	f8a3 e108 	strh.w	lr, [r3, #264]	@ 0x108
10003fa8:	60a1      	str	r1, [r4, #8]
10003faa:	f8a3 b048 	strh.w	fp, [r3, #72]	@ 0x48
10003fae:	f8a3 a0f0 	strh.w	sl, [r3, #240]	@ 0xf0
10003fb2:	f8a3 5120 	strh.w	r5, [r3, #288]	@ 0x120
10003fb6:	f8a3 c138 	strh.w	ip, [r3, #312]	@ 0x138
10003fba:	f8a3 0150 	strh.w	r0, [r3, #336]	@ 0x150
10003fbe:	f8a3 9030 	strh.w	r9, [r3, #48]	@ 0x30
10003fc2:	f8a3 6060 	strh.w	r6, [r3, #96]	@ 0x60
10003fc6:	f8a3 70d8 	strh.w	r7, [r3, #216]	@ 0xd8
10003fca:	801a      	strh	r2, [r3, #0]
10003fcc:	4b0d      	ldr	r3, [pc, #52]	@ (10004004 <runtime_init_default_alarm_pool+0xf0>)
10003fce:	4630      	mov	r0, r6
10003fd0:	f8c8 7020 	str.w	r7, [r8, #32]
10003fd4:	490c      	ldr	r1, [pc, #48]	@ (10004008 <runtime_init_default_alarm_pool+0xf4>)
10003fd6:	60dc      	str	r4, [r3, #12]
10003fd8:	f7ff fc38 	bl	1000384c <irq_set_exclusive_handler>
10003fdc:	4649      	mov	r1, r9
10003fde:	4630      	mov	r0, r6
10003fe0:	f7ff fc0e 	bl	10003800 <irq_set_enabled>
10003fe4:	4b09      	ldr	r3, [pc, #36]	@ (1000400c <runtime_init_default_alarm_pool+0xf8>)
10003fe6:	210a      	movs	r1, #10
10003fe8:	641f      	str	r7, [r3, #64]	@ 0x40
10003fea:	4803      	ldr	r0, [pc, #12]	@ (10003ff8 <runtime_init_default_alarm_pool+0xe4>)
10003fec:	e8bd 4ff8 	ldmia.w	sp!, {r3, r4, r5, r6, r7, r8, r9, sl, fp, lr}
10003ff0:	f7ff bdcc 	b.w	10003b8c <lock_init>
10003ff4:	200005ec 	.word	0x200005ec
10003ff8:	20000b34 	.word	0x20000b34
10003ffc:	2000080c 	.word	0x2000080c
10004000:	0010ffff 	.word	0x0010ffff
10004004:	20000878 	.word	0x20000878
10004008:	10003c01 	.word	0x10003c01
1000400c:	400b2000 	.word	0x400b2000
10004010:	400b0000 	.word	0x400b0000

10004014 <alarm_pool_add_alarm_at_force_in_context>:
10004014:	4601      	mov	r1, r0
10004016:	b5f0      	push	{r4, r5, r6, r7, lr}
10004018:	6900      	ldr	r0, [r0, #16]
1000401a:	f3ef 8710 	mrs	r7, PRIMASK
1000401e:	b672      	cpsid	i
10004020:	e8d0 5fcf 	ldaexb	r5, [r0]
10004024:	2401      	movs	r4, #1
10004026:	2d00      	cmp	r5, #0
10004028:	d1fa      	bne.n	10004020 <alarm_pool_add_alarm_at_force_in_context+0xc>
1000402a:	e8c0 4f45 	strexb	r5, r4, [r0]
1000402e:	2d00      	cmp	r5, #0
10004030:	d1f6      	bne.n	10004020 <alarm_pool_add_alarm_at_force_in_context+0xc>
10004032:	f3bf 8f5f 	dmb	sy
10004036:	f9b1 e002 	ldrsh.w	lr, [r1, #2]
1000403a:	694c      	ldr	r4, [r1, #20]
1000403c:	eb0e 0c4e 	add.w	ip, lr, lr, lsl #1
10004040:	f1be 0f00 	cmp.w	lr, #0
10004044:	ea4f 05cc 	mov.w	r5, ip, lsl #3
10004048:	eb04 0ccc 	add.w	ip, r4, ip, lsl #3
1000404c:	db3d      	blt.n	100040ca <alarm_pool_add_alarm_at_force_in_context+0xb6>
1000404e:	5b60      	ldrh	r0, [r4, r5]
10004050:	2600      	movs	r6, #0
10004052:	8048      	strh	r0, [r1, #2]
10004054:	6908      	ldr	r0, [r1, #16]
10004056:	e8c0 6f8f 	stlb	r6, [r0]
1000405a:	f387 8810 	msr	PRIMASK, r7
1000405e:	f8bc 0002 	ldrh.w	r0, [ip, #2]
10004062:	e9cc 2302 	strd	r2, r3, [ip, #8]
10004066:	3001      	adds	r0, #1
10004068:	f3c0 000e 	ubfx	r0, r0, #0, #15
1000406c:	2801      	cmp	r0, #1
1000406e:	bf38      	it	cc
10004070:	2001      	movcc	r0, #1
10004072:	9b05      	ldr	r3, [sp, #20]
10004074:	f8ac 0002 	strh.w	r0, [ip, #2]
10004078:	f8cc 3010 	str.w	r3, [ip, #16]
1000407c:	9b06      	ldr	r3, [sp, #24]
1000407e:	ea40 400e 	orr.w	r0, r0, lr, lsl #16
10004082:	f8cc 3014 	str.w	r3, [ip, #20]
10004086:	690b      	ldr	r3, [r1, #16]
10004088:	f3ef 8210 	mrs	r2, PRIMASK
1000408c:	b672      	cpsid	i
1000408e:	e8d3 cfcf 	ldaexb	ip, [r3]
10004092:	2701      	movs	r7, #1
10004094:	f1bc 0f00 	cmp.w	ip, #0
10004098:	d1f9      	bne.n	1000408e <alarm_pool_add_alarm_at_force_in_context+0x7a>
1000409a:	e8c3 7f4c 	strexb	ip, r7, [r3]
1000409e:	f1bc 0f00 	cmp.w	ip, #0
100040a2:	d1f4      	bne.n	1000408e <alarm_pool_add_alarm_at_force_in_context+0x7a>
100040a4:	f3bf 8f5f 	dmb	sy
100040a8:	888b      	ldrh	r3, [r1, #4]
100040aa:	5363      	strh	r3, [r4, r5]
100040ac:	f8a1 e004 	strh.w	lr, [r1, #4]
100040b0:	690b      	ldr	r3, [r1, #16]
100040b2:	e8c3 6f8f 	stlb	r6, [r3]
100040b6:	f382 8810 	msr	PRIMASK, r2
100040ba:	2201      	movs	r2, #1
100040bc:	68cb      	ldr	r3, [r1, #12]
100040be:	7809      	ldrb	r1, [r1, #0]
100040c0:	f503 5301 	add.w	r3, r3, #8256	@ 0x2040
100040c4:	408a      	lsls	r2, r1
100040c6:	605a      	str	r2, [r3, #4]
100040c8:	bdf0      	pop	{r4, r5, r6, r7, pc}
100040ca:	2300      	movs	r3, #0
100040cc:	690a      	ldr	r2, [r1, #16]
100040ce:	e8c2 3f8f 	stlb	r3, [r2]
100040d2:	f387 8810 	msr	PRIMASK, r7
100040d6:	f04f 30ff 	mov.w	r0, #4294967295	@ 0xffffffff
100040da:	bdf0      	pop	{r4, r5, r6, r7, pc}

100040dc <alarm_pool_cancel_alarm>:
100040dc:	4603      	mov	r3, r0
100040de:	8940      	ldrh	r0, [r0, #10]
100040e0:	ebb0 4f21 	cmp.w	r0, r1, asr #16
100040e4:	dd37      	ble.n	10004156 <alarm_pool_cancel_alarm+0x7a>
100040e6:	6958      	ldr	r0, [r3, #20]
100040e8:	140a      	asrs	r2, r1, #16
100040ea:	eb02 0242 	add.w	r2, r2, r2, lsl #1
100040ee:	b510      	push	{r4, lr}
100040f0:	eb00 00c2 	add.w	r0, r0, r2, lsl #3
100040f4:	691c      	ldr	r4, [r3, #16]
100040f6:	f3ef 8c10 	mrs	ip, PRIMASK
100040fa:	b672      	cpsid	i
100040fc:	e8d4 efcf 	ldaexb	lr, [r4]
10004100:	2201      	movs	r2, #1
10004102:	f1be 0f00 	cmp.w	lr, #0
10004106:	d1f9      	bne.n	100040fc <alarm_pool_cancel_alarm+0x20>
10004108:	e8c4 2f4e 	strexb	lr, r2, [r4]
1000410c:	f1be 0f00 	cmp.w	lr, #0
10004110:	d1f4      	bne.n	100040fc <alarm_pool_cancel_alarm+0x20>
10004112:	f3bf 8f5f 	dmb	sy
10004116:	8842      	ldrh	r2, [r0, #2]
10004118:	b289      	uxth	r1, r1
1000411a:	b292      	uxth	r2, r2
1000411c:	428a      	cmp	r2, r1
1000411e:	d007      	beq.n	10004130 <alarm_pool_cancel_alarm+0x54>
10004120:	2200      	movs	r2, #0
10004122:	691b      	ldr	r3, [r3, #16]
10004124:	e8c3 2f8f 	stlb	r2, [r3]
10004128:	f38c 8810 	msr	PRIMASK, ip
1000412c:	2000      	movs	r0, #0
1000412e:	bd10      	pop	{r4, pc}
10004130:	f442 4200 	orr.w	r2, r2, #32768	@ 0x8000
10004134:	8042      	strh	r2, [r0, #2]
10004136:	2101      	movs	r1, #1
10004138:	2200      	movs	r2, #0
1000413a:	6918      	ldr	r0, [r3, #16]
1000413c:	7199      	strb	r1, [r3, #6]
1000413e:	e8c0 2f8f 	stlb	r2, [r0]
10004142:	f38c 8810 	msr	PRIMASK, ip
10004146:	781c      	ldrb	r4, [r3, #0]
10004148:	68da      	ldr	r2, [r3, #12]
1000414a:	4608      	mov	r0, r1
1000414c:	f502 5301 	add.w	r3, r2, #8256	@ 0x2040
10004150:	40a1      	lsls	r1, r4
10004152:	6059      	str	r1, [r3, #4]
10004154:	bd10      	pop	{r4, pc}
10004156:	2000      	movs	r0, #0
10004158:	4770      	bx	lr
1000415a:	bf00      	nop

1000415c <best_effort_wfe_or_timeout>:
1000415c:	b5f0      	push	{r4, r5, r6, r7, lr}
1000415e:	4606      	mov	r6, r0
10004160:	460d      	mov	r5, r1
10004162:	b083      	sub	sp, #12
10004164:	f3ef 8405 	mrs	r4, IPSR
10004168:	b2e4      	uxtb	r4, r4
1000416a:	2c00      	cmp	r4, #0
1000416c:	d135      	bne.n	100041da <best_effort_wfe_or_timeout+0x7e>
1000416e:	4f26      	ldr	r7, [pc, #152]	@ (10004208 <best_effort_wfe_or_timeout+0xac>)
10004170:	783a      	ldrb	r2, [r7, #0]
10004172:	68f9      	ldr	r1, [r7, #12]
10004174:	3204      	adds	r2, #4
10004176:	6a8b      	ldr	r3, [r1, #40]	@ 0x28
10004178:	f851 2022 	ldr.w	r2, [r1, r2, lsl #2]
1000417c:	1ad2      	subs	r2, r2, r3
1000417e:	1ac3      	subs	r3, r0, r3
10004180:	4293      	cmp	r3, r2
10004182:	d307      	bcc.n	10004194 <best_effort_wfe_or_timeout+0x38>
10004184:	bf20      	wfe
10004186:	4b21      	ldr	r3, [pc, #132]	@ (1000420c <best_effort_wfe_or_timeout+0xb0>)
10004188:	6a58      	ldr	r0, [r3, #36]	@ 0x24
1000418a:	4285      	cmp	r5, r0
1000418c:	d91f      	bls.n	100041ce <best_effort_wfe_or_timeout+0x72>
1000418e:	2000      	movs	r0, #0
10004190:	b003      	add	sp, #12
10004192:	bdf0      	pop	{r4, r5, r6, r7, pc}
10004194:	f000 f858 	bl	10004248 <time_us_64>
10004198:	4286      	cmp	r6, r0
1000419a:	eb65 0101 	sbc.w	r1, r5, r1
1000419e:	2900      	cmp	r1, #0
100041a0:	db11      	blt.n	100041c6 <best_effort_wfe_or_timeout+0x6a>
100041a2:	4b1b      	ldr	r3, [pc, #108]	@ (10004210 <best_effort_wfe_or_timeout+0xb4>)
100041a4:	4638      	mov	r0, r7
100041a6:	e9cd 3400 	strd	r3, r4, [sp]
100041aa:	4632      	mov	r2, r6
100041ac:	462b      	mov	r3, r5
100041ae:	f7ff ff31 	bl	10004014 <alarm_pool_add_alarm_at_force_in_context>
100041b2:	1e01      	subs	r1, r0, #0
100041b4:	dd07      	ble.n	100041c6 <best_effort_wfe_or_timeout+0x6a>
100041b6:	4b15      	ldr	r3, [pc, #84]	@ (1000420c <best_effort_wfe_or_timeout+0xb0>)
100041b8:	6a5a      	ldr	r2, [r3, #36]	@ 0x24
100041ba:	4295      	cmp	r5, r2
100041bc:	d91d      	bls.n	100041fa <best_effort_wfe_or_timeout+0x9e>
100041be:	bf20      	wfe
100041c0:	4811      	ldr	r0, [pc, #68]	@ (10004208 <best_effort_wfe_or_timeout+0xac>)
100041c2:	f7ff ff8b 	bl	100040dc <alarm_pool_cancel_alarm>
100041c6:	4b11      	ldr	r3, [pc, #68]	@ (1000420c <best_effort_wfe_or_timeout+0xb0>)
100041c8:	6a58      	ldr	r0, [r3, #36]	@ 0x24
100041ca:	4285      	cmp	r5, r0
100041cc:	d8df      	bhi.n	1000418e <best_effort_wfe_or_timeout+0x32>
100041ce:	6a9b      	ldr	r3, [r3, #40]	@ 0x28
100041d0:	429e      	cmp	r6, r3
100041d2:	d80d      	bhi.n	100041f0 <best_effort_wfe_or_timeout+0x94>
100041d4:	2001      	movs	r0, #1
100041d6:	b003      	add	sp, #12
100041d8:	bdf0      	pop	{r4, r5, r6, r7, pc}
100041da:	4b0c      	ldr	r3, [pc, #48]	@ (1000420c <best_effort_wfe_or_timeout+0xb0>)
100041dc:	6a58      	ldr	r0, [r3, #36]	@ 0x24
100041de:	4288      	cmp	r0, r1
100041e0:	d3d5      	bcc.n	1000418e <best_effort_wfe_or_timeout+0x32>
100041e2:	6a9b      	ldr	r3, [r3, #40]	@ 0x28
100041e4:	42b3      	cmp	r3, r6
100041e6:	d2f5      	bcs.n	100041d4 <best_effort_wfe_or_timeout+0x78>
100041e8:	1a40      	subs	r0, r0, r1
100041ea:	bf18      	it	ne
100041ec:	2001      	movne	r0, #1
100041ee:	e7cf      	b.n	10004190 <best_effort_wfe_or_timeout+0x34>
100041f0:	1a28      	subs	r0, r5, r0
100041f2:	bf18      	it	ne
100041f4:	2001      	movne	r0, #1
100041f6:	b003      	add	sp, #12
100041f8:	bdf0      	pop	{r4, r5, r6, r7, pc}
100041fa:	6a9b      	ldr	r3, [r3, #40]	@ 0x28
100041fc:	429e      	cmp	r6, r3
100041fe:	d9df      	bls.n	100041c0 <best_effort_wfe_or_timeout+0x64>
10004200:	4295      	cmp	r5, r2
10004202:	d1dd      	bne.n	100041c0 <best_effort_wfe_or_timeout+0x64>
10004204:	e7db      	b.n	100041be <best_effort_wfe_or_timeout+0x62>
10004206:	bf00      	nop
10004208:	200005ec 	.word	0x200005ec
1000420c:	400b0000 	.word	0x400b0000
10004210:	10003ee1 	.word	0x10003ee1

10004214 <timer_hardware_alarm_claim>:
10004214:	b410      	push	{r4}
10004216:	4b05      	ldr	r3, [pc, #20]	@ (1000422c <timer_hardware_alarm_claim+0x18>)
10004218:	4c05      	ldr	r4, [pc, #20]	@ (10004230 <timer_hardware_alarm_claim+0x1c>)
1000421a:	4a06      	ldr	r2, [pc, #24]	@ (10004234 <timer_hardware_alarm_claim+0x20>)
1000421c:	42a0      	cmp	r0, r4
1000421e:	bf14      	ite	ne
10004220:	4618      	movne	r0, r3
10004222:	1c58      	addeq	r0, r3, #1
10004224:	f85d 4b04 	ldr.w	r4, [sp], #4
10004228:	f7ff ba32 	b.w	10003690 <hw_claim_or_assert>
1000422c:	20000838 	.word	0x20000838
10004230:	400b8000 	.word	0x400b8000
10004234:	100050c0 	.word	0x100050c0

10004238 <timer_time_us_64>:
10004238:	4603      	mov	r3, r0
1000423a:	6a41      	ldr	r1, [r0, #36]	@ 0x24
1000423c:	460a      	mov	r2, r1
1000423e:	6a98      	ldr	r0, [r3, #40]	@ 0x28
10004240:	6a59      	ldr	r1, [r3, #36]	@ 0x24
10004242:	428a      	cmp	r2, r1
10004244:	d1fa      	bne.n	1000423c <timer_time_us_64+0x4>
10004246:	4770      	bx	lr

10004248 <time_us_64>:
10004248:	4b03      	ldr	r3, [pc, #12]	@ (10004258 <time_us_64+0x10>)
1000424a:	6a59      	ldr	r1, [r3, #36]	@ 0x24
1000424c:	460a      	mov	r2, r1
1000424e:	6a98      	ldr	r0, [r3, #40]	@ 0x28
10004250:	6a59      	ldr	r1, [r3, #36]	@ 0x24
10004252:	4291      	cmp	r1, r2
10004254:	d1fa      	bne.n	1000424c <time_us_64+0x4>
10004256:	4770      	bx	lr
10004258:	400b0000 	.word	0x400b0000

1000425c <busy_wait_us>:
1000425c:	b430      	push	{r4, r5}
1000425e:	4a15      	ldr	r2, [pc, #84]	@ (100042b4 <busy_wait_us+0x58>)
10004260:	6a53      	ldr	r3, [r2, #36]	@ 0x24
10004262:	469c      	mov	ip, r3
10004264:	6a94      	ldr	r4, [r2, #40]	@ 0x28
10004266:	6a53      	ldr	r3, [r2, #36]	@ 0x24
10004268:	4563      	cmp	r3, ip
1000426a:	d1fa      	bne.n	10004262 <busy_wait_us+0x6>
1000426c:	1902      	adds	r2, r0, r4
1000426e:	4159      	adcs	r1, r3
10004270:	f04f 0500 	mov.w	r5, #0
10004274:	bf28      	it	cs
10004276:	2501      	movcs	r5, #1
10004278:	4b0e      	ldr	r3, [pc, #56]	@ (100042b4 <busy_wait_us+0x58>)
1000427a:	6a5b      	ldr	r3, [r3, #36]	@ 0x24
1000427c:	b1b5      	cbz	r5, 100042ac <busy_wait_us+0x50>
1000427e:	1c5a      	adds	r2, r3, #1
10004280:	bf08      	it	eq
10004282:	461a      	moveq	r2, r3
10004284:	d008      	beq.n	10004298 <busy_wait_us+0x3c>
10004286:	f04f 31ff 	mov.w	r1, #4294967295	@ 0xffffffff
1000428a:	460a      	mov	r2, r1
1000428c:	4809      	ldr	r0, [pc, #36]	@ (100042b4 <busy_wait_us+0x58>)
1000428e:	6a43      	ldr	r3, [r0, #36]	@ 0x24
10004290:	428b      	cmp	r3, r1
10004292:	d3fc      	bcc.n	1000428e <busy_wait_us+0x32>
10004294:	428b      	cmp	r3, r1
10004296:	d107      	bne.n	100042a8 <busy_wait_us+0x4c>
10004298:	4906      	ldr	r1, [pc, #24]	@ (100042b4 <busy_wait_us+0x58>)
1000429a:	e002      	b.n	100042a2 <busy_wait_us+0x46>
1000429c:	6a48      	ldr	r0, [r1, #36]	@ 0x24
1000429e:	4298      	cmp	r0, r3
100042a0:	d102      	bne.n	100042a8 <busy_wait_us+0x4c>
100042a2:	6a88      	ldr	r0, [r1, #40]	@ 0x28
100042a4:	4290      	cmp	r0, r2
100042a6:	d3f9      	bcc.n	1000429c <busy_wait_us+0x40>
100042a8:	bc30      	pop	{r4, r5}
100042aa:	4770      	bx	lr
100042ac:	4299      	cmp	r1, r3
100042ae:	d8ed      	bhi.n	1000428c <busy_wait_us+0x30>
100042b0:	e7f0      	b.n	10004294 <busy_wait_us+0x38>
100042b2:	bf00      	nop
100042b4:	400b0000 	.word	0x400b0000

100042b8 <pll_init>:
100042b8:	b470      	push	{r4, r5, r6}
100042ba:	9d03      	ldr	r5, [sp, #12]
100042bc:	6804      	ldr	r4, [r0, #0]
100042be:	032d      	lsls	r5, r5, #12
100042c0:	ea45 4503 	orr.w	r5, r5, r3, lsl #16
100042c4:	4b1b      	ldr	r3, [pc, #108]	@ (10004334 <pll_init+0x7c>)
100042c6:	2c00      	cmp	r4, #0
100042c8:	fbb3 f3f1 	udiv	r3, r3, r1
100042cc:	fbb2 f6f3 	udiv	r6, r2, r3
100042d0:	db1f      	blt.n	10004312 <pll_init+0x5a>
100042d2:	4a19      	ldr	r2, [pc, #100]	@ (10004338 <pll_init+0x80>)
100042d4:	4b19      	ldr	r3, [pc, #100]	@ (1000433c <pll_init+0x84>)
100042d6:	4290      	cmp	r0, r2
100042d8:	bf0c      	ite	eq
100042da:	f44f 4200 	moveq.w	r2, #32768	@ 0x8000
100042de:	f44f 4280 	movne.w	r2, #16384	@ 0x4000
100042e2:	4c17      	ldr	r4, [pc, #92]	@ (10004340 <pll_init+0x88>)
100042e4:	601a      	str	r2, [r3, #0]
100042e6:	f503 5380 	add.w	r3, r3, #4096	@ 0x1000
100042ea:	601a      	str	r2, [r3, #0]
100042ec:	68a3      	ldr	r3, [r4, #8]
100042ee:	ea32 0303 	bics.w	r3, r2, r3
100042f2:	d1fb      	bne.n	100042ec <pll_init+0x34>
100042f4:	2221      	movs	r2, #33	@ 0x21
100042f6:	f500 5340 	add.w	r3, r0, #12288	@ 0x3000
100042fa:	3304      	adds	r3, #4
100042fc:	6001      	str	r1, [r0, #0]
100042fe:	6086      	str	r6, [r0, #8]
10004300:	601a      	str	r2, [r3, #0]
10004302:	6802      	ldr	r2, [r0, #0]
10004304:	2a00      	cmp	r2, #0
10004306:	dafc      	bge.n	10004302 <pll_init+0x4a>
10004308:	2208      	movs	r2, #8
1000430a:	60c5      	str	r5, [r0, #12]
1000430c:	601a      	str	r2, [r3, #0]
1000430e:	bc70      	pop	{r4, r5, r6}
10004310:	4770      	bx	lr
10004312:	6803      	ldr	r3, [r0, #0]
10004314:	f003 033f 	and.w	r3, r3, #63	@ 0x3f
10004318:	428b      	cmp	r3, r1
1000431a:	d1da      	bne.n	100042d2 <pll_init+0x1a>
1000431c:	6883      	ldr	r3, [r0, #8]
1000431e:	f3c3 030b 	ubfx	r3, r3, #0, #12
10004322:	42b3      	cmp	r3, r6
10004324:	d1d5      	bne.n	100042d2 <pll_init+0x1a>
10004326:	68c3      	ldr	r3, [r0, #12]
10004328:	f403 23ee 	and.w	r3, r3, #487424	@ 0x77000
1000432c:	42ab      	cmp	r3, r5
1000432e:	d1d0      	bne.n	100042d2 <pll_init+0x1a>
10004330:	e7ed      	b.n	1000430e <pll_init+0x56>
10004332:	bf00      	nop
10004334:	00b71b00 	.word	0x00b71b00
10004338:	40058000 	.word	0x40058000
1000433c:	40022000 	.word	0x40022000
10004340:	40020000 	.word	0x40020000

10004344 <tick_start>:
10004344:	2301      	movs	r3, #1
10004346:	eb00 0040 	add.w	r0, r0, r0, lsl #1
1000434a:	0080      	lsls	r0, r0, #2
1000434c:	f100 4080 	add.w	r0, r0, #1073741824	@ 0x40000000
10004350:	f500 1084 	add.w	r0, r0, #1081344	@ 0x108000
10004354:	6041      	str	r1, [r0, #4]
10004356:	6003      	str	r3, [r0, #0]
10004358:	4770      	bx	lr
1000435a:	bf00      	nop

1000435c <rom_func_lookup>:
1000435c:	2300      	movs	r3, #0
1000435e:	8adb      	ldrh	r3, [r3, #22]
10004360:	2200      	movs	r2, #0
10004362:	e842 f200 	tt	r2, r2
10004366:	0252      	lsls	r2, r2, #9
10004368:	d401      	bmi.n	1000436e <rom_func_lookup+0x12>
1000436a:	2110      	movs	r1, #16
1000436c:	4718      	bx	r3
1000436e:	2104      	movs	r1, #4
10004370:	4718      	bx	r3
10004372:	bf00      	nop

10004374 <runtime_init_bootrom_locking_enable>:
10004374:	4a03      	ldr	r2, [pc, #12]	@ (10004384 <runtime_init_bootrom_locking_enable+0x10>)
10004376:	f8d2 3828 	ldr.w	r3, [r2, #2088]	@ 0x828
1000437a:	2b00      	cmp	r3, #0
1000437c:	d0fb      	beq.n	10004376 <runtime_init_bootrom_locking_enable+0x2>
1000437e:	f3bf 8f5f 	dmb	sy
10004382:	4770      	bx	lr
10004384:	400e0000 	.word	0x400e0000

10004388 <runtime_init_boot_locks_reset>:
10004388:	2100      	movs	r1, #0
1000438a:	4b04      	ldr	r3, [pc, #16]	@ (1000439c <runtime_init_boot_locks_reset+0x14>)
1000438c:	4a04      	ldr	r2, [pc, #16]	@ (100043a0 <runtime_init_boot_locks_reset+0x18>)
1000438e:	f3bf 8f5f 	dmb	sy
10004392:	f843 1b04 	str.w	r1, [r3], #4
10004396:	4293      	cmp	r3, r2
10004398:	d1f9      	bne.n	1000438e <runtime_init_boot_locks_reset+0x6>
1000439a:	4770      	bx	lr
1000439c:	400e080c 	.word	0x400e080c
100043a0:	400e082c 	.word	0x400e082c

100043a4 <xosc_init>:
100043a4:	b410      	push	{r4}
100043a6:	202f      	movs	r0, #47	@ 0x2f
100043a8:	f44f 642a 	mov.w	r4, #2720	@ 0xaa0
100043ac:	4a05      	ldr	r2, [pc, #20]	@ (100043c4 <xosc_init+0x20>)
100043ae:	4b06      	ldr	r3, [pc, #24]	@ (100043c8 <xosc_init+0x24>)
100043b0:	4906      	ldr	r1, [pc, #24]	@ (100043cc <xosc_init+0x28>)
100043b2:	6014      	str	r4, [r2, #0]
100043b4:	60d0      	str	r0, [r2, #12]
100043b6:	6019      	str	r1, [r3, #0]
100043b8:	6853      	ldr	r3, [r2, #4]
100043ba:	2b00      	cmp	r3, #0
100043bc:	dafc      	bge.n	100043b8 <xosc_init+0x14>
100043be:	f85d 4b04 	ldr.w	r4, [sp], #4
100043c2:	4770      	bx	lr
100043c4:	40048000 	.word	0x40048000
100043c8:	4004a000 	.word	0x4004a000
100043cc:	00fab000 	.word	0x00fab000

100043d0 <exception_set_exclusive_handler>:
100043d0:	b5f8      	push	{r3, r4, r5, r6, r7, lr}
100043d2:	4604      	mov	r4, r0
100043d4:	460d      	mov	r5, r1
100043d6:	f3ef 8710 	mrs	r7, PRIMASK
100043da:	b672      	cpsid	i
100043dc:	4b0c      	ldr	r3, [pc, #48]	@ (10004410 <exception_set_exclusive_handler+0x40>)
100043de:	689b      	ldr	r3, [r3, #8]
100043e0:	f853 6020 	ldr.w	r6, [r3, r0, lsl #2]
100043e4:	42b1      	cmp	r1, r6
100043e6:	d004      	beq.n	100043f2 <exception_set_exclusive_handler+0x22>
100043e8:	4b0a      	ldr	r3, [pc, #40]	@ (10004414 <exception_set_exclusive_handler+0x44>)
100043ea:	429e      	cmp	r6, r3
100043ec:	d20b      	bcs.n	10004406 <exception_set_exclusive_handler+0x36>
100043ee:	f000 f987 	bl	10004700 <hard_assertion_failure>
100043f2:	4b07      	ldr	r3, [pc, #28]	@ (10004410 <exception_set_exclusive_handler+0x40>)
100043f4:	689b      	ldr	r3, [r3, #8]
100043f6:	f843 5024 	str.w	r5, [r3, r4, lsl #2]
100043fa:	f3bf 8f5f 	dmb	sy
100043fe:	f387 8810 	msr	PRIMASK, r7
10004402:	4630      	mov	r0, r6
10004404:	bdf8      	pop	{r3, r4, r5, r6, r7, pc}
10004406:	4b04      	ldr	r3, [pc, #16]	@ (10004418 <exception_set_exclusive_handler+0x48>)
10004408:	429e      	cmp	r6, r3
1000440a:	d3f2      	bcc.n	100043f2 <exception_set_exclusive_handler+0x22>
1000440c:	e7ef      	b.n	100043ee <exception_set_exclusive_handler+0x1e>
1000440e:	bf00      	nop
10004410:	e000ed00 	.word	0xe000ed00
10004414:	10000110 	.word	0x10000110
10004418:	1000011c 	.word	0x1000011c

1000441c <core1_trampoline>:
1000441c:	bd03      	pop	{r0, r1, pc}
1000441e:	bf00      	nop

10004420 <core1_wrapper>:
10004420:	b510      	push	{r4, lr}
10004422:	4604      	mov	r4, r0
10004424:	f000 f982 	bl	1000472c <runtime_run_per_core_initializers>
10004428:	4623      	mov	r3, r4
1000442a:	e8bd 4010 	ldmia.w	sp!, {r4, lr}
1000442e:	4718      	bx	r3

10004430 <multicore_launch_core1_raw>:
10004430:	b5f0      	push	{r4, r5, r6, r7, lr}
10004432:	4605      	mov	r5, r0
10004434:	b087      	sub	sp, #28
10004436:	2019      	movs	r0, #25
10004438:	4617      	mov	r7, r2
1000443a:	460e      	mov	r6, r1
1000443c:	f7ff f9f6 	bl	1000382c <irq_is_enabled>
10004440:	2100      	movs	r1, #0
10004442:	4604      	mov	r4, r0
10004444:	2019      	movs	r0, #25
10004446:	f7ff f9db 	bl	10003800 <irq_set_enabled>
1000444a:	2100      	movs	r1, #0
1000444c:	e9cd 6504 	strd	r6, r5, [sp, #16]
10004450:	9703      	str	r7, [sp, #12]
10004452:	2600      	movs	r6, #0
10004454:	2700      	movs	r7, #0
10004456:	2201      	movs	r2, #1
10004458:	f04f 4350 	mov.w	r3, #3489660928	@ 0xd0000000
1000445c:	468c      	mov	ip, r1
1000445e:	e9cd 6700 	strd	r6, r7, [sp]
10004462:	9202      	str	r2, [sp, #8]
10004464:	b1b9      	cbz	r1, 10004496 <multicore_launch_core1_raw+0x66>
10004466:	6d1a      	ldr	r2, [r3, #80]	@ 0x50
10004468:	0795      	lsls	r5, r2, #30
1000446a:	d5fc      	bpl.n	10004466 <multicore_launch_core1_raw+0x36>
1000446c:	6559      	str	r1, [r3, #84]	@ 0x54
1000446e:	bf40      	sev
10004470:	6d1a      	ldr	r2, [r3, #80]	@ 0x50
10004472:	07d0      	lsls	r0, r2, #31
10004474:	d403      	bmi.n	1000447e <multicore_launch_core1_raw+0x4e>
10004476:	bf20      	wfe
10004478:	6d1a      	ldr	r2, [r3, #80]	@ 0x50
1000447a:	07d2      	lsls	r2, r2, #31
1000447c:	d5fb      	bpl.n	10004476 <multicore_launch_core1_raw+0x46>
1000447e:	6d9a      	ldr	r2, [r3, #88]	@ 0x58
10004480:	428a      	cmp	r2, r1
10004482:	d00d      	beq.n	100044a0 <multicore_launch_core1_raw+0x70>
10004484:	f04f 0c00 	mov.w	ip, #0
10004488:	aa06      	add	r2, sp, #24
1000448a:	eb02 028c 	add.w	r2, r2, ip, lsl #2
1000448e:	f852 1c18 	ldr.w	r1, [r2, #-24]
10004492:	e7e7      	b.n	10004464 <multicore_launch_core1_raw+0x34>
10004494:	6d9a      	ldr	r2, [r3, #88]	@ 0x58
10004496:	6d1a      	ldr	r2, [r3, #80]	@ 0x50
10004498:	07d6      	lsls	r6, r2, #31
1000449a:	d4fb      	bmi.n	10004494 <multicore_launch_core1_raw+0x64>
1000449c:	bf40      	sev
1000449e:	e7e2      	b.n	10004466 <multicore_launch_core1_raw+0x36>
100044a0:	f10c 0c01 	add.w	ip, ip, #1
100044a4:	f1bc 0f06 	cmp.w	ip, #6
100044a8:	d1ee      	bne.n	10004488 <multicore_launch_core1_raw+0x58>
100044aa:	4621      	mov	r1, r4
100044ac:	2019      	movs	r0, #25
100044ae:	b007      	add	sp, #28
100044b0:	e8bd 40f0 	ldmia.w	sp!, {r4, r5, r6, r7, lr}
100044b4:	f7ff b9a4 	b.w	10003800 <irq_set_enabled>

100044b8 <multicore_launch_core1>:
100044b8:	4b0c      	ldr	r3, [pc, #48]	@ (100044ec <multicore_launch_core1+0x34>)
100044ba:	4a0d      	ldr	r2, [pc, #52]	@ (100044f0 <multicore_launch_core1+0x38>)
100044bc:	4293      	cmp	r3, r2
100044be:	d30e      	bcc.n	100044de <multicore_launch_core1+0x26>
100044c0:	469c      	mov	ip, r3
100044c2:	f203 71f4 	addw	r1, r3, #2036	@ 0x7f4
100044c6:	4a0b      	ldr	r2, [pc, #44]	@ (100044f4 <multicore_launch_core1+0x3c>)
100044c8:	6892      	ldr	r2, [r2, #8]
100044ca:	f8cc 07f4 	str.w	r0, [ip, #2036]	@ 0x7f4
100044ce:	480a      	ldr	r0, [pc, #40]	@ (100044f8 <multicore_launch_core1+0x40>)
100044d0:	f8cc 37f8 	str.w	r3, [ip, #2040]	@ 0x7f8
100044d4:	f8cc 07fc 	str.w	r0, [ip, #2044]	@ 0x7fc
100044d8:	4808      	ldr	r0, [pc, #32]	@ (100044fc <multicore_launch_core1+0x44>)
100044da:	f7ff bfa9 	b.w	10004430 <multicore_launch_core1_raw>
100044de:	f04f 33ff 	mov.w	r3, #4294967295	@ 0xffffffff
100044e2:	f240 71f3 	movw	r1, #2035	@ 0x7f3
100044e6:	469c      	mov	ip, r3
100044e8:	e7ed      	b.n	100044c6 <multicore_launch_core1+0xe>
100044ea:	bf00      	nop
100044ec:	20080800 	.word	0x20080800
100044f0:	20080000 	.word	0x20080000
100044f4:	e000ed00 	.word	0xe000ed00
100044f8:	10004421 	.word	0x10004421
100044fc:	1000441d 	.word	0x1000441d

10004500 <multicore_doorbell_claim_unused>:
10004500:	b570      	push	{r4, r5, r6, lr}
10004502:	4604      	mov	r4, r0
10004504:	460e      	mov	r6, r1
10004506:	f7ff f8a7 	bl	10003658 <hw_claim_lock>
1000450a:	4b39      	ldr	r3, [pc, #228]	@ (100045f0 <multicore_doorbell_claim_unused+0xf0>)
1000450c:	789d      	ldrb	r5, [r3, #2]
1000450e:	f993 2000 	ldrsb.w	r2, [r3]
10004512:	f005 0501 	and.w	r5, r5, #1
10004516:	0fd2      	lsrs	r2, r2, #31
10004518:	ea42 0245 	orr.w	r2, r2, r5, lsl #1
1000451c:	4222      	tst	r2, r4
1000451e:	f893 c000 	ldrb.w	ip, [r3]
10004522:	d04e      	beq.n	100045c2 <multicore_doorbell_claim_unused+0xc2>
10004524:	f993 1001 	ldrsb.w	r1, [r3, #1]
10004528:	f3cc 1280 	ubfx	r2, ip, #6, #1
1000452c:	0fc9      	lsrs	r1, r1, #31
1000452e:	ea42 0241 	orr.w	r2, r2, r1, lsl #1
10004532:	4222      	tst	r2, r4
10004534:	7859      	ldrb	r1, [r3, #1]
10004536:	d033      	beq.n	100045a0 <multicore_doorbell_claim_unused+0xa0>
10004538:	f3c1 1580 	ubfx	r5, r1, #6, #1
1000453c:	f3cc 1240 	ubfx	r2, ip, #5, #1
10004540:	ea42 0245 	orr.w	r2, r2, r5, lsl #1
10004544:	4222      	tst	r2, r4
10004546:	d042      	beq.n	100045ce <multicore_doorbell_claim_unused+0xce>
10004548:	f3c1 1540 	ubfx	r5, r1, #5, #1
1000454c:	f3cc 1200 	ubfx	r2, ip, #4, #1
10004550:	ea42 0245 	orr.w	r2, r2, r5, lsl #1
10004554:	4222      	tst	r2, r4
10004556:	d03d      	beq.n	100045d4 <multicore_doorbell_claim_unused+0xd4>
10004558:	f3c1 1500 	ubfx	r5, r1, #4, #1
1000455c:	f3cc 02c0 	ubfx	r2, ip, #3, #1
10004560:	ea42 0245 	orr.w	r2, r2, r5, lsl #1
10004564:	4222      	tst	r2, r4
10004566:	d02f      	beq.n	100045c8 <multicore_doorbell_claim_unused+0xc8>
10004568:	f3c1 05c0 	ubfx	r5, r1, #3, #1
1000456c:	f3cc 0280 	ubfx	r2, ip, #2, #1
10004570:	ea42 0245 	orr.w	r2, r2, r5, lsl #1
10004574:	4222      	tst	r2, r4
10004576:	d030      	beq.n	100045da <multicore_doorbell_claim_unused+0xda>
10004578:	f3c1 0580 	ubfx	r5, r1, #2, #1
1000457c:	f3cc 0240 	ubfx	r2, ip, #1, #1
10004580:	ea42 0245 	orr.w	r2, r2, r5, lsl #1
10004584:	4222      	tst	r2, r4
10004586:	d02e      	beq.n	100045e6 <multicore_doorbell_claim_unused+0xe6>
10004588:	f001 0202 	and.w	r2, r1, #2
1000458c:	f00c 0101 	and.w	r1, ip, #1
10004590:	430a      	orrs	r2, r1
10004592:	ea12 0504 	ands.w	r5, r2, r4
10004596:	d029      	beq.n	100045ec <multicore_doorbell_claim_unused+0xec>
10004598:	b316      	cbz	r6, 100045e0 <multicore_doorbell_claim_unused+0xe0>
1000459a:	4816      	ldr	r0, [pc, #88]	@ (100045f4 <multicore_doorbell_claim_unused+0xf4>)
1000459c:	f7fb fee4 	bl	10000368 <panic>
100045a0:	2140      	movs	r1, #64	@ 0x40
100045a2:	2506      	movs	r5, #6
100045a4:	07e6      	lsls	r6, r4, #31
100045a6:	bf44      	itt	mi
100045a8:	ea4c 0c01 	orrmi.w	ip, ip, r1
100045ac:	f883 c000 	strbmi.w	ip, [r3]
100045b0:	07a2      	lsls	r2, r4, #30
100045b2:	d502      	bpl.n	100045ba <multicore_doorbell_claim_unused+0xba>
100045b4:	785a      	ldrb	r2, [r3, #1]
100045b6:	430a      	orrs	r2, r1
100045b8:	705a      	strb	r2, [r3, #1]
100045ba:	f7ff f85f 	bl	1000367c <hw_claim_unlock>
100045be:	4628      	mov	r0, r5
100045c0:	bd70      	pop	{r4, r5, r6, pc}
100045c2:	2180      	movs	r1, #128	@ 0x80
100045c4:	2507      	movs	r5, #7
100045c6:	e7ed      	b.n	100045a4 <multicore_doorbell_claim_unused+0xa4>
100045c8:	2108      	movs	r1, #8
100045ca:	2503      	movs	r5, #3
100045cc:	e7ea      	b.n	100045a4 <multicore_doorbell_claim_unused+0xa4>
100045ce:	2120      	movs	r1, #32
100045d0:	2505      	movs	r5, #5
100045d2:	e7e7      	b.n	100045a4 <multicore_doorbell_claim_unused+0xa4>
100045d4:	2110      	movs	r1, #16
100045d6:	2504      	movs	r5, #4
100045d8:	e7e4      	b.n	100045a4 <multicore_doorbell_claim_unused+0xa4>
100045da:	2104      	movs	r1, #4
100045dc:	2502      	movs	r5, #2
100045de:	e7e1      	b.n	100045a4 <multicore_doorbell_claim_unused+0xa4>
100045e0:	f06f 0508 	mvn.w	r5, #8
100045e4:	e7e9      	b.n	100045ba <multicore_doorbell_claim_unused+0xba>
100045e6:	2102      	movs	r1, #2
100045e8:	2501      	movs	r5, #1
100045ea:	e7db      	b.n	100045a4 <multicore_doorbell_claim_unused+0xa4>
100045ec:	2101      	movs	r1, #1
100045ee:	e7d9      	b.n	100045a4 <multicore_doorbell_claim_unused+0xa4>
100045f0:	20000868 	.word	0x20000868
100045f4:	100050e4 	.word	0x100050e4

100045f8 <uart_init>:
100045f8:	b5f8      	push	{r3, r4, r5, r6, r7, lr}
100045fa:	4605      	mov	r5, r0
100045fc:	2006      	movs	r0, #6
100045fe:	460e      	mov	r6, r1
10004600:	f7ff f824 	bl	1000364c <clock_get_hz>
10004604:	2800      	cmp	r0, #0
10004606:	d042      	beq.n	1000468e <uart_init+0x96>
10004608:	4a35      	ldr	r2, [pc, #212]	@ (100046e0 <uart_init+0xe8>)
1000460a:	4836      	ldr	r0, [pc, #216]	@ (100046e4 <uart_init+0xec>)
1000460c:	4295      	cmp	r5, r2
1000460e:	bf0c      	ite	eq
10004610:	f04f 6200 	moveq.w	r2, #134217728	@ 0x8000000
10004614:	f04f 6280 	movne.w	r2, #67108864	@ 0x4000000
10004618:	4b33      	ldr	r3, [pc, #204]	@ (100046e8 <uart_init+0xf0>)
1000461a:	4934      	ldr	r1, [pc, #208]	@ (100046ec <uart_init+0xf4>)
1000461c:	6002      	str	r2, [r0, #0]
1000461e:	601a      	str	r2, [r3, #0]
10004620:	688c      	ldr	r4, [r1, #8]
10004622:	ea32 0404 	bics.w	r4, r2, r4
10004626:	d1fb      	bne.n	10004620 <uart_init+0x28>
10004628:	4b2d      	ldr	r3, [pc, #180]	@ (100046e0 <uart_init+0xe8>)
1000462a:	f44f 7180 	mov.w	r1, #256	@ 0x100
1000462e:	1aeb      	subs	r3, r5, r3
10004630:	fab3 f383 	clz	r3, r3
10004634:	4a2e      	ldr	r2, [pc, #184]	@ (100046f0 <uart_init+0xf8>)
10004636:	095b      	lsrs	r3, r3, #5
10004638:	2006      	movs	r0, #6
1000463a:	f822 1013 	strh.w	r1, [r2, r3, lsl #1]
1000463e:	f7ff f805 	bl	1000364c <clock_get_hz>
10004642:	00c3      	lsls	r3, r0, #3
10004644:	fbb3 f3f6 	udiv	r3, r3, r6
10004648:	3301      	adds	r3, #1
1000464a:	09da      	lsrs	r2, r3, #7
1000464c:	d120      	bne.n	10004690 <uart_init+0x98>
1000464e:	2640      	movs	r6, #64	@ 0x40
10004650:	2101      	movs	r1, #1
10004652:	6269      	str	r1, [r5, #36]	@ 0x24
10004654:	62aa      	str	r2, [r5, #40]	@ 0x28
10004656:	6b2f      	ldr	r7, [r5, #48]	@ 0x30
10004658:	07fb      	lsls	r3, r7, #31
1000465a:	d422      	bmi.n	100046a2 <uart_init+0xaa>
1000465c:	462b      	mov	r3, r5
1000465e:	2200      	movs	r2, #0
10004660:	f853 1f2c 	ldr.w	r1, [r3, #44]!
10004664:	2006      	movs	r0, #6
10004666:	f503 5480 	add.w	r4, r3, #4096	@ 0x1000
1000466a:	6022      	str	r2, [r4, #0]
1000466c:	632f      	str	r7, [r5, #48]	@ 0x30
1000466e:	f7fe ffed 	bl	1000364c <clock_get_hz>
10004672:	6aeb      	ldr	r3, [r5, #44]	@ 0x2c
10004674:	f240 3201 	movw	r2, #769	@ 0x301
10004678:	f083 0370 	eor.w	r3, r3, #112	@ 0x70
1000467c:	f003 037e 	and.w	r3, r3, #126	@ 0x7e
10004680:	6023      	str	r3, [r4, #0]
10004682:	0080      	lsls	r0, r0, #2
10004684:	2303      	movs	r3, #3
10004686:	fbb0 f0f6 	udiv	r0, r0, r6
1000468a:	632a      	str	r2, [r5, #48]	@ 0x30
1000468c:	64ab      	str	r3, [r5, #72]	@ 0x48
1000468e:	bdf8      	pop	{r3, r4, r5, r6, r7, pc}
10004690:	f64f 71fe 	movw	r1, #65534	@ 0xfffe
10004694:	428a      	cmp	r2, r1
10004696:	d91b      	bls.n	100046d0 <uart_init+0xd8>
10004698:	4622      	mov	r2, r4
1000469a:	f64f 71ff 	movw	r1, #65535	@ 0xffff
1000469e:	4e15      	ldr	r6, [pc, #84]	@ (100046f4 <uart_init+0xfc>)
100046a0:	e7d7      	b.n	10004652 <uart_init+0x5a>
100046a2:	f240 3201 	movw	r2, #769	@ 0x301
100046a6:	f505 5340 	add.w	r3, r5, #12288	@ 0x3000
100046aa:	631a      	str	r2, [r3, #48]	@ 0x30
100046ac:	6a6b      	ldr	r3, [r5, #36]	@ 0x24
100046ae:	6aac      	ldr	r4, [r5, #40]	@ 0x28
100046b0:	2006      	movs	r0, #6
100046b2:	eb04 1483 	add.w	r4, r4, r3, lsl #6
100046b6:	f7fe ffc9 	bl	1000364c <clock_get_hz>
100046ba:	4b0f      	ldr	r3, [pc, #60]	@ (100046f8 <uart_init+0x100>)
100046bc:	02a4      	lsls	r4, r4, #10
100046be:	fba3 2300 	umull	r2, r3, r3, r0
100046c2:	0adb      	lsrs	r3, r3, #11
100046c4:	2100      	movs	r1, #0
100046c6:	fbb4 f0f3 	udiv	r0, r4, r3
100046ca:	f7ff fdc7 	bl	1000425c <busy_wait_us>
100046ce:	e7c5      	b.n	1000465c <uart_init+0x64>
100046d0:	f3c3 0345 	ubfx	r3, r3, #1, #6
100046d4:	4611      	mov	r1, r2
100046d6:	eb03 1682 	add.w	r6, r3, r2, lsl #6
100046da:	461a      	mov	r2, r3
100046dc:	e7b9      	b.n	10004652 <uart_init+0x5a>
100046de:	bf00      	nop
100046e0:	40078000 	.word	0x40078000
100046e4:	40022000 	.word	0x40022000
100046e8:	40023000 	.word	0x40023000
100046ec:	40020000 	.word	0x40020000
100046f0:	20000b38 	.word	0x20000b38
100046f4:	003fffc0 	.word	0x003fffc0
100046f8:	8f2b7b75 	.word	0x8f2b7b75

100046fc <first_per_core_initializer>:
100046fc:	4770      	bx	lr
100046fe:	bf00      	nop

10004700 <hard_assertion_failure>:
10004700:	b508      	push	{r3, lr}
10004702:	4801      	ldr	r0, [pc, #4]	@ (10004708 <hard_assertion_failure+0x8>)
10004704:	f7fb fe30 	bl	10000368 <panic>
10004708:	100050f8 	.word	0x100050f8

1000470c <runtime_run_initializers>:
1000470c:	b538      	push	{r3, r4, r5, lr}
1000470e:	4c05      	ldr	r4, [pc, #20]	@ (10004724 <runtime_run_initializers+0x18>)
10004710:	4d05      	ldr	r5, [pc, #20]	@ (10004728 <runtime_run_initializers+0x1c>)
10004712:	42ac      	cmp	r4, r5
10004714:	d204      	bcs.n	10004720 <runtime_run_initializers+0x14>
10004716:	f854 3b04 	ldr.w	r3, [r4], #4
1000471a:	4798      	blx	r3
1000471c:	42ac      	cmp	r4, r5
1000471e:	d3fa      	bcc.n	10004716 <runtime_run_initializers+0xa>
10004720:	bd38      	pop	{r3, r4, r5, pc}
10004722:	bf00      	nop
10004724:	10005008 	.word	0x10005008
10004728:	10005048 	.word	0x10005048

1000472c <runtime_run_per_core_initializers>:
1000472c:	b538      	push	{r3, r4, r5, lr}
1000472e:	4c05      	ldr	r4, [pc, #20]	@ (10004744 <runtime_run_per_core_initializers+0x18>)
10004730:	4d05      	ldr	r5, [pc, #20]	@ (10004748 <runtime_run_per_core_initializers+0x1c>)
10004732:	42ac      	cmp	r4, r5
10004734:	d204      	bcs.n	10004740 <runtime_run_per_core_initializers+0x14>
10004736:	f854 3b04 	ldr.w	r3, [r4], #4
1000473a:	4798      	blx	r3
1000473c:	42ac      	cmp	r4, r5
1000473e:	d3fa      	bcc.n	10004736 <runtime_run_per_core_initializers+0xa>
10004740:	bd38      	pop	{r3, r4, r5, pc}
10004742:	bf00      	nop
10004744:	10005034 	.word	0x10005034
10004748:	10005048 	.word	0x10005048

1000474c <runtime_init_early_resets>:
1000474c:	b410      	push	{r4}
1000474e:	4807      	ldr	r0, [pc, #28]	@ (1000476c <runtime_init_early_resets+0x20>)
10004750:	4c07      	ldr	r4, [pc, #28]	@ (10004770 <runtime_init_early_resets+0x24>)
10004752:	4b08      	ldr	r3, [pc, #32]	@ (10004774 <runtime_init_early_resets+0x28>)
10004754:	4a08      	ldr	r2, [pc, #32]	@ (10004778 <runtime_init_early_resets+0x2c>)
10004756:	4909      	ldr	r1, [pc, #36]	@ (1000477c <runtime_init_early_resets+0x30>)
10004758:	6004      	str	r4, [r0, #0]
1000475a:	601a      	str	r2, [r3, #0]
1000475c:	688b      	ldr	r3, [r1, #8]
1000475e:	ea32 0303 	bics.w	r3, r2, r3
10004762:	d1fb      	bne.n	1000475c <runtime_init_early_resets+0x10>
10004764:	f85d 4b04 	ldr.w	r4, [sp], #4
10004768:	4770      	bx	lr
1000476a:	bf00      	nop
1000476c:	40022000 	.word	0x40022000
10004770:	efef3b7f 	.word	0xefef3b7f
10004774:	40023000 	.word	0x40023000
10004778:	03f3fff6 	.word	0x03f3fff6
1000477c:	40020000 	.word	0x40020000

10004780 <runtime_init_usb_power_down>:
10004780:	4b04      	ldr	r3, [pc, #16]	@ (10004794 <runtime_init_usb_power_down+0x14>)
10004782:	6cdb      	ldr	r3, [r3, #76]	@ 0x4c
10004784:	f5b3 4f00 	cmp.w	r3, #32768	@ 0x8000
10004788:	d103      	bne.n	10004792 <runtime_init_usb_power_down+0x12>
1000478a:	f44f 2280 	mov.w	r2, #262144	@ 0x40000
1000478e:	4b02      	ldr	r3, [pc, #8]	@ (10004798 <runtime_init_usb_power_down+0x18>)
10004790:	64da      	str	r2, [r3, #76]	@ 0x4c
10004792:	4770      	bx	lr
10004794:	50110000 	.word	0x50110000
10004798:	50112000 	.word	0x50112000

1000479c <runtime_init_per_core_enable_coprocessors>:
1000479c:	f04f 22e0 	mov.w	r2, #3758153728	@ 0xe000e000
100047a0:	4b04      	ldr	r3, [pc, #16]	@ (100047b4 <runtime_init_per_core_enable_coprocessors+0x18>)
100047a2:	f8d2 1d88 	ldr.w	r1, [r2, #3464]	@ 0xd88
100047a6:	430b      	orrs	r3, r1
100047a8:	f8c2 3d88 	str.w	r3, [r2, #3464]	@ 0xd88
100047ac:	ee10 0430 	dcp_rcmp r0
100047b0:	4770      	bx	lr
100047b2:	bf00      	nop
100047b4:	00300303 	.word	0x00300303

100047b8 <runtime_init_post_clock_resets>:
100047b8:	f06f 4160 	mvn.w	r1, #3758096384	@ 0xe0000000
100047bc:	4b04      	ldr	r3, [pc, #16]	@ (100047d0 <runtime_init_post_clock_resets+0x18>)
100047be:	4a05      	ldr	r2, [pc, #20]	@ (100047d4 <runtime_init_post_clock_resets+0x1c>)
100047c0:	6019      	str	r1, [r3, #0]
100047c2:	6893      	ldr	r3, [r2, #8]
100047c4:	43db      	mvns	r3, r3
100047c6:	f033 4360 	bics.w	r3, r3, #3758096384	@ 0xe0000000
100047ca:	d1fa      	bne.n	100047c2 <runtime_init_post_clock_resets+0xa>
100047cc:	4770      	bx	lr
100047ce:	bf00      	nop
100047d0:	40023000 	.word	0x40023000
100047d4:	40020000 	.word	0x40020000

100047d8 <runtime_init_bootrom_reset>:
100047d8:	b510      	push	{r4, lr}
100047da:	f245 2053 	movw	r0, #21075	@ 0x5253
100047de:	f7ff fdbd 	bl	1000435c <rom_func_lookup>
100047e2:	e8bd 4010 	ldmia.w	sp!, {r4, lr}
100047e6:	4603      	mov	r3, r0
100047e8:	2004      	movs	r0, #4
100047ea:	4718      	bx	r3

100047ec <runtime_init_per_core_bootrom_reset>:
100047ec:	b510      	push	{r4, lr}
100047ee:	f245 2053 	movw	r0, #21075	@ 0x5253
100047f2:	f7ff fdb3 	bl	1000435c <rom_func_lookup>
100047f6:	e8bd 4010 	ldmia.w	sp!, {r4, lr}
100047fa:	4603      	mov	r3, r0
100047fc:	2001      	movs	r0, #1
100047fe:	4718      	bx	r3

10004800 <runtime_init_spin_locks_reset>:
10004800:	f7fe bf90 	b.w	10003724 <spin_locks_reset>

10004804 <runtime_init_install_ram_vector_table>:
10004804:	b510      	push	{r4, lr}
10004806:	4b05      	ldr	r3, [pc, #20]	@ (1000481c <runtime_init_install_ram_vector_table+0x18>)
10004808:	4c05      	ldr	r4, [pc, #20]	@ (10004820 <runtime_init_install_ram_vector_table+0x1c>)
1000480a:	f44f 7288 	mov.w	r2, #272	@ 0x110
1000480e:	4618      	mov	r0, r3
10004810:	68a1      	ldr	r1, [r4, #8]
10004812:	f000 faf1 	bl	10004df8 <memcpy>
10004816:	60a0      	str	r0, [r4, #8]
10004818:	bd10      	pop	{r4, pc}
1000481a:	bf00      	nop
1000481c:	20000000 	.word	0x20000000
10004820:	e000ed00 	.word	0xe000ed00

10004824 <runtime_init_clocks>:
10004824:	2300      	movs	r3, #0
10004826:	b5f0      	push	{r4, r5, r6, r7, lr}
10004828:	4c2b      	ldr	r4, [pc, #172]	@ (100048d8 <runtime_init_clocks+0xb4>)
1000482a:	b083      	sub	sp, #12
1000482c:	f8c4 3084 	str.w	r3, [r4, #132]	@ 0x84
10004830:	f7ff fdb8 	bl	100043a4 <xosc_init>
10004834:	2201      	movs	r2, #1
10004836:	4b29      	ldr	r3, [pc, #164]	@ (100048dc <runtime_init_clocks+0xb8>)
10004838:	63da      	str	r2, [r3, #60]	@ 0x3c
1000483a:	6c63      	ldr	r3, [r4, #68]	@ 0x44
1000483c:	2b01      	cmp	r3, #1
1000483e:	d1fc      	bne.n	1000483a <runtime_init_clocks+0x16>
10004840:	2103      	movs	r1, #3
10004842:	4a26      	ldr	r2, [pc, #152]	@ (100048dc <runtime_init_clocks+0xb8>)
10004844:	4b24      	ldr	r3, [pc, #144]	@ (100048d8 <runtime_init_clocks+0xb4>)
10004846:	6311      	str	r1, [r2, #48]	@ 0x30
10004848:	6b9d      	ldr	r5, [r3, #56]	@ 0x38
1000484a:	2d01      	cmp	r5, #1
1000484c:	d1fc      	bne.n	10004848 <runtime_init_clocks+0x24>
1000484e:	2305      	movs	r3, #5
10004850:	2702      	movs	r7, #2
10004852:	461e      	mov	r6, r3
10004854:	2400      	movs	r4, #0
10004856:	4629      	mov	r1, r5
10004858:	4a21      	ldr	r2, [pc, #132]	@ (100048e0 <runtime_init_clocks+0xbc>)
1000485a:	4822      	ldr	r0, [pc, #136]	@ (100048e4 <runtime_init_clocks+0xc0>)
1000485c:	9700      	str	r7, [sp, #0]
1000485e:	f7ff fd2b 	bl	100042b8 <pll_init>
10004862:	4629      	mov	r1, r5
10004864:	4633      	mov	r3, r6
10004866:	4a20      	ldr	r2, [pc, #128]	@ (100048e8 <runtime_init_clocks+0xc4>)
10004868:	4820      	ldr	r0, [pc, #128]	@ (100048ec <runtime_init_clocks+0xc8>)
1000486a:	9600      	str	r6, [sp, #0]
1000486c:	f7ff fd24 	bl	100042b8 <pll_init>
10004870:	4639      	mov	r1, r7
10004872:	4622      	mov	r2, r4
10004874:	2004      	movs	r0, #4
10004876:	4b1e      	ldr	r3, [pc, #120]	@ (100048f0 <runtime_init_clocks+0xcc>)
10004878:	f7fe fe80 	bl	1000357c <clock_configure_undivided>
1000487c:	4629      	mov	r1, r5
1000487e:	4622      	mov	r2, r4
10004880:	4630      	mov	r0, r6
10004882:	4b1c      	ldr	r3, [pc, #112]	@ (100048f4 <runtime_init_clocks+0xd0>)
10004884:	f7fe fe7a 	bl	1000357c <clock_configure_undivided>
10004888:	4622      	mov	r2, r4
1000488a:	2008      	movs	r0, #8
1000488c:	4621      	mov	r1, r4
1000488e:	4b1a      	ldr	r3, [pc, #104]	@ (100048f8 <runtime_init_clocks+0xd4>)
10004890:	f7fe fe74 	bl	1000357c <clock_configure_undivided>
10004894:	4622      	mov	r2, r4
10004896:	2009      	movs	r0, #9
10004898:	4621      	mov	r1, r4
1000489a:	4b17      	ldr	r3, [pc, #92]	@ (100048f8 <runtime_init_clocks+0xd4>)
1000489c:	f7fe fe6e 	bl	1000357c <clock_configure_undivided>
100048a0:	4622      	mov	r2, r4
100048a2:	2006      	movs	r0, #6
100048a4:	4621      	mov	r1, r4
100048a6:	4b13      	ldr	r3, [pc, #76]	@ (100048f4 <runtime_init_clocks+0xd0>)
100048a8:	f7fe fe68 	bl	1000357c <clock_configure_undivided>
100048ac:	4b11      	ldr	r3, [pc, #68]	@ (100048f4 <runtime_init_clocks+0xd0>)
100048ae:	4622      	mov	r2, r4
100048b0:	2007      	movs	r0, #7
100048b2:	4621      	mov	r1, r4
100048b4:	f7fe fe62 	bl	1000357c <clock_configure_undivided>
100048b8:	2004      	movs	r0, #4
100048ba:	f7fe fec7 	bl	1000364c <clock_get_hz>
100048be:	4b0f      	ldr	r3, [pc, #60]	@ (100048fc <runtime_init_clocks+0xd8>)
100048c0:	fba3 3500 	umull	r3, r5, r3, r0
100048c4:	0cad      	lsrs	r5, r5, #18
100048c6:	b2e0      	uxtb	r0, r4
100048c8:	4629      	mov	r1, r5
100048ca:	3401      	adds	r4, #1
100048cc:	f7ff fd3a 	bl	10004344 <tick_start>
100048d0:	2c06      	cmp	r4, #6
100048d2:	d1f8      	bne.n	100048c6 <runtime_init_clocks+0xa2>
100048d4:	b003      	add	sp, #12
100048d6:	bdf0      	pop	{r4, r5, r6, r7, pc}
100048d8:	40010000 	.word	0x40010000
100048dc:	40013000 	.word	0x40013000
100048e0:	59682f00 	.word	0x59682f00
100048e4:	40050000 	.word	0x40050000
100048e8:	47868c00 	.word	0x47868c00
100048ec:	40058000 	.word	0x40058000
100048f0:	00b71b00 	.word	0x00b71b00
100048f4:	08f0d180 	.word	0x08f0d180
100048f8:	02dc6c00 	.word	0x02dc6c00
100048fc:	431bde83 	.word	0x431bde83

10004900 <_out_char>:
10004900:	b900      	cbnz	r0, 10004904 <_out_char+0x4>
10004902:	4770      	bx	lr
10004904:	f000 b922 	b.w	10004b4c <__wrap_putchar>

10004908 <weak_raw_vprintf>:
10004908:	b510      	push	{r4, lr}
1000490a:	4b09      	ldr	r3, [pc, #36]	@ (10004930 <weak_raw_vprintf+0x28>)
1000490c:	b084      	sub	sp, #16
1000490e:	681c      	ldr	r4, [r3, #0]
10004910:	b14c      	cbz	r4, 10004926 <weak_raw_vprintf+0x1e>
10004912:	4603      	mov	r3, r0
10004914:	9100      	str	r1, [sp, #0]
10004916:	f04f 32ff 	mov.w	r2, #4294967295	@ 0xffffffff
1000491a:	a903      	add	r1, sp, #12
1000491c:	4805      	ldr	r0, [pc, #20]	@ (10004934 <weak_raw_vprintf+0x2c>)
1000491e:	47a0      	blx	r4
10004920:	2001      	movs	r0, #1
10004922:	b004      	add	sp, #16
10004924:	bd10      	pop	{r4, pc}
10004926:	f000 f953 	bl	10004bd0 <__wrap_puts>
1000492a:	4620      	mov	r0, r4
1000492c:	b004      	add	sp, #16
1000492e:	bd10      	pop	{r4, pc}
10004930:	20000874 	.word	0x20000874
10004934:	10004901 	.word	0x10004901

10004938 <_exit>:
10004938:	be00      	bkpt	0x0000
1000493a:	e7fd      	b.n	10004938 <_exit>

1000493c <exit>:
1000493c:	b508      	push	{r3, lr}
1000493e:	f7ff fffb 	bl	10004938 <_exit>
10004942:	bf00      	nop

10004944 <runtime_init>:
10004944:	b538      	push	{r3, r4, r5, lr}
10004946:	4d06      	ldr	r5, [pc, #24]	@ (10004960 <runtime_init+0x1c>)
10004948:	4c06      	ldr	r4, [pc, #24]	@ (10004964 <runtime_init+0x20>)
1000494a:	f7ff fedf 	bl	1000470c <runtime_run_initializers>
1000494e:	42ac      	cmp	r4, r5
10004950:	d204      	bcs.n	1000495c <runtime_init+0x18>
10004952:	f854 3b04 	ldr.w	r3, [r4], #4
10004956:	4798      	blx	r3
10004958:	42ac      	cmp	r4, r5
1000495a:	d3fa      	bcc.n	10004952 <runtime_init+0xe>
1000495c:	bd38      	pop	{r3, r4, r5, pc}
1000495e:	bf00      	nop
10004960:	10005050 	.word	0x10005050
10004964:	10005048 	.word	0x10005048

10004968 <stdio_out_chars_no_crlf>:
10004968:	6803      	ldr	r3, [r0, #0]
1000496a:	4608      	mov	r0, r1
1000496c:	4611      	mov	r1, r2
1000496e:	4718      	bx	r3

10004970 <stdio_out_chars_crlf>:
10004970:	e92d 4ff0 	stmdb	sp!, {r4, r5, r6, r7, r8, r9, sl, fp, lr}
10004974:	7d43      	ldrb	r3, [r0, #21]
10004976:	4682      	mov	sl, r0
10004978:	4688      	mov	r8, r1
1000497a:	4617      	mov	r7, r2
1000497c:	b081      	sub	sp, #4
1000497e:	2b00      	cmp	r3, #0
10004980:	d047      	beq.n	10004a12 <stdio_out_chars_crlf+0xa2>
10004982:	2a00      	cmp	r2, #0
10004984:	dd24      	ble.n	100049d0 <stdio_out_chars_crlf+0x60>
10004986:	2400      	movs	r4, #0
10004988:	2501      	movs	r5, #1
1000498a:	4620      	mov	r0, r4
1000498c:	f8df 9094 	ldr.w	r9, [pc, #148]	@ 10004a24 <stdio_out_chars_crlf+0xb4>
10004990:	1e4e      	subs	r6, r1, #1
10004992:	b304      	cbz	r4, 100049d6 <stdio_out_chars_crlf+0x66>
10004994:	7873      	ldrb	r3, [r6, #1]
10004996:	f106 0b01 	add.w	fp, r6, #1
1000499a:	2b0a      	cmp	r3, #10
1000499c:	d026      	beq.n	100049ec <stdio_out_chars_crlf+0x7c>
1000499e:	462b      	mov	r3, r5
100049a0:	465e      	mov	r6, fp
100049a2:	42bb      	cmp	r3, r7
100049a4:	f104 0401 	add.w	r4, r4, #1
100049a8:	f105 0501 	add.w	r5, r5, #1
100049ac:	dbf1      	blt.n	10004992 <stdio_out_chars_crlf+0x22>
100049ae:	4287      	cmp	r7, r0
100049b0:	dd04      	ble.n	100049bc <stdio_out_chars_crlf+0x4c>
100049b2:	1a39      	subs	r1, r7, r0
100049b4:	f8da 3000 	ldr.w	r3, [sl]
100049b8:	4440      	add	r0, r8
100049ba:	4798      	blx	r3
100049bc:	44b8      	add	r8, r7
100049be:	f818 3c01 	ldrb.w	r3, [r8, #-1]
100049c2:	f1a3 030d 	sub.w	r3, r3, #13
100049c6:	fab3 f383 	clz	r3, r3
100049ca:	095b      	lsrs	r3, r3, #5
100049cc:	f88a 3014 	strb.w	r3, [sl, #20]
100049d0:	b001      	add	sp, #4
100049d2:	e8bd 8ff0 	ldmia.w	sp!, {r4, r5, r6, r7, r8, r9, sl, fp, pc}
100049d6:	7873      	ldrb	r3, [r6, #1]
100049d8:	f106 0b01 	add.w	fp, r6, #1
100049dc:	2b0a      	cmp	r3, #10
100049de:	d1de      	bne.n	1000499e <stdio_out_chars_crlf+0x2e>
100049e0:	f89a 3014 	ldrb.w	r3, [sl, #20]
100049e4:	b163      	cbz	r3, 10004a00 <stdio_out_chars_crlf+0x90>
100049e6:	465e      	mov	r6, fp
100049e8:	462b      	mov	r3, r5
100049ea:	e7da      	b.n	100049a2 <stdio_out_chars_crlf+0x32>
100049ec:	7833      	ldrb	r3, [r6, #0]
100049ee:	2b0d      	cmp	r3, #13
100049f0:	d0f9      	beq.n	100049e6 <stdio_out_chars_crlf+0x76>
100049f2:	42a0      	cmp	r0, r4
100049f4:	da04      	bge.n	10004a00 <stdio_out_chars_crlf+0x90>
100049f6:	1a21      	subs	r1, r4, r0
100049f8:	f8da 3000 	ldr.w	r3, [sl]
100049fc:	4440      	add	r0, r8
100049fe:	4798      	blx	r3
10004a00:	4648      	mov	r0, r9
10004a02:	f8da 3000 	ldr.w	r3, [sl]
10004a06:	2102      	movs	r1, #2
10004a08:	4798      	blx	r3
10004a0a:	465e      	mov	r6, fp
10004a0c:	4628      	mov	r0, r5
10004a0e:	462b      	mov	r3, r5
10004a10:	e7c7      	b.n	100049a2 <stdio_out_chars_crlf+0x32>
10004a12:	4611      	mov	r1, r2
10004a14:	4640      	mov	r0, r8
10004a16:	f8da 3000 	ldr.w	r3, [sl]
10004a1a:	b001      	add	sp, #4
10004a1c:	e8bd 4ff0 	ldmia.w	sp!, {r4, r5, r6, r7, r8, r9, sl, fp, lr}
10004a20:	4718      	bx	r3
10004a22:	bf00      	nop
10004a24:	10005198 	.word	0x10005198

10004a28 <stdio_put_string>:
10004a28:	e92d 47f0 	stmdb	sp!, {r4, r5, r6, r7, r8, r9, sl, lr}
10004a2c:	b082      	sub	sp, #8
10004a2e:	460d      	mov	r5, r1
10004a30:	4692      	mov	sl, r2
10004a32:	4699      	mov	r9, r3
10004a34:	4607      	mov	r7, r0
10004a36:	f7ff fc07 	bl	10004248 <time_us_64>
10004a3a:	f04f 36ff 	mov.w	r6, #4294967295	@ 0xffffffff
10004a3e:	f06f 4400 	mvn.w	r4, #2147483648	@ 0x80000000
10004a42:	4a2f      	ldr	r2, [pc, #188]	@ (10004b00 <stdio_put_string+0xd8>)
10004a44:	1882      	adds	r2, r0, r2
10004a46:	f141 0300 	adc.w	r3, r1, #0
10004a4a:	4296      	cmp	r6, r2
10004a4c:	eb74 0103 	sbcs.w	r1, r4, r3
10004a50:	bf3c      	itt	cc
10004a52:	4632      	movcc	r2, r6
10004a54:	4623      	movcc	r3, r4
10004a56:	482b      	ldr	r0, [pc, #172]	@ (10004b04 <stdio_put_string+0xdc>)
10004a58:	f000 fad2 	bl	10005000 <__mutex_try_enter_block_until_veneer>
10004a5c:	1c6b      	adds	r3, r5, #1
10004a5e:	4680      	mov	r8, r0
10004a60:	d103      	bne.n	10004a6a <stdio_put_string+0x42>
10004a62:	4638      	mov	r0, r7
10004a64:	f000 fa92 	bl	10004f8c <strlen>
10004a68:	4605      	mov	r5, r0
10004a6a:	4b27      	ldr	r3, [pc, #156]	@ (10004b08 <stdio_put_string+0xe0>)
10004a6c:	4e27      	ldr	r6, [pc, #156]	@ (10004b0c <stdio_put_string+0xe4>)
10004a6e:	681c      	ldr	r4, [r3, #0]
10004a70:	4b27      	ldr	r3, [pc, #156]	@ (10004b10 <stdio_put_string+0xe8>)
10004a72:	f1b9 0f00 	cmp.w	r9, #0
10004a76:	bf18      	it	ne
10004a78:	461e      	movne	r6, r3
10004a7a:	b1b4      	cbz	r4, 10004aaa <stdio_put_string+0x82>
10004a7c:	f1ba 0f00 	cmp.w	sl, #0
10004a80:	d11a      	bne.n	10004ab8 <stdio_put_string+0x90>
10004a82:	f8df 9090 	ldr.w	r9, [pc, #144]	@ 10004b14 <stdio_put_string+0xec>
10004a86:	e001      	b.n	10004a8c <stdio_put_string+0x64>
10004a88:	6924      	ldr	r4, [r4, #16]
10004a8a:	b174      	cbz	r4, 10004aaa <stdio_put_string+0x82>
10004a8c:	6823      	ldr	r3, [r4, #0]
10004a8e:	2b00      	cmp	r3, #0
10004a90:	d0fa      	beq.n	10004a88 <stdio_put_string+0x60>
10004a92:	f8d9 3000 	ldr.w	r3, [r9]
10004a96:	b10b      	cbz	r3, 10004a9c <stdio_put_string+0x74>
10004a98:	42a3      	cmp	r3, r4
10004a9a:	d1f5      	bne.n	10004a88 <stdio_put_string+0x60>
10004a9c:	4620      	mov	r0, r4
10004a9e:	462a      	mov	r2, r5
10004aa0:	4639      	mov	r1, r7
10004aa2:	47b0      	blx	r6
10004aa4:	6924      	ldr	r4, [r4, #16]
10004aa6:	2c00      	cmp	r4, #0
10004aa8:	d1f0      	bne.n	10004a8c <stdio_put_string+0x64>
10004aaa:	f1b8 0f00 	cmp.w	r8, #0
10004aae:	d11f      	bne.n	10004af0 <stdio_put_string+0xc8>
10004ab0:	4628      	mov	r0, r5
10004ab2:	b002      	add	sp, #8
10004ab4:	e8bd 87f0 	ldmia.w	sp!, {r4, r5, r6, r7, r8, r9, sl, pc}
10004ab8:	f04f 0a0a 	mov.w	sl, #10
10004abc:	f8df 9054 	ldr.w	r9, [pc, #84]	@ 10004b14 <stdio_put_string+0xec>
10004ac0:	e002      	b.n	10004ac8 <stdio_put_string+0xa0>
10004ac2:	6924      	ldr	r4, [r4, #16]
10004ac4:	2c00      	cmp	r4, #0
10004ac6:	d0f0      	beq.n	10004aaa <stdio_put_string+0x82>
10004ac8:	6823      	ldr	r3, [r4, #0]
10004aca:	2b00      	cmp	r3, #0
10004acc:	d0f9      	beq.n	10004ac2 <stdio_put_string+0x9a>
10004ace:	f8d9 3000 	ldr.w	r3, [r9]
10004ad2:	b10b      	cbz	r3, 10004ad8 <stdio_put_string+0xb0>
10004ad4:	42a3      	cmp	r3, r4
10004ad6:	d1f4      	bne.n	10004ac2 <stdio_put_string+0x9a>
10004ad8:	4620      	mov	r0, r4
10004ada:	462a      	mov	r2, r5
10004adc:	4639      	mov	r1, r7
10004ade:	47b0      	blx	r6
10004ae0:	4620      	mov	r0, r4
10004ae2:	2201      	movs	r2, #1
10004ae4:	f10d 0107 	add.w	r1, sp, #7
10004ae8:	f88d a007 	strb.w	sl, [sp, #7]
10004aec:	47b0      	blx	r6
10004aee:	e7e8      	b.n	10004ac2 <stdio_put_string+0x9a>
10004af0:	4804      	ldr	r0, [pc, #16]	@ (10004b04 <stdio_put_string+0xdc>)
10004af2:	f000 fa7d 	bl	10004ff0 <__mutex_exit_veneer>
10004af6:	4628      	mov	r0, r5
10004af8:	b002      	add	sp, #8
10004afa:	e8bd 87f0 	ldmia.w	sp!, {r4, r5, r6, r7, r8, r9, sl, pc}
10004afe:	bf00      	nop
10004b00:	000f4240 	.word	0x000f4240
10004b04:	20000624 	.word	0x20000624
10004b08:	2000086c 	.word	0x2000086c
10004b0c:	10004969 	.word	0x10004969
10004b10:	10004971 	.word	0x10004971
10004b14:	20000870 	.word	0x20000870

10004b18 <stdio_set_driver_enabled>:
10004b18:	4a08      	ldr	r2, [pc, #32]	@ (10004b3c <stdio_set_driver_enabled+0x24>)
10004b1a:	6813      	ldr	r3, [r2, #0]
10004b1c:	b923      	cbnz	r3, 10004b28 <stdio_set_driver_enabled+0x10>
10004b1e:	e00a      	b.n	10004b36 <stdio_set_driver_enabled+0x1e>
10004b20:	f103 0210 	add.w	r2, r3, #16
10004b24:	691b      	ldr	r3, [r3, #16]
10004b26:	b133      	cbz	r3, 10004b36 <stdio_set_driver_enabled+0x1e>
10004b28:	4298      	cmp	r0, r3
10004b2a:	d1f9      	bne.n	10004b20 <stdio_set_driver_enabled+0x8>
10004b2c:	b929      	cbnz	r1, 10004b3a <stdio_set_driver_enabled+0x22>
10004b2e:	6903      	ldr	r3, [r0, #16]
10004b30:	6013      	str	r3, [r2, #0]
10004b32:	6101      	str	r1, [r0, #16]
10004b34:	4770      	bx	lr
10004b36:	b101      	cbz	r1, 10004b3a <stdio_set_driver_enabled+0x22>
10004b38:	6010      	str	r0, [r2, #0]
10004b3a:	4770      	bx	lr
10004b3c:	2000086c 	.word	0x2000086c

10004b40 <stdio_init_all>:
10004b40:	b508      	push	{r3, lr}
10004b42:	f000 f92f 	bl	10004da4 <stdio_uart_init>
10004b46:	2001      	movs	r0, #1
10004b48:	bd08      	pop	{r3, pc}
10004b4a:	bf00      	nop

10004b4c <__wrap_putchar>:
10004b4c:	b5f0      	push	{r4, r5, r6, r7, lr}
10004b4e:	b083      	sub	sp, #12
10004b50:	4606      	mov	r6, r0
10004b52:	f88d 0007 	strb.w	r0, [sp, #7]
10004b56:	f7ff fb77 	bl	10004248 <time_us_64>
10004b5a:	f04f 35ff 	mov.w	r5, #4294967295	@ 0xffffffff
10004b5e:	f06f 4400 	mvn.w	r4, #2147483648	@ 0x80000000
10004b62:	4a17      	ldr	r2, [pc, #92]	@ (10004bc0 <__wrap_putchar+0x74>)
10004b64:	1882      	adds	r2, r0, r2
10004b66:	f141 0300 	adc.w	r3, r1, #0
10004b6a:	4295      	cmp	r5, r2
10004b6c:	eb74 0103 	sbcs.w	r1, r4, r3
10004b70:	bf3c      	itt	cc
10004b72:	4623      	movcc	r3, r4
10004b74:	462a      	movcc	r2, r5
10004b76:	4813      	ldr	r0, [pc, #76]	@ (10004bc4 <__wrap_putchar+0x78>)
10004b78:	f000 fa42 	bl	10005000 <__mutex_try_enter_block_until_veneer>
10004b7c:	4b12      	ldr	r3, [pc, #72]	@ (10004bc8 <__wrap_putchar+0x7c>)
10004b7e:	4607      	mov	r7, r0
10004b80:	681c      	ldr	r4, [r3, #0]
10004b82:	b19c      	cbz	r4, 10004bac <__wrap_putchar+0x60>
10004b84:	4d11      	ldr	r5, [pc, #68]	@ (10004bcc <__wrap_putchar+0x80>)
10004b86:	e001      	b.n	10004b8c <__wrap_putchar+0x40>
10004b88:	6924      	ldr	r4, [r4, #16]
10004b8a:	b17c      	cbz	r4, 10004bac <__wrap_putchar+0x60>
10004b8c:	6823      	ldr	r3, [r4, #0]
10004b8e:	2b00      	cmp	r3, #0
10004b90:	d0fa      	beq.n	10004b88 <__wrap_putchar+0x3c>
10004b92:	682b      	ldr	r3, [r5, #0]
10004b94:	b10b      	cbz	r3, 10004b9a <__wrap_putchar+0x4e>
10004b96:	42a3      	cmp	r3, r4
10004b98:	d1f6      	bne.n	10004b88 <__wrap_putchar+0x3c>
10004b9a:	4620      	mov	r0, r4
10004b9c:	2201      	movs	r2, #1
10004b9e:	f10d 0107 	add.w	r1, sp, #7
10004ba2:	f7ff fee5 	bl	10004970 <stdio_out_chars_crlf>
10004ba6:	6924      	ldr	r4, [r4, #16]
10004ba8:	2c00      	cmp	r4, #0
10004baa:	d1ef      	bne.n	10004b8c <__wrap_putchar+0x40>
10004bac:	b917      	cbnz	r7, 10004bb4 <__wrap_putchar+0x68>
10004bae:	4630      	mov	r0, r6
10004bb0:	b003      	add	sp, #12
10004bb2:	bdf0      	pop	{r4, r5, r6, r7, pc}
10004bb4:	4803      	ldr	r0, [pc, #12]	@ (10004bc4 <__wrap_putchar+0x78>)
10004bb6:	f000 fa1b 	bl	10004ff0 <__mutex_exit_veneer>
10004bba:	4630      	mov	r0, r6
10004bbc:	b003      	add	sp, #12
10004bbe:	bdf0      	pop	{r4, r5, r6, r7, pc}
10004bc0:	000f4240 	.word	0x000f4240
10004bc4:	20000624 	.word	0x20000624
10004bc8:	2000086c 	.word	0x2000086c
10004bcc:	20000870 	.word	0x20000870

10004bd0 <__wrap_puts>:
10004bd0:	b538      	push	{r3, r4, r5, lr}
10004bd2:	4604      	mov	r4, r0
10004bd4:	f000 f9da 	bl	10004f8c <strlen>
10004bd8:	2301      	movs	r3, #1
10004bda:	4605      	mov	r5, r0
10004bdc:	461a      	mov	r2, r3
10004bde:	4620      	mov	r0, r4
10004be0:	4629      	mov	r1, r5
10004be2:	f7ff ff21 	bl	10004a28 <stdio_put_string>
10004be6:	4b08      	ldr	r3, [pc, #32]	@ (10004c08 <__wrap_puts+0x38>)
10004be8:	681c      	ldr	r4, [r3, #0]
10004bea:	b12c      	cbz	r4, 10004bf8 <__wrap_puts+0x28>
10004bec:	6863      	ldr	r3, [r4, #4]
10004bee:	b12b      	cbz	r3, 10004bfc <__wrap_puts+0x2c>
10004bf0:	4798      	blx	r3
10004bf2:	6924      	ldr	r4, [r4, #16]
10004bf4:	2c00      	cmp	r4, #0
10004bf6:	d1f9      	bne.n	10004bec <__wrap_puts+0x1c>
10004bf8:	4628      	mov	r0, r5
10004bfa:	bd38      	pop	{r3, r4, r5, pc}
10004bfc:	6924      	ldr	r4, [r4, #16]
10004bfe:	2c00      	cmp	r4, #0
10004c00:	d1f4      	bne.n	10004bec <__wrap_puts+0x1c>
10004c02:	4628      	mov	r0, r5
10004c04:	bd38      	pop	{r3, r4, r5, pc}
10004c06:	bf00      	nop
10004c08:	2000086c 	.word	0x2000086c

10004c0c <stdio_uart_out_chars>:
10004c0c:	f1b1 0c00 	subs.w	ip, r1, #0
10004c10:	dd1d      	ble.n	10004c4e <stdio_uart_out_chars+0x42>
10004c12:	4a0f      	ldr	r2, [pc, #60]	@ (10004c50 <stdio_uart_out_chars+0x44>)
10004c14:	4b0f      	ldr	r3, [pc, #60]	@ (10004c54 <stdio_uart_out_chars+0x48>)
10004c16:	6812      	ldr	r2, [r2, #0]
10004c18:	b530      	push	{r4, r5, lr}
10004c1a:	1ad3      	subs	r3, r2, r3
10004c1c:	fab3 f383 	clz	r3, r3
10004c20:	240d      	movs	r4, #13
10004c22:	4d0d      	ldr	r5, [pc, #52]	@ (10004c58 <stdio_uart_out_chars+0x4c>)
10004c24:	095b      	lsrs	r3, r3, #5
10004c26:	1e41      	subs	r1, r0, #1
10004c28:	f935 e013 	ldrsh.w	lr, [r5, r3, lsl #1]
10004c2c:	448c      	add	ip, r1
10004c2e:	f811 0f01 	ldrb.w	r0, [r1, #1]!
10004c32:	4586      	cmp	lr, r0
10004c34:	d006      	beq.n	10004c44 <stdio_uart_out_chars+0x38>
10004c36:	6993      	ldr	r3, [r2, #24]
10004c38:	069b      	lsls	r3, r3, #26
10004c3a:	d4fc      	bmi.n	10004c36 <stdio_uart_out_chars+0x2a>
10004c3c:	4561      	cmp	r1, ip
10004c3e:	6010      	str	r0, [r2, #0]
10004c40:	d1f5      	bne.n	10004c2e <stdio_uart_out_chars+0x22>
10004c42:	bd30      	pop	{r4, r5, pc}
10004c44:	6993      	ldr	r3, [r2, #24]
10004c46:	069d      	lsls	r5, r3, #26
10004c48:	d4fc      	bmi.n	10004c44 <stdio_uart_out_chars+0x38>
10004c4a:	6014      	str	r4, [r2, #0]
10004c4c:	e7f3      	b.n	10004c36 <stdio_uart_out_chars+0x2a>
10004c4e:	4770      	bx	lr
10004c50:	20000b3c 	.word	0x20000b3c
10004c54:	40078000 	.word	0x40078000
10004c58:	20000b38 	.word	0x20000b38

10004c5c <stdio_uart_in_chars>:
10004c5c:	f1b1 0c00 	subs.w	ip, r1, #0
10004c60:	4603      	mov	r3, r0
10004c62:	dd2d      	ble.n	10004cc0 <stdio_uart_in_chars+0x64>
10004c64:	2000      	movs	r0, #0
10004c66:	4a1f      	ldr	r2, [pc, #124]	@ (10004ce4 <stdio_uart_in_chars+0x88>)
10004c68:	1e59      	subs	r1, r3, #1
10004c6a:	6812      	ldr	r2, [r2, #0]
10004c6c:	6993      	ldr	r3, [r2, #24]
10004c6e:	06db      	lsls	r3, r3, #27
10004c70:	d417      	bmi.n	10004ca2 <stdio_uart_in_chars+0x46>
10004c72:	3001      	adds	r0, #1
10004c74:	6993      	ldr	r3, [r2, #24]
10004c76:	06db      	lsls	r3, r3, #27
10004c78:	d4fc      	bmi.n	10004c74 <stdio_uart_in_chars+0x18>
10004c7a:	6813      	ldr	r3, [r2, #0]
10004c7c:	4584      	cmp	ip, r0
10004c7e:	f801 3f01 	strb.w	r3, [r1, #1]!
10004c82:	d1f3      	bne.n	10004c6c <stdio_uart_in_chars+0x10>
10004c84:	4b18      	ldr	r3, [pc, #96]	@ (10004ce8 <stdio_uart_in_chars+0x8c>)
10004c86:	681b      	ldr	r3, [r3, #0]
10004c88:	b14b      	cbz	r3, 10004c9e <stdio_uart_in_chars+0x42>
10004c8a:	2150      	movs	r1, #80	@ 0x50
10004c8c:	4613      	mov	r3, r2
10004c8e:	6391      	str	r1, [r2, #56]	@ 0x38
10004c90:	f853 2f34 	ldr.w	r2, [r3, #52]!
10004c94:	f002 0238 	and.w	r2, r2, #56	@ 0x38
10004c98:	f503 5380 	add.w	r3, r3, #4096	@ 0x1000
10004c9c:	601a      	str	r2, [r3, #0]
10004c9e:	4660      	mov	r0, ip
10004ca0:	4770      	bx	lr
10004ca2:	4b11      	ldr	r3, [pc, #68]	@ (10004ce8 <stdio_uart_in_chars+0x8c>)
10004ca4:	681b      	ldr	r3, [r3, #0]
10004ca6:	b14b      	cbz	r3, 10004cbc <stdio_uart_in_chars+0x60>
10004ca8:	2150      	movs	r1, #80	@ 0x50
10004caa:	4613      	mov	r3, r2
10004cac:	6391      	str	r1, [r2, #56]	@ 0x38
10004cae:	f853 2f34 	ldr.w	r2, [r3, #52]!
10004cb2:	f002 0238 	and.w	r2, r2, #56	@ 0x38
10004cb6:	f503 5380 	add.w	r3, r3, #4096	@ 0x1000
10004cba:	601a      	str	r2, [r3, #0]
10004cbc:	b178      	cbz	r0, 10004cde <stdio_uart_in_chars+0x82>
10004cbe:	4770      	bx	lr
10004cc0:	4b09      	ldr	r3, [pc, #36]	@ (10004ce8 <stdio_uart_in_chars+0x8c>)
10004cc2:	681b      	ldr	r3, [r3, #0]
10004cc4:	b15b      	cbz	r3, 10004cde <stdio_uart_in_chars+0x82>
10004cc6:	4b07      	ldr	r3, [pc, #28]	@ (10004ce4 <stdio_uart_in_chars+0x88>)
10004cc8:	2150      	movs	r1, #80	@ 0x50
10004cca:	681a      	ldr	r2, [r3, #0]
10004ccc:	4613      	mov	r3, r2
10004cce:	6391      	str	r1, [r2, #56]	@ 0x38
10004cd0:	f853 2f34 	ldr.w	r2, [r3, #52]!
10004cd4:	f002 0238 	and.w	r2, r2, #56	@ 0x38
10004cd8:	f503 5380 	add.w	r3, r3, #4096	@ 0x1000
10004cdc:	601a      	str	r2, [r3, #0]
10004cde:	f06f 0002 	mvn.w	r0, #2
10004ce2:	4770      	bx	lr
10004ce4:	20000b3c 	.word	0x20000b3c
10004ce8:	2000082c 	.word	0x2000082c

10004cec <on_uart_rx>:
10004cec:	4b05      	ldr	r3, [pc, #20]	@ (10004d04 <on_uart_rx+0x18>)
10004cee:	681b      	ldr	r3, [r3, #0]
10004cf0:	b133      	cbz	r3, 10004d00 <on_uart_rx+0x14>
10004cf2:	2100      	movs	r1, #0
10004cf4:	4a04      	ldr	r2, [pc, #16]	@ (10004d08 <on_uart_rx+0x1c>)
10004cf6:	4805      	ldr	r0, [pc, #20]	@ (10004d0c <on_uart_rx+0x20>)
10004cf8:	6812      	ldr	r2, [r2, #0]
10004cfa:	6800      	ldr	r0, [r0, #0]
10004cfc:	6391      	str	r1, [r2, #56]	@ 0x38
10004cfe:	4718      	bx	r3
10004d00:	4770      	bx	lr
10004d02:	bf00      	nop
10004d04:	2000082c 	.word	0x2000082c
10004d08:	20000b3c 	.word	0x20000b3c
10004d0c:	20000830 	.word	0x20000830

10004d10 <stdio_uart_out_flush>:
10004d10:	4b02      	ldr	r3, [pc, #8]	@ (10004d1c <stdio_uart_out_flush+0xc>)
10004d12:	681a      	ldr	r2, [r3, #0]
10004d14:	6993      	ldr	r3, [r2, #24]
10004d16:	071b      	lsls	r3, r3, #28
10004d18:	d4fc      	bmi.n	10004d14 <stdio_uart_out_flush+0x4>
10004d1a:	4770      	bx	lr
10004d1c:	20000b3c 	.word	0x20000b3c

10004d20 <stdio_uart_set_chars_available_callback>:
10004d20:	b570      	push	{r4, r5, r6, lr}
10004d22:	4e1b      	ldr	r6, [pc, #108]	@ (10004d90 <stdio_uart_set_chars_available_callback+0x70>)
10004d24:	4d1b      	ldr	r5, [pc, #108]	@ (10004d94 <stdio_uart_set_chars_available_callback+0x74>)
10004d26:	6832      	ldr	r2, [r6, #0]
10004d28:	4604      	mov	r4, r0
10004d2a:	42aa      	cmp	r2, r5
10004d2c:	bf0c      	ite	eq
10004d2e:	2522      	moveq	r5, #34	@ 0x22
10004d30:	2521      	movne	r5, #33	@ 0x21
10004d32:	b120      	cbz	r0, 10004d3e <stdio_uart_set_chars_available_callback+0x1e>
10004d34:	4a18      	ldr	r2, [pc, #96]	@ (10004d98 <stdio_uart_set_chars_available_callback+0x78>)
10004d36:	460b      	mov	r3, r1
10004d38:	6811      	ldr	r1, [r2, #0]
10004d3a:	b189      	cbz	r1, 10004d60 <stdio_uart_set_chars_available_callback+0x40>
10004d3c:	bd70      	pop	{r4, r5, r6, pc}
10004d3e:	4e16      	ldr	r6, [pc, #88]	@ (10004d98 <stdio_uart_set_chars_available_callback+0x78>)
10004d40:	6833      	ldr	r3, [r6, #0]
10004d42:	2b00      	cmp	r3, #0
10004d44:	d0fa      	beq.n	10004d3c <stdio_uart_set_chars_available_callback+0x1c>
10004d46:	4601      	mov	r1, r0
10004d48:	6390      	str	r0, [r2, #56]	@ 0x38
10004d4a:	4628      	mov	r0, r5
10004d4c:	f7fe fd58 	bl	10003800 <irq_set_enabled>
10004d50:	4628      	mov	r0, r5
10004d52:	4912      	ldr	r1, [pc, #72]	@ (10004d9c <stdio_uart_set_chars_available_callback+0x7c>)
10004d54:	f7fe fdaa 	bl	100038ac <irq_remove_handler>
10004d58:	4b11      	ldr	r3, [pc, #68]	@ (10004da0 <stdio_uart_set_chars_available_callback+0x80>)
10004d5a:	6034      	str	r4, [r6, #0]
10004d5c:	601c      	str	r4, [r3, #0]
10004d5e:	bd70      	pop	{r4, r5, r6, pc}
10004d60:	6010      	str	r0, [r2, #0]
10004d62:	4a0f      	ldr	r2, [pc, #60]	@ (10004da0 <stdio_uart_set_chars_available_callback+0x80>)
10004d64:	4628      	mov	r0, r5
10004d66:	490d      	ldr	r1, [pc, #52]	@ (10004d9c <stdio_uart_set_chars_available_callback+0x7c>)
10004d68:	6013      	str	r3, [r2, #0]
10004d6a:	f7fe fd6f 	bl	1000384c <irq_set_exclusive_handler>
10004d6e:	2101      	movs	r1, #1
10004d70:	4628      	mov	r0, r5
10004d72:	f7fe fd45 	bl	10003800 <irq_set_enabled>
10004d76:	6832      	ldr	r2, [r6, #0]
10004d78:	2150      	movs	r1, #80	@ 0x50
10004d7a:	4613      	mov	r3, r2
10004d7c:	6391      	str	r1, [r2, #56]	@ 0x38
10004d7e:	f853 2f34 	ldr.w	r2, [r3, #52]!
10004d82:	f002 0238 	and.w	r2, r2, #56	@ 0x38
10004d86:	f503 5380 	add.w	r3, r3, #4096	@ 0x1000
10004d8a:	601a      	str	r2, [r3, #0]
10004d8c:	bd70      	pop	{r4, r5, r6, pc}
10004d8e:	bf00      	nop
10004d90:	20000b3c 	.word	0x20000b3c
10004d94:	40078000 	.word	0x40078000
10004d98:	2000082c 	.word	0x2000082c
10004d9c:	10004ced 	.word	0x10004ced
10004da0:	20000830 	.word	0x20000830

10004da4 <stdio_uart_init>:
10004da4:	b510      	push	{r4, lr}
10004da6:	490e      	ldr	r1, [pc, #56]	@ (10004de0 <stdio_uart_init+0x3c>)
10004da8:	4c0e      	ldr	r4, [pc, #56]	@ (10004de4 <stdio_uart_init+0x40>)
10004daa:	480f      	ldr	r0, [pc, #60]	@ (10004de8 <stdio_uart_init+0x44>)
10004dac:	4a0f      	ldr	r2, [pc, #60]	@ (10004dec <stdio_uart_init+0x48>)
10004dae:	4b10      	ldr	r3, [pc, #64]	@ (10004df0 <stdio_uart_init+0x4c>)
10004db0:	7800      	ldrb	r0, [r0, #0]
10004db2:	6021      	str	r1, [r4, #0]
10004db4:	2000      	movs	r0, #0
10004db6:	2102      	movs	r1, #2
10004db8:	7812      	ldrb	r2, [r2, #0]
10004dba:	781b      	ldrb	r3, [r3, #0]
10004dbc:	f7fe fcbe 	bl	1000373c <gpio_set_function>
10004dc0:	2102      	movs	r1, #2
10004dc2:	2001      	movs	r0, #1
10004dc4:	f7fe fcba 	bl	1000373c <gpio_set_function>
10004dc8:	f44f 31e1 	mov.w	r1, #115200	@ 0x1c200
10004dcc:	6820      	ldr	r0, [r4, #0]
10004dce:	f7ff fc13 	bl	100045f8 <uart_init>
10004dd2:	e8bd 4010 	ldmia.w	sp!, {r4, lr}
10004dd6:	2101      	movs	r1, #1
10004dd8:	4806      	ldr	r0, [pc, #24]	@ (10004df4 <stdio_uart_init+0x50>)
10004dda:	f7ff be9d 	b.w	10004b18 <stdio_set_driver_enabled>
10004dde:	bf00      	nop
10004de0:	40070000 	.word	0x40070000
10004de4:	20000b3c 	.word	0x20000b3c
10004de8:	10005210 	.word	0x10005210
10004dec:	1000520c 	.word	0x1000520c
10004df0:	10005208 	.word	0x10005208
10004df4:	20000604 	.word	0x20000604

10004df8 <memcpy>:
10004df8:	4684      	mov	ip, r0
10004dfa:	ea41 0300 	orr.w	r3, r1, r0
10004dfe:	f013 0303 	ands.w	r3, r3, #3
10004e02:	d149      	bne.n	10004e98 <memcpy+0xa0>
10004e04:	3a40      	subs	r2, #64	@ 0x40
10004e06:	d323      	bcc.n	10004e50 <memcpy+0x58>
10004e08:	680b      	ldr	r3, [r1, #0]
10004e0a:	6003      	str	r3, [r0, #0]
10004e0c:	684b      	ldr	r3, [r1, #4]
10004e0e:	6043      	str	r3, [r0, #4]
10004e10:	688b      	ldr	r3, [r1, #8]
10004e12:	6083      	str	r3, [r0, #8]
10004e14:	68cb      	ldr	r3, [r1, #12]
10004e16:	60c3      	str	r3, [r0, #12]
10004e18:	690b      	ldr	r3, [r1, #16]
10004e1a:	6103      	str	r3, [r0, #16]
10004e1c:	694b      	ldr	r3, [r1, #20]
10004e1e:	6143      	str	r3, [r0, #20]
10004e20:	698b      	ldr	r3, [r1, #24]
10004e22:	6183      	str	r3, [r0, #24]
10004e24:	69cb      	ldr	r3, [r1, #28]
10004e26:	61c3      	str	r3, [r0, #28]
10004e28:	6a0b      	ldr	r3, [r1, #32]
10004e2a:	6203      	str	r3, [r0, #32]
10004e2c:	6a4b      	ldr	r3, [r1, #36]	@ 0x24
10004e2e:	6243      	str	r3, [r0, #36]	@ 0x24
10004e30:	6a8b      	ldr	r3, [r1, #40]	@ 0x28
10004e32:	6283      	str	r3, [r0, #40]	@ 0x28
10004e34:	6acb      	ldr	r3, [r1, #44]	@ 0x2c
10004e36:	62c3      	str	r3, [r0, #44]	@ 0x2c
10004e38:	6b0b      	ldr	r3, [r1, #48]	@ 0x30
10004e3a:	6303      	str	r3, [r0, #48]	@ 0x30
10004e3c:	6b4b      	ldr	r3, [r1, #52]	@ 0x34
10004e3e:	6343      	str	r3, [r0, #52]	@ 0x34
10004e40:	6b8b      	ldr	r3, [r1, #56]	@ 0x38
10004e42:	6383      	str	r3, [r0, #56]	@ 0x38
10004e44:	6bcb      	ldr	r3, [r1, #60]	@ 0x3c
10004e46:	63c3      	str	r3, [r0, #60]	@ 0x3c
10004e48:	3040      	adds	r0, #64	@ 0x40
10004e4a:	3140      	adds	r1, #64	@ 0x40
10004e4c:	3a40      	subs	r2, #64	@ 0x40
10004e4e:	d2db      	bcs.n	10004e08 <memcpy+0x10>
10004e50:	3230      	adds	r2, #48	@ 0x30
10004e52:	d30b      	bcc.n	10004e6c <memcpy+0x74>
10004e54:	680b      	ldr	r3, [r1, #0]
10004e56:	6003      	str	r3, [r0, #0]
10004e58:	684b      	ldr	r3, [r1, #4]
10004e5a:	6043      	str	r3, [r0, #4]
10004e5c:	688b      	ldr	r3, [r1, #8]
10004e5e:	6083      	str	r3, [r0, #8]
10004e60:	68cb      	ldr	r3, [r1, #12]
10004e62:	60c3      	str	r3, [r0, #12]
10004e64:	3010      	adds	r0, #16
10004e66:	3110      	adds	r1, #16
10004e68:	3a10      	subs	r2, #16
10004e6a:	d2f3      	bcs.n	10004e54 <memcpy+0x5c>
10004e6c:	320c      	adds	r2, #12
10004e6e:	d305      	bcc.n	10004e7c <memcpy+0x84>
10004e70:	f851 3b04 	ldr.w	r3, [r1], #4
10004e74:	f840 3b04 	str.w	r3, [r0], #4
10004e78:	3a04      	subs	r2, #4
10004e7a:	d2f9      	bcs.n	10004e70 <memcpy+0x78>
10004e7c:	3204      	adds	r2, #4
10004e7e:	d008      	beq.n	10004e92 <memcpy+0x9a>
10004e80:	07d2      	lsls	r2, r2, #31
10004e82:	bf1c      	itt	ne
10004e84:	f811 3b01 	ldrbne.w	r3, [r1], #1
10004e88:	f800 3b01 	strbne.w	r3, [r0], #1
10004e8c:	d301      	bcc.n	10004e92 <memcpy+0x9a>
10004e8e:	880b      	ldrh	r3, [r1, #0]
10004e90:	8003      	strh	r3, [r0, #0]
10004e92:	4660      	mov	r0, ip
10004e94:	4770      	bx	lr
10004e96:	bf00      	nop
10004e98:	2a08      	cmp	r2, #8
10004e9a:	d313      	bcc.n	10004ec4 <memcpy+0xcc>
10004e9c:	078b      	lsls	r3, r1, #30
10004e9e:	d0b1      	beq.n	10004e04 <memcpy+0xc>
10004ea0:	f010 0303 	ands.w	r3, r0, #3
10004ea4:	d0ae      	beq.n	10004e04 <memcpy+0xc>
10004ea6:	f1c3 0304 	rsb	r3, r3, #4
10004eaa:	1ad2      	subs	r2, r2, r3
10004eac:	07db      	lsls	r3, r3, #31
10004eae:	bf1c      	itt	ne
10004eb0:	f811 3b01 	ldrbne.w	r3, [r1], #1
10004eb4:	f800 3b01 	strbne.w	r3, [r0], #1
10004eb8:	d3a4      	bcc.n	10004e04 <memcpy+0xc>
10004eba:	f831 3b02 	ldrh.w	r3, [r1], #2
10004ebe:	f820 3b02 	strh.w	r3, [r0], #2
10004ec2:	e79f      	b.n	10004e04 <memcpy+0xc>
10004ec4:	3a04      	subs	r2, #4
10004ec6:	d3d9      	bcc.n	10004e7c <memcpy+0x84>
10004ec8:	3a01      	subs	r2, #1
10004eca:	f811 3b01 	ldrb.w	r3, [r1], #1
10004ece:	f800 3b01 	strb.w	r3, [r0], #1
10004ed2:	d2f9      	bcs.n	10004ec8 <memcpy+0xd0>
10004ed4:	780b      	ldrb	r3, [r1, #0]
10004ed6:	7003      	strb	r3, [r0, #0]
10004ed8:	784b      	ldrb	r3, [r1, #1]
10004eda:	7043      	strb	r3, [r0, #1]
10004edc:	788b      	ldrb	r3, [r1, #2]
10004ede:	7083      	strb	r3, [r0, #2]
10004ee0:	4660      	mov	r0, ip
10004ee2:	4770      	bx	lr

10004ee4 <memset>:
10004ee4:	b570      	push	{r4, r5, r6, lr}
10004ee6:	0786      	lsls	r6, r0, #30
10004ee8:	d04a      	beq.n	10004f80 <memset+0x9c>
10004eea:	1e54      	subs	r4, r2, #1
10004eec:	2a00      	cmp	r2, #0
10004eee:	d041      	beq.n	10004f74 <memset+0x90>
10004ef0:	b2ca      	uxtb	r2, r1
10004ef2:	4603      	mov	r3, r0
10004ef4:	e001      	b.n	10004efa <memset+0x16>
10004ef6:	3c01      	subs	r4, #1
10004ef8:	d33c      	bcc.n	10004f74 <memset+0x90>
10004efa:	f803 2b01 	strb.w	r2, [r3], #1
10004efe:	079d      	lsls	r5, r3, #30
10004f00:	d1f9      	bne.n	10004ef6 <memset+0x12>
10004f02:	2c03      	cmp	r4, #3
10004f04:	d92f      	bls.n	10004f66 <memset+0x82>
10004f06:	b2cd      	uxtb	r5, r1
10004f08:	2c0f      	cmp	r4, #15
10004f0a:	eb05 2505 	add.w	r5, r5, r5, lsl #8
10004f0e:	eb05 4505 	add.w	r5, r5, r5, lsl #16
10004f12:	d938      	bls.n	10004f86 <memset+0xa2>
10004f14:	f1a4 0c10 	sub.w	ip, r4, #16
10004f18:	f103 0e10 	add.w	lr, r3, #16
10004f1c:	461a      	mov	r2, r3
10004f1e:	f02c 060f 	bic.w	r6, ip, #15
10004f22:	ea4f 1c1c 	mov.w	ip, ip, lsr #4
10004f26:	44b6      	add	lr, r6
10004f28:	6015      	str	r5, [r2, #0]
10004f2a:	3210      	adds	r2, #16
10004f2c:	f842 5c0c 	str.w	r5, [r2, #-12]
10004f30:	f842 5c08 	str.w	r5, [r2, #-8]
10004f34:	f842 5c04 	str.w	r5, [r2, #-4]
10004f38:	4572      	cmp	r2, lr
10004f3a:	d1f5      	bne.n	10004f28 <memset+0x44>
10004f3c:	f10c 0201 	add.w	r2, ip, #1
10004f40:	f014 0f0c 	tst.w	r4, #12
10004f44:	f004 0c0f 	and.w	ip, r4, #15
10004f48:	eb03 1202 	add.w	r2, r3, r2, lsl #4
10004f4c:	d013      	beq.n	10004f76 <memset+0x92>
10004f4e:	f1ac 0304 	sub.w	r3, ip, #4
10004f52:	f023 0303 	bic.w	r3, r3, #3
10004f56:	3304      	adds	r3, #4
10004f58:	4413      	add	r3, r2
10004f5a:	f842 5b04 	str.w	r5, [r2], #4
10004f5e:	429a      	cmp	r2, r3
10004f60:	d1fb      	bne.n	10004f5a <memset+0x76>
10004f62:	f00c 0403 	and.w	r4, ip, #3
10004f66:	b12c      	cbz	r4, 10004f74 <memset+0x90>
10004f68:	b2c9      	uxtb	r1, r1
10004f6a:	441c      	add	r4, r3
10004f6c:	f803 1b01 	strb.w	r1, [r3], #1
10004f70:	429c      	cmp	r4, r3
10004f72:	d1fb      	bne.n	10004f6c <memset+0x88>
10004f74:	bd70      	pop	{r4, r5, r6, pc}
10004f76:	4664      	mov	r4, ip
10004f78:	4613      	mov	r3, r2
10004f7a:	2c00      	cmp	r4, #0
10004f7c:	d1f4      	bne.n	10004f68 <memset+0x84>
10004f7e:	e7f9      	b.n	10004f74 <memset+0x90>
10004f80:	4603      	mov	r3, r0
10004f82:	4614      	mov	r4, r2
10004f84:	e7bd      	b.n	10004f02 <memset+0x1e>
10004f86:	461a      	mov	r2, r3
10004f88:	46a4      	mov	ip, r4
10004f8a:	e7e0      	b.n	10004f4e <memset+0x6a>

10004f8c <strlen>:
10004f8c:	f020 0103 	bic.w	r1, r0, #3
10004f90:	f010 0003 	ands.w	r0, r0, #3
10004f94:	f1c0 0000 	rsb	r0, r0, #0
10004f98:	f851 3b04 	ldr.w	r3, [r1], #4
10004f9c:	f100 0c04 	add.w	ip, r0, #4
10004fa0:	ea4f 0ccc 	mov.w	ip, ip, lsl #3
10004fa4:	f06f 0200 	mvn.w	r2, #0
10004fa8:	bf1c      	itt	ne
10004faa:	fa22 f20c 	lsrne.w	r2, r2, ip
10004fae:	4313      	orrne	r3, r2
10004fb0:	f04f 0c01 	mov.w	ip, #1
10004fb4:	ea4c 2c0c 	orr.w	ip, ip, ip, lsl #8
10004fb8:	ea4c 4c0c 	orr.w	ip, ip, ip, lsl #16
10004fbc:	eba3 020c 	sub.w	r2, r3, ip
10004fc0:	ea22 0203 	bic.w	r2, r2, r3
10004fc4:	ea12 12cc 	ands.w	r2, r2, ip, lsl #7
10004fc8:	bf04      	itt	eq
10004fca:	f851 3b04 	ldreq.w	r3, [r1], #4
10004fce:	3004      	addeq	r0, #4
10004fd0:	d0f4      	beq.n	10004fbc <strlen+0x30>
10004fd2:	f1c2 0100 	rsb	r1, r2, #0
10004fd6:	ea02 0201 	and.w	r2, r2, r1
10004fda:	fab2 f282 	clz	r2, r2
10004fde:	f1c2 021f 	rsb	r2, r2, #31
10004fe2:	eb00 00d2 	add.w	r0, r0, r2, lsr #3
10004fe6:	4770      	bx	lr

10004fe8 <_fini>:
10004fe8:	b5f8      	push	{r3, r4, r5, r6, r7, lr}
10004fea:	bf00      	nop
10004fec:	0000      	movs	r0, r0
	...

10004ff0 <__mutex_exit_veneer>:
10004ff0:	f85f f000 	ldr.w	pc, [pc]	@ 10004ff4 <__mutex_exit_veneer+0x4>
10004ff4:	200001bd 	.word	0x200001bd

10004ff8 <____aeabi_ldivmod_veneer>:
10004ff8:	f85f f000 	ldr.w	pc, [pc]	@ 10004ffc <____aeabi_ldivmod_veneer+0x4>
10004ffc:	200001f1 	.word	0x200001f1

10005000 <__mutex_try_enter_block_until_veneer>:
10005000:	f85f f000 	ldr.w	pc, [pc]	@ 10005004 <__mutex_try_enter_block_until_veneer+0x4>
10005004:	20000111 	.word	0x20000111

10005008 <__pre_init_runtime_init_bootrom_reset>:
10005008:	100047d9                                .G..

1000500c <__pre_init_runtime_init_early_resets>:
1000500c:	1000474d                                MG..

10005010 <__pre_init_runtime_init_usb_power_down>:
10005010:	10004781                                .G..

10005014 <__pre_init_runtime_init_clocks>:
10005014:	10004825                                %H..

10005018 <__pre_init_runtime_init_post_clock_resets>:
10005018:	100047b9                                .G..

1000501c <__pre_init_runtime_init_boot_locks_reset>:
1000501c:	10004389                                .C..

10005020 <__pre_init_runtime_init_spin_locks_reset>:
10005020:	10004801                                .H..

10005024 <__pre_init_runtime_init_bootrom_locking_enable>:
10005024:	10004375                                uC..

10005028 <__pre_init_runtime_init_mutex>:
10005028:	10003b99                                .;..

1000502c <__pre_init_runtime_init_install_ram_vector_table>:
1000502c:	10004805                                .H..

10005030 <__pre_init_runtime_init_default_alarm_pool>:
10005030:	10003f15                                .?..

10005034 <__pre_init_first_per_core_initializer>:
10005034:	100046fd                                .F..

10005038 <__pre_init_runtime_init_per_core_bootrom_reset>:
10005038:	100047ed                                .G..

1000503c <__pre_init_runtime_init_per_core_enable_coprocessors>:
1000503c:	1000479d                                .G..

10005040 <__pre_init_spinlock_set_extexclall>:
10005040:	10003715                                .7..

10005044 <__pre_init_runtime_init_per_core_irq_priorities>:
10005044:	100037c1                                .7..

10005048 <__frame_dummy_init_array_entry>:
10005048:	1000025d 100009cd                       ].......

Disassembly of section .data:

20000110 <mutex_try_enter_block_until>:
20000110:	e92d 41f0 	stmdb	sp!, {r4, r5, r6, r7, r8, lr}
20000114:	461f      	mov	r7, r3
20000116:	4604      	mov	r4, r0
20000118:	4616      	mov	r6, r2
2000011a:	6803      	ldr	r3, [r0, #0]
2000011c:	f3ef 8810 	mrs	r8, PRIMASK
20000120:	b672      	cpsid	i
20000122:	e8d3 1fcf 	ldaexb	r1, [r3]
20000126:	2201      	movs	r2, #1
20000128:	2900      	cmp	r1, #0
2000012a:	d1fa      	bne.n	20000122 <mutex_try_enter_block_until+0x12>
2000012c:	e8c3 2f41 	strexb	r1, r2, [r3]
20000130:	2900      	cmp	r1, #0
20000132:	d1f6      	bne.n	20000122 <mutex_try_enter_block_until+0x12>
20000134:	f3bf 8f5f 	dmb	sy
20000138:	6845      	ldr	r5, [r0, #4]
2000013a:	1c6b      	adds	r3, r5, #1
2000013c:	d00c      	beq.n	20000158 <mutex_try_enter_block_until+0x48>
2000013e:	2300      	movs	r3, #0
20000140:	6802      	ldr	r2, [r0, #0]
20000142:	e8c2 3f8f 	stlb	r3, [r2]
20000146:	f388 8810 	msr	PRIMASK, r8
2000014a:	f000 fa1d 	bl	20000588 <__ulPortLockGetCurrentOwnerId_veneer>
2000014e:	42a8      	cmp	r0, r5
20000150:	d10d      	bne.n	2000016e <mutex_try_enter_block_until+0x5e>
20000152:	2000      	movs	r0, #0
20000154:	e8bd 81f0 	ldmia.w	sp!, {r4, r5, r6, r7, r8, pc}
20000158:	f000 fa16 	bl	20000588 <__ulPortLockGetCurrentOwnerId_veneer>
2000015c:	2300      	movs	r3, #0
2000015e:	6822      	ldr	r2, [r4, #0]
20000160:	6060      	str	r0, [r4, #4]
20000162:	e8c2 3f8f 	stlb	r3, [r2]
20000166:	f388 8810 	msr	PRIMASK, r8
2000016a:	2001      	movs	r0, #1
2000016c:	e7f2      	b.n	20000154 <mutex_try_enter_block_until+0x44>
2000016e:	f000 fa0b 	bl	20000588 <__ulPortLockGetCurrentOwnerId_veneer>
20000172:	4680      	mov	r8, r0
20000174:	e006      	b.n	20000184 <mutex_try_enter_block_until+0x74>
20000176:	4632      	mov	r2, r6
20000178:	463b      	mov	r3, r7
2000017a:	4620      	mov	r0, r4
2000017c:	f000 fa00 	bl	20000580 <__xPortLockInternalSpinUnlockWithBestEffortWaitOrTimeout_veneer>
20000180:	2800      	cmp	r0, #0
20000182:	d1e6      	bne.n	20000152 <mutex_try_enter_block_until+0x42>
20000184:	6825      	ldr	r5, [r4, #0]
20000186:	f3ef 8110 	mrs	r1, PRIMASK
2000018a:	b672      	cpsid	i
2000018c:	e8d5 2fcf 	ldaexb	r2, [r5]
20000190:	2301      	movs	r3, #1
20000192:	2a00      	cmp	r2, #0
20000194:	d1fa      	bne.n	2000018c <mutex_try_enter_block_until+0x7c>
20000196:	e8c5 3f42 	strexb	r2, r3, [r5]
2000019a:	2a00      	cmp	r2, #0
2000019c:	d1f6      	bne.n	2000018c <mutex_try_enter_block_until+0x7c>
2000019e:	f3bf 8f5f 	dmb	sy
200001a2:	6863      	ldr	r3, [r4, #4]
200001a4:	3301      	adds	r3, #1
200001a6:	d1e6      	bne.n	20000176 <mutex_try_enter_block_until+0x66>
200001a8:	2300      	movs	r3, #0
200001aa:	6822      	ldr	r2, [r4, #0]
200001ac:	f8c4 8004 	str.w	r8, [r4, #4]
200001b0:	e8c2 3f8f 	stlb	r3, [r2]
200001b4:	f381 8810 	msr	PRIMASK, r1
200001b8:	e7d7      	b.n	2000016a <mutex_try_enter_block_until+0x5a>
200001ba:	bf00      	nop

200001bc <mutex_exit>:
200001bc:	b500      	push	{lr}
200001be:	6802      	ldr	r2, [r0, #0]
200001c0:	f3ef 8110 	mrs	r1, PRIMASK
200001c4:	b672      	cpsid	i
200001c6:	e8d2 efcf 	ldaexb	lr, [r2]
200001ca:	f05f 0c01 	movs.w	ip, #1
200001ce:	f1be 0f00 	cmp.w	lr, #0
200001d2:	d1f8      	bne.n	200001c6 <mutex_exit+0xa>
200001d4:	e8c2 cf4e 	strexb	lr, ip, [r2]
200001d8:	f1be 0f00 	cmp.w	lr, #0
200001dc:	d1f3      	bne.n	200001c6 <mutex_exit+0xa>
200001de:	f3bf 8f5f 	dmb	sy
200001e2:	f04f 32ff 	mov.w	r2, #4294967295	@ 0xffffffff
200001e6:	f85d eb04 	ldr.w	lr, [sp], #4
200001ea:	6042      	str	r2, [r0, #4]
200001ec:	f000 b9d0 	b.w	20000590 <__vPortLockInternalSpinUnlockWithNotify_veneer>

200001f0 <__aeabi_ldivmod>:
200001f0:	b97b      	cbnz	r3, 20000212 <__aeabi_ldivmod+0x22>
200001f2:	b972      	cbnz	r2, 20000212 <__aeabi_ldivmod+0x22>
200001f4:	2900      	cmp	r1, #0
200001f6:	bfbe      	ittt	lt
200001f8:	2000      	movlt	r0, #0
200001fa:	f04f 4100 	movlt.w	r1, #2147483648	@ 0x80000000
200001fe:	e006      	blt.n	2000020e <__aeabi_ldivmod+0x1e>
20000200:	bf08      	it	eq
20000202:	2800      	cmpeq	r0, #0
20000204:	bf1c      	itt	ne
20000206:	f06f 4100 	mvnne.w	r1, #2147483648	@ 0x80000000
2000020a:	f04f 30ff 	movne.w	r0, #4294967295	@ 0xffffffff
2000020e:	f000 b9b5 	b.w	2000057c <__aeabi_idiv0>
20000212:	f1ad 0c08 	sub.w	ip, sp, #8
20000216:	e96d ce04 	strd	ip, lr, [sp, #-16]!
2000021a:	2900      	cmp	r1, #0
2000021c:	db09      	blt.n	20000232 <__aeabi_ldivmod+0x42>
2000021e:	2b00      	cmp	r3, #0
20000220:	db1a      	blt.n	20000258 <__aeabi_ldivmod+0x68>
20000222:	f000 f835 	bl	20000290 <__udivmoddi4>
20000226:	f8dd e004 	ldr.w	lr, [sp, #4]
2000022a:	e9dd 2302 	ldrd	r2, r3, [sp, #8]
2000022e:	b004      	add	sp, #16
20000230:	4770      	bx	lr
20000232:	4240      	negs	r0, r0
20000234:	eb61 0141 	sbc.w	r1, r1, r1, lsl #1
20000238:	2b00      	cmp	r3, #0
2000023a:	db1b      	blt.n	20000274 <__aeabi_ldivmod+0x84>
2000023c:	f000 f828 	bl	20000290 <__udivmoddi4>
20000240:	f8dd e004 	ldr.w	lr, [sp, #4]
20000244:	e9dd 2302 	ldrd	r2, r3, [sp, #8]
20000248:	b004      	add	sp, #16
2000024a:	4240      	negs	r0, r0
2000024c:	eb61 0141 	sbc.w	r1, r1, r1, lsl #1
20000250:	4252      	negs	r2, r2
20000252:	eb63 0343 	sbc.w	r3, r3, r3, lsl #1
20000256:	4770      	bx	lr
20000258:	4252      	negs	r2, r2
2000025a:	eb63 0343 	sbc.w	r3, r3, r3, lsl #1
2000025e:	f000 f817 	bl	20000290 <__udivmoddi4>
20000262:	f8dd e004 	ldr.w	lr, [sp, #4]
20000266:	e9dd 2302 	ldrd	r2, r3, [sp, #8]
2000026a:	b004      	add	sp, #16
2000026c:	4240      	negs	r0, r0
2000026e:	eb61 0141 	sbc.w	r1, r1, r1, lsl #1
20000272:	4770      	bx	lr
20000274:	4252      	negs	r2, r2
20000276:	eb63 0343 	sbc.w	r3, r3, r3, lsl #1
2000027a:	f000 f809 	bl	20000290 <__udivmoddi4>
2000027e:	f8dd e004 	ldr.w	lr, [sp, #4]
20000282:	e9dd 2302 	ldrd	r2, r3, [sp, #8]
20000286:	b004      	add	sp, #16
20000288:	4252      	negs	r2, r2
2000028a:	eb63 0343 	sbc.w	r3, r3, r3, lsl #1
2000028e:	4770      	bx	lr

20000290 <__udivmoddi4>:
20000290:	e92d 4ff0 	stmdb	sp!, {r4, r5, r6, r7, r8, r9, sl, fp, lr}
20000294:	9d09      	ldr	r5, [sp, #36]	@ 0x24
20000296:	460c      	mov	r4, r1
20000298:	2b00      	cmp	r3, #0
2000029a:	d14d      	bne.n	20000338 <__udivmoddi4+0xa8>
2000029c:	428a      	cmp	r2, r1
2000029e:	460f      	mov	r7, r1
200002a0:	4684      	mov	ip, r0
200002a2:	4696      	mov	lr, r2
200002a4:	fab2 f382 	clz	r3, r2
200002a8:	d960      	bls.n	2000036c <__udivmoddi4+0xdc>
200002aa:	b14b      	cbz	r3, 200002c0 <__udivmoddi4+0x30>
200002ac:	fa02 fe03 	lsl.w	lr, r2, r3
200002b0:	f1c3 0220 	rsb	r2, r3, #32
200002b4:	409f      	lsls	r7, r3
200002b6:	fa00 fc03 	lsl.w	ip, r0, r3
200002ba:	fa20 f202 	lsr.w	r2, r0, r2
200002be:	4317      	orrs	r7, r2
200002c0:	ea4f 461e 	mov.w	r6, lr, lsr #16
200002c4:	fa1f f48e 	uxth.w	r4, lr
200002c8:	ea4f 421c 	mov.w	r2, ip, lsr #16
200002cc:	fbb7 f1f6 	udiv	r1, r7, r6
200002d0:	fb06 7711 	mls	r7, r6, r1, r7
200002d4:	fb01 f004 	mul.w	r0, r1, r4
200002d8:	ea42 4207 	orr.w	r2, r2, r7, lsl #16
200002dc:	4290      	cmp	r0, r2
200002de:	d908      	bls.n	200002f2 <__udivmoddi4+0x62>
200002e0:	eb1e 0202 	adds.w	r2, lr, r2
200002e4:	f101 37ff 	add.w	r7, r1, #4294967295	@ 0xffffffff
200002e8:	d202      	bcs.n	200002f0 <__udivmoddi4+0x60>
200002ea:	4290      	cmp	r0, r2
200002ec:	f200 8131 	bhi.w	20000552 <__udivmoddi4+0x2c2>
200002f0:	4639      	mov	r1, r7
200002f2:	1a12      	subs	r2, r2, r0
200002f4:	fa1f fc8c 	uxth.w	ip, ip
200002f8:	fbb2 f0f6 	udiv	r0, r2, r6
200002fc:	fb06 2210 	mls	r2, r6, r0, r2
20000300:	fb00 f404 	mul.w	r4, r0, r4
20000304:	ea4c 4c02 	orr.w	ip, ip, r2, lsl #16
20000308:	4564      	cmp	r4, ip
2000030a:	d908      	bls.n	2000031e <__udivmoddi4+0x8e>
2000030c:	eb1e 0c0c 	adds.w	ip, lr, ip
20000310:	f100 32ff 	add.w	r2, r0, #4294967295	@ 0xffffffff
20000314:	d202      	bcs.n	2000031c <__udivmoddi4+0x8c>
20000316:	4564      	cmp	r4, ip
20000318:	f200 811e 	bhi.w	20000558 <__udivmoddi4+0x2c8>
2000031c:	4610      	mov	r0, r2
2000031e:	ea40 4001 	orr.w	r0, r0, r1, lsl #16
20000322:	ebac 0c04 	sub.w	ip, ip, r4
20000326:	2100      	movs	r1, #0
20000328:	b125      	cbz	r5, 20000334 <__udivmoddi4+0xa4>
2000032a:	fa2c f303 	lsr.w	r3, ip, r3
2000032e:	2200      	movs	r2, #0
20000330:	e9c5 3200 	strd	r3, r2, [r5]
20000334:	e8bd 8ff0 	ldmia.w	sp!, {r4, r5, r6, r7, r8, r9, sl, fp, pc}
20000338:	428b      	cmp	r3, r1
2000033a:	d905      	bls.n	20000348 <__udivmoddi4+0xb8>
2000033c:	b10d      	cbz	r5, 20000342 <__udivmoddi4+0xb2>
2000033e:	e9c5 0100 	strd	r0, r1, [r5]
20000342:	2100      	movs	r1, #0
20000344:	4608      	mov	r0, r1
20000346:	e7f5      	b.n	20000334 <__udivmoddi4+0xa4>
20000348:	fab3 f183 	clz	r1, r3
2000034c:	2900      	cmp	r1, #0
2000034e:	d14d      	bne.n	200003ec <__udivmoddi4+0x15c>
20000350:	42a3      	cmp	r3, r4
20000352:	f0c0 80f3 	bcc.w	2000053c <__udivmoddi4+0x2ac>
20000356:	4290      	cmp	r0, r2
20000358:	f080 80f0 	bcs.w	2000053c <__udivmoddi4+0x2ac>
2000035c:	4606      	mov	r6, r0
2000035e:	4623      	mov	r3, r4
20000360:	4608      	mov	r0, r1
20000362:	2d00      	cmp	r5, #0
20000364:	d0e6      	beq.n	20000334 <__udivmoddi4+0xa4>
20000366:	e9c5 6300 	strd	r6, r3, [r5]
2000036a:	e7e3      	b.n	20000334 <__udivmoddi4+0xa4>
2000036c:	2b00      	cmp	r3, #0
2000036e:	f040 80a3 	bne.w	200004b8 <__udivmoddi4+0x228>
20000372:	1a8a      	subs	r2, r1, r2
20000374:	ea4f 471e 	mov.w	r7, lr, lsr #16
20000378:	fa1f f68e 	uxth.w	r6, lr
2000037c:	2101      	movs	r1, #1
2000037e:	fbb2 f4f7 	udiv	r4, r2, r7
20000382:	fb07 2014 	mls	r0, r7, r4, r2
20000386:	ea4f 421c 	mov.w	r2, ip, lsr #16
2000038a:	ea42 4200 	orr.w	r2, r2, r0, lsl #16
2000038e:	fb06 f004 	mul.w	r0, r6, r4
20000392:	4290      	cmp	r0, r2
20000394:	d90f      	bls.n	200003b6 <__udivmoddi4+0x126>
20000396:	eb1e 0202 	adds.w	r2, lr, r2
2000039a:	f104 38ff 	add.w	r8, r4, #4294967295	@ 0xffffffff
2000039e:	bf2c      	ite	cs
200003a0:	f04f 0901 	movcs.w	r9, #1
200003a4:	f04f 0900 	movcc.w	r9, #0
200003a8:	4290      	cmp	r0, r2
200003aa:	d903      	bls.n	200003b4 <__udivmoddi4+0x124>
200003ac:	f1b9 0f00 	cmp.w	r9, #0
200003b0:	f000 80cc 	beq.w	2000054c <__udivmoddi4+0x2bc>
200003b4:	4644      	mov	r4, r8
200003b6:	1a12      	subs	r2, r2, r0
200003b8:	fa1f fc8c 	uxth.w	ip, ip
200003bc:	fbb2 f0f7 	udiv	r0, r2, r7
200003c0:	fb07 2210 	mls	r2, r7, r0, r2
200003c4:	fb00 f606 	mul.w	r6, r0, r6
200003c8:	ea4c 4c02 	orr.w	ip, ip, r2, lsl #16
200003cc:	4566      	cmp	r6, ip
200003ce:	d908      	bls.n	200003e2 <__udivmoddi4+0x152>
200003d0:	eb1e 0c0c 	adds.w	ip, lr, ip
200003d4:	f100 32ff 	add.w	r2, r0, #4294967295	@ 0xffffffff
200003d8:	d202      	bcs.n	200003e0 <__udivmoddi4+0x150>
200003da:	4566      	cmp	r6, ip
200003dc:	f200 80b3 	bhi.w	20000546 <__udivmoddi4+0x2b6>
200003e0:	4610      	mov	r0, r2
200003e2:	ebac 0c06 	sub.w	ip, ip, r6
200003e6:	ea40 4004 	orr.w	r0, r0, r4, lsl #16
200003ea:	e79d      	b.n	20000328 <__udivmoddi4+0x98>
200003ec:	f1c1 0620 	rsb	r6, r1, #32
200003f0:	408b      	lsls	r3, r1
200003f2:	fa04 fe01 	lsl.w	lr, r4, r1
200003f6:	fa22 f706 	lsr.w	r7, r2, r6
200003fa:	fa20 fc06 	lsr.w	ip, r0, r6
200003fe:	40f4      	lsrs	r4, r6
20000400:	408a      	lsls	r2, r1
20000402:	431f      	orrs	r7, r3
20000404:	ea4e 030c 	orr.w	r3, lr, ip
20000408:	fa00 fe01 	lsl.w	lr, r0, r1
2000040c:	ea4f 4817 	mov.w	r8, r7, lsr #16
20000410:	ea4f 4913 	mov.w	r9, r3, lsr #16
20000414:	fa1f fc87 	uxth.w	ip, r7
20000418:	fbb4 f0f8 	udiv	r0, r4, r8
2000041c:	fb08 4410 	mls	r4, r8, r0, r4
20000420:	ea49 4404 	orr.w	r4, r9, r4, lsl #16
20000424:	fb00 f90c 	mul.w	r9, r0, ip
20000428:	45a1      	cmp	r9, r4
2000042a:	d90e      	bls.n	2000044a <__udivmoddi4+0x1ba>
2000042c:	193c      	adds	r4, r7, r4
2000042e:	f100 3aff 	add.w	sl, r0, #4294967295	@ 0xffffffff
20000432:	bf2c      	ite	cs
20000434:	f04f 0b01 	movcs.w	fp, #1
20000438:	f04f 0b00 	movcc.w	fp, #0
2000043c:	45a1      	cmp	r9, r4
2000043e:	d903      	bls.n	20000448 <__udivmoddi4+0x1b8>
20000440:	f1bb 0f00 	cmp.w	fp, #0
20000444:	f000 808b 	beq.w	2000055e <__udivmoddi4+0x2ce>
20000448:	4650      	mov	r0, sl
2000044a:	eba4 0409 	sub.w	r4, r4, r9
2000044e:	fa1f f983 	uxth.w	r9, r3
20000452:	fbb4 f3f8 	udiv	r3, r4, r8
20000456:	fb08 4413 	mls	r4, r8, r3, r4
2000045a:	fb03 fc0c 	mul.w	ip, r3, ip
2000045e:	ea49 4404 	orr.w	r4, r9, r4, lsl #16
20000462:	45a4      	cmp	ip, r4
20000464:	d906      	bls.n	20000474 <__udivmoddi4+0x1e4>
20000466:	193c      	adds	r4, r7, r4
20000468:	f103 38ff 	add.w	r8, r3, #4294967295	@ 0xffffffff
2000046c:	d201      	bcs.n	20000472 <__udivmoddi4+0x1e2>
2000046e:	45a4      	cmp	ip, r4
20000470:	d87b      	bhi.n	2000056a <__udivmoddi4+0x2da>
20000472:	4643      	mov	r3, r8
20000474:	ea43 4000 	orr.w	r0, r3, r0, lsl #16
20000478:	eba4 040c 	sub.w	r4, r4, ip
2000047c:	fba0 9802 	umull	r9, r8, r0, r2
20000480:	4544      	cmp	r4, r8
20000482:	46cc      	mov	ip, r9
20000484:	4643      	mov	r3, r8
20000486:	d302      	bcc.n	2000048e <__udivmoddi4+0x1fe>
20000488:	d106      	bne.n	20000498 <__udivmoddi4+0x208>
2000048a:	45ce      	cmp	lr, r9
2000048c:	d204      	bcs.n	20000498 <__udivmoddi4+0x208>
2000048e:	3801      	subs	r0, #1
20000490:	ebb9 0c02 	subs.w	ip, r9, r2
20000494:	eb68 0307 	sbc.w	r3, r8, r7
20000498:	2d00      	cmp	r5, #0
2000049a:	d06c      	beq.n	20000576 <__udivmoddi4+0x2e6>
2000049c:	ebbe 020c 	subs.w	r2, lr, ip
200004a0:	eb64 0403 	sbc.w	r4, r4, r3
200004a4:	fa22 f301 	lsr.w	r3, r2, r1
200004a8:	fa04 f606 	lsl.w	r6, r4, r6
200004ac:	40cc      	lsrs	r4, r1
200004ae:	2100      	movs	r1, #0
200004b0:	431e      	orrs	r6, r3
200004b2:	e9c5 6400 	strd	r6, r4, [r5]
200004b6:	e73d      	b.n	20000334 <__udivmoddi4+0xa4>
200004b8:	fa02 fe03 	lsl.w	lr, r2, r3
200004bc:	f1c3 0120 	rsb	r1, r3, #32
200004c0:	fa04 f203 	lsl.w	r2, r4, r3
200004c4:	fa00 fc03 	lsl.w	ip, r0, r3
200004c8:	40cc      	lsrs	r4, r1
200004ca:	ea4f 471e 	mov.w	r7, lr, lsr #16
200004ce:	fa20 f101 	lsr.w	r1, r0, r1
200004d2:	fa1f f68e 	uxth.w	r6, lr
200004d6:	fbb4 f0f7 	udiv	r0, r4, r7
200004da:	430a      	orrs	r2, r1
200004dc:	fb07 4410 	mls	r4, r7, r0, r4
200004e0:	0c11      	lsrs	r1, r2, #16
200004e2:	ea41 4104 	orr.w	r1, r1, r4, lsl #16
200004e6:	fb00 f406 	mul.w	r4, r0, r6
200004ea:	428c      	cmp	r4, r1
200004ec:	d90e      	bls.n	2000050c <__udivmoddi4+0x27c>
200004ee:	eb1e 0101 	adds.w	r1, lr, r1
200004f2:	f100 38ff 	add.w	r8, r0, #4294967295	@ 0xffffffff
200004f6:	bf2c      	ite	cs
200004f8:	f04f 0901 	movcs.w	r9, #1
200004fc:	f04f 0900 	movcc.w	r9, #0
20000500:	428c      	cmp	r4, r1
20000502:	d902      	bls.n	2000050a <__udivmoddi4+0x27a>
20000504:	f1b9 0f00 	cmp.w	r9, #0
20000508:	d02c      	beq.n	20000564 <__udivmoddi4+0x2d4>
2000050a:	4640      	mov	r0, r8
2000050c:	1b09      	subs	r1, r1, r4
2000050e:	b292      	uxth	r2, r2
20000510:	fbb1 f4f7 	udiv	r4, r1, r7
20000514:	fb07 1114 	mls	r1, r7, r4, r1
20000518:	ea42 4201 	orr.w	r2, r2, r1, lsl #16
2000051c:	fb04 f106 	mul.w	r1, r4, r6
20000520:	4291      	cmp	r1, r2
20000522:	d907      	bls.n	20000534 <__udivmoddi4+0x2a4>
20000524:	eb1e 0202 	adds.w	r2, lr, r2
20000528:	f104 38ff 	add.w	r8, r4, #4294967295	@ 0xffffffff
2000052c:	d201      	bcs.n	20000532 <__udivmoddi4+0x2a2>
2000052e:	4291      	cmp	r1, r2
20000530:	d81e      	bhi.n	20000570 <__udivmoddi4+0x2e0>
20000532:	4644      	mov	r4, r8
20000534:	1a52      	subs	r2, r2, r1
20000536:	ea44 4100 	orr.w	r1, r4, r0, lsl #16
2000053a:	e720      	b.n	2000037e <__udivmoddi4+0xee>
2000053c:	1a86      	subs	r6, r0, r2
2000053e:	eb64 0303 	sbc.w	r3, r4, r3
20000542:	2001      	movs	r0, #1
20000544:	e70d      	b.n	20000362 <__udivmoddi4+0xd2>
20000546:	44f4      	add	ip, lr
20000548:	3802      	subs	r0, #2
2000054a:	e74a      	b.n	200003e2 <__udivmoddi4+0x152>
2000054c:	3c02      	subs	r4, #2
2000054e:	4472      	add	r2, lr
20000550:	e731      	b.n	200003b6 <__udivmoddi4+0x126>
20000552:	3902      	subs	r1, #2
20000554:	4472      	add	r2, lr
20000556:	e6cc      	b.n	200002f2 <__udivmoddi4+0x62>
20000558:	44f4      	add	ip, lr
2000055a:	3802      	subs	r0, #2
2000055c:	e6df      	b.n	2000031e <__udivmoddi4+0x8e>
2000055e:	3802      	subs	r0, #2
20000560:	443c      	add	r4, r7
20000562:	e772      	b.n	2000044a <__udivmoddi4+0x1ba>
20000564:	3802      	subs	r0, #2
20000566:	4471      	add	r1, lr
20000568:	e7d0      	b.n	2000050c <__udivmoddi4+0x27c>
2000056a:	3b02      	subs	r3, #2
2000056c:	443c      	add	r4, r7
2000056e:	e781      	b.n	20000474 <__udivmoddi4+0x1e4>
20000570:	3c02      	subs	r4, #2
20000572:	4472      	add	r2, lr
20000574:	e7de      	b.n	20000534 <__udivmoddi4+0x2a4>
20000576:	4629      	mov	r1, r5
20000578:	e6dc      	b.n	20000334 <__udivmoddi4+0xa4>
2000057a:	bf00      	nop

2000057c <__aeabi_idiv0>:
2000057c:	4770      	bx	lr
2000057e:	bf00      	nop

20000580 <__xPortLockInternalSpinUnlockWithBestEffortWaitOrTimeout_veneer>:
20000580:	f85f f000 	ldr.w	pc, [pc]	@ 20000584 <__xPortLockInternalSpinUnlockWithBestEffortWaitOrTimeout_veneer+0x4>
20000584:	100008e1 	.word	0x100008e1

20000588 <__ulPortLockGetCurrentOwnerId_veneer>:
20000588:	f85f f000 	ldr.w	pc, [pc]	@ 2000058c <__ulPortLockGetCurrentOwnerId_veneer+0x4>
2000058c:	10000821 	.word	0x10000821

20000590 <__vPortLockInternalSpinUnlockWithNotify_veneer>:
20000590:	f85f f000 	ldr.w	pc, [pc]	@ 20000594 <__vPortLockInternalSpinUnlockWithNotify_veneer+0x4>
20000594:	1000084d 	.word	0x1000084d

20000598 <cDoorbellNum>:
20000598:	                                         .

20000599 <ucPrimaryCoreNum>:
20000599:	                                         ...

2000059c <uxTopUsedPriority>:
2000059c:	0000001f                                ....

200005a0 <striped_spin_lock_num>:
200005a0:	00000010                                ....

200005a4 <irq_handler_chain_slots>:
200005a4:	00000000 	.word	0x00000000
200005a8:	00010000 	.word	0x00010000
	...
200005b4:	00020000 	.word	0x00020000
	...
200005c0:	00030000 	.word	0x00030000
	...
200005cc:	00ff0000 	.word	0x00ff0000
200005d0:	00000000 	.word	0x00000000

200005d4 <irq_handler_chain_first_slot>:
200005d4:	b501      	push	{r0, lr}
200005d6:	6848      	ldr	r0, [r1, #4]
200005d8:	3101      	adds	r1, #1
200005da:	468e      	mov	lr, r1
200005dc:	4700      	bx	r0

200005de <irq_handler_chain_remove_tail>:
200005de:	4670      	mov	r0, lr
200005e0:	3809      	subs	r0, #9
200005e2:	4901      	ldr	r1, [pc, #4]	@ (200005e8 <irq_handler_chain_remove_tail+0xa>)
200005e4:	4788      	blx	r1
200005e6:	bd01      	pop	{r0, pc}
200005e8:	10003ad1 	.word	0x10003ad1

200005ec <default_alarm_pool>:
	...
20000600:	20000630                                0.. 

20000604 <stdio_uart>:
20000604:	10004c0d 10004d11 10004c5d 10004d21     .L...M..]L..!M..
20000614:	00000000 00000100                       ........

2000061c <malloc_mutex>:
	...

20000624 <print_mutex>:
	...
