:020000041000EA
:10000000002008205D0100101301001015010010F0
:100010001101001011010010110100101101001058
:100020001101001011010010110100101701001042
:100030001101001011010010190100101B01001026
:100040001D0100101D0100101D0100101D010010F8
:100050001D0100101D0100101D0100101D010010E8
:100060001D0100101D0100101D0100101D010010D8
:100070001D0100101D0100101D0100101D010010C8
:100080001D0100101D0100101D0100101D010010B8
:100090001D0100101D0100101D0100101D010010A8
:1000A0001D0100101D0100101D0100101D01001098
:1000B0001D0100101D0100101D0100101D01001088
:1000C0001D0100101D0100101D0100101D01001078
:1000D0001D0100101D0100101D0100101D01001068
:1000E0001D0100101D0100101D0100101D01001058
:1000F0001D0100101D0100101D0100101D01001048
:100100001D0100101D0100101D0100101D01001037
:1001100000BE00BE00BE00BE00BE00BEEFF3058004
:10012000103800BEF2EB88717CB30010A4B300104D
:10013000A801001090A31AE7D3DEFFFF42012110AF
:10014000FF010000ACC20000793512AB4FF0000097
:100150002049086006C881F3088810474FF05040D6
:10016000006810B14FF00000F2E70FA40ECC002998
:1001700002D000F015F8F9E71749184A002000E00E
:1001800001C19142FCD1002080F30A8814498847BC
:10019000144988471449884700BEFDE701C901C2D8
:1001A0009A42FBD3704700BFA4B300101001002097
:1001B00050110020E4C300100000082000000820B7
:1001C000E4C3001000100820001008200000000008
:1001D0007047000008ED00E05011002030190020A9
:1001E000BD2D00107D020010B52D0010F8B500BF28
:1001F0000348044B834202D0034B03B118477047B6
:10020000501100205011002000000000064B07494B
:10021000C91A891048BF0131491003D0044B0BB1F2
:1002200001481847704700BF5011002050110020AE
:100230000000000010B5064C237843B9FFF7D8FF43
:10024000044B13B10448AFF300800123237010BDA9
:100250004813002000000000FCAC001008B5044B5F
:100260001BB104490448AFF30080BDE80840CDE766
:10027000000000004C130020FCAC00102DE9F047FA
:1002800084B009F0D3FE594802F0CEFF02F052FFCD
:10029000574BD3F8289048460AF090FA002009F00E
:1002A00079FE01A809F0B2FEDDE90121039B514866
:1002B00003F03CF8C821504803F038F84FF481713E
:1002C0004E4809F077FE071E67DB0026DFF85881ED
:1002D00008F57F754A4C0AF079FA44F8040FAC42ED
:1002E000F9D14FF480624146384609F087FEB0F5F7
:1002F000806F3BD106F58066B6F5483FEAD13846B7
:1003000009F072FE01A809F081FEDDE90121039BDD
:10031000384803F00BF8C8213A4803F007F80121E8
:10032000364809F047FE071E37DB48460AF046FA12
:100330000024DFF8F49008F580664FF480624946A7
:10034000384609F05DFEB0F5806F024620D1454683
:1003500001E0B54225D055F804AB0AF037FA8245E2
:10036000F7D02146284802F0E1FF04E0024631467A
:10037000264802F0DBFF384609F036FE09F042FE5F
:10038000234802F051FF4FF0FF3004B0BDE8F08782
:100390002146204802F0CAFFEDE71F4802F044FF63
:1003A000ECE704F58064B4F5483FC6D1384609F05F
:1003B0001BFE1A4802F038FF104809F025FE0028FD
:1003C0000FDB01A809F022FEDDE90121039B0948AA
:1003D00002F0ACFF09F016FE114802F025FF0020E4
:1003E000D3E7104802F020FFC5E700BF00AD0010C2
:1003F00000000B400CAD001034AD001048AD0010F3
:10040000B814002080AD0010B4AD001060AD001035
:10041000F4AD001094AD001054AD0010CCAD001040
:10042000ECAD0010DCAD0010BC14002010B44FF493
:1004300080740C4B53F8202003EB8003C00082F043
:10044000400200F1804003F5805C02F0C00200F53C
:10045000203003F54053CCF8002041601C605DF86B
:10046000044B7047048003400FB400B583B0049C74
:10047000074802F0D9FE3CB105A92046019102F0DF
:1004800069FC044802F0D0FE012002F07BFC00BFB2
:10049000FCAD0010B0AD001070B58646EFF31085CE
:1004A00072B6124CD4E8CF6F0120002EFAD1C4E806
:1004B000460F002EF6D1BFF35F8F4FF0010CC80836
:1004C00001F007030CFA03F31EF800C01CEA030650
:1004D00008D14CEA030C0EF800C0C4E88F6F85F316
:1004E000108870BD1046FFF7BFFF00BFA7130020A4
:1004F000044A1078431CDBB2182B28BF102313705A
:10050000704700BF380800204FF0E022936843F0A6
:1005100000539360704700BF0021044B03F1200299
:10052000C3E88F1F01339342FAD170479C13002018
:100530004FF0E0234FF08032C3F80024C3F80424C6
:10054000C3F80824C3F80C24C3F81024C3F81424F7
:10055000C3F81824C3F81C24C3F82024C3F82424A7
:10056000C3F82824C3F82C24C3F83024704700BFF4
:10057000012300F01F029340400941B1800000F1C7
:10058000604000F56140C0F8803103607047024A66
:10059000203042F82030704700E100E0F8B50D4609
:1005A000EFF3108772B6124ED6E8CF2F0123002A40
:1005B000FAD1C6E8423F002AF6D1BFF35F8F0D4B58
:1005C00000F110049B680C4A53F82430934203D086
:1005D000994201D000F080FE064B9B6843F82450FE
:1005E000BFF35F8F0023C6E88F3F87F31088F8BD05
:1005F000A513002000ED00E01D0100102DE9F04FD3
:1006000083B0EFF3108A72B6744ED6E8CF2F012371
:10061000002AFAD1C6E8423F002AF6D1BFF35F8F25
:100620006F4B00F110089B686E4A53F828509542B2
:100630003FD08D420C464AD06B4FEB1B2F2B38D846
:1006400001214FEA50194FEA890909F1604909F57A
:10065000614900F01F0301FA03F0D9F80030C9F82E
:10066000800000EA030BBFF35F8FEFF30581C9B28F
:1006700079B3884577D125F0010EDEF808C06445CE
:1006800005D17CE0D3F808C0644532D09E469EF97F
:10069000062002EB4203002A07EB8303F2DA6445EB
:1006A00000F08180BBF1000F20D0C9F88001C9F8AB
:1006B00000004B4B9B6843F82850BFF35F8F00232B
:1006C000C6E88F3F8AF3108803B0BDE8F08F154667
:1006D000EFE725F0010EDEF808C06445D7D19EF99A
:1006E00006407346002C08DA154666E0C9F880001B
:1006F000DFE793F90640002C56DB04EB440C07EBD4
:100700008C0CDCF8082061009A609CF80720DA71F4
:100710009CF90620002A9A715DDBBCF80420520582
:1007200004D502F5FF1202F5FF521F32521502F1F5
:10073000020C4FF0040E0C2212FB04E202EB4C02FE
:100740006FF0070C3A44ACEB030C6244C2F34A026C
:1007500042F460429A80254B21441A7807EB8101CC
:100760001C708A719EE7CDE9000100F0B5FDDDE95E
:10077000000125F0010EDEF808C0644587D19EF91E
:1007800006407346002CB8DA194A1A4CD21A083AB5
:10079000C2F30A316FEA01516FEA115144EA520281
:1007A000DA8099807EE773460029EDD1FF228EF82A
:1007B00006204BF60152AEF804200C4C4AF6AA2251
:1007C00094F800C01946C91B49414A43120D83F8E9
:1007D00006C0227066E74BF60152BBE7A513002066
:1007E00000ED00E01D0100103C0800202D19002044
:1007F0007608002000F8FFFFF0B5EFF30585EDB2B5
:10080000EFF3108C72B62649D1E8CF2F0123002ACE
:10081000FAD1C1E8423F002AF6D1BFF35F8F214EE3
:1008200040F0010EB4684AF6AA2354F825701E4A17
:100830000446A41A644163431B0D77455BB21BD089
:1008400092F906409C421CD092F912409C4223D05F
:1008500092F91E409C4221D092F92A409C4208BF46
:1008600003240FD0114A0024157813708571C1E854
:100870008F4F8CF31088F0BDB2680D4C42F82540C4
:10088000F0E7002404EB440402EB8402FF2494719B
:100890004BF601549480E5E70124F3E70224F1E7E5
:1008A000A513002000ED00E03C0800202D190020D9
:1008B0001D010010014B0B44036070479C13002086
:1008C000F8B5124D124EB5421FD22C462368FF27B1
:1008D0007BB1FFF70DFE01462846FFF7EBFFA7802F
:1008E000BFF35F8F0834B4420FD223682546002B34
:1008F000EFD1FFF7FDFD01462846FFF7DBFF27712B
:10090000BFF35F8F0834B442EFD3F8BD401100202D
:10091000501100200D4B1A68EFF3108172B6D2E827
:10092000CFCF0120BCF1000FF9D1C2E84C0FBCF1D0
:10093000000FF4D1BFF35F8F00221B68C3E88F2F35
:1009400081F3108840BF002000217047201900204B
:100950002DE9F04F2DED028B85B0EFF30583DBB26F
:10096000103B9A0818BF01224FF0010103F0030069
:1009700008BFAB4DAB4B18BFAB4D00EB820253F839
:10098000226001FA00FB05F541539FEDA38B019016
:10099000C3F804B02AE0B388190440F18D80B3791C
:1009A000002B40F0D780B6F90820002AC0F216814B
:1009B000736902EB420203EBC203D3E90247B7F1CA
:1009C000FF3F08BFB4F1FF3F09D0019B05EB830156
:1009D000AB6A0A69D21AE31A934238BF0C612846FF
:1009E00000F0B8FAA042B941C0F2F880B6F9083078
:1009F000C5F83CB0002B0093CDDBD6F8149003EB88
:100A0000430A284609EBCA07D7E9024800F0A2FAD0
:100A1000A04271EB0801BEDBB8F1000FC0F2C0804C
:100A20003A69824B9A4200F0EA807988B6F9080068
:100A300089B241EA00407969904703460A4653EA81
:100A4000020100F0AD80002A80F2CE80E31A68EB4C
:100A5000020839F93A20C7E90238002A9BDB70699D
:100A600002EB420100EBC101D1E902C7634578EB1B
:100A7000070E4FEA42018EDBB6462EF8082F0BE038
:100A800030F93120A646002A0DDB02EB420400EBD0
:100A9000C4045100D4E902C76345114478EB070749
:100AA00000EBC104ECDA009B29F83A20AEF80030E4
:100AB000B38819043FF573AF3369EFF3108272B650
:100AC000D3E8CF0F01210028FAD1C3E8401F002846
:100AD000F6D1BFF35F8F4FF6FF74B0880023316902
:100AE00000B2B480C1E88F3F82F310889842FFF6CD
:100AF00056AF0746A946746906F1080807EB470E8A
:100B000004EBCE03D3E90205B6F90830C446002B46
:100B100013DBB246009704E034F936309446002BDC
:100B200009DB03EB430604EBC602D2E90271B842CB
:100B300075EB0101F0DA5646009FACF8007034F90D
:100B40003E7024F83E30002FD8DAB3794D46002BA2
:100B50003FF429AF0023B371B6F9083006F1080E4F
:100B60005A1C3BD01A46746903E08646591C3FF470
:100B70001CAF03EB430104EBC10047889C463F04D4
:100B800034F93130F1D5944580ED028BEED0AEF8DA
:100B90000030328924F831206246A6F808C0E5E723
:100BA00039F83A2032813269EFF3108172B6D2E817
:100BB000CF7F0120002FFAD1C2E8470F002FF6D1D6
:100BC000BFF35F8F7288009B29F83A2073803269E7
:100BD0000023C2E88F3F81F31088DCE640BF05B0F8
:100BE000BDEC028BBDE8F08F2846CDE9023200F063
:100BF000B1F9029B039AC31842EB010829E779690E
:100C000008460A69029190470028C9D00299D1E9A3
:100C1000003214E7AFF30080FFFFFFFFFFFFFFFF8D
:100C200000000B400019002000800B40510900100B
:100C30002DE9F84F364C25692DB1BDE8F84F0A2152
:100C40003448FFF737BEDFF8E4800321404600F068
:100C50006FF90326C4F80C80FFF74AFC4FF0504CA4
:100C60002D4B267003442361DCF800300F216370A4
:100C7000636961801D834FF00405A3F878504FF03D
:100C80000505A3F890504FF00605A3F8A8504FF0C3
:100C900007050E2108274FF6FF724FF00A0EA3F842
:100CA000C0504FF001094FF00C0C4FF0020B4FF009
:100CB000090A0D204FF00B05A3F868111749A2800F
:100CC000A3F808E1A160A3F848B0A3F8F0A0A3F846
:100CD0002051A3F838C1A3F85001A3F83090A3F82D
:100CE0006060A3F8D8701A800D4B3046C8F82070A9
:100CF0000C49DC60FFF752FC49463046FFF738FCF0
:100D0000094B0A211F640348BDE8F84FFFF7D2BD25
:100D100084080020201900209C130020FFFF1000F1
:100D2000001900205109001000200B4000000B406A
:100D30000146F0B50069EFF3108772B6D0E8CF5FD7
:100D40000124002DFAD1C0E8454F002DF6D1BFF3A4
:100D50005F8FB1F902E04C690EEB4E0CBEF1000F53
:100D60004FEACC0504EBCC0C3DDB605B00264880F1
:100D70000869C0E88F6F87F31088BCF80200CCE9DF
:100D800002230130C0F30E00012838BF0120059B6B
:100D9000ACF80200CCF81030069B40EA0E40CCF8CC
:100DA00014300B69EFF3108272B6D3E8CFCF01276E
:100DB000BCF1000FF9D1C3E84C7FBCF1000FF4D1B6
:100DC000BFF35F8F8B886353A1F804E00B69C3E81E
:100DD0008F6F82F310880122CB68097803F50153E5
:100DE0008A405A60F0BD00230A69C2E88F3F87F34A
:100DF00010884FF0FF30F0BD03464089B0EB214F23
:100E000037DD58690A1402EB420210B500EBC2004C
:100E10001C69EFF3108C72B6D4E8CFEF0122BEF15B
:100E2000000FF9D1C4E84E2FBEF1000FF4D1BFF38B
:100E30005F8F428889B292B28A4207D000221B6932
:100E4000C3E88F2F8CF31088002010BD42F40042BD
:100E500042800121002218699971C0E88F2F8CF31C
:100E600010881C78DA68084602F50153A1405960E1
:100E700010BD0020704700BFF0B506460D4683B098
:100E8000EFF30584E4B2002C35D1264F3A78F968A7
:100E900004328B6A51F82220D21AC31A934207D324
:100EA00020BF214B586A85421FD9002003B0F0BDF6
:100EB00000F058F8864265EB0101002911DB1B4B5D
:100EC0003846CDE9003432462B46FFF731FF011E8C
:100ED00007DD154B5A6A95421DD920BF1148FFF70F
:100EE0008BFF114B586A8542DFD89B6A9E420DD812
:100EF000012003B0F0BD0C4B586A8842D5D39B6AE1
:100F0000B342F5D2401A18BF0120CFE7281A18BF04
:100F1000012003B0F0BD9B6A9E42DFD99542DDD12E
:100F2000DBE700BF8408002000000B40150900101B
:100F300010B4054B054C064AA04214BF1846581C75
:100F40005DF8044BFFF7A8BAC418002000800B40DE
:100F500018AE00100346416A0A46986A596A8A42E6
:100F6000FAD17047034B596A0A46986A596A914206
:100F7000FAD1704700000B4030B4154A536A9C46C2
:100F8000946A536A6345FAD1021959414FF000053A
:100F900028BF01250E4B5B6AB5B15A1C08BF1A4623
:100FA00008D04FF0FF310A460948436A8B42FCD310
:100FB0008B4207D1064902E0486A984202D1886A0A
:100FC0009042F9D330BC70479942EDD8F0E700BFAA
:100FD00000000B40F8B5054606200E4600F0E4F888
:100FE000002842D0354A364895420CBF4FF0006287
:100FF0004FF08062334B344902601A608C6832EAE9
:101000000404FBD12D4B4FF48071EB1AB3FA83F338
:101010002E4A5B09062022F8131000F0C5F8C30021
:10102000B3FBF6F30133DA0920D1402601216962CE
:10103000AA622F6BFB0722D42B46002253F82C1FE9
:10104000062003F5805422602F6300F0ADF8EB6AB0
:1010500040F2013283F0700303F07E0323608000CE
:101060000323B0FBF6F02A63AB64F8BD4FF6FE71C4
:101070008A421BD922464FF6FF71154ED7E740F240
:10108000013205F540531A636B6AAC6A062004EB23
:10109000831400F089F80F4BA402A3FB0023DB0AA2
:1010A0000021B4FBF3F0FFF767FFC5E7C3F3450387
:1010B000114603EB82161A46B9E700BF00800740CD
:1010C00000200240003002400000024024190020AD
:1010D000C0FF3F00757B2B8F00EB400C4FEA8C0C60
:1010E0000CF1804C0CF5803CF0B51646DCF8042081
:1010F000051FB2F5803F38BF4FF48032EDB238BFE4
:10110000CCF80420012D2AD94FF40067254C0CF5AA
:101110004052176054F82020B2B9DCF80020012DAD
:1011200082EA461202F0E0020CF5805632602AD9BB
:101130004FF4006144F820304FF480330CF5005236
:101140001160CCF80430F0BD6769B7FBF2FE0EF118
:10115000010E0EEB4E0EBEF1030EFCD2DDE70129AF
:10116000D2D103240CF540521460DCF80820D207D9
:10117000FBD5DCF800200B4C82EA461202F0E002BC
:101180000CF5805632600122DCF800504D4005F02D
:101190000305356002FA01F1DCF808200A42FBD0B1
:1011A000C6E700BFC8180020014B53F82000704765
:1011B000C818002070B4039D04682D0345EA034558
:1011C0001B4B002CB3FBF1F3B2FBF3F61FDB194A08
:1011D000194B90420CBF4FF400424FF48042174C21
:1011E0001A6003F580531A60A36832EA0303FBD147
:1011F000212200F540530433016086601A600268C2
:10120000002AFCDA0822C5601A6070BC70470368C7
:1012100003F03F038B42DAD18368C3F30B03B3427D
:10122000D5D1C36803F4EE23AB42D0D1EDE700BFC4
:10123000001BB70000800540002002400000024073
:10124000012300EB4000800000F1804000F5841095
:1012500041600360704700BF0023DB8A002242E840
:1012600000F2520201D4102118470421184700BF90
:1012700000234021DB8A1847034AD2F82838002B84
:10128000FBD0BFF35F8F704700000E400021044B7E
:10129000044ABFF35F8F43F8041B9342F9D17047B0
:1012A0000C080E402C080E4010B42F204FF42A6476
:1012B000054A064B06491460D06019605368002B3C
:1012C000FCDA5DF8044B70470080044000A0044045
:1012D00000B0FA00704700BF08B50148FFF7C4F836
:1012E0003CAE001038B5054C054DAC4204D254F864
:1012F000043B9847AC42FAD338BD00BFB8AC0010ED
:10130000F8AC001010B40748074C084B084A0949CC
:1013100004601A608B6832EA0303FBD15DF8044B6A
:10132000704700BF002002407F3BEFEF00300240DB
:10133000F6FFF30300000240044BDB6CB3F5004FF3
:1013400003D14FF48022024BDA6470470000115041
:10135000002011504FF0E022044BD2F8881D0B43BF
:10136000C2F8883D10EE3004704700BF0303300020
:101370006FF06041044B054A19609368DB4333F01A
:101380006043FAD1704700BF0030024000000240C5
:1013900010B545F25320FFF75FFFBDE8104003464C
:1013A0000420184710B545F25320FFF755FFBDE85C
:1013B0001040034601201847FFF7AEB810B5054BA3
:1013C000054C4FF488721846A16809F029F9A0600D
:1013D00010BD00BF0000002000ED00E00023F0B5CC
:1013E0002B4C83B0C4F88430FFF75EFF0122294BF9
:1013F000DA63636C012BFCD10321264A244B116371
:101400009D6B012DFCD1052302271E460024294691
:10141000214A22480097FFF7CDFE29463346204A4D
:1014200020480096FFF7C6FE3946224604201E4B90
:10143000FFF752FE2946224630461C4BFFF74CFE72
:101440002246082021461A4BFFF746FE2246092075
:101450002146174BFFF740FE224606202146134B3C
:10146000FFF73AFE114B224607202146FFF734FED4
:101470000420FFF799FE0F4BA3FB0035AD0CE0B243
:1014800029460134FFF7DCFE062CF8D103B0F0BD8D
:101490000000014000300140002F68590000054065
:1014A000008C864700800540001BB70080D1F00803
:1014B000006CDC0283DE1B4386B003B451FC0804DD
:1014C000CDE9020151FC0904CDE9040151EC0A0403
:1014D000CDE9060103BCF047BDE800504EEC00C466
:1014E000BDE800504EEC01C4BDE800504EEC02C413
:1014F00000BD000000B5FFF7DFFF02E010FE30F492
:10150000F8D441EC100443EC112400EE010410EE79
:10151000010480EE200451EC1004704700B5FFF781
:10152000CBFF02E010FE30F4F8D441EC100443ECA1
:10153000112400EE010410EE210480EE200451EC91
:101540003004704700B5FFF7B7FF02E010FE30F43B
:10155000F8D410B541EC100443EC112451EC040410
:1015600053EC0524A0FB024C5FF0000EE0FB03CE21
:10157000E1FB02CE4CEC20440024E1FB03E444EC0C
:1015800030E480EE200451EC5004BDE81040704778
:1015900000B5FFF791FF02E010FE30F4F8D441EC03
:1015A000100443EC112451EC2104A0FB01126FEA5A
:1015B000820252FB100052FB12F252FB1000A0EB11
:1015C000D07C53EC04245CFB13F153EC1524A1FBF9
:1015D000022001FB030053EC4424A2EB000050FB6B
:1015E0001CF24FEA111312EB017043EBE27140EA77
:1015F000515020EA915020F0070053EC7524A0FBD5
:10160000023C53EC752400FB03CC01FB02CC53ECF1
:101610000424ACEB824C40EA5C70A0F1010041EC88
:10162000400480EE200451EC7004704700B5FFF7D1
:1016300043FF02E010FE30F4F8D440EC700400EEFA
:10164000010410EE210480EE200451EC30047047B8
:1016500000B5FFF731FF02E010FE30F4F8D440ECA3
:10166000600400EE010410EE210480EE200451EC31
:101670003004704700B5FFF71FFF02E010FE30F4A2
:10168000F8D441EC800400EE010410EE010480EE79
:10169000400410EE1304704700B5FFF70DFF02E0A1
:1016A00010FE30F4F8D441EC800400EE010410EE9A
:1016B000010480EE400410EE3304704700B5FFF7DC
:1016C000FBFE02E010FE30F4F8D441EC100443ECD1
:1016D000112400EE010410EE3004C0F300707047D6
:1016E00000B5FFF7E9FE02E010FE30F4F8D443EC59
:1016F000102441EC110400EE010410EE30F48CBF14
:1017000001200020704700BF00B5FFF7D5FE02E0C2
:1017100010FE30F4F8D441EC100443EC112400EE38
:10172000010410EE30F42CBF01200020704700BFF0
:1017300000B5FFF7C1FE02E010FE30F4F8D441EC32
:10174000100443EC112400EE010410EE30F48CBFC1
:1017500001200020704700BF38B50446094809F051
:101760009FFA204608F076FC0546064809F094FAF0
:101770002DB1054B2C449C4201D8284638BD034866
:10178000FEF772FE401100200000082048AE001055
:1017900038B50446054D284609F082FA204608F07F
:1017A00061FC2846BDE8384009F076BA40110020B7
:1017B000704700BF2DE9F04F83B098460F9B0F464E
:1017C00011469A070646DDF83090DDF838B012D1A0
:1017D0000D9B5B450FD28A460C46ABEB03050D44CF
:1017E00052464346394620200AF1010AB047AA452D
:1017F000F6D1214600E00D460D9B93B109EB0304A1
:1018000004EB050A01950D46AAEB040214F8010D3C
:1018100043463946B0474C45F6D129460D9B019DBC
:101820001D440F9B9B070CD56C1AA34509D92A466A
:101830004346394620200134B047A34505F1010550
:10184000F5D8284603B0BDE8F08F00BF2DE9F04F72
:101850000F9FDDF824E017F0020F0A9C9DF82C90F2
:101860000E9DDDE90C8629D1002D66D1B44225D22A
:10187000202C07F0010B00F00A8104F1FF3C4FF02F
:10188000300AF44401E0202C76D00134A6420CF852
:1018900001AFF8D8BBF1000F10D0AC420ED2202C13
:1018A00070D004F1FF3C4FF0300AF44401E0202CEA
:1018B00022D00134AC420CF801AFF8D117F0100F70
:1018C00031D017F4806F4CD1DCB9B8F1100F00F0B3
:1018D000B880B8F1020F00F0C28030248EF80040CA
:1018E0000124B9F1000F5AD17E0740F186802B26E2
:1018F0000EF80460013418E0FC0673D57C052FD483
:101900002024A64201D0AC422BD1661E00F0868076
:10191000B8F1100F00F0C080B8F1020F5BD04FF0AB
:10192000300C0EF806C0202CDBD1CDE90B57CDE9E9
:1019300009E4BDE8F04FFFF73DBF17F0010B3AD0C7
:10194000B9F1000F4CD117F00C0F49D1B442A4D219
:10195000202C92D1202D15D817F0100FB1D1E4E72B
:101960002024B8F1100F3FD0B8F1020F2FD0202C57
:10197000DBD026460134D2E7BBF1000F00F09D809A
:10198000202DB9D9FC062DD57C052BD4202E00F0B6
:10199000A280202DE4D120251F262C46B8E72D2635
:1019A0000EF804600134CDE90B57CDE909E4BDE838
:1019B000F04FFFF7FFBEB44280D2202C7FF45DAF22
:1019C00017F0100FB1D017F4806FCAD199E7202C0F
:1019D000ABD0264601344FF0620C0EF806C0C6E7C5
:1019E000013DB3E72024A0E7BE060DD4202C9CD0F7
:1019F00078260EF804600134B9E73E0795D5202615
:101A00000EF80460013490E7202C8ED04FF0580C73
:101A10000EEB040686F800C00134A8E7B8F1100FF9
:101A200043D0B8F1020F7FF458AF62248EF8004023
:101A300030248EF801400224B9F1000F3FF454AF76
:101A4000ADE7BE0617D558248EF8004030248EF836
:101A500001400224B9F1000F3FF446AF9FE7622630
:101A60008EF80060302644468EF80160B9F1000F10
:101A70003FF43AAF93E778248EF8004030248EF894
:101A800001400224B9F1000F3FF42EAF87E7BBF10C
:101A9000000F7FF461AF93E7A4F1020C3446BE0659
:101AA00007D478260EF80C6063E7BC06CBD4782404
:101AB000BCE758260EF80C605BE717F0100F3FF4F8
:101AC00034AF17F4806F7FF430AF202E06D0202D76
:101AD0007FF447AF5FE734461F2619E71F2617E755
:101AE00000B9704701F05EBB10B1D1E90031184771
:101AF000704700BF000000002DE9F04F9DB09DED44
:101B0000267BDDE928A558EC177BCDE90C1283462E
:101B10001E463A464346384641468DED087B2A9C90
:101B2000FFF7D0FD002840F0D580384641464FF001
:101B3000FF32734BFFF700FE002840F0CB803846A1
:101B400041464FF0FF326FF48013FFF7CDFD0028C0
:101B500040F0C080DDE90878002238464146002385
:101B6000FFF7C2FD002840F0BB81CDE90A78DDE92E
:101B70000A231F46904614F4806308BF4FF0060AFC
:101B8000119358EA070340F0BF8014F4006300F09B
:101B90009F819FED597B00278DED0E7B4FF0000854
:101BA000BA45CCBFAAEB070A4FF0000A4746C8BFA8
:101BB0000AF1FF3A44F48064454594BF4FF00009B0
:101BC000A5EB080914F00203109304D0B8F1000F3C
:101BD00018BF4FF000093FB1DDE90A01DDE90E232E
:101BE000FFF7DAFCCDE90A01DDE908010022002354
:101BF000FFF77AFD30B1DDE90A01024601F1004349
:101C0000CDE90A239DED0A7B24F40063CDE902A906
:101C1000DDE90CA204938DED007B33465146584616
:101C200000F096F98146B8F1000F4FD014F0200F64
:101C30004A460CBF6520452033465146D84709F136
:101C4000010487EAE77C0DF1500908F1FF304B46AB
:101C50000022DFF8B080ACEBE77C4FEAD77E01E0F2
:101C6000202A10D0E246A8FB0C71C90801EB8107BD
:101C7000ACEB47073037BAF1090F8C4602F101028D
:101C800003F8017BECD805230590069300200A2376
:101C90000C9FCDE90330CDE9012E3346CDF80090FD
:101CA000224639465846FFF7D1FD109B81466BB15D
:101CB0000D9BC41AA54209D94A463346394620200D
:101CC0000134D847A54209F10109F5D848461DB0AD
:101CD000BDE8F08F9DED087BDDE90C1233465846D8
:101CE0008DED267BCDE92954CDF8A0A01DB0BDE82F
:101CF000F04F00F02DB900BF000000000000000010
:101D0000FFFFEF7FCDCCCCCCC7F30A50A0F2FF3061
:101D1000FFF790FC8AA3D3E90023FFF717FC8AA3FF
:101D2000D3E90023FFF7EAFBC7F31307CDE90E0160
:101D300047F07F51404600227B4B41F44011FFF7B2
:101D4000F1FB6BA3D3E90023FFF700FC02460B462F
:101D5000DDE90E01FFF7D2FBFFF790FC0746FFF726
:101D600069FC65A3D3E9002380468946FFF7EEFBB3
:101D700000226E4BFFF7C2FBFFF780FC034649468B
:101D8000404610935EA3D3E90023FFF7DFFB8046B4
:101D900010988946FFF74EFC5BA3D3E90023FFF7B9
:101DA000D5FB02460B4640464946FFF7BBFB0246C1
:101DB0000B4680468946FFF7C9FB42464B46CDE9B4
:101DC0000E0140464946FFF799FB0022CDE912017A
:101DD000DDE90E01564BFFF7DFFB0022554BFFF705
:101DE0008DFB02460B46DDE90E01FFF7D5FB002215
:101DF000514BFFF783FB02460B46DDE90E01FFF76F
:101E0000CBFB42464B468046894600204FF080413E
:101E1000FFF788FB02460B4640464946FFF76EFB3C
:101E200002460B46DDE91201FFF7B6FB0022434BE9
:101E3000FFF764FB109B002203F2FF3C4FEA0C53B8
:101E4000FFF784FB80468946DDE90A0142464B469E
:101E5000CDE90E89FFF748FC60BB4346494607F1D0
:101E60006302C72A34BF4FF004084FF0050822056B
:101E70007FF5A2AE0B433FF491AEDDE90A0124A346
:101E8000D3E90023FFF744FC48B1DDE90A0122A3AE
:101E9000D3E90023FFF728FC00287FF47FAEBAF1D6
:101EA000000F3FF489AE119B002B3FF485AE0AF181
:101EB000FF3A81E600221F4B40464946FFF76CFB84
:101EC0000A4601460346CDE90E12013F1146C6E718
:101ED0009FED137B1F464FF004088DED0E7B6BE6E4
:101EE00008F100430A970B9341E600BFAFF300806F
:101EF00061436F63A787D23F71A379094F930A406B
:101F00001655B5BBB16B0240EF39FAFE422EE63FE3
:101F10002D431CEBE2361A3F0000000080842E4166
:101F200000000000000000000000F83F0000E03F5B
:101F300000002C4000002440000018400000F03F4A
:101F4000FB799F501344D33FB3C8608B288AC63FA8
:101F50002DE9F04F97B0DDE92089CDE90401DDE9F5
:101F6000224BCDE90623404642464B464946DDF822
:101F700090A0FFF7A7FB002840F0C68140464946E5
:101F80004FF0FF326FF48013FFF7AEFB002840F0F4
:101F90001D81404649464FF0FF32C14BFFF7CCFB55
:101FA000002840F0E380B8A3D3E900234046494627
:101FB000FFF7C2FB002840F0CB80B5A3D3E9002394
:101FC00040464946FFF790FB002840F0C18040465C
:101FD000494600220023FFF787FB002840F0E080FD
:101FE0001AF480650D9000F0E980092C40F2978189
:101FF0000EAB1A460C9330210023A4F109050133DE
:10200000202B02F8011BA4EB030600F03A81AB423F
:10201000F5D19FED9D7B8DED087B49464046FFF74E
:102020002DFB0446FFF706FB02460B464046494699
:10203000FFF778FADDE90823FFF788FA02460B4636
:10204000CDE90A23FFF72CFB0746FFF705FB024605
:102050000B46DDE90A01FFF765FA02460B46CDE9BA
:102060000A2300228F4BFFF767FB002800F0DB807C
:1020700001373846FFF7F0FADDE90823FFF748FBA0
:1020800008B100270134002E40F0B1802046FFF750
:10209000D1FA02460B4640464946FFF743FA002272
:1020A000804B06460F46FFF71FFB40B930463946C6
:1020B00000227C4BFFF740FB002800F016810C9BB0
:1020C000691E7948194410E080FB0462C3EBA20347
:1020D00003EB8302A4EB420404F1300201351C46F9
:1020E00001F8012F002B00F0AB80202D4FEAE473A4
:1020F000EAD10AF00303012B1CD1BBF1000F19D068
:102100000D9B002B40F0FA801AF00C0F40F0F68087
:10211000AB4540F2D380202D0BD030220C996B1EA2
:102120000B4401355D4503F8012F00F08D80202D13
:10213000F7D12025DDE90623DDE904010C9CCDE97A
:1021400002BA01950094FFF735FB17B0BDE8F08F98
:10215000CDE92089DDE90623DDE90401CDE923BAD3
:10216000229417B0BDE8F04FFFF7C6BC4F4DCDF835
:102170008CA00AF0040ABAF1000F4D4C18BF2C468F
:10218000DDE90623DDE9040120940CBF03240424C7
:10219000CDF888B0219417B0BDE8F04FFFF70ABB27
:1021A000012142464B460D9100200021FFF7BAF96C
:1021B0001AF48065804689467FF417AF9FED367B21
:1021C0000EAB06268DED087B0C9326E70424DDE993
:1021D0000623DDE90401374DCDF88CA0CDF888B099
:1021E0002095219417B0BDE8F04FFFF7E3BA0C9BA0
:1021F000681EDFF8C4C018440DE0ACFB0732D208FB
:1022000002EB8203A7EB43033033092F00F8013FB1
:1022100027D917460D46202D05F1010106F1FF369D
:10222000EBD120254BE70022DDE90A011D4BFFF72A
:102230005BFA00287FF427AF002F5BD1013722E73C
:102240000AF00303012B76D0202D3FF473AF0D9BD2
:10225000BBB32D2205F158036B4403F8202C013544
:1022600068E72029DDD0AEB30C9B0E441D4430231B
:1022700001E0B1422FD00131202905F8013FF8D10A
:10228000CFE71D46C5E600BF0000000065CDCD418B
:102290000000000065CDCDC10000000080842E410B
:1022A000FFFFEF7F0000E03F67666666ECAE001060
:1022B000F4AE0010FCAE0010CDCCCCCC202D3FF401
:1022C00039AF1AF0040F0ED11AF0080F3FF432AFF5
:1022D0002022BFE70E462E2206F158036B4403F876
:1022E000202C751CEBE62B22B4E7E3077FF5E7AE65
:1022F0000134E4E6FA077FF5C6AE9FE70BF1FF3B3A
:10230000AB453FF608AF9FE70324DDE90623DDE98F
:1023100004010B4DCDF88CA0CDF888B060E7094BD7
:10232000264603EBC40393ED007B0EAB8DED087BDB
:1023300000250C9371E6BBF1000F85D0E0E600BFED
:10234000F8AE001008AF00102DE9F04F1C469B4D71
:102350009B4BB1F1000A18BF83461D602078994D50
:102360009BB008BFAB469146249E002800F0E78250
:102370000025B04609E02A464B465146D84701356C
:1023800001342078002800F0BD802528F3D10022F8
:10239000631C1C4613F8010BA0F1200110290AD878
:1023A000DFE801F03D09093A090909090909093776
:1023B000093409093100A0F13003092B099440F2D6
:1023C000B0802A2800F0CD802E284FF0000600F0C3
:1023D000B9800027A0F16803122B29D8DFE813F099
:1023E00005012800FE002800F4002800280028002D
:1023F00028002800280028002200280028002800A3
:1024000028002800220042F00102C2E742F0020246
:10241000BFE742F00402BCE742F01002B9E742F025
:102420000802B6E7099B42F4807258780133099399
:1024300067284AD824285AD9A0F12503422B56D818
:10244000DFE813F0F6005500550055005500550023
:1024500055005500550055005500550055005500D4
:1024600055005500550055005500550055005500C4
:1024700055005500550055005500550055005500B4
:10248000550055009E00DD009E005500550055008A
:102490005500550055005500550055005500550094
:1024A0005500550055005500550096015500550042
:1024B0005500550055005500550055005500960132
:1024C000FF0096019E00DD009E00A0F16901C9B2E7
:1024D0000F290CD8012349F241048B40234040F0DE
:1024E000DC810A2900F0E880072900F0C580099CFA
:1024F0002A464B4651460134D847207801350028FA
:102500007FF443AF2C462A46914502D809F1FF33A8
:102510001A464B4651460020D84720461BB0BDE81E
:10252000F08F2346002606EB860600EB460613F8DE
:10253000010F303EA0F130010929F4D909932E286A
:102540007FF447AF099B42F480625878591CA0F190
:102550003003092B40F2F2802A2800F0FE80099116
:1025600037E7434653F8046B9846099B002E58788A
:1025700003F10103BCBF42F0020276420993DEE799
:10258000672800F07581472800F0BA81452800F0DF
:10259000B981CDE9036208F10703029723F0070828
:1025A0002A46F8E802674B4651465846CDE900678F
:1025B000099CFFF7A1FA01340546E2E64923001021
:1025C000FC180020B1170010099B58786C2800F007
:1025D000B081013342F48072099329E7099B42F4E8
:1025E000007258780133099322E7099B58786828CC
:1025F00000F09981013342F08002099318E74628E0
:1026000008BF42F02002CDE9036208F107030297F8
:1026100023F007082A46F8E802674B465146584619
:10262000CDE90067099CFFF793FC01340546A8E655
:10263000099C2A464B465146252001340135D8478E
:102640009FE6940740F17E8158F8040B2A464B46DA
:102650005146C0B2D8476F1C012E98BF3D4608D9DD
:1026600035443A464B46514620200137D847AF42C1
:10267000F7D1099C013484E6404650F8041B002938
:1026800000F0D68042F0210612AA94460A9203E096
:10269000202B00F0D780114601F00F042246092CB0
:1026A00094BF303237320F290CF8012B03F10103AC
:1026B0004FEA1112ECD8C5E0C4465CF8041B087858
:1026C000002F40F0AF806FF0010858B108F1010809
:1026D0000B46884401E0434503D013F8014F002C1A
:1026E000F9D15B1A12F4806E02D0BB4228BF3B4680
:1026F00012F002020A9200F03E81002800F0BB8036
:102700008846BEF1000F00F000812A4664462F443F
:102710000B9307E04B465146D84718F8010F013597
:1027200010B12A46AF42F5D1A4460B9B0A9A002A63
:1027300040F0A180E046099C013422E6002707EB27
:10274000870700EB4700A0F1300711F8010FA0F157
:102750003003092BF3D909913CE64346099953F814
:10276000047B887802319846099127EAE77731E6B9
:10277000622800F08781582800F08D8112F4806370
:1027800000F0738122F0110E1EF4007C40F00F81E6
:102790001EF4807040F0D7811EF0400F424640F09A
:1027A0005E811EF0800F00F0898232F9041B904692
:1027B00081EAE17CACEBE17C1FFA8CFCCA0F0029BA
:1027C00000F0F481634612A98C46CDE90B28B74C82
:1027D0000A9101E0202810D09846A4FB0312D208E9
:1027E00002EB8201A3EB41013031B8F1090F13462E
:1027F00000F101000CF8011BECD8DDE90B28CDE954
:10280000056ECDE9010204970A9B2A4600930A232C
:1028100003934B4651465846FFF718F8099C054666
:102820000134AEE500283FF45DAF07F1FF384DE716
:1028300022F0100612F4806146F021063FF424AF26
:1028400012AA0A9201930A9B804600930823102043
:10285000059300232A46CDE9023051464B4658469F
:1028600006960497099CFEF7F1FF0134054688E5BA
:1028700042F400628DE69E422F467FF65BAF6446CF
:102880003544ED1A3A464B46514620200137D84789
:10289000AF42F7D1A446E0464DE7782840F02181C9
:1028A00012F4806300F0218222F00D0C10220B92B2
:1028B0001CF4007040F0FC801CF4807140F0B98181
:1028C000404650F8042B1CF0400F804600F0AC81CD
:1028D000D2B2002A40F011812CF0100C002B00F035
:1028E0000C81114612AB0A930B9BCDE9056C049742
:1028F000039301912A460A9B00930023029388E7E1
:1029000042F4006242F0200243E61C4667462A4633
:102910004B465146D84718F8010F01350028F6D12B
:102920002346BC4602E79878023342F0C00209937E
:102930007EE59878023342F44072099378E50446C4
:102940000246E1E5012E40F2C6812F466B1E9C191E
:102950003A464B46514620200137D847A742F7D187
:102960003A46354458F8040B4B465146C0B2D84756
:10297000099C013405E59E4240F2B0816446CDE9F0
:102980000BE106EB0508A8EB03082A464B46514627
:1029900020200135D8474545F7D1DDE90BE108781E
:1029A000A446731C00287FF4ABAEE046C3E608F1F2
:1029B000070222F007029046526858F8081BD40F0D
:1029C00051EA020054D1002B40F08081194612AA2E
:1029D0000F954FF0000C1546CDE90B48CDE90D677A
:1029E00032480A9202E0BCF1200F2DD05A1842F171
:1029F0000002A0FB027828F0030707EB9807D21B20
:102A00001E469B1A61F100070C464FF0CC3101FBCA
:102A100003F100FB0711A3FB00731944052307F022
:102A20000108A8FB03389B180A2E03F130034FEA74
:102A3000570774F1000405F8013B0CF1010C47EA5B
:102A4000C1734FEA5101CED20F9DDDE90B48DDE99C
:102A50000D67CDE9056ECDE901C40497D4E652F8BF
:102A6000041BC9B290468C46A8E622F0100E8BE6F5
:102A7000002A0B4601DB1146A9E74B4262EB4202FA
:102A80001146A4E712F4806300F0E78022F00D0CF9
:102A900002220B920CE712F4806300F0248122F0F2
:102AA0000D0242F0200C10220B9201E7CDCCCCCCD1
:102AB00008F1070222F007029046526858F8081BF6
:102AC00010460A4378D12CF0100C002B74D000244F
:102AD00012AB0A930B9BCDE9056C04970393019409
:102AE00008E76F2840F00D8112F4806322F00C0C8F
:102AF00040F0018108220B92DAE61CF0200F14BF8F
:102B00004123612312A886460A90CDE90C860B98D2
:102B1000A3F10A0402E0202912D04246B2FBF0F8E9
:102B200000FB1826F3B2092E03F130068ABF1B19E9
:102B3000F3B2DBB282420EF8013B01F10101EAD2AD
:102B4000DDE90C86D0E6414651F8040BC20F00289F
:102B500000F0AE8080EAE073A3EBE07312A8CDE949
:102B60000B26DFF8C4810A9002E0BCF1200F0FD0E1
:102B70001E46A8FB0342D20802EB8204A3EB4404E6
:102B80003034092E13460CF1010C00F8014BECD83F
:102B9000DDE90B260A9BCDE901C200930A232A46F0
:102BA0008846CDE9056E0497039332E6002B3FF487
:102BB0000AAE12AB0A9322E61CF0200F14BF412389
:102BC000612312AA0A3BCDE90C86CDE90E75CDF83A
:102BD00044B0002490460E4605469B460B9F0A9241
:102BE000CDF840C003E0202C17D006460D462946FC
:102BF00030463A46002308F04BF8D2B2092A02F1D7
:102C0000300388BF02EB0B03BE42DBB275F1000557
:102C100008F8013B04F10104E5D2DDE90C86DDE9A9
:102C20000E75DDE910CB55E71CF0800F18BF92B28E
:102C30004FE6414651F8042BA2B92CF0100C8BB191
:102C400012AB0A930B9B2A4603930A9B8846CDE955
:102C5000056C0497019000934FE622F00C0C0222C1
:102C60000B9225E61CF0200F14BF4123612312AC08
:102C7000A6460A94CDE90C670B9CA3F10A0802E072
:102C8000202812D03A46B2FBF4F704FB1726F3B221
:102C9000092E03F130068ABF4344F3B2DBB2A242ED
:102CA0000EF8013B00F10100EAD2DDE90C67C9E74B
:102CB000002B3FF453AF12AB0A936BE752F8041B9F
:102CC00081EAE17C9046ACEBE17C77E512AB4FF01A
:102CD000000C0A93BDE62A46013543E6013300287D
:102CE0007FF40EAD61E642F0200222F00C0C1022BF
:102CF00000230B92DCE5964608220B922EF00D0C79
:102D0000D6E5692822F0100E04D112F480633FF456
:102D10003BAD37E522F01C0C12F480634FF00A0241
:102D20000B92EBD1C4E500BFCDCCCCCC70B59446B2
:102D30001E4605460C4684B04FF0FF32634602A99A
:102D400000960348CDE90254FFF7FEFA04B070BDC7
:102D5000E91A001010B5094B84B01C684CB1034649
:102D600000914FF0FF3203A90548A047012004B0AD
:102D700010BD00F059FA204604B010BDFC18002028
:102D8000E11A001000BEFDE7074A0346106838B19B
:102D9000064903448B428CBF4FF0FF3013607047ED
:102DA000034908461160F3E7F818002000000820E6
:102DB0003019002008B5FFF7E5FF00BF38B5064D14
:102DC000064CFEF78FFAAC4204D254F8043B984705
:102DD000AC42FAD338BD00BFFCAC0010F8AC001018
:102DE00003680846114618472DE9F04F437D824697
:102DF0008846174681B0002B47D0002A24DD0024E6
:102E000001252046DFF894904E1E04B3737806F136
:102E1000010B0A2B26D02B465E46BB4204F101046F
:102E200005F10105F1DB874204DD391ADAF80030DB
:102E300040449847B84418F8013CA3F10D03B3FA95
:102E400083F35B098AF8143001B0BDE8F08F737822
:102E500006F1010B0A2BDED19AF8143063B15E46FD
:102E60002B46DAE733780D2BF9D0A04204DA211A89
:102E7000DAF80030404498474846DAF8003002213A
:102E800098475E4628462B46C7E711464046DAF883
:102E9000003001B0BDE8F04F184700BF58AF001038
:102EA0000B682DE9F041802B0D46064605D05A1CD3
:102EB0002B442A601E71BDE8F0810F4B1C68A4B141
:102EC0000E4F01F1040801E0246974B12368002B5E
:102ED000FAD03B680BB1A342F6D1204641462A689E
:102EE000FFF782FF2469002CF0D1002301222B443C
:102EF0002A601E71BDE8F081F0180020F41800204F
:102F00002DE9F04782B00D46924699460746FEF7F6
:102F100029F84FF0FF366FF000442F4A821841F134
:102F20000003964274EB03013CBF324623462B4814
:102F300007F0BEFE6B1C804603D1384607F006FD45
:102F40000546274B274E1C68274BB9F1000F18BFC9
:102F50001E46B4B1BAF1000F1AD1DFF8909001E02B
:102F6000246974B12368002BFAD0D9F800300BB172
:102F7000A342F5D120462A463946B0472469002CA1
:102F8000F0D1B8F1000F1FD1284602B0BDE8F0879C
:102F90004FF00A0ADFF8549002E02469002CF0D0C8
:102FA0002368002BF9D0D9F800300BB1A342F4D13B
:102FB00020462A463946B047204601220DF1070136
:102FC0008DF807A0B047E8E7044807F065FE2846FB
:102FD00002B0BDE8F08700BF40420F00481100205A
:102FE000F0180020E12D0010E92D0010F418002049
:102FF000F0B583B006468DF80700FDF7B3FF4FF03C
:10300000FF356FF00044174A821841F100039542E2
:1030100074EB03013CBF23462A46134807F048FEE1
:10302000124B07461C689CB1114D01E024697CB12C
:103030002368002BFAD02B680BB1A342F6D12046AF
:1030400001220DF10701FFF7CBFE2469002CEFD11F
:1030500017B9304603B0F0BD034807F01DFE3046F7
:1030600003B0F0BD40420F0048110020F0180020CE
:10307000F4180020084A136823B90AE003F110028B
:103080001B6933B19842F9D129B903691360016111
:10309000704701B110607047F018002008B500F0CB
:1030A0001FFA012008BD00BF2DE9F04182B006469D
:1030B000FDF758FF4FF0FF326FF00043361841F133
:1030C0000007B24273EB07013CBF16461F46DFF80C
:1030D0006080154DD8F8004014B912E0246984B11D
:1030E0002B680BB1A342F9D1A368002BF6D00121C4
:1030F00001A898470028F1DD9DF8040002B0BDE862
:10310000F0810A4B5A6A974209D89B6AB34204D3AA
:103110006FF0010002B0BDE8F0819742F8D10120C4
:103120000021FDF729FFD5E7F418002000000B402F
:10313000F0180020F0B5174B85B01A68164E5F687E
:10314000164D0192346814B911E024697CB12B68E2
:103150000BB1A342F9D1A368002BF6D0012103A83B
:1031600098470028F1DD9DF80C0005B0F0BD0C4B30
:103170005A6A974209D89B6A01998B4203D36FF030
:10318000010005B0F0BD9742F9D101200021FDF703
:10319000F3FED7E710AE0010F0180020F41800205E
:1031A00000000B40F0B583B006468DF80700FDF730
:1031B000D9FE4FF0FF356FF00044174A821841F1F5
:1031C0000003954274EB03013CBF23462A46134893
:1031D00007F06EFD124B07461C689CB1114D01E0D3
:1031E00024697CB12368002BFAD02B680BB1A34271
:1031F000F6D1204601220DF10701FFF7F5FD246904
:10320000002CEFD117B9304603B0F0BD034807F0EA
:1032100043FD304603B0F0BD40420F00481100208E
:10322000F0180020F418002038B5044607F08EFB93
:10323000012305461A4620462946FFF761FE084B42
:103240001C682CB163682BB198472469002CF9D114
:10325000284638BD2469002CF4D1284638BD00BF6B
:10326000F01800202DE9F041A2B004460D46FDF70C
:1032700079FE4FF0FF376FF00046274A821841F180
:103280000003974276EB03013CBF3A46334623489E
:1032900007F00EFD00262B4607462246204801A9CE
:1032A0000196FFF743FD019B06467BB91D4B1C6849
:1032B0002CB1636843B198472469002CF9D10FBB46
:1032C000304622B0BDE8F0812469F1E7DFF8548090
:1032D000D8F80050EDB1144C01E02D6975B12B68A0
:1032E000002BFAD023680BB1AB42F6D12846019AE5
:1032F00002A9FFF779FD2D69002DF0D1D8F8004023
:103300000195D5E7054807F0C7FC304622B0BDE877
:10331000F0810195D3E700BF40420F004811002023
:10332000A12E0010F0180020F41800200FB400B5F2
:1033300083B004A951F8040B0191FFF793FF03B088
:103340005DF804EB04B07047B1F1000C1DDD0F4ACD
:103350000F4B126830B5D31AB3FA83F30D240D4D19
:103360005B09411E35F913E08C4411F8010F8645C5
:1033700006D093699B06FCD461451060F5D130BD41
:1033800093699D06FCD41460F3E770472819002068
:103390000080074024190020B1F1000C03462DDD08
:1033A00000201F4A591E12689369DB0617D40130AA
:1033B0009369DB06FCD41368844501F8013FF3D11F
:1033C000184B1B684BB150211346916353F8342FAF
:1033D00002F0380203F580531A6060467047114BC3
:1033E0001B684BB150211346916353F8342F02F000
:1033F000380203F580531A6078B17047094B1B6897
:103400005BB1074B50211A681346916353F8342F70
:1034100002F0380203F580531A606FF00200704723
:1034200028190020BC180020054B1B6833B100216F
:10343000044A05481268006891631847704700BF46
:10344000BC18002028190020C0180020024B1A6860
:1034500093691B07FCD470472819002070B51B4ED8
:103460001B4D32680446AA420CBF2225212520B1FB
:10347000184A0B46116889B170BD164E3368002B8F
:10348000FAD0014690632846FDF772F828461249A3
:10349000FDF7B4F8114B34601C6070BD10600F4A2A
:1034A00028460D491360FDF779F801212846FDF7FC
:1034B0005FF8326850211346916353F8342F02F0BD
:1034C000380203F580531A6070BD00BF2819002030
:1034D00000800740BC18002029340010C0180020CC
:1034E00010B50E490E4C0F480F4A104B0078216062
:1034F0000020022112781B78FCF798FF022101209E
:10350000FCF794FF4FF4E1312068FDF763FDBDE85F
:10351000104001210648FFF7ADBD00BF0000074085
:1035200028190020A0B300109CB3001098B300101D
:103530009C080020184A11F0805F184B18BF1346F2
:1035400010B4046884EA010C1CEA030F14D044F39D
:103550000903013310D0124B0A40234043F09F432C
:1035600043F4E0039A4207D00B0D03F4E062B2F596
:10357000806F05D0002000E001205DF8044B70470B
:10358000C4F38922C1F389218A42F3D35BB204EBED
:1035900083240460EEE700BF00FCFF7F00FC0F7097
:1035A00000FC0F00034641F30902B2F1FF3F08BFE0
:1035B00001311A68C1F30901043211440020196075
:1035C000704700BF2DE9F0413E4CC66A0546A06633
:1035D000002E45D03746D0F82480E6602B6B002BB8
:1035E0004ED0E3614FF0FF364246FF21384607F0E8
:1035F0008DF8A36EFF215A6AE069266007F086F80D
:10360000A56E26616B6B002B49D06366AA6B4FF0E9
:10361000FF30002A08BFFF224FF0FF310023E2668F
:10362000C4E90801E96B40F2FE37994208BF6FF028
:1036300000412167296C1846994208BF3946224A41
:10364000C4E90B33C2E90133C2E90433A36242F88F
:10365000083C42F8043CE363A3646167BDE8F08181
:10366000D0F824804046FEF777F80746E06000284F
:10367000B4D1E068FEF78CF8A36E1B6B5BB907E072
:103680004046FEF769F8E0610028ABD1002EF0D08B
:10369000E069FEF77DF8A36E5B6B83B90CE0A86A66
:1036A000FEF75AF860660028B0D1EB6A002BE0D034
:1036B000A36E1B6B002BEBD0606EFEF769F86FF00A
:1036C0000B00CBE7D01200200C1300202DE9F04FA7
:1036D00083B00D9F002F6CD00546894616461C46C8
:1036E000DFF8FCA001F1FF3B2B689E4245D0DDF8DE
:1036F00034804346DAF868C09945DCF81000B4FB22
:10370000F0F300FB134316D8ABB90D9A904212D8D0
:10371000DCF8043021461F46B8FBF0F300FB1383AE
:103720000C9A00933046A8EB03030193B84790B37B
:1037300003B0BDE8F08F0BEB04020244B2FBF0FED5
:1037400000FB1E20121ADCF81800E11A1B1B824233
:1037500094BF9B181B18DCF824E0DCF80480734548
:1037600028BF73463046C5E90061EA68AB60C047D0
:103770000028DDD12B689E42B9D1D5E901130B4455
:10378000A342B4D9A14218D90D9BA1EB04089845D6
:1037900028BF9846AEE7009BA3EB08020D9B13449D
:1037A0000D930C9A019B1A440C921C440D9B002B08
:1037B0009AD1002003B0BDE8F08F1A1B0D9B0C9826
:1037C0009A4228BF1A46EB68611A1944034613440B
:1037D0000C930D9B14449B1A0D9306F021FFE5E713
:1037E000D01200202DE9F04F1E46DFF860B185B001
:1037F000DBF868C00E9CDCF81C30109FB34240F22E
:10380000A280DCF818309246E2199A4200F29B80BE
:10381000002F79D081460D460AF1FF330093B9F1AC
:10382000000F03D0D9F800309E4251D0DDF840801F
:103830002B689E4240D0DBF86800109B02699A45D5
:10384000B4FBF2F102FB114116D8A9B99A4213D880
:10385000436821460193B8FBF2F302FB138730461D
:10386000A8EB070302970F9A019F0393B84700281C
:103870003CD005B0BDE8F08F009B8769234413441A
:10388000B3FBF2FC02FB1C329A1A0B1BBA4294BF28
:103890009B18DB19426A611A934228BF1346D0F87D
:1038A0000480EA6830462E606960AB60C04700283B
:1038B000B5D005B0BDE8F08FD5E901130B44A342A4
:1038C000B9D9A14224D9091B884528BF8846B2E747
:1038D000D9E901130B44A342A8D9A1422AD9109BCC
:1038E000A1EB0408984528BF9846A1E7029F109BCA
:1038F000A7EB0802134410930F9A039B1A440F92EC
:103900001C44109B002B8AD1002005B0BDE8F08F2D
:103910001A1B424528BF4246EB68611A0F981944AA
:10392000034613440F93109B14449B1A109306F004
:1039300077FEE6E71A1B109B611A9A4228BF1A46C7
:10394000D9F80C30EAE76FF0010092E7D0120020BE
:1039500030B5082513460F4987B08A6E044604A87F
:103960009269019002955D6801F1100000951B6855
:10397000FFF738FF60B9049B22689A4208D0059D82
:1039800061688D4204D08B4202D0501B18BF0120C9
:1039900007B030BDD01200204368C1F309018B424B
:1039A0002DE9F04FD2E9009A1F4628BF0F46D0F804
:1039B00000B087B087B30024CDE90210DFF878802B
:1039C00004AE01E0A74224D9D8F86820391BD06999
:1039D00008290D4628BF082581450AEB040326D295
:1039E0009269E818904222D84A464046CDE90065DF
:1039F000FFF76CFE0BEB04012C4438B930462A4625
:103A000006F0DEFD0028DDD009DB022007B0BDE8AE
:103A1000F08FDDE902156B68994204D0F5D90120D9
:103A200007B0BDE8F08F002007B0BDE8F08F6FF061
:103A3000010007B0BDE8F08FD01200202DE9F0475B
:103A4000DFF890801E46D8F86830541E9D6988B013
:103A5000083DAC4230D30746B4FBF5F00138059180
:103A600007F012F93268023001323260A4EB8002B2
:103A70009542B2FBF5F41BD84FF00009059B06AD4B
:103A800004F0010ACAF10202920041463846CDE92B
:103A90000152CDF80090FFF7A5FE50B9BAF1000F22
:103AA0000FD13268023C02F10202079B3260E7D17B
:103AB000002008B0BDE8F087336800200133336090
:103AC000F7E73368013C03F101033360069BD7D16C
:103AD000EEE700BFD01200202DE9F04F85B014466C
:103AE00003914AB94FF0FF3300200E9A13600F9BE9
:103AF0001C6005B0BDE8F08FDFF8D8809946D8F893
:103B00006810541E8B690746A3F1080A544552D326
:103B1000B4FBFAF00138029107F0B6F80230A4EBDA
:103B20008004CA45B4FBFAF502994AD8B9FBFAF009
:103B30000138029107F0A8F8861CA9EB8606B6FBAF
:103B4000FAF6304607F0A0F8A9EB80040AFB164409
:103B50000299B5422DD94FF0040B4FF0010A0DF137
:103B60000C09029401E0D8F8681095FAA5F3AC1B93
:103B7000B4FA84F4B3FA83F3C4F11F049C4228BF5F
:103B80001C46C869039AA300824203F1040C1BD2AD
:103B900089698C4518D804213846CDE9009BFFF788
:103BA00095FD0AFA04F42D1B0028A2D1B542DAD8FB
:103BB000029C039B98E7CA4509D8B9FBFAF0002597
:103BC000B6E74C460026C4E76FF0010091E74C468B
:103BD000EFE700BFD01200202DE9F04F0746006844
:103BE00087B0C31C03D9002007B0BDE8F08FDFF811
:103BF000C8800C46D8F86810BB684A698D6802F125
:103C0000FF399944B9FBF2F302FB1393A9EB0309C3
:103C10004B46FA687968A8470028E5D1002C38D0CF
:103C20004FF0FF33C8F80030D7F804B0D7F80CC015
:103C3000D7F800A0B9F1000F2DD0039704466746CE
:103C400004AD01E0A14531D9D8F86820A9EB040101
:103C5000D06908290E4628BF082682450BEB0403CD
:103C600014D29269F018904210D852464046CDE9DD
:103C70000056FFF72BFD002807EB0401344419D14F
:103C80002846324606F09CFC0028DBD06FF001008D
:103C9000AAE7D7F80CC0D8F86830FF215A6A604606
:103CA00006F034FD4FF0FF333B609CE7039FD7F8ED
:103CB0000CC0F0E7EADA97E7D01200202DE9F047D0
:103CC000DDF820A0BAF1000F3FD016469946054610
:103CD0000F460023DFF88C8002680BE0D8F86820DC
:103CE00052692F60B6FBF2F402FB14643A46341BAF
:103CF000AB606C60BA42F1D16868B042EED8D8F8D7
:103D00006820516A0144B142EAD98A1B524528BF52
:103D10005246E968301A084449461644AAEB020A9A
:103D2000914406F07DFC6A68A968B21A8A4238BFDD
:103D30000A46D8F868100023496AAA608A4207D068
:103D4000BAF1000F01D02A68D4E70020BDE8F0875F
:103D500001212846FFF740FF00230028F0D0BDE8EE
:103D6000F08700BFD01200202DE9F047DDF820A039
:103D7000BAF1000F3AD0234D1646984681460F46B9
:103D800000232A6909E052692F61B6FBF2F402FBB5
:103D900014643A46341BAB616C61BA42AA6EF2D12C
:103DA0006869B042EFD8516A0144B142EBD98A1B2D
:103DB000524528BF5246E969301A08444146164424
:103DC000AAEB020A904406F02BFC6A69A969B21AB0
:103DD0008A4238BF0A46A96E0023496AAA618A420C
:103DE00007D0BAF1000F01D02A69D6E70020BDE85C
:103DF000F08749460448FFF7EFFE00230028F0D083
:103E0000BDE8F087D0120020E0120020F0B5426833
:103E100043690E4602F11001994285B000F23F81DC
:103E20000546042483689F4F29687B401BBA03938F
:103E3000002003AB0094FFF797FF0346002840F0F3
:103E40002B81E9689DF80C30974C83EA010202F05F
:103E50000F0254F8222082EA111282EA131303F0AF
:103E60000F0354F823109DF80D3081EA12110C2233
:103E7000009283EA010202F00F0254F8222082EA43
:103E8000111282EA131303F00F0354F8233083EA6C
:103E9000121C9DF80E209DF80F3082EA0C0101F0F3
:103EA0000F0154F8211081EA1C1C8CEA121202F056
:103EB0000F0254F8221081EA1C1183EA010202F079
:103EC0000F0254F8222082EA111282EA131303F03F
:103ED0000F0354F82330296883EA12136A68EB60F1
:103EE000043233466A60FFF73FFF0346002840F084
:103EF000D380D5F80CC03178727881EA0C0000F0DC
:103F00000F0054F8200080EA1C1C8CEA111101F00B
:103F10000F0154F8210080EA1C1082EA000101F030
:103F20000F0154F8211081EA101181EA121202F0F7
:103F30000F0254F8222082EA111CB178F27881EA4B
:103F40000C0000F00F0054F8200080EA1C1C8CEAE2
:103F5000111101F00F0154F8210080EA1C1082EACF
:103F6000000101F00F0154F8211081EA101181EADB
:103F7000121202F00F0254F8222082EA111C317949
:103F8000727981EA0C0000F00F0054F8200080EAFA
:103F90001C1C8CEA111101F00F0154F8210080EA79
:103FA0001C1082EA000101F00F0154F8211081EA8F
:103FB000101181EA121202F00F0254F8222082EA54
:103FC000111CB179F27981EA0C0000F00F0054F86D
:103FD000200080EA1C1C8CEA111101F00F0154F83A
:103FE000210080EA1C1082EA000101F00F0154F860
:103FF000211081EA101181EA121202F00F0254F826
:10400000222082EA111C317A727A81EA0C0000F0D7
:104010000F0054F8200080EA1C1C8CEA111101F0FA
:104020000F0154F8210080EA1C1082EA000101F01F
:104030000F0154F8211081EA101181EA121202F0E6
:104040000F0254F82200B27A80EA111082EA0001CD
:1040500001F00F0154F8211081EA101181EA1212C7
:1040600002F00F0254F82200F27A80EA111082EA7C
:10407000000101F00F0154F82110AF6081EA101126
:1040800081EA121202F00F0254F822006A6880EAF4
:1040900011110C32E9606A60184605B0F0BD6FF08E
:1040A0000A03F9E70CFCFF7F10B3001041F309038A
:1040B0002DE9F04FB3F1FF3F14BF894601F101092B
:1040C000164642680D46131D4169C9F309094B4460
:1040D0008B4287B000F2E480042304460093836897
:1040E00025F000414B401BBA039105930020216845
:1040F00005ABFFF739FE0290002840F09B80E16895
:104100009DF81430DFF8A08183EA010202F00F026B
:1041100058F82220002D82EA111282EA131303F0CC
:104120000F0358F823109DF8163081EA12119DF8FC
:10413000152082EA010707F00F0758F8277087EA71
:10414000111787EA121202F00F0258F8221081EAC2
:10415000171183EA010202F00F0258F8222082EAC6
:10416000111282EA131303F00F0358F823709DF81D
:10417000173087EA121783EA070101F00F0158F898
:104180002110626881EA171181EA131303F00F030B
:1041900058F8233002F1040283EA11136260E360ED
:1041A0004CDAB9F1000F43D04FF0010B029DDFF85C
:1041B000FCA00DF11307DAF86800D6E90023C16905
:1041C0002B448A42A9EB050E03F1010C05F1010510
:1041D0005DD2806984455AD871465046CDE9007B4E
:1041E000FFF774FA0346002853D16268CDF800B097
:1041F0003B462168FFF7B8FD0346002849D16268B5
:10420000E1689DF813300132626083EA010202F036
:104210000F0258F822204D4582EA111282EA131348
:1042200003F00F0358F8233083EA1213E360C2D17E
:10423000039BA360029807B0BDE8F08FCDF8009013
:1042400033462168FFF790FD40BBE368B9F1000FEA
:1042500016D0013E06EB090016F8012F82EA030191
:1042600001F00F0158F82110B04281EA131383EADC
:10427000121202F00F0258F8222082EA1313EBD137
:10428000E36063684B446360039BA360D2E76FF015
:1042900001030293029807B0BDE8F08F0290C9E7CE
:1042A0006FF00A03F5E700BF10B30010D012002032
:1042B0000068FFF7FBBE00BF2DE9F04FDFF8D8A282
:1042C0004268DAF86840054661698BB001F1070879
:1042D0009044B8FBF1F301FB1383A8EB03084245BC
:1042E00080F0538100231746DFF8B092A94E049363
:1042F00003930FE0C0F3090304331A4404F00044AD
:10430000444090451746C5E90124E96040F2B08079
:10431000DAF8684040F2FE310437A8EB0700884223
:1043200094BF07EB000B07EB010BC34504D2A8F1C8
:1043300008018B4528BF8B464FF0FF332968E069A1
:104340000793814280F00E81A0690BF1040484423E
:1043500000F20881042407A80A4600905B465046F4
:1043600021460194FFF7B2F910B1821C40F0F780AA
:10437000079C296824BAE4434FEAD47C0CF5A06C6E
:104380006A684FEA0C5CABEB0703A86843EA0C03CE
:10439000EF6843EA09035840079303BA87EA1060BD
:1043A00000F00F0056F82000089380EA171080EA0A
:1043B000131707F00F0756F8277087EA101C082715
:1043C000C3F30720009780EA0C0707F00F0756F8A1
:1043D000277087EA1C1787EA101000F00F0056F8C4
:1043E000200080EA171CC3F3074080EA0C0707F09F
:1043F0000F0756F8277087EA1C1787EA101000F09D
:104400000F0056F8200080EA171787EA136000F0C3
:104410000F0056F8200080EA171080EA137303F0AB
:104420000F0356F8237008AB87EA1017EF600020DF
:104430000997FFF799FC002840F09180039B4FF00B
:10444000FF3107986A68002B7FF454AFC0F309036B
:104450000433171D04F000441A44EB6844404245FD
:104460000397C5E9012417460493E960FFF450AFB0
:104470004FF0FF34DAF81000CAF80040C31C1DD812
:10448000DAF86820DAF81830516923440B4496684A
:10449000B3FBF1F201FB1232DAF814109B1ADAF8CE
:1044A0001C20B04700285AD1DAF86830FF215A6A38
:1044B000DAF81C0006F02AF9CAF810402B694345C7
:1044C0004CD2039AAB469146324FCDF81480039AF2
:1044D00002F10408984549D94FF0FF3400E0334613
:1044E0004B4503F10106A8EB030102D1049A944263
:1044F0003CD1DAF86800DBF80020C569AA4235D261
:104500008069864232D80120019008A80090224894
:10451000FFF7DCF818BB9DF82030B04583EA0402B1
:1045200002F00F0257F8221081EA141181EA1313E6
:1045300003F00F0357F823304FEA111283EA1114E6
:10454000CDD89A4212D140F2FE330598039A811ACF
:10455000994294BF5218D21882420CD300200BB05B
:10456000BDE8F08F4FF0A04C00240CE76FF0010085
:104570000BB0BDE8F08FA0F10803934228BF1346AB
:104580001A1D98420392A2D8E8E70023CDE903332D
:104590006EE700BF10B30010D012002000FC0F0027
:1045A0002DE9F04FDFF8C0A30C46DAF8686009681F
:1045B000F76997B0B942CDE90923209D80F0CD81FC
:1045C0006268974240F2C98100238346B069CDE911
:1045D000103303280DD90A46042110A80090019138
:1045E0005046FFF773F803460646002840F0CC819A
:1045F0006268DAF86830D9698A4280F0C3819B69C1
:10460000032B40F2BF81042111AB0093D648002355
:104610000191FFF75BF803460646002840F0B081A1
:10462000DDE910239B1A002B40F3AC81012300200D
:1046300016A954F8232083F0010E01EB830353F8ED
:10464000183CCBF8002054F82E10CBE9023002239E
:104650000B934FF0FF33CDF834E09E46DFF81C8318
:10466000CBF8041020959BF808C09BF809406FEA2E
:104670000C0707F00F0758F827709BF80A0087F01F
:104680007047FF4387EA1C1C0CF00F0C58F82CC035
:104690009BF80B108CEA171C84EA0C0707F00F0735
:1046A00058F82770DAF8683087EA1C1787EA14147C
:1046B00004F00F0458F8244012AE84EA171780EA79
:1046C000070404F00F0458F82440D3E9063584EABF
:1046D000171484EA101000F00F0058F820009542DB
:1046E00080EA141481EA040000F00F0058F820005A
:1046F00080EA141080EA111101F00F0158F82140EE
:104700009A4984EA101403C986E8030040F2B8828B
:1047100000214FF0FF370C9107914FF00409194623
:10472000CDF820E00397CDF818E009F10405A9427F
:10473000C0F0ED8004270FAB00938B484B460197E8
:10474000FEF7C4FF002840F03E829DF83C209DF813
:104750003D3082EA040101F00F0158F82110DDF824
:104760003CC081EA141484EA121202F00F0258F8D5
:1047700022109CFA8CFC81EA141183EA010202F0F7
:104780000F0258F8222082EA111282EA131303F072
:104790000F0358F823109DF83F3081EA12119DF85D
:1047A0003E2082EA010404F00F0458F8244084EA11
:1047B000111484EA121202F00F0258F8221081EA52
:1047C000141183EA010202F00F0258F8222082EA53
:1047D000111282EA131303F00F0358F82340039BCE
:1047E00084EA12148CEA0306002EB4460F96C0F237
:1047F000DD8146F30903B3F1FF3F14BFB64606F16E
:10480000010EDAF86820CEF3090E91690EF1040E5C
:104810000EEB09038B42039300F2C181300D00F4CB
:10482000E063B3F5A06F00F0E680BEF1040F00F086
:10483000A581CDE9046503E03D46DAF86820916979
:10484000D069DBF800206F1C824280F06E818F42BD
:1048500000F26B810126019614AE2B464248009669
:10486000FEF734FFC9F101025319002840F0B2806D
:104870000F999DF8502041F3090CBCF1FF3F14BF84
:104880000846481C82EA040C0CF00F0C58F82C5017
:1048900085EA141C8CEA121202F00F0258F822402A
:1048A000C0F3090204329A4284EA1C148C46C3D82D
:1048B000080DDBF8002000F4E063DDE90465002B5F
:1048C00066D10798C1F38923834201D3013307934B
:1048D0000A9B83EA0107099B1F400ED1CDE91425ED
:1048E0002298219B14AA98470028C0F2718140F0B9
:1048F00011810F9BDBF800200693DDF80C900396E6
:10490000DAF86830D3E906108242FFF40EAF0023D4
:10491000DDF820E08BF81630DBF80C30002B40F08F
:104920006D810D9B16AA02EB830353F8183CDBE95B
:104930000002CBF808300B9BCBE90020012B02D002
:1049400001230B938FE60A4C1346CDE9000440F295
:10495000E73208490848FEF7E9FC6FF001031E46FC
:10496000304617B0BDE8F08FD01200205CB30010C5
:10497000C8AD0010A4AF0010E8AF001010B30010D5
:104980000233EDD1002352E602333FF431AEE7E7C4
:10499000B3F5806F00F0CC80B3F5C06F98D100F014
:1049A00001030C93DAF86830D3E906108242AED2E4
:1049B00009F10C094945AAD312AB00930823BE485C
:1049C00001932B46FEF782FE0230A0D00F99DBF850
:1049D00000207DE7831CDDE9046540F0F780DBF80B
:1049E0000020DDF83CC061460023080D8BF816302E
:1049F00000F4E06363E7D369DBF800209A4286D2D3
:104A000009F10803994282D314AB0093AA482B46BC
:104A10000197FEF75BFE002840F0D580149BA3426F
:104A20007FF475AFDAF82C10E3B283EA010202F0EA
:104A30000F0258F822200F9882EA111282EA13130B
:104A400003F00F0358F82310C4F3072381EA12116F
:104A5000020D86EAC27740F30902B2F1FF3F08BFB8
:104A600001303A4647F30906B6F1FF3F08BF01326D
:104A700083EA010606F00F0658F82660C2F3090221
:104A800086EA111686EA131303F00F0358F8231071
:104A9000C0F30903043381EA16114B4402EB050904
:104AA000C4F3074282EA010000F00F0058F820002A
:104AB000039780EA111080EA121202F00F0258F8F0
:104AC000221081EA101181EA146202F00F0258F8F4
:104AD000222082EA111282EA147101F00F0158F8C3
:104AE00021104FF0FF3481EA1212CAF82C20CBE9D2
:104AF0000337079BDBF80020ABF814300C9B8BF8D6
:104B00001730139BCBF81C30129BCBF81830069B48
:104B10000893F5E60F9A0699684B51400B402BB36A
:104B200002282FD0DBF80020E7E6DDE904655AE72C
:104B3000079B40B203449BB2069F0793604B3B40E8
:104B400043F09F4343F4E0038B423B4612D05F1C8B
:104B50003FF4BEAEC3F38923C1F38927BB42FFF400
:104B6000B7AE069B03EB80230693B1E64FF0FF330D
:104B70000693D7E747F000430693A9E63146DBF8F2
:104B800000209CE6069BC2F38921C3F389238B4254
:104B9000C8D342F000430693DBF80020ADE6DDF811
:104BA00020E0DBF80C308BF81600B7E61B0D03F4A1
:104BB000E063B3F5A06F14D0DBF80C30DDF820E033
:104BC0008BF81600AAE6821C3FF4A1AE0646C7E6A3
:104BD000861CFBD1DDF820E0DBF80C308BF816707A
:104BE0009CE6DAF868305A69DBF80C30B3FBF2F077
:104BF00002FB1030B0FA80F04009DFE7DAF83C3011
:104C000076461A0D12F4E06F209D0FD0DAF840407E
:104C1000DBF800108C4221D0DAF84420DBF80400E5
:104C200082421BD0844219D0914217D03DB1BBF8CB
:104C30001420C6F38923934228BF13462B80002EED
:104C40003346BFF68DAEC3F38923BBF814209A42D6
:104C500094BF00236FF002031E4681E6089AC3F357
:104C60008923C2F389229A4240F2FF3116D0089874
:104C7000441C09D09A42D9D9A0F580631E46D5E7D5
:104C800000238BF816304CE62DB1BBF814308B4264
:104C900028BF0B462B8040F2FF33D6E7089B43F03A
:104CA0000043002DCFD0BBF81420C3F389239A42D0
:104CB00028BF1A462A80C8E7D012002000FCFF7FD8
:104CC00000FC0F002DE9F041002201261346CE61C1
:104CD0000C46054616461A4F84B001F118088A6141
:104CE000E269511C1FD0B96EC969B6EB510F23D2CE
:104CF000296899421CD06868904219D0984206F100
:104D0000010615D0914213D000224FF0FF33CDE9B8
:104D100001220092414620461A46FFF741FC40B965
:104D2000A369581CDCD16FF0020004B0BDE8F0812B
:104D3000002004B0BDE8F0816FF00100F9E700BF8A
:104D4000D01200202DE9F04FD0E903B489B082469B
:104D500088463C4DDFF8F490039421E0AB6EDAF81E
:104D60000020D9698A4267D29B699F4264D84FF07C
:104D7000040C03A95B46009128466146CDF804C0A7
:104D8000FEF7A4FC84EA0903002837D1039A2E49D0
:104D900012BA624022F000420B42039214D0144631
:104DA00044F30906B6F1FF3F14BF2346631C6FF0BE
:104DB0000302C3F3090303F10801D31A8B459B4493
:104DC0000BF10407CAD22BE0013629D0AB6EDAF81A
:104DD0000020C4F30905D9690C2D28BF0C258A428F
:104DE0002AD29B69E919994226D804AE3B46294646
:104DF000144801950096FEF769FCA8B100281EDB57
:104E0000D8E90052DDE90414D8F808300698694062
:104E100062404340C8F80010C8F80420C8F80830C1
:104E2000002009B0BDE8F08F0146C5F10C027019F1
:104E300005F06CFC2046E1E76FF00100F1E7C31CD0
:104E4000EED0EEE7D01200200000F07F0C00F07FE3
:104E50002DE9F04FD0E903B4DFF8648189B0D8F8C8
:104E60003C5082462F0D17F4E0678C46CDE90423B1
:104E700007940FD0D8F84030026893427FD0D8F81A
:104E80004400DAF80410884279D08B4277D082420D
:104E900075D000276FF00309CDF80CC004E0474B34
:104EA000614019424CD0144644F30905B5F1FF3F67
:104EB00014BF2246621CC2F3090202F108018B45AD
:104EC000A9EB020264D3D8F868109344C869DAF8F1
:104ED0000020824261D289690BF104068E425CD8BF
:104EE000042107A800905B4635480191FEF7EEFBD0
:104EF000002841D1079A200D12BA00F4E061039B0B
:104F0000624022F00042B1F5806F0792A3EB0701E7
:104F1000C5D1C4F3892CC1F3892EF445BFD8294BE0
:104F2000194041F0804141F480118C4230D0039B04
:104F300040B207EB8027D91B204B61401942B2D108
:104F4000013525D0D8F868300598C4F30905DAF89A
:104F50000020D969854228BF05468A421DD29B6937
:104F6000A919994219D80499334600911448294641
:104F70000195FEF7ABFBA8B109B0BDE8F08F124F69
:104F8000C5F38925CCF389239D4288BF002781E79B
:104F90006FF0020009B0BDE8F08F6FF0010009B0BA
:104FA000BDE8F08F0146059B04985A1B284405F084
:104FB000ADFBE01909B0BDE8F08F00BF00FCFF7F3A
:104FC000D012002000FC0F0000FCFFFF2DE9F04F85
:104FD000D0E903B4DFF8648189B0D8F83C50824648
:104FE0002F0D17F4E0678C46CDE9042307940FD00A
:104FF000D8F84030026893427FD0D8F84400DAF8FD
:105000000410884279D08B4277D0824275D0002735
:105010006FF00309CDF80CC004E0474B6140194222
:105020004CD0144644F30905B5F1FF3F14BF2246A6
:10503000621CC2F3090202F108018B45A9EB0202CE
:1050400064D3D8F868109344C869DAF80020824223
:1050500061D289690BF104068E425CD8042107A84D
:1050600000905B4635480191FEF730FB002841D1A6
:10507000079A200D12BA00F4E061039B624022F00F
:105080000042B1F5806F0792A3EB0701C5D1C4F3CD
:10509000892CC1F3892EF445BFD8294B194041F022
:1050A000804141F480118C4230D0039B40B207EB29
:1050B0008027D91B204B61401942B2D1013525D040
:1050C000D8F868300598C4F30905DAF80020D969E2
:1050D000854228BF05468A421DD29B69A91999427B
:1050E00019D8049933460091144829460195FEF7D2
:1050F000EDFAA8B109B0BDE8F08F124FC5F38925CC
:10510000CCF389239D4288BF002781E76FF002001E
:1051100009B0BDE8F08F6FF0010009B0BDE8F08F75
:105120000146059B04985A1B284405F0EFFAE01944
:1051300009B0BDE8F08F00BF00FC0F70D012002056
:1051400000FC0F0000FCFFFF002301222DE9F04FBF
:10515000994606461F468FB0CDE90733CDE909339E
:10516000CDE90B33DFF8F4B006930D92DBF868302D
:10517000DB69B9EB530F6DD24FF0FF33CDE9017707
:10518000009732680CA90232326006A81A46FFF76F
:1051900007FA0446002841D1BDF82C50A5B140F2D1
:1051A000022ADFF8BC80AD0244EA0801082304AA01
:1051B00006A8FFF70BFF002804F580642CDBBAEB90
:1051C000105F2ED0A542EFD10C9B013304D00D9B74
:1051D00009F101090133C9D1DBF828403CB937E0B6
:1051E00003F49013B3F5003F26D0246884B3A37969
:1051F000012BFAD1236B03F48812B2F5803FEFD173
:10520000D4E90A12002AEBD0334604F14000FEF73D
:1052100015FC18B9236BE3E7C31CD3D00FB0BDE86E
:10522000F08FDDE90412002ACCD033460020FEF7CF
:1052300005FC0028C6D0F1E7D4E90D21002AD4D01E
:10524000334604F14000FEF7F9FB0028CDD0E5E736
:105250000020E3E76FF00100E0E700BFD01200207C
:10526000080000202DE9F04F0B688BB08046914676
:105270000791059312B140F2FF3313804D4B08F1B3
:10528000180AD3E90823C8E906234B4A4B4C934636
:10529000CDF818A0059E2146304605F085FB37184D
:1052A00021460546384605F02BFB0128064669D005
:1052B000022802D13B782E2B6BD0BB199A460125D0
:1052C00005932146504605F06FFB82442146504627
:1052D00005F016FB90B1022802D001358244F0E7B8
:1052E0009AF800302E2BF8D19AF801302E2BF4D1F9
:1052F000013DF3D10AF102030593CBE73B78002B84
:1053000053D0079B1F604FEA1B53022B4FD140F233
:10531000FF33CBF3892B9B450AD02949082341EA67
:105320008B214046069AFFF751FEB0F1000B3CDBA3
:10533000DDF818A00DF1200B03E02ED198F81730FE
:105340006BB32F21384605F073FA8446BCF1000F89
:105350000CBFCC464FF0000C1A4D33464FF0F042D4
:1053600051464046CDF808B00195CDF800C0CDE9D2
:105370000876FFF715F90028DFDA024610460BB071
:10538000BDE8F08F059B5B5D2E2B96D1BB19059375
:1053900080E77B782E2B90D1F8E783467AE76FF091
:1053A000020210460BB0BDE8F08F5A46E6E76FF0F8
:1053B0000402E3E7D012002000FC2F0020B0001010
:1053C00008000020993900102DE9F04FD0E903546E
:1053D000DFF8688189B0D8F83C608346370D17F450
:1053E000E0678E46CDE90432079410D0D8F84030FB
:1053F0000268934200F08380D8F84400DBF8041080
:1054000088427CD08B427AD0824278D000276FF0DD
:105410000309DFF834A1CDF80CE004E0614011EAA3
:105420000A0F4BD0144644F30906B6F1FF3F14BFF0
:105430002246621CC2F3090202F108018D42A9EB67
:10544000020265D3D8F868101544C869DBF800205B
:10545000824262D28969281D88425ED8042107A849
:1054600000902B4635480191FEF730F9002843D1D2
:10547000079A200D12BA00F4E061039B624022F00B
:105480000042B1F5806F0792A3EB0701C6D1C4F3C8
:10549000892CC1F3892EF445C0D8294B194041F01D
:1054A000804141F480118C4232D0039B40B207EB23
:1054B0008027D91B614011EA0A0FB3D1013627D0EA
:1054C000059BD8F86810129E0433DBF80020C869E9
:1054D0002B44C4F30905B54228BF354682421CD28D
:1054E0008969E818884218D80499144800910195F0
:1054F0002946FEF7EBF8A8B109B0BDE8F08F114FCF
:10550000C6F38926CEF389239E4288BF00277EE713
:105510006FF0020009B0BDE8F08F6FF0010009B034
:10552000BDE8F08F0146129B04985A1B284405F0F1
:10553000EDF8E01909B0BDE8F08F00BFD0120020EF
:1055400000FC0F0000FCFFFF00FCF7FF2DE9F04F0F
:105550004FF0010B8146DFF858A595B0DAF85830C6
:10556000DAF85C20DAE9184008E0013CCAE917548F
:1055700050F82660314200F03A812A4602F01F01BD
:10558000934202F101054FEA52160BFA01F1ECD1F8
:10559000002C00F09482DAF86850DAF85420E969B7
:1055A0001344AA6AB3FBF1F501FB1533CAF8543072
:1055B000D3000026A34228BF23463146CAE9163647
:1055C00005F0A4F801213046B046CDE90C66CDE9DE
:1055D0000E66CDE91066CDE9056912961391DAF8E9
:1055E0006840059AE369B2EB530F80F07682DAF8EF
:1055F00054209A1A1044B0FBF3F503FB1500DAF8B7
:105600005850854211D90122DAF86450470955F8FB
:10561000273000F01F008240134345F82730E3692C
:10562000DAF85420DAF858509A1A0A44B2FBF3F127
:1056300003FB1122AA42C0F079814FF0FF33CDE97C
:1056400001881A46CDF8008012A90CA8FEF7A8FF21
:105650000746002840F0BD80BDF84450FDB1044627
:10566000AB02DFF850940493082308AA0CA844EA7C
:105670000901FFF7ABFC071EC0F2A88040F202222E
:10568000B2EB175F4FEA175300F0DC80B3F5007FF1
:1056900000F05C81049B04F580649C42E4D1129884
:1056A000411C05D0059B1399013305934B1C96D1E2
:1056B000DAF82850DDF8189055B94FE703F4901345
:1056C000B3F5003F00F07B812D68002D3FF446AF1D
:1056D000AB79012BF8D12B6B03F48812B2F5803F24
:1056E000ECD1D5E90A64002CE8D0DAF86880013CF6
:1056F000D8F81870083FBC42C0F0F481B4FBF7F052
:10570000013805F0C1FA831CA4EB8304B4FBF7F461
:10571000DAE91513D8F81C20049505F140081D4658
:1057200033460AAF9818411AB1FBF2F002FB10128F
:10573000AA420BD20126DAF86410500902F01F02C7
:10574000964051F82020324341F82020002C00F0F0
:10575000B381002204F001060092C6F10202920019
:105760004046D34901970292FEF73CF8002840F0EA
:10577000C581DAF86830002E40F0C881DA69DAF8BD
:1057800054100A9D501A2844B0FBF2FC02FB1C0086
:10579000DAF85850A84210D20122DAF864104FEA21
:1057A000501C00F01F0002FA00F051F82C200243B8
:1057B00041F82C20DA69DAE91515012014AB03EB66
:1057C0008000023E50F8283C3444ABE7FA1C3FF41A
:1057D00061AFBE46DAF86830DB6900200021CAE913
:1057E0001601CAF86030704615B0BDE8F08FDAF8DF
:1057F00054301A44DAF86830DB69B2FBF3F103FB8A
:105800001122C9F80020DAE916539D4214D001266E
:10581000DAF8601003E0AB42CAE917310CD05A093C
:1058200050F8224003F01F0206FA02F2224203F16E
:10583000010301F1FF31EED14FF0000E704615B0BB
:10584000BDE8F08FDDE90857002F3FF423AFDAF809
:105850006820013F9169A1F10806B74274D3B7FBF4
:10586000F6F00138079205F00FFA831CA7EB8303CB
:10587000B3FBF6F6079A2B46DAE91510D2699F18A2
:10588000791AB1FBF2F502FB151181420CD201220B
:10589000DAF864004D0901F01F0102FA01F150F835
:1058A00025200A4340F82520002E3FF4F3AE0AAA33
:1058B0000192002206F001050092C5F10202920059
:1058C00000207B490292FDF78DFF8446002840F0BE
:1058D0000781002D40F00A81DAF86870DAF8541078
:1058E000FA690A98531A0344B3FBF2F002FB10332F
:1058F000DAF858004FF0010C83424FEA531E0DD2E4
:10590000DAF8641003F01F0351F82E200BFA03F3AA
:105910001A4341F82E20FA69DAE9151014AB03EBAB
:105920008C0C023D5CF8283C2E44A8E70123DAF8F1
:105930006410500902F01F0203FA02F251F82030FD
:10594000134341F8203078E6002694E7DAF868003F
:10595000DAF85430C169089ACB1A1A44B2FBF1F54F
:1059600001FB1522DAF85850AA4212D20123DAF8C4
:105970006410550902F01F0203FA02F251F82530B3
:10598000134341F82530C169DAF85430DAF8585039
:10599000CB1A099A1344B3FBF1F201FB1233AB4269
:1059A000BFF478AE0122DAF86410580903F01F033F
:1059B0009A4051F82030134341F820306AE6D5E987
:1059C0000D46002C3FF480AEDAF86880013CD8F830
:1059D0001870083FBC42C0F08780B4FBF7F0013874
:1059E00005F052F9831CA4EB8304B4FBF7F4DAE965
:1059F000151305F14000D8F81C2005954FF000085C
:105A00001D46334604900AAF9818411AB1FBF2F0D4
:105A100002FB1012AA420BD20126DAF864105009D8
:105A200002F01F02964051F82020324341F8202016
:105A3000002C61D004F00106C6F102029200CDE90B
:105A400000871B4904980292FDF7CCFE8646002889
:105A50007FF4C0AE002E53D1DAF86800DAF85410A3
:105A6000C2690A9D531A2B44B3FBF2FC02FB1C33A0
:105A7000DAF85850AB4211D24FF0010CDAF864203A
:105A8000590903F01F030CFA03FC52F8213043EAD2
:105A90000C0342F82130C269DAE915154FF0010E06
:105AA00014AB03EB8E0E023E5EF8283C3444ABE7A9
:105AB000D012002008000020049D2B6BFEE5DAF8D0
:105AC0005400144C034440F202221349134800943A
:105AD000FDF72CFC6FF00A0E85E66FF0010E7CE6F8
:105AE000864677E6002413E6002480E7DAF868307B
:105AF000DAE91510DA6911E7059DE5E5864669E6FC
:105B0000DAF86830DAE91515DA69C9E7DA69DAE945
:105B1000151553E6C8AD0010A4AF001028B0001052
:105B200070B5044682B00430FFF710FD054688BB0F
:105B30002046FFF70BFD054660BB23461B4E53F87E
:105B4000082BB16EA060C86982422CD288690328F4
:105B500029D90421009330462B460191FDF7B6FD6B
:105B6000A368D0B9B16E0A6A002A0ADD013242F098
:105B70000102013B1344B3FBF2F102FB11329B1A09
:105B8000A3604FF0FF3304210022C4E90313C4E9EA
:105B90000523E361284602B070BD821CE2D00546B1
:105BA000284602B070BD2B46DDE700BFD0120020B2
:105BB0002DE9F04F8BB0054609A8FFF7C7FC5E4FF3
:105BC0000646C8B9BB6E0998DB6898470646C0B15F
:105BD000B01C11D1594C40F6FF12099B5849594845
:105BE0000094FDF7A3FB4FF0FF3309A83B61FFF7DB
:105BF000ADFC06460028E5D0344620460BB0BDE893
:105C0000F08FEA6B002A00F0958005F140040796BA
:105C100006942B6BD90241D5BB6EA9889C69701C78
:105C2000494BA04205F1080AA2EB060943EA81218B
:105C30007DD86FF0010805912B6C023306D1D5E9B0
:105C4000110303449E4201D2864264D2BB6E504689
:105C5000D3F810C0D3F824B00CF1FF344C443444D2
:105C6000B4FBFCFE0CFB1E4EB6FBFCF2A4EB0E04D8
:105C70005C4528BF5C460CFB1262B21AC5E91124D0
:105C8000EB6CC5F8408005990094FFF79DFB002858
:105C9000D2DA044620460BB0BDE8F08F4FF0010C7D
:105CA0000DF12304AB6B3946CDE900640698921BD5
:105CB000CDF808C0FDF796FD0028EAD10120234663
:105CC000324609990090FEF74FF800282BD1EA6B75
:105CD0000136B2429DD8079CBB6EF9695A6AE86CDE
:105CE00004F09EFC7B693A696B64BB69FF21AB647D
:105CF000BB6E2A645A6AF86904F008FD4FF0FF325F
:105D000020462B6B099943F40033A9632B633A6156
:105D10000BB0BDE8F08FEB6C301A1B5C0DF1230467
:105D20008DF82330CAE7831C3FF454AFB1E76FF01E
:105D30000100AEE70446CFE7D0120020C8AD001046
:105D4000A4AF001050B00010000010202DE9F04F5B
:105D5000036B82465C03894616468DB000F1438191
:105D60001805DAF834407CD4DFF8DCB33219DBF8FC
:105D700070108A4200F2E58113F4003716D1DAF888
:105D80002C20A24212D2CAF834200BAD012229469F
:105D900050468DF82C70FFF7D9FF00284BDBDAF85E
:105DA0003430A342F2D31C46DAF83030D90260D442
:105DB000002E3BD00AF14008374645469A033DD5B0
:105DC000DBF86810DAF83C208869824200F015811F
:105DD000DAF83810801AB84228BF384604460AE07C
:105DE000831C40F0F7805046FFF7E2FE002840F0A9
:105DF000F180DAE90E124B4628460094FDF75EFF6B
:105E00000028EDD1DBF868303F1BDA69DAF834306E
:105E1000A1442344CAF83430DAF83C302344CAF8A9
:105E20003C30DAF83030CBF86020C7D1304623F46C
:105E30000023CAF830300DB0BDE8F08FD90243D549
:105E4000DBF8682090696FF00101DAF83420CAF8B5
:105E50003810CAF83C20801A43F40033CAF83030B6
:105E6000B9E7DAF82C2094423CBF1446CAF8342033
:105E70007AE7DBF86800DAF82C203519416C954296
:105E800038BF1546476A002940F0B5808269D108BD
:105E900040F2FE32BA4228BF3A468A4228BF0A463A
:105EA000AA4285D2C369CAF83C405046CBF860305C
:105EB000FFF77EFEDAF83030002840F08D8023F4C2
:105EC0008013CAF8303073E7DAF834C0BCF1000F41
:105ED00040F09980DBF86810CB69CDE90896CBF8E3
:105EE0006030DAF83830CDF80CC00593079702958A
:105EF000CDF810A00AA8FFF729FB002868D10A9E58
:105F0000DBF868303046DB689847002850D1039BA7
:105F1000002B00F00681DBF868205C1E9569A5F176
:105F2000080A5445C0F08D80B4FBFAF0013806929F
:105F300004F0AAFE0230A4EB8004B4FBFAF420467D
:105F400004F0A2FE039B069AA3EB800C04FB1ACA82
:105F5000AA457AD0BAF1000F00F0D98000254FF0A1
:105F60000109059F0BAC05E0C24540F2A6804546FD
:105F7000DBF86820D06905F101088742AAEB05012A
:105F800080F0AC809269904500F2A8802B463A469A
:105F9000CDE900496C48FDF799FBC8B92A4623466C
:105FA00031460298CDF80090FDF788FE0028DBD03E
:105FB000821C0DD1654A33460092654940F6DB02EA
:105FC0006448FDF7B3F94FF0FF33049A136491E787
:105FD000DDF810A0DAF8303043F40023CAF830308E
:105FE0000DB0BDE8F08F00F0B7F800287FF423AFC4
:105FF000DAF83030B4E6C9084AE7DC023FF523AFEF
:10600000DAF834C068E70AF13C0201920AF138027A
:1060100000922846DAE90A120CF1FF33FDF75CFD25
:106020000028D7D1DBF86830FF215A6ADAF84C0033
:1060300004F06CFB4FF0FF33DAF834C0CAF840309C
:1060400048E79D4260D09A4688E7631C93FAA3FA1A
:10605000BAFA8AFA0AF10105059B0DF12C08002411
:106060004FF0040947460B9317E0544504F101042F
:1060700011D0DBF86820D06981422FD29069984214
:106080002CD30A4643460421CDE900792E48FDF77A
:106090001DFB00289CD1AC4225D04FEA84083B462A
:1060A000314642460298CDF80090FDF707FE0B9965
:1060B00008F104030028D8D07AE75246079F029DD2
:1060C000DDF810A0DBF868303146DDE90896CAE952
:1060D0000E129869DAF83030801ABDE66FF00100D0
:1060E000DDF810A076E73146DDE90896DDF810A06E
:1060F000A200CAE90E12DBF86830079F9869029D7A
:10610000DAF83030801AA7E682460125A4E7134664
:106110003146DDE908965246079F029DDDF810A042
:10612000D5E73146DDE90896DDF810A01A46CAE940
:106130000E13DBF86830079F9869029DDAF830305B
:106140008AE66FF0080076E6D0120020C8AD001095
:10615000A4AF001050B000102DE9F043036B0446CB
:1061600058039BB008D5D90258BF4FF0FF3223F433
:10617000802358BF226423639A0303D400201BB0FA
:10618000BDE8F08313F48011656B52D1542204A84A
:1061900004F0BCFAA36A4FF0FF370E930123D4F842
:1061A0002CE02C4E0DF1500C75451093CDF83CE0D1
:1061B00096E80F0011958CE80F00376018D2012285
:1061C0000DF10F0104A800F04DF80028D7DB0122E3
:1061D00020460DF10F01FFF7B9FD0028CFDB336832
:1061E000626B0133E36A32D09A4214973760E6D388
:1061F000DFF86890DFF86880174F04F140060FE081
:10620000831CBCD1A36B40F64E2241463846CDF8E4
:106210000090FDF78BF82046FFF7CAFC0028AED1AE
:1062200001213046FDF7D8FC0028E9D1D4E90C3231
:1062300003E0E26AAA4238BF2A46A16B23F4003386
:1062400043F48033C4E90A12C4E90C3596E79A4254
:10625000B5D3CDE7D012002050B00010C8AD00106B
:10626000A4AF00102DE9F04F036B8BB0039199039D
:106270008146144600F14C81D9F83480D9F82C308D
:10628000984580F05181A3EB0803A34228BF234621
:106290001E46002B00F097809B46A64C0793D9F82A
:1062A0003050A16E6A0351D5D9F83C60D1F818A0DE
:1062B00056454BD0AAEB06075F4528BF5F46EB0269
:1062C00059D509F10802B9F80480BB1902929A4A1B
:1062D000534542EA882800F21681002F00F00E8113
:1062E000039B0697CDE90473D9F84030023306D1F9
:1062F000D9E9112313449E4201D2964267D2A36E7C
:106300006FF001021F69C9F840207D1E55443544D5
:10631000B5FBF7FC07FB1C5CB6FBF7F2D3F824E0F7
:10632000A5EB0C05754528BF754607FB1262B21A2E
:10633000C9E91125D9F84C30414602980095FFF77C
:1063400043F80028D0DA0BB0BDE8F08F15F4801ABE
:1063500057D06FF001034646C9E90E38D1F818A0AE
:1063600045F48025AAEB06075F4528BF5F46EB0290
:10637000C9F83050A5D4CB69D9F8382009F14000CC
:106380009A4280F0C080BB19534500F2BC80039D47
:106390003346514601970095FDF798F90028D2D170
:1063A000D9F83C303B44D9F83420C9F83C30039B41
:1063B00007EB02083B44BBEB070BC9F8348003939F
:1063C0007FF46DAF079E30460BB0BDE8F08F049FA1
:1063D0009D1BBD4228BF3D46059BD9F84C10B21A03
:1063E000184611442B442A46059304F019F97B1BE7
:1063F0002E4404937FF478AF069FD9F83C303B4499
:10640000D1E7D9F82820D9F82C60099236B94FF095
:10641000FF33C9F83C60C9F838309FE78B69771EB5
:10642000A3F10806B74263D3B7FBF6F00138049135
:10643000029204F029FC831CA7EB83074645B7FBB7
:10644000F6F7029A049951D8B8FBF6F00138049196
:10645000029204F019FC00F1020AA8EB8A0ABAFBC6
:10646000F6FA504604F010FCA8EB800306FB1A363F
:10647000029A0499574536D909F14003CDF808B07E
:106480004FF001089B46049601E0099AA16E97FA25
:10649000A7F3A7EB0A05B5FA85F5B3FA83F3C5F1BF
:1064A0001F059D4228BF1D46C869AB00904203F1FD
:1064B000040C28D989698C4525D8042109AE584691
:1064C00001910096FDF702F908FA05F57F1B0028F7
:1064D0007FF439AF5745D8D8DDF808B0049E099A43
:1064E000D9F83050A16EC9E90E2637E74646C1E714
:1064F00046451DD85746B8FBF6F0A7E7D9F83480D3
:10650000C9F83C30CBE66FF001000BB0BDE8F08F6E
:10651000FFF722FE00287FF416AFD9F83480D9F8AF
:106520002C309845FFF4AFAE00200BB0BDE8F08FE3
:106530004646D8E7D0120020000010202DE9F04F89
:106540009946C3688FB0042B03D800200FB0BDE874
:10655000F08F4FEA8923CDE9062907468E464FF092
:10656000040B4FF0FF36CDE90431DDF8609023E0F5
:106570003146059AC1F3892494424FEA912316D3F8
:10658000069A944213D2C1F30A5282B140F2011525
:10659000AA4200F0F480B2F5817F00F00381049BF1
:1065A000199819440AAAC8470028CFD1F86808F1F9
:1065B0000408C3448345C8D2904B3A689B6ED9699E
:1065C0008A4280F094809B690BF104059D4200F2A1
:1065D0008E80042108AB009388485B460191FDF74B
:1065E00075F80028B2D1089B3A681BBA734043F093
:1065F000004646F30903B3F1FF3F14BFB04606F16E
:10660000010886F0005A1AF0C04AF8680B950896FF
:106610000A92C8F30908CAD145448542A8D2774BEB
:10662000CDF80CA09B6E3446D969B2468A425ED240
:106630009B692E1D9E425AD8042109AB00936F48D6
:106640002B460191FDF742F8002840F09380099B0A
:106650003A681BBA634043F000440C92C4F30A52F8
:106660000D960994200D4AB340F20116B24272D041
:10667000B2F5817F3ED0624A13F0805F614E08BF61
:106680001646089A84EA020C1CEA060F56D042F31A
:106690000906013652D05C4E23F00043164023F425
:1066A0007F7346F09F4623F0030346F4E0069E42C4
:1066B00044D000F4E061B1F5806F41D044F30902A9
:1066C000B2F1FF3F14BF2346631CC3F30903F8680C
:1066D00004331D44854204D356460899DDF80CA0C6
:1066E00047E7464B3A689B6ED9698A42A0D36FF060
:1066F00001002BE7C3F30903002BDFD0089EC4F38E
:10670000892046F3090201324FEA802016D003EBBC
:1067100043030CA9A64601EB830301E099423FD055
:1067200091F800C08A680CF5407C0243354C42EA7F
:106730000C527240224201F10C01EFD1564635E76E
:10674000C4F38923C2F389218B42B7D840B202EB4C
:1067500080220892B2E7C3F3090108AB01932B4BE7
:106760004A1C0093C4F389235B1A0CA8FFF7E6FECA
:106770000028A3D000285646BFF618AFE6E6079AD1
:10678000C1F30901631A1344199A1BB2CDE90092AF
:106790000AA84A1CFFF7D2FE00283FF407AFD5E64F
:1067A00074468BE7C1F3090100293FF400AF03975A
:1067B0001A465746079DB2460AAC4E46DDF864902D
:1067C00000E0920A2078A168C2F3090200F5407047
:1067D00041EA005C5119484662684CEA8121B047A1
:1067E00001370C3400287FF4B1AE089AC2F30901D6
:1067F0008F42E6D3B146039F5646D7E6D01200201B
:1068000000FC0F7000FCFF7F00FC0F00353500100E
:106810002DE9F04FDFF850A69FB0DAF82840054682
:106820000E460768049254B935E0E1686A688A4206
:106830000CD093420AD0B94208D024685CB304F16A
:1068400008039D42F9D0A368BB42EED1A379012B86
:10685000F3D1236BDB02F0D5DAF86830E16A5A6ACB
:106860009142EAD9626BDB692046E263CAF8603084
:10687000FFF79EF9002840F01782236B204623F48F
:1068800080132363FFF768FC002840F00D82246822
:106890002F68002CD3D1AC466B680EAC0793BCE8D4
:1068A0000F000FC49CE80F0084E80F00049B002B2E
:1068B00000F08A8040F201413368C3F30A528A42F1
:1068C0004FEA135000F0D48240F2FF418A4200F0B8
:1068D000DF8200F4E063B3F5C06F07D1736800F0A6
:1068E00001001A68AA615B68E875EB61049B012BE3
:1068F00018BF002268D040F20140B368C3F30A51C8
:1069000081424FEA135400F0B78240F2FF408142C7
:1069100000F00B8304F4E063B3F5C06F07D1F368B4
:1069200004F001041968A9615B68EC75EB61049BD4
:10693000022B44DD40F201403369C3F30A51814226
:106940004FEA135400F09C8240F2FF40814200F075
:106950000C8304F4E063B3F5C06F00F0BD82049BC8
:10696000032B2CDD40F20140B369C3F30A5181428D
:106970004FEA135400F0888240F2FF40814200F059
:10698000038304F4E063B3F5C06F00F0AE82049BB0
:10699000052B14D140F20140336AC3F30A518142FE
:1069A0004FEA135400F0B88240F2FF40814200F0F9
:1069B000F58204F4E063B3F5C06F00F09F821AB172
:1069C000AB8A002B00F07C82AB7D002B40F08680F0
:1069D000AB8AFE2B00F282800193002300934FF0DC
:1069E000FF333146CAF8103028462B46049A00F08F
:1069F00061FC8446002840F01681DAF82880B8F15E
:106A0000000F00F0FB814446AB46CDF8148040F205
:106A1000FF4E40F20149DDF81C80049D0AE0E26867
:106A200090450ED098450CD0BA420AD02468002C6C
:106A300000F0CE8104F1080CE345F7D0A368BB4217
:106A4000EDD1DA46BAE80F00ACE80F009AE80F0083
:106A50008CE80F00002DE9D03368C3F30A52724569
:106A600000F029814A4500F05C81012DDED0B36839
:106A7000C3F30A52724500F030814A4500F0988114
:106A8000022DD3D03369C3F30A52724500F0378127
:106A90004A4500F0C881032DC8D0B369C3F30A5238
:106AA000724500F073814A4500F0CD81052DBDD1BE
:106AB000336AC3F30A52724500F0A3814A45B5D147
:106AC000A288C3F389239A42B0D3A3790132022B5F
:106AD000A280ABD1A36A0133A362A7E74FF0FF33D3
:106AE000DAF8682019932B68D5F80CB02C69169346
:106AF000536CCDF85CB0CDF868B01894002B00F062
:106B0000D880083B1B9316AB08932B46DDF81090FA
:106B100059464D46B0469946059706961CE0002D0D
:106B20004ED0D8F80010D8F80420013D099108F1A2
:106B30000808C1F30A536BB140F2011083427DD0C3
:106B4000B3F5817F00F0FD800898FDF7AFFA0028CB
:106B500040F08580D9F80C1044F30902B2F1FF3FF0
:106B600014BF2346631C0BF10402C3F309039E18F0
:106B70008E42D4D2DAF86810D9F80020C86982426F
:106B800080F035828969371D8F4200F230820423FC
:106B9000019309AB009304213346B348FCF796FDFB
:106BA00000285CD10999D9F8003009BA614041F058
:106BB0000041B3460C460B9709910A930AAAB8E71D
:106BC000DAF83C20DAF83030DAF838105340DAF8E6
:106BD0004420DAF834005140DAF848204D4653405A
:106BE000DAF8402023F47F734240DAF84C0023F0B7
:106BF00003034240DAF850000B9241400A431A4323
:106C0000059F069E0A930C9140F0998116A8FDF706
:106C100053FB8446002800F045811CF10B0F25D062
:106C20001CF1020F22D00EAC0FCC0FC594E80F0060
:106C300085E80F0060461FB0BDE8F08F8B4B104613
:106C40000093C1F30902C1F3892308A99B1A01919A
:106C500011460132FFF772FC00283FF47BAF8446F7
:106C60004D46059F069E1CF10B0FD9D1AB8AB3E6AA
:106C700005F1200805F10806AA88AB8B9A42A2EB21
:106C80000301C0F0B880EB7F002B00F0B4804FF020
:106C9000FF33A980304641461A46CDE901440094AD
:106CA000FDF77EFC0028E7D0844660461FB0BDE8B3
:106CB000F08F936925E7A288C3F38923934200F0FC
:106CC0002681BFF4D2AEA379013A022BA2807FF4D1
:106CD000CCAEA36A013BA362C7E6A288C3F38923B3
:106CE000934200F01D81BFF4CBAEA379013A022B91
:106CF000A2807FF4C5AEA36A013BA362C0E6A2886E
:106D0000C3F38923934200F02B81BFF4C4AEA3796F
:106D1000013A022BA2807FF4BEAEA36A013BA362BC
:106D2000B9E6A288C3F389239A42FFF49EAEA37901
:106D30000132022BA2807FF498AEA36A0133A362D2
:106D400093E6C1F30903002B3FF404AF1746002676
:106D500005E00999C1F309039E42BFF4FBAE3A78FE
:106D6000BB6802F5407243EA0253C1F389217A6895
:106D7000089843EA8121FDF799F901360C3700287C
:106D8000E7D084464D46059F069E6CE7A288C3F374
:106D90008923934200F0F380BFF488AEA379013ACF
:106DA000022BA2807FF482AEA36A013BA3627DE640
:106DB000A288C3F3892393423FF662AEA3790132DE
:106DC000022BA2807FF45CAEA36A0133A36257E674
:106DD000DDF81480DDF81C904546AB68BB423FF4FB
:106DE00047AFEA6891453FF443AF99453FF440AF60
:106DF000BA423FF43DAF2D68002DEED14FF0000CAC
:106E000053E7A288C3F389239A4200F0CB807FF630
:106E10000DAEA379013A022BA2807FF407AEA36ADC
:106E2000013BA36202E6A288C3F3892393423FF6A3
:106E300032AEA3790132022BA2807FF42CAEA36A7A
:106E40000133A36227E6A288C3F3892393423FF666
:106E50002DAEA3790132022BA2807FF427AEA36A64
:106E60000133A36222E600BFD0120020B14200101D
:106E7000AB8A0133AB8239E5AB8A0133AB8256E58D
:106E8000AB8A0133AB826AE5AB8A0133AB827EE524
:106E9000AB8A013BAB82049B012B18BF01227FF41C
:106EA0002AAD8DE5189A544B2A61179AEA60C3E916
:106EB0000400CAF8480013E9070083E807009CE5CE
:106EC000284616A9FDF7FEFE844600286FD010F173
:106ED000030F7FF4A8AE77E5736904F00104196825
:106EE000A9615B68EC75EB6139E5F36904F00104B5
:106EF0001968A9615B68EC75EB6148E5736A04F099
:106F000001041968A9615B68EC75EB6157E54FF006
:106F1000FF33C4E90233A8E5AB8A0133AB824EE507
:106F20004FF0FF33C4E90233AAE5AB8A013BAB82E1
:106F3000049B022BC8BF01223FF7FCAC40E528466A
:106F40000AA9FDF7FFFE844600287FF46CAE0AA96B
:106F500016A8FCF75BFF844600283FF457AE5CE6BA
:106F60004FF0FF33C4E9023395E5AB8A013BAB82B6
:106F7000049B032BC8BF01223FF7F4AC20E54FF080
:106F8000FF33C4E9023391E5AB8A013BAB82049B3A
:106F9000052B08BF01223FF4FDAC11E5AB8A013B94
:106FA000AB820DE54FF0FF33C4E902333EE59DF8B7
:106FB0006F30002B3FF408AD28461049FDF7C2FEA4
:106FC000844600287FF42FAEEA7D0D4B02F5C062A7
:106FD00043EA02530A9316A805F118030AA90B9372
:106FE00001F0A4FF844600283FF4EEAC1BE64D46BA
:106FF000059F069E3AE600BF0C13002018130020E0
:1070000008FC0F002DE9F04FDFF89C920368D9F8D7
:10701000202005469A420F4691B008D04068D9F822
:107020002410814203D0994201D0904205D13B689F
:10703000C9F820307B68C9F82430D9F8283013B952
:1070400023E01B680BB32A689968914255D06C689D
:10705000D868A04251D090424FD08C424DD09A79FE
:10706000022AEED12A68D96A914207D06C68186B5F
:10707000844203D0904201D0A142E2D13A68DA6260
:107080007A681A631B68002BDDD100260123CDE945
:107090000E63DFF818B2DFF818A2D9F868300EA92D
:1070A000DB69B6EB530F06F1010680F0A380D5E94A
:1070B00000344FF0000804A8CDE901B00493734AEE
:1070C000534608A8CDF800800594FDF769FA0446F8
:1070D00008B1C21C48D10E9B013302D00F9B013373
:1070E000DBD1284608A9FDF7EDFD044650B1C31CCD
:1070F00035D0204611B0BDE8F08F3A689A607A68C2
:10710000DA60ACE7D9F83020130D13F4E06F11D03A
:10711000D9F83400089B984200F09480D9F83840A0
:1071200009998C4200F08F80884200F08C80A34245
:1071300000F08980002300259DF837400493544BCC
:1071400004F5C06443EA0453022204A908A8CDE967
:1071500005530797FFF75CFB04460028C9D10024BC
:10716000204611B0BDE8F08F0028C2DBD9F83020EE
:107170000132C2F30903003B18BF012322F0004291
:1071800042EAC372130D13F4E063C9F830200ED045
:10719000D9F83400089B984232D0D9F83860099960
:1071A0008E422ED088422CD0B3422AD0434604933C
:1071B0000023022204A908A8CDE906470593FFF79A
:1071C00027FB0446002894D1D9F830302846013BEB
:1071D000C3F30902003A18BF012223F0004343EA37
:1071E000C27308A9C9F83030FDF76CFD04460028C9
:1071F00088D07CE76FF00104204611B0BDE8F08F25
:107200000999C2F38926234A00910292224940F645
:10721000ED6222480196FCF789F80023D9F8301076
:107220001F4AC9E90D330A40C9F83020C4F3892246
:10723000B24240F2FF3125D9A4F58064194B43EAEC
:107240008623B4E70999C2F38924124A0091029275
:10725000114940F6137211480194FCF767F840F2A7
:10726000FF310022D9F830000D4B8C4203EA0003B5
:10727000C9E90C32C9F838203FF45CAF094B43EA46
:10728000842358E78E4292D0D8E700BFFF03F07FF7
:1072900008FC0F00C8AD0010A4AF001074B00010BF
:1072A000FF0300800000F04FD01200205139001081
:1072B000080000202DE9F04FC7B0BDF84041BDF8EF
:1072C00044510A930368A5EB040A2A933293436856
:1072D000BAF1010F80461D941F95269129922B9398
:1072E000339341F3B98363421BB291467D4A28939D
:1072F000DFF8FCB19B0205922093CDF88CA027907B
:107300004FF0FF3300220E930A9B269DDB68CDF8D9
:1073100044902C9210920E9941F30902B2F1FF3F72
:1073200008BF0131109AC1F30907043217449F4284
:10733000C0F0AF80119A002A40F33184013A6968A5
:1073400011922A6806912D9208355000E3D4109FBF
:107350000E9C3E46CDF834902F46DDF844A0DDF873
:1073600028900C95099437E0BAF1000F40F386831A
:107370007A683B6815460AF1FF3A2E930837C3F343
:107380000A50190D30B340F20114A04200F0B2804F
:10739000B0F5817F56D013F0805F534818BF584630
:1073A0002D9C84EA030C1CEA000F6DD044F3090005
:1073B000013069D04D4803EA0B0C204040F09F405B
:1073C00040F4E00084455FD001F4E062B2F5806FE4
:1073D00000F09A83D9F80C30099941F30902B2F10F
:1073E000FF3F08BF0131321DC1F3090414449C4220
:1073F000BAD2059BD9F800209B6ED9698A4280F0E9
:10740000A1819B69261D9E4200F29C8104212EAB26
:107410000093344823460191FCF758F9002841F0C5
:1074200069802E9B099A1BBA5A40D9F8003042F065
:10743000004209922E923693134636AA3796154685
:1074400026469CE7C3F30902002AC3D02D9CC3F350
:10745000892344F3090101314FEA832314D002EB5D
:107460004202294605EB820C01E08C45B2D0087837
:107470008A6800F540701A4342EA0052624012EAFC
:107480000B0F01F10C01F0D1DDE90C590A9BDB680F
:1074900041E7059B0A9E9B6E3268D9698A4280F05B
:1074A00051819B693C1D9C4200F24C8104212DAB13
:1074B00000930C483B460191FCF708F9002840F086
:1074C0007F812D9B34A91ABA0E9B3594534043F00B
:1074D00000423368109734932D92F3680E92069110
:1074E00033E700BFD012002000FC0F7000FC0F003B
:1074F00000FCFF7FEA68042A7FF66CAFC3F3090241
:10750000C3F389239B1A99B2249104214FF0FF34CD
:10751000CDE9126A1992219301329B0207911C92C4
:1075200018931497CDF82C90059B2A689B6ED96907
:107530008A4280F0078107989B69061D9E4200F2EF
:10754000018104212FAB009301910346A548FCF76C
:10755000BDF8002840F0CE822F9B1BBA634043F059
:1075600000442F9484F000532F6813F0C04FCDE9EE
:10757000387644F309034DD1B3F1FF3F14BF2246DF
:10758000621CEB68C2F3090A56449E4275D3A446B6
:10759000199ACCF3892082422FD81C9A82422CD986
:1075A000CCF30A5149B340F20116B14200F02281F6
:1075B000B1F5817F37D0189A2D9994441CF0805FE3
:1075C000894A18BF5A468CEA010010424FD041F355
:1075D000090201324BD0854A0CEA0B000A4042F006
:1075E0009F4242F4E002904241D04FEA1C5000F426
:1075F000E062B2F5806F00F0C68207990AF10402DA
:107600001144994207918FD3DDE9126A149FDDF886
:107610002C90DFE6B3F1FF3F14BF2246621CEB68FB
:10762000C2F3090AE9E7CCF30902002AE5D021995F
:10763000DDF8B4C008444CF3090101314FEA80275A
:1076400015D002EB420238A800EB820201E0824230
:10765000D3D00678816806F54076394341EA065171
:1076600081EA0C0111EA0B0F00F10C00EFD1DDE90A
:107670000C590B9B0A93DB684DE63A46059BA046E6
:107680009B6ED96991425DD99B6906F104099945C0
:1076900058D804213AAB0093524833460191FCF785
:1076A00015F8002840F08A803A9909BA81EA080161
:1076B00041F00048CDF8E8802B684FEA185CCDE92E
:1076C0003E39C8F30A532BB340F20112934266D0FD
:1076D000B3F5817F3CD0444B11F0805F0CBF1A465C
:1076E0005A462F9B88EA030E1EEA020F55D043F339
:1076F0000902013251D03D4A01EA0B011A4042F021
:107700009F4242F4E0028A4247D00CF4E060B0F5B8
:10771000806F5AD048F30903B3F1FF3F14BF4246CC
:1077200008F10102C2F30902EB68043216449E42DA
:1077300002D3DDF8BCC02BE7059B2A689B6ED96994
:107740009142A1D86FF00103184647B0BDE8F08F11
:10775000C1F30902002ADDD0DDF8BCC0C8F38920DE
:107760004CF3090301334FEA802016D002EB4202AA
:107770003EA901EB820201E09142CBD091F800E0FA
:107780008B680EF5407E034343EA0E5383EA0C03F5
:1077900013EA0B0F01F10C01EED1EB682DE72FABD3
:1077A0000193134BC1F309010093C8F389235B1ABA
:1077B0004A1C3EA8FEF7C2FE0028ABD00028ECDA37
:1077C0000346184647B0BDE8F08FC8F38922C3F3DB
:1077D00089218A429ED84FFA8CFC03EB8C232F938D
:1077E00098E700BFD012002000FC0F7000FC0F00D3
:1077F00035350010DDF8EC80B8F1040F7FF6FDAEF2
:107800004FF0FF364FF0040908962E46CCF3090CD2
:10781000249AA0EB0C0313441AB29BB222930CF1EE
:1078200001031E93930225921A931594CDF86CC010
:10783000CDF858A0059B9B6EDA69974282D29B696E
:1078400009F104059D423FF67DAF042130AB17934B
:1078500000933A464B46B2480191FBF737FF0028A8
:1078600040F04881309B089A1BBA534043F00042D5
:1078700082F0005313F0C04F089213463092CDE9C6
:107880003A7542F309024CD1B2F1FF3F08BF013310
:10789000C3F3090A554445454AD3089B1B9AC3F3D1
:1078A0008920824233D81E9A824230D9C3F30A52C9
:1078B0006AB340F201118A4200F00B81B2F5817F78
:1078C00000F036811A9A1344964A13F0805F0CBF79
:1078D000114659462D9A83EA020008423FF4C7AE8A
:1078E00042F3090101313FF4C2AE8F4903EA0B00B4
:1078F000114041F09F4141F4E00188423FF4B7AEAE
:10790000190D01F4E060B0F5806F00F080810AF19C
:1079100004039944C1458DD3DDE9154A3546F36822
:107920006BE6B2F1FF3F08BF0133C3F3090AEEE78C
:10793000CDF83C90B146089C059B9B6EDA69974256
:10794000BFF400AF9B692E1D9E423FF6FBAE0421A3
:1079500031AB00933A462B4671480191FBF7B6FED6
:10796000002879D1319BCDE93E761BBA634043F0C4
:107970000044C4F30A523194200D2AB340F2011698
:10798000B2425AD0B2F5817F30D0664A13F0805FA0
:107990000CBF16465E46309A84EA020C1CEA060FBB
:1079A00047D042F30906013643D05F4E03EA0B038A
:1079B000164046F09F4646F4E006B34239D000F444
:1079C000E061B1F5806F4ED044F30902B2F1FF3FA0
:1079D00014BF2346631CC3F3090304331D44454508
:1079E000AAD34E46309BDDF83C9057E7C3F309031A
:1079F000002BE9D0309EC4F3892046F309020132FE
:107A00004FEA802015D003EB43033EA901EB83032B
:107A100001E09942D8D091F800C08A680CF5407C0A
:107A2000024342EA0C52724012EA0B0F01F10C01C0
:107A3000EFD14E46DDF83C9069E7C3F30901179B8F
:107A40004A1C0193394B3EA80093C4F389235B1A67
:107A5000FEF774FD0028B7D000284E46DDF83C90B4
:107A6000BFF655AFACE6C4F38923C2F389218B423C
:107A7000AAD840B202EB80223092A5E72D9A1D9938
:107A8000C2F38927B942DDE90C593FF644AC1F998E
:107A90008F42BFF440ACC2F30A5100293FF43BAC23
:107AA00040F20110814200F0BE80B1F5817F00F00C
:107AB0009284209942F309005118B0F1FF3F14BF9E
:107AC0000A464A1C2C99C2F3090204310A442C923A
:107AD00021E4229AC3F30901431A1344134A1BB247
:107AE00000922DAA01923AA84A1CFEF727FD002811
:107AF0003FF40DAF0B9B00280A93DDE90C59FFF60C
:107B00005FAE0A9BDB6806E4C3F38923C4F38922D2
:107B100093423FF65FAC49B204EB81242D9459E4C3
:107B2000D012002000FC0F7000FC0F003535001053
:107B3000C3F30903002B3FF4EAAE259A81182D9870
:107B4000890240F3090201323FF491AD03EB430394
:107B50003AAC04EB830302E09C423FF4D8AE2578B4
:107B6000A26805F540750A4342EA0552424012EA0E
:107B70000B0F04F10C04EFD1DDE90C590B9B0A93B8
:107B8000DB68FFF7C8BBCCF38922C1F38926B24278
:107B90003FF633AD40B201EB80212D912DE5239BC3
:107BA000FE2B059B9C6E16DCA369626CA3F124017D
:107BB000002A00F06E84530865692C9A681E0344FD
:107BC000B3FBF5F005FB10301B1A8B4228BF0B46A8
:107BD0009A4240F23787E369059D3EA82B66FDF780
:107BE0009FFF002800F08C8410F10B0F0346DDF896
:107BF0009C807FF4E6AD059A2C99946EA269243A94
:107C00008A42FFF4DEADDDF87C9000F0B8BCC3F32F
:107C10008923C2F3892083423FF679AE49B202EB51
:107C200081222D9273E60699C96804297FF673AB09
:107C3000C2F309021D99BB1A5B1A19B29BB22193B8
:107C40004FF0FF33CDE91359042799461A920132B8
:107C50001C928A021E911992059B069C9B6E2268BB
:107C6000D9698A42BFF46EAD9B693D1D9D423FF6C6
:107C700069AD04212EAB009378483B460191FBF798
:107C800025FD00287FF49CAD2E9B1BBA83EA0903D7
:107C900043F00049CDF8B8902368CDE9363512930A
:107CA00089F0005313F0C04F49F309033AD1B3F1FF
:107CB000FF3F14BF4A4609F10102E368C2F309021B
:107CC00015449D420C9239D34A461A99C2F3892031
:107CD00081421CD81C99814219D9C2F30A51B1B111
:107CE00040F20114A14200F05582B1F5817F00F00D
:107CF000AC831999114442F30902B2F1FF3F08BF66
:107D000001312C9A101DC1F3090202442C920C9AE5
:107D1000043217449F429FD3DDE913590A9BDB6865
:107D2000FFF7F9BAB3F1FF3F14BF4A4609F1010268
:107D3000069BC2F30902DB680C92E8E74C46B846A2
:107D4000129ACDF83C90059B9B6ED96991427FF6C3
:107D5000F9AC9B6905F1040999453FF6F3AC04269B
:107D60002FAB009331462B463C480196FBF7AEFC07
:107D7000002840F006872F9B069A1BBA634043F009
:107D800000442F941768C4F30A52CDE93879200DC6
:107D90002AB340F2011C624566D0B2F5817F35D02E
:107DA0002F4A13F0805F0CBF16465E462E9A84EA77
:107DB000020737424CD042F30906013648D0294E1B
:107DC00003EA0B03164046F09F4646F4E006B34232
:107DD0003ED000F4E061B1F5806F00F0BB8144F368
:107DE0000903B3F1FF3F14BF2246621C069BC2F396
:107DF0000902DB68043215449D4204D34746DDF88E
:107E00003C902E9A61E7069B1A689CE7C3F309032E
:107E1000002BE4D02E9EC4F3892046F309020132E0
:107E20004FEA802014D003EB430338A901EB83030E
:107E300001E09942D3D00F788A6807F54077024372
:107E400042EA0752724012EA0B0F01F10C01F0D125
:107E5000069B4746DDF83C90DB6858E7D0120020CF
:107E600000FC0F7000FC0F00DDF8ECA0B245B6D9A5
:107E7000B1464FF0FF36C3F3090CC4F38923A3EBDB
:107E80000C039AB2CDE908851B9318929B020CF162
:107E90000102179215930B94CDF858C00796059BD5
:107EA0009B6EDA699742BFF44DAC9B6909F10405FA
:107EB0009D423FF647AC042130AB0D9300933A4608
:107EC0004B46B0480191FBF701FC002840F0398196
:107ED000309B079A1BBA534043F0004282F0005394
:107EE00013F0C04F079213463092CDE93A7542F332
:107EF00009024BD1B2F1FF3F08BF0133C3F30908B8
:107F00004544AA4549D8079B169AC3F38920824263
:107F100033D8179A824230D9C3F30A526AB340F277
:107F200001118A4200F0FC80B2F5817F00F0A08050
:107F3000159A1344944A13F0805F0CBF11465946BA
:107F40002E9A83EA0200084200F0B48042F309014D
:107F5000013100F0AF808D4903EA0B00114041F080
:107F60009F4141F4E001884200F0A480190D01F422
:107F7000E060B0F5806F00F0F98008F104039944E7
:107F8000CA458CD8DDE908850B9C28E7B2F1FF3F94
:107F900008BF0133C3F30908EFE7079C059B9B6EFD
:107FA000DA699742BFF4CEAB9B692E1D9E423FF625
:107FB000C9AB042131AB00933A462B46714801917D
:107FC000FBF784FB00284FD1319BCDE93E761BBAED
:107FD000634043F00044C4F30A523194200D2AB3A5
:107FE00040F20116B24230D0B2F5817F68D0664AC5
:107FF00013F0805F0CBF16465E46309A84EA020C8E
:108000001CEA060FB9D042F309060136B5D05F4E1F
:1080100003EA0B03164046F09F4646F4E0069E42F4
:10802000ABD000F4E061B1F5806F6ED044F309028B
:10803000B2F1FF3F14BF2346631CC3F309030433AB
:108040001D44AA45AAD8309B5EE7C3F309010D9BE6
:108050004A1C01934E4B3EA80093C4F389235B1A3C
:10806000FEF76CFA0028E1D0002886DAFFF7A8BBFB
:10807000C3F30903002B80D01B9A81182E98890224
:1080800040F30902013215D003EB43033AAC04EB91
:10809000830302E0A3423FF470AF2578A26805F5A0
:1080A00040750A4342EA0552424012EA0B0F04F1BE
:1080B0000C04EFD1069B089FDDF83C90DB6826E6B8
:1080C000C3F30903002BB1D0309EC4F3892046F3DB
:1080D000090201324FEA80203FF44FAF03EB430324
:1080E0003EA901EB830301E08B429FD091F800C0D1
:1080F0008A680CF5407C024342EA0C52724012EA54
:108100000B0F01F10C01EFD137E7C4F38923C2F360
:1081100089218B428AD840B202EB8022309285E7D7
:10812000189AC3F30901431A13442EAA0192184A5C
:108130001BB200923AA84A1CFEF700FA00283FF44E
:108140001CAF0028089FDDF83C90FFF639AB069B7A
:10815000DB68DCE5C4F38923C2F389218B423FF657
:108160003EAE40B202EB80222E9238E6C3F3892362
:10817000C2F3892083423FF600AF49B202EB81226D
:108180002E92FAE6D012002000FC0F7000FC0F00C7
:1081900035350010399904297FF6B9AD4FF0FF3617
:1081A0004FF004088A46C2F3090E219AA0EB0E0391
:1081B00013441AB29BB216930EF10103CDE908796C
:1081C0001593129F930217920D93CDF83CE00796FA
:1081D000059B9B6EDA699742BFF4B4AA9B6908F1CC
:1081E00004059D423FF6AEAA042131AB0B930093E8
:1081F0003A464346A8480191FBF768FA00287FF405
:10820000DFAA319B079A1BBA5A4042F0004282F023
:10821000005313F0C04F079213463192CDE93A75DF
:1082200042F3090235D1B2F1FF3F08BF0133C3F376
:1082300009094D44554533D3079B0F9AC3F3892051
:1082400082421CD8159A824219D9C3F30A52B2B19C
:1082500040F201118A4200F0E580B2F5817F00F022
:1082600025810D9A1A4443F30903B3F1FF3F08BF78
:1082700001322C9B191DC2F309030B442C9309F105
:1082800004039844D045A3D3DDE90879069BDB6855
:108290003DE5B2F1FF3F08BF0133C3F30909EEE743
:1082A000079C059B9B6EDA699742BFF44BAA9B69BA
:1082B0002E1D9E423FF646AA042138AB00933A4653
:1082C0002B4675480191FBF701FA00284FD1389BE6
:1082D000CDE93E761BBA634043F00044C4F30A5232
:1082E0003894200D2AB340F20116B24230D0B2F5D4
:1082F000817F40D0694A13F0805F0CBF16465E460E
:10830000319A84EA020C1CEA060FB8D042F309063F
:108310000136B4D0624E03EA0B03164046F09F4686
:1083200046F4E006B342AAD000F4E061B1F5806FF4
:1083300046D044F30902B2F1FF3F14BF2346631C49
:10834000C3F3090304331D445545AAD3319B74E795
:10835000C3F309010B9B4A1C0193524B3EA80093A7
:10836000C4F389235B1AFEF7E9F80028E1D000285E
:1083700085DAFFF725BAC3F30903002BD9D0319E64
:10838000C4F3892046F3090201324FEA80203FF40A
:1083900076AF03EB43033EA901EB830301E099426F
:1083A000C7D091F800C08A680CF5407C024342EACD
:1083B0000C52724012EA0B0F01F10C01EFD15EE793
:1083C000C4F38923C2F389218B42B2D840B202EBB5
:1083D00080223192ADE7C2F30902002A3EF49BAF3E
:1083E0002899069C0F4402EB4202DDF8B0C0BF02A0
:1083F00004EB82002278A16802F54072394341EA19
:10840000025241F30901B1F1FF3F08BF01320C34C0
:10841000C2F309020432A0429444EBD1CDF8B0C0BB
:10842000FEF779BF169AC3F30901431A13441E4A93
:108430001BB200922CAA01923AA84A1CFEF77EF8C1
:1084400000283FF41CAFFFF7BBB9C2F30902002AB2
:108450003FF45DAC1E9902EB4202084436AC2C9E00
:10846000850204EB82012278A06802F5407228435D
:1084700040EA025240F30900B0F1FF3F08BF013269
:108480000C34C2F3090204328C421644EBD12C9610
:108490003DE45B08FFF790BBD012002000FC0F709A
:1084A00000FC0F0035350010A5350010C3F309039B
:1084B000002B3FF4E4AE179A03EB430310443AA9B0
:1084C0002C9C800201EB83020B788D6803F54073CE
:1084D000054345EA035345F30905B5F1FF3F08BFDE
:1084E00001330C31C3F3090304338A421C44EBD13A
:1084F0002C94C4E6DDE90C59BFF603ABFFF760B975
:108500001D9B239A279E03EB62041F9BA4B2CDE917
:108510000043F37D4A468DF80F31F3692699459360
:10852000B3693EA844930A9BFEF7C4FE00287FF47B
:108530005BAB01233E9AF3753F9BB261F3613068F8
:10854000296A374688422E4610D07D68766AB54241
:108550000CD0B0420AD0A94208D01D9BE31A012BCF
:10856000239340F373821F94FEF7CABE002CF4D10C
:108570000599A146C1E90823DDF89C808C6ED8F8E6
:108580000850236A0135002BC8F8085008DD013374
:1085900043F00103B5FBF3F203FB1255002D44D069
:1085A0000026D8F8040000214FF0FF32636C3E90A3
:1085B000CDE940223F91429103B9A369083B43931F
:1085C000E36898470346002842D09A1C7FF4F9A834
:1085D0004FF0FF33059AB5491361B54B40F28A62FB
:1085E0000093D8F80430B348FAF7A0FE0026D8E983
:1085F0000023002A00F06C84012B40F26984012AD8
:1086000000F0668408F10400FCF7A0FF0346002890
:1086100000F0738410F10B0F7FF4D3A8002E40F00C
:10862000C6816FF00A03FFF7CCB8D8F80030002BF2
:1086300000F07281D8F80420012A40F26D81012BEC
:1086400000F06A814FF0FF33059A01261361CEE7EF
:108650000423DDE93E12009308F10803FBF784FBD5
:1086600003460028B1D1419998F80830924F83EA27
:10867000010202F00F0257F82220099082EA11123B
:1086800082EA131303F00F0357F8231098F80A3007
:1086900081EA121198F809200DF1F80A82EA010026
:1086A00000F00F0057F82000CDF8C4A080EA1110A8
:1086B00080EA121202F00F0257F82210CDF840A003
:1086C00081EA101183EA010202F00F0257F822201A
:1086D0000A9C82EA111282EA131303F00F0357F87F
:1086E000231098F80B3081EA12113F9ACDF81890B8
:1086F00004323F9283EA010202F00F0257F822206F
:108700000F9682EA111282EA131303F00F0357F84F
:108710002330CDF81C8083EA121341931D9B5B42EA
:108720000FFA83FE299BF2460B93269B4FEA8E227B
:108730000C934FF0FF330893E3680E92089941F3CE
:108740000902B2F1FF3F08BF0131099AC1F30906DE
:10875000043216449E42C0F0B9800B9A002A40F3BE
:1087600027820C99013A0B920A684E6808313492BC
:108770000C9112F0804BE1D1DDE90852DDE90B9854
:1087800018460D9211963AE0B9F1000F40F31481AA
:10879000D8F80030D8F8040009F1FF39369308F111
:1087A00008084FEA135CC3F30A52E64632B340F2BC
:1087B00001118A4200F03281B2F5817F50D03F4AE8
:1087C00013F0805F3E4918BF1146349A82EA0300D5
:1087D000084269D042F30901013165D0394937486F
:1087E000114041F09F4141F4E001184088425BD0C4
:1087F0000CF4E06EBEF5806F00F00381E06845F395
:108800000903B3F1FF3F14BF2946691C0D9BC1F357
:1088100009011A1D8B188342B6D2059A916E2268FF
:10882000C869824280F0B48189691E1D8E4200F2BF
:10883000AF81042136A80090019123480D93FAF7E7
:1088400045FF002840F0FA80369B3B961BBA6B40F0
:1088500043F00045236836953A933AA82B46A0E7A3
:10886000C3F309010029C9D0DDF8D0C0C3F38923BF
:108870004CF3090201324FEA832315D001EB410189
:1088800002460E4E00EB810E01E07245B6D0107824
:108890000C3252F8041C00F54070194341EA0051B3
:1088A00081EA0C013142F0D1E36847E7A4AF001040
:1088B000C8AD001050B0001010B3001000FCFF7FD6
:1088C00000FC0F7000FC0F00D0120020059B2268F6
:1088D0009B6ED9698A4280F05B819B69351D9D4200
:1088E00000F25681042134AB0093AB48334601912A
:1088F000FAF7ECFE002840F0E980349B09961ABA9A
:10890000089B3995534043F00042236834923893D2
:108910000892E36838AE2CE700230DF1F80A5046C0
:108920003E93FCF711FC034600B93E9B002BFEF67C
:1089300048AF059A946EE269B3EB520FBFF430AEC4
:10894000964B40F205620093D8F808309449954858
:10895000FAF7ECFC059C3FA8A36EDB692366FCF7E5
:10896000F5FD0346F0B95046FCF7F0FD0346C8B9E3
:10897000A16E3E9A4090C869824280F0AD808969BC
:10898000032940F2A980042140A800900191824867
:10899000FAF79CFE409D0346002800F09D80811C54
:1089A00000F09A8013F10B0F7EF40BAF0026059BAD
:1089B000D8F804009C6EF6E534991D9A0346C1F37D
:1089C00089208242119E4FEA912C3FF6B7AE069A5B
:1089D00082427FF6B3AEC1F30A52002A3FF4AEAE34
:1089E00040F20115AA4260D0B2F5817F39D00E9BCA
:1089F0003246194431A8FBF75BFC002866D1E368D6
:108A00009CE6C3F38923C2F389218B423FF6F6AE7D
:108A10004FFA8CFC02EB8C223492EFE6624A34A9C6
:108A20000092C3F30902C3F389239B1A01911146F3
:108A30000132FDF783FD00283FF4E0AE0028BFF6C9
:108A400033AF43E0DDF89C80FFF7DDB8059BA1461E
:108A5000DDF89C809C6E92E54F4BA9469C6E059379
:108A60008DE5C1F3090100293FF468AE31AD07E09F
:108A7000349BC3F309029345BFF416AF4FEA932C1E
:108A80003178CCF30903B26801F5407142EA015133
:108A90005344284641EA832172680C360BF1010BDE
:108AA000FBF706FC0028E3D010E01D9AC1F3090192
:108AB000431A9B1A3D4A31AD009230461BB20195D4
:108AC0004A1CFDF73BFD00283FF4EEAE0346DDF8FF
:108AD0001890DDF81C8078E5059B9B6E1B6A002BC7
:108AE0000ADD013343F001035A1E2A44B2FBF3F1BD
:108AF00003FB1123D21A40921D9B042200930023F2
:108B0000ADF80C318DF80E314FF0FF33CDF80490F5
:108B1000429398F8173041928DF80F31D8F81C30F5
:108B200050464593D8F81830299A449326990A9BC1
:108B3000FEF7C0FB034600287FF434AF01223E99C4
:108B400088F817203F9A0598C8F81810C8F81C2014
:108B5000D8F80060046AA64200F0C4810546D8F83F
:108B600004006D6AA84200F0BF81AE4200F0BC81F3
:108B7000844200F0B9811E46059BDDF874909C6E1E
:108B800011E54746DDF83C90BFF6E1AAFEF718BEB6
:108B9000DDE906981CE500BFD0120020C8AD00102A
:108BA000A4AF0010B8B0001035350010B14200106D
:108BB000DDF81C80DDF81890D8F818300F9E0133CE
:108BC000DDF840A000F08281D8F81C30013300F0BD
:108BD0007D813F9A439902F10C00884298F8173042
:108BE0003FF61FAD0421CB4D03F5C06345EA0355A5
:108BF000409B3AAC6B401BBA00913A93002023464D
:108C00003E99FBF7B1F8034600287FF4DEAC08225A
:108C100041999DF8E830009283EA010202F00F02C8
:108C200057F8222082EA111282EA131303F00F038D
:108C300057F823109DF8EA3081EA12119DF8E920D7
:108C400082EA010C0CF00F0C57F82CC08CEA111CB6
:108C50008CEA121202F00F0257F8221081EA1C115E
:108C600083EA010202F00F0257F8222082EA111271
:108C700082EA131303F00F0357F8233083EA121C20
:108C80009DF8EB303F9A83EA0C0101F00F0157F891
:108C90002110043281EA1C1181EA131303F00F033F
:108CA00057F823303F9283EA111341933E9908F11C
:108CB0001803FBF759F8034600287FF486AC98F8B0
:108CC00018204095419D98F8193082EA050101F07D
:108CD0000F0157F8210080EA151080EA121202F005
:108CE0000F0257F8221081EA101183EA010202F004
:108CF0000F0257F8222082EA111282EA131303F0BE
:108D00000F0357F8231098F81B3081EA121198F8D6
:108D10001A2082EA010000F00F0057F8200080EAD4
:108D2000111080EA121202F00F0257F8221081EAA5
:108D3000101183EA010202F00F0257F8222082EAA2
:108D4000111282EA131303F00F0357F8231098F857
:108D50001D3081EA121198F81C2082EA010000F00F
:108D60000F0057F8200080EA111080EA121202F07A
:108D70000F0257F8221081EA101183EA010202F073
:108D80000F0257F8222082EA111282EA131303F02D
:108D90000F0357F8231098F81F3081EA121198F842
:108DA0001E2082EA010000F00F0057F8200080EA40
:108DB000111080EA121202F00F0257F8221081EA15
:108DC000101183EA010202F00F0257F8222082EA12
:108DD000111282EA131303F00F0357F8233083EACA
:108DE000121341933F9B08333F9300233A93C4E906
:108DF000013366B90598016BC36B426C4B403A93E3
:108E0000416B036C4B403B93836B53403C93059801
:108E10003A9B826CC16C534023F47F7323F00303AD
:108E20003A93DDE93B234A403B92026D2146534091
:108E300040463C93FBF786FF034600287EF4C1AC16
:108E4000DDE93A3213433C9A134336D15046FBF7DF
:108E500033FA034600287FF4B8ABD8E900011D9A25
:108E60002D4CA9EB0202A8F81420409AC8E9001082
:108E7000C8F810203F9AC8F80C20059AC4E90133BD
:108E8000936436B9A4F1180207CA04E90700FEF793
:108E900098BC0191214C2B992A9B4FF4D4620290EB
:108EA00000911F481F490394FAF740FA414632A83F
:108EB000FEF7A8F80346FEF784BC21465046FAF7B1
:108EC000A5FF03460028C1D0FFF77FBB3AAC8CE773
:108ED000124840F28F62009012491348FAF726FABE
:108EE000FFF79FBBD8F804001D9E6EB9059BB146E5
:108EF000C3E908129C6EFFF756BB059B0126D8F804
:108F000004009C6EFFF74FBB059BB1469C6E00268C
:108F1000FFF749BB08FC0F0018130020C8AD001074
:108F2000E8B00010A4AF001024B100102DE9F04FFC
:108F3000DFF868940546D9F828400E4607689FB0C8
:108F400054B935E0E1686A6891420CD093420AD086
:108F5000B94208D024685CB304F108039D42F9D0FB
:108F6000A368BB42EED1A379012BF3D1236BDB02C3
:108F7000F0D5D9F86830E16A5A6A9142EAD9626B51
:108F8000DB692046E263C9F86030FCF711FE002877
:108F900040F0C880236B204623F480132363FDF741
:108FA000DBF8002840F0BE8024682F68002CD3D165
:108FB000AC4640F2014A33686A680EACC3F30A5803
:108FC00007924FEA135BBCE80F000FC49CE80F0048
:108FD000D04584E80F0000F0AE8140F2FF43984591
:108FE00000F0A5800BF4E06EBEF5C06F40F0A680E7
:108FF00073680BF0010B1A68AA615B6885F817B0FB
:10900000EB61AB7D002B00F09D804FF0FF33D9F872
:10901000682019932B68D5F80CA02C691693536C13
:10902000CDF85CA0CDF868A0189403B993694FF00F
:10903000010B083B1B9316ABB046CDE905765146B4
:109040005E4608931DE0002E00F0D1800026D8F87F
:109050000010D8F80420099108F10808C1F30A5358
:1090600073B140F20110834200F0FE80B3F5817FBE
:1090700000F024810898FBF719F8002840F00581DA
:10908000E96844F30902B2F1FF3F14BF2346631CB1
:109090000AF10402C3F3090303EB020B8B45D2D29E
:1090A000D9F868102A68C869824280F09D81896970
:1090B0000BF104078F4200F29781042309A9019361
:1090C00000915B460421B548FAF700FB002840F008
:1090D000DC8009992B6809BA614041F00041DA4609
:1090E0000C460B9709910A930AAAB7E704F12008E6
:1090F00004F10806A288A38B9A42A2EB0301C0F0F8
:109100001481E37F002B00F010814FF0FF33A1802A
:10911000304641461A46CDE901550095FBF740FA25
:109120000028E7D0844660461FB0BDE8F08FAB8AC8
:10913000013B9BB2AB82002B00F02581AB7D002B65
:109140007FF463AFAB8AFE2B3FF65FAF0193002342
:1091500000934FF0FF330122C9F8103031462B46FF
:109160002846FEF7A7F88446002872D1D9F828408F
:10917000002C00F0DD80A346A84605945D4640F231
:10918000FF4AB346079C0AE0EA6894420ED09C422C
:109190000CD0BA420AD02D68002D00F0B58005F140
:1091A000080CE045F7D0AB68BB42EDD1C646DBF812
:1091B0000060BEE80F00ACE80F00C6F30A59D145C5
:1091C0009EE80F008CE80F0067D040F201439945FC
:1091D000E1D1AB88C6F389269E42DCD80133AB804F
:1091E000AB79022BD7D1AB6A0133AB62D3E7D9F8A5
:1091F0003C20D9F83030D9F838105340D9F8442001
:10920000D9F834005140D9F84820DDE905765340BB
:10921000D9F8402023F47F734240D9F84C0023F062
:1092200003034240D9F850000B9241400A431A43CD
:109230000A930C9140F0968016A8FBF73DF88446FF
:10924000002800F081801CF10B0F24D01CF1020FCC
:1092500021D00EAC0FCC0FC594E80F0085E80F00AD
:1092600060461FB0BDE8F08F4D4B10460093C1F330
:109270000902C1F3892308A99B1A01911146013201
:10928000FDF75CF900283FF4FBAE8446059F069E7F
:109290001CF10B0FDAD1AB8A58E7AB88C6F38926ED
:1092A000B3424CD07FF677AF013BAB80AB79022B5A
:1092B0007FF471AFAB6A013BAB626CE7C1F30903AA
:1092C000002B3FF4DDAE17464FF0000B05E0099987
:1092D000C1F309039B45BFF4D3AE3A78BB6802F5EE
:1092E000407243EA0253C1F389217A68089843EA3D
:1092F0008121FAF7DBFE0BF1010B0C370028E6D0D9
:109300008446059F069EC3E7059CDDF81C90A36874
:10931000BB423FF4EBAEE26891453FF4E7AE9945BE
:109320003FF4E4AEBA423FF4E1AE2468002CEED143
:109330004FF0000CF7E6AB8A0133AB82FEE64FF04C
:10934000FF33C5E9023326E7189A164B2A61179AAC
:10935000EA60C3E90400C9F8480013E9070083E89C
:10936000070003E728460AA9FBF7ECFC844600281F
:109370007FF46FAF0AA916A8FAF748FD84460028C3
:109380003FF45AAF5FE7284616A9FBF79BFC8446DB
:1093900050B110F1030F7FF45CAFCFE6D012002084
:1093A000B14200100C1300209DF86F30002B3FF4E9
:1093B000C5AE28460E49FBF7C5FC844600287FF45D
:1093C00048AFEA7D0B4B02F5C06243EA02530A93B1
:1093D00016A805F118030AA90B93FFF7A7FD844609
:1093E00000283FF4ABAE34E7DDE9057653E700BF74
:1093F0001813002008FC0F002DE9F043674DA1B0C1
:109400002B6BC3F30903002B3CD000230122CDE9D1
:109410000933CDE90B33DFF8A881614F0D93089331
:109420008DF837200F920E9300244FF0FF330EA9D2
:109430001A46CDE9004410A80294FBF7B1F80146A2
:1094400008BB9DF8374014B308AC10AE0FCE0FC464
:1094500096E80F0084E80F000E9B013302D00F9BAB
:109460000133E1D12A6BC2F309035B4242FA83F371
:10947000C3F30902003A18BF012223F0004343EA74
:10948000C2732B630021084621B0BDE8F08301239D
:10949000DFF830911E941F93AB6E1EA9DB69B4EB0D
:1094A000530F04F101043DD24FF0000C06AECDE99C
:1094B00001860E9E4B4606960F9E3A4618A8CDF89A
:1094C00000C00796FBF76CF8014608B1C31C2FD10A
:1094D0001E9B013302D01F9B0133DDD10F9C314E07
:1094E00040F675720E9B3049CDE900462F48F9F7DA
:1094F0001DFF2F4910A8FBF725FC01460028C2D10B
:109500009DF857202B4B02F5C06243EA025306A98F
:10951000069308A816AB0793FFF708FD014600283D
:109520009AD0B0E76FF00101084621B0BDE8F083A2
:109530000028A8DBC1F3090318A804AAFBF788FCDC
:10954000011EA0DB049A0E9B05989A420F991CD02D
:109550008A421FD0CDE90120124A0091039212499C
:1095600040F68A721448F9F7E1FE04AB0793134BF7
:1095700006A908A80693FFF7D9FC014600283FF486
:109580006BAF084621B0BDE8F08388423FF45CAF82
:109590008A42DFD18342DDD156E700BFD0120020DE
:1095A000FF03F07FC8AD0010A4AF00105CB1001045
:1095B0001813002008FC0F008CB1001008FC0F608D
:1095C00051390010080000202DE9F047960790B0AF
:1095D000154604469846A14F05910AD5FB6B1A0D16
:1095E00012F4E06F40F08680FFF706FF0646002881
:1095F0007CD14FF00009C4F8508004F108084046BF
:109600002563221D05A9C4F83490C4F83C90C4F821
:109610004C90FBF727FE061E51DB0123A371BB6AAA
:10962000AA052360BC6200F1D380360D012E40F004
:10963000C3806B0540F1FE80894BA28843EA8229F2
:10964000236B43F480332363216D8B68002B00F080
:10965000C6800025226B14E0930705EB450005F159
:1096600001050AD54B6803EB800398687B6F98422D
:1096700000F2DC8042F4803222638B68AB4240F21D
:10968000AE80D607E8D54B6805EB450113F82100FD
:1096900003EB8102A188D2E9012300F5407043EA7F
:1096A000812141EA0051C3F309034046FBF7D0FB97
:1096B000061E226B216DCFDAF01CCDD003E0F01C2A
:1096C0004CD0226B216DBB6A42F40022226343B16D
:1096D0009C4202D10BE19C4277D01A461B68002BBA
:1096E000F9D10B6813B9E06CF8F752F8304610B0B6
:1096F000BDE8F087C3F3892301937B6C594A00933B
:109700003B6C59490292594840F64372F9F70EFEF4
:1097100000224FF0FF33CDE90122009208A81A463B
:1097200007F14001FAF73CFF06460028DED1FB6B4B
:10973000396BC3F389224E4B08A80B403B634D4B5A
:1097400006A943EA8223C7E90D6607960693FFF749
:10975000EDFB064600283FF447AFC7E740F2FF3372
:10976000B4F804A09A45ACD00123A371BB6AE90503
:109770002360BC6246D5059D284601F0E7F8FB6EE4
:10978000834244D340EA8A2343F48013CDE909930A
:10979000394B0B95324D43EA8A230893032245EA5D
:1097A0008A23404608A9CDF834900C93FDF730F891
:1097B000002835D1A94647E76FF00406226B216DDA
:1097C00042F40022234622632C4A1B68136088E778
:1097D000226B6FF00306216D42F40022F2E7086865
:1097E000002874D0BB6EE0645A6AFF2100F08EFF3F
:1097F00040F201234FF0FF32B3EB195F226441D0F6
:10980000002673E7226B216D42F40022DAE7226B17
:10981000234642F400226FF00D06216D226357E7C4
:109820006FF00D06BB6A226B216D4DE76FF00A06E3
:10983000BB6A49E7A188124B404643EA812104F103
:1098400028020823FBF7C2FBB0F10009BFF6FCAE0B
:109850004E46226B216DBB6A36E700BFD012002056
:1098600000001020C8AD0010A4AF0010D0B100104F
:10987000FF0300800000F04F00001040F8120020AD
:10988000080000206FF0010200212264A262226B16
:10989000616442F480122263BA6EC9F30903526A0A
:1098A000E362A264002BABD040F2FE33934228BFA8
:1098B0001346A188404643EA8121E26CC3F30903C1
:1098C00041F00051FBF782FB061E99DAF9E6BB6E08
:1098D0005A6A10460492F7F73FFF049AE0640028A2
:1098E00083D16FF00B06226B216DBB6AECE6014A57
:1098F0006BE700BFF812002030B59BB0F9F762FEAD
:10990000044610B120461BB030BD354D0146D5E9A7
:1099100019039A6A00F0FAFEAA6E12A8936AD26935
:10992000DB00934228BF1346C5E917426C65AB655F
:10993000FCF7F6F80446F8B94FF40031294AAB6E4B
:109940000E92294A0D900F920691284AD3E90601FA
:10995000EB6E1092CDE90813D5E91C1306AACDE9E8
:109960000A13234B11920790032212A80CA90C93FF
:10997000FCF74EFF044658B1AB6EDA6A3AB31A6B85
:1099800002B35B6B002BBDD1686EF7F701FFB9E73F
:10999000024601468DF85E0012A8FCF739FF044626
:1099A0000028E9D14FF0FF339FED0B7BCDE901009B
:1099B00000901A4612A804A98DED047BFAF7F0FD79
:1099C0000446D9E7E869F7F7E3FEAB6ED9E7E86844
:1099D000F7F7DEFEAB6ED2E70000000001000000EA
:1099E000D01200200800F00F04B200101800102060
:1099F000000010402DE9F04794B0F9F7E3FD04466C
:109A0000002840F0868001230646CDE90C00CDE910
:109A10000E00CDE910006C4D6C4FDFF8DC81DFF8F3
:109A2000DC9112901393AB6EDA69B6EB520F80F0B3
:109A30009E8097E803004FF0000C04AC84E803001C
:109A4000634BCDE90184634A0CA812A9CDF800C08C
:109A5000FAF7A6FD041E6CDB2AD044F30904013496
:109A600026D0DDE90C121823C5E908120CA84946D6
:109A70000DEB0302FBF7ECF9041E5ADB069A130CFC
:109A8000022B91B249D1002947D1099B1BB1E96E44
:109A90008B427BD8EB660A9B1BB1296F8B427FD828
:109AA0002B670B9B23B1696F8B4200F283806B673E
:109AB000DFF84CA10CA85146FBF744F904460028F6
:109AC00037D1129B013303D0139B01360133AAD146
:109AD0002B6A01332BD06B6A013328D0D5E90C30C7
:109AE000A96B43EA00020A4344D1AB6E02EBD27287
:109AF0002A63DA69EB6A0021B3FBF2F002FB103350
:109B0000354EC5E915312A66E9659AE8070086E809
:109B10000700204614B0BDE8F087304891B2CDE987
:109B2000001040F6D9522E492E48F9F7FFFB6FF08E
:109B30000904AB6EDA6A5AB11A6B82B15B6B002B07
:109B4000E7D1686EF7F724FE204614B0BDE8F08731
:109B5000E868F7F71DFEAB6E1A6B002AEED1E869D4
:109B6000F7F716FEAB6E5B6B002BD2D1E9E76FF017
:109B70000104DFE7CDE90001184940F611620291C6
:109B800019481749F9F7D2FB2A6BAEE7134840F69C
:109B9000E252CDE9001012491448F9F7C7FBC6E7B5
:109BA0000E4840F6ED52CDE900100D491048F9F786
:109BB000BDFBBCE7094840F6F852CDE90010084962
:109BC0000C48F9F7B3FBB2E7D012002064B30010E1
:109BD0000800F00F00FCFF7F0C130020C8AD001040
:109BE000A4AF001010B20010D8B200103CB20010A8
:109BF00070B20010A4B200109939001018001020A3
:109C00000013002010B50E4CA36EDA6A2AB11A6B4D
:109C100052B15B6B7BB1002010BDE068F7F7B8FD77
:109C2000A36E1A6B002AF4D1E069F7F7B1FDA36EB9
:109C30005B6B002BEFD1606EF7F7AAFD002010BD23
:109C4000D012002030B5694C9DB0E16B05900A0D33
:109C500012F4E06F26D1FFF7CFFB024610B1104699
:109C60001DB030BD0AA805A9FBF7FCFA021EF6DB01
:109C700040F2FF31C2F389238B4200F0B080A16A29
:109C8000100D0228129140D00025594A0AA842EA34
:109C9000832306A9CDE90635FFF748F90246129B52
:109CA000A362DCE7606C534DC1F38921236C40F65D
:109CB0004372CDE9011500904F495048F9F736FB42
:109CC00000254FF0FF33CDE900551A4612A804F1E4
:109CD00040010295FAF764FC02460028BFD1E36B0D
:109CE000C4E90D22C3F389250B92454B226B12A8C0
:109CF000134023633E4B0AA943EA85230A93FFF7E7
:109D000015F902460028A6D0A9E73E4908AA41EA6B
:109D100083219D020AA80823FBF758F9021E9EDB47
:109D200000224FF0FF33CDE90122009208A91A4624
:109D300014A8FAF735FC0246002890D1199B33F499
:109D40007F034FD112ABA362236B45F09F450133D4
:109D5000C3F30902003A18BF012223F0004343EA8B
:109D6000C2738DF84E00ADF84C00079045F4E00545
:109D700006A90AA806952363FFF7D8F8024600282B
:109D80008DD1129B0AA9A362236B14A8013BC3F3D4
:109D90000902003A18BF012223F0004343EAC273CC
:109DA0002363FAF78FFF024600287FF458AF164965
:109DB00014A8FAF7C7FF024600287FF450AF9DF8B9
:109DC0006720124B02F5C06243EA025308A91AAA9F
:109DD0000AA8CDE90832FFF7A9F802463FE76FF07D
:109DE00009023CE76FF0060239E700BFD0120020FD
:109DF0000000F04FC8AD0010A4AF0010D0B10010AB
:109E0000FF030080080000201813002008FC0F004A
:109E1000014BFFF7D9BB00BF50B3001030B5036B47
:109E20000446190387B013D500252E4A936A43B11F
:109E30009C4202D141E09C4240D01A461B68002B54
:109E4000F9D1236D1B68002B3ED0284607B030BDEA
:109E5000FCF782F9236B054600283BD1DA03E3D5F2
:109E6000A2680132E0D0E2680132DDD0DB0235D4F5
:109E70006A460823154604F1280103C982E8030055
:109E80001949A2880B43216D43EA8223CDE90235AB
:109E9000D1E9010343EA822343F08153CDE9043041
:109EA000022202A904F10800FCF7B2FC236B05466C
:109EB00080B923F480332363B6E728321B6813602C
:109EC000236D1B68002BC0D1E06CF7F761FC2846BE
:109ED00007B030BD43F400232363A6E7E56CE36AD3
:109EE0000249CEE7D0120020000020200000102000
:109EF000FCF7B8B9FBF72ABF002300B583B001A86F
:109F00000193FBF721F900B9019803B05DF804FB58
:109F1000084A094B91691B6810B501FB0030EFF34B
:109F2000108472B6916900F0BFFE84F3108800209F
:109F300010BD00BFB8080020B408002038B5094C97
:109F4000A569094C24680C4405FB004011461A46DB
:109F5000EFF3108472B600F093FE84F310880020B3
:109F600038BD00BFB8080020B408002038B5074D40
:109F700001F1A051AD69064C05FB001124681046A3
:109F800021441A4600F04CFB002038BDB8080020E0
:109F9000B408002010B90648FFF72CBD08B50448E6
:109FA000FFF7AAFCBDE808400148FFF723BD00BF4A
:109FB000B808002070B5044654200E46F7F7CCFBD5
:109FC00070B1214632460546FFF722FF044610B91C
:109FD0002C46204670BD2846F7F7DAFB204670BDB8
:109FE0006FF00B04F5E700BF38B50546FFF716FF25
:109FF00004462846F7F7CCFB204638BDFFF77ABF6A
:10A00000FFF776BFFFF7FEBDFFF71CBE064B10B58E
:10A01000D3E90623C0E900230446FFF76DFF03469A
:10A020000020A36010BD00BFB808002010B5F9F7EC
:10A0300035F80648F9F738F81B20054CF8F7D8FF33
:10A0400014F8010F0028F9D110BD00BF90D0030013
:10A050006CB30010024B0146186800F00BB800BF4B
:10A0600000090020024B0146186800F005BD00BF42
:10A070000009002001F10B03162B2DE9F04F0646D5
:10A0800083B024D8102900F2B88000F093FB10248C
:10A0900018220220BC4D2A445368A2F108018B42C9
:10A0A00000F014815A68304622F00302D3E90241DD
:10A0B0001A44E1608C6003F10804536843F0010323
:10A0C000536000F079FB204603B0BDE8F08F002B11
:10A0D00023F00704C0F29180A14200F28E8000F0CC
:10A0E00069FBB4F5FC7FC0F04081630A00F0898011
:10A0F000042B00F21681A30903F1390003F1380E95
:10A10000C300A14D2B44A3F1080C5B689C4506D10C
:10A110000CE0002980F2C880DB689C4506D05A68B4
:10A1200022F00302111B0F29F3DD7046DFF85CE219
:10A130002B69734500F0A580596821F003010A1BC3
:10A140000F2A00F32981002AC5E904EE80F211816B
:10A15000B1F5007F80F0C0804FEAD10C012249099F
:10A160000CF1010C8A40696855F83C700A4305EB14
:10A17000CC0108396A60C3E9027145F83C30FB60E4
:10A18000831001219940914241D8114205D120F01C
:10A190000300490004301142FBD005EBC0098046A2
:10A1A000CC46DCF80C70BC4507D1C6E0002B80F231
:10A1B000CD80FF68BC4500F0C0807A6822F00302C1
:10A1C000131B0F2BF2DD391944F0010430467C607B
:10A1D00043F00104D7E902C6CCF80C60C6F808C009
:10A1E000C5E904114C6007F10804C1F808E0C1F8A2
:10A1F0000CE0BB5000F0E0FA65E70C23336000246C
:10A2000061E74FF4007340204FF03F0E79E7AF68ED
:10A210007B6823F0030BABEB04020F2A01DDA3459F
:10A2200031D2DFF86C9107EB0B02D5F80814D9F89E
:10A2300000300131234400F0558141F20F01DFF875
:10A240005481194401EA080841463046009200F062
:10A25000DDFAB0F1FF3F8246009A05D0824240F21B
:10A26000B580AF4200F0F280AF687B6823F0030353
:10A270001A1B0F2A01DDA34205D2304600F09CFADA
:10A28000BDE76A687CE7391944F0010442F0010334
:10A2900030467C6007F10804A9604B6000F08CFA3E
:10A2A000204603B0BDE8F08F1A4403F1080430469D
:10A2B000D3E902515368E96043F001038D605360B4
:10A2C00000F07AFA204603B0BDE8F08FD3689A42D6
:10A2D0007FF4E8AE023029E7B1F5206F4FEA512252
:10A2E0006ED3142A00F2188102F15C075B32FF0082
:10A2F00005EB070CEF59ACF1080CBC4503D1F4E0B9
:10A30000BF68BC4504D07A6822F003028A42F7D8BD
:10A31000D7F80CC06A68C3E9027CCCF80830FB604F
:10A320002EE7142B72D9542B00F2FE80230B03F17D
:10A330006F0003F16E0EC300E3E608F101080CF1B3
:10A34000080C18F0030F7FF42CAF6AE03A443C4647
:10A35000F9683046536843F00103536054F8083FEE
:10A36000D9608B6000F028FAADE6E00804F108023D
:10A3700090E6194403F1080430464B6843F00103AA
:10A380004B6000F019FA9EE6300D0020380D0020D9
:10A390006413002000F0FFFF30461E1944F0010452
:10A3A0005C6042F00104C5E90466746003F10804CE
:10A3B000C6F808E0C6F80CE05A5000F0FDF982E655
:10A3C0008A0902F139073832FF0091E7D9F8041001
:10A3D00041440846C9F804103DD1CAF30B03D3BB6E
:10A3E0000BEB0803D5F808A043F00103CAF80430CA
:10A3F000D9F82C2057468A42D9F8302038BFC9F8FE
:10A400002C108A4238BFC9F830102FE703F15C00E6
:10A4100003F15B0EC30074E659F808394B4540F070
:10A42000CC8010F0030F00F1FF30F5D16B6823EA08
:10A4300001036B6049004A1E9A4203D3E7E64900D4
:10A4400008F104081942FAD04046A6E6D9F80400FB
:10A450004044C9F80400D5F8083401336ED0AAEBA3
:10A4600002030344C9F804301AF0070245D0C2F1D0
:10A470000803304600929A4441F20803D0449B1AE4
:10A48000A3EB0801C1F30B01019100F0BFF9421CDD
:10A49000009A6ED0A0EB0A00019900EB0108D9F8F0
:10A4A000042048F00103AF42C5F808A01144CAF8DF
:10A4B0000430C9F804109BD0BBF10F0F41D97A6862
:10A4C000ABF10C03052023F0070302F001021A434D
:10A4D0000F2B7A6007EB0302506090604FD8DAF8D8
:10A4E000043085E703F11008AEE60121921001FA6D
:10A4F00002F269680A436A600DE70AEB0801304618
:10A5000000924942C1F30B01019100F07FF9431C15
:10A51000009ABFD11146C2E7542A16D80A0B02F19D
:10A520006F076E32FF00E3E6B3F5AA7F16D8E30BA0
:10A5300003F1780003F1770EC300E2E5C5F808A443
:10A5400092E70123CAF8043097E6B2F5AA7F20D833
:10A55000CA0B02F178077732FF00C9E640F2545285
:10A56000934220D8A30C03F17D0003F17C0EC300BD
:10A57000C7E5083A00219044A8EB0A088FE707F1E5
:10A580000801304600F078FAD9F80410D5F808A090
:10A59000A5E740F25457BA420BD88A0C02F17D0766
:10A5A0007C32FF00A4E64FF47E737F204FF07E0ED6
:10A5B000A7E54FF47E777E229AE66B683AE700BF04
:10A5C000032A70B511D940EA01039B071ED1044646
:10A5D0000B4602E0043A032A1CD91946204653F8D8
:10A5E000045B54F8046BAE42F4D0541EAAB1421E70
:10A5F000013901E0C3180BD012F801EF11F801CFB7
:10A60000A31AE645F6D0AEEB0C0070BD541EEEE783
:10A61000184670BD20461946E7E7104670BD00BFDA
:10A62000844641EA000313F0030349D1403A23D39F
:10A630000B6803604B6843608B688360CB68C360C2
:10A640000B6903614B6943618B698361CB69C361AA
:10A650000B6A03624B6A43628B6A8362CB6AC36292
:10A660000B6B03634B6B43638B6B8363CB6BC3637A
:10A6700040304031403ADBD230320BD30B680360BC
:10A680004B6843608B688360CB68C36010301031C7
:10A69000103AF3D20C3205D351F8043B40F8043B96
:10A6A000043AF9D2043208D0D2071CBF11F8013B9A
:10A6B00000F8013B01D30B8803806046704700BF60
:10A6C000082A13D38B07B1D010F00303AED0C3F127
:10A6D0000403D21ADB071CBF11F8013B00F8013B51
:10A6E000A4D331F8023B20F8023B9FE7043AD9D3C8
:10A6F000013A11F8013B00F8013BF9D20B780370E5
:10A700004B7843708B7883706046704770B58607CE
:10A710004AD0541E002A41D0CAB2034601E0013C8F
:10A720003CD303F8012B9D07F9D1032C2FD9CDB2CF
:10A730000F2C05EB052505EB054538D9A4F1100CC8
:10A7400003F1100E1A462CF00F064FEA1C1CB644FB
:10A750001560103242F80C5C42F8085C42F8045C68
:10A760007245F5D10CF1010214F00C0F04F00F0C3E
:10A7700003EB021213D0ACF1040323F00303043300
:10A78000134442F8045B9A42FBD10CF003042CB151
:10A79000C9B21C4403F8011B9C42FBD170BD644646
:10A7A0001346002CF4D1F9E703461446BDE71A46D8
:10A7B000A446E0E7704700BF704700BF024B00228D
:10A7C0001B68C3E92A027047000900200C4B0D48A2
:10A7D00019680D4AD1F8A83010B403FB00F0D1F885
:10A7E000AC4002FB04005DF8044BA3FB02320133D2
:10A7F00040EB0200C1E92A3020F00040704700BF62
:10A80000000900202DF451582D7F954C38B50022B9
:10A81000064D044608462A60F8F7B6FA431C00D0F5
:10A8200038BD2B68002BFBD0236038BD9813002067
:10A8300011F0FF0103463AD0820731D110B501EB88
:10A84000012E02684EEA0E4EA2F101338EEA020496
:10A8500023EA0203A4F1013222EA0402134313F0B3
:10A86000803F0FD150F8044F84EA0E0CA4F101335D
:10A87000ACF1013223EA040322EA0C02134313F081
:10A88000803FEFD0037823B937E010F8013F002B69
:10A8900033D09942F9D110BD8A4229D09A072AD0E3
:10A8A0001A7818460133002AF6D1104670478207FD
:10A8B00019D10268A2F1013323EA020313F0803FA9
:10A8C00008D150F8042FA2F1013323EA020313F058
:10A8D000803FF6D003785BB110F8013F002BFBD12D
:10A8E0007047990705D0184613F8012B002AF8D1B4
:10A8F00070471846DDE71846A0E7184610BD00BFB0
:10A9000010B58E460178F9B104469EF80000A446C1
:10A9100088B17246034602E012F8013F23B18B4230
:10A92000FAD1ACEB040010BD1CF8011F0029F0D1D6
:10A93000ACEB0400F7E71CF8011F0029F1D01CF86C
:10A94000011F0029F7D1ECE7084610BD20F00301F4
:10A9500010F00300C0F1000051F8043B00F1040CBA
:10A960004FEACC0C6FF000021CBF22FA0CF213432A
:10A970004FF0010C4CEA0C2C4CEA0C4CA3EB0C02F3
:10A9800022EA030212EACC1204BF51F8043B04305D
:10A99000F4D0C2F1000102EA0102B2FA82F2C2F17D
:10A9A0001F0200EBD200704710B58E46017899B1B6
:10A9B00004469EF8000070B1A4467246034602E0C9
:10A9C00012F8013F2BB19942FAD11CF8011F00295E
:10A9D000F3D1ACEB040010BD084610BDF8B5224F12
:10A9E0000C460646FFF7E6FEBB685D6825F00305EA
:10A9F00005F6EF73191B1D4C0C40A4F58054B4F5FB
:10AA0000805F07DB00213046FFF700FFBB682B4467
:10AA1000984204D03046FFF7CFFE0020F8BD6142D7
:10AA20003046FFF7F3FE01300DD02D1B104ABB68F6
:10AA3000304645F001055D6013681B1B1360FFF78E
:10AA4000BBFE0120F8BD00213046FFF7DFFEBA68EB
:10AA5000831A0F2BDEDD43F0010305495360054BDC
:10AA60001B68C01A0860D5E7300D002000F0FFFF1A
:10AA7000681300203811002000297DD0F8B50C465D
:10AA80000646FFF797FE7A4F54F8042CA4F1080508
:10AA9000B86822F0010105EB010CDCF804306045D8
:10AAA00023F0030300F08880D207CCF8043032D4BE
:10AAB00054F8082C07F10800AD1A1144AA68824224
:10AAC0006BD00CEB0304D4F804E0EC681EF0010F2B
:10AAD000D460A26000F0898041F001036B60CCF883
:10AAE0000010B1F5007F24D2CB08012249090133BF
:10AAF0008A4079680A4357F833107A6007EBC3023B
:10AB0000083AC5E9021247F83350CD603046BDE837
:10AB1000F840FFF751BE0CEB03025268D2072CD568
:10AB200041F00103B1F5007F44F8043CCCF800107B
:10AB3000DAD3B1F5206F4FEA512358D28B0903F1D4
:10AB4000390003F13802C300F818FB58083898425E
:10AB500003D166E09B68984204D05A6822F0030251
:10AB60008A42F7D8D868C5E9023085603046DD6092
:10AB7000BDE8F840FFF720BE7047194407F1080010
:10AB8000DCF80830834243D0DCF80C20DA609360B4
:10AB900041F001036B606950A3E70CEB03025268BC
:10ABA000D0075FD40B44DCE90212CA60916043F025
:10ABB00001026A60EB50A9E70B44D10707D454F8AF
:10ABC000082CAD1A1344D5E90212CA60916043F013
:10ABD00001026A60274ABD6012689A4296D8264BE5
:10ABE00030461968FFF7FAFE90E71944C8E7142BBE
:10ABF00008D9542B1DD80B0B03F16F0003F16E0223
:10AC0000C300A1E703F15C0003F15B02C3009BE713
:10AC100041F001033D617D61A860E8606B606950AF
:10AC200074E70121921001FA02F279680A437A600E
:10AC300099E7B3F5AA7F06D8CB0B03F1780003F1AF
:10AC40007702C30080E740F25452934206D88B0C3F
:10AC500003F17D0003F17C02C30075E74FF47E73BE
:10AC60007E2271E741F001036B60CCF800104DE7E4
:10AC7000300D00203C11002064130020F8B500BF07
:10AC80005FF800F0F50300205FF800F005050020F4
:10AC90005FF800F0D50400205FF800F06D0200209E
:10ACA0005FF800F0110100205FF800F0450300207C
:10ACB0005FF800F00102002091130010051300104E
:10ACC00039130010DD130010711300108D120010E5
:10ACD000B913001079120010C1080010BD13001044
:10ACE000310C0010D5120010A513001055130010E0
:0CACF00009050010310500105D02001085
:10AD000048697420616E79206B65790046533A205A
:10AD1000626C6F636B732025642C20626C6F636BB5
:10AD20002073697A652025642C207573656420255D
:10AD3000640A00004372656174696E672025644B84
:10AD40002066696C650A00006269675F66696C6508
:10AD5000000000006F70656E206661696C73000012
:10AD60007772697465206661696C7320617420254F
:10AD7000642072657475726E65642025640A000033
:10AD800072656164696E672025644B2066696C6535
:10AD90000A00000072656164206661696C7320615D
:10ADA000742025642072657475726E656420256454
:10ADB0000A00000064617461206D69736D617463E1
:10ADC000682061742025640A0000000072656D6FC0
:10ADD00076696E672066696C6500000072656D6F4C
:10ADE0007665206661696C730000000050617373C2
:10ADF000000000004661696C000000000A2A2A2A4F
:10AE00002050414E4943202A2A2A0A00000000000F
:10AE1000FFFFFFFFFFFFFF7F48617264776172658C
:10AE200020616C61726D20256420616C72656164C3
:10AE30007920636C61696D6564000000486172642B
:10AE400020617373657274004F7574206F66206D96
:10AE5000656D6F727900000052656C656173650005
:10AE6000626F6F74325F77323571303830000000B6
:10AE7000322E312E300000007069636F3200000006
:10AE80006578616D706C6532000000004665622077
:10AE9000203120323032350006005250D3F0754256
:10AEA00058AE001006005250E182887F60AE00105C
:10AEB00006005250ABB3605370AE00100600525003
:10AEC000BBFF3CB678AE001006005250861C030251
:10AED00080AE0010060052505422A29D8CAE00108D
:10AEE00005005250DE65F468F8C30010666E692BE9
:10AEF00000000000666E69006E616E00666E692D6E
:10AF00000000000000000000000000000000F03F12
:10AF10000000000000002440000000000000594034
:10AF20000000000000408F40000000000088C34087
:10AF300000000000006AF8400000000080842E41FC
:10AF400000000000D01263410000000084D7974148
:10AF50000000000065CDCD410D0A0000554152545E
:10AF600020737464696E00005541525420737464F8
:10AF70006F7574005541525420737464696E202FAC
:10AF8000207374646F7574000600525053B4F4A1BA
:10AF900074AF001008005250120000000800525018
:10AFA000921000002F686F6D652F646576656C2FB9
:10AFB0007270323034302D7270323335302D66720B
:10AFC000656572746F732F7069636F2D6C6974742B
:10AFD0006C6566732F6C6974746C6566732D6C692F
:10AFE000622F6C66732E630025733A25643A65728E
:10AFF000726F723A20436F72727570746564206468
:10B0000069722070616972206174207B3078256CD0
:10B01000782C203078256C787D25730A000000009C
:10B020002F0000002E2E000025733A25643A657229
:10B03000726F723A204E6F206D6F72652066726576
:10B040006520737061636520256C7525730A0000A7
:10B0500025733A25643A64656275673A20426164F3
:10B0600020626C6F636B206174203078256C7825CA
:10B07000730A000025733A25643A64656275673A7D
:10B0800020466978696E67206D6F766520776869FC
:10B090006C652072656C6F636174696E67207B30CC
:10B0A00078256C782C203078256C787D20307825B8
:10B0B00068780A25730A000025733A25643A6465A6
:10B0C0006275673A20457870616E64696E672073B7
:10B0D00075706572626C6F636B2061742072657647
:10B0E00020256C7525730A0025733A25643A64653A
:10B0F0006275673A2052656C6F636174696E672090
:10B100007B3078256C782C203078256C787D202D4C
:10B110003E207B3078256C782C203078256C787D2B
:10B1200025730A0025733A25643A7761726E3A20D6
:10B130005375706572626C6F636B203078256C7824
:10B1400020686173206265636F6D6520756E77722C
:10B15000697461626C6525730A00000025733A25E5
:10B16000643A64656275673A20466978696E67205B
:10B170006F727068616E207B3078256C782C20307F
:10B1800078256C787D25730A0000000025733A2528
:10B19000643A64656275673A20466978696E67202B
:10B1A00068616C662D6F727068616E207B307825E7
:10B1B0006C782C203078256C787D202D3E207B30DB
:10B1C00078256C782C203078256C787D25730A00E2
:10B1D00025733A25643A64656275673A2046697852
:10B1E000696E67206D6F7665207B3078256C782CD2
:10B1F000203078256C787D20307825687825730A92
:10B20000000000006C6974746C65667300000000D7
:10B2100025733A25643A6572726F723A20496E76E8
:10B22000616C69642076657273696F6E207625683B
:10B23000752E25687525730A0000000025733A25D0
:10B24000643A6572726F723A20556E737570706FE2
:10B2500072746564206E616D655F6D61782028256C
:10B260006C75203E20256C752925730A00000000AE
:10B2700025733A25643A6572726F723A20556E737F
:10B280007570706F727465642066696C655F6D615E
:10B29000782028256C75203E20256C752925730A99
:10B2A0000000000025733A25643A6572726F723AA5
:10B2B00020556E737570706F72746564206174745C
:10B2C000725F6D61782028256C75203E20256C7595
:10B2D0002925730A0000000025733A25643A646545
:10B2E0006275673A20466F756E642070656E64699A
:10B2F0006E67206773746174652030782530386C10
:10B30000782530386C782530386C7825730A000041
:10B31000000000006410B71DC8206E3BAC30D92679
:10B320009041DC76F4516B6B5861B24D3C71055025
:10B330002083B8ED44930FF0E8A3D6D68CB361CB4D
:10B34000B0C2649BD4D2D38678E20AA01CF2BDBD01
:10B35000000000000000000000000000FFFFFFFFF1
:10B36000FFFFFFFF04B20010080000001B5B481B3A
:04B370005B4A000034
:08B37400B851FF0F01000000B9
:10B37C0098AE0010A4AE0010B0AE0010BCAE001021
:10B38C00C8AE0010D4AE0010E0AE00109CAF0010A0
:08B39C0094AF001088AF00100F
:10B3A4004FF0504310B5026893F90040EFF3108357
:10B3B40072B6D2E8CFCF0121BCF1000FF9D1C2E8B7
:10B3C4004C1FBCF1000FF4D1BFF35F8F90F9042040
:10B3D400002A1CDB00210268C2E88F1F83F3108857
:10B3E40020BF0268EFF3108372B6D2E8CFEF5FF0AC
:10B3F400010CBEF1000FF8D1C2E84ECFBEF1000F30
:10B40400F3D1BFF35F8F90F90420002AE3DA00221E
:10B4140001680471C1E88F2F83F3108810BD00BF49
:10B424004FF050412DE9F0410027044616461D46D1
:10B43400D1F8008009E02368C3E88F7F8CF310887B
:10B444003046294600F034FBF0B92168EFF3108C44
:10B4540072B6D1E8CF2F0123002AFAD1C1E8423FC6
:10B46400002AF6D1BFF35F8F94F904E0BEF1000F18
:10B47400E1DA0023226884F80480C2E88F3F8CF369
:10B4840010880120BDE8F0810020BDE8F08100BFF4
:10B4940030B501460468EFF3108C72B6D4E8CFEFF0
:10B4A4000125BEF1000FF9D1C4E84E5FBEF1000FD3
:10B4B400F4D1BFF35F8F90F90440002C11DB00211D
:10B4C4000568C5E88F1F8CF310884FF0504C9CF929
:10B4D40000C0A44501D1084630BDBDE83040FFF7A7
:10B4E4009FBF4FF05040006800230A680871C2E80B
:10B4F4008F3F8CF31088012030BD00BF0368EFF349
:10B50400108272B6D3E8CFCF0121BCF1000FF9D17C
:10B51400C3E84C1FBCF1000FF4D1BFF35F8F4FF0B1
:10B52400FF0C0023016880F804C0C1E88F3F82F358
:10B53400108840BF704700BF10B40A4C23786BB921
:10B54400094BC3F1804103F5807001F56021CA58AD
:10B5540043F8042F8342FAD1012323705DF8044B8E
:10B56400704700BF2C190020B8130020004B184767
:10B57400BD130020034B1A6A02609A6A42605B6A38
:10B584008360704700000D4010B5044644F2464005
:10B5940000F096FA24B103681888C0F3033010BD94
:10B5A4000A2010BD10B504460120FFF7EDFF38B99D
:10B5B4002268074B1A6262689A62A2685A6210BDD6
:10B5C4004FF480514AF20202014BD9621A6310BD52
:10B5D40000000D402DE9F0434318B3F5800F0446F5
:10B5E4000D4685B04BD80023DB8A002242E800F2E6
:10B5F400560254BF1021042144F2496098470023A5
:10B604008146DB8A002242E800F2500254BF102136
:10B61400042145F64500984700238046DB8A002232
:10B6240042E800F2510254BF1021042144F2525066
:10B63400984700230746DB8A002242E800F25202C0
:10B6440054BF1021042144F2463098470646FFF7C0
:10B6540073FF00F07FF801A8FFF78CFFC847C047CD
:10B6640029462046D8234FF48032B847B047FFF725
:10B674007DFF01A8FFF796FF05B0BDE8F08300F059
:10B684001BFAB0E72DE9F0478318B3F5800F0446A1
:10B694001546884684B049D80023DB8A002242E854
:10B6A40000F2560254BF1021042144F24960984725
:10B6B40000238246DB8A002242E800F2500254BF93
:10B6C4001021042145F64500984700238146DB8A72
:10B6D400002242E800F2510254BF1021042145F235
:10B6E4005200984700230746DB8A002242E800F212
:10B6F400520254BF1021042144F2463098470646B2
:10B70400FFF71AFF00F026F801A8FFF733FFD04730
:10B71400C8472A4641462046B847B047FFF726FFA8
:10B7240001A8FFF73FFF04B0BDE8F08700F0C4F9BB
:10B73400B2E700BF0144884206D2002302F1C0529E
:10B74400135408308142FBD8BFF34F8FBFF36F8F80
:10B75400704700BF01224FF480410148FFF7EABF60
:10B7640000C0FF0353B94AB9002908BF00281CBF11
:10B774004FF0FF314FF0FF3000F096B9ADF1080CF7
:10B784006DE904CE00F01AF8DDF804E0DDE90223E7
:10B7940004B07047430803F05533C01A830800F01F
:10B7A400333003F03333184400EB101000F00F3043
:10B7B40000EB002000EB0040000E70472DE9F04F35
:10B7C400099D0C46002B4DD18A420F46844696466D
:10B7D400B2FA82F360D94BB102FA03FEC3F120023C
:10B7E4009F4000FA03FC20FA02F217434FEA1E4678
:10B7F4001FFA8EF44FEA1C42B7FBF6F106FB1177F1
:10B8040001FB04F042EA0742904208D91EEB02020F
:10B8140001F1FF3702D2904200F231813946121A07
:10B824001FFA8CFCB2FBF6F006FB102200FB04F4BA
:10B834004CEA024C644508D91EEB0C0C00F1FF32B3
:10B8440002D2644500F21E81104640EA0140ACEB8E
:10B85400040C002125B12CFA03F30022C5E90032BF
:10B86400BDE8F08F8B4205D90DB1C5E90001002177
:10B874000846F5E7B3FA83F100294DD1A342C0F09D
:10B88400F380904280F0F080064623460846002D5F
:10B89400E6D0C5E90063E3E7002B40F0A3808A1AF1
:10B8A4004FEA1E471FFA8EF60121B2FBF7F407FB9D
:10B8B40014204FEA1C4242EA004206FB04F0904284
:10B8C4000FD91EEB020204F1FF382CBF4FF001091F
:10B8D4004FF00009904203D9B9F1000F00F0CC8079
:10B8E4004446121A1FFA8CFCB2FBF7F007FB102235
:10B8F40000FB06F64CEA024C664508D91EEB0C0C1C
:10B9040000F1FF3202D2664500F2B3801046ACEB80
:10B91400060C40EA04409DE7C1F120068B4004FA7E
:10B9240001FE22FA06F720FA06FCF4408A401F437F
:10B934004EEA0C0300FA01FE4FEA17484FEA134996
:10B944001FFA87FCB4FBF8F008FB104449EA0444EE
:10B9540000FB0CF9A1450ED93C1900F1FF3A2CBFAC
:10B964004FF0010B4FF0000BA14503D9BBF1000FC1
:10B9740000F08B805046A4EB09041FFA83F9B4FB52
:10B98400F8F308FB134403FB0CFC49EA0444A44504
:10B9940006D93C1903F1FF3801D2A4457BD84346AC
:10B9A40043EA0040A4EB0C04A0FB02984445CC46B7
:10B9B400434602D306D1CE4504D20138B9EB020C7A
:10B9C40068EB0703002D6CD0BEEB0C0264EB0304A0
:10B9D40022FA01F304FA06F6CC4000211E43C5E91D
:10B9E40000643DE702FA03FEC3F1200104FA03F206
:10B9F40000FA03FCCC404FEA1E4720FA01F11FFA7B
:10BA04008EF6B4FBF7F00A4307FB1044110C41EA2D
:10BA1400044100FB06F48C420ED91EEB010100F137
:10BA2400FF382CBF4FF001094FF000098C4202D9B6
:10BA3400B9F1000F2CD04046091B92B2B1FBF7F4C8
:10BA440007FB141142EA014204FB06F1914207D9B3
:10BA54001EEB020204F1FF3801D291421ED8444683
:10BA6400521A44EA004120E7861A64EB03030120DA
:10BA74000DE7F44402384AE7023C724431E70239E4
:10BA84007244CCE6F4440238DFE602383C4472E700
:10BA940002387144D0E7023B3C4481E7023C7244E3
:10BAA400DEE72946DCE600BF704700BF0000000067
:10BAB4005FF800F0790E00105FF800F0D912001062
:10BAC4005FF800F071120010100000000000000088
:10BAD400000001000000000000000000000002005F
:10BAE400000000000000000000000300000000004F
:10BAF400000000000000FF000000000001B54868DD
:10BB040001318E460047704609380149884701BD16
:10BB1400F907001000000000000000000000000011
:10BB24000000000000000000501100204933001004
:10BB34004D340010993300105D34001000000000F3
:10BB44000001000000003C00000000006D9F001098
:10BB54003D9F0010119F0010010000000001000033
:10BB64000010000040000000F40100000004000088
:10BB740020000000000000000000000000000000A1
:10BB840000000000000000000000000000000000B1
:10BB9400080900200000000000000000F40B002051
:10BBA4005C0C0020C40C0020000000000000000019
:10BBB4000000000000000000000000000000000081
:10BBC4000000000000000000000000000000000071
:10BBD4000000000000000000000000000000000061
:10BBE4000000000000000000000000000000000051
:10BBF4000000000000000000000000000000000041
:10BC04000000000000000000000000000000000030
:10BC14000000000000000000000000000000000020
:10BC24000000000000000000000000000000000010
:10BC34000000000000000000000000000000000000
:10BC440001000000000000000E33CDAB34126DE69D
:10BC5400ECDE05000B000000000000000000000006
:10BC640000000000000000000000000000000000D0
:10BC740000000000000000000000000000000000C0
:10BC840000000000000000000000000000000000B0
:10BC940000000000000000000000000000000000A0
:10BCA4000000000000000000000000000000000090
:10BCB4000000000000000000000000000000000080
:10BCC4000000000000000000000000000000000070
:10BCD4000000000000000000000000000000000060
:10BCE4000000000000000000000000000000000050
:10BCF4000000000000000000000000000000000040
:10BD0400000000000000000000000000000000002F
:10BD1400000000000000000000000000000000001F
:10BD2400000000000000000000000000000000000F
:10BD340000000000000000000000000000000000FF
:10BD440000000000000000000000000000000000EF
:10BD540000000000000000000000000000000000DF
:10BD640000000000000000000000000000000000CF
:10BD740000000000000000000000000000000000BF
:10BD840000000000000000000000000000000000AF
:10BD9400000000000000000000000000000000009F
:10BDA400000000000000000000000000000000008F
:10BDB400000000000000000000000000000000007F
:10BDC400000000000000000000000000000000006F
:10BDD400000000000000000000000000000000005F
:10BDE400000000000000000000000000000000004F
:10BDF400000000000000000000000000000000003F
:10BE0400000000000000000000000000000000002E
:10BE1400000000000000000000000000000000001E
:10BE2400000000000000000000000000000000000E
:10BE340000000000000000000000000000000000FE
:10BE440000000000000000000000000000000000EE
:10BE540000000000000000000000000000000000DE
:10BE640000000000000000000000000000000000CE
:10BE740000000000000000000000000000000000BE
:10BE840000000000000000000000000000000000AE
:10BE9400000000000000000000000000000000009E
:10BEA400000000000000000000000000000000008E
:10BEB400000000000000000000000000000000007E
:10BEC400000000000000000000000000000000006E
:10BED400000000000000000000000000000000005E
:10BEE400000000000000000000000000000000004E
:10BEF400000000000000000000000000000000003E
:10BF0400000000000000000000000000000000002D
:10BF1400000000000000000000000000000000001D
:10BF2400000000000000000000000000000000000D
:10BF340000000000000000000000000000000000FD
:10BF440000000000000000000000000000000000ED
:10BF540000000000000000000000000000000000DD
:10BF640000000000000000000000000000000000CD
:10BF740000000000000000000000000000000000BD
:10BF840000000000000000000000000000000000AD
:10BF9400000000000000000000000000000000009D
:10BFA400000000000000000000000000000000008D
:10BFB400000000000000000000000000000000007D
:10BFC4000000000000000000300D0020300D0020B3
:10BFD400380D0020380D0020400D0020400D0020B9
:10BFE400480D0020480D0020500D0020500D002069
:10BFF400580D0020580D0020600D0020600D002019
:10C00400680D0020680D0020700D0020700D0020C8
:10C01400780D0020780D0020800D0020800D002078
:10C02400880D0020880D0020900D0020900D002028
:10C03400980D0020980D0020A00D0020A00D0020D8
:10C04400A80D0020A80D0020B00D0020B00D002088
:10C05400B80D0020B80D0020C00D0020C00D002038
:10C06400C80D0020C80D0020D00D0020D00D0020E8
:10C07400D80D0020D80D0020E00D0020E00D002098
:10C08400E80D0020E80D0020F00D0020F00D002048
:10C09400F80D0020F80D0020000E0020000E0020F6
:10C0A400080E0020080E0020100E0020100E0020A4
:10C0B400180E0020180E0020200E0020200E002054
:10C0C400280E0020280E0020300E0020300E002004
:10C0D400380E0020380E0020400E0020400E0020B4
:10C0E400480E0020480E0020500E0020500E002064
:10C0F400580E0020580E0020600E0020600E002014
:10C10400680E0020680E0020700E0020700E0020C3
:10C11400780E0020780E0020800E0020800E002073
:10C12400880E0020880E0020900E0020900E002023
:10C13400980E0020980E0020A00E0020A00E0020D3
:10C14400A80E0020A80E0020B00E0020B00E002083
:10C15400B80E0020B80E0020C00E0020C00E002033
:10C16400C80E0020C80E0020D00E0020D00E0020E3
:10C17400D80E0020D80E0020E00E0020E00E002093
:10C18400E80E0020E80E0020F00E0020F00E002043
:10C19400F80E0020F80E0020000F0020000F0020F1
:10C1A400080F0020080F0020100F0020100F00209F
:10C1B400180F0020180F0020200F0020200F00204F
:10C1C400280F0020280F0020300F0020300F0020FF
:10C1D400380F0020380F0020400F0020400F0020AF
:10C1E400480F0020480F0020500F0020500F00205F
:10C1F400580F0020580F0020600F0020600F00200F
:10C20400680F0020680F0020700F0020700F0020BE
:10C21400780F0020780F0020800F0020800F00206E
:10C22400880F0020880F0020900F0020900F00201E
:10C23400980F0020980F0020A00F0020A00F0020CE
:10C24400A80F0020A80F0020B00F0020B00F00207E
:10C25400B80F0020B80F0020C00F0020C00F00202E
:10C26400C80F0020C80F0020D00F0020D00F0020DE
:10C27400D80F0020D80F0020E00F0020E00F00208E
:10C28400E80F0020E80F0020F00F0020F00F00203E
:10C29400F80F0020F80F00200010002000100020EC
:10C2A400081000200810002010100020101000209A
:10C2B400181000201810002020100020201000204A
:10C2C40028100020281000203010002030100020FA
:10C2D40038100020381000204010002040100020AA
:10C2E400481000204810002050100020501000205A
:10C2F400581000205810002060100020601000200A
:10C3040068100020681000207010002070100020B9
:10C314007810002078100020801000208010002069
:10C324008810002088100020901000209010002019
:10C334009810002098100020A0100020A0100020C9
:10C34400A8100020A8100020B0100020B010002079
:10C35400B8100020B8100020C0100020C010002029
:10C36400C8100020C8100020D0100020D0100020D9
:10C37400D8100020D8100020E0100020E010002089
:10C38400E8100020E8100020F0100020F010002039
:10C39400F8100020F81000200011002000110020E7
:10C3A4000811002008110020101100201011002095
:10C3B4001811002018110020201100202011002045
:10C3C4002811002028110020FFFFFFFF00000200B9
:10C3D4000000000000000000000000000000000059
:10C3E400D3DEFFFFFE010000FF010000543DFFFF0C
:04C3F400793512ABDA
:040000051000014D99
:00000001FF
