
/home/devel/rp2040-rp2350-freertos/build-2350/pico-littlefs/example0.elf:     file format elf32-littlearm

Sections:
Idx Name          Size      VMA       LMA       File off  Algn
  0 .text         0000aa7c  10000000  10000000  00001000  2**3
                  CONTENTS, ALLOC, LOAD, READONLY, CODE
  1 .rodata       000005fc  1000aa80  1000aa80  0000ba80  2**3
                  CONTENTS, ALLOC, LOAD, READONLY, DATA
  2 .ARM.exidx    00000008  1000b07c  1000b07c  0000c07c  2**2
                  CONTENTS, ALLOC, LOAD, READONLY, DATA
  3 .binary_info  00000028  1000b084  1000b084  0000c084  2**2
                  CONTENTS, ALLOC, LOAD, READONLY, DATA
  4 .ram_vector_table 00000110  20000000  20000000  0000f000  2**2
                  ALLOC
  5 .uninitialized_data 00000000  20000110  20000110  0000e100  2**0
                  CONTENTS
  6 .data         00001040  20000110  1000b0ac  0000c110  2**3
                  CONTENTS, ALLOC, LOAD, READONLY, CODE
  7 .tdata        00000000  20001150  20001150  0000e100  2**0
                  CONTENTS, ALLOC, LOAD, DATA, THREAD_LOCAL
  8 .tbss         00000000  20001150  20001150  00000000  2**0
                  ALLOC, THREAD_LOCAL
  9 .bss          000003e0  20001150  1000c0ec  0000e150  2**3
                  ALLOC
 10 .heap         00000800  20001530  20001530  0000e100  2**2
                  CONTENTS, READONLY
 11 .scratch_x    00000000  20080000  20080000  0000e900  2**0
                  CONTENTS
 12 .scratch_y    00000000  20081000  20081000  0000e900  2**0
                  CONTENTS
 13 .stack_dummy  00000800  20081000  20081000  0000e900  2**5
                  CONTENTS, READONLY
 14 .flash_end    00000014  1000c0ec  1000c0ec  0000e0ec  2**2
                  CONTENTS, ALLOC, LOAD, READONLY, DATA
 15 .ARM.attributes 00000034  00000000  00000000  0000f100  2**0
                  CONTENTS, READONLY
 16 .comment      00000026  00000000  00000000  0000f134  2**0
                  CONTENTS, READONLY
 17 .debug_info   0003dbdf  00000000  00000000  0000f15a  2**0
                  CONTENTS, READONLY, DEBUGGING, OCTETS
 18 .debug_abbrev 00007fdd  00000000  00000000  0004cd39  2**0
                  CONTENTS, READONLY, DEBUGGING, OCTETS
 19 .debug_loclists 00023f78  00000000  00000000  00054d16  2**0
                  CONTENTS, READONLY, DEBUGGING, OCTETS
 20 .debug_aranges 00001298  00000000  00000000  00078c90  2**3
                  CONTENTS, READONLY, DEBUGGING, OCTETS
 21 .debug_rnglists 000071ff  00000000  00000000  00079f28  2**0
                  CONTENTS, READONLY, DEBUGGING, OCTETS
 22 .debug_line   00023fb1  00000000  00000000  00081127  2**0
                  CONTENTS, READONLY, DEBUGGING, OCTETS
 23 .debug_str    00007f92  00000000  00000000  000a50d8  2**0
                  CONTENTS, READONLY, DEBUGGING, OCTETS
 24 .debug_frame  00003270  00000000  00000000  000ad06c  2**2
                  CONTENTS, READONLY, DEBUGGING, OCTETS
 25 .debug_line_str 0000020e  00000000  00000000  000b02dc  2**0
                  CONTENTS, READONLY, DEBUGGING, OCTETS

/home/devel/rp2040-rp2350-freertos/build-2350/pico-littlefs/example0.elf:     file format elf32-littlearm


Disassembly of section .text:

10000000 <__VECTOR_TABLE>:
10000000:	20082000 	.word	0x20082000
10000004:	1000015d 	.word	0x1000015d
10000008:	10000113 	.word	0x10000113
1000000c:	10000115 	.word	0x10000115
10000010:	10000111 	.word	0x10000111
10000014:	10000111 	.word	0x10000111
10000018:	10000111 	.word	0x10000111
1000001c:	10000111 	.word	0x10000111
10000020:	10000111 	.word	0x10000111
10000024:	10000111 	.word	0x10000111
10000028:	10000111 	.word	0x10000111
1000002c:	10000117 	.word	0x10000117
10000030:	10000111 	.word	0x10000111
10000034:	10000111 	.word	0x10000111
10000038:	10000119 	.word	0x10000119
1000003c:	1000011b 	.word	0x1000011b
10000040:	1000011d 	.word	0x1000011d
10000044:	1000011d 	.word	0x1000011d
10000048:	1000011d 	.word	0x1000011d
1000004c:	1000011d 	.word	0x1000011d
10000050:	1000011d 	.word	0x1000011d
10000054:	1000011d 	.word	0x1000011d
10000058:	1000011d 	.word	0x1000011d
1000005c:	1000011d 	.word	0x1000011d
10000060:	1000011d 	.word	0x1000011d
10000064:	1000011d 	.word	0x1000011d
10000068:	1000011d 	.word	0x1000011d
1000006c:	1000011d 	.word	0x1000011d
10000070:	1000011d 	.word	0x1000011d
10000074:	1000011d 	.word	0x1000011d
10000078:	1000011d 	.word	0x1000011d
1000007c:	1000011d 	.word	0x1000011d
10000080:	1000011d 	.word	0x1000011d
10000084:	1000011d 	.word	0x1000011d
10000088:	1000011d 	.word	0x1000011d
1000008c:	1000011d 	.word	0x1000011d
10000090:	1000011d 	.word	0x1000011d
10000094:	1000011d 	.word	0x1000011d
10000098:	1000011d 	.word	0x1000011d
1000009c:	1000011d 	.word	0x1000011d
100000a0:	1000011d 	.word	0x1000011d
100000a4:	1000011d 	.word	0x1000011d
100000a8:	1000011d 	.word	0x1000011d
100000ac:	1000011d 	.word	0x1000011d
100000b0:	1000011d 	.word	0x1000011d
100000b4:	1000011d 	.word	0x1000011d
100000b8:	1000011d 	.word	0x1000011d
100000bc:	1000011d 	.word	0x1000011d
100000c0:	1000011d 	.word	0x1000011d
100000c4:	1000011d 	.word	0x1000011d
100000c8:	1000011d 	.word	0x1000011d
100000cc:	1000011d 	.word	0x1000011d
100000d0:	1000011d 	.word	0x1000011d
100000d4:	1000011d 	.word	0x1000011d
100000d8:	1000011d 	.word	0x1000011d
100000dc:	1000011d 	.word	0x1000011d
100000e0:	1000011d 	.word	0x1000011d
100000e4:	1000011d 	.word	0x1000011d
100000e8:	1000011d 	.word	0x1000011d
100000ec:	1000011d 	.word	0x1000011d
100000f0:	1000011d 	.word	0x1000011d
100000f4:	1000011d 	.word	0x1000011d
100000f8:	1000011d 	.word	0x1000011d
100000fc:	1000011d 	.word	0x1000011d
10000100:	1000011d 	.word	0x1000011d
10000104:	1000011d 	.word	0x1000011d
10000108:	1000011d 	.word	0x1000011d
1000010c:	1000011d 	.word	0x1000011d

10000110 <isr_invalid>:
10000110:	be00      	bkpt	0x0000

10000112 <isr_nmi>:
10000112:	be00      	bkpt	0x0000

10000114 <isr_hardfault>:
10000114:	be00      	bkpt	0x0000

10000116 <isr_svcall>:
10000116:	be00      	bkpt	0x0000

10000118 <isr_pendsv>:
10000118:	be00      	bkpt	0x0000

1000011a <isr_systick>:
1000011a:	be00      	bkpt	0x0000

1000011c <__unhandled_user_irq>:
1000011c:	f3ef 8005 	mrs	r0, IPSR
10000120:	3810      	subs	r0, #16

10000122 <unhandled_user_irq_num_in_r0>:
10000122:	be00      	bkpt	0x0000

10000124 <binary_info_header>:
10000124:	7188ebf2 	.word	0x7188ebf2
10000128:	1000b084 	.word	0x1000b084
1000012c:	1000b0ac 	.word	0x1000b0ac
10000130:	100001a8 	.word	0x100001a8
10000134:	e71aa390 	.word	0xe71aa390

10000138 <__binary_info_header_end>:
10000138:	ffffded3 	.word	0xffffded3
1000013c:	10210142 	.word	0x10210142
10000140:	000001ff 	.word	0x000001ff
10000144:	0000bfb4 	.word	0x0000bfb4
10000148:	ab123579 	.word	0xab123579

1000014c <_entry_point>:
1000014c:	f04f 0000 	mov.w	r0, #0

10000150 <_enter_vtable_in_r0>:
10000150:	4920      	ldr	r1, [pc, #128]	@ (100001d4 <data_cpy_table+0x2c>)
10000152:	6008      	str	r0, [r1, #0]
10000154:	c806      	ldmia	r0!, {r1, r2}
10000156:	f381 8808 	msr	MSP, r1
1000015a:	4710      	bx	r2

1000015c <_reset_handler>:
1000015c:	f04f 4050 	mov.w	r0, #3489660928	@ 0xd0000000
10000160:	6800      	ldr	r0, [r0, #0]
10000162:	b110      	cbz	r0, 1000016a <hold_non_core0_in_bootrom+0x6>

10000164 <hold_non_core0_in_bootrom>:
10000164:	f04f 0000 	mov.w	r0, #0
10000168:	e7f2      	b.n	10000150 <_enter_vtable_in_r0>
1000016a:	a40f      	add	r4, pc, #60	@ (adr r4, 100001a8 <data_cpy_table>)
1000016c:	cc0e      	ldmia	r4!, {r1, r2, r3}
1000016e:	2900      	cmp	r1, #0
10000170:	d002      	beq.n	10000178 <hold_non_core0_in_bootrom+0x14>
10000172:	f000 f815 	bl	100001a0 <data_cpy>
10000176:	e7f9      	b.n	1000016c <hold_non_core0_in_bootrom+0x8>
10000178:	4917      	ldr	r1, [pc, #92]	@ (100001d8 <data_cpy_table+0x30>)
1000017a:	4a18      	ldr	r2, [pc, #96]	@ (100001dc <data_cpy_table+0x34>)
1000017c:	2000      	movs	r0, #0
1000017e:	e000      	b.n	10000182 <bss_fill_test>

10000180 <bss_fill_loop>:
10000180:	c101      	stmia	r1!, {r0}

10000182 <bss_fill_test>:
10000182:	4291      	cmp	r1, r2
10000184:	d1fc      	bne.n	10000180 <bss_fill_loop>

10000186 <platform_entry>:
10000186:	2000      	movs	r0, #0
10000188:	f380 880a 	msr	MSPLIM, r0
1000018c:	4914      	ldr	r1, [pc, #80]	@ (100001e0 <data_cpy_table+0x38>)
1000018e:	4788      	blx	r1
10000190:	4914      	ldr	r1, [pc, #80]	@ (100001e4 <data_cpy_table+0x3c>)
10000192:	4788      	blx	r1
10000194:	4914      	ldr	r1, [pc, #80]	@ (100001e8 <data_cpy_table+0x40>)
10000196:	4788      	blx	r1
10000198:	be00      	bkpt	0x0000
1000019a:	e7fd      	b.n	10000198 <platform_entry+0x12>

1000019c <data_cpy_loop>:
1000019c:	c901      	ldmia	r1!, {r0}
1000019e:	c201      	stmia	r2!, {r0}

100001a0 <data_cpy>:
100001a0:	429a      	cmp	r2, r3
100001a2:	d3fb      	bcc.n	1000019c <data_cpy_loop>
100001a4:	4770      	bx	lr
100001a6:	bf00      	nop

100001a8 <data_cpy_table>:
100001a8:	1000b0ac 	.word	0x1000b0ac
100001ac:	20000110 	.word	0x20000110
100001b0:	20001150 	.word	0x20001150
100001b4:	1000c0ec 	.word	0x1000c0ec
100001b8:	20080000 	.word	0x20080000
100001bc:	20080000 	.word	0x20080000
100001c0:	1000c0ec 	.word	0x1000c0ec
100001c4:	20081000 	.word	0x20081000
100001c8:	20081000 	.word	0x20081000
100001cc:	00000000 	.word	0x00000000
100001d0:	4770      	bx	lr
100001d2:	0000      	.short	0x0000
100001d4:	e000ed08 	.word	0xe000ed08
100001d8:	20001150 	.word	0x20001150
100001dc:	20001530 	.word	0x20001530
100001e0:	10002cd5 	.word	0x10002cd5
100001e4:	1000027d 	.word	0x1000027d
100001e8:	10002ccd 	.word	0x10002ccd

100001ec <_init>:
100001ec:	b5f8      	push	{r3, r4, r5, r6, r7, lr}
100001ee:	bf00      	nop

100001f0 <deregister_tm_clones>:
100001f0:	4803      	ldr	r0, [pc, #12]	@ (10000200 <deregister_tm_clones+0x10>)
100001f2:	4b04      	ldr	r3, [pc, #16]	@ (10000204 <deregister_tm_clones+0x14>)
100001f4:	4283      	cmp	r3, r0
100001f6:	d002      	beq.n	100001fe <deregister_tm_clones+0xe>
100001f8:	4b03      	ldr	r3, [pc, #12]	@ (10000208 <deregister_tm_clones+0x18>)
100001fa:	b103      	cbz	r3, 100001fe <deregister_tm_clones+0xe>
100001fc:	4718      	bx	r3
100001fe:	4770      	bx	lr
10000200:	20001150 	.word	0x20001150
10000204:	20001150 	.word	0x20001150
10000208:	00000000 	.word	0x00000000

1000020c <register_tm_clones>:
1000020c:	4b06      	ldr	r3, [pc, #24]	@ (10000228 <register_tm_clones+0x1c>)
1000020e:	4907      	ldr	r1, [pc, #28]	@ (1000022c <register_tm_clones+0x20>)
10000210:	1ac9      	subs	r1, r1, r3
10000212:	1089      	asrs	r1, r1, #2
10000214:	bf48      	it	mi
10000216:	3101      	addmi	r1, #1
10000218:	1049      	asrs	r1, r1, #1
1000021a:	d003      	beq.n	10000224 <register_tm_clones+0x18>
1000021c:	4b04      	ldr	r3, [pc, #16]	@ (10000230 <register_tm_clones+0x24>)
1000021e:	b10b      	cbz	r3, 10000224 <register_tm_clones+0x18>
10000220:	4801      	ldr	r0, [pc, #4]	@ (10000228 <register_tm_clones+0x1c>)
10000222:	4718      	bx	r3
10000224:	4770      	bx	lr
10000226:	bf00      	nop
10000228:	20001150 	.word	0x20001150
1000022c:	20001150 	.word	0x20001150
10000230:	00000000 	.word	0x00000000

10000234 <__do_global_dtors_aux>:
10000234:	b510      	push	{r4, lr}
10000236:	4c06      	ldr	r4, [pc, #24]	@ (10000250 <__do_global_dtors_aux+0x1c>)
10000238:	7823      	ldrb	r3, [r4, #0]
1000023a:	b943      	cbnz	r3, 1000024e <__do_global_dtors_aux+0x1a>
1000023c:	f7ff ffd8 	bl	100001f0 <deregister_tm_clones>
10000240:	4b04      	ldr	r3, [pc, #16]	@ (10000254 <__do_global_dtors_aux+0x20>)
10000242:	b113      	cbz	r3, 1000024a <__do_global_dtors_aux+0x16>
10000244:	4804      	ldr	r0, [pc, #16]	@ (10000258 <__do_global_dtors_aux+0x24>)
10000246:	f3af 8000 	nop.w
1000024a:	2301      	movs	r3, #1
1000024c:	7023      	strb	r3, [r4, #0]
1000024e:	bd10      	pop	{r4, pc}
10000250:	20001348 	.word	0x20001348
10000254:	00000000 	.word	0x00000000
10000258:	1000aa7c 	.word	0x1000aa7c

1000025c <frame_dummy>:
1000025c:	b508      	push	{r3, lr}
1000025e:	4b04      	ldr	r3, [pc, #16]	@ (10000270 <frame_dummy+0x14>)
10000260:	b11b      	cbz	r3, 1000026a <frame_dummy+0xe>
10000262:	4904      	ldr	r1, [pc, #16]	@ (10000274 <frame_dummy+0x18>)
10000264:	4804      	ldr	r0, [pc, #16]	@ (10000278 <frame_dummy+0x1c>)
10000266:	f3af 8000 	nop.w
1000026a:	e8bd 4008 	ldmia.w	sp!, {r3, lr}
1000026e:	e7cd      	b.n	1000020c <register_tm_clones>
10000270:	00000000 	.word	0x00000000
10000274:	2000134c 	.word	0x2000134c
10000278:	1000aa7c 	.word	0x1000aa7c

1000027c <main>:
1000027c:	b530      	push	{r4, r5, lr}
1000027e:	b085      	sub	sp, #20
10000280:	f009 fdba 	bl	10009df8 <stdio_init>
10000284:	4829      	ldr	r0, [pc, #164]	@ (1000032c <main+0xb0>)
10000286:	f002 ffdd 	bl	10003244 <__wrap_printf>
1000028a:	f002 fedf 	bl	1000304c <__wrap_getchar>
1000028e:	4604      	mov	r4, r0
10000290:	200a      	movs	r0, #10
10000292:	f002 ff13 	bl	100030bc <__wrap_putchar>
10000296:	f044 0020 	orr.w	r0, r4, #32
1000029a:	b2c0      	uxtb	r0, r0
1000029c:	f1a0 0079 	sub.w	r0, r0, #121	@ 0x79
100002a0:	fab0 f080 	clz	r0, r0
100002a4:	0940      	lsrs	r0, r0, #5
100002a6:	f009 fd59 	bl	10009d5c <pico_mount>
100002aa:	2800      	cmp	r0, #0
100002ac:	d136      	bne.n	1000031c <main+0xa0>
100002ae:	4604      	mov	r4, r0
100002b0:	a801      	add	r0, sp, #4
100002b2:	f009 fd8f 	bl	10009dd4 <pico_fsstat>
100002b6:	e9dd 2101 	ldrd	r2, r1, [sp, #4]
100002ba:	9b03      	ldr	r3, [sp, #12]
100002bc:	481c      	ldr	r0, [pc, #112]	@ (10000330 <main+0xb4>)
100002be:	f002 ffc1 	bl	10003244 <__wrap_printf>
100002c2:	f240 1103 	movw	r1, #259	@ 0x103
100002c6:	481b      	ldr	r0, [pc, #108]	@ (10000334 <main+0xb8>)
100002c8:	f009 fd58 	bl	10009d7c <pico_open>
100002cc:	4605      	mov	r5, r0
100002ce:	4669      	mov	r1, sp
100002d0:	2204      	movs	r2, #4
100002d2:	9400      	str	r4, [sp, #0]
100002d4:	f009 fd78 	bl	10009dc8 <pico_read>
100002d8:	9b00      	ldr	r3, [sp, #0]
100002da:	4628      	mov	r0, r5
100002dc:	3301      	adds	r3, #1
100002de:	9300      	str	r3, [sp, #0]
100002e0:	f009 fd74 	bl	10009dcc <pico_rewind>
100002e4:	4669      	mov	r1, sp
100002e6:	2204      	movs	r2, #4
100002e8:	4628      	mov	r0, r5
100002ea:	f009 fd6b 	bl	10009dc4 <pico_write>
100002ee:	2201      	movs	r2, #1
100002f0:	4621      	mov	r1, r4
100002f2:	4628      	mov	r0, r5
100002f4:	f009 fd7e 	bl	10009df4 <pico_lseek>
100002f8:	4603      	mov	r3, r0
100002fa:	4628      	mov	r0, r5
100002fc:	461d      	mov	r5, r3
100002fe:	f009 fd57 	bl	10009db0 <pico_close>
10000302:	f009 fd65 	bl	10009dd0 <pico_unmount>
10000306:	9900      	ldr	r1, [sp, #0]
10000308:	480b      	ldr	r0, [pc, #44]	@ (10000338 <main+0xbc>)
1000030a:	f002 ff9b 	bl	10003244 <__wrap_printf>
1000030e:	4629      	mov	r1, r5
10000310:	480a      	ldr	r0, [pc, #40]	@ (1000033c <main+0xc0>)
10000312:	f002 ff97 	bl	10003244 <__wrap_printf>
10000316:	4620      	mov	r0, r4
10000318:	b005      	add	sp, #20
1000031a:	bd30      	pop	{r4, r5, pc}
1000031c:	4808      	ldr	r0, [pc, #32]	@ (10000340 <main+0xc4>)
1000031e:	f002 ff0f 	bl	10003140 <__wrap_puts>
10000322:	f04f 30ff 	mov.w	r0, #4294967295	@ 0xffffffff
10000326:	f002 fcd1 	bl	10002ccc <exit>
1000032a:	bf00      	nop
1000032c:	1000aa80 	.word	0x1000aa80
10000330:	1000aaa4 	.word	0x1000aaa4
10000334:	1000aacc 	.word	0x1000aacc
10000338:	1000aad8 	.word	0x1000aad8
1000033c:	1000aae8 	.word	0x1000aae8
10000340:	1000aa90 	.word	0x1000aa90

10000344 <gpio_set_function>:
10000344:	b410      	push	{r4}
10000346:	f44f 7480 	mov.w	r4, #256	@ 0x100
1000034a:	4b0c      	ldr	r3, [pc, #48]	@ (1000037c <gpio_set_function+0x38>)
1000034c:	f853 2020 	ldr.w	r2, [r3, r0, lsl #2]
10000350:	eb03 0380 	add.w	r3, r3, r0, lsl #2
10000354:	00c0      	lsls	r0, r0, #3
10000356:	f082 0240 	eor.w	r2, r2, #64	@ 0x40
1000035a:	f100 4080 	add.w	r0, r0, #1073741824	@ 0x40000000
1000035e:	f503 5c80 	add.w	ip, r3, #4096	@ 0x1000
10000362:	f002 02c0 	and.w	r2, r2, #192	@ 0xc0
10000366:	f500 3020 	add.w	r0, r0, #163840	@ 0x28000
1000036a:	f503 5340 	add.w	r3, r3, #12288	@ 0x3000
1000036e:	f8cc 2000 	str.w	r2, [ip]
10000372:	6041      	str	r1, [r0, #4]
10000374:	601c      	str	r4, [r3, #0]
10000376:	f85d 4b04 	ldr.w	r4, [sp], #4
1000037a:	4770      	bx	lr
1000037c:	40038004 	.word	0x40038004

10000380 <panic>:
10000380:	b40f      	push	{r0, r1, r2, r3}
10000382:	b500      	push	{lr}
10000384:	b083      	sub	sp, #12
10000386:	9c04      	ldr	r4, [sp, #16]
10000388:	4807      	ldr	r0, [pc, #28]	@ (100003a8 <panic+0x28>)
1000038a:	f002 fed9 	bl	10003140 <__wrap_puts>
1000038e:	b13c      	cbz	r4, 100003a0 <panic+0x20>
10000390:	a905      	add	r1, sp, #20
10000392:	4620      	mov	r0, r4
10000394:	9101      	str	r1, [sp, #4]
10000396:	f002 fc69 	bl	10002c6c <weak_raw_vprintf>
1000039a:	4804      	ldr	r0, [pc, #16]	@ (100003ac <panic+0x2c>)
1000039c:	f002 fed0 	bl	10003140 <__wrap_puts>
100003a0:	2001      	movs	r0, #1
100003a2:	f002 fc7b 	bl	10002c9c <_exit>
100003a6:	bf00      	nop
100003a8:	1000ab08 	.word	0x1000ab08
100003ac:	1000ab04 	.word	0x1000ab04

100003b0 <hw_claim_or_assert>:
100003b0:	b570      	push	{r4, r5, r6, lr}
100003b2:	4686      	mov	lr, r0
100003b4:	f3ef 8510 	mrs	r5, PRIMASK
100003b8:	b672      	cpsid	i
100003ba:	4c12      	ldr	r4, [pc, #72]	@ (10000404 <hw_claim_or_assert+0x54>)
100003bc:	e8d4 6fcf 	ldaexb	r6, [r4]
100003c0:	2001      	movs	r0, #1
100003c2:	2e00      	cmp	r6, #0
100003c4:	d1fa      	bne.n	100003bc <hw_claim_or_assert+0xc>
100003c6:	e8c4 0f46 	strexb	r6, r0, [r4]
100003ca:	2e00      	cmp	r6, #0
100003cc:	d1f6      	bne.n	100003bc <hw_claim_or_assert+0xc>
100003ce:	f3bf 8f5f 	dmb	sy
100003d2:	f04f 0c01 	mov.w	ip, #1
100003d6:	08c8      	lsrs	r0, r1, #3
100003d8:	f001 0307 	and.w	r3, r1, #7
100003dc:	fa0c f303 	lsl.w	r3, ip, r3
100003e0:	f81e c000 	ldrb.w	ip, [lr, r0]
100003e4:	ea1c 0603 	ands.w	r6, ip, r3
100003e8:	d108      	bne.n	100003fc <hw_claim_or_assert+0x4c>
100003ea:	ea4c 0c03 	orr.w	ip, ip, r3
100003ee:	f80e c000 	strb.w	ip, [lr, r0]
100003f2:	e8c4 6f8f 	stlb	r6, [r4]
100003f6:	f385 8810 	msr	PRIMASK, r5
100003fa:	bd70      	pop	{r4, r5, r6, pc}
100003fc:	4610      	mov	r0, r2
100003fe:	f7ff ffbf 	bl	10000380 <panic>
10000402:	bf00      	nop
10000404:	200013a7 	.word	0x200013a7

10000408 <next_striped_spin_lock_num>:
10000408:	4a04      	ldr	r2, [pc, #16]	@ (1000041c <next_striped_spin_lock_num+0x14>)
1000040a:	7810      	ldrb	r0, [r2, #0]
1000040c:	1c43      	adds	r3, r0, #1
1000040e:	b2db      	uxtb	r3, r3
10000410:	2b18      	cmp	r3, #24
10000412:	bf28      	it	cs
10000414:	2310      	movcs	r3, #16
10000416:	7013      	strb	r3, [r2, #0]
10000418:	4770      	bx	lr
1000041a:	bf00      	nop
1000041c:	20000838 	.word	0x20000838

10000420 <spinlock_set_extexclall>:
10000420:	f04f 22e0 	mov.w	r2, #3758153728	@ 0xe000e000
10000424:	6893      	ldr	r3, [r2, #8]
10000426:	f043 5300 	orr.w	r3, r3, #536870912	@ 0x20000000
1000042a:	6093      	str	r3, [r2, #8]
1000042c:	4770      	bx	lr
1000042e:	bf00      	nop

10000430 <spin_locks_reset>:
10000430:	2100      	movs	r1, #0
10000432:	4b04      	ldr	r3, [pc, #16]	@ (10000444 <spin_locks_reset+0x14>)
10000434:	f103 0220 	add.w	r2, r3, #32
10000438:	e8c3 1f8f 	stlb	r1, [r3]
1000043c:	3301      	adds	r3, #1
1000043e:	4293      	cmp	r3, r2
10000440:	d1fa      	bne.n	10000438 <spin_locks_reset+0x8>
10000442:	4770      	bx	lr
10000444:	2000139c 	.word	0x2000139c

10000448 <runtime_init_per_core_irq_priorities>:
10000448:	f04f 23e0 	mov.w	r3, #3758153728	@ 0xe000e000
1000044c:	f04f 3280 	mov.w	r2, #2155905152	@ 0x80808080
10000450:	f8c3 2400 	str.w	r2, [r3, #1024]	@ 0x400
10000454:	f8c3 2404 	str.w	r2, [r3, #1028]	@ 0x404
10000458:	f8c3 2408 	str.w	r2, [r3, #1032]	@ 0x408
1000045c:	f8c3 240c 	str.w	r2, [r3, #1036]	@ 0x40c
10000460:	f8c3 2410 	str.w	r2, [r3, #1040]	@ 0x410
10000464:	f8c3 2414 	str.w	r2, [r3, #1044]	@ 0x414
10000468:	f8c3 2418 	str.w	r2, [r3, #1048]	@ 0x418
1000046c:	f8c3 241c 	str.w	r2, [r3, #1052]	@ 0x41c
10000470:	f8c3 2420 	str.w	r2, [r3, #1056]	@ 0x420
10000474:	f8c3 2424 	str.w	r2, [r3, #1060]	@ 0x424
10000478:	f8c3 2428 	str.w	r2, [r3, #1064]	@ 0x428
1000047c:	f8c3 242c 	str.w	r2, [r3, #1068]	@ 0x42c
10000480:	f8c3 2430 	str.w	r2, [r3, #1072]	@ 0x430
10000484:	4770      	bx	lr
10000486:	bf00      	nop

10000488 <irq_set_enabled>:
10000488:	2301      	movs	r3, #1
1000048a:	f000 021f 	and.w	r2, r0, #31
1000048e:	4093      	lsls	r3, r2
10000490:	0940      	lsrs	r0, r0, #5
10000492:	b141      	cbz	r1, 100004a6 <irq_set_enabled+0x1e>
10000494:	0080      	lsls	r0, r0, #2
10000496:	f100 4060 	add.w	r0, r0, #3758096384	@ 0xe0000000
1000049a:	f500 4061 	add.w	r0, r0, #57600	@ 0xe100
1000049e:	f8c0 3180 	str.w	r3, [r0, #384]	@ 0x180
100004a2:	6003      	str	r3, [r0, #0]
100004a4:	4770      	bx	lr
100004a6:	4a02      	ldr	r2, [pc, #8]	@ (100004b0 <irq_set_enabled+0x28>)
100004a8:	3020      	adds	r0, #32
100004aa:	f842 3020 	str.w	r3, [r2, r0, lsl #2]
100004ae:	4770      	bx	lr
100004b0:	e000e100 	.word	0xe000e100

100004b4 <irq_set_exclusive_handler>:
100004b4:	b5f8      	push	{r3, r4, r5, r6, r7, lr}
100004b6:	460d      	mov	r5, r1
100004b8:	f3ef 8710 	mrs	r7, PRIMASK
100004bc:	b672      	cpsid	i
100004be:	4e12      	ldr	r6, [pc, #72]	@ (10000508 <irq_set_exclusive_handler+0x54>)
100004c0:	e8d6 2fcf 	ldaexb	r2, [r6]
100004c4:	2301      	movs	r3, #1
100004c6:	2a00      	cmp	r2, #0
100004c8:	d1fa      	bne.n	100004c0 <irq_set_exclusive_handler+0xc>
100004ca:	e8c6 3f42 	strexb	r2, r3, [r6]
100004ce:	2a00      	cmp	r2, #0
100004d0:	d1f6      	bne.n	100004c0 <irq_set_exclusive_handler+0xc>
100004d2:	f3bf 8f5f 	dmb	sy
100004d6:	4b0d      	ldr	r3, [pc, #52]	@ (1000050c <irq_set_exclusive_handler+0x58>)
100004d8:	f100 0410 	add.w	r4, r0, #16
100004dc:	689b      	ldr	r3, [r3, #8]
100004de:	4a0c      	ldr	r2, [pc, #48]	@ (10000510 <irq_set_exclusive_handler+0x5c>)
100004e0:	f853 3024 	ldr.w	r3, [r3, r4, lsl #2]
100004e4:	4293      	cmp	r3, r2
100004e6:	d003      	beq.n	100004f0 <irq_set_exclusive_handler+0x3c>
100004e8:	4299      	cmp	r1, r3
100004ea:	d001      	beq.n	100004f0 <irq_set_exclusive_handler+0x3c>
100004ec:	f000 fe80 	bl	100011f0 <hard_assertion_failure>
100004f0:	4b06      	ldr	r3, [pc, #24]	@ (1000050c <irq_set_exclusive_handler+0x58>)
100004f2:	689b      	ldr	r3, [r3, #8]
100004f4:	f843 5024 	str.w	r5, [r3, r4, lsl #2]
100004f8:	f3bf 8f5f 	dmb	sy
100004fc:	2300      	movs	r3, #0
100004fe:	e8c6 3f8f 	stlb	r3, [r6]
10000502:	f387 8810 	msr	PRIMASK, r7
10000506:	bdf8      	pop	{r3, r4, r5, r6, r7, pc}
10000508:	200013a5 	.word	0x200013a5
1000050c:	e000ed00 	.word	0xe000ed00
10000510:	1000011d 	.word	0x1000011d

10000514 <irq_remove_handler>:
10000514:	e92d 4ff0 	stmdb	sp!, {r4, r5, r6, r7, r8, r9, sl, fp, lr}
10000518:	b083      	sub	sp, #12
1000051a:	f3ef 8a10 	mrs	sl, PRIMASK
1000051e:	b672      	cpsid	i
10000520:	4e74      	ldr	r6, [pc, #464]	@ (100006f4 <irq_remove_handler+0x1e0>)
10000522:	e8d6 2fcf 	ldaexb	r2, [r6]
10000526:	2301      	movs	r3, #1
10000528:	2a00      	cmp	r2, #0
1000052a:	d1fa      	bne.n	10000522 <irq_remove_handler+0xe>
1000052c:	e8c6 3f42 	strexb	r2, r3, [r6]
10000530:	2a00      	cmp	r2, #0
10000532:	d1f6      	bne.n	10000522 <irq_remove_handler+0xe>
10000534:	f3bf 8f5f 	dmb	sy
10000538:	4b6f      	ldr	r3, [pc, #444]	@ (100006f8 <irq_remove_handler+0x1e4>)
1000053a:	f100 0810 	add.w	r8, r0, #16
1000053e:	689b      	ldr	r3, [r3, #8]
10000540:	4a6e      	ldr	r2, [pc, #440]	@ (100006fc <irq_remove_handler+0x1e8>)
10000542:	f853 5028 	ldr.w	r5, [r3, r8, lsl #2]
10000546:	4295      	cmp	r5, r2
10000548:	d03f      	beq.n	100005ca <irq_remove_handler+0xb6>
1000054a:	428d      	cmp	r5, r1
1000054c:	460c      	mov	r4, r1
1000054e:	d04a      	beq.n	100005e6 <irq_remove_handler+0xd2>
10000550:	4f6b      	ldr	r7, [pc, #428]	@ (10000700 <irq_remove_handler+0x1ec>)
10000552:	1beb      	subs	r3, r5, r7
10000554:	2b2f      	cmp	r3, #47	@ 0x2f
10000556:	d838      	bhi.n	100005ca <irq_remove_handler+0xb6>
10000558:	2101      	movs	r1, #1
1000055a:	ea4f 1950 	mov.w	r9, r0, lsr #5
1000055e:	ea4f 0989 	mov.w	r9, r9, lsl #2
10000562:	f109 4960 	add.w	r9, r9, #3758096384	@ 0xe0000000
10000566:	f509 4961 	add.w	r9, r9, #57600	@ 0xe100
1000056a:	f000 031f 	and.w	r3, r0, #31
1000056e:	fa01 f003 	lsl.w	r0, r1, r3
10000572:	f8d9 3000 	ldr.w	r3, [r9]
10000576:	f8c9 0080 	str.w	r0, [r9, #128]	@ 0x80
1000057a:	ea00 0b03 	and.w	fp, r0, r3
1000057e:	f3bf 8f5f 	dmb	sy
10000582:	f3ef 8105 	mrs	r1, IPSR
10000586:	b2c9      	uxtb	r1, r1
10000588:	b379      	cbz	r1, 100005ea <irq_remove_handler+0xd6>
1000058a:	4588      	cmp	r8, r1
1000058c:	d177      	bne.n	1000067e <irq_remove_handler+0x16a>
1000058e:	f025 0e01 	bic.w	lr, r5, #1
10000592:	f8de c008 	ldr.w	ip, [lr, #8]
10000596:	4564      	cmp	r4, ip
10000598:	d105      	bne.n	100005a6 <irq_remove_handler+0x92>
1000059a:	e07c      	b.n	10000696 <irq_remove_handler+0x182>
1000059c:	f8d3 c008 	ldr.w	ip, [r3, #8]
100005a0:	4564      	cmp	r4, ip
100005a2:	d032      	beq.n	1000060a <irq_remove_handler+0xf6>
100005a4:	469e      	mov	lr, r3
100005a6:	f99e 2006 	ldrsb.w	r2, [lr, #6]
100005aa:	eb02 0342 	add.w	r3, r2, r2, lsl #1
100005ae:	2a00      	cmp	r2, #0
100005b0:	eb07 0383 	add.w	r3, r7, r3, lsl #2
100005b4:	daf2      	bge.n	1000059c <irq_remove_handler+0x88>
100005b6:	4564      	cmp	r4, ip
100005b8:	f000 8081 	beq.w	100006be <irq_remove_handler+0x1aa>
100005bc:	f1bb 0f00 	cmp.w	fp, #0
100005c0:	d020      	beq.n	10000604 <irq_remove_handler+0xf0>
100005c2:	f8c9 0180 	str.w	r0, [r9, #384]	@ 0x180
100005c6:	f8c9 0000 	str.w	r0, [r9]
100005ca:	4b4b      	ldr	r3, [pc, #300]	@ (100006f8 <irq_remove_handler+0x1e4>)
100005cc:	689b      	ldr	r3, [r3, #8]
100005ce:	f843 5028 	str.w	r5, [r3, r8, lsl #2]
100005d2:	f3bf 8f5f 	dmb	sy
100005d6:	2300      	movs	r3, #0
100005d8:	e8c6 3f8f 	stlb	r3, [r6]
100005dc:	f38a 8810 	msr	PRIMASK, sl
100005e0:	b003      	add	sp, #12
100005e2:	e8bd 8ff0 	ldmia.w	sp!, {r4, r5, r6, r7, r8, r9, sl, fp, pc}
100005e6:	4615      	mov	r5, r2
100005e8:	e7ef      	b.n	100005ca <irq_remove_handler+0xb6>
100005ea:	f025 0e01 	bic.w	lr, r5, #1
100005ee:	f8de c008 	ldr.w	ip, [lr, #8]
100005f2:	4564      	cmp	r4, ip
100005f4:	d1d7      	bne.n	100005a6 <irq_remove_handler+0x92>
100005f6:	f99e 4006 	ldrsb.w	r4, [lr, #6]
100005fa:	4673      	mov	r3, lr
100005fc:	2c00      	cmp	r4, #0
100005fe:	da08      	bge.n	10000612 <irq_remove_handler+0xfe>
10000600:	4615      	mov	r5, r2
10000602:	e066      	b.n	100006d2 <irq_remove_handler+0x1be>
10000604:	f8c9 0080 	str.w	r0, [r9, #128]	@ 0x80
10000608:	e7df      	b.n	100005ca <irq_remove_handler+0xb6>
1000060a:	f993 4006 	ldrsb.w	r4, [r3, #6]
1000060e:	2c00      	cmp	r4, #0
10000610:	db56      	blt.n	100006c0 <irq_remove_handler+0x1ac>
10000612:	eb04 0c44 	add.w	ip, r4, r4, lsl #1
10000616:	eb07 0c8c 	add.w	ip, r7, ip, lsl #2
1000061a:	f8dc 2008 	ldr.w	r2, [ip, #8]
1000061e:	0061      	lsls	r1, r4, #1
10000620:	609a      	str	r2, [r3, #8]
10000622:	f89c 2007 	ldrb.w	r2, [ip, #7]
10000626:	71da      	strb	r2, [r3, #7]
10000628:	f99c 2006 	ldrsb.w	r2, [ip, #6]
1000062c:	2a00      	cmp	r2, #0
1000062e:	719a      	strb	r2, [r3, #6]
10000630:	db5d      	blt.n	100006ee <irq_remove_handler+0x1da>
10000632:	f8bc 2004 	ldrh.w	r2, [ip, #4]
10000636:	0552      	lsls	r2, r2, #21
10000638:	d504      	bpl.n	10000644 <irq_remove_handler+0x130>
1000063a:	f502 12ff 	add.w	r2, r2, #2088960	@ 0x1fe000
1000063e:	f502 52ff 	add.w	r2, r2, #8160	@ 0x1fe0
10000642:	321f      	adds	r2, #31
10000644:	1552      	asrs	r2, r2, #21
10000646:	f102 0c02 	add.w	ip, r2, #2
1000064a:	f04f 0e04 	mov.w	lr, #4
1000064e:	220c      	movs	r2, #12
10000650:	fb12 e204 	smlabb	r2, r2, r4, lr
10000654:	eb02 024c 	add.w	r2, r2, ip, lsl #1
10000658:	f06f 0c07 	mvn.w	ip, #7
1000065c:	443a      	add	r2, r7
1000065e:	ebac 0c03 	sub.w	ip, ip, r3
10000662:	4462      	add	r2, ip
10000664:	f3c2 024a 	ubfx	r2, r2, #1, #11
10000668:	f442 4260 	orr.w	r2, r2, #57344	@ 0xe000
1000066c:	809a      	strh	r2, [r3, #4]
1000066e:	4b25      	ldr	r3, [pc, #148]	@ (10000704 <irq_remove_handler+0x1f0>)
10000670:	4421      	add	r1, r4
10000672:	781a      	ldrb	r2, [r3, #0]
10000674:	eb07 0181 	add.w	r1, r7, r1, lsl #2
10000678:	701c      	strb	r4, [r3, #0]
1000067a:	718a      	strb	r2, [r1, #6]
1000067c:	e79e      	b.n	100005bc <irq_remove_handler+0xa8>
1000067e:	e9cd 0100 	strd	r0, r1, [sp]
10000682:	f000 fdb5 	bl	100011f0 <hard_assertion_failure>
10000686:	e9dd 0100 	ldrd	r0, r1, [sp]
1000068a:	f025 0e01 	bic.w	lr, r5, #1
1000068e:	f8de c008 	ldr.w	ip, [lr, #8]
10000692:	4564      	cmp	r4, ip
10000694:	d187      	bne.n	100005a6 <irq_remove_handler+0x92>
10000696:	f99e 4006 	ldrsb.w	r4, [lr, #6]
1000069a:	4673      	mov	r3, lr
1000069c:	2c00      	cmp	r4, #0
1000069e:	dab8      	bge.n	10000612 <irq_remove_handler+0xfe>
100006a0:	4a19      	ldr	r2, [pc, #100]	@ (10000708 <irq_remove_handler+0x1f4>)
100006a2:	4c1a      	ldr	r4, [pc, #104]	@ (1000070c <irq_remove_handler+0x1f8>)
100006a4:	1ad2      	subs	r2, r2, r3
100006a6:	3a08      	subs	r2, #8
100006a8:	f3c2 310a 	ubfx	r1, r2, #12, #11
100006ac:	ea6f 5101 	mvn.w	r1, r1, lsl #20
100006b0:	ea6f 5111 	mvn.w	r1, r1, lsr #20
100006b4:	ea44 0252 	orr.w	r2, r4, r2, lsr #1
100006b8:	80da      	strh	r2, [r3, #6]
100006ba:	8099      	strh	r1, [r3, #4]
100006bc:	e77e      	b.n	100005bc <irq_remove_handler+0xa8>
100006be:	4673      	mov	r3, lr
100006c0:	2900      	cmp	r1, #0
100006c2:	d1ed      	bne.n	100006a0 <irq_remove_handler+0x18c>
100006c4:	22ff      	movs	r2, #255	@ 0xff
100006c6:	f88e 2006 	strb.w	r2, [lr, #6]
100006ca:	f64b 5201 	movw	r2, #48385	@ 0xbd01
100006ce:	f8ae 2004 	strh.w	r2, [lr, #4]
100006d2:	4c0c      	ldr	r4, [pc, #48]	@ (10000704 <irq_remove_handler+0x1f0>)
100006d4:	f64a 22aa 	movw	r2, #43690	@ 0xaaaa
100006d8:	f894 c000 	ldrb.w	ip, [r4]
100006dc:	4619      	mov	r1, r3
100006de:	1bc9      	subs	r1, r1, r7
100006e0:	4149      	adcs	r1, r1
100006e2:	434a      	muls	r2, r1
100006e4:	0d12      	lsrs	r2, r2, #20
100006e6:	f883 c006 	strb.w	ip, [r3, #6]
100006ea:	7022      	strb	r2, [r4, #0]
100006ec:	e766      	b.n	100005bc <irq_remove_handler+0xa8>
100006ee:	f64b 5201 	movw	r2, #48385	@ 0xbd01
100006f2:	e7bb      	b.n	1000066c <irq_remove_handler+0x158>
100006f4:	200013a5 	.word	0x200013a5
100006f8:	e000ed00 	.word	0xe000ed00
100006fc:	1000011d 	.word	0x1000011d
10000700:	2000083c 	.word	0x2000083c
10000704:	2000152d 	.word	0x2000152d
10000708:	20000876 	.word	0x20000876
1000070c:	fffff800 	.word	0xfffff800

10000710 <irq_add_tail_to_free_list>:
10000710:	b5f0      	push	{r4, r5, r6, r7, lr}
10000712:	f3ef 8505 	mrs	r5, IPSR
10000716:	b2ed      	uxtb	r5, r5
10000718:	f3ef 8c10 	mrs	ip, PRIMASK
1000071c:	b672      	cpsid	i
1000071e:	4926      	ldr	r1, [pc, #152]	@ (100007b8 <irq_add_tail_to_free_list+0xa8>)
10000720:	e8d1 2fcf 	ldaexb	r2, [r1]
10000724:	2301      	movs	r3, #1
10000726:	2a00      	cmp	r2, #0
10000728:	d1fa      	bne.n	10000720 <irq_add_tail_to_free_list+0x10>
1000072a:	e8c1 3f42 	strexb	r2, r3, [r1]
1000072e:	2a00      	cmp	r2, #0
10000730:	d1f6      	bne.n	10000720 <irq_add_tail_to_free_list+0x10>
10000732:	f3bf 8f5f 	dmb	sy
10000736:	4e21      	ldr	r6, [pc, #132]	@ (100007bc <irq_add_tail_to_free_list+0xac>)
10000738:	f040 0e01 	orr.w	lr, r0, #1
1000073c:	68b4      	ldr	r4, [r6, #8]
1000073e:	f64a 23aa 	movw	r3, #43690	@ 0xaaaa
10000742:	f854 7025 	ldr.w	r7, [r4, r5, lsl #2]
10000746:	4a1e      	ldr	r2, [pc, #120]	@ (100007c0 <irq_add_tail_to_free_list+0xb0>)
10000748:	4604      	mov	r4, r0
1000074a:	1aa4      	subs	r4, r4, r2
1000074c:	4164      	adcs	r4, r4
1000074e:	4363      	muls	r3, r4
10000750:	0d1b      	lsrs	r3, r3, #20
10000752:	4577      	cmp	r7, lr
10000754:	b25b      	sxtb	r3, r3
10000756:	d01b      	beq.n	10000790 <irq_add_tail_to_free_list+0x80>
10000758:	f992 4006 	ldrsb.w	r4, [r2, #6]
1000075c:	429c      	cmp	r4, r3
1000075e:	d01c      	beq.n	1000079a <irq_add_tail_to_free_list+0x8a>
10000760:	f992 4012 	ldrsb.w	r4, [r2, #18]
10000764:	429c      	cmp	r4, r3
10000766:	d023      	beq.n	100007b0 <irq_add_tail_to_free_list+0xa0>
10000768:	f992 401e 	ldrsb.w	r4, [r2, #30]
1000076c:	429c      	cmp	r4, r3
1000076e:	d021      	beq.n	100007b4 <irq_add_tail_to_free_list+0xa4>
10000770:	f992 402a 	ldrsb.w	r4, [r2, #42]	@ 0x2a
10000774:	429c      	cmp	r4, r3
10000776:	bf08      	it	eq
10000778:	2403      	moveq	r4, #3
1000077a:	d00f      	beq.n	1000079c <irq_add_tail_to_free_list+0x8c>
1000077c:	4a11      	ldr	r2, [pc, #68]	@ (100007c4 <irq_add_tail_to_free_list+0xb4>)
1000077e:	2400      	movs	r4, #0
10000780:	7815      	ldrb	r5, [r2, #0]
10000782:	7013      	strb	r3, [r2, #0]
10000784:	7185      	strb	r5, [r0, #6]
10000786:	e8c1 4f8f 	stlb	r4, [r1]
1000078a:	f38c 8810 	msr	PRIMASK, ip
1000078e:	bdf0      	pop	{r4, r5, r6, r7, pc}
10000790:	68b2      	ldr	r2, [r6, #8]
10000792:	4c0d      	ldr	r4, [pc, #52]	@ (100007c8 <irq_add_tail_to_free_list+0xb8>)
10000794:	f842 4025 	str.w	r4, [r2, r5, lsl #2]
10000798:	e7f0      	b.n	1000077c <irq_add_tail_to_free_list+0x6c>
1000079a:	2400      	movs	r4, #0
1000079c:	eb04 0444 	add.w	r4, r4, r4, lsl #1
100007a0:	eb02 0284 	add.w	r2, r2, r4, lsl #2
100007a4:	24ff      	movs	r4, #255	@ 0xff
100007a6:	7194      	strb	r4, [r2, #6]
100007a8:	f64b 5401 	movw	r4, #48385	@ 0xbd01
100007ac:	8094      	strh	r4, [r2, #4]
100007ae:	e7e5      	b.n	1000077c <irq_add_tail_to_free_list+0x6c>
100007b0:	2401      	movs	r4, #1
100007b2:	e7f3      	b.n	1000079c <irq_add_tail_to_free_list+0x8c>
100007b4:	2402      	movs	r4, #2
100007b6:	e7f1      	b.n	1000079c <irq_add_tail_to_free_list+0x8c>
100007b8:	200013a5 	.word	0x200013a5
100007bc:	e000ed00 	.word	0xe000ed00
100007c0:	2000083c 	.word	0x2000083c
100007c4:	2000152d 	.word	0x2000152d
100007c8:	1000011d 	.word	0x1000011d

100007cc <lock_init>:
100007cc:	4b01      	ldr	r3, [pc, #4]	@ (100007d4 <lock_init+0x8>)
100007ce:	440b      	add	r3, r1
100007d0:	6003      	str	r3, [r0, #0]
100007d2:	4770      	bx	lr
100007d4:	2000139c 	.word	0x2000139c

100007d8 <runtime_init_mutex>:
100007d8:	b5f8      	push	{r3, r4, r5, r6, r7, lr}
100007da:	4d12      	ldr	r5, [pc, #72]	@ (10000824 <runtime_init_mutex+0x4c>)
100007dc:	4e12      	ldr	r6, [pc, #72]	@ (10000828 <runtime_init_mutex+0x50>)
100007de:	42b5      	cmp	r5, r6
100007e0:	d21f      	bcs.n	10000822 <runtime_init_mutex+0x4a>
100007e2:	462c      	mov	r4, r5
100007e4:	6823      	ldr	r3, [r4, #0]
100007e6:	27ff      	movs	r7, #255	@ 0xff
100007e8:	b17b      	cbz	r3, 1000080a <runtime_init_mutex+0x32>
100007ea:	f7ff fe0d 	bl	10000408 <next_striped_spin_lock_num>
100007ee:	4601      	mov	r1, r0
100007f0:	4628      	mov	r0, r5
100007f2:	f7ff ffeb 	bl	100007cc <lock_init>
100007f6:	80a7      	strh	r7, [r4, #4]
100007f8:	f3bf 8f5f 	dmb	sy
100007fc:	3408      	adds	r4, #8
100007fe:	42b4      	cmp	r4, r6
10000800:	d20f      	bcs.n	10000822 <runtime_init_mutex+0x4a>
10000802:	6823      	ldr	r3, [r4, #0]
10000804:	4625      	mov	r5, r4
10000806:	2b00      	cmp	r3, #0
10000808:	d1ef      	bne.n	100007ea <runtime_init_mutex+0x12>
1000080a:	f7ff fdfd 	bl	10000408 <next_striped_spin_lock_num>
1000080e:	4601      	mov	r1, r0
10000810:	4628      	mov	r0, r5
10000812:	f7ff ffdb 	bl	100007cc <lock_init>
10000816:	7127      	strb	r7, [r4, #4]
10000818:	f3bf 8f5f 	dmb	sy
1000081c:	3408      	adds	r4, #8
1000081e:	42b4      	cmp	r4, r6
10000820:	d3ef      	bcc.n	10000802 <runtime_init_mutex+0x2a>
10000822:	bdf8      	pop	{r3, r4, r5, r6, r7, pc}
10000824:	20001140 	.word	0x20001140
10000828:	20001150 	.word	0x20001150

1000082c <sleep_until_callback>:
1000082c:	4b0d      	ldr	r3, [pc, #52]	@ (10000864 <sleep_until_callback+0x38>)
1000082e:	681a      	ldr	r2, [r3, #0]
10000830:	f3ef 8110 	mrs	r1, PRIMASK
10000834:	b672      	cpsid	i
10000836:	e8d2 cfcf 	ldaexb	ip, [r2]
1000083a:	2001      	movs	r0, #1
1000083c:	f1bc 0f00 	cmp.w	ip, #0
10000840:	d1f9      	bne.n	10000836 <sleep_until_callback+0xa>
10000842:	e8c2 0f4c 	strexb	ip, r0, [r2]
10000846:	f1bc 0f00 	cmp.w	ip, #0
1000084a:	d1f4      	bne.n	10000836 <sleep_until_callback+0xa>
1000084c:	f3bf 8f5f 	dmb	sy
10000850:	2200      	movs	r2, #0
10000852:	681b      	ldr	r3, [r3, #0]
10000854:	e8c3 2f8f 	stlb	r2, [r3]
10000858:	f381 8810 	msr	PRIMASK, r1
1000085c:	bf40      	sev
1000085e:	2000      	movs	r0, #0
10000860:	2100      	movs	r1, #0
10000862:	4770      	bx	lr
10000864:	20001520 	.word	0x20001520

10000868 <alarm_pool_irq_handler>:
10000868:	e92d 4ff0 	stmdb	sp!, {r4, r5, r6, r7, r8, r9, sl, fp, lr}
1000086c:	ed2d 8b02 	vpush	{d8}
10000870:	b085      	sub	sp, #20
10000872:	f3ef 8305 	mrs	r3, IPSR
10000876:	b2db      	uxtb	r3, r3
10000878:	3b10      	subs	r3, #16
1000087a:	089a      	lsrs	r2, r3, #2
1000087c:	bf18      	it	ne
1000087e:	2201      	movne	r2, #1
10000880:	f04f 0101 	mov.w	r1, #1
10000884:	f003 0003 	and.w	r0, r3, #3
10000888:	bf08      	it	eq
1000088a:	4dab      	ldreq	r5, [pc, #684]	@ (10000b38 <alarm_pool_irq_handler+0x2d0>)
1000088c:	4bab      	ldr	r3, [pc, #684]	@ (10000b3c <alarm_pool_irq_handler+0x2d4>)
1000088e:	bf18      	it	ne
10000890:	4dab      	ldrne	r5, [pc, #684]	@ (10000b40 <alarm_pool_irq_handler+0x2d8>)
10000892:	eb00 0282 	add.w	r2, r0, r2, lsl #2
10000896:	f853 6022 	ldr.w	r6, [r3, r2, lsl #2]
1000089a:	fa01 fb00 	lsl.w	fp, r1, r0
1000089e:	f505 5341 	add.w	r3, r5, #12352	@ 0x3040
100008a2:	ed9f 8ba3 	vldr	d8, [pc, #652]	@ 10000b30 <alarm_pool_irq_handler+0x2c8>
100008a6:	9001      	str	r0, [sp, #4]
100008a8:	f8c3 b004 	str.w	fp, [r3, #4]
100008ac:	e02a      	b.n	10000904 <alarm_pool_irq_handler+0x9c>
100008ae:	88b3      	ldrh	r3, [r6, #4]
100008b0:	0419      	lsls	r1, r3, #16
100008b2:	f140 808d 	bpl.w	100009d0 <alarm_pool_irq_handler+0x168>
100008b6:	79b3      	ldrb	r3, [r6, #6]
100008b8:	2b00      	cmp	r3, #0
100008ba:	f040 80d7 	bne.w	10000a6c <alarm_pool_irq_handler+0x204>
100008be:	f9b6 2008 	ldrsh.w	r2, [r6, #8]
100008c2:	2a00      	cmp	r2, #0
100008c4:	f2c0 8116 	blt.w	10000af4 <alarm_pool_irq_handler+0x28c>
100008c8:	6973      	ldr	r3, [r6, #20]
100008ca:	eb02 0242 	add.w	r2, r2, r2, lsl #1
100008ce:	eb03 03c2 	add.w	r3, r3, r2, lsl #3
100008d2:	e9d3 4702 	ldrd	r4, r7, [r3, #8]
100008d6:	f1b7 3fff 	cmp.w	r7, #4294967295	@ 0xffffffff
100008da:	bf08      	it	eq
100008dc:	f1b4 3fff 	cmpeq.w	r4, #4294967295	@ 0xffffffff
100008e0:	d009      	beq.n	100008f6 <alarm_pool_irq_handler+0x8e>
100008e2:	9b01      	ldr	r3, [sp, #4]
100008e4:	eb05 0183 	add.w	r1, r5, r3, lsl #2
100008e8:	6aab      	ldr	r3, [r5, #40]	@ 0x28
100008ea:	690a      	ldr	r2, [r1, #16]
100008ec:	1ad2      	subs	r2, r2, r3
100008ee:	1ae3      	subs	r3, r4, r3
100008f0:	4293      	cmp	r3, r2
100008f2:	bf38      	it	cc
100008f4:	610c      	strcc	r4, [r1, #16]
100008f6:	4628      	mov	r0, r5
100008f8:	f000 fab8 	bl	10000e6c <timer_time_us_64>
100008fc:	42a0      	cmp	r0, r4
100008fe:	41b9      	sbcs	r1, r7
10000900:	f2c0 80f8 	blt.w	10000af4 <alarm_pool_irq_handler+0x28c>
10000904:	f9b6 3008 	ldrsh.w	r3, [r6, #8]
10000908:	f8c5 b03c 	str.w	fp, [r5, #60]	@ 0x3c
1000090c:	2b00      	cmp	r3, #0
1000090e:	9300      	str	r3, [sp, #0]
10000910:	dbcd      	blt.n	100008ae <alarm_pool_irq_handler+0x46>
10000912:	f8d6 9014 	ldr.w	r9, [r6, #20]
10000916:	eb03 0a43 	add.w	sl, r3, r3, lsl #1
1000091a:	4628      	mov	r0, r5
1000091c:	eb09 07ca 	add.w	r7, r9, sl, lsl #3
10000920:	e9d7 4802 	ldrd	r4, r8, [r7, #8]
10000924:	f000 faa2 	bl	10000e6c <timer_time_us_64>
10000928:	42a0      	cmp	r0, r4
1000092a:	eb71 0108 	sbcs.w	r1, r1, r8
1000092e:	dbbe      	blt.n	100008ae <alarm_pool_irq_handler+0x46>
10000930:	f1b8 0f00 	cmp.w	r8, #0
10000934:	f2c0 80c0 	blt.w	10000ab8 <alarm_pool_irq_handler+0x250>
10000938:	693a      	ldr	r2, [r7, #16]
1000093a:	4b82      	ldr	r3, [pc, #520]	@ (10000b44 <alarm_pool_irq_handler+0x2dc>)
1000093c:	429a      	cmp	r2, r3
1000093e:	f000 80ea 	beq.w	10000b16 <alarm_pool_irq_handler+0x2ae>
10000942:	8879      	ldrh	r1, [r7, #2]
10000944:	f9b6 0008 	ldrsh.w	r0, [r6, #8]
10000948:	b289      	uxth	r1, r1
1000094a:	ea41 4000 	orr.w	r0, r1, r0, lsl #16
1000094e:	6979      	ldr	r1, [r7, #20]
10000950:	4790      	blx	r2
10000952:	4603      	mov	r3, r0
10000954:	460a      	mov	r2, r1
10000956:	ea53 0102 	orrs.w	r1, r3, r2
1000095a:	f000 80ad 	beq.w	10000ab8 <alarm_pool_irq_handler+0x250>
1000095e:	2a00      	cmp	r2, #0
10000960:	f280 80ce 	bge.w	10000b00 <alarm_pool_irq_handler+0x298>
10000964:	1ae3      	subs	r3, r4, r3
10000966:	eb68 0802 	sbc.w	r8, r8, r2
1000096a:	f939 203a 	ldrsh.w	r2, [r9, sl, lsl #3]
1000096e:	e9c7 3802 	strd	r3, r8, [r7, #8]
10000972:	2a00      	cmp	r2, #0
10000974:	db9b      	blt.n	100008ae <alarm_pool_irq_handler+0x46>
10000976:	6970      	ldr	r0, [r6, #20]
10000978:	eb02 0142 	add.w	r1, r2, r2, lsl #1
1000097c:	eb00 01c1 	add.w	r1, r0, r1, lsl #3
10000980:	e9d1 c702 	ldrd	ip, r7, [r1, #8]
10000984:	4563      	cmp	r3, ip
10000986:	eb78 0e07 	sbcs.w	lr, r8, r7
1000098a:	ea4f 0142 	mov.w	r1, r2, lsl #1
1000098e:	db8e      	blt.n	100008ae <alarm_pool_irq_handler+0x46>
10000990:	46b6      	mov	lr, r6
10000992:	f82e 2f08 	strh.w	r2, [lr, #8]!
10000996:	e00b      	b.n	100009b0 <alarm_pool_irq_handler+0x148>
10000998:	f930 2031 	ldrsh.w	r2, [r0, r1, lsl #3]
1000099c:	46a6      	mov	lr, r4
1000099e:	2a00      	cmp	r2, #0
100009a0:	db0d      	blt.n	100009be <alarm_pool_irq_handler+0x156>
100009a2:	eb02 0442 	add.w	r4, r2, r2, lsl #1
100009a6:	eb00 04c4 	add.w	r4, r0, r4, lsl #3
100009aa:	0051      	lsls	r1, r2, #1
100009ac:	e9d4 c702 	ldrd	ip, r7, [r4, #8]
100009b0:	4563      	cmp	r3, ip
100009b2:	4411      	add	r1, r2
100009b4:	eb78 0707 	sbcs.w	r7, r8, r7
100009b8:	eb00 04c1 	add.w	r4, r0, r1, lsl #3
100009bc:	daec      	bge.n	10000998 <alarm_pool_irq_handler+0x130>
100009be:	9b00      	ldr	r3, [sp, #0]
100009c0:	f829 203a 	strh.w	r2, [r9, sl, lsl #3]
100009c4:	f8ae 3000 	strh.w	r3, [lr]
100009c8:	88b3      	ldrh	r3, [r6, #4]
100009ca:	0419      	lsls	r1, r3, #16
100009cc:	f53f af73 	bmi.w	100008b6 <alarm_pool_irq_handler+0x4e>
100009d0:	6933      	ldr	r3, [r6, #16]
100009d2:	f3ef 8210 	mrs	r2, PRIMASK
100009d6:	b672      	cpsid	i
100009d8:	e8d3 0fcf 	ldaexb	r0, [r3]
100009dc:	2101      	movs	r1, #1
100009de:	2800      	cmp	r0, #0
100009e0:	d1fa      	bne.n	100009d8 <alarm_pool_irq_handler+0x170>
100009e2:	e8c3 1f40 	strexb	r0, r1, [r3]
100009e6:	2800      	cmp	r0, #0
100009e8:	d1f6      	bne.n	100009d8 <alarm_pool_irq_handler+0x170>
100009ea:	f3bf 8f5f 	dmb	sy
100009ee:	f64f 74ff 	movw	r4, #65535	@ 0xffff
100009f2:	88b0      	ldrh	r0, [r6, #4]
100009f4:	2300      	movs	r3, #0
100009f6:	6931      	ldr	r1, [r6, #16]
100009f8:	b200      	sxth	r0, r0
100009fa:	80b4      	strh	r4, [r6, #4]
100009fc:	e8c1 3f8f 	stlb	r3, [r1]
10000a00:	f382 8810 	msr	PRIMASK, r2
10000a04:	4298      	cmp	r0, r3
10000a06:	f6ff af56 	blt.w	100008b6 <alarm_pool_irq_handler+0x4e>
10000a0a:	4607      	mov	r7, r0
10000a0c:	46a9      	mov	r9, r5
10000a0e:	6974      	ldr	r4, [r6, #20]
10000a10:	f106 0808 	add.w	r8, r6, #8
10000a14:	eb07 0e47 	add.w	lr, r7, r7, lsl #1
10000a18:	eb04 03ce 	add.w	r3, r4, lr, lsl #3
10000a1c:	e9d3 0502 	ldrd	r0, r5, [r3, #8]
10000a20:	f9b6 3008 	ldrsh.w	r3, [r6, #8]
10000a24:	46c4      	mov	ip, r8
10000a26:	2b00      	cmp	r3, #0
10000a28:	db13      	blt.n	10000a52 <alarm_pool_irq_handler+0x1ea>
10000a2a:	46b2      	mov	sl, r6
10000a2c:	9700      	str	r7, [sp, #0]
10000a2e:	e004      	b.n	10000a3a <alarm_pool_irq_handler+0x1d2>
10000a30:	f934 3036 	ldrsh.w	r3, [r4, r6, lsl #3]
10000a34:	4694      	mov	ip, r2
10000a36:	2b00      	cmp	r3, #0
10000a38:	db09      	blt.n	10000a4e <alarm_pool_irq_handler+0x1e6>
10000a3a:	eb03 0643 	add.w	r6, r3, r3, lsl #1
10000a3e:	eb04 02c6 	add.w	r2, r4, r6, lsl #3
10000a42:	e9d2 7102 	ldrd	r7, r1, [r2, #8]
10000a46:	42b8      	cmp	r0, r7
10000a48:	eb75 0101 	sbcs.w	r1, r5, r1
10000a4c:	daf0      	bge.n	10000a30 <alarm_pool_irq_handler+0x1c8>
10000a4e:	4656      	mov	r6, sl
10000a50:	9f00      	ldr	r7, [sp, #0]
10000a52:	f8ac 7000 	strh.w	r7, [ip]
10000a56:	f934 703e 	ldrsh.w	r7, [r4, lr, lsl #3]
10000a5a:	f824 303e 	strh.w	r3, [r4, lr, lsl #3]
10000a5e:	2f00      	cmp	r7, #0
10000a60:	dad8      	bge.n	10000a14 <alarm_pool_irq_handler+0x1ac>
10000a62:	79b3      	ldrb	r3, [r6, #6]
10000a64:	464d      	mov	r5, r9
10000a66:	2b00      	cmp	r3, #0
10000a68:	f43f af29 	beq.w	100008be <alarm_pool_irq_handler+0x56>
10000a6c:	2300      	movs	r3, #0
10000a6e:	71b3      	strb	r3, [r6, #6]
10000a70:	f9b6 3008 	ldrsh.w	r3, [r6, #8]
10000a74:	f106 0e08 	add.w	lr, r6, #8
10000a78:	1c5a      	adds	r2, r3, #1
10000a7a:	d03b      	beq.n	10000af4 <alarm_pool_irq_handler+0x28c>
10000a7c:	461a      	mov	r2, r3
10000a7e:	6974      	ldr	r4, [r6, #20]
10000a80:	e003      	b.n	10000a8a <alarm_pool_irq_handler+0x222>
10000a82:	4686      	mov	lr, r0
10000a84:	1c59      	adds	r1, r3, #1
10000a86:	f43f af1c 	beq.w	100008c2 <alarm_pool_irq_handler+0x5a>
10000a8a:	eb03 0143 	add.w	r1, r3, r3, lsl #1
10000a8e:	eb04 00c1 	add.w	r0, r4, r1, lsl #3
10000a92:	8847      	ldrh	r7, [r0, #2]
10000a94:	469c      	mov	ip, r3
10000a96:	043f      	lsls	r7, r7, #16
10000a98:	f934 3031 	ldrsh.w	r3, [r4, r1, lsl #3]
10000a9c:	d5f1      	bpl.n	10000a82 <alarm_pool_irq_handler+0x21a>
10000a9e:	4594      	cmp	ip, r2
10000aa0:	ed80 8b02 	vstr	d8, [r0, #8]
10000aa4:	d0ee      	beq.n	10000a84 <alarm_pool_irq_handler+0x21c>
10000aa6:	f8ae 3000 	strh.w	r3, [lr]
10000aaa:	8932      	ldrh	r2, [r6, #8]
10000aac:	f824 2031 	strh.w	r2, [r4, r1, lsl #3]
10000ab0:	4662      	mov	r2, ip
10000ab2:	f8a6 c008 	strh.w	ip, [r6, #8]
10000ab6:	e7e5      	b.n	10000a84 <alarm_pool_irq_handler+0x21c>
10000ab8:	f839 203a 	ldrh.w	r2, [r9, sl, lsl #3]
10000abc:	8132      	strh	r2, [r6, #8]
10000abe:	6932      	ldr	r2, [r6, #16]
10000ac0:	f3ef 8110 	mrs	r1, PRIMASK
10000ac4:	b672      	cpsid	i
10000ac6:	e8d2 7fcf 	ldaexb	r7, [r2]
10000aca:	2001      	movs	r0, #1
10000acc:	2f00      	cmp	r7, #0
10000ace:	d1fa      	bne.n	10000ac6 <alarm_pool_irq_handler+0x25e>
10000ad0:	e8c2 0f47 	strexb	r7, r0, [r2]
10000ad4:	2f00      	cmp	r7, #0
10000ad6:	d1f6      	bne.n	10000ac6 <alarm_pool_irq_handler+0x25e>
10000ad8:	f3bf 8f5f 	dmb	sy
10000adc:	8872      	ldrh	r2, [r6, #2]
10000ade:	9b00      	ldr	r3, [sp, #0]
10000ae0:	f829 203a 	strh.w	r2, [r9, sl, lsl #3]
10000ae4:	8073      	strh	r3, [r6, #2]
10000ae6:	6932      	ldr	r2, [r6, #16]
10000ae8:	2300      	movs	r3, #0
10000aea:	e8c2 3f8f 	stlb	r3, [r2]
10000aee:	f381 8810 	msr	PRIMASK, r1
10000af2:	e6dc      	b.n	100008ae <alarm_pool_irq_handler+0x46>
10000af4:	bf40      	sev
10000af6:	b005      	add	sp, #20
10000af8:	ecbd 8b02 	vpop	{d8}
10000afc:	e8bd 8ff0 	ldmia.w	sp!, {r4, r5, r6, r7, r8, r9, sl, fp, pc}
10000b00:	4628      	mov	r0, r5
10000b02:	e9cd 3202 	strd	r3, r2, [sp, #8]
10000b06:	f000 f9b1 	bl	10000e6c <timer_time_us_64>
10000b0a:	9b02      	ldr	r3, [sp, #8]
10000b0c:	9a03      	ldr	r2, [sp, #12]
10000b0e:	18c3      	adds	r3, r0, r3
10000b10:	eb42 0801 	adc.w	r8, r2, r1
10000b14:	e729      	b.n	1000096a <alarm_pool_irq_handler+0x102>
10000b16:	6979      	ldr	r1, [r7, #20]
10000b18:	4608      	mov	r0, r1
10000b1a:	690a      	ldr	r2, [r1, #16]
10000b1c:	9102      	str	r1, [sp, #8]
10000b1e:	4790      	blx	r2
10000b20:	2800      	cmp	r0, #0
10000b22:	d0c9      	beq.n	10000ab8 <alarm_pool_irq_handler+0x250>
10000b24:	9902      	ldr	r1, [sp, #8]
10000b26:	e9d1 3200 	ldrd	r3, r2, [r1]
10000b2a:	e714      	b.n	10000956 <alarm_pool_irq_handler+0xee>
10000b2c:	f3af 8000 	nop.w
10000b30:	ffffffff 	.word	0xffffffff
10000b34:	ffffffff 	.word	0xffffffff
10000b38:	400b0000 	.word	0x400b0000
10000b3c:	20001500 	.word	0x20001500
10000b40:	400b8000 	.word	0x400b8000
10000b44:	10000869 	.word	0x10000869

10000b48 <runtime_init_default_alarm_pool>:
10000b48:	e92d 4ff8 	stmdb	sp!, {r3, r4, r5, r6, r7, r8, r9, sl, fp, lr}
10000b4c:	4c36      	ldr	r4, [pc, #216]	@ (10000c28 <runtime_init_default_alarm_pool+0xe0>)
10000b4e:	6925      	ldr	r5, [r4, #16]
10000b50:	b12d      	cbz	r5, 10000b5e <runtime_init_default_alarm_pool+0x16>
10000b52:	e8bd 4ff8 	ldmia.w	sp!, {r3, r4, r5, r6, r7, r8, r9, sl, fp, lr}
10000b56:	210a      	movs	r1, #10
10000b58:	4834      	ldr	r0, [pc, #208]	@ (10000c2c <runtime_init_default_alarm_pool+0xe4>)
10000b5a:	f7ff be37 	b.w	100007cc <lock_init>
10000b5e:	f8df 80e4 	ldr.w	r8, [pc, #228]	@ 10000c44 <runtime_init_default_alarm_pool+0xfc>
10000b62:	2103      	movs	r1, #3
10000b64:	4640      	mov	r0, r8
10000b66:	f000 f96f 	bl	10000e48 <timer_hardware_alarm_claim>
10000b6a:	2603      	movs	r6, #3
10000b6c:	f8c4 800c 	str.w	r8, [r4, #12]
10000b70:	f7ff fc4a 	bl	10000408 <next_striped_spin_lock_num>
10000b74:	f04f 4c50 	mov.w	ip, #3489660928	@ 0xd0000000
10000b78:	4b2d      	ldr	r3, [pc, #180]	@ (10000c30 <runtime_init_default_alarm_pool+0xe8>)
10000b7a:	7026      	strb	r6, [r4, #0]
10000b7c:	4403      	add	r3, r0
10000b7e:	6123      	str	r3, [r4, #16]
10000b80:	f8dc 3000 	ldr.w	r3, [ip]
10000b84:	210f      	movs	r1, #15
10000b86:	7063      	strb	r3, [r4, #1]
10000b88:	6963      	ldr	r3, [r4, #20]
10000b8a:	8061      	strh	r1, [r4, #2]
10000b8c:	831d      	strh	r5, [r3, #24]
10000b8e:	f04f 0504 	mov.w	r5, #4
10000b92:	f8a3 5078 	strh.w	r5, [r3, #120]	@ 0x78
10000b96:	f04f 0505 	mov.w	r5, #5
10000b9a:	f8a3 5090 	strh.w	r5, [r3, #144]	@ 0x90
10000b9e:	f04f 0506 	mov.w	r5, #6
10000ba2:	f8a3 50a8 	strh.w	r5, [r3, #168]	@ 0xa8
10000ba6:	f04f 0507 	mov.w	r5, #7
10000baa:	210e      	movs	r1, #14
10000bac:	2708      	movs	r7, #8
10000bae:	f64f 72ff 	movw	r2, #65535	@ 0xffff
10000bb2:	f04f 0e0a 	mov.w	lr, #10
10000bb6:	f8a3 50c0 	strh.w	r5, [r3, #192]	@ 0xc0
10000bba:	f04f 0901 	mov.w	r9, #1
10000bbe:	f04f 0c0c 	mov.w	ip, #12
10000bc2:	f04f 0b02 	mov.w	fp, #2
10000bc6:	f04f 0a09 	mov.w	sl, #9
10000bca:	200d      	movs	r0, #13
10000bcc:	f04f 050b 	mov.w	r5, #11
10000bd0:	f8a3 1168 	strh.w	r1, [r3, #360]	@ 0x168
10000bd4:	4917      	ldr	r1, [pc, #92]	@ (10000c34 <runtime_init_default_alarm_pool+0xec>)
10000bd6:	80a2      	strh	r2, [r4, #4]
10000bd8:	f8a3 e108 	strh.w	lr, [r3, #264]	@ 0x108
10000bdc:	60a1      	str	r1, [r4, #8]
10000bde:	f8a3 b048 	strh.w	fp, [r3, #72]	@ 0x48
10000be2:	f8a3 a0f0 	strh.w	sl, [r3, #240]	@ 0xf0
10000be6:	f8a3 5120 	strh.w	r5, [r3, #288]	@ 0x120
10000bea:	f8a3 c138 	strh.w	ip, [r3, #312]	@ 0x138
10000bee:	f8a3 0150 	strh.w	r0, [r3, #336]	@ 0x150
10000bf2:	f8a3 9030 	strh.w	r9, [r3, #48]	@ 0x30
10000bf6:	f8a3 6060 	strh.w	r6, [r3, #96]	@ 0x60
10000bfa:	f8a3 70d8 	strh.w	r7, [r3, #216]	@ 0xd8
10000bfe:	801a      	strh	r2, [r3, #0]
10000c00:	4b0d      	ldr	r3, [pc, #52]	@ (10000c38 <runtime_init_default_alarm_pool+0xf0>)
10000c02:	4630      	mov	r0, r6
10000c04:	f8c8 7020 	str.w	r7, [r8, #32]
10000c08:	490c      	ldr	r1, [pc, #48]	@ (10000c3c <runtime_init_default_alarm_pool+0xf4>)
10000c0a:	60dc      	str	r4, [r3, #12]
10000c0c:	f7ff fc52 	bl	100004b4 <irq_set_exclusive_handler>
10000c10:	4649      	mov	r1, r9
10000c12:	4630      	mov	r0, r6
10000c14:	f7ff fc38 	bl	10000488 <irq_set_enabled>
10000c18:	4b09      	ldr	r3, [pc, #36]	@ (10000c40 <runtime_init_default_alarm_pool+0xf8>)
10000c1a:	210a      	movs	r1, #10
10000c1c:	641f      	str	r7, [r3, #64]	@ 0x40
10000c1e:	4803      	ldr	r0, [pc, #12]	@ (10000c2c <runtime_init_default_alarm_pool+0xe4>)
10000c20:	e8bd 4ff8 	ldmia.w	sp!, {r3, r4, r5, r6, r7, r8, r9, sl, fp, lr}
10000c24:	f7ff bdd2 	b.w	100007cc <lock_init>
10000c28:	20000884 	.word	0x20000884
10000c2c:	20001520 	.word	0x20001520
10000c30:	2000139c 	.word	0x2000139c
10000c34:	0010ffff 	.word	0x0010ffff
10000c38:	20001500 	.word	0x20001500
10000c3c:	10000869 	.word	0x10000869
10000c40:	400b2000 	.word	0x400b2000
10000c44:	400b0000 	.word	0x400b0000

10000c48 <alarm_pool_add_alarm_at_force_in_context>:
10000c48:	4601      	mov	r1, r0
10000c4a:	b5f0      	push	{r4, r5, r6, r7, lr}
10000c4c:	6900      	ldr	r0, [r0, #16]
10000c4e:	f3ef 8710 	mrs	r7, PRIMASK
10000c52:	b672      	cpsid	i
10000c54:	e8d0 5fcf 	ldaexb	r5, [r0]
10000c58:	2401      	movs	r4, #1
10000c5a:	2d00      	cmp	r5, #0
10000c5c:	d1fa      	bne.n	10000c54 <alarm_pool_add_alarm_at_force_in_context+0xc>
10000c5e:	e8c0 4f45 	strexb	r5, r4, [r0]
10000c62:	2d00      	cmp	r5, #0
10000c64:	d1f6      	bne.n	10000c54 <alarm_pool_add_alarm_at_force_in_context+0xc>
10000c66:	f3bf 8f5f 	dmb	sy
10000c6a:	f9b1 e002 	ldrsh.w	lr, [r1, #2]
10000c6e:	694c      	ldr	r4, [r1, #20]
10000c70:	eb0e 0c4e 	add.w	ip, lr, lr, lsl #1
10000c74:	f1be 0f00 	cmp.w	lr, #0
10000c78:	ea4f 05cc 	mov.w	r5, ip, lsl #3
10000c7c:	eb04 0ccc 	add.w	ip, r4, ip, lsl #3
10000c80:	db3d      	blt.n	10000cfe <alarm_pool_add_alarm_at_force_in_context+0xb6>
10000c82:	5b60      	ldrh	r0, [r4, r5]
10000c84:	2600      	movs	r6, #0
10000c86:	8048      	strh	r0, [r1, #2]
10000c88:	6908      	ldr	r0, [r1, #16]
10000c8a:	e8c0 6f8f 	stlb	r6, [r0]
10000c8e:	f387 8810 	msr	PRIMASK, r7
10000c92:	f8bc 0002 	ldrh.w	r0, [ip, #2]
10000c96:	e9cc 2302 	strd	r2, r3, [ip, #8]
10000c9a:	3001      	adds	r0, #1
10000c9c:	f3c0 000e 	ubfx	r0, r0, #0, #15
10000ca0:	2801      	cmp	r0, #1
10000ca2:	bf38      	it	cc
10000ca4:	2001      	movcc	r0, #1
10000ca6:	9b05      	ldr	r3, [sp, #20]
10000ca8:	f8ac 0002 	strh.w	r0, [ip, #2]
10000cac:	f8cc 3010 	str.w	r3, [ip, #16]
10000cb0:	9b06      	ldr	r3, [sp, #24]
10000cb2:	ea40 400e 	orr.w	r0, r0, lr, lsl #16
10000cb6:	f8cc 3014 	str.w	r3, [ip, #20]
10000cba:	690b      	ldr	r3, [r1, #16]
10000cbc:	f3ef 8210 	mrs	r2, PRIMASK
10000cc0:	b672      	cpsid	i
10000cc2:	e8d3 cfcf 	ldaexb	ip, [r3]
10000cc6:	2701      	movs	r7, #1
10000cc8:	f1bc 0f00 	cmp.w	ip, #0
10000ccc:	d1f9      	bne.n	10000cc2 <alarm_pool_add_alarm_at_force_in_context+0x7a>
10000cce:	e8c3 7f4c 	strexb	ip, r7, [r3]
10000cd2:	f1bc 0f00 	cmp.w	ip, #0
10000cd6:	d1f4      	bne.n	10000cc2 <alarm_pool_add_alarm_at_force_in_context+0x7a>
10000cd8:	f3bf 8f5f 	dmb	sy
10000cdc:	888b      	ldrh	r3, [r1, #4]
10000cde:	5363      	strh	r3, [r4, r5]
10000ce0:	f8a1 e004 	strh.w	lr, [r1, #4]
10000ce4:	690b      	ldr	r3, [r1, #16]
10000ce6:	e8c3 6f8f 	stlb	r6, [r3]
10000cea:	f382 8810 	msr	PRIMASK, r2
10000cee:	2201      	movs	r2, #1
10000cf0:	68cb      	ldr	r3, [r1, #12]
10000cf2:	7809      	ldrb	r1, [r1, #0]
10000cf4:	f503 5301 	add.w	r3, r3, #8256	@ 0x2040
10000cf8:	408a      	lsls	r2, r1
10000cfa:	605a      	str	r2, [r3, #4]
10000cfc:	bdf0      	pop	{r4, r5, r6, r7, pc}
10000cfe:	2300      	movs	r3, #0
10000d00:	690a      	ldr	r2, [r1, #16]
10000d02:	e8c2 3f8f 	stlb	r3, [r2]
10000d06:	f387 8810 	msr	PRIMASK, r7
10000d0a:	f04f 30ff 	mov.w	r0, #4294967295	@ 0xffffffff
10000d0e:	bdf0      	pop	{r4, r5, r6, r7, pc}

10000d10 <alarm_pool_cancel_alarm>:
10000d10:	4603      	mov	r3, r0
10000d12:	8940      	ldrh	r0, [r0, #10]
10000d14:	ebb0 4f21 	cmp.w	r0, r1, asr #16
10000d18:	dd37      	ble.n	10000d8a <alarm_pool_cancel_alarm+0x7a>
10000d1a:	6958      	ldr	r0, [r3, #20]
10000d1c:	140a      	asrs	r2, r1, #16
10000d1e:	eb02 0242 	add.w	r2, r2, r2, lsl #1
10000d22:	b510      	push	{r4, lr}
10000d24:	eb00 00c2 	add.w	r0, r0, r2, lsl #3
10000d28:	691c      	ldr	r4, [r3, #16]
10000d2a:	f3ef 8c10 	mrs	ip, PRIMASK
10000d2e:	b672      	cpsid	i
10000d30:	e8d4 efcf 	ldaexb	lr, [r4]
10000d34:	2201      	movs	r2, #1
10000d36:	f1be 0f00 	cmp.w	lr, #0
10000d3a:	d1f9      	bne.n	10000d30 <alarm_pool_cancel_alarm+0x20>
10000d3c:	e8c4 2f4e 	strexb	lr, r2, [r4]
10000d40:	f1be 0f00 	cmp.w	lr, #0
10000d44:	d1f4      	bne.n	10000d30 <alarm_pool_cancel_alarm+0x20>
10000d46:	f3bf 8f5f 	dmb	sy
10000d4a:	8842      	ldrh	r2, [r0, #2]
10000d4c:	b289      	uxth	r1, r1
10000d4e:	b292      	uxth	r2, r2
10000d50:	428a      	cmp	r2, r1
10000d52:	d007      	beq.n	10000d64 <alarm_pool_cancel_alarm+0x54>
10000d54:	2200      	movs	r2, #0
10000d56:	691b      	ldr	r3, [r3, #16]
10000d58:	e8c3 2f8f 	stlb	r2, [r3]
10000d5c:	f38c 8810 	msr	PRIMASK, ip
10000d60:	2000      	movs	r0, #0
10000d62:	bd10      	pop	{r4, pc}
10000d64:	f442 4200 	orr.w	r2, r2, #32768	@ 0x8000
10000d68:	8042      	strh	r2, [r0, #2]
10000d6a:	2101      	movs	r1, #1
10000d6c:	2200      	movs	r2, #0
10000d6e:	6918      	ldr	r0, [r3, #16]
10000d70:	7199      	strb	r1, [r3, #6]
10000d72:	e8c0 2f8f 	stlb	r2, [r0]
10000d76:	f38c 8810 	msr	PRIMASK, ip
10000d7a:	781c      	ldrb	r4, [r3, #0]
10000d7c:	68da      	ldr	r2, [r3, #12]
10000d7e:	4608      	mov	r0, r1
10000d80:	f502 5301 	add.w	r3, r2, #8256	@ 0x2040
10000d84:	40a1      	lsls	r1, r4
10000d86:	6059      	str	r1, [r3, #4]
10000d88:	bd10      	pop	{r4, pc}
10000d8a:	2000      	movs	r0, #0
10000d8c:	4770      	bx	lr
10000d8e:	bf00      	nop

10000d90 <best_effort_wfe_or_timeout>:
10000d90:	b5f0      	push	{r4, r5, r6, r7, lr}
10000d92:	4606      	mov	r6, r0
10000d94:	460d      	mov	r5, r1
10000d96:	b083      	sub	sp, #12
10000d98:	f3ef 8405 	mrs	r4, IPSR
10000d9c:	b2e4      	uxtb	r4, r4
10000d9e:	2c00      	cmp	r4, #0
10000da0:	d135      	bne.n	10000e0e <best_effort_wfe_or_timeout+0x7e>
10000da2:	4f26      	ldr	r7, [pc, #152]	@ (10000e3c <best_effort_wfe_or_timeout+0xac>)
10000da4:	783a      	ldrb	r2, [r7, #0]
10000da6:	68f9      	ldr	r1, [r7, #12]
10000da8:	3204      	adds	r2, #4
10000daa:	6a8b      	ldr	r3, [r1, #40]	@ 0x28
10000dac:	f851 2022 	ldr.w	r2, [r1, r2, lsl #2]
10000db0:	1ad2      	subs	r2, r2, r3
10000db2:	1ac3      	subs	r3, r0, r3
10000db4:	4293      	cmp	r3, r2
10000db6:	d307      	bcc.n	10000dc8 <best_effort_wfe_or_timeout+0x38>
10000db8:	bf20      	wfe
10000dba:	4b21      	ldr	r3, [pc, #132]	@ (10000e40 <best_effort_wfe_or_timeout+0xb0>)
10000dbc:	6a58      	ldr	r0, [r3, #36]	@ 0x24
10000dbe:	4285      	cmp	r5, r0
10000dc0:	d91f      	bls.n	10000e02 <best_effort_wfe_or_timeout+0x72>
10000dc2:	2000      	movs	r0, #0
10000dc4:	b003      	add	sp, #12
10000dc6:	bdf0      	pop	{r4, r5, r6, r7, pc}
10000dc8:	f000 f858 	bl	10000e7c <time_us_64>
10000dcc:	4286      	cmp	r6, r0
10000dce:	eb65 0101 	sbc.w	r1, r5, r1
10000dd2:	2900      	cmp	r1, #0
10000dd4:	db11      	blt.n	10000dfa <best_effort_wfe_or_timeout+0x6a>
10000dd6:	4b1b      	ldr	r3, [pc, #108]	@ (10000e44 <best_effort_wfe_or_timeout+0xb4>)
10000dd8:	4638      	mov	r0, r7
10000dda:	e9cd 3400 	strd	r3, r4, [sp]
10000dde:	4632      	mov	r2, r6
10000de0:	462b      	mov	r3, r5
10000de2:	f7ff ff31 	bl	10000c48 <alarm_pool_add_alarm_at_force_in_context>
10000de6:	1e01      	subs	r1, r0, #0
10000de8:	dd07      	ble.n	10000dfa <best_effort_wfe_or_timeout+0x6a>
10000dea:	4b15      	ldr	r3, [pc, #84]	@ (10000e40 <best_effort_wfe_or_timeout+0xb0>)
10000dec:	6a5a      	ldr	r2, [r3, #36]	@ 0x24
10000dee:	4295      	cmp	r5, r2
10000df0:	d91d      	bls.n	10000e2e <best_effort_wfe_or_timeout+0x9e>
10000df2:	bf20      	wfe
10000df4:	4811      	ldr	r0, [pc, #68]	@ (10000e3c <best_effort_wfe_or_timeout+0xac>)
10000df6:	f7ff ff8b 	bl	10000d10 <alarm_pool_cancel_alarm>
10000dfa:	4b11      	ldr	r3, [pc, #68]	@ (10000e40 <best_effort_wfe_or_timeout+0xb0>)
10000dfc:	6a58      	ldr	r0, [r3, #36]	@ 0x24
10000dfe:	4285      	cmp	r5, r0
10000e00:	d8df      	bhi.n	10000dc2 <best_effort_wfe_or_timeout+0x32>
10000e02:	6a9b      	ldr	r3, [r3, #40]	@ 0x28
10000e04:	429e      	cmp	r6, r3
10000e06:	d80d      	bhi.n	10000e24 <best_effort_wfe_or_timeout+0x94>
10000e08:	2001      	movs	r0, #1
10000e0a:	b003      	add	sp, #12
10000e0c:	bdf0      	pop	{r4, r5, r6, r7, pc}
10000e0e:	4b0c      	ldr	r3, [pc, #48]	@ (10000e40 <best_effort_wfe_or_timeout+0xb0>)
10000e10:	6a58      	ldr	r0, [r3, #36]	@ 0x24
10000e12:	4288      	cmp	r0, r1
10000e14:	d3d5      	bcc.n	10000dc2 <best_effort_wfe_or_timeout+0x32>
10000e16:	6a9b      	ldr	r3, [r3, #40]	@ 0x28
10000e18:	42b3      	cmp	r3, r6
10000e1a:	d2f5      	bcs.n	10000e08 <best_effort_wfe_or_timeout+0x78>
10000e1c:	1a40      	subs	r0, r0, r1
10000e1e:	bf18      	it	ne
10000e20:	2001      	movne	r0, #1
10000e22:	e7cf      	b.n	10000dc4 <best_effort_wfe_or_timeout+0x34>
10000e24:	1a28      	subs	r0, r5, r0
10000e26:	bf18      	it	ne
10000e28:	2001      	movne	r0, #1
10000e2a:	b003      	add	sp, #12
10000e2c:	bdf0      	pop	{r4, r5, r6, r7, pc}
10000e2e:	6a9b      	ldr	r3, [r3, #40]	@ 0x28
10000e30:	429e      	cmp	r6, r3
10000e32:	d9df      	bls.n	10000df4 <best_effort_wfe_or_timeout+0x64>
10000e34:	4295      	cmp	r5, r2
10000e36:	d1dd      	bne.n	10000df4 <best_effort_wfe_or_timeout+0x64>
10000e38:	e7db      	b.n	10000df2 <best_effort_wfe_or_timeout+0x62>
10000e3a:	bf00      	nop
10000e3c:	20000884 	.word	0x20000884
10000e40:	400b0000 	.word	0x400b0000
10000e44:	1000082d 	.word	0x1000082d

10000e48 <timer_hardware_alarm_claim>:
10000e48:	b410      	push	{r4}
10000e4a:	4b05      	ldr	r3, [pc, #20]	@ (10000e60 <timer_hardware_alarm_claim+0x18>)
10000e4c:	4c05      	ldr	r4, [pc, #20]	@ (10000e64 <timer_hardware_alarm_claim+0x1c>)
10000e4e:	4a06      	ldr	r2, [pc, #24]	@ (10000e68 <timer_hardware_alarm_claim+0x20>)
10000e50:	42a0      	cmp	r0, r4
10000e52:	bf14      	ite	ne
10000e54:	4618      	movne	r0, r3
10000e56:	1c58      	addeq	r0, r3, #1
10000e58:	f85d 4b04 	ldr.w	r4, [sp], #4
10000e5c:	f7ff baa8 	b.w	100003b0 <hw_claim_or_assert>
10000e60:	200014c4 	.word	0x200014c4
10000e64:	400b8000 	.word	0x400b8000
10000e68:	1000ab20 	.word	0x1000ab20

10000e6c <timer_time_us_64>:
10000e6c:	4603      	mov	r3, r0
10000e6e:	6a41      	ldr	r1, [r0, #36]	@ 0x24
10000e70:	460a      	mov	r2, r1
10000e72:	6a98      	ldr	r0, [r3, #40]	@ 0x28
10000e74:	6a59      	ldr	r1, [r3, #36]	@ 0x24
10000e76:	428a      	cmp	r2, r1
10000e78:	d1fa      	bne.n	10000e70 <timer_time_us_64+0x4>
10000e7a:	4770      	bx	lr

10000e7c <time_us_64>:
10000e7c:	4b03      	ldr	r3, [pc, #12]	@ (10000e8c <time_us_64+0x10>)
10000e7e:	6a59      	ldr	r1, [r3, #36]	@ 0x24
10000e80:	460a      	mov	r2, r1
10000e82:	6a98      	ldr	r0, [r3, #40]	@ 0x28
10000e84:	6a59      	ldr	r1, [r3, #36]	@ 0x24
10000e86:	4291      	cmp	r1, r2
10000e88:	d1fa      	bne.n	10000e80 <time_us_64+0x4>
10000e8a:	4770      	bx	lr
10000e8c:	400b0000 	.word	0x400b0000

10000e90 <busy_wait_us>:
10000e90:	b430      	push	{r4, r5}
10000e92:	4a15      	ldr	r2, [pc, #84]	@ (10000ee8 <busy_wait_us+0x58>)
10000e94:	6a53      	ldr	r3, [r2, #36]	@ 0x24
10000e96:	469c      	mov	ip, r3
10000e98:	6a94      	ldr	r4, [r2, #40]	@ 0x28
10000e9a:	6a53      	ldr	r3, [r2, #36]	@ 0x24
10000e9c:	4563      	cmp	r3, ip
10000e9e:	d1fa      	bne.n	10000e96 <busy_wait_us+0x6>
10000ea0:	1902      	adds	r2, r0, r4
10000ea2:	4159      	adcs	r1, r3
10000ea4:	f04f 0500 	mov.w	r5, #0
10000ea8:	bf28      	it	cs
10000eaa:	2501      	movcs	r5, #1
10000eac:	4b0e      	ldr	r3, [pc, #56]	@ (10000ee8 <busy_wait_us+0x58>)
10000eae:	6a5b      	ldr	r3, [r3, #36]	@ 0x24
10000eb0:	b1b5      	cbz	r5, 10000ee0 <busy_wait_us+0x50>
10000eb2:	1c5a      	adds	r2, r3, #1
10000eb4:	bf08      	it	eq
10000eb6:	461a      	moveq	r2, r3
10000eb8:	d008      	beq.n	10000ecc <busy_wait_us+0x3c>
10000eba:	f04f 31ff 	mov.w	r1, #4294967295	@ 0xffffffff
10000ebe:	460a      	mov	r2, r1
10000ec0:	4809      	ldr	r0, [pc, #36]	@ (10000ee8 <busy_wait_us+0x58>)
10000ec2:	6a43      	ldr	r3, [r0, #36]	@ 0x24
10000ec4:	428b      	cmp	r3, r1
10000ec6:	d3fc      	bcc.n	10000ec2 <busy_wait_us+0x32>
10000ec8:	428b      	cmp	r3, r1
10000eca:	d107      	bne.n	10000edc <busy_wait_us+0x4c>
10000ecc:	4906      	ldr	r1, [pc, #24]	@ (10000ee8 <busy_wait_us+0x58>)
10000ece:	e002      	b.n	10000ed6 <busy_wait_us+0x46>
10000ed0:	6a48      	ldr	r0, [r1, #36]	@ 0x24
10000ed2:	4298      	cmp	r0, r3
10000ed4:	d102      	bne.n	10000edc <busy_wait_us+0x4c>
10000ed6:	6a88      	ldr	r0, [r1, #40]	@ 0x28
10000ed8:	4290      	cmp	r0, r2
10000eda:	d3f9      	bcc.n	10000ed0 <busy_wait_us+0x40>
10000edc:	bc30      	pop	{r4, r5}
10000ede:	4770      	bx	lr
10000ee0:	4299      	cmp	r1, r3
10000ee2:	d8ed      	bhi.n	10000ec0 <busy_wait_us+0x30>
10000ee4:	e7f0      	b.n	10000ec8 <busy_wait_us+0x38>
10000ee6:	bf00      	nop
10000ee8:	400b0000 	.word	0x400b0000

10000eec <uart_init>:
10000eec:	b5f8      	push	{r3, r4, r5, r6, r7, lr}
10000eee:	4605      	mov	r5, r0
10000ef0:	2006      	movs	r0, #6
10000ef2:	460e      	mov	r6, r1
10000ef4:	f000 f8e4 	bl	100010c0 <clock_get_hz>
10000ef8:	2800      	cmp	r0, #0
10000efa:	d042      	beq.n	10000f82 <uart_init+0x96>
10000efc:	4a35      	ldr	r2, [pc, #212]	@ (10000fd4 <uart_init+0xe8>)
10000efe:	4836      	ldr	r0, [pc, #216]	@ (10000fd8 <uart_init+0xec>)
10000f00:	4295      	cmp	r5, r2
10000f02:	bf0c      	ite	eq
10000f04:	f04f 6200 	moveq.w	r2, #134217728	@ 0x8000000
10000f08:	f04f 6280 	movne.w	r2, #67108864	@ 0x4000000
10000f0c:	4b33      	ldr	r3, [pc, #204]	@ (10000fdc <uart_init+0xf0>)
10000f0e:	4934      	ldr	r1, [pc, #208]	@ (10000fe0 <uart_init+0xf4>)
10000f10:	6002      	str	r2, [r0, #0]
10000f12:	601a      	str	r2, [r3, #0]
10000f14:	688c      	ldr	r4, [r1, #8]
10000f16:	ea32 0404 	bics.w	r4, r2, r4
10000f1a:	d1fb      	bne.n	10000f14 <uart_init+0x28>
10000f1c:	4b2d      	ldr	r3, [pc, #180]	@ (10000fd4 <uart_init+0xe8>)
10000f1e:	f44f 7180 	mov.w	r1, #256	@ 0x100
10000f22:	1aeb      	subs	r3, r5, r3
10000f24:	fab3 f383 	clz	r3, r3
10000f28:	4a2e      	ldr	r2, [pc, #184]	@ (10000fe4 <uart_init+0xf8>)
10000f2a:	095b      	lsrs	r3, r3, #5
10000f2c:	2006      	movs	r0, #6
10000f2e:	f822 1013 	strh.w	r1, [r2, r3, lsl #1]
10000f32:	f000 f8c5 	bl	100010c0 <clock_get_hz>
10000f36:	00c3      	lsls	r3, r0, #3
10000f38:	fbb3 f3f6 	udiv	r3, r3, r6
10000f3c:	3301      	adds	r3, #1
10000f3e:	09da      	lsrs	r2, r3, #7
10000f40:	d120      	bne.n	10000f84 <uart_init+0x98>
10000f42:	2640      	movs	r6, #64	@ 0x40
10000f44:	2101      	movs	r1, #1
10000f46:	6269      	str	r1, [r5, #36]	@ 0x24
10000f48:	62aa      	str	r2, [r5, #40]	@ 0x28
10000f4a:	6b2f      	ldr	r7, [r5, #48]	@ 0x30
10000f4c:	07fb      	lsls	r3, r7, #31
10000f4e:	d422      	bmi.n	10000f96 <uart_init+0xaa>
10000f50:	462b      	mov	r3, r5
10000f52:	2200      	movs	r2, #0
10000f54:	f853 1f2c 	ldr.w	r1, [r3, #44]!
10000f58:	2006      	movs	r0, #6
10000f5a:	f503 5480 	add.w	r4, r3, #4096	@ 0x1000
10000f5e:	6022      	str	r2, [r4, #0]
10000f60:	632f      	str	r7, [r5, #48]	@ 0x30
10000f62:	f000 f8ad 	bl	100010c0 <clock_get_hz>
10000f66:	6aeb      	ldr	r3, [r5, #44]	@ 0x2c
10000f68:	f240 3201 	movw	r2, #769	@ 0x301
10000f6c:	f083 0370 	eor.w	r3, r3, #112	@ 0x70
10000f70:	f003 037e 	and.w	r3, r3, #126	@ 0x7e
10000f74:	6023      	str	r3, [r4, #0]
10000f76:	0080      	lsls	r0, r0, #2
10000f78:	2303      	movs	r3, #3
10000f7a:	fbb0 f0f6 	udiv	r0, r0, r6
10000f7e:	632a      	str	r2, [r5, #48]	@ 0x30
10000f80:	64ab      	str	r3, [r5, #72]	@ 0x48
10000f82:	bdf8      	pop	{r3, r4, r5, r6, r7, pc}
10000f84:	f64f 71fe 	movw	r1, #65534	@ 0xfffe
10000f88:	428a      	cmp	r2, r1
10000f8a:	d91b      	bls.n	10000fc4 <uart_init+0xd8>
10000f8c:	4622      	mov	r2, r4
10000f8e:	f64f 71ff 	movw	r1, #65535	@ 0xffff
10000f92:	4e15      	ldr	r6, [pc, #84]	@ (10000fe8 <uart_init+0xfc>)
10000f94:	e7d7      	b.n	10000f46 <uart_init+0x5a>
10000f96:	f240 3201 	movw	r2, #769	@ 0x301
10000f9a:	f505 5340 	add.w	r3, r5, #12288	@ 0x3000
10000f9e:	631a      	str	r2, [r3, #48]	@ 0x30
10000fa0:	6a6b      	ldr	r3, [r5, #36]	@ 0x24
10000fa2:	6aac      	ldr	r4, [r5, #40]	@ 0x28
10000fa4:	2006      	movs	r0, #6
10000fa6:	eb04 1483 	add.w	r4, r4, r3, lsl #6
10000faa:	f000 f889 	bl	100010c0 <clock_get_hz>
10000fae:	4b0f      	ldr	r3, [pc, #60]	@ (10000fec <uart_init+0x100>)
10000fb0:	02a4      	lsls	r4, r4, #10
10000fb2:	fba3 2300 	umull	r2, r3, r3, r0
10000fb6:	0adb      	lsrs	r3, r3, #11
10000fb8:	2100      	movs	r1, #0
10000fba:	fbb4 f0f3 	udiv	r0, r4, r3
10000fbe:	f7ff ff67 	bl	10000e90 <busy_wait_us>
10000fc2:	e7c5      	b.n	10000f50 <uart_init+0x64>
10000fc4:	f3c3 0345 	ubfx	r3, r3, #1, #6
10000fc8:	4611      	mov	r1, r2
10000fca:	eb03 1682 	add.w	r6, r3, r2, lsl #6
10000fce:	461a      	mov	r2, r3
10000fd0:	e7b9      	b.n	10000f46 <uart_init+0x5a>
10000fd2:	bf00      	nop
10000fd4:	40078000 	.word	0x40078000
10000fd8:	40022000 	.word	0x40022000
10000fdc:	40023000 	.word	0x40023000
10000fe0:	40020000 	.word	0x40020000
10000fe4:	20001524 	.word	0x20001524
10000fe8:	003fffc0 	.word	0x003fffc0
10000fec:	8f2b7b75 	.word	0x8f2b7b75

10000ff0 <clock_configure_undivided>:
10000ff0:	eb00 0c40 	add.w	ip, r0, r0, lsl #1
10000ff4:	ea4f 0c8c 	mov.w	ip, ip, lsl #2
10000ff8:	f10c 4c80 	add.w	ip, ip, #1073741824	@ 0x40000000
10000ffc:	f50c 3c80 	add.w	ip, ip, #65536	@ 0x10000
10001000:	b5f0      	push	{r4, r5, r6, r7, lr}
10001002:	4616      	mov	r6, r2
10001004:	f8dc 2004 	ldr.w	r2, [ip, #4]
10001008:	1f05      	subs	r5, r0, #4
1000100a:	f5b2 3f80 	cmp.w	r2, #65536	@ 0x10000
1000100e:	bf38      	it	cc
10001010:	f44f 3280 	movcc.w	r2, #65536	@ 0x10000
10001014:	b2ed      	uxtb	r5, r5
10001016:	bf38      	it	cc
10001018:	f8cc 2004 	strcc.w	r2, [ip, #4]
1000101c:	2d01      	cmp	r5, #1
1000101e:	d92a      	bls.n	10001076 <clock_configure_undivided+0x86>
10001020:	f44f 6700 	mov.w	r7, #2048	@ 0x800
10001024:	4c25      	ldr	r4, [pc, #148]	@ (100010bc <clock_configure_undivided+0xcc>)
10001026:	f50c 5240 	add.w	r2, ip, #12288	@ 0x3000
1000102a:	6017      	str	r7, [r2, #0]
1000102c:	f854 2020 	ldr.w	r2, [r4, r0, lsl #2]
10001030:	b9b2      	cbnz	r2, 10001060 <clock_configure_undivided+0x70>
10001032:	f8dc 2000 	ldr.w	r2, [ip]
10001036:	2d01      	cmp	r5, #1
10001038:	ea82 1246 	eor.w	r2, r2, r6, lsl #5
1000103c:	f002 02e0 	and.w	r2, r2, #224	@ 0xe0
10001040:	f50c 5680 	add.w	r6, ip, #4096	@ 0x1000
10001044:	6032      	str	r2, [r6, #0]
10001046:	d92a      	bls.n	1000109e <clock_configure_undivided+0xae>
10001048:	f44f 6100 	mov.w	r1, #2048	@ 0x800
1000104c:	f844 3020 	str.w	r3, [r4, r0, lsl #2]
10001050:	f44f 3380 	mov.w	r3, #65536	@ 0x10000
10001054:	f50c 5200 	add.w	r2, ip, #8192	@ 0x2000
10001058:	6011      	str	r1, [r2, #0]
1000105a:	f8cc 3004 	str.w	r3, [ip, #4]
1000105e:	bdf0      	pop	{r4, r5, r6, r7, pc}
10001060:	6967      	ldr	r7, [r4, #20]
10001062:	fbb7 fef2 	udiv	lr, r7, r2
10001066:	f10e 0e01 	add.w	lr, lr, #1
1000106a:	eb0e 0e4e 	add.w	lr, lr, lr, lsl #1
1000106e:	f1be 0e03 	subs.w	lr, lr, #3
10001072:	d2fc      	bcs.n	1000106e <clock_configure_undivided+0x7e>
10001074:	e7dd      	b.n	10001032 <clock_configure_undivided+0x42>
10001076:	2901      	cmp	r1, #1
10001078:	d1d2      	bne.n	10001020 <clock_configure_undivided+0x30>
1000107a:	2403      	movs	r4, #3
1000107c:	f50c 5240 	add.w	r2, ip, #12288	@ 0x3000
10001080:	6014      	str	r4, [r2, #0]
10001082:	f8dc 2008 	ldr.w	r2, [ip, #8]
10001086:	07d2      	lsls	r2, r2, #31
10001088:	d5fb      	bpl.n	10001082 <clock_configure_undivided+0x92>
1000108a:	f8dc 2000 	ldr.w	r2, [ip]
1000108e:	4c0b      	ldr	r4, [pc, #44]	@ (100010bc <clock_configure_undivided+0xcc>)
10001090:	ea82 1246 	eor.w	r2, r2, r6, lsl #5
10001094:	f002 02e0 	and.w	r2, r2, #224	@ 0xe0
10001098:	f50c 5680 	add.w	r6, ip, #4096	@ 0x1000
1000109c:	6032      	str	r2, [r6, #0]
1000109e:	2201      	movs	r2, #1
100010a0:	f8dc 5000 	ldr.w	r5, [ip]
100010a4:	404d      	eors	r5, r1
100010a6:	f005 0503 	and.w	r5, r5, #3
100010aa:	6035      	str	r5, [r6, #0]
100010ac:	fa02 f101 	lsl.w	r1, r2, r1
100010b0:	f8dc 2008 	ldr.w	r2, [ip, #8]
100010b4:	420a      	tst	r2, r1
100010b6:	d0fb      	beq.n	100010b0 <clock_configure_undivided+0xc0>
100010b8:	e7c6      	b.n	10001048 <clock_configure_undivided+0x58>
100010ba:	bf00      	nop
100010bc:	200014c8 	.word	0x200014c8

100010c0 <clock_get_hz>:
100010c0:	4b01      	ldr	r3, [pc, #4]	@ (100010c8 <clock_get_hz+0x8>)
100010c2:	f853 0020 	ldr.w	r0, [r3, r0, lsl #2]
100010c6:	4770      	bx	lr
100010c8:	200014c8 	.word	0x200014c8

100010cc <pll_init>:
100010cc:	b470      	push	{r4, r5, r6}
100010ce:	9d03      	ldr	r5, [sp, #12]
100010d0:	6804      	ldr	r4, [r0, #0]
100010d2:	032d      	lsls	r5, r5, #12
100010d4:	ea45 4503 	orr.w	r5, r5, r3, lsl #16
100010d8:	4b1b      	ldr	r3, [pc, #108]	@ (10001148 <pll_init+0x7c>)
100010da:	2c00      	cmp	r4, #0
100010dc:	fbb3 f3f1 	udiv	r3, r3, r1
100010e0:	fbb2 f6f3 	udiv	r6, r2, r3
100010e4:	db1f      	blt.n	10001126 <pll_init+0x5a>
100010e6:	4a19      	ldr	r2, [pc, #100]	@ (1000114c <pll_init+0x80>)
100010e8:	4b19      	ldr	r3, [pc, #100]	@ (10001150 <pll_init+0x84>)
100010ea:	4290      	cmp	r0, r2
100010ec:	bf0c      	ite	eq
100010ee:	f44f 4200 	moveq.w	r2, #32768	@ 0x8000
100010f2:	f44f 4280 	movne.w	r2, #16384	@ 0x4000
100010f6:	4c17      	ldr	r4, [pc, #92]	@ (10001154 <pll_init+0x88>)
100010f8:	601a      	str	r2, [r3, #0]
100010fa:	f503 5380 	add.w	r3, r3, #4096	@ 0x1000
100010fe:	601a      	str	r2, [r3, #0]
10001100:	68a3      	ldr	r3, [r4, #8]
10001102:	ea32 0303 	bics.w	r3, r2, r3
10001106:	d1fb      	bne.n	10001100 <pll_init+0x34>
10001108:	2221      	movs	r2, #33	@ 0x21
1000110a:	f500 5340 	add.w	r3, r0, #12288	@ 0x3000
1000110e:	3304      	adds	r3, #4
10001110:	6001      	str	r1, [r0, #0]
10001112:	6086      	str	r6, [r0, #8]
10001114:	601a      	str	r2, [r3, #0]
10001116:	6802      	ldr	r2, [r0, #0]
10001118:	2a00      	cmp	r2, #0
1000111a:	dafc      	bge.n	10001116 <pll_init+0x4a>
1000111c:	2208      	movs	r2, #8
1000111e:	60c5      	str	r5, [r0, #12]
10001120:	601a      	str	r2, [r3, #0]
10001122:	bc70      	pop	{r4, r5, r6}
10001124:	4770      	bx	lr
10001126:	6803      	ldr	r3, [r0, #0]
10001128:	f003 033f 	and.w	r3, r3, #63	@ 0x3f
1000112c:	428b      	cmp	r3, r1
1000112e:	d1da      	bne.n	100010e6 <pll_init+0x1a>
10001130:	6883      	ldr	r3, [r0, #8]
10001132:	f3c3 030b 	ubfx	r3, r3, #0, #12
10001136:	42b3      	cmp	r3, r6
10001138:	d1d5      	bne.n	100010e6 <pll_init+0x1a>
1000113a:	68c3      	ldr	r3, [r0, #12]
1000113c:	f403 23ee 	and.w	r3, r3, #487424	@ 0x77000
10001140:	42ab      	cmp	r3, r5
10001142:	d1d0      	bne.n	100010e6 <pll_init+0x1a>
10001144:	e7ed      	b.n	10001122 <pll_init+0x56>
10001146:	bf00      	nop
10001148:	00b71b00 	.word	0x00b71b00
1000114c:	40058000 	.word	0x40058000
10001150:	40022000 	.word	0x40022000
10001154:	40020000 	.word	0x40020000

10001158 <tick_start>:
10001158:	2301      	movs	r3, #1
1000115a:	eb00 0040 	add.w	r0, r0, r0, lsl #1
1000115e:	0080      	lsls	r0, r0, #2
10001160:	f100 4080 	add.w	r0, r0, #1073741824	@ 0x40000000
10001164:	f500 1084 	add.w	r0, r0, #1081344	@ 0x108000
10001168:	6041      	str	r1, [r0, #4]
1000116a:	6003      	str	r3, [r0, #0]
1000116c:	4770      	bx	lr
1000116e:	bf00      	nop

10001170 <rom_func_lookup>:
10001170:	2300      	movs	r3, #0
10001172:	8adb      	ldrh	r3, [r3, #22]
10001174:	2200      	movs	r2, #0
10001176:	e842 f200 	tt	r2, r2
1000117a:	0252      	lsls	r2, r2, #9
1000117c:	d401      	bmi.n	10001182 <rom_func_lookup+0x12>
1000117e:	2110      	movs	r1, #16
10001180:	4718      	bx	r3
10001182:	2104      	movs	r1, #4
10001184:	4718      	bx	r3
10001186:	bf00      	nop

10001188 <rom_data_lookup>:
10001188:	2300      	movs	r3, #0
1000118a:	2140      	movs	r1, #64	@ 0x40
1000118c:	8adb      	ldrh	r3, [r3, #22]
1000118e:	4718      	bx	r3

10001190 <runtime_init_bootrom_locking_enable>:
10001190:	4a03      	ldr	r2, [pc, #12]	@ (100011a0 <runtime_init_bootrom_locking_enable+0x10>)
10001192:	f8d2 3828 	ldr.w	r3, [r2, #2088]	@ 0x828
10001196:	2b00      	cmp	r3, #0
10001198:	d0fb      	beq.n	10001192 <runtime_init_bootrom_locking_enable+0x2>
1000119a:	f3bf 8f5f 	dmb	sy
1000119e:	4770      	bx	lr
100011a0:	400e0000 	.word	0x400e0000

100011a4 <runtime_init_boot_locks_reset>:
100011a4:	2100      	movs	r1, #0
100011a6:	4b04      	ldr	r3, [pc, #16]	@ (100011b8 <runtime_init_boot_locks_reset+0x14>)
100011a8:	4a04      	ldr	r2, [pc, #16]	@ (100011bc <runtime_init_boot_locks_reset+0x18>)
100011aa:	f3bf 8f5f 	dmb	sy
100011ae:	f843 1b04 	str.w	r1, [r3], #4
100011b2:	4293      	cmp	r3, r2
100011b4:	d1f9      	bne.n	100011aa <runtime_init_boot_locks_reset+0x6>
100011b6:	4770      	bx	lr
100011b8:	400e080c 	.word	0x400e080c
100011bc:	400e082c 	.word	0x400e082c

100011c0 <xosc_init>:
100011c0:	b410      	push	{r4}
100011c2:	202f      	movs	r0, #47	@ 0x2f
100011c4:	f44f 642a 	mov.w	r4, #2720	@ 0xaa0
100011c8:	4a05      	ldr	r2, [pc, #20]	@ (100011e0 <xosc_init+0x20>)
100011ca:	4b06      	ldr	r3, [pc, #24]	@ (100011e4 <xosc_init+0x24>)
100011cc:	4906      	ldr	r1, [pc, #24]	@ (100011e8 <xosc_init+0x28>)
100011ce:	6014      	str	r4, [r2, #0]
100011d0:	60d0      	str	r0, [r2, #12]
100011d2:	6019      	str	r1, [r3, #0]
100011d4:	6853      	ldr	r3, [r2, #4]
100011d6:	2b00      	cmp	r3, #0
100011d8:	dafc      	bge.n	100011d4 <xosc_init+0x14>
100011da:	f85d 4b04 	ldr.w	r4, [sp], #4
100011de:	4770      	bx	lr
100011e0:	40048000 	.word	0x40048000
100011e4:	4004a000 	.word	0x4004a000
100011e8:	00fab000 	.word	0x00fab000

100011ec <first_per_core_initializer>:
100011ec:	4770      	bx	lr
100011ee:	bf00      	nop

100011f0 <hard_assertion_failure>:
100011f0:	b508      	push	{r3, lr}
100011f2:	4801      	ldr	r0, [pc, #4]	@ (100011f8 <hard_assertion_failure+0x8>)
100011f4:	f7ff f8c4 	bl	10000380 <panic>
100011f8:	1000ab44 	.word	0x1000ab44

100011fc <runtime_run_initializers>:
100011fc:	b538      	push	{r3, r4, r5, lr}
100011fe:	4c05      	ldr	r4, [pc, #20]	@ (10001214 <runtime_run_initializers+0x18>)
10001200:	4d05      	ldr	r5, [pc, #20]	@ (10001218 <runtime_run_initializers+0x1c>)
10001202:	42ac      	cmp	r4, r5
10001204:	d204      	bcs.n	10001210 <runtime_run_initializers+0x14>
10001206:	f854 3b04 	ldr.w	r3, [r4], #4
1000120a:	4798      	blx	r3
1000120c:	42ac      	cmp	r4, r5
1000120e:	d3fa      	bcc.n	10001206 <runtime_run_initializers+0xa>
10001210:	bd38      	pop	{r3, r4, r5, pc}
10001212:	bf00      	nop
10001214:	1000aa38 	.word	0x1000aa38
10001218:	1000aa78 	.word	0x1000aa78

1000121c <runtime_init_early_resets>:
1000121c:	b410      	push	{r4}
1000121e:	4807      	ldr	r0, [pc, #28]	@ (1000123c <runtime_init_early_resets+0x20>)
10001220:	4c07      	ldr	r4, [pc, #28]	@ (10001240 <runtime_init_early_resets+0x24>)
10001222:	4b08      	ldr	r3, [pc, #32]	@ (10001244 <runtime_init_early_resets+0x28>)
10001224:	4a08      	ldr	r2, [pc, #32]	@ (10001248 <runtime_init_early_resets+0x2c>)
10001226:	4909      	ldr	r1, [pc, #36]	@ (1000124c <runtime_init_early_resets+0x30>)
10001228:	6004      	str	r4, [r0, #0]
1000122a:	601a      	str	r2, [r3, #0]
1000122c:	688b      	ldr	r3, [r1, #8]
1000122e:	ea32 0303 	bics.w	r3, r2, r3
10001232:	d1fb      	bne.n	1000122c <runtime_init_early_resets+0x10>
10001234:	f85d 4b04 	ldr.w	r4, [sp], #4
10001238:	4770      	bx	lr
1000123a:	bf00      	nop
1000123c:	40022000 	.word	0x40022000
10001240:	efef3b7f 	.word	0xefef3b7f
10001244:	40023000 	.word	0x40023000
10001248:	03f3fff6 	.word	0x03f3fff6
1000124c:	40020000 	.word	0x40020000

10001250 <runtime_init_usb_power_down>:
10001250:	4b04      	ldr	r3, [pc, #16]	@ (10001264 <runtime_init_usb_power_down+0x14>)
10001252:	6cdb      	ldr	r3, [r3, #76]	@ 0x4c
10001254:	f5b3 4f00 	cmp.w	r3, #32768	@ 0x8000
10001258:	d103      	bne.n	10001262 <runtime_init_usb_power_down+0x12>
1000125a:	f44f 2280 	mov.w	r2, #262144	@ 0x40000
1000125e:	4b02      	ldr	r3, [pc, #8]	@ (10001268 <runtime_init_usb_power_down+0x18>)
10001260:	64da      	str	r2, [r3, #76]	@ 0x4c
10001262:	4770      	bx	lr
10001264:	50110000 	.word	0x50110000
10001268:	50112000 	.word	0x50112000

1000126c <runtime_init_per_core_enable_coprocessors>:
1000126c:	f04f 22e0 	mov.w	r2, #3758153728	@ 0xe000e000
10001270:	4b04      	ldr	r3, [pc, #16]	@ (10001284 <runtime_init_per_core_enable_coprocessors+0x18>)
10001272:	f8d2 1d88 	ldr.w	r1, [r2, #3464]	@ 0xd88
10001276:	430b      	orrs	r3, r1
10001278:	f8c2 3d88 	str.w	r3, [r2, #3464]	@ 0xd88
1000127c:	ee10 0430 	dcp_rcmp r0
10001280:	4770      	bx	lr
10001282:	bf00      	nop
10001284:	00300303 	.word	0x00300303

10001288 <runtime_init_post_clock_resets>:
10001288:	f06f 4160 	mvn.w	r1, #3758096384	@ 0xe0000000
1000128c:	4b04      	ldr	r3, [pc, #16]	@ (100012a0 <runtime_init_post_clock_resets+0x18>)
1000128e:	4a05      	ldr	r2, [pc, #20]	@ (100012a4 <runtime_init_post_clock_resets+0x1c>)
10001290:	6019      	str	r1, [r3, #0]
10001292:	6893      	ldr	r3, [r2, #8]
10001294:	43db      	mvns	r3, r3
10001296:	f033 4360 	bics.w	r3, r3, #3758096384	@ 0xe0000000
1000129a:	d1fa      	bne.n	10001292 <runtime_init_post_clock_resets+0xa>
1000129c:	4770      	bx	lr
1000129e:	bf00      	nop
100012a0:	40023000 	.word	0x40023000
100012a4:	40020000 	.word	0x40020000

100012a8 <runtime_init_bootrom_reset>:
100012a8:	b510      	push	{r4, lr}
100012aa:	f245 2053 	movw	r0, #21075	@ 0x5253
100012ae:	f7ff ff5f 	bl	10001170 <rom_func_lookup>
100012b2:	e8bd 4010 	ldmia.w	sp!, {r4, lr}
100012b6:	4603      	mov	r3, r0
100012b8:	2004      	movs	r0, #4
100012ba:	4718      	bx	r3

100012bc <runtime_init_per_core_bootrom_reset>:
100012bc:	b510      	push	{r4, lr}
100012be:	f245 2053 	movw	r0, #21075	@ 0x5253
100012c2:	f7ff ff55 	bl	10001170 <rom_func_lookup>
100012c6:	e8bd 4010 	ldmia.w	sp!, {r4, lr}
100012ca:	4603      	mov	r3, r0
100012cc:	2001      	movs	r0, #1
100012ce:	4718      	bx	r3

100012d0 <runtime_init_spin_locks_reset>:
100012d0:	f7ff b8ae 	b.w	10000430 <spin_locks_reset>

100012d4 <runtime_init_install_ram_vector_table>:
100012d4:	b510      	push	{r4, lr}
100012d6:	4b05      	ldr	r3, [pc, #20]	@ (100012ec <runtime_init_install_ram_vector_table+0x18>)
100012d8:	4c05      	ldr	r4, [pc, #20]	@ (100012f0 <runtime_init_install_ram_vector_table+0x1c>)
100012da:	f44f 7288 	mov.w	r2, #272	@ 0x110
100012de:	4618      	mov	r0, r3
100012e0:	68a1      	ldr	r1, [r4, #8]
100012e2:	f009 f883 	bl	1000a3ec <memcpy>
100012e6:	60a0      	str	r0, [r4, #8]
100012e8:	bd10      	pop	{r4, pc}
100012ea:	bf00      	nop
100012ec:	20000000 	.word	0x20000000
100012f0:	e000ed00 	.word	0xe000ed00

100012f4 <runtime_init_clocks>:
100012f4:	2300      	movs	r3, #0
100012f6:	b5f0      	push	{r4, r5, r6, r7, lr}
100012f8:	4c2b      	ldr	r4, [pc, #172]	@ (100013a8 <runtime_init_clocks+0xb4>)
100012fa:	b083      	sub	sp, #12
100012fc:	f8c4 3084 	str.w	r3, [r4, #132]	@ 0x84
10001300:	f7ff ff5e 	bl	100011c0 <xosc_init>
10001304:	2201      	movs	r2, #1
10001306:	4b29      	ldr	r3, [pc, #164]	@ (100013ac <runtime_init_clocks+0xb8>)
10001308:	63da      	str	r2, [r3, #60]	@ 0x3c
1000130a:	6c63      	ldr	r3, [r4, #68]	@ 0x44
1000130c:	2b01      	cmp	r3, #1
1000130e:	d1fc      	bne.n	1000130a <runtime_init_clocks+0x16>
10001310:	2103      	movs	r1, #3
10001312:	4a26      	ldr	r2, [pc, #152]	@ (100013ac <runtime_init_clocks+0xb8>)
10001314:	4b24      	ldr	r3, [pc, #144]	@ (100013a8 <runtime_init_clocks+0xb4>)
10001316:	6311      	str	r1, [r2, #48]	@ 0x30
10001318:	6b9d      	ldr	r5, [r3, #56]	@ 0x38
1000131a:	2d01      	cmp	r5, #1
1000131c:	d1fc      	bne.n	10001318 <runtime_init_clocks+0x24>
1000131e:	2305      	movs	r3, #5
10001320:	2702      	movs	r7, #2
10001322:	461e      	mov	r6, r3
10001324:	2400      	movs	r4, #0
10001326:	4629      	mov	r1, r5
10001328:	4a21      	ldr	r2, [pc, #132]	@ (100013b0 <runtime_init_clocks+0xbc>)
1000132a:	4822      	ldr	r0, [pc, #136]	@ (100013b4 <runtime_init_clocks+0xc0>)
1000132c:	9700      	str	r7, [sp, #0]
1000132e:	f7ff fecd 	bl	100010cc <pll_init>
10001332:	4629      	mov	r1, r5
10001334:	4633      	mov	r3, r6
10001336:	4a20      	ldr	r2, [pc, #128]	@ (100013b8 <runtime_init_clocks+0xc4>)
10001338:	4820      	ldr	r0, [pc, #128]	@ (100013bc <runtime_init_clocks+0xc8>)
1000133a:	9600      	str	r6, [sp, #0]
1000133c:	f7ff fec6 	bl	100010cc <pll_init>
10001340:	4639      	mov	r1, r7
10001342:	4622      	mov	r2, r4
10001344:	2004      	movs	r0, #4
10001346:	4b1e      	ldr	r3, [pc, #120]	@ (100013c0 <runtime_init_clocks+0xcc>)
10001348:	f7ff fe52 	bl	10000ff0 <clock_configure_undivided>
1000134c:	4629      	mov	r1, r5
1000134e:	4622      	mov	r2, r4
10001350:	4630      	mov	r0, r6
10001352:	4b1c      	ldr	r3, [pc, #112]	@ (100013c4 <runtime_init_clocks+0xd0>)
10001354:	f7ff fe4c 	bl	10000ff0 <clock_configure_undivided>
10001358:	4622      	mov	r2, r4
1000135a:	2008      	movs	r0, #8
1000135c:	4621      	mov	r1, r4
1000135e:	4b1a      	ldr	r3, [pc, #104]	@ (100013c8 <runtime_init_clocks+0xd4>)
10001360:	f7ff fe46 	bl	10000ff0 <clock_configure_undivided>
10001364:	4622      	mov	r2, r4
10001366:	2009      	movs	r0, #9
10001368:	4621      	mov	r1, r4
1000136a:	4b17      	ldr	r3, [pc, #92]	@ (100013c8 <runtime_init_clocks+0xd4>)
1000136c:	f7ff fe40 	bl	10000ff0 <clock_configure_undivided>
10001370:	4622      	mov	r2, r4
10001372:	2006      	movs	r0, #6
10001374:	4621      	mov	r1, r4
10001376:	4b13      	ldr	r3, [pc, #76]	@ (100013c4 <runtime_init_clocks+0xd0>)
10001378:	f7ff fe3a 	bl	10000ff0 <clock_configure_undivided>
1000137c:	4b11      	ldr	r3, [pc, #68]	@ (100013c4 <runtime_init_clocks+0xd0>)
1000137e:	4622      	mov	r2, r4
10001380:	2007      	movs	r0, #7
10001382:	4621      	mov	r1, r4
10001384:	f7ff fe34 	bl	10000ff0 <clock_configure_undivided>
10001388:	2004      	movs	r0, #4
1000138a:	f7ff fe99 	bl	100010c0 <clock_get_hz>
1000138e:	4b0f      	ldr	r3, [pc, #60]	@ (100013cc <runtime_init_clocks+0xd8>)
10001390:	fba3 3500 	umull	r3, r5, r3, r0
10001394:	0cad      	lsrs	r5, r5, #18
10001396:	b2e0      	uxtb	r0, r4
10001398:	4629      	mov	r1, r5
1000139a:	3401      	adds	r4, #1
1000139c:	f7ff fedc 	bl	10001158 <tick_start>
100013a0:	2c06      	cmp	r4, #6
100013a2:	d1f8      	bne.n	10001396 <runtime_init_clocks+0xa2>
100013a4:	b003      	add	sp, #12
100013a6:	bdf0      	pop	{r4, r5, r6, r7, pc}
100013a8:	40010000 	.word	0x40010000
100013ac:	40013000 	.word	0x40013000
100013b0:	59682f00 	.word	0x59682f00
100013b4:	40050000 	.word	0x40050000
100013b8:	47868c00 	.word	0x47868c00
100013bc:	40058000 	.word	0x40058000
100013c0:	00b71b00 	.word	0x00b71b00
100013c4:	08f0d180 	.word	0x08f0d180
100013c8:	02dc6c00 	.word	0x02dc6c00
100013cc:	431bde83 	.word	0x431bde83

100013d0 <generic_save_state>:
100013d0:	b086      	sub	sp, #24
100013d2:	b403      	push	{r0, r1}
100013d4:	fc51 0408 	dcp_pxmd r0, r1
100013d8:	e9cd 0102 	strd	r0, r1, [sp, #8]
100013dc:	fc51 0409 	dcp_pymd r0, r1
100013e0:	e9cd 0104 	strd	r0, r1, [sp, #16]
100013e4:	ec51 040a 	dcp_refd r0, r1
100013e8:	e9cd 0106 	strd	r0, r1, [sp, #24]
100013ec:	bc03      	pop	{r0, r1}
100013ee:	47f0      	blx	lr

100013f0 <generic_restore_state>:
100013f0:	e8bd 5000 	ldmia.w	sp!, {ip, lr}
100013f4:	ec4e c400 	dcp_wxmd ip, lr
100013f8:	e8bd 5000 	ldmia.w	sp!, {ip, lr}
100013fc:	ec4e c401 	dcp_wymd ip, lr
10001400:	e8bd 5000 	ldmia.w	sp!, {ip, lr}
10001404:	ec4e c402 	dcp_wefd ip, lr
10001408:	bd00      	pop	{pc}
1000140a:	0000      	movs	r0, r0
1000140c:	b500      	push	{lr}
1000140e:	f7ff ffdf 	bl	100013d0 <generic_save_state>
10001412:	e002      	b.n	1000141a <__wrap___aeabi_dadd+0x6>

10001414 <__wrap___aeabi_dadd>:
10001414:	fe10 f430 	dcp_pcmp APSR_nzcv
10001418:	d4f8      	bmi.n	1000140c <generic_restore_state+0x1c>
1000141a:	ec41 0410 	dcp_wxup r0, r1
1000141e:	ec43 2411 	dcp_wyup r2, r3
10001422:	ee00 0401 	dcp_add0
10001426:	ee10 0401 	dcp_add1
1000142a:	ee80 0420 	dcp_nrdd
1000142e:	ec51 0410 	dcp_rdda r0, r1
10001432:	4770      	bx	lr
10001434:	b500      	push	{lr}
10001436:	f7ff ffcb 	bl	100013d0 <generic_save_state>
1000143a:	e002      	b.n	10001442 <__wrap___aeabi_dsub+0x6>

1000143c <__wrap___aeabi_dsub>:
1000143c:	fe10 f430 	dcp_pcmp APSR_nzcv
10001440:	d4f8      	bmi.n	10001434 <__wrap___aeabi_dadd+0x20>
10001442:	ec41 0410 	dcp_wxup r0, r1
10001446:	ec43 2411 	dcp_wyup r2, r3
1000144a:	ee00 0401 	dcp_add0
1000144e:	ee10 0421 	dcp_sub1
10001452:	ee80 0420 	dcp_nrdd
10001456:	ec51 0430 	dcp_rdds r0, r1
1000145a:	4770      	bx	lr
1000145c:	b500      	push	{lr}
1000145e:	f7ff ffb7 	bl	100013d0 <generic_save_state>
10001462:	e002      	b.n	1000146a <__wrap___aeabi_dmul+0x6>

10001464 <__wrap___aeabi_dmul>:
10001464:	fe10 f430 	dcp_pcmp APSR_nzcv
10001468:	d4f8      	bmi.n	1000145c <__wrap___aeabi_dsub+0x20>
1000146a:	b510      	push	{r4, lr}
1000146c:	ec41 0410 	dcp_wxup r0, r1
10001470:	ec43 2411 	dcp_wyup r2, r3
10001474:	ec51 0404 	dcp_rxms r0, r1, #0x0
10001478:	ec53 2405 	dcp_ryms r2, r3, #0x0
1000147c:	fba0 4c02 	umull	r4, ip, r0, r2
10001480:	f05f 0e00 	movs.w	lr, #0
10001484:	fbe0 ce03 	umlal	ip, lr, r0, r3
10001488:	fbe1 ce02 	umlal	ip, lr, r1, r2
1000148c:	ec4c 4420 	dcp_wxms r4, ip
10001490:	2400      	movs	r4, #0
10001492:	fbe1 e403 	umlal	lr, r4, r1, r3
10001496:	ec44 e430 	dcp_wxmo lr, r4
1000149a:	ee80 0420 	dcp_nrdd
1000149e:	ec51 0450 	dcp_rddm r0, r1
100014a2:	e8bd 4010 	ldmia.w	sp!, {r4, lr}
100014a6:	4770      	bx	lr
100014a8:	b500      	push	{lr}
100014aa:	f7ff ff91 	bl	100013d0 <generic_save_state>
100014ae:	e002      	b.n	100014b6 <__wrap___aeabi_ddiv+0x6>

100014b0 <__wrap___aeabi_ddiv>:
100014b0:	fe10 f430 	dcp_pcmp APSR_nzcv
100014b4:	d4f8      	bmi.n	100014a8 <__wrap___aeabi_dmul+0x44>
100014b6:	ec41 0410 	dcp_wxup r0, r1
100014ba:	ec43 2411 	dcp_wyup r2, r3
100014be:	ec51 0421 	dcp_rymr r0, r1
100014c2:	fba0 1201 	umull	r1, r2, r0, r1
100014c6:	ea6f 0282 	mvn.w	r2, r2, lsl #2
100014ca:	fb52 0010 	smmlar	r0, r2, r0, r0
100014ce:	fb52 f212 	smmulr	r2, r2, r2
100014d2:	fb52 0010 	smmlar	r0, r2, r0, r0
100014d6:	eba0 7cd0 	sub.w	ip, r0, r0, lsr #31
100014da:	ec53 2404 	dcp_rxms r2, r3, #0x0
100014de:	fb5c f113 	smmulr	r1, ip, r3
100014e2:	ec53 2415 	dcp_ryms r2, r3, #0x1
100014e6:	fba1 2002 	umull	r2, r0, r1, r2
100014ea:	fb01 0003 	mla	r0, r1, r3, r0
100014ee:	ec53 2444 	dcp_rxms r2, r3, #0x4
100014f2:	eba2 0000 	sub.w	r0, r2, r0
100014f6:	fb50 f21c 	smmulr	r2, r0, ip
100014fa:	ea4f 1311 	mov.w	r3, r1, lsr #4
100014fe:	eb12 7001 	adds.w	r0, r2, r1, lsl #28
10001502:	eb43 71e2 	adc.w	r1, r3, r2, asr #31
10001506:	ea40 5051 	orr.w	r0, r0, r1, lsr #21
1000150a:	ea20 5091 	bic.w	r0, r0, r1, lsr #22
1000150e:	f020 0007 	bic.w	r0, r0, #7
10001512:	ec53 2475 	dcp_ryms r2, r3, #0x7
10001516:	fba0 3c02 	umull	r3, ip, r0, r2
1000151a:	ec53 2475 	dcp_ryms r2, r3, #0x7
1000151e:	fb00 cc03 	mla	ip, r0, r3, ip
10001522:	fb01 cc02 	mla	ip, r1, r2, ip
10001526:	ec53 2404 	dcp_rxms r2, r3, #0x0
1000152a:	ebac 4c82 	sub.w	ip, ip, r2, lsl #18
1000152e:	ea40 705c 	orr.w	r0, r0, ip, lsr #29
10001532:	f1a0 0001 	sub.w	r0, r0, #1
10001536:	ec41 0440 	dcp_wxdd r0, r1
1000153a:	ee80 0420 	dcp_nrdd
1000153e:	ec51 0470 	dcp_rddd r0, r1
10001542:	4770      	bx	lr
10001544:	b500      	push	{lr}
10001546:	f7ff ff43 	bl	100013d0 <generic_save_state>
1000154a:	e002      	b.n	10001552 <__wrap___aeabi_i2d+0x6>

1000154c <__wrap___aeabi_i2d>:
1000154c:	fe10 f430 	dcp_pcmp APSR_nzcv
10001550:	d4f8      	bmi.n	10001544 <__wrap___aeabi_ddiv+0x94>
10001552:	ec40 0470 	dcp_wxic r0, r0
10001556:	ee00 0401 	dcp_add0
1000155a:	ee10 0421 	dcp_sub1
1000155e:	ee80 0420 	dcp_nrdd
10001562:	ec51 0430 	dcp_rdds r0, r1
10001566:	4770      	bx	lr
10001568:	b500      	push	{lr}
1000156a:	f7ff ff31 	bl	100013d0 <generic_save_state>
1000156e:	e002      	b.n	10001576 <__wrap___aeabi_ui2d+0x6>

10001570 <__wrap___aeabi_ui2d>:
10001570:	fe10 f430 	dcp_pcmp APSR_nzcv
10001574:	d4f8      	bmi.n	10001568 <__wrap___aeabi_i2d+0x1c>
10001576:	ec40 0460 	dcp_wxuc r0, r0
1000157a:	ee00 0401 	dcp_add0
1000157e:	ee10 0421 	dcp_sub1
10001582:	ee80 0420 	dcp_nrdd
10001586:	ec51 0430 	dcp_rdds r0, r1
1000158a:	4770      	bx	lr
1000158c:	b500      	push	{lr}
1000158e:	f7ff ff1f 	bl	100013d0 <generic_save_state>
10001592:	e002      	b.n	1000159a <__wrap___aeabi_d2iz+0x6>

10001594 <__wrap___aeabi_d2iz>:
10001594:	fe10 f430 	dcp_pcmp APSR_nzcv
10001598:	d4f8      	bmi.n	1000158c <__wrap___aeabi_ui2d+0x1c>
1000159a:	ec41 0480 	dcp_wxdc r0, r1
1000159e:	ee00 0401 	dcp_add0
100015a2:	ee10 0401 	dcp_add1
100015a6:	ee80 0440 	dcp_ntdc
100015aa:	ee10 0413 	dcp_rdic r0
100015ae:	4770      	bx	lr
100015b0:	b500      	push	{lr}
100015b2:	f7ff ff0d 	bl	100013d0 <generic_save_state>
100015b6:	e002      	b.n	100015be <__wrap___aeabi_d2uiz+0x6>

100015b8 <__wrap___aeabi_d2uiz>:
100015b8:	fe10 f430 	dcp_pcmp APSR_nzcv
100015bc:	d4f8      	bmi.n	100015b0 <__wrap___aeabi_d2iz+0x1c>
100015be:	ec41 0480 	dcp_wxdc r0, r1
100015c2:	ee00 0401 	dcp_add0
100015c6:	ee10 0401 	dcp_add1
100015ca:	ee80 0440 	dcp_ntdc
100015ce:	ee10 0433 	dcp_rduc r0
100015d2:	4770      	bx	lr
100015d4:	b500      	push	{lr}
100015d6:	f7ff fefb 	bl	100013d0 <generic_save_state>
100015da:	e002      	b.n	100015e2 <__wrap___aeabi_dcmpun+0x6>

100015dc <__wrap___aeabi_dcmpun>:
100015dc:	fe10 f430 	dcp_pcmp APSR_nzcv
100015e0:	d4f8      	bmi.n	100015d4 <__wrap___aeabi_d2uiz+0x1c>
100015e2:	ec41 0410 	dcp_wxup r0, r1
100015e6:	ec43 2411 	dcp_wyup r2, r3
100015ea:	ee00 0401 	dcp_add0
100015ee:	ee10 0430 	dcp_rcmp r0
100015f2:	f3c0 7000 	ubfx	r0, r0, #28, #1
100015f6:	4770      	bx	lr
100015f8:	b500      	push	{lr}
100015fa:	f7ff fee9 	bl	100013d0 <generic_save_state>
100015fe:	e002      	b.n	10001606 <__wrap___aeabi_dcmplt+0x6>

10001600 <__wrap___aeabi_dcmplt>:
10001600:	fe10 f430 	dcp_pcmp APSR_nzcv
10001604:	d4f8      	bmi.n	100015f8 <__wrap___aeabi_dcmpun+0x1c>
10001606:	ec43 2410 	dcp_wxup r2, r3
1000160a:	ec41 0411 	dcp_wyup r0, r1
1000160e:	ee00 0401 	dcp_add0
10001612:	ee10 f430 	dcp_rcmp APSR_nzcv
10001616:	bf8c      	ite	hi
10001618:	2001      	movhi	r0, #1
1000161a:	2000      	movls	r0, #0
1000161c:	4770      	bx	lr
1000161e:	bf00      	nop
10001620:	b500      	push	{lr}
10001622:	f7ff fed5 	bl	100013d0 <generic_save_state>
10001626:	e002      	b.n	1000162e <__wrap___aeabi_dcmpge+0x6>

10001628 <__wrap___aeabi_dcmpge>:
10001628:	fe10 f430 	dcp_pcmp APSR_nzcv
1000162c:	d4f8      	bmi.n	10001620 <__wrap___aeabi_dcmplt+0x20>
1000162e:	ec41 0410 	dcp_wxup r0, r1
10001632:	ec43 2411 	dcp_wyup r2, r3
10001636:	ee00 0401 	dcp_add0
1000163a:	ee10 f430 	dcp_rcmp APSR_nzcv
1000163e:	bf2c      	ite	cs
10001640:	2001      	movcs	r0, #1
10001642:	2000      	movcc	r0, #0
10001644:	4770      	bx	lr
10001646:	bf00      	nop
10001648:	b500      	push	{lr}
1000164a:	f7ff fec1 	bl	100013d0 <generic_save_state>
1000164e:	e002      	b.n	10001656 <__wrap___aeabi_dcmpgt+0x6>

10001650 <__wrap___aeabi_dcmpgt>:
10001650:	fe10 f430 	dcp_pcmp APSR_nzcv
10001654:	d4f8      	bmi.n	10001648 <__wrap___aeabi_dcmpge+0x20>
10001656:	ec41 0410 	dcp_wxup r0, r1
1000165a:	ec43 2411 	dcp_wyup r2, r3
1000165e:	ee00 0401 	dcp_add0
10001662:	ee10 f430 	dcp_rcmp APSR_nzcv
10001666:	bf8c      	ite	hi
10001668:	2001      	movhi	r0, #1
1000166a:	2000      	movls	r0, #0
1000166c:	4770      	bx	lr
1000166e:	bf00      	nop

10001670 <__wrap_malloc>:
10001670:	b538      	push	{r3, r4, r5, lr}
10001672:	4604      	mov	r4, r0
10001674:	4809      	ldr	r0, [pc, #36]	@ (1000169c <__wrap_malloc+0x2c>)
10001676:	f009 f9d3 	bl	1000aa20 <__mutex_enter_blocking_veneer>
1000167a:	4620      	mov	r0, r4
1000167c:	f008 fbd0 	bl	10009e20 <malloc>
10001680:	4605      	mov	r5, r0
10001682:	4806      	ldr	r0, [pc, #24]	@ (1000169c <__wrap_malloc+0x2c>)
10001684:	f009 f9c8 	bl	1000aa18 <__mutex_exit_veneer>
10001688:	b12d      	cbz	r5, 10001696 <__wrap_malloc+0x26>
1000168a:	4b05      	ldr	r3, [pc, #20]	@ (100016a0 <__wrap_malloc+0x30>)
1000168c:	442c      	add	r4, r5
1000168e:	429c      	cmp	r4, r3
10001690:	d801      	bhi.n	10001696 <__wrap_malloc+0x26>
10001692:	4628      	mov	r0, r5
10001694:	bd38      	pop	{r3, r4, r5, pc}
10001696:	4803      	ldr	r0, [pc, #12]	@ (100016a4 <__wrap_malloc+0x34>)
10001698:	f7fe fe72 	bl	10000380 <panic>
1000169c:	20001140 	.word	0x20001140
100016a0:	20080000 	.word	0x20080000
100016a4:	1000ab50 	.word	0x1000ab50

100016a8 <__wrap_free>:
100016a8:	b538      	push	{r3, r4, r5, lr}
100016aa:	4604      	mov	r4, r0
100016ac:	4d05      	ldr	r5, [pc, #20]	@ (100016c4 <__wrap_free+0x1c>)
100016ae:	4628      	mov	r0, r5
100016b0:	f009 f9b6 	bl	1000aa20 <__mutex_enter_blocking_veneer>
100016b4:	4620      	mov	r0, r4
100016b6:	f008 fbbb 	bl	10009e30 <free>
100016ba:	4628      	mov	r0, r5
100016bc:	e8bd 4038 	ldmia.w	sp!, {r3, r4, r5, lr}
100016c0:	f009 b9aa 	b.w	1000aa18 <__mutex_exit_veneer>
100016c4:	20001140 	.word	0x20001140

100016c8 <_out_null>:
100016c8:	4770      	bx	lr
100016ca:	bf00      	nop

100016cc <_out_rev>:
100016cc:	e92d 4ff0 	stmdb	sp!, {r4, r5, r6, r7, r8, r9, sl, fp, lr}
100016d0:	b083      	sub	sp, #12
100016d2:	4698      	mov	r8, r3
100016d4:	9b0f      	ldr	r3, [sp, #60]	@ 0x3c
100016d6:	460f      	mov	r7, r1
100016d8:	4611      	mov	r1, r2
100016da:	079a      	lsls	r2, r3, #30
100016dc:	4606      	mov	r6, r0
100016de:	f8dd 9030 	ldr.w	r9, [sp, #48]	@ 0x30
100016e2:	f8dd b038 	ldr.w	fp, [sp, #56]	@ 0x38
100016e6:	d112      	bne.n	1000170e <_out_rev+0x42>
100016e8:	9b0d      	ldr	r3, [sp, #52]	@ 0x34
100016ea:	455b      	cmp	r3, fp
100016ec:	d20f      	bcs.n	1000170e <_out_rev+0x42>
100016ee:	468a      	mov	sl, r1
100016f0:	460c      	mov	r4, r1
100016f2:	ebab 0503 	sub.w	r5, fp, r3
100016f6:	440d      	add	r5, r1
100016f8:	4652      	mov	r2, sl
100016fa:	4643      	mov	r3, r8
100016fc:	4639      	mov	r1, r7
100016fe:	2020      	movs	r0, #32
10001700:	f10a 0a01 	add.w	sl, sl, #1
10001704:	47b0      	blx	r6
10001706:	45aa      	cmp	sl, r5
10001708:	d1f6      	bne.n	100016f8 <_out_rev+0x2c>
1000170a:	4621      	mov	r1, r4
1000170c:	e000      	b.n	10001710 <_out_rev+0x44>
1000170e:	460d      	mov	r5, r1
10001710:	9b0d      	ldr	r3, [sp, #52]	@ 0x34
10001712:	b193      	cbz	r3, 1000173a <_out_rev+0x6e>
10001714:	eb09 0403 	add.w	r4, r9, r3
10001718:	eb04 0a05 	add.w	sl, r4, r5
1000171c:	9501      	str	r5, [sp, #4]
1000171e:	460d      	mov	r5, r1
10001720:	ebaa 0204 	sub.w	r2, sl, r4
10001724:	f814 0d01 	ldrb.w	r0, [r4, #-1]!
10001728:	4643      	mov	r3, r8
1000172a:	4639      	mov	r1, r7
1000172c:	47b0      	blx	r6
1000172e:	454c      	cmp	r4, r9
10001730:	d1f6      	bne.n	10001720 <_out_rev+0x54>
10001732:	4629      	mov	r1, r5
10001734:	9b0d      	ldr	r3, [sp, #52]	@ 0x34
10001736:	9d01      	ldr	r5, [sp, #4]
10001738:	441d      	add	r5, r3
1000173a:	9b0f      	ldr	r3, [sp, #60]	@ 0x3c
1000173c:	079b      	lsls	r3, r3, #30
1000173e:	d50c      	bpl.n	1000175a <_out_rev+0x8e>
10001740:	1a6c      	subs	r4, r5, r1
10001742:	45a3      	cmp	fp, r4
10001744:	d909      	bls.n	1000175a <_out_rev+0x8e>
10001746:	462a      	mov	r2, r5
10001748:	4643      	mov	r3, r8
1000174a:	4639      	mov	r1, r7
1000174c:	2020      	movs	r0, #32
1000174e:	3401      	adds	r4, #1
10001750:	47b0      	blx	r6
10001752:	45a3      	cmp	fp, r4
10001754:	f105 0501 	add.w	r5, r5, #1
10001758:	d8f5      	bhi.n	10001746 <_out_rev+0x7a>
1000175a:	4628      	mov	r0, r5
1000175c:	b003      	add	sp, #12
1000175e:	e8bd 8ff0 	ldmia.w	sp!, {r4, r5, r6, r7, r8, r9, sl, fp, pc}
10001762:	bf00      	nop

10001764 <_ntoa_format>:
10001764:	e92d 4ff0 	stmdb	sp!, {r4, r5, r6, r7, r8, r9, sl, fp, lr}
10001768:	9f0f      	ldr	r7, [sp, #60]	@ 0x3c
1000176a:	f8dd e024 	ldr.w	lr, [sp, #36]	@ 0x24
1000176e:	f017 0f02 	tst.w	r7, #2
10001772:	9c0a      	ldr	r4, [sp, #40]	@ 0x28
10001774:	f89d 902c 	ldrb.w	r9, [sp, #44]	@ 0x2c
10001778:	9d0e      	ldr	r5, [sp, #56]	@ 0x38
1000177a:	e9dd 860c 	ldrd	r8, r6, [sp, #48]	@ 0x30
1000177e:	d129      	bne.n	100017d4 <_ntoa_format+0x70>
10001780:	2d00      	cmp	r5, #0
10001782:	d166      	bne.n	10001852 <_ntoa_format+0xee>
10001784:	42b4      	cmp	r4, r6
10001786:	d225      	bcs.n	100017d4 <_ntoa_format+0x70>
10001788:	2c20      	cmp	r4, #32
1000178a:	f007 0b01 	and.w	fp, r7, #1
1000178e:	f000 810a 	beq.w	100019a6 <_ntoa_format+0x242>
10001792:	f104 3cff 	add.w	ip, r4, #4294967295	@ 0xffffffff
10001796:	f04f 0a30 	mov.w	sl, #48	@ 0x30
1000179a:	44f4      	add	ip, lr
1000179c:	e001      	b.n	100017a2 <_ntoa_format+0x3e>
1000179e:	2c20      	cmp	r4, #32
100017a0:	d076      	beq.n	10001890 <_ntoa_format+0x12c>
100017a2:	3401      	adds	r4, #1
100017a4:	42a6      	cmp	r6, r4
100017a6:	f80c af01 	strb.w	sl, [ip, #1]!
100017aa:	d8f8      	bhi.n	1000179e <_ntoa_format+0x3a>
100017ac:	f1bb 0f00 	cmp.w	fp, #0
100017b0:	d010      	beq.n	100017d4 <_ntoa_format+0x70>
100017b2:	42ac      	cmp	r4, r5
100017b4:	d20e      	bcs.n	100017d4 <_ntoa_format+0x70>
100017b6:	2c20      	cmp	r4, #32
100017b8:	d070      	beq.n	1000189c <_ntoa_format+0x138>
100017ba:	f104 3cff 	add.w	ip, r4, #4294967295	@ 0xffffffff
100017be:	f04f 0a30 	mov.w	sl, #48	@ 0x30
100017c2:	44f4      	add	ip, lr
100017c4:	e001      	b.n	100017ca <_ntoa_format+0x66>
100017c6:	2c20      	cmp	r4, #32
100017c8:	d022      	beq.n	10001810 <_ntoa_format+0xac>
100017ca:	3401      	adds	r4, #1
100017cc:	42ac      	cmp	r4, r5
100017ce:	f80c af01 	strb.w	sl, [ip, #1]!
100017d2:	d1f8      	bne.n	100017c6 <_ntoa_format+0x62>
100017d4:	f017 0f10 	tst.w	r7, #16
100017d8:	d031      	beq.n	1000183e <_ntoa_format+0xda>
100017da:	f417 6f80 	tst.w	r7, #1024	@ 0x400
100017de:	d14c      	bne.n	1000187a <_ntoa_format+0x116>
100017e0:	b9dc      	cbnz	r4, 1000181a <_ntoa_format+0xb6>
100017e2:	f1b8 0f10 	cmp.w	r8, #16
100017e6:	f000 80b8 	beq.w	1000195a <_ntoa_format+0x1f6>
100017ea:	f1b8 0f02 	cmp.w	r8, #2
100017ee:	f000 80c2 	beq.w	10001976 <_ntoa_format+0x212>
100017f2:	2430      	movs	r4, #48	@ 0x30
100017f4:	f88e 4000 	strb.w	r4, [lr]
100017f8:	2401      	movs	r4, #1
100017fa:	f1b9 0f00 	cmp.w	r9, #0
100017fe:	d15a      	bne.n	100018b6 <_ntoa_format+0x152>
10001800:	077e      	lsls	r6, r7, #29
10001802:	f140 8086 	bpl.w	10001912 <_ntoa_format+0x1ae>
10001806:	262b      	movs	r6, #43	@ 0x2b
10001808:	f80e 6004 	strb.w	r6, [lr, r4]
1000180c:	3401      	adds	r4, #1
1000180e:	e018      	b.n	10001842 <_ntoa_format+0xde>
10001810:	06fc      	lsls	r4, r7, #27
10001812:	d573      	bpl.n	100018fc <_ntoa_format+0x198>
10001814:	057c      	lsls	r4, r7, #21
10001816:	d42f      	bmi.n	10001878 <_ntoa_format+0x114>
10001818:	2420      	movs	r4, #32
1000181a:	42a6      	cmp	r6, r4
1000181c:	d001      	beq.n	10001822 <_ntoa_format+0xbe>
1000181e:	42ac      	cmp	r4, r5
10001820:	d12b      	bne.n	1000187a <_ntoa_format+0x116>
10001822:	1e66      	subs	r6, r4, #1
10001824:	f000 8086 	beq.w	10001934 <_ntoa_format+0x1d0>
10001828:	f1b8 0f10 	cmp.w	r8, #16
1000182c:	f000 80c0 	beq.w	100019b0 <_ntoa_format+0x24c>
10001830:	f1b8 0f02 	cmp.w	r8, #2
10001834:	d05b      	beq.n	100018ee <_ntoa_format+0x18a>
10001836:	f04f 0c30 	mov.w	ip, #48	@ 0x30
1000183a:	f80e c006 	strb.w	ip, [lr, r6]
1000183e:	2c20      	cmp	r4, #32
10001840:	d1db      	bne.n	100017fa <_ntoa_format+0x96>
10001842:	e9cd 570b 	strd	r5, r7, [sp, #44]	@ 0x2c
10001846:	e9cd e409 	strd	lr, r4, [sp, #36]	@ 0x24
1000184a:	e8bd 4ff0 	ldmia.w	sp!, {r4, r5, r6, r7, r8, r9, sl, fp, lr}
1000184e:	f7ff bf3d 	b.w	100016cc <_out_rev>
10001852:	f017 0b01 	ands.w	fp, r7, #1
10001856:	d03a      	beq.n	100018ce <_ntoa_format+0x16a>
10001858:	f1b9 0f00 	cmp.w	r9, #0
1000185c:	d14c      	bne.n	100018f8 <_ntoa_format+0x194>
1000185e:	f017 0f0c 	tst.w	r7, #12
10001862:	d149      	bne.n	100018f8 <_ntoa_format+0x194>
10001864:	42b4      	cmp	r4, r6
10001866:	d2a4      	bcs.n	100017b2 <_ntoa_format+0x4e>
10001868:	2c20      	cmp	r4, #32
1000186a:	d192      	bne.n	10001792 <_ntoa_format+0x2e>
1000186c:	2d20      	cmp	r5, #32
1000186e:	d815      	bhi.n	1000189c <_ntoa_format+0x138>
10001870:	f017 0f10 	tst.w	r7, #16
10001874:	d1b1      	bne.n	100017da <_ntoa_format+0x76>
10001876:	e7e4      	b.n	10001842 <_ntoa_format+0xde>
10001878:	2420      	movs	r4, #32
1000187a:	f1b8 0f10 	cmp.w	r8, #16
1000187e:	d03f      	beq.n	10001900 <_ntoa_format+0x19c>
10001880:	f1b8 0f02 	cmp.w	r8, #2
10001884:	d02f      	beq.n	100018e6 <_ntoa_format+0x182>
10001886:	2c20      	cmp	r4, #32
10001888:	d0db      	beq.n	10001842 <_ntoa_format+0xde>
1000188a:	4626      	mov	r6, r4
1000188c:	3401      	adds	r4, #1
1000188e:	e7d2      	b.n	10001836 <_ntoa_format+0xd2>
10001890:	f1bb 0f00 	cmp.w	fp, #0
10001894:	f000 809d 	beq.w	100019d2 <_ntoa_format+0x26e>
10001898:	2d20      	cmp	r5, #32
1000189a:	d9b9      	bls.n	10001810 <_ntoa_format+0xac>
1000189c:	06fc      	lsls	r4, r7, #27
1000189e:	d52d      	bpl.n	100018fc <_ntoa_format+0x198>
100018a0:	057c      	lsls	r4, r7, #21
100018a2:	d42b      	bmi.n	100018fc <_ntoa_format+0x198>
100018a4:	2e20      	cmp	r6, #32
100018a6:	f000 80a2 	beq.w	100019ee <_ntoa_format+0x28a>
100018aa:	2d20      	cmp	r5, #32
100018ac:	d1e4      	bne.n	10001878 <_ntoa_format+0x114>
100018ae:	2520      	movs	r5, #32
100018b0:	261f      	movs	r6, #31
100018b2:	462c      	mov	r4, r5
100018b4:	e7b8      	b.n	10001828 <_ntoa_format+0xc4>
100018b6:	262d      	movs	r6, #45	@ 0x2d
100018b8:	f80e 6004 	strb.w	r6, [lr, r4]
100018bc:	3401      	adds	r4, #1
100018be:	e9cd 570b 	strd	r5, r7, [sp, #44]	@ 0x2c
100018c2:	e9cd e409 	strd	lr, r4, [sp, #36]	@ 0x24
100018c6:	e8bd 4ff0 	ldmia.w	sp!, {r4, r5, r6, r7, r8, r9, sl, fp, lr}
100018ca:	f7ff beff 	b.w	100016cc <_out_rev>
100018ce:	42b4      	cmp	r4, r6
100018d0:	d280      	bcs.n	100017d4 <_ntoa_format+0x70>
100018d2:	2c20      	cmp	r4, #32
100018d4:	f47f af5d 	bne.w	10001792 <_ntoa_format+0x2e>
100018d8:	f017 0f10 	tst.w	r7, #16
100018dc:	d0b1      	beq.n	10001842 <_ntoa_format+0xde>
100018de:	f417 6f80 	tst.w	r7, #1024	@ 0x400
100018e2:	d1ca      	bne.n	1000187a <_ntoa_format+0x116>
100018e4:	e799      	b.n	1000181a <_ntoa_format+0xb6>
100018e6:	2c20      	cmp	r4, #32
100018e8:	d0ab      	beq.n	10001842 <_ntoa_format+0xde>
100018ea:	4626      	mov	r6, r4
100018ec:	3401      	adds	r4, #1
100018ee:	f04f 0c62 	mov.w	ip, #98	@ 0x62
100018f2:	f80e c006 	strb.w	ip, [lr, r6]
100018f6:	e7c6      	b.n	10001886 <_ntoa_format+0x122>
100018f8:	3d01      	subs	r5, #1
100018fa:	e7b3      	b.n	10001864 <_ntoa_format+0x100>
100018fc:	2420      	movs	r4, #32
100018fe:	e7a0      	b.n	10001842 <_ntoa_format+0xde>
10001900:	06be      	lsls	r6, r7, #26
10001902:	d40d      	bmi.n	10001920 <_ntoa_format+0x1bc>
10001904:	2c20      	cmp	r4, #32
10001906:	d09c      	beq.n	10001842 <_ntoa_format+0xde>
10001908:	2678      	movs	r6, #120	@ 0x78
1000190a:	f80e 6004 	strb.w	r6, [lr, r4]
1000190e:	3401      	adds	r4, #1
10001910:	e7b9      	b.n	10001886 <_ntoa_format+0x122>
10001912:	073e      	lsls	r6, r7, #28
10001914:	d595      	bpl.n	10001842 <_ntoa_format+0xde>
10001916:	2620      	movs	r6, #32
10001918:	f80e 6004 	strb.w	r6, [lr, r4]
1000191c:	3401      	adds	r4, #1
1000191e:	e790      	b.n	10001842 <_ntoa_format+0xde>
10001920:	2c20      	cmp	r4, #32
10001922:	d08e      	beq.n	10001842 <_ntoa_format+0xde>
10001924:	f04f 0c58 	mov.w	ip, #88	@ 0x58
10001928:	eb0e 0604 	add.w	r6, lr, r4
1000192c:	f886 c000 	strb.w	ip, [r6]
10001930:	3401      	adds	r4, #1
10001932:	e7a8      	b.n	10001886 <_ntoa_format+0x122>
10001934:	f1b8 0f10 	cmp.w	r8, #16
10001938:	d043      	beq.n	100019c2 <_ntoa_format+0x25e>
1000193a:	f1b8 0f02 	cmp.w	r8, #2
1000193e:	f47f af58 	bne.w	100017f2 <_ntoa_format+0x8e>
10001942:	2462      	movs	r4, #98	@ 0x62
10001944:	f88e 4000 	strb.w	r4, [lr]
10001948:	2430      	movs	r4, #48	@ 0x30
1000194a:	f88e 4001 	strb.w	r4, [lr, #1]
1000194e:	2402      	movs	r4, #2
10001950:	f1b9 0f00 	cmp.w	r9, #0
10001954:	f43f af54 	beq.w	10001800 <_ntoa_format+0x9c>
10001958:	e7ad      	b.n	100018b6 <_ntoa_format+0x152>
1000195a:	06be      	lsls	r6, r7, #26
1000195c:	d517      	bpl.n	1000198e <_ntoa_format+0x22a>
1000195e:	2458      	movs	r4, #88	@ 0x58
10001960:	f88e 4000 	strb.w	r4, [lr]
10001964:	2430      	movs	r4, #48	@ 0x30
10001966:	f88e 4001 	strb.w	r4, [lr, #1]
1000196a:	2402      	movs	r4, #2
1000196c:	f1b9 0f00 	cmp.w	r9, #0
10001970:	f43f af46 	beq.w	10001800 <_ntoa_format+0x9c>
10001974:	e79f      	b.n	100018b6 <_ntoa_format+0x152>
10001976:	2662      	movs	r6, #98	@ 0x62
10001978:	f88e 6000 	strb.w	r6, [lr]
1000197c:	2630      	movs	r6, #48	@ 0x30
1000197e:	4644      	mov	r4, r8
10001980:	f88e 6001 	strb.w	r6, [lr, #1]
10001984:	f1b9 0f00 	cmp.w	r9, #0
10001988:	f43f af3a 	beq.w	10001800 <_ntoa_format+0x9c>
1000198c:	e793      	b.n	100018b6 <_ntoa_format+0x152>
1000198e:	2478      	movs	r4, #120	@ 0x78
10001990:	f88e 4000 	strb.w	r4, [lr]
10001994:	2430      	movs	r4, #48	@ 0x30
10001996:	f88e 4001 	strb.w	r4, [lr, #1]
1000199a:	2402      	movs	r4, #2
1000199c:	f1b9 0f00 	cmp.w	r9, #0
100019a0:	f43f af2e 	beq.w	10001800 <_ntoa_format+0x9c>
100019a4:	e787      	b.n	100018b6 <_ntoa_format+0x152>
100019a6:	f1bb 0f00 	cmp.w	fp, #0
100019aa:	f47f af61 	bne.w	10001870 <_ntoa_format+0x10c>
100019ae:	e793      	b.n	100018d8 <_ntoa_format+0x174>
100019b0:	f1a4 0c02 	sub.w	ip, r4, #2
100019b4:	4634      	mov	r4, r6
100019b6:	06be      	lsls	r6, r7, #26
100019b8:	d407      	bmi.n	100019ca <_ntoa_format+0x266>
100019ba:	2678      	movs	r6, #120	@ 0x78
100019bc:	f80e 600c 	strb.w	r6, [lr, ip]
100019c0:	e763      	b.n	1000188a <_ntoa_format+0x126>
100019c2:	06bc      	lsls	r4, r7, #26
100019c4:	d4cb      	bmi.n	1000195e <_ntoa_format+0x1fa>
100019c6:	2478      	movs	r4, #120	@ 0x78
100019c8:	e7bc      	b.n	10001944 <_ntoa_format+0x1e0>
100019ca:	2658      	movs	r6, #88	@ 0x58
100019cc:	f80e 600c 	strb.w	r6, [lr, ip]
100019d0:	e75b      	b.n	1000188a <_ntoa_format+0x126>
100019d2:	f017 0f10 	tst.w	r7, #16
100019d6:	f43f af34 	beq.w	10001842 <_ntoa_format+0xde>
100019da:	f417 6f80 	tst.w	r7, #1024	@ 0x400
100019de:	f47f af30 	bne.w	10001842 <_ntoa_format+0xde>
100019e2:	2e20      	cmp	r6, #32
100019e4:	d006      	beq.n	100019f4 <_ntoa_format+0x290>
100019e6:	2d20      	cmp	r5, #32
100019e8:	f47f af47 	bne.w	1000187a <_ntoa_format+0x116>
100019ec:	e75f      	b.n	100018ae <_ntoa_format+0x14a>
100019ee:	4634      	mov	r4, r6
100019f0:	261f      	movs	r6, #31
100019f2:	e719      	b.n	10001828 <_ntoa_format+0xc4>
100019f4:	261f      	movs	r6, #31
100019f6:	e717      	b.n	10001828 <_ntoa_format+0xc4>

100019f8 <_out_char>:
100019f8:	b900      	cbnz	r0, 100019fc <_out_char+0x4>
100019fa:	4770      	bx	lr
100019fc:	f001 bb5e 	b.w	100030bc <__wrap_putchar>

10001a00 <_out_fct>:
10001a00:	b110      	cbz	r0, 10001a08 <_out_fct+0x8>
10001a02:	e9d1 3100 	ldrd	r3, r1, [r1]
10001a06:	4718      	bx	r3
10001a08:	4770      	bx	lr
10001a0a:	bf00      	nop
10001a0c:	0000      	movs	r0, r0
	...

10001a10 <_etoa>:
10001a10:	e92d 4ff0 	stmdb	sp!, {r4, r5, r6, r7, r8, r9, sl, fp, lr}
10001a14:	b09d      	sub	sp, #116	@ 0x74
10001a16:	ed9d 7b26 	vldr	d7, [sp, #152]	@ 0x98
10001a1a:	e9dd a528 	ldrd	sl, r5, [sp, #160]	@ 0xa0
10001a1e:	ec58 7b17 	vmov	r7, r8, d7
10001a22:	e9cd 120c 	strd	r1, r2, [sp, #48]	@ 0x30
10001a26:	4683      	mov	fp, r0
10001a28:	461e      	mov	r6, r3
10001a2a:	463a      	mov	r2, r7
10001a2c:	4643      	mov	r3, r8
10001a2e:	4638      	mov	r0, r7
10001a30:	4641      	mov	r1, r8
10001a32:	ed8d 7b08 	vstr	d7, [sp, #32]
10001a36:	9c2a      	ldr	r4, [sp, #168]	@ 0xa8
10001a38:	f7ff fdd0 	bl	100015dc <__wrap___aeabi_dcmpun>
10001a3c:	2800      	cmp	r0, #0
10001a3e:	f040 80d5 	bne.w	10001bec <_etoa+0x1dc>
10001a42:	4638      	mov	r0, r7
10001a44:	4641      	mov	r1, r8
10001a46:	f04f 32ff 	mov.w	r2, #4294967295	@ 0xffffffff
10001a4a:	4b73      	ldr	r3, [pc, #460]	@ (10001c18 <_etoa+0x208>)
10001a4c:	f7ff fe00 	bl	10001650 <__wrap___aeabi_dcmpgt>
10001a50:	2800      	cmp	r0, #0
10001a52:	f040 80cb 	bne.w	10001bec <_etoa+0x1dc>
10001a56:	4638      	mov	r0, r7
10001a58:	4641      	mov	r1, r8
10001a5a:	f04f 32ff 	mov.w	r2, #4294967295	@ 0xffffffff
10001a5e:	f46f 1380 	mvn.w	r3, #1048576	@ 0x100000
10001a62:	f7ff fdcd 	bl	10001600 <__wrap___aeabi_dcmplt>
10001a66:	2800      	cmp	r0, #0
10001a68:	f040 80c0 	bne.w	10001bec <_etoa+0x1dc>
10001a6c:	e9dd 7808 	ldrd	r7, r8, [sp, #32]
10001a70:	2200      	movs	r2, #0
10001a72:	4638      	mov	r0, r7
10001a74:	4641      	mov	r1, r8
10001a76:	2300      	movs	r3, #0
10001a78:	f7ff fdc2 	bl	10001600 <__wrap___aeabi_dcmplt>
10001a7c:	2800      	cmp	r0, #0
10001a7e:	f040 81bb 	bne.w	10001df8 <_etoa+0x3e8>
10001a82:	e9cd 780a 	strd	r7, r8, [sp, #40]	@ 0x28
10001a86:	e9dd 230a 	ldrd	r2, r3, [sp, #40]	@ 0x28
10001a8a:	461f      	mov	r7, r3
10001a8c:	4690      	mov	r8, r2
10001a8e:	f414 6380 	ands.w	r3, r4, #1024	@ 0x400
10001a92:	bf08      	it	eq
10001a94:	f04f 0a06 	moveq.w	sl, #6
10001a98:	9311      	str	r3, [sp, #68]	@ 0x44
10001a9a:	ea58 0307 	orrs.w	r3, r8, r7
10001a9e:	f040 80bf 	bne.w	10001c20 <_etoa+0x210>
10001aa2:	f414 6300 	ands.w	r3, r4, #2048	@ 0x800
10001aa6:	f000 819f 	beq.w	10001de8 <_etoa+0x3d8>
10001aaa:	ed9f 7b59 	vldr	d7, [pc, #356]	@ 10001c10 <_etoa+0x200>
10001aae:	2700      	movs	r7, #0
10001ab0:	ed8d 7b0e 	vstr	d7, [sp, #56]	@ 0x38
10001ab4:	f04f 0800 	mov.w	r8, #0
10001ab8:	45ba      	cmp	sl, r7
10001aba:	bfcc      	ite	gt
10001abc:	ebaa 0a07 	subgt.w	sl, sl, r7
10001ac0:	f04f 0a00 	movle.w	sl, #0
10001ac4:	4647      	mov	r7, r8
10001ac6:	bfc8      	it	gt
10001ac8:	f10a 3aff 	addgt.w	sl, sl, #4294967295	@ 0xffffffff
10001acc:	f444 6480 	orr.w	r4, r4, #1024	@ 0x400
10001ad0:	4545      	cmp	r5, r8
10001ad2:	bf94      	ite	ls
10001ad4:	f04f 0900 	movls.w	r9, #0
10001ad8:	eba5 0908 	subhi.w	r9, r5, r8
10001adc:	f014 0302 	ands.w	r3, r4, #2
10001ae0:	9310      	str	r3, [sp, #64]	@ 0x40
10001ae2:	d004      	beq.n	10001aee <_etoa+0xde>
10001ae4:	f1b8 0f00 	cmp.w	r8, #0
10001ae8:	bf18      	it	ne
10001aea:	f04f 0900 	movne.w	r9, #0
10001aee:	b13f      	cbz	r7, 10001b00 <_etoa+0xf0>
10001af0:	e9dd 010a 	ldrd	r0, r1, [sp, #40]	@ 0x28
10001af4:	e9dd 230e 	ldrd	r2, r3, [sp, #56]	@ 0x38
10001af8:	f7ff fcda 	bl	100014b0 <__wrap___aeabi_ddiv>
10001afc:	e9cd 010a 	strd	r0, r1, [sp, #40]	@ 0x28
10001b00:	e9dd 0108 	ldrd	r0, r1, [sp, #32]
10001b04:	2200      	movs	r2, #0
10001b06:	2300      	movs	r3, #0
10001b08:	f7ff fd7a 	bl	10001600 <__wrap___aeabi_dcmplt>
10001b0c:	b130      	cbz	r0, 10001b1c <_etoa+0x10c>
10001b0e:	e9dd 010a 	ldrd	r0, r1, [sp, #40]	@ 0x28
10001b12:	4602      	mov	r2, r0
10001b14:	f101 4300 	add.w	r3, r1, #2147483648	@ 0x80000000
10001b18:	e9cd 230a 	strd	r2, r3, [sp, #40]	@ 0x28
10001b1c:	ed9d 7b0a 	vldr	d7, [sp, #40]	@ 0x28
10001b20:	f424 6300 	bic.w	r3, r4, #2048	@ 0x800
10001b24:	e9cd a902 	strd	sl, r9, [sp, #8]
10001b28:	e9dd a20c 	ldrd	sl, r2, [sp, #48]	@ 0x30
10001b2c:	9304      	str	r3, [sp, #16]
10001b2e:	ed8d 7b00 	vstr	d7, [sp]
10001b32:	4633      	mov	r3, r6
10001b34:	4651      	mov	r1, sl
10001b36:	4658      	mov	r0, fp
10001b38:	f000 f996 	bl	10001e68 <_ftoa>
10001b3c:	4681      	mov	r9, r0
10001b3e:	f1b8 0f00 	cmp.w	r8, #0
10001b42:	d04f      	beq.n	10001be4 <_etoa+0x1d4>
10001b44:	f014 0f20 	tst.w	r4, #32
10001b48:	464a      	mov	r2, r9
10001b4a:	bf0c      	ite	eq
10001b4c:	2065      	moveq	r0, #101	@ 0x65
10001b4e:	2045      	movne	r0, #69	@ 0x45
10001b50:	4633      	mov	r3, r6
10001b52:	4651      	mov	r1, sl
10001b54:	47d8      	blx	fp
10001b56:	f109 0401 	add.w	r4, r9, #1
10001b5a:	ea87 7ce7 	eor.w	ip, r7, r7, asr #31
10001b5e:	f10d 0950 	add.w	r9, sp, #80	@ 0x50
10001b62:	f108 30ff 	add.w	r0, r8, #4294967295	@ 0xffffffff
10001b66:	464b      	mov	r3, r9
10001b68:	2200      	movs	r2, #0
10001b6a:	f8df 80b0 	ldr.w	r8, [pc, #176]	@ 10001c1c <_etoa+0x20c>
10001b6e:	ebac 7ce7 	sub.w	ip, ip, r7, asr #31
10001b72:	ea4f 7ed7 	mov.w	lr, r7, lsr #31
10001b76:	e001      	b.n	10001b7c <_etoa+0x16c>
10001b78:	2a20      	cmp	r2, #32
10001b7a:	d010      	beq.n	10001b9e <_etoa+0x18e>
10001b7c:	46e2      	mov	sl, ip
10001b7e:	fba8 710c 	umull	r7, r1, r8, ip
10001b82:	08c9      	lsrs	r1, r1, #3
10001b84:	eb01 0781 	add.w	r7, r1, r1, lsl #2
10001b88:	ebac 0747 	sub.w	r7, ip, r7, lsl #1
10001b8c:	3730      	adds	r7, #48	@ 0x30
10001b8e:	f1ba 0f09 	cmp.w	sl, #9
10001b92:	468c      	mov	ip, r1
10001b94:	f102 0201 	add.w	r2, r2, #1
10001b98:	f803 7b01 	strb.w	r7, [r3], #1
10001b9c:	d8ec      	bhi.n	10001b78 <_etoa+0x168>
10001b9e:	2305      	movs	r3, #5
10001ba0:	9005      	str	r0, [sp, #20]
10001ba2:	9306      	str	r3, [sp, #24]
10001ba4:	2000      	movs	r0, #0
10001ba6:	230a      	movs	r3, #10
10001ba8:	9f0c      	ldr	r7, [sp, #48]	@ 0x30
10001baa:	e9cd 3003 	strd	r3, r0, [sp, #12]
10001bae:	e9cd 2e01 	strd	r2, lr, [sp, #4]
10001bb2:	4633      	mov	r3, r6
10001bb4:	f8cd 9000 	str.w	r9, [sp]
10001bb8:	4622      	mov	r2, r4
10001bba:	4639      	mov	r1, r7
10001bbc:	4658      	mov	r0, fp
10001bbe:	f7ff fdd1 	bl	10001764 <_ntoa_format>
10001bc2:	9b10      	ldr	r3, [sp, #64]	@ 0x40
10001bc4:	4681      	mov	r9, r0
10001bc6:	b16b      	cbz	r3, 10001be4 <_etoa+0x1d4>
10001bc8:	9b0d      	ldr	r3, [sp, #52]	@ 0x34
10001bca:	1ac4      	subs	r4, r0, r3
10001bcc:	42a5      	cmp	r5, r4
10001bce:	d909      	bls.n	10001be4 <_etoa+0x1d4>
10001bd0:	464a      	mov	r2, r9
10001bd2:	4633      	mov	r3, r6
10001bd4:	4639      	mov	r1, r7
10001bd6:	2020      	movs	r0, #32
10001bd8:	3401      	adds	r4, #1
10001bda:	47d8      	blx	fp
10001bdc:	42a5      	cmp	r5, r4
10001bde:	f109 0901 	add.w	r9, r9, #1
10001be2:	d8f5      	bhi.n	10001bd0 <_etoa+0x1c0>
10001be4:	4648      	mov	r0, r9
10001be6:	b01d      	add	sp, #116	@ 0x74
10001be8:	e8bd 8ff0 	ldmia.w	sp!, {r4, r5, r6, r7, r8, r9, sl, fp, pc}
10001bec:	ed9d 7b08 	vldr	d7, [sp, #32]
10001bf0:	e9dd 120c 	ldrd	r1, r2, [sp, #48]	@ 0x30
10001bf4:	4633      	mov	r3, r6
10001bf6:	4658      	mov	r0, fp
10001bf8:	ed8d 7b26 	vstr	d7, [sp, #152]	@ 0x98
10001bfc:	e9cd 5429 	strd	r5, r4, [sp, #164]	@ 0xa4
10001c00:	f8cd a0a0 	str.w	sl, [sp, #160]	@ 0xa0
10001c04:	b01d      	add	sp, #116	@ 0x74
10001c06:	e8bd 4ff0 	ldmia.w	sp!, {r4, r5, r6, r7, r8, r9, sl, fp, lr}
10001c0a:	f000 b92d 	b.w	10001e68 <_ftoa>
10001c0e:	bf00      	nop
	...
10001c18:	7fefffff 	.word	0x7fefffff
10001c1c:	cccccccd 	.word	0xcccccccd
10001c20:	f3c7 500a 	ubfx	r0, r7, #20, #11
10001c24:	f2a0 30ff 	subw	r0, r0, #1023	@ 0x3ff
10001c28:	f7ff fc90 	bl	1000154c <__wrap___aeabi_i2d>
10001c2c:	a38a      	add	r3, pc, #552	@ (adr r3, 10001e58 <_etoa+0x448>)
10001c2e:	e9d3 2300 	ldrd	r2, r3, [r3]
10001c32:	f7ff fc17 	bl	10001464 <__wrap___aeabi_dmul>
10001c36:	a38a      	add	r3, pc, #552	@ (adr r3, 10001e60 <_etoa+0x450>)
10001c38:	e9d3 2300 	ldrd	r2, r3, [r3]
10001c3c:	f7ff fbea 	bl	10001414 <__wrap___aeabi_dadd>
10001c40:	f3c7 0713 	ubfx	r7, r7, #0, #20
10001c44:	e9cd 010e 	strd	r0, r1, [sp, #56]	@ 0x38
10001c48:	f047 517f 	orr.w	r1, r7, #1069547520	@ 0x3fc00000
10001c4c:	4640      	mov	r0, r8
10001c4e:	2200      	movs	r2, #0
10001c50:	4b7b      	ldr	r3, [pc, #492]	@ (10001e40 <_etoa+0x430>)
10001c52:	f441 1140 	orr.w	r1, r1, #3145728	@ 0x300000
10001c56:	f7ff fbf1 	bl	1000143c <__wrap___aeabi_dsub>
10001c5a:	a36b      	add	r3, pc, #428	@ (adr r3, 10001e08 <_etoa+0x3f8>)
10001c5c:	e9d3 2300 	ldrd	r2, r3, [r3]
10001c60:	f7ff fc00 	bl	10001464 <__wrap___aeabi_dmul>
10001c64:	4602      	mov	r2, r0
10001c66:	460b      	mov	r3, r1
10001c68:	e9dd 010e 	ldrd	r0, r1, [sp, #56]	@ 0x38
10001c6c:	f7ff fbd2 	bl	10001414 <__wrap___aeabi_dadd>
10001c70:	f7ff fc90 	bl	10001594 <__wrap___aeabi_d2iz>
10001c74:	4607      	mov	r7, r0
10001c76:	f7ff fc69 	bl	1000154c <__wrap___aeabi_i2d>
10001c7a:	a365      	add	r3, pc, #404	@ (adr r3, 10001e10 <_etoa+0x400>)
10001c7c:	e9d3 2300 	ldrd	r2, r3, [r3]
10001c80:	4680      	mov	r8, r0
10001c82:	4689      	mov	r9, r1
10001c84:	f7ff fbee 	bl	10001464 <__wrap___aeabi_dmul>
10001c88:	2200      	movs	r2, #0
10001c8a:	4b6e      	ldr	r3, [pc, #440]	@ (10001e44 <_etoa+0x434>)
10001c8c:	f7ff fbc2 	bl	10001414 <__wrap___aeabi_dadd>
10001c90:	f7ff fc80 	bl	10001594 <__wrap___aeabi_d2iz>
10001c94:	4603      	mov	r3, r0
10001c96:	4649      	mov	r1, r9
10001c98:	4640      	mov	r0, r8
10001c9a:	9310      	str	r3, [sp, #64]	@ 0x40
10001c9c:	a35e      	add	r3, pc, #376	@ (adr r3, 10001e18 <_etoa+0x408>)
10001c9e:	e9d3 2300 	ldrd	r2, r3, [r3]
10001ca2:	f7ff fbdf 	bl	10001464 <__wrap___aeabi_dmul>
10001ca6:	4680      	mov	r8, r0
10001ca8:	9810      	ldr	r0, [sp, #64]	@ 0x40
10001caa:	4689      	mov	r9, r1
10001cac:	f7ff fc4e 	bl	1000154c <__wrap___aeabi_i2d>
10001cb0:	a35b      	add	r3, pc, #364	@ (adr r3, 10001e20 <_etoa+0x410>)
10001cb2:	e9d3 2300 	ldrd	r2, r3, [r3]
10001cb6:	f7ff fbd5 	bl	10001464 <__wrap___aeabi_dmul>
10001cba:	4602      	mov	r2, r0
10001cbc:	460b      	mov	r3, r1
10001cbe:	4640      	mov	r0, r8
10001cc0:	4649      	mov	r1, r9
10001cc2:	f7ff fbbb 	bl	1000143c <__wrap___aeabi_dsub>
10001cc6:	4602      	mov	r2, r0
10001cc8:	460b      	mov	r3, r1
10001cca:	4680      	mov	r8, r0
10001ccc:	4689      	mov	r9, r1
10001cce:	f7ff fbc9 	bl	10001464 <__wrap___aeabi_dmul>
10001cd2:	4642      	mov	r2, r8
10001cd4:	464b      	mov	r3, r9
10001cd6:	e9cd 010e 	strd	r0, r1, [sp, #56]	@ 0x38
10001cda:	4640      	mov	r0, r8
10001cdc:	4649      	mov	r1, r9
10001cde:	f7ff fb99 	bl	10001414 <__wrap___aeabi_dadd>
10001ce2:	2200      	movs	r2, #0
10001ce4:	e9cd 0112 	strd	r0, r1, [sp, #72]	@ 0x48
10001ce8:	e9dd 010e 	ldrd	r0, r1, [sp, #56]	@ 0x38
10001cec:	4b56      	ldr	r3, [pc, #344]	@ (10001e48 <_etoa+0x438>)
10001cee:	f7ff fbdf 	bl	100014b0 <__wrap___aeabi_ddiv>
10001cf2:	2200      	movs	r2, #0
10001cf4:	4b55      	ldr	r3, [pc, #340]	@ (10001e4c <_etoa+0x43c>)
10001cf6:	f7ff fb8d 	bl	10001414 <__wrap___aeabi_dadd>
10001cfa:	4602      	mov	r2, r0
10001cfc:	460b      	mov	r3, r1
10001cfe:	e9dd 010e 	ldrd	r0, r1, [sp, #56]	@ 0x38
10001d02:	f7ff fbd5 	bl	100014b0 <__wrap___aeabi_ddiv>
10001d06:	2200      	movs	r2, #0
10001d08:	4b51      	ldr	r3, [pc, #324]	@ (10001e50 <_etoa+0x440>)
10001d0a:	f7ff fb83 	bl	10001414 <__wrap___aeabi_dadd>
10001d0e:	4602      	mov	r2, r0
10001d10:	460b      	mov	r3, r1
10001d12:	e9dd 010e 	ldrd	r0, r1, [sp, #56]	@ 0x38
10001d16:	f7ff fbcb 	bl	100014b0 <__wrap___aeabi_ddiv>
10001d1a:	4642      	mov	r2, r8
10001d1c:	464b      	mov	r3, r9
10001d1e:	4680      	mov	r8, r0
10001d20:	4689      	mov	r9, r1
10001d22:	2000      	movs	r0, #0
10001d24:	f04f 4180 	mov.w	r1, #1073741824	@ 0x40000000
10001d28:	f7ff fb88 	bl	1000143c <__wrap___aeabi_dsub>
10001d2c:	4602      	mov	r2, r0
10001d2e:	460b      	mov	r3, r1
10001d30:	4640      	mov	r0, r8
10001d32:	4649      	mov	r1, r9
10001d34:	f7ff fb6e 	bl	10001414 <__wrap___aeabi_dadd>
10001d38:	4602      	mov	r2, r0
10001d3a:	460b      	mov	r3, r1
10001d3c:	e9dd 0112 	ldrd	r0, r1, [sp, #72]	@ 0x48
10001d40:	f7ff fbb6 	bl	100014b0 <__wrap___aeabi_ddiv>
10001d44:	2200      	movs	r2, #0
10001d46:	4b43      	ldr	r3, [pc, #268]	@ (10001e54 <_etoa+0x444>)
10001d48:	f7ff fb64 	bl	10001414 <__wrap___aeabi_dadd>
10001d4c:	9b10      	ldr	r3, [sp, #64]	@ 0x40
10001d4e:	2200      	movs	r2, #0
10001d50:	f203 3cff 	addw	ip, r3, #1023	@ 0x3ff
10001d54:	ea4f 530c 	mov.w	r3, ip, lsl #20
10001d58:	f7ff fb84 	bl	10001464 <__wrap___aeabi_dmul>
10001d5c:	4680      	mov	r8, r0
10001d5e:	4689      	mov	r9, r1
10001d60:	e9dd 010a 	ldrd	r0, r1, [sp, #40]	@ 0x28
10001d64:	4642      	mov	r2, r8
10001d66:	464b      	mov	r3, r9
10001d68:	e9cd 890e 	strd	r8, r9, [sp, #56]	@ 0x38
10001d6c:	f7ff fc48 	bl	10001600 <__wrap___aeabi_dcmplt>
10001d70:	bb60      	cbnz	r0, 10001dcc <_etoa+0x3bc>
10001d72:	4643      	mov	r3, r8
10001d74:	4649      	mov	r1, r9
10001d76:	f107 0263 	add.w	r2, r7, #99	@ 0x63
10001d7a:	2ac7      	cmp	r2, #199	@ 0xc7
10001d7c:	bf34      	ite	cc
10001d7e:	f04f 0804 	movcc.w	r8, #4
10001d82:	f04f 0805 	movcs.w	r8, #5
10001d86:	0522      	lsls	r2, r4, #20
10001d88:	f57f aea2 	bpl.w	10001ad0 <_etoa+0xc0>
10001d8c:	430b      	orrs	r3, r1
10001d8e:	f43f ae91 	beq.w	10001ab4 <_etoa+0xa4>
10001d92:	e9dd 010a 	ldrd	r0, r1, [sp, #40]	@ 0x28
10001d96:	a324      	add	r3, pc, #144	@ (adr r3, 10001e28 <_etoa+0x418>)
10001d98:	e9d3 2300 	ldrd	r2, r3, [r3]
10001d9c:	f7ff fc44 	bl	10001628 <__wrap___aeabi_dcmpge>
10001da0:	b148      	cbz	r0, 10001db6 <_etoa+0x3a6>
10001da2:	e9dd 010a 	ldrd	r0, r1, [sp, #40]	@ 0x28
10001da6:	a322      	add	r3, pc, #136	@ (adr r3, 10001e30 <_etoa+0x420>)
10001da8:	e9d3 2300 	ldrd	r2, r3, [r3]
10001dac:	f7ff fc28 	bl	10001600 <__wrap___aeabi_dcmplt>
10001db0:	2800      	cmp	r0, #0
10001db2:	f47f ae7f 	bne.w	10001ab4 <_etoa+0xa4>
10001db6:	f1ba 0f00 	cmp.w	sl, #0
10001dba:	f43f ae89 	beq.w	10001ad0 <_etoa+0xc0>
10001dbe:	9b11      	ldr	r3, [sp, #68]	@ 0x44
10001dc0:	2b00      	cmp	r3, #0
10001dc2:	f43f ae85 	beq.w	10001ad0 <_etoa+0xc0>
10001dc6:	f10a 3aff 	add.w	sl, sl, #4294967295	@ 0xffffffff
10001dca:	e681      	b.n	10001ad0 <_etoa+0xc0>
10001dcc:	2200      	movs	r2, #0
10001dce:	4b1f      	ldr	r3, [pc, #124]	@ (10001e4c <_etoa+0x43c>)
10001dd0:	4640      	mov	r0, r8
10001dd2:	4649      	mov	r1, r9
10001dd4:	f7ff fb6c 	bl	100014b0 <__wrap___aeabi_ddiv>
10001dd8:	460a      	mov	r2, r1
10001dda:	4601      	mov	r1, r0
10001ddc:	4603      	mov	r3, r0
10001dde:	e9cd 120e 	strd	r1, r2, [sp, #56]	@ 0x38
10001de2:	3f01      	subs	r7, #1
10001de4:	4611      	mov	r1, r2
10001de6:	e7c6      	b.n	10001d76 <_etoa+0x366>
10001de8:	ed9f 7b13 	vldr	d7, [pc, #76]	@ 10001e38 <_etoa+0x428>
10001dec:	461f      	mov	r7, r3
10001dee:	f04f 0804 	mov.w	r8, #4
10001df2:	ed8d 7b0e 	vstr	d7, [sp, #56]	@ 0x38
10001df6:	e66b      	b.n	10001ad0 <_etoa+0xc0>
10001df8:	f108 4300 	add.w	r3, r8, #2147483648	@ 0x80000000
10001dfc:	970a      	str	r7, [sp, #40]	@ 0x28
10001dfe:	930b      	str	r3, [sp, #44]	@ 0x2c
10001e00:	e641      	b.n	10001a86 <_etoa+0x76>
10001e02:	bf00      	nop
10001e04:	f3af 8000 	nop.w
10001e08:	636f4361 	.word	0x636f4361
10001e0c:	3fd287a7 	.word	0x3fd287a7
10001e10:	0979a371 	.word	0x0979a371
10001e14:	400a934f 	.word	0x400a934f
10001e18:	bbb55516 	.word	0xbbb55516
10001e1c:	40026bb1 	.word	0x40026bb1
10001e20:	fefa39ef 	.word	0xfefa39ef
10001e24:	3fe62e42 	.word	0x3fe62e42
10001e28:	eb1c432d 	.word	0xeb1c432d
10001e2c:	3f1a36e2 	.word	0x3f1a36e2
10001e30:	00000000 	.word	0x00000000
10001e34:	412e8480 	.word	0x412e8480
	...
10001e40:	3ff80000 	.word	0x3ff80000
10001e44:	3fe00000 	.word	0x3fe00000
10001e48:	402c0000 	.word	0x402c0000
10001e4c:	40240000 	.word	0x40240000
10001e50:	40180000 	.word	0x40180000
10001e54:	3ff00000 	.word	0x3ff00000
10001e58:	509f79fb 	.word	0x509f79fb
10001e5c:	3fd34413 	.word	0x3fd34413
10001e60:	8b60c8b3 	.word	0x8b60c8b3
10001e64:	3fc68a28 	.word	0x3fc68a28

10001e68 <_ftoa>:
10001e68:	e92d 4ff0 	stmdb	sp!, {r4, r5, r6, r7, r8, r9, sl, fp, lr}
10001e6c:	b097      	sub	sp, #92	@ 0x5c
10001e6e:	e9dd 8920 	ldrd	r8, r9, [sp, #128]	@ 0x80
10001e72:	e9cd 0104 	strd	r0, r1, [sp, #16]
10001e76:	e9dd 4b22 	ldrd	r4, fp, [sp, #136]	@ 0x88
10001e7a:	e9cd 2306 	strd	r2, r3, [sp, #24]
10001e7e:	4640      	mov	r0, r8
10001e80:	4642      	mov	r2, r8
10001e82:	464b      	mov	r3, r9
10001e84:	4649      	mov	r1, r9
10001e86:	f8dd a090 	ldr.w	sl, [sp, #144]	@ 0x90
10001e8a:	f7ff fba7 	bl	100015dc <__wrap___aeabi_dcmpun>
10001e8e:	2800      	cmp	r0, #0
10001e90:	f040 81c6 	bne.w	10002220 <_ftoa+0x3b8>
10001e94:	4640      	mov	r0, r8
10001e96:	4649      	mov	r1, r9
10001e98:	f04f 32ff 	mov.w	r2, #4294967295	@ 0xffffffff
10001e9c:	f46f 1380 	mvn.w	r3, #1048576	@ 0x100000
10001ea0:	f7ff fbae 	bl	10001600 <__wrap___aeabi_dcmplt>
10001ea4:	2800      	cmp	r0, #0
10001ea6:	f040 811d 	bne.w	100020e4 <_ftoa+0x27c>
10001eaa:	4640      	mov	r0, r8
10001eac:	4649      	mov	r1, r9
10001eae:	f04f 32ff 	mov.w	r2, #4294967295	@ 0xffffffff
10001eb2:	4bc1      	ldr	r3, [pc, #772]	@ (100021b8 <_ftoa+0x350>)
10001eb4:	f7ff fbcc 	bl	10001650 <__wrap___aeabi_dcmpgt>
10001eb8:	2800      	cmp	r0, #0
10001eba:	f040 80e3 	bne.w	10002084 <_ftoa+0x21c>
10001ebe:	a3b8      	add	r3, pc, #736	@ (adr r3, 100021a0 <_ftoa+0x338>)
10001ec0:	e9d3 2300 	ldrd	r2, r3, [r3]
10001ec4:	4640      	mov	r0, r8
10001ec6:	4649      	mov	r1, r9
10001ec8:	f7ff fbc2 	bl	10001650 <__wrap___aeabi_dcmpgt>
10001ecc:	2800      	cmp	r0, #0
10001ece:	f040 80cb 	bne.w	10002068 <_ftoa+0x200>
10001ed2:	a3b5      	add	r3, pc, #724	@ (adr r3, 100021a8 <_ftoa+0x340>)
10001ed4:	e9d3 2300 	ldrd	r2, r3, [r3]
10001ed8:	4640      	mov	r0, r8
10001eda:	4649      	mov	r1, r9
10001edc:	f7ff fb90 	bl	10001600 <__wrap___aeabi_dcmplt>
10001ee0:	2800      	cmp	r0, #0
10001ee2:	f040 80c1 	bne.w	10002068 <_ftoa+0x200>
10001ee6:	4640      	mov	r0, r8
10001ee8:	4649      	mov	r1, r9
10001eea:	2200      	movs	r2, #0
10001eec:	2300      	movs	r3, #0
10001eee:	f7ff fb87 	bl	10001600 <__wrap___aeabi_dcmplt>
10001ef2:	2800      	cmp	r0, #0
10001ef4:	f040 80e0 	bne.w	100020b8 <_ftoa+0x250>
10001ef8:	f41a 6580 	ands.w	r5, sl, #1024	@ 0x400
10001efc:	900d      	str	r0, [sp, #52]	@ 0x34
10001efe:	f000 80e9 	beq.w	100020d4 <_ftoa+0x26c>
10001f02:	2c09      	cmp	r4, #9
10001f04:	f240 8197 	bls.w	10002236 <_ftoa+0x3ce>
10001f08:	ab0e      	add	r3, sp, #56	@ 0x38
10001f0a:	461a      	mov	r2, r3
10001f0c:	930c      	str	r3, [sp, #48]	@ 0x30
10001f0e:	2130      	movs	r1, #48	@ 0x30
10001f10:	2300      	movs	r3, #0
10001f12:	f1a4 0509 	sub.w	r5, r4, #9
10001f16:	3301      	adds	r3, #1
10001f18:	2b20      	cmp	r3, #32
10001f1a:	f802 1b01 	strb.w	r1, [r2], #1
10001f1e:	eba4 0603 	sub.w	r6, r4, r3
10001f22:	f000 813a 	beq.w	1000219a <_ftoa+0x332>
10001f26:	42ab      	cmp	r3, r5
10001f28:	d1f5      	bne.n	10001f16 <_ftoa+0xae>
10001f2a:	ed9f 7b9d 	vldr	d7, [pc, #628]	@ 100021a0 <_ftoa+0x338>
10001f2e:	ed8d 7b08 	vstr	d7, [sp, #32]
10001f32:	4649      	mov	r1, r9
10001f34:	4640      	mov	r0, r8
10001f36:	f7ff fb2d 	bl	10001594 <__wrap___aeabi_d2iz>
10001f3a:	4604      	mov	r4, r0
10001f3c:	f7ff fb06 	bl	1000154c <__wrap___aeabi_i2d>
10001f40:	4602      	mov	r2, r0
10001f42:	460b      	mov	r3, r1
10001f44:	4640      	mov	r0, r8
10001f46:	4649      	mov	r1, r9
10001f48:	f7ff fa78 	bl	1000143c <__wrap___aeabi_dsub>
10001f4c:	e9dd 2308 	ldrd	r2, r3, [sp, #32]
10001f50:	f7ff fa88 	bl	10001464 <__wrap___aeabi_dmul>
10001f54:	4602      	mov	r2, r0
10001f56:	460b      	mov	r3, r1
10001f58:	e9cd 230a 	strd	r2, r3, [sp, #40]	@ 0x28
10001f5c:	f7ff fb2c 	bl	100015b8 <__wrap___aeabi_d2uiz>
10001f60:	4607      	mov	r7, r0
10001f62:	f7ff fb05 	bl	10001570 <__wrap___aeabi_ui2d>
10001f66:	4602      	mov	r2, r0
10001f68:	460b      	mov	r3, r1
10001f6a:	e9dd 010a 	ldrd	r0, r1, [sp, #40]	@ 0x28
10001f6e:	f7ff fa65 	bl	1000143c <__wrap___aeabi_dsub>
10001f72:	4602      	mov	r2, r0
10001f74:	460b      	mov	r3, r1
10001f76:	e9cd 230a 	strd	r2, r3, [sp, #40]	@ 0x28
10001f7a:	2200      	movs	r2, #0
10001f7c:	4b8f      	ldr	r3, [pc, #572]	@ (100021bc <_ftoa+0x354>)
10001f7e:	f7ff fb67 	bl	10001650 <__wrap___aeabi_dcmpgt>
10001f82:	2800      	cmp	r0, #0
10001f84:	f000 80db 	beq.w	1000213e <_ftoa+0x2d6>
10001f88:	3701      	adds	r7, #1
10001f8a:	4638      	mov	r0, r7
10001f8c:	f7ff faf0 	bl	10001570 <__wrap___aeabi_ui2d>
10001f90:	e9dd 2308 	ldrd	r2, r3, [sp, #32]
10001f94:	f7ff fb48 	bl	10001628 <__wrap___aeabi_dcmpge>
10001f98:	b108      	cbz	r0, 10001f9e <_ftoa+0x136>
10001f9a:	2700      	movs	r7, #0
10001f9c:	3401      	adds	r4, #1
10001f9e:	2e00      	cmp	r6, #0
10001fa0:	f040 80b1 	bne.w	10002106 <_ftoa+0x29e>
10001fa4:	4620      	mov	r0, r4
10001fa6:	f7ff fad1 	bl	1000154c <__wrap___aeabi_i2d>
10001faa:	4602      	mov	r2, r0
10001fac:	460b      	mov	r3, r1
10001fae:	4640      	mov	r0, r8
10001fb0:	4649      	mov	r1, r9
10001fb2:	f7ff fa43 	bl	1000143c <__wrap___aeabi_dsub>
10001fb6:	2200      	movs	r2, #0
10001fb8:	4b80      	ldr	r3, [pc, #512]	@ (100021bc <_ftoa+0x354>)
10001fba:	4606      	mov	r6, r0
10001fbc:	460f      	mov	r7, r1
10001fbe:	f7ff fb1f 	bl	10001600 <__wrap___aeabi_dcmplt>
10001fc2:	b940      	cbnz	r0, 10001fd6 <_ftoa+0x16e>
10001fc4:	4630      	mov	r0, r6
10001fc6:	4639      	mov	r1, r7
10001fc8:	2200      	movs	r2, #0
10001fca:	4b7c      	ldr	r3, [pc, #496]	@ (100021bc <_ftoa+0x354>)
10001fcc:	f7ff fb40 	bl	10001650 <__wrap___aeabi_dcmpgt>
10001fd0:	2800      	cmp	r0, #0
10001fd2:	f000 8116 	beq.w	10002202 <_ftoa+0x39a>
10001fd6:	9b0c      	ldr	r3, [sp, #48]	@ 0x30
10001fd8:	1e69      	subs	r1, r5, #1
10001fda:	4879      	ldr	r0, [pc, #484]	@ (100021c0 <_ftoa+0x358>)
10001fdc:	4419      	add	r1, r3
10001fde:	e010      	b.n	10002002 <_ftoa+0x19a>
10001fe0:	fb80 6204 	smull	r6, r2, r0, r4
10001fe4:	ebc3 03a2 	rsb	r3, r3, r2, asr #2
10001fe8:	eb03 0283 	add.w	r2, r3, r3, lsl #2
10001fec:	eba4 0442 	sub.w	r4, r4, r2, lsl #1
10001ff0:	f104 0230 	add.w	r2, r4, #48	@ 0x30
10001ff4:	3501      	adds	r5, #1
10001ff6:	461c      	mov	r4, r3
10001ff8:	f801 2f01 	strb.w	r2, [r1, #1]!
10001ffc:	2b00      	cmp	r3, #0
10001ffe:	f000 80ab 	beq.w	10002158 <_ftoa+0x2f0>
10002002:	2d20      	cmp	r5, #32
10002004:	ea4f 73e4 	mov.w	r3, r4, asr #31
10002008:	d1ea      	bne.n	10001fe0 <_ftoa+0x178>
1000200a:	f00a 0303 	and.w	r3, sl, #3
1000200e:	2b01      	cmp	r3, #1
10002010:	d11c      	bne.n	1000204c <_ftoa+0x1e4>
10002012:	f1bb 0f00 	cmp.w	fp, #0
10002016:	d019      	beq.n	1000204c <_ftoa+0x1e4>
10002018:	9b0d      	ldr	r3, [sp, #52]	@ 0x34
1000201a:	2b00      	cmp	r3, #0
1000201c:	f040 80fa 	bne.w	10002214 <_ftoa+0x3ac>
10002020:	f01a 0f0c 	tst.w	sl, #12
10002024:	f040 80f6 	bne.w	10002214 <_ftoa+0x3ac>
10002028:	45ab      	cmp	fp, r5
1000202a:	f240 80d3 	bls.w	100021d4 <_ftoa+0x36c>
1000202e:	2d20      	cmp	r5, #32
10002030:	d00b      	beq.n	1000204a <_ftoa+0x1e2>
10002032:	2230      	movs	r2, #48	@ 0x30
10002034:	990c      	ldr	r1, [sp, #48]	@ 0x30
10002036:	1e6b      	subs	r3, r5, #1
10002038:	440b      	add	r3, r1
1000203a:	3501      	adds	r5, #1
1000203c:	455d      	cmp	r5, fp
1000203e:	f803 2f01 	strb.w	r2, [r3, #1]!
10002042:	f000 808d 	beq.w	10002160 <_ftoa+0x2f8>
10002046:	2d20      	cmp	r5, #32
10002048:	d1f7      	bne.n	1000203a <_ftoa+0x1d2>
1000204a:	2520      	movs	r5, #32
1000204c:	e9dd 2306 	ldrd	r2, r3, [sp, #24]
10002050:	e9dd 0104 	ldrd	r0, r1, [sp, #16]
10002054:	9c0c      	ldr	r4, [sp, #48]	@ 0x30
10002056:	e9cd ba02 	strd	fp, sl, [sp, #8]
1000205a:	9501      	str	r5, [sp, #4]
1000205c:	9400      	str	r4, [sp, #0]
1000205e:	f7ff fb35 	bl	100016cc <_out_rev>
10002062:	b017      	add	sp, #92	@ 0x5c
10002064:	e8bd 8ff0 	ldmia.w	sp!, {r4, r5, r6, r7, r8, r9, sl, fp, pc}
10002068:	e9cd 8920 	strd	r8, r9, [sp, #128]	@ 0x80
1000206c:	e9dd 2306 	ldrd	r2, r3, [sp, #24]
10002070:	e9dd 0104 	ldrd	r0, r1, [sp, #16]
10002074:	e9cd ba23 	strd	fp, sl, [sp, #140]	@ 0x8c
10002078:	9422      	str	r4, [sp, #136]	@ 0x88
1000207a:	b017      	add	sp, #92	@ 0x5c
1000207c:	e8bd 4ff0 	ldmia.w	sp!, {r4, r5, r6, r7, r8, r9, sl, fp, lr}
10002080:	f7ff bcc6 	b.w	10001a10 <_etoa>
10002084:	4d4f      	ldr	r5, [pc, #316]	@ (100021c4 <_ftoa+0x35c>)
10002086:	f8cd a08c 	str.w	sl, [sp, #140]	@ 0x8c
1000208a:	f00a 0a04 	and.w	sl, sl, #4
1000208e:	f1ba 0f00 	cmp.w	sl, #0
10002092:	4c4d      	ldr	r4, [pc, #308]	@ (100021c8 <_ftoa+0x360>)
10002094:	bf18      	it	ne
10002096:	462c      	movne	r4, r5
10002098:	e9dd 2306 	ldrd	r2, r3, [sp, #24]
1000209c:	e9dd 0104 	ldrd	r0, r1, [sp, #16]
100020a0:	9420      	str	r4, [sp, #128]	@ 0x80
100020a2:	bf0c      	ite	eq
100020a4:	2403      	moveq	r4, #3
100020a6:	2404      	movne	r4, #4
100020a8:	f8cd b088 	str.w	fp, [sp, #136]	@ 0x88
100020ac:	9421      	str	r4, [sp, #132]	@ 0x84
100020ae:	b017      	add	sp, #92	@ 0x5c
100020b0:	e8bd 4ff0 	ldmia.w	sp!, {r4, r5, r6, r7, r8, r9, sl, fp, lr}
100020b4:	f7ff bb0a 	b.w	100016cc <_out_rev>
100020b8:	2101      	movs	r1, #1
100020ba:	4642      	mov	r2, r8
100020bc:	464b      	mov	r3, r9
100020be:	910d      	str	r1, [sp, #52]	@ 0x34
100020c0:	2000      	movs	r0, #0
100020c2:	2100      	movs	r1, #0
100020c4:	f7ff f9ba 	bl	1000143c <__wrap___aeabi_dsub>
100020c8:	f41a 6580 	ands.w	r5, sl, #1024	@ 0x400
100020cc:	4680      	mov	r8, r0
100020ce:	4689      	mov	r9, r1
100020d0:	f47f af17 	bne.w	10001f02 <_ftoa+0x9a>
100020d4:	ed9f 7b36 	vldr	d7, [pc, #216]	@ 100021b0 <_ftoa+0x348>
100020d8:	ab0e      	add	r3, sp, #56	@ 0x38
100020da:	2606      	movs	r6, #6
100020dc:	ed8d 7b08 	vstr	d7, [sp, #32]
100020e0:	930c      	str	r3, [sp, #48]	@ 0x30
100020e2:	e726      	b.n	10001f32 <_ftoa+0xca>
100020e4:	2404      	movs	r4, #4
100020e6:	e9dd 2306 	ldrd	r2, r3, [sp, #24]
100020ea:	e9dd 0104 	ldrd	r0, r1, [sp, #16]
100020ee:	4d37      	ldr	r5, [pc, #220]	@ (100021cc <_ftoa+0x364>)
100020f0:	f8cd a08c 	str.w	sl, [sp, #140]	@ 0x8c
100020f4:	f8cd b088 	str.w	fp, [sp, #136]	@ 0x88
100020f8:	9520      	str	r5, [sp, #128]	@ 0x80
100020fa:	9421      	str	r4, [sp, #132]	@ 0x84
100020fc:	b017      	add	sp, #92	@ 0x5c
100020fe:	e8bd 4ff0 	ldmia.w	sp!, {r4, r5, r6, r7, r8, r9, sl, fp, lr}
10002102:	f7ff bae3 	b.w	100016cc <_out_rev>
10002106:	9b0c      	ldr	r3, [sp, #48]	@ 0x30
10002108:	1e68      	subs	r0, r5, #1
1000210a:	f8df c0c4 	ldr.w	ip, [pc, #196]	@ 100021d0 <_ftoa+0x368>
1000210e:	4418      	add	r0, r3
10002110:	e00d      	b.n	1000212e <_ftoa+0x2c6>
10002112:	fbac 3207 	umull	r3, r2, ip, r7
10002116:	08d2      	lsrs	r2, r2, #3
10002118:	eb02 0382 	add.w	r3, r2, r2, lsl #2
1000211c:	eba7 0343 	sub.w	r3, r7, r3, lsl #1
10002120:	3330      	adds	r3, #48	@ 0x30
10002122:	2f09      	cmp	r7, #9
10002124:	f800 3f01 	strb.w	r3, [r0, #1]!
10002128:	d927      	bls.n	1000217a <_ftoa+0x312>
1000212a:	4617      	mov	r7, r2
1000212c:	460d      	mov	r5, r1
1000212e:	2d20      	cmp	r5, #32
10002130:	f105 0101 	add.w	r1, r5, #1
10002134:	f106 36ff 	add.w	r6, r6, #4294967295	@ 0xffffffff
10002138:	d1eb      	bne.n	10002112 <_ftoa+0x2aa>
1000213a:	2520      	movs	r5, #32
1000213c:	e74b      	b.n	10001fd6 <_ftoa+0x16e>
1000213e:	2200      	movs	r2, #0
10002140:	e9dd 010a 	ldrd	r0, r1, [sp, #40]	@ 0x28
10002144:	4b1d      	ldr	r3, [pc, #116]	@ (100021bc <_ftoa+0x354>)
10002146:	f7ff fa5b 	bl	10001600 <__wrap___aeabi_dcmplt>
1000214a:	2800      	cmp	r0, #0
1000214c:	f47f af27 	bne.w	10001f9e <_ftoa+0x136>
10002150:	2f00      	cmp	r7, #0
10002152:	d15b      	bne.n	1000220c <_ftoa+0x3a4>
10002154:	3701      	adds	r7, #1
10002156:	e722      	b.n	10001f9e <_ftoa+0x136>
10002158:	f00a 0303 	and.w	r3, sl, #3
1000215c:	2b01      	cmp	r3, #1
1000215e:	d076      	beq.n	1000224e <_ftoa+0x3e6>
10002160:	2d20      	cmp	r5, #32
10002162:	f43f af73 	beq.w	1000204c <_ftoa+0x1e4>
10002166:	9b0d      	ldr	r3, [sp, #52]	@ 0x34
10002168:	b3bb      	cbz	r3, 100021da <_ftoa+0x372>
1000216a:	222d      	movs	r2, #45	@ 0x2d
1000216c:	f105 0358 	add.w	r3, r5, #88	@ 0x58
10002170:	446b      	add	r3, sp
10002172:	f803 2c20 	strb.w	r2, [r3, #-32]
10002176:	3501      	adds	r5, #1
10002178:	e768      	b.n	1000204c <_ftoa+0x1e4>
1000217a:	2920      	cmp	r1, #32
1000217c:	d0dd      	beq.n	1000213a <_ftoa+0x2d2>
1000217e:	b3ae      	cbz	r6, 100021ec <_ftoa+0x384>
10002180:	9b0c      	ldr	r3, [sp, #48]	@ 0x30
10002182:	440e      	add	r6, r1
10002184:	441d      	add	r5, r3
10002186:	2330      	movs	r3, #48	@ 0x30
10002188:	e001      	b.n	1000218e <_ftoa+0x326>
1000218a:	42b1      	cmp	r1, r6
1000218c:	d02f      	beq.n	100021ee <_ftoa+0x386>
1000218e:	3101      	adds	r1, #1
10002190:	2920      	cmp	r1, #32
10002192:	f805 3f01 	strb.w	r3, [r5, #1]!
10002196:	d1f8      	bne.n	1000218a <_ftoa+0x322>
10002198:	e7cf      	b.n	1000213a <_ftoa+0x2d2>
1000219a:	461d      	mov	r5, r3
1000219c:	e6c5      	b.n	10001f2a <_ftoa+0xc2>
1000219e:	bf00      	nop
100021a0:	00000000 	.word	0x00000000
100021a4:	41cdcd65 	.word	0x41cdcd65
100021a8:	00000000 	.word	0x00000000
100021ac:	c1cdcd65 	.word	0xc1cdcd65
100021b0:	00000000 	.word	0x00000000
100021b4:	412e8480 	.word	0x412e8480
100021b8:	7fefffff 	.word	0x7fefffff
100021bc:	3fe00000 	.word	0x3fe00000
100021c0:	66666667 	.word	0x66666667
100021c4:	1000abf4 	.word	0x1000abf4
100021c8:	1000abfc 	.word	0x1000abfc
100021cc:	1000ac04 	.word	0x1000ac04
100021d0:	cccccccd 	.word	0xcccccccd
100021d4:	2d20      	cmp	r5, #32
100021d6:	f43f af39 	beq.w	1000204c <_ftoa+0x1e4>
100021da:	f01a 0f04 	tst.w	sl, #4
100021de:	d10e      	bne.n	100021fe <_ftoa+0x396>
100021e0:	f01a 0f08 	tst.w	sl, #8
100021e4:	f43f af32 	beq.w	1000204c <_ftoa+0x1e4>
100021e8:	2220      	movs	r2, #32
100021ea:	e7bf      	b.n	1000216c <_ftoa+0x304>
100021ec:	460e      	mov	r6, r1
100021ee:	222e      	movs	r2, #46	@ 0x2e
100021f0:	f106 0358 	add.w	r3, r6, #88	@ 0x58
100021f4:	446b      	add	r3, sp
100021f6:	f803 2c20 	strb.w	r2, [r3, #-32]
100021fa:	1c75      	adds	r5, r6, #1
100021fc:	e6eb      	b.n	10001fd6 <_ftoa+0x16e>
100021fe:	222b      	movs	r2, #43	@ 0x2b
10002200:	e7b4      	b.n	1000216c <_ftoa+0x304>
10002202:	07e3      	lsls	r3, r4, #31
10002204:	f57f aee7 	bpl.w	10001fd6 <_ftoa+0x16e>
10002208:	3401      	adds	r4, #1
1000220a:	e6e4      	b.n	10001fd6 <_ftoa+0x16e>
1000220c:	07fa      	lsls	r2, r7, #31
1000220e:	f57f aec6 	bpl.w	10001f9e <_ftoa+0x136>
10002212:	e79f      	b.n	10002154 <_ftoa+0x2ec>
10002214:	f10b 3bff 	add.w	fp, fp, #4294967295	@ 0xffffffff
10002218:	45ab      	cmp	fp, r5
1000221a:	f63f af08 	bhi.w	1000202e <_ftoa+0x1c6>
1000221e:	e79f      	b.n	10002160 <_ftoa+0x2f8>
10002220:	2403      	movs	r4, #3
10002222:	e9dd 2306 	ldrd	r2, r3, [sp, #24]
10002226:	e9dd 0104 	ldrd	r0, r1, [sp, #16]
1000222a:	4d0b      	ldr	r5, [pc, #44]	@ (10002258 <_ftoa+0x3f0>)
1000222c:	f8cd a08c 	str.w	sl, [sp, #140]	@ 0x8c
10002230:	f8cd b088 	str.w	fp, [sp, #136]	@ 0x88
10002234:	e760      	b.n	100020f8 <_ftoa+0x290>
10002236:	4b09      	ldr	r3, [pc, #36]	@ (1000225c <_ftoa+0x3f4>)
10002238:	4626      	mov	r6, r4
1000223a:	eb03 03c4 	add.w	r3, r3, r4, lsl #3
1000223e:	ed93 7b00 	vldr	d7, [r3]
10002242:	ab0e      	add	r3, sp, #56	@ 0x38
10002244:	ed8d 7b08 	vstr	d7, [sp, #32]
10002248:	2500      	movs	r5, #0
1000224a:	930c      	str	r3, [sp, #48]	@ 0x30
1000224c:	e671      	b.n	10001f32 <_ftoa+0xca>
1000224e:	f1bb 0f00 	cmp.w	fp, #0
10002252:	d085      	beq.n	10002160 <_ftoa+0x2f8>
10002254:	e6e0      	b.n	10002018 <_ftoa+0x1b0>
10002256:	bf00      	nop
10002258:	1000ac00 	.word	0x1000ac00
1000225c:	1000ac10 	.word	0x1000ac10

10002260 <_vsnprintf>:
10002260:	e92d 4ff0 	stmdb	sp!, {r4, r5, r6, r7, r8, r9, sl, fp, lr}
10002264:	461c      	mov	r4, r3
10002266:	4d9b      	ldr	r5, [pc, #620]	@ (100024d4 <_vsnprintf+0x274>)
10002268:	4b9b      	ldr	r3, [pc, #620]	@ (100024d8 <_vsnprintf+0x278>)
1000226a:	f1b1 0a00 	subs.w	sl, r1, #0
1000226e:	bf18      	it	ne
10002270:	4683      	movne	fp, r0
10002272:	601d      	str	r5, [r3, #0]
10002274:	7820      	ldrb	r0, [r4, #0]
10002276:	4d99      	ldr	r5, [pc, #612]	@ (100024dc <_vsnprintf+0x27c>)
10002278:	b09b      	sub	sp, #108	@ 0x6c
1000227a:	bf08      	it	eq
1000227c:	46ab      	moveq	fp, r5
1000227e:	4691      	mov	r9, r2
10002280:	9e24      	ldr	r6, [sp, #144]	@ 0x90
10002282:	2800      	cmp	r0, #0
10002284:	f000 82e7 	beq.w	10002856 <_vsnprintf+0x5f6>
10002288:	2500      	movs	r5, #0
1000228a:	46b0      	mov	r8, r6
1000228c:	e009      	b.n	100022a2 <_vsnprintf+0x42>
1000228e:	462a      	mov	r2, r5
10002290:	464b      	mov	r3, r9
10002292:	4651      	mov	r1, sl
10002294:	47d8      	blx	fp
10002296:	3501      	adds	r5, #1
10002298:	3401      	adds	r4, #1
1000229a:	7820      	ldrb	r0, [r4, #0]
1000229c:	2800      	cmp	r0, #0
1000229e:	f000 80bd 	beq.w	1000241c <_vsnprintf+0x1bc>
100022a2:	2825      	cmp	r0, #37	@ 0x25
100022a4:	d1f3      	bne.n	1000228e <_vsnprintf+0x2e>
100022a6:	2200      	movs	r2, #0
100022a8:	1c63      	adds	r3, r4, #1
100022aa:	461c      	mov	r4, r3
100022ac:	f813 0b01 	ldrb.w	r0, [r3], #1
100022b0:	f1a0 0120 	sub.w	r1, r0, #32
100022b4:	2910      	cmp	r1, #16
100022b6:	d80a      	bhi.n	100022ce <_vsnprintf+0x6e>
100022b8:	e8df f001 	tbb	[pc, r1]
100022bc:	3a09093d 	.word	0x3a09093d
100022c0:	09090909 	.word	0x09090909
100022c4:	37090909 	.word	0x37090909
100022c8:	09093409 	.word	0x09093409
100022cc:	31          	.byte	0x31
100022cd:	00          	.byte	0x00
100022ce:	f1a0 0330 	sub.w	r3, r0, #48	@ 0x30
100022d2:	2b09      	cmp	r3, #9
100022d4:	9409      	str	r4, [sp, #36]	@ 0x24
100022d6:	f240 80b0 	bls.w	1000243a <_vsnprintf+0x1da>
100022da:	282a      	cmp	r0, #42	@ 0x2a
100022dc:	f000 80cd 	beq.w	1000247a <_vsnprintf+0x21a>
100022e0:	282e      	cmp	r0, #46	@ 0x2e
100022e2:	f04f 0600 	mov.w	r6, #0
100022e6:	f000 80b9 	beq.w	1000245c <_vsnprintf+0x1fc>
100022ea:	2700      	movs	r7, #0
100022ec:	f1a0 0368 	sub.w	r3, r0, #104	@ 0x68
100022f0:	2b12      	cmp	r3, #18
100022f2:	d829      	bhi.n	10002348 <_vsnprintf+0xe8>
100022f4:	e8df f013 	tbh	[pc, r3, lsl #1]
100022f8:	00280105 	.word	0x00280105
100022fc:	002800fe 	.word	0x002800fe
10002300:	002800f4 	.word	0x002800f4
10002304:	00280028 	.word	0x00280028
10002308:	00280028 	.word	0x00280028
1000230c:	00280028 	.word	0x00280028
10002310:	00280022 	.word	0x00280022
10002314:	00280028 	.word	0x00280028
10002318:	00280028 	.word	0x00280028
1000231c:	0022      	.short	0x0022
1000231e:	f042 0201 	orr.w	r2, r2, #1
10002322:	e7c2      	b.n	100022aa <_vsnprintf+0x4a>
10002324:	f042 0202 	orr.w	r2, r2, #2
10002328:	e7bf      	b.n	100022aa <_vsnprintf+0x4a>
1000232a:	f042 0204 	orr.w	r2, r2, #4
1000232e:	e7bc      	b.n	100022aa <_vsnprintf+0x4a>
10002330:	f042 0210 	orr.w	r2, r2, #16
10002334:	e7b9      	b.n	100022aa <_vsnprintf+0x4a>
10002336:	f042 0208 	orr.w	r2, r2, #8
1000233a:	e7b6      	b.n	100022aa <_vsnprintf+0x4a>
1000233c:	9b09      	ldr	r3, [sp, #36]	@ 0x24
1000233e:	f442 7280 	orr.w	r2, r2, #256	@ 0x100
10002342:	7858      	ldrb	r0, [r3, #1]
10002344:	3301      	adds	r3, #1
10002346:	9309      	str	r3, [sp, #36]	@ 0x24
10002348:	2867      	cmp	r0, #103	@ 0x67
1000234a:	d84a      	bhi.n	100023e2 <_vsnprintf+0x182>
1000234c:	2824      	cmp	r0, #36	@ 0x24
1000234e:	d95a      	bls.n	10002406 <_vsnprintf+0x1a6>
10002350:	f1a0 0325 	sub.w	r3, r0, #37	@ 0x25
10002354:	2b42      	cmp	r3, #66	@ 0x42
10002356:	d856      	bhi.n	10002406 <_vsnprintf+0x1a6>
10002358:	e8df f013 	tbh	[pc, r3, lsl #1]
1000235c:	005500f6 	.word	0x005500f6
10002360:	00550055 	.word	0x00550055
10002364:	00550055 	.word	0x00550055
10002368:	00550055 	.word	0x00550055
1000236c:	00550055 	.word	0x00550055
10002370:	00550055 	.word	0x00550055
10002374:	00550055 	.word	0x00550055
10002378:	00550055 	.word	0x00550055
1000237c:	00550055 	.word	0x00550055
10002380:	00550055 	.word	0x00550055
10002384:	00550055 	.word	0x00550055
10002388:	00550055 	.word	0x00550055
1000238c:	00550055 	.word	0x00550055
10002390:	00550055 	.word	0x00550055
10002394:	00550055 	.word	0x00550055
10002398:	00550055 	.word	0x00550055
1000239c:	00dd009e 	.word	0x00dd009e
100023a0:	0055009e 	.word	0x0055009e
100023a4:	00550055 	.word	0x00550055
100023a8:	00550055 	.word	0x00550055
100023ac:	00550055 	.word	0x00550055
100023b0:	00550055 	.word	0x00550055
100023b4:	00550055 	.word	0x00550055
100023b8:	00550055 	.word	0x00550055
100023bc:	00550055 	.word	0x00550055
100023c0:	01960055 	.word	0x01960055
100023c4:	00550055 	.word	0x00550055
100023c8:	00550055 	.word	0x00550055
100023cc:	00550055 	.word	0x00550055
100023d0:	00550055 	.word	0x00550055
100023d4:	01960055 	.word	0x01960055
100023d8:	019600ff 	.word	0x019600ff
100023dc:	00dd009e 	.word	0x00dd009e
100023e0:	009e      	.short	0x009e
100023e2:	f1a0 0169 	sub.w	r1, r0, #105	@ 0x69
100023e6:	b2c9      	uxtb	r1, r1
100023e8:	290f      	cmp	r1, #15
100023ea:	d80c      	bhi.n	10002406 <_vsnprintf+0x1a6>
100023ec:	2301      	movs	r3, #1
100023ee:	f249 0441 	movw	r4, #36929	@ 0x9041
100023f2:	408b      	lsls	r3, r1
100023f4:	4023      	ands	r3, r4
100023f6:	f040 81dc 	bne.w	100027b2 <_vsnprintf+0x552>
100023fa:	290a      	cmp	r1, #10
100023fc:	f000 80e8 	beq.w	100025d0 <_vsnprintf+0x370>
10002400:	2907      	cmp	r1, #7
10002402:	f000 80c5 	beq.w	10002590 <_vsnprintf+0x330>
10002406:	9c09      	ldr	r4, [sp, #36]	@ 0x24
10002408:	462a      	mov	r2, r5
1000240a:	464b      	mov	r3, r9
1000240c:	4651      	mov	r1, sl
1000240e:	3401      	adds	r4, #1
10002410:	47d8      	blx	fp
10002412:	7820      	ldrb	r0, [r4, #0]
10002414:	3501      	adds	r5, #1
10002416:	2800      	cmp	r0, #0
10002418:	f47f af43 	bne.w	100022a2 <_vsnprintf+0x42>
1000241c:	462c      	mov	r4, r5
1000241e:	462a      	mov	r2, r5
10002420:	4591      	cmp	r9, r2
10002422:	d802      	bhi.n	1000242a <_vsnprintf+0x1ca>
10002424:	f109 33ff 	add.w	r3, r9, #4294967295	@ 0xffffffff
10002428:	461a      	mov	r2, r3
1000242a:	464b      	mov	r3, r9
1000242c:	4651      	mov	r1, sl
1000242e:	2000      	movs	r0, #0
10002430:	47d8      	blx	fp
10002432:	4620      	mov	r0, r4
10002434:	b01b      	add	sp, #108	@ 0x6c
10002436:	e8bd 8ff0 	ldmia.w	sp!, {r4, r5, r6, r7, r8, r9, sl, fp, pc}
1000243a:	4623      	mov	r3, r4
1000243c:	2600      	movs	r6, #0
1000243e:	eb06 0686 	add.w	r6, r6, r6, lsl #2
10002442:	eb00 0646 	add.w	r6, r0, r6, lsl #1
10002446:	f813 0f01 	ldrb.w	r0, [r3, #1]!
1000244a:	3e30      	subs	r6, #48	@ 0x30
1000244c:	f1a0 0130 	sub.w	r1, r0, #48	@ 0x30
10002450:	2909      	cmp	r1, #9
10002452:	d9f4      	bls.n	1000243e <_vsnprintf+0x1de>
10002454:	9309      	str	r3, [sp, #36]	@ 0x24
10002456:	282e      	cmp	r0, #46	@ 0x2e
10002458:	f47f af47 	bne.w	100022ea <_vsnprintf+0x8a>
1000245c:	9b09      	ldr	r3, [sp, #36]	@ 0x24
1000245e:	f442 6280 	orr.w	r2, r2, #1024	@ 0x400
10002462:	7858      	ldrb	r0, [r3, #1]
10002464:	1c59      	adds	r1, r3, #1
10002466:	f1a0 0330 	sub.w	r3, r0, #48	@ 0x30
1000246a:	2b09      	cmp	r3, #9
1000246c:	f240 80f2 	bls.w	10002654 <_vsnprintf+0x3f4>
10002470:	282a      	cmp	r0, #42	@ 0x2a
10002472:	f000 80fe 	beq.w	10002672 <_vsnprintf+0x412>
10002476:	9109      	str	r1, [sp, #36]	@ 0x24
10002478:	e737      	b.n	100022ea <_vsnprintf+0x8a>
1000247a:	4643      	mov	r3, r8
1000247c:	f853 6b04 	ldr.w	r6, [r3], #4
10002480:	4698      	mov	r8, r3
10002482:	9b09      	ldr	r3, [sp, #36]	@ 0x24
10002484:	2e00      	cmp	r6, #0
10002486:	7858      	ldrb	r0, [r3, #1]
10002488:	f103 0301 	add.w	r3, r3, #1
1000248c:	bfbc      	itt	lt
1000248e:	f042 0202 	orrlt.w	r2, r2, #2
10002492:	4276      	neglt	r6, r6
10002494:	9309      	str	r3, [sp, #36]	@ 0x24
10002496:	e7de      	b.n	10002456 <_vsnprintf+0x1f6>
10002498:	2867      	cmp	r0, #103	@ 0x67
1000249a:	f000 8175 	beq.w	10002788 <_vsnprintf+0x528>
1000249e:	2847      	cmp	r0, #71	@ 0x47
100024a0:	f000 81ba 	beq.w	10002818 <_vsnprintf+0x5b8>
100024a4:	2845      	cmp	r0, #69	@ 0x45
100024a6:	f000 81b9 	beq.w	1000281c <_vsnprintf+0x5bc>
100024aa:	e9cd 6203 	strd	r6, r2, [sp, #12]
100024ae:	f108 0307 	add.w	r3, r8, #7
100024b2:	9702      	str	r7, [sp, #8]
100024b4:	f023 0807 	bic.w	r8, r3, #7
100024b8:	462a      	mov	r2, r5
100024ba:	e8f8 6702 	ldrd	r6, r7, [r8], #8
100024be:	464b      	mov	r3, r9
100024c0:	4651      	mov	r1, sl
100024c2:	4658      	mov	r0, fp
100024c4:	e9cd 6700 	strd	r6, r7, [sp]
100024c8:	9c09      	ldr	r4, [sp, #36]	@ 0x24
100024ca:	f7ff faa1 	bl	10001a10 <_etoa>
100024ce:	3401      	adds	r4, #1
100024d0:	4605      	mov	r5, r0
100024d2:	e6e2      	b.n	1000229a <_vsnprintf+0x3a>
100024d4:	10002261 	.word	0x10002261
100024d8:	200014fc 	.word	0x200014fc
100024dc:	100016c9 	.word	0x100016c9
100024e0:	9b09      	ldr	r3, [sp, #36]	@ 0x24
100024e2:	7858      	ldrb	r0, [r3, #1]
100024e4:	286c      	cmp	r0, #108	@ 0x6c
100024e6:	f000 81b0 	beq.w	1000284a <_vsnprintf+0x5ea>
100024ea:	3301      	adds	r3, #1
100024ec:	f442 7280 	orr.w	r2, r2, #256	@ 0x100
100024f0:	9309      	str	r3, [sp, #36]	@ 0x24
100024f2:	e729      	b.n	10002348 <_vsnprintf+0xe8>
100024f4:	9b09      	ldr	r3, [sp, #36]	@ 0x24
100024f6:	f442 7200 	orr.w	r2, r2, #512	@ 0x200
100024fa:	7858      	ldrb	r0, [r3, #1]
100024fc:	3301      	adds	r3, #1
100024fe:	9309      	str	r3, [sp, #36]	@ 0x24
10002500:	e722      	b.n	10002348 <_vsnprintf+0xe8>
10002502:	9b09      	ldr	r3, [sp, #36]	@ 0x24
10002504:	7858      	ldrb	r0, [r3, #1]
10002506:	2868      	cmp	r0, #104	@ 0x68
10002508:	f000 8199 	beq.w	1000283e <_vsnprintf+0x5de>
1000250c:	3301      	adds	r3, #1
1000250e:	f042 0280 	orr.w	r2, r2, #128	@ 0x80
10002512:	9309      	str	r3, [sp, #36]	@ 0x24
10002514:	e718      	b.n	10002348 <_vsnprintf+0xe8>
10002516:	2846      	cmp	r0, #70	@ 0x46
10002518:	bf08      	it	eq
1000251a:	f042 0220 	orreq.w	r2, r2, #32
1000251e:	e9cd 6203 	strd	r6, r2, [sp, #12]
10002522:	f108 0307 	add.w	r3, r8, #7
10002526:	9702      	str	r7, [sp, #8]
10002528:	f023 0807 	bic.w	r8, r3, #7
1000252c:	462a      	mov	r2, r5
1000252e:	e8f8 6702 	ldrd	r6, r7, [r8], #8
10002532:	464b      	mov	r3, r9
10002534:	4651      	mov	r1, sl
10002536:	4658      	mov	r0, fp
10002538:	e9cd 6700 	strd	r6, r7, [sp]
1000253c:	9c09      	ldr	r4, [sp, #36]	@ 0x24
1000253e:	f7ff fc93 	bl	10001e68 <_ftoa>
10002542:	3401      	adds	r4, #1
10002544:	4605      	mov	r5, r0
10002546:	e6a8      	b.n	1000229a <_vsnprintf+0x3a>
10002548:	9c09      	ldr	r4, [sp, #36]	@ 0x24
1000254a:	462a      	mov	r2, r5
1000254c:	464b      	mov	r3, r9
1000254e:	4651      	mov	r1, sl
10002550:	2025      	movs	r0, #37	@ 0x25
10002552:	3401      	adds	r4, #1
10002554:	3501      	adds	r5, #1
10002556:	47d8      	blx	fp
10002558:	e69f      	b.n	1000229a <_vsnprintf+0x3a>
1000255a:	0794      	lsls	r4, r2, #30
1000255c:	f140 817e 	bpl.w	1000285c <_vsnprintf+0x5fc>
10002560:	f858 0b04 	ldr.w	r0, [r8], #4
10002564:	462a      	mov	r2, r5
10002566:	464b      	mov	r3, r9
10002568:	4651      	mov	r1, sl
1000256a:	b2c0      	uxtb	r0, r0
1000256c:	47d8      	blx	fp
1000256e:	1c6f      	adds	r7, r5, #1
10002570:	2e01      	cmp	r6, #1
10002572:	bf98      	it	ls
10002574:	463d      	movls	r5, r7
10002576:	d908      	bls.n	1000258a <_vsnprintf+0x32a>
10002578:	4435      	add	r5, r6
1000257a:	463a      	mov	r2, r7
1000257c:	464b      	mov	r3, r9
1000257e:	4651      	mov	r1, sl
10002580:	2020      	movs	r0, #32
10002582:	3701      	adds	r7, #1
10002584:	47d8      	blx	fp
10002586:	42af      	cmp	r7, r5
10002588:	d1f7      	bne.n	1000257a <_vsnprintf+0x31a>
1000258a:	9c09      	ldr	r4, [sp, #36]	@ 0x24
1000258c:	3401      	adds	r4, #1
1000258e:	e684      	b.n	1000229a <_vsnprintf+0x3a>
10002590:	4640      	mov	r0, r8
10002592:	f850 1b04 	ldr.w	r1, [r0], #4
10002596:	2900      	cmp	r1, #0
10002598:	f000 80d6 	beq.w	10002748 <_vsnprintf+0x4e8>
1000259c:	f042 0621 	orr.w	r6, r2, #33	@ 0x21
100025a0:	aa12      	add	r2, sp, #72	@ 0x48
100025a2:	4694      	mov	ip, r2
100025a4:	920a      	str	r2, [sp, #40]	@ 0x28
100025a6:	e003      	b.n	100025b0 <_vsnprintf+0x350>
100025a8:	2b20      	cmp	r3, #32
100025aa:	f000 80d7 	beq.w	1000275c <_vsnprintf+0x4fc>
100025ae:	4611      	mov	r1, r2
100025b0:	f001 040f 	and.w	r4, r1, #15
100025b4:	4622      	mov	r2, r4
100025b6:	2c09      	cmp	r4, #9
100025b8:	bf94      	ite	ls
100025ba:	3230      	addls	r2, #48	@ 0x30
100025bc:	3237      	addhi	r2, #55	@ 0x37
100025be:	290f      	cmp	r1, #15
100025c0:	f80c 2b01 	strb.w	r2, [ip], #1
100025c4:	f103 0301 	add.w	r3, r3, #1
100025c8:	ea4f 1211 	mov.w	r2, r1, lsr #4
100025cc:	d8ec      	bhi.n	100025a8 <_vsnprintf+0x348>
100025ce:	e0c5      	b.n	1000275c <_vsnprintf+0x4fc>
100025d0:	46c4      	mov	ip, r8
100025d2:	f85c 1b04 	ldr.w	r1, [ip], #4
100025d6:	7808      	ldrb	r0, [r1, #0]
100025d8:	2f00      	cmp	r7, #0
100025da:	f040 80af 	bne.w	1000273c <_vsnprintf+0x4dc>
100025de:	f06f 0801 	mvn.w	r8, #1
100025e2:	b158      	cbz	r0, 100025fc <_vsnprintf+0x39c>
100025e4:	f108 0801 	add.w	r8, r8, #1
100025e8:	460b      	mov	r3, r1
100025ea:	4488      	add	r8, r1
100025ec:	e001      	b.n	100025f2 <_vsnprintf+0x392>
100025ee:	4543      	cmp	r3, r8
100025f0:	d003      	beq.n	100025fa <_vsnprintf+0x39a>
100025f2:	f813 4f01 	ldrb.w	r4, [r3, #1]!
100025f6:	2c00      	cmp	r4, #0
100025f8:	d1f9      	bne.n	100025ee <_vsnprintf+0x38e>
100025fa:	1a5b      	subs	r3, r3, r1
100025fc:	f412 6e80 	ands.w	lr, r2, #1024	@ 0x400
10002600:	d002      	beq.n	10002608 <_vsnprintf+0x3a8>
10002602:	42bb      	cmp	r3, r7
10002604:	bf28      	it	cs
10002606:	463b      	movcs	r3, r7
10002608:	f012 0202 	ands.w	r2, r2, #2
1000260c:	920a      	str	r2, [sp, #40]	@ 0x28
1000260e:	f000 813e 	beq.w	1000288e <_vsnprintf+0x62e>
10002612:	2800      	cmp	r0, #0
10002614:	f000 80bb 	beq.w	1000278e <_vsnprintf+0x52e>
10002618:	4688      	mov	r8, r1
1000261a:	f1be 0f00 	cmp.w	lr, #0
1000261e:	f000 8100 	beq.w	10002822 <_vsnprintf+0x5c2>
10002622:	462a      	mov	r2, r5
10002624:	4664      	mov	r4, ip
10002626:	442f      	add	r7, r5
10002628:	930b      	str	r3, [sp, #44]	@ 0x2c
1000262a:	e007      	b.n	1000263c <_vsnprintf+0x3dc>
1000262c:	464b      	mov	r3, r9
1000262e:	4651      	mov	r1, sl
10002630:	47d8      	blx	fp
10002632:	f818 0f01 	ldrb.w	r0, [r8, #1]!
10002636:	3501      	adds	r5, #1
10002638:	b110      	cbz	r0, 10002640 <_vsnprintf+0x3e0>
1000263a:	462a      	mov	r2, r5
1000263c:	42af      	cmp	r7, r5
1000263e:	d1f5      	bne.n	1000262c <_vsnprintf+0x3cc>
10002640:	46a4      	mov	ip, r4
10002642:	9b0b      	ldr	r3, [sp, #44]	@ 0x2c
10002644:	9a0a      	ldr	r2, [sp, #40]	@ 0x28
10002646:	2a00      	cmp	r2, #0
10002648:	f040 80a1 	bne.w	1000278e <_vsnprintf+0x52e>
1000264c:	46e0      	mov	r8, ip
1000264e:	9c09      	ldr	r4, [sp, #36]	@ 0x24
10002650:	3401      	adds	r4, #1
10002652:	e622      	b.n	1000229a <_vsnprintf+0x3a>
10002654:	2700      	movs	r7, #0
10002656:	eb07 0787 	add.w	r7, r7, r7, lsl #2
1000265a:	eb00 0047 	add.w	r0, r0, r7, lsl #1
1000265e:	f1a0 0730 	sub.w	r7, r0, #48	@ 0x30
10002662:	f811 0f01 	ldrb.w	r0, [r1, #1]!
10002666:	f1a0 0330 	sub.w	r3, r0, #48	@ 0x30
1000266a:	2b09      	cmp	r3, #9
1000266c:	d9f3      	bls.n	10002656 <_vsnprintf+0x3f6>
1000266e:	9109      	str	r1, [sp, #36]	@ 0x24
10002670:	e63c      	b.n	100022ec <_vsnprintf+0x8c>
10002672:	4643      	mov	r3, r8
10002674:	9909      	ldr	r1, [sp, #36]	@ 0x24
10002676:	f853 7b04 	ldr.w	r7, [r3], #4
1000267a:	7888      	ldrb	r0, [r1, #2]
1000267c:	3102      	adds	r1, #2
1000267e:	4698      	mov	r8, r3
10002680:	9109      	str	r1, [sp, #36]	@ 0x24
10002682:	ea27 77e7 	bic.w	r7, r7, r7, asr #31
10002686:	e631      	b.n	100022ec <_vsnprintf+0x8c>
10002688:	2862      	cmp	r0, #98	@ 0x62
1000268a:	f000 8187 	beq.w	1000299c <_vsnprintf+0x73c>
1000268e:	2858      	cmp	r0, #88	@ 0x58
10002690:	f000 818d 	beq.w	100029ae <_vsnprintf+0x74e>
10002694:	f412 6380 	ands.w	r3, r2, #1024	@ 0x400
10002698:	f000 8173 	beq.w	10002982 <_vsnprintf+0x722>
1000269c:	f022 0e11 	bic.w	lr, r2, #17
100026a0:	f41e 7c00 	ands.w	ip, lr, #512	@ 0x200
100026a4:	f040 810f 	bne.w	100028c6 <_vsnprintf+0x666>
100026a8:	f41e 7080 	ands.w	r0, lr, #256	@ 0x100
100026ac:	f040 81d7 	bne.w	10002a5e <_vsnprintf+0x7fe>
100026b0:	f01e 0f40 	tst.w	lr, #64	@ 0x40
100026b4:	4642      	mov	r2, r8
100026b6:	f040 815e 	bne.w	10002976 <_vsnprintf+0x716>
100026ba:	f01e 0f80 	tst.w	lr, #128	@ 0x80
100026be:	f000 8289 	beq.w	10002bd4 <_vsnprintf+0x974>
100026c2:	f932 1b04 	ldrsh.w	r1, [r2], #4
100026c6:	4690      	mov	r8, r2
100026c8:	ea81 7ce1 	eor.w	ip, r1, r1, asr #31
100026cc:	ebac 7ce1 	sub.w	ip, ip, r1, asr #31
100026d0:	fa1f fc8c 	uxth.w	ip, ip
100026d4:	0fca      	lsrs	r2, r1, #31
100026d6:	2900      	cmp	r1, #0
100026d8:	f000 81f4 	beq.w	10002ac4 <_vsnprintf+0x864>
100026dc:	4663      	mov	r3, ip
100026de:	a912      	add	r1, sp, #72	@ 0x48
100026e0:	468c      	mov	ip, r1
100026e2:	e9cd 280b 	strd	r2, r8, [sp, #44]	@ 0x2c
100026e6:	4cb7      	ldr	r4, [pc, #732]	@ (100029c4 <_vsnprintf+0x764>)
100026e8:	910a      	str	r1, [sp, #40]	@ 0x28
100026ea:	e001      	b.n	100026f0 <_vsnprintf+0x490>
100026ec:	2820      	cmp	r0, #32
100026ee:	d010      	beq.n	10002712 <_vsnprintf+0x4b2>
100026f0:	4698      	mov	r8, r3
100026f2:	fba4 1203 	umull	r1, r2, r4, r3
100026f6:	08d2      	lsrs	r2, r2, #3
100026f8:	eb02 0182 	add.w	r1, r2, r2, lsl #2
100026fc:	eba3 0141 	sub.w	r1, r3, r1, lsl #1
10002700:	3130      	adds	r1, #48	@ 0x30
10002702:	f1b8 0f09 	cmp.w	r8, #9
10002706:	4613      	mov	r3, r2
10002708:	f100 0001 	add.w	r0, r0, #1
1000270c:	f80c 1b01 	strb.w	r1, [ip], #1
10002710:	d8ec      	bhi.n	100026ec <_vsnprintf+0x48c>
10002712:	e9dd 280b 	ldrd	r2, r8, [sp, #44]	@ 0x2c
10002716:	e9cd 6e05 	strd	r6, lr, [sp, #20]
1000271a:	e9cd 0201 	strd	r0, r2, [sp, #4]
1000271e:	9704      	str	r7, [sp, #16]
10002720:	9b0a      	ldr	r3, [sp, #40]	@ 0x28
10002722:	462a      	mov	r2, r5
10002724:	9300      	str	r3, [sp, #0]
10002726:	230a      	movs	r3, #10
10002728:	9303      	str	r3, [sp, #12]
1000272a:	464b      	mov	r3, r9
1000272c:	4651      	mov	r1, sl
1000272e:	4658      	mov	r0, fp
10002730:	f7ff f818 	bl	10001764 <_ntoa_format>
10002734:	9c09      	ldr	r4, [sp, #36]	@ 0x24
10002736:	4605      	mov	r5, r0
10002738:	3401      	adds	r4, #1
1000273a:	e5ae      	b.n	1000229a <_vsnprintf+0x3a>
1000273c:	2800      	cmp	r0, #0
1000273e:	f43f af5d 	beq.w	100025fc <_vsnprintf+0x39c>
10002742:	f107 38ff 	add.w	r8, r7, #4294967295	@ 0xffffffff
10002746:	e74d      	b.n	100025e4 <_vsnprintf+0x384>
10002748:	f022 0610 	bic.w	r6, r2, #16
1000274c:	f412 6180 	ands.w	r1, r2, #1024	@ 0x400
10002750:	f046 0621 	orr.w	r6, r6, #33	@ 0x21
10002754:	f43f af24 	beq.w	100025a0 <_vsnprintf+0x340>
10002758:	aa12      	add	r2, sp, #72	@ 0x48
1000275a:	920a      	str	r2, [sp, #40]	@ 0x28
1000275c:	9301      	str	r3, [sp, #4]
1000275e:	9b0a      	ldr	r3, [sp, #40]	@ 0x28
10002760:	4680      	mov	r8, r0
10002762:	9300      	str	r3, [sp, #0]
10002764:	2308      	movs	r3, #8
10002766:	2010      	movs	r0, #16
10002768:	9305      	str	r3, [sp, #20]
1000276a:	2300      	movs	r3, #0
1000276c:	462a      	mov	r2, r5
1000276e:	e9cd 3002 	strd	r3, r0, [sp, #8]
10002772:	4651      	mov	r1, sl
10002774:	464b      	mov	r3, r9
10002776:	4658      	mov	r0, fp
10002778:	9606      	str	r6, [sp, #24]
1000277a:	9704      	str	r7, [sp, #16]
1000277c:	9c09      	ldr	r4, [sp, #36]	@ 0x24
1000277e:	f7fe fff1 	bl	10001764 <_ntoa_format>
10002782:	3401      	adds	r4, #1
10002784:	4605      	mov	r5, r0
10002786:	e588      	b.n	1000229a <_vsnprintf+0x3a>
10002788:	f442 6200 	orr.w	r2, r2, #2048	@ 0x800
1000278c:	e68d      	b.n	100024aa <_vsnprintf+0x24a>
1000278e:	429e      	cmp	r6, r3
10002790:	462f      	mov	r7, r5
10002792:	f67f af5b 	bls.w	1000264c <_vsnprintf+0x3ec>
10002796:	4664      	mov	r4, ip
10002798:	4435      	add	r5, r6
1000279a:	1aed      	subs	r5, r5, r3
1000279c:	463a      	mov	r2, r7
1000279e:	464b      	mov	r3, r9
100027a0:	4651      	mov	r1, sl
100027a2:	2020      	movs	r0, #32
100027a4:	3701      	adds	r7, #1
100027a6:	47d8      	blx	fp
100027a8:	42af      	cmp	r7, r5
100027aa:	d1f7      	bne.n	1000279c <_vsnprintf+0x53c>
100027ac:	46a4      	mov	ip, r4
100027ae:	46e0      	mov	r8, ip
100027b0:	e74d      	b.n	1000264e <_vsnprintf+0x3ee>
100027b2:	2878      	cmp	r0, #120	@ 0x78
100027b4:	f040 8121 	bne.w	100029fa <_vsnprintf+0x79a>
100027b8:	f412 6380 	ands.w	r3, r2, #1024	@ 0x400
100027bc:	f000 8221 	beq.w	10002c02 <_vsnprintf+0x9a2>
100027c0:	f022 0c0d 	bic.w	ip, r2, #13
100027c4:	2210      	movs	r2, #16
100027c6:	920b      	str	r2, [sp, #44]	@ 0x2c
100027c8:	f41c 7000 	ands.w	r0, ip, #512	@ 0x200
100027cc:	f040 80fc 	bne.w	100029c8 <_vsnprintf+0x768>
100027d0:	f41c 7180 	ands.w	r1, ip, #256	@ 0x100
100027d4:	f040 81b9 	bne.w	10002b4a <_vsnprintf+0x8ea>
100027d8:	4640      	mov	r0, r8
100027da:	f850 2b04 	ldr.w	r2, [r0], #4
100027de:	f01c 0f40 	tst.w	ip, #64	@ 0x40
100027e2:	4680      	mov	r8, r0
100027e4:	f000 81ac 	beq.w	10002b40 <_vsnprintf+0x8e0>
100027e8:	b2d2      	uxtb	r2, r2
100027ea:	2a00      	cmp	r2, #0
100027ec:	f040 8111 	bne.w	10002a12 <_vsnprintf+0x7b2>
100027f0:	f02c 0c10 	bic.w	ip, ip, #16
100027f4:	2b00      	cmp	r3, #0
100027f6:	f000 810c 	beq.w	10002a12 <_vsnprintf+0x7b2>
100027fa:	4611      	mov	r1, r2
100027fc:	ab12      	add	r3, sp, #72	@ 0x48
100027fe:	930a      	str	r3, [sp, #40]	@ 0x28
10002800:	9b0b      	ldr	r3, [sp, #44]	@ 0x2c
10002802:	e9cd 6c05 	strd	r6, ip, [sp, #20]
10002806:	9704      	str	r7, [sp, #16]
10002808:	9303      	str	r3, [sp, #12]
1000280a:	9101      	str	r1, [sp, #4]
1000280c:	462a      	mov	r2, r5
1000280e:	9b0a      	ldr	r3, [sp, #40]	@ 0x28
10002810:	9300      	str	r3, [sp, #0]
10002812:	2300      	movs	r3, #0
10002814:	9302      	str	r3, [sp, #8]
10002816:	e788      	b.n	1000272a <_vsnprintf+0x4ca>
10002818:	f442 6200 	orr.w	r2, r2, #2048	@ 0x800
1000281c:	f042 0220 	orr.w	r2, r2, #32
10002820:	e643      	b.n	100024aa <_vsnprintf+0x24a>
10002822:	461c      	mov	r4, r3
10002824:	4667      	mov	r7, ip
10002826:	462a      	mov	r2, r5
10002828:	464b      	mov	r3, r9
1000282a:	4651      	mov	r1, sl
1000282c:	47d8      	blx	fp
1000282e:	f818 0f01 	ldrb.w	r0, [r8, #1]!
10002832:	3501      	adds	r5, #1
10002834:	2800      	cmp	r0, #0
10002836:	d1f6      	bne.n	10002826 <_vsnprintf+0x5c6>
10002838:	4623      	mov	r3, r4
1000283a:	46bc      	mov	ip, r7
1000283c:	e702      	b.n	10002644 <_vsnprintf+0x3e4>
1000283e:	7898      	ldrb	r0, [r3, #2]
10002840:	3302      	adds	r3, #2
10002842:	f042 02c0 	orr.w	r2, r2, #192	@ 0xc0
10002846:	9309      	str	r3, [sp, #36]	@ 0x24
10002848:	e57e      	b.n	10002348 <_vsnprintf+0xe8>
1000284a:	7898      	ldrb	r0, [r3, #2]
1000284c:	3302      	adds	r3, #2
1000284e:	f442 7240 	orr.w	r2, r2, #768	@ 0x300
10002852:	9309      	str	r3, [sp, #36]	@ 0x24
10002854:	e578      	b.n	10002348 <_vsnprintf+0xe8>
10002856:	4604      	mov	r4, r0
10002858:	4602      	mov	r2, r0
1000285a:	e5e1      	b.n	10002420 <_vsnprintf+0x1c0>
1000285c:	2e01      	cmp	r6, #1
1000285e:	f240 81c6 	bls.w	10002bee <_vsnprintf+0x98e>
10002862:	462f      	mov	r7, r5
10002864:	1e6b      	subs	r3, r5, #1
10002866:	199c      	adds	r4, r3, r6
10002868:	463a      	mov	r2, r7
1000286a:	464b      	mov	r3, r9
1000286c:	4651      	mov	r1, sl
1000286e:	2020      	movs	r0, #32
10002870:	3701      	adds	r7, #1
10002872:	47d8      	blx	fp
10002874:	42a7      	cmp	r7, r4
10002876:	d1f7      	bne.n	10002868 <_vsnprintf+0x608>
10002878:	463a      	mov	r2, r7
1000287a:	4435      	add	r5, r6
1000287c:	f858 0b04 	ldr.w	r0, [r8], #4
10002880:	464b      	mov	r3, r9
10002882:	4651      	mov	r1, sl
10002884:	b2c0      	uxtb	r0, r0
10002886:	47d8      	blx	fp
10002888:	9c09      	ldr	r4, [sp, #36]	@ 0x24
1000288a:	3401      	adds	r4, #1
1000288c:	e505      	b.n	1000229a <_vsnprintf+0x3a>
1000288e:	429e      	cmp	r6, r3
10002890:	f240 81b0 	bls.w	10002bf4 <_vsnprintf+0x994>
10002894:	4664      	mov	r4, ip
10002896:	e9cd e10b 	strd	lr, r1, [sp, #44]	@ 0x2c
1000289a:	eb06 0805 	add.w	r8, r6, r5
1000289e:	eba8 0803 	sub.w	r8, r8, r3
100028a2:	462a      	mov	r2, r5
100028a4:	464b      	mov	r3, r9
100028a6:	4651      	mov	r1, sl
100028a8:	2020      	movs	r0, #32
100028aa:	3501      	adds	r5, #1
100028ac:	47d8      	blx	fp
100028ae:	4545      	cmp	r5, r8
100028b0:	d1f7      	bne.n	100028a2 <_vsnprintf+0x642>
100028b2:	e9dd e10b 	ldrd	lr, r1, [sp, #44]	@ 0x2c
100028b6:	7808      	ldrb	r0, [r1, #0]
100028b8:	46a4      	mov	ip, r4
100028ba:	1c73      	adds	r3, r6, #1
100028bc:	2800      	cmp	r0, #0
100028be:	f47f aeab 	bne.w	10002618 <_vsnprintf+0x3b8>
100028c2:	46e0      	mov	r8, ip
100028c4:	e6c3      	b.n	1000264e <_vsnprintf+0x3ee>
100028c6:	f108 0207 	add.w	r2, r8, #7
100028ca:	f022 0207 	bic.w	r2, r2, #7
100028ce:	4690      	mov	r8, r2
100028d0:	6852      	ldr	r2, [r2, #4]
100028d2:	f858 1b08 	ldr.w	r1, [r8], #8
100028d6:	0fd4      	lsrs	r4, r2, #31
100028d8:	ea51 0002 	orrs.w	r0, r1, r2
100028dc:	d154      	bne.n	10002988 <_vsnprintf+0x728>
100028de:	2b00      	cmp	r3, #0
100028e0:	f040 8180 	bne.w	10002be4 <_vsnprintf+0x984>
100028e4:	4619      	mov	r1, r3
100028e6:	aa12      	add	r2, sp, #72	@ 0x48
100028e8:	950f      	str	r5, [sp, #60]	@ 0x3c
100028ea:	f04f 0c00 	mov.w	ip, #0
100028ee:	4615      	mov	r5, r2
100028f0:	e9cd 480b 	strd	r4, r8, [sp, #44]	@ 0x2c
100028f4:	e9cd 670d 	strd	r6, r7, [sp, #52]	@ 0x34
100028f8:	4832      	ldr	r0, [pc, #200]	@ (100029c4 <_vsnprintf+0x764>)
100028fa:	920a      	str	r2, [sp, #40]	@ 0x28
100028fc:	e002      	b.n	10002904 <_vsnprintf+0x6a4>
100028fe:	f1bc 0f20 	cmp.w	ip, #32
10002902:	d02d      	beq.n	10002960 <_vsnprintf+0x700>
10002904:	185a      	adds	r2, r3, r1
10002906:	f142 0200 	adc.w	r2, r2, #0
1000290a:	fba0 7802 	umull	r7, r8, r0, r2
1000290e:	f028 0703 	bic.w	r7, r8, #3
10002912:	eb07 0798 	add.w	r7, r7, r8, lsr #2
10002916:	1bd2      	subs	r2, r2, r7
10002918:	461e      	mov	r6, r3
1000291a:	1a9b      	subs	r3, r3, r2
1000291c:	f161 0700 	sbc.w	r7, r1, #0
10002920:	460c      	mov	r4, r1
10002922:	f04f 31cc 	mov.w	r1, #3435973836	@ 0xcccccccc
10002926:	fb01 f103 	mul.w	r1, r1, r3
1000292a:	fb00 1107 	mla	r1, r0, r7, r1
1000292e:	fba3 7300 	umull	r7, r3, r3, r0
10002932:	4419      	add	r1, r3
10002934:	2305      	movs	r3, #5
10002936:	f007 0801 	and.w	r8, r7, #1
1000293a:	fba8 3803 	umull	r3, r8, r8, r3
1000293e:	189b      	adds	r3, r3, r2
10002940:	2e0a      	cmp	r6, #10
10002942:	f103 0330 	add.w	r3, r3, #48	@ 0x30
10002946:	ea4f 0757 	mov.w	r7, r7, lsr #1
1000294a:	f174 0400 	sbcs.w	r4, r4, #0
1000294e:	f805 3b01 	strb.w	r3, [r5], #1
10002952:	f10c 0c01 	add.w	ip, ip, #1
10002956:	ea47 73c1 	orr.w	r3, r7, r1, lsl #31
1000295a:	ea4f 0151 	mov.w	r1, r1, lsr #1
1000295e:	d2ce      	bcs.n	100028fe <_vsnprintf+0x69e>
10002960:	9d0f      	ldr	r5, [sp, #60]	@ 0x3c
10002962:	e9dd 480b 	ldrd	r4, r8, [sp, #44]	@ 0x2c
10002966:	e9dd 670d 	ldrd	r6, r7, [sp, #52]	@ 0x34
1000296a:	e9cd 6e05 	strd	r6, lr, [sp, #20]
1000296e:	e9cd c401 	strd	ip, r4, [sp, #4]
10002972:	9704      	str	r7, [sp, #16]
10002974:	e6d4      	b.n	10002720 <_vsnprintf+0x4c0>
10002976:	f852 1b04 	ldr.w	r1, [r2], #4
1000297a:	b2c9      	uxtb	r1, r1
1000297c:	4690      	mov	r8, r2
1000297e:	468c      	mov	ip, r1
10002980:	e6a8      	b.n	100026d4 <_vsnprintf+0x474>
10002982:	f022 0e10 	bic.w	lr, r2, #16
10002986:	e68b      	b.n	100026a0 <_vsnprintf+0x440>
10002988:	2a00      	cmp	r2, #0
1000298a:	460b      	mov	r3, r1
1000298c:	db01      	blt.n	10002992 <_vsnprintf+0x732>
1000298e:	4611      	mov	r1, r2
10002990:	e7a9      	b.n	100028e6 <_vsnprintf+0x686>
10002992:	424b      	negs	r3, r1
10002994:	eb62 0242 	sbc.w	r2, r2, r2, lsl #1
10002998:	4611      	mov	r1, r2
1000299a:	e7a4      	b.n	100028e6 <_vsnprintf+0x686>
1000299c:	f412 6380 	ands.w	r3, r2, #1024	@ 0x400
100029a0:	f000 80e7 	beq.w	10002b72 <_vsnprintf+0x912>
100029a4:	f022 0c0d 	bic.w	ip, r2, #13
100029a8:	2202      	movs	r2, #2
100029aa:	920b      	str	r2, [sp, #44]	@ 0x2c
100029ac:	e70c      	b.n	100027c8 <_vsnprintf+0x568>
100029ae:	f412 6380 	ands.w	r3, r2, #1024	@ 0x400
100029b2:	f000 8124 	beq.w	10002bfe <_vsnprintf+0x99e>
100029b6:	f022 020d 	bic.w	r2, r2, #13
100029ba:	f042 0c20 	orr.w	ip, r2, #32
100029be:	2210      	movs	r2, #16
100029c0:	920b      	str	r2, [sp, #44]	@ 0x2c
100029c2:	e701      	b.n	100027c8 <_vsnprintf+0x568>
100029c4:	cccccccd 	.word	0xcccccccd
100029c8:	f108 0207 	add.w	r2, r8, #7
100029cc:	f022 0207 	bic.w	r2, r2, #7
100029d0:	4690      	mov	r8, r2
100029d2:	6852      	ldr	r2, [r2, #4]
100029d4:	f858 1b08 	ldr.w	r1, [r8], #8
100029d8:	4610      	mov	r0, r2
100029da:	430a      	orrs	r2, r1
100029dc:	d178      	bne.n	10002ad0 <_vsnprintf+0x870>
100029de:	f02c 0c10 	bic.w	ip, ip, #16
100029e2:	2b00      	cmp	r3, #0
100029e4:	d074      	beq.n	10002ad0 <_vsnprintf+0x870>
100029e6:	2400      	movs	r4, #0
100029e8:	ab12      	add	r3, sp, #72	@ 0x48
100029ea:	930a      	str	r3, [sp, #40]	@ 0x28
100029ec:	9b0b      	ldr	r3, [sp, #44]	@ 0x2c
100029ee:	e9cd 6c05 	strd	r6, ip, [sp, #20]
100029f2:	9704      	str	r7, [sp, #16]
100029f4:	9303      	str	r3, [sp, #12]
100029f6:	9401      	str	r4, [sp, #4]
100029f8:	e708      	b.n	1000280c <_vsnprintf+0x5ac>
100029fa:	286f      	cmp	r0, #111	@ 0x6f
100029fc:	f040 810d 	bne.w	10002c1a <_vsnprintf+0x9ba>
10002a00:	f412 6380 	ands.w	r3, r2, #1024	@ 0x400
10002a04:	f022 0c0c 	bic.w	ip, r2, #12
10002a08:	f040 8101 	bne.w	10002c0e <_vsnprintf+0x9ae>
10002a0c:	2208      	movs	r2, #8
10002a0e:	920b      	str	r2, [sp, #44]	@ 0x2c
10002a10:	e6da      	b.n	100027c8 <_vsnprintf+0x568>
10002a12:	f01c 0f20 	tst.w	ip, #32
10002a16:	bf14      	ite	ne
10002a18:	2341      	movne	r3, #65	@ 0x41
10002a1a:	2361      	moveq	r3, #97	@ 0x61
10002a1c:	a812      	add	r0, sp, #72	@ 0x48
10002a1e:	4686      	mov	lr, r0
10002a20:	900a      	str	r0, [sp, #40]	@ 0x28
10002a22:	e9cd 860c 	strd	r8, r6, [sp, #48]	@ 0x30
10002a26:	980b      	ldr	r0, [sp, #44]	@ 0x2c
10002a28:	f1a3 040a 	sub.w	r4, r3, #10
10002a2c:	e002      	b.n	10002a34 <_vsnprintf+0x7d4>
10002a2e:	2920      	cmp	r1, #32
10002a30:	d012      	beq.n	10002a58 <_vsnprintf+0x7f8>
10002a32:	4642      	mov	r2, r8
10002a34:	fbb2 f8f0 	udiv	r8, r2, r0
10002a38:	fb00 2618 	mls	r6, r0, r8, r2
10002a3c:	b2f3      	uxtb	r3, r6
10002a3e:	2e09      	cmp	r6, #9
10002a40:	f103 0630 	add.w	r6, r3, #48	@ 0x30
10002a44:	bf8a      	itet	hi
10002a46:	191b      	addhi	r3, r3, r4
10002a48:	b2f3      	uxtbls	r3, r6
10002a4a:	b2db      	uxtbhi	r3, r3
10002a4c:	4282      	cmp	r2, r0
10002a4e:	f80e 3b01 	strb.w	r3, [lr], #1
10002a52:	f101 0101 	add.w	r1, r1, #1
10002a56:	d2ea      	bcs.n	10002a2e <_vsnprintf+0x7ce>
10002a58:	e9dd 860c 	ldrd	r8, r6, [sp, #48]	@ 0x30
10002a5c:	e6d0      	b.n	10002800 <_vsnprintf+0x5a0>
10002a5e:	4641      	mov	r1, r8
10002a60:	f851 0b04 	ldr.w	r0, [r1], #4
10002a64:	0fc2      	lsrs	r2, r0, #31
10002a66:	2800      	cmp	r0, #0
10002a68:	f000 80ae 	beq.w	10002bc8 <_vsnprintf+0x968>
10002a6c:	ea80 73e0 	eor.w	r3, r0, r0, asr #31
10002a70:	eba3 73e0 	sub.w	r3, r3, r0, asr #31
10002a74:	a812      	add	r0, sp, #72	@ 0x48
10002a76:	e9cd 260b 	strd	r2, r6, [sp, #44]	@ 0x2c
10002a7a:	f8df 81c4 	ldr.w	r8, [pc, #452]	@ 10002c40 <_vsnprintf+0x9e0>
10002a7e:	900a      	str	r0, [sp, #40]	@ 0x28
10002a80:	e002      	b.n	10002a88 <_vsnprintf+0x828>
10002a82:	f1bc 0f20 	cmp.w	ip, #32
10002a86:	d00f      	beq.n	10002aa8 <_vsnprintf+0x848>
10002a88:	461e      	mov	r6, r3
10002a8a:	fba8 4203 	umull	r4, r2, r8, r3
10002a8e:	08d2      	lsrs	r2, r2, #3
10002a90:	eb02 0482 	add.w	r4, r2, r2, lsl #2
10002a94:	eba3 0444 	sub.w	r4, r3, r4, lsl #1
10002a98:	3430      	adds	r4, #48	@ 0x30
10002a9a:	2e09      	cmp	r6, #9
10002a9c:	4613      	mov	r3, r2
10002a9e:	f10c 0c01 	add.w	ip, ip, #1
10002aa2:	f800 4b01 	strb.w	r4, [r0], #1
10002aa6:	d8ec      	bhi.n	10002a82 <_vsnprintf+0x822>
10002aa8:	e9dd 260b 	ldrd	r2, r6, [sp, #44]	@ 0x2c
10002aac:	9b0a      	ldr	r3, [sp, #40]	@ 0x28
10002aae:	e9cd c201 	strd	ip, r2, [sp, #4]
10002ab2:	9300      	str	r3, [sp, #0]
10002ab4:	230a      	movs	r3, #10
10002ab6:	462a      	mov	r2, r5
10002ab8:	4688      	mov	r8, r1
10002aba:	e9cd 6e05 	strd	r6, lr, [sp, #20]
10002abe:	9704      	str	r7, [sp, #16]
10002ac0:	9303      	str	r3, [sp, #12]
10002ac2:	e632      	b.n	1000272a <_vsnprintf+0x4ca>
10002ac4:	2b00      	cmp	r3, #0
10002ac6:	f43f ae0a 	beq.w	100026de <_vsnprintf+0x47e>
10002aca:	ab12      	add	r3, sp, #72	@ 0x48
10002acc:	930a      	str	r3, [sp, #40]	@ 0x28
10002ace:	e622      	b.n	10002716 <_vsnprintf+0x4b6>
10002ad0:	f01c 0f20 	tst.w	ip, #32
10002ad4:	bf14      	ite	ne
10002ad6:	2341      	movne	r3, #65	@ 0x41
10002ad8:	2361      	moveq	r3, #97	@ 0x61
10002ada:	aa12      	add	r2, sp, #72	@ 0x48
10002adc:	3b0a      	subs	r3, #10
10002ade:	e9cd 860c 	strd	r8, r6, [sp, #48]	@ 0x30
10002ae2:	e9cd 750e 	strd	r7, r5, [sp, #56]	@ 0x38
10002ae6:	f8cd b044 	str.w	fp, [sp, #68]	@ 0x44
10002aea:	2400      	movs	r4, #0
10002aec:	4690      	mov	r8, r2
10002aee:	460e      	mov	r6, r1
10002af0:	4605      	mov	r5, r0
10002af2:	469b      	mov	fp, r3
10002af4:	9f0b      	ldr	r7, [sp, #44]	@ 0x2c
10002af6:	920a      	str	r2, [sp, #40]	@ 0x28
10002af8:	f8cd c040 	str.w	ip, [sp, #64]	@ 0x40
10002afc:	e003      	b.n	10002b06 <_vsnprintf+0x8a6>
10002afe:	2c20      	cmp	r4, #32
10002b00:	d017      	beq.n	10002b32 <_vsnprintf+0x8d2>
10002b02:	4606      	mov	r6, r0
10002b04:	460d      	mov	r5, r1
10002b06:	4629      	mov	r1, r5
10002b08:	4630      	mov	r0, r6
10002b0a:	463a      	mov	r2, r7
10002b0c:	2300      	movs	r3, #0
10002b0e:	f007 ff7f 	bl	1000aa10 <____aeabi_uldivmod_veneer>
10002b12:	b2d2      	uxtb	r2, r2
10002b14:	2a09      	cmp	r2, #9
10002b16:	f102 0330 	add.w	r3, r2, #48	@ 0x30
10002b1a:	bf88      	it	hi
10002b1c:	eb02 030b 	addhi.w	r3, r2, fp
10002b20:	42be      	cmp	r6, r7
10002b22:	b2db      	uxtb	r3, r3
10002b24:	f175 0500 	sbcs.w	r5, r5, #0
10002b28:	f808 3b01 	strb.w	r3, [r8], #1
10002b2c:	f104 0401 	add.w	r4, r4, #1
10002b30:	d2e5      	bcs.n	10002afe <_vsnprintf+0x89e>
10002b32:	e9dd 860c 	ldrd	r8, r6, [sp, #48]	@ 0x30
10002b36:	e9dd 750e 	ldrd	r7, r5, [sp, #56]	@ 0x38
10002b3a:	e9dd cb10 	ldrd	ip, fp, [sp, #64]	@ 0x40
10002b3e:	e755      	b.n	100029ec <_vsnprintf+0x78c>
10002b40:	f01c 0f80 	tst.w	ip, #128	@ 0x80
10002b44:	bf18      	it	ne
10002b46:	b292      	uxthne	r2, r2
10002b48:	e64f      	b.n	100027ea <_vsnprintf+0x58a>
10002b4a:	4641      	mov	r1, r8
10002b4c:	f851 2b04 	ldr.w	r2, [r1], #4
10002b50:	b9a2      	cbnz	r2, 10002b7c <_vsnprintf+0x91c>
10002b52:	f02c 0c10 	bic.w	ip, ip, #16
10002b56:	b18b      	cbz	r3, 10002b7c <_vsnprintf+0x91c>
10002b58:	ab12      	add	r3, sp, #72	@ 0x48
10002b5a:	930a      	str	r3, [sp, #40]	@ 0x28
10002b5c:	9b0b      	ldr	r3, [sp, #44]	@ 0x2c
10002b5e:	462a      	mov	r2, r5
10002b60:	9303      	str	r3, [sp, #12]
10002b62:	9b0a      	ldr	r3, [sp, #40]	@ 0x28
10002b64:	4688      	mov	r8, r1
10002b66:	e9cd 6c05 	strd	r6, ip, [sp, #20]
10002b6a:	9704      	str	r7, [sp, #16]
10002b6c:	9001      	str	r0, [sp, #4]
10002b6e:	9300      	str	r3, [sp, #0]
10002b70:	e64f      	b.n	10002812 <_vsnprintf+0x5b2>
10002b72:	f022 0c0c 	bic.w	ip, r2, #12
10002b76:	2202      	movs	r2, #2
10002b78:	920b      	str	r2, [sp, #44]	@ 0x2c
10002b7a:	e625      	b.n	100027c8 <_vsnprintf+0x568>
10002b7c:	f01c 0f20 	tst.w	ip, #32
10002b80:	bf14      	ite	ne
10002b82:	2341      	movne	r3, #65	@ 0x41
10002b84:	2361      	moveq	r3, #97	@ 0x61
10002b86:	ac12      	add	r4, sp, #72	@ 0x48
10002b88:	46a6      	mov	lr, r4
10002b8a:	940a      	str	r4, [sp, #40]	@ 0x28
10002b8c:	e9cd 670c 	strd	r6, r7, [sp, #48]	@ 0x30
10002b90:	9c0b      	ldr	r4, [sp, #44]	@ 0x2c
10002b92:	f1a3 080a 	sub.w	r8, r3, #10
10002b96:	e002      	b.n	10002b9e <_vsnprintf+0x93e>
10002b98:	2820      	cmp	r0, #32
10002b9a:	d012      	beq.n	10002bc2 <_vsnprintf+0x962>
10002b9c:	463a      	mov	r2, r7
10002b9e:	fbb2 f7f4 	udiv	r7, r2, r4
10002ba2:	fb04 2617 	mls	r6, r4, r7, r2
10002ba6:	b2f3      	uxtb	r3, r6
10002ba8:	2e09      	cmp	r6, #9
10002baa:	f103 0630 	add.w	r6, r3, #48	@ 0x30
10002bae:	bf8a      	itet	hi
10002bb0:	4443      	addhi	r3, r8
10002bb2:	b2f3      	uxtbls	r3, r6
10002bb4:	b2db      	uxtbhi	r3, r3
10002bb6:	42a2      	cmp	r2, r4
10002bb8:	f80e 3b01 	strb.w	r3, [lr], #1
10002bbc:	f100 0001 	add.w	r0, r0, #1
10002bc0:	d2ea      	bcs.n	10002b98 <_vsnprintf+0x938>
10002bc2:	e9dd 670c 	ldrd	r6, r7, [sp, #48]	@ 0x30
10002bc6:	e7c9      	b.n	10002b5c <_vsnprintf+0x8fc>
10002bc8:	2b00      	cmp	r3, #0
10002bca:	f43f af53 	beq.w	10002a74 <_vsnprintf+0x814>
10002bce:	ab12      	add	r3, sp, #72	@ 0x48
10002bd0:	930a      	str	r3, [sp, #40]	@ 0x28
10002bd2:	e76b      	b.n	10002aac <_vsnprintf+0x84c>
10002bd4:	f852 1b04 	ldr.w	r1, [r2], #4
10002bd8:	ea81 7ce1 	eor.w	ip, r1, r1, asr #31
10002bdc:	4690      	mov	r8, r2
10002bde:	ebac 7ce1 	sub.w	ip, ip, r1, asr #31
10002be2:	e577      	b.n	100026d4 <_vsnprintf+0x474>
10002be4:	ab12      	add	r3, sp, #72	@ 0x48
10002be6:	f04f 0c00 	mov.w	ip, #0
10002bea:	930a      	str	r3, [sp, #40]	@ 0x28
10002bec:	e6bd      	b.n	1000296a <_vsnprintf+0x70a>
10002bee:	462a      	mov	r2, r5
10002bf0:	3501      	adds	r5, #1
10002bf2:	e643      	b.n	1000287c <_vsnprintf+0x61c>
10002bf4:	3301      	adds	r3, #1
10002bf6:	2800      	cmp	r0, #0
10002bf8:	f47f ad0e 	bne.w	10002618 <_vsnprintf+0x3b8>
10002bfc:	e661      	b.n	100028c2 <_vsnprintf+0x662>
10002bfe:	f042 0220 	orr.w	r2, r2, #32
10002c02:	f022 0c0c 	bic.w	ip, r2, #12
10002c06:	2210      	movs	r2, #16
10002c08:	2300      	movs	r3, #0
10002c0a:	920b      	str	r2, [sp, #44]	@ 0x2c
10002c0c:	e5dc      	b.n	100027c8 <_vsnprintf+0x568>
10002c0e:	4696      	mov	lr, r2
10002c10:	2208      	movs	r2, #8
10002c12:	920b      	str	r2, [sp, #44]	@ 0x2c
10002c14:	f02e 0c0d 	bic.w	ip, lr, #13
10002c18:	e5d6      	b.n	100027c8 <_vsnprintf+0x568>
10002c1a:	2869      	cmp	r0, #105	@ 0x69
10002c1c:	f022 0e10 	bic.w	lr, r2, #16
10002c20:	d104      	bne.n	10002c2c <_vsnprintf+0x9cc>
10002c22:	f412 6380 	ands.w	r3, r2, #1024	@ 0x400
10002c26:	f43f ad3b 	beq.w	100026a0 <_vsnprintf+0x440>
10002c2a:	e537      	b.n	1000269c <_vsnprintf+0x43c>
10002c2c:	f022 0c1c 	bic.w	ip, r2, #28
10002c30:	f412 6380 	ands.w	r3, r2, #1024	@ 0x400
10002c34:	f04f 020a 	mov.w	r2, #10
10002c38:	920b      	str	r2, [sp, #44]	@ 0x2c
10002c3a:	d1eb      	bne.n	10002c14 <_vsnprintf+0x9b4>
10002c3c:	e5c4      	b.n	100027c8 <_vsnprintf+0x568>
10002c3e:	bf00      	nop
10002c40:	cccccccd 	.word	0xcccccccd

10002c44 <vfctprintf>:
10002c44:	b570      	push	{r4, r5, r6, lr}
10002c46:	4694      	mov	ip, r2
10002c48:	461e      	mov	r6, r3
10002c4a:	4605      	mov	r5, r0
10002c4c:	460c      	mov	r4, r1
10002c4e:	b084      	sub	sp, #16
10002c50:	f04f 32ff 	mov.w	r2, #4294967295	@ 0xffffffff
10002c54:	4663      	mov	r3, ip
10002c56:	a902      	add	r1, sp, #8
10002c58:	9600      	str	r6, [sp, #0]
10002c5a:	4803      	ldr	r0, [pc, #12]	@ (10002c68 <vfctprintf+0x24>)
10002c5c:	e9cd 5402 	strd	r5, r4, [sp, #8]
10002c60:	f7ff fafe 	bl	10002260 <_vsnprintf>
10002c64:	b004      	add	sp, #16
10002c66:	bd70      	pop	{r4, r5, r6, pc}
10002c68:	10001a01 	.word	0x10001a01

10002c6c <weak_raw_vprintf>:
10002c6c:	b510      	push	{r4, lr}
10002c6e:	4b09      	ldr	r3, [pc, #36]	@ (10002c94 <weak_raw_vprintf+0x28>)
10002c70:	b084      	sub	sp, #16
10002c72:	681c      	ldr	r4, [r3, #0]
10002c74:	b14c      	cbz	r4, 10002c8a <weak_raw_vprintf+0x1e>
10002c76:	4603      	mov	r3, r0
10002c78:	9100      	str	r1, [sp, #0]
10002c7a:	f04f 32ff 	mov.w	r2, #4294967295	@ 0xffffffff
10002c7e:	a903      	add	r1, sp, #12
10002c80:	4805      	ldr	r0, [pc, #20]	@ (10002c98 <weak_raw_vprintf+0x2c>)
10002c82:	47a0      	blx	r4
10002c84:	2001      	movs	r0, #1
10002c86:	b004      	add	sp, #16
10002c88:	bd10      	pop	{r4, pc}
10002c8a:	f000 fa59 	bl	10003140 <__wrap_puts>
10002c8e:	4620      	mov	r0, r4
10002c90:	b004      	add	sp, #16
10002c92:	bd10      	pop	{r4, pc}
10002c94:	200014fc 	.word	0x200014fc
10002c98:	100019f9 	.word	0x100019f9

10002c9c <_exit>:
10002c9c:	be00      	bkpt	0x0000
10002c9e:	e7fd      	b.n	10002c9c <_exit>

10002ca0 <_sbrk>:
10002ca0:	4a07      	ldr	r2, [pc, #28]	@ (10002cc0 <_sbrk+0x20>)
10002ca2:	4603      	mov	r3, r0
10002ca4:	6810      	ldr	r0, [r2, #0]
10002ca6:	b138      	cbz	r0, 10002cb8 <_sbrk+0x18>
10002ca8:	4906      	ldr	r1, [pc, #24]	@ (10002cc4 <_sbrk+0x24>)
10002caa:	4403      	add	r3, r0
10002cac:	428b      	cmp	r3, r1
10002cae:	bf8c      	ite	hi
10002cb0:	f04f 30ff 	movhi.w	r0, #4294967295	@ 0xffffffff
10002cb4:	6013      	strls	r3, [r2, #0]
10002cb6:	4770      	bx	lr
10002cb8:	4903      	ldr	r1, [pc, #12]	@ (10002cc8 <_sbrk+0x28>)
10002cba:	4608      	mov	r0, r1
10002cbc:	6011      	str	r1, [r2, #0]
10002cbe:	e7f3      	b.n	10002ca8 <_sbrk+0x8>
10002cc0:	200014f8 	.word	0x200014f8
10002cc4:	20080000 	.word	0x20080000
10002cc8:	20001530 	.word	0x20001530

10002ccc <exit>:
10002ccc:	b508      	push	{r3, lr}
10002cce:	f7ff ffe5 	bl	10002c9c <_exit>
10002cd2:	bf00      	nop

10002cd4 <runtime_init>:
10002cd4:	b538      	push	{r3, r4, r5, lr}
10002cd6:	4d06      	ldr	r5, [pc, #24]	@ (10002cf0 <runtime_init+0x1c>)
10002cd8:	4c06      	ldr	r4, [pc, #24]	@ (10002cf4 <runtime_init+0x20>)
10002cda:	f7fe fa8f 	bl	100011fc <runtime_run_initializers>
10002cde:	42ac      	cmp	r4, r5
10002ce0:	d204      	bcs.n	10002cec <runtime_init+0x18>
10002ce2:	f854 3b04 	ldr.w	r3, [r4], #4
10002ce6:	4798      	blx	r3
10002ce8:	42ac      	cmp	r4, r5
10002cea:	d3fa      	bcc.n	10002ce2 <runtime_init+0xe>
10002cec:	bd38      	pop	{r3, r4, r5, pc}
10002cee:	bf00      	nop
10002cf0:	1000aa7c 	.word	0x1000aa7c
10002cf4:	1000aa78 	.word	0x1000aa78

10002cf8 <stdio_out_chars_no_crlf>:
10002cf8:	6803      	ldr	r3, [r0, #0]
10002cfa:	4608      	mov	r0, r1
10002cfc:	4611      	mov	r1, r2
10002cfe:	4718      	bx	r3

10002d00 <stdio_out_chars_crlf>:
10002d00:	e92d 4ff0 	stmdb	sp!, {r4, r5, r6, r7, r8, r9, sl, fp, lr}
10002d04:	7d43      	ldrb	r3, [r0, #21]
10002d06:	4682      	mov	sl, r0
10002d08:	4688      	mov	r8, r1
10002d0a:	4617      	mov	r7, r2
10002d0c:	b081      	sub	sp, #4
10002d0e:	2b00      	cmp	r3, #0
10002d10:	d047      	beq.n	10002da2 <stdio_out_chars_crlf+0xa2>
10002d12:	2a00      	cmp	r2, #0
10002d14:	dd24      	ble.n	10002d60 <stdio_out_chars_crlf+0x60>
10002d16:	2400      	movs	r4, #0
10002d18:	2501      	movs	r5, #1
10002d1a:	4620      	mov	r0, r4
10002d1c:	f8df 9094 	ldr.w	r9, [pc, #148]	@ 10002db4 <stdio_out_chars_crlf+0xb4>
10002d20:	1e4e      	subs	r6, r1, #1
10002d22:	b304      	cbz	r4, 10002d66 <stdio_out_chars_crlf+0x66>
10002d24:	7873      	ldrb	r3, [r6, #1]
10002d26:	f106 0b01 	add.w	fp, r6, #1
10002d2a:	2b0a      	cmp	r3, #10
10002d2c:	d026      	beq.n	10002d7c <stdio_out_chars_crlf+0x7c>
10002d2e:	462b      	mov	r3, r5
10002d30:	465e      	mov	r6, fp
10002d32:	42bb      	cmp	r3, r7
10002d34:	f104 0401 	add.w	r4, r4, #1
10002d38:	f105 0501 	add.w	r5, r5, #1
10002d3c:	dbf1      	blt.n	10002d22 <stdio_out_chars_crlf+0x22>
10002d3e:	4287      	cmp	r7, r0
10002d40:	dd04      	ble.n	10002d4c <stdio_out_chars_crlf+0x4c>
10002d42:	1a39      	subs	r1, r7, r0
10002d44:	f8da 3000 	ldr.w	r3, [sl]
10002d48:	4440      	add	r0, r8
10002d4a:	4798      	blx	r3
10002d4c:	44b8      	add	r8, r7
10002d4e:	f818 3c01 	ldrb.w	r3, [r8, #-1]
10002d52:	f1a3 030d 	sub.w	r3, r3, #13
10002d56:	fab3 f383 	clz	r3, r3
10002d5a:	095b      	lsrs	r3, r3, #5
10002d5c:	f88a 3014 	strb.w	r3, [sl, #20]
10002d60:	b001      	add	sp, #4
10002d62:	e8bd 8ff0 	ldmia.w	sp!, {r4, r5, r6, r7, r8, r9, sl, fp, pc}
10002d66:	7873      	ldrb	r3, [r6, #1]
10002d68:	f106 0b01 	add.w	fp, r6, #1
10002d6c:	2b0a      	cmp	r3, #10
10002d6e:	d1de      	bne.n	10002d2e <stdio_out_chars_crlf+0x2e>
10002d70:	f89a 3014 	ldrb.w	r3, [sl, #20]
10002d74:	b163      	cbz	r3, 10002d90 <stdio_out_chars_crlf+0x90>
10002d76:	465e      	mov	r6, fp
10002d78:	462b      	mov	r3, r5
10002d7a:	e7da      	b.n	10002d32 <stdio_out_chars_crlf+0x32>
10002d7c:	7833      	ldrb	r3, [r6, #0]
10002d7e:	2b0d      	cmp	r3, #13
10002d80:	d0f9      	beq.n	10002d76 <stdio_out_chars_crlf+0x76>
10002d82:	42a0      	cmp	r0, r4
10002d84:	da04      	bge.n	10002d90 <stdio_out_chars_crlf+0x90>
10002d86:	1a21      	subs	r1, r4, r0
10002d88:	f8da 3000 	ldr.w	r3, [sl]
10002d8c:	4440      	add	r0, r8
10002d8e:	4798      	blx	r3
10002d90:	4648      	mov	r0, r9
10002d92:	f8da 3000 	ldr.w	r3, [sl]
10002d96:	2102      	movs	r1, #2
10002d98:	4798      	blx	r3
10002d9a:	465e      	mov	r6, fp
10002d9c:	4628      	mov	r0, r5
10002d9e:	462b      	mov	r3, r5
10002da0:	e7c7      	b.n	10002d32 <stdio_out_chars_crlf+0x32>
10002da2:	4611      	mov	r1, r2
10002da4:	4640      	mov	r0, r8
10002da6:	f8da 3000 	ldr.w	r3, [sl]
10002daa:	b001      	add	sp, #4
10002dac:	e8bd 4ff0 	ldmia.w	sp!, {r4, r5, r6, r7, r8, r9, sl, fp, lr}
10002db0:	4718      	bx	r3
10002db2:	bf00      	nop
10002db4:	1000ac60 	.word	0x1000ac60

10002db8 <stdio_buffered_printer>:
10002db8:	680b      	ldr	r3, [r1, #0]
10002dba:	e92d 41f0 	stmdb	sp!, {r4, r5, r6, r7, r8, lr}
10002dbe:	2b80      	cmp	r3, #128	@ 0x80
10002dc0:	460d      	mov	r5, r1
10002dc2:	4606      	mov	r6, r0
10002dc4:	d005      	beq.n	10002dd2 <stdio_buffered_printer+0x1a>
10002dc6:	1c5a      	adds	r2, r3, #1
10002dc8:	442b      	add	r3, r5
10002dca:	602a      	str	r2, [r5, #0]
10002dcc:	711e      	strb	r6, [r3, #4]
10002dce:	e8bd 81f0 	ldmia.w	sp!, {r4, r5, r6, r7, r8, pc}
10002dd2:	4b0f      	ldr	r3, [pc, #60]	@ (10002e10 <stdio_buffered_printer+0x58>)
10002dd4:	681c      	ldr	r4, [r3, #0]
10002dd6:	b1a4      	cbz	r4, 10002e02 <stdio_buffered_printer+0x4a>
10002dd8:	4f0e      	ldr	r7, [pc, #56]	@ (10002e14 <stdio_buffered_printer+0x5c>)
10002dda:	f101 0804 	add.w	r8, r1, #4
10002dde:	e001      	b.n	10002de4 <stdio_buffered_printer+0x2c>
10002de0:	6924      	ldr	r4, [r4, #16]
10002de2:	b174      	cbz	r4, 10002e02 <stdio_buffered_printer+0x4a>
10002de4:	6823      	ldr	r3, [r4, #0]
10002de6:	2b00      	cmp	r3, #0
10002de8:	d0fa      	beq.n	10002de0 <stdio_buffered_printer+0x28>
10002dea:	683b      	ldr	r3, [r7, #0]
10002dec:	b10b      	cbz	r3, 10002df2 <stdio_buffered_printer+0x3a>
10002dee:	42a3      	cmp	r3, r4
10002df0:	d1f6      	bne.n	10002de0 <stdio_buffered_printer+0x28>
10002df2:	4620      	mov	r0, r4
10002df4:	4641      	mov	r1, r8
10002df6:	682a      	ldr	r2, [r5, #0]
10002df8:	f7ff ff82 	bl	10002d00 <stdio_out_chars_crlf>
10002dfc:	6924      	ldr	r4, [r4, #16]
10002dfe:	2c00      	cmp	r4, #0
10002e00:	d1f0      	bne.n	10002de4 <stdio_buffered_printer+0x2c>
10002e02:	2300      	movs	r3, #0
10002e04:	2201      	movs	r2, #1
10002e06:	442b      	add	r3, r5
10002e08:	602a      	str	r2, [r5, #0]
10002e0a:	711e      	strb	r6, [r3, #4]
10002e0c:	e8bd 81f0 	ldmia.w	sp!, {r4, r5, r6, r7, r8, pc}
10002e10:	200014f0 	.word	0x200014f0
10002e14:	200014f4 	.word	0x200014f4

10002e18 <stdio_put_string>:
10002e18:	e92d 47f0 	stmdb	sp!, {r4, r5, r6, r7, r8, r9, sl, lr}
10002e1c:	b082      	sub	sp, #8
10002e1e:	460d      	mov	r5, r1
10002e20:	4692      	mov	sl, r2
10002e22:	4699      	mov	r9, r3
10002e24:	4607      	mov	r7, r0
10002e26:	f7fe f829 	bl	10000e7c <time_us_64>
10002e2a:	f04f 36ff 	mov.w	r6, #4294967295	@ 0xffffffff
10002e2e:	f06f 4400 	mvn.w	r4, #2147483648	@ 0x80000000
10002e32:	4a2f      	ldr	r2, [pc, #188]	@ (10002ef0 <stdio_put_string+0xd8>)
10002e34:	1882      	adds	r2, r0, r2
10002e36:	f141 0300 	adc.w	r3, r1, #0
10002e3a:	4296      	cmp	r6, r2
10002e3c:	eb74 0103 	sbcs.w	r1, r4, r3
10002e40:	bf3c      	itt	cc
10002e42:	4632      	movcc	r2, r6
10002e44:	4623      	movcc	r3, r4
10002e46:	482b      	ldr	r0, [pc, #172]	@ (10002ef4 <stdio_put_string+0xdc>)
10002e48:	f007 fdf2 	bl	1000aa30 <__mutex_try_enter_block_until_veneer>
10002e4c:	1c6b      	adds	r3, r5, #1
10002e4e:	4680      	mov	r8, r0
10002e50:	d103      	bne.n	10002e5a <stdio_put_string+0x42>
10002e52:	4638      	mov	r0, r7
10002e54:	f007 fc38 	bl	1000a6c8 <strlen>
10002e58:	4605      	mov	r5, r0
10002e5a:	4b27      	ldr	r3, [pc, #156]	@ (10002ef8 <stdio_put_string+0xe0>)
10002e5c:	4e27      	ldr	r6, [pc, #156]	@ (10002efc <stdio_put_string+0xe4>)
10002e5e:	681c      	ldr	r4, [r3, #0]
10002e60:	4b27      	ldr	r3, [pc, #156]	@ (10002f00 <stdio_put_string+0xe8>)
10002e62:	f1b9 0f00 	cmp.w	r9, #0
10002e66:	bf18      	it	ne
10002e68:	461e      	movne	r6, r3
10002e6a:	b1b4      	cbz	r4, 10002e9a <stdio_put_string+0x82>
10002e6c:	f1ba 0f00 	cmp.w	sl, #0
10002e70:	d11a      	bne.n	10002ea8 <stdio_put_string+0x90>
10002e72:	f8df 9090 	ldr.w	r9, [pc, #144]	@ 10002f04 <stdio_put_string+0xec>
10002e76:	e001      	b.n	10002e7c <stdio_put_string+0x64>
10002e78:	6924      	ldr	r4, [r4, #16]
10002e7a:	b174      	cbz	r4, 10002e9a <stdio_put_string+0x82>
10002e7c:	6823      	ldr	r3, [r4, #0]
10002e7e:	2b00      	cmp	r3, #0
10002e80:	d0fa      	beq.n	10002e78 <stdio_put_string+0x60>
10002e82:	f8d9 3000 	ldr.w	r3, [r9]
10002e86:	b10b      	cbz	r3, 10002e8c <stdio_put_string+0x74>
10002e88:	42a3      	cmp	r3, r4
10002e8a:	d1f5      	bne.n	10002e78 <stdio_put_string+0x60>
10002e8c:	4620      	mov	r0, r4
10002e8e:	462a      	mov	r2, r5
10002e90:	4639      	mov	r1, r7
10002e92:	47b0      	blx	r6
10002e94:	6924      	ldr	r4, [r4, #16]
10002e96:	2c00      	cmp	r4, #0
10002e98:	d1f0      	bne.n	10002e7c <stdio_put_string+0x64>
10002e9a:	f1b8 0f00 	cmp.w	r8, #0
10002e9e:	d11f      	bne.n	10002ee0 <stdio_put_string+0xc8>
10002ea0:	4628      	mov	r0, r5
10002ea2:	b002      	add	sp, #8
10002ea4:	e8bd 87f0 	ldmia.w	sp!, {r4, r5, r6, r7, r8, r9, sl, pc}
10002ea8:	f04f 0a0a 	mov.w	sl, #10
10002eac:	f8df 9054 	ldr.w	r9, [pc, #84]	@ 10002f04 <stdio_put_string+0xec>
10002eb0:	e002      	b.n	10002eb8 <stdio_put_string+0xa0>
10002eb2:	6924      	ldr	r4, [r4, #16]
10002eb4:	2c00      	cmp	r4, #0
10002eb6:	d0f0      	beq.n	10002e9a <stdio_put_string+0x82>
10002eb8:	6823      	ldr	r3, [r4, #0]
10002eba:	2b00      	cmp	r3, #0
10002ebc:	d0f9      	beq.n	10002eb2 <stdio_put_string+0x9a>
10002ebe:	f8d9 3000 	ldr.w	r3, [r9]
10002ec2:	b10b      	cbz	r3, 10002ec8 <stdio_put_string+0xb0>
10002ec4:	42a3      	cmp	r3, r4
10002ec6:	d1f4      	bne.n	10002eb2 <stdio_put_string+0x9a>
10002ec8:	4620      	mov	r0, r4
10002eca:	462a      	mov	r2, r5
10002ecc:	4639      	mov	r1, r7
10002ece:	47b0      	blx	r6
10002ed0:	4620      	mov	r0, r4
10002ed2:	2201      	movs	r2, #1
10002ed4:	f10d 0107 	add.w	r1, sp, #7
10002ed8:	f88d a007 	strb.w	sl, [sp, #7]
10002edc:	47b0      	blx	r6
10002ede:	e7e8      	b.n	10002eb2 <stdio_put_string+0x9a>
10002ee0:	4804      	ldr	r0, [pc, #16]	@ (10002ef4 <stdio_put_string+0xdc>)
10002ee2:	f007 fd99 	bl	1000aa18 <__mutex_exit_veneer>
10002ee6:	4628      	mov	r0, r5
10002ee8:	b002      	add	sp, #8
10002eea:	e8bd 87f0 	ldmia.w	sp!, {r4, r5, r6, r7, r8, r9, sl, pc}
10002eee:	bf00      	nop
10002ef0:	000f4240 	.word	0x000f4240
10002ef4:	20001148 	.word	0x20001148
10002ef8:	200014f0 	.word	0x200014f0
10002efc:	10002cf9 	.word	0x10002cf9
10002f00:	10002d01 	.word	0x10002d01
10002f04:	200014f4 	.word	0x200014f4

10002f08 <stdio_putchar_raw>:
10002f08:	b5f0      	push	{r4, r5, r6, r7, lr}
10002f0a:	b083      	sub	sp, #12
10002f0c:	4606      	mov	r6, r0
10002f0e:	f88d 0007 	strb.w	r0, [sp, #7]
10002f12:	f7fd ffb3 	bl	10000e7c <time_us_64>
10002f16:	f04f 35ff 	mov.w	r5, #4294967295	@ 0xffffffff
10002f1a:	f06f 4400 	mvn.w	r4, #2147483648	@ 0x80000000
10002f1e:	4a17      	ldr	r2, [pc, #92]	@ (10002f7c <stdio_putchar_raw+0x74>)
10002f20:	1882      	adds	r2, r0, r2
10002f22:	f141 0300 	adc.w	r3, r1, #0
10002f26:	4295      	cmp	r5, r2
10002f28:	eb74 0103 	sbcs.w	r1, r4, r3
10002f2c:	bf3c      	itt	cc
10002f2e:	4623      	movcc	r3, r4
10002f30:	462a      	movcc	r2, r5
10002f32:	4813      	ldr	r0, [pc, #76]	@ (10002f80 <stdio_putchar_raw+0x78>)
10002f34:	f007 fd7c 	bl	1000aa30 <__mutex_try_enter_block_until_veneer>
10002f38:	4b12      	ldr	r3, [pc, #72]	@ (10002f84 <stdio_putchar_raw+0x7c>)
10002f3a:	4607      	mov	r7, r0
10002f3c:	681c      	ldr	r4, [r3, #0]
10002f3e:	b19c      	cbz	r4, 10002f68 <stdio_putchar_raw+0x60>
10002f40:	4d11      	ldr	r5, [pc, #68]	@ (10002f88 <stdio_putchar_raw+0x80>)
10002f42:	e001      	b.n	10002f48 <stdio_putchar_raw+0x40>
10002f44:	6924      	ldr	r4, [r4, #16]
10002f46:	b17c      	cbz	r4, 10002f68 <stdio_putchar_raw+0x60>
10002f48:	6823      	ldr	r3, [r4, #0]
10002f4a:	2b00      	cmp	r3, #0
10002f4c:	d0fa      	beq.n	10002f44 <stdio_putchar_raw+0x3c>
10002f4e:	682b      	ldr	r3, [r5, #0]
10002f50:	b10b      	cbz	r3, 10002f56 <stdio_putchar_raw+0x4e>
10002f52:	42a3      	cmp	r3, r4
10002f54:	d1f6      	bne.n	10002f44 <stdio_putchar_raw+0x3c>
10002f56:	4620      	mov	r0, r4
10002f58:	2201      	movs	r2, #1
10002f5a:	f10d 0107 	add.w	r1, sp, #7
10002f5e:	f7ff fecb 	bl	10002cf8 <stdio_out_chars_no_crlf>
10002f62:	6924      	ldr	r4, [r4, #16]
10002f64:	2c00      	cmp	r4, #0
10002f66:	d1ef      	bne.n	10002f48 <stdio_putchar_raw+0x40>
10002f68:	b917      	cbnz	r7, 10002f70 <stdio_putchar_raw+0x68>
10002f6a:	4630      	mov	r0, r6
10002f6c:	b003      	add	sp, #12
10002f6e:	bdf0      	pop	{r4, r5, r6, r7, pc}
10002f70:	4803      	ldr	r0, [pc, #12]	@ (10002f80 <stdio_putchar_raw+0x78>)
10002f72:	f007 fd51 	bl	1000aa18 <__mutex_exit_veneer>
10002f76:	4630      	mov	r0, r6
10002f78:	b003      	add	sp, #12
10002f7a:	bdf0      	pop	{r4, r5, r6, r7, pc}
10002f7c:	000f4240 	.word	0x000f4240
10002f80:	20001148 	.word	0x20001148
10002f84:	200014f0 	.word	0x200014f0
10002f88:	200014f4 	.word	0x200014f4

10002f8c <stdio_set_driver_enabled>:
10002f8c:	4a08      	ldr	r2, [pc, #32]	@ (10002fb0 <stdio_set_driver_enabled+0x24>)
10002f8e:	6813      	ldr	r3, [r2, #0]
10002f90:	b923      	cbnz	r3, 10002f9c <stdio_set_driver_enabled+0x10>
10002f92:	e00a      	b.n	10002faa <stdio_set_driver_enabled+0x1e>
10002f94:	f103 0210 	add.w	r2, r3, #16
10002f98:	691b      	ldr	r3, [r3, #16]
10002f9a:	b133      	cbz	r3, 10002faa <stdio_set_driver_enabled+0x1e>
10002f9c:	4298      	cmp	r0, r3
10002f9e:	d1f9      	bne.n	10002f94 <stdio_set_driver_enabled+0x8>
10002fa0:	b929      	cbnz	r1, 10002fae <stdio_set_driver_enabled+0x22>
10002fa2:	6903      	ldr	r3, [r0, #16]
10002fa4:	6013      	str	r3, [r2, #0]
10002fa6:	6101      	str	r1, [r0, #16]
10002fa8:	4770      	bx	lr
10002faa:	b101      	cbz	r1, 10002fae <stdio_set_driver_enabled+0x22>
10002fac:	6010      	str	r0, [r2, #0]
10002fae:	4770      	bx	lr
10002fb0:	200014f0 	.word	0x200014f0

10002fb4 <stdio_init_all>:
10002fb4:	b508      	push	{r3, lr}
10002fb6:	f000 fa1f 	bl	100033f8 <stdio_uart_init>
10002fba:	2001      	movs	r0, #1
10002fbc:	bd08      	pop	{r3, pc}
10002fbe:	bf00      	nop

10002fc0 <stdio_getchar_timeout_us>:
10002fc0:	e92d 41f0 	stmdb	sp!, {r4, r5, r6, r7, r8, lr}
10002fc4:	b082      	sub	sp, #8
10002fc6:	4606      	mov	r6, r0
10002fc8:	f7fd ff58 	bl	10000e7c <time_us_64>
10002fcc:	f04f 32ff 	mov.w	r2, #4294967295	@ 0xffffffff
10002fd0:	f06f 4300 	mvn.w	r3, #2147483648	@ 0x80000000
10002fd4:	1836      	adds	r6, r6, r0
10002fd6:	f141 0700 	adc.w	r7, r1, #0
10002fda:	42b2      	cmp	r2, r6
10002fdc:	eb73 0107 	sbcs.w	r1, r3, r7
10002fe0:	bf3c      	itt	cc
10002fe2:	4616      	movcc	r6, r2
10002fe4:	461f      	movcc	r7, r3
10002fe6:	f8df 8060 	ldr.w	r8, [pc, #96]	@ 10003048 <stdio_getchar_timeout_us+0x88>
10002fea:	4d15      	ldr	r5, [pc, #84]	@ (10003040 <stdio_getchar_timeout_us+0x80>)
10002fec:	f8d8 4000 	ldr.w	r4, [r8]
10002ff0:	b914      	cbnz	r4, 10002ff8 <stdio_getchar_timeout_us+0x38>
10002ff2:	e012      	b.n	1000301a <stdio_getchar_timeout_us+0x5a>
10002ff4:	6924      	ldr	r4, [r4, #16]
10002ff6:	b184      	cbz	r4, 1000301a <stdio_getchar_timeout_us+0x5a>
10002ff8:	682b      	ldr	r3, [r5, #0]
10002ffa:	b10b      	cbz	r3, 10003000 <stdio_getchar_timeout_us+0x40>
10002ffc:	42a3      	cmp	r3, r4
10002ffe:	d1f9      	bne.n	10002ff4 <stdio_getchar_timeout_us+0x34>
10003000:	68a3      	ldr	r3, [r4, #8]
10003002:	2b00      	cmp	r3, #0
10003004:	d0f6      	beq.n	10002ff4 <stdio_getchar_timeout_us+0x34>
10003006:	2101      	movs	r1, #1
10003008:	a801      	add	r0, sp, #4
1000300a:	4798      	blx	r3
1000300c:	2800      	cmp	r0, #0
1000300e:	ddf1      	ble.n	10002ff4 <stdio_getchar_timeout_us+0x34>
10003010:	f89d 0004 	ldrb.w	r0, [sp, #4]
10003014:	b002      	add	sp, #8
10003016:	e8bd 81f0 	ldmia.w	sp!, {r4, r5, r6, r7, r8, pc}
1000301a:	4b0a      	ldr	r3, [pc, #40]	@ (10003044 <stdio_getchar_timeout_us+0x84>)
1000301c:	6a5a      	ldr	r2, [r3, #36]	@ 0x24
1000301e:	4297      	cmp	r7, r2
10003020:	d809      	bhi.n	10003036 <stdio_getchar_timeout_us+0x76>
10003022:	6a9b      	ldr	r3, [r3, #40]	@ 0x28
10003024:	42b3      	cmp	r3, r6
10003026:	d304      	bcc.n	10003032 <stdio_getchar_timeout_us+0x72>
10003028:	f06f 0001 	mvn.w	r0, #1
1000302c:	b002      	add	sp, #8
1000302e:	e8bd 81f0 	ldmia.w	sp!, {r4, r5, r6, r7, r8, pc}
10003032:	4297      	cmp	r7, r2
10003034:	d1f8      	bne.n	10003028 <stdio_getchar_timeout_us+0x68>
10003036:	2001      	movs	r0, #1
10003038:	2100      	movs	r1, #0
1000303a:	f7fd ff29 	bl	10000e90 <busy_wait_us>
1000303e:	e7d5      	b.n	10002fec <stdio_getchar_timeout_us+0x2c>
10003040:	200014f4 	.word	0x200014f4
10003044:	400b0000 	.word	0x400b0000
10003048:	200014f0 	.word	0x200014f0

1000304c <__wrap_getchar>:
1000304c:	b5f0      	push	{r4, r5, r6, r7, lr}
1000304e:	4b17      	ldr	r3, [pc, #92]	@ (100030ac <__wrap_getchar+0x60>)
10003050:	b085      	sub	sp, #20
10003052:	681a      	ldr	r2, [r3, #0]
10003054:	4e16      	ldr	r6, [pc, #88]	@ (100030b0 <__wrap_getchar+0x64>)
10003056:	685f      	ldr	r7, [r3, #4]
10003058:	4d16      	ldr	r5, [pc, #88]	@ (100030b4 <__wrap_getchar+0x68>)
1000305a:	9201      	str	r2, [sp, #4]
1000305c:	6834      	ldr	r4, [r6, #0]
1000305e:	b914      	cbnz	r4, 10003066 <__wrap_getchar+0x1a>
10003060:	e011      	b.n	10003086 <__wrap_getchar+0x3a>
10003062:	6924      	ldr	r4, [r4, #16]
10003064:	b17c      	cbz	r4, 10003086 <__wrap_getchar+0x3a>
10003066:	682b      	ldr	r3, [r5, #0]
10003068:	b10b      	cbz	r3, 1000306e <__wrap_getchar+0x22>
1000306a:	42a3      	cmp	r3, r4
1000306c:	d1f9      	bne.n	10003062 <__wrap_getchar+0x16>
1000306e:	68a3      	ldr	r3, [r4, #8]
10003070:	2b00      	cmp	r3, #0
10003072:	d0f6      	beq.n	10003062 <__wrap_getchar+0x16>
10003074:	2101      	movs	r1, #1
10003076:	a803      	add	r0, sp, #12
10003078:	4798      	blx	r3
1000307a:	2800      	cmp	r0, #0
1000307c:	ddf1      	ble.n	10003062 <__wrap_getchar+0x16>
1000307e:	f89d 000c 	ldrb.w	r0, [sp, #12]
10003082:	b005      	add	sp, #20
10003084:	bdf0      	pop	{r4, r5, r6, r7, pc}
10003086:	4b0c      	ldr	r3, [pc, #48]	@ (100030b8 <__wrap_getchar+0x6c>)
10003088:	6a5a      	ldr	r2, [r3, #36]	@ 0x24
1000308a:	4297      	cmp	r7, r2
1000308c:	d809      	bhi.n	100030a2 <__wrap_getchar+0x56>
1000308e:	6a9b      	ldr	r3, [r3, #40]	@ 0x28
10003090:	9901      	ldr	r1, [sp, #4]
10003092:	428b      	cmp	r3, r1
10003094:	d303      	bcc.n	1000309e <__wrap_getchar+0x52>
10003096:	f06f 0001 	mvn.w	r0, #1
1000309a:	b005      	add	sp, #20
1000309c:	bdf0      	pop	{r4, r5, r6, r7, pc}
1000309e:	4297      	cmp	r7, r2
100030a0:	d1f9      	bne.n	10003096 <__wrap_getchar+0x4a>
100030a2:	2001      	movs	r0, #1
100030a4:	2100      	movs	r1, #0
100030a6:	f7fd fef3 	bl	10000e90 <busy_wait_us>
100030aa:	e7d7      	b.n	1000305c <__wrap_getchar+0x10>
100030ac:	1000ab18 	.word	0x1000ab18
100030b0:	200014f0 	.word	0x200014f0
100030b4:	200014f4 	.word	0x200014f4
100030b8:	400b0000 	.word	0x400b0000

100030bc <__wrap_putchar>:
100030bc:	b5f0      	push	{r4, r5, r6, r7, lr}
100030be:	b083      	sub	sp, #12
100030c0:	4606      	mov	r6, r0
100030c2:	f88d 0007 	strb.w	r0, [sp, #7]
100030c6:	f7fd fed9 	bl	10000e7c <time_us_64>
100030ca:	f04f 35ff 	mov.w	r5, #4294967295	@ 0xffffffff
100030ce:	f06f 4400 	mvn.w	r4, #2147483648	@ 0x80000000
100030d2:	4a17      	ldr	r2, [pc, #92]	@ (10003130 <__wrap_putchar+0x74>)
100030d4:	1882      	adds	r2, r0, r2
100030d6:	f141 0300 	adc.w	r3, r1, #0
100030da:	4295      	cmp	r5, r2
100030dc:	eb74 0103 	sbcs.w	r1, r4, r3
100030e0:	bf3c      	itt	cc
100030e2:	4623      	movcc	r3, r4
100030e4:	462a      	movcc	r2, r5
100030e6:	4813      	ldr	r0, [pc, #76]	@ (10003134 <__wrap_putchar+0x78>)
100030e8:	f007 fca2 	bl	1000aa30 <__mutex_try_enter_block_until_veneer>
100030ec:	4b12      	ldr	r3, [pc, #72]	@ (10003138 <__wrap_putchar+0x7c>)
100030ee:	4607      	mov	r7, r0
100030f0:	681c      	ldr	r4, [r3, #0]
100030f2:	b19c      	cbz	r4, 1000311c <__wrap_putchar+0x60>
100030f4:	4d11      	ldr	r5, [pc, #68]	@ (1000313c <__wrap_putchar+0x80>)
100030f6:	e001      	b.n	100030fc <__wrap_putchar+0x40>
100030f8:	6924      	ldr	r4, [r4, #16]
100030fa:	b17c      	cbz	r4, 1000311c <__wrap_putchar+0x60>
100030fc:	6823      	ldr	r3, [r4, #0]
100030fe:	2b00      	cmp	r3, #0
10003100:	d0fa      	beq.n	100030f8 <__wrap_putchar+0x3c>
10003102:	682b      	ldr	r3, [r5, #0]
10003104:	b10b      	cbz	r3, 1000310a <__wrap_putchar+0x4e>
10003106:	42a3      	cmp	r3, r4
10003108:	d1f6      	bne.n	100030f8 <__wrap_putchar+0x3c>
1000310a:	4620      	mov	r0, r4
1000310c:	2201      	movs	r2, #1
1000310e:	f10d 0107 	add.w	r1, sp, #7
10003112:	f7ff fdf5 	bl	10002d00 <stdio_out_chars_crlf>
10003116:	6924      	ldr	r4, [r4, #16]
10003118:	2c00      	cmp	r4, #0
1000311a:	d1ef      	bne.n	100030fc <__wrap_putchar+0x40>
1000311c:	b917      	cbnz	r7, 10003124 <__wrap_putchar+0x68>
1000311e:	4630      	mov	r0, r6
10003120:	b003      	add	sp, #12
10003122:	bdf0      	pop	{r4, r5, r6, r7, pc}
10003124:	4803      	ldr	r0, [pc, #12]	@ (10003134 <__wrap_putchar+0x78>)
10003126:	f007 fc77 	bl	1000aa18 <__mutex_exit_veneer>
1000312a:	4630      	mov	r0, r6
1000312c:	b003      	add	sp, #12
1000312e:	bdf0      	pop	{r4, r5, r6, r7, pc}
10003130:	000f4240 	.word	0x000f4240
10003134:	20001148 	.word	0x20001148
10003138:	200014f0 	.word	0x200014f0
1000313c:	200014f4 	.word	0x200014f4

10003140 <__wrap_puts>:
10003140:	b538      	push	{r3, r4, r5, lr}
10003142:	4604      	mov	r4, r0
10003144:	f007 fac0 	bl	1000a6c8 <strlen>
10003148:	2301      	movs	r3, #1
1000314a:	4605      	mov	r5, r0
1000314c:	461a      	mov	r2, r3
1000314e:	4620      	mov	r0, r4
10003150:	4629      	mov	r1, r5
10003152:	f7ff fe61 	bl	10002e18 <stdio_put_string>
10003156:	4b08      	ldr	r3, [pc, #32]	@ (10003178 <__wrap_puts+0x38>)
10003158:	681c      	ldr	r4, [r3, #0]
1000315a:	b12c      	cbz	r4, 10003168 <__wrap_puts+0x28>
1000315c:	6863      	ldr	r3, [r4, #4]
1000315e:	b12b      	cbz	r3, 1000316c <__wrap_puts+0x2c>
10003160:	4798      	blx	r3
10003162:	6924      	ldr	r4, [r4, #16]
10003164:	2c00      	cmp	r4, #0
10003166:	d1f9      	bne.n	1000315c <__wrap_puts+0x1c>
10003168:	4628      	mov	r0, r5
1000316a:	bd38      	pop	{r3, r4, r5, pc}
1000316c:	6924      	ldr	r4, [r4, #16]
1000316e:	2c00      	cmp	r4, #0
10003170:	d1f4      	bne.n	1000315c <__wrap_puts+0x1c>
10003172:	4628      	mov	r0, r5
10003174:	bd38      	pop	{r3, r4, r5, pc}
10003176:	bf00      	nop
10003178:	200014f0 	.word	0x200014f0

1000317c <__wrap_vprintf>:
1000317c:	e92d 41f0 	stmdb	sp!, {r4, r5, r6, r7, r8, lr}
10003180:	b0a2      	sub	sp, #136	@ 0x88
10003182:	4604      	mov	r4, r0
10003184:	460d      	mov	r5, r1
10003186:	f7fd fe79 	bl	10000e7c <time_us_64>
1000318a:	f04f 37ff 	mov.w	r7, #4294967295	@ 0xffffffff
1000318e:	f06f 4600 	mvn.w	r6, #2147483648	@ 0x80000000
10003192:	4a27      	ldr	r2, [pc, #156]	@ (10003230 <__wrap_vprintf+0xb4>)
10003194:	1882      	adds	r2, r0, r2
10003196:	f141 0300 	adc.w	r3, r1, #0
1000319a:	4297      	cmp	r7, r2
1000319c:	eb76 0103 	sbcs.w	r1, r6, r3
100031a0:	bf3c      	itt	cc
100031a2:	463a      	movcc	r2, r7
100031a4:	4633      	movcc	r3, r6
100031a6:	4823      	ldr	r0, [pc, #140]	@ (10003234 <__wrap_vprintf+0xb8>)
100031a8:	f007 fc42 	bl	1000aa30 <__mutex_try_enter_block_until_veneer>
100031ac:	2600      	movs	r6, #0
100031ae:	462b      	mov	r3, r5
100031b0:	4607      	mov	r7, r0
100031b2:	4622      	mov	r2, r4
100031b4:	4820      	ldr	r0, [pc, #128]	@ (10003238 <__wrap_vprintf+0xbc>)
100031b6:	a901      	add	r1, sp, #4
100031b8:	9601      	str	r6, [sp, #4]
100031ba:	f7ff fd43 	bl	10002c44 <vfctprintf>
100031be:	9b01      	ldr	r3, [sp, #4]
100031c0:	4606      	mov	r6, r0
100031c2:	b97b      	cbnz	r3, 100031e4 <__wrap_vprintf+0x68>
100031c4:	4b1d      	ldr	r3, [pc, #116]	@ (1000323c <__wrap_vprintf+0xc0>)
100031c6:	681c      	ldr	r4, [r3, #0]
100031c8:	b12c      	cbz	r4, 100031d6 <__wrap_vprintf+0x5a>
100031ca:	6863      	ldr	r3, [r4, #4]
100031cc:	b143      	cbz	r3, 100031e0 <__wrap_vprintf+0x64>
100031ce:	4798      	blx	r3
100031d0:	6924      	ldr	r4, [r4, #16]
100031d2:	2c00      	cmp	r4, #0
100031d4:	d1f9      	bne.n	100031ca <__wrap_vprintf+0x4e>
100031d6:	bb0f      	cbnz	r7, 1000321c <__wrap_vprintf+0xa0>
100031d8:	4630      	mov	r0, r6
100031da:	b022      	add	sp, #136	@ 0x88
100031dc:	e8bd 81f0 	ldmia.w	sp!, {r4, r5, r6, r7, r8, pc}
100031e0:	6924      	ldr	r4, [r4, #16]
100031e2:	e7f1      	b.n	100031c8 <__wrap_vprintf+0x4c>
100031e4:	f8df 8054 	ldr.w	r8, [pc, #84]	@ 1000323c <__wrap_vprintf+0xc0>
100031e8:	f8d8 5000 	ldr.w	r5, [r8]
100031ec:	b1ed      	cbz	r5, 1000322a <__wrap_vprintf+0xae>
100031ee:	4c14      	ldr	r4, [pc, #80]	@ (10003240 <__wrap_vprintf+0xc4>)
100031f0:	e001      	b.n	100031f6 <__wrap_vprintf+0x7a>
100031f2:	692d      	ldr	r5, [r5, #16]
100031f4:	b175      	cbz	r5, 10003214 <__wrap_vprintf+0x98>
100031f6:	682b      	ldr	r3, [r5, #0]
100031f8:	2b00      	cmp	r3, #0
100031fa:	d0fa      	beq.n	100031f2 <__wrap_vprintf+0x76>
100031fc:	6823      	ldr	r3, [r4, #0]
100031fe:	b10b      	cbz	r3, 10003204 <__wrap_vprintf+0x88>
10003200:	42ab      	cmp	r3, r5
10003202:	d1f6      	bne.n	100031f2 <__wrap_vprintf+0x76>
10003204:	4628      	mov	r0, r5
10003206:	9a01      	ldr	r2, [sp, #4]
10003208:	a902      	add	r1, sp, #8
1000320a:	f7ff fd79 	bl	10002d00 <stdio_out_chars_crlf>
1000320e:	692d      	ldr	r5, [r5, #16]
10003210:	2d00      	cmp	r5, #0
10003212:	d1f0      	bne.n	100031f6 <__wrap_vprintf+0x7a>
10003214:	f8d8 4000 	ldr.w	r4, [r8]
10003218:	9501      	str	r5, [sp, #4]
1000321a:	e7d5      	b.n	100031c8 <__wrap_vprintf+0x4c>
1000321c:	4805      	ldr	r0, [pc, #20]	@ (10003234 <__wrap_vprintf+0xb8>)
1000321e:	f007 fbfb 	bl	1000aa18 <__mutex_exit_veneer>
10003222:	4630      	mov	r0, r6
10003224:	b022      	add	sp, #136	@ 0x88
10003226:	e8bd 81f0 	ldmia.w	sp!, {r4, r5, r6, r7, r8, pc}
1000322a:	9501      	str	r5, [sp, #4]
1000322c:	e7d3      	b.n	100031d6 <__wrap_vprintf+0x5a>
1000322e:	bf00      	nop
10003230:	000f4240 	.word	0x000f4240
10003234:	20001148 	.word	0x20001148
10003238:	10002db9 	.word	0x10002db9
1000323c:	200014f0 	.word	0x200014f0
10003240:	200014f4 	.word	0x200014f4

10003244 <__wrap_printf>:
10003244:	b40f      	push	{r0, r1, r2, r3}
10003246:	b500      	push	{lr}
10003248:	b083      	sub	sp, #12
1000324a:	a904      	add	r1, sp, #16
1000324c:	f851 0b04 	ldr.w	r0, [r1], #4
10003250:	9101      	str	r1, [sp, #4]
10003252:	f7ff ff93 	bl	1000317c <__wrap_vprintf>
10003256:	b003      	add	sp, #12
10003258:	f85d eb04 	ldr.w	lr, [sp], #4
1000325c:	b004      	add	sp, #16
1000325e:	4770      	bx	lr

10003260 <stdio_uart_out_chars>:
10003260:	f1b1 0c00 	subs.w	ip, r1, #0
10003264:	dd1d      	ble.n	100032a2 <stdio_uart_out_chars+0x42>
10003266:	4a0f      	ldr	r2, [pc, #60]	@ (100032a4 <stdio_uart_out_chars+0x44>)
10003268:	4b0f      	ldr	r3, [pc, #60]	@ (100032a8 <stdio_uart_out_chars+0x48>)
1000326a:	6812      	ldr	r2, [r2, #0]
1000326c:	b530      	push	{r4, r5, lr}
1000326e:	1ad3      	subs	r3, r2, r3
10003270:	fab3 f383 	clz	r3, r3
10003274:	240d      	movs	r4, #13
10003276:	4d0d      	ldr	r5, [pc, #52]	@ (100032ac <stdio_uart_out_chars+0x4c>)
10003278:	095b      	lsrs	r3, r3, #5
1000327a:	1e41      	subs	r1, r0, #1
1000327c:	f935 e013 	ldrsh.w	lr, [r5, r3, lsl #1]
10003280:	448c      	add	ip, r1
10003282:	f811 0f01 	ldrb.w	r0, [r1, #1]!
10003286:	4586      	cmp	lr, r0
10003288:	d006      	beq.n	10003298 <stdio_uart_out_chars+0x38>
1000328a:	6993      	ldr	r3, [r2, #24]
1000328c:	069b      	lsls	r3, r3, #26
1000328e:	d4fc      	bmi.n	1000328a <stdio_uart_out_chars+0x2a>
10003290:	4561      	cmp	r1, ip
10003292:	6010      	str	r0, [r2, #0]
10003294:	d1f5      	bne.n	10003282 <stdio_uart_out_chars+0x22>
10003296:	bd30      	pop	{r4, r5, pc}
10003298:	6993      	ldr	r3, [r2, #24]
1000329a:	069d      	lsls	r5, r3, #26
1000329c:	d4fc      	bmi.n	10003298 <stdio_uart_out_chars+0x38>
1000329e:	6014      	str	r4, [r2, #0]
100032a0:	e7f3      	b.n	1000328a <stdio_uart_out_chars+0x2a>
100032a2:	4770      	bx	lr
100032a4:	20001528 	.word	0x20001528
100032a8:	40078000 	.word	0x40078000
100032ac:	20001524 	.word	0x20001524

100032b0 <stdio_uart_in_chars>:
100032b0:	f1b1 0c00 	subs.w	ip, r1, #0
100032b4:	4603      	mov	r3, r0
100032b6:	dd2d      	ble.n	10003314 <stdio_uart_in_chars+0x64>
100032b8:	2000      	movs	r0, #0
100032ba:	4a1f      	ldr	r2, [pc, #124]	@ (10003338 <stdio_uart_in_chars+0x88>)
100032bc:	1e59      	subs	r1, r3, #1
100032be:	6812      	ldr	r2, [r2, #0]
100032c0:	6993      	ldr	r3, [r2, #24]
100032c2:	06db      	lsls	r3, r3, #27
100032c4:	d417      	bmi.n	100032f6 <stdio_uart_in_chars+0x46>
100032c6:	3001      	adds	r0, #1
100032c8:	6993      	ldr	r3, [r2, #24]
100032ca:	06db      	lsls	r3, r3, #27
100032cc:	d4fc      	bmi.n	100032c8 <stdio_uart_in_chars+0x18>
100032ce:	6813      	ldr	r3, [r2, #0]
100032d0:	4584      	cmp	ip, r0
100032d2:	f801 3f01 	strb.w	r3, [r1, #1]!
100032d6:	d1f3      	bne.n	100032c0 <stdio_uart_in_chars+0x10>
100032d8:	4b18      	ldr	r3, [pc, #96]	@ (1000333c <stdio_uart_in_chars+0x8c>)
100032da:	681b      	ldr	r3, [r3, #0]
100032dc:	b14b      	cbz	r3, 100032f2 <stdio_uart_in_chars+0x42>
100032de:	2150      	movs	r1, #80	@ 0x50
100032e0:	4613      	mov	r3, r2
100032e2:	6391      	str	r1, [r2, #56]	@ 0x38
100032e4:	f853 2f34 	ldr.w	r2, [r3, #52]!
100032e8:	f002 0238 	and.w	r2, r2, #56	@ 0x38
100032ec:	f503 5380 	add.w	r3, r3, #4096	@ 0x1000
100032f0:	601a      	str	r2, [r3, #0]
100032f2:	4660      	mov	r0, ip
100032f4:	4770      	bx	lr
100032f6:	4b11      	ldr	r3, [pc, #68]	@ (1000333c <stdio_uart_in_chars+0x8c>)
100032f8:	681b      	ldr	r3, [r3, #0]
100032fa:	b14b      	cbz	r3, 10003310 <stdio_uart_in_chars+0x60>
100032fc:	2150      	movs	r1, #80	@ 0x50
100032fe:	4613      	mov	r3, r2
10003300:	6391      	str	r1, [r2, #56]	@ 0x38
10003302:	f853 2f34 	ldr.w	r2, [r3, #52]!
10003306:	f002 0238 	and.w	r2, r2, #56	@ 0x38
1000330a:	f503 5380 	add.w	r3, r3, #4096	@ 0x1000
1000330e:	601a      	str	r2, [r3, #0]
10003310:	b178      	cbz	r0, 10003332 <stdio_uart_in_chars+0x82>
10003312:	4770      	bx	lr
10003314:	4b09      	ldr	r3, [pc, #36]	@ (1000333c <stdio_uart_in_chars+0x8c>)
10003316:	681b      	ldr	r3, [r3, #0]
10003318:	b15b      	cbz	r3, 10003332 <stdio_uart_in_chars+0x82>
1000331a:	4b07      	ldr	r3, [pc, #28]	@ (10003338 <stdio_uart_in_chars+0x88>)
1000331c:	2150      	movs	r1, #80	@ 0x50
1000331e:	681a      	ldr	r2, [r3, #0]
10003320:	4613      	mov	r3, r2
10003322:	6391      	str	r1, [r2, #56]	@ 0x38
10003324:	f853 2f34 	ldr.w	r2, [r3, #52]!
10003328:	f002 0238 	and.w	r2, r2, #56	@ 0x38
1000332c:	f503 5380 	add.w	r3, r3, #4096	@ 0x1000
10003330:	601a      	str	r2, [r3, #0]
10003332:	f06f 0002 	mvn.w	r0, #2
10003336:	4770      	bx	lr
10003338:	20001528 	.word	0x20001528
1000333c:	200014bc 	.word	0x200014bc

10003340 <on_uart_rx>:
10003340:	4b05      	ldr	r3, [pc, #20]	@ (10003358 <on_uart_rx+0x18>)
10003342:	681b      	ldr	r3, [r3, #0]
10003344:	b133      	cbz	r3, 10003354 <on_uart_rx+0x14>
10003346:	2100      	movs	r1, #0
10003348:	4a04      	ldr	r2, [pc, #16]	@ (1000335c <on_uart_rx+0x1c>)
1000334a:	4805      	ldr	r0, [pc, #20]	@ (10003360 <on_uart_rx+0x20>)
1000334c:	6812      	ldr	r2, [r2, #0]
1000334e:	6800      	ldr	r0, [r0, #0]
10003350:	6391      	str	r1, [r2, #56]	@ 0x38
10003352:	4718      	bx	r3
10003354:	4770      	bx	lr
10003356:	bf00      	nop
10003358:	200014bc 	.word	0x200014bc
1000335c:	20001528 	.word	0x20001528
10003360:	200014c0 	.word	0x200014c0

10003364 <stdio_uart_out_flush>:
10003364:	4b02      	ldr	r3, [pc, #8]	@ (10003370 <stdio_uart_out_flush+0xc>)
10003366:	681a      	ldr	r2, [r3, #0]
10003368:	6993      	ldr	r3, [r2, #24]
1000336a:	071b      	lsls	r3, r3, #28
1000336c:	d4fc      	bmi.n	10003368 <stdio_uart_out_flush+0x4>
1000336e:	4770      	bx	lr
10003370:	20001528 	.word	0x20001528

10003374 <stdio_uart_set_chars_available_callback>:
10003374:	b570      	push	{r4, r5, r6, lr}
10003376:	4e1b      	ldr	r6, [pc, #108]	@ (100033e4 <stdio_uart_set_chars_available_callback+0x70>)
10003378:	4d1b      	ldr	r5, [pc, #108]	@ (100033e8 <stdio_uart_set_chars_available_callback+0x74>)
1000337a:	6832      	ldr	r2, [r6, #0]
1000337c:	4604      	mov	r4, r0
1000337e:	42aa      	cmp	r2, r5
10003380:	bf0c      	ite	eq
10003382:	2522      	moveq	r5, #34	@ 0x22
10003384:	2521      	movne	r5, #33	@ 0x21
10003386:	b120      	cbz	r0, 10003392 <stdio_uart_set_chars_available_callback+0x1e>
10003388:	4a18      	ldr	r2, [pc, #96]	@ (100033ec <stdio_uart_set_chars_available_callback+0x78>)
1000338a:	460b      	mov	r3, r1
1000338c:	6811      	ldr	r1, [r2, #0]
1000338e:	b189      	cbz	r1, 100033b4 <stdio_uart_set_chars_available_callback+0x40>
10003390:	bd70      	pop	{r4, r5, r6, pc}
10003392:	4e16      	ldr	r6, [pc, #88]	@ (100033ec <stdio_uart_set_chars_available_callback+0x78>)
10003394:	6833      	ldr	r3, [r6, #0]
10003396:	2b00      	cmp	r3, #0
10003398:	d0fa      	beq.n	10003390 <stdio_uart_set_chars_available_callback+0x1c>
1000339a:	4601      	mov	r1, r0
1000339c:	6390      	str	r0, [r2, #56]	@ 0x38
1000339e:	4628      	mov	r0, r5
100033a0:	f7fd f872 	bl	10000488 <irq_set_enabled>
100033a4:	4628      	mov	r0, r5
100033a6:	4912      	ldr	r1, [pc, #72]	@ (100033f0 <stdio_uart_set_chars_available_callback+0x7c>)
100033a8:	f7fd f8b4 	bl	10000514 <irq_remove_handler>
100033ac:	4b11      	ldr	r3, [pc, #68]	@ (100033f4 <stdio_uart_set_chars_available_callback+0x80>)
100033ae:	6034      	str	r4, [r6, #0]
100033b0:	601c      	str	r4, [r3, #0]
100033b2:	bd70      	pop	{r4, r5, r6, pc}
100033b4:	6010      	str	r0, [r2, #0]
100033b6:	4a0f      	ldr	r2, [pc, #60]	@ (100033f4 <stdio_uart_set_chars_available_callback+0x80>)
100033b8:	4628      	mov	r0, r5
100033ba:	490d      	ldr	r1, [pc, #52]	@ (100033f0 <stdio_uart_set_chars_available_callback+0x7c>)
100033bc:	6013      	str	r3, [r2, #0]
100033be:	f7fd f879 	bl	100004b4 <irq_set_exclusive_handler>
100033c2:	2101      	movs	r1, #1
100033c4:	4628      	mov	r0, r5
100033c6:	f7fd f85f 	bl	10000488 <irq_set_enabled>
100033ca:	6832      	ldr	r2, [r6, #0]
100033cc:	2150      	movs	r1, #80	@ 0x50
100033ce:	4613      	mov	r3, r2
100033d0:	6391      	str	r1, [r2, #56]	@ 0x38
100033d2:	f853 2f34 	ldr.w	r2, [r3, #52]!
100033d6:	f002 0238 	and.w	r2, r2, #56	@ 0x38
100033da:	f503 5380 	add.w	r3, r3, #4096	@ 0x1000
100033de:	601a      	str	r2, [r3, #0]
100033e0:	bd70      	pop	{r4, r5, r6, pc}
100033e2:	bf00      	nop
100033e4:	20001528 	.word	0x20001528
100033e8:	40078000 	.word	0x40078000
100033ec:	200014bc 	.word	0x200014bc
100033f0:	10003341 	.word	0x10003341
100033f4:	200014c0 	.word	0x200014c0

100033f8 <stdio_uart_init>:
100033f8:	b510      	push	{r4, lr}
100033fa:	490e      	ldr	r1, [pc, #56]	@ (10003434 <stdio_uart_init+0x3c>)
100033fc:	4c0e      	ldr	r4, [pc, #56]	@ (10003438 <stdio_uart_init+0x40>)
100033fe:	480f      	ldr	r0, [pc, #60]	@ (1000343c <stdio_uart_init+0x44>)
10003400:	4a0f      	ldr	r2, [pc, #60]	@ (10003440 <stdio_uart_init+0x48>)
10003402:	4b10      	ldr	r3, [pc, #64]	@ (10003444 <stdio_uart_init+0x4c>)
10003404:	7800      	ldrb	r0, [r0, #0]
10003406:	6021      	str	r1, [r4, #0]
10003408:	2000      	movs	r0, #0
1000340a:	2102      	movs	r1, #2
1000340c:	7812      	ldrb	r2, [r2, #0]
1000340e:	781b      	ldrb	r3, [r3, #0]
10003410:	f7fc ff98 	bl	10000344 <gpio_set_function>
10003414:	2102      	movs	r1, #2
10003416:	2001      	movs	r0, #1
10003418:	f7fc ff94 	bl	10000344 <gpio_set_function>
1000341c:	f44f 31e1 	mov.w	r1, #115200	@ 0x1c200
10003420:	6820      	ldr	r0, [r4, #0]
10003422:	f7fd fd63 	bl	10000eec <uart_init>
10003426:	e8bd 4010 	ldmia.w	sp!, {r4, lr}
1000342a:	2101      	movs	r1, #1
1000342c:	4806      	ldr	r0, [pc, #24]	@ (10003448 <stdio_uart_init+0x50>)
1000342e:	f7ff bdad 	b.w	10002f8c <stdio_set_driver_enabled>
10003432:	bf00      	nop
10003434:	40070000 	.word	0x40070000
10003438:	20001528 	.word	0x20001528
1000343c:	1000b0a8 	.word	0x1000b0a8
10003440:	1000b0a4 	.word	0x1000b0a4
10003444:	1000b0a0 	.word	0x1000b0a0
10003448:	2000089c 	.word	0x2000089c

1000344c <lfs_dir_traverse_filter>:
1000344c:	4a18      	ldr	r2, [pc, #96]	@ (100034b0 <lfs_dir_traverse_filter+0x64>)
1000344e:	f011 5f80 	tst.w	r1, #268435456	@ 0x10000000
10003452:	4b18      	ldr	r3, [pc, #96]	@ (100034b4 <lfs_dir_traverse_filter+0x68>)
10003454:	bf18      	it	ne
10003456:	4613      	movne	r3, r2
10003458:	b410      	push	{r4}
1000345a:	6804      	ldr	r4, [r0, #0]
1000345c:	ea84 0c01 	eor.w	ip, r4, r1
10003460:	ea1c 0f03 	tst.w	ip, r3
10003464:	d014      	beq.n	10003490 <lfs_dir_traverse_filter+0x44>
10003466:	f344 0309 	sbfx	r3, r4, #0, #10
1000346a:	3301      	adds	r3, #1
1000346c:	d010      	beq.n	10003490 <lfs_dir_traverse_filter+0x44>
1000346e:	4b12      	ldr	r3, [pc, #72]	@ (100034b8 <lfs_dir_traverse_filter+0x6c>)
10003470:	400a      	ands	r2, r1
10003472:	4023      	ands	r3, r4
10003474:	f043 439f 	orr.w	r3, r3, #1333788672	@ 0x4f800000
10003478:	f443 03e0 	orr.w	r3, r3, #7340032	@ 0x700000
1000347c:	429a      	cmp	r2, r3
1000347e:	d007      	beq.n	10003490 <lfs_dir_traverse_filter+0x44>
10003480:	0d0b      	lsrs	r3, r1, #20
10003482:	f403 62e0 	and.w	r2, r3, #1792	@ 0x700
10003486:	f5b2 6f80 	cmp.w	r2, #1024	@ 0x400
1000348a:	d005      	beq.n	10003498 <lfs_dir_traverse_filter+0x4c>
1000348c:	2000      	movs	r0, #0
1000348e:	e000      	b.n	10003492 <lfs_dir_traverse_filter+0x46>
10003490:	2001      	movs	r0, #1
10003492:	f85d 4b04 	ldr.w	r4, [sp], #4
10003496:	4770      	bx	lr
10003498:	f3c4 2289 	ubfx	r2, r4, #10, #10
1000349c:	f3c1 2189 	ubfx	r1, r1, #10, #10
100034a0:	428a      	cmp	r2, r1
100034a2:	d3f3      	bcc.n	1000348c <lfs_dir_traverse_filter+0x40>
100034a4:	b25b      	sxtb	r3, r3
100034a6:	eb04 2483 	add.w	r4, r4, r3, lsl #10
100034aa:	6004      	str	r4, [r0, #0]
100034ac:	e7ee      	b.n	1000348c <lfs_dir_traverse_filter+0x40>
100034ae:	bf00      	nop
100034b0:	7ffffc00 	.word	0x7ffffc00
100034b4:	700ffc00 	.word	0x700ffc00
100034b8:	000ffc00 	.word	0x000ffc00

100034bc <lfs_dir_commit_size>:
100034bc:	4603      	mov	r3, r0
100034be:	f341 0209 	sbfx	r2, r1, #0, #10
100034c2:	f1b2 3fff 	cmp.w	r2, #4294967295	@ 0xffffffff
100034c6:	bf08      	it	eq
100034c8:	3101      	addeq	r1, #1
100034ca:	681a      	ldr	r2, [r3, #0]
100034cc:	f3c1 0109 	ubfx	r1, r1, #0, #10
100034d0:	3204      	adds	r2, #4
100034d2:	4411      	add	r1, r2
100034d4:	2000      	movs	r0, #0
100034d6:	6019      	str	r1, [r3, #0]
100034d8:	4770      	bx	lr
100034da:	bf00      	nop

100034dc <lfs_init>:
100034dc:	e92d 41f0 	stmdb	sp!, {r4, r5, r6, r7, r8, lr}
100034e0:	4c3e      	ldr	r4, [pc, #248]	@ (100035dc <lfs_init+0x100>)
100034e2:	6ac6      	ldr	r6, [r0, #44]	@ 0x2c
100034e4:	4605      	mov	r5, r0
100034e6:	66a0      	str	r0, [r4, #104]	@ 0x68
100034e8:	2e00      	cmp	r6, #0
100034ea:	d045      	beq.n	10003578 <lfs_init+0x9c>
100034ec:	4637      	mov	r7, r6
100034ee:	f8d0 8024 	ldr.w	r8, [r0, #36]	@ 0x24
100034f2:	60e6      	str	r6, [r4, #12]
100034f4:	6b2b      	ldr	r3, [r5, #48]	@ 0x30
100034f6:	2b00      	cmp	r3, #0
100034f8:	d04e      	beq.n	10003598 <lfs_init+0xbc>
100034fa:	61e3      	str	r3, [r4, #28]
100034fc:	f04f 36ff 	mov.w	r6, #4294967295	@ 0xffffffff
10003500:	4642      	mov	r2, r8
10003502:	21ff      	movs	r1, #255	@ 0xff
10003504:	4638      	mov	r0, r7
10003506:	f006 ffe7 	bl	1000a4d8 <memset>
1000350a:	6ea3      	ldr	r3, [r4, #104]	@ 0x68
1000350c:	21ff      	movs	r1, #255	@ 0xff
1000350e:	6a5a      	ldr	r2, [r3, #36]	@ 0x24
10003510:	69e0      	ldr	r0, [r4, #28]
10003512:	6026      	str	r6, [r4, #0]
10003514:	f006 ffe0 	bl	1000a4d8 <memset>
10003518:	6ea5      	ldr	r5, [r4, #104]	@ 0x68
1000351a:	6126      	str	r6, [r4, #16]
1000351c:	6b6b      	ldr	r3, [r5, #52]	@ 0x34
1000351e:	2b00      	cmp	r3, #0
10003520:	d049      	beq.n	100035b6 <lfs_init+0xda>
10003522:	6663      	str	r3, [r4, #100]	@ 0x64
10003524:	6baa      	ldr	r2, [r5, #56]	@ 0x38
10003526:	f04f 30ff 	mov.w	r0, #4294967295	@ 0xffffffff
1000352a:	2a00      	cmp	r2, #0
1000352c:	bf08      	it	eq
1000352e:	22ff      	moveq	r2, #255	@ 0xff
10003530:	f04f 31ff 	mov.w	r1, #4294967295	@ 0xffffffff
10003534:	2300      	movs	r3, #0
10003536:	66e2      	str	r2, [r4, #108]	@ 0x6c
10003538:	e9c4 0108 	strd	r0, r1, [r4, #32]
1000353c:	6be9      	ldr	r1, [r5, #60]	@ 0x3c
1000353e:	f240 37fe 	movw	r7, #1022	@ 0x3fe
10003542:	4299      	cmp	r1, r3
10003544:	bf08      	it	eq
10003546:	f06f 4100 	mvneq.w	r1, #2147483648	@ 0x80000000
1000354a:	6721      	str	r1, [r4, #112]	@ 0x70
1000354c:	6c29      	ldr	r1, [r5, #64]	@ 0x40
1000354e:	4618      	mov	r0, r3
10003550:	4299      	cmp	r1, r3
10003552:	bf08      	it	eq
10003554:	4639      	moveq	r1, r7
10003556:	4a22      	ldr	r2, [pc, #136]	@ (100035e0 <lfs_init+0x104>)
10003558:	e9c4 330b 	strd	r3, r3, [r4, #44]	@ 0x2c
1000355c:	e9c2 3301 	strd	r3, r3, [r2, #4]
10003560:	e9c2 3304 	strd	r3, r3, [r2, #16]
10003564:	62a3      	str	r3, [r4, #40]	@ 0x28
10003566:	f842 3c08 	str.w	r3, [r2, #-8]
1000356a:	f842 3c04 	str.w	r3, [r2, #-4]
1000356e:	63e3      	str	r3, [r4, #60]	@ 0x3c
10003570:	64a3      	str	r3, [r4, #72]	@ 0x48
10003572:	6761      	str	r1, [r4, #116]	@ 0x74
10003574:	e8bd 81f0 	ldmia.w	sp!, {r4, r5, r6, r7, r8, pc}
10003578:	f8d0 8024 	ldr.w	r8, [r0, #36]	@ 0x24
1000357c:	4640      	mov	r0, r8
1000357e:	f7fe f877 	bl	10001670 <__wrap_malloc>
10003582:	4607      	mov	r7, r0
10003584:	60e0      	str	r0, [r4, #12]
10003586:	2800      	cmp	r0, #0
10003588:	d1b4      	bne.n	100034f4 <lfs_init+0x18>
1000358a:	68e0      	ldr	r0, [r4, #12]
1000358c:	f7fe f88c 	bl	100016a8 <__wrap_free>
10003590:	6ea3      	ldr	r3, [r4, #104]	@ 0x68
10003592:	6b1b      	ldr	r3, [r3, #48]	@ 0x30
10003594:	b95b      	cbnz	r3, 100035ae <lfs_init+0xd2>
10003596:	e007      	b.n	100035a8 <lfs_init+0xcc>
10003598:	4640      	mov	r0, r8
1000359a:	f7fe f869 	bl	10001670 <__wrap_malloc>
1000359e:	61e0      	str	r0, [r4, #28]
100035a0:	2800      	cmp	r0, #0
100035a2:	d1ab      	bne.n	100034fc <lfs_init+0x20>
100035a4:	2e00      	cmp	r6, #0
100035a6:	d0f0      	beq.n	1000358a <lfs_init+0xae>
100035a8:	69e0      	ldr	r0, [r4, #28]
100035aa:	f7fe f87d 	bl	100016a8 <__wrap_free>
100035ae:	6ea3      	ldr	r3, [r4, #104]	@ 0x68
100035b0:	6b5b      	ldr	r3, [r3, #52]	@ 0x34
100035b2:	b983      	cbnz	r3, 100035d6 <lfs_init+0xfa>
100035b4:	e00c      	b.n	100035d0 <lfs_init+0xf4>
100035b6:	6aa8      	ldr	r0, [r5, #40]	@ 0x28
100035b8:	f7fe f85a 	bl	10001670 <__wrap_malloc>
100035bc:	6660      	str	r0, [r4, #100]	@ 0x64
100035be:	2800      	cmp	r0, #0
100035c0:	d1b0      	bne.n	10003524 <lfs_init+0x48>
100035c2:	6aeb      	ldr	r3, [r5, #44]	@ 0x2c
100035c4:	2b00      	cmp	r3, #0
100035c6:	d0e0      	beq.n	1000358a <lfs_init+0xae>
100035c8:	6ea3      	ldr	r3, [r4, #104]	@ 0x68
100035ca:	6b1b      	ldr	r3, [r3, #48]	@ 0x30
100035cc:	2b00      	cmp	r3, #0
100035ce:	d0eb      	beq.n	100035a8 <lfs_init+0xcc>
100035d0:	6e60      	ldr	r0, [r4, #100]	@ 0x64
100035d2:	f7fe f869 	bl	100016a8 <__wrap_free>
100035d6:	f06f 000b 	mvn.w	r0, #11
100035da:	e7cb      	b.n	10003574 <lfs_init+0x98>
100035dc:	200012d0 	.word	0x200012d0
100035e0:	2000130c 	.word	0x2000130c

100035e4 <lfs_bd_read.part.0.constprop.0>:
100035e4:	e92d 4ff0 	stmdb	sp!, {r4, r5, r6, r7, r8, r9, sl, fp, lr}
100035e8:	b083      	sub	sp, #12
100035ea:	9f0d      	ldr	r7, [sp, #52]	@ 0x34
100035ec:	2f00      	cmp	r7, #0
100035ee:	d06c      	beq.n	100036ca <lfs_bd_read.part.0.constprop.0+0xe6>
100035f0:	4605      	mov	r5, r0
100035f2:	4689      	mov	r9, r1
100035f4:	4616      	mov	r6, r2
100035f6:	461c      	mov	r4, r3
100035f8:	f8df a0fc 	ldr.w	sl, [pc, #252]	@ 100036f8 <lfs_bd_read.part.0.constprop.0+0x114>
100035fc:	f101 3bff 	add.w	fp, r1, #4294967295	@ 0xffffffff
10003600:	682b      	ldr	r3, [r5, #0]
10003602:	429e      	cmp	r6, r3
10003604:	d045      	beq.n	10003692 <lfs_bd_read.part.0.constprop.0+0xae>
10003606:	f8dd 8034 	ldr.w	r8, [sp, #52]	@ 0x34
1000360a:	4643      	mov	r3, r8
1000360c:	f8da c068 	ldr.w	ip, [sl, #104]	@ 0x68
10003610:	4599      	cmp	r9, r3
10003612:	f8dc 0010 	ldr.w	r0, [ip, #16]
10003616:	fbb4 f3f0 	udiv	r3, r4, r0
1000361a:	fb00 4313 	mls	r3, r0, r3, r4
1000361e:	d816      	bhi.n	1000364e <lfs_bd_read.part.0.constprop.0+0x6a>
10003620:	b9ab      	cbnz	r3, 1000364e <lfs_bd_read.part.0.constprop.0+0x6a>
10003622:	9a0d      	ldr	r2, [sp, #52]	@ 0x34
10003624:	4290      	cmp	r0, r2
10003626:	d812      	bhi.n	1000364e <lfs_bd_read.part.0.constprop.0+0x6a>
10003628:	f8dc 3004 	ldr.w	r3, [ip, #4]
1000362c:	4621      	mov	r1, r4
1000362e:	461f      	mov	r7, r3
10003630:	fbb8 f3f0 	udiv	r3, r8, r0
10003634:	fb00 8313 	mls	r3, r0, r3, r8
10003638:	9a0c      	ldr	r2, [sp, #48]	@ 0x30
1000363a:	9300      	str	r3, [sp, #0]
1000363c:	4630      	mov	r0, r6
1000363e:	eba8 0303 	sub.w	r3, r8, r3
10003642:	9301      	str	r3, [sp, #4]
10003644:	47b8      	blx	r7
10003646:	b390      	cbz	r0, 100036ae <lfs_bd_read.part.0.constprop.0+0xca>
10003648:	b003      	add	sp, #12
1000364a:	e8bd 8ff0 	ldmia.w	sp!, {r4, r5, r6, r7, r8, r9, sl, fp, pc}
1000364e:	eb0b 0204 	add.w	r2, fp, r4
10003652:	4402      	add	r2, r0
10003654:	fbb2 fef0 	udiv	lr, r2, r0
10003658:	fb00 201e 	mls	r0, r0, lr, r2
1000365c:	1a12      	subs	r2, r2, r0
1000365e:	f8dc 0018 	ldr.w	r0, [ip, #24]
10003662:	1ae1      	subs	r1, r4, r3
10003664:	1b1b      	subs	r3, r3, r4
10003666:	4282      	cmp	r2, r0
10003668:	bf94      	ite	ls
1000366a:	189b      	addls	r3, r3, r2
1000366c:	181b      	addhi	r3, r3, r0
1000366e:	f8dc e024 	ldr.w	lr, [ip, #36]	@ 0x24
10003672:	f8dc 8004 	ldr.w	r8, [ip, #4]
10003676:	4573      	cmp	r3, lr
10003678:	bf28      	it	cs
1000367a:	4673      	movcs	r3, lr
1000367c:	4630      	mov	r0, r6
1000367e:	e9c5 6100 	strd	r6, r1, [r5]
10003682:	68ea      	ldr	r2, [r5, #12]
10003684:	60ab      	str	r3, [r5, #8]
10003686:	47c0      	blx	r8
10003688:	2800      	cmp	r0, #0
1000368a:	d1dd      	bne.n	10003648 <lfs_bd_read.part.0.constprop.0+0x64>
1000368c:	682b      	ldr	r3, [r5, #0]
1000368e:	429e      	cmp	r6, r3
10003690:	d1b9      	bne.n	10003606 <lfs_bd_read.part.0.constprop.0+0x22>
10003692:	e9d5 1301 	ldrd	r1, r3, [r5, #4]
10003696:	440b      	add	r3, r1
10003698:	42a3      	cmp	r3, r4
1000369a:	d9b4      	bls.n	10003606 <lfs_bd_read.part.0.constprop.0+0x22>
1000369c:	42a1      	cmp	r1, r4
1000369e:	d918      	bls.n	100036d2 <lfs_bd_read.part.0.constprop.0+0xee>
100036a0:	9b0d      	ldr	r3, [sp, #52]	@ 0x34
100036a2:	eba1 0804 	sub.w	r8, r1, r4
100036a6:	4598      	cmp	r8, r3
100036a8:	bf28      	it	cs
100036aa:	4698      	movcs	r8, r3
100036ac:	e7ae      	b.n	1000360c <lfs_bd_read.part.0.constprop.0+0x28>
100036ae:	9b00      	ldr	r3, [sp, #0]
100036b0:	eba3 0208 	sub.w	r2, r3, r8
100036b4:	9b0d      	ldr	r3, [sp, #52]	@ 0x34
100036b6:	4413      	add	r3, r2
100036b8:	930d      	str	r3, [sp, #52]	@ 0x34
100036ba:	9a0c      	ldr	r2, [sp, #48]	@ 0x30
100036bc:	9b01      	ldr	r3, [sp, #4]
100036be:	441a      	add	r2, r3
100036c0:	920c      	str	r2, [sp, #48]	@ 0x30
100036c2:	441c      	add	r4, r3
100036c4:	9b0d      	ldr	r3, [sp, #52]	@ 0x34
100036c6:	2b00      	cmp	r3, #0
100036c8:	d19a      	bne.n	10003600 <lfs_bd_read.part.0.constprop.0+0x1c>
100036ca:	2000      	movs	r0, #0
100036cc:	b003      	add	sp, #12
100036ce:	e8bd 8ff0 	ldmia.w	sp!, {r4, r5, r6, r7, r8, r9, sl, fp, pc}
100036d2:	1b1a      	subs	r2, r3, r4
100036d4:	9b0d      	ldr	r3, [sp, #52]	@ 0x34
100036d6:	980c      	ldr	r0, [sp, #48]	@ 0x30
100036d8:	429a      	cmp	r2, r3
100036da:	bf28      	it	cs
100036dc:	461a      	movcs	r2, r3
100036de:	68eb      	ldr	r3, [r5, #12]
100036e0:	1a61      	subs	r1, r4, r1
100036e2:	4419      	add	r1, r3
100036e4:	4603      	mov	r3, r0
100036e6:	4413      	add	r3, r2
100036e8:	930c      	str	r3, [sp, #48]	@ 0x30
100036ea:	9b0d      	ldr	r3, [sp, #52]	@ 0x34
100036ec:	4414      	add	r4, r2
100036ee:	1a9b      	subs	r3, r3, r2
100036f0:	930d      	str	r3, [sp, #52]	@ 0x34
100036f2:	f006 fe7b 	bl	1000a3ec <memcpy>
100036f6:	e7e5      	b.n	100036c4 <lfs_bd_read.part.0.constprop.0+0xe0>
100036f8:	200012d0 	.word	0x200012d0

100036fc <lfs_bd_read>:
100036fc:	e92d 4ff0 	stmdb	sp!, {r4, r5, r6, r7, r8, r9, sl, fp, lr}
10003700:	461e      	mov	r6, r3
10003702:	f8df b160 	ldr.w	fp, [pc, #352]	@ 10003864 <lfs_bd_read+0x168>
10003706:	b085      	sub	sp, #20
10003708:	f8db c068 	ldr.w	ip, [fp, #104]	@ 0x68
1000370c:	9c0e      	ldr	r4, [sp, #56]	@ 0x38
1000370e:	f8dc 301c 	ldr.w	r3, [ip, #28]
10003712:	9f10      	ldr	r7, [sp, #64]	@ 0x40
10003714:	42b3      	cmp	r3, r6
10003716:	f240 80a2 	bls.w	1000385e <lfs_bd_read+0x162>
1000371a:	f8dc 3018 	ldr.w	r3, [ip, #24]
1000371e:	4692      	mov	sl, r2
10003720:	19e2      	adds	r2, r4, r7
10003722:	429a      	cmp	r2, r3
10003724:	f200 809b 	bhi.w	1000385e <lfs_bd_read+0x162>
10003728:	2f00      	cmp	r7, #0
1000372a:	d079      	beq.n	10003820 <lfs_bd_read+0x124>
1000372c:	4681      	mov	r9, r0
1000372e:	460d      	mov	r5, r1
10003730:	f10a 33ff 	add.w	r3, sl, #4294967295	@ 0xffffffff
10003734:	9300      	str	r3, [sp, #0]
10003736:	f1b9 0f00 	cmp.w	r9, #0
1000373a:	d003      	beq.n	10003744 <lfs_bd_read+0x48>
1000373c:	f8d9 3000 	ldr.w	r3, [r9]
10003740:	429e      	cmp	r6, r3
10003742:	d051      	beq.n	100037e8 <lfs_bd_read+0xec>
10003744:	f8dd 8040 	ldr.w	r8, [sp, #64]	@ 0x40
10003748:	682b      	ldr	r3, [r5, #0]
1000374a:	429e      	cmp	r6, r3
1000374c:	d040      	beq.n	100037d0 <lfs_bd_read+0xd4>
1000374e:	f8db 0068 	ldr.w	r0, [fp, #104]	@ 0x68
10003752:	9b10      	ldr	r3, [sp, #64]	@ 0x40
10003754:	6902      	ldr	r2, [r0, #16]
10003756:	459a      	cmp	sl, r3
10003758:	fbb4 f1f2 	udiv	r1, r4, r2
1000375c:	fb02 4111 	mls	r1, r2, r1, r4
10003760:	d816      	bhi.n	10003790 <lfs_bd_read+0x94>
10003762:	b9a9      	cbnz	r1, 10003790 <lfs_bd_read+0x94>
10003764:	429a      	cmp	r2, r3
10003766:	d813      	bhi.n	10003790 <lfs_bd_read+0x94>
10003768:	6843      	ldr	r3, [r0, #4]
1000376a:	4621      	mov	r1, r4
1000376c:	9301      	str	r3, [sp, #4]
1000376e:	fbb8 f3f2 	udiv	r3, r8, r2
10003772:	fb02 8713 	mls	r7, r2, r3, r8
10003776:	4630      	mov	r0, r6
10003778:	eba8 0307 	sub.w	r3, r8, r7
1000377c:	9702      	str	r7, [sp, #8]
1000377e:	9a0f      	ldr	r2, [sp, #60]	@ 0x3c
10003780:	9f01      	ldr	r7, [sp, #4]
10003782:	9303      	str	r3, [sp, #12]
10003784:	47b8      	blx	r7
10003786:	2800      	cmp	r0, #0
10003788:	d03c      	beq.n	10003804 <lfs_bd_read+0x108>
1000378a:	b005      	add	sp, #20
1000378c:	e8bd 8ff0 	ldmia.w	sp!, {r4, r5, r6, r7, r8, r9, sl, fp, pc}
10003790:	9b00      	ldr	r3, [sp, #0]
10003792:	6987      	ldr	r7, [r0, #24]
10003794:	4423      	add	r3, r4
10003796:	4413      	add	r3, r2
10003798:	fbb3 fcf2 	udiv	ip, r3, r2
1000379c:	fb02 321c 	mls	r2, r2, ip, r3
100037a0:	1a9a      	subs	r2, r3, r2
100037a2:	1b0b      	subs	r3, r1, r4
100037a4:	42ba      	cmp	r2, r7
100037a6:	bf94      	ite	ls
100037a8:	189b      	addls	r3, r3, r2
100037aa:	19db      	addhi	r3, r3, r7
100037ac:	6a42      	ldr	r2, [r0, #36]	@ 0x24
100037ae:	1a61      	subs	r1, r4, r1
100037b0:	4293      	cmp	r3, r2
100037b2:	bf28      	it	cs
100037b4:	4613      	movcs	r3, r2
100037b6:	f8d0 8004 	ldr.w	r8, [r0, #4]
100037ba:	68ea      	ldr	r2, [r5, #12]
100037bc:	4630      	mov	r0, r6
100037be:	602e      	str	r6, [r5, #0]
100037c0:	6069      	str	r1, [r5, #4]
100037c2:	60ab      	str	r3, [r5, #8]
100037c4:	47c0      	blx	r8
100037c6:	2800      	cmp	r0, #0
100037c8:	d0b5      	beq.n	10003736 <lfs_bd_read+0x3a>
100037ca:	b005      	add	sp, #20
100037cc:	e8bd 8ff0 	ldmia.w	sp!, {r4, r5, r6, r7, r8, r9, sl, fp, pc}
100037d0:	e9d5 1301 	ldrd	r1, r3, [r5, #4]
100037d4:	440b      	add	r3, r1
100037d6:	42a3      	cmp	r3, r4
100037d8:	d9b9      	bls.n	1000374e <lfs_bd_read+0x52>
100037da:	42a1      	cmp	r1, r4
100037dc:	d924      	bls.n	10003828 <lfs_bd_read+0x12c>
100037de:	1b09      	subs	r1, r1, r4
100037e0:	4588      	cmp	r8, r1
100037e2:	bf28      	it	cs
100037e4:	4688      	movcs	r8, r1
100037e6:	e7b2      	b.n	1000374e <lfs_bd_read+0x52>
100037e8:	e9d9 1301 	ldrd	r1, r3, [r9, #4]
100037ec:	440b      	add	r3, r1
100037ee:	42a3      	cmp	r3, r4
100037f0:	d9a8      	bls.n	10003744 <lfs_bd_read+0x48>
100037f2:	42a1      	cmp	r1, r4
100037f4:	d92a      	bls.n	1000384c <lfs_bd_read+0x150>
100037f6:	9b10      	ldr	r3, [sp, #64]	@ 0x40
100037f8:	eba1 0804 	sub.w	r8, r1, r4
100037fc:	4598      	cmp	r8, r3
100037fe:	bf28      	it	cs
10003800:	4698      	movcs	r8, r3
10003802:	e7a1      	b.n	10003748 <lfs_bd_read+0x4c>
10003804:	9f02      	ldr	r7, [sp, #8]
10003806:	9b10      	ldr	r3, [sp, #64]	@ 0x40
10003808:	eba7 0208 	sub.w	r2, r7, r8
1000380c:	4413      	add	r3, r2
1000380e:	9310      	str	r3, [sp, #64]	@ 0x40
10003810:	9a0f      	ldr	r2, [sp, #60]	@ 0x3c
10003812:	9b03      	ldr	r3, [sp, #12]
10003814:	441a      	add	r2, r3
10003816:	920f      	str	r2, [sp, #60]	@ 0x3c
10003818:	441c      	add	r4, r3
1000381a:	9b10      	ldr	r3, [sp, #64]	@ 0x40
1000381c:	2b00      	cmp	r3, #0
1000381e:	d18a      	bne.n	10003736 <lfs_bd_read+0x3a>
10003820:	2000      	movs	r0, #0
10003822:	b005      	add	sp, #20
10003824:	e8bd 8ff0 	ldmia.w	sp!, {r4, r5, r6, r7, r8, r9, sl, fp, pc}
10003828:	1b1a      	subs	r2, r3, r4
1000382a:	4542      	cmp	r2, r8
1000382c:	bf28      	it	cs
1000382e:	4642      	movcs	r2, r8
10003830:	68eb      	ldr	r3, [r5, #12]
10003832:	1a61      	subs	r1, r4, r1
10003834:	980f      	ldr	r0, [sp, #60]	@ 0x3c
10003836:	4419      	add	r1, r3
10003838:	4603      	mov	r3, r0
1000383a:	4413      	add	r3, r2
1000383c:	930f      	str	r3, [sp, #60]	@ 0x3c
1000383e:	9b10      	ldr	r3, [sp, #64]	@ 0x40
10003840:	4414      	add	r4, r2
10003842:	1a9b      	subs	r3, r3, r2
10003844:	9310      	str	r3, [sp, #64]	@ 0x40
10003846:	f006 fdd1 	bl	1000a3ec <memcpy>
1000384a:	e7e6      	b.n	1000381a <lfs_bd_read+0x11e>
1000384c:	1b1a      	subs	r2, r3, r4
1000384e:	9b10      	ldr	r3, [sp, #64]	@ 0x40
10003850:	1a61      	subs	r1, r4, r1
10003852:	429a      	cmp	r2, r3
10003854:	bf28      	it	cs
10003856:	461a      	movcs	r2, r3
10003858:	f8d9 300c 	ldr.w	r3, [r9, #12]
1000385c:	e7ea      	b.n	10003834 <lfs_bd_read+0x138>
1000385e:	f06f 0001 	mvn.w	r0, #1
10003862:	e792      	b.n	1000378a <lfs_bd_read+0x8e>
10003864:	200012d0 	.word	0x200012d0

10003868 <lfs_fs_parent_match>:
10003868:	b530      	push	{r4, r5, lr}
1000386a:	2508      	movs	r5, #8
1000386c:	4613      	mov	r3, r2
1000386e:	490f      	ldr	r1, [pc, #60]	@ (100038ac <lfs_fs_parent_match+0x44>)
10003870:	b087      	sub	sp, #28
10003872:	6e8a      	ldr	r2, [r1, #104]	@ 0x68
10003874:	4604      	mov	r4, r0
10003876:	a804      	add	r0, sp, #16
10003878:	6992      	ldr	r2, [r2, #24]
1000387a:	9001      	str	r0, [sp, #4]
1000387c:	9502      	str	r5, [sp, #8]
1000387e:	685d      	ldr	r5, [r3, #4]
10003880:	f101 0010 	add.w	r0, r1, #16
10003884:	9500      	str	r5, [sp, #0]
10003886:	681b      	ldr	r3, [r3, #0]
10003888:	f7ff ff38 	bl	100036fc <lfs_bd_read>
1000388c:	b960      	cbnz	r0, 100038a8 <lfs_fs_parent_match+0x40>
1000388e:	9b04      	ldr	r3, [sp, #16]
10003890:	6822      	ldr	r2, [r4, #0]
10003892:	429a      	cmp	r2, r3
10003894:	d008      	beq.n	100038a8 <lfs_fs_parent_match+0x40>
10003896:	9d05      	ldr	r5, [sp, #20]
10003898:	6861      	ldr	r1, [r4, #4]
1000389a:	428d      	cmp	r5, r1
1000389c:	d004      	beq.n	100038a8 <lfs_fs_parent_match+0x40>
1000389e:	428b      	cmp	r3, r1
100038a0:	d002      	beq.n	100038a8 <lfs_fs_parent_match+0x40>
100038a2:	1b50      	subs	r0, r2, r5
100038a4:	bf18      	it	ne
100038a6:	2001      	movne	r0, #1
100038a8:	b007      	add	sp, #28
100038aa:	bd30      	pop	{r4, r5, pc}
100038ac:	200012d0 	.word	0x200012d0

100038b0 <lfs_dir_find_match>:
100038b0:	6843      	ldr	r3, [r0, #4]
100038b2:	f3c1 0109 	ubfx	r1, r1, #0, #10
100038b6:	428b      	cmp	r3, r1
100038b8:	e92d 4ff0 	stmdb	sp!, {r4, r5, r6, r7, r8, r9, sl, fp, lr}
100038bc:	e9d2 9a00 	ldrd	r9, sl, [r2]
100038c0:	461f      	mov	r7, r3
100038c2:	bf28      	it	cs
100038c4:	460f      	movcs	r7, r1
100038c6:	f8d0 b000 	ldr.w	fp, [r0]
100038ca:	b087      	sub	sp, #28
100038cc:	b387      	cbz	r7, 10003930 <lfs_dir_find_match+0x80>
100038ce:	2400      	movs	r4, #0
100038d0:	e9cd 1002 	strd	r1, r0, [sp, #8]
100038d4:	f8df 8078 	ldr.w	r8, [pc, #120]	@ 10003950 <lfs_dir_find_match+0xa0>
100038d8:	ae04      	add	r6, sp, #16
100038da:	e001      	b.n	100038e0 <lfs_dir_find_match+0x30>
100038dc:	42a7      	cmp	r7, r4
100038de:	d924      	bls.n	1000392a <lfs_dir_find_match+0x7a>
100038e0:	f8d8 2068 	ldr.w	r2, [r8, #104]	@ 0x68
100038e4:	1b39      	subs	r1, r7, r4
100038e6:	69d0      	ldr	r0, [r2, #28]
100038e8:	2908      	cmp	r1, #8
100038ea:	460d      	mov	r5, r1
100038ec:	bf28      	it	cs
100038ee:	2508      	movcs	r5, #8
100038f0:	4581      	cmp	r9, r0
100038f2:	eb0a 0304 	add.w	r3, sl, r4
100038f6:	d226      	bcs.n	10003946 <lfs_dir_find_match+0x96>
100038f8:	6992      	ldr	r2, [r2, #24]
100038fa:	18e8      	adds	r0, r5, r3
100038fc:	4290      	cmp	r0, r2
100038fe:	d822      	bhi.n	10003946 <lfs_dir_find_match+0x96>
10003900:	464a      	mov	r2, r9
10003902:	4640      	mov	r0, r8
10003904:	e9cd 6500 	strd	r6, r5, [sp]
10003908:	f7ff fe6c 	bl	100035e4 <lfs_bd_read.part.0.constprop.0>
1000390c:	eb0b 0104 	add.w	r1, fp, r4
10003910:	442c      	add	r4, r5
10003912:	b938      	cbnz	r0, 10003924 <lfs_dir_find_match+0x74>
10003914:	4630      	mov	r0, r6
10003916:	462a      	mov	r2, r5
10003918:	f006 fd38 	bl	1000a38c <memcmp>
1000391c:	2800      	cmp	r0, #0
1000391e:	d0dd      	beq.n	100038dc <lfs_dir_find_match+0x2c>
10003920:	db09      	blt.n	10003936 <lfs_dir_find_match+0x86>
10003922:	2002      	movs	r0, #2
10003924:	b007      	add	sp, #28
10003926:	e8bd 8ff0 	ldmia.w	sp!, {r4, r5, r6, r7, r8, r9, sl, fp, pc}
1000392a:	e9dd 1502 	ldrd	r1, r5, [sp, #8]
1000392e:	686b      	ldr	r3, [r5, #4]
10003930:	4299      	cmp	r1, r3
10003932:	d004      	beq.n	1000393e <lfs_dir_find_match+0x8e>
10003934:	d9f5      	bls.n	10003922 <lfs_dir_find_match+0x72>
10003936:	2001      	movs	r0, #1
10003938:	b007      	add	sp, #28
1000393a:	e8bd 8ff0 	ldmia.w	sp!, {r4, r5, r6, r7, r8, r9, sl, fp, pc}
1000393e:	2000      	movs	r0, #0
10003940:	b007      	add	sp, #28
10003942:	e8bd 8ff0 	ldmia.w	sp!, {r4, r5, r6, r7, r8, r9, sl, fp, pc}
10003946:	f06f 0001 	mvn.w	r0, #1
1000394a:	b007      	add	sp, #28
1000394c:	e8bd 8ff0 	ldmia.w	sp!, {r4, r5, r6, r7, r8, r9, sl, fp, pc}
10003950:	200012d0 	.word	0x200012d0

10003954 <lfs_ctz_traverse.part.0.constprop.0>:
10003954:	e92d 47f0 	stmdb	sp!, {r4, r5, r6, r7, r8, r9, sl, lr}
10003958:	f8df 8090 	ldr.w	r8, [pc, #144]	@ 100039ec <lfs_ctz_traverse.part.0.constprop.0+0x98>
1000395c:	461e      	mov	r6, r3
1000395e:	f8d8 3068 	ldr.w	r3, [r8, #104]	@ 0x68
10003962:	1e54      	subs	r4, r2, #1
10003964:	699d      	ldr	r5, [r3, #24]
10003966:	b088      	sub	sp, #32
10003968:	3d08      	subs	r5, #8
1000396a:	42ac      	cmp	r4, r5
1000396c:	d330      	bcc.n	100039d0 <lfs_ctz_traverse.part.0.constprop.0+0x7c>
1000396e:	4607      	mov	r7, r0
10003970:	fbb4 f0f5 	udiv	r0, r4, r5
10003974:	3801      	subs	r0, #1
10003976:	9105      	str	r1, [sp, #20]
10003978:	f007 f846 	bl	1000aa08 <____popcountsi2_veneer>
1000397c:	6832      	ldr	r2, [r6, #0]
1000397e:	3002      	adds	r0, #2
10003980:	3201      	adds	r2, #1
10003982:	6032      	str	r2, [r6, #0]
10003984:	eba4 0280 	sub.w	r2, r4, r0, lsl #2
10003988:	4295      	cmp	r5, r2
1000398a:	fbb2 f4f5 	udiv	r4, r2, r5
1000398e:	d81b      	bhi.n	100039c8 <lfs_ctz_traverse.part.0.constprop.0+0x74>
10003990:	f04f 0900 	mov.w	r9, #0
10003994:	9b05      	ldr	r3, [sp, #20]
10003996:	ad06      	add	r5, sp, #24
10003998:	f004 0a01 	and.w	sl, r4, #1
1000399c:	f1ca 0202 	rsb	r2, sl, #2
100039a0:	0092      	lsls	r2, r2, #2
100039a2:	4641      	mov	r1, r8
100039a4:	4638      	mov	r0, r7
100039a6:	e9cd 5201 	strd	r5, r2, [sp, #4]
100039aa:	f8cd 9000 	str.w	r9, [sp]
100039ae:	f7ff fea5 	bl	100036fc <lfs_bd_read>
100039b2:	b950      	cbnz	r0, 100039ca <lfs_ctz_traverse.part.0.constprop.0+0x76>
100039b4:	f1ba 0f00 	cmp.w	sl, #0
100039b8:	d10f      	bne.n	100039da <lfs_ctz_traverse.part.0.constprop.0+0x86>
100039ba:	6832      	ldr	r2, [r6, #0]
100039bc:	3c02      	subs	r4, #2
100039be:	f102 0202 	add.w	r2, r2, #2
100039c2:	9b07      	ldr	r3, [sp, #28]
100039c4:	6032      	str	r2, [r6, #0]
100039c6:	d1e7      	bne.n	10003998 <lfs_ctz_traverse.part.0.constprop.0+0x44>
100039c8:	2000      	movs	r0, #0
100039ca:	b008      	add	sp, #32
100039cc:	e8bd 87f0 	ldmia.w	sp!, {r4, r5, r6, r7, r8, r9, sl, pc}
100039d0:	6833      	ldr	r3, [r6, #0]
100039d2:	2000      	movs	r0, #0
100039d4:	3301      	adds	r3, #1
100039d6:	6033      	str	r3, [r6, #0]
100039d8:	e7f7      	b.n	100039ca <lfs_ctz_traverse.part.0.constprop.0+0x76>
100039da:	6833      	ldr	r3, [r6, #0]
100039dc:	3c01      	subs	r4, #1
100039de:	f103 0301 	add.w	r3, r3, #1
100039e2:	6033      	str	r3, [r6, #0]
100039e4:	9b06      	ldr	r3, [sp, #24]
100039e6:	d1d7      	bne.n	10003998 <lfs_ctz_traverse.part.0.constprop.0+0x44>
100039e8:	e7ee      	b.n	100039c8 <lfs_ctz_traverse.part.0.constprop.0+0x74>
100039ea:	bf00      	nop
100039ec:	200012d0 	.word	0x200012d0

100039f0 <lfs_ctz_find.constprop.0>:
100039f0:	e92d 4ff0 	stmdb	sp!, {r4, r5, r6, r7, r8, r9, sl, fp, lr}
100039f4:	b085      	sub	sp, #20
100039f6:	4614      	mov	r4, r2
100039f8:	9103      	str	r1, [sp, #12]
100039fa:	b94a      	cbnz	r2, 10003a10 <lfs_ctz_find.constprop.0+0x20>
100039fc:	f04f 33ff 	mov.w	r3, #4294967295	@ 0xffffffff
10003a00:	2000      	movs	r0, #0
10003a02:	9a0e      	ldr	r2, [sp, #56]	@ 0x38
10003a04:	6013      	str	r3, [r2, #0]
10003a06:	9b0f      	ldr	r3, [sp, #60]	@ 0x3c
10003a08:	601c      	str	r4, [r3, #0]
10003a0a:	b005      	add	sp, #20
10003a0c:	e8bd 8ff0 	ldmia.w	sp!, {r4, r5, r6, r7, r8, r9, sl, fp, pc}
10003a10:	f8df 80d8 	ldr.w	r8, [pc, #216]	@ 10003aec <lfs_ctz_find.constprop.0+0xfc>
10003a14:	4699      	mov	r9, r3
10003a16:	f8d8 1068 	ldr.w	r1, [r8, #104]	@ 0x68
10003a1a:	1e54      	subs	r4, r2, #1
10003a1c:	698b      	ldr	r3, [r1, #24]
10003a1e:	4607      	mov	r7, r0
10003a20:	f1a3 0a08 	sub.w	sl, r3, #8
10003a24:	4554      	cmp	r4, sl
10003a26:	d352      	bcc.n	10003ace <lfs_ctz_find.constprop.0+0xde>
10003a28:	fbb4 f0fa 	udiv	r0, r4, sl
10003a2c:	3801      	subs	r0, #1
10003a2e:	9102      	str	r1, [sp, #8]
10003a30:	f006 ffea 	bl	1000aa08 <____popcountsi2_veneer>
10003a34:	3002      	adds	r0, #2
10003a36:	eba4 0480 	sub.w	r4, r4, r0, lsl #2
10003a3a:	45ca      	cmp	sl, r9
10003a3c:	fbb4 f5fa 	udiv	r5, r4, sl
10003a40:	9902      	ldr	r1, [sp, #8]
10003a42:	d84a      	bhi.n	10003ada <lfs_ctz_find.constprop.0+0xea>
10003a44:	fbb9 f0fa 	udiv	r0, r9, sl
10003a48:	3801      	subs	r0, #1
10003a4a:	9102      	str	r1, [sp, #8]
10003a4c:	f006 ffdc 	bl	1000aa08 <____popcountsi2_veneer>
10003a50:	1c86      	adds	r6, r0, #2
10003a52:	eba9 0686 	sub.w	r6, r9, r6, lsl #2
10003a56:	fbb6 f6fa 	udiv	r6, r6, sl
10003a5a:	4630      	mov	r0, r6
10003a5c:	f006 ffd4 	bl	1000aa08 <____popcountsi2_veneer>
10003a60:	eba9 0480 	sub.w	r4, r9, r0, lsl #2
10003a64:	fb0a 4416 	mls	r4, sl, r6, r4
10003a68:	9902      	ldr	r1, [sp, #8]
10003a6a:	42b5      	cmp	r5, r6
10003a6c:	d92d      	bls.n	10003aca <lfs_ctz_find.constprop.0+0xda>
10003a6e:	f04f 0b04 	mov.w	fp, #4
10003a72:	f04f 0a01 	mov.w	sl, #1
10003a76:	f10d 090c 	add.w	r9, sp, #12
10003a7a:	9402      	str	r4, [sp, #8]
10003a7c:	e001      	b.n	10003a82 <lfs_ctz_find.constprop.0+0x92>
10003a7e:	f8d8 1068 	ldr.w	r1, [r8, #104]	@ 0x68
10003a82:	fa95 f3a5 	rbit	r3, r5
10003a86:	1bac      	subs	r4, r5, r6
10003a88:	fab4 f484 	clz	r4, r4
10003a8c:	fab3 f383 	clz	r3, r3
10003a90:	f1c4 041f 	rsb	r4, r4, #31
10003a94:	429c      	cmp	r4, r3
10003a96:	bf28      	it	cs
10003a98:	461c      	movcs	r4, r3
10003a9a:	69c8      	ldr	r0, [r1, #28]
10003a9c:	9a03      	ldr	r2, [sp, #12]
10003a9e:	00a3      	lsls	r3, r4, #2
10003aa0:	4282      	cmp	r2, r0
10003aa2:	f103 0c04 	add.w	ip, r3, #4
10003aa6:	d21b      	bcs.n	10003ae0 <lfs_ctz_find.constprop.0+0xf0>
10003aa8:	6989      	ldr	r1, [r1, #24]
10003aaa:	458c      	cmp	ip, r1
10003aac:	d818      	bhi.n	10003ae0 <lfs_ctz_find.constprop.0+0xf0>
10003aae:	2104      	movs	r1, #4
10003ab0:	4638      	mov	r0, r7
10003ab2:	e9cd 9b00 	strd	r9, fp, [sp]
10003ab6:	f7ff fd95 	bl	100035e4 <lfs_bd_read.part.0.constprop.0>
10003aba:	fa0a f404 	lsl.w	r4, sl, r4
10003abe:	1b2d      	subs	r5, r5, r4
10003ac0:	2800      	cmp	r0, #0
10003ac2:	d1a2      	bne.n	10003a0a <lfs_ctz_find.constprop.0+0x1a>
10003ac4:	42b5      	cmp	r5, r6
10003ac6:	d8da      	bhi.n	10003a7e <lfs_ctz_find.constprop.0+0x8e>
10003ac8:	9c02      	ldr	r4, [sp, #8]
10003aca:	9b03      	ldr	r3, [sp, #12]
10003acc:	e798      	b.n	10003a00 <lfs_ctz_find.constprop.0+0x10>
10003ace:	45ca      	cmp	sl, r9
10003ad0:	d809      	bhi.n	10003ae6 <lfs_ctz_find.constprop.0+0xf6>
10003ad2:	fbb9 f0fa 	udiv	r0, r9, sl
10003ad6:	2500      	movs	r5, #0
10003ad8:	e7b6      	b.n	10003a48 <lfs_ctz_find.constprop.0+0x58>
10003ada:	464c      	mov	r4, r9
10003adc:	2600      	movs	r6, #0
10003ade:	e7c4      	b.n	10003a6a <lfs_ctz_find.constprop.0+0x7a>
10003ae0:	f06f 0001 	mvn.w	r0, #1
10003ae4:	e791      	b.n	10003a0a <lfs_ctz_find.constprop.0+0x1a>
10003ae6:	464c      	mov	r4, r9
10003ae8:	e7ef      	b.n	10003aca <lfs_ctz_find.constprop.0+0xda>
10003aea:	bf00      	nop
10003aec:	200012d0 	.word	0x200012d0

10003af0 <lfs_bd_flush.constprop.0>:
10003af0:	e92d 4ff0 	stmdb	sp!, {r4, r5, r6, r7, r8, r9, sl, fp, lr}
10003af4:	4607      	mov	r7, r0
10003af6:	6800      	ldr	r0, [r0, #0]
10003af8:	b087      	sub	sp, #28
10003afa:	1cc3      	adds	r3, r0, #3
10003afc:	d903      	bls.n	10003b06 <lfs_bd_flush.constprop.0+0x16>
10003afe:	2000      	movs	r0, #0
10003b00:	b007      	add	sp, #28
10003b02:	e8bd 8ff0 	ldmia.w	sp!, {r4, r5, r6, r7, r8, r9, sl, fp, pc}
10003b06:	f8df 80c8 	ldr.w	r8, [pc, #200]	@ 10003bd0 <lfs_bd_flush.constprop.0+0xe0>
10003b0a:	460c      	mov	r4, r1
10003b0c:	f8d8 1068 	ldr.w	r1, [r8, #104]	@ 0x68
10003b10:	68bb      	ldr	r3, [r7, #8]
10003b12:	694a      	ldr	r2, [r1, #20]
10003b14:	688d      	ldr	r5, [r1, #8]
10003b16:	f102 39ff 	add.w	r9, r2, #4294967295	@ 0xffffffff
10003b1a:	4499      	add	r9, r3
10003b1c:	fbb9 f3f2 	udiv	r3, r9, r2
10003b20:	fb02 9313 	mls	r3, r2, r3, r9
10003b24:	eba9 0903 	sub.w	r9, r9, r3
10003b28:	464b      	mov	r3, r9
10003b2a:	68fa      	ldr	r2, [r7, #12]
10003b2c:	6879      	ldr	r1, [r7, #4]
10003b2e:	47a8      	blx	r5
10003b30:	2800      	cmp	r0, #0
10003b32:	d1e5      	bne.n	10003b00 <lfs_bd_flush.constprop.0+0x10>
10003b34:	2c00      	cmp	r4, #0
10003b36:	d038      	beq.n	10003baa <lfs_bd_flush.constprop.0+0xba>
10003b38:	f04f 33ff 	mov.w	r3, #4294967295	@ 0xffffffff
10003b3c:	f8c8 3000 	str.w	r3, [r8]
10003b40:	f8d7 b004 	ldr.w	fp, [r7, #4]
10003b44:	f8d7 c00c 	ldr.w	ip, [r7, #12]
10003b48:	f8d7 a000 	ldr.w	sl, [r7]
10003b4c:	f1b9 0f00 	cmp.w	r9, #0
10003b50:	d02d      	beq.n	10003bae <lfs_bd_flush.constprop.0+0xbe>
10003b52:	9703      	str	r7, [sp, #12]
10003b54:	4604      	mov	r4, r0
10003b56:	4667      	mov	r7, ip
10003b58:	ad04      	add	r5, sp, #16
10003b5a:	e001      	b.n	10003b60 <lfs_bd_flush.constprop.0+0x70>
10003b5c:	45a1      	cmp	r9, r4
10003b5e:	d931      	bls.n	10003bc4 <lfs_bd_flush.constprop.0+0xd4>
10003b60:	f8d8 2068 	ldr.w	r2, [r8, #104]	@ 0x68
10003b64:	eba9 0104 	sub.w	r1, r9, r4
10003b68:	69d0      	ldr	r0, [r2, #28]
10003b6a:	2908      	cmp	r1, #8
10003b6c:	460e      	mov	r6, r1
10003b6e:	bf28      	it	cs
10003b70:	2608      	movcs	r6, #8
10003b72:	4582      	cmp	sl, r0
10003b74:	eb0b 0304 	add.w	r3, fp, r4
10003b78:	d214      	bcs.n	10003ba4 <lfs_bd_flush.constprop.0+0xb4>
10003b7a:	6992      	ldr	r2, [r2, #24]
10003b7c:	18f0      	adds	r0, r6, r3
10003b7e:	4290      	cmp	r0, r2
10003b80:	d810      	bhi.n	10003ba4 <lfs_bd_flush.constprop.0+0xb4>
10003b82:	4652      	mov	r2, sl
10003b84:	4640      	mov	r0, r8
10003b86:	e9cd 5600 	strd	r5, r6, [sp]
10003b8a:	f7ff fd2b 	bl	100035e4 <lfs_bd_read.part.0.constprop.0>
10003b8e:	2800      	cmp	r0, #0
10003b90:	eb07 0104 	add.w	r1, r7, r4
10003b94:	4434      	add	r4, r6
10003b96:	d119      	bne.n	10003bcc <lfs_bd_flush.constprop.0+0xdc>
10003b98:	4628      	mov	r0, r5
10003b9a:	4632      	mov	r2, r6
10003b9c:	f006 fbf6 	bl	1000a38c <memcmp>
10003ba0:	2800      	cmp	r0, #0
10003ba2:	d0db      	beq.n	10003b5c <lfs_bd_flush.constprop.0+0x6c>
10003ba4:	f06f 0001 	mvn.w	r0, #1
10003ba8:	e7aa      	b.n	10003b00 <lfs_bd_flush.constprop.0+0x10>
10003baa:	f8d7 c00c 	ldr.w	ip, [r7, #12]
10003bae:	f8d8 3068 	ldr.w	r3, [r8, #104]	@ 0x68
10003bb2:	21ff      	movs	r1, #255	@ 0xff
10003bb4:	6a5a      	ldr	r2, [r3, #36]	@ 0x24
10003bb6:	4660      	mov	r0, ip
10003bb8:	f006 fc8e 	bl	1000a4d8 <memset>
10003bbc:	f04f 33ff 	mov.w	r3, #4294967295	@ 0xffffffff
10003bc0:	603b      	str	r3, [r7, #0]
10003bc2:	e79c      	b.n	10003afe <lfs_bd_flush.constprop.0+0xe>
10003bc4:	9f03      	ldr	r7, [sp, #12]
10003bc6:	f8d7 c00c 	ldr.w	ip, [r7, #12]
10003bca:	e7f0      	b.n	10003bae <lfs_bd_flush.constprop.0+0xbe>
10003bcc:	daea      	bge.n	10003ba4 <lfs_bd_flush.constprop.0+0xb4>
10003bce:	e797      	b.n	10003b00 <lfs_bd_flush.constprop.0+0x10>
10003bd0:	200012d0 	.word	0x200012d0

10003bd4 <lfs_bd_prog.constprop.1>:
10003bd4:	e92d 47f0 	stmdb	sp!, {r4, r5, r6, r7, r8, r9, sl, lr}
10003bd8:	f8dd a020 	ldr.w	sl, [sp, #32]
10003bdc:	f1ba 0f00 	cmp.w	sl, #0
10003be0:	d03f      	beq.n	10003c62 <lfs_bd_prog.constprop.1+0x8e>
10003be2:	4616      	mov	r6, r2
10003be4:	4699      	mov	r9, r3
10003be6:	4605      	mov	r5, r0
10003be8:	460f      	mov	r7, r1
10003bea:	2300      	movs	r3, #0
10003bec:	f8df 808c 	ldr.w	r8, [pc, #140]	@ 10003c7c <lfs_bd_prog.constprop.1+0xa8>
10003bf0:	6802      	ldr	r2, [r0, #0]
10003bf2:	e00b      	b.n	10003c0c <lfs_bd_prog.constprop.1+0x38>
10003bf4:	f8d8 2068 	ldr.w	r2, [r8, #104]	@ 0x68
10003bf8:	6952      	ldr	r2, [r2, #20]
10003bfa:	602f      	str	r7, [r5, #0]
10003bfc:	fbb6 f4f2 	udiv	r4, r6, r2
10003c00:	fb02 6414 	mls	r4, r2, r4, r6
10003c04:	463a      	mov	r2, r7
10003c06:	1b34      	subs	r4, r6, r4
10003c08:	60ab      	str	r3, [r5, #8]
10003c0a:	606c      	str	r4, [r5, #4]
10003c0c:	42ba      	cmp	r2, r7
10003c0e:	d1f1      	bne.n	10003bf4 <lfs_bd_prog.constprop.1+0x20>
10003c10:	6868      	ldr	r0, [r5, #4]
10003c12:	42b0      	cmp	r0, r6
10003c14:	d8ee      	bhi.n	10003bf4 <lfs_bd_prog.constprop.1+0x20>
10003c16:	f8d8 2068 	ldr.w	r2, [r8, #104]	@ 0x68
10003c1a:	6a51      	ldr	r1, [r2, #36]	@ 0x24
10003c1c:	4401      	add	r1, r0
10003c1e:	42b1      	cmp	r1, r6
10003c20:	d9ea      	bls.n	10003bf8 <lfs_bd_prog.constprop.1+0x24>
10003c22:	1b8a      	subs	r2, r1, r6
10003c24:	4552      	cmp	r2, sl
10003c26:	bf28      	it	cs
10003c28:	4652      	movcs	r2, sl
10003c2a:	68e9      	ldr	r1, [r5, #12]
10003c2c:	1a30      	subs	r0, r6, r0
10003c2e:	4408      	add	r0, r1
10003c30:	4649      	mov	r1, r9
10003c32:	4416      	add	r6, r2
10003c34:	ebaa 0a02 	sub.w	sl, sl, r2
10003c38:	4491      	add	r9, r2
10003c3a:	f006 fbd7 	bl	1000a3ec <memcpy>
10003c3e:	686a      	ldr	r2, [r5, #4]
10003c40:	68a9      	ldr	r1, [r5, #8]
10003c42:	1ab2      	subs	r2, r6, r2
10003c44:	428a      	cmp	r2, r1
10003c46:	bf38      	it	cc
10003c48:	460a      	movcc	r2, r1
10003c4a:	f8d8 1068 	ldr.w	r1, [r8, #104]	@ 0x68
10003c4e:	2300      	movs	r3, #0
10003c50:	6a49      	ldr	r1, [r1, #36]	@ 0x24
10003c52:	60aa      	str	r2, [r5, #8]
10003c54:	428a      	cmp	r2, r1
10003c56:	d007      	beq.n	10003c68 <lfs_bd_prog.constprop.1+0x94>
10003c58:	f1ba 0f00 	cmp.w	sl, #0
10003c5c:	d001      	beq.n	10003c62 <lfs_bd_prog.constprop.1+0x8e>
10003c5e:	682a      	ldr	r2, [r5, #0]
10003c60:	e7d4      	b.n	10003c0c <lfs_bd_prog.constprop.1+0x38>
10003c62:	2000      	movs	r0, #0
10003c64:	e8bd 87f0 	ldmia.w	sp!, {r4, r5, r6, r7, r8, r9, sl, pc}
10003c68:	2101      	movs	r1, #1
10003c6a:	4628      	mov	r0, r5
10003c6c:	f7ff ff40 	bl	10003af0 <lfs_bd_flush.constprop.0>
10003c70:	2300      	movs	r3, #0
10003c72:	2800      	cmp	r0, #0
10003c74:	d0f0      	beq.n	10003c58 <lfs_bd_prog.constprop.1+0x84>
10003c76:	e8bd 87f0 	ldmia.w	sp!, {r4, r5, r6, r7, r8, r9, sl, pc}
10003c7a:	bf00      	nop
10003c7c:	200012d0 	.word	0x200012d0

10003c80 <lfs_bd_prog.constprop.0>:
10003c80:	e92d 47f0 	stmdb	sp!, {r4, r5, r6, r7, r8, r9, sl, lr}
10003c84:	f8dd a020 	ldr.w	sl, [sp, #32]
10003c88:	f1ba 0f00 	cmp.w	sl, #0
10003c8c:	d03a      	beq.n	10003d04 <lfs_bd_prog.constprop.0+0x84>
10003c8e:	4d23      	ldr	r5, [pc, #140]	@ (10003d1c <lfs_bd_prog.constprop.0+0x9c>)
10003c90:	4616      	mov	r6, r2
10003c92:	4698      	mov	r8, r3
10003c94:	4681      	mov	r9, r0
10003c96:	460f      	mov	r7, r1
10003c98:	2300      	movs	r3, #0
10003c9a:	692a      	ldr	r2, [r5, #16]
10003c9c:	e009      	b.n	10003cb2 <lfs_bd_prog.constprop.0+0x32>
10003c9e:	6952      	ldr	r2, [r2, #20]
10003ca0:	612f      	str	r7, [r5, #16]
10003ca2:	fbb6 f4f2 	udiv	r4, r6, r2
10003ca6:	fb02 6414 	mls	r4, r2, r4, r6
10003caa:	463a      	mov	r2, r7
10003cac:	1b34      	subs	r4, r6, r4
10003cae:	61ab      	str	r3, [r5, #24]
10003cb0:	616c      	str	r4, [r5, #20]
10003cb2:	42ba      	cmp	r2, r7
10003cb4:	6eaa      	ldr	r2, [r5, #104]	@ 0x68
10003cb6:	d1f2      	bne.n	10003c9e <lfs_bd_prog.constprop.0+0x1e>
10003cb8:	6968      	ldr	r0, [r5, #20]
10003cba:	42b0      	cmp	r0, r6
10003cbc:	d8ef      	bhi.n	10003c9e <lfs_bd_prog.constprop.0+0x1e>
10003cbe:	6a51      	ldr	r1, [r2, #36]	@ 0x24
10003cc0:	4401      	add	r1, r0
10003cc2:	42b1      	cmp	r1, r6
10003cc4:	d9eb      	bls.n	10003c9e <lfs_bd_prog.constprop.0+0x1e>
10003cc6:	1b8a      	subs	r2, r1, r6
10003cc8:	4552      	cmp	r2, sl
10003cca:	bf28      	it	cs
10003ccc:	4652      	movcs	r2, sl
10003cce:	69e9      	ldr	r1, [r5, #28]
10003cd0:	1a30      	subs	r0, r6, r0
10003cd2:	4408      	add	r0, r1
10003cd4:	4641      	mov	r1, r8
10003cd6:	4416      	add	r6, r2
10003cd8:	ebaa 0a02 	sub.w	sl, sl, r2
10003cdc:	4490      	add	r8, r2
10003cde:	f006 fb85 	bl	1000a3ec <memcpy>
10003ce2:	696a      	ldr	r2, [r5, #20]
10003ce4:	69a9      	ldr	r1, [r5, #24]
10003ce6:	1ab2      	subs	r2, r6, r2
10003ce8:	428a      	cmp	r2, r1
10003cea:	bf38      	it	cc
10003cec:	460a      	movcc	r2, r1
10003cee:	6ea9      	ldr	r1, [r5, #104]	@ 0x68
10003cf0:	2300      	movs	r3, #0
10003cf2:	6a49      	ldr	r1, [r1, #36]	@ 0x24
10003cf4:	61aa      	str	r2, [r5, #24]
10003cf6:	428a      	cmp	r2, r1
10003cf8:	d007      	beq.n	10003d0a <lfs_bd_prog.constprop.0+0x8a>
10003cfa:	f1ba 0f00 	cmp.w	sl, #0
10003cfe:	d001      	beq.n	10003d04 <lfs_bd_prog.constprop.0+0x84>
10003d00:	692a      	ldr	r2, [r5, #16]
10003d02:	e7d6      	b.n	10003cb2 <lfs_bd_prog.constprop.0+0x32>
10003d04:	2000      	movs	r0, #0
10003d06:	e8bd 87f0 	ldmia.w	sp!, {r4, r5, r6, r7, r8, r9, sl, pc}
10003d0a:	4649      	mov	r1, r9
10003d0c:	4804      	ldr	r0, [pc, #16]	@ (10003d20 <lfs_bd_prog.constprop.0+0xa0>)
10003d0e:	f7ff feef 	bl	10003af0 <lfs_bd_flush.constprop.0>
10003d12:	2300      	movs	r3, #0
10003d14:	2800      	cmp	r0, #0
10003d16:	d0f0      	beq.n	10003cfa <lfs_bd_prog.constprop.0+0x7a>
10003d18:	e8bd 87f0 	ldmia.w	sp!, {r4, r5, r6, r7, r8, r9, sl, pc}
10003d1c:	200012d0 	.word	0x200012d0
10003d20:	200012e0 	.word	0x200012e0

10003d24 <lfs_dir_commitattr.constprop.0>:
10003d24:	b5f0      	push	{r4, r5, r6, r7, lr}
10003d26:	6842      	ldr	r2, [r0, #4]
10003d28:	6943      	ldr	r3, [r0, #20]
10003d2a:	460e      	mov	r6, r1
10003d2c:	f102 0110 	add.w	r1, r2, #16
10003d30:	4299      	cmp	r1, r3
10003d32:	b085      	sub	sp, #20
10003d34:	f200 813f 	bhi.w	10003fb6 <lfs_dir_commitattr.constprop.0+0x292>
10003d38:	4605      	mov	r5, r0
10003d3a:	2404      	movs	r4, #4
10003d3c:	6883      	ldr	r3, [r0, #8]
10003d3e:	4f9f      	ldr	r7, [pc, #636]	@ (10003fbc <lfs_dir_commitattr.constprop.0+0x298>)
10003d40:	6829      	ldr	r1, [r5, #0]
10003d42:	407b      	eors	r3, r7
10003d44:	ba1b      	rev	r3, r3
10003d46:	9303      	str	r3, [sp, #12]
10003d48:	2000      	movs	r0, #0
10003d4a:	ab03      	add	r3, sp, #12
10003d4c:	9400      	str	r4, [sp, #0]
10003d4e:	f7ff ff97 	bl	10003c80 <lfs_bd_prog.constprop.0>
10003d52:	4603      	mov	r3, r0
10003d54:	2800      	cmp	r0, #0
10003d56:	f040 812b 	bne.w	10003fb0 <lfs_dir_commitattr.constprop.0+0x28c>
10003d5a:	68e9      	ldr	r1, [r5, #12]
10003d5c:	f89d 300c 	ldrb.w	r3, [sp, #12]
10003d60:	4c97      	ldr	r4, [pc, #604]	@ (10003fc0 <lfs_dir_commitattr.constprop.0+0x29c>)
10003d62:	ea83 0201 	eor.w	r2, r3, r1
10003d66:	f002 020f 	and.w	r2, r2, #15
10003d6a:	f854 2022 	ldr.w	r2, [r4, r2, lsl #2]
10003d6e:	ea82 1211 	eor.w	r2, r2, r1, lsr #4
10003d72:	ea82 1313 	eor.w	r3, r2, r3, lsr #4
10003d76:	f003 030f 	and.w	r3, r3, #15
10003d7a:	f854 1023 	ldr.w	r1, [r4, r3, lsl #2]
10003d7e:	f89d 300d 	ldrb.w	r3, [sp, #13]
10003d82:	ea81 1112 	eor.w	r1, r1, r2, lsr #4
10003d86:	220c      	movs	r2, #12
10003d88:	9200      	str	r2, [sp, #0]
10003d8a:	ea83 0201 	eor.w	r2, r3, r1
10003d8e:	f002 020f 	and.w	r2, r2, #15
10003d92:	f854 2022 	ldr.w	r2, [r4, r2, lsl #2]
10003d96:	ea82 1211 	eor.w	r2, r2, r1, lsr #4
10003d9a:	ea82 1313 	eor.w	r3, r2, r3, lsr #4
10003d9e:	f003 030f 	and.w	r3, r3, #15
10003da2:	f854 3023 	ldr.w	r3, [r4, r3, lsl #2]
10003da6:	ea83 1c12 	eor.w	ip, r3, r2, lsr #4
10003daa:	f89d 200e 	ldrb.w	r2, [sp, #14]
10003dae:	f89d 300f 	ldrb.w	r3, [sp, #15]
10003db2:	ea82 010c 	eor.w	r1, r2, ip
10003db6:	f001 010f 	and.w	r1, r1, #15
10003dba:	f854 1021 	ldr.w	r1, [r4, r1, lsl #2]
10003dbe:	ea81 1c1c 	eor.w	ip, r1, ip, lsr #4
10003dc2:	ea8c 1212 	eor.w	r2, ip, r2, lsr #4
10003dc6:	f002 020f 	and.w	r2, r2, #15
10003dca:	f854 1022 	ldr.w	r1, [r4, r2, lsl #2]
10003dce:	ea81 111c 	eor.w	r1, r1, ip, lsr #4
10003dd2:	ea83 0201 	eor.w	r2, r3, r1
10003dd6:	f002 020f 	and.w	r2, r2, #15
10003dda:	f854 2022 	ldr.w	r2, [r4, r2, lsl #2]
10003dde:	ea82 1211 	eor.w	r2, r2, r1, lsr #4
10003de2:	ea82 1313 	eor.w	r3, r2, r3, lsr #4
10003de6:	f003 030f 	and.w	r3, r3, #15
10003dea:	f854 3023 	ldr.w	r3, [r4, r3, lsl #2]
10003dee:	6829      	ldr	r1, [r5, #0]
10003df0:	ea83 1312 	eor.w	r3, r3, r2, lsr #4
10003df4:	686a      	ldr	r2, [r5, #4]
10003df6:	60eb      	str	r3, [r5, #12]
10003df8:	3204      	adds	r2, #4
10003dfa:	4633      	mov	r3, r6
10003dfc:	606a      	str	r2, [r5, #4]
10003dfe:	f7ff ff3f 	bl	10003c80 <lfs_bd_prog.constprop.0>
10003e02:	4603      	mov	r3, r0
10003e04:	2800      	cmp	r0, #0
10003e06:	f040 80d3 	bne.w	10003fb0 <lfs_dir_commitattr.constprop.0+0x28c>
10003e0a:	f8d5 c00c 	ldr.w	ip, [r5, #12]
10003e0e:	7831      	ldrb	r1, [r6, #0]
10003e10:	7872      	ldrb	r2, [r6, #1]
10003e12:	ea81 000c 	eor.w	r0, r1, ip
10003e16:	f000 000f 	and.w	r0, r0, #15
10003e1a:	f854 0020 	ldr.w	r0, [r4, r0, lsl #2]
10003e1e:	ea80 1c1c 	eor.w	ip, r0, ip, lsr #4
10003e22:	ea8c 1111 	eor.w	r1, ip, r1, lsr #4
10003e26:	f001 010f 	and.w	r1, r1, #15
10003e2a:	f854 0021 	ldr.w	r0, [r4, r1, lsl #2]
10003e2e:	ea80 101c 	eor.w	r0, r0, ip, lsr #4
10003e32:	ea82 0100 	eor.w	r1, r2, r0
10003e36:	f001 010f 	and.w	r1, r1, #15
10003e3a:	f854 1021 	ldr.w	r1, [r4, r1, lsl #2]
10003e3e:	ea81 1110 	eor.w	r1, r1, r0, lsr #4
10003e42:	ea81 1212 	eor.w	r2, r1, r2, lsr #4
10003e46:	f002 020f 	and.w	r2, r2, #15
10003e4a:	f854 2022 	ldr.w	r2, [r4, r2, lsl #2]
10003e4e:	ea82 1c11 	eor.w	ip, r2, r1, lsr #4
10003e52:	78b1      	ldrb	r1, [r6, #2]
10003e54:	78f2      	ldrb	r2, [r6, #3]
10003e56:	ea81 000c 	eor.w	r0, r1, ip
10003e5a:	f000 000f 	and.w	r0, r0, #15
10003e5e:	f854 0020 	ldr.w	r0, [r4, r0, lsl #2]
10003e62:	ea80 1c1c 	eor.w	ip, r0, ip, lsr #4
10003e66:	ea8c 1111 	eor.w	r1, ip, r1, lsr #4
10003e6a:	f001 010f 	and.w	r1, r1, #15
10003e6e:	f854 0021 	ldr.w	r0, [r4, r1, lsl #2]
10003e72:	ea80 101c 	eor.w	r0, r0, ip, lsr #4
10003e76:	ea82 0100 	eor.w	r1, r2, r0
10003e7a:	f001 010f 	and.w	r1, r1, #15
10003e7e:	f854 1021 	ldr.w	r1, [r4, r1, lsl #2]
10003e82:	ea81 1110 	eor.w	r1, r1, r0, lsr #4
10003e86:	ea81 1212 	eor.w	r2, r1, r2, lsr #4
10003e8a:	f002 020f 	and.w	r2, r2, #15
10003e8e:	f854 2022 	ldr.w	r2, [r4, r2, lsl #2]
10003e92:	ea82 1c11 	eor.w	ip, r2, r1, lsr #4
10003e96:	7931      	ldrb	r1, [r6, #4]
10003e98:	7972      	ldrb	r2, [r6, #5]
10003e9a:	ea81 000c 	eor.w	r0, r1, ip
10003e9e:	f000 000f 	and.w	r0, r0, #15
10003ea2:	f854 0020 	ldr.w	r0, [r4, r0, lsl #2]
10003ea6:	ea80 1c1c 	eor.w	ip, r0, ip, lsr #4
10003eaa:	ea8c 1111 	eor.w	r1, ip, r1, lsr #4
10003eae:	f001 010f 	and.w	r1, r1, #15
10003eb2:	f854 0021 	ldr.w	r0, [r4, r1, lsl #2]
10003eb6:	ea80 101c 	eor.w	r0, r0, ip, lsr #4
10003eba:	ea82 0100 	eor.w	r1, r2, r0
10003ebe:	f001 010f 	and.w	r1, r1, #15
10003ec2:	f854 1021 	ldr.w	r1, [r4, r1, lsl #2]
10003ec6:	ea81 1110 	eor.w	r1, r1, r0, lsr #4
10003eca:	ea81 1212 	eor.w	r2, r1, r2, lsr #4
10003ece:	f002 020f 	and.w	r2, r2, #15
10003ed2:	f854 2022 	ldr.w	r2, [r4, r2, lsl #2]
10003ed6:	ea82 1c11 	eor.w	ip, r2, r1, lsr #4
10003eda:	79b1      	ldrb	r1, [r6, #6]
10003edc:	79f2      	ldrb	r2, [r6, #7]
10003ede:	ea81 000c 	eor.w	r0, r1, ip
10003ee2:	f000 000f 	and.w	r0, r0, #15
10003ee6:	f854 0020 	ldr.w	r0, [r4, r0, lsl #2]
10003eea:	ea80 1c1c 	eor.w	ip, r0, ip, lsr #4
10003eee:	ea8c 1111 	eor.w	r1, ip, r1, lsr #4
10003ef2:	f001 010f 	and.w	r1, r1, #15
10003ef6:	f854 0021 	ldr.w	r0, [r4, r1, lsl #2]
10003efa:	ea80 101c 	eor.w	r0, r0, ip, lsr #4
10003efe:	ea82 0100 	eor.w	r1, r2, r0
10003f02:	f001 010f 	and.w	r1, r1, #15
10003f06:	f854 1021 	ldr.w	r1, [r4, r1, lsl #2]
10003f0a:	ea81 1110 	eor.w	r1, r1, r0, lsr #4
10003f0e:	ea81 1212 	eor.w	r2, r1, r2, lsr #4
10003f12:	f002 020f 	and.w	r2, r2, #15
10003f16:	f854 2022 	ldr.w	r2, [r4, r2, lsl #2]
10003f1a:	ea82 1c11 	eor.w	ip, r2, r1, lsr #4
10003f1e:	7a31      	ldrb	r1, [r6, #8]
10003f20:	7a72      	ldrb	r2, [r6, #9]
10003f22:	ea81 000c 	eor.w	r0, r1, ip
10003f26:	f000 000f 	and.w	r0, r0, #15
10003f2a:	f854 0020 	ldr.w	r0, [r4, r0, lsl #2]
10003f2e:	ea80 1c1c 	eor.w	ip, r0, ip, lsr #4
10003f32:	ea8c 1111 	eor.w	r1, ip, r1, lsr #4
10003f36:	f001 010f 	and.w	r1, r1, #15
10003f3a:	f854 0021 	ldr.w	r0, [r4, r1, lsl #2]
10003f3e:	ea80 101c 	eor.w	r0, r0, ip, lsr #4
10003f42:	ea82 0100 	eor.w	r1, r2, r0
10003f46:	f001 010f 	and.w	r1, r1, #15
10003f4a:	f854 1021 	ldr.w	r1, [r4, r1, lsl #2]
10003f4e:	ea81 1110 	eor.w	r1, r1, r0, lsr #4
10003f52:	ea81 1212 	eor.w	r2, r1, r2, lsr #4
10003f56:	f002 020f 	and.w	r2, r2, #15
10003f5a:	f854 0022 	ldr.w	r0, [r4, r2, lsl #2]
10003f5e:	7ab2      	ldrb	r2, [r6, #10]
10003f60:	ea80 1011 	eor.w	r0, r0, r1, lsr #4
10003f64:	ea82 0100 	eor.w	r1, r2, r0
10003f68:	f001 010f 	and.w	r1, r1, #15
10003f6c:	f854 1021 	ldr.w	r1, [r4, r1, lsl #2]
10003f70:	ea81 1110 	eor.w	r1, r1, r0, lsr #4
10003f74:	ea81 1212 	eor.w	r2, r1, r2, lsr #4
10003f78:	f002 020f 	and.w	r2, r2, #15
10003f7c:	f854 0022 	ldr.w	r0, [r4, r2, lsl #2]
10003f80:	7af2      	ldrb	r2, [r6, #11]
10003f82:	ea80 1011 	eor.w	r0, r0, r1, lsr #4
10003f86:	ea82 0100 	eor.w	r1, r2, r0
10003f8a:	f001 010f 	and.w	r1, r1, #15
10003f8e:	f854 1021 	ldr.w	r1, [r4, r1, lsl #2]
10003f92:	60af      	str	r7, [r5, #8]
10003f94:	ea81 1110 	eor.w	r1, r1, r0, lsr #4
10003f98:	ea81 1212 	eor.w	r2, r1, r2, lsr #4
10003f9c:	f002 020f 	and.w	r2, r2, #15
10003fa0:	f854 0022 	ldr.w	r0, [r4, r2, lsl #2]
10003fa4:	686a      	ldr	r2, [r5, #4]
10003fa6:	ea80 1111 	eor.w	r1, r0, r1, lsr #4
10003faa:	320c      	adds	r2, #12
10003fac:	60e9      	str	r1, [r5, #12]
10003fae:	606a      	str	r2, [r5, #4]
10003fb0:	4618      	mov	r0, r3
10003fb2:	b005      	add	sp, #20
10003fb4:	bdf0      	pop	{r4, r5, r6, r7, pc}
10003fb6:	f06f 030a 	mvn.w	r3, #10
10003fba:	e7f9      	b.n	10003fb0 <lfs_dir_commitattr.constprop.0+0x28c>
10003fbc:	7ffffc0c 	.word	0x7ffffc0c
10003fc0:	1000b018 	.word	0x1000b018

10003fc4 <lfs_dir_commitattr>:
10003fc4:	f341 0309 	sbfx	r3, r1, #0, #10
10003fc8:	e92d 4ff0 	stmdb	sp!, {r4, r5, r6, r7, r8, r9, sl, fp, lr}
10003fcc:	f1b3 3fff 	cmp.w	r3, #4294967295	@ 0xffffffff
10003fd0:	bf14      	ite	ne
10003fd2:	4689      	movne	r9, r1
10003fd4:	f101 0901 	addeq.w	r9, r1, #1
10003fd8:	4616      	mov	r6, r2
10003fda:	6842      	ldr	r2, [r0, #4]
10003fdc:	460d      	mov	r5, r1
10003fde:	1d13      	adds	r3, r2, #4
10003fe0:	6941      	ldr	r1, [r0, #20]
10003fe2:	f3c9 0909 	ubfx	r9, r9, #0, #10
10003fe6:	444b      	add	r3, r9
10003fe8:	428b      	cmp	r3, r1
10003fea:	b087      	sub	sp, #28
10003fec:	f200 80e4 	bhi.w	100041b8 <lfs_dir_commitattr+0x1f4>
10003ff0:	2304      	movs	r3, #4
10003ff2:	4604      	mov	r4, r0
10003ff4:	9300      	str	r3, [sp, #0]
10003ff6:	6883      	ldr	r3, [r0, #8]
10003ff8:	f025 4100 	bic.w	r1, r5, #2147483648	@ 0x80000000
10003ffc:	404b      	eors	r3, r1
10003ffe:	ba1b      	rev	r3, r3
10004000:	9103      	str	r1, [sp, #12]
10004002:	9305      	str	r3, [sp, #20]
10004004:	2000      	movs	r0, #0
10004006:	6821      	ldr	r1, [r4, #0]
10004008:	ab05      	add	r3, sp, #20
1000400a:	f7ff fe39 	bl	10003c80 <lfs_bd_prog.constprop.0>
1000400e:	9002      	str	r0, [sp, #8]
10004010:	2800      	cmp	r0, #0
10004012:	f040 809b 	bne.w	1000414c <lfs_dir_commitattr+0x188>
10004016:	68e1      	ldr	r1, [r4, #12]
10004018:	f89d 3014 	ldrb.w	r3, [sp, #20]
1000401c:	f8df 81a0 	ldr.w	r8, [pc, #416]	@ 100041c0 <lfs_dir_commitattr+0x1fc>
10004020:	ea83 0201 	eor.w	r2, r3, r1
10004024:	f002 020f 	and.w	r2, r2, #15
10004028:	f858 2022 	ldr.w	r2, [r8, r2, lsl #2]
1000402c:	2d00      	cmp	r5, #0
1000402e:	ea82 1211 	eor.w	r2, r2, r1, lsr #4
10004032:	ea82 1313 	eor.w	r3, r2, r3, lsr #4
10004036:	f003 030f 	and.w	r3, r3, #15
1000403a:	f858 1023 	ldr.w	r1, [r8, r3, lsl #2]
1000403e:	f89d 3016 	ldrb.w	r3, [sp, #22]
10004042:	ea81 1112 	eor.w	r1, r1, r2, lsr #4
10004046:	f89d 2015 	ldrb.w	r2, [sp, #21]
1000404a:	ea82 0701 	eor.w	r7, r2, r1
1000404e:	f007 070f 	and.w	r7, r7, #15
10004052:	f858 7027 	ldr.w	r7, [r8, r7, lsl #2]
10004056:	ea87 1711 	eor.w	r7, r7, r1, lsr #4
1000405a:	ea87 1212 	eor.w	r2, r7, r2, lsr #4
1000405e:	f002 020f 	and.w	r2, r2, #15
10004062:	f858 1022 	ldr.w	r1, [r8, r2, lsl #2]
10004066:	ea81 1117 	eor.w	r1, r1, r7, lsr #4
1000406a:	ea83 0201 	eor.w	r2, r3, r1
1000406e:	f002 020f 	and.w	r2, r2, #15
10004072:	f858 2022 	ldr.w	r2, [r8, r2, lsl #2]
10004076:	ea82 1211 	eor.w	r2, r2, r1, lsr #4
1000407a:	ea82 1313 	eor.w	r3, r2, r3, lsr #4
1000407e:	f003 030f 	and.w	r3, r3, #15
10004082:	f858 7023 	ldr.w	r7, [r8, r3, lsl #2]
10004086:	f89d 3017 	ldrb.w	r3, [sp, #23]
1000408a:	ea87 1712 	eor.w	r7, r7, r2, lsr #4
1000408e:	ea83 0107 	eor.w	r1, r3, r7
10004092:	f001 010f 	and.w	r1, r1, #15
10004096:	f858 1021 	ldr.w	r1, [r8, r1, lsl #2]
1000409a:	6862      	ldr	r2, [r4, #4]
1000409c:	ea81 1117 	eor.w	r1, r1, r7, lsr #4
100040a0:	ea81 1313 	eor.w	r3, r1, r3, lsr #4
100040a4:	f003 030f 	and.w	r3, r3, #15
100040a8:	f858 3023 	ldr.w	r3, [r8, r3, lsl #2]
100040ac:	f102 0204 	add.w	r2, r2, #4
100040b0:	ea83 1311 	eor.w	r3, r3, r1, lsr #4
100040b4:	6062      	str	r2, [r4, #4]
100040b6:	60e3      	str	r3, [r4, #12]
100040b8:	da4c      	bge.n	10004154 <lfs_dir_commitattr+0x190>
100040ba:	f1b9 0f00 	cmp.w	r9, #0
100040be:	d043      	beq.n	10004148 <lfs_dir_commitattr+0x184>
100040c0:	f04f 0b01 	mov.w	fp, #1
100040c4:	9d02      	ldr	r5, [sp, #8]
100040c6:	f8df a0fc 	ldr.w	sl, [pc, #252]	@ 100041c4 <lfs_dir_commitattr+0x200>
100040ca:	f10d 0713 	add.w	r7, sp, #19
100040ce:	f8da 0068 	ldr.w	r0, [sl, #104]	@ 0x68
100040d2:	e9d6 2300 	ldrd	r2, r3, [r6]
100040d6:	69c1      	ldr	r1, [r0, #28]
100040d8:	442b      	add	r3, r5
100040da:	428a      	cmp	r2, r1
100040dc:	eba9 0e05 	sub.w	lr, r9, r5
100040e0:	f103 0c01 	add.w	ip, r3, #1
100040e4:	f105 0501 	add.w	r5, r5, #1
100040e8:	d25d      	bcs.n	100041a6 <lfs_dir_commitattr+0x1e2>
100040ea:	6980      	ldr	r0, [r0, #24]
100040ec:	4584      	cmp	ip, r0
100040ee:	d85a      	bhi.n	100041a6 <lfs_dir_commitattr+0x1e2>
100040f0:	4671      	mov	r1, lr
100040f2:	4650      	mov	r0, sl
100040f4:	e9cd 7b00 	strd	r7, fp, [sp]
100040f8:	f7ff fa74 	bl	100035e4 <lfs_bd_read.part.0.constprop.0>
100040fc:	4603      	mov	r3, r0
100040fe:	2800      	cmp	r0, #0
10004100:	d153      	bne.n	100041aa <lfs_dir_commitattr+0x1e6>
10004102:	6862      	ldr	r2, [r4, #4]
10004104:	f8cd b000 	str.w	fp, [sp]
10004108:	463b      	mov	r3, r7
1000410a:	6821      	ldr	r1, [r4, #0]
1000410c:	f7ff fdb8 	bl	10003c80 <lfs_bd_prog.constprop.0>
10004110:	4603      	mov	r3, r0
10004112:	2800      	cmp	r0, #0
10004114:	d149      	bne.n	100041aa <lfs_dir_commitattr+0x1e6>
10004116:	6862      	ldr	r2, [r4, #4]
10004118:	68e1      	ldr	r1, [r4, #12]
1000411a:	f89d 3013 	ldrb.w	r3, [sp, #19]
1000411e:	3201      	adds	r2, #1
10004120:	6062      	str	r2, [r4, #4]
10004122:	ea83 0201 	eor.w	r2, r3, r1
10004126:	f002 020f 	and.w	r2, r2, #15
1000412a:	f858 2022 	ldr.w	r2, [r8, r2, lsl #2]
1000412e:	454d      	cmp	r5, r9
10004130:	ea82 1211 	eor.w	r2, r2, r1, lsr #4
10004134:	ea82 1313 	eor.w	r3, r2, r3, lsr #4
10004138:	f003 030f 	and.w	r3, r3, #15
1000413c:	f858 3023 	ldr.w	r3, [r8, r3, lsl #2]
10004140:	ea83 1312 	eor.w	r3, r3, r2, lsr #4
10004144:	60e3      	str	r3, [r4, #12]
10004146:	d1c2      	bne.n	100040ce <lfs_dir_commitattr+0x10a>
10004148:	9b03      	ldr	r3, [sp, #12]
1000414a:	60a3      	str	r3, [r4, #8]
1000414c:	9802      	ldr	r0, [sp, #8]
1000414e:	b007      	add	sp, #28
10004150:	e8bd 8ff0 	ldmia.w	sp!, {r4, r5, r6, r7, r8, r9, sl, fp, pc}
10004154:	f8cd 9000 	str.w	r9, [sp]
10004158:	4633      	mov	r3, r6
1000415a:	6821      	ldr	r1, [r4, #0]
1000415c:	f7ff fd90 	bl	10003c80 <lfs_bd_prog.constprop.0>
10004160:	bb40      	cbnz	r0, 100041b4 <lfs_dir_commitattr+0x1f0>
10004162:	68e3      	ldr	r3, [r4, #12]
10004164:	f1b9 0f00 	cmp.w	r9, #0
10004168:	d016      	beq.n	10004198 <lfs_dir_commitattr+0x1d4>
1000416a:	3e01      	subs	r6, #1
1000416c:	eb06 0009 	add.w	r0, r6, r9
10004170:	f816 2f01 	ldrb.w	r2, [r6, #1]!
10004174:	ea82 0103 	eor.w	r1, r2, r3
10004178:	f001 010f 	and.w	r1, r1, #15
1000417c:	f858 1021 	ldr.w	r1, [r8, r1, lsl #2]
10004180:	42b0      	cmp	r0, r6
10004182:	ea81 1313 	eor.w	r3, r1, r3, lsr #4
10004186:	ea83 1212 	eor.w	r2, r3, r2, lsr #4
1000418a:	f002 020f 	and.w	r2, r2, #15
1000418e:	f858 2022 	ldr.w	r2, [r8, r2, lsl #2]
10004192:	ea82 1313 	eor.w	r3, r2, r3, lsr #4
10004196:	d1eb      	bne.n	10004170 <lfs_dir_commitattr+0x1ac>
10004198:	60e3      	str	r3, [r4, #12]
1000419a:	6863      	ldr	r3, [r4, #4]
1000419c:	444b      	add	r3, r9
1000419e:	6063      	str	r3, [r4, #4]
100041a0:	9b03      	ldr	r3, [sp, #12]
100041a2:	60a3      	str	r3, [r4, #8]
100041a4:	e7d2      	b.n	1000414c <lfs_dir_commitattr+0x188>
100041a6:	f06f 0301 	mvn.w	r3, #1
100041aa:	9302      	str	r3, [sp, #8]
100041ac:	9802      	ldr	r0, [sp, #8]
100041ae:	b007      	add	sp, #28
100041b0:	e8bd 8ff0 	ldmia.w	sp!, {r4, r5, r6, r7, r8, r9, sl, fp, pc}
100041b4:	9002      	str	r0, [sp, #8]
100041b6:	e7c9      	b.n	1000414c <lfs_dir_commitattr+0x188>
100041b8:	f06f 030a 	mvn.w	r3, #10
100041bc:	e7f5      	b.n	100041aa <lfs_dir_commitattr+0x1e6>
100041be:	bf00      	nop
100041c0:	1000b018 	.word	0x1000b018
100041c4:	200012d0 	.word	0x200012d0

100041c8 <lfs_dir_commit_commit>:
100041c8:	6800      	ldr	r0, [r0, #0]
100041ca:	f7ff befb 	b.w	10003fc4 <lfs_dir_commitattr>
100041ce:	bf00      	nop

100041d0 <lfs_dir_commitcrc>:
100041d0:	e92d 4ff0 	stmdb	sp!, {r4, r5, r6, r7, r8, r9, sl, fp, lr}
100041d4:	f8df a2d8 	ldr.w	sl, [pc, #728]	@ 100044b0 <lfs_dir_commitcrc+0x2e0>
100041d8:	6842      	ldr	r2, [r0, #4]
100041da:	f8da 4068 	ldr.w	r4, [sl, #104]	@ 0x68
100041de:	4605      	mov	r5, r0
100041e0:	6961      	ldr	r1, [r4, #20]
100041e2:	b08b      	sub	sp, #44	@ 0x2c
100041e4:	f101 0807 	add.w	r8, r1, #7
100041e8:	4490      	add	r8, r2
100041ea:	fbb8 f3f1 	udiv	r3, r8, r1
100041ee:	fb01 8313 	mls	r3, r1, r3, r8
100041f2:	eba8 0803 	sub.w	r8, r8, r3
100041f6:	4542      	cmp	r2, r8
100041f8:	f080 8153 	bcs.w	100044a2 <lfs_dir_commitcrc+0x2d2>
100041fc:	2300      	movs	r3, #0
100041fe:	4617      	mov	r7, r2
10004200:	f8df 92b0 	ldr.w	r9, [pc, #688]	@ 100044b4 <lfs_dir_commitcrc+0x2e4>
10004204:	4ea9      	ldr	r6, [pc, #676]	@ (100044ac <lfs_dir_commitcrc+0x2dc>)
10004206:	9304      	str	r3, [sp, #16]
10004208:	9303      	str	r3, [sp, #12]
1000420a:	e00f      	b.n	1000422c <lfs_dir_commitcrc+0x5c>
1000420c:	f3c0 0309 	ubfx	r3, r0, #0, #10
10004210:	3304      	adds	r3, #4
10004212:	441a      	add	r2, r3
10004214:	f004 4400 	and.w	r4, r4, #2147483648	@ 0x80000000
10004218:	4044      	eors	r4, r0
1000421a:	4590      	cmp	r8, r2
1000421c:	4617      	mov	r7, r2
1000421e:	e9c5 2401 	strd	r2, r4, [r5, #4]
10004222:	60e9      	str	r1, [r5, #12]
10004224:	f240 80b0 	bls.w	10004388 <lfs_dir_commitcrc+0x1b8>
10004228:	f8da 4068 	ldr.w	r4, [sl, #104]	@ 0x68
1000422c:	f240 31fe 	movw	r1, #1022	@ 0x3fe
10004230:	3704      	adds	r7, #4
10004232:	eba8 0007 	sub.w	r0, r8, r7
10004236:	4288      	cmp	r0, r1
10004238:	bf94      	ite	ls
1000423a:	eb07 0b00 	addls.w	fp, r7, r0
1000423e:	eb07 0b01 	addhi.w	fp, r7, r1
10004242:	45c3      	cmp	fp, r8
10004244:	d204      	bcs.n	10004250 <lfs_dir_commitcrc+0x80>
10004246:	f1a8 0108 	sub.w	r1, r8, #8
1000424a:	458b      	cmp	fp, r1
1000424c:	bf28      	it	cs
1000424e:	468b      	movcs	fp, r1
10004250:	f04f 33ff 	mov.w	r3, #4294967295	@ 0xffffffff
10004254:	6829      	ldr	r1, [r5, #0]
10004256:	69e0      	ldr	r0, [r4, #28]
10004258:	9307      	str	r3, [sp, #28]
1000425a:	4281      	cmp	r1, r0
1000425c:	f080 810e 	bcs.w	1000447c <lfs_dir_commitcrc+0x2ac>
10004260:	69a0      	ldr	r0, [r4, #24]
10004262:	f10b 0404 	add.w	r4, fp, #4
10004266:	4284      	cmp	r4, r0
10004268:	f200 8108 	bhi.w	1000447c <lfs_dir_commitcrc+0x2ac>
1000426c:	2404      	movs	r4, #4
1000426e:	a807      	add	r0, sp, #28
10004270:	460a      	mov	r2, r1
10004272:	9000      	str	r0, [sp, #0]
10004274:	465b      	mov	r3, fp
10004276:	4650      	mov	r0, sl
10004278:	4621      	mov	r1, r4
1000427a:	9401      	str	r4, [sp, #4]
1000427c:	f7ff f9b2 	bl	100035e4 <lfs_bd_read.part.0.constprop.0>
10004280:	b110      	cbz	r0, 10004288 <lfs_dir_commitcrc+0xb8>
10004282:	1c82      	adds	r2, r0, #2
10004284:	f040 80f7 	bne.w	10004476 <lfs_dir_commitcrc+0x2a6>
10004288:	9c07      	ldr	r4, [sp, #28]
1000428a:	6829      	ldr	r1, [r5, #0]
1000428c:	ba24      	rev	r4, r4
1000428e:	43e4      	mvns	r4, r4
10004290:	ea4f 7cd4 	mov.w	ip, r4, lsr #31
10004294:	f50c 6ca0 	add.w	ip, ip, #1280	@ 0x500
10004298:	686a      	ldr	r2, [r5, #4]
1000429a:	ea4f 5c0c 	mov.w	ip, ip, lsl #20
1000429e:	ebab 0307 	sub.w	r3, fp, r7
100042a2:	68a8      	ldr	r0, [r5, #8]
100042a4:	ea43 030c 	orr.w	r3, r3, ip
100042a8:	68ef      	ldr	r7, [r5, #12]
100042aa:	ea43 0309 	orr.w	r3, r3, r9
100042ae:	4058      	eors	r0, r3
100042b0:	9307      	str	r3, [sp, #28]
100042b2:	ba03      	rev	r3, r0
100042b4:	ea87 6010 	eor.w	r0, r7, r0, lsr #24
100042b8:	f000 000f 	and.w	r0, r0, #15
100042bc:	f856 0020 	ldr.w	r0, [r6, r0, lsl #2]
100042c0:	9308      	str	r3, [sp, #32]
100042c2:	ea80 1017 	eor.w	r0, r0, r7, lsr #4
100042c6:	ea80 1713 	eor.w	r7, r0, r3, lsr #4
100042ca:	f007 070f 	and.w	r7, r7, #15
100042ce:	f856 7027 	ldr.w	r7, [r6, r7, lsl #2]
100042d2:	ea87 1c10 	eor.w	ip, r7, r0, lsr #4
100042d6:	2708      	movs	r7, #8
100042d8:	f3c3 2007 	ubfx	r0, r3, #8, #8
100042dc:	9700      	str	r7, [sp, #0]
100042de:	ea80 070c 	eor.w	r7, r0, ip
100042e2:	f007 070f 	and.w	r7, r7, #15
100042e6:	f856 7027 	ldr.w	r7, [r6, r7, lsl #2]
100042ea:	ea87 171c 	eor.w	r7, r7, ip, lsr #4
100042ee:	ea87 1010 	eor.w	r0, r7, r0, lsr #4
100042f2:	f000 000f 	and.w	r0, r0, #15
100042f6:	f856 0020 	ldr.w	r0, [r6, r0, lsl #2]
100042fa:	ea80 1c17 	eor.w	ip, r0, r7, lsr #4
100042fe:	f3c3 4007 	ubfx	r0, r3, #16, #8
10004302:	ea80 070c 	eor.w	r7, r0, ip
10004306:	f007 070f 	and.w	r7, r7, #15
1000430a:	f856 7027 	ldr.w	r7, [r6, r7, lsl #2]
1000430e:	ea87 171c 	eor.w	r7, r7, ip, lsr #4
10004312:	ea87 1010 	eor.w	r0, r7, r0, lsr #4
10004316:	f000 000f 	and.w	r0, r0, #15
1000431a:	f856 0020 	ldr.w	r0, [r6, r0, lsl #2]
1000431e:	ea80 1717 	eor.w	r7, r0, r7, lsr #4
10004322:	ea87 6013 	eor.w	r0, r7, r3, lsr #24
10004326:	f000 000f 	and.w	r0, r0, #15
1000432a:	f856 0020 	ldr.w	r0, [r6, r0, lsl #2]
1000432e:	ea80 1017 	eor.w	r0, r0, r7, lsr #4
10004332:	ea80 7313 	eor.w	r3, r0, r3, lsr #28
10004336:	f003 030f 	and.w	r3, r3, #15
1000433a:	f856 7023 	ldr.w	r7, [r6, r3, lsl #2]
1000433e:	ab08      	add	r3, sp, #32
10004340:	ea87 1710 	eor.w	r7, r7, r0, lsr #4
10004344:	60ef      	str	r7, [r5, #12]
10004346:	2000      	movs	r0, #0
10004348:	9709      	str	r7, [sp, #36]	@ 0x24
1000434a:	f7ff fc99 	bl	10003c80 <lfs_bd_prog.constprop.0>
1000434e:	2800      	cmp	r0, #0
10004350:	f040 8091 	bne.w	10004476 <lfs_dir_commitcrc+0x2a6>
10004354:	9b03      	ldr	r3, [sp, #12]
10004356:	f04f 31ff 	mov.w	r1, #4294967295	@ 0xffffffff
1000435a:	9807      	ldr	r0, [sp, #28]
1000435c:	686a      	ldr	r2, [r5, #4]
1000435e:	2b00      	cmp	r3, #0
10004360:	f47f af54 	bne.w	1000420c <lfs_dir_commitcrc+0x3c>
10004364:	f3c0 0309 	ubfx	r3, r0, #0, #10
10004368:	3304      	adds	r3, #4
1000436a:	1d17      	adds	r7, r2, #4
1000436c:	f004 4400 	and.w	r4, r4, #2147483648	@ 0x80000000
10004370:	441a      	add	r2, r3
10004372:	68eb      	ldr	r3, [r5, #12]
10004374:	4044      	eors	r4, r0
10004376:	4542      	cmp	r2, r8
10004378:	9703      	str	r7, [sp, #12]
1000437a:	e9c5 2401 	strd	r2, r4, [r5, #4]
1000437e:	4617      	mov	r7, r2
10004380:	9304      	str	r3, [sp, #16]
10004382:	60e9      	str	r1, [r5, #12]
10004384:	f4ff af50 	bcc.w	10004228 <lfs_dir_commitcrc+0x58>
10004388:	f04f 34ff 	mov.w	r4, #4294967295	@ 0xffffffff
1000438c:	f8da 0010 	ldr.w	r0, [sl, #16]
10004390:	f8ca 4000 	str.w	r4, [sl]
10004394:	1cc3      	adds	r3, r0, #3
10004396:	d81d      	bhi.n	100043d4 <lfs_dir_commitcrc+0x204>
10004398:	f8da 2068 	ldr.w	r2, [sl, #104]	@ 0x68
1000439c:	f8da 3018 	ldr.w	r3, [sl, #24]
100043a0:	6951      	ldr	r1, [r2, #20]
100043a2:	4423      	add	r3, r4
100043a4:	440b      	add	r3, r1
100043a6:	6896      	ldr	r6, [r2, #8]
100043a8:	fbb3 f2f1 	udiv	r2, r3, r1
100043ac:	fb01 3212 	mls	r2, r1, r2, r3
100043b0:	f8da 1014 	ldr.w	r1, [sl, #20]
100043b4:	1a9b      	subs	r3, r3, r2
100043b6:	f8da 201c 	ldr.w	r2, [sl, #28]
100043ba:	47b0      	blx	r6
100043bc:	2800      	cmp	r0, #0
100043be:	d15a      	bne.n	10004476 <lfs_dir_commitcrc+0x2a6>
100043c0:	f8da 3068 	ldr.w	r3, [sl, #104]	@ 0x68
100043c4:	21ff      	movs	r1, #255	@ 0xff
100043c6:	6a5a      	ldr	r2, [r3, #36]	@ 0x24
100043c8:	f8da 001c 	ldr.w	r0, [sl, #28]
100043cc:	f006 f884 	bl	1000a4d8 <memset>
100043d0:	f8ca 4010 	str.w	r4, [sl, #16]
100043d4:	692b      	ldr	r3, [r5, #16]
100043d6:	4543      	cmp	r3, r8
100043d8:	d24c      	bcs.n	10004474 <lfs_dir_commitcrc+0x2a4>
100043da:	9a03      	ldr	r2, [sp, #12]
100043dc:	46ab      	mov	fp, r5
100043de:	4691      	mov	r9, r2
100043e0:	4f32      	ldr	r7, [pc, #200]	@ (100044ac <lfs_dir_commitcrc+0x2dc>)
100043e2:	f8cd 8014 	str.w	r8, [sp, #20]
100043e6:	9a03      	ldr	r2, [sp, #12]
100043e8:	f102 0804 	add.w	r8, r2, #4
100043ec:	4598      	cmp	r8, r3
100043ee:	d949      	bls.n	10004484 <lfs_dir_commitcrc+0x2b4>
100043f0:	f04f 34ff 	mov.w	r4, #4294967295	@ 0xffffffff
100043f4:	e000      	b.n	100043f8 <lfs_dir_commitcrc+0x228>
100043f6:	4633      	mov	r3, r6
100043f8:	454b      	cmp	r3, r9
100043fa:	f103 0601 	add.w	r6, r3, #1
100043fe:	eba8 0103 	sub.w	r1, r8, r3
10004402:	d102      	bne.n	1000440a <lfs_dir_commitcrc+0x23a>
10004404:	9a04      	ldr	r2, [sp, #16]
10004406:	4294      	cmp	r4, r2
10004408:	d13c      	bne.n	10004484 <lfs_dir_commitcrc+0x2b4>
1000440a:	f8da 0068 	ldr.w	r0, [sl, #104]	@ 0x68
1000440e:	f8db 2000 	ldr.w	r2, [fp]
10004412:	69c5      	ldr	r5, [r0, #28]
10004414:	42aa      	cmp	r2, r5
10004416:	d235      	bcs.n	10004484 <lfs_dir_commitcrc+0x2b4>
10004418:	6980      	ldr	r0, [r0, #24]
1000441a:	4286      	cmp	r6, r0
1000441c:	d832      	bhi.n	10004484 <lfs_dir_commitcrc+0x2b4>
1000441e:	2001      	movs	r0, #1
10004420:	9001      	str	r0, [sp, #4]
10004422:	a808      	add	r0, sp, #32
10004424:	9000      	str	r0, [sp, #0]
10004426:	4822      	ldr	r0, [pc, #136]	@ (100044b0 <lfs_dir_commitcrc+0x2e0>)
10004428:	f7ff f8dc 	bl	100035e4 <lfs_bd_read.part.0.constprop.0>
1000442c:	bb18      	cbnz	r0, 10004476 <lfs_dir_commitcrc+0x2a6>
1000442e:	f89d 3020 	ldrb.w	r3, [sp, #32]
10004432:	45b0      	cmp	r8, r6
10004434:	ea83 0204 	eor.w	r2, r3, r4
10004438:	f002 020f 	and.w	r2, r2, #15
1000443c:	f857 1022 	ldr.w	r1, [r7, r2, lsl #2]
10004440:	ea81 1114 	eor.w	r1, r1, r4, lsr #4
10004444:	ea81 1313 	eor.w	r3, r1, r3, lsr #4
10004448:	f003 030f 	and.w	r3, r3, #15
1000444c:	f857 3023 	ldr.w	r3, [r7, r3, lsl #2]
10004450:	ea4f 1211 	mov.w	r2, r1, lsr #4
10004454:	ea83 1411 	eor.w	r4, r3, r1, lsr #4
10004458:	d8cd      	bhi.n	100043f6 <lfs_dir_commitcrc+0x226>
1000445a:	429a      	cmp	r2, r3
1000445c:	d112      	bne.n	10004484 <lfs_dir_commitcrc+0x2b4>
1000445e:	f240 33fe 	movw	r3, #1022	@ 0x3fe
10004462:	9805      	ldr	r0, [sp, #20]
10004464:	9a03      	ldr	r2, [sp, #12]
10004466:	1a81      	subs	r1, r0, r2
10004468:	4299      	cmp	r1, r3
1000446a:	bf94      	ite	ls
1000446c:	1852      	addls	r2, r2, r1
1000446e:	18d2      	addhi	r2, r2, r3
10004470:	4282      	cmp	r2, r0
10004472:	d30c      	bcc.n	1000448e <lfs_dir_commitcrc+0x2be>
10004474:	2000      	movs	r0, #0
10004476:	b00b      	add	sp, #44	@ 0x2c
10004478:	e8bd 8ff0 	ldmia.w	sp!, {r4, r5, r6, r7, r8, r9, sl, fp, pc}
1000447c:	f04f 4ca0 	mov.w	ip, #1342177280	@ 0x50000000
10004480:	2400      	movs	r4, #0
10004482:	e70c      	b.n	1000429e <lfs_dir_commitcrc+0xce>
10004484:	f06f 0001 	mvn.w	r0, #1
10004488:	b00b      	add	sp, #44	@ 0x2c
1000448a:	e8bd 8ff0 	ldmia.w	sp!, {r4, r5, r6, r7, r8, r9, sl, fp, pc}
1000448e:	f1a0 0308 	sub.w	r3, r0, #8
10004492:	4293      	cmp	r3, r2
10004494:	bf28      	it	cs
10004496:	4613      	movcs	r3, r2
10004498:	1d1a      	adds	r2, r3, #4
1000449a:	4298      	cmp	r0, r3
1000449c:	9203      	str	r2, [sp, #12]
1000449e:	d8a2      	bhi.n	100043e6 <lfs_dir_commitcrc+0x216>
100044a0:	e7e8      	b.n	10004474 <lfs_dir_commitcrc+0x2a4>
100044a2:	2300      	movs	r3, #0
100044a4:	e9cd 3303 	strd	r3, r3, [sp, #12]
100044a8:	e76e      	b.n	10004388 <lfs_dir_commitcrc+0x1b8>
100044aa:	bf00      	nop
100044ac:	1000b018 	.word	0x1000b018
100044b0:	200012d0 	.word	0x200012d0
100044b4:	000ffc00 	.word	0x000ffc00

100044b8 <lfs_dir_fetchmatch>:
100044b8:	e92d 4ff0 	stmdb	sp!, {r4, r5, r6, r7, r8, r9, sl, fp, lr}
100044bc:	f8df a3c0 	ldr.w	sl, [pc, #960]	@ 10004880 <lfs_dir_fetchmatch+0x3c8>
100044c0:	460c      	mov	r4, r1
100044c2:	f8da 6068 	ldr.w	r6, [sl, #104]	@ 0x68
100044c6:	6809      	ldr	r1, [r1, #0]
100044c8:	69f7      	ldr	r7, [r6, #28]
100044ca:	b097      	sub	sp, #92	@ 0x5c
100044cc:	42b9      	cmp	r1, r7
100044ce:	e9cd 2309 	strd	r2, r3, [sp, #36]	@ 0x24
100044d2:	9d20      	ldr	r5, [sp, #128]	@ 0x80
100044d4:	f080 81cd 	bcs.w	10004872 <lfs_dir_fetchmatch+0x3ba>
100044d8:	6862      	ldr	r2, [r4, #4]
100044da:	4297      	cmp	r7, r2
100044dc:	f240 81c9 	bls.w	10004872 <lfs_dir_fetchmatch+0x3ba>
100044e0:	2300      	movs	r3, #0
100044e2:	4683      	mov	fp, r0
100044e4:	69b0      	ldr	r0, [r6, #24]
100044e6:	e9cd 3310 	strd	r3, r3, [sp, #64]	@ 0x40
100044ea:	2803      	cmp	r0, #3
100044ec:	d90d      	bls.n	1000450a <lfs_dir_fetchmatch+0x52>
100044ee:	460a      	mov	r2, r1
100044f0:	2104      	movs	r1, #4
100044f2:	a810      	add	r0, sp, #64	@ 0x40
100044f4:	9000      	str	r0, [sp, #0]
100044f6:	9101      	str	r1, [sp, #4]
100044f8:	4650      	mov	r0, sl
100044fa:	f7ff f873 	bl	100035e4 <lfs_bd_read.part.0.constprop.0>
100044fe:	4603      	mov	r3, r0
10004500:	4606      	mov	r6, r0
10004502:	2800      	cmp	r0, #0
10004504:	f040 81cc 	bne.w	100048a0 <lfs_dir_fetchmatch+0x3e8>
10004508:	6862      	ldr	r2, [r4, #4]
1000450a:	f8da 3068 	ldr.w	r3, [sl, #104]	@ 0x68
1000450e:	69d9      	ldr	r1, [r3, #28]
10004510:	428a      	cmp	r2, r1
10004512:	f080 81c3 	bcs.w	1000489c <lfs_dir_fetchmatch+0x3e4>
10004516:	699b      	ldr	r3, [r3, #24]
10004518:	2b03      	cmp	r3, #3
1000451a:	f240 81bf 	bls.w	1000489c <lfs_dir_fetchmatch+0x3e4>
1000451e:	2104      	movs	r1, #4
10004520:	ab11      	add	r3, sp, #68	@ 0x44
10004522:	9300      	str	r3, [sp, #0]
10004524:	48d6      	ldr	r0, [pc, #856]	@ (10004880 <lfs_dir_fetchmatch+0x3c8>)
10004526:	2300      	movs	r3, #0
10004528:	9101      	str	r1, [sp, #4]
1000452a:	f7ff f85b 	bl	100035e4 <lfs_bd_read.part.0.constprop.0>
1000452e:	4603      	mov	r3, r0
10004530:	4606      	mov	r6, r0
10004532:	2800      	cmp	r0, #0
10004534:	f040 81b0 	bne.w	10004898 <lfs_dir_fetchmatch+0x3e0>
10004538:	e9dd 2310 	ldrd	r2, r3, [sp, #64]	@ 0x40
1000453c:	1a9b      	subs	r3, r3, r2
1000453e:	2b00      	cmp	r3, #0
10004540:	f340 81ac 	ble.w	1000489c <lfs_dir_fetchmatch+0x3e4>
10004544:	2301      	movs	r3, #1
10004546:	2000      	movs	r0, #0
10004548:	a916      	add	r1, sp, #88	@ 0x58
1000454a:	f854 2023 	ldr.w	r2, [r4, r3, lsl #2]
1000454e:	f083 0e01 	eor.w	lr, r3, #1
10004552:	eb01 0383 	add.w	r3, r1, r3, lsl #2
10004556:	f853 3c18 	ldr.w	r3, [r3, #-24]
1000455a:	f8cb 2000 	str.w	r2, [fp]
1000455e:	f854 102e 	ldr.w	r1, [r4, lr, lsl #2]
10004562:	e9cb 3002 	strd	r3, r0, [fp, #8]
10004566:	2302      	movs	r3, #2
10004568:	930b      	str	r3, [sp, #44]	@ 0x2c
1000456a:	f04f 33ff 	mov.w	r3, #4294967295	@ 0xffffffff
1000456e:	f8cd e034 	str.w	lr, [sp, #52]	@ 0x34
10004572:	469e      	mov	lr, r3
10004574:	f8df 831c 	ldr.w	r8, [pc, #796]	@ 10004894 <lfs_dir_fetchmatch+0x3dc>
10004578:	f8cb 1004 	str.w	r1, [fp, #4]
1000457c:	9520      	str	r5, [sp, #128]	@ 0x80
1000457e:	f89b c008 	ldrb.w	ip, [fp, #8]
10004582:	f89b 4009 	ldrb.w	r4, [fp, #9]
10004586:	ea6f 070c 	mvn.w	r7, ip
1000458a:	f007 070f 	and.w	r7, r7, #15
1000458e:	f858 7027 	ldr.w	r7, [r8, r7, lsl #2]
10004592:	f89b 000a 	ldrb.w	r0, [fp, #10]
10004596:	f087 4770 	eor.w	r7, r7, #4026531840	@ 0xf0000000
1000459a:	43ff      	mvns	r7, r7
1000459c:	ea87 1c1c 	eor.w	ip, r7, ip, lsr #4
100045a0:	f00c 0c0f 	and.w	ip, ip, #15
100045a4:	f858 c02c 	ldr.w	ip, [r8, ip, lsl #2]
100045a8:	f89b 100b 	ldrb.w	r1, [fp, #11]
100045ac:	ea8c 1c17 	eor.w	ip, ip, r7, lsr #4
100045b0:	ea84 070c 	eor.w	r7, r4, ip
100045b4:	f007 070f 	and.w	r7, r7, #15
100045b8:	f858 7027 	ldr.w	r7, [r8, r7, lsl #2]
100045bc:	f8da 3068 	ldr.w	r3, [sl, #104]	@ 0x68
100045c0:	ea87 171c 	eor.w	r7, r7, ip, lsr #4
100045c4:	ea87 1414 	eor.w	r4, r7, r4, lsr #4
100045c8:	f004 040f 	and.w	r4, r4, #15
100045cc:	f858 4024 	ldr.w	r4, [r8, r4, lsl #2]
100045d0:	ae12      	add	r6, sp, #72	@ 0x48
100045d2:	ea84 1717 	eor.w	r7, r4, r7, lsr #4
100045d6:	ea80 0407 	eor.w	r4, r0, r7
100045da:	f004 040f 	and.w	r4, r4, #15
100045de:	f858 4024 	ldr.w	r4, [r8, r4, lsl #2]
100045e2:	e9d3 3506 	ldrd	r3, r5, [r3, #24]
100045e6:	ea84 1417 	eor.w	r4, r4, r7, lsr #4
100045ea:	ea84 1010 	eor.w	r0, r4, r0, lsr #4
100045ee:	f000 000f 	and.w	r0, r0, #15
100045f2:	f858 0020 	ldr.w	r0, [r8, r0, lsl #2]
100045f6:	4295      	cmp	r5, r2
100045f8:	ea80 1414 	eor.w	r4, r0, r4, lsr #4
100045fc:	ea81 0004 	eor.w	r0, r1, r4
10004600:	f000 000f 	and.w	r0, r0, #15
10004604:	f858 0020 	ldr.w	r0, [r8, r0, lsl #2]
10004608:	ea80 1014 	eor.w	r0, r0, r4, lsr #4
1000460c:	ea80 1111 	eor.w	r1, r0, r1, lsr #4
10004610:	f001 010f 	and.w	r1, r1, #15
10004614:	f858 4021 	ldr.w	r4, [r8, r1, lsl #2]
10004618:	499a      	ldr	r1, [pc, #616]	@ (10004884 <lfs_dir_fetchmatch+0x3cc>)
1000461a:	ea84 1410 	eor.w	r4, r4, r0, lsr #4
1000461e:	c903      	ldmia	r1, {r0, r1}
10004620:	e886 0003 	stmia.w	r6, {r0, r1}
10004624:	f240 82b8 	bls.w	10004b98 <lfs_dir_fetchmatch+0x6e0>
10004628:	2100      	movs	r1, #0
1000462a:	f04f 37ff 	mov.w	r7, #4294967295	@ 0xffffffff
1000462e:	910c      	str	r1, [sp, #48]	@ 0x30
10004630:	9107      	str	r1, [sp, #28]
10004632:	f04f 0904 	mov.w	r9, #4
10004636:	4619      	mov	r1, r3
10004638:	f8cd e020 	str.w	lr, [sp, #32]
1000463c:	9703      	str	r7, [sp, #12]
1000463e:	f8cd e018 	str.w	lr, [sp, #24]
10004642:	f109 0504 	add.w	r5, r9, #4
10004646:	42a9      	cmp	r1, r5
10004648:	f0c0 80ed 	bcc.w	10004826 <lfs_dir_fetchmatch+0x36e>
1000464c:	2704      	movs	r7, #4
1000464e:	ab0f      	add	r3, sp, #60	@ 0x3c
10004650:	9300      	str	r3, [sp, #0]
10004652:	488b      	ldr	r0, [pc, #556]	@ (10004880 <lfs_dir_fetchmatch+0x3c8>)
10004654:	464b      	mov	r3, r9
10004656:	9701      	str	r7, [sp, #4]
10004658:	f7fe ffc4 	bl	100035e4 <lfs_bd_read.part.0.constprop.0>
1000465c:	2800      	cmp	r0, #0
1000465e:	f040 823e 	bne.w	10004ade <lfs_dir_fetchmatch+0x626>
10004662:	f89d 203c 	ldrb.w	r2, [sp, #60]	@ 0x3c
10004666:	f89d 303d 	ldrb.w	r3, [sp, #61]	@ 0x3d
1000466a:	ea82 0104 	eor.w	r1, r2, r4
1000466e:	f001 010f 	and.w	r1, r1, #15
10004672:	f858 1021 	ldr.w	r1, [r8, r1, lsl #2]
10004676:	f8dd c03c 	ldr.w	ip, [sp, #60]	@ 0x3c
1000467a:	ea81 1414 	eor.w	r4, r1, r4, lsr #4
1000467e:	ea84 1212 	eor.w	r2, r4, r2, lsr #4
10004682:	f002 020f 	and.w	r2, r2, #15
10004686:	f858 1022 	ldr.w	r1, [r8, r2, lsl #2]
1000468a:	fa9c fc8c 	rev.w	ip, ip
1000468e:	ea81 1114 	eor.w	r1, r1, r4, lsr #4
10004692:	ea83 0201 	eor.w	r2, r3, r1
10004696:	f002 020f 	and.w	r2, r2, #15
1000469a:	f858 2022 	ldr.w	r2, [r8, r2, lsl #2]
1000469e:	ea82 1211 	eor.w	r2, r2, r1, lsr #4
100046a2:	ea82 1313 	eor.w	r3, r2, r3, lsr #4
100046a6:	f003 030f 	and.w	r3, r3, #15
100046aa:	f858 1023 	ldr.w	r1, [r8, r3, lsl #2]
100046ae:	f89d 303f 	ldrb.w	r3, [sp, #63]	@ 0x3f
100046b2:	ea81 1112 	eor.w	r1, r1, r2, lsr #4
100046b6:	f89d 203e 	ldrb.w	r2, [sp, #62]	@ 0x3e
100046ba:	ea82 0401 	eor.w	r4, r2, r1
100046be:	f004 040f 	and.w	r4, r4, #15
100046c2:	f858 4024 	ldr.w	r4, [r8, r4, lsl #2]
100046c6:	ea84 1411 	eor.w	r4, r4, r1, lsr #4
100046ca:	ea84 1212 	eor.w	r2, r4, r2, lsr #4
100046ce:	f002 020f 	and.w	r2, r2, #15
100046d2:	f858 1022 	ldr.w	r1, [r8, r2, lsl #2]
100046d6:	ea81 1114 	eor.w	r1, r1, r4, lsr #4
100046da:	ea83 0201 	eor.w	r2, r3, r1
100046de:	f002 020f 	and.w	r2, r2, #15
100046e2:	f858 2022 	ldr.w	r2, [r8, r2, lsl #2]
100046e6:	ea82 1211 	eor.w	r2, r2, r1, lsr #4
100046ea:	ea82 1313 	eor.w	r3, r2, r3, lsr #4
100046ee:	f003 030f 	and.w	r3, r3, #15
100046f2:	f858 4023 	ldr.w	r4, [r8, r3, lsl #2]
100046f6:	9b03      	ldr	r3, [sp, #12]
100046f8:	ea84 1412 	eor.w	r4, r4, r2, lsr #4
100046fc:	ea8c 0603 	eor.w	r6, ip, r3
10004700:	2e00      	cmp	r6, #0
10004702:	46b4      	mov	ip, r6
10004704:	960f      	str	r6, [sp, #60]	@ 0x3c
10004706:	f2c0 81dd 	blt.w	10004ac4 <lfs_dir_fetchmatch+0x60c>
1000470a:	f346 0309 	sbfx	r3, r6, #0, #10
1000470e:	f1b3 3fff 	cmp.w	r3, #4294967295	@ 0xffffffff
10004712:	bf14      	ite	ne
10004714:	46b6      	movne	lr, r6
10004716:	f106 0e01 	addeq.w	lr, r6, #1
1000471a:	f8da 2068 	ldr.w	r2, [sl, #104]	@ 0x68
1000471e:	f3ce 0e09 	ubfx	lr, lr, #0, #10
10004722:	6991      	ldr	r1, [r2, #24]
10004724:	f10e 0e04 	add.w	lr, lr, #4
10004728:	eb0e 0309 	add.w	r3, lr, r9
1000472c:	428b      	cmp	r3, r1
1000472e:	9303      	str	r3, [sp, #12]
10004730:	f200 81c1 	bhi.w	10004ab6 <lfs_dir_fetchmatch+0x5fe>
10004734:	0d30      	lsrs	r0, r6, #20
10004736:	f400 63e0 	and.w	r3, r0, #1792	@ 0x700
1000473a:	f5b3 6fa0 	cmp.w	r3, #1280	@ 0x500
1000473e:	f000 80e6 	beq.w	1000490e <lfs_dir_fetchmatch+0x456>
10004742:	f1be 0f04 	cmp.w	lr, #4
10004746:	f000 81a5 	beq.w	10004a94 <lfs_dir_fetchmatch+0x5dc>
1000474a:	e9cd 6504 	strd	r6, r5, [sp, #16]
1000474e:	e003      	b.n	10004758 <lfs_dir_fetchmatch+0x2a0>
10004750:	463d      	mov	r5, r7
10004752:	f8da 2068 	ldr.w	r2, [sl, #104]	@ 0x68
10004756:	6991      	ldr	r1, [r2, #24]
10004758:	69d0      	ldr	r0, [r2, #28]
1000475a:	f8db 2000 	ldr.w	r2, [fp]
1000475e:	1c6f      	adds	r7, r5, #1
10004760:	4282      	cmp	r2, r0
10004762:	f080 816e 	bcs.w	10004a42 <lfs_dir_fetchmatch+0x58a>
10004766:	428f      	cmp	r7, r1
10004768:	f200 816b 	bhi.w	10004a42 <lfs_dir_fetchmatch+0x58a>
1000476c:	2601      	movs	r6, #1
1000476e:	9601      	str	r6, [sp, #4]
10004770:	ae14      	add	r6, sp, #80	@ 0x50
10004772:	462b      	mov	r3, r5
10004774:	4842      	ldr	r0, [pc, #264]	@ (10004880 <lfs_dir_fetchmatch+0x3c8>)
10004776:	9600      	str	r6, [sp, #0]
10004778:	f7fe ff34 	bl	100035e4 <lfs_bd_read.part.0.constprop.0>
1000477c:	f1c9 0201 	rsb	r2, r9, #1
10004780:	1953      	adds	r3, r2, r5
10004782:	2800      	cmp	r0, #0
10004784:	f040 80b2 	bne.w	100048ec <lfs_dir_fetchmatch+0x434>
10004788:	990f      	ldr	r1, [sp, #60]	@ 0x3c
1000478a:	f89d 2050 	ldrb.w	r2, [sp, #80]	@ 0x50
1000478e:	f341 0c09 	sbfx	ip, r1, #0, #10
10004792:	f1bc 3fff 	cmp.w	ip, #4294967295	@ 0xffffffff
10004796:	bf14      	ite	ne
10004798:	4608      	movne	r0, r1
1000479a:	1c48      	addeq	r0, r1, #1
1000479c:	ea82 0c04 	eor.w	ip, r2, r4
100047a0:	f00c 0c0f 	and.w	ip, ip, #15
100047a4:	f858 502c 	ldr.w	r5, [r8, ip, lsl #2]
100047a8:	ea85 1c14 	eor.w	ip, r5, r4, lsr #4
100047ac:	ea8c 1212 	eor.w	r2, ip, r2, lsr #4
100047b0:	f002 020f 	and.w	r2, r2, #15
100047b4:	f858 4022 	ldr.w	r4, [r8, r2, lsl #2]
100047b8:	f3c0 0209 	ubfx	r2, r0, #0, #10
100047bc:	3204      	adds	r2, #4
100047be:	429a      	cmp	r2, r3
100047c0:	ea84 141c 	eor.w	r4, r4, ip, lsr #4
100047c4:	468c      	mov	ip, r1
100047c6:	d8c3      	bhi.n	10004750 <lfs_dir_fetchmatch+0x298>
100047c8:	0d08      	lsrs	r0, r1, #20
100047ca:	f8db 2000 	ldr.w	r2, [fp]
100047ce:	f400 63e0 	and.w	r3, r0, #1792	@ 0x700
100047d2:	e9dd 6504 	ldrd	r6, r5, [sp, #16]
100047d6:	2b00      	cmp	r3, #0
100047d8:	d166      	bne.n	100048a8 <lfs_dir_fetchmatch+0x3f0>
100047da:	9807      	ldr	r0, [sp, #28]
100047dc:	f3c1 2389 	ubfx	r3, r1, #10, #10
100047e0:	4283      	cmp	r3, r0
100047e2:	d301      	bcc.n	100047e8 <lfs_dir_fetchmatch+0x330>
100047e4:	3301      	adds	r3, #1
100047e6:	9307      	str	r3, [sp, #28]
100047e8:	9b0a      	ldr	r3, [sp, #40]	@ 0x28
100047ea:	ea83 0701 	eor.w	r7, r3, r1
100047ee:	9b09      	ldr	r3, [sp, #36]	@ 0x24
100047f0:	401f      	ands	r7, r3
100047f2:	d10e      	bne.n	10004812 <lfs_dir_fetchmatch+0x35a>
100047f4:	e9cd 2514 	strd	r2, r5, [sp, #80]	@ 0x50
100047f8:	9822      	ldr	r0, [sp, #136]	@ 0x88
100047fa:	9b21      	ldr	r3, [sp, #132]	@ 0x84
100047fc:	aa14      	add	r2, sp, #80	@ 0x50
100047fe:	4798      	blx	r3
10004800:	2800      	cmp	r0, #0
10004802:	f2c0 8171 	blt.w	10004ae8 <lfs_dir_fetchmatch+0x630>
10004806:	f040 8111 	bne.w	10004a2c <lfs_dir_fetchmatch+0x574>
1000480a:	9b0f      	ldr	r3, [sp, #60]	@ 0x3c
1000480c:	f8db 2000 	ldr.w	r2, [fp]
10004810:	9306      	str	r3, [sp, #24]
10004812:	f8dd 900c 	ldr.w	r9, [sp, #12]
10004816:	9603      	str	r6, [sp, #12]
10004818:	f8da 3068 	ldr.w	r3, [sl, #104]	@ 0x68
1000481c:	e9d3 1006 	ldrd	r1, r0, [r3, #24]
10004820:	4282      	cmp	r2, r0
10004822:	f4ff af0e 	bcc.w	10004642 <lfs_dir_fetchmatch+0x18a>
10004826:	2300      	movs	r3, #0
10004828:	f8dd e020 	ldr.w	lr, [sp, #32]
1000482c:	f88b 3016 	strb.w	r3, [fp, #22]
10004830:	f8db 300c 	ldr.w	r3, [fp, #12]
10004834:	2b00      	cmp	r3, #0
10004836:	f040 816d 	bne.w	10004b14 <lfs_dir_fetchmatch+0x65c>
1000483a:	9b0d      	ldr	r3, [sp, #52]	@ 0x34
1000483c:	aa16      	add	r2, sp, #88	@ 0x58
1000483e:	eb02 0383 	add.w	r3, r2, r3, lsl #2
10004842:	f853 3c18 	ldr.w	r3, [r3, #-24]
10004846:	e9db 0200 	ldrd	r0, r2, [fp]
1000484a:	f8cb 3008 	str.w	r3, [fp, #8]
1000484e:	9b0b      	ldr	r3, [sp, #44]	@ 0x2c
10004850:	e9cb 2000 	strd	r2, r0, [fp]
10004854:	2b01      	cmp	r3, #1
10004856:	d002      	beq.n	1000485e <lfs_dir_fetchmatch+0x3a6>
10004858:	2301      	movs	r3, #1
1000485a:	930b      	str	r3, [sp, #44]	@ 0x2c
1000485c:	e68f      	b.n	1000457e <lfs_dir_fetchmatch+0xc6>
1000485e:	4c0a      	ldr	r4, [pc, #40]	@ (10004888 <lfs_dir_fetchmatch+0x3d0>)
10004860:	4613      	mov	r3, r2
10004862:	e9cd 0400 	strd	r0, r4, [sp]
10004866:	f240 32e7 	movw	r2, #999	@ 0x3e7
1000486a:	4908      	ldr	r1, [pc, #32]	@ (1000488c <lfs_dir_fetchmatch+0x3d4>)
1000486c:	4808      	ldr	r0, [pc, #32]	@ (10004890 <lfs_dir_fetchmatch+0x3d8>)
1000486e:	f7fe fce9 	bl	10003244 <__wrap_printf>
10004872:	f06f 0301 	mvn.w	r3, #1
10004876:	461e      	mov	r6, r3
10004878:	4630      	mov	r0, r6
1000487a:	b017      	add	sp, #92	@ 0x5c
1000487c:	e8bd 8ff0 	ldmia.w	sp!, {r4, r5, r6, r7, r8, r9, sl, fp, pc}
10004880:	200012d0 	.word	0x200012d0
10004884:	1000b064 	.word	0x1000b064
10004888:	1000afa8 	.word	0x1000afa8
1000488c:	1000acac 	.word	0x1000acac
10004890:	1000acf0 	.word	0x1000acf0
10004894:	1000b018 	.word	0x1000b018
10004898:	3302      	adds	r3, #2
1000489a:	d1ed      	bne.n	10004878 <lfs_dir_fetchmatch+0x3c0>
1000489c:	2300      	movs	r3, #0
1000489e:	e652      	b.n	10004546 <lfs_dir_fetchmatch+0x8e>
100048a0:	3302      	adds	r3, #2
100048a2:	f43f ae31 	beq.w	10004508 <lfs_dir_fetchmatch+0x50>
100048a6:	e7e7      	b.n	10004878 <lfs_dir_fetchmatch+0x3c0>
100048a8:	f5b3 6f80 	cmp.w	r3, #1024	@ 0x400
100048ac:	f000 80cc 	beq.w	10004a48 <lfs_dir_fetchmatch+0x590>
100048b0:	f5b3 6fc0 	cmp.w	r3, #1536	@ 0x600
100048b4:	d198      	bne.n	100047e8 <lfs_dir_fetchmatch+0x330>
100048b6:	f000 0301 	and.w	r3, r0, #1
100048ba:	930c      	str	r3, [sp, #48]	@ 0x30
100048bc:	f8da 3068 	ldr.w	r3, [sl, #104]	@ 0x68
100048c0:	e9d3 1006 	ldrd	r1, r0, [r3, #24]
100048c4:	4282      	cmp	r2, r0
100048c6:	d2ae      	bcs.n	10004826 <lfs_dir_fetchmatch+0x36e>
100048c8:	f109 090c 	add.w	r9, r9, #12
100048cc:	4549      	cmp	r1, r9
100048ce:	d3aa      	bcc.n	10004826 <lfs_dir_fetchmatch+0x36e>
100048d0:	ab12      	add	r3, sp, #72	@ 0x48
100048d2:	9300      	str	r3, [sp, #0]
100048d4:	2308      	movs	r3, #8
100048d6:	48be      	ldr	r0, [pc, #760]	@ (10004bd0 <lfs_dir_fetchmatch+0x718>)
100048d8:	9301      	str	r3, [sp, #4]
100048da:	462b      	mov	r3, r5
100048dc:	f7fe fe82 	bl	100035e4 <lfs_bd_read.part.0.constprop.0>
100048e0:	3002      	adds	r0, #2
100048e2:	d0a0      	beq.n	10004826 <lfs_dir_fetchmatch+0x36e>
100048e4:	990f      	ldr	r1, [sp, #60]	@ 0x3c
100048e6:	f8db 2000 	ldr.w	r2, [fp]
100048ea:	e77d      	b.n	100047e8 <lfs_dir_fetchmatch+0x330>
100048ec:	1c83      	adds	r3, r0, #2
100048ee:	e9dd 6504 	ldrd	r6, r5, [sp, #16]
100048f2:	f040 80f7 	bne.w	10004ae4 <lfs_dir_fetchmatch+0x62c>
100048f6:	f8db 2000 	ldr.w	r2, [fp]
100048fa:	f8dd c03c 	ldr.w	ip, [sp, #60]	@ 0x3c
100048fe:	4661      	mov	r1, ip
10004900:	2300      	movs	r3, #0
10004902:	0d08      	lsrs	r0, r1, #20
10004904:	f88b 3016 	strb.w	r3, [fp, #22]
10004908:	f400 63e0 	and.w	r3, r0, #1792	@ 0x700
1000490c:	e763      	b.n	100047d6 <lfs_dir_fetchmatch+0x31e>
1000490e:	69d3      	ldr	r3, [r2, #28]
10004910:	f8db 2000 	ldr.w	r2, [fp]
10004914:	429a      	cmp	r2, r3
10004916:	d286      	bcs.n	10004826 <lfs_dir_fetchmatch+0x36e>
10004918:	f109 0308 	add.w	r3, r9, #8
1000491c:	4299      	cmp	r1, r3
1000491e:	d382      	bcc.n	10004826 <lfs_dir_fetchmatch+0x36e>
10004920:	ab14      	add	r3, sp, #80	@ 0x50
10004922:	9300      	str	r3, [sp, #0]
10004924:	48aa      	ldr	r0, [pc, #680]	@ (10004bd0 <lfs_dir_fetchmatch+0x718>)
10004926:	462b      	mov	r3, r5
10004928:	9701      	str	r7, [sp, #4]
1000492a:	f7fe fe5b 	bl	100035e4 <lfs_bd_read.part.0.constprop.0>
1000492e:	2800      	cmp	r0, #0
10004930:	f040 80d5 	bne.w	10004ade <lfs_dir_fetchmatch+0x626>
10004934:	9b14      	ldr	r3, [sp, #80]	@ 0x50
10004936:	42a3      	cmp	r3, r4
10004938:	f47f af75 	bne.w	10004826 <lfs_dir_fetchmatch+0x36e>
1000493c:	f8da 102c 	ldr.w	r1, [sl, #44]	@ 0x2c
10004940:	b2e3      	uxtb	r3, r4
10004942:	ea83 0201 	eor.w	r2, r3, r1
10004946:	f002 020f 	and.w	r2, r2, #15
1000494a:	f858 2022 	ldr.w	r2, [r8, r2, lsl #2]
1000494e:	980f      	ldr	r0, [sp, #60]	@ 0x3c
10004950:	ea82 1211 	eor.w	r2, r2, r1, lsr #4
10004954:	ea82 1313 	eor.w	r3, r2, r3, lsr #4
10004958:	f003 030f 	and.w	r3, r3, #15
1000495c:	f858 1023 	ldr.w	r1, [r8, r3, lsl #2]
10004960:	f3c4 2307 	ubfx	r3, r4, #8, #8
10004964:	ea81 1112 	eor.w	r1, r1, r2, lsr #4
10004968:	0d02      	lsrs	r2, r0, #20
1000496a:	ea86 77c2 	eor.w	r7, r6, r2, lsl #31
1000496e:	f340 0209 	sbfx	r2, r0, #0, #10
10004972:	f1b2 3fff 	cmp.w	r2, #4294967295	@ 0xffffffff
10004976:	bf08      	it	eq
10004978:	3001      	addeq	r0, #1
1000497a:	463a      	mov	r2, r7
1000497c:	f347 0609 	sbfx	r6, r7, #0, #10
10004980:	f1b6 3fff 	cmp.w	r6, #4294967295	@ 0xffffffff
10004984:	bf08      	it	eq
10004986:	3201      	addeq	r2, #1
10004988:	ea83 0601 	eor.w	r6, r3, r1
1000498c:	f006 060f 	and.w	r6, r6, #15
10004990:	f858 6026 	ldr.w	r6, [r8, r6, lsl #2]
10004994:	f3c2 0209 	ubfx	r2, r2, #0, #10
10004998:	ea86 1611 	eor.w	r6, r6, r1, lsr #4
1000499c:	ea86 1313 	eor.w	r3, r6, r3, lsr #4
100049a0:	f003 030f 	and.w	r3, r3, #15
100049a4:	f858 1023 	ldr.w	r1, [r8, r3, lsl #2]
100049a8:	f3c0 0309 	ubfx	r3, r0, #0, #10
100049ac:	3304      	adds	r3, #4
100049ae:	ea81 1116 	eor.w	r1, r1, r6, lsr #4
100049b2:	444b      	add	r3, r9
100049b4:	eb02 0905 	add.w	r9, r2, r5
100049b8:	f3c4 4207 	ubfx	r2, r4, #16, #8
100049bc:	ea82 0001 	eor.w	r0, r2, r1
100049c0:	f000 000f 	and.w	r0, r0, #15
100049c4:	f858 0020 	ldr.w	r0, [r8, r0, lsl #2]
100049c8:	9703      	str	r7, [sp, #12]
100049ca:	ea80 1011 	eor.w	r0, r0, r1, lsr #4
100049ce:	ea80 1212 	eor.w	r2, r0, r2, lsr #4
100049d2:	f002 020f 	and.w	r2, r2, #15
100049d6:	f858 1022 	ldr.w	r1, [r8, r2, lsl #2]
100049da:	ea81 1110 	eor.w	r1, r1, r0, lsr #4
100049de:	ea81 6214 	eor.w	r2, r1, r4, lsr #24
100049e2:	f002 020f 	and.w	r2, r2, #15
100049e6:	f858 2022 	ldr.w	r2, [r8, r2, lsl #2]
100049ea:	ea82 1211 	eor.w	r2, r2, r1, lsr #4
100049ee:	ea82 7114 	eor.w	r1, r2, r4, lsr #28
100049f2:	f001 010f 	and.w	r1, r1, #15
100049f6:	f858 1021 	ldr.w	r1, [r8, r1, lsl #2]
100049fa:	f04f 34ff 	mov.w	r4, #4294967295	@ 0xffffffff
100049fe:	ea81 1212 	eor.w	r2, r1, r2, lsr #4
10004a02:	f8ca 202c 	str.w	r2, [sl, #44]	@ 0x2c
10004a06:	e9cb 3703 	strd	r3, r7, [fp, #12]
10004a0a:	9b07      	ldr	r3, [sp, #28]
10004a0c:	f8db 2000 	ldr.w	r2, [fp]
10004a10:	f8ab 3014 	strh.w	r3, [fp, #20]
10004a14:	9b0c      	ldr	r3, [sp, #48]	@ 0x30
10004a16:	f88b 3017 	strb.w	r3, [fp, #23]
10004a1a:	9b13      	ldr	r3, [sp, #76]	@ 0x4c
10004a1c:	f8cb 301c 	str.w	r3, [fp, #28]
10004a20:	9b12      	ldr	r3, [sp, #72]	@ 0x48
10004a22:	f8cb 3018 	str.w	r3, [fp, #24]
10004a26:	9b06      	ldr	r3, [sp, #24]
10004a28:	9308      	str	r3, [sp, #32]
10004a2a:	e6f5      	b.n	10004818 <lfs_dir_fetchmatch+0x360>
10004a2c:	9a0f      	ldr	r2, [sp, #60]	@ 0x3c
10004a2e:	9906      	ldr	r1, [sp, #24]
10004a30:	4b68      	ldr	r3, [pc, #416]	@ (10004bd4 <lfs_dir_fetchmatch+0x71c>)
10004a32:	4051      	eors	r1, r2
10004a34:	400b      	ands	r3, r1
10004a36:	b32b      	cbz	r3, 10004a84 <lfs_dir_fetchmatch+0x5cc>
10004a38:	2802      	cmp	r0, #2
10004a3a:	d02f      	beq.n	10004a9c <lfs_dir_fetchmatch+0x5e4>
10004a3c:	f8db 2000 	ldr.w	r2, [fp]
10004a40:	e6e7      	b.n	10004812 <lfs_dir_fetchmatch+0x35a>
10004a42:	e9dd 6504 	ldrd	r6, r5, [sp, #16]
10004a46:	e75a      	b.n	100048fe <lfs_dir_fetchmatch+0x446>
10004a48:	9b07      	ldr	r3, [sp, #28]
10004a4a:	b240      	sxtb	r0, r0
10004a4c:	4403      	add	r3, r0
10004a4e:	b29b      	uxth	r3, r3
10004a50:	9f06      	ldr	r7, [sp, #24]
10004a52:	9307      	str	r3, [sp, #28]
10004a54:	4b60      	ldr	r3, [pc, #384]	@ (10004bd8 <lfs_dir_fetchmatch+0x720>)
10004a56:	403b      	ands	r3, r7
10004a58:	f043 439f 	orr.w	r3, r3, #1333788672	@ 0x4f800000
10004a5c:	f443 03e0 	orr.w	r3, r3, #7340032	@ 0x700000
10004a60:	428b      	cmp	r3, r1
10004a62:	463b      	mov	r3, r7
10004a64:	d012      	beq.n	10004a8c <lfs_dir_fetchmatch+0x5d4>
10004a66:	1c5f      	adds	r7, r3, #1
10004a68:	f43f aebe 	beq.w	100047e8 <lfs_dir_fetchmatch+0x330>
10004a6c:	f3c3 2389 	ubfx	r3, r3, #10, #10
10004a70:	f3c1 2789 	ubfx	r7, r1, #10, #10
10004a74:	42bb      	cmp	r3, r7
10004a76:	f4ff aeb7 	bcc.w	100047e8 <lfs_dir_fetchmatch+0x330>
10004a7a:	9b06      	ldr	r3, [sp, #24]
10004a7c:	eb03 2380 	add.w	r3, r3, r0, lsl #10
10004a80:	9306      	str	r3, [sp, #24]
10004a82:	e6b1      	b.n	100047e8 <lfs_dir_fetchmatch+0x330>
10004a84:	f04f 33ff 	mov.w	r3, #4294967295	@ 0xffffffff
10004a88:	9306      	str	r3, [sp, #24]
10004a8a:	e7d7      	b.n	10004a3c <lfs_dir_fetchmatch+0x584>
10004a8c:	f047 4300 	orr.w	r3, r7, #2147483648	@ 0x80000000
10004a90:	9306      	str	r3, [sp, #24]
10004a92:	e6a9      	b.n	100047e8 <lfs_dir_fetchmatch+0x330>
10004a94:	4631      	mov	r1, r6
10004a96:	f8db 2000 	ldr.w	r2, [fp]
10004a9a:	e69c      	b.n	100047d6 <lfs_dir_fetchmatch+0x31e>
10004a9c:	9b06      	ldr	r3, [sp, #24]
10004a9e:	f3c2 2189 	ubfx	r1, r2, #10, #10
10004aa2:	f3c3 2389 	ubfx	r3, r3, #10, #10
10004aa6:	428b      	cmp	r3, r1
10004aa8:	d3c8      	bcc.n	10004a3c <lfs_dir_fetchmatch+0x584>
10004aaa:	f042 4300 	orr.w	r3, r2, #2147483648	@ 0x80000000
10004aae:	9306      	str	r3, [sp, #24]
10004ab0:	f8db 2000 	ldr.w	r2, [fp]
10004ab4:	e6ad      	b.n	10004812 <lfs_dir_fetchmatch+0x35a>
10004ab6:	f8dd e020 	ldr.w	lr, [sp, #32]
10004aba:	f8db 300c 	ldr.w	r3, [fp, #12]
10004abe:	f88b 0016 	strb.w	r0, [fp, #22]
10004ac2:	e6b7      	b.n	10004834 <lfs_dir_fetchmatch+0x37c>
10004ac4:	0d1b      	lsrs	r3, r3, #20
10004ac6:	f403 63e0 	and.w	r3, r3, #1792	@ 0x700
10004aca:	f5b3 6fa0 	cmp.w	r3, #1280	@ 0x500
10004ace:	d014      	beq.n	10004afa <lfs_dir_fetchmatch+0x642>
10004ad0:	f8db 300c 	ldr.w	r3, [fp, #12]
10004ad4:	f8dd e020 	ldr.w	lr, [sp, #32]
10004ad8:	f88b 0016 	strb.w	r0, [fp, #22]
10004adc:	e6aa      	b.n	10004834 <lfs_dir_fetchmatch+0x37c>
10004ade:	1c82      	adds	r2, r0, #2
10004ae0:	f43f aea1 	beq.w	10004826 <lfs_dir_fetchmatch+0x36e>
10004ae4:	4606      	mov	r6, r0
10004ae6:	e6c7      	b.n	10004878 <lfs_dir_fetchmatch+0x3c0>
10004ae8:	1c86      	adds	r6, r0, #2
10004aea:	d1fb      	bne.n	10004ae4 <lfs_dir_fetchmatch+0x62c>
10004aec:	f8dd e020 	ldr.w	lr, [sp, #32]
10004af0:	f8db 300c 	ldr.w	r3, [fp, #12]
10004af4:	f88b 7016 	strb.w	r7, [fp, #22]
10004af8:	e69c      	b.n	10004834 <lfs_dir_fetchmatch+0x37c>
10004afa:	f8da 3068 	ldr.w	r3, [sl, #104]	@ 0x68
10004afe:	695a      	ldr	r2, [r3, #20]
10004b00:	f8db 300c 	ldr.w	r3, [fp, #12]
10004b04:	fbb3 f0f2 	udiv	r0, r3, r2
10004b08:	fb02 3010 	mls	r0, r2, r0, r3
10004b0c:	fab0 f080 	clz	r0, r0
10004b10:	0940      	lsrs	r0, r0, #5
10004b12:	e7df      	b.n	10004ad4 <lfs_dir_fetchmatch+0x61c>
10004b14:	f8da 303c 	ldr.w	r3, [sl, #60]	@ 0x3c
10004b18:	4676      	mov	r6, lr
10004b1a:	0d1a      	lsrs	r2, r3, #20
10004b1c:	f412 6fe0 	tst.w	r2, #1792	@ 0x700
10004b20:	9d20      	ldr	r5, [sp, #128]	@ 0x80
10004b22:	d00f      	beq.n	10004b44 <lfs_dir_fetchmatch+0x68c>
10004b24:	f8da 4040 	ldr.w	r4, [sl, #64]	@ 0x40
10004b28:	f8db 1000 	ldr.w	r1, [fp]
10004b2c:	428c      	cmp	r4, r1
10004b2e:	d021      	beq.n	10004b74 <lfs_dir_fetchmatch+0x6bc>
10004b30:	f8da 2044 	ldr.w	r2, [sl, #68]	@ 0x44
10004b34:	f8db 0004 	ldr.w	r0, [fp, #4]
10004b38:	4282      	cmp	r2, r0
10004b3a:	d01b      	beq.n	10004b74 <lfs_dir_fetchmatch+0x6bc>
10004b3c:	4284      	cmp	r4, r0
10004b3e:	d019      	beq.n	10004b74 <lfs_dir_fetchmatch+0x6bc>
10004b40:	4291      	cmp	r1, r2
10004b42:	d017      	beq.n	10004b74 <lfs_dir_fetchmatch+0x6bc>
10004b44:	b13d      	cbz	r5, 10004b56 <lfs_dir_fetchmatch+0x69e>
10004b46:	f8bb 2014 	ldrh.w	r2, [fp, #20]
10004b4a:	f3c6 2389 	ubfx	r3, r6, #10, #10
10004b4e:	4293      	cmp	r3, r2
10004b50:	bf28      	it	cs
10004b52:	4613      	movcs	r3, r2
10004b54:	802b      	strh	r3, [r5, #0]
10004b56:	2e00      	cmp	r6, #0
10004b58:	4633      	mov	r3, r6
10004b5a:	f6bf ae8d 	bge.w	10004878 <lfs_dir_fetchmatch+0x3c0>
10004b5e:	f3c3 2389 	ubfx	r3, r3, #10, #10
10004b62:	f8bb 2014 	ldrh.w	r2, [fp, #20]
10004b66:	429a      	cmp	r2, r3
10004b68:	bf94      	ite	ls
10004b6a:	2300      	movls	r3, #0
10004b6c:	f06f 0302 	mvnhi.w	r3, #2
10004b70:	461e      	mov	r6, r3
10004b72:	e681      	b.n	10004878 <lfs_dir_fetchmatch+0x3c0>
10004b74:	9a08      	ldr	r2, [sp, #32]
10004b76:	f3c3 2389 	ubfx	r3, r3, #10, #10
10004b7a:	f3c2 2289 	ubfx	r2, r2, #10, #10
10004b7e:	429a      	cmp	r2, r3
10004b80:	f240 31ff 	movw	r1, #1023	@ 0x3ff
10004b84:	d016      	beq.n	10004bb4 <lfs_dir_fetchmatch+0x6fc>
10004b86:	9808      	ldr	r0, [sp, #32]
10004b88:	1c44      	adds	r4, r0, #1
10004b8a:	d009      	beq.n	10004ba0 <lfs_dir_fetchmatch+0x6e8>
10004b8c:	429a      	cmp	r2, r3
10004b8e:	d9d9      	bls.n	10004b44 <lfs_dir_fetchmatch+0x68c>
10004b90:	f5a0 6380 	sub.w	r3, r0, #1024	@ 0x400
10004b94:	461e      	mov	r6, r3
10004b96:	e7d5      	b.n	10004b44 <lfs_dir_fetchmatch+0x68c>
10004b98:	2300      	movs	r3, #0
10004b9a:	f88b 3016 	strb.w	r3, [fp, #22]
10004b9e:	e64c      	b.n	1000483a <lfs_dir_fetchmatch+0x382>
10004ba0:	b12d      	cbz	r5, 10004bae <lfs_dir_fetchmatch+0x6f6>
10004ba2:	f8bb 3014 	ldrh.w	r3, [fp, #20]
10004ba6:	428b      	cmp	r3, r1
10004ba8:	bf28      	it	cs
10004baa:	460b      	movcs	r3, r1
10004bac:	802b      	strh	r3, [r5, #0]
10004bae:	f240 33ff 	movw	r3, #1023	@ 0x3ff
10004bb2:	e7d6      	b.n	10004b62 <lfs_dir_fetchmatch+0x6aa>
10004bb4:	9b08      	ldr	r3, [sp, #32]
10004bb6:	f043 4300 	orr.w	r3, r3, #2147483648	@ 0x80000000
10004bba:	2d00      	cmp	r5, #0
10004bbc:	d0cf      	beq.n	10004b5e <lfs_dir_fetchmatch+0x6a6>
10004bbe:	f8bb 2014 	ldrh.w	r2, [fp, #20]
10004bc2:	f3c3 2389 	ubfx	r3, r3, #10, #10
10004bc6:	429a      	cmp	r2, r3
10004bc8:	bf28      	it	cs
10004bca:	461a      	movcs	r2, r3
10004bcc:	802a      	strh	r2, [r5, #0]
10004bce:	e7c8      	b.n	10004b62 <lfs_dir_fetchmatch+0x6aa>
10004bd0:	200012d0 	.word	0x200012d0
10004bd4:	7ffffc00 	.word	0x7ffffc00
10004bd8:	000ffc00 	.word	0x000ffc00

10004bdc <lfs_fs_pred>:
10004bdc:	e92d 41f0 	stmdb	sp!, {r4, r5, r6, r7, r8, lr}
10004be0:	2200      	movs	r2, #0
10004be2:	2601      	movs	r6, #1
10004be4:	4613      	mov	r3, r2
10004be6:	61ce      	str	r6, [r1, #28]
10004be8:	460c      	mov	r4, r1
10004bea:	4605      	mov	r5, r0
10004bec:	4616      	mov	r6, r2
10004bee:	4f1a      	ldr	r7, [pc, #104]	@ (10004c58 <lfs_fs_pred+0x7c>)
10004bf0:	b084      	sub	sp, #16
10004bf2:	f101 0818 	add.w	r8, r1, #24
10004bf6:	618a      	str	r2, [r1, #24]
10004bf8:	69e2      	ldr	r2, [r4, #28]
10004bfa:	1c51      	adds	r1, r2, #1
10004bfc:	d01f      	beq.n	10004c3e <lfs_fs_pred+0x62>
10004bfe:	6eb9      	ldr	r1, [r7, #104]	@ 0x68
10004c00:	69c9      	ldr	r1, [r1, #28]
10004c02:	ebb6 0f51 	cmp.w	r6, r1, lsr #1
10004c06:	d223      	bcs.n	10004c50 <lfs_fs_pred+0x74>
10004c08:	6829      	ldr	r1, [r5, #0]
10004c0a:	4299      	cmp	r1, r3
10004c0c:	d01c      	beq.n	10004c48 <lfs_fs_pred+0x6c>
10004c0e:	6868      	ldr	r0, [r5, #4]
10004c10:	4290      	cmp	r0, r2
10004c12:	d019      	beq.n	10004c48 <lfs_fs_pred+0x6c>
10004c14:	4298      	cmp	r0, r3
10004c16:	f106 0601 	add.w	r6, r6, #1
10004c1a:	d015      	beq.n	10004c48 <lfs_fs_pred+0x6c>
10004c1c:	4291      	cmp	r1, r2
10004c1e:	d013      	beq.n	10004c48 <lfs_fs_pred+0x6c>
10004c20:	2200      	movs	r2, #0
10004c22:	f04f 33ff 	mov.w	r3, #4294967295	@ 0xffffffff
10004c26:	e9cd 2201 	strd	r2, r2, [sp, #4]
10004c2a:	9200      	str	r2, [sp, #0]
10004c2c:	4641      	mov	r1, r8
10004c2e:	4620      	mov	r0, r4
10004c30:	461a      	mov	r2, r3
10004c32:	f7ff fc41 	bl	100044b8 <lfs_dir_fetchmatch>
10004c36:	b940      	cbnz	r0, 10004c4a <lfs_fs_pred+0x6e>
10004c38:	69a3      	ldr	r3, [r4, #24]
10004c3a:	1c58      	adds	r0, r3, #1
10004c3c:	d1dc      	bne.n	10004bf8 <lfs_fs_pred+0x1c>
10004c3e:	f06f 0002 	mvn.w	r0, #2
10004c42:	b004      	add	sp, #16
10004c44:	e8bd 81f0 	ldmia.w	sp!, {r4, r5, r6, r7, r8, pc}
10004c48:	2000      	movs	r0, #0
10004c4a:	b004      	add	sp, #16
10004c4c:	e8bd 81f0 	ldmia.w	sp!, {r4, r5, r6, r7, r8, pc}
10004c50:	f06f 0001 	mvn.w	r0, #1
10004c54:	e7f9      	b.n	10004c4a <lfs_fs_pred+0x6e>
10004c56:	bf00      	nop
10004c58:	200012d0 	.word	0x200012d0

10004c5c <lfs_dir_getgstate>:
10004c5c:	e92d 4ff0 	stmdb	sp!, {r4, r5, r6, r7, r8, r9, sl, fp, lr}
10004c60:	e9d0 b403 	ldrd	fp, r4, [r0, #12]
10004c64:	b089      	sub	sp, #36	@ 0x24
10004c66:	4682      	mov	sl, r0
10004c68:	4688      	mov	r8, r1
10004c6a:	4d3c      	ldr	r5, [pc, #240]	@ (10004d5c <lfs_dir_getgstate+0x100>)
10004c6c:	f8df 90f4 	ldr.w	r9, [pc, #244]	@ 10004d64 <lfs_dir_getgstate+0x108>
10004c70:	9403      	str	r4, [sp, #12]
10004c72:	e021      	b.n	10004cb8 <lfs_dir_getgstate+0x5c>
10004c74:	6eab      	ldr	r3, [r5, #104]	@ 0x68
10004c76:	f8da 2000 	ldr.w	r2, [sl]
10004c7a:	69d9      	ldr	r1, [r3, #28]
10004c7c:	428a      	cmp	r2, r1
10004c7e:	d267      	bcs.n	10004d50 <lfs_dir_getgstate+0xf4>
10004c80:	699b      	ldr	r3, [r3, #24]
10004c82:	429f      	cmp	r7, r3
10004c84:	d864      	bhi.n	10004d50 <lfs_dir_getgstate+0xf4>
10004c86:	f04f 0c04 	mov.w	ip, #4
10004c8a:	a903      	add	r1, sp, #12
10004c8c:	465b      	mov	r3, fp
10004c8e:	9100      	str	r1, [sp, #0]
10004c90:	4628      	mov	r0, r5
10004c92:	4661      	mov	r1, ip
10004c94:	f8cd c004 	str.w	ip, [sp, #4]
10004c98:	f7fe fca4 	bl	100035e4 <lfs_bd_read.part.0.constprop.0>
10004c9c:	ea84 0309 	eor.w	r3, r4, r9
10004ca0:	2800      	cmp	r0, #0
10004ca2:	d137      	bne.n	10004d14 <lfs_dir_getgstate+0xb8>
10004ca4:	9a03      	ldr	r2, [sp, #12]
10004ca6:	492e      	ldr	r1, [pc, #184]	@ (10004d60 <lfs_dir_getgstate+0x104>)
10004ca8:	ba12      	rev	r2, r2
10004caa:	4062      	eors	r2, r4
10004cac:	f022 4200 	bic.w	r2, r2, #2147483648	@ 0x80000000
10004cb0:	420b      	tst	r3, r1
10004cb2:	9203      	str	r2, [sp, #12]
10004cb4:	d014      	beq.n	10004ce0 <lfs_dir_getgstate+0x84>
10004cb6:	4614      	mov	r4, r2
10004cb8:	f344 0609 	sbfx	r6, r4, #0, #10
10004cbc:	f1b6 3fff 	cmp.w	r6, #4294967295	@ 0xffffffff
10004cc0:	bf14      	ite	ne
10004cc2:	4623      	movne	r3, r4
10004cc4:	1c63      	addeq	r3, r4, #1
10004cc6:	f06f 0203 	mvn.w	r2, #3
10004cca:	f3c3 0309 	ubfx	r3, r3, #0, #10
10004cce:	f103 0108 	add.w	r1, r3, #8
10004cd2:	1ad3      	subs	r3, r2, r3
10004cd4:	458b      	cmp	fp, r1
10004cd6:	449b      	add	fp, r3
10004cd8:	f10b 0704 	add.w	r7, fp, #4
10004cdc:	d2ca      	bcs.n	10004c74 <lfs_dir_getgstate+0x18>
10004cde:	e02b      	b.n	10004d38 <lfs_dir_getgstate+0xdc>
10004ce0:	3601      	adds	r6, #1
10004ce2:	d029      	beq.n	10004d38 <lfs_dir_getgstate+0xdc>
10004ce4:	6eab      	ldr	r3, [r5, #104]	@ 0x68
10004ce6:	f8da 2000 	ldr.w	r2, [sl]
10004cea:	f3c4 0509 	ubfx	r5, r4, #0, #10
10004cee:	69d9      	ldr	r1, [r3, #28]
10004cf0:	2d0c      	cmp	r5, #12
10004cf2:	bf28      	it	cs
10004cf4:	250c      	movcs	r5, #12
10004cf6:	428a      	cmp	r2, r1
10004cf8:	d22a      	bcs.n	10004d50 <lfs_dir_getgstate+0xf4>
10004cfa:	699b      	ldr	r3, [r3, #24]
10004cfc:	19e9      	adds	r1, r5, r7
10004cfe:	4299      	cmp	r1, r3
10004d00:	d826      	bhi.n	10004d50 <lfs_dir_getgstate+0xf4>
10004d02:	ae04      	add	r6, sp, #16
10004d04:	463b      	mov	r3, r7
10004d06:	4629      	mov	r1, r5
10004d08:	4814      	ldr	r0, [pc, #80]	@ (10004d5c <lfs_dir_getgstate+0x100>)
10004d0a:	9501      	str	r5, [sp, #4]
10004d0c:	9600      	str	r6, [sp, #0]
10004d0e:	f7fe fc69 	bl	100035e4 <lfs_bd_read.part.0.constprop.0>
10004d12:	b1a8      	cbz	r0, 10004d40 <lfs_dir_getgstate+0xe4>
10004d14:	2800      	cmp	r0, #0
10004d16:	db1e      	blt.n	10004d56 <lfs_dir_getgstate+0xfa>
10004d18:	e9d8 5200 	ldrd	r5, r2, [r8]
10004d1c:	e9dd 1404 	ldrd	r1, r4, [sp, #16]
10004d20:	f8d8 3008 	ldr.w	r3, [r8, #8]
10004d24:	9806      	ldr	r0, [sp, #24]
10004d26:	4069      	eors	r1, r5
10004d28:	4062      	eors	r2, r4
10004d2a:	4043      	eors	r3, r0
10004d2c:	f8c8 1000 	str.w	r1, [r8]
10004d30:	f8c8 2004 	str.w	r2, [r8, #4]
10004d34:	f8c8 3008 	str.w	r3, [r8, #8]
10004d38:	2000      	movs	r0, #0
10004d3a:	b009      	add	sp, #36	@ 0x24
10004d3c:	e8bd 8ff0 	ldmia.w	sp!, {r4, r5, r6, r7, r8, r9, sl, fp, pc}
10004d40:	4601      	mov	r1, r0
10004d42:	f1c5 020c 	rsb	r2, r5, #12
10004d46:	1970      	adds	r0, r6, r5
10004d48:	f005 fbc6 	bl	1000a4d8 <memset>
10004d4c:	4620      	mov	r0, r4
10004d4e:	e7e1      	b.n	10004d14 <lfs_dir_getgstate+0xb8>
10004d50:	f06f 0001 	mvn.w	r0, #1
10004d54:	e7f1      	b.n	10004d3a <lfs_dir_getgstate+0xde>
10004d56:	1cc3      	adds	r3, r0, #3
10004d58:	d0ee      	beq.n	10004d38 <lfs_dir_getgstate+0xdc>
10004d5a:	e7ee      	b.n	10004d3a <lfs_dir_getgstate+0xde>
10004d5c:	200012d0 	.word	0x200012d0
10004d60:	7ff00000 	.word	0x7ff00000
10004d64:	7ff0000c 	.word	0x7ff0000c

10004d68 <lfs_dir_getslice.constprop.0>:
10004d68:	e92d 4ff0 	stmdb	sp!, {r4, r5, r6, r7, r8, r9, sl, fp, lr}
10004d6c:	e9d0 b403 	ldrd	fp, r4, [r0, #12]
10004d70:	f8df 8164 	ldr.w	r8, [pc, #356]	@ 10004ed8 <lfs_dir_getslice.constprop.0+0x170>
10004d74:	b089      	sub	sp, #36	@ 0x24
10004d76:	f8d8 503c 	ldr.w	r5, [r8, #60]	@ 0x3c
10004d7a:	4682      	mov	sl, r0
10004d7c:	0d2f      	lsrs	r7, r5, #20
10004d7e:	f417 67e0 	ands.w	r7, r7, #1792	@ 0x700
10004d82:	468c      	mov	ip, r1
10004d84:	e9cd 2304 	strd	r2, r3, [sp, #16]
10004d88:	9407      	str	r4, [sp, #28]
10004d8a:	d00f      	beq.n	10004dac <lfs_dir_getslice.constprop.0+0x44>
10004d8c:	f8d8 3040 	ldr.w	r3, [r8, #64]	@ 0x40
10004d90:	6802      	ldr	r2, [r0, #0]
10004d92:	4293      	cmp	r3, r2
10004d94:	d07f      	beq.n	10004e96 <lfs_dir_getslice.constprop.0+0x12e>
10004d96:	f8d8 0044 	ldr.w	r0, [r8, #68]	@ 0x44
10004d9a:	f8da 1004 	ldr.w	r1, [sl, #4]
10004d9e:	4288      	cmp	r0, r1
10004da0:	d079      	beq.n	10004e96 <lfs_dir_getslice.constprop.0+0x12e>
10004da2:	428b      	cmp	r3, r1
10004da4:	d077      	beq.n	10004e96 <lfs_dir_getslice.constprop.0+0x12e>
10004da6:	4282      	cmp	r2, r0
10004da8:	d075      	beq.n	10004e96 <lfs_dir_getslice.constprop.0+0x12e>
10004daa:	2700      	movs	r7, #0
10004dac:	f06f 0903 	mvn.w	r9, #3
10004db0:	f8cd c00c 	str.w	ip, [sp, #12]
10004db4:	e004      	b.n	10004dc0 <lfs_dir_getslice.constprop.0+0x58>
10004db6:	4b47      	ldr	r3, [pc, #284]	@ (10004ed4 <lfs_dir_getslice.constprop.0+0x16c>)
10004db8:	4061      	eors	r1, r4
10004dba:	4219      	tst	r1, r3
10004dbc:	d04c      	beq.n	10004e58 <lfs_dir_getslice.constprop.0+0xf0>
10004dbe:	4614      	mov	r4, r2
10004dc0:	f344 0509 	sbfx	r5, r4, #0, #10
10004dc4:	f1b5 3fff 	cmp.w	r5, #4294967295	@ 0xffffffff
10004dc8:	bf14      	ite	ne
10004dca:	4622      	movne	r2, r4
10004dcc:	1c62      	addeq	r2, r4, #1
10004dce:	f3c2 0209 	ubfx	r2, r2, #0, #10
10004dd2:	f102 0108 	add.w	r1, r2, #8
10004dd6:	458b      	cmp	fp, r1
10004dd8:	eba9 0202 	sub.w	r2, r9, r2
10004ddc:	d364      	bcc.n	10004ea8 <lfs_dir_getslice.constprop.0+0x140>
10004dde:	f8d8 1068 	ldr.w	r1, [r8, #104]	@ 0x68
10004de2:	4493      	add	fp, r2
10004de4:	69c8      	ldr	r0, [r1, #28]
10004de6:	f8da 2000 	ldr.w	r2, [sl]
10004dea:	4282      	cmp	r2, r0
10004dec:	d261      	bcs.n	10004eb2 <lfs_dir_getslice.constprop.0+0x14a>
10004dee:	6989      	ldr	r1, [r1, #24]
10004df0:	f10b 0604 	add.w	r6, fp, #4
10004df4:	428e      	cmp	r6, r1
10004df6:	d85c      	bhi.n	10004eb2 <lfs_dir_getslice.constprop.0+0x14a>
10004df8:	2104      	movs	r1, #4
10004dfa:	a807      	add	r0, sp, #28
10004dfc:	9000      	str	r0, [sp, #0]
10004dfe:	465b      	mov	r3, fp
10004e00:	4835      	ldr	r0, [pc, #212]	@ (10004ed8 <lfs_dir_getslice.constprop.0+0x170>)
10004e02:	9101      	str	r1, [sp, #4]
10004e04:	f7fe fbee 	bl	100035e4 <lfs_bd_read.part.0.constprop.0>
10004e08:	2800      	cmp	r0, #0
10004e0a:	d141      	bne.n	10004e90 <lfs_dir_getslice.constprop.0+0x128>
10004e0c:	9a07      	ldr	r2, [sp, #28]
10004e0e:	0d20      	lsrs	r0, r4, #20
10004e10:	ba12      	rev	r2, r2
10004e12:	f400 61e0 	and.w	r1, r0, #1792	@ 0x700
10004e16:	9b03      	ldr	r3, [sp, #12]
10004e18:	4062      	eors	r2, r4
10004e1a:	f022 4200 	bic.w	r2, r2, #2147483648	@ 0x80000000
10004e1e:	f5b1 6f80 	cmp.w	r1, #1024	@ 0x400
10004e22:	9207      	str	r2, [sp, #28]
10004e24:	eba3 0107 	sub.w	r1, r3, r7
10004e28:	d1c5      	bne.n	10004db6 <lfs_dir_getslice.constprop.0+0x4e>
10004e2a:	f3c4 2c89 	ubfx	ip, r4, #10, #10
10004e2e:	f3c1 2e89 	ubfx	lr, r1, #10, #10
10004e32:	45f4      	cmp	ip, lr
10004e34:	d8bf      	bhi.n	10004db6 <lfs_dir_getslice.constprop.0+0x4e>
10004e36:	4b29      	ldr	r3, [pc, #164]	@ (10004edc <lfs_dir_getslice.constprop.0+0x174>)
10004e38:	4019      	ands	r1, r3
10004e3a:	f041 4180 	orr.w	r1, r1, #1073741824	@ 0x40000000
10004e3e:	f441 1180 	orr.w	r1, r1, #1048576	@ 0x100000
10004e42:	428c      	cmp	r4, r1
10004e44:	d030      	beq.n	10004ea8 <lfs_dir_getslice.constprop.0+0x140>
10004e46:	9b03      	ldr	r3, [sp, #12]
10004e48:	b240      	sxtb	r0, r0
10004e4a:	eb07 2780 	add.w	r7, r7, r0, lsl #10
10004e4e:	1bd9      	subs	r1, r3, r7
10004e50:	4b20      	ldr	r3, [pc, #128]	@ (10004ed4 <lfs_dir_getslice.constprop.0+0x16c>)
10004e52:	4061      	eors	r1, r4
10004e54:	4219      	tst	r1, r3
10004e56:	d1b2      	bne.n	10004dbe <lfs_dir_getslice.constprop.0+0x56>
10004e58:	3501      	adds	r5, #1
10004e5a:	d025      	beq.n	10004ea8 <lfs_dir_getslice.constprop.0+0x140>
10004e5c:	f8d8 3068 	ldr.w	r3, [r8, #104]	@ 0x68
10004e60:	9805      	ldr	r0, [sp, #20]
10004e62:	f3c4 0509 	ubfx	r5, r4, #0, #10
10004e66:	f8da 2000 	ldr.w	r2, [sl]
10004e6a:	69d9      	ldr	r1, [r3, #28]
10004e6c:	4285      	cmp	r5, r0
10004e6e:	bf28      	it	cs
10004e70:	4605      	movcs	r5, r0
10004e72:	428a      	cmp	r2, r1
10004e74:	d21d      	bcs.n	10004eb2 <lfs_dir_getslice.constprop.0+0x14a>
10004e76:	699b      	ldr	r3, [r3, #24]
10004e78:	19a9      	adds	r1, r5, r6
10004e7a:	4299      	cmp	r1, r3
10004e7c:	d819      	bhi.n	10004eb2 <lfs_dir_getslice.constprop.0+0x14a>
10004e7e:	9904      	ldr	r1, [sp, #16]
10004e80:	4633      	mov	r3, r6
10004e82:	9100      	str	r1, [sp, #0]
10004e84:	4814      	ldr	r0, [pc, #80]	@ (10004ed8 <lfs_dir_getslice.constprop.0+0x170>)
10004e86:	4629      	mov	r1, r5
10004e88:	9501      	str	r5, [sp, #4]
10004e8a:	f7fe fbab 	bl	100035e4 <lfs_bd_read.part.0.constprop.0>
10004e8e:	b1a8      	cbz	r0, 10004ebc <lfs_dir_getslice.constprop.0+0x154>
10004e90:	b009      	add	sp, #36	@ 0x24
10004e92:	e8bd 8ff0 	ldmia.w	sp!, {r4, r5, r6, r7, r8, r9, sl, fp, pc}
10004e96:	4f12      	ldr	r7, [pc, #72]	@ (10004ee0 <lfs_dir_getslice.constprop.0+0x178>)
10004e98:	f3c5 2589 	ubfx	r5, r5, #10, #10
10004e9c:	f3cc 2389 	ubfx	r3, ip, #10, #10
10004ea0:	429d      	cmp	r5, r3
10004ea2:	bf88      	it	hi
10004ea4:	2700      	movhi	r7, #0
10004ea6:	e781      	b.n	10004dac <lfs_dir_getslice.constprop.0+0x44>
10004ea8:	f06f 0002 	mvn.w	r0, #2
10004eac:	b009      	add	sp, #36	@ 0x24
10004eae:	e8bd 8ff0 	ldmia.w	sp!, {r4, r5, r6, r7, r8, r9, sl, fp, pc}
10004eb2:	f06f 0001 	mvn.w	r0, #1
10004eb6:	b009      	add	sp, #36	@ 0x24
10004eb8:	e8bd 8ff0 	ldmia.w	sp!, {r4, r5, r6, r7, r8, r9, sl, fp, pc}
10004ebc:	4601      	mov	r1, r0
10004ebe:	9b05      	ldr	r3, [sp, #20]
10004ec0:	9804      	ldr	r0, [sp, #16]
10004ec2:	1b5a      	subs	r2, r3, r5
10004ec4:	4428      	add	r0, r5
10004ec6:	f005 fb07 	bl	1000a4d8 <memset>
10004eca:	19e0      	adds	r0, r4, r7
10004ecc:	b009      	add	sp, #36	@ 0x24
10004ece:	e8bd 8ff0 	ldmia.w	sp!, {r4, r5, r6, r7, r8, r9, sl, fp, pc}
10004ed2:	bf00      	nop
10004ed4:	7ffffc00 	.word	0x7ffffc00
10004ed8:	200012d0 	.word	0x200012d0
10004edc:	000ffc00 	.word	0x000ffc00
10004ee0:	fffffc00 	.word	0xfffffc00

10004ee4 <lfs_dir_getslice.constprop.1>:
10004ee4:	e92d 4ff0 	stmdb	sp!, {r4, r5, r6, r7, r8, r9, sl, fp, lr}
10004ee8:	e9d0 b403 	ldrd	fp, r4, [r0, #12]
10004eec:	f8df 8164 	ldr.w	r8, [pc, #356]	@ 10005054 <lfs_dir_getslice.constprop.1+0x170>
10004ef0:	b089      	sub	sp, #36	@ 0x24
10004ef2:	f8d8 503c 	ldr.w	r5, [r8, #60]	@ 0x3c
10004ef6:	4682      	mov	sl, r0
10004ef8:	0d2f      	lsrs	r7, r5, #20
10004efa:	f417 67e0 	ands.w	r7, r7, #1792	@ 0x700
10004efe:	468c      	mov	ip, r1
10004f00:	e9cd 2304 	strd	r2, r3, [sp, #16]
10004f04:	9407      	str	r4, [sp, #28]
10004f06:	d00f      	beq.n	10004f28 <lfs_dir_getslice.constprop.1+0x44>
10004f08:	f8d8 3040 	ldr.w	r3, [r8, #64]	@ 0x40
10004f0c:	6802      	ldr	r2, [r0, #0]
10004f0e:	4293      	cmp	r3, r2
10004f10:	d07f      	beq.n	10005012 <lfs_dir_getslice.constprop.1+0x12e>
10004f12:	f8d8 0044 	ldr.w	r0, [r8, #68]	@ 0x44
10004f16:	f8da 1004 	ldr.w	r1, [sl, #4]
10004f1a:	4288      	cmp	r0, r1
10004f1c:	d079      	beq.n	10005012 <lfs_dir_getslice.constprop.1+0x12e>
10004f1e:	428b      	cmp	r3, r1
10004f20:	d077      	beq.n	10005012 <lfs_dir_getslice.constprop.1+0x12e>
10004f22:	4282      	cmp	r2, r0
10004f24:	d075      	beq.n	10005012 <lfs_dir_getslice.constprop.1+0x12e>
10004f26:	2700      	movs	r7, #0
10004f28:	f06f 0903 	mvn.w	r9, #3
10004f2c:	f8cd c00c 	str.w	ip, [sp, #12]
10004f30:	e004      	b.n	10004f3c <lfs_dir_getslice.constprop.1+0x58>
10004f32:	4b47      	ldr	r3, [pc, #284]	@ (10005050 <lfs_dir_getslice.constprop.1+0x16c>)
10004f34:	4061      	eors	r1, r4
10004f36:	4219      	tst	r1, r3
10004f38:	d04c      	beq.n	10004fd4 <lfs_dir_getslice.constprop.1+0xf0>
10004f3a:	4614      	mov	r4, r2
10004f3c:	f344 0509 	sbfx	r5, r4, #0, #10
10004f40:	f1b5 3fff 	cmp.w	r5, #4294967295	@ 0xffffffff
10004f44:	bf14      	ite	ne
10004f46:	4622      	movne	r2, r4
10004f48:	1c62      	addeq	r2, r4, #1
10004f4a:	f3c2 0209 	ubfx	r2, r2, #0, #10
10004f4e:	f102 0108 	add.w	r1, r2, #8
10004f52:	458b      	cmp	fp, r1
10004f54:	eba9 0202 	sub.w	r2, r9, r2
10004f58:	d364      	bcc.n	10005024 <lfs_dir_getslice.constprop.1+0x140>
10004f5a:	f8d8 1068 	ldr.w	r1, [r8, #104]	@ 0x68
10004f5e:	4493      	add	fp, r2
10004f60:	69c8      	ldr	r0, [r1, #28]
10004f62:	f8da 2000 	ldr.w	r2, [sl]
10004f66:	4282      	cmp	r2, r0
10004f68:	d261      	bcs.n	1000502e <lfs_dir_getslice.constprop.1+0x14a>
10004f6a:	6989      	ldr	r1, [r1, #24]
10004f6c:	f10b 0604 	add.w	r6, fp, #4
10004f70:	428e      	cmp	r6, r1
10004f72:	d85c      	bhi.n	1000502e <lfs_dir_getslice.constprop.1+0x14a>
10004f74:	2104      	movs	r1, #4
10004f76:	a807      	add	r0, sp, #28
10004f78:	9000      	str	r0, [sp, #0]
10004f7a:	465b      	mov	r3, fp
10004f7c:	4835      	ldr	r0, [pc, #212]	@ (10005054 <lfs_dir_getslice.constprop.1+0x170>)
10004f7e:	9101      	str	r1, [sp, #4]
10004f80:	f7fe fb30 	bl	100035e4 <lfs_bd_read.part.0.constprop.0>
10004f84:	2800      	cmp	r0, #0
10004f86:	d141      	bne.n	1000500c <lfs_dir_getslice.constprop.1+0x128>
10004f88:	9a07      	ldr	r2, [sp, #28]
10004f8a:	0d20      	lsrs	r0, r4, #20
10004f8c:	ba12      	rev	r2, r2
10004f8e:	f400 61e0 	and.w	r1, r0, #1792	@ 0x700
10004f92:	9b03      	ldr	r3, [sp, #12]
10004f94:	4062      	eors	r2, r4
10004f96:	f022 4200 	bic.w	r2, r2, #2147483648	@ 0x80000000
10004f9a:	f5b1 6f80 	cmp.w	r1, #1024	@ 0x400
10004f9e:	9207      	str	r2, [sp, #28]
10004fa0:	eba3 0107 	sub.w	r1, r3, r7
10004fa4:	d1c5      	bne.n	10004f32 <lfs_dir_getslice.constprop.1+0x4e>
10004fa6:	f3c4 2c89 	ubfx	ip, r4, #10, #10
10004faa:	f3c1 2e89 	ubfx	lr, r1, #10, #10
10004fae:	45f4      	cmp	ip, lr
10004fb0:	d8bf      	bhi.n	10004f32 <lfs_dir_getslice.constprop.1+0x4e>
10004fb2:	4b29      	ldr	r3, [pc, #164]	@ (10005058 <lfs_dir_getslice.constprop.1+0x174>)
10004fb4:	4019      	ands	r1, r3
10004fb6:	f041 4180 	orr.w	r1, r1, #1073741824	@ 0x40000000
10004fba:	f441 1180 	orr.w	r1, r1, #1048576	@ 0x100000
10004fbe:	428c      	cmp	r4, r1
10004fc0:	d030      	beq.n	10005024 <lfs_dir_getslice.constprop.1+0x140>
10004fc2:	9b03      	ldr	r3, [sp, #12]
10004fc4:	b240      	sxtb	r0, r0
10004fc6:	eb07 2780 	add.w	r7, r7, r0, lsl #10
10004fca:	1bd9      	subs	r1, r3, r7
10004fcc:	4b20      	ldr	r3, [pc, #128]	@ (10005050 <lfs_dir_getslice.constprop.1+0x16c>)
10004fce:	4061      	eors	r1, r4
10004fd0:	4219      	tst	r1, r3
10004fd2:	d1b2      	bne.n	10004f3a <lfs_dir_getslice.constprop.1+0x56>
10004fd4:	3501      	adds	r5, #1
10004fd6:	d025      	beq.n	10005024 <lfs_dir_getslice.constprop.1+0x140>
10004fd8:	f8d8 3068 	ldr.w	r3, [r8, #104]	@ 0x68
10004fdc:	9805      	ldr	r0, [sp, #20]
10004fde:	f3c4 0509 	ubfx	r5, r4, #0, #10
10004fe2:	f8da 2000 	ldr.w	r2, [sl]
10004fe6:	69d9      	ldr	r1, [r3, #28]
10004fe8:	4285      	cmp	r5, r0
10004fea:	bf28      	it	cs
10004fec:	4605      	movcs	r5, r0
10004fee:	428a      	cmp	r2, r1
10004ff0:	d21d      	bcs.n	1000502e <lfs_dir_getslice.constprop.1+0x14a>
10004ff2:	699b      	ldr	r3, [r3, #24]
10004ff4:	19a9      	adds	r1, r5, r6
10004ff6:	4299      	cmp	r1, r3
10004ff8:	d819      	bhi.n	1000502e <lfs_dir_getslice.constprop.1+0x14a>
10004ffa:	9904      	ldr	r1, [sp, #16]
10004ffc:	4633      	mov	r3, r6
10004ffe:	9100      	str	r1, [sp, #0]
10005000:	4814      	ldr	r0, [pc, #80]	@ (10005054 <lfs_dir_getslice.constprop.1+0x170>)
10005002:	4629      	mov	r1, r5
10005004:	9501      	str	r5, [sp, #4]
10005006:	f7fe faed 	bl	100035e4 <lfs_bd_read.part.0.constprop.0>
1000500a:	b1a8      	cbz	r0, 10005038 <lfs_dir_getslice.constprop.1+0x154>
1000500c:	b009      	add	sp, #36	@ 0x24
1000500e:	e8bd 8ff0 	ldmia.w	sp!, {r4, r5, r6, r7, r8, r9, sl, fp, pc}
10005012:	4f12      	ldr	r7, [pc, #72]	@ (1000505c <lfs_dir_getslice.constprop.1+0x178>)
10005014:	f3c5 2589 	ubfx	r5, r5, #10, #10
10005018:	f3cc 2389 	ubfx	r3, ip, #10, #10
1000501c:	429d      	cmp	r5, r3
1000501e:	bf88      	it	hi
10005020:	2700      	movhi	r7, #0
10005022:	e781      	b.n	10004f28 <lfs_dir_getslice.constprop.1+0x44>
10005024:	f06f 0002 	mvn.w	r0, #2
10005028:	b009      	add	sp, #36	@ 0x24
1000502a:	e8bd 8ff0 	ldmia.w	sp!, {r4, r5, r6, r7, r8, r9, sl, fp, pc}
1000502e:	f06f 0001 	mvn.w	r0, #1
10005032:	b009      	add	sp, #36	@ 0x24
10005034:	e8bd 8ff0 	ldmia.w	sp!, {r4, r5, r6, r7, r8, r9, sl, fp, pc}
10005038:	4601      	mov	r1, r0
1000503a:	9b05      	ldr	r3, [sp, #20]
1000503c:	9804      	ldr	r0, [sp, #16]
1000503e:	1b5a      	subs	r2, r3, r5
10005040:	4428      	add	r0, r5
10005042:	f005 fa49 	bl	1000a4d8 <memset>
10005046:	19e0      	adds	r0, r4, r7
10005048:	b009      	add	sp, #36	@ 0x24
1000504a:	e8bd 8ff0 	ldmia.w	sp!, {r4, r5, r6, r7, r8, r9, sl, fp, pc}
1000504e:	bf00      	nop
10005050:	700ffc00 	.word	0x700ffc00
10005054:	200012d0 	.word	0x200012d0
10005058:	000ffc00 	.word	0x000ffc00
1000505c:	fffffc00 	.word	0xfffffc00

10005060 <lfs_fs_rawtraverse.constprop.0>:
10005060:	2300      	movs	r3, #0
10005062:	2201      	movs	r2, #1
10005064:	e92d 4ff0 	stmdb	sp!, {r4, r5, r6, r7, r8, r9, sl, fp, lr}
10005068:	4699      	mov	r9, r3
1000506a:	4606      	mov	r6, r0
1000506c:	461f      	mov	r7, r3
1000506e:	b08f      	sub	sp, #60	@ 0x3c
10005070:	e9cd 3307 	strd	r3, r3, [sp, #28]
10005074:	e9cd 3309 	strd	r3, r3, [sp, #36]	@ 0x24
10005078:	e9cd 330b 	strd	r3, r3, [sp, #44]	@ 0x2c
1000507c:	f8df b0f4 	ldr.w	fp, [pc, #244]	@ 10005174 <lfs_fs_rawtraverse.constprop.0+0x114>
10005080:	9306      	str	r3, [sp, #24]
10005082:	920d      	str	r2, [sp, #52]	@ 0x34
10005084:	f8db 3068 	ldr.w	r3, [fp, #104]	@ 0x68
10005088:	69db      	ldr	r3, [r3, #28]
1000508a:	ebb9 0f53 	cmp.w	r9, r3, lsr #1
1000508e:	d26d      	bcs.n	1000516c <lfs_fs_rawtraverse.constprop.0+0x10c>
10005090:	f04f 33ff 	mov.w	r3, #4294967295	@ 0xffffffff
10005094:	e9cd 7701 	strd	r7, r7, [sp, #4]
10005098:	9700      	str	r7, [sp, #0]
1000509a:	6832      	ldr	r2, [r6, #0]
1000509c:	a90c      	add	r1, sp, #48	@ 0x30
1000509e:	3202      	adds	r2, #2
100050a0:	6032      	str	r2, [r6, #0]
100050a2:	a806      	add	r0, sp, #24
100050a4:	461a      	mov	r2, r3
100050a6:	f7ff fa07 	bl	100044b8 <lfs_dir_fetchmatch>
100050aa:	4604      	mov	r4, r0
100050ac:	2800      	cmp	r0, #0
100050ae:	d141      	bne.n	10005134 <lfs_fs_rawtraverse.constprop.0+0xd4>
100050b0:	f8bd 502c 	ldrh.w	r5, [sp, #44]	@ 0x2c
100050b4:	b1a5      	cbz	r5, 100050e0 <lfs_fs_rawtraverse.constprop.0+0x80>
100050b6:	f240 2a02 	movw	sl, #514	@ 0x202
100050ba:	f8df 80bc 	ldr.w	r8, [pc, #188]	@ 10005178 <lfs_fs_rawtraverse.constprop.0+0x118>
100050be:	02ad      	lsls	r5, r5, #10
100050c0:	ea44 0108 	orr.w	r1, r4, r8
100050c4:	2308      	movs	r3, #8
100050c6:	aa04      	add	r2, sp, #16
100050c8:	a806      	add	r0, sp, #24
100050ca:	f7ff ff0b 	bl	10004ee4 <lfs_dir_getslice.constprop.1>
100050ce:	2800      	cmp	r0, #0
100050d0:	f504 6480 	add.w	r4, r4, #1024	@ 0x400
100050d4:	db2c      	blt.n	10005130 <lfs_fs_rawtraverse.constprop.0+0xd0>
100050d6:	ebba 5f10 	cmp.w	sl, r0, lsr #20
100050da:	d02e      	beq.n	1000513a <lfs_fs_rawtraverse.constprop.0+0xda>
100050dc:	42a5      	cmp	r5, r4
100050de:	d1ef      	bne.n	100050c0 <lfs_fs_rawtraverse.constprop.0+0x60>
100050e0:	9b0c      	ldr	r3, [sp, #48]	@ 0x30
100050e2:	3301      	adds	r3, #1
100050e4:	d004      	beq.n	100050f0 <lfs_fs_rawtraverse.constprop.0+0x90>
100050e6:	9b0d      	ldr	r3, [sp, #52]	@ 0x34
100050e8:	f109 0901 	add.w	r9, r9, #1
100050ec:	3301      	adds	r3, #1
100050ee:	d1c9      	bne.n	10005084 <lfs_fs_rawtraverse.constprop.0+0x24>
100050f0:	f8db 4028 	ldr.w	r4, [fp, #40]	@ 0x28
100050f4:	b93c      	cbnz	r4, 10005106 <lfs_fs_rawtraverse.constprop.0+0xa6>
100050f6:	e037      	b.n	10005168 <lfs_fs_rawtraverse.constprop.0+0x108>
100050f8:	f403 1390 	and.w	r3, r3, #1179648	@ 0x120000
100050fc:	f5b3 3f00 	cmp.w	r3, #131072	@ 0x20000
10005100:	d026      	beq.n	10005150 <lfs_fs_rawtraverse.constprop.0+0xf0>
10005102:	6824      	ldr	r4, [r4, #0]
10005104:	b384      	cbz	r4, 10005168 <lfs_fs_rawtraverse.constprop.0+0x108>
10005106:	79a3      	ldrb	r3, [r4, #6]
10005108:	2b01      	cmp	r3, #1
1000510a:	d1fa      	bne.n	10005102 <lfs_fs_rawtraverse.constprop.0+0xa2>
1000510c:	6b23      	ldr	r3, [r4, #48]	@ 0x30
1000510e:	f403 1288 	and.w	r2, r3, #1114112	@ 0x110000
10005112:	f5b2 3f80 	cmp.w	r2, #65536	@ 0x10000
10005116:	d1ef      	bne.n	100050f8 <lfs_fs_rawtraverse.constprop.0+0x98>
10005118:	e9d4 120a 	ldrd	r1, r2, [r4, #40]	@ 0x28
1000511c:	2a00      	cmp	r2, #0
1000511e:	d0eb      	beq.n	100050f8 <lfs_fs_rawtraverse.constprop.0+0x98>
10005120:	4633      	mov	r3, r6
10005122:	f104 0040 	add.w	r0, r4, #64	@ 0x40
10005126:	f7fe fc15 	bl	10003954 <lfs_ctz_traverse.part.0.constprop.0>
1000512a:	b918      	cbnz	r0, 10005134 <lfs_fs_rawtraverse.constprop.0+0xd4>
1000512c:	6b23      	ldr	r3, [r4, #48]	@ 0x30
1000512e:	e7e3      	b.n	100050f8 <lfs_fs_rawtraverse.constprop.0+0x98>
10005130:	1cc3      	adds	r3, r0, #3
10005132:	d0d3      	beq.n	100050dc <lfs_fs_rawtraverse.constprop.0+0x7c>
10005134:	b00f      	add	sp, #60	@ 0x3c
10005136:	e8bd 8ff0 	ldmia.w	sp!, {r4, r5, r6, r7, r8, r9, sl, fp, pc}
1000513a:	e9dd 1204 	ldrd	r1, r2, [sp, #16]
1000513e:	2a00      	cmp	r2, #0
10005140:	d0cc      	beq.n	100050dc <lfs_fs_rawtraverse.constprop.0+0x7c>
10005142:	4633      	mov	r3, r6
10005144:	2000      	movs	r0, #0
10005146:	f7fe fc05 	bl	10003954 <lfs_ctz_traverse.part.0.constprop.0>
1000514a:	2800      	cmp	r0, #0
1000514c:	d0c6      	beq.n	100050dc <lfs_fs_rawtraverse.constprop.0+0x7c>
1000514e:	e7f1      	b.n	10005134 <lfs_fs_rawtraverse.constprop.0+0xd4>
10005150:	e9d4 210d 	ldrd	r2, r1, [r4, #52]	@ 0x34
10005154:	2a00      	cmp	r2, #0
10005156:	d0d4      	beq.n	10005102 <lfs_fs_rawtraverse.constprop.0+0xa2>
10005158:	4633      	mov	r3, r6
1000515a:	f104 0040 	add.w	r0, r4, #64	@ 0x40
1000515e:	f7fe fbf9 	bl	10003954 <lfs_ctz_traverse.part.0.constprop.0>
10005162:	2800      	cmp	r0, #0
10005164:	d0cd      	beq.n	10005102 <lfs_fs_rawtraverse.constprop.0+0xa2>
10005166:	e7e5      	b.n	10005134 <lfs_fs_rawtraverse.constprop.0+0xd4>
10005168:	2000      	movs	r0, #0
1000516a:	e7e3      	b.n	10005134 <lfs_fs_rawtraverse.constprop.0+0xd4>
1000516c:	f06f 0001 	mvn.w	r0, #1
10005170:	e7e0      	b.n	10005134 <lfs_fs_rawtraverse.constprop.0+0xd4>
10005172:	bf00      	nop
10005174:	200012d0 	.word	0x200012d0
10005178:	20000008 	.word	0x20000008

1000517c <lfs_dir_find>:
1000517c:	e92d 4ff0 	stmdb	sp!, {r4, r5, r6, r7, r8, r9, sl, fp, lr}
10005180:	680b      	ldr	r3, [r1, #0]
10005182:	b08b      	sub	sp, #44	@ 0x2c
10005184:	4680      	mov	r8, r0
10005186:	4691      	mov	r9, r2
10005188:	9107      	str	r1, [sp, #28]
1000518a:	9305      	str	r3, [sp, #20]
1000518c:	b112      	cbz	r2, 10005194 <lfs_dir_find+0x18>
1000518e:	f240 33ff 	movw	r3, #1023	@ 0x3ff
10005192:	8013      	strh	r3, [r2, #0]
10005194:	4b4d      	ldr	r3, [pc, #308]	@ (100052cc <lfs_dir_find+0x150>)
10005196:	f108 0a18 	add.w	sl, r8, #24
1000519a:	e9d3 2308 	ldrd	r2, r3, [r3, #32]
1000519e:	e9c8 2306 	strd	r2, r3, [r8, #24]
100051a2:	4a4b      	ldr	r2, [pc, #300]	@ (100052d0 <lfs_dir_find+0x154>)
100051a4:	4c4b      	ldr	r4, [pc, #300]	@ (100052d4 <lfs_dir_find+0x158>)
100051a6:	4693      	mov	fp, r2
100051a8:	f8cd a018 	str.w	sl, [sp, #24]
100051ac:	9e05      	ldr	r6, [sp, #20]
100051ae:	4621      	mov	r1, r4
100051b0:	4630      	mov	r0, r6
100051b2:	f005 fab7 	bl	1000a724 <strspn>
100051b6:	1837      	adds	r7, r6, r0
100051b8:	4621      	mov	r1, r4
100051ba:	4605      	mov	r5, r0
100051bc:	4638      	mov	r0, r7
100051be:	f005 fa5d 	bl	1000a67c <strcspn>
100051c2:	2801      	cmp	r0, #1
100051c4:	4606      	mov	r6, r0
100051c6:	d069      	beq.n	1000529c <lfs_dir_find+0x120>
100051c8:	2802      	cmp	r0, #2
100051ca:	d102      	bne.n	100051d2 <lfs_dir_find+0x56>
100051cc:	783b      	ldrb	r3, [r7, #0]
100051ce:	2b2e      	cmp	r3, #46	@ 0x2e
100051d0:	d06b      	beq.n	100052aa <lfs_dir_find+0x12e>
100051d2:	19bb      	adds	r3, r7, r6
100051d4:	469a      	mov	sl, r3
100051d6:	2501      	movs	r5, #1
100051d8:	9305      	str	r3, [sp, #20]
100051da:	4621      	mov	r1, r4
100051dc:	4650      	mov	r0, sl
100051de:	f005 faa1 	bl	1000a724 <strspn>
100051e2:	4482      	add	sl, r0
100051e4:	4621      	mov	r1, r4
100051e6:	4650      	mov	r0, sl
100051e8:	f005 fa48 	bl	1000a67c <strcspn>
100051ec:	b190      	cbz	r0, 10005214 <lfs_dir_find+0x98>
100051ee:	2802      	cmp	r0, #2
100051f0:	d002      	beq.n	100051f8 <lfs_dir_find+0x7c>
100051f2:	3501      	adds	r5, #1
100051f4:	4482      	add	sl, r0
100051f6:	e7f0      	b.n	100051da <lfs_dir_find+0x5e>
100051f8:	f89a 3000 	ldrb.w	r3, [sl]
100051fc:	2b2e      	cmp	r3, #46	@ 0x2e
100051fe:	d1f8      	bne.n	100051f2 <lfs_dir_find+0x76>
10005200:	f89a 3001 	ldrb.w	r3, [sl, #1]
10005204:	2b2e      	cmp	r3, #46	@ 0x2e
10005206:	d1f4      	bne.n	100051f2 <lfs_dir_find+0x76>
10005208:	3d01      	subs	r5, #1
1000520a:	d1f3      	bne.n	100051f4 <lfs_dir_find+0x78>
1000520c:	f10a 0302 	add.w	r3, sl, #2
10005210:	9305      	str	r3, [sp, #20]
10005212:	e7cb      	b.n	100051ac <lfs_dir_find+0x30>
10005214:	783b      	ldrb	r3, [r7, #0]
10005216:	2b00      	cmp	r3, #0
10005218:	d053      	beq.n	100052c2 <lfs_dir_find+0x146>
1000521a:	9b07      	ldr	r3, [sp, #28]
1000521c:	601f      	str	r7, [r3, #0]
1000521e:	ea4f 531b 	mov.w	r3, fp, lsr #20
10005222:	2b02      	cmp	r3, #2
10005224:	d14f      	bne.n	100052c6 <lfs_dir_find+0x14a>
10005226:	f240 33ff 	movw	r3, #1023	@ 0x3ff
1000522a:	f3cb 2b89 	ubfx	fp, fp, #10, #10
1000522e:	459b      	cmp	fp, r3
10005230:	d00a      	beq.n	10005248 <lfs_dir_find+0xcc>
10005232:	4929      	ldr	r1, [pc, #164]	@ (100052d8 <lfs_dir_find+0x15c>)
10005234:	2308      	movs	r3, #8
10005236:	ea41 218b 	orr.w	r1, r1, fp, lsl #10
1000523a:	4640      	mov	r0, r8
1000523c:	9a06      	ldr	r2, [sp, #24]
1000523e:	f7ff fe51 	bl	10004ee4 <lfs_dir_getslice.constprop.1>
10005242:	f1b0 0b00 	subs.w	fp, r0, #0
10005246:	db3c      	blt.n	100052c2 <lfs_dir_find+0x146>
10005248:	f8dd a018 	ldr.w	sl, [sp, #24]
1000524c:	f10d 0b20 	add.w	fp, sp, #32
10005250:	e003      	b.n	1000525a <lfs_dir_find+0xde>
10005252:	d12e      	bne.n	100052b2 <lfs_dir_find+0x136>
10005254:	f898 3017 	ldrb.w	r3, [r8, #23]
10005258:	b36b      	cbz	r3, 100052b6 <lfs_dir_find+0x13a>
1000525a:	212f      	movs	r1, #47	@ 0x2f
1000525c:	4638      	mov	r0, r7
1000525e:	f005 f9a5 	bl	1000a5ac <strchr>
10005262:	4684      	mov	ip, r0
10005264:	f1bc 0f00 	cmp.w	ip, #0
10005268:	bf0c      	ite	eq
1000526a:	46cc      	moveq	ip, r9
1000526c:	f04f 0c00 	movne.w	ip, #0
10005270:	4d1a      	ldr	r5, [pc, #104]	@ (100052dc <lfs_dir_find+0x160>)
10005272:	4633      	mov	r3, r6
10005274:	f04f 42f0 	mov.w	r2, #2013265920	@ 0x78000000
10005278:	4651      	mov	r1, sl
1000527a:	4640      	mov	r0, r8
1000527c:	f8cd b008 	str.w	fp, [sp, #8]
10005280:	9501      	str	r5, [sp, #4]
10005282:	f8cd c000 	str.w	ip, [sp]
10005286:	e9cd 7608 	strd	r7, r6, [sp, #32]
1000528a:	f7ff f915 	bl	100044b8 <lfs_dir_fetchmatch>
1000528e:	2800      	cmp	r0, #0
10005290:	dadf      	bge.n	10005252 <lfs_dir_find+0xd6>
10005292:	4602      	mov	r2, r0
10005294:	4610      	mov	r0, r2
10005296:	b00b      	add	sp, #44	@ 0x2c
10005298:	e8bd 8ff0 	ldmia.w	sp!, {r4, r5, r6, r7, r8, r9, sl, fp, pc}
1000529c:	9b05      	ldr	r3, [sp, #20]
1000529e:	5d5b      	ldrb	r3, [r3, r5]
100052a0:	2b2e      	cmp	r3, #46	@ 0x2e
100052a2:	d196      	bne.n	100051d2 <lfs_dir_find+0x56>
100052a4:	19bb      	adds	r3, r7, r6
100052a6:	9305      	str	r3, [sp, #20]
100052a8:	e780      	b.n	100051ac <lfs_dir_find+0x30>
100052aa:	787b      	ldrb	r3, [r7, #1]
100052ac:	2b2e      	cmp	r3, #46	@ 0x2e
100052ae:	d190      	bne.n	100051d2 <lfs_dir_find+0x56>
100052b0:	e7f8      	b.n	100052a4 <lfs_dir_find+0x128>
100052b2:	4683      	mov	fp, r0
100052b4:	e77a      	b.n	100051ac <lfs_dir_find+0x30>
100052b6:	f06f 0202 	mvn.w	r2, #2
100052ba:	4610      	mov	r0, r2
100052bc:	b00b      	add	sp, #44	@ 0x2c
100052be:	e8bd 8ff0 	ldmia.w	sp!, {r4, r5, r6, r7, r8, r9, sl, fp, pc}
100052c2:	465a      	mov	r2, fp
100052c4:	e7e6      	b.n	10005294 <lfs_dir_find+0x118>
100052c6:	f06f 0204 	mvn.w	r2, #4
100052ca:	e7e3      	b.n	10005294 <lfs_dir_find+0x118>
100052cc:	200012d0 	.word	0x200012d0
100052d0:	002ffc00 	.word	0x002ffc00
100052d4:	1000ad28 	.word	0x1000ad28
100052d8:	20000008 	.word	0x20000008
100052dc:	100038b1 	.word	0x100038b1

100052e0 <lfs_dir_getslice.constprop.2>:
100052e0:	e92d 4ff0 	stmdb	sp!, {r4, r5, r6, r7, r8, r9, sl, fp, lr}
100052e4:	e9d0 5403 	ldrd	r5, r4, [r0, #12]
100052e8:	f8df 8168 	ldr.w	r8, [pc, #360]	@ 10005454 <lfs_dir_getslice.constprop.2+0x174>
100052ec:	b089      	sub	sp, #36	@ 0x24
100052ee:	f8d8 603c 	ldr.w	r6, [r8, #60]	@ 0x3c
100052f2:	4683      	mov	fp, r0
100052f4:	0d37      	lsrs	r7, r6, #20
100052f6:	f417 67e0 	ands.w	r7, r7, #1792	@ 0x700
100052fa:	468e      	mov	lr, r1
100052fc:	e9cd 3204 	strd	r3, r2, [sp, #16]
10005300:	9407      	str	r4, [sp, #28]
10005302:	d010      	beq.n	10005326 <lfs_dir_getslice.constprop.2+0x46>
10005304:	f8d8 3040 	ldr.w	r3, [r8, #64]	@ 0x40
10005308:	6802      	ldr	r2, [r0, #0]
1000530a:	4293      	cmp	r3, r2
1000530c:	f000 8083 	beq.w	10005416 <lfs_dir_getslice.constprop.2+0x136>
10005310:	f8d8 0044 	ldr.w	r0, [r8, #68]	@ 0x44
10005314:	f8db 1004 	ldr.w	r1, [fp, #4]
10005318:	4288      	cmp	r0, r1
1000531a:	d07c      	beq.n	10005416 <lfs_dir_getslice.constprop.2+0x136>
1000531c:	428b      	cmp	r3, r1
1000531e:	d07a      	beq.n	10005416 <lfs_dir_getslice.constprop.2+0x136>
10005320:	4282      	cmp	r2, r0
10005322:	d078      	beq.n	10005416 <lfs_dir_getslice.constprop.2+0x136>
10005324:	2700      	movs	r7, #0
10005326:	f06f 0903 	mvn.w	r9, #3
1000532a:	f8df a134 	ldr.w	sl, [pc, #308]	@ 10005460 <lfs_dir_getslice.constprop.2+0x180>
1000532e:	f8cd e00c 	str.w	lr, [sp, #12]
10005332:	e004      	b.n	1000533e <lfs_dir_getslice.constprop.2+0x5e>
10005334:	4061      	eors	r1, r4
10005336:	ea11 0f0a 	tst.w	r1, sl
1000533a:	d04b      	beq.n	100053d4 <lfs_dir_getslice.constprop.2+0xf4>
1000533c:	4614      	mov	r4, r2
1000533e:	f344 0609 	sbfx	r6, r4, #0, #10
10005342:	f1b6 3fff 	cmp.w	r6, #4294967295	@ 0xffffffff
10005346:	bf14      	ite	ne
10005348:	4622      	movne	r2, r4
1000534a:	1c62      	addeq	r2, r4, #1
1000534c:	f3c2 0209 	ubfx	r2, r2, #0, #10
10005350:	f102 0108 	add.w	r1, r2, #8
10005354:	428d      	cmp	r5, r1
10005356:	eba9 0202 	sub.w	r2, r9, r2
1000535a:	d365      	bcc.n	10005428 <lfs_dir_getslice.constprop.2+0x148>
1000535c:	f8d8 1068 	ldr.w	r1, [r8, #104]	@ 0x68
10005360:	4415      	add	r5, r2
10005362:	69c8      	ldr	r0, [r1, #28]
10005364:	f8db 2000 	ldr.w	r2, [fp]
10005368:	4282      	cmp	r2, r0
1000536a:	d262      	bcs.n	10005432 <lfs_dir_getslice.constprop.2+0x152>
1000536c:	6989      	ldr	r1, [r1, #24]
1000536e:	1d28      	adds	r0, r5, #4
10005370:	4288      	cmp	r0, r1
10005372:	d85e      	bhi.n	10005432 <lfs_dir_getslice.constprop.2+0x152>
10005374:	2104      	movs	r1, #4
10005376:	a807      	add	r0, sp, #28
10005378:	9000      	str	r0, [sp, #0]
1000537a:	462b      	mov	r3, r5
1000537c:	4835      	ldr	r0, [pc, #212]	@ (10005454 <lfs_dir_getslice.constprop.2+0x174>)
1000537e:	9101      	str	r1, [sp, #4]
10005380:	f7fe f930 	bl	100035e4 <lfs_bd_read.part.0.constprop.0>
10005384:	2800      	cmp	r0, #0
10005386:	d143      	bne.n	10005410 <lfs_dir_getslice.constprop.2+0x130>
10005388:	9a07      	ldr	r2, [sp, #28]
1000538a:	0d20      	lsrs	r0, r4, #20
1000538c:	ba12      	rev	r2, r2
1000538e:	f400 61e0 	and.w	r1, r0, #1792	@ 0x700
10005392:	9b03      	ldr	r3, [sp, #12]
10005394:	4062      	eors	r2, r4
10005396:	f022 4200 	bic.w	r2, r2, #2147483648	@ 0x80000000
1000539a:	f5b1 6f80 	cmp.w	r1, #1024	@ 0x400
1000539e:	9207      	str	r2, [sp, #28]
100053a0:	eba3 0107 	sub.w	r1, r3, r7
100053a4:	d1c6      	bne.n	10005334 <lfs_dir_getslice.constprop.2+0x54>
100053a6:	f3c4 2c89 	ubfx	ip, r4, #10, #10
100053aa:	f3c1 2e89 	ubfx	lr, r1, #10, #10
100053ae:	45f4      	cmp	ip, lr
100053b0:	d8c0      	bhi.n	10005334 <lfs_dir_getslice.constprop.2+0x54>
100053b2:	4b29      	ldr	r3, [pc, #164]	@ (10005458 <lfs_dir_getslice.constprop.2+0x178>)
100053b4:	4019      	ands	r1, r3
100053b6:	f041 4180 	orr.w	r1, r1, #1073741824	@ 0x40000000
100053ba:	f441 1180 	orr.w	r1, r1, #1048576	@ 0x100000
100053be:	428c      	cmp	r4, r1
100053c0:	d032      	beq.n	10005428 <lfs_dir_getslice.constprop.2+0x148>
100053c2:	9b03      	ldr	r3, [sp, #12]
100053c4:	b240      	sxtb	r0, r0
100053c6:	eb07 2780 	add.w	r7, r7, r0, lsl #10
100053ca:	1bd9      	subs	r1, r3, r7
100053cc:	4061      	eors	r1, r4
100053ce:	ea11 0f0a 	tst.w	r1, sl
100053d2:	d1b3      	bne.n	1000533c <lfs_dir_getslice.constprop.2+0x5c>
100053d4:	3601      	adds	r6, #1
100053d6:	d027      	beq.n	10005428 <lfs_dir_getslice.constprop.2+0x148>
100053d8:	9b05      	ldr	r3, [sp, #20]
100053da:	f8d8 1068 	ldr.w	r1, [r8, #104]	@ 0x68
100053de:	9e12      	ldr	r6, [sp, #72]	@ 0x48
100053e0:	3304      	adds	r3, #4
100053e2:	f8db 2000 	ldr.w	r2, [fp]
100053e6:	69c8      	ldr	r0, [r1, #28]
100053e8:	442b      	add	r3, r5
100053ea:	f3c4 0509 	ubfx	r5, r4, #0, #10
100053ee:	42b5      	cmp	r5, r6
100053f0:	bf28      	it	cs
100053f2:	4635      	movcs	r5, r6
100053f4:	4282      	cmp	r2, r0
100053f6:	d21c      	bcs.n	10005432 <lfs_dir_getslice.constprop.2+0x152>
100053f8:	6989      	ldr	r1, [r1, #24]
100053fa:	18e8      	adds	r0, r5, r3
100053fc:	4288      	cmp	r0, r1
100053fe:	d818      	bhi.n	10005432 <lfs_dir_getslice.constprop.2+0x152>
10005400:	9904      	ldr	r1, [sp, #16]
10005402:	4814      	ldr	r0, [pc, #80]	@ (10005454 <lfs_dir_getslice.constprop.2+0x174>)
10005404:	9100      	str	r1, [sp, #0]
10005406:	9501      	str	r5, [sp, #4]
10005408:	4629      	mov	r1, r5
1000540a:	f7fe f8eb 	bl	100035e4 <lfs_bd_read.part.0.constprop.0>
1000540e:	b1a8      	cbz	r0, 1000543c <lfs_dir_getslice.constprop.2+0x15c>
10005410:	b009      	add	sp, #36	@ 0x24
10005412:	e8bd 8ff0 	ldmia.w	sp!, {r4, r5, r6, r7, r8, r9, sl, fp, pc}
10005416:	4f11      	ldr	r7, [pc, #68]	@ (1000545c <lfs_dir_getslice.constprop.2+0x17c>)
10005418:	f3c6 2689 	ubfx	r6, r6, #10, #10
1000541c:	f3ce 2389 	ubfx	r3, lr, #10, #10
10005420:	429e      	cmp	r6, r3
10005422:	bf88      	it	hi
10005424:	2700      	movhi	r7, #0
10005426:	e77e      	b.n	10005326 <lfs_dir_getslice.constprop.2+0x46>
10005428:	f06f 0002 	mvn.w	r0, #2
1000542c:	b009      	add	sp, #36	@ 0x24
1000542e:	e8bd 8ff0 	ldmia.w	sp!, {r4, r5, r6, r7, r8, r9, sl, fp, pc}
10005432:	f06f 0001 	mvn.w	r0, #1
10005436:	b009      	add	sp, #36	@ 0x24
10005438:	e8bd 8ff0 	ldmia.w	sp!, {r4, r5, r6, r7, r8, r9, sl, fp, pc}
1000543c:	4601      	mov	r1, r0
1000543e:	9b12      	ldr	r3, [sp, #72]	@ 0x48
10005440:	9804      	ldr	r0, [sp, #16]
10005442:	1b5a      	subs	r2, r3, r5
10005444:	4428      	add	r0, r5
10005446:	f005 f847 	bl	1000a4d8 <memset>
1000544a:	19e0      	adds	r0, r4, r7
1000544c:	b009      	add	sp, #36	@ 0x24
1000544e:	e8bd 8ff0 	ldmia.w	sp!, {r4, r5, r6, r7, r8, r9, sl, fp, pc}
10005452:	bf00      	nop
10005454:	200012d0 	.word	0x200012d0
10005458:	000ffc00 	.word	0x000ffc00
1000545c:	fffffc00 	.word	0xfffffc00
10005460:	fff7fc00 	.word	0xfff7fc00

10005464 <lfs_alloc>:
10005464:	e92d 4ff0 	stmdb	sp!, {r4, r5, r6, r7, r8, r9, sl, fp, lr}
10005468:	f04f 0b01 	mov.w	fp, #1
1000546c:	4681      	mov	r9, r0
1000546e:	f8df a558 	ldr.w	sl, [pc, #1368]	@ 100059c8 <lfs_alloc+0x564>
10005472:	b095      	sub	sp, #84	@ 0x54
10005474:	f8da 3058 	ldr.w	r3, [sl, #88]	@ 0x58
10005478:	f8da 205c 	ldr.w	r2, [sl, #92]	@ 0x5c
1000547c:	e9da 4018 	ldrd	r4, r0, [sl, #96]	@ 0x60
10005480:	e008      	b.n	10005494 <lfs_alloc+0x30>
10005482:	3c01      	subs	r4, #1
10005484:	e9ca 5417 	strd	r5, r4, [sl, #92]	@ 0x5c
10005488:	f850 6026 	ldr.w	r6, [r0, r6, lsl #2]
1000548c:	4231      	tst	r1, r6
1000548e:	f000 813a 	beq.w	10005706 <lfs_alloc+0x2a2>
10005492:	462a      	mov	r2, r5
10005494:	f002 011f 	and.w	r1, r2, #31
10005498:	4293      	cmp	r3, r2
1000549a:	f102 0501 	add.w	r5, r2, #1
1000549e:	ea4f 1652 	mov.w	r6, r2, lsr #5
100054a2:	fa0b f101 	lsl.w	r1, fp, r1
100054a6:	d1ec      	bne.n	10005482 <lfs_alloc+0x1e>
100054a8:	2c00      	cmp	r4, #0
100054aa:	f000 8294 	beq.w	100059d6 <lfs_alloc+0x572>
100054ae:	f8da 5068 	ldr.w	r5, [sl, #104]	@ 0x68
100054b2:	f8da 2054 	ldr.w	r2, [sl, #84]	@ 0x54
100054b6:	69e9      	ldr	r1, [r5, #28]
100054b8:	4413      	add	r3, r2
100054ba:	6aaa      	ldr	r2, [r5, #40]	@ 0x28
100054bc:	fbb3 f5f1 	udiv	r5, r3, r1
100054c0:	fb01 3315 	mls	r3, r1, r5, r3
100054c4:	f8ca 3054 	str.w	r3, [sl, #84]	@ 0x54
100054c8:	00d3      	lsls	r3, r2, #3
100054ca:	2600      	movs	r6, #0
100054cc:	42a3      	cmp	r3, r4
100054ce:	bf28      	it	cs
100054d0:	4623      	movcs	r3, r4
100054d2:	4631      	mov	r1, r6
100054d4:	e9ca 3616 	strd	r3, r6, [sl, #88]	@ 0x58
100054d8:	f004 fffe 	bl	1000a4d8 <memset>
100054dc:	2101      	movs	r1, #1
100054de:	4630      	mov	r0, r6
100054e0:	46b0      	mov	r8, r6
100054e2:	e9cd 660c 	strd	r6, r6, [sp, #48]	@ 0x30
100054e6:	e9cd 660e 	strd	r6, r6, [sp, #56]	@ 0x38
100054ea:	e9cd 6610 	strd	r6, r6, [sp, #64]	@ 0x40
100054ee:	e9cd 6905 	strd	r6, r9, [sp, #20]
100054f2:	9612      	str	r6, [sp, #72]	@ 0x48
100054f4:	9113      	str	r1, [sp, #76]	@ 0x4c
100054f6:	f8da 4068 	ldr.w	r4, [sl, #104]	@ 0x68
100054fa:	9a05      	ldr	r2, [sp, #20]
100054fc:	69e3      	ldr	r3, [r4, #28]
100054fe:	ebb2 0f53 	cmp.w	r2, r3, lsr #1
10005502:	f080 8276 	bcs.w	100059f2 <lfs_alloc+0x58e>
10005506:	f8da 2054 	ldr.w	r2, [sl, #84]	@ 0x54
1000550a:	1a9a      	subs	r2, r3, r2
1000550c:	4410      	add	r0, r2
1000550e:	fbb0 f5f3 	udiv	r5, r0, r3
10005512:	fb03 0015 	mls	r0, r3, r5, r0
10005516:	f8da 5058 	ldr.w	r5, [sl, #88]	@ 0x58
1000551a:	4285      	cmp	r5, r0
1000551c:	d911      	bls.n	10005542 <lfs_alloc+0xde>
1000551e:	2201      	movs	r2, #1
10005520:	f8da 5064 	ldr.w	r5, [sl, #100]	@ 0x64
10005524:	0947      	lsrs	r7, r0, #5
10005526:	f855 3027 	ldr.w	r3, [r5, r7, lsl #2]
1000552a:	f000 001f 	and.w	r0, r0, #31
1000552e:	4082      	lsls	r2, r0
10005530:	4313      	orrs	r3, r2
10005532:	f845 3027 	str.w	r3, [r5, r7, lsl #2]
10005536:	69e3      	ldr	r3, [r4, #28]
10005538:	f8da 2054 	ldr.w	r2, [sl, #84]	@ 0x54
1000553c:	f8da 5058 	ldr.w	r5, [sl, #88]	@ 0x58
10005540:	1a9a      	subs	r2, r3, r2
10005542:	440a      	add	r2, r1
10005544:	fbb2 f1f3 	udiv	r1, r2, r3
10005548:	fb03 2211 	mls	r2, r3, r1, r2
1000554c:	42aa      	cmp	r2, r5
1000554e:	f0c0 8179 	bcc.w	10005844 <lfs_alloc+0x3e0>
10005552:	f04f 33ff 	mov.w	r3, #4294967295	@ 0xffffffff
10005556:	e9cd 8801 	strd	r8, r8, [sp, #4]
1000555a:	461a      	mov	r2, r3
1000555c:	f8cd 8000 	str.w	r8, [sp]
10005560:	a912      	add	r1, sp, #72	@ 0x48
10005562:	a80c      	add	r0, sp, #48	@ 0x30
10005564:	f7fe ffa8 	bl	100044b8 <lfs_dir_fetchmatch>
10005568:	4607      	mov	r7, r0
1000556a:	2800      	cmp	r0, #0
1000556c:	f040 80bd 	bne.w	100056ea <lfs_alloc+0x286>
10005570:	f8bd 5044 	ldrh.w	r5, [sp, #68]	@ 0x44
10005574:	b1fd      	cbz	r5, 100055b6 <lfs_alloc+0x152>
10005576:	4604      	mov	r4, r0
10005578:	02ab      	lsls	r3, r5, #10
1000557a:	f8df 9450 	ldr.w	r9, [pc, #1104]	@ 100059cc <lfs_alloc+0x568>
1000557e:	9304      	str	r3, [sp, #16]
10005580:	2308      	movs	r3, #8
10005582:	aa08      	add	r2, sp, #32
10005584:	a80c      	add	r0, sp, #48	@ 0x30
10005586:	ea44 0109 	orr.w	r1, r4, r9
1000558a:	f7ff fcab 	bl	10004ee4 <lfs_dir_getslice.constprop.1>
1000558e:	1e07      	subs	r7, r0, #0
10005590:	f2c0 80a8 	blt.w	100056e4 <lfs_alloc+0x280>
10005594:	f240 2202 	movw	r2, #514	@ 0x202
10005598:	ebb2 5f17 	cmp.w	r2, r7, lsr #20
1000559c:	ea4f 5317 	mov.w	r3, r7, lsr #20
100055a0:	f000 80dc 	beq.w	1000575c <lfs_alloc+0x2f8>
100055a4:	f5b3 7f00 	cmp.w	r3, #512	@ 0x200
100055a8:	f000 815c 	beq.w	10005864 <lfs_alloc+0x400>
100055ac:	9b04      	ldr	r3, [sp, #16]
100055ae:	f504 6480 	add.w	r4, r4, #1024	@ 0x400
100055b2:	429c      	cmp	r4, r3
100055b4:	d1e4      	bne.n	10005580 <lfs_alloc+0x11c>
100055b6:	9812      	ldr	r0, [sp, #72]	@ 0x48
100055b8:	1c41      	adds	r1, r0, #1
100055ba:	d005      	beq.n	100055c8 <lfs_alloc+0x164>
100055bc:	9b05      	ldr	r3, [sp, #20]
100055be:	9913      	ldr	r1, [sp, #76]	@ 0x4c
100055c0:	3301      	adds	r3, #1
100055c2:	9305      	str	r3, [sp, #20]
100055c4:	1c4b      	adds	r3, r1, #1
100055c6:	d196      	bne.n	100054f6 <lfs_alloc+0x92>
100055c8:	f8da 5028 	ldr.w	r5, [sl, #40]	@ 0x28
100055cc:	f8dd 9018 	ldr.w	r9, [sp, #24]
100055d0:	b955      	cbnz	r5, 100055e8 <lfs_alloc+0x184>
100055d2:	e74f      	b.n	10005474 <lfs_alloc+0x10>
100055d4:	f403 1390 	and.w	r3, r3, #1179648	@ 0x120000
100055d8:	f5b3 3f00 	cmp.w	r3, #131072	@ 0x20000
100055dc:	f000 817b 	beq.w	100058d6 <lfs_alloc+0x472>
100055e0:	682d      	ldr	r5, [r5, #0]
100055e2:	2d00      	cmp	r5, #0
100055e4:	f43f af46 	beq.w	10005474 <lfs_alloc+0x10>
100055e8:	79ab      	ldrb	r3, [r5, #6]
100055ea:	2b01      	cmp	r3, #1
100055ec:	d1f8      	bne.n	100055e0 <lfs_alloc+0x17c>
100055ee:	6b2b      	ldr	r3, [r5, #48]	@ 0x30
100055f0:	f403 1288 	and.w	r2, r3, #1114112	@ 0x110000
100055f4:	f5b2 3f80 	cmp.w	r2, #65536	@ 0x10000
100055f8:	d1ec      	bne.n	100055d4 <lfs_alloc+0x170>
100055fa:	e9d5 640a 	ldrd	r6, r4, [r5, #40]	@ 0x28
100055fe:	2c00      	cmp	r4, #0
10005600:	d0e8      	beq.n	100055d4 <lfs_alloc+0x170>
10005602:	f8da 8068 	ldr.w	r8, [sl, #104]	@ 0x68
10005606:	3c01      	subs	r4, #1
10005608:	f8d8 7018 	ldr.w	r7, [r8, #24]
1000560c:	3f08      	subs	r7, #8
1000560e:	42bc      	cmp	r4, r7
10005610:	f0c0 81f4 	bcc.w	100059fc <lfs_alloc+0x598>
10005614:	fbb4 f0f7 	udiv	r0, r4, r7
10005618:	3801      	subs	r0, #1
1000561a:	f005 f9f5 	bl	1000aa08 <____popcountsi2_veneer>
1000561e:	1c83      	adds	r3, r0, #2
10005620:	eba4 0483 	sub.w	r4, r4, r3, lsl #2
10005624:	fbb4 f4f7 	udiv	r4, r4, r7
10005628:	e9da 1315 	ldrd	r1, r3, [sl, #84]	@ 0x54
1000562c:	f8d8 201c 	ldr.w	r2, [r8, #28]
10005630:	9504      	str	r5, [sp, #16]
10005632:	f105 0840 	add.w	r8, r5, #64	@ 0x40
10005636:	461d      	mov	r5, r3
10005638:	4633      	mov	r3, r6
1000563a:	af0a      	add	r7, sp, #40	@ 0x28
1000563c:	1898      	adds	r0, r3, r2
1000563e:	1a41      	subs	r1, r0, r1
10005640:	fbb1 f0f2 	udiv	r0, r1, r2
10005644:	fb02 1210 	mls	r2, r2, r0, r1
10005648:	42aa      	cmp	r2, r5
1000564a:	d20b      	bcs.n	10005664 <lfs_alloc+0x200>
1000564c:	2601      	movs	r6, #1
1000564e:	f8da 1064 	ldr.w	r1, [sl, #100]	@ 0x64
10005652:	0950      	lsrs	r0, r2, #5
10005654:	f002 021f 	and.w	r2, r2, #31
10005658:	4096      	lsls	r6, r2
1000565a:	f851 2020 	ldr.w	r2, [r1, r0, lsl #2]
1000565e:	4332      	orrs	r2, r6
10005660:	f841 2020 	str.w	r2, [r1, r0, lsl #2]
10005664:	2c00      	cmp	r4, #0
10005666:	f000 81b3 	beq.w	100059d0 <lfs_alloc+0x56c>
1000566a:	2200      	movs	r2, #0
1000566c:	f004 0601 	and.w	r6, r4, #1
10005670:	9200      	str	r2, [sp, #0]
10005672:	f1c6 0202 	rsb	r2, r6, #2
10005676:	0092      	lsls	r2, r2, #2
10005678:	4640      	mov	r0, r8
1000567a:	49d3      	ldr	r1, [pc, #844]	@ (100059c8 <lfs_alloc+0x564>)
1000567c:	9701      	str	r7, [sp, #4]
1000567e:	9202      	str	r2, [sp, #8]
10005680:	f7fe f83c 	bl	100036fc <lfs_bd_read>
10005684:	2800      	cmp	r0, #0
10005686:	f040 81c5 	bne.w	10005a14 <lfs_alloc+0x5b0>
1000568a:	f8da 3068 	ldr.w	r3, [sl, #104]	@ 0x68
1000568e:	2e00      	cmp	r6, #0
10005690:	f040 81c8 	bne.w	10005a24 <lfs_alloc+0x5c0>
10005694:	69da      	ldr	r2, [r3, #28]
10005696:	f8da 1054 	ldr.w	r1, [sl, #84]	@ 0x54
1000569a:	9d0a      	ldr	r5, [sp, #40]	@ 0x28
1000569c:	1a50      	subs	r0, r2, r1
1000569e:	4428      	add	r0, r5
100056a0:	fbb0 fcf2 	udiv	ip, r0, r2
100056a4:	fb02 001c 	mls	r0, r2, ip, r0
100056a8:	f8da 5058 	ldr.w	r5, [sl, #88]	@ 0x58
100056ac:	42a8      	cmp	r0, r5
100056ae:	d210      	bcs.n	100056d2 <lfs_alloc+0x26e>
100056b0:	2201      	movs	r2, #1
100056b2:	f8da 1064 	ldr.w	r1, [sl, #100]	@ 0x64
100056b6:	ea4f 1c50 	mov.w	ip, r0, lsr #5
100056ba:	f000 001f 	and.w	r0, r0, #31
100056be:	fa02 f000 	lsl.w	r0, r2, r0
100056c2:	f851 202c 	ldr.w	r2, [r1, ip, lsl #2]
100056c6:	4302      	orrs	r2, r0
100056c8:	f841 202c 	str.w	r2, [r1, ip, lsl #2]
100056cc:	69da      	ldr	r2, [r3, #28]
100056ce:	e9da 1515 	ldrd	r1, r5, [sl, #84]	@ 0x54
100056d2:	2001      	movs	r0, #1
100056d4:	ab14      	add	r3, sp, #80	@ 0x50
100056d6:	eb03 0080 	add.w	r0, r3, r0, lsl #2
100056da:	3e02      	subs	r6, #2
100056dc:	f850 3c28 	ldr.w	r3, [r0, #-40]
100056e0:	4434      	add	r4, r6
100056e2:	e7ab      	b.n	1000563c <lfs_alloc+0x1d8>
100056e4:	1cfa      	adds	r2, r7, #3
100056e6:	f43f af61 	beq.w	100055ac <lfs_alloc+0x148>
100056ea:	46be      	mov	lr, r7
100056ec:	f8da 3068 	ldr.w	r3, [sl, #104]	@ 0x68
100056f0:	69db      	ldr	r3, [r3, #28]
100056f2:	2000      	movs	r0, #0
100056f4:	2100      	movs	r1, #0
100056f6:	e9ca 0116 	strd	r0, r1, [sl, #88]	@ 0x58
100056fa:	f8ca 3060 	str.w	r3, [sl, #96]	@ 0x60
100056fe:	4670      	mov	r0, lr
10005700:	b015      	add	sp, #84	@ 0x54
10005702:	e8bd 8ff0 	ldmia.w	sp!, {r4, r5, r6, r7, r8, r9, sl, fp, pc}
10005706:	f8da 3054 	ldr.w	r3, [sl, #84]	@ 0x54
1000570a:	441a      	add	r2, r3
1000570c:	f8da 3068 	ldr.w	r3, [sl, #104]	@ 0x68
10005710:	69db      	ldr	r3, [r3, #28]
10005712:	fbb2 f1f3 	udiv	r1, r2, r3
10005716:	fb03 2211 	mls	r2, r3, r1, r2
1000571a:	f8c9 2000 	str.w	r2, [r9]
1000571e:	e9da 5316 	ldrd	r5, r3, [sl, #88]	@ 0x58
10005722:	429d      	cmp	r5, r3
10005724:	d014      	beq.n	10005750 <lfs_alloc+0x2ec>
10005726:	2601      	movs	r6, #1
10005728:	f8da 1060 	ldr.w	r1, [sl, #96]	@ 0x60
1000572c:	e003      	b.n	10005736 <lfs_alloc+0x2d2>
1000572e:	42ab      	cmp	r3, r5
10005730:	e9ca 3117 	strd	r3, r1, [sl, #92]	@ 0x5c
10005734:	d00c      	beq.n	10005750 <lfs_alloc+0x2ec>
10005736:	095a      	lsrs	r2, r3, #5
10005738:	f850 4022 	ldr.w	r4, [r0, r2, lsl #2]
1000573c:	f003 021f 	and.w	r2, r3, #31
10005740:	fa06 f202 	lsl.w	r2, r6, r2
10005744:	4222      	tst	r2, r4
10005746:	f103 0301 	add.w	r3, r3, #1
1000574a:	f101 31ff 	add.w	r1, r1, #4294967295	@ 0xffffffff
1000574e:	d1ee      	bne.n	1000572e <lfs_alloc+0x2ca>
10005750:	f04f 0e00 	mov.w	lr, #0
10005754:	4670      	mov	r0, lr
10005756:	b015      	add	sp, #84	@ 0x54
10005758:	e8bd 8ff0 	ldmia.w	sp!, {r4, r5, r6, r7, r8, r9, sl, fp, pc}
1000575c:	e9dd 5708 	ldrd	r5, r7, [sp, #32]
10005760:	2f00      	cmp	r7, #0
10005762:	f43f af23 	beq.w	100055ac <lfs_alloc+0x148>
10005766:	f8da 2068 	ldr.w	r2, [sl, #104]	@ 0x68
1000576a:	3f01      	subs	r7, #1
1000576c:	6991      	ldr	r1, [r2, #24]
1000576e:	f1a1 0608 	sub.w	r6, r1, #8
10005772:	42b7      	cmp	r7, r6
10005774:	d374      	bcc.n	10005860 <lfs_alloc+0x3fc>
10005776:	fbb7 f0f6 	udiv	r0, r7, r6
1000577a:	3801      	subs	r0, #1
1000577c:	9207      	str	r2, [sp, #28]
1000577e:	f005 f943 	bl	1000aa08 <____popcountsi2_veneer>
10005782:	1c83      	adds	r3, r0, #2
10005784:	eba7 0383 	sub.w	r3, r7, r3, lsl #2
10005788:	fbb3 f6f6 	udiv	r6, r3, r6
1000578c:	9a07      	ldr	r2, [sp, #28]
1000578e:	462b      	mov	r3, r5
10005790:	e9da 1015 	ldrd	r1, r0, [sl, #84]	@ 0x54
10005794:	69d2      	ldr	r2, [r2, #28]
10005796:	189f      	adds	r7, r3, r2
10005798:	1a79      	subs	r1, r7, r1
1000579a:	fbb1 f5f2 	udiv	r5, r1, r2
1000579e:	fb02 1115 	mls	r1, r2, r5, r1
100057a2:	4281      	cmp	r1, r0
100057a4:	d20c      	bcs.n	100057c0 <lfs_alloc+0x35c>
100057a6:	2201      	movs	r2, #1
100057a8:	f8da 0064 	ldr.w	r0, [sl, #100]	@ 0x64
100057ac:	094d      	lsrs	r5, r1, #5
100057ae:	f001 011f 	and.w	r1, r1, #31
100057b2:	fa02 f101 	lsl.w	r1, r2, r1
100057b6:	f850 2025 	ldr.w	r2, [r0, r5, lsl #2]
100057ba:	430a      	orrs	r2, r1
100057bc:	f840 2025 	str.w	r2, [r0, r5, lsl #2]
100057c0:	2e00      	cmp	r6, #0
100057c2:	f43f aef3 	beq.w	100055ac <lfs_alloc+0x148>
100057c6:	aa0a      	add	r2, sp, #40	@ 0x28
100057c8:	9201      	str	r2, [sp, #4]
100057ca:	2200      	movs	r2, #0
100057cc:	f006 0501 	and.w	r5, r6, #1
100057d0:	9200      	str	r2, [sp, #0]
100057d2:	f1c5 0202 	rsb	r2, r5, #2
100057d6:	0092      	lsls	r2, r2, #2
100057d8:	2000      	movs	r0, #0
100057da:	497b      	ldr	r1, [pc, #492]	@ (100059c8 <lfs_alloc+0x564>)
100057dc:	9202      	str	r2, [sp, #8]
100057de:	f7fd ff8d 	bl	100036fc <lfs_bd_read>
100057e2:	4684      	mov	ip, r0
100057e4:	2800      	cmp	r0, #0
100057e6:	f040 8107 	bne.w	100059f8 <lfs_alloc+0x594>
100057ea:	2d00      	cmp	r5, #0
100057ec:	f040 810a 	bne.w	10005a04 <lfs_alloc+0x5a0>
100057f0:	f8da 7068 	ldr.w	r7, [sl, #104]	@ 0x68
100057f4:	f8da 1054 	ldr.w	r1, [sl, #84]	@ 0x54
100057f8:	69fa      	ldr	r2, [r7, #28]
100057fa:	980a      	ldr	r0, [sp, #40]	@ 0x28
100057fc:	1a53      	subs	r3, r2, r1
100057fe:	4403      	add	r3, r0
10005800:	fbb3 f0f2 	udiv	r0, r3, r2
10005804:	fb02 3310 	mls	r3, r2, r0, r3
10005808:	f8da 0058 	ldr.w	r0, [sl, #88]	@ 0x58
1000580c:	f04f 0c01 	mov.w	ip, #1
10005810:	4283      	cmp	r3, r0
10005812:	ea4f 1e53 	mov.w	lr, r3, lsr #5
10005816:	d20d      	bcs.n	10005834 <lfs_alloc+0x3d0>
10005818:	f8da 1064 	ldr.w	r1, [sl, #100]	@ 0x64
1000581c:	f003 031f 	and.w	r3, r3, #31
10005820:	f851 202e 	ldr.w	r2, [r1, lr, lsl #2]
10005824:	fa0b f303 	lsl.w	r3, fp, r3
10005828:	431a      	orrs	r2, r3
1000582a:	f841 202e 	str.w	r2, [r1, lr, lsl #2]
1000582e:	69fa      	ldr	r2, [r7, #28]
10005830:	e9da 1015 	ldrd	r1, r0, [sl, #84]	@ 0x54
10005834:	ab14      	add	r3, sp, #80	@ 0x50
10005836:	eb03 0c8c 	add.w	ip, r3, ip, lsl #2
1000583a:	3d02      	subs	r5, #2
1000583c:	f85c 3c28 	ldr.w	r3, [ip, #-40]
10005840:	442e      	add	r6, r5
10005842:	e7a8      	b.n	10005796 <lfs_alloc+0x332>
10005844:	2301      	movs	r3, #1
10005846:	f8da 1064 	ldr.w	r1, [sl, #100]	@ 0x64
1000584a:	0950      	lsrs	r0, r2, #5
1000584c:	f002 021f 	and.w	r2, r2, #31
10005850:	fa03 f202 	lsl.w	r2, r3, r2
10005854:	f851 3020 	ldr.w	r3, [r1, r0, lsl #2]
10005858:	4313      	orrs	r3, r2
1000585a:	f841 3020 	str.w	r3, [r1, r0, lsl #2]
1000585e:	e678      	b.n	10005552 <lfs_alloc+0xee>
10005860:	2600      	movs	r6, #0
10005862:	e794      	b.n	1000578e <lfs_alloc+0x32a>
10005864:	f8da 0068 	ldr.w	r0, [sl, #104]	@ 0x68
10005868:	f8da 3054 	ldr.w	r3, [sl, #84]	@ 0x54
1000586c:	69c1      	ldr	r1, [r0, #28]
1000586e:	9a08      	ldr	r2, [sp, #32]
10005870:	1acb      	subs	r3, r1, r3
10005872:	441a      	add	r2, r3
10005874:	fbb2 f5f1 	udiv	r5, r2, r1
10005878:	fb01 2215 	mls	r2, r1, r5, r2
1000587c:	f8da 5058 	ldr.w	r5, [sl, #88]	@ 0x58
10005880:	42aa      	cmp	r2, r5
10005882:	d212      	bcs.n	100058aa <lfs_alloc+0x446>
10005884:	2301      	movs	r3, #1
10005886:	f8da 1064 	ldr.w	r1, [sl, #100]	@ 0x64
1000588a:	0955      	lsrs	r5, r2, #5
1000588c:	f002 021f 	and.w	r2, r2, #31
10005890:	fa03 f202 	lsl.w	r2, r3, r2
10005894:	f851 3025 	ldr.w	r3, [r1, r5, lsl #2]
10005898:	4313      	orrs	r3, r2
1000589a:	f841 3025 	str.w	r3, [r1, r5, lsl #2]
1000589e:	69c1      	ldr	r1, [r0, #28]
100058a0:	f8da 3054 	ldr.w	r3, [sl, #84]	@ 0x54
100058a4:	f8da 5058 	ldr.w	r5, [sl, #88]	@ 0x58
100058a8:	1acb      	subs	r3, r1, r3
100058aa:	9a09      	ldr	r2, [sp, #36]	@ 0x24
100058ac:	4413      	add	r3, r2
100058ae:	fbb3 f2f1 	udiv	r2, r3, r1
100058b2:	fb01 3312 	mls	r3, r1, r2, r3
100058b6:	42ab      	cmp	r3, r5
100058b8:	f4bf ae78 	bcs.w	100055ac <lfs_alloc+0x148>
100058bc:	2201      	movs	r2, #1
100058be:	f8da 1064 	ldr.w	r1, [sl, #100]	@ 0x64
100058c2:	0958      	lsrs	r0, r3, #5
100058c4:	f003 031f 	and.w	r3, r3, #31
100058c8:	409a      	lsls	r2, r3
100058ca:	f851 3020 	ldr.w	r3, [r1, r0, lsl #2]
100058ce:	4313      	orrs	r3, r2
100058d0:	f841 3020 	str.w	r3, [r1, r0, lsl #2]
100058d4:	e66a      	b.n	100055ac <lfs_alloc+0x148>
100058d6:	e9d5 460d 	ldrd	r4, r6, [r5, #52]	@ 0x34
100058da:	2c00      	cmp	r4, #0
100058dc:	f43f ae80 	beq.w	100055e0 <lfs_alloc+0x17c>
100058e0:	f8da 8068 	ldr.w	r8, [sl, #104]	@ 0x68
100058e4:	3c01      	subs	r4, #1
100058e6:	f8d8 7018 	ldr.w	r7, [r8, #24]
100058ea:	3f08      	subs	r7, #8
100058ec:	42bc      	cmp	r4, r7
100058ee:	f0c0 8087 	bcc.w	10005a00 <lfs_alloc+0x59c>
100058f2:	fbb4 f0f7 	udiv	r0, r4, r7
100058f6:	3801      	subs	r0, #1
100058f8:	f005 f886 	bl	1000aa08 <____popcountsi2_veneer>
100058fc:	1c83      	adds	r3, r0, #2
100058fe:	eba4 0483 	sub.w	r4, r4, r3, lsl #2
10005902:	fbb4 f4f7 	udiv	r4, r4, r7
10005906:	e9da 1315 	ldrd	r1, r3, [sl, #84]	@ 0x54
1000590a:	f105 0040 	add.w	r0, r5, #64	@ 0x40
1000590e:	f8d8 201c 	ldr.w	r2, [r8, #28]
10005912:	9505      	str	r5, [sp, #20]
10005914:	f04f 0800 	mov.w	r8, #0
10005918:	461d      	mov	r5, r3
1000591a:	4633      	mov	r3, r6
1000591c:	9004      	str	r0, [sp, #16]
1000591e:	af0a      	add	r7, sp, #40	@ 0x28
10005920:	1898      	adds	r0, r3, r2
10005922:	1a41      	subs	r1, r0, r1
10005924:	fbb1 f0f2 	udiv	r0, r1, r2
10005928:	fb02 1210 	mls	r2, r2, r0, r1
1000592c:	42aa      	cmp	r2, r5
1000592e:	d20b      	bcs.n	10005948 <lfs_alloc+0x4e4>
10005930:	2601      	movs	r6, #1
10005932:	f8da 1064 	ldr.w	r1, [sl, #100]	@ 0x64
10005936:	0950      	lsrs	r0, r2, #5
10005938:	f002 021f 	and.w	r2, r2, #31
1000593c:	4096      	lsls	r6, r2
1000593e:	f851 2020 	ldr.w	r2, [r1, r0, lsl #2]
10005942:	4332      	orrs	r2, r6
10005944:	f841 2020 	str.w	r2, [r1, r0, lsl #2]
10005948:	2c00      	cmp	r4, #0
1000594a:	d061      	beq.n	10005a10 <lfs_alloc+0x5ac>
1000594c:	f004 0601 	and.w	r6, r4, #1
10005950:	f1c6 0202 	rsb	r2, r6, #2
10005954:	0092      	lsls	r2, r2, #2
10005956:	e9cd 8700 	strd	r8, r7, [sp]
1000595a:	491b      	ldr	r1, [pc, #108]	@ (100059c8 <lfs_alloc+0x564>)
1000595c:	9804      	ldr	r0, [sp, #16]
1000595e:	9202      	str	r2, [sp, #8]
10005960:	f7fd fecc 	bl	100036fc <lfs_bd_read>
10005964:	4686      	mov	lr, r0
10005966:	2800      	cmp	r0, #0
10005968:	f47f aec0 	bne.w	100056ec <lfs_alloc+0x288>
1000596c:	2e00      	cmp	r6, #0
1000596e:	d153      	bne.n	10005a18 <lfs_alloc+0x5b4>
10005970:	f8da 0068 	ldr.w	r0, [sl, #104]	@ 0x68
10005974:	f8da 1054 	ldr.w	r1, [sl, #84]	@ 0x54
10005978:	69c2      	ldr	r2, [r0, #28]
1000597a:	9d0a      	ldr	r5, [sp, #40]	@ 0x28
1000597c:	1a53      	subs	r3, r2, r1
1000597e:	442b      	add	r3, r5
10005980:	fbb3 fcf2 	udiv	ip, r3, r2
10005984:	fb02 331c 	mls	r3, r2, ip, r3
10005988:	f8da 5058 	ldr.w	r5, [sl, #88]	@ 0x58
1000598c:	42ab      	cmp	r3, r5
1000598e:	d211      	bcs.n	100059b4 <lfs_alloc+0x550>
10005990:	f04f 0c01 	mov.w	ip, #1
10005994:	f8da 2064 	ldr.w	r2, [sl, #100]	@ 0x64
10005998:	0959      	lsrs	r1, r3, #5
1000599a:	f003 031f 	and.w	r3, r3, #31
1000599e:	fa0c fc03 	lsl.w	ip, ip, r3
100059a2:	f852 3021 	ldr.w	r3, [r2, r1, lsl #2]
100059a6:	ea43 030c 	orr.w	r3, r3, ip
100059aa:	f842 3021 	str.w	r3, [r2, r1, lsl #2]
100059ae:	69c2      	ldr	r2, [r0, #28]
100059b0:	e9da 1515 	ldrd	r1, r5, [sl, #84]	@ 0x54
100059b4:	f04f 0e01 	mov.w	lr, #1
100059b8:	ab14      	add	r3, sp, #80	@ 0x50
100059ba:	eb03 0e8e 	add.w	lr, r3, lr, lsl #2
100059be:	3e02      	subs	r6, #2
100059c0:	f85e 3c28 	ldr.w	r3, [lr, #-40]
100059c4:	4434      	add	r4, r6
100059c6:	e7ab      	b.n	10005920 <lfs_alloc+0x4bc>
100059c8:	200012d0 	.word	0x200012d0
100059cc:	20000008 	.word	0x20000008
100059d0:	9d04      	ldr	r5, [sp, #16]
100059d2:	6b2b      	ldr	r3, [r5, #48]	@ 0x30
100059d4:	e5fe      	b.n	100055d4 <lfs_alloc+0x170>
100059d6:	f8da 0054 	ldr.w	r0, [sl, #84]	@ 0x54
100059da:	4c14      	ldr	r4, [pc, #80]	@ (10005a2c <lfs_alloc+0x5c8>)
100059dc:	4403      	add	r3, r0
100059de:	f240 2202 	movw	r2, #514	@ 0x202
100059e2:	4913      	ldr	r1, [pc, #76]	@ (10005a30 <lfs_alloc+0x5cc>)
100059e4:	4813      	ldr	r0, [pc, #76]	@ (10005a34 <lfs_alloc+0x5d0>)
100059e6:	9400      	str	r4, [sp, #0]
100059e8:	f7fd fc2c 	bl	10003244 <__wrap_printf>
100059ec:	f06f 0e0a 	mvn.w	lr, #10
100059f0:	e685      	b.n	100056fe <lfs_alloc+0x29a>
100059f2:	f06f 0e01 	mvn.w	lr, #1
100059f6:	e67c      	b.n	100056f2 <lfs_alloc+0x28e>
100059f8:	4686      	mov	lr, r0
100059fa:	e677      	b.n	100056ec <lfs_alloc+0x288>
100059fc:	2400      	movs	r4, #0
100059fe:	e613      	b.n	10005628 <lfs_alloc+0x1c4>
10005a00:	2400      	movs	r4, #0
10005a02:	e780      	b.n	10005906 <lfs_alloc+0x4a2>
10005a04:	f8da 3068 	ldr.w	r3, [sl, #104]	@ 0x68
10005a08:	e9da 1015 	ldrd	r1, r0, [sl, #84]	@ 0x54
10005a0c:	69da      	ldr	r2, [r3, #28]
10005a0e:	e711      	b.n	10005834 <lfs_alloc+0x3d0>
10005a10:	9d05      	ldr	r5, [sp, #20]
10005a12:	e5e5      	b.n	100055e0 <lfs_alloc+0x17c>
10005a14:	4686      	mov	lr, r0
10005a16:	e669      	b.n	100056ec <lfs_alloc+0x288>
10005a18:	f8da 3068 	ldr.w	r3, [sl, #104]	@ 0x68
10005a1c:	e9da 1515 	ldrd	r1, r5, [sl, #84]	@ 0x54
10005a20:	69da      	ldr	r2, [r3, #28]
10005a22:	e7c9      	b.n	100059b8 <lfs_alloc+0x554>
10005a24:	69da      	ldr	r2, [r3, #28]
10005a26:	e9da 1515 	ldrd	r1, r5, [sl, #84]	@ 0x54
10005a2a:	e653      	b.n	100056d4 <lfs_alloc+0x270>
10005a2c:	1000afa8 	.word	0x1000afa8
10005a30:	1000acac 	.word	0x1000acac
10005a34:	1000ad30 	.word	0x1000ad30

10005a38 <lfs_dir_alloc>:
10005a38:	b570      	push	{r4, r5, r6, lr}
10005a3a:	4604      	mov	r4, r0
10005a3c:	b082      	sub	sp, #8
10005a3e:	3004      	adds	r0, #4
10005a40:	f7ff fd10 	bl	10005464 <lfs_alloc>
10005a44:	4605      	mov	r5, r0
10005a46:	bb88      	cbnz	r0, 10005aac <lfs_dir_alloc+0x74>
10005a48:	4620      	mov	r0, r4
10005a4a:	f7ff fd0b 	bl	10005464 <lfs_alloc>
10005a4e:	4605      	mov	r5, r0
10005a50:	bb60      	cbnz	r0, 10005aac <lfs_dir_alloc+0x74>
10005a52:	4623      	mov	r3, r4
10005a54:	4e1b      	ldr	r6, [pc, #108]	@ (10005ac4 <lfs_dir_alloc+0x8c>)
10005a56:	f853 2b08 	ldr.w	r2, [r3], #8
10005a5a:	6eb1      	ldr	r1, [r6, #104]	@ 0x68
10005a5c:	60a0      	str	r0, [r4, #8]
10005a5e:	69c8      	ldr	r0, [r1, #28]
10005a60:	4282      	cmp	r2, r0
10005a62:	d22c      	bcs.n	10005abe <lfs_dir_alloc+0x86>
10005a64:	6988      	ldr	r0, [r1, #24]
10005a66:	2803      	cmp	r0, #3
10005a68:	d929      	bls.n	10005abe <lfs_dir_alloc+0x86>
10005a6a:	2104      	movs	r1, #4
10005a6c:	9300      	str	r3, [sp, #0]
10005a6e:	4630      	mov	r0, r6
10005a70:	462b      	mov	r3, r5
10005a72:	9101      	str	r1, [sp, #4]
10005a74:	f7fd fdb6 	bl	100035e4 <lfs_bd_read.part.0.constprop.0>
10005a78:	68a3      	ldr	r3, [r4, #8]
10005a7a:	b9d0      	cbnz	r0, 10005ab2 <lfs_dir_alloc+0x7a>
10005a7c:	6eb1      	ldr	r1, [r6, #104]	@ 0x68
10005a7e:	6a0a      	ldr	r2, [r1, #32]
10005a80:	2a00      	cmp	r2, #0
10005a82:	dd0a      	ble.n	10005a9a <lfs_dir_alloc+0x62>
10005a84:	3201      	adds	r2, #1
10005a86:	f042 0201 	orr.w	r2, r2, #1
10005a8a:	3b01      	subs	r3, #1
10005a8c:	4413      	add	r3, r2
10005a8e:	fbb3 f1f2 	udiv	r1, r3, r2
10005a92:	fb02 3211 	mls	r2, r2, r1, r3
10005a96:	1a9b      	subs	r3, r3, r2
10005a98:	60a3      	str	r3, [r4, #8]
10005a9a:	f04f 33ff 	mov.w	r3, #4294967295	@ 0xffffffff
10005a9e:	2104      	movs	r1, #4
10005aa0:	2200      	movs	r2, #0
10005aa2:	e9c4 1303 	strd	r1, r3, [r4, #12]
10005aa6:	e9c4 2305 	strd	r2, r3, [r4, #20]
10005aaa:	61e3      	str	r3, [r4, #28]
10005aac:	4628      	mov	r0, r5
10005aae:	b002      	add	sp, #8
10005ab0:	bd70      	pop	{r4, r5, r6, pc}
10005ab2:	1c82      	adds	r2, r0, #2
10005ab4:	d0e2      	beq.n	10005a7c <lfs_dir_alloc+0x44>
10005ab6:	4605      	mov	r5, r0
10005ab8:	4628      	mov	r0, r5
10005aba:	b002      	add	sp, #8
10005abc:	bd70      	pop	{r4, r5, r6, pc}
10005abe:	462b      	mov	r3, r5
10005ac0:	e7dd      	b.n	10005a7e <lfs_dir_alloc+0x46>
10005ac2:	bf00      	nop
10005ac4:	200012d0 	.word	0x200012d0

10005ac8 <lfs_file_relocate>:
10005ac8:	e92d 4ff0 	stmdb	sp!, {r4, r5, r6, r7, r8, r9, sl, fp, lr}
10005acc:	b08b      	sub	sp, #44	@ 0x2c
10005ace:	4605      	mov	r5, r0
10005ad0:	a809      	add	r0, sp, #36	@ 0x24
10005ad2:	f7ff fcc7 	bl	10005464 <lfs_alloc>
10005ad6:	4f5e      	ldr	r7, [pc, #376]	@ (10005c50 <lfs_file_relocate+0x188>)
10005ad8:	4606      	mov	r6, r0
10005ada:	b9c8      	cbnz	r0, 10005b10 <lfs_file_relocate+0x48>
10005adc:	6ebb      	ldr	r3, [r7, #104]	@ 0x68
10005ade:	9809      	ldr	r0, [sp, #36]	@ 0x24
10005ae0:	68db      	ldr	r3, [r3, #12]
10005ae2:	4798      	blx	r3
10005ae4:	4606      	mov	r6, r0
10005ae6:	b1c0      	cbz	r0, 10005b1a <lfs_file_relocate+0x52>
10005ae8:	1cb0      	adds	r0, r6, #2
10005aea:	d111      	bne.n	10005b10 <lfs_file_relocate+0x48>
10005aec:	4c59      	ldr	r4, [pc, #356]	@ (10005c54 <lfs_file_relocate+0x18c>)
10005aee:	f640 12ff 	movw	r2, #2559	@ 0x9ff
10005af2:	9b09      	ldr	r3, [sp, #36]	@ 0x24
10005af4:	4958      	ldr	r1, [pc, #352]	@ (10005c58 <lfs_file_relocate+0x190>)
10005af6:	4859      	ldr	r0, [pc, #356]	@ (10005c5c <lfs_file_relocate+0x194>)
10005af8:	9400      	str	r4, [sp, #0]
10005afa:	f7fd fba3 	bl	10003244 <__wrap_printf>
10005afe:	f04f 33ff 	mov.w	r3, #4294967295	@ 0xffffffff
10005b02:	a809      	add	r0, sp, #36	@ 0x24
10005b04:	613b      	str	r3, [r7, #16]
10005b06:	f7ff fcad 	bl	10005464 <lfs_alloc>
10005b0a:	4606      	mov	r6, r0
10005b0c:	2800      	cmp	r0, #0
10005b0e:	d0e5      	beq.n	10005adc <lfs_file_relocate+0x14>
10005b10:	4634      	mov	r4, r6
10005b12:	4620      	mov	r0, r4
10005b14:	b00b      	add	sp, #44	@ 0x2c
10005b16:	e8bd 8ff0 	ldmia.w	sp!, {r4, r5, r6, r7, r8, r9, sl, fp, pc}
10005b1a:	6bea      	ldr	r2, [r5, #60]	@ 0x3c
10005b1c:	2a00      	cmp	r2, #0
10005b1e:	f000 8095 	beq.w	10005c4c <lfs_file_relocate+0x184>
10005b22:	f105 0440 	add.w	r4, r5, #64	@ 0x40
10005b26:	9607      	str	r6, [sp, #28]
10005b28:	9406      	str	r4, [sp, #24]
10005b2a:	6b2b      	ldr	r3, [r5, #48]	@ 0x30
10005b2c:	02d9      	lsls	r1, r3, #11
10005b2e:	d541      	bpl.n	10005bb4 <lfs_file_relocate+0xec>
10005b30:	6ebb      	ldr	r3, [r7, #104]	@ 0x68
10005b32:	88a9      	ldrh	r1, [r5, #4]
10005b34:	699c      	ldr	r4, [r3, #24]
10005b36:	1c70      	adds	r0, r6, #1
10005b38:	4b49      	ldr	r3, [pc, #292]	@ (10005c60 <lfs_file_relocate+0x198>)
10005b3a:	42a0      	cmp	r0, r4
10005b3c:	f105 0a08 	add.w	sl, r5, #8
10005b40:	eba2 0906 	sub.w	r9, r2, r6
10005b44:	ea43 2181 	orr.w	r1, r3, r1, lsl #10
10005b48:	d87d      	bhi.n	10005c46 <lfs_file_relocate+0x17e>
10005b4a:	f06f 0801 	mvn.w	r8, #1
10005b4e:	9105      	str	r1, [sp, #20]
10005b50:	6c2b      	ldr	r3, [r5, #64]	@ 0x40
10005b52:	3302      	adds	r3, #2
10005b54:	d106      	bne.n	10005b64 <lfs_file_relocate+0x9c>
10005b56:	e9d5 0311 	ldrd	r0, r3, [r5, #68]	@ 0x44
10005b5a:	4403      	add	r3, r0
10005b5c:	429e      	cmp	r6, r3
10005b5e:	d201      	bcs.n	10005b64 <lfs_file_relocate+0x9c>
10005b60:	4286      	cmp	r6, r0
10005b62:	d264      	bcs.n	10005c2e <lfs_file_relocate+0x166>
10005b64:	6ebb      	ldr	r3, [r7, #104]	@ 0x68
10005b66:	4650      	mov	r0, sl
10005b68:	f8d3 c010 	ldr.w	ip, [r3, #16]
10005b6c:	f8d3 b024 	ldr.w	fp, [r3, #36]	@ 0x24
10005b70:	f10c 34ff 	add.w	r4, ip, #4294967295	@ 0xffffffff
10005b74:	444c      	add	r4, r9
10005b76:	4434      	add	r4, r6
10005b78:	fbb4 fefc 	udiv	lr, r4, ip
10005b7c:	fb0c 4e1e 	mls	lr, ip, lr, r4
10005b80:	fbb6 f2fc 	udiv	r2, r6, ip
10005b84:	eba4 040e 	sub.w	r4, r4, lr
10005b88:	455c      	cmp	r4, fp
10005b8a:	bf28      	it	cs
10005b8c:	465c      	movcs	r4, fp
10005b8e:	fb0c 6212 	mls	r2, ip, r2, r6
10005b92:	1ab2      	subs	r2, r6, r2
10005b94:	e9c5 2411 	strd	r2, r4, [r5, #68]	@ 0x44
10005b98:	6ceb      	ldr	r3, [r5, #76]	@ 0x4c
10005b9a:	f8c5 8040 	str.w	r8, [r5, #64]	@ 0x40
10005b9e:	9905      	ldr	r1, [sp, #20]
10005ba0:	9400      	str	r4, [sp, #0]
10005ba2:	f7ff fb9d 	bl	100052e0 <lfs_dir_getslice.constprop.2>
10005ba6:	2800      	cmp	r0, #0
10005ba8:	dad2      	bge.n	10005b50 <lfs_file_relocate+0x88>
10005baa:	4604      	mov	r4, r0
10005bac:	4620      	mov	r0, r4
10005bae:	b00b      	add	sp, #44	@ 0x2c
10005bb0:	e8bd 8ff0 	ldmia.w	sp!, {r4, r5, r6, r7, r8, r9, sl, fp, pc}
10005bb4:	f04f 0c01 	mov.w	ip, #1
10005bb8:	f10d 0423 	add.w	r4, sp, #35	@ 0x23
10005bbc:	6bab      	ldr	r3, [r5, #56]	@ 0x38
10005bbe:	4639      	mov	r1, r7
10005bc0:	e9cd 6400 	strd	r6, r4, [sp]
10005bc4:	9806      	ldr	r0, [sp, #24]
10005bc6:	1b92      	subs	r2, r2, r6
10005bc8:	f8cd c008 	str.w	ip, [sp, #8]
10005bcc:	f7fd fd96 	bl	100036fc <lfs_bd_read>
10005bd0:	2800      	cmp	r0, #0
10005bd2:	d1ea      	bne.n	10005baa <lfs_file_relocate+0xe2>
10005bd4:	2001      	movs	r0, #1
10005bd6:	4623      	mov	r3, r4
10005bd8:	4632      	mov	r2, r6
10005bda:	9909      	ldr	r1, [sp, #36]	@ 0x24
10005bdc:	9000      	str	r0, [sp, #0]
10005bde:	f7fe f84f 	bl	10003c80 <lfs_bd_prog.constprop.0>
10005be2:	2800      	cmp	r0, #0
10005be4:	d12b      	bne.n	10005c3e <lfs_file_relocate+0x176>
10005be6:	6bea      	ldr	r2, [r5, #60]	@ 0x3c
10005be8:	3601      	adds	r6, #1
10005bea:	42b2      	cmp	r2, r6
10005bec:	d89d      	bhi.n	10005b2a <lfs_file_relocate+0x62>
10005bee:	9c07      	ldr	r4, [sp, #28]
10005bf0:	6ebb      	ldr	r3, [r7, #104]	@ 0x68
10005bf2:	69f9      	ldr	r1, [r7, #28]
10005bf4:	6a5a      	ldr	r2, [r3, #36]	@ 0x24
10005bf6:	6ce8      	ldr	r0, [r5, #76]	@ 0x4c
10005bf8:	f004 fbf8 	bl	1000a3ec <memcpy>
10005bfc:	697b      	ldr	r3, [r7, #20]
10005bfe:	693a      	ldr	r2, [r7, #16]
10005c00:	646b      	str	r3, [r5, #68]	@ 0x44
10005c02:	69bb      	ldr	r3, [r7, #24]
10005c04:	21ff      	movs	r1, #255	@ 0xff
10005c06:	64ab      	str	r3, [r5, #72]	@ 0x48
10005c08:	6ebb      	ldr	r3, [r7, #104]	@ 0x68
10005c0a:	642a      	str	r2, [r5, #64]	@ 0x40
10005c0c:	6a5a      	ldr	r2, [r3, #36]	@ 0x24
10005c0e:	69f8      	ldr	r0, [r7, #28]
10005c10:	f004 fc62 	bl	1000a4d8 <memset>
10005c14:	f04f 32ff 	mov.w	r2, #4294967295	@ 0xffffffff
10005c18:	4620      	mov	r0, r4
10005c1a:	6b2b      	ldr	r3, [r5, #48]	@ 0x30
10005c1c:	9909      	ldr	r1, [sp, #36]	@ 0x24
10005c1e:	f443 3300 	orr.w	r3, r3, #131072	@ 0x20000
10005c22:	63a9      	str	r1, [r5, #56]	@ 0x38
10005c24:	632b      	str	r3, [r5, #48]	@ 0x30
10005c26:	613a      	str	r2, [r7, #16]
10005c28:	b00b      	add	sp, #44	@ 0x2c
10005c2a:	e8bd 8ff0 	ldmia.w	sp!, {r4, r5, r6, r7, r8, r9, sl, fp, pc}
10005c2e:	6ceb      	ldr	r3, [r5, #76]	@ 0x4c
10005c30:	1a30      	subs	r0, r6, r0
10005c32:	5c1b      	ldrb	r3, [r3, r0]
10005c34:	f10d 0423 	add.w	r4, sp, #35	@ 0x23
10005c38:	f88d 3023 	strb.w	r3, [sp, #35]	@ 0x23
10005c3c:	e7ca      	b.n	10005bd4 <lfs_file_relocate+0x10c>
10005c3e:	1c83      	adds	r3, r0, #2
10005c40:	f43f af54 	beq.w	10005aec <lfs_file_relocate+0x24>
10005c44:	e7b1      	b.n	10005baa <lfs_file_relocate+0xe2>
10005c46:	f06f 0001 	mvn.w	r0, #1
10005c4a:	e7ae      	b.n	10005baa <lfs_file_relocate+0xe2>
10005c4c:	4604      	mov	r4, r0
10005c4e:	e7cf      	b.n	10005bf0 <lfs_file_relocate+0x128>
10005c50:	200012d0 	.word	0x200012d0
10005c54:	1000afa8 	.word	0x1000afa8
10005c58:	1000acac 	.word	0x1000acac
10005c5c:	1000ad58 	.word	0x1000ad58
10005c60:	20100000 	.word	0x20100000

10005c64 <lfs_file_rawwrite>:
10005c64:	e92d 4ff0 	stmdb	sp!, {r4, r5, r6, r7, r8, r9, sl, fp, lr}
10005c68:	6b03      	ldr	r3, [r0, #48]	@ 0x30
10005c6a:	4682      	mov	sl, r0
10005c6c:	035c      	lsls	r4, r3, #13
10005c6e:	4689      	mov	r9, r1
10005c70:	4616      	mov	r6, r2
10005c72:	b08d      	sub	sp, #52	@ 0x34
10005c74:	f100 8143 	bmi.w	10005efe <lfs_file_rawwrite+0x29a>
10005c78:	0518      	lsls	r0, r3, #20
10005c7a:	f8da 4034 	ldr.w	r4, [sl, #52]	@ 0x34
10005c7e:	d47c      	bmi.n	10005d7a <lfs_file_rawwrite+0x116>
10005c80:	f8df b3dc 	ldr.w	fp, [pc, #988]	@ 10006060 <lfs_file_rawwrite+0x3fc>
10005c84:	1932      	adds	r2, r6, r4
10005c86:	f8db 1070 	ldr.w	r1, [fp, #112]	@ 0x70
10005c8a:	428a      	cmp	r2, r1
10005c8c:	f200 81e5 	bhi.w	1000605a <lfs_file_rawwrite+0x3f6>
10005c90:	f413 3700 	ands.w	r7, r3, #131072	@ 0x20000
10005c94:	d116      	bne.n	10005cc4 <lfs_file_rawwrite+0x60>
10005c96:	f8da 202c 	ldr.w	r2, [sl, #44]	@ 0x2c
10005c9a:	42a2      	cmp	r2, r4
10005c9c:	d212      	bcs.n	10005cc4 <lfs_file_rawwrite+0x60>
10005c9e:	f8ca 2034 	str.w	r2, [sl, #52]	@ 0x34
10005ca2:	ad0b      	add	r5, sp, #44	@ 0x2c
10005ca4:	2201      	movs	r2, #1
10005ca6:	4629      	mov	r1, r5
10005ca8:	4650      	mov	r0, sl
10005caa:	f88d 702c 	strb.w	r7, [sp, #44]	@ 0x2c
10005cae:	f7ff ffd9 	bl	10005c64 <lfs_file_rawwrite>
10005cb2:	2800      	cmp	r0, #0
10005cb4:	db4b      	blt.n	10005d4e <lfs_file_rawwrite+0xea>
10005cb6:	f8da 3034 	ldr.w	r3, [sl, #52]	@ 0x34
10005cba:	42a3      	cmp	r3, r4
10005cbc:	d3f2      	bcc.n	10005ca4 <lfs_file_rawwrite+0x40>
10005cbe:	461c      	mov	r4, r3
10005cc0:	f8da 3030 	ldr.w	r3, [sl, #48]	@ 0x30
10005cc4:	02d9      	lsls	r1, r3, #11
10005cc6:	d460      	bmi.n	10005d8a <lfs_file_rawwrite+0x126>
10005cc8:	2e00      	cmp	r6, #0
10005cca:	d03b      	beq.n	10005d44 <lfs_file_rawwrite+0xe0>
10005ccc:	f10a 0840 	add.w	r8, sl, #64	@ 0x40
10005cd0:	4637      	mov	r7, r6
10005cd2:	4645      	mov	r5, r8
10005cd4:	039a      	lsls	r2, r3, #14
10005cd6:	d53d      	bpl.n	10005d54 <lfs_file_rawwrite+0xf0>
10005cd8:	f8db 1068 	ldr.w	r1, [fp, #104]	@ 0x68
10005cdc:	f8da 203c 	ldr.w	r2, [sl, #60]	@ 0x3c
10005ce0:	6988      	ldr	r0, [r1, #24]
10005ce2:	4282      	cmp	r2, r0
10005ce4:	f000 8115 	beq.w	10005f12 <lfs_file_rawwrite+0x2ae>
10005ce8:	f8da 1038 	ldr.w	r1, [sl, #56]	@ 0x38
10005cec:	1a80      	subs	r0, r0, r2
10005cee:	42b8      	cmp	r0, r7
10005cf0:	bf28      	it	cs
10005cf2:	4638      	movcs	r0, r7
10005cf4:	4604      	mov	r4, r0
10005cf6:	e00a      	b.n	10005d0e <lfs_file_rawwrite+0xaa>
10005cf8:	1c83      	adds	r3, r0, #2
10005cfa:	f040 80f7 	bne.w	10005eec <lfs_file_rawwrite+0x288>
10005cfe:	4650      	mov	r0, sl
10005d00:	f7ff fee2 	bl	10005ac8 <lfs_file_relocate>
10005d04:	2800      	cmp	r0, #0
10005d06:	f040 80f1 	bne.w	10005eec <lfs_file_rawwrite+0x288>
10005d0a:	e9da 120e 	ldrd	r1, r2, [sl, #56]	@ 0x38
10005d0e:	464b      	mov	r3, r9
10005d10:	4628      	mov	r0, r5
10005d12:	9400      	str	r4, [sp, #0]
10005d14:	f7fd ff5e 	bl	10003bd4 <lfs_bd_prog.constprop.1>
10005d18:	2800      	cmp	r0, #0
10005d1a:	d1ed      	bne.n	10005cf8 <lfs_file_rawwrite+0x94>
10005d1c:	f8db 3068 	ldr.w	r3, [fp, #104]	@ 0x68
10005d20:	1b3f      	subs	r7, r7, r4
10005d22:	69da      	ldr	r2, [r3, #28]
10005d24:	f8da 3034 	ldr.w	r3, [sl, #52]	@ 0x34
10005d28:	44a1      	add	r9, r4
10005d2a:	4423      	add	r3, r4
10005d2c:	f8ca 3034 	str.w	r3, [sl, #52]	@ 0x34
10005d30:	f8da 303c 	ldr.w	r3, [sl, #60]	@ 0x3c
10005d34:	4423      	add	r3, r4
10005d36:	f8ca 303c 	str.w	r3, [sl, #60]	@ 0x3c
10005d3a:	f8da 3030 	ldr.w	r3, [sl, #48]	@ 0x30
10005d3e:	f8cb 2060 	str.w	r2, [fp, #96]	@ 0x60
10005d42:	d1c7      	bne.n	10005cd4 <lfs_file_rawwrite+0x70>
10005d44:	4630      	mov	r0, r6
10005d46:	f423 2300 	bic.w	r3, r3, #524288	@ 0x80000
10005d4a:	f8ca 3030 	str.w	r3, [sl, #48]	@ 0x30
10005d4e:	b00d      	add	sp, #52	@ 0x34
10005d50:	e8bd 8ff0 	ldmia.w	sp!, {r4, r5, r6, r7, r8, r9, sl, fp, pc}
10005d54:	02d9      	lsls	r1, r3, #11
10005d56:	d543      	bpl.n	10005de0 <lfs_file_rawwrite+0x17c>
10005d58:	f8db 2068 	ldr.w	r2, [fp, #104]	@ 0x68
10005d5c:	6990      	ldr	r0, [r2, #24]
10005d5e:	f06f 0101 	mvn.w	r1, #1
10005d62:	f8da 2034 	ldr.w	r2, [sl, #52]	@ 0x34
10005d66:	f8ca 1038 	str.w	r1, [sl, #56]	@ 0x38
10005d6a:	f8ca 203c 	str.w	r2, [sl, #60]	@ 0x3c
10005d6e:	1a80      	subs	r0, r0, r2
10005d70:	f443 3300 	orr.w	r3, r3, #131072	@ 0x20000
10005d74:	f8ca 3030 	str.w	r3, [sl, #48]	@ 0x30
10005d78:	e7b9      	b.n	10005cee <lfs_file_rawwrite+0x8a>
10005d7a:	f8da 202c 	ldr.w	r2, [sl, #44]	@ 0x2c
10005d7e:	4294      	cmp	r4, r2
10005d80:	bf3c      	itt	cc
10005d82:	4614      	movcc	r4, r2
10005d84:	f8ca 2034 	strcc.w	r2, [sl, #52]	@ 0x34
10005d88:	e77a      	b.n	10005c80 <lfs_file_rawwrite+0x1c>
10005d8a:	f8db 0068 	ldr.w	r0, [fp, #104]	@ 0x68
10005d8e:	f8da 202c 	ldr.w	r2, [sl, #44]	@ 0x2c
10005d92:	1935      	adds	r5, r6, r4
10005d94:	6c41      	ldr	r1, [r0, #68]	@ 0x44
10005d96:	4295      	cmp	r5, r2
10005d98:	bf38      	it	cc
10005d9a:	4615      	movcc	r5, r2
10005d9c:	6a47      	ldr	r7, [r0, #36]	@ 0x24
10005d9e:	2900      	cmp	r1, #0
10005da0:	f040 80b5 	bne.w	10005f0e <lfs_file_rawwrite+0x2aa>
10005da4:	6982      	ldr	r2, [r0, #24]
10005da6:	08d1      	lsrs	r1, r2, #3
10005da8:	f240 32fe 	movw	r2, #1022	@ 0x3fe
10005dac:	42ba      	cmp	r2, r7
10005dae:	bf28      	it	cs
10005db0:	463a      	movcs	r2, r7
10005db2:	428a      	cmp	r2, r1
10005db4:	bf28      	it	cs
10005db6:	460a      	movcs	r2, r1
10005db8:	42aa      	cmp	r2, r5
10005dba:	d285      	bcs.n	10005cc8 <lfs_file_rawwrite+0x64>
10005dbc:	69c3      	ldr	r3, [r0, #28]
10005dbe:	f8ca 403c 	str.w	r4, [sl, #60]	@ 0x3c
10005dc2:	4650      	mov	r0, sl
10005dc4:	f8cb 3060 	str.w	r3, [fp, #96]	@ 0x60
10005dc8:	f7ff fe7e 	bl	10005ac8 <lfs_file_relocate>
10005dcc:	f8da 3030 	ldr.w	r3, [sl, #48]	@ 0x30
10005dd0:	2800      	cmp	r0, #0
10005dd2:	f040 808d 	bne.w	10005ef0 <lfs_file_rawwrite+0x28c>
10005dd6:	f423 1380 	bic.w	r3, r3, #1048576	@ 0x100000
10005dda:	f8ca 3030 	str.w	r3, [sl, #48]	@ 0x30
10005dde:	e773      	b.n	10005cc8 <lfs_file_rawwrite+0x64>
10005de0:	f8da c034 	ldr.w	ip, [sl, #52]	@ 0x34
10005de4:	f1bc 0f00 	cmp.w	ip, #0
10005de8:	f040 8099 	bne.w	10005f1e <lfs_file_rawwrite+0x2ba>
10005dec:	f8db 1068 	ldr.w	r1, [fp, #104]	@ 0x68
10005df0:	69cb      	ldr	r3, [r1, #28]
10005df2:	e9cd 9608 	strd	r9, r6, [sp, #32]
10005df6:	f8cb 3060 	str.w	r3, [fp, #96]	@ 0x60
10005dfa:	f8da 3038 	ldr.w	r3, [sl, #56]	@ 0x38
10005dfe:	f8cd c00c 	str.w	ip, [sp, #12]
10005e02:	9305      	str	r3, [sp, #20]
10005e04:	9707      	str	r7, [sp, #28]
10005e06:	9502      	str	r5, [sp, #8]
10005e08:	f8cd a010 	str.w	sl, [sp, #16]
10005e0c:	a80a      	add	r0, sp, #40	@ 0x28
10005e0e:	f7ff fb29 	bl	10005464 <lfs_alloc>
10005e12:	2800      	cmp	r0, #0
10005e14:	d168      	bne.n	10005ee8 <lfs_file_rawwrite+0x284>
10005e16:	9e0a      	ldr	r6, [sp, #40]	@ 0x28
10005e18:	f8db 3068 	ldr.w	r3, [fp, #104]	@ 0x68
10005e1c:	4630      	mov	r0, r6
10005e1e:	68db      	ldr	r3, [r3, #12]
10005e20:	4798      	blx	r3
10005e22:	2800      	cmp	r0, #0
10005e24:	d150      	bne.n	10005ec8 <lfs_file_rawwrite+0x264>
10005e26:	9b03      	ldr	r3, [sp, #12]
10005e28:	2b00      	cmp	r3, #0
10005e2a:	f000 8106 	beq.w	1000603a <lfs_file_rawwrite+0x3d6>
10005e2e:	f8db 2068 	ldr.w	r2, [fp, #104]	@ 0x68
10005e32:	1e5c      	subs	r4, r3, #1
10005e34:	6995      	ldr	r5, [r2, #24]
10005e36:	f1a5 0a08 	sub.w	sl, r5, #8
10005e3a:	4554      	cmp	r4, sl
10005e3c:	f0c0 808d 	bcc.w	10005f5a <lfs_file_rawwrite+0x2f6>
10005e40:	fbb4 f0fa 	udiv	r0, r4, sl
10005e44:	3801      	subs	r0, #1
10005e46:	9206      	str	r2, [sp, #24]
10005e48:	f004 fdde 	bl	1000aa08 <____popcountsi2_veneer>
10005e4c:	3002      	adds	r0, #2
10005e4e:	eba4 0480 	sub.w	r4, r4, r0, lsl #2
10005e52:	fbb4 f4fa 	udiv	r4, r4, sl
10005e56:	4620      	mov	r0, r4
10005e58:	f004 fdd6 	bl	1000aa08 <____popcountsi2_veneer>
10005e5c:	9b03      	ldr	r3, [sp, #12]
10005e5e:	9a06      	ldr	r2, [sp, #24]
10005e60:	eba3 0c80 	sub.w	ip, r3, r0, lsl #2
10005e64:	fb04 ca1a 	mls	sl, r4, sl, ip
10005e68:	45aa      	cmp	sl, r5
10005e6a:	d07a      	beq.n	10005f62 <lfs_file_rawwrite+0x2fe>
10005e6c:	f1ba 0f00 	cmp.w	sl, #0
10005e70:	f000 80d9 	beq.w	10006026 <lfs_file_rawwrite+0x3c2>
10005e74:	2500      	movs	r5, #0
10005e76:	f04f 0901 	mov.w	r9, #1
10005e7a:	9f05      	ldr	r7, [sp, #20]
10005e7c:	ac0b      	add	r4, sp, #44	@ 0x2c
10005e7e:	e005      	b.n	10005e8c <lfs_file_rawwrite+0x228>
10005e80:	45c2      	cmp	sl, r8
10005e82:	f240 80a6 	bls.w	10005fd2 <lfs_file_rawwrite+0x36e>
10005e86:	4645      	mov	r5, r8
10005e88:	f8db 2068 	ldr.w	r2, [fp, #104]	@ 0x68
10005e8c:	69d0      	ldr	r0, [r2, #28]
10005e8e:	f105 0801 	add.w	r8, r5, #1
10005e92:	4287      	cmp	r7, r0
10005e94:	ebaa 0105 	sub.w	r1, sl, r5
10005e98:	f080 80ac 	bcs.w	10005ff4 <lfs_file_rawwrite+0x390>
10005e9c:	6992      	ldr	r2, [r2, #24]
10005e9e:	4590      	cmp	r8, r2
10005ea0:	f200 80a8 	bhi.w	10005ff4 <lfs_file_rawwrite+0x390>
10005ea4:	462b      	mov	r3, r5
10005ea6:	463a      	mov	r2, r7
10005ea8:	e9cd 4900 	strd	r4, r9, [sp]
10005eac:	486c      	ldr	r0, [pc, #432]	@ (10006060 <lfs_file_rawwrite+0x3fc>)
10005eae:	f7fd fb99 	bl	100035e4 <lfs_bd_read.part.0.constprop.0>
10005eb2:	b9c8      	cbnz	r0, 10005ee8 <lfs_file_rawwrite+0x284>
10005eb4:	462a      	mov	r2, r5
10005eb6:	4623      	mov	r3, r4
10005eb8:	4631      	mov	r1, r6
10005eba:	9802      	ldr	r0, [sp, #8]
10005ebc:	f8cd 9000 	str.w	r9, [sp]
10005ec0:	f7fd fe88 	bl	10003bd4 <lfs_bd_prog.constprop.1>
10005ec4:	2800      	cmp	r0, #0
10005ec6:	d0db      	beq.n	10005e80 <lfs_file_rawwrite+0x21c>
10005ec8:	1c82      	adds	r2, r0, #2
10005eca:	d10d      	bne.n	10005ee8 <lfs_file_rawwrite+0x284>
10005ecc:	4a65      	ldr	r2, [pc, #404]	@ (10006064 <lfs_file_rawwrite+0x400>)
10005ece:	4633      	mov	r3, r6
10005ed0:	9200      	str	r2, [sp, #0]
10005ed2:	4965      	ldr	r1, [pc, #404]	@ (10006068 <lfs_file_rawwrite+0x404>)
10005ed4:	f640 02db 	movw	r2, #2267	@ 0x8db
10005ed8:	4864      	ldr	r0, [pc, #400]	@ (1000606c <lfs_file_rawwrite+0x408>)
10005eda:	f7fd f9b3 	bl	10003244 <__wrap_printf>
10005ede:	f04f 33ff 	mov.w	r3, #4294967295	@ 0xffffffff
10005ee2:	9a04      	ldr	r2, [sp, #16]
10005ee4:	6413      	str	r3, [r2, #64]	@ 0x40
10005ee6:	e791      	b.n	10005e0c <lfs_file_rawwrite+0x1a8>
10005ee8:	f8dd a010 	ldr.w	sl, [sp, #16]
10005eec:	f8da 3030 	ldr.w	r3, [sl, #48]	@ 0x30
10005ef0:	f443 2300 	orr.w	r3, r3, #524288	@ 0x80000
10005ef4:	f8ca 3030 	str.w	r3, [sl, #48]	@ 0x30
10005ef8:	b00d      	add	sp, #52	@ 0x34
10005efa:	e8bd 8ff0 	ldmia.w	sp!, {r4, r5, r6, r7, r8, r9, sl, fp, pc}
10005efe:	f000 f8b7 	bl	10006070 <lfs_file_flush>
10005f02:	2800      	cmp	r0, #0
10005f04:	f47f af23 	bne.w	10005d4e <lfs_file_rawwrite+0xea>
10005f08:	f8da 3030 	ldr.w	r3, [sl, #48]	@ 0x30
10005f0c:	e6b4      	b.n	10005c78 <lfs_file_rawwrite+0x14>
10005f0e:	08c9      	lsrs	r1, r1, #3
10005f10:	e74a      	b.n	10005da8 <lfs_file_rawwrite+0x144>
10005f12:	02dc      	lsls	r4, r3, #11
10005f14:	f53f af23 	bmi.w	10005d5e <lfs_file_rawwrite+0xfa>
10005f18:	f8da c034 	ldr.w	ip, [sl, #52]	@ 0x34
10005f1c:	e768      	b.n	10005df0 <lfs_file_rawwrite+0x18c>
10005f1e:	f10a 023c 	add.w	r2, sl, #60	@ 0x3c
10005f22:	9201      	str	r2, [sp, #4]
10005f24:	f10a 0238 	add.w	r2, sl, #56	@ 0x38
10005f28:	9200      	str	r2, [sp, #0]
10005f2a:	4628      	mov	r0, r5
10005f2c:	e9da 120a 	ldrd	r1, r2, [sl, #40]	@ 0x28
10005f30:	f10c 33ff 	add.w	r3, ip, #4294967295	@ 0xffffffff
10005f34:	f7fd fd5c 	bl	100039f0 <lfs_ctz_find.constprop.0>
10005f38:	2800      	cmp	r0, #0
10005f3a:	d1d7      	bne.n	10005eec <lfs_file_rawwrite+0x288>
10005f3c:	f8db 3068 	ldr.w	r3, [fp, #104]	@ 0x68
10005f40:	21ff      	movs	r1, #255	@ 0xff
10005f42:	6a5a      	ldr	r2, [r3, #36]	@ 0x24
10005f44:	f8da 004c 	ldr.w	r0, [sl, #76]	@ 0x4c
10005f48:	f004 fac6 	bl	1000a4d8 <memset>
10005f4c:	f04f 33ff 	mov.w	r3, #4294967295	@ 0xffffffff
10005f50:	f8da c034 	ldr.w	ip, [sl, #52]	@ 0x34
10005f54:	f8ca 3040 	str.w	r3, [sl, #64]	@ 0x40
10005f58:	e748      	b.n	10005dec <lfs_file_rawwrite+0x188>
10005f5a:	429d      	cmp	r5, r3
10005f5c:	d060      	beq.n	10006020 <lfs_file_rawwrite+0x3bc>
10005f5e:	469a      	mov	sl, r3
10005f60:	e788      	b.n	10005e74 <lfs_file_rawwrite+0x210>
10005f62:	1c63      	adds	r3, r4, #1
10005f64:	fa93 faa3 	rbit	sl, r3
10005f68:	faba fa8a 	clz	sl, sl
10005f6c:	f10a 0501 	add.w	r5, sl, #1
10005f70:	9b05      	ldr	r3, [sp, #20]
10005f72:	f10d 082c 	add.w	r8, sp, #44	@ 0x2c
10005f76:	2400      	movs	r4, #0
10005f78:	f04f 0904 	mov.w	r9, #4
10005f7c:	4647      	mov	r7, r8
10005f7e:	930b      	str	r3, [sp, #44]	@ 0x2c
10005f80:	e017      	b.n	10005fb2 <lfs_file_rawwrite+0x34e>
10005f82:	4554      	cmp	r4, sl
10005f84:	f104 0401 	add.w	r4, r4, #1
10005f88:	d011      	beq.n	10005fae <lfs_file_rawwrite+0x34a>
10005f8a:	f8db 2068 	ldr.w	r2, [fp, #104]	@ 0x68
10005f8e:	69d0      	ldr	r0, [r2, #28]
10005f90:	4281      	cmp	r1, r0
10005f92:	d22f      	bcs.n	10005ff4 <lfs_file_rawwrite+0x390>
10005f94:	6990      	ldr	r0, [r2, #24]
10005f96:	4298      	cmp	r0, r3
10005f98:	d32c      	bcc.n	10005ff4 <lfs_file_rawwrite+0x390>
10005f9a:	460a      	mov	r2, r1
10005f9c:	4643      	mov	r3, r8
10005f9e:	2104      	movs	r1, #4
10005fa0:	e9cd 7900 	strd	r7, r9, [sp]
10005fa4:	482e      	ldr	r0, [pc, #184]	@ (10006060 <lfs_file_rawwrite+0x3fc>)
10005fa6:	f7fd fb1d 	bl	100035e4 <lfs_bd_read.part.0.constprop.0>
10005faa:	2800      	cmp	r0, #0
10005fac:	d19c      	bne.n	10005ee8 <lfs_file_rawwrite+0x284>
10005fae:	42ac      	cmp	r4, r5
10005fb0:	d025      	beq.n	10005ffe <lfs_file_rawwrite+0x39a>
10005fb2:	ea4f 0884 	mov.w	r8, r4, lsl #2
10005fb6:	463b      	mov	r3, r7
10005fb8:	4631      	mov	r1, r6
10005fba:	4642      	mov	r2, r8
10005fbc:	9802      	ldr	r0, [sp, #8]
10005fbe:	f8cd 9000 	str.w	r9, [sp]
10005fc2:	f7fd fe07 	bl	10003bd4 <lfs_bd_prog.constprop.1>
10005fc6:	990b      	ldr	r1, [sp, #44]	@ 0x2c
10005fc8:	f108 0304 	add.w	r3, r8, #4
10005fcc:	2800      	cmp	r0, #0
10005fce:	d0d8      	beq.n	10005f82 <lfs_file_rawwrite+0x31e>
10005fd0:	e77a      	b.n	10005ec8 <lfs_file_rawwrite+0x264>
10005fd2:	4652      	mov	r2, sl
10005fd4:	9f07      	ldr	r7, [sp, #28]
10005fd6:	9d02      	ldr	r5, [sp, #8]
10005fd8:	f8dd a010 	ldr.w	sl, [sp, #16]
10005fdc:	f8db 3068 	ldr.w	r3, [fp, #104]	@ 0x68
10005fe0:	4631      	mov	r1, r6
10005fe2:	e9dd 9608 	ldrd	r9, r6, [sp, #32]
10005fe6:	e9ca 120e 	strd	r1, r2, [sl, #56]	@ 0x38
10005fea:	6998      	ldr	r0, [r3, #24]
10005fec:	f8da 3030 	ldr.w	r3, [sl, #48]	@ 0x30
10005ff0:	1a80      	subs	r0, r0, r2
10005ff2:	e6bd      	b.n	10005d70 <lfs_file_rawwrite+0x10c>
10005ff4:	f06f 0001 	mvn.w	r0, #1
10005ff8:	f8dd a010 	ldr.w	sl, [sp, #16]
10005ffc:	e776      	b.n	10005eec <lfs_file_rawwrite+0x288>
10005ffe:	4631      	mov	r1, r6
10006000:	e9dd 9608 	ldrd	r9, r6, [sp, #32]
10006004:	f8dd a010 	ldr.w	sl, [sp, #16]
10006008:	00a2      	lsls	r2, r4, #2
1000600a:	e9ca 120e 	strd	r1, r2, [sl, #56]	@ 0x38
1000600e:	f8db 3068 	ldr.w	r3, [fp, #104]	@ 0x68
10006012:	9f07      	ldr	r7, [sp, #28]
10006014:	6998      	ldr	r0, [r3, #24]
10006016:	9d02      	ldr	r5, [sp, #8]
10006018:	f8da 3030 	ldr.w	r3, [sl, #48]	@ 0x30
1000601c:	1a80      	subs	r0, r0, r2
1000601e:	e6a7      	b.n	10005d70 <lfs_file_rawwrite+0x10c>
10006020:	4682      	mov	sl, r0
10006022:	2501      	movs	r5, #1
10006024:	e7a4      	b.n	10005f70 <lfs_file_rawwrite+0x30c>
10006026:	4613      	mov	r3, r2
10006028:	4631      	mov	r1, r6
1000602a:	e9dd 9608 	ldrd	r9, r6, [sp, #32]
1000602e:	4652      	mov	r2, sl
10006030:	9f07      	ldr	r7, [sp, #28]
10006032:	9d02      	ldr	r5, [sp, #8]
10006034:	f8dd a010 	ldr.w	sl, [sp, #16]
10006038:	e7d5      	b.n	10005fe6 <lfs_file_rawwrite+0x382>
1000603a:	4631      	mov	r1, r6
1000603c:	e9dd 9608 	ldrd	r9, r6, [sp, #32]
10006040:	f8dd a010 	ldr.w	sl, [sp, #16]
10006044:	461a      	mov	r2, r3
10006046:	e9ca 130e 	strd	r1, r3, [sl, #56]	@ 0x38
1000604a:	f8db 3068 	ldr.w	r3, [fp, #104]	@ 0x68
1000604e:	9f07      	ldr	r7, [sp, #28]
10006050:	6998      	ldr	r0, [r3, #24]
10006052:	9d02      	ldr	r5, [sp, #8]
10006054:	f8da 3030 	ldr.w	r3, [sl, #48]	@ 0x30
10006058:	e68a      	b.n	10005d70 <lfs_file_rawwrite+0x10c>
1000605a:	f06f 0008 	mvn.w	r0, #8
1000605e:	e676      	b.n	10005d4e <lfs_file_rawwrite+0xea>
10006060:	200012d0 	.word	0x200012d0
10006064:	1000afa8 	.word	0x1000afa8
10006068:	1000acac 	.word	0x1000acac
1000606c:	1000ad58 	.word	0x1000ad58

10006070 <lfs_file_flush>:
10006070:	e92d 43f0 	stmdb	sp!, {r4, r5, r6, r7, r8, r9, lr}
10006074:	6b03      	ldr	r3, [r0, #48]	@ 0x30
10006076:	4604      	mov	r4, r0
10006078:	0358      	lsls	r0, r3, #13
1000607a:	b09b      	sub	sp, #108	@ 0x6c
1000607c:	d508      	bpl.n	10006090 <lfs_file_flush+0x20>
1000607e:	02d9      	lsls	r1, r3, #11
10006080:	bf58      	it	pl
10006082:	f04f 32ff 	movpl.w	r2, #4294967295	@ 0xffffffff
10006086:	f423 2380 	bic.w	r3, r3, #262144	@ 0x40000
1000608a:	bf58      	it	pl
1000608c:	6422      	strpl	r2, [r4, #64]	@ 0x40
1000608e:	6323      	str	r3, [r4, #48]	@ 0x30
10006090:	039a      	lsls	r2, r3, #14
10006092:	d403      	bmi.n	1000609c <lfs_file_flush+0x2c>
10006094:	2000      	movs	r0, #0
10006096:	b01b      	add	sp, #108	@ 0x6c
10006098:	e8bd 83f0 	ldmia.w	sp!, {r4, r5, r6, r7, r8, r9, pc}
1000609c:	f413 1180 	ands.w	r1, r3, #1048576	@ 0x100000
100060a0:	6b65      	ldr	r5, [r4, #52]	@ 0x34
100060a2:	d152      	bne.n	1000614a <lfs_file_flush+0xda>
100060a4:	2254      	movs	r2, #84	@ 0x54
100060a6:	a804      	add	r0, sp, #16
100060a8:	f004 fa16 	bl	1000a4d8 <memset>
100060ac:	6aa3      	ldr	r3, [r4, #40]	@ 0x28
100060ae:	f04f 37ff 	mov.w	r7, #4294967295	@ 0xffffffff
100060b2:	930e      	str	r3, [sp, #56]	@ 0x38
100060b4:	2301      	movs	r3, #1
100060b6:	f8d4 e02c 	ldr.w	lr, [r4, #44]	@ 0x2c
100060ba:	4e2c      	ldr	r6, [pc, #176]	@ (1000616c <lfs_file_flush+0xfc>)
100060bc:	f10d 0c50 	add.w	ip, sp, #80	@ 0x50
100060c0:	4575      	cmp	r5, lr
100060c2:	9310      	str	r3, [sp, #64]	@ 0x40
100060c4:	f8cd e03c 	str.w	lr, [sp, #60]	@ 0x3c
100060c8:	e896 000f 	ldmia.w	r6, {r0, r1, r2, r3}
100060cc:	9511      	str	r5, [sp, #68]	@ 0x44
100060ce:	e88c 000f 	stmia.w	ip, {r0, r1, r2, r3}
100060d2:	6037      	str	r7, [r6, #0]
100060d4:	d218      	bcs.n	10006108 <lfs_file_flush+0x98>
100060d6:	2201      	movs	r2, #1
100060d8:	f10d 010f 	add.w	r1, sp, #15
100060dc:	a804      	add	r0, sp, #16
100060de:	f000 f84d 	bl	1000617c <lfs_file_rawread>
100060e2:	2800      	cmp	r0, #0
100060e4:	dbd7      	blt.n	10006096 <lfs_file_flush+0x26>
100060e6:	2201      	movs	r2, #1
100060e8:	4620      	mov	r0, r4
100060ea:	f10d 010f 	add.w	r1, sp, #15
100060ee:	f7ff fdb9 	bl	10005c64 <lfs_file_rawwrite>
100060f2:	2800      	cmp	r0, #0
100060f4:	dbcf      	blt.n	10006096 <lfs_file_flush+0x26>
100060f6:	6833      	ldr	r3, [r6, #0]
100060f8:	6b62      	ldr	r2, [r4, #52]	@ 0x34
100060fa:	3301      	adds	r3, #1
100060fc:	6ae3      	ldr	r3, [r4, #44]	@ 0x2c
100060fe:	d032      	beq.n	10006166 <lfs_file_flush+0xf6>
10006100:	429a      	cmp	r2, r3
10006102:	9714      	str	r7, [sp, #80]	@ 0x50
10006104:	6037      	str	r7, [r6, #0]
10006106:	d3e6      	bcc.n	100060d6 <lfs_file_flush+0x66>
10006108:	f8df 9068 	ldr.w	r9, [pc, #104]	@ 10006174 <lfs_file_flush+0x104>
1000610c:	f8df 8068 	ldr.w	r8, [pc, #104]	@ 10006178 <lfs_file_flush+0x108>
10006110:	4f17      	ldr	r7, [pc, #92]	@ (10006170 <lfs_file_flush+0x100>)
10006112:	f104 0640 	add.w	r6, r4, #64	@ 0x40
10006116:	e00f      	b.n	10006138 <lfs_file_flush+0xc8>
10006118:	1c83      	adds	r3, r0, #2
1000611a:	d1bc      	bne.n	10006096 <lfs_file_flush+0x26>
1000611c:	6ba3      	ldr	r3, [r4, #56]	@ 0x38
1000611e:	f640 224e 	movw	r2, #2638	@ 0xa4e
10006122:	4641      	mov	r1, r8
10006124:	4638      	mov	r0, r7
10006126:	f8cd 9000 	str.w	r9, [sp]
1000612a:	f7fd f88b 	bl	10003244 <__wrap_printf>
1000612e:	4620      	mov	r0, r4
10006130:	f7ff fcca 	bl	10005ac8 <lfs_file_relocate>
10006134:	2800      	cmp	r0, #0
10006136:	d1ae      	bne.n	10006096 <lfs_file_flush+0x26>
10006138:	2101      	movs	r1, #1
1000613a:	4630      	mov	r0, r6
1000613c:	f7fd fcd8 	bl	10003af0 <lfs_bd_flush.constprop.0>
10006140:	2800      	cmp	r0, #0
10006142:	d1e9      	bne.n	10006118 <lfs_file_flush+0xa8>
10006144:	e9d4 320c 	ldrd	r3, r2, [r4, #48]	@ 0x30
10006148:	e003      	b.n	10006152 <lfs_file_flush+0xe2>
1000614a:	6ae2      	ldr	r2, [r4, #44]	@ 0x2c
1000614c:	42aa      	cmp	r2, r5
1000614e:	bf38      	it	cc
10006150:	462a      	movcc	r2, r5
10006152:	6ba1      	ldr	r1, [r4, #56]	@ 0x38
10006154:	f423 3300 	bic.w	r3, r3, #131072	@ 0x20000
10006158:	f443 3380 	orr.w	r3, r3, #65536	@ 0x10000
1000615c:	e9c4 120a 	strd	r1, r2, [r4, #40]	@ 0x28
10006160:	e9c4 350c 	strd	r3, r5, [r4, #48]	@ 0x30
10006164:	e796      	b.n	10006094 <lfs_file_flush+0x24>
10006166:	429a      	cmp	r2, r3
10006168:	d3b5      	bcc.n	100060d6 <lfs_file_flush+0x66>
1000616a:	e7cd      	b.n	10006108 <lfs_file_flush+0x98>
1000616c:	200012d0 	.word	0x200012d0
10006170:	1000ad58 	.word	0x1000ad58
10006174:	1000afa8 	.word	0x1000afa8
10006178:	1000acac 	.word	0x1000acac

1000617c <lfs_file_rawread>:
1000617c:	e92d 4ff0 	stmdb	sp!, {r4, r5, r6, r7, r8, r9, sl, fp, lr}
10006180:	6b03      	ldr	r3, [r0, #48]	@ 0x30
10006182:	b08b      	sub	sp, #44	@ 0x2c
10006184:	9103      	str	r1, [sp, #12]
10006186:	0399      	lsls	r1, r3, #14
10006188:	4681      	mov	r9, r0
1000618a:	4614      	mov	r4, r2
1000618c:	f100 814c 	bmi.w	10006428 <lfs_file_rawread+0x2ac>
10006190:	f8d9 8034 	ldr.w	r8, [r9, #52]	@ 0x34
10006194:	f8d9 302c 	ldr.w	r3, [r9, #44]	@ 0x2c
10006198:	4598      	cmp	r8, r3
1000619a:	f080 8151 	bcs.w	10006440 <lfs_file_rawread+0x2c4>
1000619e:	eba3 0308 	sub.w	r3, r3, r8
100061a2:	42a3      	cmp	r3, r4
100061a4:	bf28      	it	cs
100061a6:	4623      	movcs	r3, r4
100061a8:	461e      	mov	r6, r3
100061aa:	2b00      	cmp	r3, #0
100061ac:	f000 8097 	beq.w	100062de <lfs_file_rawread+0x162>
100061b0:	469b      	mov	fp, r3
100061b2:	4ca6      	ldr	r4, [pc, #664]	@ (1000644c <lfs_file_rawread+0x2d0>)
100061b4:	9307      	str	r3, [sp, #28]
100061b6:	f8d9 5030 	ldr.w	r5, [r9, #48]	@ 0x30
100061ba:	6ea1      	ldr	r1, [r4, #104]	@ 0x68
100061bc:	036a      	lsls	r2, r5, #13
100061be:	d551      	bpl.n	10006264 <lfs_file_rawread+0xe8>
100061c0:	f8d9 603c 	ldr.w	r6, [r9, #60]	@ 0x3c
100061c4:	f8d1 a018 	ldr.w	sl, [r1, #24]
100061c8:	4556      	cmp	r6, sl
100061ca:	d04b      	beq.n	10006264 <lfs_file_rawread+0xe8>
100061cc:	ebaa 0706 	sub.w	r7, sl, r6
100061d0:	455f      	cmp	r7, fp
100061d2:	bf28      	it	cs
100061d4:	465f      	movcs	r7, fp
100061d6:	02eb      	lsls	r3, r5, #11
100061d8:	d559      	bpl.n	1000628e <lfs_file_rawread+0x112>
100061da:	f109 0208 	add.w	r2, r9, #8
100061de:	f8b9 8004 	ldrh.w	r8, [r9, #4]
100061e2:	19bb      	adds	r3, r7, r6
100061e4:	9202      	str	r2, [sp, #8]
100061e6:	4a9a      	ldr	r2, [pc, #616]	@ (10006450 <lfs_file_rawread+0x2d4>)
100061e8:	4553      	cmp	r3, sl
100061ea:	ea42 2888 	orr.w	r8, r2, r8, lsl #10
100061ee:	f200 8116 	bhi.w	1000641e <lfs_file_rawread+0x2a2>
100061f2:	2f00      	cmp	r7, #0
100061f4:	f000 810e 	beq.w	10006414 <lfs_file_rawread+0x298>
100061f8:	9b03      	ldr	r3, [sp, #12]
100061fa:	9706      	str	r7, [sp, #24]
100061fc:	e9cd 7304 	strd	r7, r3, [sp, #16]
10006200:	f8d9 3040 	ldr.w	r3, [r9, #64]	@ 0x40
10006204:	3302      	adds	r3, #2
10006206:	d106      	bne.n	10006216 <lfs_file_rawread+0x9a>
10006208:	e9d9 2311 	ldrd	r2, r3, [r9, #68]	@ 0x44
1000620c:	4413      	add	r3, r2
1000620e:	429e      	cmp	r6, r3
10006210:	d201      	bcs.n	10006216 <lfs_file_rawread+0x9a>
10006212:	4296      	cmp	r6, r2
10006214:	d267      	bcs.n	100062e6 <lfs_file_rawread+0x16a>
10006216:	6ea3      	ldr	r3, [r4, #104]	@ 0x68
10006218:	f06f 0201 	mvn.w	r2, #1
1000621c:	691f      	ldr	r7, [r3, #16]
1000621e:	f8c9 2040 	str.w	r2, [r9, #64]	@ 0x40
10006222:	1e7d      	subs	r5, r7, #1
10006224:	4455      	add	r5, sl
10006226:	4435      	add	r5, r6
10006228:	fbb5 fcf7 	udiv	ip, r5, r7
1000622c:	fb07 5c1c 	mls	ip, r7, ip, r5
10006230:	fbb6 f2f7 	udiv	r2, r6, r7
10006234:	f8d3 e024 	ldr.w	lr, [r3, #36]	@ 0x24
10006238:	eba5 050c 	sub.w	r5, r5, ip
1000623c:	4575      	cmp	r5, lr
1000623e:	bf28      	it	cs
10006240:	4675      	movcs	r5, lr
10006242:	fb07 6212 	mls	r2, r7, r2, r6
10006246:	1ab2      	subs	r2, r6, r2
10006248:	e9c9 2511 	strd	r2, r5, [r9, #68]	@ 0x44
1000624c:	f8d9 304c 	ldr.w	r3, [r9, #76]	@ 0x4c
10006250:	4641      	mov	r1, r8
10006252:	9802      	ldr	r0, [sp, #8]
10006254:	9500      	str	r5, [sp, #0]
10006256:	f7ff f843 	bl	100052e0 <lfs_dir_getslice.constprop.2>
1000625a:	2800      	cmp	r0, #0
1000625c:	dad0      	bge.n	10006200 <lfs_file_rawread+0x84>
1000625e:	b00b      	add	sp, #44	@ 0x2c
10006260:	e8bd 8ff0 	ldmia.w	sp!, {r4, r5, r6, r7, r8, r9, sl, fp, pc}
10006264:	f415 1a80 	ands.w	sl, r5, #1048576	@ 0x100000
10006268:	d057      	beq.n	1000631a <lfs_file_rawread+0x19e>
1000626a:	f06f 0301 	mvn.w	r3, #1
1000626e:	4646      	mov	r6, r8
10006270:	e9c9 380e 	strd	r3, r8, [r9, #56]	@ 0x38
10006274:	f8d1 a018 	ldr.w	sl, [r1, #24]
10006278:	f445 2580 	orr.w	r5, r5, #262144	@ 0x40000
1000627c:	ebaa 0706 	sub.w	r7, sl, r6
10006280:	455f      	cmp	r7, fp
10006282:	bf28      	it	cs
10006284:	465f      	movcs	r7, fp
10006286:	02eb      	lsls	r3, r5, #11
10006288:	f8c9 5030 	str.w	r5, [r9, #48]	@ 0x30
1000628c:	d4a5      	bmi.n	100061da <lfs_file_rawread+0x5e>
1000628e:	69cb      	ldr	r3, [r1, #28]
10006290:	f8d9 2038 	ldr.w	r2, [r9, #56]	@ 0x38
10006294:	f109 0040 	add.w	r0, r9, #64	@ 0x40
10006298:	429a      	cmp	r2, r3
1000629a:	f080 80c0 	bcs.w	1000641e <lfs_file_rawread+0x2a2>
1000629e:	19bb      	adds	r3, r7, r6
100062a0:	4553      	cmp	r3, sl
100062a2:	f200 80bc 	bhi.w	1000641e <lfs_file_rawread+0x2a2>
100062a6:	9d03      	ldr	r5, [sp, #12]
100062a8:	4633      	mov	r3, r6
100062aa:	4651      	mov	r1, sl
100062ac:	9701      	str	r7, [sp, #4]
100062ae:	9500      	str	r5, [sp, #0]
100062b0:	f7fd f998 	bl	100035e4 <lfs_bd_read.part.0.constprop.0>
100062b4:	2800      	cmp	r0, #0
100062b6:	d1d2      	bne.n	1000625e <lfs_file_rawread+0xe2>
100062b8:	f8d9 303c 	ldr.w	r3, [r9, #60]	@ 0x3c
100062bc:	443b      	add	r3, r7
100062be:	f8d9 2034 	ldr.w	r2, [r9, #52]	@ 0x34
100062c2:	f8c9 303c 	str.w	r3, [r9, #60]	@ 0x3c
100062c6:	9b03      	ldr	r3, [sp, #12]
100062c8:	eb07 0802 	add.w	r8, r7, r2
100062cc:	443b      	add	r3, r7
100062ce:	ebbb 0b07 	subs.w	fp, fp, r7
100062d2:	f8c9 8034 	str.w	r8, [r9, #52]	@ 0x34
100062d6:	9303      	str	r3, [sp, #12]
100062d8:	f47f af6d 	bne.w	100061b6 <lfs_file_rawread+0x3a>
100062dc:	9e07      	ldr	r6, [sp, #28]
100062de:	4630      	mov	r0, r6
100062e0:	b00b      	add	sp, #44	@ 0x2c
100062e2:	e8bd 8ff0 	ldmia.w	sp!, {r4, r5, r6, r7, r8, r9, sl, fp, pc}
100062e6:	9f04      	ldr	r7, [sp, #16]
100062e8:	1b9d      	subs	r5, r3, r6
100062ea:	42bd      	cmp	r5, r7
100062ec:	bf28      	it	cs
100062ee:	463d      	movcs	r5, r7
100062f0:	9b05      	ldr	r3, [sp, #20]
100062f2:	f8d9 104c 	ldr.w	r1, [r9, #76]	@ 0x4c
100062f6:	1ab2      	subs	r2, r6, r2
100062f8:	4618      	mov	r0, r3
100062fa:	4411      	add	r1, r2
100062fc:	442b      	add	r3, r5
100062fe:	462a      	mov	r2, r5
10006300:	9305      	str	r3, [sp, #20]
10006302:	f004 f873 	bl	1000a3ec <memcpy>
10006306:	1b7b      	subs	r3, r7, r5
10006308:	442e      	add	r6, r5
1000630a:	9304      	str	r3, [sp, #16]
1000630c:	f47f af78 	bne.w	10006200 <lfs_file_rawread+0x84>
10006310:	9f06      	ldr	r7, [sp, #24]
10006312:	f8d9 303c 	ldr.w	r3, [r9, #60]	@ 0x3c
10006316:	443b      	add	r3, r7
10006318:	e7d1      	b.n	100062be <lfs_file_rawread+0x142>
1000631a:	f8d9 2028 	ldr.w	r2, [r9, #40]	@ 0x28
1000631e:	f8d9 602c 	ldr.w	r6, [r9, #44]	@ 0x2c
10006322:	9209      	str	r2, [sp, #36]	@ 0x24
10006324:	b936      	cbnz	r6, 10006334 <lfs_file_rawread+0x1b8>
10006326:	f04f 33ff 	mov.w	r3, #4294967295	@ 0xffffffff
1000632a:	f8c9 603c 	str.w	r6, [r9, #60]	@ 0x3c
1000632e:	f8c9 3038 	str.w	r3, [r9, #56]	@ 0x38
10006332:	e79f      	b.n	10006274 <lfs_file_rawread+0xf8>
10006334:	698b      	ldr	r3, [r1, #24]
10006336:	1e77      	subs	r7, r6, #1
10006338:	f1a3 0608 	sub.w	r6, r3, #8
1000633c:	42b7      	cmp	r7, r6
1000633e:	d363      	bcc.n	10006408 <lfs_file_rawread+0x28c>
10006340:	fbb7 f0f6 	udiv	r0, r7, r6
10006344:	3801      	subs	r0, #1
10006346:	9104      	str	r1, [sp, #16]
10006348:	9202      	str	r2, [sp, #8]
1000634a:	f004 fb5d 	bl	1000aa08 <____popcountsi2_veneer>
1000634e:	1c83      	adds	r3, r0, #2
10006350:	eba7 0783 	sub.w	r7, r7, r3, lsl #2
10006354:	4546      	cmp	r6, r8
10006356:	fbb7 f7f6 	udiv	r7, r7, r6
1000635a:	9a02      	ldr	r2, [sp, #8]
1000635c:	9904      	ldr	r1, [sp, #16]
1000635e:	d851      	bhi.n	10006404 <lfs_file_rawread+0x288>
10006360:	fbb8 f0f6 	udiv	r0, r8, r6
10006364:	3801      	subs	r0, #1
10006366:	9104      	str	r1, [sp, #16]
10006368:	9202      	str	r2, [sp, #8]
1000636a:	f004 fb4d 	bl	1000aa08 <____popcountsi2_veneer>
1000636e:	f100 0a02 	add.w	sl, r0, #2
10006372:	eba8 0a8a 	sub.w	sl, r8, sl, lsl #2
10006376:	fbba faf6 	udiv	sl, sl, r6
1000637a:	4650      	mov	r0, sl
1000637c:	f004 fb44 	bl	1000aa08 <____popcountsi2_veneer>
10006380:	eba8 0380 	sub.w	r3, r8, r0, lsl #2
10006384:	fb06 361a 	mls	r6, r6, sl, r3
10006388:	9a02      	ldr	r2, [sp, #8]
1000638a:	9904      	ldr	r1, [sp, #16]
1000638c:	4557      	cmp	r7, sl
1000638e:	d936      	bls.n	100063fe <lfs_file_rawread+0x282>
10006390:	f109 0340 	add.w	r3, r9, #64	@ 0x40
10006394:	f8cd b008 	str.w	fp, [sp, #8]
10006398:	f04f 0801 	mov.w	r8, #1
1000639c:	469b      	mov	fp, r3
1000639e:	9604      	str	r6, [sp, #16]
100063a0:	e001      	b.n	100063a6 <lfs_file_rawread+0x22a>
100063a2:	9a09      	ldr	r2, [sp, #36]	@ 0x24
100063a4:	6ea1      	ldr	r1, [r4, #104]	@ 0x68
100063a6:	fa97 f3a7 	rbit	r3, r7
100063aa:	eba7 050a 	sub.w	r5, r7, sl
100063ae:	fab5 f585 	clz	r5, r5
100063b2:	fab3 f383 	clz	r3, r3
100063b6:	f1c5 051f 	rsb	r5, r5, #31
100063ba:	429d      	cmp	r5, r3
100063bc:	bf28      	it	cs
100063be:	461d      	movcs	r5, r3
100063c0:	69c8      	ldr	r0, [r1, #28]
100063c2:	00ab      	lsls	r3, r5, #2
100063c4:	4290      	cmp	r0, r2
100063c6:	f103 0c04 	add.w	ip, r3, #4
100063ca:	d928      	bls.n	1000641e <lfs_file_rawread+0x2a2>
100063cc:	6989      	ldr	r1, [r1, #24]
100063ce:	458c      	cmp	ip, r1
100063d0:	d825      	bhi.n	1000641e <lfs_file_rawread+0x2a2>
100063d2:	2104      	movs	r1, #4
100063d4:	ae09      	add	r6, sp, #36	@ 0x24
100063d6:	4658      	mov	r0, fp
100063d8:	9101      	str	r1, [sp, #4]
100063da:	9600      	str	r6, [sp, #0]
100063dc:	f7fd f902 	bl	100035e4 <lfs_bd_read.part.0.constprop.0>
100063e0:	fa08 f505 	lsl.w	r5, r8, r5
100063e4:	1b7f      	subs	r7, r7, r5
100063e6:	2800      	cmp	r0, #0
100063e8:	f47f af39 	bne.w	1000625e <lfs_file_rawread+0xe2>
100063ec:	4557      	cmp	r7, sl
100063ee:	d8d8      	bhi.n	100063a2 <lfs_file_rawread+0x226>
100063f0:	f8dd b008 	ldr.w	fp, [sp, #8]
100063f4:	9e04      	ldr	r6, [sp, #16]
100063f6:	9a09      	ldr	r2, [sp, #36]	@ 0x24
100063f8:	f8d9 5030 	ldr.w	r5, [r9, #48]	@ 0x30
100063fc:	6ea1      	ldr	r1, [r4, #104]	@ 0x68
100063fe:	e9c9 260e 	strd	r2, r6, [r9, #56]	@ 0x38
10006402:	e737      	b.n	10006274 <lfs_file_rawread+0xf8>
10006404:	4646      	mov	r6, r8
10006406:	e7c1      	b.n	1000638c <lfs_file_rawread+0x210>
10006408:	4546      	cmp	r6, r8
1000640a:	d81d      	bhi.n	10006448 <lfs_file_rawread+0x2cc>
1000640c:	4657      	mov	r7, sl
1000640e:	fbb8 f0f6 	udiv	r0, r8, r6
10006412:	e7a7      	b.n	10006364 <lfs_file_rawread+0x1e8>
10006414:	f8d9 8034 	ldr.w	r8, [r9, #52]	@ 0x34
10006418:	f8c9 303c 	str.w	r3, [r9, #60]	@ 0x3c
1000641c:	e6cb      	b.n	100061b6 <lfs_file_rawread+0x3a>
1000641e:	f06f 0001 	mvn.w	r0, #1
10006422:	b00b      	add	sp, #44	@ 0x2c
10006424:	e8bd 8ff0 	ldmia.w	sp!, {r4, r5, r6, r7, r8, r9, sl, fp, pc}
10006428:	f7ff fe22 	bl	10006070 <lfs_file_flush>
1000642c:	2800      	cmp	r0, #0
1000642e:	f47f af16 	bne.w	1000625e <lfs_file_rawread+0xe2>
10006432:	f8d9 8034 	ldr.w	r8, [r9, #52]	@ 0x34
10006436:	f8d9 302c 	ldr.w	r3, [r9, #44]	@ 0x2c
1000643a:	4598      	cmp	r8, r3
1000643c:	f4ff aeaf 	bcc.w	1000619e <lfs_file_rawread+0x22>
10006440:	2000      	movs	r0, #0
10006442:	b00b      	add	sp, #44	@ 0x2c
10006444:	e8bd 8ff0 	ldmia.w	sp!, {r4, r5, r6, r7, r8, r9, sl, fp, pc}
10006448:	4646      	mov	r6, r8
1000644a:	e7d8      	b.n	100063fe <lfs_file_rawread+0x282>
1000644c:	200012d0 	.word	0x200012d0
10006450:	20100000 	.word	0x20100000

10006454 <lfs_dir_traverse.constprop.2>:
10006454:	e92d 4ff0 	stmdb	sp!, {r4, r5, r6, r7, r8, r9, sl, fp, lr}
10006458:	4699      	mov	r9, r3
1000645a:	68c3      	ldr	r3, [r0, #12]
1000645c:	b08f      	sub	sp, #60	@ 0x3c
1000645e:	2b04      	cmp	r3, #4
10006460:	d803      	bhi.n	1000646a <lfs_dir_traverse.constprop.2+0x16>
10006462:	2000      	movs	r0, #0
10006464:	b00f      	add	sp, #60	@ 0x3c
10006466:	e8bd 8ff0 	ldmia.w	sp!, {r4, r5, r6, r7, r8, r9, sl, fp, pc}
1000646a:	ea4f 2389 	mov.w	r3, r9, lsl #10
1000646e:	e9cd 2906 	strd	r2, r9, [sp, #24]
10006472:	4607      	mov	r7, r0
10006474:	468e      	mov	lr, r1
10006476:	f04f 0b04 	mov.w	fp, #4
1000647a:	f04f 36ff 	mov.w	r6, #4294967295	@ 0xffffffff
1000647e:	e9cd 3104 	strd	r3, r1, [sp, #16]
10006482:	f8dd 9060 	ldr.w	r9, [sp, #96]	@ 0x60
10006486:	e023      	b.n	100064d0 <lfs_dir_traverse.constprop.2+0x7c>
10006488:	4631      	mov	r1, r6
1000648a:	9a05      	ldr	r2, [sp, #20]
1000648c:	f3c1 2489 	ubfx	r4, r1, #10, #10
10006490:	4294      	cmp	r4, r2
10006492:	ea4f 2391 	mov.w	r3, r1, lsr #10
10006496:	d316      	bcc.n	100064c6 <lfs_dir_traverse.constprop.2+0x72>
10006498:	9a06      	ldr	r2, [sp, #24]
1000649a:	4294      	cmp	r4, r2
1000649c:	d213      	bcs.n	100064c6 <lfs_dir_traverse.constprop.2+0x72>
1000649e:	f3c1 520a 	ubfx	r2, r1, #20, #11
100064a2:	b182      	cbz	r2, 100064c6 <lfs_dir_traverse.constprop.2+0x72>
100064a4:	f240 1501 	movw	r5, #257	@ 0x101
100064a8:	42aa      	cmp	r2, r5
100064aa:	f000 80f4 	beq.w	10006696 <lfs_dir_traverse.constprop.2+0x242>
100064ae:	f5b2 7f81 	cmp.w	r2, #258	@ 0x102
100064b2:	f000 8103 	beq.w	100066bc <lfs_dir_traverse.constprop.2+0x268>
100064b6:	9b04      	ldr	r3, [sp, #16]
100064b8:	9819      	ldr	r0, [sp, #100]	@ 0x64
100064ba:	4419      	add	r1, r3
100064bc:	aa0a      	add	r2, sp, #40	@ 0x28
100064be:	47c8      	blx	r9
100064c0:	2800      	cmp	r0, #0
100064c2:	d1cf      	bne.n	10006464 <lfs_dir_traverse.constprop.2+0x10>
100064c4:	68f8      	ldr	r0, [r7, #12]
100064c6:	f108 0804 	add.w	r8, r8, #4
100064ca:	44c3      	add	fp, r8
100064cc:	4583      	cmp	fp, r0
100064ce:	d2c8      	bcs.n	10006462 <lfs_dir_traverse.constprop.2+0xe>
100064d0:	4b90      	ldr	r3, [pc, #576]	@ (10006714 <lfs_dir_traverse.constprop.2+0x2c0>)
100064d2:	683a      	ldr	r2, [r7, #0]
100064d4:	6e9b      	ldr	r3, [r3, #104]	@ 0x68
100064d6:	69d9      	ldr	r1, [r3, #28]
100064d8:	428a      	cmp	r2, r1
100064da:	f080 8094 	bcs.w	10006606 <lfs_dir_traverse.constprop.2+0x1b2>
100064de:	699b      	ldr	r3, [r3, #24]
100064e0:	f10b 0504 	add.w	r5, fp, #4
100064e4:	429d      	cmp	r5, r3
100064e6:	f200 808e 	bhi.w	10006606 <lfs_dir_traverse.constprop.2+0x1b2>
100064ea:	2104      	movs	r1, #4
100064ec:	ab08      	add	r3, sp, #32
100064ee:	9300      	str	r3, [sp, #0]
100064f0:	4888      	ldr	r0, [pc, #544]	@ (10006714 <lfs_dir_traverse.constprop.2+0x2c0>)
100064f2:	465b      	mov	r3, fp
100064f4:	9101      	str	r1, [sp, #4]
100064f6:	f7fd f875 	bl	100035e4 <lfs_bd_read.part.0.constprop.0>
100064fa:	2800      	cmp	r0, #0
100064fc:	d1b2      	bne.n	10006464 <lfs_dir_traverse.constprop.2+0x10>
100064fe:	9b08      	ldr	r3, [sp, #32]
10006500:	683a      	ldr	r2, [r7, #0]
10006502:	ba1b      	rev	r3, r3
10006504:	4073      	eors	r3, r6
10006506:	f043 4600 	orr.w	r6, r3, #2147483648	@ 0x80000000
1000650a:	f346 0309 	sbfx	r3, r6, #0, #10
1000650e:	f1b3 3fff 	cmp.w	r3, #4294967295	@ 0xffffffff
10006512:	bf14      	ite	ne
10006514:	46b0      	movne	r8, r6
10006516:	f106 0801 	addeq.w	r8, r6, #1
1000651a:	f086 5a00 	eor.w	sl, r6, #536870912	@ 0x20000000
1000651e:	f01a 4ac0 	ands.w	sl, sl, #1610612736	@ 0x60000000
10006522:	68f8      	ldr	r0, [r7, #12]
10006524:	950b      	str	r5, [sp, #44]	@ 0x2c
10006526:	9608      	str	r6, [sp, #32]
10006528:	920a      	str	r2, [sp, #40]	@ 0x28
1000652a:	f3c8 0809 	ubfx	r8, r8, #0, #10
1000652e:	d1ca      	bne.n	100064c6 <lfs_dir_traverse.constprop.2+0x72>
10006530:	4445      	add	r5, r8
10006532:	4285      	cmp	r5, r0
10006534:	d2a8      	bcs.n	10006488 <lfs_dir_traverse.constprop.2+0x34>
10006536:	4b77      	ldr	r3, [pc, #476]	@ (10006714 <lfs_dir_traverse.constprop.2+0x2c0>)
10006538:	f8cd a00c 	str.w	sl, [sp, #12]
1000653c:	6e9b      	ldr	r3, [r3, #104]	@ 0x68
1000653e:	4634      	mov	r4, r6
10006540:	69d9      	ldr	r1, [r3, #28]
10006542:	46b2      	mov	sl, r6
10006544:	428a      	cmp	r2, r1
10006546:	d25e      	bcs.n	10006606 <lfs_dir_traverse.constprop.2+0x1b2>
10006548:	699b      	ldr	r3, [r3, #24]
1000654a:	1d2e      	adds	r6, r5, #4
1000654c:	429e      	cmp	r6, r3
1000654e:	d85a      	bhi.n	10006606 <lfs_dir_traverse.constprop.2+0x1b2>
10006550:	2104      	movs	r1, #4
10006552:	ab09      	add	r3, sp, #36	@ 0x24
10006554:	9300      	str	r3, [sp, #0]
10006556:	486f      	ldr	r0, [pc, #444]	@ (10006714 <lfs_dir_traverse.constprop.2+0x2c0>)
10006558:	462b      	mov	r3, r5
1000655a:	9101      	str	r1, [sp, #4]
1000655c:	f7fd f842 	bl	100035e4 <lfs_bd_read.part.0.constprop.0>
10006560:	2800      	cmp	r0, #0
10006562:	f040 8093 	bne.w	1000668c <lfs_dir_traverse.constprop.2+0x238>
10006566:	9b09      	ldr	r3, [sp, #36]	@ 0x24
10006568:	683a      	ldr	r2, [r7, #0]
1000656a:	ba1b      	rev	r3, r3
1000656c:	4063      	eors	r3, r4
1000656e:	f043 4400 	orr.w	r4, r3, #2147483648	@ 0x80000000
10006572:	920c      	str	r2, [sp, #48]	@ 0x30
10006574:	f3c4 520a 	ubfx	r2, r4, #20, #11
10006578:	960d      	str	r6, [sp, #52]	@ 0x34
1000657a:	9409      	str	r4, [sp, #36]	@ 0x24
1000657c:	0d20      	lsrs	r0, r4, #20
1000657e:	b34a      	cbz	r2, 100065d4 <lfs_dir_traverse.constprop.2+0x180>
10006580:	f240 1601 	movw	r6, #257	@ 0x101
10006584:	42b2      	cmp	r2, r6
10006586:	d072      	beq.n	1000666e <lfs_dir_traverse.constprop.2+0x21a>
10006588:	f5b2 7f81 	cmp.w	r2, #258	@ 0x102
1000658c:	d03e      	beq.n	1000660c <lfs_dir_traverse.constprop.2+0x1b8>
1000658e:	4a62      	ldr	r2, [pc, #392]	@ (10006718 <lfs_dir_traverse.constprop.2+0x2c4>)
10006590:	f013 5f80 	tst.w	r3, #268435456	@ 0x10000000
10006594:	4e61      	ldr	r6, [pc, #388]	@ (1000671c <lfs_dir_traverse.constprop.2+0x2c8>)
10006596:	bf08      	it	eq
10006598:	4616      	moveq	r6, r2
1000659a:	9a08      	ldr	r2, [sp, #32]
1000659c:	ea84 0c02 	eor.w	ip, r4, r2
100065a0:	ea1c 0f06 	tst.w	ip, r6
100065a4:	d056      	beq.n	10006654 <lfs_dir_traverse.constprop.2+0x200>
100065a6:	f342 0609 	sbfx	r6, r2, #0, #10
100065aa:	3601      	adds	r6, #1
100065ac:	d052      	beq.n	10006654 <lfs_dir_traverse.constprop.2+0x200>
100065ae:	4e5c      	ldr	r6, [pc, #368]	@ (10006720 <lfs_dir_traverse.constprop.2+0x2cc>)
100065b0:	f023 4300 	bic.w	r3, r3, #2147483648	@ 0x80000000
100065b4:	4016      	ands	r6, r2
100065b6:	f423 737f 	bic.w	r3, r3, #1020	@ 0x3fc
100065ba:	f046 469f 	orr.w	r6, r6, #1333788672	@ 0x4f800000
100065be:	f023 0303 	bic.w	r3, r3, #3
100065c2:	f446 06e0 	orr.w	r6, r6, #7340032	@ 0x700000
100065c6:	429e      	cmp	r6, r3
100065c8:	d044      	beq.n	10006654 <lfs_dir_traverse.constprop.2+0x200>
100065ca:	f400 61e0 	and.w	r1, r0, #1792	@ 0x700
100065ce:	f5b1 6f80 	cmp.w	r1, #1024	@ 0x400
100065d2:	d041      	beq.n	10006658 <lfs_dir_traverse.constprop.2+0x204>
100065d4:	f344 0209 	sbfx	r2, r4, #0, #10
100065d8:	f1b2 3fff 	cmp.w	r2, #4294967295	@ 0xffffffff
100065dc:	bf14      	ite	ne
100065de:	4623      	movne	r3, r4
100065e0:	1c63      	addeq	r3, r4, #1
100065e2:	f3c3 0309 	ubfx	r3, r3, #0, #10
100065e6:	68f8      	ldr	r0, [r7, #12]
100065e8:	3304      	adds	r3, #4
100065ea:	441d      	add	r5, r3
100065ec:	4285      	cmp	r5, r0
100065ee:	d304      	bcc.n	100065fa <lfs_dir_traverse.constprop.2+0x1a6>
100065f0:	4656      	mov	r6, sl
100065f2:	9908      	ldr	r1, [sp, #32]
100065f4:	f8dd a00c 	ldr.w	sl, [sp, #12]
100065f8:	e747      	b.n	1000648a <lfs_dir_traverse.constprop.2+0x36>
100065fa:	4b46      	ldr	r3, [pc, #280]	@ (10006714 <lfs_dir_traverse.constprop.2+0x2c0>)
100065fc:	683a      	ldr	r2, [r7, #0]
100065fe:	6e9b      	ldr	r3, [r3, #104]	@ 0x68
10006600:	69d9      	ldr	r1, [r3, #28]
10006602:	428a      	cmp	r2, r1
10006604:	d3a0      	bcc.n	10006548 <lfs_dir_traverse.constprop.2+0xf4>
10006606:	f06f 0001 	mvn.w	r0, #1
1000660a:	e72b      	b.n	10006464 <lfs_dir_traverse.constprop.2+0x10>
1000660c:	f3c3 0309 	ubfx	r3, r3, #0, #10
10006610:	2b00      	cmp	r3, #0
10006612:	d0df      	beq.n	100065d4 <lfs_dir_traverse.constprop.2+0x180>
10006614:	9e08      	ldr	r6, [sp, #32]
10006616:	f3c4 2089 	ubfx	r0, r4, #10, #10
1000661a:	f346 0209 	sbfx	r2, r6, #0, #10
1000661e:	3201      	adds	r2, #1
10006620:	ea4f 2080 	mov.w	r0, r0, lsl #10
10006624:	d016      	beq.n	10006654 <lfs_dir_traverse.constprop.2+0x200>
10006626:	eb03 0343 	add.w	r3, r3, r3, lsl #1
1000662a:	a90c      	add	r1, sp, #48	@ 0x30
1000662c:	46a6      	mov	lr, r4
1000662e:	eb01 0383 	add.w	r3, r1, r3, lsl #2
10006632:	e001      	b.n	10006638 <lfs_dir_traverse.constprop.2+0x1e4>
10006634:	4299      	cmp	r1, r3
10006636:	d03f      	beq.n	100066b8 <lfs_dir_traverse.constprop.2+0x264>
10006638:	f891 c000 	ldrb.w	ip, [r1]
1000663c:	688a      	ldr	r2, [r1, #8]
1000663e:	f50c 7c40 	add.w	ip, ip, #768	@ 0x300
10006642:	4302      	orrs	r2, r0
10006644:	4c35      	ldr	r4, [pc, #212]	@ (1000671c <lfs_dir_traverse.constprop.2+0x2c8>)
10006646:	ea42 520c 	orr.w	r2, r2, ip, lsl #20
1000664a:	4072      	eors	r2, r6
1000664c:	4222      	tst	r2, r4
1000664e:	f101 010c 	add.w	r1, r1, #12
10006652:	d1ef      	bne.n	10006634 <lfs_dir_traverse.constprop.2+0x1e0>
10006654:	4656      	mov	r6, sl
10006656:	e735      	b.n	100064c4 <lfs_dir_traverse.constprop.2+0x70>
10006658:	f3c4 2389 	ubfx	r3, r4, #10, #10
1000665c:	f3c2 2189 	ubfx	r1, r2, #10, #10
10006660:	428b      	cmp	r3, r1
10006662:	d8b7      	bhi.n	100065d4 <lfs_dir_traverse.constprop.2+0x180>
10006664:	b240      	sxtb	r0, r0
10006666:	eb02 2280 	add.w	r2, r2, r0, lsl #10
1000666a:	9208      	str	r2, [sp, #32]
1000666c:	e7b2      	b.n	100065d4 <lfs_dir_traverse.constprop.2+0x180>
1000666e:	f3c3 0109 	ubfx	r1, r3, #0, #10
10006672:	ab08      	add	r3, sp, #32
10006674:	9301      	str	r3, [sp, #4]
10006676:	4b2b      	ldr	r3, [pc, #172]	@ (10006724 <lfs_dir_traverse.constprop.2+0x2d0>)
10006678:	1c4a      	adds	r2, r1, #1
1000667a:	9300      	str	r3, [sp, #0]
1000667c:	f3c4 2389 	ubfx	r3, r4, #10, #10
10006680:	1a5b      	subs	r3, r3, r1
10006682:	a80c      	add	r0, sp, #48	@ 0x30
10006684:	f7ff fee6 	bl	10006454 <lfs_dir_traverse.constprop.2>
10006688:	2800      	cmp	r0, #0
1000668a:	d0a3      	beq.n	100065d4 <lfs_dir_traverse.constprop.2+0x180>
1000668c:	2800      	cmp	r0, #0
1000668e:	4656      	mov	r6, sl
10006690:	f6bf af18 	bge.w	100064c4 <lfs_dir_traverse.constprop.2+0x70>
10006694:	e6e6      	b.n	10006464 <lfs_dir_traverse.constprop.2+0x10>
10006696:	9a07      	ldr	r2, [sp, #28]
10006698:	f3c1 0109 	ubfx	r1, r1, #0, #10
1000669c:	1a63      	subs	r3, r4, r1
1000669e:	4413      	add	r3, r2
100066a0:	9a19      	ldr	r2, [sp, #100]	@ 0x64
100066a2:	b21b      	sxth	r3, r3
100066a4:	e9cd 9200 	strd	r9, r2, [sp]
100066a8:	a80a      	add	r0, sp, #40	@ 0x28
100066aa:	1c4a      	adds	r2, r1, #1
100066ac:	f7ff fed2 	bl	10006454 <lfs_dir_traverse.constprop.2>
100066b0:	2800      	cmp	r0, #0
100066b2:	f43f af07 	beq.w	100064c4 <lfs_dir_traverse.constprop.2+0x70>
100066b6:	e6d5      	b.n	10006464 <lfs_dir_traverse.constprop.2+0x10>
100066b8:	4674      	mov	r4, lr
100066ba:	e78b      	b.n	100065d4 <lfs_dir_traverse.constprop.2+0x180>
100066bc:	f3c1 0109 	ubfx	r1, r1, #0, #10
100066c0:	2900      	cmp	r1, #0
100066c2:	f43f af00 	beq.w	100064c6 <lfs_dir_traverse.constprop.2+0x72>
100066c6:	9703      	str	r7, [sp, #12]
100066c8:	461a      	mov	r2, r3
100066ca:	4657      	mov	r7, sl
100066cc:	9d07      	ldr	r5, [sp, #28]
100066ce:	46b2      	mov	sl, r6
100066d0:	ac0a      	add	r4, sp, #40	@ 0x28
100066d2:	464e      	mov	r6, r9
100066d4:	f8dd 9064 	ldr.w	r9, [sp, #100]	@ 0x64
100066d8:	e000      	b.n	100066dc <lfs_dir_traverse.constprop.2+0x288>
100066da:	0a92      	lsrs	r2, r2, #10
100066dc:	7820      	ldrb	r0, [r4, #0]
100066de:	68a1      	ldr	r1, [r4, #8]
100066e0:	f3c2 0209 	ubfx	r2, r2, #0, #10
100066e4:	f500 7040 	add.w	r0, r0, #768	@ 0x300
100066e8:	ea41 5c00 	orr.w	ip, r1, r0, lsl #20
100066ec:	1951      	adds	r1, r2, r5
100066ee:	4648      	mov	r0, r9
100066f0:	6862      	ldr	r2, [r4, #4]
100066f2:	ea4c 2181 	orr.w	r1, ip, r1, lsl #10
100066f6:	47b0      	blx	r6
100066f8:	3701      	adds	r7, #1
100066fa:	340c      	adds	r4, #12
100066fc:	2800      	cmp	r0, #0
100066fe:	f47f aeb1 	bne.w	10006464 <lfs_dir_traverse.constprop.2+0x10>
10006702:	9a08      	ldr	r2, [sp, #32]
10006704:	f3c2 0109 	ubfx	r1, r2, #0, #10
10006708:	428f      	cmp	r7, r1
1000670a:	d3e6      	bcc.n	100066da <lfs_dir_traverse.constprop.2+0x286>
1000670c:	46b1      	mov	r9, r6
1000670e:	9f03      	ldr	r7, [sp, #12]
10006710:	4656      	mov	r6, sl
10006712:	e6d7      	b.n	100064c4 <lfs_dir_traverse.constprop.2+0x70>
10006714:	200012d0 	.word	0x200012d0
10006718:	700ffc00 	.word	0x700ffc00
1000671c:	7ffffc00 	.word	0x7ffffc00
10006720:	000ffc00 	.word	0x000ffc00
10006724:	1000344d 	.word	0x1000344d

10006728 <lfs_dir_commit>:
10006728:	e92d 4ff0 	stmdb	sp!, {r4, r5, r6, r7, r8, r9, sl, fp, lr}
1000672c:	f8df a650 	ldr.w	sl, [pc, #1616]	@ 10006d80 <lfs_dir_commit+0x658>
10006730:	b09f      	sub	sp, #124	@ 0x7c
10006732:	f8da 4028 	ldr.w	r4, [sl, #40]	@ 0x28
10006736:	4605      	mov	r5, r0
10006738:	460e      	mov	r6, r1
1000673a:	6807      	ldr	r7, [r0, #0]
1000673c:	9204      	str	r2, [sp, #16]
1000673e:	b954      	cbnz	r4, 10006756 <lfs_dir_commit+0x2e>
10006740:	e035      	b.n	100067ae <lfs_dir_commit+0x86>
10006742:	68e1      	ldr	r1, [r4, #12]
10006744:	686a      	ldr	r2, [r5, #4]
10006746:	428a      	cmp	r2, r1
10006748:	d00c      	beq.n	10006764 <lfs_dir_commit+0x3c>
1000674a:	4293      	cmp	r3, r2
1000674c:	d00a      	beq.n	10006764 <lfs_dir_commit+0x3c>
1000674e:	42b9      	cmp	r1, r7
10006750:	d008      	beq.n	10006764 <lfs_dir_commit+0x3c>
10006752:	6824      	ldr	r4, [r4, #0]
10006754:	b35c      	cbz	r4, 100067ae <lfs_dir_commit+0x86>
10006756:	f104 0308 	add.w	r3, r4, #8
1000675a:	429d      	cmp	r5, r3
1000675c:	d0f9      	beq.n	10006752 <lfs_dir_commit+0x2a>
1000675e:	68a3      	ldr	r3, [r4, #8]
10006760:	42bb      	cmp	r3, r7
10006762:	d1ee      	bne.n	10006742 <lfs_dir_commit+0x1a>
10006764:	79a3      	ldrb	r3, [r4, #6]
10006766:	2b01      	cmp	r3, #1
10006768:	d1f3      	bne.n	10006752 <lfs_dir_commit+0x2a>
1000676a:	6b23      	ldr	r3, [r4, #48]	@ 0x30
1000676c:	02db      	lsls	r3, r3, #11
1000676e:	d5f0      	bpl.n	10006752 <lfs_dir_commit+0x2a>
10006770:	f8da 3068 	ldr.w	r3, [sl, #104]	@ 0x68
10006774:	6ae1      	ldr	r1, [r4, #44]	@ 0x2c
10006776:	6a5a      	ldr	r2, [r3, #36]	@ 0x24
10006778:	4291      	cmp	r1, r2
1000677a:	d9ea      	bls.n	10006752 <lfs_dir_commit+0x2a>
1000677c:	6b62      	ldr	r2, [r4, #52]	@ 0x34
1000677e:	69db      	ldr	r3, [r3, #28]
10006780:	4620      	mov	r0, r4
10006782:	63e2      	str	r2, [r4, #60]	@ 0x3c
10006784:	f8ca 3060 	str.w	r3, [sl, #96]	@ 0x60
10006788:	f7ff f99e 	bl	10005ac8 <lfs_file_relocate>
1000678c:	2800      	cmp	r0, #0
1000678e:	f040 8217 	bne.w	10006bc0 <lfs_dir_commit+0x498>
10006792:	6b23      	ldr	r3, [r4, #48]	@ 0x30
10006794:	4620      	mov	r0, r4
10006796:	f423 1380 	bic.w	r3, r3, #1048576	@ 0x100000
1000679a:	6323      	str	r3, [r4, #48]	@ 0x30
1000679c:	f7ff fc68 	bl	10006070 <lfs_file_flush>
100067a0:	2800      	cmp	r0, #0
100067a2:	f040 820d 	bne.w	10006bc0 <lfs_dir_commit+0x498>
100067a6:	6824      	ldr	r4, [r4, #0]
100067a8:	682f      	ldr	r7, [r5, #0]
100067aa:	2c00      	cmp	r4, #0
100067ac:	d1d3      	bne.n	10006756 <lfs_dir_commit+0x2e>
100067ae:	46ac      	mov	ip, r5
100067b0:	686b      	ldr	r3, [r5, #4]
100067b2:	ac0e      	add	r4, sp, #56	@ 0x38
100067b4:	9307      	str	r3, [sp, #28]
100067b6:	e8bc 000f 	ldmia.w	ip!, {r0, r1, r2, r3}
100067ba:	c40f      	stmia	r4!, {r0, r1, r2, r3}
100067bc:	e89c 000f 	ldmia.w	ip, {r0, r1, r2, r3}
100067c0:	e884 000f 	stmia.w	r4, {r0, r1, r2, r3}
100067c4:	9b04      	ldr	r3, [sp, #16]
100067c6:	2b00      	cmp	r3, #0
100067c8:	f000 808a 	beq.w	100068e0 <lfs_dir_commit+0x1b8>
100067cc:	f240 4101 	movw	r1, #1025	@ 0x401
100067d0:	6833      	ldr	r3, [r6, #0]
100067d2:	f3c3 520a 	ubfx	r2, r3, #20, #11
100067d6:	428a      	cmp	r2, r1
100067d8:	ea4f 5013 	mov.w	r0, r3, lsr #20
100067dc:	f000 82d4 	beq.w	10006d88 <lfs_dir_commit+0x660>
100067e0:	f240 41ff 	movw	r1, #1279	@ 0x4ff
100067e4:	428a      	cmp	r2, r1
100067e6:	f000 82df 	beq.w	10006da8 <lfs_dir_commit+0x680>
100067ea:	f400 63e0 	and.w	r3, r0, #1792	@ 0x700
100067ee:	f5b3 6fc0 	cmp.w	r3, #1536	@ 0x600
100067f2:	d107      	bne.n	10006804 <lfs_dir_commit+0xdc>
100067f4:	6873      	ldr	r3, [r6, #4]
100067f6:	f000 0001 	and.w	r0, r0, #1
100067fa:	681a      	ldr	r2, [r3, #0]
100067fc:	61aa      	str	r2, [r5, #24]
100067fe:	685b      	ldr	r3, [r3, #4]
10006800:	75e8      	strb	r0, [r5, #23]
10006802:	61eb      	str	r3, [r5, #28]
10006804:	9b04      	ldr	r3, [sp, #16]
10006806:	2b01      	cmp	r3, #1
10006808:	bf18      	it	ne
1000680a:	2200      	movne	r2, #0
1000680c:	d068      	beq.n	100068e0 <lfs_dir_commit+0x1b8>
1000680e:	f240 4001 	movw	r0, #1025	@ 0x401
10006812:	68b3      	ldr	r3, [r6, #8]
10006814:	f3c3 510a 	ubfx	r1, r3, #20, #11
10006818:	4281      	cmp	r1, r0
1000681a:	ea4f 5413 	mov.w	r4, r3, lsr #20
1000681e:	f000 82b7 	beq.w	10006d90 <lfs_dir_commit+0x668>
10006822:	f240 40ff 	movw	r0, #1279	@ 0x4ff
10006826:	4281      	cmp	r1, r0
10006828:	f000 830b 	beq.w	10006e42 <lfs_dir_commit+0x71a>
1000682c:	f404 63e0 	and.w	r3, r4, #1792	@ 0x700
10006830:	f5b3 6fc0 	cmp.w	r3, #1536	@ 0x600
10006834:	d107      	bne.n	10006846 <lfs_dir_commit+0x11e>
10006836:	68f3      	ldr	r3, [r6, #12]
10006838:	f004 0401 	and.w	r4, r4, #1
1000683c:	6819      	ldr	r1, [r3, #0]
1000683e:	61a9      	str	r1, [r5, #24]
10006840:	685b      	ldr	r3, [r3, #4]
10006842:	75ec      	strb	r4, [r5, #23]
10006844:	61eb      	str	r3, [r5, #28]
10006846:	9b04      	ldr	r3, [sp, #16]
10006848:	2b02      	cmp	r3, #2
1000684a:	dd44      	ble.n	100068d6 <lfs_dir_commit+0x1ae>
1000684c:	f240 4001 	movw	r0, #1025	@ 0x401
10006850:	6933      	ldr	r3, [r6, #16]
10006852:	f3c3 510a 	ubfx	r1, r3, #20, #11
10006856:	4281      	cmp	r1, r0
10006858:	ea4f 5413 	mov.w	r4, r3, lsr #20
1000685c:	f000 829c 	beq.w	10006d98 <lfs_dir_commit+0x670>
10006860:	f240 40ff 	movw	r0, #1279	@ 0x4ff
10006864:	4281      	cmp	r1, r0
10006866:	f000 830c 	beq.w	10006e82 <lfs_dir_commit+0x75a>
1000686a:	f404 63e0 	and.w	r3, r4, #1792	@ 0x700
1000686e:	f5b3 6fc0 	cmp.w	r3, #1536	@ 0x600
10006872:	f000 82bd 	beq.w	10006df0 <lfs_dir_commit+0x6c8>
10006876:	9b04      	ldr	r3, [sp, #16]
10006878:	2b03      	cmp	r3, #3
1000687a:	dd2c      	ble.n	100068d6 <lfs_dir_commit+0x1ae>
1000687c:	f240 4001 	movw	r0, #1025	@ 0x401
10006880:	69b3      	ldr	r3, [r6, #24]
10006882:	f3c3 510a 	ubfx	r1, r3, #20, #11
10006886:	4281      	cmp	r1, r0
10006888:	ea4f 5413 	mov.w	r4, r3, lsr #20
1000688c:	f000 8288 	beq.w	10006da0 <lfs_dir_commit+0x678>
10006890:	f240 40ff 	movw	r0, #1279	@ 0x4ff
10006894:	4281      	cmp	r1, r0
10006896:	f000 8303 	beq.w	10006ea0 <lfs_dir_commit+0x778>
1000689a:	f404 63e0 	and.w	r3, r4, #1792	@ 0x700
1000689e:	f5b3 6fc0 	cmp.w	r3, #1536	@ 0x600
100068a2:	f000 82ae 	beq.w	10006e02 <lfs_dir_commit+0x6da>
100068a6:	9b04      	ldr	r3, [sp, #16]
100068a8:	2b05      	cmp	r3, #5
100068aa:	d114      	bne.n	100068d6 <lfs_dir_commit+0x1ae>
100068ac:	f240 4001 	movw	r0, #1025	@ 0x401
100068b0:	6a33      	ldr	r3, [r6, #32]
100068b2:	f3c3 510a 	ubfx	r1, r3, #20, #11
100068b6:	4281      	cmp	r1, r0
100068b8:	ea4f 5413 	mov.w	r4, r3, lsr #20
100068bc:	f000 82b8 	beq.w	10006e30 <lfs_dir_commit+0x708>
100068c0:	f240 40ff 	movw	r0, #1279	@ 0x4ff
100068c4:	4281      	cmp	r1, r0
100068c6:	f000 82f5 	beq.w	10006eb4 <lfs_dir_commit+0x78c>
100068ca:	f404 63e0 	and.w	r3, r4, #1792	@ 0x700
100068ce:	f5b3 6fc0 	cmp.w	r3, #1536	@ 0x600
100068d2:	f000 829f 	beq.w	10006e14 <lfs_dir_commit+0x6ec>
100068d6:	b11a      	cbz	r2, 100068e0 <lfs_dir_commit+0x1b8>
100068d8:	8aab      	ldrh	r3, [r5, #20]
100068da:	2b00      	cmp	r3, #0
100068dc:	f000 827c 	beq.w	10006dd8 <lfs_dir_commit+0x6b0>
100068e0:	7dab      	ldrb	r3, [r5, #22]
100068e2:	2b00      	cmp	r3, #0
100068e4:	f040 8086 	bne.w	100069f4 <lfs_dir_commit+0x2cc>
100068e8:	8aab      	ldrh	r3, [r5, #20]
100068ea:	2bfe      	cmp	r3, #254	@ 0xfe
100068ec:	f200 8082 	bhi.w	100069f4 <lfs_dir_commit+0x2cc>
100068f0:	9301      	str	r3, [sp, #4]
100068f2:	2300      	movs	r3, #0
100068f4:	9300      	str	r3, [sp, #0]
100068f6:	f04f 33ff 	mov.w	r3, #4294967295	@ 0xffffffff
100068fa:	4631      	mov	r1, r6
100068fc:	f8ca 3010 	str.w	r3, [sl, #16]
10006900:	4628      	mov	r0, r5
10006902:	462b      	mov	r3, r5
10006904:	9a04      	ldr	r2, [sp, #16]
10006906:	f000 fc61 	bl	100071cc <lfs_dir_compact>
1000690a:	4684      	mov	ip, r0
1000690c:	2800      	cmp	r0, #0
1000690e:	f040 8116 	bne.w	10006b3e <lfs_dir_commit+0x416>
10006912:	f8da 8028 	ldr.w	r8, [sl, #40]	@ 0x28
10006916:	f1b8 0f00 	cmp.w	r8, #0
1000691a:	f000 81fb 	beq.w	10006d14 <lfs_dir_commit+0x5ec>
1000691e:	4644      	mov	r4, r8
10006920:	46ab      	mov	fp, r5
10006922:	f8cd 8014 	str.w	r8, [sp, #20]
10006926:	f240 4eff 	movw	lr, #1279	@ 0x4ff
1000692a:	f240 4901 	movw	r9, #1025	@ 0x401
1000692e:	f8dd 801c 	ldr.w	r8, [sp, #28]
10006932:	9d04      	ldr	r5, [sp, #16]
10006934:	e00a      	b.n	1000694c <lfs_dir_commit+0x224>
10006936:	68e2      	ldr	r2, [r4, #12]
10006938:	4590      	cmp	r8, r2
1000693a:	d00e      	beq.n	1000695a <lfs_dir_commit+0x232>
1000693c:	4598      	cmp	r8, r3
1000693e:	d00c      	beq.n	1000695a <lfs_dir_commit+0x232>
10006940:	42ba      	cmp	r2, r7
10006942:	d00a      	beq.n	1000695a <lfs_dir_commit+0x232>
10006944:	6824      	ldr	r4, [r4, #0]
10006946:	2c00      	cmp	r4, #0
10006948:	f000 81ce 	beq.w	10006ce8 <lfs_dir_commit+0x5c0>
1000694c:	f104 0c08 	add.w	ip, r4, #8
10006950:	45e3      	cmp	fp, ip
10006952:	d0f7      	beq.n	10006944 <lfs_dir_commit+0x21c>
10006954:	68a3      	ldr	r3, [r4, #8]
10006956:	42bb      	cmp	r3, r7
10006958:	d1ed      	bne.n	10006936 <lfs_dir_commit+0x20e>
1000695a:	46da      	mov	sl, fp
1000695c:	e8ba 000f 	ldmia.w	sl!, {r0, r1, r2, r3}
10006960:	e8ac 000f 	stmia.w	ip!, {r0, r1, r2, r3}
10006964:	e89a 000f 	ldmia.w	sl, {r0, r1, r2, r3}
10006968:	e88c 000f 	stmia.w	ip, {r0, r1, r2, r3}
1000696c:	2d00      	cmp	r5, #0
1000696e:	d0e9      	beq.n	10006944 <lfs_dir_commit+0x21c>
10006970:	6833      	ldr	r3, [r6, #0]
10006972:	f3c3 520a 	ubfx	r2, r3, #20, #11
10006976:	4572      	cmp	r2, lr
10006978:	f000 8129 	beq.w	10006bce <lfs_dir_commit+0x4a6>
1000697c:	454a      	cmp	r2, r9
1000697e:	f000 815c 	beq.w	10006c3a <lfs_dir_commit+0x512>
10006982:	2d01      	cmp	r5, #1
10006984:	d0de      	beq.n	10006944 <lfs_dir_commit+0x21c>
10006986:	68b3      	ldr	r3, [r6, #8]
10006988:	f3c3 520a 	ubfx	r2, r3, #20, #11
1000698c:	4572      	cmp	r2, lr
1000698e:	f000 8130 	beq.w	10006bf2 <lfs_dir_commit+0x4ca>
10006992:	454a      	cmp	r2, r9
10006994:	f000 8198 	beq.w	10006cc8 <lfs_dir_commit+0x5a0>
10006998:	2d02      	cmp	r5, #2
1000699a:	d0d3      	beq.n	10006944 <lfs_dir_commit+0x21c>
1000699c:	6933      	ldr	r3, [r6, #16]
1000699e:	f3c3 520a 	ubfx	r2, r3, #20, #11
100069a2:	4572      	cmp	r2, lr
100069a4:	f000 8137 	beq.w	10006c16 <lfs_dir_commit+0x4ee>
100069a8:	454a      	cmp	r2, r9
100069aa:	f000 81c8 	beq.w	10006d3e <lfs_dir_commit+0x616>
100069ae:	2d03      	cmp	r5, #3
100069b0:	d0c8      	beq.n	10006944 <lfs_dir_commit+0x21c>
100069b2:	69b3      	ldr	r3, [r6, #24]
100069b4:	f3c3 520a 	ubfx	r2, r3, #20, #11
100069b8:	4572      	cmp	r2, lr
100069ba:	f000 8173 	beq.w	10006ca4 <lfs_dir_commit+0x57c>
100069be:	454a      	cmp	r2, r9
100069c0:	f000 81cd 	beq.w	10006d5e <lfs_dir_commit+0x636>
100069c4:	2d05      	cmp	r5, #5
100069c6:	d1bd      	bne.n	10006944 <lfs_dir_commit+0x21c>
100069c8:	6a33      	ldr	r3, [r6, #32]
100069ca:	f3c3 520a 	ubfx	r2, r3, #20, #11
100069ce:	4572      	cmp	r2, lr
100069d0:	f000 81a3 	beq.w	10006d1a <lfs_dir_commit+0x5f2>
100069d4:	454a      	cmp	r2, r9
100069d6:	d1b5      	bne.n	10006944 <lfs_dir_commit+0x21c>
100069d8:	88a2      	ldrh	r2, [r4, #4]
100069da:	f3c3 2389 	ubfx	r3, r3, #10, #10
100069de:	429a      	cmp	r2, r3
100069e0:	d3b0      	bcc.n	10006944 <lfs_dir_commit+0x21c>
100069e2:	79a3      	ldrb	r3, [r4, #6]
100069e4:	3201      	adds	r2, #1
100069e6:	2b02      	cmp	r3, #2
100069e8:	80a2      	strh	r2, [r4, #4]
100069ea:	d1ab      	bne.n	10006944 <lfs_dir_commit+0x21c>
100069ec:	6aa3      	ldr	r3, [r4, #40]	@ 0x28
100069ee:	3301      	adds	r3, #1
100069f0:	62a3      	str	r3, [r4, #40]	@ 0x28
100069f2:	e7a7      	b.n	10006944 <lfs_dir_commit+0x21c>
100069f4:	f04f 33ff 	mov.w	r3, #4294967295	@ 0xffffffff
100069f8:	f8da 2068 	ldr.w	r2, [sl, #104]	@ 0x68
100069fc:	9319      	str	r3, [sp, #100]	@ 0x64
100069fe:	682b      	ldr	r3, [r5, #0]
10006a00:	f8d5 b00c 	ldr.w	fp, [r5, #12]
10006a04:	692c      	ldr	r4, [r5, #16]
10006a06:	9316      	str	r3, [sp, #88]	@ 0x58
10006a08:	6c53      	ldr	r3, [r2, #68]	@ 0x44
10006a0a:	f8cd b05c 	str.w	fp, [sp, #92]	@ 0x5c
10006a0e:	f8cd b068 	str.w	fp, [sp, #104]	@ 0x68
10006a12:	9418      	str	r4, [sp, #96]	@ 0x60
10006a14:	2b00      	cmp	r3, #0
10006a16:	f000 80d8 	beq.w	10006bca <lfs_dir_commit+0x4a2>
10006a1a:	3b08      	subs	r3, #8
10006a1c:	931b      	str	r3, [sp, #108]	@ 0x6c
10006a1e:	ab16      	add	r3, sp, #88	@ 0x58
10006a20:	9308      	str	r3, [sp, #32]
10006a22:	462b      	mov	r3, r5
10006a24:	f8dd 9010 	ldr.w	r9, [sp, #16]
10006a28:	4659      	mov	r1, fp
10006a2a:	464d      	mov	r5, r9
10006a2c:	46b0      	mov	r8, r6
10006a2e:	4699      	mov	r9, r3
10006a30:	9705      	str	r7, [sp, #20]
10006a32:	9606      	str	r6, [sp, #24]
10006a34:	e01c      	b.n	10006a70 <lfs_dir_commit+0x348>
10006a36:	2d00      	cmp	r5, #0
10006a38:	d04e      	beq.n	10006ad8 <lfs_dir_commit+0x3b0>
10006a3a:	f8d8 1000 	ldr.w	r1, [r8]
10006a3e:	f8d8 2004 	ldr.w	r2, [r8, #4]
10006a42:	3d01      	subs	r5, #1
10006a44:	9109      	str	r1, [sp, #36]	@ 0x24
10006a46:	f108 0808 	add.w	r8, r8, #8
10006a4a:	f3c1 530a 	ubfx	r3, r1, #20, #11
10006a4e:	b16b      	cbz	r3, 10006a6c <lfs_dir_commit+0x344>
10006a50:	f240 1001 	movw	r0, #257	@ 0x101
10006a54:	4283      	cmp	r3, r0
10006a56:	d07d      	beq.n	10006b54 <lfs_dir_commit+0x42c>
10006a58:	f5b3 7f81 	cmp.w	r3, #258	@ 0x102
10006a5c:	f000 80fd 	beq.w	10006c5a <lfs_dir_commit+0x532>
10006a60:	9808      	ldr	r0, [sp, #32]
10006a62:	f7fd faaf 	bl	10003fc4 <lfs_dir_commitattr>
10006a66:	2800      	cmp	r0, #0
10006a68:	f040 8085 	bne.w	10006b76 <lfs_dir_commit+0x44e>
10006a6c:	f8d9 100c 	ldr.w	r1, [r9, #12]
10006a70:	f344 0209 	sbfx	r2, r4, #0, #10
10006a74:	f1b2 3fff 	cmp.w	r2, #4294967295	@ 0xffffffff
10006a78:	bf14      	ite	ne
10006a7a:	4623      	movne	r3, r4
10006a7c:	1c63      	addeq	r3, r4, #1
10006a7e:	f10b 0204 	add.w	r2, fp, #4
10006a82:	f3c3 0309 	ubfx	r3, r3, #0, #10
10006a86:	189e      	adds	r6, r3, r2
10006a88:	428e      	cmp	r6, r1
10006a8a:	d2d4      	bcs.n	10006a36 <lfs_dir_commit+0x30e>
10006a8c:	f8da 1068 	ldr.w	r1, [sl, #104]	@ 0x68
10006a90:	f8d9 2000 	ldr.w	r2, [r9]
10006a94:	69c8      	ldr	r0, [r1, #28]
10006a96:	4282      	cmp	r2, r0
10006a98:	f080 8235 	bcs.w	10006f06 <lfs_dir_commit+0x7de>
10006a9c:	6989      	ldr	r1, [r1, #24]
10006a9e:	1d37      	adds	r7, r6, #4
10006aa0:	428f      	cmp	r7, r1
10006aa2:	f200 8230 	bhi.w	10006f06 <lfs_dir_commit+0x7de>
10006aa6:	2304      	movs	r3, #4
10006aa8:	9301      	str	r3, [sp, #4]
10006aaa:	ab09      	add	r3, sp, #36	@ 0x24
10006aac:	9300      	str	r3, [sp, #0]
10006aae:	2104      	movs	r1, #4
10006ab0:	4633      	mov	r3, r6
10006ab2:	48b3      	ldr	r0, [pc, #716]	@ (10006d80 <lfs_dir_commit+0x658>)
10006ab4:	f7fc fd96 	bl	100035e4 <lfs_bd_read.part.0.constprop.0>
10006ab8:	2800      	cmp	r0, #0
10006aba:	d15c      	bne.n	10006b76 <lfs_dir_commit+0x44e>
10006abc:	9909      	ldr	r1, [sp, #36]	@ 0x24
10006abe:	f8d9 3000 	ldr.w	r3, [r9]
10006ac2:	ba09      	rev	r1, r1
10006ac4:	4061      	eors	r1, r4
10006ac6:	f041 4100 	orr.w	r1, r1, #2147483648	@ 0x80000000
10006aca:	46b3      	mov	fp, r6
10006acc:	460c      	mov	r4, r1
10006ace:	970b      	str	r7, [sp, #44]	@ 0x2c
10006ad0:	9109      	str	r1, [sp, #36]	@ 0x24
10006ad2:	930a      	str	r3, [sp, #40]	@ 0x28
10006ad4:	aa0a      	add	r2, sp, #40	@ 0x28
10006ad6:	e7b8      	b.n	10006a4a <lfs_dir_commit+0x322>
10006ad8:	f8da 203c 	ldr.w	r2, [sl, #60]	@ 0x3c
10006adc:	f8da 3030 	ldr.w	r3, [sl, #48]	@ 0x30
10006ae0:	f8da 1038 	ldr.w	r1, [sl, #56]	@ 0x38
10006ae4:	4053      	eors	r3, r2
10006ae6:	f8da 2044 	ldr.w	r2, [sl, #68]	@ 0x44
10006aea:	f8da 0034 	ldr.w	r0, [sl, #52]	@ 0x34
10006aee:	4051      	eors	r1, r2
10006af0:	f8da 2048 	ldr.w	r2, [sl, #72]	@ 0x48
10006af4:	464d      	mov	r5, r9
10006af6:	4053      	eors	r3, r2
10006af8:	f8da 2040 	ldr.w	r2, [sl, #64]	@ 0x40
10006afc:	f423 737f 	bic.w	r3, r3, #1020	@ 0x3fc
10006b00:	4042      	eors	r2, r0
10006b02:	f8da 004c 	ldr.w	r0, [sl, #76]	@ 0x4c
10006b06:	f023 0303 	bic.w	r3, r3, #3
10006b0a:	4042      	eors	r2, r0
10006b0c:	f8da 0050 	ldr.w	r0, [sl, #80]	@ 0x50
10006b10:	920b      	str	r2, [sp, #44]	@ 0x2c
10006b12:	4041      	eors	r1, r0
10006b14:	430a      	orrs	r2, r1
10006b16:	431a      	orrs	r2, r3
10006b18:	9f05      	ldr	r7, [sp, #20]
10006b1a:	9e06      	ldr	r6, [sp, #24]
10006b1c:	930a      	str	r3, [sp, #40]	@ 0x28
10006b1e:	910c      	str	r1, [sp, #48]	@ 0x30
10006b20:	f040 8199 	bne.w	10006e56 <lfs_dir_commit+0x72e>
10006b24:	a816      	add	r0, sp, #88	@ 0x58
10006b26:	f7fd fb53 	bl	100041d0 <lfs_dir_commitcrc>
10006b2a:	4684      	mov	ip, r0
10006b2c:	2800      	cmp	r0, #0
10006b2e:	f000 8145 	beq.w	10006dbc <lfs_dir_commit+0x694>
10006b32:	f11c 0f0b 	cmn.w	ip, #11
10006b36:	d025      	beq.n	10006b84 <lfs_dir_commit+0x45c>
10006b38:	f11c 0f02 	cmn.w	ip, #2
10006b3c:	d022      	beq.n	10006b84 <lfs_dir_commit+0x45c>
10006b3e:	ac0e      	add	r4, sp, #56	@ 0x38
10006b40:	cc0f      	ldmia	r4!, {r0, r1, r2, r3}
10006b42:	c50f      	stmia	r5!, {r0, r1, r2, r3}
10006b44:	e894 000f 	ldmia.w	r4, {r0, r1, r2, r3}
10006b48:	e885 000f 	stmia.w	r5, {r0, r1, r2, r3}
10006b4c:	4660      	mov	r0, ip
10006b4e:	b01f      	add	sp, #124	@ 0x7c
10006b50:	e8bd 8ff0 	ldmia.w	sp!, {r4, r5, r6, r7, r8, r9, sl, fp, pc}
10006b54:	4b8b      	ldr	r3, [pc, #556]	@ (10006d84 <lfs_dir_commit+0x65c>)
10006b56:	4610      	mov	r0, r2
10006b58:	9300      	str	r3, [sp, #0]
10006b5a:	f3c1 0209 	ubfx	r2, r1, #0, #10
10006b5e:	f3c1 2389 	ubfx	r3, r1, #10, #10
10006b62:	a908      	add	r1, sp, #32
10006b64:	1a9b      	subs	r3, r3, r2
10006b66:	9101      	str	r1, [sp, #4]
10006b68:	4611      	mov	r1, r2
10006b6a:	3201      	adds	r2, #1
10006b6c:	f7ff fc72 	bl	10006454 <lfs_dir_traverse.constprop.2>
10006b70:	2800      	cmp	r0, #0
10006b72:	f43f af7b 	beq.w	10006a6c <lfs_dir_commit+0x344>
10006b76:	4684      	mov	ip, r0
10006b78:	464d      	mov	r5, r9
10006b7a:	9f05      	ldr	r7, [sp, #20]
10006b7c:	9e06      	ldr	r6, [sp, #24]
10006b7e:	f11c 0f0b 	cmn.w	ip, #11
10006b82:	d1d9      	bne.n	10006b38 <lfs_dir_commit+0x410>
10006b84:	8aab      	ldrh	r3, [r5, #20]
10006b86:	e6b3      	b.n	100068f0 <lfs_dir_commit+0x1c8>
10006b88:	f105 0820 	add.w	r8, r5, #32
10006b8c:	f105 0608 	add.w	r6, r5, #8
10006b90:	88aa      	ldrh	r2, [r5, #4]
10006b92:	8bab      	ldrh	r3, [r5, #28]
10006b94:	429a      	cmp	r2, r3
10006b96:	eba2 0103 	sub.w	r1, r2, r3
10006b9a:	f0c0 80b8 	bcc.w	10006d0e <lfs_dir_commit+0x5e6>
10006b9e:	7feb      	ldrb	r3, [r5, #31]
10006ba0:	2b00      	cmp	r3, #0
10006ba2:	f000 80b4 	beq.w	10006d0e <lfs_dir_commit+0x5e6>
10006ba6:	f04f 33ff 	mov.w	r3, #4294967295	@ 0xffffffff
10006baa:	80a9      	strh	r1, [r5, #4]
10006bac:	4630      	mov	r0, r6
10006bae:	4641      	mov	r1, r8
10006bb0:	461a      	mov	r2, r3
10006bb2:	e9cd 4401 	strd	r4, r4, [sp, #4]
10006bb6:	9400      	str	r4, [sp, #0]
10006bb8:	f7fd fc7e 	bl	100044b8 <lfs_dir_fetchmatch>
10006bbc:	2800      	cmp	r0, #0
10006bbe:	d0e7      	beq.n	10006b90 <lfs_dir_commit+0x468>
10006bc0:	4684      	mov	ip, r0
10006bc2:	4660      	mov	r0, ip
10006bc4:	b01f      	add	sp, #124	@ 0x7c
10006bc6:	e8bd 8ff0 	ldmia.w	sp!, {r4, r5, r6, r7, r8, r9, sl, fp, pc}
10006bca:	6993      	ldr	r3, [r2, #24]
10006bcc:	e725      	b.n	10006a1a <lfs_dir_commit+0x2f2>
10006bce:	88a2      	ldrh	r2, [r4, #4]
10006bd0:	f3c3 2389 	ubfx	r3, r3, #10, #10
10006bd4:	4293      	cmp	r3, r2
10006bd6:	f000 8126 	beq.w	10006e26 <lfs_dir_commit+0x6fe>
10006bda:	f4bf aed2 	bcs.w	10006982 <lfs_dir_commit+0x25a>
10006bde:	79a3      	ldrb	r3, [r4, #6]
10006be0:	3a01      	subs	r2, #1
10006be2:	2b02      	cmp	r3, #2
10006be4:	80a2      	strh	r2, [r4, #4]
10006be6:	f47f aecc 	bne.w	10006982 <lfs_dir_commit+0x25a>
10006bea:	6aa3      	ldr	r3, [r4, #40]	@ 0x28
10006bec:	3b01      	subs	r3, #1
10006bee:	62a3      	str	r3, [r4, #40]	@ 0x28
10006bf0:	e6c7      	b.n	10006982 <lfs_dir_commit+0x25a>
10006bf2:	88a2      	ldrh	r2, [r4, #4]
10006bf4:	f3c3 2389 	ubfx	r3, r3, #10, #10
10006bf8:	4293      	cmp	r3, r2
10006bfa:	f000 811d 	beq.w	10006e38 <lfs_dir_commit+0x710>
10006bfe:	f4bf aecb 	bcs.w	10006998 <lfs_dir_commit+0x270>
10006c02:	79a3      	ldrb	r3, [r4, #6]
10006c04:	3a01      	subs	r2, #1
10006c06:	2b02      	cmp	r3, #2
10006c08:	80a2      	strh	r2, [r4, #4]
10006c0a:	f47f aec5 	bne.w	10006998 <lfs_dir_commit+0x270>
10006c0e:	6aa3      	ldr	r3, [r4, #40]	@ 0x28
10006c10:	3b01      	subs	r3, #1
10006c12:	62a3      	str	r3, [r4, #40]	@ 0x28
10006c14:	e6c0      	b.n	10006998 <lfs_dir_commit+0x270>
10006c16:	88a2      	ldrh	r2, [r4, #4]
10006c18:	f3c3 2389 	ubfx	r3, r3, #10, #10
10006c1c:	4293      	cmp	r3, r2
10006c1e:	f000 812b 	beq.w	10006e78 <lfs_dir_commit+0x750>
10006c22:	f4bf aec4 	bcs.w	100069ae <lfs_dir_commit+0x286>
10006c26:	79a3      	ldrb	r3, [r4, #6]
10006c28:	3a01      	subs	r2, #1
10006c2a:	2b02      	cmp	r3, #2
10006c2c:	80a2      	strh	r2, [r4, #4]
10006c2e:	f47f aebe 	bne.w	100069ae <lfs_dir_commit+0x286>
10006c32:	6aa3      	ldr	r3, [r4, #40]	@ 0x28
10006c34:	3b01      	subs	r3, #1
10006c36:	62a3      	str	r3, [r4, #40]	@ 0x28
10006c38:	e6b9      	b.n	100069ae <lfs_dir_commit+0x286>
10006c3a:	88a2      	ldrh	r2, [r4, #4]
10006c3c:	f3c3 2389 	ubfx	r3, r3, #10, #10
10006c40:	429a      	cmp	r2, r3
10006c42:	f4ff ae9e 	bcc.w	10006982 <lfs_dir_commit+0x25a>
10006c46:	79a3      	ldrb	r3, [r4, #6]
10006c48:	3201      	adds	r2, #1
10006c4a:	2b02      	cmp	r3, #2
10006c4c:	80a2      	strh	r2, [r4, #4]
10006c4e:	f47f ae98 	bne.w	10006982 <lfs_dir_commit+0x25a>
10006c52:	6aa3      	ldr	r3, [r4, #40]	@ 0x28
10006c54:	3301      	adds	r3, #1
10006c56:	62a3      	str	r3, [r4, #40]	@ 0x28
10006c58:	e693      	b.n	10006982 <lfs_dir_commit+0x25a>
10006c5a:	f3c1 0309 	ubfx	r3, r1, #0, #10
10006c5e:	2b00      	cmp	r3, #0
10006c60:	f43f af04 	beq.w	10006a6c <lfs_dir_commit+0x344>
10006c64:	4617      	mov	r7, r2
10006c66:	2600      	movs	r6, #0
10006c68:	e005      	b.n	10006c76 <lfs_dir_commit+0x54e>
10006c6a:	9909      	ldr	r1, [sp, #36]	@ 0x24
10006c6c:	f3c1 0309 	ubfx	r3, r1, #0, #10
10006c70:	429e      	cmp	r6, r3
10006c72:	f4bf aefb 	bcs.w	10006a6c <lfs_dir_commit+0x344>
10006c76:	783a      	ldrb	r2, [r7, #0]
10006c78:	68bb      	ldr	r3, [r7, #8]
10006c7a:	f502 7240 	add.w	r2, r2, #768	@ 0x300
10006c7e:	ea43 5302 	orr.w	r3, r3, r2, lsl #20
10006c82:	f3c1 2189 	ubfx	r1, r1, #10, #10
10006c86:	687a      	ldr	r2, [r7, #4]
10006c88:	9808      	ldr	r0, [sp, #32]
10006c8a:	ea43 2181 	orr.w	r1, r3, r1, lsl #10
10006c8e:	f7fd f999 	bl	10003fc4 <lfs_dir_commitattr>
10006c92:	3601      	adds	r6, #1
10006c94:	370c      	adds	r7, #12
10006c96:	2800      	cmp	r0, #0
10006c98:	d0e7      	beq.n	10006c6a <lfs_dir_commit+0x542>
10006c9a:	4684      	mov	ip, r0
10006c9c:	464d      	mov	r5, r9
10006c9e:	9f05      	ldr	r7, [sp, #20]
10006ca0:	9e06      	ldr	r6, [sp, #24]
10006ca2:	e76c      	b.n	10006b7e <lfs_dir_commit+0x456>
10006ca4:	88a2      	ldrh	r2, [r4, #4]
10006ca6:	f3c3 2389 	ubfx	r3, r3, #10, #10
10006caa:	4293      	cmp	r3, r2
10006cac:	f000 80f3 	beq.w	10006e96 <lfs_dir_commit+0x76e>
10006cb0:	f4bf ae88 	bcs.w	100069c4 <lfs_dir_commit+0x29c>
10006cb4:	79a3      	ldrb	r3, [r4, #6]
10006cb6:	3a01      	subs	r2, #1
10006cb8:	2b02      	cmp	r3, #2
10006cba:	80a2      	strh	r2, [r4, #4]
10006cbc:	f47f ae82 	bne.w	100069c4 <lfs_dir_commit+0x29c>
10006cc0:	6aa3      	ldr	r3, [r4, #40]	@ 0x28
10006cc2:	3b01      	subs	r3, #1
10006cc4:	62a3      	str	r3, [r4, #40]	@ 0x28
10006cc6:	e67d      	b.n	100069c4 <lfs_dir_commit+0x29c>
10006cc8:	88a2      	ldrh	r2, [r4, #4]
10006cca:	f3c3 2389 	ubfx	r3, r3, #10, #10
10006cce:	4293      	cmp	r3, r2
10006cd0:	f63f ae62 	bhi.w	10006998 <lfs_dir_commit+0x270>
10006cd4:	79a3      	ldrb	r3, [r4, #6]
10006cd6:	3201      	adds	r2, #1
10006cd8:	2b02      	cmp	r3, #2
10006cda:	80a2      	strh	r2, [r4, #4]
10006cdc:	f47f ae5c 	bne.w	10006998 <lfs_dir_commit+0x270>
10006ce0:	6aa3      	ldr	r3, [r4, #40]	@ 0x28
10006ce2:	3301      	adds	r3, #1
10006ce4:	62a3      	str	r3, [r4, #40]	@ 0x28
10006ce6:	e657      	b.n	10006998 <lfs_dir_commit+0x270>
10006ce8:	f8dd 8014 	ldr.w	r8, [sp, #20]
10006cec:	f8dd 901c 	ldr.w	r9, [sp, #28]
10006cf0:	4645      	mov	r5, r8
10006cf2:	68ab      	ldr	r3, [r5, #8]
10006cf4:	42bb      	cmp	r3, r7
10006cf6:	f43f af47 	beq.w	10006b88 <lfs_dir_commit+0x460>
10006cfa:	68ea      	ldr	r2, [r5, #12]
10006cfc:	4591      	cmp	r9, r2
10006cfe:	f43f af43 	beq.w	10006b88 <lfs_dir_commit+0x460>
10006d02:	4599      	cmp	r9, r3
10006d04:	f43f af40 	beq.w	10006b88 <lfs_dir_commit+0x460>
10006d08:	42ba      	cmp	r2, r7
10006d0a:	f43f af3d 	beq.w	10006b88 <lfs_dir_commit+0x460>
10006d0e:	682d      	ldr	r5, [r5, #0]
10006d10:	2d00      	cmp	r5, #0
10006d12:	d1ee      	bne.n	10006cf2 <lfs_dir_commit+0x5ca>
10006d14:	f04f 0c00 	mov.w	ip, #0
10006d18:	e753      	b.n	10006bc2 <lfs_dir_commit+0x49a>
10006d1a:	88a2      	ldrh	r2, [r4, #4]
10006d1c:	f3c3 2389 	ubfx	r3, r3, #10, #10
10006d20:	429a      	cmp	r2, r3
10006d22:	f000 80cb 	beq.w	10006ebc <lfs_dir_commit+0x794>
10006d26:	f67f ae0d 	bls.w	10006944 <lfs_dir_commit+0x21c>
10006d2a:	79a3      	ldrb	r3, [r4, #6]
10006d2c:	3a01      	subs	r2, #1
10006d2e:	2b02      	cmp	r3, #2
10006d30:	80a2      	strh	r2, [r4, #4]
10006d32:	f47f ae07 	bne.w	10006944 <lfs_dir_commit+0x21c>
10006d36:	6aa3      	ldr	r3, [r4, #40]	@ 0x28
10006d38:	3b01      	subs	r3, #1
10006d3a:	62a3      	str	r3, [r4, #40]	@ 0x28
10006d3c:	e602      	b.n	10006944 <lfs_dir_commit+0x21c>
10006d3e:	88a2      	ldrh	r2, [r4, #4]
10006d40:	f3c3 2389 	ubfx	r3, r3, #10, #10
10006d44:	4293      	cmp	r3, r2
10006d46:	f63f ae32 	bhi.w	100069ae <lfs_dir_commit+0x286>
10006d4a:	79a3      	ldrb	r3, [r4, #6]
10006d4c:	3201      	adds	r2, #1
10006d4e:	2b02      	cmp	r3, #2
10006d50:	80a2      	strh	r2, [r4, #4]
10006d52:	f47f ae2c 	bne.w	100069ae <lfs_dir_commit+0x286>
10006d56:	6aa3      	ldr	r3, [r4, #40]	@ 0x28
10006d58:	3301      	adds	r3, #1
10006d5a:	62a3      	str	r3, [r4, #40]	@ 0x28
10006d5c:	e627      	b.n	100069ae <lfs_dir_commit+0x286>
10006d5e:	88a2      	ldrh	r2, [r4, #4]
10006d60:	f3c3 2389 	ubfx	r3, r3, #10, #10
10006d64:	4293      	cmp	r3, r2
10006d66:	f63f ae2d 	bhi.w	100069c4 <lfs_dir_commit+0x29c>
10006d6a:	79a3      	ldrb	r3, [r4, #6]
10006d6c:	3201      	adds	r2, #1
10006d6e:	2b02      	cmp	r3, #2
10006d70:	80a2      	strh	r2, [r4, #4]
10006d72:	f47f ae27 	bne.w	100069c4 <lfs_dir_commit+0x29c>
10006d76:	6aa3      	ldr	r3, [r4, #40]	@ 0x28
10006d78:	3301      	adds	r3, #1
10006d7a:	62a3      	str	r3, [r4, #40]	@ 0x28
10006d7c:	e622      	b.n	100069c4 <lfs_dir_commit+0x29c>
10006d7e:	bf00      	nop
10006d80:	200012d0 	.word	0x200012d0
10006d84:	100041c9 	.word	0x100041c9
10006d88:	8aab      	ldrh	r3, [r5, #20]
10006d8a:	3301      	adds	r3, #1
10006d8c:	82ab      	strh	r3, [r5, #20]
10006d8e:	e539      	b.n	10006804 <lfs_dir_commit+0xdc>
10006d90:	8aab      	ldrh	r3, [r5, #20]
10006d92:	3301      	adds	r3, #1
10006d94:	82ab      	strh	r3, [r5, #20]
10006d96:	e556      	b.n	10006846 <lfs_dir_commit+0x11e>
10006d98:	8aab      	ldrh	r3, [r5, #20]
10006d9a:	3301      	adds	r3, #1
10006d9c:	82ab      	strh	r3, [r5, #20]
10006d9e:	e56a      	b.n	10006876 <lfs_dir_commit+0x14e>
10006da0:	8aab      	ldrh	r3, [r5, #20]
10006da2:	3301      	adds	r3, #1
10006da4:	82ab      	strh	r3, [r5, #20]
10006da6:	e57e      	b.n	100068a6 <lfs_dir_commit+0x17e>
10006da8:	8aab      	ldrh	r3, [r5, #20]
10006daa:	3b01      	subs	r3, #1
10006dac:	82ab      	strh	r3, [r5, #20]
10006dae:	9b04      	ldr	r3, [sp, #16]
10006db0:	2b01      	cmp	r3, #1
10006db2:	bf18      	it	ne
10006db4:	2201      	movne	r2, #1
10006db6:	f47f ad2a 	bne.w	1000680e <lfs_dir_commit+0xe6>
10006dba:	e58d      	b.n	100068d8 <lfs_dir_commit+0x1b0>
10006dbc:	9a18      	ldr	r2, [sp, #96]	@ 0x60
10006dbe:	4b54      	ldr	r3, [pc, #336]	@ (10006f10 <lfs_dir_commit+0x7e8>)
10006dc0:	612a      	str	r2, [r5, #16]
10006dc2:	9a17      	ldr	r2, [sp, #92]	@ 0x5c
10006dc4:	60ea      	str	r2, [r5, #12]
10006dc6:	e9c3 0004 	strd	r0, r0, [r3, #16]
10006dca:	f8ca 0048 	str.w	r0, [sl, #72]	@ 0x48
10006dce:	e913 0007 	ldmdb	r3, {r0, r1, r2}
10006dd2:	e883 0007 	stmia.w	r3, {r0, r1, r2}
10006dd6:	e59c      	b.n	10006912 <lfs_dir_commit+0x1ea>
10006dd8:	4628      	mov	r0, r5
10006dda:	a916      	add	r1, sp, #88	@ 0x58
10006ddc:	f7fd fefe 	bl	10004bdc <lfs_fs_pred>
10006de0:	4684      	mov	ip, r0
10006de2:	2800      	cmp	r0, #0
10006de4:	d06f      	beq.n	10006ec6 <lfs_dir_commit+0x79e>
10006de6:	f110 0f03 	cmn.w	r0, #3
10006dea:	f47f aea8 	bne.w	10006b3e <lfs_dir_commit+0x416>
10006dee:	e577      	b.n	100068e0 <lfs_dir_commit+0x1b8>
10006df0:	6973      	ldr	r3, [r6, #20]
10006df2:	f004 0401 	and.w	r4, r4, #1
10006df6:	6819      	ldr	r1, [r3, #0]
10006df8:	61a9      	str	r1, [r5, #24]
10006dfa:	685b      	ldr	r3, [r3, #4]
10006dfc:	75ec      	strb	r4, [r5, #23]
10006dfe:	61eb      	str	r3, [r5, #28]
10006e00:	e539      	b.n	10006876 <lfs_dir_commit+0x14e>
10006e02:	69f3      	ldr	r3, [r6, #28]
10006e04:	f004 0401 	and.w	r4, r4, #1
10006e08:	6819      	ldr	r1, [r3, #0]
10006e0a:	61a9      	str	r1, [r5, #24]
10006e0c:	685b      	ldr	r3, [r3, #4]
10006e0e:	75ec      	strb	r4, [r5, #23]
10006e10:	61eb      	str	r3, [r5, #28]
10006e12:	e548      	b.n	100068a6 <lfs_dir_commit+0x17e>
10006e14:	6a73      	ldr	r3, [r6, #36]	@ 0x24
10006e16:	f004 0401 	and.w	r4, r4, #1
10006e1a:	6819      	ldr	r1, [r3, #0]
10006e1c:	61a9      	str	r1, [r5, #24]
10006e1e:	685b      	ldr	r3, [r3, #4]
10006e20:	75ec      	strb	r4, [r5, #23]
10006e22:	61eb      	str	r3, [r5, #28]
10006e24:	e557      	b.n	100068d6 <lfs_dir_commit+0x1ae>
10006e26:	f04f 33ff 	mov.w	r3, #4294967295	@ 0xffffffff
10006e2a:	e9c4 3302 	strd	r3, r3, [r4, #8]
10006e2e:	e5a8      	b.n	10006982 <lfs_dir_commit+0x25a>
10006e30:	8aab      	ldrh	r3, [r5, #20]
10006e32:	3301      	adds	r3, #1
10006e34:	82ab      	strh	r3, [r5, #20]
10006e36:	e54e      	b.n	100068d6 <lfs_dir_commit+0x1ae>
10006e38:	f04f 33ff 	mov.w	r3, #4294967295	@ 0xffffffff
10006e3c:	e9c4 3302 	strd	r3, r3, [r4, #8]
10006e40:	e5aa      	b.n	10006998 <lfs_dir_commit+0x270>
10006e42:	8aab      	ldrh	r3, [r5, #20]
10006e44:	3b01      	subs	r3, #1
10006e46:	82ab      	strh	r3, [r5, #20]
10006e48:	9b04      	ldr	r3, [sp, #16]
10006e4a:	2b02      	cmp	r3, #2
10006e4c:	bfc8      	it	gt
10006e4e:	2201      	movgt	r2, #1
10006e50:	f73f acfc 	bgt.w	1000684c <lfs_dir_commit+0x124>
10006e54:	e540      	b.n	100068d8 <lfs_dir_commit+0x1b0>
10006e56:	4628      	mov	r0, r5
10006e58:	a90a      	add	r1, sp, #40	@ 0x28
10006e5a:	f7fd feff 	bl	10004c5c <lfs_dir_getgstate>
10006e5e:	4684      	mov	ip, r0
10006e60:	2800      	cmp	r0, #0
10006e62:	f47f ae6c 	bne.w	10006b3e <lfs_dir_commit+0x416>
10006e66:	a90a      	add	r1, sp, #40	@ 0x28
10006e68:	a816      	add	r0, sp, #88	@ 0x58
10006e6a:	f7fc ff5b 	bl	10003d24 <lfs_dir_commitattr.constprop.0>
10006e6e:	4684      	mov	ip, r0
10006e70:	2800      	cmp	r0, #0
10006e72:	f43f ae57 	beq.w	10006b24 <lfs_dir_commit+0x3fc>
10006e76:	e65c      	b.n	10006b32 <lfs_dir_commit+0x40a>
10006e78:	f04f 33ff 	mov.w	r3, #4294967295	@ 0xffffffff
10006e7c:	e9c4 3302 	strd	r3, r3, [r4, #8]
10006e80:	e595      	b.n	100069ae <lfs_dir_commit+0x286>
10006e82:	8aab      	ldrh	r3, [r5, #20]
10006e84:	3b01      	subs	r3, #1
10006e86:	82ab      	strh	r3, [r5, #20]
10006e88:	9b04      	ldr	r3, [sp, #16]
10006e8a:	2b03      	cmp	r3, #3
10006e8c:	bfc8      	it	gt
10006e8e:	2201      	movgt	r2, #1
10006e90:	f73f acf4 	bgt.w	1000687c <lfs_dir_commit+0x154>
10006e94:	e520      	b.n	100068d8 <lfs_dir_commit+0x1b0>
10006e96:	f04f 33ff 	mov.w	r3, #4294967295	@ 0xffffffff
10006e9a:	e9c4 3302 	strd	r3, r3, [r4, #8]
10006e9e:	e591      	b.n	100069c4 <lfs_dir_commit+0x29c>
10006ea0:	8aab      	ldrh	r3, [r5, #20]
10006ea2:	3b01      	subs	r3, #1
10006ea4:	82ab      	strh	r3, [r5, #20]
10006ea6:	9b04      	ldr	r3, [sp, #16]
10006ea8:	2b05      	cmp	r3, #5
10006eaa:	bf08      	it	eq
10006eac:	2201      	moveq	r2, #1
10006eae:	f43f acfd 	beq.w	100068ac <lfs_dir_commit+0x184>
10006eb2:	e511      	b.n	100068d8 <lfs_dir_commit+0x1b0>
10006eb4:	8aab      	ldrh	r3, [r5, #20]
10006eb6:	3b01      	subs	r3, #1
10006eb8:	82ab      	strh	r3, [r5, #20]
10006eba:	e50d      	b.n	100068d8 <lfs_dir_commit+0x1b0>
10006ebc:	f04f 33ff 	mov.w	r3, #4294967295	@ 0xffffffff
10006ec0:	e9c4 3302 	strd	r3, r3, [r4, #8]
10006ec4:	e53e      	b.n	10006944 <lfs_dir_commit+0x21c>
10006ec6:	f89d 306f 	ldrb.w	r3, [sp, #111]	@ 0x6f
10006eca:	2b00      	cmp	r3, #0
10006ecc:	f43f ad08 	beq.w	100068e0 <lfs_dir_commit+0x1b8>
10006ed0:	4628      	mov	r0, r5
10006ed2:	4910      	ldr	r1, [pc, #64]	@ (10006f14 <lfs_dir_commit+0x7ec>)
10006ed4:	f7fd fec2 	bl	10004c5c <lfs_dir_getgstate>
10006ed8:	4684      	mov	ip, r0
10006eda:	2800      	cmp	r0, #0
10006edc:	f47f ae2f 	bne.w	10006b3e <lfs_dir_commit+0x416>
10006ee0:	7dea      	ldrb	r2, [r5, #23]
10006ee2:	4b0d      	ldr	r3, [pc, #52]	@ (10006f18 <lfs_dir_commit+0x7f0>)
10006ee4:	f502 62c0 	add.w	r2, r2, #1536	@ 0x600
10006ee8:	ea43 5302 	orr.w	r3, r3, r2, lsl #20
10006eec:	930a      	str	r3, [sp, #40]	@ 0x28
10006eee:	a816      	add	r0, sp, #88	@ 0x58
10006ef0:	f105 0318 	add.w	r3, r5, #24
10006ef4:	a90a      	add	r1, sp, #40	@ 0x28
10006ef6:	930b      	str	r3, [sp, #44]	@ 0x2c
10006ef8:	f001 ffa4 	bl	10008e44 <lfs_dir_commit.constprop.0>
10006efc:	4684      	mov	ip, r0
10006efe:	2800      	cmp	r0, #0
10006f00:	f43f acee 	beq.w	100068e0 <lfs_dir_commit+0x1b8>
10006f04:	e61b      	b.n	10006b3e <lfs_dir_commit+0x416>
10006f06:	464d      	mov	r5, r9
10006f08:	9f05      	ldr	r7, [sp, #20]
10006f0a:	9e06      	ldr	r6, [sp, #24]
10006f0c:	e63a      	b.n	10006b84 <lfs_dir_commit+0x45c>
10006f0e:	bf00      	nop
10006f10:	2000130c 	.word	0x2000130c
10006f14:	20001318 	.word	0x20001318
10006f18:	000ffc08 	.word	0x000ffc08

10006f1c <lfs_fs_relocate>:
10006f1c:	e92d 4ff0 	stmdb	sp!, {r4, r5, r6, r7, r8, r9, sl, fp, lr}
10006f20:	f8df 929c 	ldr.w	r9, [pc, #668]	@ 100071c0 <lfs_fs_relocate+0x2a4>
10006f24:	6803      	ldr	r3, [r0, #0]
10006f26:	f8d9 2020 	ldr.w	r2, [r9, #32]
10006f2a:	4605      	mov	r5, r0
10006f2c:	429a      	cmp	r2, r3
10006f2e:	460f      	mov	r7, r1
10006f30:	b091      	sub	sp, #68	@ 0x44
10006f32:	d008      	beq.n	10006f46 <lfs_fs_relocate+0x2a>
10006f34:	6840      	ldr	r0, [r0, #4]
10006f36:	f8d9 1024 	ldr.w	r1, [r9, #36]	@ 0x24
10006f3a:	4281      	cmp	r1, r0
10006f3c:	d003      	beq.n	10006f46 <lfs_fs_relocate+0x2a>
10006f3e:	4299      	cmp	r1, r3
10006f40:	d001      	beq.n	10006f46 <lfs_fs_relocate+0x2a>
10006f42:	4290      	cmp	r0, r2
10006f44:	d105      	bne.n	10006f52 <lfs_fs_relocate+0x36>
10006f46:	683b      	ldr	r3, [r7, #0]
10006f48:	f8c9 3020 	str.w	r3, [r9, #32]
10006f4c:	687b      	ldr	r3, [r7, #4]
10006f4e:	f8c9 3024 	str.w	r3, [r9, #36]	@ 0x24
10006f52:	f8d9 3028 	ldr.w	r3, [r9, #40]	@ 0x28
10006f56:	b913      	cbnz	r3, 10006f5e <lfs_fs_relocate+0x42>
10006f58:	e023      	b.n	10006fa2 <lfs_fs_relocate+0x86>
10006f5a:	681b      	ldr	r3, [r3, #0]
10006f5c:	b30b      	cbz	r3, 10006fa2 <lfs_fs_relocate+0x86>
10006f5e:	682a      	ldr	r2, [r5, #0]
10006f60:	6899      	ldr	r1, [r3, #8]
10006f62:	4291      	cmp	r1, r2
10006f64:	d055      	beq.n	10007012 <lfs_fs_relocate+0xf6>
10006f66:	686c      	ldr	r4, [r5, #4]
10006f68:	68d8      	ldr	r0, [r3, #12]
10006f6a:	42a0      	cmp	r0, r4
10006f6c:	d051      	beq.n	10007012 <lfs_fs_relocate+0xf6>
10006f6e:	4290      	cmp	r0, r2
10006f70:	d04f      	beq.n	10007012 <lfs_fs_relocate+0xf6>
10006f72:	428c      	cmp	r4, r1
10006f74:	d04d      	beq.n	10007012 <lfs_fs_relocate+0xf6>
10006f76:	799a      	ldrb	r2, [r3, #6]
10006f78:	2a02      	cmp	r2, #2
10006f7a:	d1ee      	bne.n	10006f5a <lfs_fs_relocate+0x3e>
10006f7c:	682a      	ldr	r2, [r5, #0]
10006f7e:	6ad9      	ldr	r1, [r3, #44]	@ 0x2c
10006f80:	4291      	cmp	r1, r2
10006f82:	d007      	beq.n	10006f94 <lfs_fs_relocate+0x78>
10006f84:	686c      	ldr	r4, [r5, #4]
10006f86:	6b18      	ldr	r0, [r3, #48]	@ 0x30
10006f88:	4284      	cmp	r4, r0
10006f8a:	d003      	beq.n	10006f94 <lfs_fs_relocate+0x78>
10006f8c:	4290      	cmp	r0, r2
10006f8e:	d001      	beq.n	10006f94 <lfs_fs_relocate+0x78>
10006f90:	42a1      	cmp	r1, r4
10006f92:	d1e2      	bne.n	10006f5a <lfs_fs_relocate+0x3e>
10006f94:	683a      	ldr	r2, [r7, #0]
10006f96:	62da      	str	r2, [r3, #44]	@ 0x2c
10006f98:	687a      	ldr	r2, [r7, #4]
10006f9a:	631a      	str	r2, [r3, #48]	@ 0x30
10006f9c:	681b      	ldr	r3, [r3, #0]
10006f9e:	2b00      	cmp	r3, #0
10006fa0:	d1dd      	bne.n	10006f5e <lfs_fs_relocate+0x42>
10006fa2:	2600      	movs	r6, #0
10006fa4:	2301      	movs	r3, #1
10006fa6:	e9cd 630e 	strd	r6, r3, [sp, #56]	@ 0x38
10006faa:	f8df b218 	ldr.w	fp, [pc, #536]	@ 100071c4 <lfs_fs_relocate+0x2a8>
10006fae:	f8df a218 	ldr.w	sl, [pc, #536]	@ 100071c8 <lfs_fs_relocate+0x2ac>
10006fb2:	f8d9 3068 	ldr.w	r3, [r9, #104]	@ 0x68
10006fb6:	a90e      	add	r1, sp, #56	@ 0x38
10006fb8:	69db      	ldr	r3, [r3, #28]
10006fba:	ebb6 0f53 	cmp.w	r6, r3, lsr #1
10006fbe:	f106 0601 	add.w	r6, r6, #1
10006fc2:	f080 80a3 	bcs.w	1000710c <lfs_fs_relocate+0x1f0>
10006fc6:	e9d5 3400 	ldrd	r3, r4, [r5]
10006fca:	f04f 0800 	mov.w	r8, #0
10006fce:	a804      	add	r0, sp, #16
10006fd0:	e9cd b001 	strd	fp, r0, [sp, #4]
10006fd4:	9304      	str	r3, [sp, #16]
10006fd6:	4a73      	ldr	r2, [pc, #460]	@ (100071a4 <lfs_fs_relocate+0x288>)
10006fd8:	4653      	mov	r3, sl
10006fda:	a808      	add	r0, sp, #32
10006fdc:	f8cd 8000 	str.w	r8, [sp]
10006fe0:	9405      	str	r4, [sp, #20]
10006fe2:	f7fd fa69 	bl	100044b8 <lfs_dir_fetchmatch>
10006fe6:	4604      	mov	r4, r0
10006fe8:	b108      	cbz	r0, 10006fee <lfs_fs_relocate+0xd2>
10006fea:	1cc2      	adds	r2, r0, #3
10006fec:	d148      	bne.n	10007080 <lfs_fs_relocate+0x164>
10006fee:	9b0e      	ldr	r3, [sp, #56]	@ 0x38
10006ff0:	3301      	adds	r3, #1
10006ff2:	d002      	beq.n	10006ffa <lfs_fs_relocate+0xde>
10006ff4:	9b0f      	ldr	r3, [sp, #60]	@ 0x3c
10006ff6:	3301      	adds	r3, #1
10006ff8:	d1db      	bne.n	10006fb2 <lfs_fs_relocate+0x96>
10006ffa:	4628      	mov	r0, r5
10006ffc:	a908      	add	r1, sp, #32
10006ffe:	f7fd fded 	bl	10004bdc <lfs_fs_pred>
10007002:	4604      	mov	r4, r0
10007004:	b150      	cbz	r0, 1000701c <lfs_fs_relocate+0x100>
10007006:	1cc3      	adds	r3, r0, #3
10007008:	d035      	beq.n	10007076 <lfs_fs_relocate+0x15a>
1000700a:	4620      	mov	r0, r4
1000700c:	b011      	add	sp, #68	@ 0x44
1000700e:	e8bd 8ff0 	ldmia.w	sp!, {r4, r5, r6, r7, r8, r9, sl, fp, pc}
10007012:	683a      	ldr	r2, [r7, #0]
10007014:	609a      	str	r2, [r3, #8]
10007016:	687a      	ldr	r2, [r7, #4]
10007018:	60da      	str	r2, [r3, #12]
1000701a:	e7ac      	b.n	10006f76 <lfs_fs_relocate+0x5a>
1000701c:	f8d9 2030 	ldr.w	r2, [r9, #48]	@ 0x30
10007020:	0d13      	lsrs	r3, r2, #20
10007022:	f413 6fe0 	tst.w	r3, #1792	@ 0x700
10007026:	d011      	beq.n	1000704c <lfs_fs_relocate+0x130>
10007028:	f8d9 0034 	ldr.w	r0, [r9, #52]	@ 0x34
1000702c:	9b08      	ldr	r3, [sp, #32]
1000702e:	4298      	cmp	r0, r3
10007030:	f000 8094 	beq.w	1000715c <lfs_fs_relocate+0x240>
10007034:	f8d9 4038 	ldr.w	r4, [r9, #56]	@ 0x38
10007038:	9909      	ldr	r1, [sp, #36]	@ 0x24
1000703a:	428c      	cmp	r4, r1
1000703c:	f000 808f 	beq.w	1000715e <lfs_fs_relocate+0x242>
10007040:	4288      	cmp	r0, r1
10007042:	f000 808c 	beq.w	1000715e <lfs_fs_relocate+0x242>
10007046:	42a3      	cmp	r3, r4
10007048:	f000 8089 	beq.w	1000715e <lfs_fs_relocate+0x242>
1000704c:	2300      	movs	r3, #0
1000704e:	2500      	movs	r5, #0
10007050:	f89d 4037 	ldrb.w	r4, [sp, #55]	@ 0x37
10007054:	9304      	str	r3, [sp, #16]
10007056:	4b54      	ldr	r3, [pc, #336]	@ (100071a8 <lfs_fs_relocate+0x28c>)
10007058:	f504 64c0 	add.w	r4, r4, #1536	@ 0x600
1000705c:	ea43 5304 	orr.w	r3, r3, r4, lsl #20
10007060:	2202      	movs	r2, #2
10007062:	a904      	add	r1, sp, #16
10007064:	a808      	add	r0, sp, #32
10007066:	e9cd 5305 	strd	r5, r3, [sp, #20]
1000706a:	9707      	str	r7, [sp, #28]
1000706c:	f7ff fb5c 	bl	10006728 <lfs_dir_commit>
10007070:	4604      	mov	r4, r0
10007072:	2800      	cmp	r0, #0
10007074:	d1c9      	bne.n	1000700a <lfs_fs_relocate+0xee>
10007076:	2400      	movs	r4, #0
10007078:	4620      	mov	r0, r4
1000707a:	b011      	add	sp, #68	@ 0x44
1000707c:	e8bd 8ff0 	ldmia.w	sp!, {r4, r5, r6, r7, r8, r9, sl, fp, pc}
10007080:	2800      	cmp	r0, #0
10007082:	dbc2      	blt.n	1000700a <lfs_fs_relocate+0xee>
10007084:	f8d9 2030 	ldr.w	r2, [r9, #48]	@ 0x30
10007088:	3201      	adds	r2, #1
1000708a:	f3c2 0309 	ubfx	r3, r2, #0, #10
1000708e:	3b00      	subs	r3, #0
10007090:	bf18      	it	ne
10007092:	2301      	movne	r3, #1
10007094:	f022 4200 	bic.w	r2, r2, #2147483648	@ 0x80000000
10007098:	ea42 72c3 	orr.w	r2, r2, r3, lsl #31
1000709c:	0d13      	lsrs	r3, r2, #20
1000709e:	f413 63e0 	ands.w	r3, r3, #1792	@ 0x700
100070a2:	f8c9 2030 	str.w	r2, [r9, #48]	@ 0x30
100070a6:	d00e      	beq.n	100070c6 <lfs_fs_relocate+0x1aa>
100070a8:	f8d9 0034 	ldr.w	r0, [r9, #52]	@ 0x34
100070ac:	9b08      	ldr	r3, [sp, #32]
100070ae:	4298      	cmp	r0, r3
100070b0:	d032      	beq.n	10007118 <lfs_fs_relocate+0x1fc>
100070b2:	f8d9 6038 	ldr.w	r6, [r9, #56]	@ 0x38
100070b6:	9909      	ldr	r1, [sp, #36]	@ 0x24
100070b8:	428e      	cmp	r6, r1
100070ba:	d02e      	beq.n	1000711a <lfs_fs_relocate+0x1fe>
100070bc:	4288      	cmp	r0, r1
100070be:	d02c      	beq.n	1000711a <lfs_fs_relocate+0x1fe>
100070c0:	42b3      	cmp	r3, r6
100070c2:	d02a      	beq.n	1000711a <lfs_fs_relocate+0x1fe>
100070c4:	4643      	mov	r3, r8
100070c6:	9304      	str	r3, [sp, #16]
100070c8:	2300      	movs	r3, #0
100070ca:	2202      	movs	r2, #2
100070cc:	a904      	add	r1, sp, #16
100070ce:	a808      	add	r0, sp, #32
100070d0:	e9cd 4706 	strd	r4, r7, [sp, #24]
100070d4:	9305      	str	r3, [sp, #20]
100070d6:	f7ff fb27 	bl	10006728 <lfs_dir_commit>
100070da:	4604      	mov	r4, r0
100070dc:	2800      	cmp	r0, #0
100070de:	d194      	bne.n	1000700a <lfs_fs_relocate+0xee>
100070e0:	f8d9 3030 	ldr.w	r3, [r9, #48]	@ 0x30
100070e4:	4628      	mov	r0, r5
100070e6:	3b01      	subs	r3, #1
100070e8:	f3c3 0209 	ubfx	r2, r3, #0, #10
100070ec:	3a00      	subs	r2, #0
100070ee:	bf18      	it	ne
100070f0:	2201      	movne	r2, #1
100070f2:	f023 4300 	bic.w	r3, r3, #2147483648	@ 0x80000000
100070f6:	ea43 73c2 	orr.w	r3, r3, r2, lsl #31
100070fa:	a908      	add	r1, sp, #32
100070fc:	f8c9 3030 	str.w	r3, [r9, #48]	@ 0x30
10007100:	f7fd fd6c 	bl	10004bdc <lfs_fs_pred>
10007104:	4604      	mov	r4, r0
10007106:	2800      	cmp	r0, #0
10007108:	d088      	beq.n	1000701c <lfs_fs_relocate+0x100>
1000710a:	e77c      	b.n	10007006 <lfs_fs_relocate+0xea>
1000710c:	f06f 0401 	mvn.w	r4, #1
10007110:	4620      	mov	r0, r4
10007112:	b011      	add	sp, #68	@ 0x44
10007114:	e8bd 8ff0 	ldmia.w	sp!, {r4, r5, r6, r7, r8, r9, sl, fp, pc}
10007118:	9909      	ldr	r1, [sp, #36]	@ 0x24
1000711a:	f3c2 2689 	ubfx	r6, r2, #10, #10
1000711e:	4a23      	ldr	r2, [pc, #140]	@ (100071ac <lfs_fs_relocate+0x290>)
10007120:	9100      	str	r1, [sp, #0]
10007122:	9202      	str	r2, [sp, #8]
10007124:	4922      	ldr	r1, [pc, #136]	@ (100071b0 <lfs_fs_relocate+0x294>)
10007126:	f640 62ed 	movw	r2, #3821	@ 0xeed
1000712a:	4822      	ldr	r0, [pc, #136]	@ (100071b4 <lfs_fs_relocate+0x298>)
1000712c:	9601      	str	r6, [sp, #4]
1000712e:	f7fc f889 	bl	10003244 <__wrap_printf>
10007132:	2300      	movs	r3, #0
10007134:	f8d9 1030 	ldr.w	r1, [r9, #48]	@ 0x30
10007138:	4a1f      	ldr	r2, [pc, #124]	@ (100071b8 <lfs_fs_relocate+0x29c>)
1000713a:	e9c9 330d 	strd	r3, r3, [r9, #52]	@ 0x34
1000713e:	400a      	ands	r2, r1
10007140:	f8c9 2030 	str.w	r2, [r9, #48]	@ 0x30
10007144:	f3c4 2289 	ubfx	r2, r4, #10, #10
10007148:	42b2      	cmp	r2, r6
1000714a:	f240 31ff 	movw	r1, #1023	@ 0x3ff
1000714e:	d925      	bls.n	1000719c <lfs_fs_relocate+0x280>
10007150:	f5a4 6480 	sub.w	r4, r4, #1024	@ 0x400
10007154:	4b19      	ldr	r3, [pc, #100]	@ (100071bc <lfs_fs_relocate+0x2a0>)
10007156:	ea43 2386 	orr.w	r3, r3, r6, lsl #10
1000715a:	e7b4      	b.n	100070c6 <lfs_fs_relocate+0x1aa>
1000715c:	9909      	ldr	r1, [sp, #36]	@ 0x24
1000715e:	f3c2 2489 	ubfx	r4, r2, #10, #10
10007162:	4a12      	ldr	r2, [pc, #72]	@ (100071ac <lfs_fs_relocate+0x290>)
10007164:	9100      	str	r1, [sp, #0]
10007166:	9202      	str	r2, [sp, #8]
10007168:	4911      	ldr	r1, [pc, #68]	@ (100071b0 <lfs_fs_relocate+0x294>)
1000716a:	f640 7213 	movw	r2, #3859	@ 0xf13
1000716e:	4811      	ldr	r0, [pc, #68]	@ (100071b4 <lfs_fs_relocate+0x298>)
10007170:	9401      	str	r4, [sp, #4]
10007172:	f7fc f867 	bl	10003244 <__wrap_printf>
10007176:	f240 31ff 	movw	r1, #1023	@ 0x3ff
1000717a:	2200      	movs	r2, #0
1000717c:	f8d9 0030 	ldr.w	r0, [r9, #48]	@ 0x30
10007180:	4b0d      	ldr	r3, [pc, #52]	@ (100071b8 <lfs_fs_relocate+0x29c>)
10007182:	428c      	cmp	r4, r1
10007184:	ea03 0300 	and.w	r3, r3, r0
10007188:	e9c9 320c 	strd	r3, r2, [r9, #48]	@ 0x30
1000718c:	f8c9 2038 	str.w	r2, [r9, #56]	@ 0x38
10007190:	f43f af5c 	beq.w	1000704c <lfs_fs_relocate+0x130>
10007194:	4b09      	ldr	r3, [pc, #36]	@ (100071bc <lfs_fs_relocate+0x2a0>)
10007196:	ea43 2384 	orr.w	r3, r3, r4, lsl #10
1000719a:	e758      	b.n	1000704e <lfs_fs_relocate+0x132>
1000719c:	428e      	cmp	r6, r1
1000719e:	d092      	beq.n	100070c6 <lfs_fs_relocate+0x1aa>
100071a0:	e7d8      	b.n	10007154 <lfs_fs_relocate+0x238>
100071a2:	bf00      	nop
100071a4:	7ff003ff 	.word	0x7ff003ff
100071a8:	000ffc08 	.word	0x000ffc08
100071ac:	1000afa8 	.word	0x1000afa8
100071b0:	1000acac 	.word	0x1000acac
100071b4:	1000ad7c 	.word	0x1000ad7c
100071b8:	800003ff 	.word	0x800003ff
100071bc:	4ff00000 	.word	0x4ff00000
100071c0:	200012d0 	.word	0x200012d0
100071c4:	10003869 	.word	0x10003869
100071c8:	20000008 	.word	0x20000008

100071cc <lfs_dir_compact>:
100071cc:	e92d 4ff0 	stmdb	sp!, {r4, r5, r6, r7, r8, r9, sl, fp, lr}
100071d0:	b0c7      	sub	sp, #284	@ 0x11c
100071d2:	f8bd 4140 	ldrh.w	r4, [sp, #320]	@ 0x140
100071d6:	f8bd 5144 	ldrh.w	r5, [sp, #324]	@ 0x144
100071da:	930a      	str	r3, [sp, #40]	@ 0x28
100071dc:	6803      	ldr	r3, [r0, #0]
100071de:	eba5 0a04 	sub.w	sl, r5, r4
100071e2:	932a      	str	r3, [sp, #168]	@ 0xa8
100071e4:	9332      	str	r3, [sp, #200]	@ 0xc8
100071e6:	6843      	ldr	r3, [r0, #4]
100071e8:	f1ba 0f01 	cmp.w	sl, #1
100071ec:	4680      	mov	r8, r0
100071ee:	941d      	str	r4, [sp, #116]	@ 0x74
100071f0:	951f      	str	r5, [sp, #124]	@ 0x7c
100071f2:	9126      	str	r1, [sp, #152]	@ 0x98
100071f4:	9229      	str	r2, [sp, #164]	@ 0xa4
100071f6:	932b      	str	r3, [sp, #172]	@ 0xac
100071f8:	9333      	str	r3, [sp, #204]	@ 0xcc
100071fa:	f341 83b9 	ble.w	10008970 <lfs_dir_compact+0x17a4>
100071fe:	4263      	negs	r3, r4
10007200:	b21b      	sxth	r3, r3
10007202:	4691      	mov	r9, r2
10007204:	4a7d      	ldr	r2, [pc, #500]	@ (100073fc <lfs_dir_compact+0x230>)
10007206:	9328      	str	r3, [sp, #160]	@ 0xa0
10007208:	f8df b1fc 	ldr.w	fp, [pc, #508]	@ 10007408 <lfs_dir_compact+0x23c>
1000720c:	029b      	lsls	r3, r3, #10
1000720e:	9205      	str	r2, [sp, #20]
10007210:	9320      	str	r3, [sp, #128]	@ 0x80
10007212:	f8cd a08c 	str.w	sl, [sp, #140]	@ 0x8c
10007216:	9027      	str	r0, [sp, #156]	@ 0x9c
10007218:	f04f 33ff 	mov.w	r3, #4294967295	@ 0xffffffff
1000721c:	2200      	movs	r2, #0
1000721e:	930e      	str	r3, [sp, #56]	@ 0x38
10007220:	9b0a      	ldr	r3, [sp, #40]	@ 0x28
10007222:	9d26      	ldr	r5, [sp, #152]	@ 0x98
10007224:	68db      	ldr	r3, [r3, #12]
10007226:	f8cd 9044 	str.w	r9, [sp, #68]	@ 0x44
1000722a:	922c      	str	r2, [sp, #176]	@ 0xb0
1000722c:	9210      	str	r2, [sp, #64]	@ 0x40
1000722e:	990e      	ldr	r1, [sp, #56]	@ 0x38
10007230:	f341 0209 	sbfx	r2, r1, #0, #10
10007234:	f1b2 3fff 	cmp.w	r2, #4294967295	@ 0xffffffff
10007238:	bf08      	it	eq
1000723a:	3101      	addeq	r1, #1
1000723c:	9a10      	ldr	r2, [sp, #64]	@ 0x40
1000723e:	f3c1 0709 	ubfx	r7, r1, #0, #10
10007242:	3204      	adds	r2, #4
10007244:	4417      	add	r7, r2
10007246:	429f      	cmp	r7, r3
10007248:	f0c0 80af 	bcc.w	100073aa <lfs_dir_compact+0x1de>
1000724c:	9a11      	ldr	r2, [sp, #68]	@ 0x44
1000724e:	2a00      	cmp	r2, #0
10007250:	f340 8431 	ble.w	10007ab6 <lfs_dir_compact+0x8ea>
10007254:	3a01      	subs	r2, #1
10007256:	6869      	ldr	r1, [r5, #4]
10007258:	9211      	str	r2, [sp, #68]	@ 0x44
1000725a:	682a      	ldr	r2, [r5, #0]
1000725c:	9106      	str	r1, [sp, #24]
1000725e:	922d      	str	r2, [sp, #180]	@ 0xb4
10007260:	3508      	adds	r5, #8
10007262:	0050      	lsls	r0, r2, #1
10007264:	d4e3      	bmi.n	1000722e <lfs_dir_compact+0x62>
10007266:	9f10      	ldr	r7, [sp, #64]	@ 0x40
10007268:	9c0e      	ldr	r4, [sp, #56]	@ 0x38
1000726a:	463e      	mov	r6, r7
1000726c:	f8cd 9034 	str.w	r9, [sp, #52]	@ 0x34
10007270:	462f      	mov	r7, r5
10007272:	f8dd a044 	ldr.w	sl, [sp, #68]	@ 0x44
10007276:	f8dd 9028 	ldr.w	r9, [sp, #40]	@ 0x28
1000727a:	950c      	str	r5, [sp, #48]	@ 0x30
1000727c:	9409      	str	r4, [sp, #36]	@ 0x24
1000727e:	e037      	b.n	100072f0 <lfs_dir_compact+0x124>
10007280:	f1ba 0f00 	cmp.w	sl, #0
10007284:	f340 8386 	ble.w	10007994 <lfs_dir_compact+0x7c8>
10007288:	687a      	ldr	r2, [r7, #4]
1000728a:	683b      	ldr	r3, [r7, #0]
1000728c:	4615      	mov	r5, r2
1000728e:	f10a 3aff 	add.w	sl, sl, #4294967295	@ 0xffffffff
10007292:	932e      	str	r3, [sp, #184]	@ 0xb8
10007294:	3708      	adds	r7, #8
10007296:	f3c3 500a 	ubfx	r0, r3, #20, #11
1000729a:	0d19      	lsrs	r1, r3, #20
1000729c:	b330      	cbz	r0, 100072ec <lfs_dir_compact+0x120>
1000729e:	f240 1401 	movw	r4, #257	@ 0x101
100072a2:	42a0      	cmp	r0, r4
100072a4:	f000 80b2 	beq.w	1000740c <lfs_dir_compact+0x240>
100072a8:	f5b0 7f81 	cmp.w	r0, #258	@ 0x102
100072ac:	d056      	beq.n	1000735c <lfs_dir_compact+0x190>
100072ae:	f013 5f80 	tst.w	r3, #268435456	@ 0x10000000
100072b2:	4853      	ldr	r0, [pc, #332]	@ (10007400 <lfs_dir_compact+0x234>)
100072b4:	bf18      	it	ne
100072b6:	4658      	movne	r0, fp
100072b8:	9c2d      	ldr	r4, [sp, #180]	@ 0xb4
100072ba:	ea84 0c03 	eor.w	ip, r4, r3
100072be:	ea1c 0f00 	tst.w	ip, r0
100072c2:	d06d      	beq.n	100073a0 <lfs_dir_compact+0x1d4>
100072c4:	f344 0009 	sbfx	r0, r4, #0, #10
100072c8:	3001      	adds	r0, #1
100072ca:	d069      	beq.n	100073a0 <lfs_dir_compact+0x1d4>
100072cc:	484d      	ldr	r0, [pc, #308]	@ (10007404 <lfs_dir_compact+0x238>)
100072ce:	ea03 0c0b 	and.w	ip, r3, fp
100072d2:	4020      	ands	r0, r4
100072d4:	f040 409f 	orr.w	r0, r0, #1333788672	@ 0x4f800000
100072d8:	f440 00e0 	orr.w	r0, r0, #7340032	@ 0x700000
100072dc:	4584      	cmp	ip, r0
100072de:	d05f      	beq.n	100073a0 <lfs_dir_compact+0x1d4>
100072e0:	f401 62e0 	and.w	r2, r1, #1792	@ 0x700
100072e4:	f5b2 6f80 	cmp.w	r2, #1024	@ 0x400
100072e8:	f000 839a 	beq.w	10007a20 <lfs_dir_compact+0x854>
100072ec:	f8d9 300c 	ldr.w	r3, [r9, #12]
100072f0:	9909      	ldr	r1, [sp, #36]	@ 0x24
100072f2:	f341 0209 	sbfx	r2, r1, #0, #10
100072f6:	f1b2 3fff 	cmp.w	r2, #4294967295	@ 0xffffffff
100072fa:	bf08      	it	eq
100072fc:	3101      	addeq	r1, #1
100072fe:	1d32      	adds	r2, r6, #4
10007300:	f3c1 0409 	ubfx	r4, r1, #0, #10
10007304:	4414      	add	r4, r2
10007306:	429c      	cmp	r4, r3
10007308:	d2ba      	bcs.n	10007280 <lfs_dir_compact+0xb4>
1000730a:	9b05      	ldr	r3, [sp, #20]
1000730c:	f8d9 2000 	ldr.w	r2, [r9]
10007310:	6e9b      	ldr	r3, [r3, #104]	@ 0x68
10007312:	69d9      	ldr	r1, [r3, #28]
10007314:	428a      	cmp	r2, r1
10007316:	f080 81a1 	bcs.w	1000765c <lfs_dir_compact+0x490>
1000731a:	699b      	ldr	r3, [r3, #24]
1000731c:	1d26      	adds	r6, r4, #4
1000731e:	429e      	cmp	r6, r3
10007320:	f200 819c 	bhi.w	1000765c <lfs_dir_compact+0x490>
10007324:	2104      	movs	r1, #4
10007326:	ab2e      	add	r3, sp, #184	@ 0xb8
10007328:	9300      	str	r3, [sp, #0]
1000732a:	4834      	ldr	r0, [pc, #208]	@ (100073fc <lfs_dir_compact+0x230>)
1000732c:	4623      	mov	r3, r4
1000732e:	9101      	str	r1, [sp, #4]
10007330:	f7fc f958 	bl	100035e4 <lfs_bd_read.part.0.constprop.0>
10007334:	2800      	cmp	r0, #0
10007336:	f041 8069 	bne.w	1000840c <lfs_dir_compact+0x1240>
1000733a:	9b2e      	ldr	r3, [sp, #184]	@ 0xb8
1000733c:	9a09      	ldr	r2, [sp, #36]	@ 0x24
1000733e:	ba1b      	rev	r3, r3
10007340:	405a      	eors	r2, r3
10007342:	f8d9 3000 	ldr.w	r3, [r9]
10007346:	f042 4200 	orr.w	r2, r2, #2147483648	@ 0x80000000
1000734a:	9209      	str	r2, [sp, #36]	@ 0x24
1000734c:	922e      	str	r2, [sp, #184]	@ 0xb8
1000734e:	9336      	str	r3, [sp, #216]	@ 0xd8
10007350:	4613      	mov	r3, r2
10007352:	aa36      	add	r2, sp, #216	@ 0xd8
10007354:	9637      	str	r6, [sp, #220]	@ 0xdc
10007356:	4615      	mov	r5, r2
10007358:	4626      	mov	r6, r4
1000735a:	e79c      	b.n	10007296 <lfs_dir_compact+0xca>
1000735c:	f3c3 0209 	ubfx	r2, r3, #0, #10
10007360:	2a00      	cmp	r2, #0
10007362:	d0c3      	beq.n	100072ec <lfs_dir_compact+0x120>
10007364:	9c2d      	ldr	r4, [sp, #180]	@ 0xb4
10007366:	f3c3 2389 	ubfx	r3, r3, #10, #10
1000736a:	f344 0109 	sbfx	r1, r4, #0, #10
1000736e:	3101      	adds	r1, #1
10007370:	ea4f 2383 	mov.w	r3, r3, lsl #10
10007374:	d014      	beq.n	100073a0 <lfs_dir_compact+0x1d4>
10007376:	eb02 0242 	add.w	r2, r2, r2, lsl #1
1000737a:	4629      	mov	r1, r5
1000737c:	eb05 0c82 	add.w	ip, r5, r2, lsl #2
10007380:	e001      	b.n	10007386 <lfs_dir_compact+0x1ba>
10007382:	458c      	cmp	ip, r1
10007384:	d0b2      	beq.n	100072ec <lfs_dir_compact+0x120>
10007386:	7808      	ldrb	r0, [r1, #0]
10007388:	688a      	ldr	r2, [r1, #8]
1000738a:	f500 7040 	add.w	r0, r0, #768	@ 0x300
1000738e:	431a      	orrs	r2, r3
10007390:	ea42 5200 	orr.w	r2, r2, r0, lsl #20
10007394:	4062      	eors	r2, r4
10007396:	ea12 0f0b 	tst.w	r2, fp
1000739a:	f101 010c 	add.w	r1, r1, #12
1000739e:	d1f0      	bne.n	10007382 <lfs_dir_compact+0x1b6>
100073a0:	e9dd 590c 	ldrd	r5, r9, [sp, #48]	@ 0x30
100073a4:	9b0a      	ldr	r3, [sp, #40]	@ 0x28
100073a6:	68db      	ldr	r3, [r3, #12]
100073a8:	e741      	b.n	1000722e <lfs_dir_compact+0x62>
100073aa:	9b05      	ldr	r3, [sp, #20]
100073ac:	9e0a      	ldr	r6, [sp, #40]	@ 0x28
100073ae:	6e9b      	ldr	r3, [r3, #104]	@ 0x68
100073b0:	6832      	ldr	r2, [r6, #0]
100073b2:	69d9      	ldr	r1, [r3, #28]
100073b4:	428a      	cmp	r2, r1
100073b6:	f080 8151 	bcs.w	1000765c <lfs_dir_compact+0x490>
100073ba:	699b      	ldr	r3, [r3, #24]
100073bc:	1d3c      	adds	r4, r7, #4
100073be:	429c      	cmp	r4, r3
100073c0:	f200 814c 	bhi.w	1000765c <lfs_dir_compact+0x490>
100073c4:	2104      	movs	r1, #4
100073c6:	ab2d      	add	r3, sp, #180	@ 0xb4
100073c8:	9300      	str	r3, [sp, #0]
100073ca:	480c      	ldr	r0, [pc, #48]	@ (100073fc <lfs_dir_compact+0x230>)
100073cc:	463b      	mov	r3, r7
100073ce:	9101      	str	r1, [sp, #4]
100073d0:	f7fc f908 	bl	100035e4 <lfs_bd_read.part.0.constprop.0>
100073d4:	2800      	cmp	r0, #0
100073d6:	f040 817f 	bne.w	100076d8 <lfs_dir_compact+0x50c>
100073da:	9b2d      	ldr	r3, [sp, #180]	@ 0xb4
100073dc:	a934      	add	r1, sp, #208	@ 0xd0
100073de:	ba1a      	rev	r2, r3
100073e0:	9b0e      	ldr	r3, [sp, #56]	@ 0x38
100073e2:	9435      	str	r4, [sp, #212]	@ 0xd4
100073e4:	4053      	eors	r3, r2
100073e6:	f043 4200 	orr.w	r2, r3, #2147483648	@ 0x80000000
100073ea:	6833      	ldr	r3, [r6, #0]
100073ec:	9710      	str	r7, [sp, #64]	@ 0x40
100073ee:	9334      	str	r3, [sp, #208]	@ 0xd0
100073f0:	922d      	str	r2, [sp, #180]	@ 0xb4
100073f2:	68f3      	ldr	r3, [r6, #12]
100073f4:	920e      	str	r2, [sp, #56]	@ 0x38
100073f6:	9106      	str	r1, [sp, #24]
100073f8:	e733      	b.n	10007262 <lfs_dir_compact+0x96>
100073fa:	bf00      	nop
100073fc:	200012d0 	.word	0x200012d0
10007400:	700ffc00 	.word	0x700ffc00
10007404:	000ffc00 	.word	0x000ffc00
10007408:	7ffffc00 	.word	0x7ffffc00
1000740c:	68ea      	ldr	r2, [r5, #12]
1000740e:	2a04      	cmp	r2, #4
10007410:	f67f af6c 	bls.w	100072ec <lfs_dir_compact+0x120>
10007414:	f3c3 0209 	ubfx	r2, r3, #0, #10
10007418:	f3c3 2389 	ubfx	r3, r3, #10, #10
1000741c:	1a9b      	subs	r3, r3, r2
1000741e:	b299      	uxth	r1, r3
10007420:	9124      	str	r1, [sp, #144]	@ 0x90
10007422:	2104      	movs	r1, #4
10007424:	f04f 34ff 	mov.w	r4, #4294967295	@ 0xffffffff
10007428:	e9cd 6a12 	strd	r6, sl, [sp, #72]	@ 0x48
1000742c:	9219      	str	r2, [sp, #100]	@ 0x64
1000742e:	9321      	str	r3, [sp, #132]	@ 0x84
10007430:	3201      	adds	r2, #1
10007432:	029b      	lsls	r3, r3, #10
10007434:	9107      	str	r1, [sp, #28]
10007436:	921c      	str	r2, [sp, #112]	@ 0x70
10007438:	9318      	str	r3, [sp, #96]	@ 0x60
1000743a:	9714      	str	r7, [sp, #80]	@ 0x50
1000743c:	f8cd 902c 	str.w	r9, [sp, #44]	@ 0x2c
10007440:	9b05      	ldr	r3, [sp, #20]
10007442:	682a      	ldr	r2, [r5, #0]
10007444:	6e9b      	ldr	r3, [r3, #104]	@ 0x68
10007446:	69d9      	ldr	r1, [r3, #28]
10007448:	428a      	cmp	r2, r1
1000744a:	f080 8107 	bcs.w	1000765c <lfs_dir_compact+0x490>
1000744e:	9807      	ldr	r0, [sp, #28]
10007450:	699b      	ldr	r3, [r3, #24]
10007452:	1d06      	adds	r6, r0, #4
10007454:	429e      	cmp	r6, r3
10007456:	f200 8101 	bhi.w	1000765c <lfs_dir_compact+0x490>
1000745a:	2104      	movs	r1, #4
1000745c:	ab2f      	add	r3, sp, #188	@ 0xbc
1000745e:	9300      	str	r3, [sp, #0]
10007460:	9101      	str	r1, [sp, #4]
10007462:	4603      	mov	r3, r0
10007464:	48a5      	ldr	r0, [pc, #660]	@ (100076fc <lfs_dir_compact+0x530>)
10007466:	f7fc f8bd 	bl	100035e4 <lfs_bd_read.part.0.constprop.0>
1000746a:	2800      	cmp	r0, #0
1000746c:	f040 82ce 	bne.w	10007a0c <lfs_dir_compact+0x840>
10007470:	9b2f      	ldr	r3, [sp, #188]	@ 0xbc
10007472:	ba1b      	rev	r3, r3
10007474:	4063      	eors	r3, r4
10007476:	f043 4400 	orr.w	r4, r3, #2147483648	@ 0x80000000
1000747a:	942f      	str	r4, [sp, #188]	@ 0xbc
1000747c:	f084 5300 	eor.w	r3, r4, #536870912	@ 0x20000000
10007480:	682f      	ldr	r7, [r5, #0]
10007482:	f013 4fc0 	tst.w	r3, #1610612736	@ 0x60000000
10007486:	e9cd 7638 	strd	r7, r6, [sp, #224]	@ 0xe0
1000748a:	f344 0309 	sbfx	r3, r4, #0, #10
1000748e:	d14d      	bne.n	1000752c <lfs_dir_compact+0x360>
10007490:	f1b3 3fff 	cmp.w	r3, #4294967295	@ 0xffffffff
10007494:	bf14      	ite	ne
10007496:	4622      	movne	r2, r4
10007498:	1c62      	addeq	r2, r4, #1
1000749a:	68eb      	ldr	r3, [r5, #12]
1000749c:	f3c2 0a09 	ubfx	sl, r2, #0, #10
100074a0:	4456      	add	r6, sl
100074a2:	429e      	cmp	r6, r3
100074a4:	d375      	bcc.n	10007592 <lfs_dir_compact+0x3c6>
100074a6:	46a4      	mov	ip, r4
100074a8:	9a19      	ldr	r2, [sp, #100]	@ 0x64
100074aa:	f3cc 2089 	ubfx	r0, ip, #10, #10
100074ae:	4282      	cmp	r2, r0
100074b0:	d82f      	bhi.n	10007512 <lfs_dir_compact+0x346>
100074b2:	9a1c      	ldr	r2, [sp, #112]	@ 0x70
100074b4:	4282      	cmp	r2, r0
100074b6:	d92c      	bls.n	10007512 <lfs_dir_compact+0x346>
100074b8:	f3cc 510a 	ubfx	r1, ip, #20, #11
100074bc:	b349      	cbz	r1, 10007512 <lfs_dir_compact+0x346>
100074be:	f240 1601 	movw	r6, #257	@ 0x101
100074c2:	42b1      	cmp	r1, r6
100074c4:	f000 8122 	beq.w	1000770c <lfs_dir_compact+0x540>
100074c8:	f5b1 7f81 	cmp.w	r1, #258	@ 0x102
100074cc:	d037      	beq.n	1000753e <lfs_dir_compact+0x372>
100074ce:	9a18      	ldr	r2, [sp, #96]	@ 0x60
100074d0:	992d      	ldr	r1, [sp, #180]	@ 0xb4
100074d2:	4494      	add	ip, r2
100074d4:	f01c 5f80 	tst.w	ip, #268435456	@ 0x10000000
100074d8:	4a89      	ldr	r2, [pc, #548]	@ (10007700 <lfs_dir_compact+0x534>)
100074da:	bf18      	it	ne
100074dc:	465a      	movne	r2, fp
100074de:	ea8c 0001 	eor.w	r0, ip, r1
100074e2:	4210      	tst	r0, r2
100074e4:	d04f      	beq.n	10007586 <lfs_dir_compact+0x3ba>
100074e6:	f341 0209 	sbfx	r2, r1, #0, #10
100074ea:	3201      	adds	r2, #1
100074ec:	d04b      	beq.n	10007586 <lfs_dir_compact+0x3ba>
100074ee:	4a85      	ldr	r2, [pc, #532]	@ (10007704 <lfs_dir_compact+0x538>)
100074f0:	ea0c 000b 	and.w	r0, ip, fp
100074f4:	400a      	ands	r2, r1
100074f6:	f042 429f 	orr.w	r2, r2, #1333788672	@ 0x4f800000
100074fa:	f442 02e0 	orr.w	r2, r2, #7340032	@ 0x700000
100074fe:	4290      	cmp	r0, r2
10007500:	d041      	beq.n	10007586 <lfs_dir_compact+0x3ba>
10007502:	ea4f 501c 	mov.w	r0, ip, lsr #20
10007506:	f400 62e0 	and.w	r2, r0, #1792	@ 0x700
1000750a:	f5b2 6f80 	cmp.w	r2, #1024	@ 0x400
1000750e:	f000 82c6 	beq.w	10007a9e <lfs_dir_compact+0x8d2>
10007512:	9907      	ldr	r1, [sp, #28]
10007514:	f10a 0204 	add.w	r2, sl, #4
10007518:	4411      	add	r1, r2
1000751a:	4299      	cmp	r1, r3
1000751c:	9107      	str	r1, [sp, #28]
1000751e:	d38f      	bcc.n	10007440 <lfs_dir_compact+0x274>
10007520:	e9dd 6a12 	ldrd	r6, sl, [sp, #72]	@ 0x48
10007524:	9f14      	ldr	r7, [sp, #80]	@ 0x50
10007526:	f8dd 902c 	ldr.w	r9, [sp, #44]	@ 0x2c
1000752a:	e6df      	b.n	100072ec <lfs_dir_compact+0x120>
1000752c:	f1b3 3fff 	cmp.w	r3, #4294967295	@ 0xffffffff
10007530:	bf14      	ite	ne
10007532:	4622      	movne	r2, r4
10007534:	1c62      	addeq	r2, r4, #1
10007536:	68eb      	ldr	r3, [r5, #12]
10007538:	f3c2 0a09 	ubfx	sl, r2, #0, #10
1000753c:	e7e9      	b.n	10007512 <lfs_dir_compact+0x346>
1000753e:	f3cc 0209 	ubfx	r2, ip, #0, #10
10007542:	2a00      	cmp	r2, #0
10007544:	d0e5      	beq.n	10007512 <lfs_dir_compact+0x346>
10007546:	9921      	ldr	r1, [sp, #132]	@ 0x84
10007548:	f8dd c0b4 	ldr.w	ip, [sp, #180]	@ 0xb4
1000754c:	4408      	add	r0, r1
1000754e:	f34c 0109 	sbfx	r1, ip, #0, #10
10007552:	3101      	adds	r1, #1
10007554:	ea4f 2780 	mov.w	r7, r0, lsl #10
10007558:	d015      	beq.n	10007586 <lfs_dir_compact+0x3ba>
1000755a:	eb02 0242 	add.w	r2, r2, r2, lsl #1
1000755e:	a838      	add	r0, sp, #224	@ 0xe0
10007560:	eb00 0282 	add.w	r2, r0, r2, lsl #2
10007564:	e001      	b.n	1000756a <lfs_dir_compact+0x39e>
10007566:	4282      	cmp	r2, r0
10007568:	d0d3      	beq.n	10007512 <lfs_dir_compact+0x346>
1000756a:	7806      	ldrb	r6, [r0, #0]
1000756c:	6881      	ldr	r1, [r0, #8]
1000756e:	f506 7640 	add.w	r6, r6, #768	@ 0x300
10007572:	4339      	orrs	r1, r7
10007574:	ea41 5106 	orr.w	r1, r1, r6, lsl #20
10007578:	ea81 010c 	eor.w	r1, r1, ip
1000757c:	ea11 0f0b 	tst.w	r1, fp
10007580:	f100 000c 	add.w	r0, r0, #12
10007584:	d1ef      	bne.n	10007566 <lfs_dir_compact+0x39a>
10007586:	e9dd 590c 	ldrd	r5, r9, [sp, #48]	@ 0x30
1000758a:	9b0b      	ldr	r3, [sp, #44]	@ 0x2c
1000758c:	930a      	str	r3, [sp, #40]	@ 0x28
1000758e:	68db      	ldr	r3, [r3, #12]
10007590:	e64d      	b.n	1000722e <lfs_dir_compact+0x62>
10007592:	463a      	mov	r2, r7
10007594:	9b05      	ldr	r3, [sp, #20]
10007596:	46a0      	mov	r8, r4
10007598:	6e9b      	ldr	r3, [r3, #104]	@ 0x68
1000759a:	69d9      	ldr	r1, [r3, #28]
1000759c:	4291      	cmp	r1, r2
1000759e:	d95d      	bls.n	1000765c <lfs_dir_compact+0x490>
100075a0:	699b      	ldr	r3, [r3, #24]
100075a2:	f106 0904 	add.w	r9, r6, #4
100075a6:	4599      	cmp	r9, r3
100075a8:	d858      	bhi.n	1000765c <lfs_dir_compact+0x490>
100075aa:	2104      	movs	r1, #4
100075ac:	ab3a      	add	r3, sp, #232	@ 0xe8
100075ae:	9300      	str	r3, [sp, #0]
100075b0:	4852      	ldr	r0, [pc, #328]	@ (100076fc <lfs_dir_compact+0x530>)
100075b2:	4633      	mov	r3, r6
100075b4:	9101      	str	r1, [sp, #4]
100075b6:	f7fc f815 	bl	100035e4 <lfs_bd_read.part.0.constprop.0>
100075ba:	2800      	cmp	r0, #0
100075bc:	f040 808a 	bne.w	100076d4 <lfs_dir_compact+0x508>
100075c0:	993a      	ldr	r1, [sp, #232]	@ 0xe8
100075c2:	ba09      	rev	r1, r1
100075c4:	ea81 0108 	eor.w	r1, r1, r8
100075c8:	f041 4800 	orr.w	r8, r1, #2147483648	@ 0x80000000
100075cc:	f8cd 80e8 	str.w	r8, [sp, #232]	@ 0xe8
100075d0:	682b      	ldr	r3, [r5, #0]
100075d2:	ea4f 5c18 	mov.w	ip, r8, lsr #20
100075d6:	e9cd 393e 	strd	r3, r9, [sp, #248]	@ 0xf8
100075da:	f3c8 530a 	ubfx	r3, r8, #20, #11
100075de:	b32b      	cbz	r3, 1000762c <lfs_dir_compact+0x460>
100075e0:	f240 1201 	movw	r2, #257	@ 0x101
100075e4:	4293      	cmp	r3, r2
100075e6:	d066      	beq.n	100076b6 <lfs_dir_compact+0x4ea>
100075e8:	f5b3 7f81 	cmp.w	r3, #258	@ 0x102
100075ec:	d03c      	beq.n	10007668 <lfs_dir_compact+0x49c>
100075ee:	4b44      	ldr	r3, [pc, #272]	@ (10007700 <lfs_dir_compact+0x534>)
100075f0:	f011 5f80 	tst.w	r1, #268435456	@ 0x10000000
100075f4:	bf0c      	ite	eq
100075f6:	461a      	moveq	r2, r3
100075f8:	465a      	movne	r2, fp
100075fa:	9b2f      	ldr	r3, [sp, #188]	@ 0xbc
100075fc:	ea88 0e03 	eor.w	lr, r8, r3
10007600:	ea1e 0f02 	tst.w	lr, r2
10007604:	d055      	beq.n	100076b2 <lfs_dir_compact+0x4e6>
10007606:	f343 0209 	sbfx	r2, r3, #0, #10
1000760a:	3201      	adds	r2, #1
1000760c:	d051      	beq.n	100076b2 <lfs_dir_compact+0x4e6>
1000760e:	4a3d      	ldr	r2, [pc, #244]	@ (10007704 <lfs_dir_compact+0x538>)
10007610:	ea01 010b 	and.w	r1, r1, fp
10007614:	401a      	ands	r2, r3
10007616:	f042 429f 	orr.w	r2, r2, #1333788672	@ 0x4f800000
1000761a:	f442 02e0 	orr.w	r2, r2, #7340032	@ 0x700000
1000761e:	428a      	cmp	r2, r1
10007620:	d047      	beq.n	100076b2 <lfs_dir_compact+0x4e6>
10007622:	f40c 60e0 	and.w	r0, ip, #1792	@ 0x700
10007626:	f5b0 6f80 	cmp.w	r0, #1024	@ 0x400
1000762a:	d05a      	beq.n	100076e2 <lfs_dir_compact+0x516>
1000762c:	f348 0309 	sbfx	r3, r8, #0, #10
10007630:	f1b3 3fff 	cmp.w	r3, #4294967295	@ 0xffffffff
10007634:	bf14      	ite	ne
10007636:	4642      	movne	r2, r8
10007638:	f108 0201 	addeq.w	r2, r8, #1
1000763c:	f3c2 0209 	ubfx	r2, r2, #0, #10
10007640:	68eb      	ldr	r3, [r5, #12]
10007642:	3204      	adds	r2, #4
10007644:	4416      	add	r6, r2
10007646:	429e      	cmp	r6, r3
10007648:	d302      	bcc.n	10007650 <lfs_dir_compact+0x484>
1000764a:	f8dd c0bc 	ldr.w	ip, [sp, #188]	@ 0xbc
1000764e:	e72b      	b.n	100074a8 <lfs_dir_compact+0x2dc>
10007650:	9b05      	ldr	r3, [sp, #20]
10007652:	682a      	ldr	r2, [r5, #0]
10007654:	6e9b      	ldr	r3, [r3, #104]	@ 0x68
10007656:	69d9      	ldr	r1, [r3, #28]
10007658:	4291      	cmp	r1, r2
1000765a:	d8a1      	bhi.n	100075a0 <lfs_dir_compact+0x3d4>
1000765c:	f06f 0301 	mvn.w	r3, #1
10007660:	4618      	mov	r0, r3
10007662:	b047      	add	sp, #284	@ 0x11c
10007664:	e8bd 8ff0 	ldmia.w	sp!, {r4, r5, r6, r7, r8, r9, sl, fp, pc}
10007668:	f3c1 0209 	ubfx	r2, r1, #0, #10
1000766c:	2a00      	cmp	r2, #0
1000766e:	d0dd      	beq.n	1000762c <lfs_dir_compact+0x460>
10007670:	f8dd c0bc 	ldr.w	ip, [sp, #188]	@ 0xbc
10007674:	f3c8 2089 	ubfx	r0, r8, #10, #10
10007678:	f34c 0309 	sbfx	r3, ip, #0, #10
1000767c:	3301      	adds	r3, #1
1000767e:	ea4f 2080 	mov.w	r0, r0, lsl #10
10007682:	d016      	beq.n	100076b2 <lfs_dir_compact+0x4e6>
10007684:	eb02 0242 	add.w	r2, r2, r2, lsl #1
10007688:	a93e      	add	r1, sp, #248	@ 0xf8
1000768a:	eb01 0282 	add.w	r2, r1, r2, lsl #2
1000768e:	e001      	b.n	10007694 <lfs_dir_compact+0x4c8>
10007690:	4291      	cmp	r1, r2
10007692:	d0cb      	beq.n	1000762c <lfs_dir_compact+0x460>
10007694:	f891 e000 	ldrb.w	lr, [r1]
10007698:	688b      	ldr	r3, [r1, #8]
1000769a:	f50e 7e40 	add.w	lr, lr, #768	@ 0x300
1000769e:	4303      	orrs	r3, r0
100076a0:	ea43 530e 	orr.w	r3, r3, lr, lsl #20
100076a4:	ea83 030c 	eor.w	r3, r3, ip
100076a8:	ea13 0f0b 	tst.w	r3, fp
100076ac:	f101 010c 	add.w	r1, r1, #12
100076b0:	d1ee      	bne.n	10007690 <lfs_dir_compact+0x4c4>
100076b2:	68eb      	ldr	r3, [r5, #12]
100076b4:	e72d      	b.n	10007512 <lfs_dir_compact+0x346>
100076b6:	ab2f      	add	r3, sp, #188	@ 0xbc
100076b8:	9301      	str	r3, [sp, #4]
100076ba:	4b13      	ldr	r3, [pc, #76]	@ (10007708 <lfs_dir_compact+0x53c>)
100076bc:	f3c1 0109 	ubfx	r1, r1, #0, #10
100076c0:	9300      	str	r3, [sp, #0]
100076c2:	f3c8 2389 	ubfx	r3, r8, #10, #10
100076c6:	1a5b      	subs	r3, r3, r1
100076c8:	1c4a      	adds	r2, r1, #1
100076ca:	a83e      	add	r0, sp, #248	@ 0xf8
100076cc:	f7fe fec2 	bl	10006454 <lfs_dir_traverse.constprop.2>
100076d0:	2800      	cmp	r0, #0
100076d2:	d0ab      	beq.n	1000762c <lfs_dir_compact+0x460>
100076d4:	2800      	cmp	r0, #0
100076d6:	daec      	bge.n	100076b2 <lfs_dir_compact+0x4e6>
100076d8:	4603      	mov	r3, r0
100076da:	4618      	mov	r0, r3
100076dc:	b047      	add	sp, #284	@ 0x11c
100076de:	e8bd 8ff0 	ldmia.w	sp!, {r4, r5, r6, r7, r8, r9, sl, fp, pc}
100076e2:	f3c8 2289 	ubfx	r2, r8, #10, #10
100076e6:	f3c3 2189 	ubfx	r1, r3, #10, #10
100076ea:	428a      	cmp	r2, r1
100076ec:	d89e      	bhi.n	1000762c <lfs_dir_compact+0x460>
100076ee:	fa4f fc8c 	sxtb.w	ip, ip
100076f2:	eb03 238c 	add.w	r3, r3, ip, lsl #10
100076f6:	932f      	str	r3, [sp, #188]	@ 0xbc
100076f8:	e798      	b.n	1000762c <lfs_dir_compact+0x460>
100076fa:	bf00      	nop
100076fc:	200012d0 	.word	0x200012d0
10007700:	700ffc00 	.word	0x700ffc00
10007704:	000ffc00 	.word	0x000ffc00
10007708:	1000344d 	.word	0x1000344d
1000770c:	f8dd 80ec 	ldr.w	r8, [sp, #236]	@ 0xec
10007710:	f1b8 0f04 	cmp.w	r8, #4
10007714:	f67f aefd 	bls.w	10007512 <lfs_dir_compact+0x346>
10007718:	f04f 36ff 	mov.w	r6, #4294967295	@ 0xffffffff
1000771c:	f04f 0904 	mov.w	r9, #4
10007720:	9608      	str	r6, [sp, #32]
10007722:	462e      	mov	r6, r5
10007724:	f3cc 0c09 	ubfx	ip, ip, #0, #10
10007728:	9a24      	ldr	r2, [sp, #144]	@ 0x90
1000772a:	eba0 030c 	sub.w	r3, r0, ip
1000772e:	4413      	add	r3, r2
10007730:	b21a      	sxth	r2, r3
10007732:	b29b      	uxth	r3, r3
10007734:	9322      	str	r3, [sp, #136]	@ 0x88
10007736:	f10c 0301 	add.w	r3, ip, #1
1000773a:	931e      	str	r3, [sp, #120]	@ 0x78
1000773c:	0293      	lsls	r3, r2, #10
1000773e:	9225      	str	r2, [sp, #148]	@ 0x94
10007740:	931a      	str	r3, [sp, #104]	@ 0x68
10007742:	9415      	str	r4, [sp, #84]	@ 0x54
10007744:	f8cd c06c 	str.w	ip, [sp, #108]	@ 0x6c
10007748:	f8cd a058 	str.w	sl, [sp, #88]	@ 0x58
1000774c:	9b05      	ldr	r3, [sp, #20]
1000774e:	6e9b      	ldr	r3, [r3, #104]	@ 0x68
10007750:	69da      	ldr	r2, [r3, #28]
10007752:	4297      	cmp	r7, r2
10007754:	d282      	bcs.n	1000765c <lfs_dir_compact+0x490>
10007756:	699b      	ldr	r3, [r3, #24]
10007758:	f109 0504 	add.w	r5, r9, #4
1000775c:	429d      	cmp	r5, r3
1000775e:	f63f af7d 	bhi.w	1000765c <lfs_dir_compact+0x490>
10007762:	2104      	movs	r1, #4
10007764:	ab30      	add	r3, sp, #192	@ 0xc0
10007766:	9317      	str	r3, [sp, #92]	@ 0x5c
10007768:	9300      	str	r3, [sp, #0]
1000776a:	463a      	mov	r2, r7
1000776c:	464b      	mov	r3, r9
1000776e:	48b2      	ldr	r0, [pc, #712]	@ (10007a38 <lfs_dir_compact+0x86c>)
10007770:	9101      	str	r1, [sp, #4]
10007772:	f7fb ff37 	bl	100035e4 <lfs_bd_read.part.0.constprop.0>
10007776:	2800      	cmp	r0, #0
10007778:	f040 8148 	bne.w	10007a0c <lfs_dir_compact+0x840>
1000777c:	9b30      	ldr	r3, [sp, #192]	@ 0xc0
1000777e:	9a08      	ldr	r2, [sp, #32]
10007780:	ba1b      	rev	r3, r3
10007782:	4053      	eors	r3, r2
10007784:	f043 4200 	orr.w	r2, r3, #2147483648	@ 0x80000000
10007788:	f082 5300 	eor.w	r3, r2, #536870912	@ 0x20000000
1000778c:	f013 4fc0 	tst.w	r3, #1610612736	@ 0x60000000
10007790:	9208      	str	r2, [sp, #32]
10007792:	4613      	mov	r3, r2
10007794:	9230      	str	r2, [sp, #192]	@ 0xc0
10007796:	e9cd 753a 	strd	r7, r5, [sp, #232]	@ 0xe8
1000779a:	f342 0209 	sbfx	r2, r2, #0, #10
1000779e:	d14c      	bne.n	1000783a <lfs_dir_compact+0x66e>
100077a0:	f1b2 3fff 	cmp.w	r2, #4294967295	@ 0xffffffff
100077a4:	bf08      	it	eq
100077a6:	3301      	addeq	r3, #1
100077a8:	f3c3 0a09 	ubfx	sl, r3, #0, #10
100077ac:	4455      	add	r5, sl
100077ae:	4545      	cmp	r5, r8
100077b0:	d34a      	bcc.n	10007848 <lfs_dir_compact+0x67c>
100077b2:	9b08      	ldr	r3, [sp, #32]
100077b4:	9a1b      	ldr	r2, [sp, #108]	@ 0x6c
100077b6:	f3c3 2089 	ubfx	r0, r3, #10, #10
100077ba:	4282      	cmp	r2, r0
100077bc:	d833      	bhi.n	10007826 <lfs_dir_compact+0x65a>
100077be:	9a1e      	ldr	r2, [sp, #120]	@ 0x78
100077c0:	4282      	cmp	r2, r0
100077c2:	d930      	bls.n	10007826 <lfs_dir_compact+0x65a>
100077c4:	f3c3 520a 	ubfx	r2, r3, #20, #11
100077c8:	b36a      	cbz	r2, 10007826 <lfs_dir_compact+0x65a>
100077ca:	f240 1101 	movw	r1, #257	@ 0x101
100077ce:	428a      	cmp	r2, r1
100077d0:	f000 810b 	beq.w	100079ea <lfs_dir_compact+0x81e>
100077d4:	f5b2 7f81 	cmp.w	r2, #258	@ 0x102
100077d8:	f000 8136 	beq.w	10007a48 <lfs_dir_compact+0x87c>
100077dc:	9a1a      	ldr	r2, [sp, #104]	@ 0x68
100077de:	4413      	add	r3, r2
100077e0:	4a96      	ldr	r2, [pc, #600]	@ (10007a3c <lfs_dir_compact+0x870>)
100077e2:	f013 5f80 	tst.w	r3, #268435456	@ 0x10000000
100077e6:	bf0c      	ite	eq
100077e8:	4611      	moveq	r1, r2
100077ea:	4659      	movne	r1, fp
100077ec:	9a2d      	ldr	r2, [sp, #180]	@ 0xb4
100077ee:	ea83 0002 	eor.w	r0, r3, r2
100077f2:	4208      	tst	r0, r1
100077f4:	f43f aec7 	beq.w	10007586 <lfs_dir_compact+0x3ba>
100077f8:	f342 0109 	sbfx	r1, r2, #0, #10
100077fc:	3101      	adds	r1, #1
100077fe:	f43f aec2 	beq.w	10007586 <lfs_dir_compact+0x3ba>
10007802:	498f      	ldr	r1, [pc, #572]	@ (10007a40 <lfs_dir_compact+0x874>)
10007804:	ea03 000b 	and.w	r0, r3, fp
10007808:	4011      	ands	r1, r2
1000780a:	f041 419f 	orr.w	r1, r1, #1333788672	@ 0x4f800000
1000780e:	f441 01e0 	orr.w	r1, r1, #7340032	@ 0x700000
10007812:	4288      	cmp	r0, r1
10007814:	f43f aeb7 	beq.w	10007586 <lfs_dir_compact+0x3ba>
10007818:	0d19      	lsrs	r1, r3, #20
1000781a:	f401 60e0 	and.w	r0, r1, #1792	@ 0x700
1000781e:	f5b0 6f80 	cmp.w	r0, #1024	@ 0x400
10007822:	f000 8180 	beq.w	10007b26 <lfs_dir_compact+0x95a>
10007826:	f10a 0304 	add.w	r3, sl, #4
1000782a:	4499      	add	r9, r3
1000782c:	45c1      	cmp	r9, r8
1000782e:	d38d      	bcc.n	1000774c <lfs_dir_compact+0x580>
10007830:	e9dd 4a15 	ldrd	r4, sl, [sp, #84]	@ 0x54
10007834:	4635      	mov	r5, r6
10007836:	68f3      	ldr	r3, [r6, #12]
10007838:	e66b      	b.n	10007512 <lfs_dir_compact+0x346>
1000783a:	f1b2 3fff 	cmp.w	r2, #4294967295	@ 0xffffffff
1000783e:	bf08      	it	eq
10007840:	3301      	addeq	r3, #1
10007842:	f3c3 0a09 	ubfx	sl, r3, #0, #10
10007846:	e7ee      	b.n	10007826 <lfs_dir_compact+0x65a>
10007848:	f8cd 903c 	str.w	r9, [sp, #60]	@ 0x3c
1000784c:	46b1      	mov	r9, r6
1000784e:	9c08      	ldr	r4, [sp, #32]
10007850:	9b05      	ldr	r3, [sp, #20]
10007852:	6e9b      	ldr	r3, [r3, #104]	@ 0x68
10007854:	69da      	ldr	r2, [r3, #28]
10007856:	4297      	cmp	r7, r2
10007858:	f4bf af00 	bcs.w	1000765c <lfs_dir_compact+0x490>
1000785c:	699b      	ldr	r3, [r3, #24]
1000785e:	1d2e      	adds	r6, r5, #4
10007860:	429e      	cmp	r6, r3
10007862:	f63f aefb 	bhi.w	1000765c <lfs_dir_compact+0x490>
10007866:	2104      	movs	r1, #4
10007868:	ab31      	add	r3, sp, #196	@ 0xc4
1000786a:	9300      	str	r3, [sp, #0]
1000786c:	463a      	mov	r2, r7
1000786e:	462b      	mov	r3, r5
10007870:	4871      	ldr	r0, [pc, #452]	@ (10007a38 <lfs_dir_compact+0x86c>)
10007872:	9101      	str	r1, [sp, #4]
10007874:	f7fb feb6 	bl	100035e4 <lfs_bd_read.part.0.constprop.0>
10007878:	2800      	cmp	r0, #0
1000787a:	d179      	bne.n	10007970 <lfs_dir_compact+0x7a4>
1000787c:	9b31      	ldr	r3, [sp, #196]	@ 0xc4
1000787e:	e9cd 763e 	strd	r7, r6, [sp, #248]	@ 0xf8
10007882:	ba1b      	rev	r3, r3
10007884:	4063      	eors	r3, r4
10007886:	f043 4400 	orr.w	r4, r3, #2147483648	@ 0x80000000
1000788a:	f3c4 520a 	ubfx	r2, r4, #20, #11
1000788e:	9431      	str	r4, [sp, #196]	@ 0xc4
10007890:	0d20      	lsrs	r0, r4, #20
10007892:	b32a      	cbz	r2, 100078e0 <lfs_dir_compact+0x714>
10007894:	f240 1601 	movw	r6, #257	@ 0x101
10007898:	42b2      	cmp	r2, r6
1000789a:	d05a      	beq.n	10007952 <lfs_dir_compact+0x786>
1000789c:	f5b2 7f81 	cmp.w	r2, #258	@ 0x102
100078a0:	d030      	beq.n	10007904 <lfs_dir_compact+0x738>
100078a2:	4a66      	ldr	r2, [pc, #408]	@ (10007a3c <lfs_dir_compact+0x870>)
100078a4:	f013 5f80 	tst.w	r3, #268435456	@ 0x10000000
100078a8:	bf0c      	ite	eq
100078aa:	4616      	moveq	r6, r2
100078ac:	465e      	movne	r6, fp
100078ae:	9a30      	ldr	r2, [sp, #192]	@ 0xc0
100078b0:	ea84 0c02 	eor.w	ip, r4, r2
100078b4:	ea1c 0f06 	tst.w	ip, r6
100078b8:	d047      	beq.n	1000794a <lfs_dir_compact+0x77e>
100078ba:	f342 0609 	sbfx	r6, r2, #0, #10
100078be:	3601      	adds	r6, #1
100078c0:	d043      	beq.n	1000794a <lfs_dir_compact+0x77e>
100078c2:	4e5f      	ldr	r6, [pc, #380]	@ (10007a40 <lfs_dir_compact+0x874>)
100078c4:	ea03 030b 	and.w	r3, r3, fp
100078c8:	4016      	ands	r6, r2
100078ca:	f046 469f 	orr.w	r6, r6, #1333788672	@ 0x4f800000
100078ce:	f446 06e0 	orr.w	r6, r6, #7340032	@ 0x700000
100078d2:	42b3      	cmp	r3, r6
100078d4:	d039      	beq.n	1000794a <lfs_dir_compact+0x77e>
100078d6:	f400 61e0 	and.w	r1, r0, #1792	@ 0x700
100078da:	f5b1 6f80 	cmp.w	r1, #1024	@ 0x400
100078de:	d04e      	beq.n	1000797e <lfs_dir_compact+0x7b2>
100078e0:	f344 0209 	sbfx	r2, r4, #0, #10
100078e4:	f1b2 3fff 	cmp.w	r2, #4294967295	@ 0xffffffff
100078e8:	bf14      	ite	ne
100078ea:	4623      	movne	r3, r4
100078ec:	1c63      	addeq	r3, r4, #1
100078ee:	f3c3 0309 	ubfx	r3, r3, #0, #10
100078f2:	3304      	adds	r3, #4
100078f4:	441d      	add	r5, r3
100078f6:	4545      	cmp	r5, r8
100078f8:	d3aa      	bcc.n	10007850 <lfs_dir_compact+0x684>
100078fa:	464e      	mov	r6, r9
100078fc:	9b30      	ldr	r3, [sp, #192]	@ 0xc0
100078fe:	f8dd 903c 	ldr.w	r9, [sp, #60]	@ 0x3c
10007902:	e757      	b.n	100077b4 <lfs_dir_compact+0x5e8>
10007904:	f3c3 0309 	ubfx	r3, r3, #0, #10
10007908:	2b00      	cmp	r3, #0
1000790a:	d0e9      	beq.n	100078e0 <lfs_dir_compact+0x714>
1000790c:	9e30      	ldr	r6, [sp, #192]	@ 0xc0
1000790e:	f3c4 2089 	ubfx	r0, r4, #10, #10
10007912:	f346 0209 	sbfx	r2, r6, #0, #10
10007916:	3201      	adds	r2, #1
10007918:	ea4f 2080 	mov.w	r0, r0, lsl #10
1000791c:	d015      	beq.n	1000794a <lfs_dir_compact+0x77e>
1000791e:	eb03 0343 	add.w	r3, r3, r3, lsl #1
10007922:	a93e      	add	r1, sp, #248	@ 0xf8
10007924:	eb01 0383 	add.w	r3, r1, r3, lsl #2
10007928:	e001      	b.n	1000792e <lfs_dir_compact+0x762>
1000792a:	4299      	cmp	r1, r3
1000792c:	d0d8      	beq.n	100078e0 <lfs_dir_compact+0x714>
1000792e:	f891 c000 	ldrb.w	ip, [r1]
10007932:	688a      	ldr	r2, [r1, #8]
10007934:	f50c 7c40 	add.w	ip, ip, #768	@ 0x300
10007938:	4302      	orrs	r2, r0
1000793a:	ea42 520c 	orr.w	r2, r2, ip, lsl #20
1000793e:	4072      	eors	r2, r6
10007940:	ea12 0f0b 	tst.w	r2, fp
10007944:	f101 010c 	add.w	r1, r1, #12
10007948:	d1ef      	bne.n	1000792a <lfs_dir_compact+0x75e>
1000794a:	464e      	mov	r6, r9
1000794c:	f8dd 903c 	ldr.w	r9, [sp, #60]	@ 0x3c
10007950:	e769      	b.n	10007826 <lfs_dir_compact+0x65a>
10007952:	f3c3 0109 	ubfx	r1, r3, #0, #10
10007956:	9b17      	ldr	r3, [sp, #92]	@ 0x5c
10007958:	1c4a      	adds	r2, r1, #1
1000795a:	9301      	str	r3, [sp, #4]
1000795c:	4b39      	ldr	r3, [pc, #228]	@ (10007a44 <lfs_dir_compact+0x878>)
1000795e:	a83e      	add	r0, sp, #248	@ 0xf8
10007960:	9300      	str	r3, [sp, #0]
10007962:	f3c4 2389 	ubfx	r3, r4, #10, #10
10007966:	1a5b      	subs	r3, r3, r1
10007968:	f7fe fd74 	bl	10006454 <lfs_dir_traverse.constprop.2>
1000796c:	2800      	cmp	r0, #0
1000796e:	d0b7      	beq.n	100078e0 <lfs_dir_compact+0x714>
10007970:	2800      	cmp	r0, #0
10007972:	464e      	mov	r6, r9
10007974:	f8dd 903c 	ldr.w	r9, [sp, #60]	@ 0x3c
10007978:	f6bf af55 	bge.w	10007826 <lfs_dir_compact+0x65a>
1000797c:	e6ac      	b.n	100076d8 <lfs_dir_compact+0x50c>
1000797e:	f3c4 2389 	ubfx	r3, r4, #10, #10
10007982:	f3c2 2189 	ubfx	r1, r2, #10, #10
10007986:	428b      	cmp	r3, r1
10007988:	d8aa      	bhi.n	100078e0 <lfs_dir_compact+0x714>
1000798a:	b240      	sxtb	r0, r0
1000798c:	eb02 2280 	add.w	r2, r2, r0, lsl #10
10007990:	9230      	str	r2, [sp, #192]	@ 0xc0
10007992:	e7a5      	b.n	100078e0 <lfs_dir_compact+0x714>
10007994:	9a2d      	ldr	r2, [sp, #180]	@ 0xb4
10007996:	991d      	ldr	r1, [sp, #116]	@ 0x74
10007998:	f3c2 2789 	ubfx	r7, r2, #10, #10
1000799c:	42b9      	cmp	r1, r7
1000799e:	e9dd 590c 	ldrd	r5, r9, [sp, #48]	@ 0x30
100079a2:	f63f ac44 	bhi.w	1000722e <lfs_dir_compact+0x62>
100079a6:	991f      	ldr	r1, [sp, #124]	@ 0x7c
100079a8:	428f      	cmp	r7, r1
100079aa:	f4bf ac40 	bcs.w	1000722e <lfs_dir_compact+0x62>
100079ae:	f3c2 510a 	ubfx	r1, r2, #20, #11
100079b2:	2900      	cmp	r1, #0
100079b4:	f43f ac3b 	beq.w	1000722e <lfs_dir_compact+0x62>
100079b8:	f240 1001 	movw	r0, #257	@ 0x101
100079bc:	4281      	cmp	r1, r0
100079be:	f000 80be 	beq.w	10007b3e <lfs_dir_compact+0x972>
100079c2:	f5b1 7f81 	cmp.w	r1, #258	@ 0x102
100079c6:	f000 8492 	beq.w	100082ee <lfs_dir_compact+0x1122>
100079ca:	9920      	ldr	r1, [sp, #128]	@ 0x80
100079cc:	f342 0009 	sbfx	r0, r2, #0, #10
100079d0:	1851      	adds	r1, r2, r1
100079d2:	f1b0 3fff 	cmp.w	r0, #4294967295	@ 0xffffffff
100079d6:	bf14      	ite	ne
100079d8:	460a      	movne	r2, r1
100079da:	1c4a      	addeq	r2, r1, #1
100079dc:	992c      	ldr	r1, [sp, #176]	@ 0xb0
100079de:	f3c2 0209 	ubfx	r2, r2, #0, #10
100079e2:	3104      	adds	r1, #4
100079e4:	440a      	add	r2, r1
100079e6:	922c      	str	r2, [sp, #176]	@ 0xb0
100079e8:	e421      	b.n	1000722e <lfs_dir_compact+0x62>
100079ea:	9a22      	ldr	r2, [sp, #136]	@ 0x88
100079ec:	f3c3 0109 	ubfx	r1, r3, #0, #10
100079f0:	1a43      	subs	r3, r0, r1
100079f2:	4413      	add	r3, r2
100079f4:	4a13      	ldr	r2, [pc, #76]	@ (10007a44 <lfs_dir_compact+0x878>)
100079f6:	b21b      	sxth	r3, r3
100079f8:	9200      	str	r2, [sp, #0]
100079fa:	aa2d      	add	r2, sp, #180	@ 0xb4
100079fc:	9201      	str	r2, [sp, #4]
100079fe:	a83a      	add	r0, sp, #232	@ 0xe8
10007a00:	1c4a      	adds	r2, r1, #1
10007a02:	f7fe fd27 	bl	10006454 <lfs_dir_traverse.constprop.2>
10007a06:	2800      	cmp	r0, #0
10007a08:	f43f af0d 	beq.w	10007826 <lfs_dir_compact+0x65a>
10007a0c:	9b0b      	ldr	r3, [sp, #44]	@ 0x2c
10007a0e:	2800      	cmp	r0, #0
10007a10:	930a      	str	r3, [sp, #40]	@ 0x28
10007a12:	e9dd 590c 	ldrd	r5, r9, [sp, #48]	@ 0x30
10007a16:	f6ff ae5f 	blt.w	100076d8 <lfs_dir_compact+0x50c>
10007a1a:	9b0a      	ldr	r3, [sp, #40]	@ 0x28
10007a1c:	68db      	ldr	r3, [r3, #12]
10007a1e:	e406      	b.n	1000722e <lfs_dir_compact+0x62>
10007a20:	f3c3 2389 	ubfx	r3, r3, #10, #10
10007a24:	f3c4 2289 	ubfx	r2, r4, #10, #10
10007a28:	4293      	cmp	r3, r2
10007a2a:	f63f ac5f 	bhi.w	100072ec <lfs_dir_compact+0x120>
10007a2e:	b249      	sxtb	r1, r1
10007a30:	eb04 2481 	add.w	r4, r4, r1, lsl #10
10007a34:	942d      	str	r4, [sp, #180]	@ 0xb4
10007a36:	e459      	b.n	100072ec <lfs_dir_compact+0x120>
10007a38:	200012d0 	.word	0x200012d0
10007a3c:	700ffc00 	.word	0x700ffc00
10007a40:	000ffc00 	.word	0x000ffc00
10007a44:	1000344d 	.word	0x1000344d
10007a48:	f3c3 0309 	ubfx	r3, r3, #0, #10
10007a4c:	2b00      	cmp	r3, #0
10007a4e:	f43f aeea 	beq.w	10007826 <lfs_dir_compact+0x65a>
10007a52:	9a25      	ldr	r2, [sp, #148]	@ 0x94
10007a54:	1881      	adds	r1, r0, r2
10007a56:	982d      	ldr	r0, [sp, #180]	@ 0xb4
10007a58:	0289      	lsls	r1, r1, #10
10007a5a:	f340 0209 	sbfx	r2, r0, #0, #10
10007a5e:	3201      	adds	r2, #1
10007a60:	f43f ad91 	beq.w	10007586 <lfs_dir_compact+0x3ba>
10007a64:	eb03 0343 	add.w	r3, r3, r3, lsl #1
10007a68:	ac3a      	add	r4, sp, #232	@ 0xe8
10007a6a:	eb04 0383 	add.w	r3, r4, r3, lsl #2
10007a6e:	e002      	b.n	10007a76 <lfs_dir_compact+0x8aa>
10007a70:	429c      	cmp	r4, r3
10007a72:	f43f aed8 	beq.w	10007826 <lfs_dir_compact+0x65a>
10007a76:	7825      	ldrb	r5, [r4, #0]
10007a78:	68a2      	ldr	r2, [r4, #8]
10007a7a:	f505 7540 	add.w	r5, r5, #768	@ 0x300
10007a7e:	430a      	orrs	r2, r1
10007a80:	ea42 5205 	orr.w	r2, r2, r5, lsl #20
10007a84:	4042      	eors	r2, r0
10007a86:	ea12 0f0b 	tst.w	r2, fp
10007a8a:	f104 040c 	add.w	r4, r4, #12
10007a8e:	d1ef      	bne.n	10007a70 <lfs_dir_compact+0x8a4>
10007a90:	e9dd 590c 	ldrd	r5, r9, [sp, #48]	@ 0x30
10007a94:	9b0b      	ldr	r3, [sp, #44]	@ 0x2c
10007a96:	930a      	str	r3, [sp, #40]	@ 0x28
10007a98:	68db      	ldr	r3, [r3, #12]
10007a9a:	f7ff bbc8 	b.w	1000722e <lfs_dir_compact+0x62>
10007a9e:	f3cc 2289 	ubfx	r2, ip, #10, #10
10007aa2:	f3c1 2689 	ubfx	r6, r1, #10, #10
10007aa6:	42b2      	cmp	r2, r6
10007aa8:	f63f ad33 	bhi.w	10007512 <lfs_dir_compact+0x346>
10007aac:	b240      	sxtb	r0, r0
10007aae:	eb01 2180 	add.w	r1, r1, r0, lsl #10
10007ab2:	912d      	str	r1, [sp, #180]	@ 0xb4
10007ab4:	e52d      	b.n	10007512 <lfs_dir_compact+0x346>
10007ab6:	9b23      	ldr	r3, [sp, #140]	@ 0x8c
10007ab8:	2bfe      	cmp	r3, #254	@ 0xfe
10007aba:	9b05      	ldr	r3, [sp, #20]
10007abc:	6e9c      	ldr	r4, [r3, #104]	@ 0x68
10007abe:	dc16      	bgt.n	10007aee <lfs_dir_compact+0x922>
10007ac0:	69a3      	ldr	r3, [r4, #24]
10007ac2:	6c62      	ldr	r2, [r4, #68]	@ 0x44
10007ac4:	f1a3 0124 	sub.w	r1, r3, #36	@ 0x24
10007ac8:	2a00      	cmp	r2, #0
10007aca:	f000 846e 	beq.w	100083aa <lfs_dir_compact+0x11de>
10007ace:	0853      	lsrs	r3, r2, #1
10007ad0:	6965      	ldr	r5, [r4, #20]
10007ad2:	9a2c      	ldr	r2, [sp, #176]	@ 0xb0
10007ad4:	1e68      	subs	r0, r5, #1
10007ad6:	4403      	add	r3, r0
10007ad8:	fbb3 f0f5 	udiv	r0, r3, r5
10007adc:	fb05 3010 	mls	r0, r5, r0, r3
10007ae0:	1a1b      	subs	r3, r3, r0
10007ae2:	428b      	cmp	r3, r1
10007ae4:	bf28      	it	cs
10007ae6:	460b      	movcs	r3, r1
10007ae8:	429a      	cmp	r2, r3
10007aea:	f240 8737 	bls.w	1000895c <lfs_dir_compact+0x1790>
10007aee:	69e3      	ldr	r3, [r4, #28]
10007af0:	9d05      	ldr	r5, [sp, #20]
10007af2:	a83e      	add	r0, sp, #248	@ 0xf8
10007af4:	662b      	str	r3, [r5, #96]	@ 0x60
10007af6:	f7fd ff9f 	bl	10005a38 <lfs_dir_alloc>
10007afa:	2800      	cmp	r0, #0
10007afc:	f000 848c 	beq.w	10008418 <lfs_dir_compact+0x124c>
10007b00:	f110 0f0b 	cmn.w	r0, #11
10007b04:	4603      	mov	r3, r0
10007b06:	f8dd 809c 	ldr.w	r8, [sp, #156]	@ 0x9c
10007b0a:	f47f ade6 	bne.w	100076da <lfs_dir_compact+0x50e>
10007b0e:	9a05      	ldr	r2, [sp, #20]
10007b10:	992c      	ldr	r1, [sp, #176]	@ 0xb0
10007b12:	6e94      	ldr	r4, [r2, #104]	@ 0x68
10007b14:	69a2      	ldr	r2, [r4, #24]
10007b16:	3a24      	subs	r2, #36	@ 0x24
10007b18:	428a      	cmp	r2, r1
10007b1a:	f4ff adde 	bcc.w	100076da <lfs_dir_compact+0x50e>
10007b1e:	f8dd 907c 	ldr.w	r9, [sp, #124]	@ 0x7c
10007b22:	f000 bcb8 	b.w	10008496 <lfs_dir_compact+0x12ca>
10007b26:	f3c3 2389 	ubfx	r3, r3, #10, #10
10007b2a:	f3c2 2089 	ubfx	r0, r2, #10, #10
10007b2e:	4283      	cmp	r3, r0
10007b30:	f63f ae79 	bhi.w	10007826 <lfs_dir_compact+0x65a>
10007b34:	b249      	sxtb	r1, r1
10007b36:	eb02 2281 	add.w	r2, r2, r1, lsl #10
10007b3a:	922d      	str	r2, [sp, #180]	@ 0xb4
10007b3c:	e673      	b.n	10007826 <lfs_dir_compact+0x65a>
10007b3e:	9906      	ldr	r1, [sp, #24]
10007b40:	68c9      	ldr	r1, [r1, #12]
10007b42:	2904      	cmp	r1, #4
10007b44:	f67f ab73 	bls.w	1000722e <lfs_dir_compact+0x62>
10007b48:	f3c2 0209 	ubfx	r2, r2, #0, #10
10007b4c:	991d      	ldr	r1, [sp, #116]	@ 0x74
10007b4e:	1abb      	subs	r3, r7, r2
10007b50:	1a5b      	subs	r3, r3, r1
10007b52:	b219      	sxth	r1, r3
10007b54:	b29b      	uxth	r3, r3
10007b56:	9321      	str	r3, [sp, #132]	@ 0x84
10007b58:	f04f 33ff 	mov.w	r3, #4294967295	@ 0xffffffff
10007b5c:	e9cd 5913 	strd	r5, r9, [sp, #76]	@ 0x4c
10007b60:	2704      	movs	r7, #4
10007b62:	4699      	mov	r9, r3
10007b64:	921a      	str	r2, [sp, #104]	@ 0x68
10007b66:	3201      	adds	r2, #1
10007b68:	921c      	str	r2, [sp, #112]	@ 0x70
10007b6a:	028a      	lsls	r2, r1, #10
10007b6c:	911e      	str	r1, [sp, #120]	@ 0x78
10007b6e:	9219      	str	r2, [sp, #100]	@ 0x64
10007b70:	9b05      	ldr	r3, [sp, #20]
10007b72:	9c06      	ldr	r4, [sp, #24]
10007b74:	6e9b      	ldr	r3, [r3, #104]	@ 0x68
10007b76:	6822      	ldr	r2, [r4, #0]
10007b78:	69d9      	ldr	r1, [r3, #28]
10007b7a:	428a      	cmp	r2, r1
10007b7c:	f4bf ad6e 	bcs.w	1000765c <lfs_dir_compact+0x490>
10007b80:	699b      	ldr	r3, [r3, #24]
10007b82:	1d3d      	adds	r5, r7, #4
10007b84:	429d      	cmp	r5, r3
10007b86:	f63f ad69 	bhi.w	1000765c <lfs_dir_compact+0x490>
10007b8a:	2104      	movs	r1, #4
10007b8c:	ab2e      	add	r3, sp, #184	@ 0xb8
10007b8e:	9300      	str	r3, [sp, #0]
10007b90:	4878      	ldr	r0, [pc, #480]	@ (10007d74 <lfs_dir_compact+0xba8>)
10007b92:	463b      	mov	r3, r7
10007b94:	9101      	str	r1, [sp, #4]
10007b96:	f7fb fd25 	bl	100035e4 <lfs_bd_read.part.0.constprop.0>
10007b9a:	2800      	cmp	r0, #0
10007b9c:	f47f ad9c 	bne.w	100076d8 <lfs_dir_compact+0x50c>
10007ba0:	9b2e      	ldr	r3, [sp, #184]	@ 0xb8
10007ba2:	ba1b      	rev	r3, r3
10007ba4:	ea83 0309 	eor.w	r3, r3, r9
10007ba8:	f043 4900 	orr.w	r9, r3, #2147483648	@ 0x80000000
10007bac:	f8cd 90b8 	str.w	r9, [sp, #184]	@ 0xb8
10007bb0:	6823      	ldr	r3, [r4, #0]
10007bb2:	e9cd 3536 	strd	r3, r5, [sp, #216]	@ 0xd8
10007bb6:	9312      	str	r3, [sp, #72]	@ 0x48
10007bb8:	f089 5300 	eor.w	r3, r9, #536870912	@ 0x20000000
10007bbc:	f013 4fc0 	tst.w	r3, #1610612736	@ 0x60000000
10007bc0:	f349 0309 	sbfx	r3, r9, #0, #10
10007bc4:	d13a      	bne.n	10007c3c <lfs_dir_compact+0xa70>
10007bc6:	f1b3 3fff 	cmp.w	r3, #4294967295	@ 0xffffffff
10007bca:	bf14      	ite	ne
10007bcc:	464a      	movne	r2, r9
10007bce:	f109 0201 	addeq.w	r2, r9, #1
10007bd2:	68e3      	ldr	r3, [r4, #12]
10007bd4:	f3c2 0209 	ubfx	r2, r2, #0, #10
10007bd8:	4415      	add	r5, r2
10007bda:	429d      	cmp	r5, r3
10007bdc:	920c      	str	r2, [sp, #48]	@ 0x30
10007bde:	d339      	bcc.n	10007c54 <lfs_dir_compact+0xa88>
10007be0:	464a      	mov	r2, r9
10007be2:	991a      	ldr	r1, [sp, #104]	@ 0x68
10007be4:	f3c2 2089 	ubfx	r0, r2, #10, #10
10007be8:	4281      	cmp	r1, r0
10007bea:	d81c      	bhi.n	10007c26 <lfs_dir_compact+0xa5a>
10007bec:	991c      	ldr	r1, [sp, #112]	@ 0x70
10007bee:	4281      	cmp	r1, r0
10007bf0:	d919      	bls.n	10007c26 <lfs_dir_compact+0xa5a>
10007bf2:	f3c2 510a 	ubfx	r1, r2, #20, #11
10007bf6:	b1b1      	cbz	r1, 10007c26 <lfs_dir_compact+0xa5a>
10007bf8:	f240 1401 	movw	r4, #257	@ 0x101
10007bfc:	42a1      	cmp	r1, r4
10007bfe:	f000 8255 	beq.w	100080ac <lfs_dir_compact+0xee0>
10007c02:	f5b1 7f81 	cmp.w	r1, #258	@ 0x102
10007c06:	f000 83ac 	beq.w	10008362 <lfs_dir_compact+0x1196>
10007c0a:	9919      	ldr	r1, [sp, #100]	@ 0x64
10007c0c:	4411      	add	r1, r2
10007c0e:	f342 0209 	sbfx	r2, r2, #0, #10
10007c12:	f1b2 3fff 	cmp.w	r2, #4294967295	@ 0xffffffff
10007c16:	bf08      	it	eq
10007c18:	3101      	addeq	r1, #1
10007c1a:	9a2c      	ldr	r2, [sp, #176]	@ 0xb0
10007c1c:	1d10      	adds	r0, r2, #4
10007c1e:	f3c1 0209 	ubfx	r2, r1, #0, #10
10007c22:	4402      	add	r2, r0
10007c24:	922c      	str	r2, [sp, #176]	@ 0xb0
10007c26:	9a0c      	ldr	r2, [sp, #48]	@ 0x30
10007c28:	3204      	adds	r2, #4
10007c2a:	4417      	add	r7, r2
10007c2c:	429f      	cmp	r7, r3
10007c2e:	d39f      	bcc.n	10007b70 <lfs_dir_compact+0x9a4>
10007c30:	e9dd 5913 	ldrd	r5, r9, [sp, #76]	@ 0x4c
10007c34:	9b0a      	ldr	r3, [sp, #40]	@ 0x28
10007c36:	68db      	ldr	r3, [r3, #12]
10007c38:	f7ff baf9 	b.w	1000722e <lfs_dir_compact+0x62>
10007c3c:	f1b3 3fff 	cmp.w	r3, #4294967295	@ 0xffffffff
10007c40:	bf14      	ite	ne
10007c42:	464a      	movne	r2, r9
10007c44:	f109 0201 	addeq.w	r2, r9, #1
10007c48:	9b06      	ldr	r3, [sp, #24]
10007c4a:	f3c2 0209 	ubfx	r2, r2, #0, #10
10007c4e:	68db      	ldr	r3, [r3, #12]
10007c50:	920c      	str	r2, [sp, #48]	@ 0x30
10007c52:	e7e8      	b.n	10007c26 <lfs_dir_compact+0xa5a>
10007c54:	464c      	mov	r4, r9
10007c56:	46b8      	mov	r8, r7
10007c58:	9a12      	ldr	r2, [sp, #72]	@ 0x48
10007c5a:	f8cd 903c 	str.w	r9, [sp, #60]	@ 0x3c
10007c5e:	9b05      	ldr	r3, [sp, #20]
10007c60:	6e9b      	ldr	r3, [r3, #104]	@ 0x68
10007c62:	69d9      	ldr	r1, [r3, #28]
10007c64:	4291      	cmp	r1, r2
10007c66:	f67f acf9 	bls.w	1000765c <lfs_dir_compact+0x490>
10007c6a:	699b      	ldr	r3, [r3, #24]
10007c6c:	f105 0904 	add.w	r9, r5, #4
10007c70:	4599      	cmp	r9, r3
10007c72:	f63f acf3 	bhi.w	1000765c <lfs_dir_compact+0x490>
10007c76:	2604      	movs	r6, #4
10007c78:	ab2f      	add	r3, sp, #188	@ 0xbc
10007c7a:	9300      	str	r3, [sp, #0]
10007c7c:	4631      	mov	r1, r6
10007c7e:	462b      	mov	r3, r5
10007c80:	483c      	ldr	r0, [pc, #240]	@ (10007d74 <lfs_dir_compact+0xba8>)
10007c82:	9601      	str	r6, [sp, #4]
10007c84:	f7fb fcae 	bl	100035e4 <lfs_bd_read.part.0.constprop.0>
10007c88:	2800      	cmp	r0, #0
10007c8a:	f040 8706 	bne.w	10008a9a <lfs_dir_compact+0x18ce>
10007c8e:	9b2f      	ldr	r3, [sp, #188]	@ 0xbc
10007c90:	9a06      	ldr	r2, [sp, #24]
10007c92:	ba1b      	rev	r3, r3
10007c94:	4063      	eors	r3, r4
10007c96:	f043 4400 	orr.w	r4, r3, #2147483648	@ 0x80000000
10007c9a:	942f      	str	r4, [sp, #188]	@ 0xbc
10007c9c:	6817      	ldr	r7, [r2, #0]
10007c9e:	f3c4 520a 	ubfx	r2, r4, #20, #11
10007ca2:	e9cd 7938 	strd	r7, r9, [sp, #224]	@ 0xe0
10007ca6:	0d20      	lsrs	r0, r4, #20
10007ca8:	b32a      	cbz	r2, 10007cf6 <lfs_dir_compact+0xb2a>
10007caa:	f240 1c01 	movw	ip, #257	@ 0x101
10007cae:	4562      	cmp	r2, ip
10007cb0:	d066      	beq.n	10007d80 <lfs_dir_compact+0xbb4>
10007cb2:	f5b2 7f81 	cmp.w	r2, #258	@ 0x102
10007cb6:	d035      	beq.n	10007d24 <lfs_dir_compact+0xb58>
10007cb8:	4a2f      	ldr	r2, [pc, #188]	@ (10007d78 <lfs_dir_compact+0xbac>)
10007cba:	f013 5f80 	tst.w	r3, #268435456	@ 0x10000000
10007cbe:	bf0c      	ite	eq
10007cc0:	4616      	moveq	r6, r2
10007cc2:	465e      	movne	r6, fp
10007cc4:	9a2e      	ldr	r2, [sp, #184]	@ 0xb8
10007cc6:	ea84 0702 	eor.w	r7, r4, r2
10007cca:	4237      	tst	r7, r6
10007ccc:	d04c      	beq.n	10007d68 <lfs_dir_compact+0xb9c>
10007cce:	f342 0609 	sbfx	r6, r2, #0, #10
10007cd2:	3601      	adds	r6, #1
10007cd4:	d048      	beq.n	10007d68 <lfs_dir_compact+0xb9c>
10007cd6:	4e29      	ldr	r6, [pc, #164]	@ (10007d7c <lfs_dir_compact+0xbb0>)
10007cd8:	ea03 030b 	and.w	r3, r3, fp
10007cdc:	4016      	ands	r6, r2
10007cde:	f046 469f 	orr.w	r6, r6, #1333788672	@ 0x4f800000
10007ce2:	f446 06e0 	orr.w	r6, r6, #7340032	@ 0x700000
10007ce6:	42b3      	cmp	r3, r6
10007ce8:	d03e      	beq.n	10007d68 <lfs_dir_compact+0xb9c>
10007cea:	f400 61e0 	and.w	r1, r0, #1792	@ 0x700
10007cee:	f5b1 6f80 	cmp.w	r1, #1024	@ 0x400
10007cf2:	f000 81bb 	beq.w	1000806c <lfs_dir_compact+0xea0>
10007cf6:	f344 0309 	sbfx	r3, r4, #0, #10
10007cfa:	f1b3 3fff 	cmp.w	r3, #4294967295	@ 0xffffffff
10007cfe:	bf14      	ite	ne
10007d00:	4622      	movne	r2, r4
10007d02:	1c62      	addeq	r2, r4, #1
10007d04:	9b06      	ldr	r3, [sp, #24]
10007d06:	f3c2 0209 	ubfx	r2, r2, #0, #10
10007d0a:	68db      	ldr	r3, [r3, #12]
10007d0c:	3204      	adds	r2, #4
10007d0e:	4415      	add	r5, r2
10007d10:	429d      	cmp	r5, r3
10007d12:	d304      	bcc.n	10007d1e <lfs_dir_compact+0xb52>
10007d14:	4647      	mov	r7, r8
10007d16:	f8dd 903c 	ldr.w	r9, [sp, #60]	@ 0x3c
10007d1a:	9a2e      	ldr	r2, [sp, #184]	@ 0xb8
10007d1c:	e761      	b.n	10007be2 <lfs_dir_compact+0xa16>
10007d1e:	9b06      	ldr	r3, [sp, #24]
10007d20:	681a      	ldr	r2, [r3, #0]
10007d22:	e79c      	b.n	10007c5e <lfs_dir_compact+0xa92>
10007d24:	f3c3 0309 	ubfx	r3, r3, #0, #10
10007d28:	2b00      	cmp	r3, #0
10007d2a:	d0e4      	beq.n	10007cf6 <lfs_dir_compact+0xb2a>
10007d2c:	9e2e      	ldr	r6, [sp, #184]	@ 0xb8
10007d2e:	f3c4 2089 	ubfx	r0, r4, #10, #10
10007d32:	f346 0209 	sbfx	r2, r6, #0, #10
10007d36:	3201      	adds	r2, #1
10007d38:	ea4f 2080 	mov.w	r0, r0, lsl #10
10007d3c:	d014      	beq.n	10007d68 <lfs_dir_compact+0xb9c>
10007d3e:	eb03 0343 	add.w	r3, r3, r3, lsl #1
10007d42:	a938      	add	r1, sp, #224	@ 0xe0
10007d44:	eb01 0383 	add.w	r3, r1, r3, lsl #2
10007d48:	e001      	b.n	10007d4e <lfs_dir_compact+0xb82>
10007d4a:	4299      	cmp	r1, r3
10007d4c:	d0d3      	beq.n	10007cf6 <lfs_dir_compact+0xb2a>
10007d4e:	780f      	ldrb	r7, [r1, #0]
10007d50:	688a      	ldr	r2, [r1, #8]
10007d52:	f507 7740 	add.w	r7, r7, #768	@ 0x300
10007d56:	4302      	orrs	r2, r0
10007d58:	ea42 5207 	orr.w	r2, r2, r7, lsl #20
10007d5c:	4072      	eors	r2, r6
10007d5e:	ea12 0f0b 	tst.w	r2, fp
10007d62:	f101 010c 	add.w	r1, r1, #12
10007d66:	d1f0      	bne.n	10007d4a <lfs_dir_compact+0xb7e>
10007d68:	9b06      	ldr	r3, [sp, #24]
10007d6a:	4647      	mov	r7, r8
10007d6c:	f8dd 903c 	ldr.w	r9, [sp, #60]	@ 0x3c
10007d70:	68db      	ldr	r3, [r3, #12]
10007d72:	e758      	b.n	10007c26 <lfs_dir_compact+0xa5a>
10007d74:	200012d0 	.word	0x200012d0
10007d78:	700ffc00 	.word	0x700ffc00
10007d7c:	000ffc00 	.word	0x000ffc00
10007d80:	f8dd a0ec 	ldr.w	sl, [sp, #236]	@ 0xec
10007d84:	45b2      	cmp	sl, r6
10007d86:	d9b6      	bls.n	10007cf6 <lfs_dir_compact+0xb2a>
10007d88:	46b1      	mov	r9, r6
10007d8a:	f04f 36ff 	mov.w	r6, #4294967295	@ 0xffffffff
10007d8e:	f3c3 0c09 	ubfx	ip, r3, #0, #10
10007d92:	f3c4 2389 	ubfx	r3, r4, #10, #10
10007d96:	eba3 030c 	sub.w	r3, r3, ip
10007d9a:	b29a      	uxth	r2, r3
10007d9c:	e9cd 8508 	strd	r8, r5, [sp, #32]
10007da0:	931b      	str	r3, [sp, #108]	@ 0x6c
10007da2:	9218      	str	r2, [sp, #96]	@ 0x60
10007da4:	029b      	lsls	r3, r3, #10
10007da6:	f10c 0201 	add.w	r2, ip, #1
10007daa:	9217      	str	r2, [sp, #92]	@ 0x5c
10007dac:	9315      	str	r3, [sp, #84]	@ 0x54
10007dae:	940b      	str	r4, [sp, #44]	@ 0x2c
10007db0:	f8cd c058 	str.w	ip, [sp, #88]	@ 0x58
10007db4:	9607      	str	r6, [sp, #28]
10007db6:	9b05      	ldr	r3, [sp, #20]
10007db8:	6e9b      	ldr	r3, [r3, #104]	@ 0x68
10007dba:	69da      	ldr	r2, [r3, #28]
10007dbc:	4297      	cmp	r7, r2
10007dbe:	f4bf ac4d 	bcs.w	1000765c <lfs_dir_compact+0x490>
10007dc2:	699b      	ldr	r3, [r3, #24]
10007dc4:	f109 0504 	add.w	r5, r9, #4
10007dc8:	429d      	cmp	r5, r3
10007dca:	f63f ac47 	bhi.w	1000765c <lfs_dir_compact+0x490>
10007dce:	2104      	movs	r1, #4
10007dd0:	ab30      	add	r3, sp, #192	@ 0xc0
10007dd2:	930d      	str	r3, [sp, #52]	@ 0x34
10007dd4:	9300      	str	r3, [sp, #0]
10007dd6:	463a      	mov	r2, r7
10007dd8:	464b      	mov	r3, r9
10007dda:	48b0      	ldr	r0, [pc, #704]	@ (1000809c <lfs_dir_compact+0xed0>)
10007ddc:	9101      	str	r1, [sp, #4]
10007dde:	f7fb fc01 	bl	100035e4 <lfs_bd_read.part.0.constprop.0>
10007de2:	2800      	cmp	r0, #0
10007de4:	f040 8139 	bne.w	1000805a <lfs_dir_compact+0xe8e>
10007de8:	9b30      	ldr	r3, [sp, #192]	@ 0xc0
10007dea:	9a07      	ldr	r2, [sp, #28]
10007dec:	ba1b      	rev	r3, r3
10007dee:	4053      	eors	r3, r2
10007df0:	f043 4200 	orr.w	r2, r3, #2147483648	@ 0x80000000
10007df4:	f082 5300 	eor.w	r3, r2, #536870912	@ 0x20000000
10007df8:	f013 4fc0 	tst.w	r3, #1610612736	@ 0x60000000
10007dfc:	9207      	str	r2, [sp, #28]
10007dfe:	4613      	mov	r3, r2
10007e00:	9230      	str	r2, [sp, #192]	@ 0xc0
10007e02:	e9cd 753a 	strd	r7, r5, [sp, #232]	@ 0xe8
10007e06:	f342 0209 	sbfx	r2, r2, #0, #10
10007e0a:	d14b      	bne.n	10007ea4 <lfs_dir_compact+0xcd8>
10007e0c:	f1b2 3fff 	cmp.w	r2, #4294967295	@ 0xffffffff
10007e10:	bf08      	it	eq
10007e12:	3301      	addeq	r3, #1
10007e14:	f3c3 0809 	ubfx	r8, r3, #0, #10
10007e18:	4445      	add	r5, r8
10007e1a:	45aa      	cmp	sl, r5
10007e1c:	d849      	bhi.n	10007eb2 <lfs_dir_compact+0xce6>
10007e1e:	9b07      	ldr	r3, [sp, #28]
10007e20:	9a16      	ldr	r2, [sp, #88]	@ 0x58
10007e22:	f3c3 2089 	ubfx	r0, r3, #10, #10
10007e26:	4282      	cmp	r2, r0
10007e28:	d833      	bhi.n	10007e92 <lfs_dir_compact+0xcc6>
10007e2a:	9a17      	ldr	r2, [sp, #92]	@ 0x5c
10007e2c:	4282      	cmp	r2, r0
10007e2e:	d930      	bls.n	10007e92 <lfs_dir_compact+0xcc6>
10007e30:	f3c3 520a 	ubfx	r2, r3, #20, #11
10007e34:	b36a      	cbz	r2, 10007e92 <lfs_dir_compact+0xcc6>
10007e36:	f240 1101 	movw	r1, #257	@ 0x101
10007e3a:	428a      	cmp	r2, r1
10007e3c:	f000 80fc 	beq.w	10008038 <lfs_dir_compact+0xe6c>
10007e40:	f5b2 7f81 	cmp.w	r2, #258	@ 0x102
10007e44:	f000 80a0 	beq.w	10007f88 <lfs_dir_compact+0xdbc>
10007e48:	9a15      	ldr	r2, [sp, #84]	@ 0x54
10007e4a:	4413      	add	r3, r2
10007e4c:	4a94      	ldr	r2, [pc, #592]	@ (100080a0 <lfs_dir_compact+0xed4>)
10007e4e:	f013 5f80 	tst.w	r3, #268435456	@ 0x10000000
10007e52:	bf0c      	ite	eq
10007e54:	4611      	moveq	r1, r2
10007e56:	4659      	movne	r1, fp
10007e58:	9a2e      	ldr	r2, [sp, #184]	@ 0xb8
10007e5a:	ea83 0002 	eor.w	r0, r3, r2
10007e5e:	4208      	tst	r0, r1
10007e60:	f000 80b4 	beq.w	10007fcc <lfs_dir_compact+0xe00>
10007e64:	f342 0109 	sbfx	r1, r2, #0, #10
10007e68:	3101      	adds	r1, #1
10007e6a:	f000 80af 	beq.w	10007fcc <lfs_dir_compact+0xe00>
10007e6e:	498d      	ldr	r1, [pc, #564]	@ (100080a4 <lfs_dir_compact+0xed8>)
10007e70:	ea03 000b 	and.w	r0, r3, fp
10007e74:	4011      	ands	r1, r2
10007e76:	f041 419f 	orr.w	r1, r1, #1333788672	@ 0x4f800000
10007e7a:	f441 01e0 	orr.w	r1, r1, #7340032	@ 0x700000
10007e7e:	4288      	cmp	r0, r1
10007e80:	f000 80a4 	beq.w	10007fcc <lfs_dir_compact+0xe00>
10007e84:	0d19      	lsrs	r1, r3, #20
10007e86:	f401 60e0 	and.w	r0, r1, #1792	@ 0x700
10007e8a:	f5b0 6f80 	cmp.w	r0, #1024	@ 0x400
10007e8e:	f000 80f9 	beq.w	10008084 <lfs_dir_compact+0xeb8>
10007e92:	f108 0304 	add.w	r3, r8, #4
10007e96:	4499      	add	r9, r3
10007e98:	45ca      	cmp	sl, r9
10007e9a:	d88c      	bhi.n	10007db6 <lfs_dir_compact+0xbea>
10007e9c:	e9dd 8508 	ldrd	r8, r5, [sp, #32]
10007ea0:	9c0b      	ldr	r4, [sp, #44]	@ 0x2c
10007ea2:	e728      	b.n	10007cf6 <lfs_dir_compact+0xb2a>
10007ea4:	f1b2 3fff 	cmp.w	r2, #4294967295	@ 0xffffffff
10007ea8:	bf08      	it	eq
10007eaa:	3301      	addeq	r3, #1
10007eac:	f3c3 0809 	ubfx	r8, r3, #0, #10
10007eb0:	e7ef      	b.n	10007e92 <lfs_dir_compact+0xcc6>
10007eb2:	9c07      	ldr	r4, [sp, #28]
10007eb4:	9b05      	ldr	r3, [sp, #20]
10007eb6:	6e9b      	ldr	r3, [r3, #104]	@ 0x68
10007eb8:	69da      	ldr	r2, [r3, #28]
10007eba:	4297      	cmp	r7, r2
10007ebc:	f4bf abce 	bcs.w	1000765c <lfs_dir_compact+0x490>
10007ec0:	699b      	ldr	r3, [r3, #24]
10007ec2:	1d2e      	adds	r6, r5, #4
10007ec4:	429e      	cmp	r6, r3
10007ec6:	f63f abc9 	bhi.w	1000765c <lfs_dir_compact+0x490>
10007eca:	2104      	movs	r1, #4
10007ecc:	ab31      	add	r3, sp, #196	@ 0xc4
10007ece:	9300      	str	r3, [sp, #0]
10007ed0:	463a      	mov	r2, r7
10007ed2:	462b      	mov	r3, r5
10007ed4:	4871      	ldr	r0, [pc, #452]	@ (1000809c <lfs_dir_compact+0xed0>)
10007ed6:	9101      	str	r1, [sp, #4]
10007ed8:	f7fb fb84 	bl	100035e4 <lfs_bd_read.part.0.constprop.0>
10007edc:	2800      	cmp	r0, #0
10007ede:	d14f      	bne.n	10007f80 <lfs_dir_compact+0xdb4>
10007ee0:	9b31      	ldr	r3, [sp, #196]	@ 0xc4
10007ee2:	e9cd 763e 	strd	r7, r6, [sp, #248]	@ 0xf8
10007ee6:	ba1b      	rev	r3, r3
10007ee8:	4063      	eors	r3, r4
10007eea:	f043 4400 	orr.w	r4, r3, #2147483648	@ 0x80000000
10007eee:	f3c4 520a 	ubfx	r2, r4, #20, #11
10007ef2:	9431      	str	r4, [sp, #196]	@ 0xc4
10007ef4:	0d20      	lsrs	r0, r4, #20
10007ef6:	b32a      	cbz	r2, 10007f44 <lfs_dir_compact+0xd78>
10007ef8:	f240 1601 	movw	r6, #257	@ 0x101
10007efc:	42b2      	cmp	r2, r6
10007efe:	d030      	beq.n	10007f62 <lfs_dir_compact+0xd96>
10007f00:	f5b2 7f81 	cmp.w	r2, #258	@ 0x102
10007f04:	d068      	beq.n	10007fd8 <lfs_dir_compact+0xe0c>
10007f06:	4a66      	ldr	r2, [pc, #408]	@ (100080a0 <lfs_dir_compact+0xed4>)
10007f08:	f013 5f80 	tst.w	r3, #268435456	@ 0x10000000
10007f0c:	bf0c      	ite	eq
10007f0e:	4616      	moveq	r6, r2
10007f10:	465e      	movne	r6, fp
10007f12:	9a30      	ldr	r2, [sp, #192]	@ 0xc0
10007f14:	ea84 0c02 	eor.w	ip, r4, r2
10007f18:	ea1c 0f06 	tst.w	ip, r6
10007f1c:	d0b9      	beq.n	10007e92 <lfs_dir_compact+0xcc6>
10007f1e:	f342 0609 	sbfx	r6, r2, #0, #10
10007f22:	3601      	adds	r6, #1
10007f24:	d0b5      	beq.n	10007e92 <lfs_dir_compact+0xcc6>
10007f26:	4e5f      	ldr	r6, [pc, #380]	@ (100080a4 <lfs_dir_compact+0xed8>)
10007f28:	ea03 030b 	and.w	r3, r3, fp
10007f2c:	4016      	ands	r6, r2
10007f2e:	f046 469f 	orr.w	r6, r6, #1333788672	@ 0x4f800000
10007f32:	f446 06e0 	orr.w	r6, r6, #7340032	@ 0x700000
10007f36:	429e      	cmp	r6, r3
10007f38:	d0ab      	beq.n	10007e92 <lfs_dir_compact+0xcc6>
10007f3a:	f400 61e0 	and.w	r1, r0, #1792	@ 0x700
10007f3e:	f5b1 6f80 	cmp.w	r1, #1024	@ 0x400
10007f42:	d06e      	beq.n	10008022 <lfs_dir_compact+0xe56>
10007f44:	f344 0209 	sbfx	r2, r4, #0, #10
10007f48:	f1b2 3fff 	cmp.w	r2, #4294967295	@ 0xffffffff
10007f4c:	bf14      	ite	ne
10007f4e:	4623      	movne	r3, r4
10007f50:	1c63      	addeq	r3, r4, #1
10007f52:	f3c3 0309 	ubfx	r3, r3, #0, #10
10007f56:	3304      	adds	r3, #4
10007f58:	441d      	add	r5, r3
10007f5a:	45aa      	cmp	sl, r5
10007f5c:	d8aa      	bhi.n	10007eb4 <lfs_dir_compact+0xce8>
10007f5e:	9b30      	ldr	r3, [sp, #192]	@ 0xc0
10007f60:	e75e      	b.n	10007e20 <lfs_dir_compact+0xc54>
10007f62:	f3c3 0109 	ubfx	r1, r3, #0, #10
10007f66:	9b0d      	ldr	r3, [sp, #52]	@ 0x34
10007f68:	1c4a      	adds	r2, r1, #1
10007f6a:	9301      	str	r3, [sp, #4]
10007f6c:	4b4e      	ldr	r3, [pc, #312]	@ (100080a8 <lfs_dir_compact+0xedc>)
10007f6e:	a83e      	add	r0, sp, #248	@ 0xf8
10007f70:	9300      	str	r3, [sp, #0]
10007f72:	f3c4 2389 	ubfx	r3, r4, #10, #10
10007f76:	1a5b      	subs	r3, r3, r1
10007f78:	f7fe fa6c 	bl	10006454 <lfs_dir_traverse.constprop.2>
10007f7c:	2800      	cmp	r0, #0
10007f7e:	d0e1      	beq.n	10007f44 <lfs_dir_compact+0xd78>
10007f80:	2800      	cmp	r0, #0
10007f82:	da86      	bge.n	10007e92 <lfs_dir_compact+0xcc6>
10007f84:	f7ff bba8 	b.w	100076d8 <lfs_dir_compact+0x50c>
10007f88:	f3c3 0309 	ubfx	r3, r3, #0, #10
10007f8c:	2b00      	cmp	r3, #0
10007f8e:	d080      	beq.n	10007e92 <lfs_dir_compact+0xcc6>
10007f90:	9a1b      	ldr	r2, [sp, #108]	@ 0x6c
10007f92:	1881      	adds	r1, r0, r2
10007f94:	982e      	ldr	r0, [sp, #184]	@ 0xb8
10007f96:	0289      	lsls	r1, r1, #10
10007f98:	f340 0209 	sbfx	r2, r0, #0, #10
10007f9c:	3201      	adds	r2, #1
10007f9e:	d015      	beq.n	10007fcc <lfs_dir_compact+0xe00>
10007fa0:	eb03 0343 	add.w	r3, r3, r3, lsl #1
10007fa4:	ac3a      	add	r4, sp, #232	@ 0xe8
10007fa6:	eb04 0383 	add.w	r3, r4, r3, lsl #2
10007faa:	e002      	b.n	10007fb2 <lfs_dir_compact+0xde6>
10007fac:	42a3      	cmp	r3, r4
10007fae:	f43f af70 	beq.w	10007e92 <lfs_dir_compact+0xcc6>
10007fb2:	7825      	ldrb	r5, [r4, #0]
10007fb4:	68a2      	ldr	r2, [r4, #8]
10007fb6:	f505 7540 	add.w	r5, r5, #768	@ 0x300
10007fba:	430a      	orrs	r2, r1
10007fbc:	ea42 5205 	orr.w	r2, r2, r5, lsl #20
10007fc0:	4042      	eors	r2, r0
10007fc2:	ea12 0f0b 	tst.w	r2, fp
10007fc6:	f104 040c 	add.w	r4, r4, #12
10007fca:	d1ef      	bne.n	10007fac <lfs_dir_compact+0xde0>
10007fcc:	9b06      	ldr	r3, [sp, #24]
10007fce:	9f08      	ldr	r7, [sp, #32]
10007fd0:	f8dd 903c 	ldr.w	r9, [sp, #60]	@ 0x3c
10007fd4:	68db      	ldr	r3, [r3, #12]
10007fd6:	e626      	b.n	10007c26 <lfs_dir_compact+0xa5a>
10007fd8:	f3c3 0309 	ubfx	r3, r3, #0, #10
10007fdc:	2b00      	cmp	r3, #0
10007fde:	d0b1      	beq.n	10007f44 <lfs_dir_compact+0xd78>
10007fe0:	9e30      	ldr	r6, [sp, #192]	@ 0xc0
10007fe2:	f3c4 2089 	ubfx	r0, r4, #10, #10
10007fe6:	f346 0209 	sbfx	r2, r6, #0, #10
10007fea:	3201      	adds	r2, #1
10007fec:	ea4f 2080 	mov.w	r0, r0, lsl #10
10007ff0:	f43f af4f 	beq.w	10007e92 <lfs_dir_compact+0xcc6>
10007ff4:	eb03 0343 	add.w	r3, r3, r3, lsl #1
10007ff8:	a93e      	add	r1, sp, #248	@ 0xf8
10007ffa:	eb01 0383 	add.w	r3, r1, r3, lsl #2
10007ffe:	e001      	b.n	10008004 <lfs_dir_compact+0xe38>
10008000:	428b      	cmp	r3, r1
10008002:	d09f      	beq.n	10007f44 <lfs_dir_compact+0xd78>
10008004:	f891 c000 	ldrb.w	ip, [r1]
10008008:	688a      	ldr	r2, [r1, #8]
1000800a:	f50c 7c40 	add.w	ip, ip, #768	@ 0x300
1000800e:	4302      	orrs	r2, r0
10008010:	ea42 520c 	orr.w	r2, r2, ip, lsl #20
10008014:	4072      	eors	r2, r6
10008016:	ea12 0f0b 	tst.w	r2, fp
1000801a:	f101 010c 	add.w	r1, r1, #12
1000801e:	d1ef      	bne.n	10008000 <lfs_dir_compact+0xe34>
10008020:	e737      	b.n	10007e92 <lfs_dir_compact+0xcc6>
10008022:	f3c4 2389 	ubfx	r3, r4, #10, #10
10008026:	f3c2 2189 	ubfx	r1, r2, #10, #10
1000802a:	428b      	cmp	r3, r1
1000802c:	d88a      	bhi.n	10007f44 <lfs_dir_compact+0xd78>
1000802e:	b240      	sxtb	r0, r0
10008030:	eb02 2280 	add.w	r2, r2, r0, lsl #10
10008034:	9230      	str	r2, [sp, #192]	@ 0xc0
10008036:	e785      	b.n	10007f44 <lfs_dir_compact+0xd78>
10008038:	9a18      	ldr	r2, [sp, #96]	@ 0x60
1000803a:	f3c3 0109 	ubfx	r1, r3, #0, #10
1000803e:	1a43      	subs	r3, r0, r1
10008040:	4413      	add	r3, r2
10008042:	aa2e      	add	r2, sp, #184	@ 0xb8
10008044:	9201      	str	r2, [sp, #4]
10008046:	4a18      	ldr	r2, [pc, #96]	@ (100080a8 <lfs_dir_compact+0xedc>)
10008048:	b21b      	sxth	r3, r3
1000804a:	9200      	str	r2, [sp, #0]
1000804c:	a83a      	add	r0, sp, #232	@ 0xe8
1000804e:	1c4a      	adds	r2, r1, #1
10008050:	f7fe fa00 	bl	10006454 <lfs_dir_traverse.constprop.2>
10008054:	2800      	cmp	r0, #0
10008056:	f43f af1c 	beq.w	10007e92 <lfs_dir_compact+0xcc6>
1000805a:	2800      	cmp	r0, #0
1000805c:	9f08      	ldr	r7, [sp, #32]
1000805e:	f8dd 903c 	ldr.w	r9, [sp, #60]	@ 0x3c
10008062:	f6ff ab39 	blt.w	100076d8 <lfs_dir_compact+0x50c>
10008066:	9b06      	ldr	r3, [sp, #24]
10008068:	68db      	ldr	r3, [r3, #12]
1000806a:	e5dc      	b.n	10007c26 <lfs_dir_compact+0xa5a>
1000806c:	f3c4 2389 	ubfx	r3, r4, #10, #10
10008070:	f3c2 2189 	ubfx	r1, r2, #10, #10
10008074:	428b      	cmp	r3, r1
10008076:	f63f ae3e 	bhi.w	10007cf6 <lfs_dir_compact+0xb2a>
1000807a:	b240      	sxtb	r0, r0
1000807c:	eb02 2280 	add.w	r2, r2, r0, lsl #10
10008080:	922e      	str	r2, [sp, #184]	@ 0xb8
10008082:	e638      	b.n	10007cf6 <lfs_dir_compact+0xb2a>
10008084:	f3c3 2389 	ubfx	r3, r3, #10, #10
10008088:	f3c2 2089 	ubfx	r0, r2, #10, #10
1000808c:	4283      	cmp	r3, r0
1000808e:	f63f af00 	bhi.w	10007e92 <lfs_dir_compact+0xcc6>
10008092:	b249      	sxtb	r1, r1
10008094:	eb02 2281 	add.w	r2, r2, r1, lsl #10
10008098:	922e      	str	r2, [sp, #184]	@ 0xb8
1000809a:	e6fa      	b.n	10007e92 <lfs_dir_compact+0xcc6>
1000809c:	200012d0 	.word	0x200012d0
100080a0:	700ffc00 	.word	0x700ffc00
100080a4:	000ffc00 	.word	0x000ffc00
100080a8:	1000344d 	.word	0x1000344d
100080ac:	9939      	ldr	r1, [sp, #228]	@ 0xe4
100080ae:	2904      	cmp	r1, #4
100080b0:	f67f adb9 	bls.w	10007c26 <lfs_dir_compact+0xa5a>
100080b4:	f04f 36ff 	mov.w	r6, #4294967295	@ 0xffffffff
100080b8:	f04f 0804 	mov.w	r8, #4
100080bc:	468a      	mov	sl, r1
100080be:	f3c2 0e09 	ubfx	lr, r2, #0, #10
100080c2:	9a21      	ldr	r2, [sp, #132]	@ 0x84
100080c4:	eba0 030e 	sub.w	r3, r0, lr
100080c8:	4413      	add	r3, r2
100080ca:	b21a      	sxth	r2, r3
100080cc:	b29b      	uxth	r3, r3
100080ce:	9316      	str	r3, [sp, #88]	@ 0x58
100080d0:	f10e 0301 	add.w	r3, lr, #1
100080d4:	e9cd 7908 	strd	r7, r9, [sp, #32]
100080d8:	9315      	str	r3, [sp, #84]	@ 0x54
100080da:	9f12      	ldr	r7, [sp, #72]	@ 0x48
100080dc:	0293      	lsls	r3, r2, #10
100080de:	9217      	str	r2, [sp, #92]	@ 0x5c
100080e0:	930d      	str	r3, [sp, #52]	@ 0x34
100080e2:	f8cd e03c 	str.w	lr, [sp, #60]	@ 0x3c
100080e6:	9607      	str	r6, [sp, #28]
100080e8:	9b05      	ldr	r3, [sp, #20]
100080ea:	6e9b      	ldr	r3, [r3, #104]	@ 0x68
100080ec:	69da      	ldr	r2, [r3, #28]
100080ee:	4297      	cmp	r7, r2
100080f0:	f4bf aab4 	bcs.w	1000765c <lfs_dir_compact+0x490>
100080f4:	699b      	ldr	r3, [r3, #24]
100080f6:	f108 0504 	add.w	r5, r8, #4
100080fa:	429d      	cmp	r5, r3
100080fc:	f63f aaae 	bhi.w	1000765c <lfs_dir_compact+0x490>
10008100:	2104      	movs	r1, #4
10008102:	ab31      	add	r3, sp, #196	@ 0xc4
10008104:	930b      	str	r3, [sp, #44]	@ 0x2c
10008106:	9300      	str	r3, [sp, #0]
10008108:	463a      	mov	r2, r7
1000810a:	4643      	mov	r3, r8
1000810c:	48a8      	ldr	r0, [pc, #672]	@ (100083b0 <lfs_dir_compact+0x11e4>)
1000810e:	9101      	str	r1, [sp, #4]
10008110:	f7fb fa68 	bl	100035e4 <lfs_bd_read.part.0.constprop.0>
10008114:	2800      	cmp	r0, #0
10008116:	f47f aadf 	bne.w	100076d8 <lfs_dir_compact+0x50c>
1000811a:	9b31      	ldr	r3, [sp, #196]	@ 0xc4
1000811c:	9a07      	ldr	r2, [sp, #28]
1000811e:	ba1b      	rev	r3, r3
10008120:	405a      	eors	r2, r3
10008122:	f042 4200 	orr.w	r2, r2, #2147483648	@ 0x80000000
10008126:	f082 5300 	eor.w	r3, r2, #536870912	@ 0x20000000
1000812a:	f013 4fc0 	tst.w	r3, #1610612736	@ 0x60000000
1000812e:	9207      	str	r2, [sp, #28]
10008130:	4613      	mov	r3, r2
10008132:	9231      	str	r2, [sp, #196]	@ 0xc4
10008134:	e9cd 753a 	strd	r7, r5, [sp, #232]	@ 0xe8
10008138:	f342 0209 	sbfx	r2, r2, #0, #10
1000813c:	d135      	bne.n	100081aa <lfs_dir_compact+0xfde>
1000813e:	f1b2 3fff 	cmp.w	r2, #4294967295	@ 0xffffffff
10008142:	bf08      	it	eq
10008144:	3301      	addeq	r3, #1
10008146:	f3c3 0909 	ubfx	r9, r3, #0, #10
1000814a:	444d      	add	r5, r9
1000814c:	4555      	cmp	r5, sl
1000814e:	d333      	bcc.n	100081b8 <lfs_dir_compact+0xfec>
10008150:	9b07      	ldr	r3, [sp, #28]
10008152:	9a0f      	ldr	r2, [sp, #60]	@ 0x3c
10008154:	f3c3 2089 	ubfx	r0, r3, #10, #10
10008158:	4282      	cmp	r2, r0
1000815a:	d81c      	bhi.n	10008196 <lfs_dir_compact+0xfca>
1000815c:	9a15      	ldr	r2, [sp, #84]	@ 0x54
1000815e:	4282      	cmp	r2, r0
10008160:	d919      	bls.n	10008196 <lfs_dir_compact+0xfca>
10008162:	f3c3 520a 	ubfx	r2, r3, #20, #11
10008166:	b1b2      	cbz	r2, 10008196 <lfs_dir_compact+0xfca>
10008168:	f240 1101 	movw	r1, #257	@ 0x101
1000816c:	428a      	cmp	r2, r1
1000816e:	f000 80e5 	beq.w	1000833c <lfs_dir_compact+0x1170>
10008172:	f5b2 7f81 	cmp.w	r2, #258	@ 0x102
10008176:	f000 8125 	beq.w	100083c4 <lfs_dir_compact+0x11f8>
1000817a:	9a0d      	ldr	r2, [sp, #52]	@ 0x34
1000817c:	441a      	add	r2, r3
1000817e:	f343 0309 	sbfx	r3, r3, #0, #10
10008182:	f1b3 3fff 	cmp.w	r3, #4294967295	@ 0xffffffff
10008186:	bf08      	it	eq
10008188:	3201      	addeq	r2, #1
1000818a:	9b2c      	ldr	r3, [sp, #176]	@ 0xb0
1000818c:	1d19      	adds	r1, r3, #4
1000818e:	f3c2 0309 	ubfx	r3, r2, #0, #10
10008192:	440b      	add	r3, r1
10008194:	932c      	str	r3, [sp, #176]	@ 0xb0
10008196:	f109 0304 	add.w	r3, r9, #4
1000819a:	4498      	add	r8, r3
1000819c:	45d0      	cmp	r8, sl
1000819e:	d3a3      	bcc.n	100080e8 <lfs_dir_compact+0xf1c>
100081a0:	e9dd 7908 	ldrd	r7, r9, [sp, #32]
100081a4:	9b06      	ldr	r3, [sp, #24]
100081a6:	68db      	ldr	r3, [r3, #12]
100081a8:	e53d      	b.n	10007c26 <lfs_dir_compact+0xa5a>
100081aa:	f1b2 3fff 	cmp.w	r2, #4294967295	@ 0xffffffff
100081ae:	bf08      	it	eq
100081b0:	3301      	addeq	r3, #1
100081b2:	f3c3 0909 	ubfx	r9, r3, #0, #10
100081b6:	e7ee      	b.n	10008196 <lfs_dir_compact+0xfca>
100081b8:	9c07      	ldr	r4, [sp, #28]
100081ba:	9b05      	ldr	r3, [sp, #20]
100081bc:	6e9b      	ldr	r3, [r3, #104]	@ 0x68
100081be:	69da      	ldr	r2, [r3, #28]
100081c0:	4297      	cmp	r7, r2
100081c2:	f4bf aa4b 	bcs.w	1000765c <lfs_dir_compact+0x490>
100081c6:	699b      	ldr	r3, [r3, #24]
100081c8:	1d2e      	adds	r6, r5, #4
100081ca:	429e      	cmp	r6, r3
100081cc:	f63f aa46 	bhi.w	1000765c <lfs_dir_compact+0x490>
100081d0:	2104      	movs	r1, #4
100081d2:	ab38      	add	r3, sp, #224	@ 0xe0
100081d4:	9300      	str	r3, [sp, #0]
100081d6:	463a      	mov	r2, r7
100081d8:	462b      	mov	r3, r5
100081da:	4875      	ldr	r0, [pc, #468]	@ (100083b0 <lfs_dir_compact+0x11e4>)
100081dc:	9101      	str	r1, [sp, #4]
100081de:	f7fb fa01 	bl	100035e4 <lfs_bd_read.part.0.constprop.0>
100081e2:	2800      	cmp	r0, #0
100081e4:	d14f      	bne.n	10008286 <lfs_dir_compact+0x10ba>
100081e6:	9b38      	ldr	r3, [sp, #224]	@ 0xe0
100081e8:	e9cd 763e 	strd	r7, r6, [sp, #248]	@ 0xf8
100081ec:	ba1b      	rev	r3, r3
100081ee:	4063      	eors	r3, r4
100081f0:	f043 4400 	orr.w	r4, r3, #2147483648	@ 0x80000000
100081f4:	f3c4 520a 	ubfx	r2, r4, #20, #11
100081f8:	9438      	str	r4, [sp, #224]	@ 0xe0
100081fa:	0d20      	lsrs	r0, r4, #20
100081fc:	b32a      	cbz	r2, 1000824a <lfs_dir_compact+0x107e>
100081fe:	f240 1601 	movw	r6, #257	@ 0x101
10008202:	42b2      	cmp	r2, r6
10008204:	d030      	beq.n	10008268 <lfs_dir_compact+0x109c>
10008206:	f5b2 7f81 	cmp.w	r2, #258	@ 0x102
1000820a:	d040      	beq.n	1000828e <lfs_dir_compact+0x10c2>
1000820c:	4a69      	ldr	r2, [pc, #420]	@ (100083b4 <lfs_dir_compact+0x11e8>)
1000820e:	f013 5f80 	tst.w	r3, #268435456	@ 0x10000000
10008212:	bf0c      	ite	eq
10008214:	4616      	moveq	r6, r2
10008216:	465e      	movne	r6, fp
10008218:	9a31      	ldr	r2, [sp, #196]	@ 0xc4
1000821a:	ea84 0c02 	eor.w	ip, r4, r2
1000821e:	ea1c 0f06 	tst.w	ip, r6
10008222:	d0b8      	beq.n	10008196 <lfs_dir_compact+0xfca>
10008224:	f342 0609 	sbfx	r6, r2, #0, #10
10008228:	3601      	adds	r6, #1
1000822a:	d0b4      	beq.n	10008196 <lfs_dir_compact+0xfca>
1000822c:	4e62      	ldr	r6, [pc, #392]	@ (100083b8 <lfs_dir_compact+0x11ec>)
1000822e:	ea03 030b 	and.w	r3, r3, fp
10008232:	4016      	ands	r6, r2
10008234:	f046 469f 	orr.w	r6, r6, #1333788672	@ 0x4f800000
10008238:	f446 06e0 	orr.w	r6, r6, #7340032	@ 0x700000
1000823c:	42b3      	cmp	r3, r6
1000823e:	d0aa      	beq.n	10008196 <lfs_dir_compact+0xfca>
10008240:	f400 61e0 	and.w	r1, r0, #1792	@ 0x700
10008244:	f5b1 6f80 	cmp.w	r1, #1024	@ 0x400
10008248:	d046      	beq.n	100082d8 <lfs_dir_compact+0x110c>
1000824a:	f344 0209 	sbfx	r2, r4, #0, #10
1000824e:	f1b2 3fff 	cmp.w	r2, #4294967295	@ 0xffffffff
10008252:	bf14      	ite	ne
10008254:	4623      	movne	r3, r4
10008256:	1c63      	addeq	r3, r4, #1
10008258:	f3c3 0309 	ubfx	r3, r3, #0, #10
1000825c:	3304      	adds	r3, #4
1000825e:	441d      	add	r5, r3
10008260:	4555      	cmp	r5, sl
10008262:	d3aa      	bcc.n	100081ba <lfs_dir_compact+0xfee>
10008264:	9b31      	ldr	r3, [sp, #196]	@ 0xc4
10008266:	e774      	b.n	10008152 <lfs_dir_compact+0xf86>
10008268:	f3c3 0109 	ubfx	r1, r3, #0, #10
1000826c:	9b0b      	ldr	r3, [sp, #44]	@ 0x2c
1000826e:	1c4a      	adds	r2, r1, #1
10008270:	9301      	str	r3, [sp, #4]
10008272:	4b52      	ldr	r3, [pc, #328]	@ (100083bc <lfs_dir_compact+0x11f0>)
10008274:	a83e      	add	r0, sp, #248	@ 0xf8
10008276:	9300      	str	r3, [sp, #0]
10008278:	f3c4 2389 	ubfx	r3, r4, #10, #10
1000827c:	1a5b      	subs	r3, r3, r1
1000827e:	f7fe f8e9 	bl	10006454 <lfs_dir_traverse.constprop.2>
10008282:	2800      	cmp	r0, #0
10008284:	d0e1      	beq.n	1000824a <lfs_dir_compact+0x107e>
10008286:	2800      	cmp	r0, #0
10008288:	da85      	bge.n	10008196 <lfs_dir_compact+0xfca>
1000828a:	f7ff ba25 	b.w	100076d8 <lfs_dir_compact+0x50c>
1000828e:	f3c3 0309 	ubfx	r3, r3, #0, #10
10008292:	2b00      	cmp	r3, #0
10008294:	d0d9      	beq.n	1000824a <lfs_dir_compact+0x107e>
10008296:	9e31      	ldr	r6, [sp, #196]	@ 0xc4
10008298:	f3c4 2089 	ubfx	r0, r4, #10, #10
1000829c:	f346 0209 	sbfx	r2, r6, #0, #10
100082a0:	3201      	adds	r2, #1
100082a2:	ea4f 2080 	mov.w	r0, r0, lsl #10
100082a6:	f43f af76 	beq.w	10008196 <lfs_dir_compact+0xfca>
100082aa:	eb03 0343 	add.w	r3, r3, r3, lsl #1
100082ae:	a93e      	add	r1, sp, #248	@ 0xf8
100082b0:	eb01 0383 	add.w	r3, r1, r3, lsl #2
100082b4:	e001      	b.n	100082ba <lfs_dir_compact+0x10ee>
100082b6:	4299      	cmp	r1, r3
100082b8:	d0c7      	beq.n	1000824a <lfs_dir_compact+0x107e>
100082ba:	f891 c000 	ldrb.w	ip, [r1]
100082be:	688a      	ldr	r2, [r1, #8]
100082c0:	f50c 7c40 	add.w	ip, ip, #768	@ 0x300
100082c4:	4302      	orrs	r2, r0
100082c6:	ea42 520c 	orr.w	r2, r2, ip, lsl #20
100082ca:	4072      	eors	r2, r6
100082cc:	ea12 0f0b 	tst.w	r2, fp
100082d0:	f101 010c 	add.w	r1, r1, #12
100082d4:	d1ef      	bne.n	100082b6 <lfs_dir_compact+0x10ea>
100082d6:	e75e      	b.n	10008196 <lfs_dir_compact+0xfca>
100082d8:	f3c4 2389 	ubfx	r3, r4, #10, #10
100082dc:	f3c2 2189 	ubfx	r1, r2, #10, #10
100082e0:	428b      	cmp	r3, r1
100082e2:	d8b2      	bhi.n	1000824a <lfs_dir_compact+0x107e>
100082e4:	b240      	sxtb	r0, r0
100082e6:	eb02 2280 	add.w	r2, r2, r0, lsl #10
100082ea:	9231      	str	r2, [sp, #196]	@ 0xc4
100082ec:	e7ad      	b.n	1000824a <lfs_dir_compact+0x107e>
100082ee:	f3c2 0209 	ubfx	r2, r2, #0, #10
100082f2:	2a00      	cmp	r2, #0
100082f4:	f43e af9b 	beq.w	1000722e <lfs_dir_compact+0x62>
100082f8:	9928      	ldr	r1, [sp, #160]	@ 0xa0
100082fa:	9c06      	ldr	r4, [sp, #24]
100082fc:	440f      	add	r7, r1
100082fe:	eb02 0242 	add.w	r2, r2, r2, lsl #1
10008302:	f8dd c0b0 	ldr.w	ip, [sp, #176]	@ 0xb0
10008306:	02bf      	lsls	r7, r7, #10
10008308:	eb04 0082 	add.w	r0, r4, r2, lsl #2
1000830c:	7822      	ldrb	r2, [r4, #0]
1000830e:	68a1      	ldr	r1, [r4, #8]
10008310:	f502 7240 	add.w	r2, r2, #768	@ 0x300
10008314:	4339      	orrs	r1, r7
10008316:	ea41 5202 	orr.w	r2, r1, r2, lsl #20
1000831a:	f341 0109 	sbfx	r1, r1, #0, #10
1000831e:	f1b1 3fff 	cmp.w	r1, #4294967295	@ 0xffffffff
10008322:	bf08      	it	eq
10008324:	3201      	addeq	r2, #1
10008326:	340c      	adds	r4, #12
10008328:	f3c2 0209 	ubfx	r2, r2, #0, #10
1000832c:	3204      	adds	r2, #4
1000832e:	42a0      	cmp	r0, r4
10008330:	4494      	add	ip, r2
10008332:	d1eb      	bne.n	1000830c <lfs_dir_compact+0x1140>
10008334:	f8cd c0b0 	str.w	ip, [sp, #176]	@ 0xb0
10008338:	f7fe bf79 	b.w	1000722e <lfs_dir_compact+0x62>
1000833c:	9a16      	ldr	r2, [sp, #88]	@ 0x58
1000833e:	f3c3 0109 	ubfx	r1, r3, #0, #10
10008342:	1a43      	subs	r3, r0, r1
10008344:	4413      	add	r3, r2
10008346:	4a1e      	ldr	r2, [pc, #120]	@ (100083c0 <lfs_dir_compact+0x11f4>)
10008348:	b21b      	sxth	r3, r3
1000834a:	9200      	str	r2, [sp, #0]
1000834c:	aa2c      	add	r2, sp, #176	@ 0xb0
1000834e:	9201      	str	r2, [sp, #4]
10008350:	a83a      	add	r0, sp, #232	@ 0xe8
10008352:	1c4a      	adds	r2, r1, #1
10008354:	f7fe f87e 	bl	10006454 <lfs_dir_traverse.constprop.2>
10008358:	2800      	cmp	r0, #0
1000835a:	f43f af1c 	beq.w	10008196 <lfs_dir_compact+0xfca>
1000835e:	f7ff b9bb 	b.w	100076d8 <lfs_dir_compact+0x50c>
10008362:	f3c2 0209 	ubfx	r2, r2, #0, #10
10008366:	2a00      	cmp	r2, #0
10008368:	f43f ac5d 	beq.w	10007c26 <lfs_dir_compact+0xa5a>
1000836c:	991e      	ldr	r1, [sp, #120]	@ 0x78
1000836e:	eb02 0242 	add.w	r2, r2, r2, lsl #1
10008372:	4408      	add	r0, r1
10008374:	ac36      	add	r4, sp, #216	@ 0xd8
10008376:	9e2c      	ldr	r6, [sp, #176]	@ 0xb0
10008378:	0285      	lsls	r5, r0, #10
1000837a:	eb04 0182 	add.w	r1, r4, r2, lsl #2
1000837e:	7822      	ldrb	r2, [r4, #0]
10008380:	68a0      	ldr	r0, [r4, #8]
10008382:	f502 7240 	add.w	r2, r2, #768	@ 0x300
10008386:	4328      	orrs	r0, r5
10008388:	ea40 5202 	orr.w	r2, r0, r2, lsl #20
1000838c:	f340 0009 	sbfx	r0, r0, #0, #10
10008390:	f1b0 3fff 	cmp.w	r0, #4294967295	@ 0xffffffff
10008394:	bf08      	it	eq
10008396:	3201      	addeq	r2, #1
10008398:	340c      	adds	r4, #12
1000839a:	f3c2 0209 	ubfx	r2, r2, #0, #10
1000839e:	3204      	adds	r2, #4
100083a0:	428c      	cmp	r4, r1
100083a2:	4416      	add	r6, r2
100083a4:	d1eb      	bne.n	1000837e <lfs_dir_compact+0x11b2>
100083a6:	962c      	str	r6, [sp, #176]	@ 0xb0
100083a8:	e43d      	b.n	10007c26 <lfs_dir_compact+0xa5a>
100083aa:	085b      	lsrs	r3, r3, #1
100083ac:	f7ff bb90 	b.w	10007ad0 <lfs_dir_compact+0x904>
100083b0:	200012d0 	.word	0x200012d0
100083b4:	700ffc00 	.word	0x700ffc00
100083b8:	000ffc00 	.word	0x000ffc00
100083bc:	1000344d 	.word	0x1000344d
100083c0:	100034bd 	.word	0x100034bd
100083c4:	f3c3 0309 	ubfx	r3, r3, #0, #10
100083c8:	2b00      	cmp	r3, #0
100083ca:	f43f aee4 	beq.w	10008196 <lfs_dir_compact+0xfca>
100083ce:	9a17      	ldr	r2, [sp, #92]	@ 0x5c
100083d0:	eb03 0343 	add.w	r3, r3, r3, lsl #1
100083d4:	4410      	add	r0, r2
100083d6:	a93a      	add	r1, sp, #232	@ 0xe8
100083d8:	9c2c      	ldr	r4, [sp, #176]	@ 0xb0
100083da:	0280      	lsls	r0, r0, #10
100083dc:	eb01 0283 	add.w	r2, r1, r3, lsl #2
100083e0:	780b      	ldrb	r3, [r1, #0]
100083e2:	688d      	ldr	r5, [r1, #8]
100083e4:	f503 7340 	add.w	r3, r3, #768	@ 0x300
100083e8:	4305      	orrs	r5, r0
100083ea:	ea45 5303 	orr.w	r3, r5, r3, lsl #20
100083ee:	f345 0509 	sbfx	r5, r5, #0, #10
100083f2:	f1b5 3fff 	cmp.w	r5, #4294967295	@ 0xffffffff
100083f6:	bf08      	it	eq
100083f8:	3301      	addeq	r3, #1
100083fa:	310c      	adds	r1, #12
100083fc:	f3c3 0309 	ubfx	r3, r3, #0, #10
10008400:	3304      	adds	r3, #4
10008402:	428a      	cmp	r2, r1
10008404:	441c      	add	r4, r3
10008406:	d1eb      	bne.n	100083e0 <lfs_dir_compact+0x1214>
10008408:	942c      	str	r4, [sp, #176]	@ 0xb0
1000840a:	e6c4      	b.n	10008196 <lfs_dir_compact+0xfca>
1000840c:	e9dd 590c 	ldrd	r5, r9, [sp, #48]	@ 0x30
10008410:	f6bf ab03 	bge.w	10007a1a <lfs_dir_compact+0x84e>
10008414:	f7ff b960 	b.w	100076d8 <lfs_dir_compact+0x50c>
10008418:	9b1d      	ldr	r3, [sp, #116]	@ 0x74
1000841a:	9a23      	ldr	r2, [sp, #140]	@ 0x8c
1000841c:	9e27      	ldr	r6, [sp, #156]	@ 0x9c
1000841e:	eb03 0462 	add.w	r4, r3, r2, asr #1
10008422:	9b1f      	ldr	r3, [sp, #124]	@ 0x7c
10008424:	b2a4      	uxth	r4, r4
10008426:	e9cd 4300 	strd	r4, r3, [sp]
1000842a:	7df3      	ldrb	r3, [r6, #23]
1000842c:	464a      	mov	r2, r9
1000842e:	f88d 310f 	strb.w	r3, [sp, #271]	@ 0x10f
10008432:	69f3      	ldr	r3, [r6, #28]
10008434:	9926      	ldr	r1, [sp, #152]	@ 0x98
10008436:	9345      	str	r3, [sp, #276]	@ 0x114
10008438:	69b3      	ldr	r3, [r6, #24]
1000843a:	a83e      	add	r0, sp, #248	@ 0xf8
1000843c:	9344      	str	r3, [sp, #272]	@ 0x110
1000843e:	9b0a      	ldr	r3, [sp, #40]	@ 0x28
10008440:	f7fe fec4 	bl	100071cc <lfs_dir_compact>
10008444:	2800      	cmp	r0, #0
10008446:	f47f ab5b 	bne.w	10007b00 <lfs_dir_compact+0x934>
1000844a:	2301      	movs	r3, #1
1000844c:	9a3e      	ldr	r2, [sp, #248]	@ 0xf8
1000844e:	75f3      	strb	r3, [r6, #23]
10008450:	9b3f      	ldr	r3, [sp, #252]	@ 0xfc
10008452:	61b2      	str	r2, [r6, #24]
10008454:	61f3      	str	r3, [r6, #28]
10008456:	6830      	ldr	r0, [r6, #0]
10008458:	6a29      	ldr	r1, [r5, #32]
1000845a:	4637      	mov	r7, r6
1000845c:	4288      	cmp	r0, r1
1000845e:	462e      	mov	r6, r5
10008460:	d010      	beq.n	10008484 <lfs_dir_compact+0x12b8>
10008462:	687d      	ldr	r5, [r7, #4]
10008464:	6a76      	ldr	r6, [r6, #36]	@ 0x24
10008466:	42b5      	cmp	r5, r6
10008468:	d00c      	beq.n	10008484 <lfs_dir_compact+0x12b8>
1000846a:	42b0      	cmp	r0, r6
1000846c:	d00a      	beq.n	10008484 <lfs_dir_compact+0x12b8>
1000846e:	42a9      	cmp	r1, r5
10008470:	d008      	beq.n	10008484 <lfs_dir_compact+0x12b8>
10008472:	9b1d      	ldr	r3, [sp, #116]	@ 0x74
10008474:	1ae3      	subs	r3, r4, r3
10008476:	2b01      	cmp	r3, #1
10008478:	9323      	str	r3, [sp, #140]	@ 0x8c
1000847a:	f340 8273 	ble.w	10008964 <lfs_dir_compact+0x1798>
1000847e:	941f      	str	r4, [sp, #124]	@ 0x7c
10008480:	f7fe beca 	b.w	10007218 <lfs_dir_compact+0x4c>
10008484:	2c00      	cmp	r4, #0
10008486:	d1f4      	bne.n	10008472 <lfs_dir_compact+0x12a6>
10008488:	9905      	ldr	r1, [sp, #20]
1000848a:	46a1      	mov	r9, r4
1000848c:	e9c1 2308 	strd	r2, r3, [r1, #32]
10008490:	f8dd 809c 	ldr.w	r8, [sp, #156]	@ 0x9c
10008494:	6e8c      	ldr	r4, [r1, #104]	@ 0x68
10008496:	f8d8 5008 	ldr.w	r5, [r8, #8]
1000849a:	6a23      	ldr	r3, [r4, #32]
1000849c:	3501      	adds	r5, #1
1000849e:	2b00      	cmp	r3, #0
100084a0:	f8c8 5008 	str.w	r5, [r8, #8]
100084a4:	dd08      	ble.n	100084b8 <lfs_dir_compact+0x12ec>
100084a6:	3301      	adds	r3, #1
100084a8:	f043 0301 	orr.w	r3, r3, #1
100084ac:	fbb5 f2f3 	udiv	r2, r5, r3
100084b0:	fb03 5512 	mls	r5, r3, r2, r5
100084b4:	2d00      	cmp	r5, #0
100084b6:	d044      	beq.n	10008542 <lfs_dir_compact+0x1376>
100084b8:	2600      	movs	r6, #0
100084ba:	f8d8 0004 	ldr.w	r0, [r8, #4]
100084be:	2100      	movs	r1, #0
100084c0:	f04f 32ff 	mov.w	r2, #4294967295	@ 0xffffffff
100084c4:	6c63      	ldr	r3, [r4, #68]	@ 0x44
100084c6:	903e      	str	r0, [sp, #248]	@ 0xf8
100084c8:	e9cd 2240 	strd	r2, r2, [sp, #256]	@ 0x100
100084cc:	913f      	str	r1, [sp, #252]	@ 0xfc
100084ce:	9142      	str	r1, [sp, #264]	@ 0x108
100084d0:	b903      	cbnz	r3, 100084d4 <lfs_dir_compact+0x1308>
100084d2:	69a3      	ldr	r3, [r4, #24]
100084d4:	3b08      	subs	r3, #8
100084d6:	9343      	str	r3, [sp, #268]	@ 0x10c
100084d8:	68e3      	ldr	r3, [r4, #12]
100084da:	4798      	blx	r3
100084dc:	4603      	mov	r3, r0
100084de:	2800      	cmp	r0, #0
100084e0:	d042      	beq.n	10008568 <lfs_dir_compact+0x139c>
100084e2:	1c9a      	adds	r2, r3, #2
100084e4:	f47f a8f9 	bne.w	100076da <lfs_dir_compact+0x50e>
100084e8:	f04f 33ff 	mov.w	r3, #4294967295	@ 0xffffffff
100084ec:	9a05      	ldr	r2, [sp, #20]
100084ee:	49b5      	ldr	r1, [pc, #724]	@ (100087c4 <lfs_dir_compact+0x15f8>)
100084f0:	6113      	str	r3, [r2, #16]
100084f2:	4bb5      	ldr	r3, [pc, #724]	@ (100087c8 <lfs_dir_compact+0x15fc>)
100084f4:	f240 628a 	movw	r2, #1674	@ 0x68a
100084f8:	9300      	str	r3, [sp, #0]
100084fa:	f8d8 3004 	ldr.w	r3, [r8, #4]
100084fe:	48b3      	ldr	r0, [pc, #716]	@ (100087cc <lfs_dir_compact+0x1600>)
10008500:	f7fa fea0 	bl	10003244 <__wrap_printf>
10008504:	2600      	movs	r6, #0
10008506:	e9d8 2300 	ldrd	r2, r3, [r8]
1000850a:	2a00      	cmp	r2, #0
1000850c:	f000 846c 	beq.w	10008de8 <lfs_dir_compact+0x1c1c>
10008510:	2b01      	cmp	r3, #1
10008512:	f240 8469 	bls.w	10008de8 <lfs_dir_compact+0x1c1c>
10008516:	2a01      	cmp	r2, #1
10008518:	f000 8466 	beq.w	10008de8 <lfs_dir_compact+0x1c1c>
1000851c:	f108 0004 	add.w	r0, r8, #4
10008520:	f7fc ffa0 	bl	10005464 <lfs_alloc>
10008524:	4603      	mov	r3, r0
10008526:	2800      	cmp	r0, #0
10008528:	f000 8473 	beq.w	10008e12 <lfs_dir_compact+0x1c46>
1000852c:	f110 0f0b 	cmn.w	r0, #11
10008530:	f47f a8d3 	bne.w	100076da <lfs_dir_compact+0x50e>
10008534:	2e00      	cmp	r6, #0
10008536:	f040 81c6 	bne.w	100088c6 <lfs_dir_compact+0x16fa>
1000853a:	f06f 030a 	mvn.w	r3, #10
1000853e:	f7ff b8cc 	b.w	100076da <lfs_dir_compact+0x50e>
10008542:	f8d8 3000 	ldr.w	r3, [r8]
10008546:	2b00      	cmp	r3, #0
10008548:	f000 8172 	beq.w	10008830 <lfs_dir_compact+0x1664>
1000854c:	f8d8 2004 	ldr.w	r2, [r8, #4]
10008550:	2a01      	cmp	r2, #1
10008552:	f240 816d 	bls.w	10008830 <lfs_dir_compact+0x1664>
10008556:	2b01      	cmp	r3, #1
10008558:	f000 816a 	beq.w	10008830 <lfs_dir_compact+0x1664>
1000855c:	f04f 33ff 	mov.w	r3, #4294967295	@ 0xffffffff
10008560:	9a05      	ldr	r2, [sp, #20]
10008562:	2601      	movs	r6, #1
10008564:	6113      	str	r3, [r2, #16]
10008566:	e7ce      	b.n	10008506 <lfs_dir_compact+0x133a>
10008568:	2304      	movs	r3, #4
1000856a:	e9dd 123e 	ldrd	r1, r2, [sp, #248]	@ 0xf8
1000856e:	9300      	str	r3, [sp, #0]
10008570:	f108 0308 	add.w	r3, r8, #8
10008574:	f7fb fb84 	bl	10003c80 <lfs_bd_prog.constprop.0>
10008578:	4603      	mov	r3, r0
1000857a:	2800      	cmp	r0, #0
1000857c:	d1b1      	bne.n	100084e2 <lfs_dir_compact+0x1316>
1000857e:	9941      	ldr	r1, [sp, #260]	@ 0x104
10008580:	f898 3008 	ldrb.w	r3, [r8, #8]
10008584:	4f92      	ldr	r7, [pc, #584]	@ (100087d0 <lfs_dir_compact+0x1604>)
10008586:	ea83 0201 	eor.w	r2, r3, r1
1000858a:	f002 020f 	and.w	r2, r2, #15
1000858e:	f857 2022 	ldr.w	r2, [r7, r2, lsl #2]
10008592:	9009      	str	r0, [sp, #36]	@ 0x24
10008594:	ea82 1211 	eor.w	r2, r2, r1, lsr #4
10008598:	ea82 1313 	eor.w	r3, r2, r3, lsr #4
1000859c:	f003 030f 	and.w	r3, r3, #15
100085a0:	f857 1023 	ldr.w	r1, [r7, r3, lsl #2]
100085a4:	f898 300a 	ldrb.w	r3, [r8, #10]
100085a8:	ea81 1112 	eor.w	r1, r1, r2, lsr #4
100085ac:	f898 2009 	ldrb.w	r2, [r8, #9]
100085b0:	f10d 0af8 	add.w	sl, sp, #248	@ 0xf8
100085b4:	ea82 0001 	eor.w	r0, r2, r1
100085b8:	f000 000f 	and.w	r0, r0, #15
100085bc:	f857 0020 	ldr.w	r0, [r7, r0, lsl #2]
100085c0:	f8cd a0c4 	str.w	sl, [sp, #196]	@ 0xc4
100085c4:	ea80 1011 	eor.w	r0, r0, r1, lsr #4
100085c8:	ea80 1212 	eor.w	r2, r0, r2, lsr #4
100085cc:	f002 020f 	and.w	r2, r2, #15
100085d0:	f857 1022 	ldr.w	r1, [r7, r2, lsl #2]
100085d4:	f8cd a040 	str.w	sl, [sp, #64]	@ 0x40
100085d8:	ea81 1110 	eor.w	r1, r1, r0, lsr #4
100085dc:	ea83 0201 	eor.w	r2, r3, r1
100085e0:	f002 020f 	and.w	r2, r2, #15
100085e4:	f857 2022 	ldr.w	r2, [r7, r2, lsl #2]
100085e8:	9c0a      	ldr	r4, [sp, #40]	@ 0x28
100085ea:	ea82 1211 	eor.w	r2, r2, r1, lsr #4
100085ee:	ea82 1313 	eor.w	r3, r2, r3, lsr #4
100085f2:	f003 030f 	and.w	r3, r3, #15
100085f6:	f857 1023 	ldr.w	r1, [r7, r3, lsl #2]
100085fa:	f898 300b 	ldrb.w	r3, [r8, #11]
100085fe:	ea81 1112 	eor.w	r1, r1, r2, lsr #4
10008602:	9a3f      	ldr	r2, [sp, #252]	@ 0xfc
10008604:	f8cd 9018 	str.w	r9, [sp, #24]
10008608:	3204      	adds	r2, #4
1000860a:	923f      	str	r2, [sp, #252]	@ 0xfc
1000860c:	ea83 0201 	eor.w	r2, r3, r1
10008610:	f002 020f 	and.w	r2, r2, #15
10008614:	f857 2022 	ldr.w	r2, [r7, r2, lsl #2]
10008618:	960f      	str	r6, [sp, #60]	@ 0x3c
1000861a:	ea82 1211 	eor.w	r2, r2, r1, lsr #4
1000861e:	ea82 1313 	eor.w	r3, r2, r3, lsr #4
10008622:	f003 030f 	and.w	r3, r3, #15
10008626:	f857 3023 	ldr.w	r3, [r7, r3, lsl #2]
1000862a:	f8cd 801c 	str.w	r8, [sp, #28]
1000862e:	ea83 1312 	eor.w	r3, r3, r2, lsr #4
10008632:	9341      	str	r3, [sp, #260]	@ 0x104
10008634:	9b1d      	ldr	r3, [sp, #116]	@ 0x74
10008636:	425b      	negs	r3, r3
10008638:	fa0f fe83 	sxth.w	lr, r3
1000863c:	9b29      	ldr	r3, [sp, #164]	@ 0xa4
1000863e:	46f2      	mov	sl, lr
10008640:	930b      	str	r3, [sp, #44]	@ 0x2c
10008642:	9b26      	ldr	r3, [sp, #152]	@ 0x98
10008644:	ea4f 228e 	mov.w	r2, lr, lsl #10
10008648:	930c      	str	r3, [sp, #48]	@ 0x30
1000864a:	f04f 33ff 	mov.w	r3, #4294967295	@ 0xffffffff
1000864e:	9308      	str	r3, [sp, #32]
10008650:	68e3      	ldr	r3, [r4, #12]
10008652:	920e      	str	r2, [sp, #56]	@ 0x38
10008654:	9908      	ldr	r1, [sp, #32]
10008656:	f341 0209 	sbfx	r2, r1, #0, #10
1000865a:	f1b2 3fff 	cmp.w	r2, #4294967295	@ 0xffffffff
1000865e:	bf08      	it	eq
10008660:	3101      	addeq	r1, #1
10008662:	9a09      	ldr	r2, [sp, #36]	@ 0x24
10008664:	f3c1 0609 	ubfx	r6, r1, #0, #10
10008668:	3204      	adds	r2, #4
1000866a:	4416      	add	r6, r2
1000866c:	429e      	cmp	r6, r3
1000866e:	f0c0 80b9 	bcc.w	100087e4 <lfs_dir_compact+0x1618>
10008672:	9a0b      	ldr	r2, [sp, #44]	@ 0x2c
10008674:	2a00      	cmp	r2, #0
10008676:	f340 8227 	ble.w	10008ac8 <lfs_dir_compact+0x18fc>
1000867a:	990c      	ldr	r1, [sp, #48]	@ 0x30
1000867c:	3a01      	subs	r2, #1
1000867e:	920b      	str	r2, [sp, #44]	@ 0x2c
10008680:	680a      	ldr	r2, [r1, #0]
10008682:	684e      	ldr	r6, [r1, #4]
10008684:	3108      	adds	r1, #8
10008686:	9234      	str	r2, [sp, #208]	@ 0xd0
10008688:	910c      	str	r1, [sp, #48]	@ 0x30
1000868a:	f012 4b80 	ands.w	fp, r2, #1073741824	@ 0x40000000
1000868e:	d1e1      	bne.n	10008654 <lfs_dir_compact+0x1488>
10008690:	e9dd 5208 	ldrd	r5, r2, [sp, #32]
10008694:	e9dd 980b 	ldrd	r9, r8, [sp, #44]	@ 0x2c
10008698:	4618      	mov	r0, r3
1000869a:	920d      	str	r2, [sp, #52]	@ 0x34
1000869c:	9611      	str	r6, [sp, #68]	@ 0x44
1000869e:	e03a      	b.n	10008716 <lfs_dir_compact+0x154a>
100086a0:	f1b9 0f00 	cmp.w	r9, #0
100086a4:	f340 8114 	ble.w	100088d0 <lfs_dir_compact+0x1704>
100086a8:	f8d8 3000 	ldr.w	r3, [r8]
100086ac:	f8d8 0004 	ldr.w	r0, [r8, #4]
100086b0:	f109 39ff 	add.w	r9, r9, #4294967295	@ 0xffffffff
100086b4:	9336      	str	r3, [sp, #216]	@ 0xd8
100086b6:	f108 0808 	add.w	r8, r8, #8
100086ba:	ea4f 5c13 	mov.w	ip, r3, lsr #20
100086be:	f3c3 520a 	ubfx	r2, r3, #20, #11
100086c2:	46e6      	mov	lr, ip
100086c4:	b332      	cbz	r2, 10008714 <lfs_dir_compact+0x1548>
100086c6:	f240 1101 	movw	r1, #257	@ 0x101
100086ca:	428a      	cmp	r2, r1
100086cc:	f000 8132 	beq.w	10008934 <lfs_dir_compact+0x1768>
100086d0:	f5b2 7f81 	cmp.w	r2, #258	@ 0x102
100086d4:	d050      	beq.n	10008778 <lfs_dir_compact+0x15ac>
100086d6:	4a3f      	ldr	r2, [pc, #252]	@ (100087d4 <lfs_dir_compact+0x1608>)
100086d8:	f013 5f80 	tst.w	r3, #268435456	@ 0x10000000
100086dc:	493e      	ldr	r1, [pc, #248]	@ (100087d8 <lfs_dir_compact+0x160c>)
100086de:	bf18      	it	ne
100086e0:	4611      	movne	r1, r2
100086e2:	9a34      	ldr	r2, [sp, #208]	@ 0xd0
100086e4:	ea82 0003 	eor.w	r0, r2, r3
100086e8:	4208      	tst	r0, r1
100086ea:	d069      	beq.n	100087c0 <lfs_dir_compact+0x15f4>
100086ec:	f342 0109 	sbfx	r1, r2, #0, #10
100086f0:	3101      	adds	r1, #1
100086f2:	d065      	beq.n	100087c0 <lfs_dir_compact+0x15f4>
100086f4:	4939      	ldr	r1, [pc, #228]	@ (100087dc <lfs_dir_compact+0x1610>)
100086f6:	4837      	ldr	r0, [pc, #220]	@ (100087d4 <lfs_dir_compact+0x1608>)
100086f8:	4011      	ands	r1, r2
100086fa:	f041 419f 	orr.w	r1, r1, #1333788672	@ 0x4f800000
100086fe:	f441 01e0 	orr.w	r1, r1, #7340032	@ 0x700000
10008702:	4018      	ands	r0, r3
10008704:	4288      	cmp	r0, r1
10008706:	d05b      	beq.n	100087c0 <lfs_dir_compact+0x15f4>
10008708:	f40c 6ee0 	and.w	lr, ip, #1792	@ 0x700
1000870c:	f5be 6f80 	cmp.w	lr, #1024	@ 0x400
10008710:	f000 8103 	beq.w	1000891a <lfs_dir_compact+0x174e>
10008714:	68e0      	ldr	r0, [r4, #12]
10008716:	f345 0309 	sbfx	r3, r5, #0, #10
1000871a:	f1b3 3fff 	cmp.w	r3, #4294967295	@ 0xffffffff
1000871e:	bf14      	ite	ne
10008720:	4629      	movne	r1, r5
10008722:	1c69      	addeq	r1, r5, #1
10008724:	9b0d      	ldr	r3, [sp, #52]	@ 0x34
10008726:	f3c1 0109 	ubfx	r1, r1, #0, #10
1000872a:	1d1a      	adds	r2, r3, #4
1000872c:	188b      	adds	r3, r1, r2
1000872e:	4283      	cmp	r3, r0
10008730:	d2b6      	bcs.n	100086a0 <lfs_dir_compact+0x14d4>
10008732:	9a05      	ldr	r2, [sp, #20]
10008734:	6e91      	ldr	r1, [r2, #104]	@ 0x68
10008736:	6822      	ldr	r2, [r4, #0]
10008738:	69c8      	ldr	r0, [r1, #28]
1000873a:	4282      	cmp	r2, r0
1000873c:	f080 81b4 	bcs.w	10008aa8 <lfs_dir_compact+0x18dc>
10008740:	6989      	ldr	r1, [r1, #24]
10008742:	1d1e      	adds	r6, r3, #4
10008744:	428e      	cmp	r6, r1
10008746:	f200 81af 	bhi.w	10008aa8 <lfs_dir_compact+0x18dc>
1000874a:	2104      	movs	r1, #4
1000874c:	a836      	add	r0, sp, #216	@ 0xd8
1000874e:	9000      	str	r0, [sp, #0]
10008750:	9101      	str	r1, [sp, #4]
10008752:	4823      	ldr	r0, [pc, #140]	@ (100087e0 <lfs_dir_compact+0x1614>)
10008754:	930d      	str	r3, [sp, #52]	@ 0x34
10008756:	f7fa ff45 	bl	100035e4 <lfs_bd_read.part.0.constprop.0>
1000875a:	2800      	cmp	r0, #0
1000875c:	f040 80fa 	bne.w	10008954 <lfs_dir_compact+0x1788>
10008760:	9b36      	ldr	r3, [sp, #216]	@ 0xd8
10008762:	963b      	str	r6, [sp, #236]	@ 0xec
10008764:	ba1b      	rev	r3, r3
10008766:	406b      	eors	r3, r5
10008768:	f043 4500 	orr.w	r5, r3, #2147483648	@ 0x80000000
1000876c:	6823      	ldr	r3, [r4, #0]
1000876e:	9536      	str	r5, [sp, #216]	@ 0xd8
10008770:	933a      	str	r3, [sp, #232]	@ 0xe8
10008772:	a83a      	add	r0, sp, #232	@ 0xe8
10008774:	462b      	mov	r3, r5
10008776:	e7a0      	b.n	100086ba <lfs_dir_compact+0x14ee>
10008778:	f3c3 0109 	ubfx	r1, r3, #0, #10
1000877c:	2900      	cmp	r1, #0
1000877e:	d0c9      	beq.n	10008714 <lfs_dir_compact+0x1548>
10008780:	f8dd c0d0 	ldr.w	ip, [sp, #208]	@ 0xd0
10008784:	f3c3 2389 	ubfx	r3, r3, #10, #10
10008788:	f34c 0209 	sbfx	r2, ip, #0, #10
1000878c:	3201      	adds	r2, #1
1000878e:	ea4f 2383 	mov.w	r3, r3, lsl #10
10008792:	d015      	beq.n	100087c0 <lfs_dir_compact+0x15f4>
10008794:	eb01 0141 	add.w	r1, r1, r1, lsl #1
10008798:	4602      	mov	r2, r0
1000879a:	4e0e      	ldr	r6, [pc, #56]	@ (100087d4 <lfs_dir_compact+0x1608>)
1000879c:	eb00 0e81 	add.w	lr, r0, r1, lsl #2
100087a0:	e001      	b.n	100087a6 <lfs_dir_compact+0x15da>
100087a2:	4572      	cmp	r2, lr
100087a4:	d0b6      	beq.n	10008714 <lfs_dir_compact+0x1548>
100087a6:	7810      	ldrb	r0, [r2, #0]
100087a8:	320c      	adds	r2, #12
100087aa:	f852 1c04 	ldr.w	r1, [r2, #-4]
100087ae:	f500 7040 	add.w	r0, r0, #768	@ 0x300
100087b2:	4319      	orrs	r1, r3
100087b4:	ea41 5100 	orr.w	r1, r1, r0, lsl #20
100087b8:	ea81 010c 	eor.w	r1, r1, ip
100087bc:	4231      	tst	r1, r6
100087be:	d1f0      	bne.n	100087a2 <lfs_dir_compact+0x15d6>
100087c0:	68e3      	ldr	r3, [r4, #12]
100087c2:	e747      	b.n	10008654 <lfs_dir_compact+0x1488>
100087c4:	1000acac 	.word	0x1000acac
100087c8:	1000afa8 	.word	0x1000afa8
100087cc:	1000ad58 	.word	0x1000ad58
100087d0:	1000b018 	.word	0x1000b018
100087d4:	7ffffc00 	.word	0x7ffffc00
100087d8:	700ffc00 	.word	0x700ffc00
100087dc:	000ffc00 	.word	0x000ffc00
100087e0:	200012d0 	.word	0x200012d0
100087e4:	9b05      	ldr	r3, [sp, #20]
100087e6:	6822      	ldr	r2, [r4, #0]
100087e8:	6e9b      	ldr	r3, [r3, #104]	@ 0x68
100087ea:	69d9      	ldr	r1, [r3, #28]
100087ec:	428a      	cmp	r2, r1
100087ee:	f080 815b 	bcs.w	10008aa8 <lfs_dir_compact+0x18dc>
100087f2:	699b      	ldr	r3, [r3, #24]
100087f4:	1d35      	adds	r5, r6, #4
100087f6:	429d      	cmp	r5, r3
100087f8:	f200 8156 	bhi.w	10008aa8 <lfs_dir_compact+0x18dc>
100087fc:	2104      	movs	r1, #4
100087fe:	ab34      	add	r3, sp, #208	@ 0xd0
10008800:	9300      	str	r3, [sp, #0]
10008802:	48ab      	ldr	r0, [pc, #684]	@ (10008ab0 <lfs_dir_compact+0x18e4>)
10008804:	4633      	mov	r3, r6
10008806:	9101      	str	r1, [sp, #4]
10008808:	f7fa feec 	bl	100035e4 <lfs_bd_read.part.0.constprop.0>
1000880c:	2800      	cmp	r0, #0
1000880e:	f040 80e9 	bne.w	100089e4 <lfs_dir_compact+0x1818>
10008812:	9b34      	ldr	r3, [sp, #208]	@ 0xd0
10008814:	9609      	str	r6, [sp, #36]	@ 0x24
10008816:	ba1a      	rev	r2, r3
10008818:	9b08      	ldr	r3, [sp, #32]
1000881a:	9539      	str	r5, [sp, #228]	@ 0xe4
1000881c:	4053      	eors	r3, r2
1000881e:	f043 4200 	orr.w	r2, r3, #2147483648	@ 0x80000000
10008822:	6823      	ldr	r3, [r4, #0]
10008824:	9234      	str	r2, [sp, #208]	@ 0xd0
10008826:	9338      	str	r3, [sp, #224]	@ 0xe0
10008828:	9208      	str	r2, [sp, #32]
1000882a:	68e3      	ldr	r3, [r4, #12]
1000882c:	ae38      	add	r6, sp, #224	@ 0xe0
1000882e:	e72c      	b.n	1000868a <lfs_dir_compact+0x14be>
10008830:	2300      	movs	r3, #0
10008832:	f10d 0af8 	add.w	sl, sp, #248	@ 0xf8
10008836:	4650      	mov	r0, sl
10008838:	933e      	str	r3, [sp, #248]	@ 0xf8
1000883a:	f7fc fc11 	bl	10005060 <lfs_fs_rawtraverse.constprop.0>
1000883e:	4603      	mov	r3, r0
10008840:	b900      	cbnz	r0, 10008844 <lfs_dir_compact+0x1678>
10008842:	9b3e      	ldr	r3, [sp, #248]	@ 0xf8
10008844:	2b00      	cmp	r3, #0
10008846:	f6fe af48 	blt.w	100076da <lfs_dir_compact+0x50e>
1000884a:	9a05      	ldr	r2, [sp, #20]
1000884c:	6e94      	ldr	r4, [r2, #104]	@ 0x68
1000884e:	69e2      	ldr	r2, [r4, #28]
10008850:	ebb3 0f52 	cmp.w	r3, r2, lsr #1
10008854:	f4bf ae30 	bcs.w	100084b8 <lfs_dir_compact+0x12ec>
10008858:	4b96      	ldr	r3, [pc, #600]	@ (10008ab4 <lfs_dir_compact+0x18e8>)
1000885a:	f240 6205 	movw	r2, #1541	@ 0x605
1000885e:	9300      	str	r3, [sp, #0]
10008860:	f8d8 3008 	ldr.w	r3, [r8, #8]
10008864:	4994      	ldr	r1, [pc, #592]	@ (10008ab8 <lfs_dir_compact+0x18ec>)
10008866:	4895      	ldr	r0, [pc, #596]	@ (10008abc <lfs_dir_compact+0x18f0>)
10008868:	f7fa fcec 	bl	10003244 <__wrap_printf>
1000886c:	9c05      	ldr	r4, [sp, #20]
1000886e:	a83f      	add	r0, sp, #252	@ 0xfc
10008870:	6ea3      	ldr	r3, [r4, #104]	@ 0x68
10008872:	69db      	ldr	r3, [r3, #28]
10008874:	6623      	str	r3, [r4, #96]	@ 0x60
10008876:	f7fc fdf5 	bl	10005464 <lfs_alloc>
1000887a:	4603      	mov	r3, r0
1000887c:	b9f0      	cbnz	r0, 100088bc <lfs_dir_compact+0x16f0>
1000887e:	4650      	mov	r0, sl
10008880:	f7fc fdf0 	bl	10005464 <lfs_alloc>
10008884:	4603      	mov	r3, r0
10008886:	b9c8      	cbnz	r0, 100088bc <lfs_dir_compact+0x16f0>
10008888:	6ea1      	ldr	r1, [r4, #104]	@ 0x68
1000888a:	9a3e      	ldr	r2, [sp, #248]	@ 0xf8
1000888c:	9040      	str	r0, [sp, #256]	@ 0x100
1000888e:	69c8      	ldr	r0, [r1, #28]
10008890:	4282      	cmp	r2, r0
10008892:	f080 80ad 	bcs.w	100089f0 <lfs_dir_compact+0x1824>
10008896:	6989      	ldr	r1, [r1, #24]
10008898:	2903      	cmp	r1, #3
1000889a:	f240 80a9 	bls.w	100089f0 <lfs_dir_compact+0x1824>
1000889e:	2104      	movs	r1, #4
100088a0:	a840      	add	r0, sp, #256	@ 0x100
100088a2:	9000      	str	r0, [sp, #0]
100088a4:	9101      	str	r1, [sp, #4]
100088a6:	4882      	ldr	r0, [pc, #520]	@ (10008ab0 <lfs_dir_compact+0x18e4>)
100088a8:	f7fa fe9c 	bl	100035e4 <lfs_bd_read.part.0.constprop.0>
100088ac:	9d40      	ldr	r5, [sp, #256]	@ 0x100
100088ae:	4603      	mov	r3, r0
100088b0:	2800      	cmp	r0, #0
100088b2:	f000 809d 	beq.w	100089f0 <lfs_dir_compact+0x1824>
100088b6:	1c81      	adds	r1, r0, #2
100088b8:	f000 809a 	beq.w	100089f0 <lfs_dir_compact+0x1824>
100088bc:	f113 0f0b 	cmn.w	r3, #11
100088c0:	f47e af0b 	bne.w	100076da <lfs_dir_compact+0x50e>
100088c4:	2600      	movs	r6, #0
100088c6:	9b05      	ldr	r3, [sp, #20]
100088c8:	f8d8 0004 	ldr.w	r0, [r8, #4]
100088cc:	6e9c      	ldr	r4, [r3, #104]	@ 0x68
100088ce:	e5f6      	b.n	100084be <lfs_dir_compact+0x12f2>
100088d0:	9934      	ldr	r1, [sp, #208]	@ 0xd0
100088d2:	9a1d      	ldr	r2, [sp, #116]	@ 0x74
100088d4:	4603      	mov	r3, r0
100088d6:	f3c1 2089 	ubfx	r0, r1, #10, #10
100088da:	4282      	cmp	r2, r0
100088dc:	9e11      	ldr	r6, [sp, #68]	@ 0x44
100088de:	ea4f 2c91 	mov.w	ip, r1, lsr #10
100088e2:	f63f aeb7 	bhi.w	10008654 <lfs_dir_compact+0x1488>
100088e6:	9a06      	ldr	r2, [sp, #24]
100088e8:	4282      	cmp	r2, r0
100088ea:	f67f aeb3 	bls.w	10008654 <lfs_dir_compact+0x1488>
100088ee:	f3c1 520a 	ubfx	r2, r1, #20, #11
100088f2:	2a00      	cmp	r2, #0
100088f4:	f43f aeae 	beq.w	10008654 <lfs_dir_compact+0x1488>
100088f8:	f240 1501 	movw	r5, #257	@ 0x101
100088fc:	42aa      	cmp	r2, r5
100088fe:	d060      	beq.n	100089c2 <lfs_dir_compact+0x17f6>
10008900:	f5b2 7f81 	cmp.w	r2, #258	@ 0x102
10008904:	d039      	beq.n	1000897a <lfs_dir_compact+0x17ae>
10008906:	9b0e      	ldr	r3, [sp, #56]	@ 0x38
10008908:	4632      	mov	r2, r6
1000890a:	4419      	add	r1, r3
1000890c:	a831      	add	r0, sp, #196	@ 0xc4
1000890e:	f7fb fc5b 	bl	100041c8 <lfs_dir_commit_commit>
10008912:	2800      	cmp	r0, #0
10008914:	d166      	bne.n	100089e4 <lfs_dir_compact+0x1818>
10008916:	68e3      	ldr	r3, [r4, #12]
10008918:	e69c      	b.n	10008654 <lfs_dir_compact+0x1488>
1000891a:	f3c3 2389 	ubfx	r3, r3, #10, #10
1000891e:	f3c2 2189 	ubfx	r1, r2, #10, #10
10008922:	428b      	cmp	r3, r1
10008924:	f63f aef6 	bhi.w	10008714 <lfs_dir_compact+0x1548>
10008928:	fa4f fc8c 	sxtb.w	ip, ip
1000892c:	eb02 228c 	add.w	r2, r2, ip, lsl #10
10008930:	9234      	str	r2, [sp, #208]	@ 0xd0
10008932:	e6ef      	b.n	10008714 <lfs_dir_compact+0x1548>
10008934:	4a62      	ldr	r2, [pc, #392]	@ (10008ac0 <lfs_dir_compact+0x18f4>)
10008936:	a934      	add	r1, sp, #208	@ 0xd0
10008938:	9200      	str	r2, [sp, #0]
1000893a:	f3c3 0209 	ubfx	r2, r3, #0, #10
1000893e:	f3c3 2389 	ubfx	r3, r3, #10, #10
10008942:	1a9b      	subs	r3, r3, r2
10008944:	9101      	str	r1, [sp, #4]
10008946:	4611      	mov	r1, r2
10008948:	3201      	adds	r2, #1
1000894a:	f7fd fd83 	bl	10006454 <lfs_dir_traverse.constprop.2>
1000894e:	2800      	cmp	r0, #0
10008950:	f43f aee0 	beq.w	10008714 <lfs_dir_compact+0x1548>
10008954:	2800      	cmp	r0, #0
10008956:	f6bf af33 	bge.w	100087c0 <lfs_dir_compact+0x15f4>
1000895a:	e043      	b.n	100089e4 <lfs_dir_compact+0x1818>
1000895c:	f8dd 809c 	ldr.w	r8, [sp, #156]	@ 0x9c
10008960:	f7ff b8dd 	b.w	10007b1e <lfs_dir_compact+0x952>
10008964:	9b05      	ldr	r3, [sp, #20]
10008966:	46a1      	mov	r9, r4
10008968:	f8dd 809c 	ldr.w	r8, [sp, #156]	@ 0x9c
1000896c:	6e9c      	ldr	r4, [r3, #104]	@ 0x68
1000896e:	e592      	b.n	10008496 <lfs_dir_compact+0x12ca>
10008970:	4b4f      	ldr	r3, [pc, #316]	@ (10008ab0 <lfs_dir_compact+0x18e4>)
10008972:	46a9      	mov	r9, r5
10008974:	6e9c      	ldr	r4, [r3, #104]	@ 0x68
10008976:	9305      	str	r3, [sp, #20]
10008978:	e58d      	b.n	10008496 <lfs_dir_compact+0x12ca>
1000897a:	f3c1 0109 	ubfx	r1, r1, #0, #10
1000897e:	2900      	cmp	r1, #0
10008980:	f43f ae68 	beq.w	10008654 <lfs_dir_compact+0x1488>
10008984:	ad31      	add	r5, sp, #196	@ 0xc4
10008986:	e007      	b.n	10008998 <lfs_dir_compact+0x17cc>
10008988:	9b34      	ldr	r3, [sp, #208]	@ 0xd0
1000898a:	f3c3 0209 	ubfx	r2, r3, #0, #10
1000898e:	4593      	cmp	fp, r2
10008990:	f4bf af16 	bcs.w	100087c0 <lfs_dir_compact+0x15f4>
10008994:	ea4f 2c93 	mov.w	ip, r3, lsr #10
10008998:	7831      	ldrb	r1, [r6, #0]
1000899a:	f3cc 0309 	ubfx	r3, ip, #0, #10
1000899e:	68b2      	ldr	r2, [r6, #8]
100089a0:	f501 7140 	add.w	r1, r1, #768	@ 0x300
100089a4:	ea42 5101 	orr.w	r1, r2, r1, lsl #20
100089a8:	4453      	add	r3, sl
100089aa:	4628      	mov	r0, r5
100089ac:	ea41 2183 	orr.w	r1, r1, r3, lsl #10
100089b0:	6872      	ldr	r2, [r6, #4]
100089b2:	360c      	adds	r6, #12
100089b4:	f10b 0b01 	add.w	fp, fp, #1
100089b8:	f7fb fc06 	bl	100041c8 <lfs_dir_commit_commit>
100089bc:	2800      	cmp	r0, #0
100089be:	d0e3      	beq.n	10008988 <lfs_dir_compact+0x17bc>
100089c0:	e010      	b.n	100089e4 <lfs_dir_compact+0x1818>
100089c2:	9a1d      	ldr	r2, [sp, #116]	@ 0x74
100089c4:	f3c1 0109 	ubfx	r1, r1, #0, #10
100089c8:	1a43      	subs	r3, r0, r1
100089ca:	1a9b      	subs	r3, r3, r2
100089cc:	4a3d      	ldr	r2, [pc, #244]	@ (10008ac4 <lfs_dir_compact+0x18f8>)
100089ce:	ad31      	add	r5, sp, #196	@ 0xc4
100089d0:	9200      	str	r2, [sp, #0]
100089d2:	4630      	mov	r0, r6
100089d4:	b21b      	sxth	r3, r3
100089d6:	9501      	str	r5, [sp, #4]
100089d8:	1c4a      	adds	r2, r1, #1
100089da:	f7fd fd3b 	bl	10006454 <lfs_dir_traverse.constprop.2>
100089de:	2800      	cmp	r0, #0
100089e0:	f43f aeee 	beq.w	100087c0 <lfs_dir_compact+0x15f4>
100089e4:	4603      	mov	r3, r0
100089e6:	f8dd 9018 	ldr.w	r9, [sp, #24]
100089ea:	f8dd 801c 	ldr.w	r8, [sp, #28]
100089ee:	e578      	b.n	100084e2 <lfs_dir_compact+0x1316>
100089f0:	9b05      	ldr	r3, [sp, #20]
100089f2:	6e9b      	ldr	r3, [r3, #104]	@ 0x68
100089f4:	6a1b      	ldr	r3, [r3, #32]
100089f6:	2b00      	cmp	r3, #0
100089f8:	dd0a      	ble.n	10008a10 <lfs_dir_compact+0x1844>
100089fa:	3301      	adds	r3, #1
100089fc:	f043 0301 	orr.w	r3, r3, #1
10008a00:	1e5a      	subs	r2, r3, #1
10008a02:	442a      	add	r2, r5
10008a04:	fbb2 f1f3 	udiv	r1, r2, r3
10008a08:	fb03 2311 	mls	r3, r3, r1, r2
10008a0c:	1ad2      	subs	r2, r2, r3
10008a0e:	9240      	str	r2, [sp, #256]	@ 0x100
10008a10:	9b1d      	ldr	r3, [sp, #116]	@ 0x74
10008a12:	2204      	movs	r2, #4
10008a14:	9300      	str	r3, [sp, #0]
10008a16:	2300      	movs	r3, #0
10008a18:	f8ad 310c 	strh.w	r3, [sp, #268]	@ 0x10c
10008a1c:	f88d 310e 	strb.w	r3, [sp, #270]	@ 0x10e
10008a20:	f04f 33ff 	mov.w	r3, #4294967295	@ 0xffffffff
10008a24:	f8cd 9004 	str.w	r9, [sp, #4]
10008a28:	9342      	str	r3, [sp, #264]	@ 0x108
10008a2a:	f898 3017 	ldrb.w	r3, [r8, #23]
10008a2e:	9241      	str	r2, [sp, #260]	@ 0x104
10008a30:	f88d 310f 	strb.w	r3, [sp, #271]	@ 0x10f
10008a34:	f8d8 301c 	ldr.w	r3, [r8, #28]
10008a38:	4650      	mov	r0, sl
10008a3a:	9345      	str	r3, [sp, #276]	@ 0x114
10008a3c:	f8d8 3018 	ldr.w	r3, [r8, #24]
10008a40:	9a29      	ldr	r2, [sp, #164]	@ 0xa4
10008a42:	9344      	str	r3, [sp, #272]	@ 0x110
10008a44:	9926      	ldr	r1, [sp, #152]	@ 0x98
10008a46:	9b0a      	ldr	r3, [sp, #40]	@ 0x28
10008a48:	f7fe fbc0 	bl	100071cc <lfs_dir_compact>
10008a4c:	4603      	mov	r3, r0
10008a4e:	2800      	cmp	r0, #0
10008a50:	f47f af34 	bne.w	100088bc <lfs_dir_compact+0x16f0>
10008a54:	2201      	movs	r2, #1
10008a56:	993e      	ldr	r1, [sp, #248]	@ 0xf8
10008a58:	f888 2017 	strb.w	r2, [r8, #23]
10008a5c:	9a3f      	ldr	r2, [sp, #252]	@ 0xfc
10008a5e:	9805      	ldr	r0, [sp, #20]
10008a60:	f8c8 1018 	str.w	r1, [r8, #24]
10008a64:	f8c8 201c 	str.w	r2, [r8, #28]
10008a68:	f8d8 6000 	ldr.w	r6, [r8]
10008a6c:	6a04      	ldr	r4, [r0, #32]
10008a6e:	42a6      	cmp	r6, r4
10008a70:	f000 81c4 	beq.w	10008dfc <lfs_dir_compact+0x1c30>
10008a74:	4605      	mov	r5, r0
10008a76:	f8d8 0004 	ldr.w	r0, [r8, #4]
10008a7a:	6a6d      	ldr	r5, [r5, #36]	@ 0x24
10008a7c:	42a8      	cmp	r0, r5
10008a7e:	f000 81bf 	beq.w	10008e00 <lfs_dir_compact+0x1c34>
10008a82:	42ae      	cmp	r6, r5
10008a84:	f000 81bc 	beq.w	10008e00 <lfs_dir_compact+0x1c34>
10008a88:	4284      	cmp	r4, r0
10008a8a:	f000 81b9 	beq.w	10008e00 <lfs_dir_compact+0x1c34>
10008a8e:	461e      	mov	r6, r3
10008a90:	9b05      	ldr	r3, [sp, #20]
10008a92:	f8dd 9074 	ldr.w	r9, [sp, #116]	@ 0x74
10008a96:	6e9c      	ldr	r4, [r3, #104]	@ 0x68
10008a98:	e511      	b.n	100084be <lfs_dir_compact+0x12f2>
10008a9a:	4647      	mov	r7, r8
10008a9c:	f8dd 903c 	ldr.w	r9, [sp, #60]	@ 0x3c
10008aa0:	f6bf aae1 	bge.w	10008066 <lfs_dir_compact+0xe9a>
10008aa4:	f7fe be18 	b.w	100076d8 <lfs_dir_compact+0x50c>
10008aa8:	e9dd 9806 	ldrd	r9, r8, [sp, #24]
10008aac:	e51c      	b.n	100084e8 <lfs_dir_compact+0x131c>
10008aae:	bf00      	nop
10008ab0:	200012d0 	.word	0x200012d0
10008ab4:	1000afa8 	.word	0x1000afa8
10008ab8:	1000acac 	.word	0x1000acac
10008abc:	1000adc0 	.word	0x1000adc0
10008ac0:	1000344d 	.word	0x1000344d
10008ac4:	100041c9 	.word	0x100041c9
10008ac8:	f8dd 801c 	ldr.w	r8, [sp, #28]
10008acc:	f8dd 9018 	ldr.w	r9, [sp, #24]
10008ad0:	f8d8 3018 	ldr.w	r3, [r8, #24]
10008ad4:	9e0f      	ldr	r6, [sp, #60]	@ 0x3c
10008ad6:	3301      	adds	r3, #1
10008ad8:	f8dd a040 	ldr.w	sl, [sp, #64]	@ 0x40
10008adc:	f000 8182 	beq.w	10008de4 <lfs_dir_compact+0x1c18>
10008ae0:	f8d8 301c 	ldr.w	r3, [r8, #28]
10008ae4:	3301      	adds	r3, #1
10008ae6:	f000 817d 	beq.w	10008de4 <lfs_dir_compact+0x1c18>
10008aea:	9a3f      	ldr	r2, [sp, #252]	@ 0xfc
10008aec:	9943      	ldr	r1, [sp, #268]	@ 0x10c
10008aee:	f102 000c 	add.w	r0, r2, #12
10008af2:	4288      	cmp	r0, r1
10008af4:	f898 3017 	ldrb.w	r3, [r8, #23]
10008af8:	f63f ad1f 	bhi.w	1000853a <lfs_dir_compact+0x136e>
10008afc:	2104      	movs	r1, #4
10008afe:	4dcb      	ldr	r5, [pc, #812]	@ (10008e2c <lfs_dir_compact+0x1c60>)
10008b00:	f503 63c0 	add.w	r3, r3, #1536	@ 0x600
10008b04:	ea45 5503 	orr.w	r5, r5, r3, lsl #20
10008b08:	9b40      	ldr	r3, [sp, #256]	@ 0x100
10008b0a:	ac3a      	add	r4, sp, #232	@ 0xe8
10008b0c:	406b      	eors	r3, r5
10008b0e:	ba1b      	rev	r3, r3
10008b10:	9100      	str	r1, [sp, #0]
10008b12:	933a      	str	r3, [sp, #232]	@ 0xe8
10008b14:	2000      	movs	r0, #0
10008b16:	4623      	mov	r3, r4
10008b18:	993e      	ldr	r1, [sp, #248]	@ 0xf8
10008b1a:	f7fb f8b1 	bl	10003c80 <lfs_bd_prog.constprop.0>
10008b1e:	4603      	mov	r3, r0
10008b20:	2800      	cmp	r0, #0
10008b22:	f47f acde 	bne.w	100084e2 <lfs_dir_compact+0x1316>
10008b26:	2208      	movs	r2, #8
10008b28:	9941      	ldr	r1, [sp, #260]	@ 0x104
10008b2a:	f89d 30e8 	ldrb.w	r3, [sp, #232]	@ 0xe8
10008b2e:	9200      	str	r2, [sp, #0]
10008b30:	ea83 0201 	eor.w	r2, r3, r1
10008b34:	f002 020f 	and.w	r2, r2, #15
10008b38:	f857 2022 	ldr.w	r2, [r7, r2, lsl #2]
10008b3c:	ea82 1211 	eor.w	r2, r2, r1, lsr #4
10008b40:	ea82 1313 	eor.w	r3, r2, r3, lsr #4
10008b44:	f003 030f 	and.w	r3, r3, #15
10008b48:	f857 1023 	ldr.w	r1, [r7, r3, lsl #2]
10008b4c:	f89d 30ea 	ldrb.w	r3, [sp, #234]	@ 0xea
10008b50:	ea81 1112 	eor.w	r1, r1, r2, lsr #4
10008b54:	f89d 20e9 	ldrb.w	r2, [sp, #233]	@ 0xe9
10008b58:	ea82 0c01 	eor.w	ip, r2, r1
10008b5c:	f00c 0c0f 	and.w	ip, ip, #15
10008b60:	f857 c02c 	ldr.w	ip, [r7, ip, lsl #2]
10008b64:	ea8c 1c11 	eor.w	ip, ip, r1, lsr #4
10008b68:	ea8c 1212 	eor.w	r2, ip, r2, lsr #4
10008b6c:	f002 020f 	and.w	r2, r2, #15
10008b70:	f857 1022 	ldr.w	r1, [r7, r2, lsl #2]
10008b74:	ea81 111c 	eor.w	r1, r1, ip, lsr #4
10008b78:	ea83 0201 	eor.w	r2, r3, r1
10008b7c:	f002 020f 	and.w	r2, r2, #15
10008b80:	f857 2022 	ldr.w	r2, [r7, r2, lsl #2]
10008b84:	ea82 1211 	eor.w	r2, r2, r1, lsr #4
10008b88:	ea82 1313 	eor.w	r3, r2, r3, lsr #4
10008b8c:	f003 030f 	and.w	r3, r3, #15
10008b90:	f857 3023 	ldr.w	r3, [r7, r3, lsl #2]
10008b94:	ea83 1c12 	eor.w	ip, r3, r2, lsr #4
10008b98:	f89d 30eb 	ldrb.w	r3, [sp, #235]	@ 0xeb
10008b9c:	9a3f      	ldr	r2, [sp, #252]	@ 0xfc
10008b9e:	ea83 010c 	eor.w	r1, r3, ip
10008ba2:	f001 010f 	and.w	r1, r1, #15
10008ba6:	f857 1021 	ldr.w	r1, [r7, r1, lsl #2]
10008baa:	3204      	adds	r2, #4
10008bac:	ea81 111c 	eor.w	r1, r1, ip, lsr #4
10008bb0:	ea81 1313 	eor.w	r3, r1, r3, lsr #4
10008bb4:	f003 030f 	and.w	r3, r3, #15
10008bb8:	f857 3023 	ldr.w	r3, [r7, r3, lsl #2]
10008bbc:	923f      	str	r2, [sp, #252]	@ 0xfc
10008bbe:	ea83 1311 	eor.w	r3, r3, r1, lsr #4
10008bc2:	9341      	str	r3, [sp, #260]	@ 0x104
10008bc4:	993e      	ldr	r1, [sp, #248]	@ 0xf8
10008bc6:	f108 0318 	add.w	r3, r8, #24
10008bca:	f7fb f859 	bl	10003c80 <lfs_bd_prog.constprop.0>
10008bce:	4603      	mov	r3, r0
10008bd0:	2800      	cmp	r0, #0
10008bd2:	f47f ac86 	bne.w	100084e2 <lfs_dir_compact+0x1316>
10008bd6:	f898 2018 	ldrb.w	r2, [r8, #24]
10008bda:	9540      	str	r5, [sp, #256]	@ 0x100
10008bdc:	9d41      	ldr	r5, [sp, #260]	@ 0x104
10008bde:	f898 3019 	ldrb.w	r3, [r8, #25]
10008be2:	ea82 0105 	eor.w	r1, r2, r5
10008be6:	f001 010f 	and.w	r1, r1, #15
10008bea:	f857 0021 	ldr.w	r0, [r7, r1, lsl #2]
10008bee:	ea80 1015 	eor.w	r0, r0, r5, lsr #4
10008bf2:	ea80 1212 	eor.w	r2, r0, r2, lsr #4
10008bf6:	f002 020f 	and.w	r2, r2, #15
10008bfa:	f857 1022 	ldr.w	r1, [r7, r2, lsl #2]
10008bfe:	ea81 1110 	eor.w	r1, r1, r0, lsr #4
10008c02:	ea83 0201 	eor.w	r2, r3, r1
10008c06:	f002 020f 	and.w	r2, r2, #15
10008c0a:	f857 2022 	ldr.w	r2, [r7, r2, lsl #2]
10008c0e:	ea82 1211 	eor.w	r2, r2, r1, lsr #4
10008c12:	ea82 1313 	eor.w	r3, r2, r3, lsr #4
10008c16:	f003 030f 	and.w	r3, r3, #15
10008c1a:	f857 1023 	ldr.w	r1, [r7, r3, lsl #2]
10008c1e:	f898 301b 	ldrb.w	r3, [r8, #27]
10008c22:	ea81 1112 	eor.w	r1, r1, r2, lsr #4
10008c26:	f898 201a 	ldrb.w	r2, [r8, #26]
10008c2a:	ea82 0001 	eor.w	r0, r2, r1
10008c2e:	f000 000f 	and.w	r0, r0, #15
10008c32:	f857 0020 	ldr.w	r0, [r7, r0, lsl #2]
10008c36:	ea80 1011 	eor.w	r0, r0, r1, lsr #4
10008c3a:	ea80 1212 	eor.w	r2, r0, r2, lsr #4
10008c3e:	f002 020f 	and.w	r2, r2, #15
10008c42:	f857 1022 	ldr.w	r1, [r7, r2, lsl #2]
10008c46:	ea81 1110 	eor.w	r1, r1, r0, lsr #4
10008c4a:	ea83 0201 	eor.w	r2, r3, r1
10008c4e:	f002 020f 	and.w	r2, r2, #15
10008c52:	f857 2022 	ldr.w	r2, [r7, r2, lsl #2]
10008c56:	ea82 1211 	eor.w	r2, r2, r1, lsr #4
10008c5a:	ea82 1313 	eor.w	r3, r2, r3, lsr #4
10008c5e:	f003 030f 	and.w	r3, r3, #15
10008c62:	f857 1023 	ldr.w	r1, [r7, r3, lsl #2]
10008c66:	f898 301d 	ldrb.w	r3, [r8, #29]
10008c6a:	ea81 1112 	eor.w	r1, r1, r2, lsr #4
10008c6e:	f898 201c 	ldrb.w	r2, [r8, #28]
10008c72:	ea82 0001 	eor.w	r0, r2, r1
10008c76:	f000 000f 	and.w	r0, r0, #15
10008c7a:	f857 0020 	ldr.w	r0, [r7, r0, lsl #2]
10008c7e:	ea80 1011 	eor.w	r0, r0, r1, lsr #4
10008c82:	ea80 1212 	eor.w	r2, r0, r2, lsr #4
10008c86:	f002 020f 	and.w	r2, r2, #15
10008c8a:	f857 1022 	ldr.w	r1, [r7, r2, lsl #2]
10008c8e:	ea81 1110 	eor.w	r1, r1, r0, lsr #4
10008c92:	ea83 0201 	eor.w	r2, r3, r1
10008c96:	f002 020f 	and.w	r2, r2, #15
10008c9a:	f857 2022 	ldr.w	r2, [r7, r2, lsl #2]
10008c9e:	ea82 1211 	eor.w	r2, r2, r1, lsr #4
10008ca2:	ea82 1313 	eor.w	r3, r2, r3, lsr #4
10008ca6:	f003 030f 	and.w	r3, r3, #15
10008caa:	f857 1023 	ldr.w	r1, [r7, r3, lsl #2]
10008cae:	f898 301f 	ldrb.w	r3, [r8, #31]
10008cb2:	ea81 1112 	eor.w	r1, r1, r2, lsr #4
10008cb6:	f898 201e 	ldrb.w	r2, [r8, #30]
10008cba:	ea82 0001 	eor.w	r0, r2, r1
10008cbe:	f000 000f 	and.w	r0, r0, #15
10008cc2:	f857 0020 	ldr.w	r0, [r7, r0, lsl #2]
10008cc6:	ea80 1011 	eor.w	r0, r0, r1, lsr #4
10008cca:	ea80 1212 	eor.w	r2, r0, r2, lsr #4
10008cce:	f002 020f 	and.w	r2, r2, #15
10008cd2:	f857 1022 	ldr.w	r1, [r7, r2, lsl #2]
10008cd6:	ea81 1110 	eor.w	r1, r1, r0, lsr #4
10008cda:	ea83 0201 	eor.w	r2, r3, r1
10008cde:	f002 020f 	and.w	r2, r2, #15
10008ce2:	f857 2022 	ldr.w	r2, [r7, r2, lsl #2]
10008ce6:	ea82 1211 	eor.w	r2, r2, r1, lsr #4
10008cea:	ea82 1313 	eor.w	r3, r2, r3, lsr #4
10008cee:	f003 030f 	and.w	r3, r3, #15
10008cf2:	f857 3023 	ldr.w	r3, [r7, r3, lsl #2]
10008cf6:	ea83 1312 	eor.w	r3, r3, r2, lsr #4
10008cfa:	9341      	str	r3, [sp, #260]	@ 0x104
10008cfc:	9b3f      	ldr	r3, [sp, #252]	@ 0xfc
10008cfe:	3308      	adds	r3, #8
10008d00:	933f      	str	r3, [sp, #252]	@ 0xfc
10008d02:	2300      	movs	r3, #0
10008d04:	933a      	str	r3, [sp, #232]	@ 0xe8
10008d06:	e9c4 3301 	strd	r3, r3, [r4, #4]
10008d0a:	b966      	cbnz	r6, 10008d26 <lfs_dir_compact+0x1b5a>
10008d0c:	9805      	ldr	r0, [sp, #20]
10008d0e:	6b01      	ldr	r1, [r0, #48]	@ 0x30
10008d10:	6bc3      	ldr	r3, [r0, #60]	@ 0x3c
10008d12:	6c42      	ldr	r2, [r0, #68]	@ 0x44
10008d14:	404b      	eors	r3, r1
10008d16:	933a      	str	r3, [sp, #232]	@ 0xe8
10008d18:	6b41      	ldr	r1, [r0, #52]	@ 0x34
10008d1a:	6c03      	ldr	r3, [r0, #64]	@ 0x40
10008d1c:	404b      	eors	r3, r1
10008d1e:	933b      	str	r3, [sp, #236]	@ 0xec
10008d20:	6b83      	ldr	r3, [r0, #56]	@ 0x38
10008d22:	4053      	eors	r3, r2
10008d24:	933c      	str	r3, [sp, #240]	@ 0xf0
10008d26:	9805      	ldr	r0, [sp, #20]
10008d28:	9b3a      	ldr	r3, [sp, #232]	@ 0xe8
10008d2a:	6c82      	ldr	r2, [r0, #72]	@ 0x48
10008d2c:	6cc1      	ldr	r1, [r0, #76]	@ 0x4c
10008d2e:	4053      	eors	r3, r2
10008d30:	f423 737f 	bic.w	r3, r3, #1020	@ 0x3fc
10008d34:	f023 0303 	bic.w	r3, r3, #3
10008d38:	933a      	str	r3, [sp, #232]	@ 0xe8
10008d3a:	e9dd 233b 	ldrd	r2, r3, [sp, #236]	@ 0xec
10008d3e:	404a      	eors	r2, r1
10008d40:	923b      	str	r2, [sp, #236]	@ 0xec
10008d42:	6d02      	ldr	r2, [r0, #80]	@ 0x50
10008d44:	4621      	mov	r1, r4
10008d46:	4053      	eors	r3, r2
10008d48:	4640      	mov	r0, r8
10008d4a:	933c      	str	r3, [sp, #240]	@ 0xf0
10008d4c:	f7fb ff86 	bl	10004c5c <lfs_dir_getgstate>
10008d50:	4603      	mov	r3, r0
10008d52:	2800      	cmp	r0, #0
10008d54:	f47e acc1 	bne.w	100076da <lfs_dir_compact+0x50e>
10008d58:	e9dd 323a 	ldrd	r3, r2, [sp, #232]	@ 0xe8
10008d5c:	4313      	orrs	r3, r2
10008d5e:	9a3c      	ldr	r2, [sp, #240]	@ 0xf0
10008d60:	4313      	orrs	r3, r2
10008d62:	d136      	bne.n	10008dd2 <lfs_dir_compact+0x1c06>
10008d64:	4650      	mov	r0, sl
10008d66:	f7fb fa33 	bl	100041d0 <lfs_dir_commitcrc>
10008d6a:	4603      	mov	r3, r0
10008d6c:	2800      	cmp	r0, #0
10008d6e:	f47f abb8 	bne.w	100084e2 <lfs_dir_compact+0x1316>
10008d72:	e9d8 0100 	ldrd	r0, r1, [r8]
10008d76:	9a1d      	ldr	r2, [sp, #116]	@ 0x74
10008d78:	4c2d      	ldr	r4, [pc, #180]	@ (10008e30 <lfs_dir_compact+0x1c64>)
10008d7a:	eba9 0202 	sub.w	r2, r9, r2
10008d7e:	f8a8 2014 	strh.w	r2, [r8, #20]
10008d82:	9a40      	ldr	r2, [sp, #256]	@ 0x100
10008d84:	e9c8 1000 	strd	r1, r0, [r8]
10008d88:	f8c8 2010 	str.w	r2, [r8, #16]
10008d8c:	9a3f      	ldr	r2, [sp, #252]	@ 0xfc
10008d8e:	f8c8 200c 	str.w	r2, [r8, #12]
10008d92:	9a05      	ldr	r2, [sp, #20]
10008d94:	e9c4 3301 	strd	r3, r3, [r4, #4]
10008d98:	6493      	str	r3, [r2, #72]	@ 0x48
10008d9a:	b936      	cbnz	r6, 10008daa <lfs_dir_compact+0x1bde>
10008d9c:	f1a4 0218 	sub.w	r2, r4, #24
10008da0:	ca07      	ldmia	r2, {r0, r1, r2}
10008da2:	e904 0007 	stmdb	r4, {r0, r1, r2}
10008da6:	f7fe bc98 	b.w	100076da <lfs_dir_compact+0x50e>
10008daa:	9101      	str	r1, [sp, #4]
10008dac:	4c21      	ldr	r4, [pc, #132]	@ (10008e34 <lfs_dir_compact+0x1c68>)
10008dae:	992b      	ldr	r1, [sp, #172]	@ 0xac
10008db0:	9b2a      	ldr	r3, [sp, #168]	@ 0xa8
10008db2:	f44f 62d4 	mov.w	r2, #1696	@ 0x6a0
10008db6:	9002      	str	r0, [sp, #8]
10008db8:	9100      	str	r1, [sp, #0]
10008dba:	481f      	ldr	r0, [pc, #124]	@ (10008e38 <lfs_dir_compact+0x1c6c>)
10008dbc:	491f      	ldr	r1, [pc, #124]	@ (10008e3c <lfs_dir_compact+0x1c70>)
10008dbe:	9403      	str	r4, [sp, #12]
10008dc0:	f7fa fa40 	bl	10003244 <__wrap_printf>
10008dc4:	4641      	mov	r1, r8
10008dc6:	a832      	add	r0, sp, #200	@ 0xc8
10008dc8:	f7fe f8a8 	bl	10006f1c <lfs_fs_relocate>
10008dcc:	4603      	mov	r3, r0
10008dce:	f7fe bc84 	b.w	100076da <lfs_dir_compact+0x50e>
10008dd2:	4621      	mov	r1, r4
10008dd4:	4650      	mov	r0, sl
10008dd6:	f7fa ffa5 	bl	10003d24 <lfs_dir_commitattr.constprop.0>
10008dda:	4603      	mov	r3, r0
10008ddc:	2800      	cmp	r0, #0
10008dde:	d0c1      	beq.n	10008d64 <lfs_dir_compact+0x1b98>
10008de0:	f7ff bb7f 	b.w	100084e2 <lfs_dir_compact+0x1316>
10008de4:	ac3a      	add	r4, sp, #232	@ 0xe8
10008de6:	e78c      	b.n	10008d02 <lfs_dir_compact+0x1b36>
10008de8:	4812      	ldr	r0, [pc, #72]	@ (10008e34 <lfs_dir_compact+0x1c68>)
10008dea:	f240 628f 	movw	r2, #1679	@ 0x68f
10008dee:	9000      	str	r0, [sp, #0]
10008df0:	4912      	ldr	r1, [pc, #72]	@ (10008e3c <lfs_dir_compact+0x1c70>)
10008df2:	4813      	ldr	r0, [pc, #76]	@ (10008e40 <lfs_dir_compact+0x1c74>)
10008df4:	f7fa fa26 	bl	10003244 <__wrap_printf>
10008df8:	f7ff bb9f 	b.w	1000853a <lfs_dir_compact+0x136e>
10008dfc:	f8d8 0004 	ldr.w	r0, [r8, #4]
10008e00:	9e1d      	ldr	r6, [sp, #116]	@ 0x74
10008e02:	b96e      	cbnz	r6, 10008e20 <lfs_dir_compact+0x1c54>
10008e04:	9b05      	ldr	r3, [sp, #20]
10008e06:	46b1      	mov	r9, r6
10008e08:	e9c3 1208 	strd	r1, r2, [r3, #32]
10008e0c:	6e9c      	ldr	r4, [r3, #104]	@ 0x68
10008e0e:	f7ff bb56 	b.w	100084be <lfs_dir_compact+0x12f2>
10008e12:	9b05      	ldr	r3, [sp, #20]
10008e14:	2601      	movs	r6, #1
10008e16:	f8d8 0004 	ldr.w	r0, [r8, #4]
10008e1a:	6e9c      	ldr	r4, [r3, #104]	@ 0x68
10008e1c:	f7ff bb4f 	b.w	100084be <lfs_dir_compact+0x12f2>
10008e20:	9b05      	ldr	r3, [sp, #20]
10008e22:	46b1      	mov	r9, r6
10008e24:	6e9c      	ldr	r4, [r3, #104]	@ 0x68
10008e26:	2600      	movs	r6, #0
10008e28:	f7ff bb49 	b.w	100084be <lfs_dir_compact+0x12f2>
10008e2c:	000ffc08 	.word	0x000ffc08
10008e30:	20001318 	.word	0x20001318
10008e34:	1000afa8 	.word	0x1000afa8
10008e38:	1000adf0 	.word	0x1000adf0
10008e3c:	1000acac 	.word	0x1000acac
10008e40:	1000ae2c 	.word	0x1000ae2c

10008e44 <lfs_dir_commit.constprop.0>:
10008e44:	e92d 4ff0 	stmdb	sp!, {r4, r5, r6, r7, r8, r9, sl, fp, lr}
10008e48:	f8df 9468 	ldr.w	r9, [pc, #1128]	@ 100092b4 <lfs_dir_commit.constprop.0+0x470>
10008e4c:	4605      	mov	r5, r0
10008e4e:	f8d9 4028 	ldr.w	r4, [r9, #40]	@ 0x28
10008e52:	460e      	mov	r6, r1
10008e54:	6807      	ldr	r7, [r0, #0]
10008e56:	b09f      	sub	sp, #124	@ 0x7c
10008e58:	b954      	cbnz	r4, 10008e70 <lfs_dir_commit.constprop.0+0x2c>
10008e5a:	e035      	b.n	10008ec8 <lfs_dir_commit.constprop.0+0x84>
10008e5c:	68e1      	ldr	r1, [r4, #12]
10008e5e:	686a      	ldr	r2, [r5, #4]
10008e60:	4291      	cmp	r1, r2
10008e62:	d00c      	beq.n	10008e7e <lfs_dir_commit.constprop.0+0x3a>
10008e64:	4293      	cmp	r3, r2
10008e66:	d00a      	beq.n	10008e7e <lfs_dir_commit.constprop.0+0x3a>
10008e68:	42b9      	cmp	r1, r7
10008e6a:	d008      	beq.n	10008e7e <lfs_dir_commit.constprop.0+0x3a>
10008e6c:	6824      	ldr	r4, [r4, #0]
10008e6e:	b35c      	cbz	r4, 10008ec8 <lfs_dir_commit.constprop.0+0x84>
10008e70:	f104 0308 	add.w	r3, r4, #8
10008e74:	429d      	cmp	r5, r3
10008e76:	d0f9      	beq.n	10008e6c <lfs_dir_commit.constprop.0+0x28>
10008e78:	68a3      	ldr	r3, [r4, #8]
10008e7a:	42bb      	cmp	r3, r7
10008e7c:	d1ee      	bne.n	10008e5c <lfs_dir_commit.constprop.0+0x18>
10008e7e:	79a3      	ldrb	r3, [r4, #6]
10008e80:	2b01      	cmp	r3, #1
10008e82:	d1f3      	bne.n	10008e6c <lfs_dir_commit.constprop.0+0x28>
10008e84:	6b23      	ldr	r3, [r4, #48]	@ 0x30
10008e86:	02db      	lsls	r3, r3, #11
10008e88:	d5f0      	bpl.n	10008e6c <lfs_dir_commit.constprop.0+0x28>
10008e8a:	f8d9 3068 	ldr.w	r3, [r9, #104]	@ 0x68
10008e8e:	6ae1      	ldr	r1, [r4, #44]	@ 0x2c
10008e90:	6a5a      	ldr	r2, [r3, #36]	@ 0x24
10008e92:	4291      	cmp	r1, r2
10008e94:	d9ea      	bls.n	10008e6c <lfs_dir_commit.constprop.0+0x28>
10008e96:	6b62      	ldr	r2, [r4, #52]	@ 0x34
10008e98:	69db      	ldr	r3, [r3, #28]
10008e9a:	4620      	mov	r0, r4
10008e9c:	63e2      	str	r2, [r4, #60]	@ 0x3c
10008e9e:	f8c9 3060 	str.w	r3, [r9, #96]	@ 0x60
10008ea2:	f7fc fe11 	bl	10005ac8 <lfs_file_relocate>
10008ea6:	2800      	cmp	r0, #0
10008ea8:	f040 80c8 	bne.w	1000903c <lfs_dir_commit.constprop.0+0x1f8>
10008eac:	6b23      	ldr	r3, [r4, #48]	@ 0x30
10008eae:	4620      	mov	r0, r4
10008eb0:	f423 1380 	bic.w	r3, r3, #1048576	@ 0x100000
10008eb4:	6323      	str	r3, [r4, #48]	@ 0x30
10008eb6:	f7fd f8db 	bl	10006070 <lfs_file_flush>
10008eba:	2800      	cmp	r0, #0
10008ebc:	f040 80be 	bne.w	1000903c <lfs_dir_commit.constprop.0+0x1f8>
10008ec0:	6824      	ldr	r4, [r4, #0]
10008ec2:	682f      	ldr	r7, [r5, #0]
10008ec4:	2c00      	cmp	r4, #0
10008ec6:	d1d3      	bne.n	10008e70 <lfs_dir_commit.constprop.0+0x2c>
10008ec8:	46ac      	mov	ip, r5
10008eca:	f240 4a01 	movw	sl, #1025	@ 0x401
10008ece:	6833      	ldr	r3, [r6, #0]
10008ed0:	686a      	ldr	r2, [r5, #4]
10008ed2:	ac0e      	add	r4, sp, #56	@ 0x38
10008ed4:	f3c3 580a 	ubfx	r8, r3, #20, #11
10008ed8:	9207      	str	r2, [sp, #28]
10008eda:	ea4f 5b13 	mov.w	fp, r3, lsr #20
10008ede:	e8bc 000f 	ldmia.w	ip!, {r0, r1, r2, r3}
10008ee2:	c40f      	stmia	r4!, {r0, r1, r2, r3}
10008ee4:	e89c 000f 	ldmia.w	ip, {r0, r1, r2, r3}
10008ee8:	45d0      	cmp	r8, sl
10008eea:	e884 000f 	stmia.w	r4, {r0, r1, r2, r3}
10008eee:	f000 81ae 	beq.w	1000924e <lfs_dir_commit.constprop.0+0x40a>
10008ef2:	f240 43ff 	movw	r3, #1279	@ 0x4ff
10008ef6:	4598      	cmp	r8, r3
10008ef8:	f000 80a5 	beq.w	10009046 <lfs_dir_commit.constprop.0+0x202>
10008efc:	f40b 6ee0 	and.w	lr, fp, #1792	@ 0x700
10008f00:	f5be 6fc0 	cmp.w	lr, #1536	@ 0x600
10008f04:	f040 80a6 	bne.w	10009054 <lfs_dir_commit.constprop.0+0x210>
10008f08:	6873      	ldr	r3, [r6, #4]
10008f0a:	f00b 0b01 	and.w	fp, fp, #1
10008f0e:	681a      	ldr	r2, [r3, #0]
10008f10:	61aa      	str	r2, [r5, #24]
10008f12:	685b      	ldr	r3, [r3, #4]
10008f14:	f885 b017 	strb.w	fp, [r5, #23]
10008f18:	61eb      	str	r3, [r5, #28]
10008f1a:	7dab      	ldrb	r3, [r5, #22]
10008f1c:	2b00      	cmp	r3, #0
10008f1e:	f000 809d 	beq.w	1000905c <lfs_dir_commit.constprop.0+0x218>
10008f22:	f04f 33ff 	mov.w	r3, #4294967295	@ 0xffffffff
10008f26:	f8d9 2068 	ldr.w	r2, [r9, #104]	@ 0x68
10008f2a:	9319      	str	r3, [sp, #100]	@ 0x64
10008f2c:	682b      	ldr	r3, [r5, #0]
10008f2e:	f8d5 a00c 	ldr.w	sl, [r5, #12]
10008f32:	692c      	ldr	r4, [r5, #16]
10008f34:	9316      	str	r3, [sp, #88]	@ 0x58
10008f36:	6c53      	ldr	r3, [r2, #68]	@ 0x44
10008f38:	f8cd a05c 	str.w	sl, [sp, #92]	@ 0x5c
10008f3c:	f8cd a068 	str.w	sl, [sp, #104]	@ 0x68
10008f40:	9418      	str	r4, [sp, #96]	@ 0x60
10008f42:	b903      	cbnz	r3, 10008f46 <lfs_dir_commit.constprop.0+0x102>
10008f44:	6993      	ldr	r3, [r2, #24]
10008f46:	f04f 0b01 	mov.w	fp, #1
10008f4a:	3b08      	subs	r3, #8
10008f4c:	931b      	str	r3, [sp, #108]	@ 0x6c
10008f4e:	ab16      	add	r3, sp, #88	@ 0x58
10008f50:	46b0      	mov	r8, r6
10008f52:	e9cd 7605 	strd	r7, r6, [sp, #20]
10008f56:	4651      	mov	r1, sl
10008f58:	465e      	mov	r6, fp
10008f5a:	9308      	str	r3, [sp, #32]
10008f5c:	e01d      	b.n	10008f9a <lfs_dir_commit.constprop.0+0x156>
10008f5e:	2e00      	cmp	r6, #0
10008f60:	f000 80d1 	beq.w	10009106 <lfs_dir_commit.constprop.0+0x2c2>
10008f64:	2600      	movs	r6, #0
10008f66:	f8d8 1000 	ldr.w	r1, [r8]
10008f6a:	f8d8 2004 	ldr.w	r2, [r8, #4]
10008f6e:	9109      	str	r1, [sp, #36]	@ 0x24
10008f70:	f108 0808 	add.w	r8, r8, #8
10008f74:	f3c1 530a 	ubfx	r3, r1, #20, #11
10008f78:	b173      	cbz	r3, 10008f98 <lfs_dir_commit.constprop.0+0x154>
10008f7a:	f240 1001 	movw	r0, #257	@ 0x101
10008f7e:	4283      	cmp	r3, r0
10008f80:	f000 80fe 	beq.w	10009180 <lfs_dir_commit.constprop.0+0x33c>
10008f84:	f5b3 7f81 	cmp.w	r3, #258	@ 0x102
10008f88:	f000 8124 	beq.w	100091d4 <lfs_dir_commit.constprop.0+0x390>
10008f8c:	9808      	ldr	r0, [sp, #32]
10008f8e:	f7fb f819 	bl	10003fc4 <lfs_dir_commitattr>
10008f92:	2800      	cmp	r0, #0
10008f94:	f040 8105 	bne.w	100091a2 <lfs_dir_commit.constprop.0+0x35e>
10008f98:	68e9      	ldr	r1, [r5, #12]
10008f9a:	f344 0209 	sbfx	r2, r4, #0, #10
10008f9e:	f1b2 3fff 	cmp.w	r2, #4294967295	@ 0xffffffff
10008fa2:	bf14      	ite	ne
10008fa4:	4623      	movne	r3, r4
10008fa6:	1c63      	addeq	r3, r4, #1
10008fa8:	f10a 0204 	add.w	r2, sl, #4
10008fac:	f3c3 0309 	ubfx	r3, r3, #0, #10
10008fb0:	eb03 0b02 	add.w	fp, r3, r2
10008fb4:	458b      	cmp	fp, r1
10008fb6:	d2d2      	bcs.n	10008f5e <lfs_dir_commit.constprop.0+0x11a>
10008fb8:	f8d9 1068 	ldr.w	r1, [r9, #104]	@ 0x68
10008fbc:	682a      	ldr	r2, [r5, #0]
10008fbe:	69c8      	ldr	r0, [r1, #28]
10008fc0:	4282      	cmp	r2, r0
10008fc2:	f080 819d 	bcs.w	10009300 <lfs_dir_commit.constprop.0+0x4bc>
10008fc6:	6989      	ldr	r1, [r1, #24]
10008fc8:	f10b 0704 	add.w	r7, fp, #4
10008fcc:	428f      	cmp	r7, r1
10008fce:	f200 8197 	bhi.w	10009300 <lfs_dir_commit.constprop.0+0x4bc>
10008fd2:	2304      	movs	r3, #4
10008fd4:	a909      	add	r1, sp, #36	@ 0x24
10008fd6:	9301      	str	r3, [sp, #4]
10008fd8:	9100      	str	r1, [sp, #0]
10008fda:	465b      	mov	r3, fp
10008fdc:	2104      	movs	r1, #4
10008fde:	48b5      	ldr	r0, [pc, #724]	@ (100092b4 <lfs_dir_commit.constprop.0+0x470>)
10008fe0:	f7fa fb00 	bl	100035e4 <lfs_bd_read.part.0.constprop.0>
10008fe4:	2800      	cmp	r0, #0
10008fe6:	f040 80dc 	bne.w	100091a2 <lfs_dir_commit.constprop.0+0x35e>
10008fea:	9909      	ldr	r1, [sp, #36]	@ 0x24
10008fec:	682b      	ldr	r3, [r5, #0]
10008fee:	ba09      	rev	r1, r1
10008ff0:	4061      	eors	r1, r4
10008ff2:	f041 4100 	orr.w	r1, r1, #2147483648	@ 0x80000000
10008ff6:	46da      	mov	sl, fp
10008ff8:	460c      	mov	r4, r1
10008ffa:	970b      	str	r7, [sp, #44]	@ 0x2c
10008ffc:	9109      	str	r1, [sp, #36]	@ 0x24
10008ffe:	930a      	str	r3, [sp, #40]	@ 0x28
10009000:	aa0a      	add	r2, sp, #40	@ 0x28
10009002:	e7b7      	b.n	10008f74 <lfs_dir_commit.constprop.0+0x130>
10009004:	f104 0820 	add.w	r8, r4, #32
10009008:	f104 0608 	add.w	r6, r4, #8
1000900c:	88a2      	ldrh	r2, [r4, #4]
1000900e:	8ba3      	ldrh	r3, [r4, #28]
10009010:	429a      	cmp	r2, r3
10009012:	eba2 0103 	sub.w	r1, r2, r3
10009016:	f0c0 8114 	bcc.w	10009242 <lfs_dir_commit.constprop.0+0x3fe>
1000901a:	7fe3      	ldrb	r3, [r4, #31]
1000901c:	2b00      	cmp	r3, #0
1000901e:	f000 8110 	beq.w	10009242 <lfs_dir_commit.constprop.0+0x3fe>
10009022:	f04f 33ff 	mov.w	r3, #4294967295	@ 0xffffffff
10009026:	80a1      	strh	r1, [r4, #4]
10009028:	4630      	mov	r0, r6
1000902a:	4641      	mov	r1, r8
1000902c:	461a      	mov	r2, r3
1000902e:	e9cd 5501 	strd	r5, r5, [sp, #4]
10009032:	9500      	str	r5, [sp, #0]
10009034:	f7fb fa40 	bl	100044b8 <lfs_dir_fetchmatch>
10009038:	2800      	cmp	r0, #0
1000903a:	d0e7      	beq.n	1000900c <lfs_dir_commit.constprop.0+0x1c8>
1000903c:	4684      	mov	ip, r0
1000903e:	4660      	mov	r0, ip
10009040:	b01f      	add	sp, #124	@ 0x7c
10009042:	e8bd 8ff0 	ldmia.w	sp!, {r4, r5, r6, r7, r8, r9, sl, fp, pc}
10009046:	8aab      	ldrh	r3, [r5, #20]
10009048:	3b01      	subs	r3, #1
1000904a:	b29b      	uxth	r3, r3
1000904c:	82ab      	strh	r3, [r5, #20]
1000904e:	2b00      	cmp	r3, #0
10009050:	f000 8125 	beq.w	1000929e <lfs_dir_commit.constprop.0+0x45a>
10009054:	7dab      	ldrb	r3, [r5, #22]
10009056:	2b00      	cmp	r3, #0
10009058:	f47f af63 	bne.w	10008f22 <lfs_dir_commit.constprop.0+0xde>
1000905c:	8aab      	ldrh	r3, [r5, #20]
1000905e:	2bfe      	cmp	r3, #254	@ 0xfe
10009060:	f63f af5f 	bhi.w	10008f22 <lfs_dir_commit.constprop.0+0xde>
10009064:	9301      	str	r3, [sp, #4]
10009066:	2300      	movs	r3, #0
10009068:	9300      	str	r3, [sp, #0]
1000906a:	f04f 33ff 	mov.w	r3, #4294967295	@ 0xffffffff
1000906e:	2201      	movs	r2, #1
10009070:	f8c9 3010 	str.w	r3, [r9, #16]
10009074:	4631      	mov	r1, r6
10009076:	462b      	mov	r3, r5
10009078:	4628      	mov	r0, r5
1000907a:	f7fe f8a7 	bl	100071cc <lfs_dir_compact>
1000907e:	4684      	mov	ip, r0
10009080:	2800      	cmp	r0, #0
10009082:	d172      	bne.n	1000916a <lfs_dir_commit.constprop.0+0x326>
10009084:	f8d9 4028 	ldr.w	r4, [r9, #40]	@ 0x28
10009088:	2c00      	cmp	r4, #0
1000908a:	f000 80dd 	beq.w	10009248 <lfs_dir_commit.constprop.0+0x404>
1000908e:	46a3      	mov	fp, r4
10009090:	46a8      	mov	r8, r5
10009092:	9405      	str	r4, [sp, #20]
10009094:	465d      	mov	r5, fp
10009096:	f240 4aff 	movw	sl, #1279	@ 0x4ff
1000909a:	46b3      	mov	fp, r6
1000909c:	9c07      	ldr	r4, [sp, #28]
1000909e:	e00a      	b.n	100090b6 <lfs_dir_commit.constprop.0+0x272>
100090a0:	68ea      	ldr	r2, [r5, #12]
100090a2:	4294      	cmp	r4, r2
100090a4:	d00e      	beq.n	100090c4 <lfs_dir_commit.constprop.0+0x280>
100090a6:	429c      	cmp	r4, r3
100090a8:	d00c      	beq.n	100090c4 <lfs_dir_commit.constprop.0+0x280>
100090aa:	42ba      	cmp	r2, r7
100090ac:	d00a      	beq.n	100090c4 <lfs_dir_commit.constprop.0+0x280>
100090ae:	682d      	ldr	r5, [r5, #0]
100090b0:	2d00      	cmp	r5, #0
100090b2:	f000 80b5 	beq.w	10009220 <lfs_dir_commit.constprop.0+0x3dc>
100090b6:	f105 0c08 	add.w	ip, r5, #8
100090ba:	45e0      	cmp	r8, ip
100090bc:	d0f7      	beq.n	100090ae <lfs_dir_commit.constprop.0+0x26a>
100090be:	68ab      	ldr	r3, [r5, #8]
100090c0:	42bb      	cmp	r3, r7
100090c2:	d1ed      	bne.n	100090a0 <lfs_dir_commit.constprop.0+0x25c>
100090c4:	46c6      	mov	lr, r8
100090c6:	f8db 6000 	ldr.w	r6, [fp]
100090ca:	e8be 000f 	ldmia.w	lr!, {r0, r1, r2, r3}
100090ce:	e8ac 000f 	stmia.w	ip!, {r0, r1, r2, r3}
100090d2:	f3c6 590a 	ubfx	r9, r6, #20, #11
100090d6:	45d1      	cmp	r9, sl
100090d8:	e89e 000f 	ldmia.w	lr, {r0, r1, r2, r3}
100090dc:	e88c 000f 	stmia.w	ip, {r0, r1, r2, r3}
100090e0:	d067      	beq.n	100091b2 <lfs_dir_commit.constprop.0+0x36e>
100090e2:	f240 4301 	movw	r3, #1025	@ 0x401
100090e6:	4599      	cmp	r9, r3
100090e8:	d1e1      	bne.n	100090ae <lfs_dir_commit.constprop.0+0x26a>
100090ea:	88ab      	ldrh	r3, [r5, #4]
100090ec:	f3c6 2689 	ubfx	r6, r6, #10, #10
100090f0:	429e      	cmp	r6, r3
100090f2:	d8dc      	bhi.n	100090ae <lfs_dir_commit.constprop.0+0x26a>
100090f4:	3301      	adds	r3, #1
100090f6:	80ab      	strh	r3, [r5, #4]
100090f8:	79ab      	ldrb	r3, [r5, #6]
100090fa:	2b02      	cmp	r3, #2
100090fc:	d1d7      	bne.n	100090ae <lfs_dir_commit.constprop.0+0x26a>
100090fe:	6aab      	ldr	r3, [r5, #40]	@ 0x28
10009100:	3301      	adds	r3, #1
10009102:	62ab      	str	r3, [r5, #40]	@ 0x28
10009104:	e7d3      	b.n	100090ae <lfs_dir_commit.constprop.0+0x26a>
10009106:	f8d9 203c 	ldr.w	r2, [r9, #60]	@ 0x3c
1000910a:	f8d9 3030 	ldr.w	r3, [r9, #48]	@ 0x30
1000910e:	f8d9 1038 	ldr.w	r1, [r9, #56]	@ 0x38
10009112:	4053      	eors	r3, r2
10009114:	f8d9 2044 	ldr.w	r2, [r9, #68]	@ 0x44
10009118:	f8d9 0034 	ldr.w	r0, [r9, #52]	@ 0x34
1000911c:	4051      	eors	r1, r2
1000911e:	f8d9 2048 	ldr.w	r2, [r9, #72]	@ 0x48
10009122:	e9dd 7605 	ldrd	r7, r6, [sp, #20]
10009126:	4053      	eors	r3, r2
10009128:	f8d9 2040 	ldr.w	r2, [r9, #64]	@ 0x40
1000912c:	f423 737f 	bic.w	r3, r3, #1020	@ 0x3fc
10009130:	4042      	eors	r2, r0
10009132:	f8d9 004c 	ldr.w	r0, [r9, #76]	@ 0x4c
10009136:	f023 0303 	bic.w	r3, r3, #3
1000913a:	4042      	eors	r2, r0
1000913c:	f8d9 0050 	ldr.w	r0, [r9, #80]	@ 0x50
10009140:	920b      	str	r2, [sp, #44]	@ 0x2c
10009142:	4041      	eors	r1, r0
10009144:	430a      	orrs	r2, r1
10009146:	431a      	orrs	r2, r3
10009148:	930a      	str	r3, [sp, #40]	@ 0x28
1000914a:	910c      	str	r1, [sp, #48]	@ 0x30
1000914c:	f040 8096 	bne.w	1000927c <lfs_dir_commit.constprop.0+0x438>
10009150:	a816      	add	r0, sp, #88	@ 0x58
10009152:	f7fb f83d 	bl	100041d0 <lfs_dir_commitcrc>
10009156:	4684      	mov	ip, r0
10009158:	2800      	cmp	r0, #0
1000915a:	f000 8081 	beq.w	10009260 <lfs_dir_commit.constprop.0+0x41c>
1000915e:	f11c 0f0b 	cmn.w	ip, #11
10009162:	d024      	beq.n	100091ae <lfs_dir_commit.constprop.0+0x36a>
10009164:	f11c 0f02 	cmn.w	ip, #2
10009168:	d021      	beq.n	100091ae <lfs_dir_commit.constprop.0+0x36a>
1000916a:	ac0e      	add	r4, sp, #56	@ 0x38
1000916c:	cc0f      	ldmia	r4!, {r0, r1, r2, r3}
1000916e:	c50f      	stmia	r5!, {r0, r1, r2, r3}
10009170:	e894 000f 	ldmia.w	r4, {r0, r1, r2, r3}
10009174:	e885 000f 	stmia.w	r5, {r0, r1, r2, r3}
10009178:	4660      	mov	r0, ip
1000917a:	b01f      	add	sp, #124	@ 0x7c
1000917c:	e8bd 8ff0 	ldmia.w	sp!, {r4, r5, r6, r7, r8, r9, sl, fp, pc}
10009180:	4b4d      	ldr	r3, [pc, #308]	@ (100092b8 <lfs_dir_commit.constprop.0+0x474>)
10009182:	4610      	mov	r0, r2
10009184:	9300      	str	r3, [sp, #0]
10009186:	f3c1 0209 	ubfx	r2, r1, #0, #10
1000918a:	f3c1 2389 	ubfx	r3, r1, #10, #10
1000918e:	a908      	add	r1, sp, #32
10009190:	1a9b      	subs	r3, r3, r2
10009192:	9101      	str	r1, [sp, #4]
10009194:	4611      	mov	r1, r2
10009196:	3201      	adds	r2, #1
10009198:	f7fd f95c 	bl	10006454 <lfs_dir_traverse.constprop.2>
1000919c:	2800      	cmp	r0, #0
1000919e:	f43f aefb 	beq.w	10008f98 <lfs_dir_commit.constprop.0+0x154>
100091a2:	4684      	mov	ip, r0
100091a4:	9f05      	ldr	r7, [sp, #20]
100091a6:	9e06      	ldr	r6, [sp, #24]
100091a8:	f11c 0f0b 	cmn.w	ip, #11
100091ac:	d1da      	bne.n	10009164 <lfs_dir_commit.constprop.0+0x320>
100091ae:	8aab      	ldrh	r3, [r5, #20]
100091b0:	e758      	b.n	10009064 <lfs_dir_commit.constprop.0+0x220>
100091b2:	88ab      	ldrh	r3, [r5, #4]
100091b4:	f3c6 2689 	ubfx	r6, r6, #10, #10
100091b8:	42b3      	cmp	r3, r6
100091ba:	d04c      	beq.n	10009256 <lfs_dir_commit.constprop.0+0x412>
100091bc:	f67f af77 	bls.w	100090ae <lfs_dir_commit.constprop.0+0x26a>
100091c0:	3b01      	subs	r3, #1
100091c2:	80ab      	strh	r3, [r5, #4]
100091c4:	79ab      	ldrb	r3, [r5, #6]
100091c6:	2b02      	cmp	r3, #2
100091c8:	f47f af71 	bne.w	100090ae <lfs_dir_commit.constprop.0+0x26a>
100091cc:	6aab      	ldr	r3, [r5, #40]	@ 0x28
100091ce:	3b01      	subs	r3, #1
100091d0:	62ab      	str	r3, [r5, #40]	@ 0x28
100091d2:	e76c      	b.n	100090ae <lfs_dir_commit.constprop.0+0x26a>
100091d4:	f3c1 0309 	ubfx	r3, r1, #0, #10
100091d8:	2b00      	cmp	r3, #0
100091da:	f43f aedd 	beq.w	10008f98 <lfs_dir_commit.constprop.0+0x154>
100091de:	4617      	mov	r7, r2
100091e0:	f04f 0b00 	mov.w	fp, #0
100091e4:	e005      	b.n	100091f2 <lfs_dir_commit.constprop.0+0x3ae>
100091e6:	9909      	ldr	r1, [sp, #36]	@ 0x24
100091e8:	f3c1 0309 	ubfx	r3, r1, #0, #10
100091ec:	459b      	cmp	fp, r3
100091ee:	f4bf aed3 	bcs.w	10008f98 <lfs_dir_commit.constprop.0+0x154>
100091f2:	783a      	ldrb	r2, [r7, #0]
100091f4:	68bb      	ldr	r3, [r7, #8]
100091f6:	f502 7240 	add.w	r2, r2, #768	@ 0x300
100091fa:	ea43 5302 	orr.w	r3, r3, r2, lsl #20
100091fe:	f3c1 2189 	ubfx	r1, r1, #10, #10
10009202:	687a      	ldr	r2, [r7, #4]
10009204:	9808      	ldr	r0, [sp, #32]
10009206:	ea43 2181 	orr.w	r1, r3, r1, lsl #10
1000920a:	f7fa fedb 	bl	10003fc4 <lfs_dir_commitattr>
1000920e:	f10b 0b01 	add.w	fp, fp, #1
10009212:	370c      	adds	r7, #12
10009214:	2800      	cmp	r0, #0
10009216:	d0e6      	beq.n	100091e6 <lfs_dir_commit.constprop.0+0x3a2>
10009218:	4684      	mov	ip, r0
1000921a:	9f05      	ldr	r7, [sp, #20]
1000921c:	9e06      	ldr	r6, [sp, #24]
1000921e:	e7c3      	b.n	100091a8 <lfs_dir_commit.constprop.0+0x364>
10009220:	9c05      	ldr	r4, [sp, #20]
10009222:	f8dd 901c 	ldr.w	r9, [sp, #28]
10009226:	68a3      	ldr	r3, [r4, #8]
10009228:	42bb      	cmp	r3, r7
1000922a:	f43f aeeb 	beq.w	10009004 <lfs_dir_commit.constprop.0+0x1c0>
1000922e:	68e2      	ldr	r2, [r4, #12]
10009230:	4591      	cmp	r9, r2
10009232:	f43f aee7 	beq.w	10009004 <lfs_dir_commit.constprop.0+0x1c0>
10009236:	4599      	cmp	r9, r3
10009238:	f43f aee4 	beq.w	10009004 <lfs_dir_commit.constprop.0+0x1c0>
1000923c:	42ba      	cmp	r2, r7
1000923e:	f43f aee1 	beq.w	10009004 <lfs_dir_commit.constprop.0+0x1c0>
10009242:	6824      	ldr	r4, [r4, #0]
10009244:	2c00      	cmp	r4, #0
10009246:	d1ee      	bne.n	10009226 <lfs_dir_commit.constprop.0+0x3e2>
10009248:	f04f 0c00 	mov.w	ip, #0
1000924c:	e6f7      	b.n	1000903e <lfs_dir_commit.constprop.0+0x1fa>
1000924e:	8aab      	ldrh	r3, [r5, #20]
10009250:	3301      	adds	r3, #1
10009252:	82ab      	strh	r3, [r5, #20]
10009254:	e6fe      	b.n	10009054 <lfs_dir_commit.constprop.0+0x210>
10009256:	f04f 33ff 	mov.w	r3, #4294967295	@ 0xffffffff
1000925a:	e9c5 3302 	strd	r3, r3, [r5, #8]
1000925e:	e726      	b.n	100090ae <lfs_dir_commit.constprop.0+0x26a>
10009260:	9a18      	ldr	r2, [sp, #96]	@ 0x60
10009262:	4b16      	ldr	r3, [pc, #88]	@ (100092bc <lfs_dir_commit.constprop.0+0x478>)
10009264:	612a      	str	r2, [r5, #16]
10009266:	9a17      	ldr	r2, [sp, #92]	@ 0x5c
10009268:	60ea      	str	r2, [r5, #12]
1000926a:	e9c3 0004 	strd	r0, r0, [r3, #16]
1000926e:	f8c9 0048 	str.w	r0, [r9, #72]	@ 0x48
10009272:	e913 0007 	ldmdb	r3, {r0, r1, r2}
10009276:	e883 0007 	stmia.w	r3, {r0, r1, r2}
1000927a:	e703      	b.n	10009084 <lfs_dir_commit.constprop.0+0x240>
1000927c:	4628      	mov	r0, r5
1000927e:	a90a      	add	r1, sp, #40	@ 0x28
10009280:	f7fb fcec 	bl	10004c5c <lfs_dir_getgstate>
10009284:	4684      	mov	ip, r0
10009286:	2800      	cmp	r0, #0
10009288:	f47f af6f 	bne.w	1000916a <lfs_dir_commit.constprop.0+0x326>
1000928c:	a90a      	add	r1, sp, #40	@ 0x28
1000928e:	a816      	add	r0, sp, #88	@ 0x58
10009290:	f7fa fd48 	bl	10003d24 <lfs_dir_commitattr.constprop.0>
10009294:	4684      	mov	ip, r0
10009296:	2800      	cmp	r0, #0
10009298:	f43f af5a 	beq.w	10009150 <lfs_dir_commit.constprop.0+0x30c>
1000929c:	e75f      	b.n	1000915e <lfs_dir_commit.constprop.0+0x31a>
1000929e:	4628      	mov	r0, r5
100092a0:	a916      	add	r1, sp, #88	@ 0x58
100092a2:	f7fb fc9b 	bl	10004bdc <lfs_fs_pred>
100092a6:	4684      	mov	ip, r0
100092a8:	b150      	cbz	r0, 100092c0 <lfs_dir_commit.constprop.0+0x47c>
100092aa:	f110 0f03 	cmn.w	r0, #3
100092ae:	f47f af5c 	bne.w	1000916a <lfs_dir_commit.constprop.0+0x326>
100092b2:	e6cf      	b.n	10009054 <lfs_dir_commit.constprop.0+0x210>
100092b4:	200012d0 	.word	0x200012d0
100092b8:	100041c9 	.word	0x100041c9
100092bc:	2000130c 	.word	0x2000130c
100092c0:	f89d 306f 	ldrb.w	r3, [sp, #111]	@ 0x6f
100092c4:	2b00      	cmp	r3, #0
100092c6:	f43f aec5 	beq.w	10009054 <lfs_dir_commit.constprop.0+0x210>
100092ca:	4628      	mov	r0, r5
100092cc:	490e      	ldr	r1, [pc, #56]	@ (10009308 <lfs_dir_commit.constprop.0+0x4c4>)
100092ce:	f7fb fcc5 	bl	10004c5c <lfs_dir_getgstate>
100092d2:	4684      	mov	ip, r0
100092d4:	2800      	cmp	r0, #0
100092d6:	f47f af48 	bne.w	1000916a <lfs_dir_commit.constprop.0+0x326>
100092da:	7dea      	ldrb	r2, [r5, #23]
100092dc:	4b0b      	ldr	r3, [pc, #44]	@ (1000930c <lfs_dir_commit.constprop.0+0x4c8>)
100092de:	f502 62c0 	add.w	r2, r2, #1536	@ 0x600
100092e2:	ea43 5302 	orr.w	r3, r3, r2, lsl #20
100092e6:	930a      	str	r3, [sp, #40]	@ 0x28
100092e8:	a816      	add	r0, sp, #88	@ 0x58
100092ea:	f105 0318 	add.w	r3, r5, #24
100092ee:	a90a      	add	r1, sp, #40	@ 0x28
100092f0:	930b      	str	r3, [sp, #44]	@ 0x2c
100092f2:	f7ff fda7 	bl	10008e44 <lfs_dir_commit.constprop.0>
100092f6:	4684      	mov	ip, r0
100092f8:	2800      	cmp	r0, #0
100092fa:	f43f aeab 	beq.w	10009054 <lfs_dir_commit.constprop.0+0x210>
100092fe:	e734      	b.n	1000916a <lfs_dir_commit.constprop.0+0x326>
10009300:	e9dd 7605 	ldrd	r7, r6, [sp, #20]
10009304:	e753      	b.n	100091ae <lfs_dir_commit.constprop.0+0x36a>
10009306:	bf00      	nop
10009308:	20001318 	.word	0x20001318
1000930c:	000ffc08 	.word	0x000ffc08

10009310 <lfs_fs_deorphan>:
10009310:	e92d 43f0 	stmdb	sp!, {r4, r5, r6, r7, r8, r9, lr}
10009314:	4d67      	ldr	r5, [pc, #412]	@ (100094b4 <lfs_fs_deorphan+0x1a4>)
10009316:	b0a1      	sub	sp, #132	@ 0x84
10009318:	6b2b      	ldr	r3, [r5, #48]	@ 0x30
1000931a:	f3c3 0309 	ubfx	r3, r3, #0, #10
1000931e:	2b00      	cmp	r3, #0
10009320:	d03c      	beq.n	1000939c <lfs_fs_deorphan+0x8c>
10009322:	2300      	movs	r3, #0
10009324:	2201      	movs	r2, #1
10009326:	e9cd 3309 	strd	r3, r3, [sp, #36]	@ 0x24
1000932a:	e9cd 330b 	strd	r3, r3, [sp, #44]	@ 0x2c
1000932e:	f8df 81a8 	ldr.w	r8, [pc, #424]	@ 100094d8 <lfs_fs_deorphan+0x1c8>
10009332:	4f61      	ldr	r7, [pc, #388]	@ (100094b8 <lfs_fs_deorphan+0x1a8>)
10009334:	930d      	str	r3, [sp, #52]	@ 0x34
10009336:	9308      	str	r3, [sp, #32]
10009338:	f88d 2037 	strb.w	r2, [sp, #55]	@ 0x37
1000933c:	920f      	str	r2, [sp, #60]	@ 0x3c
1000933e:	930e      	str	r3, [sp, #56]	@ 0x38
10009340:	2400      	movs	r4, #0
10009342:	f04f 33ff 	mov.w	r3, #4294967295	@ 0xffffffff
10009346:	a90e      	add	r1, sp, #56	@ 0x38
10009348:	461a      	mov	r2, r3
1000934a:	e9cd 4400 	strd	r4, r4, [sp]
1000934e:	a810      	add	r0, sp, #64	@ 0x40
10009350:	9402      	str	r4, [sp, #8]
10009352:	f7fb f8b1 	bl	100044b8 <lfs_dir_fetchmatch>
10009356:	4601      	mov	r1, r0
10009358:	bb08      	cbnz	r0, 1000939e <lfs_fs_deorphan+0x8e>
1000935a:	f89d 4037 	ldrb.w	r4, [sp, #55]	@ 0x37
1000935e:	b314      	cbz	r4, 100093a6 <lfs_fs_deorphan+0x96>
10009360:	ac08      	add	r4, sp, #32
10009362:	ae10      	add	r6, sp, #64	@ 0x40
10009364:	ce0f      	ldmia	r6!, {r0, r1, r2, r3}
10009366:	c40f      	stmia	r4!, {r0, r1, r2, r3}
10009368:	e896 000f 	ldmia.w	r6, {r0, r1, r2, r3}
1000936c:	e884 000f 	stmia.w	r4, {r0, r1, r2, r3}
10009370:	9b0e      	ldr	r3, [sp, #56]	@ 0x38
10009372:	3301      	adds	r3, #1
10009374:	d002      	beq.n	1000937c <lfs_fs_deorphan+0x6c>
10009376:	9b0f      	ldr	r3, [sp, #60]	@ 0x3c
10009378:	3301      	adds	r3, #1
1000937a:	d1e1      	bne.n	10009340 <lfs_fs_deorphan+0x30>
1000937c:	6b2a      	ldr	r2, [r5, #48]	@ 0x30
1000937e:	f3c2 0309 	ubfx	r3, r2, #0, #10
10009382:	425b      	negs	r3, r3
10009384:	fa42 f383 	sxtab	r3, r2, r3
10009388:	f3c3 0209 	ubfx	r2, r3, #0, #10
1000938c:	3a00      	subs	r2, #0
1000938e:	bf18      	it	ne
10009390:	2201      	movne	r2, #1
10009392:	f023 4300 	bic.w	r3, r3, #2147483648	@ 0x80000000
10009396:	ea43 73c2 	orr.w	r3, r3, r2, lsl #31
1000939a:	632b      	str	r3, [r5, #48]	@ 0x30
1000939c:	2100      	movs	r1, #0
1000939e:	4608      	mov	r0, r1
100093a0:	b021      	add	sp, #132	@ 0x84
100093a2:	e8bd 83f0 	ldmia.w	sp!, {r4, r5, r6, r7, r8, r9, pc}
100093a6:	2301      	movs	r3, #1
100093a8:	f8df 9130 	ldr.w	r9, [pc, #304]	@ 100094dc <lfs_fs_deorphan+0x1cc>
100093ac:	941e      	str	r4, [sp, #120]	@ 0x78
100093ae:	931f      	str	r3, [sp, #124]	@ 0x7c
100093b0:	6eab      	ldr	r3, [r5, #104]	@ 0x68
100093b2:	a91e      	add	r1, sp, #120	@ 0x78
100093b4:	69db      	ldr	r3, [r3, #28]
100093b6:	ebb4 0f53 	cmp.w	r4, r3, lsr #1
100093ba:	f104 0401 	add.w	r4, r4, #1
100093be:	d23d      	bcs.n	1000943c <lfs_fs_deorphan+0x12c>
100093c0:	f04f 0c00 	mov.w	ip, #0
100093c4:	ae06      	add	r6, sp, #24
100093c6:	e9cd 8601 	strd	r8, r6, [sp, #4]
100093ca:	9e0e      	ldr	r6, [sp, #56]	@ 0x38
100093cc:	464b      	mov	r3, r9
100093ce:	9606      	str	r6, [sp, #24]
100093d0:	9e0f      	ldr	r6, [sp, #60]	@ 0x3c
100093d2:	463a      	mov	r2, r7
100093d4:	a818      	add	r0, sp, #96	@ 0x60
100093d6:	f8cd c000 	str.w	ip, [sp]
100093da:	9607      	str	r6, [sp, #28]
100093dc:	f7fb f86c 	bl	100044b8 <lfs_dir_fetchmatch>
100093e0:	4601      	mov	r1, r0
100093e2:	b108      	cbz	r0, 100093e8 <lfs_fs_deorphan+0xd8>
100093e4:	1cc3      	adds	r3, r0, #3
100093e6:	d12f      	bne.n	10009448 <lfs_fs_deorphan+0x138>
100093e8:	9b1e      	ldr	r3, [sp, #120]	@ 0x78
100093ea:	3301      	adds	r3, #1
100093ec:	d002      	beq.n	100093f4 <lfs_fs_deorphan+0xe4>
100093ee:	9b1f      	ldr	r3, [sp, #124]	@ 0x7c
100093f0:	3301      	adds	r3, #1
100093f2:	d1dd      	bne.n	100093b0 <lfs_fs_deorphan+0xa0>
100093f4:	9c0f      	ldr	r4, [sp, #60]	@ 0x3c
100093f6:	4e31      	ldr	r6, [pc, #196]	@ (100094bc <lfs_fs_deorphan+0x1ac>)
100093f8:	f640 7275 	movw	r2, #3957	@ 0xf75
100093fc:	9b0e      	ldr	r3, [sp, #56]	@ 0x38
100093fe:	4930      	ldr	r1, [pc, #192]	@ (100094c0 <lfs_fs_deorphan+0x1b0>)
10009400:	e9cd 4600 	strd	r4, r6, [sp]
10009404:	482f      	ldr	r0, [pc, #188]	@ (100094c4 <lfs_fs_deorphan+0x1b4>)
10009406:	f7f9 ff1d 	bl	10003244 <__wrap_printf>
1000940a:	492f      	ldr	r1, [pc, #188]	@ (100094c8 <lfs_fs_deorphan+0x1b8>)
1000940c:	a810      	add	r0, sp, #64	@ 0x40
1000940e:	f7fb fc25 	bl	10004c5c <lfs_dir_getgstate>
10009412:	4601      	mov	r1, r0
10009414:	2800      	cmp	r0, #0
10009416:	d1c2      	bne.n	1000939e <lfs_fs_deorphan+0x8e>
10009418:	f89d 2057 	ldrb.w	r2, [sp, #87]	@ 0x57
1000941c:	4b2b      	ldr	r3, [pc, #172]	@ (100094cc <lfs_fs_deorphan+0x1bc>)
1000941e:	f502 62c0 	add.w	r2, r2, #1536	@ 0x600
10009422:	ea43 5302 	orr.w	r3, r3, r2, lsl #20
10009426:	a906      	add	r1, sp, #24
10009428:	9306      	str	r3, [sp, #24]
1000942a:	a808      	add	r0, sp, #32
1000942c:	ab16      	add	r3, sp, #88	@ 0x58
1000942e:	9307      	str	r3, [sp, #28]
10009430:	f7ff fd08 	bl	10008e44 <lfs_dir_commit.constprop.0>
10009434:	4601      	mov	r1, r0
10009436:	2800      	cmp	r0, #0
10009438:	d09a      	beq.n	10009370 <lfs_fs_deorphan+0x60>
1000943a:	e7b0      	b.n	1000939e <lfs_fs_deorphan+0x8e>
1000943c:	f06f 0101 	mvn.w	r1, #1
10009440:	4608      	mov	r0, r1
10009442:	b021      	add	sp, #132	@ 0x84
10009444:	e8bd 83f0 	ldmia.w	sp!, {r4, r5, r6, r7, r8, r9, pc}
10009448:	2800      	cmp	r0, #0
1000944a:	dba8      	blt.n	1000939e <lfs_fs_deorphan+0x8e>
1000944c:	f3c1 0309 	ubfx	r3, r1, #0, #10
10009450:	a818      	add	r0, sp, #96	@ 0x60
10009452:	aa04      	add	r2, sp, #16
10009454:	f7fb fc88 	bl	10004d68 <lfs_dir_getslice.constprop.0>
10009458:	1e01      	subs	r1, r0, #0
1000945a:	dba0      	blt.n	1000939e <lfs_fs_deorphan+0x8e>
1000945c:	9a04      	ldr	r2, [sp, #16]
1000945e:	9b0e      	ldr	r3, [sp, #56]	@ 0x38
10009460:	9805      	ldr	r0, [sp, #20]
10009462:	429a      	cmp	r2, r3
10009464:	990f      	ldr	r1, [sp, #60]	@ 0x3c
10009466:	d01c      	beq.n	100094a2 <lfs_fs_deorphan+0x192>
10009468:	428a      	cmp	r2, r1
1000946a:	d01f      	beq.n	100094ac <lfs_fs_deorphan+0x19c>
1000946c:	e9cd 2001 	strd	r2, r0, [sp, #4]
10009470:	4a12      	ldr	r2, [pc, #72]	@ (100094bc <lfs_fs_deorphan+0x1ac>)
10009472:	9100      	str	r1, [sp, #0]
10009474:	9203      	str	r2, [sp, #12]
10009476:	4912      	ldr	r1, [pc, #72]	@ (100094c0 <lfs_fs_deorphan+0x1b0>)
10009478:	f640 728a 	movw	r2, #3978	@ 0xf8a
1000947c:	4814      	ldr	r0, [pc, #80]	@ (100094d0 <lfs_fs_deorphan+0x1c0>)
1000947e:	f7f9 fee1 	bl	10003244 <__wrap_printf>
10009482:	ab04      	add	r3, sp, #16
10009484:	9307      	str	r3, [sp, #28]
10009486:	4b13      	ldr	r3, [pc, #76]	@ (100094d4 <lfs_fs_deorphan+0x1c4>)
10009488:	a906      	add	r1, sp, #24
1000948a:	a808      	add	r0, sp, #32
1000948c:	9306      	str	r3, [sp, #24]
1000948e:	f7ff fcd9 	bl	10008e44 <lfs_dir_commit.constprop.0>
10009492:	4601      	mov	r1, r0
10009494:	2800      	cmp	r0, #0
10009496:	f43f af6b 	beq.w	10009370 <lfs_fs_deorphan+0x60>
1000949a:	4608      	mov	r0, r1
1000949c:	b021      	add	sp, #132	@ 0x84
1000949e:	e8bd 83f0 	ldmia.w	sp!, {r4, r5, r6, r7, r8, r9, pc}
100094a2:	4288      	cmp	r0, r1
100094a4:	f43f af5c 	beq.w	10009360 <lfs_fs_deorphan+0x50>
100094a8:	428a      	cmp	r2, r1
100094aa:	d1df      	bne.n	1000946c <lfs_fs_deorphan+0x15c>
100094ac:	4283      	cmp	r3, r0
100094ae:	d1dd      	bne.n	1000946c <lfs_fs_deorphan+0x15c>
100094b0:	e756      	b.n	10009360 <lfs_fs_deorphan+0x50>
100094b2:	bf00      	nop
100094b4:	200012d0 	.word	0x200012d0
100094b8:	7ff003ff 	.word	0x7ff003ff
100094bc:	1000afa8 	.word	0x1000afa8
100094c0:	1000acac 	.word	0x1000acac
100094c4:	1000ae64 	.word	0x1000ae64
100094c8:	20001318 	.word	0x20001318
100094cc:	000ffc08 	.word	0x000ffc08
100094d0:	1000ae94 	.word	0x1000ae94
100094d4:	600ffc08 	.word	0x600ffc08
100094d8:	10003869 	.word	0x10003869
100094dc:	20000008 	.word	0x20000008

100094e0 <lfs_file_rawopencfg>:
100094e0:	e92d 47f0 	stmdb	sp!, {r4, r5, r6, r7, r8, r9, sl, lr}
100094e4:	0796      	lsls	r6, r2, #30
100094e6:	b090      	sub	sp, #64	@ 0x40
100094e8:	4615      	mov	r5, r2
100094ea:	4604      	mov	r4, r0
100094ec:	4698      	mov	r8, r3
100094ee:	4fa1      	ldr	r7, [pc, #644]	@ (10009774 <lfs_file_rawopencfg+0x294>)
100094f0:	9105      	str	r1, [sp, #20]
100094f2:	d50a      	bpl.n	1000950a <lfs_file_rawopencfg+0x2a>
100094f4:	6bfb      	ldr	r3, [r7, #60]	@ 0x3c
100094f6:	0d1a      	lsrs	r2, r3, #20
100094f8:	f412 6fe0 	tst.w	r2, #1792	@ 0x700
100094fc:	f040 8086 	bne.w	1000960c <lfs_file_rawopencfg+0x12c>
10009500:	f7ff ff06 	bl	10009310 <lfs_fs_deorphan>
10009504:	4606      	mov	r6, r0
10009506:	2800      	cmp	r0, #0
10009508:	d17c      	bne.n	10009604 <lfs_file_rawopencfg+0x124>
1000950a:	f04f 0900 	mov.w	r9, #0
1000950e:	f8c4 8050 	str.w	r8, [r4, #80]	@ 0x50
10009512:	f104 0808 	add.w	r8, r4, #8
10009516:	4640      	mov	r0, r8
10009518:	6325      	str	r5, [r4, #48]	@ 0x30
1000951a:	1d22      	adds	r2, r4, #4
1000951c:	a905      	add	r1, sp, #20
1000951e:	f8c4 9034 	str.w	r9, [r4, #52]	@ 0x34
10009522:	f8c4 903c 	str.w	r9, [r4, #60]	@ 0x3c
10009526:	f8c4 904c 	str.w	r9, [r4, #76]	@ 0x4c
1000952a:	f7fb fe27 	bl	1000517c <lfs_dir_find>
1000952e:	1e06      	subs	r6, r0, #0
10009530:	db51      	blt.n	100095d6 <lfs_file_rawopencfg+0xf6>
10009532:	2301      	movs	r3, #1
10009534:	71a3      	strb	r3, [r4, #6]
10009536:	6abb      	ldr	r3, [r7, #40]	@ 0x28
10009538:	05aa      	lsls	r2, r5, #22
1000953a:	6023      	str	r3, [r4, #0]
1000953c:	62bc      	str	r4, [r7, #40]	@ 0x28
1000953e:	f100 80d3 	bmi.w	100096e8 <lfs_file_rawopencfg+0x208>
10009542:	0d36      	lsrs	r6, r6, #20
10009544:	2e01      	cmp	r6, #1
10009546:	f040 80c3 	bne.w	100096d0 <lfs_file_rawopencfg+0x1f0>
1000954a:	056b      	lsls	r3, r5, #21
1000954c:	f140 80fe 	bpl.w	1000974c <lfs_file_rawopencfg+0x26c>
10009550:	4b89      	ldr	r3, [pc, #548]	@ (10009778 <lfs_file_rawopencfg+0x298>)
10009552:	88a2      	ldrh	r2, [r4, #4]
10009554:	ea43 2982 	orr.w	r9, r3, r2, lsl #10
10009558:	6b23      	ldr	r3, [r4, #48]	@ 0x30
1000955a:	f443 3380 	orr.w	r3, r3, #65536	@ 0x10000
1000955e:	6323      	str	r3, [r4, #48]	@ 0x30
10009560:	6d21      	ldr	r1, [r4, #80]	@ 0x50
10009562:	688b      	ldr	r3, [r1, #8]
10009564:	2b00      	cmp	r3, #0
10009566:	f000 80c6 	beq.w	100096f6 <lfs_file_rawopencfg+0x216>
1000956a:	2500      	movs	r5, #0
1000956c:	6b22      	ldr	r2, [r4, #48]	@ 0x30
1000956e:	e014      	b.n	1000959a <lfs_file_rawopencfg+0xba>
10009570:	0793      	lsls	r3, r2, #30
10009572:	eb05 0045 	add.w	r0, r5, r5, lsl #1
10009576:	f105 0501 	add.w	r5, r5, #1
1000957a:	d50a      	bpl.n	10009592 <lfs_file_rawopencfg+0xb2>
1000957c:	684b      	ldr	r3, [r1, #4]
1000957e:	eb03 0380 	add.w	r3, r3, r0, lsl #2
10009582:	6898      	ldr	r0, [r3, #8]
10009584:	6f7b      	ldr	r3, [r7, #116]	@ 0x74
10009586:	4298      	cmp	r0, r3
10009588:	f200 80dc 	bhi.w	10009744 <lfs_file_rawopencfg+0x264>
1000958c:	f442 3280 	orr.w	r2, r2, #65536	@ 0x10000
10009590:	6322      	str	r2, [r4, #48]	@ 0x30
10009592:	688b      	ldr	r3, [r1, #8]
10009594:	42ab      	cmp	r3, r5
10009596:	f240 80ae 	bls.w	100096f6 <lfs_file_rawopencfg+0x216>
1000959a:	07d6      	lsls	r6, r2, #31
1000959c:	d5e8      	bpl.n	10009570 <lfs_file_rawopencfg+0x90>
1000959e:	684b      	ldr	r3, [r1, #4]
100095a0:	eb05 0145 	add.w	r1, r5, r5, lsl #1
100095a4:	f813 0021 	ldrb.w	r0, [r3, r1, lsl #2]
100095a8:	eb03 0281 	add.w	r2, r3, r1, lsl #2
100095ac:	88a1      	ldrh	r1, [r4, #4]
100095ae:	e9d2 2301 	ldrd	r2, r3, [r2, #4]
100095b2:	f500 7040 	add.w	r0, r0, #768	@ 0x300
100095b6:	ea43 2181 	orr.w	r1, r3, r1, lsl #10
100095ba:	ea41 5100 	orr.w	r1, r1, r0, lsl #20
100095be:	f3c3 0309 	ubfx	r3, r3, #0, #10
100095c2:	4640      	mov	r0, r8
100095c4:	f7fb fbd0 	bl	10004d68 <lfs_dir_getslice.constprop.0>
100095c8:	1e06      	subs	r6, r0, #0
100095ca:	6b22      	ldr	r2, [r4, #48]	@ 0x30
100095cc:	6d21      	ldr	r1, [r4, #80]	@ 0x50
100095ce:	dacf      	bge.n	10009570 <lfs_file_rawopencfg+0x90>
100095d0:	1cf0      	adds	r0, r6, #3
100095d2:	d0cd      	beq.n	10009570 <lfs_file_rawopencfg+0x90>
100095d4:	e003      	b.n	100095de <lfs_file_rawopencfg+0xfe>
100095d6:	1cf0      	adds	r0, r6, #3
100095d8:	d04c      	beq.n	10009674 <lfs_file_rawopencfg+0x194>
100095da:	6b22      	ldr	r2, [r4, #48]	@ 0x30
100095dc:	6d21      	ldr	r1, [r4, #80]	@ 0x50
100095de:	6abb      	ldr	r3, [r7, #40]	@ 0x28
100095e0:	f442 2200 	orr.w	r2, r2, #524288	@ 0x80000
100095e4:	6322      	str	r2, [r4, #48]	@ 0x30
100095e6:	b143      	cbz	r3, 100095fa <lfs_file_rawopencfg+0x11a>
100095e8:	429c      	cmp	r4, r3
100095ea:	d102      	bne.n	100095f2 <lfs_file_rawopencfg+0x112>
100095ec:	e10b      	b.n	10009806 <lfs_file_rawopencfg+0x326>
100095ee:	429c      	cmp	r4, r3
100095f0:	d077      	beq.n	100096e2 <lfs_file_rawopencfg+0x202>
100095f2:	461a      	mov	r2, r3
100095f4:	681b      	ldr	r3, [r3, #0]
100095f6:	2b00      	cmp	r3, #0
100095f8:	d1f9      	bne.n	100095ee <lfs_file_rawopencfg+0x10e>
100095fa:	680b      	ldr	r3, [r1, #0]
100095fc:	b913      	cbnz	r3, 10009604 <lfs_file_rawopencfg+0x124>
100095fe:	6ce0      	ldr	r0, [r4, #76]	@ 0x4c
10009600:	f7f8 f852 	bl	100016a8 <__wrap_free>
10009604:	4630      	mov	r0, r6
10009606:	b010      	add	sp, #64	@ 0x40
10009608:	e8bd 87f0 	ldmia.w	sp!, {r4, r5, r6, r7, r8, r9, sl, pc}
1000960c:	f3c3 2389 	ubfx	r3, r3, #10, #10
10009610:	9301      	str	r3, [sp, #4]
10009612:	6c7b      	ldr	r3, [r7, #68]	@ 0x44
10009614:	4a59      	ldr	r2, [pc, #356]	@ (1000977c <lfs_file_rawopencfg+0x29c>)
10009616:	9300      	str	r3, [sp, #0]
10009618:	6c3b      	ldr	r3, [r7, #64]	@ 0x40
1000961a:	4959      	ldr	r1, [pc, #356]	@ (10009780 <lfs_file_rawopencfg+0x2a0>)
1000961c:	9202      	str	r2, [sp, #8]
1000961e:	4859      	ldr	r0, [pc, #356]	@ (10009784 <lfs_file_rawopencfg+0x2a4>)
10009620:	f640 7243 	movw	r2, #3907	@ 0xf43
10009624:	f7f9 fe0e 	bl	10003244 <__wrap_printf>
10009628:	2200      	movs	r2, #0
1000962a:	f04f 33ff 	mov.w	r3, #4294967295	@ 0xffffffff
1000962e:	e9cd 2201 	strd	r2, r2, [sp, #4]
10009632:	9200      	str	r2, [sp, #0]
10009634:	a808      	add	r0, sp, #32
10009636:	461a      	mov	r2, r3
10009638:	f107 0140 	add.w	r1, r7, #64	@ 0x40
1000963c:	f7fa ff3c 	bl	100044b8 <lfs_dir_fetchmatch>
10009640:	4606      	mov	r6, r0
10009642:	2800      	cmp	r0, #0
10009644:	d1de      	bne.n	10009604 <lfs_file_rawopencfg+0x124>
10009646:	6bfb      	ldr	r3, [r7, #60]	@ 0x3c
10009648:	6b39      	ldr	r1, [r7, #48]	@ 0x30
1000964a:	f3c3 2289 	ubfx	r2, r3, #10, #10
1000964e:	4b4e      	ldr	r3, [pc, #312]	@ (10009788 <lfs_file_rawopencfg+0x2a8>)
10009650:	a808      	add	r0, sp, #32
10009652:	400b      	ands	r3, r1
10009654:	633b      	str	r3, [r7, #48]	@ 0x30
10009656:	4b4d      	ldr	r3, [pc, #308]	@ (1000978c <lfs_file_rawopencfg+0x2ac>)
10009658:	a906      	add	r1, sp, #24
1000965a:	ea43 2382 	orr.w	r3, r3, r2, lsl #10
1000965e:	e9c7 660d 	strd	r6, r6, [r7, #52]	@ 0x34
10009662:	9607      	str	r6, [sp, #28]
10009664:	9306      	str	r3, [sp, #24]
10009666:	f7ff fbed 	bl	10008e44 <lfs_dir_commit.constprop.0>
1000966a:	4606      	mov	r6, r0
1000966c:	2800      	cmp	r0, #0
1000966e:	f43f af47 	beq.w	10009500 <lfs_file_rawopencfg+0x20>
10009672:	e7c7      	b.n	10009604 <lfs_file_rawopencfg+0x124>
10009674:	f240 33ff 	movw	r3, #1023	@ 0x3ff
10009678:	f8b4 a004 	ldrh.w	sl, [r4, #4]
1000967c:	459a      	cmp	sl, r3
1000967e:	d0ac      	beq.n	100095da <lfs_file_rawopencfg+0xfa>
10009680:	2301      	movs	r3, #1
10009682:	71a3      	strb	r3, [r4, #6]
10009684:	6abb      	ldr	r3, [r7, #40]	@ 0x28
10009686:	05e9      	lsls	r1, r5, #23
10009688:	6023      	str	r3, [r4, #0]
1000968a:	62bc      	str	r4, [r7, #40]	@ 0x28
1000968c:	d546      	bpl.n	1000971c <lfs_file_rawopencfg+0x23c>
1000968e:	9d05      	ldr	r5, [sp, #20]
10009690:	4628      	mov	r0, r5
10009692:	f001 f819 	bl	1000a6c8 <strlen>
10009696:	6efb      	ldr	r3, [r7, #108]	@ 0x6c
10009698:	4283      	cmp	r3, r0
1000969a:	d344      	bcc.n	10009726 <lfs_file_rawopencfg+0x246>
1000969c:	ea40 238a 	orr.w	r3, r0, sl, lsl #10
100096a0:	f443 1380 	orr.w	r3, r3, #1048576	@ 0x100000
100096a4:	e9cd 9309 	strd	r9, r3, [sp, #36]	@ 0x24
100096a8:	4b39      	ldr	r3, [pc, #228]	@ (10009790 <lfs_file_rawopencfg+0x2b0>)
100096aa:	950b      	str	r5, [sp, #44]	@ 0x2c
100096ac:	4d32      	ldr	r5, [pc, #200]	@ (10009778 <lfs_file_rawopencfg+0x298>)
100096ae:	ea43 238a 	orr.w	r3, r3, sl, lsl #10
100096b2:	9308      	str	r3, [sp, #32]
100096b4:	2203      	movs	r2, #3
100096b6:	ea45 238a 	orr.w	r3, r5, sl, lsl #10
100096ba:	4640      	mov	r0, r8
100096bc:	a908      	add	r1, sp, #32
100096be:	f8cd 9034 	str.w	r9, [sp, #52]	@ 0x34
100096c2:	930c      	str	r3, [sp, #48]	@ 0x30
100096c4:	f7fd f830 	bl	10006728 <lfs_dir_commit>
100096c8:	2800      	cmp	r0, #0
100096ca:	d135      	bne.n	10009738 <lfs_file_rawopencfg+0x258>
100096cc:	46a9      	mov	r9, r5
100096ce:	e747      	b.n	10009560 <lfs_file_rawopencfg+0x80>
100096d0:	f06f 0604 	mvn.w	r6, #4
100096d4:	6b22      	ldr	r2, [r4, #48]	@ 0x30
100096d6:	6d21      	ldr	r1, [r4, #80]	@ 0x50
100096d8:	f442 2200 	orr.w	r2, r2, #524288	@ 0x80000
100096dc:	4623      	mov	r3, r4
100096de:	6322      	str	r2, [r4, #48]	@ 0x30
100096e0:	4a2c      	ldr	r2, [pc, #176]	@ (10009794 <lfs_file_rawopencfg+0x2b4>)
100096e2:	681b      	ldr	r3, [r3, #0]
100096e4:	6013      	str	r3, [r2, #0]
100096e6:	e788      	b.n	100095fa <lfs_file_rawopencfg+0x11a>
100096e8:	6b22      	ldr	r2, [r4, #48]	@ 0x30
100096ea:	f06f 0603 	mvn.w	r6, #3
100096ee:	6d21      	ldr	r1, [r4, #80]	@ 0x50
100096f0:	f442 2200 	orr.w	r2, r2, #524288	@ 0x80000
100096f4:	e7f2      	b.n	100096dc <lfs_file_rawopencfg+0x1fc>
100096f6:	6808      	ldr	r0, [r1, #0]
100096f8:	2800      	cmp	r0, #0
100096fa:	d074      	beq.n	100097e6 <lfs_file_rawopencfg+0x306>
100096fc:	6ebb      	ldr	r3, [r7, #104]	@ 0x68
100096fe:	64e0      	str	r0, [r4, #76]	@ 0x4c
10009700:	6a5a      	ldr	r2, [r3, #36]	@ 0x24
10009702:	21ff      	movs	r1, #255	@ 0xff
10009704:	f000 fee8 	bl	1000a4d8 <memset>
10009708:	f240 2301 	movw	r3, #513	@ 0x201
1000970c:	f04f 32ff 	mov.w	r2, #4294967295	@ 0xffffffff
10009710:	ebb3 5f19 	cmp.w	r3, r9, lsr #20
10009714:	6422      	str	r2, [r4, #64]	@ 0x40
10009716:	d041      	beq.n	1000979c <lfs_file_rawopencfg+0x2bc>
10009718:	2600      	movs	r6, #0
1000971a:	e773      	b.n	10009604 <lfs_file_rawopencfg+0x124>
1000971c:	6b22      	ldr	r2, [r4, #48]	@ 0x30
1000971e:	6d21      	ldr	r1, [r4, #80]	@ 0x50
10009720:	f442 2200 	orr.w	r2, r2, #524288	@ 0x80000
10009724:	e7da      	b.n	100096dc <lfs_file_rawopencfg+0x1fc>
10009726:	6b22      	ldr	r2, [r4, #48]	@ 0x30
10009728:	4623      	mov	r3, r4
1000972a:	f442 2200 	orr.w	r2, r2, #524288	@ 0x80000
1000972e:	f06f 060d 	mvn.w	r6, #13
10009732:	6d21      	ldr	r1, [r4, #80]	@ 0x50
10009734:	6322      	str	r2, [r4, #48]	@ 0x30
10009736:	e757      	b.n	100095e8 <lfs_file_rawopencfg+0x108>
10009738:	f06f 060d 	mvn.w	r6, #13
1000973c:	6abb      	ldr	r3, [r7, #40]	@ 0x28
1000973e:	6b22      	ldr	r2, [r4, #48]	@ 0x30
10009740:	6d21      	ldr	r1, [r4, #80]	@ 0x50
10009742:	e74d      	b.n	100095e0 <lfs_file_rawopencfg+0x100>
10009744:	f06f 060a 	mvn.w	r6, #10
10009748:	6abb      	ldr	r3, [r7, #40]	@ 0x28
1000974a:	e749      	b.n	100095e0 <lfs_file_rawopencfg+0x100>
1000974c:	88a1      	ldrh	r1, [r4, #4]
1000974e:	4b12      	ldr	r3, [pc, #72]	@ (10009798 <lfs_file_rawopencfg+0x2b8>)
10009750:	4640      	mov	r0, r8
10009752:	ea43 2181 	orr.w	r1, r3, r1, lsl #10
10009756:	f104 0228 	add.w	r2, r4, #40	@ 0x28
1000975a:	2308      	movs	r3, #8
1000975c:	f7fb fbc2 	bl	10004ee4 <lfs_dir_getslice.constprop.1>
10009760:	f1b0 0900 	subs.w	r9, r0, #0
10009764:	f6bf aefc 	bge.w	10009560 <lfs_file_rawopencfg+0x80>
10009768:	464e      	mov	r6, r9
1000976a:	6b22      	ldr	r2, [r4, #48]	@ 0x30
1000976c:	6d21      	ldr	r1, [r4, #80]	@ 0x50
1000976e:	6abb      	ldr	r3, [r7, #40]	@ 0x28
10009770:	e736      	b.n	100095e0 <lfs_file_rawopencfg+0x100>
10009772:	bf00      	nop
10009774:	200012d0 	.word	0x200012d0
10009778:	20100000 	.word	0x20100000
1000977c:	1000afa8 	.word	0x1000afa8
10009780:	1000acac 	.word	0x1000acac
10009784:	1000aed8 	.word	0x1000aed8
10009788:	800003ff 	.word	0x800003ff
1000978c:	4ff00000 	.word	0x4ff00000
10009790:	40100000 	.word	0x40100000
10009794:	200012f8 	.word	0x200012f8
10009798:	20000008 	.word	0x20000008
1000979c:	f06f 0201 	mvn.w	r2, #1
100097a0:	2100      	movs	r1, #0
100097a2:	6422      	str	r2, [r4, #64]	@ 0x40
100097a4:	62a2      	str	r2, [r4, #40]	@ 0x28
100097a6:	6b22      	ldr	r2, [r4, #48]	@ 0x30
100097a8:	6461      	str	r1, [r4, #68]	@ 0x44
100097aa:	f442 1280 	orr.w	r2, r2, #1048576	@ 0x100000
100097ae:	6322      	str	r2, [r4, #48]	@ 0x30
100097b0:	6eba      	ldr	r2, [r7, #104]	@ 0x68
100097b2:	f3c9 0309 	ubfx	r3, r9, #0, #10
100097b6:	6a52      	ldr	r2, [r2, #36]	@ 0x24
100097b8:	62e3      	str	r3, [r4, #44]	@ 0x2c
100097ba:	64a2      	str	r2, [r4, #72]	@ 0x48
100097bc:	2b00      	cmp	r3, #0
100097be:	d0ab      	beq.n	10009718 <lfs_file_rawopencfg+0x238>
100097c0:	f240 33fe 	movw	r3, #1022	@ 0x3fe
100097c4:	4293      	cmp	r3, r2
100097c6:	bf28      	it	cs
100097c8:	4613      	movcs	r3, r2
100097ca:	88a1      	ldrh	r1, [r4, #4]
100097cc:	4640      	mov	r0, r8
100097ce:	ea43 2181 	orr.w	r1, r3, r1, lsl #10
100097d2:	6ce2      	ldr	r2, [r4, #76]	@ 0x4c
100097d4:	f3c3 0309 	ubfx	r3, r3, #0, #10
100097d8:	f041 5100 	orr.w	r1, r1, #536870912	@ 0x20000000
100097dc:	f7fb fb82 	bl	10004ee4 <lfs_dir_getslice.constprop.1>
100097e0:	1e06      	subs	r6, r0, #0
100097e2:	da99      	bge.n	10009718 <lfs_file_rawopencfg+0x238>
100097e4:	e6f9      	b.n	100095da <lfs_file_rawopencfg+0xfa>
100097e6:	6ebb      	ldr	r3, [r7, #104]	@ 0x68
100097e8:	6a5a      	ldr	r2, [r3, #36]	@ 0x24
100097ea:	4610      	mov	r0, r2
100097ec:	9204      	str	r2, [sp, #16]
100097ee:	f7f7 ff3f 	bl	10001670 <__wrap_malloc>
100097f2:	9a04      	ldr	r2, [sp, #16]
100097f4:	64e0      	str	r0, [r4, #76]	@ 0x4c
100097f6:	2800      	cmp	r0, #0
100097f8:	d183      	bne.n	10009702 <lfs_file_rawopencfg+0x222>
100097fa:	f06f 060b 	mvn.w	r6, #11
100097fe:	6b22      	ldr	r2, [r4, #48]	@ 0x30
10009800:	6d21      	ldr	r1, [r4, #80]	@ 0x50
10009802:	6abb      	ldr	r3, [r7, #40]	@ 0x28
10009804:	e6ec      	b.n	100095e0 <lfs_file_rawopencfg+0x100>
10009806:	4a01      	ldr	r2, [pc, #4]	@ (1000980c <lfs_file_rawopencfg+0x32c>)
10009808:	e76b      	b.n	100096e2 <lfs_file_rawopencfg+0x202>
1000980a:	bf00      	nop
1000980c:	200012f8 	.word	0x200012f8

10009810 <lfs_format>:
10009810:	b530      	push	{r4, r5, lr}
10009812:	b09b      	sub	sp, #108	@ 0x6c
10009814:	f7f9 fe62 	bl	100034dc <lfs_init>
10009818:	4604      	mov	r4, r0
1000981a:	b110      	cbz	r0, 10009822 <lfs_format+0x12>
1000981c:	4620      	mov	r0, r4
1000981e:	b01b      	add	sp, #108	@ 0x6c
10009820:	bd30      	pop	{r4, r5, pc}
10009822:	4d35      	ldr	r5, [pc, #212]	@ (100098f8 <lfs_format+0xe8>)
10009824:	4601      	mov	r1, r0
10009826:	e9d5 0319 	ldrd	r0, r3, [r5, #100]	@ 0x64
1000982a:	6a9a      	ldr	r2, [r3, #40]	@ 0x28
1000982c:	f000 fe54 	bl	1000a4d8 <memset>
10009830:	6eaa      	ldr	r2, [r5, #104]	@ 0x68
10009832:	a812      	add	r0, sp, #72	@ 0x48
10009834:	6a93      	ldr	r3, [r2, #40]	@ 0x28
10009836:	69d2      	ldr	r2, [r2, #28]
10009838:	00db      	lsls	r3, r3, #3
1000983a:	4293      	cmp	r3, r2
1000983c:	bf28      	it	cs
1000983e:	4613      	movcs	r3, r2
10009840:	e9c5 4217 	strd	r4, r2, [r5, #92]	@ 0x5c
10009844:	656c      	str	r4, [r5, #84]	@ 0x54
10009846:	65ab      	str	r3, [r5, #88]	@ 0x58
10009848:	f7fc f8f6 	bl	10005a38 <lfs_dir_alloc>
1000984c:	4604      	mov	r4, r0
1000984e:	b9f8      	cbnz	r0, 10009890 <lfs_format+0x80>
10009850:	f44f 3100 	mov.w	r1, #131072	@ 0x20000
10009854:	4a29      	ldr	r2, [pc, #164]	@ (100098fc <lfs_format+0xec>)
10009856:	6eab      	ldr	r3, [r5, #104]	@ 0x68
10009858:	920e      	str	r2, [sp, #56]	@ 0x38
1000985a:	4a29      	ldr	r2, [pc, #164]	@ (10009900 <lfs_format+0xf0>)
1000985c:	900d      	str	r0, [sp, #52]	@ 0x34
1000985e:	920f      	str	r2, [sp, #60]	@ 0x3c
10009860:	9106      	str	r1, [sp, #24]
10009862:	4a28      	ldr	r2, [pc, #160]	@ (10009904 <lfs_format+0xf4>)
10009864:	e9d3 0106 	ldrd	r0, r1, [r3, #24]
10009868:	6eeb      	ldr	r3, [r5, #108]	@ 0x6c
1000986a:	9210      	str	r2, [sp, #64]	@ 0x40
1000986c:	e9cd 1308 	strd	r1, r3, [sp, #32]
10009870:	e9d5 131c 	ldrd	r1, r3, [r5, #112]	@ 0x70
10009874:	aa06      	add	r2, sp, #24
10009876:	e9cd 130a 	strd	r1, r3, [sp, #40]	@ 0x28
1000987a:	4b23      	ldr	r3, [pc, #140]	@ (10009908 <lfs_format+0xf8>)
1000987c:	9211      	str	r2, [sp, #68]	@ 0x44
1000987e:	9007      	str	r0, [sp, #28]
10009880:	2203      	movs	r2, #3
10009882:	a812      	add	r0, sp, #72	@ 0x48
10009884:	a90c      	add	r1, sp, #48	@ 0x30
10009886:	930c      	str	r3, [sp, #48]	@ 0x30
10009888:	f7fc ff4e 	bl	10006728 <lfs_dir_commit>
1000988c:	4604      	mov	r4, r0
1000988e:	b158      	cbz	r0, 100098a8 <lfs_format+0x98>
10009890:	6eab      	ldr	r3, [r5, #104]	@ 0x68
10009892:	6ada      	ldr	r2, [r3, #44]	@ 0x2c
10009894:	b33a      	cbz	r2, 100098e6 <lfs_format+0xd6>
10009896:	6b1a      	ldr	r2, [r3, #48]	@ 0x30
10009898:	b302      	cbz	r2, 100098dc <lfs_format+0xcc>
1000989a:	6b5b      	ldr	r3, [r3, #52]	@ 0x34
1000989c:	2b00      	cmp	r3, #0
1000989e:	d1bd      	bne.n	1000981c <lfs_format+0xc>
100098a0:	6e68      	ldr	r0, [r5, #100]	@ 0x64
100098a2:	f7f7 ff01 	bl	100016a8 <__wrap_free>
100098a6:	e7b9      	b.n	1000981c <lfs_format+0xc>
100098a8:	4602      	mov	r2, r0
100098aa:	4601      	mov	r1, r0
100098ac:	f88d 005e 	strb.w	r0, [sp, #94]	@ 0x5e
100098b0:	a812      	add	r0, sp, #72	@ 0x48
100098b2:	f7fc ff39 	bl	10006728 <lfs_dir_commit>
100098b6:	4604      	mov	r4, r0
100098b8:	2800      	cmp	r0, #0
100098ba:	d1e9      	bne.n	10009890 <lfs_format+0x80>
100098bc:	f04f 33ff 	mov.w	r3, #4294967295	@ 0xffffffff
100098c0:	ed9f 7b0b 	vldr	d7, [pc, #44]	@ 100098f0 <lfs_format+0xe0>
100098c4:	e9cd 0001 	strd	r0, r0, [sp, #4]
100098c8:	9000      	str	r0, [sp, #0]
100098ca:	461a      	mov	r2, r3
100098cc:	a812      	add	r0, sp, #72	@ 0x48
100098ce:	a904      	add	r1, sp, #16
100098d0:	ed8d 7b04 	vstr	d7, [sp, #16]
100098d4:	f7fa fdf0 	bl	100044b8 <lfs_dir_fetchmatch>
100098d8:	4604      	mov	r4, r0
100098da:	e7d9      	b.n	10009890 <lfs_format+0x80>
100098dc:	69e8      	ldr	r0, [r5, #28]
100098de:	f7f7 fee3 	bl	100016a8 <__wrap_free>
100098e2:	6eab      	ldr	r3, [r5, #104]	@ 0x68
100098e4:	e7d9      	b.n	1000989a <lfs_format+0x8a>
100098e6:	68e8      	ldr	r0, [r5, #12]
100098e8:	f7f7 fede 	bl	100016a8 <__wrap_free>
100098ec:	6eab      	ldr	r3, [r5, #104]	@ 0x68
100098ee:	e7d2      	b.n	10009896 <lfs_format+0x86>
100098f0:	00000000 	.word	0x00000000
100098f4:	00000001 	.word	0x00000001
100098f8:	200012d0 	.word	0x200012d0
100098fc:	0ff00008 	.word	0x0ff00008
10009900:	1000af0c 	.word	0x1000af0c
10009904:	20100018 	.word	0x20100018
10009908:	40100000 	.word	0x40100000

1000990c <lfs_mount>:
1000990c:	e92d 47f0 	stmdb	sp!, {r4, r5, r6, r7, r8, r9, sl, lr}
10009910:	b094      	sub	sp, #80	@ 0x50
10009912:	f7f9 fde3 	bl	100034dc <lfs_init>
10009916:	4604      	mov	r4, r0
10009918:	2800      	cmp	r0, #0
1000991a:	f040 8086 	bne.w	10009a2a <lfs_mount+0x11e>
1000991e:	2301      	movs	r3, #1
10009920:	4606      	mov	r6, r0
10009922:	e9cd 000c 	strd	r0, r0, [sp, #48]	@ 0x30
10009926:	e9cd 000e 	strd	r0, r0, [sp, #56]	@ 0x38
1000992a:	e9cd 0010 	strd	r0, r0, [sp, #64]	@ 0x40
1000992e:	4d6c      	ldr	r5, [pc, #432]	@ (10009ae0 <lfs_mount+0x1d4>)
10009930:	4f6c      	ldr	r7, [pc, #432]	@ (10009ae4 <lfs_mount+0x1d8>)
10009932:	f8df 81dc 	ldr.w	r8, [pc, #476]	@ 10009b10 <lfs_mount+0x204>
10009936:	f8df 91dc 	ldr.w	r9, [pc, #476]	@ 10009b14 <lfs_mount+0x208>
1000993a:	9012      	str	r0, [sp, #72]	@ 0x48
1000993c:	9313      	str	r3, [sp, #76]	@ 0x4c
1000993e:	6eab      	ldr	r3, [r5, #104]	@ 0x68
10009940:	69da      	ldr	r2, [r3, #28]
10009942:	ebb6 0f52 	cmp.w	r6, r2, lsr #1
10009946:	f080 809e 	bcs.w	10009a86 <lfs_mount+0x17a>
1000994a:	e897 0003 	ldmia.w	r7, {r0, r1}
1000994e:	f04f 0c00 	mov.w	ip, #0
10009952:	ac04      	add	r4, sp, #16
10009954:	e884 0003 	stmia.w	r4, {r0, r1}
10009958:	4b63      	ldr	r3, [pc, #396]	@ (10009ae8 <lfs_mount+0x1dc>)
1000995a:	e9cd 8401 	strd	r8, r4, [sp, #4]
1000995e:	4a63      	ldr	r2, [pc, #396]	@ (10009aec <lfs_mount+0x1e0>)
10009960:	a80c      	add	r0, sp, #48	@ 0x30
10009962:	a912      	add	r1, sp, #72	@ 0x48
10009964:	f8cd c000 	str.w	ip, [sp]
10009968:	f7fa fda6 	bl	100044b8 <lfs_dir_fetchmatch>
1000996c:	1e04      	subs	r4, r0, #0
1000996e:	db6c      	blt.n	10009a4a <lfs_mount+0x13e>
10009970:	d02a      	beq.n	100099c8 <lfs_mount+0xbc>
10009972:	f344 0409 	sbfx	r4, r4, #0, #10
10009976:	3401      	adds	r4, #1
10009978:	d026      	beq.n	100099c8 <lfs_mount+0xbc>
1000997a:	e9dd 120c 	ldrd	r1, r2, [sp, #48]	@ 0x30
1000997e:	2318      	movs	r3, #24
10009980:	e9c5 1208 	strd	r1, r2, [r5, #32]
10009984:	a80c      	add	r0, sp, #48	@ 0x30
10009986:	4649      	mov	r1, r9
10009988:	eb0d 0203 	add.w	r2, sp, r3
1000998c:	f7fb f9ec 	bl	10004d68 <lfs_dir_getslice.constprop.0>
10009990:	1e04      	subs	r4, r0, #0
10009992:	db5a      	blt.n	10009a4a <lfs_mount+0x13e>
10009994:	9a06      	ldr	r2, [sp, #24]
10009996:	0c13      	lsrs	r3, r2, #16
10009998:	2b02      	cmp	r3, #2
1000999a:	b291      	uxth	r1, r2
1000999c:	d149      	bne.n	10009a32 <lfs_mount+0x126>
1000999e:	2900      	cmp	r1, #0
100099a0:	d147      	bne.n	10009a32 <lfs_mount+0x126>
100099a2:	9b09      	ldr	r3, [sp, #36]	@ 0x24
100099a4:	b11b      	cbz	r3, 100099ae <lfs_mount+0xa2>
100099a6:	6ee9      	ldr	r1, [r5, #108]	@ 0x6c
100099a8:	428b      	cmp	r3, r1
100099aa:	d87b      	bhi.n	10009aa4 <lfs_mount+0x198>
100099ac:	66eb      	str	r3, [r5, #108]	@ 0x6c
100099ae:	9b0a      	ldr	r3, [sp, #40]	@ 0x28
100099b0:	b11b      	cbz	r3, 100099ba <lfs_mount+0xae>
100099b2:	6f29      	ldr	r1, [r5, #112]	@ 0x70
100099b4:	428b      	cmp	r3, r1
100099b6:	d87f      	bhi.n	10009ab8 <lfs_mount+0x1ac>
100099b8:	672b      	str	r3, [r5, #112]	@ 0x70
100099ba:	9b0b      	ldr	r3, [sp, #44]	@ 0x2c
100099bc:	b123      	cbz	r3, 100099c8 <lfs_mount+0xbc>
100099be:	6f69      	ldr	r1, [r5, #116]	@ 0x74
100099c0:	428b      	cmp	r3, r1
100099c2:	f200 8083 	bhi.w	10009acc <lfs_mount+0x1c0>
100099c6:	676b      	str	r3, [r5, #116]	@ 0x74
100099c8:	f8df a14c 	ldr.w	sl, [pc, #332]	@ 10009b18 <lfs_mount+0x20c>
100099cc:	a80c      	add	r0, sp, #48	@ 0x30
100099ce:	4651      	mov	r1, sl
100099d0:	f7fb f944 	bl	10004c5c <lfs_dir_getgstate>
100099d4:	4604      	mov	r4, r0
100099d6:	2800      	cmp	r0, #0
100099d8:	d137      	bne.n	10009a4a <lfs_mount+0x13e>
100099da:	9b12      	ldr	r3, [sp, #72]	@ 0x48
100099dc:	3301      	adds	r3, #1
100099de:	d003      	beq.n	100099e8 <lfs_mount+0xdc>
100099e0:	9b13      	ldr	r3, [sp, #76]	@ 0x4c
100099e2:	3601      	adds	r6, #1
100099e4:	3301      	adds	r3, #1
100099e6:	d1aa      	bne.n	1000993e <lfs_mount+0x32>
100099e8:	6a2b      	ldr	r3, [r5, #32]
100099ea:	3301      	adds	r3, #1
100099ec:	d02b      	beq.n	10009a46 <lfs_mount+0x13a>
100099ee:	6a6b      	ldr	r3, [r5, #36]	@ 0x24
100099f0:	3301      	adds	r3, #1
100099f2:	d028      	beq.n	10009a46 <lfs_mount+0x13a>
100099f4:	e9d5 300c 	ldrd	r3, r0, [r5, #48]	@ 0x30
100099f8:	6ba9      	ldr	r1, [r5, #56]	@ 0x38
100099fa:	ea43 0200 	orr.w	r2, r3, r0
100099fe:	430a      	orrs	r2, r1
10009a00:	d144      	bne.n	10009a8c <lfs_mount+0x180>
10009a02:	6eab      	ldr	r3, [r5, #104]	@ 0x68
10009a04:	eb02 72d2 	add.w	r2, r2, r2, lsr #31
10009a08:	632a      	str	r2, [r5, #48]	@ 0x30
10009a0a:	69da      	ldr	r2, [r3, #28]
10009a0c:	6aeb      	ldr	r3, [r5, #44]	@ 0x2c
10009a0e:	2100      	movs	r1, #0
10009a10:	fbb3 f0f2 	udiv	r0, r3, r2
10009a14:	fb02 3310 	mls	r3, r2, r0, r3
10009a18:	4e35      	ldr	r6, [pc, #212]	@ (10009af0 <lfs_mount+0x1e4>)
10009a1a:	e9c5 3115 	strd	r3, r1, [r5, #84]	@ 0x54
10009a1e:	662a      	str	r2, [r5, #96]	@ 0x60
10009a20:	65e9      	str	r1, [r5, #92]	@ 0x5c
10009a22:	e89a 0007 	ldmia.w	sl, {r0, r1, r2}
10009a26:	e886 0007 	stmia.w	r6, {r0, r1, r2}
10009a2a:	4620      	mov	r0, r4
10009a2c:	b014      	add	sp, #80	@ 0x50
10009a2e:	e8bd 87f0 	ldmia.w	sp!, {r4, r5, r6, r7, r8, r9, sl, pc}
10009a32:	4830      	ldr	r0, [pc, #192]	@ (10009af4 <lfs_mount+0x1e8>)
10009a34:	b291      	uxth	r1, r2
10009a36:	e9cd 1000 	strd	r1, r0, [sp]
10009a3a:	f640 52d9 	movw	r2, #3545	@ 0xdd9
10009a3e:	492e      	ldr	r1, [pc, #184]	@ (10009af8 <lfs_mount+0x1ec>)
10009a40:	482e      	ldr	r0, [pc, #184]	@ (10009afc <lfs_mount+0x1f0>)
10009a42:	f7f9 fbff 	bl	10003244 <__wrap_printf>
10009a46:	f06f 0409 	mvn.w	r4, #9
10009a4a:	6eab      	ldr	r3, [r5, #104]	@ 0x68
10009a4c:	6ada      	ldr	r2, [r3, #44]	@ 0x2c
10009a4e:	b15a      	cbz	r2, 10009a68 <lfs_mount+0x15c>
10009a50:	6b1a      	ldr	r2, [r3, #48]	@ 0x30
10009a52:	b182      	cbz	r2, 10009a76 <lfs_mount+0x16a>
10009a54:	6b5b      	ldr	r3, [r3, #52]	@ 0x34
10009a56:	2b00      	cmp	r3, #0
10009a58:	d1e7      	bne.n	10009a2a <lfs_mount+0x11e>
10009a5a:	6e68      	ldr	r0, [r5, #100]	@ 0x64
10009a5c:	f7f7 fe24 	bl	100016a8 <__wrap_free>
10009a60:	4620      	mov	r0, r4
10009a62:	b014      	add	sp, #80	@ 0x50
10009a64:	e8bd 87f0 	ldmia.w	sp!, {r4, r5, r6, r7, r8, r9, sl, pc}
10009a68:	68e8      	ldr	r0, [r5, #12]
10009a6a:	f7f7 fe1d 	bl	100016a8 <__wrap_free>
10009a6e:	6eab      	ldr	r3, [r5, #104]	@ 0x68
10009a70:	6b1a      	ldr	r2, [r3, #48]	@ 0x30
10009a72:	2a00      	cmp	r2, #0
10009a74:	d1ee      	bne.n	10009a54 <lfs_mount+0x148>
10009a76:	69e8      	ldr	r0, [r5, #28]
10009a78:	f7f7 fe16 	bl	100016a8 <__wrap_free>
10009a7c:	6eab      	ldr	r3, [r5, #104]	@ 0x68
10009a7e:	6b5b      	ldr	r3, [r3, #52]	@ 0x34
10009a80:	2b00      	cmp	r3, #0
10009a82:	d1d2      	bne.n	10009a2a <lfs_mount+0x11e>
10009a84:	e7e9      	b.n	10009a5a <lfs_mount+0x14e>
10009a86:	f06f 0401 	mvn.w	r4, #1
10009a8a:	e7df      	b.n	10009a4c <lfs_mount+0x140>
10009a8c:	e9cd 0100 	strd	r0, r1, [sp]
10009a90:	4918      	ldr	r1, [pc, #96]	@ (10009af4 <lfs_mount+0x1e8>)
10009a92:	f640 6211 	movw	r2, #3601	@ 0xe11
10009a96:	9102      	str	r1, [sp, #8]
10009a98:	4819      	ldr	r0, [pc, #100]	@ (10009b00 <lfs_mount+0x1f4>)
10009a9a:	4917      	ldr	r1, [pc, #92]	@ (10009af8 <lfs_mount+0x1ec>)
10009a9c:	f7f9 fbd2 	bl	10003244 <__wrap_printf>
10009aa0:	6b2a      	ldr	r2, [r5, #48]	@ 0x30
10009aa2:	e7ae      	b.n	10009a02 <lfs_mount+0xf6>
10009aa4:	4813      	ldr	r0, [pc, #76]	@ (10009af4 <lfs_mount+0x1e8>)
10009aa6:	f640 52e2 	movw	r2, #3554	@ 0xde2
10009aaa:	e9cd 1000 	strd	r1, r0, [sp]
10009aae:	4912      	ldr	r1, [pc, #72]	@ (10009af8 <lfs_mount+0x1ec>)
10009ab0:	4814      	ldr	r0, [pc, #80]	@ (10009b04 <lfs_mount+0x1f8>)
10009ab2:	f7f9 fbc7 	bl	10003244 <__wrap_printf>
10009ab6:	e7c6      	b.n	10009a46 <lfs_mount+0x13a>
10009ab8:	480e      	ldr	r0, [pc, #56]	@ (10009af4 <lfs_mount+0x1e8>)
10009aba:	f640 52ed 	movw	r2, #3565	@ 0xded
10009abe:	e9cd 1000 	strd	r1, r0, [sp]
10009ac2:	490d      	ldr	r1, [pc, #52]	@ (10009af8 <lfs_mount+0x1ec>)
10009ac4:	4810      	ldr	r0, [pc, #64]	@ (10009b08 <lfs_mount+0x1fc>)
10009ac6:	f7f9 fbbd 	bl	10003244 <__wrap_printf>
10009aca:	e7bc      	b.n	10009a46 <lfs_mount+0x13a>
10009acc:	4809      	ldr	r0, [pc, #36]	@ (10009af4 <lfs_mount+0x1e8>)
10009ace:	f640 52f8 	movw	r2, #3576	@ 0xdf8
10009ad2:	e9cd 1000 	strd	r1, r0, [sp]
10009ad6:	4908      	ldr	r1, [pc, #32]	@ (10009af8 <lfs_mount+0x1ec>)
10009ad8:	480c      	ldr	r0, [pc, #48]	@ (10009b0c <lfs_mount+0x200>)
10009ada:	f7f9 fbb3 	bl	10003244 <__wrap_printf>
10009ade:	e7b2      	b.n	10009a46 <lfs_mount+0x13a>
10009ae0:	200012d0 	.word	0x200012d0
10009ae4:	1000b06c 	.word	0x1000b06c
10009ae8:	0ff00008 	.word	0x0ff00008
10009aec:	7ffffc00 	.word	0x7ffffc00
10009af0:	2000130c 	.word	0x2000130c
10009af4:	1000afa8 	.word	0x1000afa8
10009af8:	1000acac 	.word	0x1000acac
10009afc:	1000af18 	.word	0x1000af18
10009b00:	1000afe0 	.word	0x1000afe0
10009b04:	1000af44 	.word	0x1000af44
10009b08:	1000af78 	.word	0x1000af78
10009b0c:	1000afac 	.word	0x1000afac
10009b10:	100038b1 	.word	0x100038b1
10009b14:	20100018 	.word	0x20100018
10009b18:	20001300 	.word	0x20001300

10009b1c <lfs_unmount>:
10009b1c:	b510      	push	{r4, lr}
10009b1e:	4c0e      	ldr	r4, [pc, #56]	@ (10009b58 <lfs_unmount+0x3c>)
10009b20:	6ea3      	ldr	r3, [r4, #104]	@ 0x68
10009b22:	6ada      	ldr	r2, [r3, #44]	@ 0x2c
10009b24:	b12a      	cbz	r2, 10009b32 <lfs_unmount+0x16>
10009b26:	6b1a      	ldr	r2, [r3, #48]	@ 0x30
10009b28:	b152      	cbz	r2, 10009b40 <lfs_unmount+0x24>
10009b2a:	6b5b      	ldr	r3, [r3, #52]	@ 0x34
10009b2c:	b17b      	cbz	r3, 10009b4e <lfs_unmount+0x32>
10009b2e:	2000      	movs	r0, #0
10009b30:	bd10      	pop	{r4, pc}
10009b32:	68e0      	ldr	r0, [r4, #12]
10009b34:	f7f7 fdb8 	bl	100016a8 <__wrap_free>
10009b38:	6ea3      	ldr	r3, [r4, #104]	@ 0x68
10009b3a:	6b1a      	ldr	r2, [r3, #48]	@ 0x30
10009b3c:	2a00      	cmp	r2, #0
10009b3e:	d1f4      	bne.n	10009b2a <lfs_unmount+0xe>
10009b40:	69e0      	ldr	r0, [r4, #28]
10009b42:	f7f7 fdb1 	bl	100016a8 <__wrap_free>
10009b46:	6ea3      	ldr	r3, [r4, #104]	@ 0x68
10009b48:	6b5b      	ldr	r3, [r3, #52]	@ 0x34
10009b4a:	2b00      	cmp	r3, #0
10009b4c:	d1ef      	bne.n	10009b2e <lfs_unmount+0x12>
10009b4e:	6e60      	ldr	r0, [r4, #100]	@ 0x64
10009b50:	f7f7 fdaa 	bl	100016a8 <__wrap_free>
10009b54:	2000      	movs	r0, #0
10009b56:	bd10      	pop	{r4, pc}
10009b58:	200012d0 	.word	0x200012d0

10009b5c <lfs_file_open>:
10009b5c:	4b01      	ldr	r3, [pc, #4]	@ (10009b64 <lfs_file_open+0x8>)
10009b5e:	f7ff bcbf 	b.w	100094e0 <lfs_file_rawopencfg>
10009b62:	bf00      	nop
10009b64:	1000b058 	.word	0x1000b058

10009b68 <lfs_file_close>:
10009b68:	b530      	push	{r4, r5, lr}
10009b6a:	6b03      	ldr	r3, [r0, #48]	@ 0x30
10009b6c:	4604      	mov	r4, r0
10009b6e:	0319      	lsls	r1, r3, #12
10009b70:	b087      	sub	sp, #28
10009b72:	d513      	bpl.n	10009b9c <lfs_file_close+0x34>
10009b74:	2500      	movs	r5, #0
10009b76:	4a2e      	ldr	r2, [pc, #184]	@ (10009c30 <lfs_file_close+0xc8>)
10009b78:	6a93      	ldr	r3, [r2, #40]	@ 0x28
10009b7a:	b143      	cbz	r3, 10009b8e <lfs_file_close+0x26>
10009b7c:	429c      	cmp	r4, r3
10009b7e:	d102      	bne.n	10009b86 <lfs_file_close+0x1e>
10009b80:	e041      	b.n	10009c06 <lfs_file_close+0x9e>
10009b82:	429c      	cmp	r4, r3
10009b84:	d040      	beq.n	10009c08 <lfs_file_close+0xa0>
10009b86:	461a      	mov	r2, r3
10009b88:	681b      	ldr	r3, [r3, #0]
10009b8a:	2b00      	cmp	r3, #0
10009b8c:	d1f9      	bne.n	10009b82 <lfs_file_close+0x1a>
10009b8e:	6d23      	ldr	r3, [r4, #80]	@ 0x50
10009b90:	681b      	ldr	r3, [r3, #0]
10009b92:	2b00      	cmp	r3, #0
10009b94:	d03e      	beq.n	10009c14 <lfs_file_close+0xac>
10009b96:	4628      	mov	r0, r5
10009b98:	b007      	add	sp, #28
10009b9a:	bd30      	pop	{r4, r5, pc}
10009b9c:	f7fc fa68 	bl	10006070 <lfs_file_flush>
10009ba0:	6b23      	ldr	r3, [r4, #48]	@ 0x30
10009ba2:	4605      	mov	r5, r0
10009ba4:	2800      	cmp	r0, #0
10009ba6:	d13b      	bne.n	10009c20 <lfs_file_close+0xb8>
10009ba8:	03da      	lsls	r2, r3, #15
10009baa:	d5e3      	bpl.n	10009b74 <lfs_file_close+0xc>
10009bac:	68a2      	ldr	r2, [r4, #8]
10009bae:	3201      	adds	r2, #1
10009bb0:	d0e0      	beq.n	10009b74 <lfs_file_close+0xc>
10009bb2:	68e2      	ldr	r2, [r4, #12]
10009bb4:	3201      	adds	r2, #1
10009bb6:	d0dd      	beq.n	10009b74 <lfs_file_close+0xc>
10009bb8:	02db      	lsls	r3, r3, #11
10009bba:	d435      	bmi.n	10009c28 <lfs_file_close+0xc0>
10009bbc:	466a      	mov	r2, sp
10009bbe:	2308      	movs	r3, #8
10009bc0:	4615      	mov	r5, r2
10009bc2:	f104 0128 	add.w	r1, r4, #40	@ 0x28
10009bc6:	c903      	ldmia	r1, {r0, r1}
10009bc8:	e882 0003 	stmia.w	r2, {r0, r1}
10009bcc:	4919      	ldr	r1, [pc, #100]	@ (10009c34 <lfs_file_close+0xcc>)
10009bce:	88a2      	ldrh	r2, [r4, #4]
10009bd0:	430b      	orrs	r3, r1
10009bd2:	6d21      	ldr	r1, [r4, #80]	@ 0x50
10009bd4:	ea43 2382 	orr.w	r3, r3, r2, lsl #10
10009bd8:	e9cd 3502 	strd	r3, r5, [sp, #8]
10009bdc:	e9d1 0301 	ldrd	r0, r3, [r1, #4]
10009be0:	ea43 2382 	orr.w	r3, r3, r2, lsl #10
10009be4:	f043 5381 	orr.w	r3, r3, #270532608	@ 0x10200000
10009be8:	e9cd 3004 	strd	r3, r0, [sp, #16]
10009bec:	2202      	movs	r2, #2
10009bee:	a902      	add	r1, sp, #8
10009bf0:	f104 0008 	add.w	r0, r4, #8
10009bf4:	f7fc fd98 	bl	10006728 <lfs_dir_commit>
10009bf8:	6b23      	ldr	r3, [r4, #48]	@ 0x30
10009bfa:	4605      	mov	r5, r0
10009bfc:	b980      	cbnz	r0, 10009c20 <lfs_file_close+0xb8>
10009bfe:	f423 3380 	bic.w	r3, r3, #65536	@ 0x10000
10009c02:	6323      	str	r3, [r4, #48]	@ 0x30
10009c04:	e7b6      	b.n	10009b74 <lfs_file_close+0xc>
10009c06:	3228      	adds	r2, #40	@ 0x28
10009c08:	681b      	ldr	r3, [r3, #0]
10009c0a:	6013      	str	r3, [r2, #0]
10009c0c:	6d23      	ldr	r3, [r4, #80]	@ 0x50
10009c0e:	681b      	ldr	r3, [r3, #0]
10009c10:	2b00      	cmp	r3, #0
10009c12:	d1c0      	bne.n	10009b96 <lfs_file_close+0x2e>
10009c14:	6ce0      	ldr	r0, [r4, #76]	@ 0x4c
10009c16:	f7f7 fd47 	bl	100016a8 <__wrap_free>
10009c1a:	4628      	mov	r0, r5
10009c1c:	b007      	add	sp, #28
10009c1e:	bd30      	pop	{r4, r5, pc}
10009c20:	f443 2300 	orr.w	r3, r3, #524288	@ 0x80000
10009c24:	6323      	str	r3, [r4, #48]	@ 0x30
10009c26:	e7a6      	b.n	10009b76 <lfs_file_close+0xe>
10009c28:	6ce5      	ldr	r5, [r4, #76]	@ 0x4c
10009c2a:	6ae3      	ldr	r3, [r4, #44]	@ 0x2c
10009c2c:	4902      	ldr	r1, [pc, #8]	@ (10009c38 <lfs_file_close+0xd0>)
10009c2e:	e7ce      	b.n	10009bce <lfs_file_close+0x66>
10009c30:	200012d0 	.word	0x200012d0
10009c34:	20200000 	.word	0x20200000
10009c38:	20100000 	.word	0x20100000

10009c3c <lfs_file_read>:
10009c3c:	f7fc ba9e 	b.w	1000617c <lfs_file_rawread>

10009c40 <lfs_file_write>:
10009c40:	f7fc b810 	b.w	10005c64 <lfs_file_rawwrite>

10009c44 <lfs_file_seek>:
10009c44:	b538      	push	{r3, r4, r5, lr}
10009c46:	4605      	mov	r5, r0
10009c48:	6b40      	ldr	r0, [r0, #52]	@ 0x34
10009c4a:	b96a      	cbnz	r2, 10009c68 <lfs_file_seek+0x24>
10009c4c:	460c      	mov	r4, r1
10009c4e:	4b13      	ldr	r3, [pc, #76]	@ (10009c9c <lfs_file_seek+0x58>)
10009c50:	6f1b      	ldr	r3, [r3, #112]	@ 0x70
10009c52:	42a3      	cmp	r3, r4
10009c54:	d310      	bcc.n	10009c78 <lfs_file_seek+0x34>
10009c56:	42a0      	cmp	r0, r4
10009c58:	d005      	beq.n	10009c66 <lfs_file_seek+0x22>
10009c5a:	4628      	mov	r0, r5
10009c5c:	f7fc fa08 	bl	10006070 <lfs_file_flush>
10009c60:	b908      	cbnz	r0, 10009c66 <lfs_file_seek+0x22>
10009c62:	4620      	mov	r0, r4
10009c64:	636c      	str	r4, [r5, #52]	@ 0x34
10009c66:	bd38      	pop	{r3, r4, r5, pc}
10009c68:	2a01      	cmp	r2, #1
10009c6a:	d008      	beq.n	10009c7e <lfs_file_seek+0x3a>
10009c6c:	2a02      	cmp	r2, #2
10009c6e:	d008      	beq.n	10009c82 <lfs_file_seek+0x3e>
10009c70:	4b0a      	ldr	r3, [pc, #40]	@ (10009c9c <lfs_file_seek+0x58>)
10009c72:	6f1b      	ldr	r3, [r3, #112]	@ 0x70
10009c74:	4283      	cmp	r3, r0
10009c76:	d2f6      	bcs.n	10009c66 <lfs_file_seek+0x22>
10009c78:	f06f 0009 	mvn.w	r0, #9
10009c7c:	bd38      	pop	{r3, r4, r5, pc}
10009c7e:	180c      	adds	r4, r1, r0
10009c80:	e7e5      	b.n	10009c4e <lfs_file_seek+0xa>
10009c82:	6b2b      	ldr	r3, [r5, #48]	@ 0x30
10009c84:	039b      	lsls	r3, r3, #14
10009c86:	d402      	bmi.n	10009c8e <lfs_file_seek+0x4a>
10009c88:	6aec      	ldr	r4, [r5, #44]	@ 0x2c
10009c8a:	440c      	add	r4, r1
10009c8c:	e7df      	b.n	10009c4e <lfs_file_seek+0xa>
10009c8e:	6aeb      	ldr	r3, [r5, #44]	@ 0x2c
10009c90:	4283      	cmp	r3, r0
10009c92:	bf38      	it	cc
10009c94:	4603      	movcc	r3, r0
10009c96:	461c      	mov	r4, r3
10009c98:	440c      	add	r4, r1
10009c9a:	e7d8      	b.n	10009c4e <lfs_file_seek+0xa>
10009c9c:	200012d0 	.word	0x200012d0

10009ca0 <lfs_file_rewind>:
10009ca0:	6b43      	ldr	r3, [r0, #52]	@ 0x34
10009ca2:	b153      	cbz	r3, 10009cba <lfs_file_rewind+0x1a>
10009ca4:	b510      	push	{r4, lr}
10009ca6:	4604      	mov	r4, r0
10009ca8:	f7fc f9e2 	bl	10006070 <lfs_file_flush>
10009cac:	b910      	cbnz	r0, 10009cb4 <lfs_file_rewind+0x14>
10009cae:	6360      	str	r0, [r4, #52]	@ 0x34
10009cb0:	2000      	movs	r0, #0
10009cb2:	bd10      	pop	{r4, pc}
10009cb4:	ea00 70e0 	and.w	r0, r0, r0, asr #31
10009cb8:	bd10      	pop	{r4, pc}
10009cba:	2000      	movs	r0, #0
10009cbc:	4770      	bx	lr
10009cbe:	bf00      	nop

10009cc0 <lfs_fs_size>:
10009cc0:	2300      	movs	r3, #0
10009cc2:	b500      	push	{lr}
10009cc4:	b083      	sub	sp, #12
10009cc6:	a801      	add	r0, sp, #4
10009cc8:	9301      	str	r3, [sp, #4]
10009cca:	f7fb f9c9 	bl	10005060 <lfs_fs_rawtraverse.constprop.0>
10009cce:	b900      	cbnz	r0, 10009cd2 <lfs_fs_size+0x12>
10009cd0:	9801      	ldr	r0, [sp, #4]
10009cd2:	b003      	add	sp, #12
10009cd4:	f85d fb04 	ldr.w	pc, [sp], #4

10009cd8 <pico_hal_erase>:
10009cd8:	4a08      	ldr	r2, [pc, #32]	@ (10009cfc <pico_hal_erase+0x24>)
10009cda:	4b09      	ldr	r3, [pc, #36]	@ (10009d00 <pico_hal_erase+0x28>)
10009cdc:	6991      	ldr	r1, [r2, #24]
10009cde:	681b      	ldr	r3, [r3, #0]
10009ce0:	b510      	push	{r4, lr}
10009ce2:	fb01 3000 	mla	r0, r1, r0, r3
10009ce6:	f3ef 8410 	mrs	r4, PRIMASK
10009cea:	b672      	cpsid	i
10009cec:	6991      	ldr	r1, [r2, #24]
10009cee:	f000 fe9b 	bl	1000aa28 <__flash_range_erase_veneer>
10009cf2:	f384 8810 	msr	PRIMASK, r4
10009cf6:	2000      	movs	r0, #0
10009cf8:	bd10      	pop	{r4, pc}
10009cfa:	bf00      	nop
10009cfc:	200008b8 	.word	0x200008b8
10009d00:	200008b4 	.word	0x200008b4

10009d04 <pico_hal_prog>:
10009d04:	b538      	push	{r3, r4, r5, lr}
10009d06:	4c09      	ldr	r4, [pc, #36]	@ (10009d2c <pico_hal_prog+0x28>)
10009d08:	69a5      	ldr	r5, [r4, #24]
10009d0a:	4c09      	ldr	r4, [pc, #36]	@ (10009d30 <pico_hal_prog+0x2c>)
10009d0c:	6824      	ldr	r4, [r4, #0]
10009d0e:	440c      	add	r4, r1
10009d10:	fb05 4000 	mla	r0, r5, r0, r4
10009d14:	4611      	mov	r1, r2
10009d16:	461a      	mov	r2, r3
10009d18:	f3ef 8410 	mrs	r4, PRIMASK
10009d1c:	b672      	cpsid	i
10009d1e:	f000 fe6f 	bl	1000aa00 <__flash_range_program_veneer>
10009d22:	f384 8810 	msr	PRIMASK, r4
10009d26:	2000      	movs	r0, #0
10009d28:	bd38      	pop	{r3, r4, r5, pc}
10009d2a:	bf00      	nop
10009d2c:	200008b8 	.word	0x200008b8
10009d30:	200008b4 	.word	0x200008b4

10009d34 <pico_hal_read>:
10009d34:	b538      	push	{r3, r4, r5, lr}
10009d36:	4d07      	ldr	r5, [pc, #28]	@ (10009d54 <pico_hal_read+0x20>)
10009d38:	f101 51a0 	add.w	r1, r1, #335544320	@ 0x14000000
10009d3c:	69ad      	ldr	r5, [r5, #24]
10009d3e:	4c06      	ldr	r4, [pc, #24]	@ (10009d58 <pico_hal_read+0x24>)
10009d40:	fb05 1100 	mla	r1, r5, r0, r1
10009d44:	6824      	ldr	r4, [r4, #0]
10009d46:	4610      	mov	r0, r2
10009d48:	4421      	add	r1, r4
10009d4a:	461a      	mov	r2, r3
10009d4c:	f000 fb4e 	bl	1000a3ec <memcpy>
10009d50:	2000      	movs	r0, #0
10009d52:	bd38      	pop	{r3, r4, r5, pc}
10009d54:	200008b8 	.word	0x200008b8
10009d58:	200008b4 	.word	0x200008b4

10009d5c <pico_mount>:
10009d5c:	b910      	cbnz	r0, 10009d64 <pico_mount+0x8>
10009d5e:	4806      	ldr	r0, [pc, #24]	@ (10009d78 <pico_mount+0x1c>)
10009d60:	f7ff bdd4 	b.w	1000990c <lfs_mount>
10009d64:	b508      	push	{r3, lr}
10009d66:	4804      	ldr	r0, [pc, #16]	@ (10009d78 <pico_mount+0x1c>)
10009d68:	f7ff fd52 	bl	10009810 <lfs_format>
10009d6c:	e8bd 4008 	ldmia.w	sp!, {r3, lr}
10009d70:	4801      	ldr	r0, [pc, #4]	@ (10009d78 <pico_mount+0x1c>)
10009d72:	f7ff bdcb 	b.w	1000990c <lfs_mount>
10009d76:	bf00      	nop
10009d78:	200008b8 	.word	0x200008b8

10009d7c <pico_open>:
10009d7c:	b570      	push	{r4, r5, r6, lr}
10009d7e:	4604      	mov	r4, r0
10009d80:	2054      	movs	r0, #84	@ 0x54
10009d82:	460e      	mov	r6, r1
10009d84:	f7f7 fc74 	bl	10001670 <__wrap_malloc>
10009d88:	b170      	cbz	r0, 10009da8 <pico_open+0x2c>
10009d8a:	4621      	mov	r1, r4
10009d8c:	4632      	mov	r2, r6
10009d8e:	4605      	mov	r5, r0
10009d90:	f7ff fee4 	bl	10009b5c <lfs_file_open>
10009d94:	4604      	mov	r4, r0
10009d96:	b910      	cbnz	r0, 10009d9e <pico_open+0x22>
10009d98:	462c      	mov	r4, r5
10009d9a:	4620      	mov	r0, r4
10009d9c:	bd70      	pop	{r4, r5, r6, pc}
10009d9e:	4628      	mov	r0, r5
10009da0:	f7f7 fc82 	bl	100016a8 <__wrap_free>
10009da4:	4620      	mov	r0, r4
10009da6:	bd70      	pop	{r4, r5, r6, pc}
10009da8:	f06f 040b 	mvn.w	r4, #11
10009dac:	e7f5      	b.n	10009d9a <pico_open+0x1e>
10009dae:	bf00      	nop

10009db0 <pico_close>:
10009db0:	b538      	push	{r3, r4, r5, lr}
10009db2:	4605      	mov	r5, r0
10009db4:	f7ff fed8 	bl	10009b68 <lfs_file_close>
10009db8:	4604      	mov	r4, r0
10009dba:	4628      	mov	r0, r5
10009dbc:	f7f7 fc74 	bl	100016a8 <__wrap_free>
10009dc0:	4620      	mov	r0, r4
10009dc2:	bd38      	pop	{r3, r4, r5, pc}

10009dc4 <pico_write>:
10009dc4:	f7ff bf3c 	b.w	10009c40 <lfs_file_write>

10009dc8 <pico_read>:
10009dc8:	f7ff bf38 	b.w	10009c3c <lfs_file_read>

10009dcc <pico_rewind>:
10009dcc:	f7ff bf68 	b.w	10009ca0 <lfs_file_rewind>

10009dd0 <pico_unmount>:
10009dd0:	f7ff bea4 	b.w	10009b1c <lfs_unmount>

10009dd4 <pico_fsstat>:
10009dd4:	4b06      	ldr	r3, [pc, #24]	@ (10009df0 <pico_fsstat+0x1c>)
10009dd6:	b510      	push	{r4, lr}
10009dd8:	e9d3 2306 	ldrd	r2, r3, [r3, #24]
10009ddc:	e9c0 2300 	strd	r2, r3, [r0]
10009de0:	4604      	mov	r4, r0
10009de2:	f7ff ff6d 	bl	10009cc0 <lfs_fs_size>
10009de6:	4603      	mov	r3, r0
10009de8:	2000      	movs	r0, #0
10009dea:	60a3      	str	r3, [r4, #8]
10009dec:	bd10      	pop	{r4, pc}
10009dee:	bf00      	nop
10009df0:	200008b8 	.word	0x200008b8

10009df4 <pico_lseek>:
10009df4:	f7ff bf26 	b.w	10009c44 <lfs_file_seek>

10009df8 <stdio_init>:
10009df8:	b510      	push	{r4, lr}
10009dfa:	f7f9 f8db 	bl	10002fb4 <stdio_init_all>
10009dfe:	4806      	ldr	r0, [pc, #24]	@ (10009e18 <stdio_init+0x20>)
10009e00:	f7f9 f8de 	bl	10002fc0 <stdio_getchar_timeout_us>
10009e04:	201b      	movs	r0, #27
10009e06:	4c05      	ldr	r4, [pc, #20]	@ (10009e1c <stdio_init+0x24>)
10009e08:	f7f9 f87e 	bl	10002f08 <stdio_putchar_raw>
10009e0c:	f814 0f01 	ldrb.w	r0, [r4, #1]!
10009e10:	2800      	cmp	r0, #0
10009e12:	d1f9      	bne.n	10009e08 <stdio_init+0x10>
10009e14:	bd10      	pop	{r4, pc}
10009e16:	bf00      	nop
10009e18:	0003d090 	.word	0x0003d090
10009e1c:	1000b074 	.word	0x1000b074

10009e20 <malloc>:
10009e20:	4b02      	ldr	r3, [pc, #8]	@ (10009e2c <malloc+0xc>)
10009e22:	4601      	mov	r1, r0
10009e24:	6818      	ldr	r0, [r3, #0]
10009e26:	f000 b80b 	b.w	10009e40 <_malloc_r>
10009e2a:	bf00      	nop
10009e2c:	20000900 	.word	0x20000900

10009e30 <free>:
10009e30:	4b02      	ldr	r3, [pc, #8]	@ (10009e3c <free+0xc>)
10009e32:	4601      	mov	r1, r0
10009e34:	6818      	ldr	r0, [r3, #0]
10009e36:	f000 bcdd 	b.w	1000a7f4 <_free_r>
10009e3a:	bf00      	nop
10009e3c:	20000900 	.word	0x20000900

10009e40 <_malloc_r>:
10009e40:	f101 030b 	add.w	r3, r1, #11
10009e44:	2b16      	cmp	r3, #22
10009e46:	e92d 4ff0 	stmdb	sp!, {r4, r5, r6, r7, r8, r9, sl, fp, lr}
10009e4a:	4606      	mov	r6, r0
10009e4c:	b083      	sub	sp, #12
10009e4e:	d824      	bhi.n	10009e9a <_malloc_r+0x5a>
10009e50:	2910      	cmp	r1, #16
10009e52:	f200 80b8 	bhi.w	10009fc6 <_malloc_r+0x186>
10009e56:	f000 fb93 	bl	1000a580 <__malloc_lock>
10009e5a:	2410      	movs	r4, #16
10009e5c:	2218      	movs	r2, #24
10009e5e:	2002      	movs	r0, #2
10009e60:	4dbc      	ldr	r5, [pc, #752]	@ (1000a154 <_malloc_r+0x314>)
10009e62:	442a      	add	r2, r5
10009e64:	6853      	ldr	r3, [r2, #4]
10009e66:	f1a2 0108 	sub.w	r1, r2, #8
10009e6a:	428b      	cmp	r3, r1
10009e6c:	f000 8114 	beq.w	1000a098 <_malloc_r+0x258>
10009e70:	685a      	ldr	r2, [r3, #4]
10009e72:	4630      	mov	r0, r6
10009e74:	f022 0203 	bic.w	r2, r2, #3
10009e78:	e9d3 4102 	ldrd	r4, r1, [r3, #8]
10009e7c:	441a      	add	r2, r3
10009e7e:	60e1      	str	r1, [r4, #12]
10009e80:	608c      	str	r4, [r1, #8]
10009e82:	f103 0408 	add.w	r4, r3, #8
10009e86:	6853      	ldr	r3, [r2, #4]
10009e88:	f043 0301 	orr.w	r3, r3, #1
10009e8c:	6053      	str	r3, [r2, #4]
10009e8e:	f000 fb79 	bl	1000a584 <__malloc_unlock>
10009e92:	4620      	mov	r0, r4
10009e94:	b003      	add	sp, #12
10009e96:	e8bd 8ff0 	ldmia.w	sp!, {r4, r5, r6, r7, r8, r9, sl, fp, pc}
10009e9a:	2b00      	cmp	r3, #0
10009e9c:	f023 0407 	bic.w	r4, r3, #7
10009ea0:	f2c0 8091 	blt.w	10009fc6 <_malloc_r+0x186>
10009ea4:	42a1      	cmp	r1, r4
10009ea6:	f200 808e 	bhi.w	10009fc6 <_malloc_r+0x186>
10009eaa:	f000 fb69 	bl	1000a580 <__malloc_lock>
10009eae:	f5b4 7ffc 	cmp.w	r4, #504	@ 0x1f8
10009eb2:	f0c0 8140 	bcc.w	1000a136 <_malloc_r+0x2f6>
10009eb6:	0a63      	lsrs	r3, r4, #9
10009eb8:	f000 8089 	beq.w	10009fce <_malloc_r+0x18e>
10009ebc:	2b04      	cmp	r3, #4
10009ebe:	f200 8116 	bhi.w	1000a0ee <_malloc_r+0x2ae>
10009ec2:	09a3      	lsrs	r3, r4, #6
10009ec4:	f103 0039 	add.w	r0, r3, #57	@ 0x39
10009ec8:	f103 0e38 	add.w	lr, r3, #56	@ 0x38
10009ecc:	00c3      	lsls	r3, r0, #3
10009ece:	4da1      	ldr	r5, [pc, #644]	@ (1000a154 <_malloc_r+0x314>)
10009ed0:	442b      	add	r3, r5
10009ed2:	f1a3 0c08 	sub.w	ip, r3, #8
10009ed6:	685b      	ldr	r3, [r3, #4]
10009ed8:	459c      	cmp	ip, r3
10009eda:	d106      	bne.n	10009eea <_malloc_r+0xaa>
10009edc:	e00c      	b.n	10009ef8 <_malloc_r+0xb8>
10009ede:	2900      	cmp	r1, #0
10009ee0:	f280 80c8 	bge.w	1000a074 <_malloc_r+0x234>
10009ee4:	68db      	ldr	r3, [r3, #12]
10009ee6:	459c      	cmp	ip, r3
10009ee8:	d006      	beq.n	10009ef8 <_malloc_r+0xb8>
10009eea:	685a      	ldr	r2, [r3, #4]
10009eec:	f022 0203 	bic.w	r2, r2, #3
10009ef0:	1b11      	subs	r1, r2, r4
10009ef2:	290f      	cmp	r1, #15
10009ef4:	ddf3      	ble.n	10009ede <_malloc_r+0x9e>
10009ef6:	4670      	mov	r0, lr
10009ef8:	f8df e25c 	ldr.w	lr, [pc, #604]	@ 1000a158 <_malloc_r+0x318>
10009efc:	692b      	ldr	r3, [r5, #16]
10009efe:	4573      	cmp	r3, lr
10009f00:	f000 80a5 	beq.w	1000a04e <_malloc_r+0x20e>
10009f04:	6859      	ldr	r1, [r3, #4]
10009f06:	f021 0103 	bic.w	r1, r1, #3
10009f0a:	1b0a      	subs	r2, r1, r4
10009f0c:	2a0f      	cmp	r2, #15
10009f0e:	f300 8129 	bgt.w	1000a164 <_malloc_r+0x324>
10009f12:	2a00      	cmp	r2, #0
10009f14:	e9c5 ee04 	strd	lr, lr, [r5, #16]
10009f18:	f280 8111 	bge.w	1000a13e <_malloc_r+0x2fe>
10009f1c:	f5b1 7f00 	cmp.w	r1, #512	@ 0x200
10009f20:	f080 80c0 	bcs.w	1000a0a4 <_malloc_r+0x264>
10009f24:	ea4f 0cd1 	mov.w	ip, r1, lsr #3
10009f28:	2201      	movs	r2, #1
10009f2a:	0949      	lsrs	r1, r1, #5
10009f2c:	f10c 0c01 	add.w	ip, ip, #1
10009f30:	408a      	lsls	r2, r1
10009f32:	6869      	ldr	r1, [r5, #4]
10009f34:	f855 703c 	ldr.w	r7, [r5, ip, lsl #3]
10009f38:	430a      	orrs	r2, r1
10009f3a:	eb05 01cc 	add.w	r1, r5, ip, lsl #3
10009f3e:	3908      	subs	r1, #8
10009f40:	606a      	str	r2, [r5, #4]
10009f42:	e9c3 7102 	strd	r7, r1, [r3, #8]
10009f46:	f845 303c 	str.w	r3, [r5, ip, lsl #3]
10009f4a:	60fb      	str	r3, [r7, #12]
10009f4c:	1083      	asrs	r3, r0, #2
10009f4e:	2101      	movs	r1, #1
10009f50:	4099      	lsls	r1, r3
10009f52:	4291      	cmp	r1, r2
10009f54:	d841      	bhi.n	10009fda <_malloc_r+0x19a>
10009f56:	4211      	tst	r1, r2
10009f58:	d105      	bne.n	10009f66 <_malloc_r+0x126>
10009f5a:	f020 0003 	bic.w	r0, r0, #3
10009f5e:	0049      	lsls	r1, r1, #1
10009f60:	3004      	adds	r0, #4
10009f62:	4211      	tst	r1, r2
10009f64:	d0fb      	beq.n	10009f5e <_malloc_r+0x11e>
10009f66:	eb05 09c0 	add.w	r9, r5, r0, lsl #3
10009f6a:	4680      	mov	r8, r0
10009f6c:	46cc      	mov	ip, r9
10009f6e:	f8dc 700c 	ldr.w	r7, [ip, #12]
10009f72:	45bc      	cmp	ip, r7
10009f74:	d107      	bne.n	10009f86 <_malloc_r+0x146>
10009f76:	e0c6      	b.n	1000a106 <_malloc_r+0x2c6>
10009f78:	2b00      	cmp	r3, #0
10009f7a:	f280 80cd 	bge.w	1000a118 <_malloc_r+0x2d8>
10009f7e:	68ff      	ldr	r7, [r7, #12]
10009f80:	45bc      	cmp	ip, r7
10009f82:	f000 80c0 	beq.w	1000a106 <_malloc_r+0x2c6>
10009f86:	687a      	ldr	r2, [r7, #4]
10009f88:	f022 0203 	bic.w	r2, r2, #3
10009f8c:	1b13      	subs	r3, r2, r4
10009f8e:	2b0f      	cmp	r3, #15
10009f90:	ddf2      	ble.n	10009f78 <_malloc_r+0x138>
10009f92:	1939      	adds	r1, r7, r4
10009f94:	f044 0401 	orr.w	r4, r4, #1
10009f98:	4630      	mov	r0, r6
10009f9a:	607c      	str	r4, [r7, #4]
10009f9c:	f043 0401 	orr.w	r4, r3, #1
10009fa0:	e9d7 c602 	ldrd	ip, r6, [r7, #8]
10009fa4:	f8cc 600c 	str.w	r6, [ip, #12]
10009fa8:	f8c6 c008 	str.w	ip, [r6, #8]
10009fac:	e9c5 1104 	strd	r1, r1, [r5, #16]
10009fb0:	604c      	str	r4, [r1, #4]
10009fb2:	f107 0408 	add.w	r4, r7, #8
10009fb6:	f8c1 e008 	str.w	lr, [r1, #8]
10009fba:	f8c1 e00c 	str.w	lr, [r1, #12]
10009fbe:	50bb      	str	r3, [r7, r2]
10009fc0:	f000 fae0 	bl	1000a584 <__malloc_unlock>
10009fc4:	e765      	b.n	10009e92 <_malloc_r+0x52>
10009fc6:	230c      	movs	r3, #12
10009fc8:	6033      	str	r3, [r6, #0]
10009fca:	2400      	movs	r4, #0
10009fcc:	e761      	b.n	10009e92 <_malloc_r+0x52>
10009fce:	f44f 7300 	mov.w	r3, #512	@ 0x200
10009fd2:	2040      	movs	r0, #64	@ 0x40
10009fd4:	f04f 0e3f 	mov.w	lr, #63	@ 0x3f
10009fd8:	e779      	b.n	10009ece <_malloc_r+0x8e>
10009fda:	68af      	ldr	r7, [r5, #8]
10009fdc:	687b      	ldr	r3, [r7, #4]
10009fde:	f023 0b03 	bic.w	fp, r3, #3
10009fe2:	ebab 0204 	sub.w	r2, fp, r4
10009fe6:	2a0f      	cmp	r2, #15
10009fe8:	dd01      	ble.n	10009fee <_malloc_r+0x1ae>
10009fea:	45a3      	cmp	fp, r4
10009fec:	d231      	bcs.n	1000a052 <_malloc_r+0x212>
10009fee:	f8df 916c 	ldr.w	r9, [pc, #364]	@ 1000a15c <_malloc_r+0x31c>
10009ff2:	eb07 020b 	add.w	r2, r7, fp
10009ff6:	f8d5 1408 	ldr.w	r1, [r5, #1032]	@ 0x408
10009ffa:	f8d9 3000 	ldr.w	r3, [r9]
10009ffe:	3101      	adds	r1, #1
1000a000:	4423      	add	r3, r4
1000a002:	f000 8155 	beq.w	1000a2b0 <_malloc_r+0x470>
1000a006:	f241 010f 	movw	r1, #4111	@ 0x100f
1000a00a:	f8df 8154 	ldr.w	r8, [pc, #340]	@ 1000a160 <_malloc_r+0x320>
1000a00e:	4419      	add	r1, r3
1000a010:	ea01 0808 	and.w	r8, r1, r8
1000a014:	4641      	mov	r1, r8
1000a016:	4630      	mov	r0, r6
1000a018:	9200      	str	r2, [sp, #0]
1000a01a:	f000 fab5 	bl	1000a588 <_sbrk_r>
1000a01e:	f1b0 3fff 	cmp.w	r0, #4294967295	@ 0xffffffff
1000a022:	4682      	mov	sl, r0
1000a024:	9a00      	ldr	r2, [sp, #0]
1000a026:	d005      	beq.n	1000a034 <_malloc_r+0x1f4>
1000a028:	4282      	cmp	r2, r0
1000a02a:	f240 80b5 	bls.w	1000a198 <_malloc_r+0x358>
1000a02e:	42af      	cmp	r7, r5
1000a030:	f000 80f2 	beq.w	1000a218 <_malloc_r+0x3d8>
1000a034:	68af      	ldr	r7, [r5, #8]
1000a036:	687b      	ldr	r3, [r7, #4]
1000a038:	f023 0303 	bic.w	r3, r3, #3
1000a03c:	1b1a      	subs	r2, r3, r4
1000a03e:	2a0f      	cmp	r2, #15
1000a040:	dd01      	ble.n	1000a046 <_malloc_r+0x206>
1000a042:	42a3      	cmp	r3, r4
1000a044:	d205      	bcs.n	1000a052 <_malloc_r+0x212>
1000a046:	4630      	mov	r0, r6
1000a048:	f000 fa9c 	bl	1000a584 <__malloc_unlock>
1000a04c:	e7bd      	b.n	10009fca <_malloc_r+0x18a>
1000a04e:	686a      	ldr	r2, [r5, #4]
1000a050:	e77c      	b.n	10009f4c <_malloc_r+0x10c>
1000a052:	1939      	adds	r1, r7, r4
1000a054:	f044 0401 	orr.w	r4, r4, #1
1000a058:	f042 0301 	orr.w	r3, r2, #1
1000a05c:	4630      	mov	r0, r6
1000a05e:	607c      	str	r4, [r7, #4]
1000a060:	f107 0408 	add.w	r4, r7, #8
1000a064:	60a9      	str	r1, [r5, #8]
1000a066:	604b      	str	r3, [r1, #4]
1000a068:	f000 fa8c 	bl	1000a584 <__malloc_unlock>
1000a06c:	4620      	mov	r0, r4
1000a06e:	b003      	add	sp, #12
1000a070:	e8bd 8ff0 	ldmia.w	sp!, {r4, r5, r6, r7, r8, r9, sl, fp, pc}
1000a074:	441a      	add	r2, r3
1000a076:	f103 0408 	add.w	r4, r3, #8
1000a07a:	4630      	mov	r0, r6
1000a07c:	e9d3 5102 	ldrd	r5, r1, [r3, #8]
1000a080:	6853      	ldr	r3, [r2, #4]
1000a082:	60e9      	str	r1, [r5, #12]
1000a084:	f043 0301 	orr.w	r3, r3, #1
1000a088:	608d      	str	r5, [r1, #8]
1000a08a:	6053      	str	r3, [r2, #4]
1000a08c:	f000 fa7a 	bl	1000a584 <__malloc_unlock>
1000a090:	4620      	mov	r0, r4
1000a092:	b003      	add	sp, #12
1000a094:	e8bd 8ff0 	ldmia.w	sp!, {r4, r5, r6, r7, r8, r9, sl, fp, pc}
1000a098:	68d3      	ldr	r3, [r2, #12]
1000a09a:	429a      	cmp	r2, r3
1000a09c:	f47f aee8 	bne.w	10009e70 <_malloc_r+0x30>
1000a0a0:	3002      	adds	r0, #2
1000a0a2:	e729      	b.n	10009ef8 <_malloc_r+0xb8>
1000a0a4:	f5b1 6f20 	cmp.w	r1, #2560	@ 0xa00
1000a0a8:	ea4f 2251 	mov.w	r2, r1, lsr #9
1000a0ac:	d36e      	bcc.n	1000a18c <_malloc_r+0x34c>
1000a0ae:	2a14      	cmp	r2, #20
1000a0b0:	f200 8118 	bhi.w	1000a2e4 <_malloc_r+0x4a4>
1000a0b4:	f102 075c 	add.w	r7, r2, #92	@ 0x5c
1000a0b8:	325b      	adds	r2, #91	@ 0x5b
1000a0ba:	00ff      	lsls	r7, r7, #3
1000a0bc:	eb05 0c07 	add.w	ip, r5, r7
1000a0c0:	59ef      	ldr	r7, [r5, r7]
1000a0c2:	f1ac 0c08 	sub.w	ip, ip, #8
1000a0c6:	45bc      	cmp	ip, r7
1000a0c8:	d103      	bne.n	1000a0d2 <_malloc_r+0x292>
1000a0ca:	e0f4      	b.n	1000a2b6 <_malloc_r+0x476>
1000a0cc:	68bf      	ldr	r7, [r7, #8]
1000a0ce:	45bc      	cmp	ip, r7
1000a0d0:	d004      	beq.n	1000a0dc <_malloc_r+0x29c>
1000a0d2:	687a      	ldr	r2, [r7, #4]
1000a0d4:	f022 0203 	bic.w	r2, r2, #3
1000a0d8:	428a      	cmp	r2, r1
1000a0da:	d8f7      	bhi.n	1000a0cc <_malloc_r+0x28c>
1000a0dc:	f8d7 c00c 	ldr.w	ip, [r7, #12]
1000a0e0:	686a      	ldr	r2, [r5, #4]
1000a0e2:	e9c3 7c02 	strd	r7, ip, [r3, #8]
1000a0e6:	f8cc 3008 	str.w	r3, [ip, #8]
1000a0ea:	60fb      	str	r3, [r7, #12]
1000a0ec:	e72e      	b.n	10009f4c <_malloc_r+0x10c>
1000a0ee:	2b14      	cmp	r3, #20
1000a0f0:	d972      	bls.n	1000a1d8 <_malloc_r+0x398>
1000a0f2:	2b54      	cmp	r3, #84	@ 0x54
1000a0f4:	f200 80fe 	bhi.w	1000a2f4 <_malloc_r+0x4b4>
1000a0f8:	0b23      	lsrs	r3, r4, #12
1000a0fa:	f103 006f 	add.w	r0, r3, #111	@ 0x6f
1000a0fe:	f103 0e6e 	add.w	lr, r3, #110	@ 0x6e
1000a102:	00c3      	lsls	r3, r0, #3
1000a104:	e6e3      	b.n	10009ece <_malloc_r+0x8e>
1000a106:	f108 0801 	add.w	r8, r8, #1
1000a10a:	f10c 0c08 	add.w	ip, ip, #8
1000a10e:	f018 0f03 	tst.w	r8, #3
1000a112:	f47f af2c 	bne.w	10009f6e <_malloc_r+0x12e>
1000a116:	e06a      	b.n	1000a1ee <_malloc_r+0x3ae>
1000a118:	443a      	add	r2, r7
1000a11a:	463c      	mov	r4, r7
1000a11c:	68f9      	ldr	r1, [r7, #12]
1000a11e:	4630      	mov	r0, r6
1000a120:	6853      	ldr	r3, [r2, #4]
1000a122:	f043 0301 	orr.w	r3, r3, #1
1000a126:	6053      	str	r3, [r2, #4]
1000a128:	f854 3f08 	ldr.w	r3, [r4, #8]!
1000a12c:	60d9      	str	r1, [r3, #12]
1000a12e:	608b      	str	r3, [r1, #8]
1000a130:	f000 fa28 	bl	1000a584 <__malloc_unlock>
1000a134:	e6ad      	b.n	10009e92 <_malloc_r+0x52>
1000a136:	08e0      	lsrs	r0, r4, #3
1000a138:	f104 0208 	add.w	r2, r4, #8
1000a13c:	e690      	b.n	10009e60 <_malloc_r+0x20>
1000a13e:	4419      	add	r1, r3
1000a140:	f103 0408 	add.w	r4, r3, #8
1000a144:	4630      	mov	r0, r6
1000a146:	684b      	ldr	r3, [r1, #4]
1000a148:	f043 0301 	orr.w	r3, r3, #1
1000a14c:	604b      	str	r3, [r1, #4]
1000a14e:	f000 fa19 	bl	1000a584 <__malloc_unlock>
1000a152:	e69e      	b.n	10009e92 <_malloc_r+0x52>
1000a154:	20000d30 	.word	0x20000d30
1000a158:	20000d38 	.word	0x20000d38
1000a15c:	20001364 	.word	0x20001364
1000a160:	fffff000 	.word	0xfffff000
1000a164:	4630      	mov	r0, r6
1000a166:	191e      	adds	r6, r3, r4
1000a168:	f044 0401 	orr.w	r4, r4, #1
1000a16c:	605c      	str	r4, [r3, #4]
1000a16e:	f042 0401 	orr.w	r4, r2, #1
1000a172:	e9c5 6604 	strd	r6, r6, [r5, #16]
1000a176:	6074      	str	r4, [r6, #4]
1000a178:	f103 0408 	add.w	r4, r3, #8
1000a17c:	f8c6 e008 	str.w	lr, [r6, #8]
1000a180:	f8c6 e00c 	str.w	lr, [r6, #12]
1000a184:	505a      	str	r2, [r3, r1]
1000a186:	f000 f9fd 	bl	1000a584 <__malloc_unlock>
1000a18a:	e682      	b.n	10009e92 <_malloc_r+0x52>
1000a18c:	098a      	lsrs	r2, r1, #6
1000a18e:	f102 0739 	add.w	r7, r2, #57	@ 0x39
1000a192:	3238      	adds	r2, #56	@ 0x38
1000a194:	00ff      	lsls	r7, r7, #3
1000a196:	e791      	b.n	1000a0bc <_malloc_r+0x27c>
1000a198:	f8d9 1004 	ldr.w	r1, [r9, #4]
1000a19c:	4441      	add	r1, r8
1000a19e:	4608      	mov	r0, r1
1000a1a0:	f8c9 1004 	str.w	r1, [r9, #4]
1000a1a4:	d13d      	bne.n	1000a222 <_malloc_r+0x3e2>
1000a1a6:	f3ca 030b 	ubfx	r3, sl, #0, #12
1000a1aa:	bbd3      	cbnz	r3, 1000a222 <_malloc_r+0x3e2>
1000a1ac:	eb0b 0308 	add.w	r3, fp, r8
1000a1b0:	f8d5 a008 	ldr.w	sl, [r5, #8]
1000a1b4:	f043 0301 	orr.w	r3, r3, #1
1000a1b8:	f8ca 3004 	str.w	r3, [sl, #4]
1000a1bc:	f8d9 202c 	ldr.w	r2, [r9, #44]	@ 0x2c
1000a1c0:	4657      	mov	r7, sl
1000a1c2:	428a      	cmp	r2, r1
1000a1c4:	f8d9 2030 	ldr.w	r2, [r9, #48]	@ 0x30
1000a1c8:	bf38      	it	cc
1000a1ca:	f8c9 102c 	strcc.w	r1, [r9, #44]	@ 0x2c
1000a1ce:	428a      	cmp	r2, r1
1000a1d0:	bf38      	it	cc
1000a1d2:	f8c9 1030 	strcc.w	r1, [r9, #48]	@ 0x30
1000a1d6:	e72f      	b.n	1000a038 <_malloc_r+0x1f8>
1000a1d8:	f103 005c 	add.w	r0, r3, #92	@ 0x5c
1000a1dc:	f103 0e5b 	add.w	lr, r3, #91	@ 0x5b
1000a1e0:	00c3      	lsls	r3, r0, #3
1000a1e2:	e674      	b.n	10009ece <_malloc_r+0x8e>
1000a1e4:	f859 3908 	ldr.w	r3, [r9], #-8
1000a1e8:	454b      	cmp	r3, r9
1000a1ea:	f040 80cc 	bne.w	1000a386 <_malloc_r+0x546>
1000a1ee:	f010 0f03 	tst.w	r0, #3
1000a1f2:	f100 30ff 	add.w	r0, r0, #4294967295	@ 0xffffffff
1000a1f6:	d1f5      	bne.n	1000a1e4 <_malloc_r+0x3a4>
1000a1f8:	686b      	ldr	r3, [r5, #4]
1000a1fa:	ea23 0301 	bic.w	r3, r3, r1
1000a1fe:	606b      	str	r3, [r5, #4]
1000a200:	0049      	lsls	r1, r1, #1
1000a202:	1e4a      	subs	r2, r1, #1
1000a204:	429a      	cmp	r2, r3
1000a206:	d303      	bcc.n	1000a210 <_malloc_r+0x3d0>
1000a208:	e6e7      	b.n	10009fda <_malloc_r+0x19a>
1000a20a:	0049      	lsls	r1, r1, #1
1000a20c:	f108 0804 	add.w	r8, r8, #4
1000a210:	4219      	tst	r1, r3
1000a212:	d0fa      	beq.n	1000a20a <_malloc_r+0x3ca>
1000a214:	4640      	mov	r0, r8
1000a216:	e6a6      	b.n	10009f66 <_malloc_r+0x126>
1000a218:	f8d9 0004 	ldr.w	r0, [r9, #4]
1000a21c:	4440      	add	r0, r8
1000a21e:	f8c9 0004 	str.w	r0, [r9, #4]
1000a222:	f8d5 3408 	ldr.w	r3, [r5, #1032]	@ 0x408
1000a226:	3301      	adds	r3, #1
1000a228:	d06e      	beq.n	1000a308 <_malloc_r+0x4c8>
1000a22a:	ebaa 0302 	sub.w	r3, sl, r2
1000a22e:	4403      	add	r3, r0
1000a230:	f8c9 3004 	str.w	r3, [r9, #4]
1000a234:	f01a 0207 	ands.w	r2, sl, #7
1000a238:	d045      	beq.n	1000a2c6 <_malloc_r+0x486>
1000a23a:	f1c2 0308 	rsb	r3, r2, #8
1000a23e:	4630      	mov	r0, r6
1000a240:	9200      	str	r2, [sp, #0]
1000a242:	449a      	add	sl, r3
1000a244:	f241 0308 	movw	r3, #4104	@ 0x1008
1000a248:	44d0      	add	r8, sl
1000a24a:	1a9b      	subs	r3, r3, r2
1000a24c:	eba3 0108 	sub.w	r1, r3, r8
1000a250:	f3c1 010b 	ubfx	r1, r1, #0, #12
1000a254:	9101      	str	r1, [sp, #4]
1000a256:	f000 f997 	bl	1000a588 <_sbrk_r>
1000a25a:	1c42      	adds	r2, r0, #1
1000a25c:	9a00      	ldr	r2, [sp, #0]
1000a25e:	d06e      	beq.n	1000a33e <_malloc_r+0x4fe>
1000a260:	eba0 000a 	sub.w	r0, r0, sl
1000a264:	9901      	ldr	r1, [sp, #4]
1000a266:	eb00 0801 	add.w	r8, r0, r1
1000a26a:	f8d9 2004 	ldr.w	r2, [r9, #4]
1000a26e:	f048 0301 	orr.w	r3, r8, #1
1000a272:	42af      	cmp	r7, r5
1000a274:	f8c5 a008 	str.w	sl, [r5, #8]
1000a278:	4411      	add	r1, r2
1000a27a:	f8ca 3004 	str.w	r3, [sl, #4]
1000a27e:	f8c9 1004 	str.w	r1, [r9, #4]
1000a282:	d09b      	beq.n	1000a1bc <_malloc_r+0x37c>
1000a284:	f1bb 0f0f 	cmp.w	fp, #15
1000a288:	d941      	bls.n	1000a30e <_malloc_r+0x4ce>
1000a28a:	687a      	ldr	r2, [r7, #4]
1000a28c:	f1ab 030c 	sub.w	r3, fp, #12
1000a290:	2005      	movs	r0, #5
1000a292:	f023 0307 	bic.w	r3, r3, #7
1000a296:	f002 0201 	and.w	r2, r2, #1
1000a29a:	431a      	orrs	r2, r3
1000a29c:	2b0f      	cmp	r3, #15
1000a29e:	607a      	str	r2, [r7, #4]
1000a2a0:	eb07 0203 	add.w	r2, r7, r3
1000a2a4:	6050      	str	r0, [r2, #4]
1000a2a6:	6090      	str	r0, [r2, #8]
1000a2a8:	d84f      	bhi.n	1000a34a <_malloc_r+0x50a>
1000a2aa:	f8da 3004 	ldr.w	r3, [sl, #4]
1000a2ae:	e785      	b.n	1000a1bc <_malloc_r+0x37c>
1000a2b0:	f103 0810 	add.w	r8, r3, #16
1000a2b4:	e6ae      	b.n	1000a014 <_malloc_r+0x1d4>
1000a2b6:	2101      	movs	r1, #1
1000a2b8:	1092      	asrs	r2, r2, #2
1000a2ba:	fa01 f202 	lsl.w	r2, r1, r2
1000a2be:	6869      	ldr	r1, [r5, #4]
1000a2c0:	430a      	orrs	r2, r1
1000a2c2:	606a      	str	r2, [r5, #4]
1000a2c4:	e70d      	b.n	1000a0e2 <_malloc_r+0x2a2>
1000a2c6:	eb0a 0108 	add.w	r1, sl, r8
1000a2ca:	4630      	mov	r0, r6
1000a2cc:	9200      	str	r2, [sp, #0]
1000a2ce:	4249      	negs	r1, r1
1000a2d0:	f3c1 010b 	ubfx	r1, r1, #0, #12
1000a2d4:	9101      	str	r1, [sp, #4]
1000a2d6:	f000 f957 	bl	1000a588 <_sbrk_r>
1000a2da:	1c43      	adds	r3, r0, #1
1000a2dc:	9a00      	ldr	r2, [sp, #0]
1000a2de:	d1bf      	bne.n	1000a260 <_malloc_r+0x420>
1000a2e0:	4611      	mov	r1, r2
1000a2e2:	e7c2      	b.n	1000a26a <_malloc_r+0x42a>
1000a2e4:	2a54      	cmp	r2, #84	@ 0x54
1000a2e6:	d816      	bhi.n	1000a316 <_malloc_r+0x4d6>
1000a2e8:	0b0a      	lsrs	r2, r1, #12
1000a2ea:	f102 076f 	add.w	r7, r2, #111	@ 0x6f
1000a2ee:	326e      	adds	r2, #110	@ 0x6e
1000a2f0:	00ff      	lsls	r7, r7, #3
1000a2f2:	e6e3      	b.n	1000a0bc <_malloc_r+0x27c>
1000a2f4:	f5b3 7faa 	cmp.w	r3, #340	@ 0x154
1000a2f8:	d816      	bhi.n	1000a328 <_malloc_r+0x4e8>
1000a2fa:	0be3      	lsrs	r3, r4, #15
1000a2fc:	f103 0078 	add.w	r0, r3, #120	@ 0x78
1000a300:	f103 0e77 	add.w	lr, r3, #119	@ 0x77
1000a304:	00c3      	lsls	r3, r0, #3
1000a306:	e5e2      	b.n	10009ece <_malloc_r+0x8e>
1000a308:	f8c5 a408 	str.w	sl, [r5, #1032]	@ 0x408
1000a30c:	e792      	b.n	1000a234 <_malloc_r+0x3f4>
1000a30e:	2301      	movs	r3, #1
1000a310:	f8ca 3004 	str.w	r3, [sl, #4]
1000a314:	e697      	b.n	1000a046 <_malloc_r+0x206>
1000a316:	f5b2 7faa 	cmp.w	r2, #340	@ 0x154
1000a31a:	d820      	bhi.n	1000a35e <_malloc_r+0x51e>
1000a31c:	0bca      	lsrs	r2, r1, #15
1000a31e:	f102 0778 	add.w	r7, r2, #120	@ 0x78
1000a322:	3277      	adds	r2, #119	@ 0x77
1000a324:	00ff      	lsls	r7, r7, #3
1000a326:	e6c9      	b.n	1000a0bc <_malloc_r+0x27c>
1000a328:	f240 5254 	movw	r2, #1364	@ 0x554
1000a32c:	4293      	cmp	r3, r2
1000a32e:	d820      	bhi.n	1000a372 <_malloc_r+0x532>
1000a330:	0ca3      	lsrs	r3, r4, #18
1000a332:	f103 007d 	add.w	r0, r3, #125	@ 0x7d
1000a336:	f103 0e7c 	add.w	lr, r3, #124	@ 0x7c
1000a33a:	00c3      	lsls	r3, r0, #3
1000a33c:	e5c7      	b.n	10009ece <_malloc_r+0x8e>
1000a33e:	3a08      	subs	r2, #8
1000a340:	2100      	movs	r1, #0
1000a342:	4490      	add	r8, r2
1000a344:	eba8 080a 	sub.w	r8, r8, sl
1000a348:	e78f      	b.n	1000a26a <_malloc_r+0x42a>
1000a34a:	f107 0108 	add.w	r1, r7, #8
1000a34e:	4630      	mov	r0, r6
1000a350:	f000 fa50 	bl	1000a7f4 <_free_r>
1000a354:	f8d9 1004 	ldr.w	r1, [r9, #4]
1000a358:	f8d5 a008 	ldr.w	sl, [r5, #8]
1000a35c:	e7a5      	b.n	1000a2aa <_malloc_r+0x46a>
1000a35e:	f240 5754 	movw	r7, #1364	@ 0x554
1000a362:	42ba      	cmp	r2, r7
1000a364:	d80b      	bhi.n	1000a37e <_malloc_r+0x53e>
1000a366:	0c8a      	lsrs	r2, r1, #18
1000a368:	f102 077d 	add.w	r7, r2, #125	@ 0x7d
1000a36c:	327c      	adds	r2, #124	@ 0x7c
1000a36e:	00ff      	lsls	r7, r7, #3
1000a370:	e6a4      	b.n	1000a0bc <_malloc_r+0x27c>
1000a372:	f44f 737e 	mov.w	r3, #1016	@ 0x3f8
1000a376:	207f      	movs	r0, #127	@ 0x7f
1000a378:	f04f 0e7e 	mov.w	lr, #126	@ 0x7e
1000a37c:	e5a7      	b.n	10009ece <_malloc_r+0x8e>
1000a37e:	f44f 777e 	mov.w	r7, #1016	@ 0x3f8
1000a382:	227e      	movs	r2, #126	@ 0x7e
1000a384:	e69a      	b.n	1000a0bc <_malloc_r+0x27c>
1000a386:	686b      	ldr	r3, [r5, #4]
1000a388:	e73a      	b.n	1000a200 <_malloc_r+0x3c0>
1000a38a:	bf00      	nop

1000a38c <memcmp>:
1000a38c:	2a03      	cmp	r2, #3
1000a38e:	b570      	push	{r4, r5, r6, lr}
1000a390:	d911      	bls.n	1000a3b6 <memcmp+0x2a>
1000a392:	ea40 0301 	orr.w	r3, r0, r1
1000a396:	079b      	lsls	r3, r3, #30
1000a398:	d11e      	bne.n	1000a3d8 <memcmp+0x4c>
1000a39a:	4604      	mov	r4, r0
1000a39c:	460b      	mov	r3, r1
1000a39e:	e002      	b.n	1000a3a6 <memcmp+0x1a>
1000a3a0:	3a04      	subs	r2, #4
1000a3a2:	2a03      	cmp	r2, #3
1000a3a4:	d91c      	bls.n	1000a3e0 <memcmp+0x54>
1000a3a6:	4619      	mov	r1, r3
1000a3a8:	4620      	mov	r0, r4
1000a3aa:	f853 5b04 	ldr.w	r5, [r3], #4
1000a3ae:	f854 6b04 	ldr.w	r6, [r4], #4
1000a3b2:	42ae      	cmp	r6, r5
1000a3b4:	d0f4      	beq.n	1000a3a0 <memcmp+0x14>
1000a3b6:	1e54      	subs	r4, r2, #1
1000a3b8:	b1aa      	cbz	r2, 1000a3e6 <memcmp+0x5a>
1000a3ba:	1e42      	subs	r2, r0, #1
1000a3bc:	3901      	subs	r1, #1
1000a3be:	e001      	b.n	1000a3c4 <memcmp+0x38>
1000a3c0:	18c3      	adds	r3, r0, r3
1000a3c2:	d00b      	beq.n	1000a3dc <memcmp+0x50>
1000a3c4:	f812 ef01 	ldrb.w	lr, [r2, #1]!
1000a3c8:	f811 cf01 	ldrb.w	ip, [r1, #1]!
1000a3cc:	1aa3      	subs	r3, r4, r2
1000a3ce:	45e6      	cmp	lr, ip
1000a3d0:	d0f6      	beq.n	1000a3c0 <memcmp+0x34>
1000a3d2:	ebae 000c 	sub.w	r0, lr, ip
1000a3d6:	bd70      	pop	{r4, r5, r6, pc}
1000a3d8:	1e54      	subs	r4, r2, #1
1000a3da:	e7ee      	b.n	1000a3ba <memcmp+0x2e>
1000a3dc:	4618      	mov	r0, r3
1000a3de:	bd70      	pop	{r4, r5, r6, pc}
1000a3e0:	4620      	mov	r0, r4
1000a3e2:	4619      	mov	r1, r3
1000a3e4:	e7e7      	b.n	1000a3b6 <memcmp+0x2a>
1000a3e6:	4610      	mov	r0, r2
1000a3e8:	bd70      	pop	{r4, r5, r6, pc}
1000a3ea:	bf00      	nop

1000a3ec <memcpy>:
1000a3ec:	4684      	mov	ip, r0
1000a3ee:	ea41 0300 	orr.w	r3, r1, r0
1000a3f2:	f013 0303 	ands.w	r3, r3, #3
1000a3f6:	d149      	bne.n	1000a48c <memcpy+0xa0>
1000a3f8:	3a40      	subs	r2, #64	@ 0x40
1000a3fa:	d323      	bcc.n	1000a444 <memcpy+0x58>
1000a3fc:	680b      	ldr	r3, [r1, #0]
1000a3fe:	6003      	str	r3, [r0, #0]
1000a400:	684b      	ldr	r3, [r1, #4]
1000a402:	6043      	str	r3, [r0, #4]
1000a404:	688b      	ldr	r3, [r1, #8]
1000a406:	6083      	str	r3, [r0, #8]
1000a408:	68cb      	ldr	r3, [r1, #12]
1000a40a:	60c3      	str	r3, [r0, #12]
1000a40c:	690b      	ldr	r3, [r1, #16]
1000a40e:	6103      	str	r3, [r0, #16]
1000a410:	694b      	ldr	r3, [r1, #20]
1000a412:	6143      	str	r3, [r0, #20]
1000a414:	698b      	ldr	r3, [r1, #24]
1000a416:	6183      	str	r3, [r0, #24]
1000a418:	69cb      	ldr	r3, [r1, #28]
1000a41a:	61c3      	str	r3, [r0, #28]
1000a41c:	6a0b      	ldr	r3, [r1, #32]
1000a41e:	6203      	str	r3, [r0, #32]
1000a420:	6a4b      	ldr	r3, [r1, #36]	@ 0x24
1000a422:	6243      	str	r3, [r0, #36]	@ 0x24
1000a424:	6a8b      	ldr	r3, [r1, #40]	@ 0x28
1000a426:	6283      	str	r3, [r0, #40]	@ 0x28
1000a428:	6acb      	ldr	r3, [r1, #44]	@ 0x2c
1000a42a:	62c3      	str	r3, [r0, #44]	@ 0x2c
1000a42c:	6b0b      	ldr	r3, [r1, #48]	@ 0x30
1000a42e:	6303      	str	r3, [r0, #48]	@ 0x30
1000a430:	6b4b      	ldr	r3, [r1, #52]	@ 0x34
1000a432:	6343      	str	r3, [r0, #52]	@ 0x34
1000a434:	6b8b      	ldr	r3, [r1, #56]	@ 0x38
1000a436:	6383      	str	r3, [r0, #56]	@ 0x38
1000a438:	6bcb      	ldr	r3, [r1, #60]	@ 0x3c
1000a43a:	63c3      	str	r3, [r0, #60]	@ 0x3c
1000a43c:	3040      	adds	r0, #64	@ 0x40
1000a43e:	3140      	adds	r1, #64	@ 0x40
1000a440:	3a40      	subs	r2, #64	@ 0x40
1000a442:	d2db      	bcs.n	1000a3fc <memcpy+0x10>
1000a444:	3230      	adds	r2, #48	@ 0x30
1000a446:	d30b      	bcc.n	1000a460 <memcpy+0x74>
1000a448:	680b      	ldr	r3, [r1, #0]
1000a44a:	6003      	str	r3, [r0, #0]
1000a44c:	684b      	ldr	r3, [r1, #4]
1000a44e:	6043      	str	r3, [r0, #4]
1000a450:	688b      	ldr	r3, [r1, #8]
1000a452:	6083      	str	r3, [r0, #8]
1000a454:	68cb      	ldr	r3, [r1, #12]
1000a456:	60c3      	str	r3, [r0, #12]
1000a458:	3010      	adds	r0, #16
1000a45a:	3110      	adds	r1, #16
1000a45c:	3a10      	subs	r2, #16
1000a45e:	d2f3      	bcs.n	1000a448 <memcpy+0x5c>
1000a460:	320c      	adds	r2, #12
1000a462:	d305      	bcc.n	1000a470 <memcpy+0x84>
1000a464:	f851 3b04 	ldr.w	r3, [r1], #4
1000a468:	f840 3b04 	str.w	r3, [r0], #4
1000a46c:	3a04      	subs	r2, #4
1000a46e:	d2f9      	bcs.n	1000a464 <memcpy+0x78>
1000a470:	3204      	adds	r2, #4
1000a472:	d008      	beq.n	1000a486 <memcpy+0x9a>
1000a474:	07d2      	lsls	r2, r2, #31
1000a476:	bf1c      	itt	ne
1000a478:	f811 3b01 	ldrbne.w	r3, [r1], #1
1000a47c:	f800 3b01 	strbne.w	r3, [r0], #1
1000a480:	d301      	bcc.n	1000a486 <memcpy+0x9a>
1000a482:	880b      	ldrh	r3, [r1, #0]
1000a484:	8003      	strh	r3, [r0, #0]
1000a486:	4660      	mov	r0, ip
1000a488:	4770      	bx	lr
1000a48a:	bf00      	nop
1000a48c:	2a08      	cmp	r2, #8
1000a48e:	d313      	bcc.n	1000a4b8 <memcpy+0xcc>
1000a490:	078b      	lsls	r3, r1, #30
1000a492:	d0b1      	beq.n	1000a3f8 <memcpy+0xc>
1000a494:	f010 0303 	ands.w	r3, r0, #3
1000a498:	d0ae      	beq.n	1000a3f8 <memcpy+0xc>
1000a49a:	f1c3 0304 	rsb	r3, r3, #4
1000a49e:	1ad2      	subs	r2, r2, r3
1000a4a0:	07db      	lsls	r3, r3, #31
1000a4a2:	bf1c      	itt	ne
1000a4a4:	f811 3b01 	ldrbne.w	r3, [r1], #1
1000a4a8:	f800 3b01 	strbne.w	r3, [r0], #1
1000a4ac:	d3a4      	bcc.n	1000a3f8 <memcpy+0xc>
1000a4ae:	f831 3b02 	ldrh.w	r3, [r1], #2
1000a4b2:	f820 3b02 	strh.w	r3, [r0], #2
1000a4b6:	e79f      	b.n	1000a3f8 <memcpy+0xc>
1000a4b8:	3a04      	subs	r2, #4
1000a4ba:	d3d9      	bcc.n	1000a470 <memcpy+0x84>
1000a4bc:	3a01      	subs	r2, #1
1000a4be:	f811 3b01 	ldrb.w	r3, [r1], #1
1000a4c2:	f800 3b01 	strb.w	r3, [r0], #1
1000a4c6:	d2f9      	bcs.n	1000a4bc <memcpy+0xd0>
1000a4c8:	780b      	ldrb	r3, [r1, #0]
1000a4ca:	7003      	strb	r3, [r0, #0]
1000a4cc:	784b      	ldrb	r3, [r1, #1]
1000a4ce:	7043      	strb	r3, [r0, #1]
1000a4d0:	788b      	ldrb	r3, [r1, #2]
1000a4d2:	7083      	strb	r3, [r0, #2]
1000a4d4:	4660      	mov	r0, ip
1000a4d6:	4770      	bx	lr

1000a4d8 <memset>:
1000a4d8:	b570      	push	{r4, r5, r6, lr}
1000a4da:	0786      	lsls	r6, r0, #30
1000a4dc:	d04a      	beq.n	1000a574 <memset+0x9c>
1000a4de:	1e54      	subs	r4, r2, #1
1000a4e0:	2a00      	cmp	r2, #0
1000a4e2:	d041      	beq.n	1000a568 <memset+0x90>
1000a4e4:	b2ca      	uxtb	r2, r1
1000a4e6:	4603      	mov	r3, r0
1000a4e8:	e001      	b.n	1000a4ee <memset+0x16>
1000a4ea:	3c01      	subs	r4, #1
1000a4ec:	d33c      	bcc.n	1000a568 <memset+0x90>
1000a4ee:	f803 2b01 	strb.w	r2, [r3], #1
1000a4f2:	079d      	lsls	r5, r3, #30
1000a4f4:	d1f9      	bne.n	1000a4ea <memset+0x12>
1000a4f6:	2c03      	cmp	r4, #3
1000a4f8:	d92f      	bls.n	1000a55a <memset+0x82>
1000a4fa:	b2cd      	uxtb	r5, r1
1000a4fc:	2c0f      	cmp	r4, #15
1000a4fe:	eb05 2505 	add.w	r5, r5, r5, lsl #8
1000a502:	eb05 4505 	add.w	r5, r5, r5, lsl #16
1000a506:	d938      	bls.n	1000a57a <memset+0xa2>
1000a508:	f1a4 0c10 	sub.w	ip, r4, #16
1000a50c:	f103 0e10 	add.w	lr, r3, #16
1000a510:	461a      	mov	r2, r3
1000a512:	f02c 060f 	bic.w	r6, ip, #15
1000a516:	ea4f 1c1c 	mov.w	ip, ip, lsr #4
1000a51a:	44b6      	add	lr, r6
1000a51c:	6015      	str	r5, [r2, #0]
1000a51e:	3210      	adds	r2, #16
1000a520:	f842 5c0c 	str.w	r5, [r2, #-12]
1000a524:	f842 5c08 	str.w	r5, [r2, #-8]
1000a528:	f842 5c04 	str.w	r5, [r2, #-4]
1000a52c:	4572      	cmp	r2, lr
1000a52e:	d1f5      	bne.n	1000a51c <memset+0x44>
1000a530:	f10c 0201 	add.w	r2, ip, #1
1000a534:	f014 0f0c 	tst.w	r4, #12
1000a538:	f004 0c0f 	and.w	ip, r4, #15
1000a53c:	eb03 1202 	add.w	r2, r3, r2, lsl #4
1000a540:	d013      	beq.n	1000a56a <memset+0x92>
1000a542:	f1ac 0304 	sub.w	r3, ip, #4
1000a546:	f023 0303 	bic.w	r3, r3, #3
1000a54a:	3304      	adds	r3, #4
1000a54c:	4413      	add	r3, r2
1000a54e:	f842 5b04 	str.w	r5, [r2], #4
1000a552:	429a      	cmp	r2, r3
1000a554:	d1fb      	bne.n	1000a54e <memset+0x76>
1000a556:	f00c 0403 	and.w	r4, ip, #3
1000a55a:	b12c      	cbz	r4, 1000a568 <memset+0x90>
1000a55c:	b2c9      	uxtb	r1, r1
1000a55e:	441c      	add	r4, r3
1000a560:	f803 1b01 	strb.w	r1, [r3], #1
1000a564:	429c      	cmp	r4, r3
1000a566:	d1fb      	bne.n	1000a560 <memset+0x88>
1000a568:	bd70      	pop	{r4, r5, r6, pc}
1000a56a:	4664      	mov	r4, ip
1000a56c:	4613      	mov	r3, r2
1000a56e:	2c00      	cmp	r4, #0
1000a570:	d1f4      	bne.n	1000a55c <memset+0x84>
1000a572:	e7f9      	b.n	1000a568 <memset+0x90>
1000a574:	4603      	mov	r3, r0
1000a576:	4614      	mov	r4, r2
1000a578:	e7bd      	b.n	1000a4f6 <memset+0x1e>
1000a57a:	461a      	mov	r2, r3
1000a57c:	46a4      	mov	ip, r4
1000a57e:	e7e0      	b.n	1000a542 <memset+0x6a>

1000a580 <__malloc_lock>:
1000a580:	4770      	bx	lr
1000a582:	bf00      	nop

1000a584 <__malloc_unlock>:
1000a584:	4770      	bx	lr
1000a586:	bf00      	nop

1000a588 <_sbrk_r>:
1000a588:	b538      	push	{r3, r4, r5, lr}
1000a58a:	2200      	movs	r2, #0
1000a58c:	4d06      	ldr	r5, [pc, #24]	@ (1000a5a8 <_sbrk_r+0x20>)
1000a58e:	4604      	mov	r4, r0
1000a590:	4608      	mov	r0, r1
1000a592:	602a      	str	r2, [r5, #0]
1000a594:	f7f8 fb84 	bl	10002ca0 <_sbrk>
1000a598:	1c43      	adds	r3, r0, #1
1000a59a:	d000      	beq.n	1000a59e <_sbrk_r+0x16>
1000a59c:	bd38      	pop	{r3, r4, r5, pc}
1000a59e:	682b      	ldr	r3, [r5, #0]
1000a5a0:	2b00      	cmp	r3, #0
1000a5a2:	d0fb      	beq.n	1000a59c <_sbrk_r+0x14>
1000a5a4:	6023      	str	r3, [r4, #0]
1000a5a6:	bd38      	pop	{r3, r4, r5, pc}
1000a5a8:	20001398 	.word	0x20001398

1000a5ac <strchr>:
1000a5ac:	f011 01ff 	ands.w	r1, r1, #255	@ 0xff
1000a5b0:	4603      	mov	r3, r0
1000a5b2:	d03a      	beq.n	1000a62a <strchr+0x7e>
1000a5b4:	0782      	lsls	r2, r0, #30
1000a5b6:	d131      	bne.n	1000a61c <strchr+0x70>
1000a5b8:	b510      	push	{r4, lr}
1000a5ba:	eb01 2e01 	add.w	lr, r1, r1, lsl #8
1000a5be:	6802      	ldr	r2, [r0, #0]
1000a5c0:	ea4e 4e0e 	orr.w	lr, lr, lr, lsl #16
1000a5c4:	f1a2 3301 	sub.w	r3, r2, #16843009	@ 0x1010101
1000a5c8:	ea8e 0402 	eor.w	r4, lr, r2
1000a5cc:	ea23 0302 	bic.w	r3, r3, r2
1000a5d0:	f1a4 3201 	sub.w	r2, r4, #16843009	@ 0x1010101
1000a5d4:	ea22 0204 	bic.w	r2, r2, r4
1000a5d8:	4313      	orrs	r3, r2
1000a5da:	f013 3f80 	tst.w	r3, #2155905152	@ 0x80808080
1000a5de:	d10f      	bne.n	1000a600 <strchr+0x54>
1000a5e0:	f850 4f04 	ldr.w	r4, [r0, #4]!
1000a5e4:	ea84 0c0e 	eor.w	ip, r4, lr
1000a5e8:	f1a4 3301 	sub.w	r3, r4, #16843009	@ 0x1010101
1000a5ec:	f1ac 3201 	sub.w	r2, ip, #16843009	@ 0x1010101
1000a5f0:	ea23 0304 	bic.w	r3, r3, r4
1000a5f4:	ea22 020c 	bic.w	r2, r2, ip
1000a5f8:	4313      	orrs	r3, r2
1000a5fa:	f013 3f80 	tst.w	r3, #2155905152	@ 0x80808080
1000a5fe:	d0ef      	beq.n	1000a5e0 <strchr+0x34>
1000a600:	7803      	ldrb	r3, [r0, #0]
1000a602:	b923      	cbnz	r3, 1000a60e <strchr+0x62>
1000a604:	e037      	b.n	1000a676 <strchr+0xca>
1000a606:	f810 3f01 	ldrb.w	r3, [r0, #1]!
1000a60a:	2b00      	cmp	r3, #0
1000a60c:	d033      	beq.n	1000a676 <strchr+0xca>
1000a60e:	4299      	cmp	r1, r3
1000a610:	d1f9      	bne.n	1000a606 <strchr+0x5a>
1000a612:	bd10      	pop	{r4, pc}
1000a614:	428a      	cmp	r2, r1
1000a616:	d029      	beq.n	1000a66c <strchr+0xc0>
1000a618:	079a      	lsls	r2, r3, #30
1000a61a:	d02a      	beq.n	1000a672 <strchr+0xc6>
1000a61c:	781a      	ldrb	r2, [r3, #0]
1000a61e:	4618      	mov	r0, r3
1000a620:	3301      	adds	r3, #1
1000a622:	2a00      	cmp	r2, #0
1000a624:	d1f6      	bne.n	1000a614 <strchr+0x68>
1000a626:	4610      	mov	r0, r2
1000a628:	4770      	bx	lr
1000a62a:	0782      	lsls	r2, r0, #30
1000a62c:	d119      	bne.n	1000a662 <strchr+0xb6>
1000a62e:	6802      	ldr	r2, [r0, #0]
1000a630:	f1a2 3301 	sub.w	r3, r2, #16843009	@ 0x1010101
1000a634:	ea23 0302 	bic.w	r3, r3, r2
1000a638:	f013 3f80 	tst.w	r3, #2155905152	@ 0x80808080
1000a63c:	d108      	bne.n	1000a650 <strchr+0xa4>
1000a63e:	f850 2f04 	ldr.w	r2, [r0, #4]!
1000a642:	f1a2 3301 	sub.w	r3, r2, #16843009	@ 0x1010101
1000a646:	ea23 0302 	bic.w	r3, r3, r2
1000a64a:	f013 3f80 	tst.w	r3, #2155905152	@ 0x80808080
1000a64e:	d0f6      	beq.n	1000a63e <strchr+0x92>
1000a650:	7803      	ldrb	r3, [r0, #0]
1000a652:	b15b      	cbz	r3, 1000a66c <strchr+0xc0>
1000a654:	f810 3f01 	ldrb.w	r3, [r0, #1]!
1000a658:	2b00      	cmp	r3, #0
1000a65a:	d1fb      	bne.n	1000a654 <strchr+0xa8>
1000a65c:	4770      	bx	lr
1000a65e:	0799      	lsls	r1, r3, #30
1000a660:	d005      	beq.n	1000a66e <strchr+0xc2>
1000a662:	4618      	mov	r0, r3
1000a664:	f813 2b01 	ldrb.w	r2, [r3], #1
1000a668:	2a00      	cmp	r2, #0
1000a66a:	d1f8      	bne.n	1000a65e <strchr+0xb2>
1000a66c:	4770      	bx	lr
1000a66e:	4618      	mov	r0, r3
1000a670:	e7dd      	b.n	1000a62e <strchr+0x82>
1000a672:	4618      	mov	r0, r3
1000a674:	e7a0      	b.n	1000a5b8 <strchr+0xc>
1000a676:	4618      	mov	r0, r3
1000a678:	bd10      	pop	{r4, pc}
1000a67a:	bf00      	nop

1000a67c <strcspn>:
1000a67c:	b510      	push	{r4, lr}
1000a67e:	468e      	mov	lr, r1
1000a680:	7801      	ldrb	r1, [r0, #0]
1000a682:	b1f9      	cbz	r1, 1000a6c4 <strcspn+0x48>
1000a684:	4604      	mov	r4, r0
1000a686:	f89e 0000 	ldrb.w	r0, [lr]
1000a68a:	46a4      	mov	ip, r4
1000a68c:	b188      	cbz	r0, 1000a6b2 <strcspn+0x36>
1000a68e:	4672      	mov	r2, lr
1000a690:	4603      	mov	r3, r0
1000a692:	e002      	b.n	1000a69a <strcspn+0x1e>
1000a694:	f812 3f01 	ldrb.w	r3, [r2, #1]!
1000a698:	b123      	cbz	r3, 1000a6a4 <strcspn+0x28>
1000a69a:	428b      	cmp	r3, r1
1000a69c:	d1fa      	bne.n	1000a694 <strcspn+0x18>
1000a69e:	ebac 0004 	sub.w	r0, ip, r4
1000a6a2:	bd10      	pop	{r4, pc}
1000a6a4:	f81c 1f01 	ldrb.w	r1, [ip, #1]!
1000a6a8:	2900      	cmp	r1, #0
1000a6aa:	d1f0      	bne.n	1000a68e <strcspn+0x12>
1000a6ac:	ebac 0004 	sub.w	r0, ip, r4
1000a6b0:	e7f7      	b.n	1000a6a2 <strcspn+0x26>
1000a6b2:	f81c 1f01 	ldrb.w	r1, [ip, #1]!
1000a6b6:	2900      	cmp	r1, #0
1000a6b8:	d0f1      	beq.n	1000a69e <strcspn+0x22>
1000a6ba:	f81c 1f01 	ldrb.w	r1, [ip, #1]!
1000a6be:	2900      	cmp	r1, #0
1000a6c0:	d1f7      	bne.n	1000a6b2 <strcspn+0x36>
1000a6c2:	e7ec      	b.n	1000a69e <strcspn+0x22>
1000a6c4:	4608      	mov	r0, r1
1000a6c6:	bd10      	pop	{r4, pc}

1000a6c8 <strlen>:
1000a6c8:	f020 0103 	bic.w	r1, r0, #3
1000a6cc:	f010 0003 	ands.w	r0, r0, #3
1000a6d0:	f1c0 0000 	rsb	r0, r0, #0
1000a6d4:	f851 3b04 	ldr.w	r3, [r1], #4
1000a6d8:	f100 0c04 	add.w	ip, r0, #4
1000a6dc:	ea4f 0ccc 	mov.w	ip, ip, lsl #3
1000a6e0:	f06f 0200 	mvn.w	r2, #0
1000a6e4:	bf1c      	itt	ne
1000a6e6:	fa22 f20c 	lsrne.w	r2, r2, ip
1000a6ea:	4313      	orrne	r3, r2
1000a6ec:	f04f 0c01 	mov.w	ip, #1
1000a6f0:	ea4c 2c0c 	orr.w	ip, ip, ip, lsl #8
1000a6f4:	ea4c 4c0c 	orr.w	ip, ip, ip, lsl #16
1000a6f8:	eba3 020c 	sub.w	r2, r3, ip
1000a6fc:	ea22 0203 	bic.w	r2, r2, r3
1000a700:	ea12 12cc 	ands.w	r2, r2, ip, lsl #7
1000a704:	bf04      	itt	eq
1000a706:	f851 3b04 	ldreq.w	r3, [r1], #4
1000a70a:	3004      	addeq	r0, #4
1000a70c:	d0f4      	beq.n	1000a6f8 <strlen+0x30>
1000a70e:	f1c2 0100 	rsb	r1, r2, #0
1000a712:	ea02 0201 	and.w	r2, r2, r1
1000a716:	fab2 f282 	clz	r2, r2
1000a71a:	f1c2 021f 	rsb	r2, r2, #31
1000a71e:	eb00 00d2 	add.w	r0, r0, r2, lsr #3
1000a722:	4770      	bx	lr

1000a724 <strspn>:
1000a724:	b510      	push	{r4, lr}
1000a726:	468e      	mov	lr, r1
1000a728:	7801      	ldrb	r1, [r0, #0]
1000a72a:	b199      	cbz	r1, 1000a754 <strspn+0x30>
1000a72c:	4604      	mov	r4, r0
1000a72e:	f89e 0000 	ldrb.w	r0, [lr]
1000a732:	b170      	cbz	r0, 1000a752 <strspn+0x2e>
1000a734:	46a4      	mov	ip, r4
1000a736:	4672      	mov	r2, lr
1000a738:	4603      	mov	r3, r0
1000a73a:	e002      	b.n	1000a742 <strspn+0x1e>
1000a73c:	f812 3f01 	ldrb.w	r3, [r2, #1]!
1000a740:	b12b      	cbz	r3, 1000a74e <strspn+0x2a>
1000a742:	4299      	cmp	r1, r3
1000a744:	d1fa      	bne.n	1000a73c <strspn+0x18>
1000a746:	f81c 1f01 	ldrb.w	r1, [ip, #1]!
1000a74a:	2900      	cmp	r1, #0
1000a74c:	d1f3      	bne.n	1000a736 <strspn+0x12>
1000a74e:	ebac 0004 	sub.w	r0, ip, r4
1000a752:	bd10      	pop	{r4, pc}
1000a754:	4608      	mov	r0, r1
1000a756:	bd10      	pop	{r4, pc}

1000a758 <_malloc_trim_r>:
1000a758:	b5f8      	push	{r3, r4, r5, r6, r7, lr}
1000a75a:	4f22      	ldr	r7, [pc, #136]	@ (1000a7e4 <_malloc_trim_r+0x8c>)
1000a75c:	460c      	mov	r4, r1
1000a75e:	4606      	mov	r6, r0
1000a760:	f7ff ff0e 	bl	1000a580 <__malloc_lock>
1000a764:	68bb      	ldr	r3, [r7, #8]
1000a766:	685d      	ldr	r5, [r3, #4]
1000a768:	f025 0503 	bic.w	r5, r5, #3
1000a76c:	f605 73ef 	addw	r3, r5, #4079	@ 0xfef
1000a770:	1b19      	subs	r1, r3, r4
1000a772:	4c1d      	ldr	r4, [pc, #116]	@ (1000a7e8 <_malloc_trim_r+0x90>)
1000a774:	400c      	ands	r4, r1
1000a776:	f5a4 5480 	sub.w	r4, r4, #4096	@ 0x1000
1000a77a:	f5b4 5f80 	cmp.w	r4, #4096	@ 0x1000
1000a77e:	db07      	blt.n	1000a790 <_malloc_trim_r+0x38>
1000a780:	2100      	movs	r1, #0
1000a782:	4630      	mov	r0, r6
1000a784:	f7ff ff00 	bl	1000a588 <_sbrk_r>
1000a788:	68bb      	ldr	r3, [r7, #8]
1000a78a:	442b      	add	r3, r5
1000a78c:	4298      	cmp	r0, r3
1000a78e:	d004      	beq.n	1000a79a <_malloc_trim_r+0x42>
1000a790:	4630      	mov	r0, r6
1000a792:	f7ff fef7 	bl	1000a584 <__malloc_unlock>
1000a796:	2000      	movs	r0, #0
1000a798:	bdf8      	pop	{r3, r4, r5, r6, r7, pc}
1000a79a:	4261      	negs	r1, r4
1000a79c:	4630      	mov	r0, r6
1000a79e:	f7ff fef3 	bl	1000a588 <_sbrk_r>
1000a7a2:	3001      	adds	r0, #1
1000a7a4:	d00d      	beq.n	1000a7c2 <_malloc_trim_r+0x6a>
1000a7a6:	1b2d      	subs	r5, r5, r4
1000a7a8:	4a10      	ldr	r2, [pc, #64]	@ (1000a7ec <_malloc_trim_r+0x94>)
1000a7aa:	68bb      	ldr	r3, [r7, #8]
1000a7ac:	4630      	mov	r0, r6
1000a7ae:	f045 0501 	orr.w	r5, r5, #1
1000a7b2:	605d      	str	r5, [r3, #4]
1000a7b4:	6813      	ldr	r3, [r2, #0]
1000a7b6:	1b1b      	subs	r3, r3, r4
1000a7b8:	6013      	str	r3, [r2, #0]
1000a7ba:	f7ff fee3 	bl	1000a584 <__malloc_unlock>
1000a7be:	2001      	movs	r0, #1
1000a7c0:	bdf8      	pop	{r3, r4, r5, r6, r7, pc}
1000a7c2:	2100      	movs	r1, #0
1000a7c4:	4630      	mov	r0, r6
1000a7c6:	f7ff fedf 	bl	1000a588 <_sbrk_r>
1000a7ca:	68ba      	ldr	r2, [r7, #8]
1000a7cc:	1a83      	subs	r3, r0, r2
1000a7ce:	2b0f      	cmp	r3, #15
1000a7d0:	ddde      	ble.n	1000a790 <_malloc_trim_r+0x38>
1000a7d2:	f043 0301 	orr.w	r3, r3, #1
1000a7d6:	4905      	ldr	r1, [pc, #20]	@ (1000a7ec <_malloc_trim_r+0x94>)
1000a7d8:	6053      	str	r3, [r2, #4]
1000a7da:	4b05      	ldr	r3, [pc, #20]	@ (1000a7f0 <_malloc_trim_r+0x98>)
1000a7dc:	681b      	ldr	r3, [r3, #0]
1000a7de:	1ac0      	subs	r0, r0, r3
1000a7e0:	6008      	str	r0, [r1, #0]
1000a7e2:	e7d5      	b.n	1000a790 <_malloc_trim_r+0x38>
1000a7e4:	20000d30 	.word	0x20000d30
1000a7e8:	fffff000 	.word	0xfffff000
1000a7ec:	20001368 	.word	0x20001368
1000a7f0:	20001138 	.word	0x20001138

1000a7f4 <_free_r>:
1000a7f4:	2900      	cmp	r1, #0
1000a7f6:	d07d      	beq.n	1000a8f4 <_free_r+0x100>
1000a7f8:	b5f8      	push	{r3, r4, r5, r6, r7, lr}
1000a7fa:	460c      	mov	r4, r1
1000a7fc:	4606      	mov	r6, r0
1000a7fe:	f7ff febf 	bl	1000a580 <__malloc_lock>
1000a802:	4f7a      	ldr	r7, [pc, #488]	@ (1000a9ec <_free_r+0x1f8>)
1000a804:	f854 2c04 	ldr.w	r2, [r4, #-4]
1000a808:	f1a4 0508 	sub.w	r5, r4, #8
1000a80c:	68b8      	ldr	r0, [r7, #8]
1000a80e:	f022 0101 	bic.w	r1, r2, #1
1000a812:	eb05 0c01 	add.w	ip, r5, r1
1000a816:	f8dc 3004 	ldr.w	r3, [ip, #4]
1000a81a:	4560      	cmp	r0, ip
1000a81c:	f023 0303 	bic.w	r3, r3, #3
1000a820:	f000 8088 	beq.w	1000a934 <_free_r+0x140>
1000a824:	07d2      	lsls	r2, r2, #31
1000a826:	f8cc 3004 	str.w	r3, [ip, #4]
1000a82a:	d432      	bmi.n	1000a892 <_free_r+0x9e>
1000a82c:	f854 2c08 	ldr.w	r2, [r4, #-8]
1000a830:	f107 0008 	add.w	r0, r7, #8
1000a834:	1aad      	subs	r5, r5, r2
1000a836:	4411      	add	r1, r2
1000a838:	68aa      	ldr	r2, [r5, #8]
1000a83a:	4282      	cmp	r2, r0
1000a83c:	d06b      	beq.n	1000a916 <_free_r+0x122>
1000a83e:	eb0c 0403 	add.w	r4, ip, r3
1000a842:	f8d4 e004 	ldr.w	lr, [r4, #4]
1000a846:	68ec      	ldr	r4, [r5, #12]
1000a848:	f01e 0f01 	tst.w	lr, #1
1000a84c:	60d4      	str	r4, [r2, #12]
1000a84e:	60a2      	str	r2, [r4, #8]
1000a850:	f000 8089 	beq.w	1000a966 <_free_r+0x172>
1000a854:	f041 0301 	orr.w	r3, r1, #1
1000a858:	606b      	str	r3, [r5, #4]
1000a85a:	f8cc 1000 	str.w	r1, [ip]
1000a85e:	f5b1 7f00 	cmp.w	r1, #512	@ 0x200
1000a862:	d224      	bcs.n	1000a8ae <_free_r+0xba>
1000a864:	08cb      	lsrs	r3, r1, #3
1000a866:	2201      	movs	r2, #1
1000a868:	0949      	lsrs	r1, r1, #5
1000a86a:	3301      	adds	r3, #1
1000a86c:	408a      	lsls	r2, r1
1000a86e:	6879      	ldr	r1, [r7, #4]
1000a870:	430a      	orrs	r2, r1
1000a872:	f857 1033 	ldr.w	r1, [r7, r3, lsl #3]
1000a876:	607a      	str	r2, [r7, #4]
1000a878:	eb07 02c3 	add.w	r2, r7, r3, lsl #3
1000a87c:	3a08      	subs	r2, #8
1000a87e:	e9c5 1202 	strd	r1, r2, [r5, #8]
1000a882:	f847 5033 	str.w	r5, [r7, r3, lsl #3]
1000a886:	60cd      	str	r5, [r1, #12]
1000a888:	4630      	mov	r0, r6
1000a88a:	e8bd 40f8 	ldmia.w	sp!, {r3, r4, r5, r6, r7, lr}
1000a88e:	f7ff be79 	b.w	1000a584 <__malloc_unlock>
1000a892:	eb0c 0203 	add.w	r2, ip, r3
1000a896:	6852      	ldr	r2, [r2, #4]
1000a898:	07d2      	lsls	r2, r2, #31
1000a89a:	d52c      	bpl.n	1000a8f6 <_free_r+0x102>
1000a89c:	f041 0301 	orr.w	r3, r1, #1
1000a8a0:	f5b1 7f00 	cmp.w	r1, #512	@ 0x200
1000a8a4:	f844 3c04 	str.w	r3, [r4, #-4]
1000a8a8:	f8cc 1000 	str.w	r1, [ip]
1000a8ac:	d3da      	bcc.n	1000a864 <_free_r+0x70>
1000a8ae:	f5b1 6f20 	cmp.w	r1, #2560	@ 0xa00
1000a8b2:	ea4f 2351 	mov.w	r3, r1, lsr #9
1000a8b6:	d258      	bcs.n	1000a96a <_free_r+0x176>
1000a8b8:	098b      	lsrs	r3, r1, #6
1000a8ba:	f103 0039 	add.w	r0, r3, #57	@ 0x39
1000a8be:	f103 0238 	add.w	r2, r3, #56	@ 0x38
1000a8c2:	00c3      	lsls	r3, r0, #3
1000a8c4:	18f8      	adds	r0, r7, r3
1000a8c6:	58fb      	ldr	r3, [r7, r3]
1000a8c8:	3808      	subs	r0, #8
1000a8ca:	4298      	cmp	r0, r3
1000a8cc:	d103      	bne.n	1000a8d6 <_free_r+0xe2>
1000a8ce:	e066      	b.n	1000a99e <_free_r+0x1aa>
1000a8d0:	689b      	ldr	r3, [r3, #8]
1000a8d2:	4298      	cmp	r0, r3
1000a8d4:	d004      	beq.n	1000a8e0 <_free_r+0xec>
1000a8d6:	685a      	ldr	r2, [r3, #4]
1000a8d8:	f022 0203 	bic.w	r2, r2, #3
1000a8dc:	428a      	cmp	r2, r1
1000a8de:	d8f7      	bhi.n	1000a8d0 <_free_r+0xdc>
1000a8e0:	68d8      	ldr	r0, [r3, #12]
1000a8e2:	e9c5 3002 	strd	r3, r0, [r5, #8]
1000a8e6:	6085      	str	r5, [r0, #8]
1000a8e8:	4630      	mov	r0, r6
1000a8ea:	60dd      	str	r5, [r3, #12]
1000a8ec:	e8bd 40f8 	ldmia.w	sp!, {r3, r4, r5, r6, r7, lr}
1000a8f0:	f7ff be48 	b.w	1000a584 <__malloc_unlock>
1000a8f4:	4770      	bx	lr
1000a8f6:	4419      	add	r1, r3
1000a8f8:	f107 0008 	add.w	r0, r7, #8
1000a8fc:	f8dc 3008 	ldr.w	r3, [ip, #8]
1000a900:	4283      	cmp	r3, r0
1000a902:	d043      	beq.n	1000a98c <_free_r+0x198>
1000a904:	f8dc 200c 	ldr.w	r2, [ip, #12]
1000a908:	60da      	str	r2, [r3, #12]
1000a90a:	6093      	str	r3, [r2, #8]
1000a90c:	f041 0301 	orr.w	r3, r1, #1
1000a910:	606b      	str	r3, [r5, #4]
1000a912:	5069      	str	r1, [r5, r1]
1000a914:	e7a3      	b.n	1000a85e <_free_r+0x6a>
1000a916:	eb0c 0203 	add.w	r2, ip, r3
1000a91a:	6852      	ldr	r2, [r2, #4]
1000a91c:	07d0      	lsls	r0, r2, #31
1000a91e:	d45f      	bmi.n	1000a9e0 <_free_r+0x1ec>
1000a920:	440b      	add	r3, r1
1000a922:	e9dc 1202 	ldrd	r1, r2, [ip, #8]
1000a926:	60ca      	str	r2, [r1, #12]
1000a928:	6091      	str	r1, [r2, #8]
1000a92a:	f043 0201 	orr.w	r2, r3, #1
1000a92e:	606a      	str	r2, [r5, #4]
1000a930:	50eb      	str	r3, [r5, r3]
1000a932:	e7a9      	b.n	1000a888 <_free_r+0x94>
1000a934:	440b      	add	r3, r1
1000a936:	07d1      	lsls	r1, r2, #31
1000a938:	d407      	bmi.n	1000a94a <_free_r+0x156>
1000a93a:	f854 2c08 	ldr.w	r2, [r4, #-8]
1000a93e:	1aad      	subs	r5, r5, r2
1000a940:	4413      	add	r3, r2
1000a942:	e9d5 1202 	ldrd	r1, r2, [r5, #8]
1000a946:	60ca      	str	r2, [r1, #12]
1000a948:	6091      	str	r1, [r2, #8]
1000a94a:	f043 0201 	orr.w	r2, r3, #1
1000a94e:	606a      	str	r2, [r5, #4]
1000a950:	4a27      	ldr	r2, [pc, #156]	@ (1000a9f0 <_free_r+0x1fc>)
1000a952:	60bd      	str	r5, [r7, #8]
1000a954:	6812      	ldr	r2, [r2, #0]
1000a956:	429a      	cmp	r2, r3
1000a958:	d896      	bhi.n	1000a888 <_free_r+0x94>
1000a95a:	4b26      	ldr	r3, [pc, #152]	@ (1000a9f4 <_free_r+0x200>)
1000a95c:	4630      	mov	r0, r6
1000a95e:	6819      	ldr	r1, [r3, #0]
1000a960:	f7ff fefa 	bl	1000a758 <_malloc_trim_r>
1000a964:	e790      	b.n	1000a888 <_free_r+0x94>
1000a966:	4419      	add	r1, r3
1000a968:	e7c8      	b.n	1000a8fc <_free_r+0x108>
1000a96a:	2b14      	cmp	r3, #20
1000a96c:	d908      	bls.n	1000a980 <_free_r+0x18c>
1000a96e:	2b54      	cmp	r3, #84	@ 0x54
1000a970:	d81d      	bhi.n	1000a9ae <_free_r+0x1ba>
1000a972:	0b0b      	lsrs	r3, r1, #12
1000a974:	f103 006f 	add.w	r0, r3, #111	@ 0x6f
1000a978:	f103 026e 	add.w	r2, r3, #110	@ 0x6e
1000a97c:	00c3      	lsls	r3, r0, #3
1000a97e:	e7a1      	b.n	1000a8c4 <_free_r+0xd0>
1000a980:	f103 005c 	add.w	r0, r3, #92	@ 0x5c
1000a984:	f103 025b 	add.w	r2, r3, #91	@ 0x5b
1000a988:	00c3      	lsls	r3, r0, #3
1000a98a:	e79b      	b.n	1000a8c4 <_free_r+0xd0>
1000a98c:	f041 0301 	orr.w	r3, r1, #1
1000a990:	613d      	str	r5, [r7, #16]
1000a992:	617d      	str	r5, [r7, #20]
1000a994:	60a8      	str	r0, [r5, #8]
1000a996:	60e8      	str	r0, [r5, #12]
1000a998:	606b      	str	r3, [r5, #4]
1000a99a:	5069      	str	r1, [r5, r1]
1000a99c:	e774      	b.n	1000a888 <_free_r+0x94>
1000a99e:	2101      	movs	r1, #1
1000a9a0:	1092      	asrs	r2, r2, #2
1000a9a2:	fa01 f202 	lsl.w	r2, r1, r2
1000a9a6:	6879      	ldr	r1, [r7, #4]
1000a9a8:	430a      	orrs	r2, r1
1000a9aa:	607a      	str	r2, [r7, #4]
1000a9ac:	e799      	b.n	1000a8e2 <_free_r+0xee>
1000a9ae:	f5b3 7faa 	cmp.w	r3, #340	@ 0x154
1000a9b2:	d806      	bhi.n	1000a9c2 <_free_r+0x1ce>
1000a9b4:	0bcb      	lsrs	r3, r1, #15
1000a9b6:	f103 0078 	add.w	r0, r3, #120	@ 0x78
1000a9ba:	f103 0277 	add.w	r2, r3, #119	@ 0x77
1000a9be:	00c3      	lsls	r3, r0, #3
1000a9c0:	e780      	b.n	1000a8c4 <_free_r+0xd0>
1000a9c2:	f240 5254 	movw	r2, #1364	@ 0x554
1000a9c6:	4293      	cmp	r3, r2
1000a9c8:	d806      	bhi.n	1000a9d8 <_free_r+0x1e4>
1000a9ca:	0c8b      	lsrs	r3, r1, #18
1000a9cc:	f103 007d 	add.w	r0, r3, #125	@ 0x7d
1000a9d0:	f103 027c 	add.w	r2, r3, #124	@ 0x7c
1000a9d4:	00c3      	lsls	r3, r0, #3
1000a9d6:	e775      	b.n	1000a8c4 <_free_r+0xd0>
1000a9d8:	f44f 737e 	mov.w	r3, #1016	@ 0x3f8
1000a9dc:	227e      	movs	r2, #126	@ 0x7e
1000a9de:	e771      	b.n	1000a8c4 <_free_r+0xd0>
1000a9e0:	f041 0301 	orr.w	r3, r1, #1
1000a9e4:	606b      	str	r3, [r5, #4]
1000a9e6:	f8cc 1000 	str.w	r1, [ip]
1000a9ea:	e74d      	b.n	1000a888 <_free_r+0x94>
1000a9ec:	20000d30 	.word	0x20000d30
1000a9f0:	2000113c 	.word	0x2000113c
1000a9f4:	20001364 	.word	0x20001364

1000a9f8 <_fini>:
1000a9f8:	b5f8      	push	{r3, r4, r5, r6, r7, lr}
1000a9fa:	bf00      	nop
1000a9fc:	0000      	movs	r0, r0
	...

1000aa00 <__flash_range_program_veneer>:
1000aa00:	f85f f000 	ldr.w	pc, [pc]	@ 1000aa04 <__flash_range_program_veneer+0x4>
1000aa04:	200003f5 	.word	0x200003f5

1000aa08 <____popcountsi2_veneer>:
1000aa08:	f85f f000 	ldr.w	pc, [pc]	@ 1000aa0c <____popcountsi2_veneer+0x4>
1000aa0c:	20000505 	.word	0x20000505

1000aa10 <____aeabi_uldivmod_veneer>:
1000aa10:	f85f f000 	ldr.w	pc, [pc]	@ 1000aa14 <____aeabi_uldivmod_veneer+0x4>
1000aa14:	200004d5 	.word	0x200004d5

1000aa18 <__mutex_exit_veneer>:
1000aa18:	f85f f000 	ldr.w	pc, [pc]	@ 1000aa1c <__mutex_exit_veneer+0x4>
1000aa1c:	2000026d 	.word	0x2000026d

1000aa20 <__mutex_enter_blocking_veneer>:
1000aa20:	f85f f000 	ldr.w	pc, [pc]	@ 1000aa24 <__mutex_enter_blocking_veneer+0x4>
1000aa24:	20000111 	.word	0x20000111

1000aa28 <__flash_range_erase_veneer>:
1000aa28:	f85f f000 	ldr.w	pc, [pc]	@ 1000aa2c <__flash_range_erase_veneer+0x4>
1000aa2c:	20000345 	.word	0x20000345

1000aa30 <__mutex_try_enter_block_until_veneer>:
1000aa30:	f85f f000 	ldr.w	pc, [pc]	@ 1000aa34 <__mutex_try_enter_block_until_veneer+0x4>
1000aa34:	20000201 	.word	0x20000201

1000aa38 <__pre_init_runtime_init_bootrom_reset>:
1000aa38:	100012a9                                ....

1000aa3c <__pre_init_runtime_init_early_resets>:
1000aa3c:	1000121d                                ....

1000aa40 <__pre_init_runtime_init_usb_power_down>:
1000aa40:	10001251                                Q...

1000aa44 <__pre_init_runtime_init_clocks>:
1000aa44:	100012f5                                ....

1000aa48 <__pre_init_runtime_init_post_clock_resets>:
1000aa48:	10001289                                ....

1000aa4c <__pre_init_runtime_init_boot_locks_reset>:
1000aa4c:	100011a5                                ....

1000aa50 <__pre_init_runtime_init_spin_locks_reset>:
1000aa50:	100012d1                                ....

1000aa54 <__pre_init_runtime_init_bootrom_locking_enable>:
1000aa54:	10001191                                ....

1000aa58 <__pre_init_runtime_init_mutex>:
1000aa58:	100007d9                                ....

1000aa5c <__pre_init_runtime_init_install_ram_vector_table>:
1000aa5c:	100012d5                                ....

1000aa60 <__pre_init_runtime_init_default_alarm_pool>:
1000aa60:	10000b49                                I...

1000aa64 <__pre_init_first_per_core_initializer>:
1000aa64:	100011ed                                ....

1000aa68 <__pre_init_runtime_init_per_core_bootrom_reset>:
1000aa68:	100012bd                                ....

1000aa6c <__pre_init_runtime_init_per_core_enable_coprocessors>:
1000aa6c:	1000126d                                m...

1000aa70 <__pre_init_spinlock_set_extexclall>:
1000aa70:	10000421                                !...

1000aa74 <__pre_init_runtime_init_per_core_irq_priorities>:
1000aa74:	10000449                                I...

1000aa78 <__frame_dummy_init_array_entry>:
1000aa78:	1000025d                                ]...

Disassembly of section .data:

20000110 <mutex_enter_blocking>:
20000110:	f04f 4350 	mov.w	r3, #3489660928	@ 0xd0000000
20000114:	b510      	push	{r4, lr}
20000116:	6802      	ldr	r2, [r0, #0]
20000118:	f993 4000 	ldrsb.w	r4, [r3]
2000011c:	f3ef 8310 	mrs	r3, PRIMASK
20000120:	b672      	cpsid	i
20000122:	e8d2 cfcf 	ldaexb	ip, [r2]
20000126:	2101      	movs	r1, #1
20000128:	f1bc 0f00 	cmp.w	ip, #0
2000012c:	d1f9      	bne.n	20000122 <mutex_enter_blocking+0x12>
2000012e:	e8c2 1f4c 	strexb	ip, r1, [r2]
20000132:	f1bc 0f00 	cmp.w	ip, #0
20000136:	d1f4      	bne.n	20000122 <mutex_enter_blocking+0x12>
20000138:	f3bf 8f5f 	dmb	sy
2000013c:	f990 2004 	ldrsb.w	r2, [r0, #4]
20000140:	2a00      	cmp	r2, #0
20000142:	db1c      	blt.n	2000017e <mutex_enter_blocking+0x6e>
20000144:	2100      	movs	r1, #0
20000146:	6802      	ldr	r2, [r0, #0]
20000148:	e8c2 1f8f 	stlb	r1, [r2]
2000014c:	f383 8810 	msr	PRIMASK, r3
20000150:	bf20      	wfe
20000152:	6802      	ldr	r2, [r0, #0]
20000154:	f3ef 8310 	mrs	r3, PRIMASK
20000158:	b672      	cpsid	i
2000015a:	e8d2 efcf 	ldaexb	lr, [r2]
2000015e:	f05f 0c01 	movs.w	ip, #1
20000162:	f1be 0f00 	cmp.w	lr, #0
20000166:	d1f8      	bne.n	2000015a <mutex_enter_blocking+0x4a>
20000168:	e8c2 cf4e 	strexb	lr, ip, [r2]
2000016c:	f1be 0f00 	cmp.w	lr, #0
20000170:	d1f3      	bne.n	2000015a <mutex_enter_blocking+0x4a>
20000172:	f3bf 8f5f 	dmb	sy
20000176:	f990 2004 	ldrsb.w	r2, [r0, #4]
2000017a:	2a00      	cmp	r2, #0
2000017c:	dae3      	bge.n	20000146 <mutex_enter_blocking+0x36>
2000017e:	2200      	movs	r2, #0
20000180:	6801      	ldr	r1, [r0, #0]
20000182:	7104      	strb	r4, [r0, #4]
20000184:	e8c1 2f8f 	stlb	r2, [r1]
20000188:	f383 8810 	msr	PRIMASK, r3
2000018c:	bd10      	pop	{r4, pc}
2000018e:	bf00      	nop

20000190 <mutex_enter_block_until>:
20000190:	f04f 4150 	mov.w	r1, #3489660928	@ 0xd0000000
20000194:	e92d 41f0 	stmdb	sp!, {r4, r5, r6, r7, r8, lr}
20000198:	2700      	movs	r7, #0
2000019a:	4604      	mov	r4, r0
2000019c:	4616      	mov	r6, r2
2000019e:	461d      	mov	r5, r3
200001a0:	f8d1 8000 	ldr.w	r8, [r1]
200001a4:	e009      	b.n	200001ba <mutex_enter_block_until+0x2a>
200001a6:	6823      	ldr	r3, [r4, #0]
200001a8:	e8c3 7f8f 	stlb	r7, [r3]
200001ac:	f38c 8810 	msr	PRIMASK, ip
200001b0:	4630      	mov	r0, r6
200001b2:	4629      	mov	r1, r5
200001b4:	f000 fb3c 	bl	20000830 <__best_effort_wfe_or_timeout_veneer>
200001b8:	b9f0      	cbnz	r0, 200001f8 <mutex_enter_block_until+0x68>
200001ba:	6821      	ldr	r1, [r4, #0]
200001bc:	f3ef 8c10 	mrs	ip, PRIMASK
200001c0:	b672      	cpsid	i
200001c2:	e8d1 2fcf 	ldaexb	r2, [r1]
200001c6:	2301      	movs	r3, #1
200001c8:	2a00      	cmp	r2, #0
200001ca:	d1fa      	bne.n	200001c2 <mutex_enter_block_until+0x32>
200001cc:	e8c1 3f42 	strexb	r2, r3, [r1]
200001d0:	2a00      	cmp	r2, #0
200001d2:	d1f6      	bne.n	200001c2 <mutex_enter_block_until+0x32>
200001d4:	f3bf 8f5f 	dmb	sy
200001d8:	f994 e004 	ldrsb.w	lr, [r4, #4]
200001dc:	f1be 0f00 	cmp.w	lr, #0
200001e0:	dae1      	bge.n	200001a6 <mutex_enter_block_until+0x16>
200001e2:	2300      	movs	r3, #0
200001e4:	6822      	ldr	r2, [r4, #0]
200001e6:	f884 8004 	strb.w	r8, [r4, #4]
200001ea:	e8c2 3f8f 	stlb	r3, [r2]
200001ee:	f38c 8810 	msr	PRIMASK, ip
200001f2:	2001      	movs	r0, #1
200001f4:	e8bd 81f0 	ldmia.w	sp!, {r4, r5, r6, r7, r8, pc}
200001f8:	2000      	movs	r0, #0
200001fa:	e8bd 81f0 	ldmia.w	sp!, {r4, r5, r6, r7, r8, pc}
200001fe:	bf00      	nop

20000200 <mutex_try_enter_block_until>:
20000200:	b530      	push	{r4, r5, lr}
20000202:	4601      	mov	r1, r0
20000204:	6804      	ldr	r4, [r0, #0]
20000206:	f3ef 8c10 	mrs	ip, PRIMASK
2000020a:	b672      	cpsid	i
2000020c:	e8d4 efcf 	ldaexb	lr, [r4]
20000210:	2501      	movs	r5, #1
20000212:	f1be 0f00 	cmp.w	lr, #0
20000216:	d1f9      	bne.n	2000020c <mutex_try_enter_block_until+0xc>
20000218:	e8c4 5f4e 	strexb	lr, r5, [r4]
2000021c:	f1be 0f00 	cmp.w	lr, #0
20000220:	d1f4      	bne.n	2000020c <mutex_try_enter_block_until+0xc>
20000222:	f3bf 8f5f 	dmb	sy
20000226:	f990 4004 	ldrsb.w	r4, [r0, #4]
2000022a:	2c00      	cmp	r4, #0
2000022c:	db11      	blt.n	20000252 <mutex_try_enter_block_until+0x52>
2000022e:	2100      	movs	r1, #0
20000230:	6805      	ldr	r5, [r0, #0]
20000232:	e8c5 1f8f 	stlb	r1, [r5]
20000236:	f38c 8810 	msr	PRIMASK, ip
2000023a:	f04f 4c50 	mov.w	ip, #3489660928	@ 0xd0000000
2000023e:	f99c c000 	ldrsb.w	ip, [ip]
20000242:	45a4      	cmp	ip, r4
20000244:	d101      	bne.n	2000024a <mutex_try_enter_block_until+0x4a>
20000246:	4608      	mov	r0, r1
20000248:	bd30      	pop	{r4, r5, pc}
2000024a:	e8bd 4030 	ldmia.w	sp!, {r4, r5, lr}
2000024e:	f7ff bf9f 	b.w	20000190 <mutex_enter_block_until>
20000252:	f04f 4050 	mov.w	r0, #3489660928	@ 0xd0000000
20000256:	6800      	ldr	r0, [r0, #0]
20000258:	2300      	movs	r3, #0
2000025a:	680a      	ldr	r2, [r1, #0]
2000025c:	7108      	strb	r0, [r1, #4]
2000025e:	e8c2 3f8f 	stlb	r3, [r2]
20000262:	f38c 8810 	msr	PRIMASK, ip
20000266:	2001      	movs	r0, #1
20000268:	bd30      	pop	{r4, r5, pc}
2000026a:	bf00      	nop

2000026c <mutex_exit>:
2000026c:	6803      	ldr	r3, [r0, #0]
2000026e:	f3ef 8210 	mrs	r2, PRIMASK
20000272:	b672      	cpsid	i
20000274:	e8d3 cfcf 	ldaexb	ip, [r3]
20000278:	2101      	movs	r1, #1
2000027a:	f1bc 0f00 	cmp.w	ip, #0
2000027e:	d1f9      	bne.n	20000274 <mutex_exit+0x8>
20000280:	e8c3 1f4c 	strexb	ip, r1, [r3]
20000284:	f1bc 0f00 	cmp.w	ip, #0
20000288:	d1f4      	bne.n	20000274 <mutex_exit+0x8>
2000028a:	f3bf 8f5f 	dmb	sy
2000028e:	f04f 0cff 	mov.w	ip, #255	@ 0xff
20000292:	2300      	movs	r3, #0
20000294:	6801      	ldr	r1, [r0, #0]
20000296:	f880 c004 	strb.w	ip, [r0, #4]
2000029a:	e8c1 3f8f 	stlb	r3, [r1]
2000029e:	f382 8810 	msr	PRIMASK, r2
200002a2:	bf40      	sev
200002a4:	4770      	bx	lr
200002a6:	bf00      	nop

200002a8 <flash_init_boot2_copyout>:
200002a8:	b410      	push	{r4}
200002aa:	4c0a      	ldr	r4, [pc, #40]	@ (200002d4 <flash_init_boot2_copyout+0x2c>)
200002ac:	7823      	ldrb	r3, [r4, #0]
200002ae:	b96b      	cbnz	r3, 200002cc <flash_init_boot2_copyout+0x24>
200002b0:	4b09      	ldr	r3, [pc, #36]	@ (200002d8 <flash_init_boot2_copyout+0x30>)
200002b2:	f1c3 4180 	rsb	r1, r3, #1073741824	@ 0x40000000
200002b6:	f503 7080 	add.w	r0, r3, #256	@ 0x100
200002ba:	f501 2160 	add.w	r1, r1, #917504	@ 0xe0000
200002be:	58ca      	ldr	r2, [r1, r3]
200002c0:	f843 2f04 	str.w	r2, [r3, #4]!
200002c4:	4283      	cmp	r3, r0
200002c6:	d1fa      	bne.n	200002be <flash_init_boot2_copyout+0x16>
200002c8:	2301      	movs	r3, #1
200002ca:	7023      	strb	r3, [r4, #0]
200002cc:	f85d 4b04 	ldr.w	r4, [sp], #4
200002d0:	4770      	bx	lr
200002d2:	bf00      	nop
200002d4:	2000152c 	.word	0x2000152c
200002d8:	200013b8 	.word	0x200013b8

200002dc <flash_enable_xip_via_boot2>:
200002dc:	4b00      	ldr	r3, [pc, #0]	@ (200002e0 <flash_enable_xip_via_boot2+0x4>)
200002de:	4718      	bx	r3
200002e0:	200013bd 	.word	0x200013bd

200002e4 <flash_rp2350_save_qmi_cs1>:
200002e4:	4b03      	ldr	r3, [pc, #12]	@ (200002f4 <flash_rp2350_save_qmi_cs1+0x10>)
200002e6:	6a1a      	ldr	r2, [r3, #32]
200002e8:	6002      	str	r2, [r0, #0]
200002ea:	6a9a      	ldr	r2, [r3, #40]	@ 0x28
200002ec:	6042      	str	r2, [r0, #4]
200002ee:	6a5b      	ldr	r3, [r3, #36]	@ 0x24
200002f0:	6083      	str	r3, [r0, #8]
200002f2:	4770      	bx	lr
200002f4:	400d0000 	.word	0x400d0000

200002f8 <flash_devinfo_get_cs_size>:
200002f8:	b510      	push	{r4, lr}
200002fa:	4604      	mov	r4, r0
200002fc:	f244 4046 	movw	r0, #17478	@ 0x4446
20000300:	f000 fa8e 	bl	20000820 <__rom_data_lookup_veneer>
20000304:	b124      	cbz	r4, 20000310 <flash_devinfo_get_cs_size+0x18>
20000306:	6803      	ldr	r3, [r0, #0]
20000308:	8818      	ldrh	r0, [r3, #0]
2000030a:	f3c0 3003 	ubfx	r0, r0, #12, #4
2000030e:	bd10      	pop	{r4, pc}
20000310:	200a      	movs	r0, #10
20000312:	bd10      	pop	{r4, pc}

20000314 <flash_rp2350_restore_qmi_cs1>:
20000314:	b510      	push	{r4, lr}
20000316:	4604      	mov	r4, r0
20000318:	2001      	movs	r0, #1
2000031a:	f7ff ffed 	bl	200002f8 <flash_devinfo_get_cs_size>
2000031e:	b938      	cbnz	r0, 20000330 <flash_rp2350_restore_qmi_cs1+0x1c>
20000320:	6822      	ldr	r2, [r4, #0]
20000322:	4b07      	ldr	r3, [pc, #28]	@ (20000340 <flash_rp2350_restore_qmi_cs1+0x2c>)
20000324:	621a      	str	r2, [r3, #32]
20000326:	6862      	ldr	r2, [r4, #4]
20000328:	629a      	str	r2, [r3, #40]	@ 0x28
2000032a:	68a2      	ldr	r2, [r4, #8]
2000032c:	625a      	str	r2, [r3, #36]	@ 0x24
2000032e:	bd10      	pop	{r4, pc}
20000330:	f44f 5180 	mov.w	r1, #4096	@ 0x1000
20000334:	f24a 0202 	movw	r2, #40962	@ 0xa002
20000338:	4b01      	ldr	r3, [pc, #4]	@ (20000340 <flash_rp2350_restore_qmi_cs1+0x2c>)
2000033a:	62d9      	str	r1, [r3, #44]	@ 0x2c
2000033c:	631a      	str	r2, [r3, #48]	@ 0x30
2000033e:	bd10      	pop	{r4, pc}
20000340:	400d0000 	.word	0x400d0000

20000344 <flash_range_erase>:
20000344:	e92d 43f0 	stmdb	sp!, {r4, r5, r6, r7, r8, r9, lr}
20000348:	1843      	adds	r3, r0, r1
2000034a:	f5b3 0f80 	cmp.w	r3, #4194304	@ 0x400000
2000034e:	4604      	mov	r4, r0
20000350:	460d      	mov	r5, r1
20000352:	b085      	sub	sp, #20
20000354:	d84b      	bhi.n	200003ee <flash_range_erase+0xaa>
20000356:	2300      	movs	r3, #0
20000358:	8adb      	ldrh	r3, [r3, #22]
2000035a:	2200      	movs	r2, #0
2000035c:	e842 f200 	tt	r2, r2
20000360:	0256      	lsls	r6, r2, #9
20000362:	bf54      	ite	pl
20000364:	2110      	movpl	r1, #16
20000366:	2104      	movmi	r1, #4
20000368:	f244 6049 	movw	r0, #17993	@ 0x4649
2000036c:	4798      	blx	r3
2000036e:	2300      	movs	r3, #0
20000370:	4681      	mov	r9, r0
20000372:	8adb      	ldrh	r3, [r3, #22]
20000374:	2200      	movs	r2, #0
20000376:	e842 f200 	tt	r2, r2
2000037a:	0250      	lsls	r0, r2, #9
2000037c:	bf54      	ite	pl
2000037e:	2110      	movpl	r1, #16
20000380:	2104      	movmi	r1, #4
20000382:	f645 0045 	movw	r0, #22597	@ 0x5845
20000386:	4798      	blx	r3
20000388:	2300      	movs	r3, #0
2000038a:	4680      	mov	r8, r0
2000038c:	8adb      	ldrh	r3, [r3, #22]
2000038e:	2200      	movs	r2, #0
20000390:	e842 f200 	tt	r2, r2
20000394:	0251      	lsls	r1, r2, #9
20000396:	bf54      	ite	pl
20000398:	2110      	movpl	r1, #16
2000039a:	2104      	movmi	r1, #4
2000039c:	f244 5052 	movw	r0, #17746	@ 0x4552
200003a0:	4798      	blx	r3
200003a2:	2300      	movs	r3, #0
200003a4:	4607      	mov	r7, r0
200003a6:	8adb      	ldrh	r3, [r3, #22]
200003a8:	2200      	movs	r2, #0
200003aa:	e842 f200 	tt	r2, r2
200003ae:	0252      	lsls	r2, r2, #9
200003b0:	bf54      	ite	pl
200003b2:	2110      	movpl	r1, #16
200003b4:	2104      	movmi	r1, #4
200003b6:	f244 3046 	movw	r0, #17222	@ 0x4346
200003ba:	4798      	blx	r3
200003bc:	4606      	mov	r6, r0
200003be:	f7ff ff73 	bl	200002a8 <flash_init_boot2_copyout>
200003c2:	f000 f87f 	bl	200004c4 <xip_cache_clean_all>
200003c6:	a801      	add	r0, sp, #4
200003c8:	f7ff ff8c 	bl	200002e4 <flash_rp2350_save_qmi_cs1>
200003cc:	47c8      	blx	r9
200003ce:	47c0      	blx	r8
200003d0:	4629      	mov	r1, r5
200003d2:	4620      	mov	r0, r4
200003d4:	23d8      	movs	r3, #216	@ 0xd8
200003d6:	f44f 3280 	mov.w	r2, #65536	@ 0x10000
200003da:	47b8      	blx	r7
200003dc:	47b0      	blx	r6
200003de:	f7ff ff7d 	bl	200002dc <flash_enable_xip_via_boot2>
200003e2:	a801      	add	r0, sp, #4
200003e4:	f7ff ff96 	bl	20000314 <flash_rp2350_restore_qmi_cs1>
200003e8:	b005      	add	sp, #20
200003ea:	e8bd 83f0 	ldmia.w	sp!, {r4, r5, r6, r7, r8, r9, pc}
200003ee:	f000 fa1b 	bl	20000828 <__hard_assertion_failure_veneer>
200003f2:	e7b0      	b.n	20000356 <flash_range_erase+0x12>

200003f4 <flash_range_program>:
200003f4:	e92d 47f0 	stmdb	sp!, {r4, r5, r6, r7, r8, r9, sl, lr}
200003f8:	1883      	adds	r3, r0, r2
200003fa:	f5b3 0f80 	cmp.w	r3, #4194304	@ 0x400000
200003fe:	4604      	mov	r4, r0
20000400:	4615      	mov	r5, r2
20000402:	4688      	mov	r8, r1
20000404:	b084      	sub	sp, #16
20000406:	d849      	bhi.n	2000049c <flash_range_program+0xa8>
20000408:	2300      	movs	r3, #0
2000040a:	8adb      	ldrh	r3, [r3, #22]
2000040c:	2200      	movs	r2, #0
2000040e:	e842 f200 	tt	r2, r2
20000412:	0256      	lsls	r6, r2, #9
20000414:	bf54      	ite	pl
20000416:	2110      	movpl	r1, #16
20000418:	2104      	movmi	r1, #4
2000041a:	f244 6049 	movw	r0, #17993	@ 0x4649
2000041e:	4798      	blx	r3
20000420:	2300      	movs	r3, #0
20000422:	4682      	mov	sl, r0
20000424:	8adb      	ldrh	r3, [r3, #22]
20000426:	2200      	movs	r2, #0
20000428:	e842 f200 	tt	r2, r2
2000042c:	0250      	lsls	r0, r2, #9
2000042e:	bf54      	ite	pl
20000430:	2110      	movpl	r1, #16
20000432:	2104      	movmi	r1, #4
20000434:	f645 0045 	movw	r0, #22597	@ 0x5845
20000438:	4798      	blx	r3
2000043a:	2300      	movs	r3, #0
2000043c:	4681      	mov	r9, r0
2000043e:	8adb      	ldrh	r3, [r3, #22]
20000440:	2200      	movs	r2, #0
20000442:	e842 f200 	tt	r2, r2
20000446:	0251      	lsls	r1, r2, #9
20000448:	bf54      	ite	pl
2000044a:	2110      	movpl	r1, #16
2000044c:	2104      	movmi	r1, #4
2000044e:	f245 0052 	movw	r0, #20562	@ 0x5052
20000452:	4798      	blx	r3
20000454:	2300      	movs	r3, #0
20000456:	4607      	mov	r7, r0
20000458:	8adb      	ldrh	r3, [r3, #22]
2000045a:	2200      	movs	r2, #0
2000045c:	e842 f200 	tt	r2, r2
20000460:	0252      	lsls	r2, r2, #9
20000462:	bf54      	ite	pl
20000464:	2110      	movpl	r1, #16
20000466:	2104      	movmi	r1, #4
20000468:	f244 3046 	movw	r0, #17222	@ 0x4346
2000046c:	4798      	blx	r3
2000046e:	4606      	mov	r6, r0
20000470:	f7ff ff1a 	bl	200002a8 <flash_init_boot2_copyout>
20000474:	f000 f826 	bl	200004c4 <xip_cache_clean_all>
20000478:	a801      	add	r0, sp, #4
2000047a:	f7ff ff33 	bl	200002e4 <flash_rp2350_save_qmi_cs1>
2000047e:	47d0      	blx	sl
20000480:	47c8      	blx	r9
20000482:	462a      	mov	r2, r5
20000484:	4641      	mov	r1, r8
20000486:	4620      	mov	r0, r4
20000488:	47b8      	blx	r7
2000048a:	47b0      	blx	r6
2000048c:	f7ff ff26 	bl	200002dc <flash_enable_xip_via_boot2>
20000490:	a801      	add	r0, sp, #4
20000492:	f7ff ff3f 	bl	20000314 <flash_rp2350_restore_qmi_cs1>
20000496:	b004      	add	sp, #16
20000498:	e8bd 87f0 	ldmia.w	sp!, {r4, r5, r6, r7, r8, r9, sl, pc}
2000049c:	f000 f9c4 	bl	20000828 <__hard_assertion_failure_veneer>
200004a0:	e7b2      	b.n	20000408 <flash_range_program+0x14>
200004a2:	bf00      	nop

200004a4 <xip_cache_maintain>:
200004a4:	4401      	add	r1, r0
200004a6:	4288      	cmp	r0, r1
200004a8:	d206      	bcs.n	200004b8 <xip_cache_maintain+0x14>
200004aa:	2300      	movs	r3, #0
200004ac:	f102 52c0 	add.w	r2, r2, #402653184	@ 0x18000000
200004b0:	5413      	strb	r3, [r2, r0]
200004b2:	3008      	adds	r0, #8
200004b4:	4281      	cmp	r1, r0
200004b6:	d8fb      	bhi.n	200004b0 <xip_cache_maintain+0xc>
200004b8:	f3bf 8f4f 	dsb	sy
200004bc:	f3bf 8f6f 	isb	sy
200004c0:	4770      	bx	lr
200004c2:	bf00      	nop

200004c4 <xip_cache_clean_all>:
200004c4:	2201      	movs	r2, #1
200004c6:	f44f 4180 	mov.w	r1, #16384	@ 0x4000
200004ca:	4801      	ldr	r0, [pc, #4]	@ (200004d0 <xip_cache_clean_all+0xc>)
200004cc:	f7ff bfea 	b.w	200004a4 <xip_cache_maintain>
200004d0:	03ffc000 	.word	0x03ffc000

200004d4 <__aeabi_uldivmod>:
200004d4:	b953      	cbnz	r3, 200004ec <__aeabi_uldivmod+0x18>
200004d6:	b94a      	cbnz	r2, 200004ec <__aeabi_uldivmod+0x18>
200004d8:	2900      	cmp	r1, #0
200004da:	bf08      	it	eq
200004dc:	2800      	cmpeq	r0, #0
200004de:	bf1c      	itt	ne
200004e0:	f04f 31ff 	movne.w	r1, #4294967295	@ 0xffffffff
200004e4:	f04f 30ff 	movne.w	r0, #4294967295	@ 0xffffffff
200004e8:	f000 b996 	b.w	20000818 <__aeabi_idiv0>
200004ec:	f1ad 0c08 	sub.w	ip, sp, #8
200004f0:	e96d ce04 	strd	ip, lr, [sp, #-16]!
200004f4:	f000 f81a 	bl	2000052c <__udivmoddi4>
200004f8:	f8dd e004 	ldr.w	lr, [sp, #4]
200004fc:	e9dd 2302 	ldrd	r2, r3, [sp, #8]
20000500:	b004      	add	sp, #16
20000502:	4770      	bx	lr

20000504 <__popcountsi2>:
20000504:	0843      	lsrs	r3, r0, #1
20000506:	f003 3355 	and.w	r3, r3, #1431655765	@ 0x55555555
2000050a:	1ac0      	subs	r0, r0, r3
2000050c:	0883      	lsrs	r3, r0, #2
2000050e:	f000 3033 	and.w	r0, r0, #858993459	@ 0x33333333
20000512:	f003 3333 	and.w	r3, r3, #858993459	@ 0x33333333
20000516:	4418      	add	r0, r3
20000518:	eb00 1010 	add.w	r0, r0, r0, lsr #4
2000051c:	f000 300f 	and.w	r0, r0, #252645135	@ 0xf0f0f0f
20000520:	eb00 2000 	add.w	r0, r0, r0, lsl #8
20000524:	eb00 4000 	add.w	r0, r0, r0, lsl #16
20000528:	0e00      	lsrs	r0, r0, #24
2000052a:	4770      	bx	lr

2000052c <__udivmoddi4>:
2000052c:	e92d 4ff0 	stmdb	sp!, {r4, r5, r6, r7, r8, r9, sl, fp, lr}
20000530:	9d09      	ldr	r5, [sp, #36]	@ 0x24
20000532:	460c      	mov	r4, r1
20000534:	2b00      	cmp	r3, #0
20000536:	d14d      	bne.n	200005d4 <__udivmoddi4+0xa8>
20000538:	428a      	cmp	r2, r1
2000053a:	460f      	mov	r7, r1
2000053c:	4684      	mov	ip, r0
2000053e:	4696      	mov	lr, r2
20000540:	fab2 f382 	clz	r3, r2
20000544:	d960      	bls.n	20000608 <__udivmoddi4+0xdc>
20000546:	b14b      	cbz	r3, 2000055c <__udivmoddi4+0x30>
20000548:	fa02 fe03 	lsl.w	lr, r2, r3
2000054c:	f1c3 0220 	rsb	r2, r3, #32
20000550:	409f      	lsls	r7, r3
20000552:	fa00 fc03 	lsl.w	ip, r0, r3
20000556:	fa20 f202 	lsr.w	r2, r0, r2
2000055a:	4317      	orrs	r7, r2
2000055c:	ea4f 461e 	mov.w	r6, lr, lsr #16
20000560:	fa1f f48e 	uxth.w	r4, lr
20000564:	ea4f 421c 	mov.w	r2, ip, lsr #16
20000568:	fbb7 f1f6 	udiv	r1, r7, r6
2000056c:	fb06 7711 	mls	r7, r6, r1, r7
20000570:	fb01 f004 	mul.w	r0, r1, r4
20000574:	ea42 4207 	orr.w	r2, r2, r7, lsl #16
20000578:	4290      	cmp	r0, r2
2000057a:	d908      	bls.n	2000058e <__udivmoddi4+0x62>
2000057c:	eb1e 0202 	adds.w	r2, lr, r2
20000580:	f101 37ff 	add.w	r7, r1, #4294967295	@ 0xffffffff
20000584:	d202      	bcs.n	2000058c <__udivmoddi4+0x60>
20000586:	4290      	cmp	r0, r2
20000588:	f200 8131 	bhi.w	200007ee <__udivmoddi4+0x2c2>
2000058c:	4639      	mov	r1, r7
2000058e:	1a12      	subs	r2, r2, r0
20000590:	fa1f fc8c 	uxth.w	ip, ip
20000594:	fbb2 f0f6 	udiv	r0, r2, r6
20000598:	fb06 2210 	mls	r2, r6, r0, r2
2000059c:	fb00 f404 	mul.w	r4, r0, r4
200005a0:	ea4c 4c02 	orr.w	ip, ip, r2, lsl #16
200005a4:	4564      	cmp	r4, ip
200005a6:	d908      	bls.n	200005ba <__udivmoddi4+0x8e>
200005a8:	eb1e 0c0c 	adds.w	ip, lr, ip
200005ac:	f100 32ff 	add.w	r2, r0, #4294967295	@ 0xffffffff
200005b0:	d202      	bcs.n	200005b8 <__udivmoddi4+0x8c>
200005b2:	4564      	cmp	r4, ip
200005b4:	f200 811e 	bhi.w	200007f4 <__udivmoddi4+0x2c8>
200005b8:	4610      	mov	r0, r2
200005ba:	ea40 4001 	orr.w	r0, r0, r1, lsl #16
200005be:	ebac 0c04 	sub.w	ip, ip, r4
200005c2:	2100      	movs	r1, #0
200005c4:	b125      	cbz	r5, 200005d0 <__udivmoddi4+0xa4>
200005c6:	fa2c f303 	lsr.w	r3, ip, r3
200005ca:	2200      	movs	r2, #0
200005cc:	e9c5 3200 	strd	r3, r2, [r5]
200005d0:	e8bd 8ff0 	ldmia.w	sp!, {r4, r5, r6, r7, r8, r9, sl, fp, pc}
200005d4:	428b      	cmp	r3, r1
200005d6:	d905      	bls.n	200005e4 <__udivmoddi4+0xb8>
200005d8:	b10d      	cbz	r5, 200005de <__udivmoddi4+0xb2>
200005da:	e9c5 0100 	strd	r0, r1, [r5]
200005de:	2100      	movs	r1, #0
200005e0:	4608      	mov	r0, r1
200005e2:	e7f5      	b.n	200005d0 <__udivmoddi4+0xa4>
200005e4:	fab3 f183 	clz	r1, r3
200005e8:	2900      	cmp	r1, #0
200005ea:	d14d      	bne.n	20000688 <__udivmoddi4+0x15c>
200005ec:	42a3      	cmp	r3, r4
200005ee:	f0c0 80f3 	bcc.w	200007d8 <__udivmoddi4+0x2ac>
200005f2:	4290      	cmp	r0, r2
200005f4:	f080 80f0 	bcs.w	200007d8 <__udivmoddi4+0x2ac>
200005f8:	4606      	mov	r6, r0
200005fa:	4623      	mov	r3, r4
200005fc:	4608      	mov	r0, r1
200005fe:	2d00      	cmp	r5, #0
20000600:	d0e6      	beq.n	200005d0 <__udivmoddi4+0xa4>
20000602:	e9c5 6300 	strd	r6, r3, [r5]
20000606:	e7e3      	b.n	200005d0 <__udivmoddi4+0xa4>
20000608:	2b00      	cmp	r3, #0
2000060a:	f040 80a3 	bne.w	20000754 <__udivmoddi4+0x228>
2000060e:	1a8a      	subs	r2, r1, r2
20000610:	ea4f 471e 	mov.w	r7, lr, lsr #16
20000614:	fa1f f68e 	uxth.w	r6, lr
20000618:	2101      	movs	r1, #1
2000061a:	fbb2 f4f7 	udiv	r4, r2, r7
2000061e:	fb07 2014 	mls	r0, r7, r4, r2
20000622:	ea4f 421c 	mov.w	r2, ip, lsr #16
20000626:	ea42 4200 	orr.w	r2, r2, r0, lsl #16
2000062a:	fb06 f004 	mul.w	r0, r6, r4
2000062e:	4290      	cmp	r0, r2
20000630:	d90f      	bls.n	20000652 <__udivmoddi4+0x126>
20000632:	eb1e 0202 	adds.w	r2, lr, r2
20000636:	f104 38ff 	add.w	r8, r4, #4294967295	@ 0xffffffff
2000063a:	bf2c      	ite	cs
2000063c:	f04f 0901 	movcs.w	r9, #1
20000640:	f04f 0900 	movcc.w	r9, #0
20000644:	4290      	cmp	r0, r2
20000646:	d903      	bls.n	20000650 <__udivmoddi4+0x124>
20000648:	f1b9 0f00 	cmp.w	r9, #0
2000064c:	f000 80cc 	beq.w	200007e8 <__udivmoddi4+0x2bc>
20000650:	4644      	mov	r4, r8
20000652:	1a12      	subs	r2, r2, r0
20000654:	fa1f fc8c 	uxth.w	ip, ip
20000658:	fbb2 f0f7 	udiv	r0, r2, r7
2000065c:	fb07 2210 	mls	r2, r7, r0, r2
20000660:	fb00 f606 	mul.w	r6, r0, r6
20000664:	ea4c 4c02 	orr.w	ip, ip, r2, lsl #16
20000668:	4566      	cmp	r6, ip
2000066a:	d908      	bls.n	2000067e <__udivmoddi4+0x152>
2000066c:	eb1e 0c0c 	adds.w	ip, lr, ip
20000670:	f100 32ff 	add.w	r2, r0, #4294967295	@ 0xffffffff
20000674:	d202      	bcs.n	2000067c <__udivmoddi4+0x150>
20000676:	4566      	cmp	r6, ip
20000678:	f200 80b3 	bhi.w	200007e2 <__udivmoddi4+0x2b6>
2000067c:	4610      	mov	r0, r2
2000067e:	ebac 0c06 	sub.w	ip, ip, r6
20000682:	ea40 4004 	orr.w	r0, r0, r4, lsl #16
20000686:	e79d      	b.n	200005c4 <__udivmoddi4+0x98>
20000688:	f1c1 0620 	rsb	r6, r1, #32
2000068c:	408b      	lsls	r3, r1
2000068e:	fa04 fe01 	lsl.w	lr, r4, r1
20000692:	fa22 f706 	lsr.w	r7, r2, r6
20000696:	fa20 fc06 	lsr.w	ip, r0, r6
2000069a:	40f4      	lsrs	r4, r6
2000069c:	408a      	lsls	r2, r1
2000069e:	431f      	orrs	r7, r3
200006a0:	ea4e 030c 	orr.w	r3, lr, ip
200006a4:	fa00 fe01 	lsl.w	lr, r0, r1
200006a8:	ea4f 4817 	mov.w	r8, r7, lsr #16
200006ac:	ea4f 4913 	mov.w	r9, r3, lsr #16
200006b0:	fa1f fc87 	uxth.w	ip, r7
200006b4:	fbb4 f0f8 	udiv	r0, r4, r8
200006b8:	fb08 4410 	mls	r4, r8, r0, r4
200006bc:	ea49 4404 	orr.w	r4, r9, r4, lsl #16
200006c0:	fb00 f90c 	mul.w	r9, r0, ip
200006c4:	45a1      	cmp	r9, r4
200006c6:	d90e      	bls.n	200006e6 <__udivmoddi4+0x1ba>
200006c8:	193c      	adds	r4, r7, r4
200006ca:	f100 3aff 	add.w	sl, r0, #4294967295	@ 0xffffffff
200006ce:	bf2c      	ite	cs
200006d0:	f04f 0b01 	movcs.w	fp, #1
200006d4:	f04f 0b00 	movcc.w	fp, #0
200006d8:	45a1      	cmp	r9, r4
200006da:	d903      	bls.n	200006e4 <__udivmoddi4+0x1b8>
200006dc:	f1bb 0f00 	cmp.w	fp, #0
200006e0:	f000 808b 	beq.w	200007fa <__udivmoddi4+0x2ce>
200006e4:	4650      	mov	r0, sl
200006e6:	eba4 0409 	sub.w	r4, r4, r9
200006ea:	fa1f f983 	uxth.w	r9, r3
200006ee:	fbb4 f3f8 	udiv	r3, r4, r8
200006f2:	fb08 4413 	mls	r4, r8, r3, r4
200006f6:	fb03 fc0c 	mul.w	ip, r3, ip
200006fa:	ea49 4404 	orr.w	r4, r9, r4, lsl #16
200006fe:	45a4      	cmp	ip, r4
20000700:	d906      	bls.n	20000710 <__udivmoddi4+0x1e4>
20000702:	193c      	adds	r4, r7, r4
20000704:	f103 38ff 	add.w	r8, r3, #4294967295	@ 0xffffffff
20000708:	d201      	bcs.n	2000070e <__udivmoddi4+0x1e2>
2000070a:	45a4      	cmp	ip, r4
2000070c:	d87b      	bhi.n	20000806 <__udivmoddi4+0x2da>
2000070e:	4643      	mov	r3, r8
20000710:	ea43 4000 	orr.w	r0, r3, r0, lsl #16
20000714:	eba4 040c 	sub.w	r4, r4, ip
20000718:	fba0 9802 	umull	r9, r8, r0, r2
2000071c:	4544      	cmp	r4, r8
2000071e:	46cc      	mov	ip, r9
20000720:	4643      	mov	r3, r8
20000722:	d302      	bcc.n	2000072a <__udivmoddi4+0x1fe>
20000724:	d106      	bne.n	20000734 <__udivmoddi4+0x208>
20000726:	45ce      	cmp	lr, r9
20000728:	d204      	bcs.n	20000734 <__udivmoddi4+0x208>
2000072a:	3801      	subs	r0, #1
2000072c:	ebb9 0c02 	subs.w	ip, r9, r2
20000730:	eb68 0307 	sbc.w	r3, r8, r7
20000734:	2d00      	cmp	r5, #0
20000736:	d06c      	beq.n	20000812 <__udivmoddi4+0x2e6>
20000738:	ebbe 020c 	subs.w	r2, lr, ip
2000073c:	eb64 0403 	sbc.w	r4, r4, r3
20000740:	fa22 f301 	lsr.w	r3, r2, r1
20000744:	fa04 f606 	lsl.w	r6, r4, r6
20000748:	40cc      	lsrs	r4, r1
2000074a:	2100      	movs	r1, #0
2000074c:	431e      	orrs	r6, r3
2000074e:	e9c5 6400 	strd	r6, r4, [r5]
20000752:	e73d      	b.n	200005d0 <__udivmoddi4+0xa4>
20000754:	fa02 fe03 	lsl.w	lr, r2, r3
20000758:	f1c3 0120 	rsb	r1, r3, #32
2000075c:	fa04 f203 	lsl.w	r2, r4, r3
20000760:	fa00 fc03 	lsl.w	ip, r0, r3
20000764:	40cc      	lsrs	r4, r1
20000766:	ea4f 471e 	mov.w	r7, lr, lsr #16
2000076a:	fa20 f101 	lsr.w	r1, r0, r1
2000076e:	fa1f f68e 	uxth.w	r6, lr
20000772:	fbb4 f0f7 	udiv	r0, r4, r7
20000776:	430a      	orrs	r2, r1
20000778:	fb07 4410 	mls	r4, r7, r0, r4
2000077c:	0c11      	lsrs	r1, r2, #16
2000077e:	ea41 4104 	orr.w	r1, r1, r4, lsl #16
20000782:	fb00 f406 	mul.w	r4, r0, r6
20000786:	428c      	cmp	r4, r1
20000788:	d90e      	bls.n	200007a8 <__udivmoddi4+0x27c>
2000078a:	eb1e 0101 	adds.w	r1, lr, r1
2000078e:	f100 38ff 	add.w	r8, r0, #4294967295	@ 0xffffffff
20000792:	bf2c      	ite	cs
20000794:	f04f 0901 	movcs.w	r9, #1
20000798:	f04f 0900 	movcc.w	r9, #0
2000079c:	428c      	cmp	r4, r1
2000079e:	d902      	bls.n	200007a6 <__udivmoddi4+0x27a>
200007a0:	f1b9 0f00 	cmp.w	r9, #0
200007a4:	d02c      	beq.n	20000800 <__udivmoddi4+0x2d4>
200007a6:	4640      	mov	r0, r8
200007a8:	1b09      	subs	r1, r1, r4
200007aa:	b292      	uxth	r2, r2
200007ac:	fbb1 f4f7 	udiv	r4, r1, r7
200007b0:	fb07 1114 	mls	r1, r7, r4, r1
200007b4:	ea42 4201 	orr.w	r2, r2, r1, lsl #16
200007b8:	fb04 f106 	mul.w	r1, r4, r6
200007bc:	4291      	cmp	r1, r2
200007be:	d907      	bls.n	200007d0 <__udivmoddi4+0x2a4>
200007c0:	eb1e 0202 	adds.w	r2, lr, r2
200007c4:	f104 38ff 	add.w	r8, r4, #4294967295	@ 0xffffffff
200007c8:	d201      	bcs.n	200007ce <__udivmoddi4+0x2a2>
200007ca:	4291      	cmp	r1, r2
200007cc:	d81e      	bhi.n	2000080c <__udivmoddi4+0x2e0>
200007ce:	4644      	mov	r4, r8
200007d0:	1a52      	subs	r2, r2, r1
200007d2:	ea44 4100 	orr.w	r1, r4, r0, lsl #16
200007d6:	e720      	b.n	2000061a <__udivmoddi4+0xee>
200007d8:	1a86      	subs	r6, r0, r2
200007da:	eb64 0303 	sbc.w	r3, r4, r3
200007de:	2001      	movs	r0, #1
200007e0:	e70d      	b.n	200005fe <__udivmoddi4+0xd2>
200007e2:	44f4      	add	ip, lr
200007e4:	3802      	subs	r0, #2
200007e6:	e74a      	b.n	2000067e <__udivmoddi4+0x152>
200007e8:	3c02      	subs	r4, #2
200007ea:	4472      	add	r2, lr
200007ec:	e731      	b.n	20000652 <__udivmoddi4+0x126>
200007ee:	3902      	subs	r1, #2
200007f0:	4472      	add	r2, lr
200007f2:	e6cc      	b.n	2000058e <__udivmoddi4+0x62>
200007f4:	44f4      	add	ip, lr
200007f6:	3802      	subs	r0, #2
200007f8:	e6df      	b.n	200005ba <__udivmoddi4+0x8e>
200007fa:	3802      	subs	r0, #2
200007fc:	443c      	add	r4, r7
200007fe:	e772      	b.n	200006e6 <__udivmoddi4+0x1ba>
20000800:	3802      	subs	r0, #2
20000802:	4471      	add	r1, lr
20000804:	e7d0      	b.n	200007a8 <__udivmoddi4+0x27c>
20000806:	3b02      	subs	r3, #2
20000808:	443c      	add	r4, r7
2000080a:	e781      	b.n	20000710 <__udivmoddi4+0x1e4>
2000080c:	3c02      	subs	r4, #2
2000080e:	4472      	add	r2, lr
20000810:	e7de      	b.n	200007d0 <__udivmoddi4+0x2a4>
20000812:	4629      	mov	r1, r5
20000814:	e6dc      	b.n	200005d0 <__udivmoddi4+0xa4>
20000816:	bf00      	nop

20000818 <__aeabi_idiv0>:
20000818:	4770      	bx	lr
2000081a:	bf00      	nop
2000081c:	0000      	movs	r0, r0
	...

20000820 <__rom_data_lookup_veneer>:
20000820:	f85f f000 	ldr.w	pc, [pc]	@ 20000824 <__rom_data_lookup_veneer+0x4>
20000824:	10001189 	.word	0x10001189

20000828 <__hard_assertion_failure_veneer>:
20000828:	f85f f000 	ldr.w	pc, [pc]	@ 2000082c <__hard_assertion_failure_veneer+0x4>
2000082c:	100011f1 	.word	0x100011f1

20000830 <__best_effort_wfe_or_timeout_veneer>:
20000830:	f85f f000 	ldr.w	pc, [pc]	@ 20000834 <__best_effort_wfe_or_timeout_veneer+0x4>
20000834:	10000d91 	.word	0x10000d91

20000838 <striped_spin_lock_num>:
20000838:	00000010                                ....

2000083c <irq_handler_chain_slots>:
2000083c:	00000000 	.word	0x00000000
20000840:	00010000 	.word	0x00010000
	...
2000084c:	00020000 	.word	0x00020000
	...
20000858:	00030000 	.word	0x00030000
	...
20000864:	00ff0000 	.word	0x00ff0000
20000868:	00000000 	.word	0x00000000

2000086c <irq_handler_chain_first_slot>:
2000086c:	b501      	push	{r0, lr}
2000086e:	6848      	ldr	r0, [r1, #4]
20000870:	3101      	adds	r1, #1
20000872:	468e      	mov	lr, r1
20000874:	4700      	bx	r0

20000876 <irq_handler_chain_remove_tail>:
20000876:	4670      	mov	r0, lr
20000878:	3809      	subs	r0, #9
2000087a:	4901      	ldr	r1, [pc, #4]	@ (20000880 <irq_handler_chain_remove_tail+0xa>)
2000087c:	4788      	blx	r1
2000087e:	bd01      	pop	{r0, pc}
20000880:	10000711 	.word	0x10000711

20000884 <default_alarm_pool>:
	...
20000898:	20001150                                P.. 

2000089c <stdio_uart>:
2000089c:	10003261 10003365 100032b1 10003375     a2..e3...2..u3..
200008ac:	00000000 00000100                       ........

200008b4 <FS_BASE>:
200008b4:	003c0000                                ..<.

200008b8 <pico_cfg>:
200008b8:	00000000 10009d35 10009d05 10009cd9     ....5...........
200008c8:	00000001 00000100 00001000 00000040     ............@...
200008d8:	000001f4 00000400 00000020 00000000     ........ .......
	...

20000900 <_impure_ptr>:
20000900:	20000908 00000000                       ... ....

20000908 <impure_data>:
20000908:	00000000 20000bf4 20000c5c 20000cc4     ....... \.. ... 
	...
200009b0:	00000001 00000000 abcd330e e66d1234     .........3..4.m.
200009c0:	0005deec 0000000b 00000000 00000000     ................
	...

20000d30 <__malloc_av_>:
	...
20000d38:	20000d30 20000d30 20000d38 20000d38     0.. 0.. 8.. 8.. 
20000d48:	20000d40 20000d40 20000d48 20000d48     @.. @.. H.. H.. 
20000d58:	20000d50 20000d50 20000d58 20000d58     P.. P.. X.. X.. 
20000d68:	20000d60 20000d60 20000d68 20000d68     `.. `.. h.. h.. 
20000d78:	20000d70 20000d70 20000d78 20000d78     p.. p.. x.. x.. 
20000d88:	20000d80 20000d80 20000d88 20000d88     ... ... ... ... 
20000d98:	20000d90 20000d90 20000d98 20000d98     ... ... ... ... 
20000da8:	20000da0 20000da0 20000da8 20000da8     ... ... ... ... 
20000db8:	20000db0 20000db0 20000db8 20000db8     ... ... ... ... 
20000dc8:	20000dc0 20000dc0 20000dc8 20000dc8     ... ... ... ... 
20000dd8:	20000dd0 20000dd0 20000dd8 20000dd8     ... ... ... ... 
20000de8:	20000de0 20000de0 20000de8 20000de8     ... ... ... ... 
20000df8:	20000df0 20000df0 20000df8 20000df8     ... ... ... ... 
20000e08:	20000e00 20000e00 20000e08 20000e08     ... ... ... ... 
20000e18:	20000e10 20000e10 20000e18 20000e18     ... ... ... ... 
20000e28:	20000e20 20000e20 20000e28 20000e28      ..  .. (.. (.. 
20000e38:	20000e30 20000e30 20000e38 20000e38     0.. 0.. 8.. 8.. 
20000e48:	20000e40 20000e40 20000e48 20000e48     @.. @.. H.. H.. 
20000e58:	20000e50 20000e50 20000e58 20000e58     P.. P.. X.. X.. 
20000e68:	20000e60 20000e60 20000e68 20000e68     `.. `.. h.. h.. 
20000e78:	20000e70 20000e70 20000e78 20000e78     p.. p.. x.. x.. 
20000e88:	20000e80 20000e80 20000e88 20000e88     ... ... ... ... 
20000e98:	20000e90 20000e90 20000e98 20000e98     ... ... ... ... 
20000ea8:	20000ea0 20000ea0 20000ea8 20000ea8     ... ... ... ... 
20000eb8:	20000eb0 20000eb0 20000eb8 20000eb8     ... ... ... ... 
20000ec8:	20000ec0 20000ec0 20000ec8 20000ec8     ... ... ... ... 
20000ed8:	20000ed0 20000ed0 20000ed8 20000ed8     ... ... ... ... 
20000ee8:	20000ee0 20000ee0 20000ee8 20000ee8     ... ... ... ... 
20000ef8:	20000ef0 20000ef0 20000ef8 20000ef8     ... ... ... ... 
20000f08:	20000f00 20000f00 20000f08 20000f08     ... ... ... ... 
20000f18:	20000f10 20000f10 20000f18 20000f18     ... ... ... ... 
20000f28:	20000f20 20000f20 20000f28 20000f28      ..  .. (.. (.. 
20000f38:	20000f30 20000f30 20000f38 20000f38     0.. 0.. 8.. 8.. 
20000f48:	20000f40 20000f40 20000f48 20000f48     @.. @.. H.. H.. 
20000f58:	20000f50 20000f50 20000f58 20000f58     P.. P.. X.. X.. 
20000f68:	20000f60 20000f60 20000f68 20000f68     `.. `.. h.. h.. 
20000f78:	20000f70 20000f70 20000f78 20000f78     p.. p.. x.. x.. 
20000f88:	20000f80 20000f80 20000f88 20000f88     ... ... ... ... 
20000f98:	20000f90 20000f90 20000f98 20000f98     ... ... ... ... 
20000fa8:	20000fa0 20000fa0 20000fa8 20000fa8     ... ... ... ... 
20000fb8:	20000fb0 20000fb0 20000fb8 20000fb8     ... ... ... ... 
20000fc8:	20000fc0 20000fc0 20000fc8 20000fc8     ... ... ... ... 
20000fd8:	20000fd0 20000fd0 20000fd8 20000fd8     ... ... ... ... 
20000fe8:	20000fe0 20000fe0 20000fe8 20000fe8     ... ... ... ... 
20000ff8:	20000ff0 20000ff0 20000ff8 20000ff8     ... ... ... ... 
20001008:	20001000 20001000 20001008 20001008     ... ... ... ... 
20001018:	20001010 20001010 20001018 20001018     ... ... ... ... 
20001028:	20001020 20001020 20001028 20001028      ..  .. (.. (.. 
20001038:	20001030 20001030 20001038 20001038     0.. 0.. 8.. 8.. 
20001048:	20001040 20001040 20001048 20001048     @.. @.. H.. H.. 
20001058:	20001050 20001050 20001058 20001058     P.. P.. X.. X.. 
20001068:	20001060 20001060 20001068 20001068     `.. `.. h.. h.. 
20001078:	20001070 20001070 20001078 20001078     p.. p.. x.. x.. 
20001088:	20001080 20001080 20001088 20001088     ... ... ... ... 
20001098:	20001090 20001090 20001098 20001098     ... ... ... ... 
200010a8:	200010a0 200010a0 200010a8 200010a8     ... ... ... ... 
200010b8:	200010b0 200010b0 200010b8 200010b8     ... ... ... ... 
200010c8:	200010c0 200010c0 200010c8 200010c8     ... ... ... ... 
200010d8:	200010d0 200010d0 200010d8 200010d8     ... ... ... ... 
200010e8:	200010e0 200010e0 200010e8 200010e8     ... ... ... ... 
200010f8:	200010f0 200010f0 200010f8 200010f8     ... ... ... ... 
20001108:	20001100 20001100 20001108 20001108     ... ... ... ... 
20001118:	20001110 20001110 20001118 20001118     ... ... ... ... 
20001128:	20001120 20001120 20001128 20001128      ..  .. (.. (.. 

20001138 <__malloc_sbrk_base>:
20001138:	ffffffff                                ....

2000113c <__malloc_trim_threshold>:
2000113c:	00020000                                ....

20001140 <malloc_mutex>:
	...

20001148 <print_mutex>:
	...
