
/home/devel/rp2040-rp2350-freertos/build-2350/rp2040-logic-analyzer/rp2040-logic-analyzer.elf:     file format elf32-littlearm

Sections:
Idx Name          Size      VMA       LMA       File off  Algn
  0 .text         00006e00  10000000  10000000  00001000  2**3
                  CONTENTS, ALLOC, LOAD, READONLY, CODE
  1 .rodata       00000764  10006e00  10006e00  00007e00  2**3
                  CONTENTS, ALLOC, LOAD, READONLY, DATA
  2 .ARM.exidx    00000008  10007564  10007564  00008564  2**2
                  CONTENTS, ALLOC, LOAD, READONLY, DATA
  3 .binary_info  00000024  1000756c  1000756c  0000856c  2**2
                  CONTENTS, ALLOC, LOAD, READONLY, DATA
  4 .ram_vector_table 00000110  20000000  20000000  0000c000  2**2
                  ALLOC
  5 .uninitialized_data 00000000  20000110  20000110  0000b264  2**0
                  CONTENTS
  6 .data         00001cc0  20000110  10007590  00009110  2**3
                  CONTENTS, ALLOC, LOAD, READONLY, CODE
  7 .tdata        00000000  20001dd0  20001dd0  0000b264  2**0
                  CONTENTS, ALLOC, LOAD, DATA, THREAD_LOCAL
  8 .tbss         00000000  20001dd0  20001dd0  00000000  2**0
                  ALLOC, THREAD_LOCAL
  9 .bss          00000df8  20001dd0  10009250  0000bdd0  2**3
                  ALLOC
 10 .heap         00000800  20002bc8  20002bc8  0000b264  2**2
                  CONTENTS, READONLY
 11 .scratch_x    00000000  20080000  20080000  0000ba64  2**0
                  CONTENTS
 12 .scratch_y    00000000  20081000  20081000  0000ba64  2**0
                  CONTENTS
 13 .stack_dummy  00000800  20081000  20081000  0000ba80  2**5
                  CONTENTS, READONLY
 14 .flash_end    00000014  10009250  10009250  0000b250  2**2
                  CONTENTS, ALLOC, LOAD, READONLY, DATA
 15 .ARM.attributes 00000034  00000000  00000000  0000c280  2**0
                  CONTENTS, READONLY
 16 .comment      00000026  00000000  00000000  0000c2b4  2**0
                  CONTENTS, READONLY
 17 .debug_info   0003db8c  00000000  00000000  0000c2da  2**0
                  CONTENTS, READONLY, DEBUGGING, OCTETS
 18 .debug_abbrev 0000ad34  00000000  00000000  00049e66  2**0
                  CONTENTS, READONLY, DEBUGGING, OCTETS
 19 .debug_loclists 0001acf4  00000000  00000000  00054b9a  2**0
                  CONTENTS, READONLY, DEBUGGING, OCTETS
 20 .debug_aranges 00001560  00000000  00000000  0006f890  2**3
                  CONTENTS, READONLY, DEBUGGING, OCTETS
 21 .debug_rnglists 00004f42  00000000  00000000  00070df0  2**0
                  CONTENTS, READONLY, DEBUGGING, OCTETS
 22 .debug_line   00020e44  00000000  00000000  00075d32  2**0
                  CONTENTS, READONLY, DEBUGGING, OCTETS
 23 .debug_str    0000af08  00000000  00000000  00096b76  2**0
                  CONTENTS, READONLY, DEBUGGING, OCTETS
 24 .debug_frame  0000372c  00000000  00000000  000a1a80  2**2
                  CONTENTS, READONLY, DEBUGGING, OCTETS
 25 .debug_line_str 00000223  00000000  00000000  000a51ac  2**0
                  CONTENTS, READONLY, DEBUGGING, OCTETS

/home/devel/rp2040-rp2350-freertos/build-2350/rp2040-logic-analyzer/rp2040-logic-analyzer.elf:     file format elf32-littlearm


Disassembly of section .text:

10000000 <__VECTOR_TABLE>:
10000000:	20082000 	.word	0x20082000
10000004:	1000015d 	.word	0x1000015d
10000008:	10000113 	.word	0x10000113
1000000c:	10000115 	.word	0x10000115
10000010:	10000111 	.word	0x10000111
10000014:	10000111 	.word	0x10000111
10000018:	10000111 	.word	0x10000111
1000001c:	10000111 	.word	0x10000111
10000020:	10000111 	.word	0x10000111
10000024:	10000111 	.word	0x10000111
10000028:	10000111 	.word	0x10000111
1000002c:	10000117 	.word	0x10000117
10000030:	10000111 	.word	0x10000111
10000034:	10000111 	.word	0x10000111
10000038:	10000119 	.word	0x10000119
1000003c:	1000011b 	.word	0x1000011b
10000040:	1000011d 	.word	0x1000011d
10000044:	1000011d 	.word	0x1000011d
10000048:	1000011d 	.word	0x1000011d
1000004c:	1000011d 	.word	0x1000011d
10000050:	1000011d 	.word	0x1000011d
10000054:	1000011d 	.word	0x1000011d
10000058:	1000011d 	.word	0x1000011d
1000005c:	1000011d 	.word	0x1000011d
10000060:	1000011d 	.word	0x1000011d
10000064:	1000011d 	.word	0x1000011d
10000068:	1000011d 	.word	0x1000011d
1000006c:	1000011d 	.word	0x1000011d
10000070:	1000011d 	.word	0x1000011d
10000074:	1000011d 	.word	0x1000011d
10000078:	1000011d 	.word	0x1000011d
1000007c:	1000011d 	.word	0x1000011d
10000080:	1000011d 	.word	0x1000011d
10000084:	1000011d 	.word	0x1000011d
10000088:	1000011d 	.word	0x1000011d
1000008c:	1000011d 	.word	0x1000011d
10000090:	1000011d 	.word	0x1000011d
10000094:	1000011d 	.word	0x1000011d
10000098:	1000011d 	.word	0x1000011d
1000009c:	1000011d 	.word	0x1000011d
100000a0:	1000011d 	.word	0x1000011d
100000a4:	1000011d 	.word	0x1000011d
100000a8:	1000011d 	.word	0x1000011d
100000ac:	1000011d 	.word	0x1000011d
100000b0:	1000011d 	.word	0x1000011d
100000b4:	1000011d 	.word	0x1000011d
100000b8:	1000011d 	.word	0x1000011d
100000bc:	1000011d 	.word	0x1000011d
100000c0:	1000011d 	.word	0x1000011d
100000c4:	1000011d 	.word	0x1000011d
100000c8:	1000011d 	.word	0x1000011d
100000cc:	1000011d 	.word	0x1000011d
100000d0:	1000011d 	.word	0x1000011d
100000d4:	1000011d 	.word	0x1000011d
100000d8:	1000011d 	.word	0x1000011d
100000dc:	1000011d 	.word	0x1000011d
100000e0:	1000011d 	.word	0x1000011d
100000e4:	1000011d 	.word	0x1000011d
100000e8:	1000011d 	.word	0x1000011d
100000ec:	1000011d 	.word	0x1000011d
100000f0:	1000011d 	.word	0x1000011d
100000f4:	1000011d 	.word	0x1000011d
100000f8:	1000011d 	.word	0x1000011d
100000fc:	1000011d 	.word	0x1000011d
10000100:	1000011d 	.word	0x1000011d
10000104:	1000011d 	.word	0x1000011d
10000108:	1000011d 	.word	0x1000011d
1000010c:	1000011d 	.word	0x1000011d

10000110 <isr_invalid>:
10000110:	be00      	bkpt	0x0000

10000112 <isr_nmi>:
10000112:	be00      	bkpt	0x0000

10000114 <isr_hardfault>:
10000114:	be00      	bkpt	0x0000

10000116 <isr_svcall>:
10000116:	be00      	bkpt	0x0000

10000118 <isr_pendsv>:
10000118:	be00      	bkpt	0x0000

1000011a <isr_systick>:
1000011a:	be00      	bkpt	0x0000

1000011c <__unhandled_user_irq>:
1000011c:	f3ef 8005 	mrs	r0, IPSR
10000120:	3810      	subs	r0, #16

10000122 <unhandled_user_irq_num_in_r0>:
10000122:	be00      	bkpt	0x0000

10000124 <binary_info_header>:
10000124:	7188ebf2 	.word	0x7188ebf2
10000128:	1000756c 	.word	0x1000756c
1000012c:	10007590 	.word	0x10007590
10000130:	100001a8 	.word	0x100001a8
10000134:	e71aa390 	.word	0xe71aa390

10000138 <__binary_info_header_end>:
10000138:	ffffded3 	.word	0xffffded3
1000013c:	10210142 	.word	0x10210142
10000140:	000001ff 	.word	0x000001ff
10000144:	00009118 	.word	0x00009118
10000148:	ab123579 	.word	0xab123579

1000014c <_entry_point>:
1000014c:	f04f 0000 	mov.w	r0, #0

10000150 <_enter_vtable_in_r0>:
10000150:	4920      	ldr	r1, [pc, #128]	@ (100001d4 <data_cpy_table+0x2c>)
10000152:	6008      	str	r0, [r1, #0]
10000154:	c806      	ldmia	r0!, {r1, r2}
10000156:	f381 8808 	msr	MSP, r1
1000015a:	4710      	bx	r2

1000015c <_reset_handler>:
1000015c:	f04f 4050 	mov.w	r0, #3489660928	@ 0xd0000000
10000160:	6800      	ldr	r0, [r0, #0]
10000162:	b110      	cbz	r0, 1000016a <hold_non_core0_in_bootrom+0x6>

10000164 <hold_non_core0_in_bootrom>:
10000164:	f04f 0000 	mov.w	r0, #0
10000168:	e7f2      	b.n	10000150 <_enter_vtable_in_r0>
1000016a:	a40f      	add	r4, pc, #60	@ (adr r4, 100001a8 <data_cpy_table>)
1000016c:	cc0e      	ldmia	r4!, {r1, r2, r3}
1000016e:	2900      	cmp	r1, #0
10000170:	d002      	beq.n	10000178 <hold_non_core0_in_bootrom+0x14>
10000172:	f000 f815 	bl	100001a0 <data_cpy>
10000176:	e7f9      	b.n	1000016c <hold_non_core0_in_bootrom+0x8>
10000178:	4917      	ldr	r1, [pc, #92]	@ (100001d8 <data_cpy_table+0x30>)
1000017a:	4a18      	ldr	r2, [pc, #96]	@ (100001dc <data_cpy_table+0x34>)
1000017c:	2000      	movs	r0, #0
1000017e:	e000      	b.n	10000182 <bss_fill_test>

10000180 <bss_fill_loop>:
10000180:	c101      	stmia	r1!, {r0}

10000182 <bss_fill_test>:
10000182:	4291      	cmp	r1, r2
10000184:	d1fc      	bne.n	10000180 <bss_fill_loop>

10000186 <platform_entry>:
10000186:	2000      	movs	r0, #0
10000188:	f380 880a 	msr	MSPLIM, r0
1000018c:	4914      	ldr	r1, [pc, #80]	@ (100001e0 <data_cpy_table+0x38>)
1000018e:	4788      	blx	r1
10000190:	4914      	ldr	r1, [pc, #80]	@ (100001e4 <data_cpy_table+0x3c>)
10000192:	4788      	blx	r1
10000194:	4914      	ldr	r1, [pc, #80]	@ (100001e8 <data_cpy_table+0x40>)
10000196:	4788      	blx	r1
10000198:	be00      	bkpt	0x0000
1000019a:	e7fd      	b.n	10000198 <platform_entry+0x12>

1000019c <data_cpy_loop>:
1000019c:	c901      	ldmia	r1!, {r0}
1000019e:	c201      	stmia	r2!, {r0}

100001a0 <data_cpy>:
100001a0:	429a      	cmp	r2, r3
100001a2:	d3fb      	bcc.n	1000019c <data_cpy_loop>
100001a4:	4770      	bx	lr
100001a6:	bf00      	nop

100001a8 <data_cpy_table>:
100001a8:	10007590 	.word	0x10007590
100001ac:	20000110 	.word	0x20000110
100001b0:	20001dd0 	.word	0x20001dd0
100001b4:	10009250 	.word	0x10009250
100001b8:	20080000 	.word	0x20080000
100001bc:	20080000 	.word	0x20080000
100001c0:	10009250 	.word	0x10009250
100001c4:	20081000 	.word	0x20081000
100001c8:	20081000 	.word	0x20081000
100001cc:	00000000 	.word	0x00000000
100001d0:	4770      	bx	lr
100001d2:	0000      	.short	0x0000
100001d4:	e000ed08 	.word	0xe000ed08
100001d8:	20001dd0 	.word	0x20001dd0
100001dc:	20002bc8 	.word	0x20002bc8
100001e0:	10003465 	.word	0x10003465
100001e4:	100004cd 	.word	0x100004cd
100001e8:	1000345d 	.word	0x1000345d

100001ec <_init>:
100001ec:	b5f8      	push	{r3, r4, r5, r6, r7, lr}
100001ee:	bf00      	nop

100001f0 <deregister_tm_clones>:
100001f0:	4803      	ldr	r0, [pc, #12]	@ (10000200 <deregister_tm_clones+0x10>)
100001f2:	4b04      	ldr	r3, [pc, #16]	@ (10000204 <deregister_tm_clones+0x14>)
100001f4:	4283      	cmp	r3, r0
100001f6:	d002      	beq.n	100001fe <deregister_tm_clones+0xe>
100001f8:	4b03      	ldr	r3, [pc, #12]	@ (10000208 <deregister_tm_clones+0x18>)
100001fa:	b103      	cbz	r3, 100001fe <deregister_tm_clones+0xe>
100001fc:	4718      	bx	r3
100001fe:	4770      	bx	lr
10000200:	20001dd0 	.word	0x20001dd0
10000204:	20001dd0 	.word	0x20001dd0
10000208:	00000000 	.word	0x00000000

1000020c <register_tm_clones>:
1000020c:	4b06      	ldr	r3, [pc, #24]	@ (10000228 <register_tm_clones+0x1c>)
1000020e:	4907      	ldr	r1, [pc, #28]	@ (1000022c <register_tm_clones+0x20>)
10000210:	1ac9      	subs	r1, r1, r3
10000212:	1089      	asrs	r1, r1, #2
10000214:	bf48      	it	mi
10000216:	3101      	addmi	r1, #1
10000218:	1049      	asrs	r1, r1, #1
1000021a:	d003      	beq.n	10000224 <register_tm_clones+0x18>
1000021c:	4b04      	ldr	r3, [pc, #16]	@ (10000230 <register_tm_clones+0x24>)
1000021e:	b10b      	cbz	r3, 10000224 <register_tm_clones+0x18>
10000220:	4801      	ldr	r0, [pc, #4]	@ (10000228 <register_tm_clones+0x1c>)
10000222:	4718      	bx	r3
10000224:	4770      	bx	lr
10000226:	bf00      	nop
10000228:	20001dd0 	.word	0x20001dd0
1000022c:	20001dd0 	.word	0x20001dd0
10000230:	00000000 	.word	0x00000000

10000234 <__do_global_dtors_aux>:
10000234:	b510      	push	{r4, lr}
10000236:	4c06      	ldr	r4, [pc, #24]	@ (10000250 <__do_global_dtors_aux+0x1c>)
10000238:	7823      	ldrb	r3, [r4, #0]
1000023a:	b943      	cbnz	r3, 1000024e <__do_global_dtors_aux+0x1a>
1000023c:	f7ff ffd8 	bl	100001f0 <deregister_tm_clones>
10000240:	4b04      	ldr	r3, [pc, #16]	@ (10000254 <__do_global_dtors_aux+0x20>)
10000242:	b113      	cbz	r3, 1000024a <__do_global_dtors_aux+0x16>
10000244:	4804      	ldr	r0, [pc, #16]	@ (10000258 <__do_global_dtors_aux+0x24>)
10000246:	f3af 8000 	nop.w
1000024a:	2301      	movs	r3, #1
1000024c:	7023      	strb	r3, [r4, #0]
1000024e:	bd10      	pop	{r4, pc}
10000250:	20002220 	.word	0x20002220
10000254:	00000000 	.word	0x00000000
10000258:	10006e00 	.word	0x10006e00

1000025c <frame_dummy>:
1000025c:	b508      	push	{r3, lr}
1000025e:	4b04      	ldr	r3, [pc, #16]	@ (10000270 <frame_dummy+0x14>)
10000260:	b11b      	cbz	r3, 1000026a <frame_dummy+0xe>
10000262:	4904      	ldr	r1, [pc, #16]	@ (10000274 <frame_dummy+0x18>)
10000264:	4804      	ldr	r0, [pc, #16]	@ (10000278 <frame_dummy+0x1c>)
10000266:	f3af 8000 	nop.w
1000026a:	e8bd 4008 	ldmia.w	sp!, {r3, lr}
1000026e:	e7cd      	b.n	1000020c <register_tm_clones>
10000270:	00000000 	.word	0x00000000
10000274:	20002224 	.word	0x20002224
10000278:	10006e00 	.word	0x10006e00

1000027c <read_user_input>:
1000027c:	e92d 43f0 	stmdb	sp!, {r4, r5, r6, r7, r8, r9, lr}
10000280:	4d78      	ldr	r5, [pc, #480]	@ (10000464 <read_user_input+0x1e8>)
10000282:	b085      	sub	sp, #20
10000284:	f8df 823c 	ldr.w	r8, [pc, #572]	@ 100004c4 <read_user_input+0x248>
10000288:	4f77      	ldr	r7, [pc, #476]	@ (10000468 <read_user_input+0x1ec>)
1000028a:	f10d 060f 	add.w	r6, sp, #15
1000028e:	2300      	movs	r3, #0
10000290:	e9cd 3301 	strd	r3, r3, [sp, #4]
10000294:	ac01      	add	r4, sp, #4
10000296:	9303      	str	r3, [sp, #12]
10000298:	4628      	mov	r0, r5
1000029a:	f003 fa13 	bl	100036c4 <stdio_getchar_timeout_us>
1000029e:	1c41      	adds	r1, r0, #1
100002a0:	4603      	mov	r3, r0
100002a2:	d0f9      	beq.n	10000298 <read_user_input+0x1c>
100002a4:	2b0d      	cmp	r3, #13
100002a6:	d007      	beq.n	100002b8 <read_user_input+0x3c>
100002a8:	2b0a      	cmp	r3, #10
100002aa:	d005      	beq.n	100002b8 <read_user_input+0x3c>
100002ac:	f804 3b01 	strb.w	r3, [r4], #1
100002b0:	f003 fa4e 	bl	10003750 <__wrap_putchar>
100002b4:	42b4      	cmp	r4, r6
100002b6:	d1ef      	bne.n	10000298 <read_user_input+0x1c>
100002b8:	200a      	movs	r0, #10
100002ba:	f003 fa49 	bl	10003750 <__wrap_putchar>
100002be:	f89d 3004 	ldrb.w	r3, [sp, #4]
100002c2:	2b70      	cmp	r3, #112	@ 0x70
100002c4:	f000 808d 	beq.w	100003e2 <read_user_input+0x166>
100002c8:	3b66      	subs	r3, #102	@ 0x66
100002ca:	2b0e      	cmp	r3, #14
100002cc:	d809      	bhi.n	100002e2 <read_user_input+0x66>
100002ce:	e8df f003 	tbb	[pc, r3]
100002d2:	5d60      	.short	0x5d60
100002d4:	08080808 	.word	0x08080808
100002d8:	084a0808 	.word	0x084a0808
100002dc:	36080808 	.word	0x36080808
100002e0:	21          	.byte	0x21
100002e1:	00          	.byte	0x00
100002e2:	4640      	mov	r0, r8
100002e4:	f003 fa76 	bl	100037d4 <__wrap_puts>
100002e8:	4638      	mov	r0, r7
100002ea:	f003 fa73 	bl	100037d4 <__wrap_puts>
100002ee:	485f      	ldr	r0, [pc, #380]	@ (1000046c <read_user_input+0x1f0>)
100002f0:	f003 fa70 	bl	100037d4 <__wrap_puts>
100002f4:	485e      	ldr	r0, [pc, #376]	@ (10000470 <read_user_input+0x1f4>)
100002f6:	f003 fa6d 	bl	100037d4 <__wrap_puts>
100002fa:	485e      	ldr	r0, [pc, #376]	@ (10000474 <read_user_input+0x1f8>)
100002fc:	f003 fa6a 	bl	100037d4 <__wrap_puts>
10000300:	485d      	ldr	r0, [pc, #372]	@ (10000478 <read_user_input+0x1fc>)
10000302:	f003 fa67 	bl	100037d4 <__wrap_puts>
10000306:	485d      	ldr	r0, [pc, #372]	@ (1000047c <read_user_input+0x200>)
10000308:	f003 fa64 	bl	100037d4 <__wrap_puts>
1000030c:	485c      	ldr	r0, [pc, #368]	@ (10000480 <read_user_input+0x204>)
1000030e:	f003 fa61 	bl	100037d4 <__wrap_puts>
10000312:	e7bc      	b.n	1000028e <read_user_input+0x12>
10000314:	f89d 3005 	ldrb.w	r3, [sp, #5]
10000318:	2b74      	cmp	r3, #116	@ 0x74
1000031a:	f000 8087 	beq.w	1000042c <read_user_input+0x1b0>
1000031e:	2b31      	cmp	r3, #49	@ 0x31
10000320:	f000 8084 	beq.w	1000042c <read_user_input+0x1b0>
10000324:	2b66      	cmp	r3, #102	@ 0x66
10000326:	d002      	beq.n	1000032e <read_user_input+0xb2>
10000328:	2b30      	cmp	r3, #48	@ 0x30
1000032a:	f040 808f 	bne.w	1000044c <read_user_input+0x1d0>
1000032e:	2300      	movs	r3, #0
10000330:	4619      	mov	r1, r3
10000332:	4a54      	ldr	r2, [pc, #336]	@ (10000484 <read_user_input+0x208>)
10000334:	4854      	ldr	r0, [pc, #336]	@ (10000488 <read_user_input+0x20c>)
10000336:	7013      	strb	r3, [r2, #0]
10000338:	f003 face 	bl	100038d8 <__wrap_printf>
1000033c:	e7a7      	b.n	1000028e <read_user_input+0x12>
1000033e:	f89d 3005 	ldrb.w	r3, [sp, #5]
10000342:	4a52      	ldr	r2, [pc, #328]	@ (1000048c <read_user_input+0x210>)
10000344:	5cd3      	ldrb	r3, [r2, r3]
10000346:	075b      	lsls	r3, r3, #29
10000348:	d509      	bpl.n	1000035e <read_user_input+0xe2>
1000034a:	220a      	movs	r2, #10
1000034c:	2100      	movs	r1, #0
1000034e:	f10d 0005 	add.w	r0, sp, #5
10000352:	f006 fb9d 	bl	10006a90 <strtol>
10000356:	4b4e      	ldr	r3, [pc, #312]	@ (10000490 <read_user_input+0x214>)
10000358:	4604      	mov	r4, r0
1000035a:	4298      	cmp	r0, r3
1000035c:	d97a      	bls.n	10000454 <read_user_input+0x1d8>
1000035e:	484d      	ldr	r0, [pc, #308]	@ (10000494 <read_user_input+0x218>)
10000360:	f003 fa38 	bl	100037d4 <__wrap_puts>
10000364:	e793      	b.n	1000028e <read_user_input+0x12>
10000366:	f89d 3005 	ldrb.w	r3, [sp, #5]
1000036a:	4a48      	ldr	r2, [pc, #288]	@ (1000048c <read_user_input+0x210>)
1000036c:	5cd3      	ldrb	r3, [r2, r3]
1000036e:	0758      	lsls	r0, r3, #29
10000370:	d508      	bpl.n	10000384 <read_user_input+0x108>
10000372:	220a      	movs	r2, #10
10000374:	2100      	movs	r1, #0
10000376:	f10d 0005 	add.w	r0, sp, #5
1000037a:	f006 fb89 	bl	10006a90 <strtol>
1000037e:	281c      	cmp	r0, #28
10000380:	4604      	mov	r4, r0
10000382:	dd4a      	ble.n	1000041a <read_user_input+0x19e>
10000384:	4844      	ldr	r0, [pc, #272]	@ (10000498 <read_user_input+0x21c>)
10000386:	f003 fa25 	bl	100037d4 <__wrap_puts>
1000038a:	e780      	b.n	1000028e <read_user_input+0x12>
1000038c:	b005      	add	sp, #20
1000038e:	e8bd 83f0 	ldmia.w	sp!, {r4, r5, r6, r7, r8, r9, pc}
10000392:	4a3e      	ldr	r2, [pc, #248]	@ (1000048c <read_user_input+0x210>)
10000394:	f89d 3005 	ldrb.w	r3, [sp, #5]
10000398:	5cd3      	ldrb	r3, [r2, r3]
1000039a:	075a      	lsls	r2, r3, #29
1000039c:	d449      	bmi.n	10000432 <read_user_input+0x1b6>
1000039e:	2400      	movs	r4, #0
100003a0:	f8df 9124 	ldr.w	r9, [pc, #292]	@ 100004c8 <read_user_input+0x24c>
100003a4:	2005      	movs	r0, #5
100003a6:	f8c9 4000 	str.w	r4, [r9]
100003aa:	f001 f9f9 	bl	100017a0 <clock_get_hz>
100003ae:	f8d9 4000 	ldr.w	r4, [r9]
100003b2:	ee07 0a90 	vmov	s15, r0
100003b6:	ee07 4a10 	vmov	s14, r4
100003ba:	eef8 7a67 	vcvt.f32.u32	s15, s15
100003be:	eef8 6a47 	vcvt.f32.u32	s13, s14
100003c2:	ee87 7aa6 	vdiv.f32	s14, s15, s13
100003c6:	4b35      	ldr	r3, [pc, #212]	@ (1000049c <read_user_input+0x220>)
100003c8:	ee17 0a10 	vmov	r0, s14
100003cc:	ed83 7a00 	vstr	s14, [r3]
100003d0:	f006 fcd2 	bl	10006d78 <____aeabi_f2d_veneer>
100003d4:	4602      	mov	r2, r0
100003d6:	460b      	mov	r3, r1
100003d8:	4831      	ldr	r0, [pc, #196]	@ (100004a0 <read_user_input+0x224>)
100003da:	4621      	mov	r1, r4
100003dc:	f003 fa7c 	bl	100038d8 <__wrap_printf>
100003e0:	e755      	b.n	1000028e <read_user_input+0x12>
100003e2:	4a2a      	ldr	r2, [pc, #168]	@ (1000048c <read_user_input+0x210>)
100003e4:	f89d 3005 	ldrb.w	r3, [sp, #5]
100003e8:	5cd3      	ldrb	r3, [r2, r3]
100003ea:	075a      	lsls	r2, r3, #29
100003ec:	d50a      	bpl.n	10000404 <read_user_input+0x188>
100003ee:	220a      	movs	r2, #10
100003f0:	2100      	movs	r1, #0
100003f2:	f10d 0005 	add.w	r0, sp, #5
100003f6:	f006 fb4b 	bl	10006a90 <strtol>
100003fa:	281c      	cmp	r0, #28
100003fc:	4604      	mov	r4, r0
100003fe:	dc01      	bgt.n	10000404 <read_user_input+0x188>
10000400:	1c43      	adds	r3, r0, #1
10000402:	d103      	bne.n	1000040c <read_user_input+0x190>
10000404:	4827      	ldr	r0, [pc, #156]	@ (100004a4 <read_user_input+0x228>)
10000406:	f003 f9e5 	bl	100037d4 <__wrap_puts>
1000040a:	e740      	b.n	1000028e <read_user_input+0x12>
1000040c:	4601      	mov	r1, r0
1000040e:	4826      	ldr	r0, [pc, #152]	@ (100004a8 <read_user_input+0x22c>)
10000410:	f003 fa62 	bl	100038d8 <__wrap_printf>
10000414:	4b25      	ldr	r3, [pc, #148]	@ (100004ac <read_user_input+0x230>)
10000416:	601c      	str	r4, [r3, #0]
10000418:	e739      	b.n	1000028e <read_user_input+0x12>
1000041a:	1c41      	adds	r1, r0, #1
1000041c:	d0b2      	beq.n	10000384 <read_user_input+0x108>
1000041e:	4601      	mov	r1, r0
10000420:	4823      	ldr	r0, [pc, #140]	@ (100004b0 <read_user_input+0x234>)
10000422:	f003 fa59 	bl	100038d8 <__wrap_printf>
10000426:	4b23      	ldr	r3, [pc, #140]	@ (100004b4 <read_user_input+0x238>)
10000428:	601c      	str	r4, [r3, #0]
1000042a:	e730      	b.n	1000028e <read_user_input+0x12>
1000042c:	2301      	movs	r3, #1
1000042e:	4619      	mov	r1, r3
10000430:	e77f      	b.n	10000332 <read_user_input+0xb6>
10000432:	220a      	movs	r2, #10
10000434:	2100      	movs	r1, #0
10000436:	f10d 0005 	add.w	r0, sp, #5
1000043a:	f006 fb29 	bl	10006a90 <strtol>
1000043e:	4604      	mov	r4, r0
10000440:	2005      	movs	r0, #5
10000442:	f001 f9ad 	bl	100017a0 <clock_get_hz>
10000446:	42a0      	cmp	r0, r4
10000448:	d2aa      	bcs.n	100003a0 <read_user_input+0x124>
1000044a:	e7a8      	b.n	1000039e <read_user_input+0x122>
1000044c:	481a      	ldr	r0, [pc, #104]	@ (100004b8 <read_user_input+0x23c>)
1000044e:	f003 f9c1 	bl	100037d4 <__wrap_puts>
10000452:	e71c      	b.n	1000028e <read_user_input+0x12>
10000454:	4601      	mov	r1, r0
10000456:	4819      	ldr	r0, [pc, #100]	@ (100004bc <read_user_input+0x240>)
10000458:	f003 fa3e 	bl	100038d8 <__wrap_printf>
1000045c:	4b18      	ldr	r3, [pc, #96]	@ (100004c0 <read_user_input+0x244>)
1000045e:	601c      	str	r4, [r3, #0]
10000460:	e715      	b.n	1000028e <read_user_input+0x12>
10000462:	bf00      	nop
10000464:	01c9c380 	.word	0x01c9c380
10000468:	10006eec 	.word	0x10006eec
1000046c:	10006f1c 	.word	0x10006f1c
10000470:	10006f4c 	.word	0x10006f4c
10000474:	10006f7c 	.word	0x10006f7c
10000478:	10006fa8 	.word	0x10006fa8
1000047c:	10006fcc 	.word	0x10006fcc
10000480:	10006ff4 	.word	0x10006ff4
10000484:	20002bbd 	.word	0x20002bbd
10000488:	10006e94 	.word	0x10006e94
1000048c:	10007461 	.word	0x10007461
10000490:	0007a120 	.word	0x0007a120
10000494:	10006ec0 	.word	0x10006ec0
10000498:	10006e2c 	.word	0x10006e2c
1000049c:	200014dc 	.word	0x200014dc
100004a0:	10006e5c 	.word	0x10006e5c
100004a4:	10006e00 	.word	0x10006e00
100004a8:	10006e18 	.word	0x10006e18
100004ac:	200014e8 	.word	0x200014e8
100004b0:	10006e48 	.word	0x10006e48
100004b4:	200014e4 	.word	0x200014e4
100004b8:	10006e78 	.word	0x10006e78
100004bc:	10006ea8 	.word	0x10006ea8
100004c0:	200014e0 	.word	0x200014e0
100004c4:	10006edc 	.word	0x10006edc
100004c8:	200014d8 	.word	0x200014d8

100004cc <main>:
100004cc:	e92d 4ff0 	stmdb	sp!, {r4, r5, r6, r7, r8, r9, sl, fp, lr}
100004d0:	ed2d 8b02 	vpush	{d8}
100004d4:	b08b      	sub	sp, #44	@ 0x2c
100004d6:	f003 f8f3 	bl	100036c0 <stdio_init_all>
100004da:	2019      	movs	r0, #25
100004dc:	f000 f93e 	bl	1000075c <gpio_init>
100004e0:	f04f 0919 	mov.w	r9, #25
100004e4:	f04f 0301 	mov.w	r3, #1
100004e8:	ec43 9044 	gpioc_bit_oe_put r9, r3
100004ec:	eddf 8a89 	vldr	s17, [pc, #548]	@ 10000714 <main+0x248>
100004f0:	f88d 3007 	strb.w	r3, [sp, #7]
100004f4:	f89d 3007 	ldrb.w	r3, [sp, #7]
100004f8:	ec43 9040 	gpioc_bit_out_put r9, r3
100004fc:	f44f 707a 	mov.w	r0, #1000	@ 0x3e8
10000500:	f001 f810 	bl	10001524 <sleep_ms>
10000504:	2300      	movs	r3, #0
10000506:	ec43 9040 	gpioc_bit_out_put r9, r3
1000050a:	f7ff feb7 	bl	1000027c <read_user_input>
1000050e:	4b82      	ldr	r3, [pc, #520]	@ (10000718 <main+0x24c>)
10000510:	681d      	ldr	r5, [r3, #0]
10000512:	4b82      	ldr	r3, [pc, #520]	@ (1000071c <main+0x250>)
10000514:	681b      	ldr	r3, [r3, #0]
10000516:	fb03 f405 	mul.w	r4, r3, r5
1000051a:	341f      	adds	r4, #31
1000051c:	0964      	lsrs	r4, r4, #5
1000051e:	00a4      	lsls	r4, r4, #2
10000520:	4620      	mov	r0, r4
10000522:	f001 fc85 	bl	10001e30 <__wrap_malloc>
10000526:	4680      	mov	r8, r0
10000528:	2800      	cmp	r0, #0
1000052a:	f000 80ec 	beq.w	10000706 <main+0x23a>
1000052e:	4b7c      	ldr	r3, [pc, #496]	@ (10000720 <main+0x254>)
10000530:	aa04      	add	r2, sp, #16
10000532:	ed93 8a00 	vldr	s16, [r3]
10000536:	f005 031f 	and.w	r3, r5, #31
1000053a:	f443 4380 	orr.w	r3, r3, #16384	@ 0x4000
1000053e:	f8ad 300e 	strh.w	r3, [sp, #14]
10000542:	f10d 030e 	add.w	r3, sp, #14
10000546:	9304      	str	r3, [sp, #16]
10000548:	4b76      	ldr	r3, [pc, #472]	@ (10000724 <main+0x258>)
1000054a:	4611      	mov	r1, r2
1000054c:	601a      	str	r2, [r3, #0]
1000054e:	f64f 7301 	movw	r3, #65281	@ 0xff01
10000552:	9305      	str	r3, [sp, #20]
10000554:	4b74      	ldr	r3, [pc, #464]	@ (10000728 <main+0x25c>)
10000556:	4875      	ldr	r0, [pc, #468]	@ (1000072c <main+0x260>)
10000558:	681c      	ldr	r4, [r3, #0]
1000055a:	f005 fd41 	bl	10005fe0 <pio_add_program>
1000055e:	ee78 7a28 	vadd.f32	s15, s16, s17
10000562:	eebc 7ae7 	vcvt.u32.f32	s14, s15
10000566:	03e3      	lsls	r3, r4, #15
10000568:	f403 2378 	and.w	r3, r3, #1015808	@ 0xf8000
1000056c:	9309      	str	r3, [sp, #36]	@ 0x24
1000056e:	4b70      	ldr	r3, [pc, #448]	@ (10000730 <main+0x264>)
10000570:	4602      	mov	r2, r0
10000572:	6018      	str	r0, [r3, #0]
10000574:	0303      	lsls	r3, r0, #12
10000576:	ea43 13c0 	orr.w	r3, r3, r0, lsl #7
1000057a:	9307      	str	r3, [sp, #28]
1000057c:	ee17 3a10 	vmov	r3, s14
10000580:	b29b      	uxth	r3, r3
10000582:	2b00      	cmp	r3, #0
10000584:	f000 80bd 	beq.w	10000702 <main+0x236>
10000588:	ee07 3a10 	vmov	s14, r3
1000058c:	eeb8 7a47 	vcvt.f32.u32	s14, s14
10000590:	eddf 6a68 	vldr	s13, [pc, #416]	@ 10000734 <main+0x268>
10000594:	ee77 7ac7 	vsub.f32	s15, s15, s14
10000598:	ee67 7aa6 	vmul.f32	s15, s15, s13
1000059c:	eefc 7ae7 	vcvt.u32.f32	s15, s15
100005a0:	edcd 7a00 	vstr	s15, [sp]
100005a4:	f89d 1000 	ldrb.w	r1, [sp]
100005a8:	0209      	lsls	r1, r1, #8
100005aa:	ea41 4303 	orr.w	r3, r1, r3, lsl #16
100005ae:	9306      	str	r3, [sp, #24]
100005b0:	4b61      	ldr	r3, [pc, #388]	@ (10000738 <main+0x26c>)
100005b2:	2100      	movs	r1, #0
100005b4:	9308      	str	r3, [sp, #32]
100005b6:	485d      	ldr	r0, [pc, #372]	@ (1000072c <main+0x260>)
100005b8:	ab06      	add	r3, sp, #24
100005ba:	f005 fda9 	bl	10006110 <pio_sm_init>
100005be:	2005      	movs	r0, #5
100005c0:	f001 f8ee 	bl	100017a0 <clock_get_hz>
100005c4:	4604      	mov	r4, r0
100005c6:	485d      	ldr	r0, [pc, #372]	@ (1000073c <main+0x270>)
100005c8:	4621      	mov	r1, r4
100005ca:	f003 f985 	bl	100038d8 <__wrap_printf>
100005ce:	ee07 4a90 	vmov	s15, r4
100005d2:	4b53      	ldr	r3, [pc, #332]	@ (10000720 <main+0x254>)
100005d4:	eef8 7a67 	vcvt.f32.u32	s15, s15
100005d8:	ed93 7a00 	vldr	s14, [r3]
100005dc:	eec7 7a87 	vdiv.f32	s15, s15, s14
100005e0:	ee17 0a90 	vmov	r0, s15
100005e4:	f006 fbc8 	bl	10006d78 <____aeabi_f2d_veneer>
100005e8:	4602      	mov	r2, r0
100005ea:	460b      	mov	r3, r1
100005ec:	4854      	ldr	r0, [pc, #336]	@ (10000740 <main+0x274>)
100005ee:	f003 f973 	bl	100038d8 <__wrap_printf>
100005f2:	4854      	ldr	r0, [pc, #336]	@ (10000744 <main+0x278>)
100005f4:	f003 f8ee 	bl	100037d4 <__wrap_puts>
100005f8:	f89d 3007 	ldrb.w	r3, [sp, #7]
100005fc:	ec43 9040 	gpioc_bit_out_put r9, r3
10000600:	f04f 4400 	mov.w	r4, #2147483648	@ 0x80000000
10000604:	f04f 43a0 	mov.w	r3, #1342177280	@ 0x50000000
10000608:	4a43      	ldr	r2, [pc, #268]	@ (10000718 <main+0x24c>)
1000060a:	4944      	ldr	r1, [pc, #272]	@ (1000071c <main+0x250>)
1000060c:	6812      	ldr	r2, [r2, #0]
1000060e:	6809      	ldr	r1, [r1, #0]
10000610:	484d      	ldr	r0, [pc, #308]	@ (10000748 <main+0x27c>)
10000612:	fb02 f101 	mul.w	r1, r2, r1
10000616:	4a44      	ldr	r2, [pc, #272]	@ (10000728 <main+0x25c>)
10000618:	7800      	ldrb	r0, [r0, #0]
1000061a:	6812      	ldr	r2, [r2, #0]
1000061c:	4d43      	ldr	r5, [pc, #268]	@ (1000072c <main+0x260>)
1000061e:	f002 021f 	and.w	r2, r2, #31
10000622:	ea42 12c0 	orr.w	r2, r2, r0, lsl #7
10000626:	6828      	ldr	r0, [r5, #0]
10000628:	311f      	adds	r1, #31
1000062a:	f020 0001 	bic.w	r0, r0, #1
1000062e:	6028      	str	r0, [r5, #0]
10000630:	4846      	ldr	r0, [pc, #280]	@ (1000074c <main+0x280>)
10000632:	0949      	lsrs	r1, r1, #5
10000634:	f8c0 40d0 	str.w	r4, [r0, #208]	@ 0xd0
10000638:	f8c0 40d0 	str.w	r4, [r0, #208]	@ 0xd0
1000063c:	f5a0 607e 	sub.w	r0, r0, #4064	@ 0xfe0
10000640:	6018      	str	r0, [r3, #0]
10000642:	f8c3 8004 	str.w	r8, [r3, #4]
10000646:	6099      	str	r1, [r3, #8]
10000648:	4941      	ldr	r1, [pc, #260]	@ (10000750 <main+0x284>)
1000064a:	f442 5200 	orr.w	r2, r2, #8192	@ 0x2000
1000064e:	60d9      	str	r1, [r3, #12]
10000650:	f8c5 20d8 	str.w	r2, [r5, #216]	@ 0xd8
10000654:	682a      	ldr	r2, [r5, #0]
10000656:	f042 0201 	orr.w	r2, r2, #1
1000065a:	602a      	str	r2, [r5, #0]
1000065c:	691a      	ldr	r2, [r3, #16]
1000065e:	f012 6280 	ands.w	r2, r2, #67108864	@ 0x4000000
10000662:	d1fb      	bne.n	1000065c <main+0x190>
10000664:	4616      	mov	r6, r2
10000666:	2300      	movs	r3, #0
10000668:	ec43 9040 	gpioc_bit_out_put r9, r3
1000066c:	4b2b      	ldr	r3, [pc, #172]	@ (1000071c <main+0x250>)
1000066e:	681a      	ldr	r2, [r3, #0]
10000670:	4b29      	ldr	r3, [pc, #164]	@ (10000718 <main+0x24c>)
10000672:	f8d3 a000 	ldr.w	sl, [r3]
10000676:	b38a      	cbz	r2, 100006dc <main+0x210>
10000678:	4655      	mov	r5, sl
1000067a:	4657      	mov	r7, sl
1000067c:	f8df b0d8 	ldr.w	fp, [pc, #216]	@ 10000758 <main+0x28c>
10000680:	9200      	str	r2, [sp, #0]
10000682:	b1bf      	cbz	r7, 100006b4 <main+0x1e8>
10000684:	2401      	movs	r4, #1
10000686:	eba5 0a07 	sub.w	sl, r5, r7
1000068a:	ea4f 125a 	mov.w	r2, sl, lsr #5
1000068e:	f858 2022 	ldr.w	r2, [r8, r2, lsl #2]
10000692:	f00a 031f 	and.w	r3, sl, #31
10000696:	fa04 f303 	lsl.w	r3, r4, r3
1000069a:	4213      	tst	r3, r2
1000069c:	bf14      	ite	ne
1000069e:	2031      	movne	r0, #49	@ 0x31
100006a0:	2030      	moveq	r0, #48	@ 0x30
100006a2:	f003 f855 	bl	10003750 <__wrap_putchar>
100006a6:	f10a 0a01 	add.w	sl, sl, #1
100006aa:	202c      	movs	r0, #44	@ 0x2c
100006ac:	f003 f850 	bl	10003750 <__wrap_putchar>
100006b0:	45aa      	cmp	sl, r5
100006b2:	d1ea      	bne.n	1000068a <main+0x1be>
100006b4:	f241 3288 	movw	r2, #5000	@ 0x1388
100006b8:	fbab 1306 	umull	r1, r3, fp, r6
100006bc:	0b1b      	lsrs	r3, r3, #12
100006be:	fb02 6313 	mls	r3, r2, r3, r6
100006c2:	b9b3      	cbnz	r3, 100006f2 <main+0x226>
100006c4:	f89d 3007 	ldrb.w	r3, [sp, #7]
100006c8:	ec43 9040 	gpioc_bit_out_put r9, r3
100006cc:	200a      	movs	r0, #10
100006ce:	f003 f83f 	bl	10003750 <__wrap_putchar>
100006d2:	9b00      	ldr	r3, [sp, #0]
100006d4:	3601      	adds	r6, #1
100006d6:	42b3      	cmp	r3, r6
100006d8:	443d      	add	r5, r7
100006da:	d1d2      	bne.n	10000682 <main+0x1b6>
100006dc:	4b14      	ldr	r3, [pc, #80]	@ (10000730 <main+0x264>)
100006de:	4813      	ldr	r0, [pc, #76]	@ (1000072c <main+0x260>)
100006e0:	681a      	ldr	r2, [r3, #0]
100006e2:	4b10      	ldr	r3, [pc, #64]	@ (10000724 <main+0x258>)
100006e4:	6819      	ldr	r1, [r3, #0]
100006e6:	f005 fcf7 	bl	100060d8 <pio_remove_program>
100006ea:	4640      	mov	r0, r8
100006ec:	f001 fbb2 	bl	10001e54 <__wrap_free>
100006f0:	e700      	b.n	100004f4 <main+0x28>
100006f2:	f640 12c4 	movw	r2, #2500	@ 0x9c4
100006f6:	4293      	cmp	r3, r2
100006f8:	d1e8      	bne.n	100006cc <main+0x200>
100006fa:	2300      	movs	r3, #0
100006fc:	ec43 9040 	gpioc_bit_out_put r9, r3
10000700:	e7e4      	b.n	100006cc <main+0x200>
10000702:	4619      	mov	r1, r3
10000704:	e751      	b.n	100005aa <main+0xde>
10000706:	4621      	mov	r1, r4
10000708:	4812      	ldr	r0, [pc, #72]	@ (10000754 <main+0x288>)
1000070a:	f003 f8e5 	bl	100038d8 <__wrap_printf>
1000070e:	4b02      	ldr	r3, [pc, #8]	@ (10000718 <main+0x24c>)
10000710:	681d      	ldr	r5, [r3, #0]
10000712:	e70c      	b.n	1000052e <main+0x62>
10000714:	3b000000 	.word	0x3b000000
10000718:	200014e4 	.word	0x200014e4
1000071c:	200014e0 	.word	0x200014e0
10000720:	200014dc 	.word	0x200014dc
10000724:	200026ec 	.word	0x200026ec
10000728:	200014e8 	.word	0x200014e8
1000072c:	50200000 	.word	0x50200000
10000730:	20002b6c 	.word	0x20002b6c
10000734:	43800000 	.word	0x43800000
10000738:	800d0000 	.word	0x800d0000
1000073c:	10007028 	.word	0x10007028
10000740:	10007040 	.word	0x10007040
10000744:	10007058 	.word	0x10007058
10000748:	20002bbd 	.word	0x20002bbd
1000074c:	50201000 	.word	0x50201000
10000750:	00080049 	.word	0x00080049
10000754:	10006ffc 	.word	0x10006ffc
10000758:	d1b71759 	.word	0xd1b71759

1000075c <gpio_init>:
1000075c:	b430      	push	{r4, r5}
1000075e:	f04f 0300 	mov.w	r3, #0
10000762:	ec43 0044 	gpioc_bit_oe_put r0, r3
10000766:	ec43 0040 	gpioc_bit_out_put r0, r3
1000076a:	2505      	movs	r5, #5
1000076c:	f44f 7480 	mov.w	r4, #256	@ 0x100
10000770:	4b0b      	ldr	r3, [pc, #44]	@ (100007a0 <gpio_init+0x44>)
10000772:	00c2      	lsls	r2, r0, #3
10000774:	f853 1020 	ldr.w	r1, [r3, r0, lsl #2]
10000778:	eb03 0080 	add.w	r0, r3, r0, lsl #2
1000077c:	f081 0140 	eor.w	r1, r1, #64	@ 0x40
10000780:	f102 4380 	add.w	r3, r2, #1073741824	@ 0x40000000
10000784:	f503 3320 	add.w	r3, r3, #163840	@ 0x28000
10000788:	f001 02c0 	and.w	r2, r1, #192	@ 0xc0
1000078c:	f500 5180 	add.w	r1, r0, #4096	@ 0x1000
10000790:	f500 5040 	add.w	r0, r0, #12288	@ 0x3000
10000794:	600a      	str	r2, [r1, #0]
10000796:	605d      	str	r5, [r3, #4]
10000798:	6004      	str	r4, [r0, #0]
1000079a:	bc30      	pop	{r4, r5}
1000079c:	4770      	bx	lr
1000079e:	bf00      	nop
100007a0:	40038004 	.word	0x40038004

100007a4 <panic>:
100007a4:	b40f      	push	{r0, r1, r2, r3}
100007a6:	b500      	push	{lr}
100007a8:	b083      	sub	sp, #12
100007aa:	9c04      	ldr	r4, [sp, #16]
100007ac:	4807      	ldr	r0, [pc, #28]	@ (100007cc <panic+0x28>)
100007ae:	f003 f811 	bl	100037d4 <__wrap_puts>
100007b2:	b13c      	cbz	r4, 100007c4 <panic+0x20>
100007b4:	a905      	add	r1, sp, #20
100007b6:	4620      	mov	r0, r4
100007b8:	9101      	str	r1, [sp, #4]
100007ba:	f002 fe1f 	bl	100033fc <weak_raw_vprintf>
100007be:	4804      	ldr	r0, [pc, #16]	@ (100007d0 <panic+0x2c>)
100007c0:	f003 f808 	bl	100037d4 <__wrap_puts>
100007c4:	2001      	movs	r0, #1
100007c6:	f002 fe31 	bl	1000342c <_exit>
100007ca:	bf00      	nop
100007cc:	10007068 	.word	0x10007068
100007d0:	10006e58 	.word	0x10006e58

100007d4 <hw_claim_lock>:
100007d4:	f3ef 8010 	mrs	r0, PRIMASK
100007d8:	b672      	cpsid	i
100007da:	4b06      	ldr	r3, [pc, #24]	@ (100007f4 <hw_claim_lock+0x20>)
100007dc:	e8d3 1fcf 	ldaexb	r1, [r3]
100007e0:	2201      	movs	r2, #1
100007e2:	2900      	cmp	r1, #0
100007e4:	d1fa      	bne.n	100007dc <hw_claim_lock+0x8>
100007e6:	e8c3 2f41 	strexb	r1, r2, [r3]
100007ea:	2900      	cmp	r1, #0
100007ec:	d1f6      	bne.n	100007dc <hw_claim_lock+0x8>
100007ee:	f3bf 8f5f 	dmb	sy
100007f2:	4770      	bx	lr
100007f4:	2000229b 	.word	0x2000229b

100007f8 <hw_claim_unlock>:
100007f8:	2300      	movs	r3, #0
100007fa:	4a03      	ldr	r2, [pc, #12]	@ (10000808 <hw_claim_unlock+0x10>)
100007fc:	e8c2 3f8f 	stlb	r3, [r2]
10000800:	f380 8810 	msr	PRIMASK, r0
10000804:	4770      	bx	lr
10000806:	bf00      	nop
10000808:	2000229b 	.word	0x2000229b

1000080c <hw_claim_or_assert>:
1000080c:	b570      	push	{r4, r5, r6, lr}
1000080e:	4686      	mov	lr, r0
10000810:	f3ef 8510 	mrs	r5, PRIMASK
10000814:	b672      	cpsid	i
10000816:	4c12      	ldr	r4, [pc, #72]	@ (10000860 <hw_claim_or_assert+0x54>)
10000818:	e8d4 6fcf 	ldaexb	r6, [r4]
1000081c:	2001      	movs	r0, #1
1000081e:	2e00      	cmp	r6, #0
10000820:	d1fa      	bne.n	10000818 <hw_claim_or_assert+0xc>
10000822:	e8c4 0f46 	strexb	r6, r0, [r4]
10000826:	2e00      	cmp	r6, #0
10000828:	d1f6      	bne.n	10000818 <hw_claim_or_assert+0xc>
1000082a:	f3bf 8f5f 	dmb	sy
1000082e:	f04f 0c01 	mov.w	ip, #1
10000832:	08c8      	lsrs	r0, r1, #3
10000834:	f001 0307 	and.w	r3, r1, #7
10000838:	fa0c f303 	lsl.w	r3, ip, r3
1000083c:	f81e c000 	ldrb.w	ip, [lr, r0]
10000840:	ea1c 0603 	ands.w	r6, ip, r3
10000844:	d108      	bne.n	10000858 <hw_claim_or_assert+0x4c>
10000846:	ea4c 0c03 	orr.w	ip, ip, r3
1000084a:	f80e c000 	strb.w	ip, [lr, r0]
1000084e:	e8c4 6f8f 	stlb	r6, [r4]
10000852:	f385 8810 	msr	PRIMASK, r5
10000856:	bd70      	pop	{r4, r5, r6, pc}
10000858:	4610      	mov	r0, r2
1000085a:	f7ff ffa3 	bl	100007a4 <panic>
1000085e:	bf00      	nop
10000860:	2000229b 	.word	0x2000229b

10000864 <hw_claim_unused_from_range>:
10000864:	b5f8      	push	{r3, r4, r5, r6, r7, lr}
10000866:	f3ef 8510 	mrs	r5, PRIMASK
1000086a:	b672      	cpsid	i
1000086c:	4c23      	ldr	r4, [pc, #140]	@ (100008fc <hw_claim_unused_from_range+0x98>)
1000086e:	e8d4 7fcf 	ldaexb	r7, [r4]
10000872:	2601      	movs	r6, #1
10000874:	2f00      	cmp	r7, #0
10000876:	d1fa      	bne.n	1000086e <hw_claim_unused_from_range+0xa>
10000878:	e8c4 6f47 	strexb	r7, r6, [r4]
1000087c:	2f00      	cmp	r7, #0
1000087e:	d1f6      	bne.n	1000086e <hw_claim_unused_from_range+0xa>
10000880:	f3bf 8f5f 	dmb	sy
10000884:	429a      	cmp	r2, r3
10000886:	d827      	bhi.n	100008d8 <hw_claim_unused_from_range+0x74>
10000888:	2601      	movs	r6, #1
1000088a:	08d7      	lsrs	r7, r2, #3
1000088c:	f810 e007 	ldrb.w	lr, [r0, r7]
10000890:	f002 0c07 	and.w	ip, r2, #7
10000894:	fa06 fc0c 	lsl.w	ip, r6, ip
10000898:	ea1e 0f0c 	tst.w	lr, ip
1000089c:	eb00 07d2 	add.w	r7, r0, r2, lsr #3
100008a0:	d10d      	bne.n	100008be <hw_claim_unused_from_range+0x5a>
100008a2:	e025      	b.n	100008f0 <hw_claim_unused_from_range+0x8c>
100008a4:	ea4f 0ed2 	mov.w	lr, r2, lsr #3
100008a8:	f810 e00e 	ldrb.w	lr, [r0, lr]
100008ac:	f002 0c07 	and.w	ip, r2, #7
100008b0:	fa06 fc0c 	lsl.w	ip, r6, ip
100008b4:	ea1e 0f0c 	tst.w	lr, ip
100008b8:	eb00 07d2 	add.w	r7, r0, r2, lsr #3
100008bc:	d018      	beq.n	100008f0 <hw_claim_unused_from_range+0x8c>
100008be:	3201      	adds	r2, #1
100008c0:	4293      	cmp	r3, r2
100008c2:	d2ef      	bcs.n	100008a4 <hw_claim_unused_from_range+0x40>
100008c4:	f04f 30ff 	mov.w	r0, #4294967295	@ 0xffffffff
100008c8:	2300      	movs	r3, #0
100008ca:	e8c4 3f8f 	stlb	r3, [r4]
100008ce:	f385 8810 	msr	PRIMASK, r5
100008d2:	4298      	cmp	r0, r3
100008d4:	db07      	blt.n	100008e6 <hw_claim_unused_from_range+0x82>
100008d6:	bdf8      	pop	{r3, r4, r5, r6, r7, pc}
100008d8:	2300      	movs	r3, #0
100008da:	e8c4 3f8f 	stlb	r3, [r4]
100008de:	f385 8810 	msr	PRIMASK, r5
100008e2:	f04f 30ff 	mov.w	r0, #4294967295	@ 0xffffffff
100008e6:	2900      	cmp	r1, #0
100008e8:	d0f5      	beq.n	100008d6 <hw_claim_unused_from_range+0x72>
100008ea:	9806      	ldr	r0, [sp, #24]
100008ec:	f7ff ff5a 	bl	100007a4 <panic>
100008f0:	ea4e 0e0c 	orr.w	lr, lr, ip
100008f4:	4610      	mov	r0, r2
100008f6:	f887 e000 	strb.w	lr, [r7]
100008fa:	e7e5      	b.n	100008c8 <hw_claim_unused_from_range+0x64>
100008fc:	2000229b 	.word	0x2000229b

10000900 <next_striped_spin_lock_num>:
10000900:	4a04      	ldr	r2, [pc, #16]	@ (10000914 <next_striped_spin_lock_num+0x14>)
10000902:	7810      	ldrb	r0, [r2, #0]
10000904:	1c43      	adds	r3, r0, #1
10000906:	b2db      	uxtb	r3, r3
10000908:	2b18      	cmp	r3, #24
1000090a:	bf28      	it	cs
1000090c:	2310      	movcs	r3, #16
1000090e:	7013      	strb	r3, [r2, #0]
10000910:	4770      	bx	lr
10000912:	bf00      	nop
10000914:	200014ec 	.word	0x200014ec

10000918 <spin_lock_claim_unused>:
10000918:	b510      	push	{r4, lr}
1000091a:	4c05      	ldr	r4, [pc, #20]	@ (10000930 <spin_lock_claim_unused+0x18>)
1000091c:	b082      	sub	sp, #8
1000091e:	4601      	mov	r1, r0
10000920:	231f      	movs	r3, #31
10000922:	2218      	movs	r2, #24
10000924:	9400      	str	r4, [sp, #0]
10000926:	4803      	ldr	r0, [pc, #12]	@ (10000934 <spin_lock_claim_unused+0x1c>)
10000928:	f7ff ff9c 	bl	10000864 <hw_claim_unused_from_range>
1000092c:	b002      	add	sp, #8
1000092e:	bd10      	pop	{r4, pc}
10000930:	10007078 	.word	0x10007078
10000934:	200026f8 	.word	0x200026f8

10000938 <spinlock_set_extexclall>:
10000938:	f04f 22e0 	mov.w	r2, #3758153728	@ 0xe000e000
1000093c:	6893      	ldr	r3, [r2, #8]
1000093e:	f043 5300 	orr.w	r3, r3, #536870912	@ 0x20000000
10000942:	6093      	str	r3, [r2, #8]
10000944:	4770      	bx	lr
10000946:	bf00      	nop

10000948 <spin_locks_reset>:
10000948:	2100      	movs	r1, #0
1000094a:	4b04      	ldr	r3, [pc, #16]	@ (1000095c <spin_locks_reset+0x14>)
1000094c:	f103 0220 	add.w	r2, r3, #32
10000950:	e8c3 1f8f 	stlb	r1, [r3]
10000954:	3301      	adds	r3, #1
10000956:	4293      	cmp	r3, r2
10000958:	d1fa      	bne.n	10000950 <spin_locks_reset+0x8>
1000095a:	4770      	bx	lr
1000095c:	20002290 	.word	0x20002290

10000960 <runtime_init_per_core_irq_priorities>:
10000960:	f04f 23e0 	mov.w	r3, #3758153728	@ 0xe000e000
10000964:	f04f 3280 	mov.w	r2, #2155905152	@ 0x80808080
10000968:	f8c3 2400 	str.w	r2, [r3, #1024]	@ 0x400
1000096c:	f8c3 2404 	str.w	r2, [r3, #1028]	@ 0x404
10000970:	f8c3 2408 	str.w	r2, [r3, #1032]	@ 0x408
10000974:	f8c3 240c 	str.w	r2, [r3, #1036]	@ 0x40c
10000978:	f8c3 2410 	str.w	r2, [r3, #1040]	@ 0x410
1000097c:	f8c3 2414 	str.w	r2, [r3, #1044]	@ 0x414
10000980:	f8c3 2418 	str.w	r2, [r3, #1048]	@ 0x418
10000984:	f8c3 241c 	str.w	r2, [r3, #1052]	@ 0x41c
10000988:	f8c3 2420 	str.w	r2, [r3, #1056]	@ 0x420
1000098c:	f8c3 2424 	str.w	r2, [r3, #1060]	@ 0x424
10000990:	f8c3 2428 	str.w	r2, [r3, #1064]	@ 0x428
10000994:	f8c3 242c 	str.w	r2, [r3, #1068]	@ 0x42c
10000998:	f8c3 2430 	str.w	r2, [r3, #1072]	@ 0x430
1000099c:	4770      	bx	lr
1000099e:	bf00      	nop

100009a0 <irq_set_enabled>:
100009a0:	2301      	movs	r3, #1
100009a2:	f000 021f 	and.w	r2, r0, #31
100009a6:	4093      	lsls	r3, r2
100009a8:	0940      	lsrs	r0, r0, #5
100009aa:	b141      	cbz	r1, 100009be <irq_set_enabled+0x1e>
100009ac:	0080      	lsls	r0, r0, #2
100009ae:	f100 4060 	add.w	r0, r0, #3758096384	@ 0xe0000000
100009b2:	f500 4061 	add.w	r0, r0, #57600	@ 0xe100
100009b6:	f8c0 3180 	str.w	r3, [r0, #384]	@ 0x180
100009ba:	6003      	str	r3, [r0, #0]
100009bc:	4770      	bx	lr
100009be:	4a02      	ldr	r2, [pc, #8]	@ (100009c8 <irq_set_enabled+0x28>)
100009c0:	3020      	adds	r0, #32
100009c2:	f842 3020 	str.w	r3, [r2, r0, lsl #2]
100009c6:	4770      	bx	lr
100009c8:	e000e100 	.word	0xe000e100

100009cc <irq_is_enabled>:
100009cc:	2301      	movs	r3, #1
100009ce:	4a06      	ldr	r2, [pc, #24]	@ (100009e8 <irq_is_enabled+0x1c>)
100009d0:	0941      	lsrs	r1, r0, #5
100009d2:	f852 2021 	ldr.w	r2, [r2, r1, lsl #2]
100009d6:	f000 001f 	and.w	r0, r0, #31
100009da:	4083      	lsls	r3, r0
100009dc:	4213      	tst	r3, r2
100009de:	bf14      	ite	ne
100009e0:	2001      	movne	r0, #1
100009e2:	2000      	moveq	r0, #0
100009e4:	4770      	bx	lr
100009e6:	bf00      	nop
100009e8:	e000e100 	.word	0xe000e100

100009ec <irq_set_pending>:
100009ec:	2201      	movs	r2, #1
100009ee:	0943      	lsrs	r3, r0, #5
100009f0:	4903      	ldr	r1, [pc, #12]	@ (10000a00 <irq_set_pending+0x14>)
100009f2:	f000 001f 	and.w	r0, r0, #31
100009f6:	4082      	lsls	r2, r0
100009f8:	3340      	adds	r3, #64	@ 0x40
100009fa:	f841 2023 	str.w	r2, [r1, r3, lsl #2]
100009fe:	4770      	bx	lr
10000a00:	e000e100 	.word	0xe000e100

10000a04 <irq_has_shared_handler>:
10000a04:	4b06      	ldr	r3, [pc, #24]	@ (10000a20 <irq_has_shared_handler+0x1c>)
10000a06:	3010      	adds	r0, #16
10000a08:	689b      	ldr	r3, [r3, #8]
10000a0a:	f853 0020 	ldr.w	r0, [r3, r0, lsl #2]
10000a0e:	b128      	cbz	r0, 10000a1c <irq_has_shared_handler+0x18>
10000a10:	4b04      	ldr	r3, [pc, #16]	@ (10000a24 <irq_has_shared_handler+0x20>)
10000a12:	1ac0      	subs	r0, r0, r3
10000a14:	282f      	cmp	r0, #47	@ 0x2f
10000a16:	bf8c      	ite	hi
10000a18:	2000      	movhi	r0, #0
10000a1a:	2001      	movls	r0, #1
10000a1c:	4770      	bx	lr
10000a1e:	bf00      	nop
10000a20:	e000ed00 	.word	0xe000ed00
10000a24:	200014f0 	.word	0x200014f0

10000a28 <irq_set_exclusive_handler>:
10000a28:	b5f8      	push	{r3, r4, r5, r6, r7, lr}
10000a2a:	460d      	mov	r5, r1
10000a2c:	f3ef 8710 	mrs	r7, PRIMASK
10000a30:	b672      	cpsid	i
10000a32:	4e12      	ldr	r6, [pc, #72]	@ (10000a7c <irq_set_exclusive_handler+0x54>)
10000a34:	e8d6 2fcf 	ldaexb	r2, [r6]
10000a38:	2301      	movs	r3, #1
10000a3a:	2a00      	cmp	r2, #0
10000a3c:	d1fa      	bne.n	10000a34 <irq_set_exclusive_handler+0xc>
10000a3e:	e8c6 3f42 	strexb	r2, r3, [r6]
10000a42:	2a00      	cmp	r2, #0
10000a44:	d1f6      	bne.n	10000a34 <irq_set_exclusive_handler+0xc>
10000a46:	f3bf 8f5f 	dmb	sy
10000a4a:	4b0d      	ldr	r3, [pc, #52]	@ (10000a80 <irq_set_exclusive_handler+0x58>)
10000a4c:	f100 0410 	add.w	r4, r0, #16
10000a50:	689b      	ldr	r3, [r3, #8]
10000a52:	4a0c      	ldr	r2, [pc, #48]	@ (10000a84 <irq_set_exclusive_handler+0x5c>)
10000a54:	f853 3024 	ldr.w	r3, [r3, r4, lsl #2]
10000a58:	4293      	cmp	r3, r2
10000a5a:	d003      	beq.n	10000a64 <irq_set_exclusive_handler+0x3c>
10000a5c:	4299      	cmp	r1, r3
10000a5e:	d001      	beq.n	10000a64 <irq_set_exclusive_handler+0x3c>
10000a60:	f000 ffa6 	bl	100019b0 <hard_assertion_failure>
10000a64:	4b06      	ldr	r3, [pc, #24]	@ (10000a80 <irq_set_exclusive_handler+0x58>)
10000a66:	689b      	ldr	r3, [r3, #8]
10000a68:	f843 5024 	str.w	r5, [r3, r4, lsl #2]
10000a6c:	f3bf 8f5f 	dmb	sy
10000a70:	2300      	movs	r3, #0
10000a72:	e8c6 3f8f 	stlb	r3, [r6]
10000a76:	f387 8810 	msr	PRIMASK, r7
10000a7a:	bdf8      	pop	{r3, r4, r5, r6, r7, pc}
10000a7c:	20002299 	.word	0x20002299
10000a80:	e000ed00 	.word	0xe000ed00
10000a84:	1000011d 	.word	0x1000011d

10000a88 <irq_add_shared_handler>:
10000a88:	e92d 4ff0 	stmdb	sp!, {r4, r5, r6, r7, r8, r9, sl, fp, lr}
10000a8c:	4681      	mov	r9, r0
10000a8e:	468b      	mov	fp, r1
10000a90:	4616      	mov	r6, r2
10000a92:	b085      	sub	sp, #20
10000a94:	f3ef 8210 	mrs	r2, PRIMASK
10000a98:	b672      	cpsid	i
10000a9a:	f8df a1ec 	ldr.w	sl, [pc, #492]	@ 10000c88 <irq_add_shared_handler+0x200>
10000a9e:	e8da 1fcf 	ldaexb	r1, [sl]
10000aa2:	2301      	movs	r3, #1
10000aa4:	2900      	cmp	r1, #0
10000aa6:	d1fa      	bne.n	10000a9e <irq_add_shared_handler+0x16>
10000aa8:	e8ca 3f41 	strexb	r1, r3, [sl]
10000aac:	2900      	cmp	r1, #0
10000aae:	d1f6      	bne.n	10000a9e <irq_add_shared_handler+0x16>
10000ab0:	f3bf 8f5f 	dmb	sy
10000ab4:	4b6d      	ldr	r3, [pc, #436]	@ (10000c6c <irq_add_shared_handler+0x1e4>)
10000ab6:	f993 4000 	ldrsb.w	r4, [r3]
10000aba:	2c00      	cmp	r4, #0
10000abc:	f2c0 808c 	blt.w	10000bd8 <irq_add_shared_handler+0x150>
10000ac0:	4d6b      	ldr	r5, [pc, #428]	@ (10000c70 <irq_add_shared_handler+0x1e8>)
10000ac2:	eb04 0744 	add.w	r7, r4, r4, lsl #1
10000ac6:	eb05 0887 	add.w	r8, r5, r7, lsl #2
10000aca:	f898 1006 	ldrb.w	r1, [r8, #6]
10000ace:	f109 0910 	add.w	r9, r9, #16
10000ad2:	7019      	strb	r1, [r3, #0]
10000ad4:	4b67      	ldr	r3, [pc, #412]	@ (10000c74 <irq_add_shared_handler+0x1ec>)
10000ad6:	00bf      	lsls	r7, r7, #2
10000ad8:	689b      	ldr	r3, [r3, #8]
10000ada:	f853 0029 	ldr.w	r0, [r3, r9, lsl #2]
10000ade:	0063      	lsls	r3, r4, #1
10000ae0:	1b41      	subs	r1, r0, r5
10000ae2:	292f      	cmp	r1, #47	@ 0x2f
10000ae4:	9301      	str	r3, [sp, #4]
10000ae6:	d92f      	bls.n	10000b48 <irq_add_shared_handler+0xc0>
10000ae8:	4963      	ldr	r1, [pc, #396]	@ (10000c78 <irq_add_shared_handler+0x1f0>)
10000aea:	4288      	cmp	r0, r1
10000aec:	f040 80b2 	bne.w	10000c54 <irq_add_shared_handler+0x1cc>
10000af0:	0063      	lsls	r3, r4, #1
10000af2:	441c      	add	r4, r3
10000af4:	4b61      	ldr	r3, [pc, #388]	@ (10000c7c <irq_add_shared_handler+0x1f4>)
10000af6:	3702      	adds	r7, #2
10000af8:	442f      	add	r7, r5
10000afa:	3b04      	subs	r3, #4
10000afc:	1bdb      	subs	r3, r3, r7
10000afe:	f3c3 034a 	ubfx	r3, r3, #1, #11
10000b02:	ea6f 43c3 	mvn.w	r3, r3, lsl #19
10000b06:	f44f 4121 	mov.w	r1, #41216	@ 0xa100
10000b0a:	ea6f 43d3 	mvn.w	r3, r3, lsr #19
10000b0e:	f825 1024 	strh.w	r1, [r5, r4, lsl #2]
10000b12:	eb05 0484 	add.w	r4, r5, r4, lsl #2
10000b16:	8063      	strh	r3, [r4, #2]
10000b18:	f64b 5301 	movw	r3, #48385	@ 0xbd01
10000b1c:	80a3      	strh	r3, [r4, #4]
10000b1e:	23ff      	movs	r3, #255	@ 0xff
10000b20:	f048 0001 	orr.w	r0, r8, #1
10000b24:	71e6      	strb	r6, [r4, #7]
10000b26:	f8c4 b008 	str.w	fp, [r4, #8]
10000b2a:	71a3      	strb	r3, [r4, #6]
10000b2c:	4b51      	ldr	r3, [pc, #324]	@ (10000c74 <irq_add_shared_handler+0x1ec>)
10000b2e:	689b      	ldr	r3, [r3, #8]
10000b30:	f843 0029 	str.w	r0, [r3, r9, lsl #2]
10000b34:	f3bf 8f5f 	dmb	sy
10000b38:	2300      	movs	r3, #0
10000b3a:	e8ca 3f8f 	stlb	r3, [sl]
10000b3e:	f382 8810 	msr	PRIMASK, r2
10000b42:	b005      	add	sp, #20
10000b44:	e8bd 8ff0 	ldmia.w	sp!, {r4, r5, r6, r7, r8, r9, sl, fp, pc}
10000b48:	f020 0e01 	bic.w	lr, r0, #1
10000b4c:	f89e 1007 	ldrb.w	r1, [lr, #7]
10000b50:	42b1      	cmp	r1, r6
10000b52:	bf88      	it	hi
10000b54:	9702      	strhi	r7, [sp, #8]
10000b56:	d82e      	bhi.n	10000bb6 <irq_add_shared_handler+0x12e>
10000b58:	f44f 4321 	mov.w	r3, #41216	@ 0xa100
10000b5c:	53eb      	strh	r3, [r5, r7]
10000b5e:	4b47      	ldr	r3, [pc, #284]	@ (10000c7c <irq_add_shared_handler+0x1f4>)
10000b60:	1cb9      	adds	r1, r7, #2
10000b62:	4429      	add	r1, r5
10000b64:	3b04      	subs	r3, #4
10000b66:	3704      	adds	r7, #4
10000b68:	1a5b      	subs	r3, r3, r1
10000b6a:	442f      	add	r7, r5
10000b6c:	f1ae 0104 	sub.w	r1, lr, #4
10000b70:	4c43      	ldr	r4, [pc, #268]	@ (10000c80 <irq_add_shared_handler+0x1f8>)
10000b72:	1bc9      	subs	r1, r1, r7
10000b74:	f3c1 014a 	ubfx	r1, r1, #1, #11
10000b78:	4321      	orrs	r1, r4
10000b7a:	f8a8 1004 	strh.w	r1, [r8, #4]
10000b7e:	f3c3 034a 	ubfx	r3, r3, #1, #11
10000b82:	4940      	ldr	r1, [pc, #256]	@ (10000c84 <irq_add_shared_handler+0x1fc>)
10000b84:	4323      	orrs	r3, r4
10000b86:	f8a8 3002 	strh.w	r3, [r8, #2]
10000b8a:	f64a 20aa 	movw	r0, #43690	@ 0xaaaa
10000b8e:	4673      	mov	r3, lr
10000b90:	1b5b      	subs	r3, r3, r5
10000b92:	415b      	adcs	r3, r3
10000b94:	4358      	muls	r0, r3
10000b96:	0d00      	lsrs	r0, r0, #20
10000b98:	f888 6007 	strb.w	r6, [r8, #7]
10000b9c:	f888 0006 	strb.w	r0, [r8, #6]
10000ba0:	f8c8 b008 	str.w	fp, [r8, #8]
10000ba4:	f048 0001 	orr.w	r0, r8, #1
10000ba8:	f8ce 1000 	str.w	r1, [lr]
10000bac:	e7be      	b.n	10000b2c <irq_add_shared_handler+0xa4>
10000bae:	79cf      	ldrb	r7, [r1, #7]
10000bb0:	42b7      	cmp	r7, r6
10000bb2:	d919      	bls.n	10000be8 <irq_add_shared_handler+0x160>
10000bb4:	468e      	mov	lr, r1
10000bb6:	f99e c006 	ldrsb.w	ip, [lr, #6]
10000bba:	eb0c 014c 	add.w	r1, ip, ip, lsl #1
10000bbe:	f1bc 0f00 	cmp.w	ip, #0
10000bc2:	eb05 0181 	add.w	r1, r5, r1, lsl #2
10000bc6:	daf2      	bge.n	10000bae <irq_add_shared_handler+0x126>
10000bc8:	9301      	str	r3, [sp, #4]
10000bca:	f64b 5301 	movw	r3, #48385	@ 0xbd01
10000bce:	9303      	str	r3, [sp, #12]
10000bd0:	f10e 0304 	add.w	r3, lr, #4
10000bd4:	9302      	str	r3, [sp, #8]
10000bd6:	e01f      	b.n	10000c18 <irq_add_shared_handler+0x190>
10000bd8:	9201      	str	r2, [sp, #4]
10000bda:	f000 fee9 	bl	100019b0 <hard_assertion_failure>
10000bde:	4b23      	ldr	r3, [pc, #140]	@ (10000c6c <irq_add_shared_handler+0x1e4>)
10000be0:	9a01      	ldr	r2, [sp, #4]
10000be2:	f993 4000 	ldrsb.w	r4, [r3]
10000be6:	e76b      	b.n	10000ac0 <irq_add_shared_handler+0x38>
10000be8:	9301      	str	r3, [sp, #4]
10000bea:	f8be 3004 	ldrh.w	r3, [lr, #4]
10000bee:	f10e 0104 	add.w	r1, lr, #4
10000bf2:	9f02      	ldr	r7, [sp, #8]
10000bf4:	9102      	str	r1, [sp, #8]
10000bf6:	0559      	lsls	r1, r3, #21
10000bf8:	d431      	bmi.n	10000c5e <irq_add_shared_handler+0x1d6>
10000bfa:	9b02      	ldr	r3, [sp, #8]
10000bfc:	1549      	asrs	r1, r1, #21
10000bfe:	3102      	adds	r1, #2
10000c00:	eb03 0341 	add.w	r3, r3, r1, lsl #1
10000c04:	f06f 0107 	mvn.w	r1, #7
10000c08:	1bc9      	subs	r1, r1, r7
10000c0a:	1b49      	subs	r1, r1, r5
10000c0c:	4419      	add	r1, r3
10000c0e:	f3c1 014a 	ubfx	r1, r1, #1, #11
10000c12:	f441 4360 	orr.w	r3, r1, #57344	@ 0xe000
10000c16:	9303      	str	r3, [sp, #12]
10000c18:	9902      	ldr	r1, [sp, #8]
10000c1a:	f1a8 0704 	sub.w	r7, r8, #4
10000c1e:	1a7f      	subs	r7, r7, r1
10000c20:	f3c7 074a 	ubfx	r7, r7, #1, #11
10000c24:	ea6f 47c7 	mvn.w	r7, r7, lsl #19
10000c28:	9b01      	ldr	r3, [sp, #4]
10000c2a:	ea6f 47d7 	mvn.w	r7, r7, lsr #19
10000c2e:	4423      	add	r3, r4
10000c30:	4698      	mov	r8, r3
10000c32:	f88e 4006 	strb.w	r4, [lr, #6]
10000c36:	9903      	ldr	r1, [sp, #12]
10000c38:	4c12      	ldr	r4, [pc, #72]	@ (10000c84 <irq_add_shared_handler+0x1fc>)
10000c3a:	eb05 0383 	add.w	r3, r5, r3, lsl #2
10000c3e:	f8ae 7004 	strh.w	r7, [lr, #4]
10000c42:	f845 4028 	str.w	r4, [r5, r8, lsl #2]
10000c46:	8099      	strh	r1, [r3, #4]
10000c48:	f883 c006 	strb.w	ip, [r3, #6]
10000c4c:	71de      	strb	r6, [r3, #7]
10000c4e:	f8c3 b008 	str.w	fp, [r3, #8]
10000c52:	e76b      	b.n	10000b2c <irq_add_shared_handler+0xa4>
10000c54:	9201      	str	r2, [sp, #4]
10000c56:	f000 feab 	bl	100019b0 <hard_assertion_failure>
10000c5a:	9a01      	ldr	r2, [sp, #4]
10000c5c:	e748      	b.n	10000af0 <irq_add_shared_handler+0x68>
10000c5e:	f501 11ff 	add.w	r1, r1, #2088960	@ 0x1fe000
10000c62:	f501 51ff 	add.w	r1, r1, #8160	@ 0x1fe0
10000c66:	311f      	adds	r1, #31
10000c68:	e7c7      	b.n	10000bfa <irq_add_shared_handler+0x172>
10000c6a:	bf00      	nop
10000c6c:	20002bc1 	.word	0x20002bc1
10000c70:	200014f0 	.word	0x200014f0
10000c74:	e000ed00 	.word	0xe000ed00
10000c78:	1000011d 	.word	0x1000011d
10000c7c:	20001520 	.word	0x20001520
10000c80:	ffffe000 	.word	0xffffe000
10000c84:	47804801 	.word	0x47804801
10000c88:	20002299 	.word	0x20002299

10000c8c <irq_add_tail_to_free_list>:
10000c8c:	b5f0      	push	{r4, r5, r6, r7, lr}
10000c8e:	f3ef 8505 	mrs	r5, IPSR
10000c92:	b2ed      	uxtb	r5, r5
10000c94:	f3ef 8c10 	mrs	ip, PRIMASK
10000c98:	b672      	cpsid	i
10000c9a:	4926      	ldr	r1, [pc, #152]	@ (10000d34 <irq_add_tail_to_free_list+0xa8>)
10000c9c:	e8d1 2fcf 	ldaexb	r2, [r1]
10000ca0:	2301      	movs	r3, #1
10000ca2:	2a00      	cmp	r2, #0
10000ca4:	d1fa      	bne.n	10000c9c <irq_add_tail_to_free_list+0x10>
10000ca6:	e8c1 3f42 	strexb	r2, r3, [r1]
10000caa:	2a00      	cmp	r2, #0
10000cac:	d1f6      	bne.n	10000c9c <irq_add_tail_to_free_list+0x10>
10000cae:	f3bf 8f5f 	dmb	sy
10000cb2:	4e21      	ldr	r6, [pc, #132]	@ (10000d38 <irq_add_tail_to_free_list+0xac>)
10000cb4:	f040 0e01 	orr.w	lr, r0, #1
10000cb8:	68b4      	ldr	r4, [r6, #8]
10000cba:	f64a 23aa 	movw	r3, #43690	@ 0xaaaa
10000cbe:	f854 7025 	ldr.w	r7, [r4, r5, lsl #2]
10000cc2:	4a1e      	ldr	r2, [pc, #120]	@ (10000d3c <irq_add_tail_to_free_list+0xb0>)
10000cc4:	4604      	mov	r4, r0
10000cc6:	1aa4      	subs	r4, r4, r2
10000cc8:	4164      	adcs	r4, r4
10000cca:	4363      	muls	r3, r4
10000ccc:	0d1b      	lsrs	r3, r3, #20
10000cce:	4577      	cmp	r7, lr
10000cd0:	b25b      	sxtb	r3, r3
10000cd2:	d01b      	beq.n	10000d0c <irq_add_tail_to_free_list+0x80>
10000cd4:	f992 4006 	ldrsb.w	r4, [r2, #6]
10000cd8:	429c      	cmp	r4, r3
10000cda:	d01c      	beq.n	10000d16 <irq_add_tail_to_free_list+0x8a>
10000cdc:	f992 4012 	ldrsb.w	r4, [r2, #18]
10000ce0:	429c      	cmp	r4, r3
10000ce2:	d023      	beq.n	10000d2c <irq_add_tail_to_free_list+0xa0>
10000ce4:	f992 401e 	ldrsb.w	r4, [r2, #30]
10000ce8:	429c      	cmp	r4, r3
10000cea:	d021      	beq.n	10000d30 <irq_add_tail_to_free_list+0xa4>
10000cec:	f992 402a 	ldrsb.w	r4, [r2, #42]	@ 0x2a
10000cf0:	429c      	cmp	r4, r3
10000cf2:	bf08      	it	eq
10000cf4:	2403      	moveq	r4, #3
10000cf6:	d00f      	beq.n	10000d18 <irq_add_tail_to_free_list+0x8c>
10000cf8:	4a11      	ldr	r2, [pc, #68]	@ (10000d40 <irq_add_tail_to_free_list+0xb4>)
10000cfa:	2400      	movs	r4, #0
10000cfc:	7815      	ldrb	r5, [r2, #0]
10000cfe:	7013      	strb	r3, [r2, #0]
10000d00:	7185      	strb	r5, [r0, #6]
10000d02:	e8c1 4f8f 	stlb	r4, [r1]
10000d06:	f38c 8810 	msr	PRIMASK, ip
10000d0a:	bdf0      	pop	{r4, r5, r6, r7, pc}
10000d0c:	68b2      	ldr	r2, [r6, #8]
10000d0e:	4c0d      	ldr	r4, [pc, #52]	@ (10000d44 <irq_add_tail_to_free_list+0xb8>)
10000d10:	f842 4025 	str.w	r4, [r2, r5, lsl #2]
10000d14:	e7f0      	b.n	10000cf8 <irq_add_tail_to_free_list+0x6c>
10000d16:	2400      	movs	r4, #0
10000d18:	eb04 0444 	add.w	r4, r4, r4, lsl #1
10000d1c:	eb02 0284 	add.w	r2, r2, r4, lsl #2
10000d20:	24ff      	movs	r4, #255	@ 0xff
10000d22:	7194      	strb	r4, [r2, #6]
10000d24:	f64b 5401 	movw	r4, #48385	@ 0xbd01
10000d28:	8094      	strh	r4, [r2, #4]
10000d2a:	e7e5      	b.n	10000cf8 <irq_add_tail_to_free_list+0x6c>
10000d2c:	2401      	movs	r4, #1
10000d2e:	e7f3      	b.n	10000d18 <irq_add_tail_to_free_list+0x8c>
10000d30:	2402      	movs	r4, #2
10000d32:	e7f1      	b.n	10000d18 <irq_add_tail_to_free_list+0x8c>
10000d34:	20002299 	.word	0x20002299
10000d38:	e000ed00 	.word	0xe000ed00
10000d3c:	200014f0 	.word	0x200014f0
10000d40:	20002bc1 	.word	0x20002bc1
10000d44:	1000011d 	.word	0x1000011d

10000d48 <user_irq_claim_unused>:
10000d48:	b510      	push	{r4, lr}
10000d4a:	4c07      	ldr	r4, [pc, #28]	@ (10000d68 <user_irq_claim_unused+0x20>)
10000d4c:	b082      	sub	sp, #8
10000d4e:	4601      	mov	r1, r0
10000d50:	2305      	movs	r3, #5
10000d52:	2200      	movs	r2, #0
10000d54:	9400      	str	r4, [sp, #0]
10000d56:	4805      	ldr	r0, [pc, #20]	@ (10000d6c <user_irq_claim_unused+0x24>)
10000d58:	f7ff fd84 	bl	10000864 <hw_claim_unused_from_range>
10000d5c:	2800      	cmp	r0, #0
10000d5e:	bfa8      	it	ge
10000d60:	f1c0 0033 	rsbge	r0, r0, #51	@ 0x33
10000d64:	b002      	add	sp, #8
10000d66:	bd10      	pop	{r4, pc}
10000d68:	10007094 	.word	0x10007094
10000d6c:	20002bc5 	.word	0x20002bc5

10000d70 <lock_init>:
10000d70:	4b01      	ldr	r3, [pc, #4]	@ (10000d78 <lock_init+0x8>)
10000d72:	440b      	add	r3, r1
10000d74:	6003      	str	r3, [r0, #0]
10000d76:	4770      	bx	lr
10000d78:	20002290 	.word	0x20002290

10000d7c <runtime_init_mutex>:
10000d7c:	b5f8      	push	{r3, r4, r5, r6, r7, lr}
10000d7e:	4d12      	ldr	r5, [pc, #72]	@ (10000dc8 <runtime_init_mutex+0x4c>)
10000d80:	4e12      	ldr	r6, [pc, #72]	@ (10000dcc <runtime_init_mutex+0x50>)
10000d82:	42b5      	cmp	r5, r6
10000d84:	d21f      	bcs.n	10000dc6 <runtime_init_mutex+0x4a>
10000d86:	462c      	mov	r4, r5
10000d88:	6823      	ldr	r3, [r4, #0]
10000d8a:	27ff      	movs	r7, #255	@ 0xff
10000d8c:	b17b      	cbz	r3, 10000dae <runtime_init_mutex+0x32>
10000d8e:	f7ff fdb7 	bl	10000900 <next_striped_spin_lock_num>
10000d92:	4601      	mov	r1, r0
10000d94:	4628      	mov	r0, r5
10000d96:	f7ff ffeb 	bl	10000d70 <lock_init>
10000d9a:	80a7      	strh	r7, [r4, #4]
10000d9c:	f3bf 8f5f 	dmb	sy
10000da0:	3408      	adds	r4, #8
10000da2:	42b4      	cmp	r4, r6
10000da4:	d20f      	bcs.n	10000dc6 <runtime_init_mutex+0x4a>
10000da6:	6823      	ldr	r3, [r4, #0]
10000da8:	4625      	mov	r5, r4
10000daa:	2b00      	cmp	r3, #0
10000dac:	d1ef      	bne.n	10000d8e <runtime_init_mutex+0x12>
10000dae:	f7ff fda7 	bl	10000900 <next_striped_spin_lock_num>
10000db2:	4601      	mov	r1, r0
10000db4:	4628      	mov	r0, r5
10000db6:	f7ff ffdb 	bl	10000d70 <lock_init>
10000dba:	7127      	strb	r7, [r4, #4]
10000dbc:	f3bf 8f5f 	dmb	sy
10000dc0:	3408      	adds	r4, #8
10000dc2:	42b4      	cmp	r4, r6
10000dc4:	d3ef      	bcc.n	10000da6 <runtime_init_mutex+0x2a>
10000dc6:	bdf8      	pop	{r3, r4, r5, r6, r7, pc}
10000dc8:	20001dc8 	.word	0x20001dc8
10000dcc:	20001dd0 	.word	0x20001dd0

10000dd0 <mutex_init>:
10000dd0:	b510      	push	{r4, lr}
10000dd2:	4604      	mov	r4, r0
10000dd4:	f7ff fd94 	bl	10000900 <next_striped_spin_lock_num>
10000dd8:	4601      	mov	r1, r0
10000dda:	4620      	mov	r0, r4
10000ddc:	f7ff ffc8 	bl	10000d70 <lock_init>
10000de0:	23ff      	movs	r3, #255	@ 0xff
10000de2:	7123      	strb	r3, [r4, #4]
10000de4:	f3bf 8f5f 	dmb	sy
10000de8:	bd10      	pop	{r4, pc}
10000dea:	bf00      	nop

10000dec <critical_section_init>:
10000dec:	b510      	push	{r4, lr}
10000dee:	4604      	mov	r4, r0
10000df0:	2001      	movs	r0, #1
10000df2:	f7ff fd91 	bl	10000918 <spin_lock_claim_unused>
10000df6:	4b03      	ldr	r3, [pc, #12]	@ (10000e04 <critical_section_init+0x18>)
10000df8:	4403      	add	r3, r0
10000dfa:	6023      	str	r3, [r4, #0]
10000dfc:	f3bf 8f5f 	dmb	sy
10000e00:	bd10      	pop	{r4, pc}
10000e02:	bf00      	nop
10000e04:	20002290 	.word	0x20002290

10000e08 <critical_section_init_with_lock_num>:
10000e08:	4b02      	ldr	r3, [pc, #8]	@ (10000e14 <critical_section_init_with_lock_num+0xc>)
10000e0a:	440b      	add	r3, r1
10000e0c:	6003      	str	r3, [r0, #0]
10000e0e:	f3bf 8f5f 	dmb	sy
10000e12:	4770      	bx	lr
10000e14:	20002290 	.word	0x20002290

10000e18 <sleep_until_callback>:
10000e18:	4b0d      	ldr	r3, [pc, #52]	@ (10000e50 <sleep_until_callback+0x38>)
10000e1a:	681a      	ldr	r2, [r3, #0]
10000e1c:	f3ef 8110 	mrs	r1, PRIMASK
10000e20:	b672      	cpsid	i
10000e22:	e8d2 cfcf 	ldaexb	ip, [r2]
10000e26:	2001      	movs	r0, #1
10000e28:	f1bc 0f00 	cmp.w	ip, #0
10000e2c:	d1f9      	bne.n	10000e22 <sleep_until_callback+0xa>
10000e2e:	e8c2 0f4c 	strexb	ip, r0, [r2]
10000e32:	f1bc 0f00 	cmp.w	ip, #0
10000e36:	d1f4      	bne.n	10000e22 <sleep_until_callback+0xa>
10000e38:	f3bf 8f5f 	dmb	sy
10000e3c:	2200      	movs	r2, #0
10000e3e:	681b      	ldr	r3, [r3, #0]
10000e40:	e8c3 2f8f 	stlb	r2, [r3]
10000e44:	f381 8810 	msr	PRIMASK, r1
10000e48:	bf40      	sev
10000e4a:	2000      	movs	r0, #0
10000e4c:	2100      	movs	r1, #0
10000e4e:	4770      	bx	lr
10000e50:	20002ba0 	.word	0x20002ba0
10000e54:	00000000 	.word	0x00000000

10000e58 <alarm_pool_irq_handler>:
10000e58:	e92d 4ff0 	stmdb	sp!, {r4, r5, r6, r7, r8, r9, sl, fp, lr}
10000e5c:	ed2d 8b02 	vpush	{d8}
10000e60:	b085      	sub	sp, #20
10000e62:	f3ef 8305 	mrs	r3, IPSR
10000e66:	b2db      	uxtb	r3, r3
10000e68:	3b10      	subs	r3, #16
10000e6a:	089a      	lsrs	r2, r3, #2
10000e6c:	bf18      	it	ne
10000e6e:	2201      	movne	r2, #1
10000e70:	f04f 0101 	mov.w	r1, #1
10000e74:	f003 0003 	and.w	r0, r3, #3
10000e78:	bf08      	it	eq
10000e7a:	4dab      	ldreq	r5, [pc, #684]	@ (10001128 <alarm_pool_irq_handler+0x2d0>)
10000e7c:	4bab      	ldr	r3, [pc, #684]	@ (1000112c <alarm_pool_irq_handler+0x2d4>)
10000e7e:	bf18      	it	ne
10000e80:	4dab      	ldrne	r5, [pc, #684]	@ (10001130 <alarm_pool_irq_handler+0x2d8>)
10000e82:	eb00 0282 	add.w	r2, r0, r2, lsl #2
10000e86:	f853 6022 	ldr.w	r6, [r3, r2, lsl #2]
10000e8a:	fa01 fb00 	lsl.w	fp, r1, r0
10000e8e:	f505 5341 	add.w	r3, r5, #12352	@ 0x3040
10000e92:	ed9f 8ba3 	vldr	d8, [pc, #652]	@ 10001120 <alarm_pool_irq_handler+0x2c8>
10000e96:	9001      	str	r0, [sp, #4]
10000e98:	f8c3 b004 	str.w	fp, [r3, #4]
10000e9c:	e02a      	b.n	10000ef4 <alarm_pool_irq_handler+0x9c>
10000e9e:	88b3      	ldrh	r3, [r6, #4]
10000ea0:	0419      	lsls	r1, r3, #16
10000ea2:	f140 808d 	bpl.w	10000fc0 <alarm_pool_irq_handler+0x168>
10000ea6:	79b3      	ldrb	r3, [r6, #6]
10000ea8:	2b00      	cmp	r3, #0
10000eaa:	f040 80d7 	bne.w	1000105c <alarm_pool_irq_handler+0x204>
10000eae:	f9b6 2008 	ldrsh.w	r2, [r6, #8]
10000eb2:	2a00      	cmp	r2, #0
10000eb4:	f2c0 8116 	blt.w	100010e4 <alarm_pool_irq_handler+0x28c>
10000eb8:	6973      	ldr	r3, [r6, #20]
10000eba:	eb02 0242 	add.w	r2, r2, r2, lsl #1
10000ebe:	eb03 03c2 	add.w	r3, r3, r2, lsl #3
10000ec2:	e9d3 4702 	ldrd	r4, r7, [r3, #8]
10000ec6:	f1b7 3fff 	cmp.w	r7, #4294967295	@ 0xffffffff
10000eca:	bf08      	it	eq
10000ecc:	f1b4 3fff 	cmpeq.w	r4, #4294967295	@ 0xffffffff
10000ed0:	d009      	beq.n	10000ee6 <alarm_pool_irq_handler+0x8e>
10000ed2:	9b01      	ldr	r3, [sp, #4]
10000ed4:	eb05 0183 	add.w	r1, r5, r3, lsl #2
10000ed8:	6aab      	ldr	r3, [r5, #40]	@ 0x28
10000eda:	690a      	ldr	r2, [r1, #16]
10000edc:	1ad2      	subs	r2, r2, r3
10000ede:	1ae3      	subs	r3, r4, r3
10000ee0:	4293      	cmp	r3, r2
10000ee2:	bf38      	it	cc
10000ee4:	610c      	strcc	r4, [r1, #16]
10000ee6:	4628      	mov	r0, r5
10000ee8:	f000 fba0 	bl	1000162c <timer_time_us_64>
10000eec:	42a0      	cmp	r0, r4
10000eee:	41b9      	sbcs	r1, r7
10000ef0:	f2c0 80f8 	blt.w	100010e4 <alarm_pool_irq_handler+0x28c>
10000ef4:	f9b6 3008 	ldrsh.w	r3, [r6, #8]
10000ef8:	f8c5 b03c 	str.w	fp, [r5, #60]	@ 0x3c
10000efc:	2b00      	cmp	r3, #0
10000efe:	9300      	str	r3, [sp, #0]
10000f00:	dbcd      	blt.n	10000e9e <alarm_pool_irq_handler+0x46>
10000f02:	f8d6 9014 	ldr.w	r9, [r6, #20]
10000f06:	eb03 0a43 	add.w	sl, r3, r3, lsl #1
10000f0a:	4628      	mov	r0, r5
10000f0c:	eb09 07ca 	add.w	r7, r9, sl, lsl #3
10000f10:	e9d7 4802 	ldrd	r4, r8, [r7, #8]
10000f14:	f000 fb8a 	bl	1000162c <timer_time_us_64>
10000f18:	42a0      	cmp	r0, r4
10000f1a:	eb71 0108 	sbcs.w	r1, r1, r8
10000f1e:	dbbe      	blt.n	10000e9e <alarm_pool_irq_handler+0x46>
10000f20:	f1b8 0f00 	cmp.w	r8, #0
10000f24:	f2c0 80c0 	blt.w	100010a8 <alarm_pool_irq_handler+0x250>
10000f28:	693a      	ldr	r2, [r7, #16]
10000f2a:	4b82      	ldr	r3, [pc, #520]	@ (10001134 <alarm_pool_irq_handler+0x2dc>)
10000f2c:	429a      	cmp	r2, r3
10000f2e:	f000 80ea 	beq.w	10001106 <alarm_pool_irq_handler+0x2ae>
10000f32:	8879      	ldrh	r1, [r7, #2]
10000f34:	f9b6 0008 	ldrsh.w	r0, [r6, #8]
10000f38:	b289      	uxth	r1, r1
10000f3a:	ea41 4000 	orr.w	r0, r1, r0, lsl #16
10000f3e:	6979      	ldr	r1, [r7, #20]
10000f40:	4790      	blx	r2
10000f42:	4603      	mov	r3, r0
10000f44:	460a      	mov	r2, r1
10000f46:	ea53 0102 	orrs.w	r1, r3, r2
10000f4a:	f000 80ad 	beq.w	100010a8 <alarm_pool_irq_handler+0x250>
10000f4e:	2a00      	cmp	r2, #0
10000f50:	f280 80ce 	bge.w	100010f0 <alarm_pool_irq_handler+0x298>
10000f54:	1ae3      	subs	r3, r4, r3
10000f56:	eb68 0802 	sbc.w	r8, r8, r2
10000f5a:	f939 203a 	ldrsh.w	r2, [r9, sl, lsl #3]
10000f5e:	e9c7 3802 	strd	r3, r8, [r7, #8]
10000f62:	2a00      	cmp	r2, #0
10000f64:	db9b      	blt.n	10000e9e <alarm_pool_irq_handler+0x46>
10000f66:	6970      	ldr	r0, [r6, #20]
10000f68:	eb02 0142 	add.w	r1, r2, r2, lsl #1
10000f6c:	eb00 01c1 	add.w	r1, r0, r1, lsl #3
10000f70:	e9d1 c702 	ldrd	ip, r7, [r1, #8]
10000f74:	4563      	cmp	r3, ip
10000f76:	eb78 0e07 	sbcs.w	lr, r8, r7
10000f7a:	ea4f 0142 	mov.w	r1, r2, lsl #1
10000f7e:	db8e      	blt.n	10000e9e <alarm_pool_irq_handler+0x46>
10000f80:	46b6      	mov	lr, r6
10000f82:	f82e 2f08 	strh.w	r2, [lr, #8]!
10000f86:	e00b      	b.n	10000fa0 <alarm_pool_irq_handler+0x148>
10000f88:	f930 2031 	ldrsh.w	r2, [r0, r1, lsl #3]
10000f8c:	46a6      	mov	lr, r4
10000f8e:	2a00      	cmp	r2, #0
10000f90:	db0d      	blt.n	10000fae <alarm_pool_irq_handler+0x156>
10000f92:	eb02 0442 	add.w	r4, r2, r2, lsl #1
10000f96:	eb00 04c4 	add.w	r4, r0, r4, lsl #3
10000f9a:	0051      	lsls	r1, r2, #1
10000f9c:	e9d4 c702 	ldrd	ip, r7, [r4, #8]
10000fa0:	4563      	cmp	r3, ip
10000fa2:	4411      	add	r1, r2
10000fa4:	eb78 0707 	sbcs.w	r7, r8, r7
10000fa8:	eb00 04c1 	add.w	r4, r0, r1, lsl #3
10000fac:	daec      	bge.n	10000f88 <alarm_pool_irq_handler+0x130>
10000fae:	9b00      	ldr	r3, [sp, #0]
10000fb0:	f829 203a 	strh.w	r2, [r9, sl, lsl #3]
10000fb4:	f8ae 3000 	strh.w	r3, [lr]
10000fb8:	88b3      	ldrh	r3, [r6, #4]
10000fba:	0419      	lsls	r1, r3, #16
10000fbc:	f53f af73 	bmi.w	10000ea6 <alarm_pool_irq_handler+0x4e>
10000fc0:	6933      	ldr	r3, [r6, #16]
10000fc2:	f3ef 8210 	mrs	r2, PRIMASK
10000fc6:	b672      	cpsid	i
10000fc8:	e8d3 0fcf 	ldaexb	r0, [r3]
10000fcc:	2101      	movs	r1, #1
10000fce:	2800      	cmp	r0, #0
10000fd0:	d1fa      	bne.n	10000fc8 <alarm_pool_irq_handler+0x170>
10000fd2:	e8c3 1f40 	strexb	r0, r1, [r3]
10000fd6:	2800      	cmp	r0, #0
10000fd8:	d1f6      	bne.n	10000fc8 <alarm_pool_irq_handler+0x170>
10000fda:	f3bf 8f5f 	dmb	sy
10000fde:	f64f 74ff 	movw	r4, #65535	@ 0xffff
10000fe2:	88b0      	ldrh	r0, [r6, #4]
10000fe4:	2300      	movs	r3, #0
10000fe6:	6931      	ldr	r1, [r6, #16]
10000fe8:	b200      	sxth	r0, r0
10000fea:	80b4      	strh	r4, [r6, #4]
10000fec:	e8c1 3f8f 	stlb	r3, [r1]
10000ff0:	f382 8810 	msr	PRIMASK, r2
10000ff4:	4298      	cmp	r0, r3
10000ff6:	f6ff af56 	blt.w	10000ea6 <alarm_pool_irq_handler+0x4e>
10000ffa:	4607      	mov	r7, r0
10000ffc:	46a9      	mov	r9, r5
10000ffe:	6974      	ldr	r4, [r6, #20]
10001000:	f106 0808 	add.w	r8, r6, #8
10001004:	eb07 0e47 	add.w	lr, r7, r7, lsl #1
10001008:	eb04 03ce 	add.w	r3, r4, lr, lsl #3
1000100c:	e9d3 0502 	ldrd	r0, r5, [r3, #8]
10001010:	f9b6 3008 	ldrsh.w	r3, [r6, #8]
10001014:	46c4      	mov	ip, r8
10001016:	2b00      	cmp	r3, #0
10001018:	db13      	blt.n	10001042 <alarm_pool_irq_handler+0x1ea>
1000101a:	46b2      	mov	sl, r6
1000101c:	9700      	str	r7, [sp, #0]
1000101e:	e004      	b.n	1000102a <alarm_pool_irq_handler+0x1d2>
10001020:	f934 3036 	ldrsh.w	r3, [r4, r6, lsl #3]
10001024:	4694      	mov	ip, r2
10001026:	2b00      	cmp	r3, #0
10001028:	db09      	blt.n	1000103e <alarm_pool_irq_handler+0x1e6>
1000102a:	eb03 0643 	add.w	r6, r3, r3, lsl #1
1000102e:	eb04 02c6 	add.w	r2, r4, r6, lsl #3
10001032:	e9d2 7102 	ldrd	r7, r1, [r2, #8]
10001036:	42b8      	cmp	r0, r7
10001038:	eb75 0101 	sbcs.w	r1, r5, r1
1000103c:	daf0      	bge.n	10001020 <alarm_pool_irq_handler+0x1c8>
1000103e:	4656      	mov	r6, sl
10001040:	9f00      	ldr	r7, [sp, #0]
10001042:	f8ac 7000 	strh.w	r7, [ip]
10001046:	f934 703e 	ldrsh.w	r7, [r4, lr, lsl #3]
1000104a:	f824 303e 	strh.w	r3, [r4, lr, lsl #3]
1000104e:	2f00      	cmp	r7, #0
10001050:	dad8      	bge.n	10001004 <alarm_pool_irq_handler+0x1ac>
10001052:	79b3      	ldrb	r3, [r6, #6]
10001054:	464d      	mov	r5, r9
10001056:	2b00      	cmp	r3, #0
10001058:	f43f af29 	beq.w	10000eae <alarm_pool_irq_handler+0x56>
1000105c:	2300      	movs	r3, #0
1000105e:	71b3      	strb	r3, [r6, #6]
10001060:	f9b6 3008 	ldrsh.w	r3, [r6, #8]
10001064:	f106 0e08 	add.w	lr, r6, #8
10001068:	1c5a      	adds	r2, r3, #1
1000106a:	d03b      	beq.n	100010e4 <alarm_pool_irq_handler+0x28c>
1000106c:	461a      	mov	r2, r3
1000106e:	6974      	ldr	r4, [r6, #20]
10001070:	e003      	b.n	1000107a <alarm_pool_irq_handler+0x222>
10001072:	4686      	mov	lr, r0
10001074:	1c59      	adds	r1, r3, #1
10001076:	f43f af1c 	beq.w	10000eb2 <alarm_pool_irq_handler+0x5a>
1000107a:	eb03 0143 	add.w	r1, r3, r3, lsl #1
1000107e:	eb04 00c1 	add.w	r0, r4, r1, lsl #3
10001082:	8847      	ldrh	r7, [r0, #2]
10001084:	469c      	mov	ip, r3
10001086:	043f      	lsls	r7, r7, #16
10001088:	f934 3031 	ldrsh.w	r3, [r4, r1, lsl #3]
1000108c:	d5f1      	bpl.n	10001072 <alarm_pool_irq_handler+0x21a>
1000108e:	4594      	cmp	ip, r2
10001090:	ed80 8b02 	vstr	d8, [r0, #8]
10001094:	d0ee      	beq.n	10001074 <alarm_pool_irq_handler+0x21c>
10001096:	f8ae 3000 	strh.w	r3, [lr]
1000109a:	8932      	ldrh	r2, [r6, #8]
1000109c:	f824 2031 	strh.w	r2, [r4, r1, lsl #3]
100010a0:	4662      	mov	r2, ip
100010a2:	f8a6 c008 	strh.w	ip, [r6, #8]
100010a6:	e7e5      	b.n	10001074 <alarm_pool_irq_handler+0x21c>
100010a8:	f839 203a 	ldrh.w	r2, [r9, sl, lsl #3]
100010ac:	8132      	strh	r2, [r6, #8]
100010ae:	6932      	ldr	r2, [r6, #16]
100010b0:	f3ef 8110 	mrs	r1, PRIMASK
100010b4:	b672      	cpsid	i
100010b6:	e8d2 7fcf 	ldaexb	r7, [r2]
100010ba:	2001      	movs	r0, #1
100010bc:	2f00      	cmp	r7, #0
100010be:	d1fa      	bne.n	100010b6 <alarm_pool_irq_handler+0x25e>
100010c0:	e8c2 0f47 	strexb	r7, r0, [r2]
100010c4:	2f00      	cmp	r7, #0
100010c6:	d1f6      	bne.n	100010b6 <alarm_pool_irq_handler+0x25e>
100010c8:	f3bf 8f5f 	dmb	sy
100010cc:	8872      	ldrh	r2, [r6, #2]
100010ce:	9b00      	ldr	r3, [sp, #0]
100010d0:	f829 203a 	strh.w	r2, [r9, sl, lsl #3]
100010d4:	8073      	strh	r3, [r6, #2]
100010d6:	6932      	ldr	r2, [r6, #16]
100010d8:	2300      	movs	r3, #0
100010da:	e8c2 3f8f 	stlb	r3, [r2]
100010de:	f381 8810 	msr	PRIMASK, r1
100010e2:	e6dc      	b.n	10000e9e <alarm_pool_irq_handler+0x46>
100010e4:	bf40      	sev
100010e6:	b005      	add	sp, #20
100010e8:	ecbd 8b02 	vpop	{d8}
100010ec:	e8bd 8ff0 	ldmia.w	sp!, {r4, r5, r6, r7, r8, r9, sl, fp, pc}
100010f0:	4628      	mov	r0, r5
100010f2:	e9cd 3202 	strd	r3, r2, [sp, #8]
100010f6:	f000 fa99 	bl	1000162c <timer_time_us_64>
100010fa:	9b02      	ldr	r3, [sp, #8]
100010fc:	9a03      	ldr	r2, [sp, #12]
100010fe:	18c3      	adds	r3, r0, r3
10001100:	eb42 0801 	adc.w	r8, r2, r1
10001104:	e729      	b.n	10000f5a <alarm_pool_irq_handler+0x102>
10001106:	6979      	ldr	r1, [r7, #20]
10001108:	4608      	mov	r0, r1
1000110a:	690a      	ldr	r2, [r1, #16]
1000110c:	9102      	str	r1, [sp, #8]
1000110e:	4790      	blx	r2
10001110:	2800      	cmp	r0, #0
10001112:	d0c9      	beq.n	100010a8 <alarm_pool_irq_handler+0x250>
10001114:	9902      	ldr	r1, [sp, #8]
10001116:	e9d1 3200 	ldrd	r3, r2, [r1]
1000111a:	e714      	b.n	10000f46 <alarm_pool_irq_handler+0xee>
1000111c:	f3af 8000 	nop.w
10001120:	ffffffff 	.word	0xffffffff
10001124:	ffffffff 	.word	0xffffffff
10001128:	400b0000 	.word	0x400b0000
1000112c:	20002b78 	.word	0x20002b78
10001130:	400b8000 	.word	0x400b8000
10001134:	10000e59 	.word	0x10000e59

10001138 <runtime_init_default_alarm_pool>:
10001138:	e92d 4ff8 	stmdb	sp!, {r3, r4, r5, r6, r7, r8, r9, sl, fp, lr}
1000113c:	4c36      	ldr	r4, [pc, #216]	@ (10001218 <runtime_init_default_alarm_pool+0xe0>)
1000113e:	6925      	ldr	r5, [r4, #16]
10001140:	b12d      	cbz	r5, 1000114e <runtime_init_default_alarm_pool+0x16>
10001142:	e8bd 4ff8 	ldmia.w	sp!, {r3, r4, r5, r6, r7, r8, r9, sl, fp, lr}
10001146:	210a      	movs	r1, #10
10001148:	4834      	ldr	r0, [pc, #208]	@ (1000121c <runtime_init_default_alarm_pool+0xe4>)
1000114a:	f7ff be11 	b.w	10000d70 <lock_init>
1000114e:	f8df 80e4 	ldr.w	r8, [pc, #228]	@ 10001234 <runtime_init_default_alarm_pool+0xfc>
10001152:	2103      	movs	r1, #3
10001154:	4640      	mov	r0, r8
10001156:	f000 fa57 	bl	10001608 <timer_hardware_alarm_claim>
1000115a:	2603      	movs	r6, #3
1000115c:	f8c4 800c 	str.w	r8, [r4, #12]
10001160:	f7ff fbce 	bl	10000900 <next_striped_spin_lock_num>
10001164:	f04f 4c50 	mov.w	ip, #3489660928	@ 0xd0000000
10001168:	4b2d      	ldr	r3, [pc, #180]	@ (10001220 <runtime_init_default_alarm_pool+0xe8>)
1000116a:	7026      	strb	r6, [r4, #0]
1000116c:	4403      	add	r3, r0
1000116e:	6123      	str	r3, [r4, #16]
10001170:	f8dc 3000 	ldr.w	r3, [ip]
10001174:	210f      	movs	r1, #15
10001176:	7063      	strb	r3, [r4, #1]
10001178:	6963      	ldr	r3, [r4, #20]
1000117a:	8061      	strh	r1, [r4, #2]
1000117c:	831d      	strh	r5, [r3, #24]
1000117e:	f04f 0504 	mov.w	r5, #4
10001182:	f8a3 5078 	strh.w	r5, [r3, #120]	@ 0x78
10001186:	f04f 0505 	mov.w	r5, #5
1000118a:	f8a3 5090 	strh.w	r5, [r3, #144]	@ 0x90
1000118e:	f04f 0506 	mov.w	r5, #6
10001192:	f8a3 50a8 	strh.w	r5, [r3, #168]	@ 0xa8
10001196:	f04f 0507 	mov.w	r5, #7
1000119a:	210e      	movs	r1, #14
1000119c:	2708      	movs	r7, #8
1000119e:	f64f 72ff 	movw	r2, #65535	@ 0xffff
100011a2:	f04f 0e0a 	mov.w	lr, #10
100011a6:	f8a3 50c0 	strh.w	r5, [r3, #192]	@ 0xc0
100011aa:	f04f 0901 	mov.w	r9, #1
100011ae:	f04f 0c0c 	mov.w	ip, #12
100011b2:	f04f 0b02 	mov.w	fp, #2
100011b6:	f04f 0a09 	mov.w	sl, #9
100011ba:	200d      	movs	r0, #13
100011bc:	f04f 050b 	mov.w	r5, #11
100011c0:	f8a3 1168 	strh.w	r1, [r3, #360]	@ 0x168
100011c4:	4917      	ldr	r1, [pc, #92]	@ (10001224 <runtime_init_default_alarm_pool+0xec>)
100011c6:	80a2      	strh	r2, [r4, #4]
100011c8:	f8a3 e108 	strh.w	lr, [r3, #264]	@ 0x108
100011cc:	60a1      	str	r1, [r4, #8]
100011ce:	f8a3 b048 	strh.w	fp, [r3, #72]	@ 0x48
100011d2:	f8a3 a0f0 	strh.w	sl, [r3, #240]	@ 0xf0
100011d6:	f8a3 5120 	strh.w	r5, [r3, #288]	@ 0x120
100011da:	f8a3 c138 	strh.w	ip, [r3, #312]	@ 0x138
100011de:	f8a3 0150 	strh.w	r0, [r3, #336]	@ 0x150
100011e2:	f8a3 9030 	strh.w	r9, [r3, #48]	@ 0x30
100011e6:	f8a3 6060 	strh.w	r6, [r3, #96]	@ 0x60
100011ea:	f8a3 70d8 	strh.w	r7, [r3, #216]	@ 0xd8
100011ee:	801a      	strh	r2, [r3, #0]
100011f0:	4b0d      	ldr	r3, [pc, #52]	@ (10001228 <runtime_init_default_alarm_pool+0xf0>)
100011f2:	4630      	mov	r0, r6
100011f4:	f8c8 7020 	str.w	r7, [r8, #32]
100011f8:	490c      	ldr	r1, [pc, #48]	@ (1000122c <runtime_init_default_alarm_pool+0xf4>)
100011fa:	60dc      	str	r4, [r3, #12]
100011fc:	f7ff fc14 	bl	10000a28 <irq_set_exclusive_handler>
10001200:	4649      	mov	r1, r9
10001202:	4630      	mov	r0, r6
10001204:	f7ff fbcc 	bl	100009a0 <irq_set_enabled>
10001208:	4b09      	ldr	r3, [pc, #36]	@ (10001230 <runtime_init_default_alarm_pool+0xf8>)
1000120a:	210a      	movs	r1, #10
1000120c:	641f      	str	r7, [r3, #64]	@ 0x40
1000120e:	4803      	ldr	r0, [pc, #12]	@ (1000121c <runtime_init_default_alarm_pool+0xe4>)
10001210:	e8bd 4ff8 	ldmia.w	sp!, {r3, r4, r5, r6, r7, r8, r9, sl, fp, lr}
10001214:	f7ff bdac 	b.w	10000d70 <lock_init>
10001218:	20001538 	.word	0x20001538
1000121c:	20002ba0 	.word	0x20002ba0
10001220:	20002290 	.word	0x20002290
10001224:	0010ffff 	.word	0x0010ffff
10001228:	20002b78 	.word	0x20002b78
1000122c:	10000e59 	.word	0x10000e59
10001230:	400b2000 	.word	0x400b2000
10001234:	400b0000 	.word	0x400b0000

10001238 <alarm_pool_get_default>:
10001238:	4800      	ldr	r0, [pc, #0]	@ (1000123c <alarm_pool_get_default+0x4>)
1000123a:	4770      	bx	lr
1000123c:	20001538 	.word	0x20001538

10001240 <alarm_pool_add_alarm_at>:
10001240:	b5f8      	push	{r3, r4, r5, r6, r7, lr}
10001242:	f89d 7020 	ldrb.w	r7, [sp, #32]
10001246:	4604      	mov	r4, r0
10001248:	4616      	mov	r6, r2
1000124a:	461d      	mov	r5, r3
1000124c:	b937      	cbnz	r7, 1000125c <alarm_pool_add_alarm_at+0x1c>
1000124e:	f000 f9f5 	bl	1000163c <time_us_64>
10001252:	4286      	cmp	r6, r0
10001254:	eb65 0101 	sbc.w	r1, r5, r1
10001258:	2900      	cmp	r1, #0
1000125a:	db5c      	blt.n	10001316 <alarm_pool_add_alarm_at+0xd6>
1000125c:	6923      	ldr	r3, [r4, #16]
1000125e:	f3ef 8710 	mrs	r7, PRIMASK
10001262:	b672      	cpsid	i
10001264:	e8d3 1fcf 	ldaexb	r1, [r3]
10001268:	2201      	movs	r2, #1
1000126a:	2900      	cmp	r1, #0
1000126c:	d1fa      	bne.n	10001264 <alarm_pool_add_alarm_at+0x24>
1000126e:	e8c3 2f41 	strexb	r1, r2, [r3]
10001272:	2900      	cmp	r1, #0
10001274:	d1f6      	bne.n	10001264 <alarm_pool_add_alarm_at+0x24>
10001276:	f3bf 8f5f 	dmb	sy
1000127a:	f9b4 c002 	ldrsh.w	ip, [r4, #2]
1000127e:	6963      	ldr	r3, [r4, #20]
10001280:	eb0c 014c 	add.w	r1, ip, ip, lsl #1
10001284:	f1bc 0f00 	cmp.w	ip, #0
10001288:	ea4f 02c1 	mov.w	r2, r1, lsl #3
1000128c:	eb03 01c1 	add.w	r1, r3, r1, lsl #3
10001290:	db38      	blt.n	10001304 <alarm_pool_add_alarm_at+0xc4>
10001292:	5a98      	ldrh	r0, [r3, r2]
10001294:	f04f 0e00 	mov.w	lr, #0
10001298:	8060      	strh	r0, [r4, #2]
1000129a:	6920      	ldr	r0, [r4, #16]
1000129c:	e8c0 ef8f 	stlb	lr, [r0]
100012a0:	f387 8810 	msr	PRIMASK, r7
100012a4:	9806      	ldr	r0, [sp, #24]
100012a6:	e9c1 6502 	strd	r6, r5, [r1, #8]
100012aa:	6108      	str	r0, [r1, #16]
100012ac:	9807      	ldr	r0, [sp, #28]
100012ae:	6148      	str	r0, [r1, #20]
100012b0:	8848      	ldrh	r0, [r1, #2]
100012b2:	3001      	adds	r0, #1
100012b4:	f3c0 000e 	ubfx	r0, r0, #0, #15
100012b8:	2801      	cmp	r0, #1
100012ba:	bf38      	it	cc
100012bc:	2001      	movcc	r0, #1
100012be:	8048      	strh	r0, [r1, #2]
100012c0:	ea40 400c 	orr.w	r0, r0, ip, lsl #16
100012c4:	6921      	ldr	r1, [r4, #16]
100012c6:	f3ef 8510 	mrs	r5, PRIMASK
100012ca:	b672      	cpsid	i
100012cc:	e8d1 7fcf 	ldaexb	r7, [r1]
100012d0:	2601      	movs	r6, #1
100012d2:	2f00      	cmp	r7, #0
100012d4:	d1fa      	bne.n	100012cc <alarm_pool_add_alarm_at+0x8c>
100012d6:	e8c1 6f47 	strexb	r7, r6, [r1]
100012da:	2f00      	cmp	r7, #0
100012dc:	d1f6      	bne.n	100012cc <alarm_pool_add_alarm_at+0x8c>
100012de:	f3bf 8f5f 	dmb	sy
100012e2:	88a1      	ldrh	r1, [r4, #4]
100012e4:	5299      	strh	r1, [r3, r2]
100012e6:	f8a4 c004 	strh.w	ip, [r4, #4]
100012ea:	6923      	ldr	r3, [r4, #16]
100012ec:	e8c3 ef8f 	stlb	lr, [r3]
100012f0:	f385 8810 	msr	PRIMASK, r5
100012f4:	2201      	movs	r2, #1
100012f6:	68e3      	ldr	r3, [r4, #12]
100012f8:	7821      	ldrb	r1, [r4, #0]
100012fa:	f503 5301 	add.w	r3, r3, #8256	@ 0x2040
100012fe:	408a      	lsls	r2, r1
10001300:	605a      	str	r2, [r3, #4]
10001302:	bdf8      	pop	{r3, r4, r5, r6, r7, pc}
10001304:	2300      	movs	r3, #0
10001306:	6922      	ldr	r2, [r4, #16]
10001308:	e8c2 3f8f 	stlb	r3, [r2]
1000130c:	f387 8810 	msr	PRIMASK, r7
10001310:	f04f 30ff 	mov.w	r0, #4294967295	@ 0xffffffff
10001314:	bdf8      	pop	{r3, r4, r5, r6, r7, pc}
10001316:	4638      	mov	r0, r7
10001318:	bdf8      	pop	{r3, r4, r5, r6, r7, pc}
1000131a:	bf00      	nop

1000131c <alarm_pool_add_alarm_at_force_in_context>:
1000131c:	4601      	mov	r1, r0
1000131e:	b5f0      	push	{r4, r5, r6, r7, lr}
10001320:	6900      	ldr	r0, [r0, #16]
10001322:	f3ef 8710 	mrs	r7, PRIMASK
10001326:	b672      	cpsid	i
10001328:	e8d0 5fcf 	ldaexb	r5, [r0]
1000132c:	2401      	movs	r4, #1
1000132e:	2d00      	cmp	r5, #0
10001330:	d1fa      	bne.n	10001328 <alarm_pool_add_alarm_at_force_in_context+0xc>
10001332:	e8c0 4f45 	strexb	r5, r4, [r0]
10001336:	2d00      	cmp	r5, #0
10001338:	d1f6      	bne.n	10001328 <alarm_pool_add_alarm_at_force_in_context+0xc>
1000133a:	f3bf 8f5f 	dmb	sy
1000133e:	f9b1 e002 	ldrsh.w	lr, [r1, #2]
10001342:	694c      	ldr	r4, [r1, #20]
10001344:	eb0e 0c4e 	add.w	ip, lr, lr, lsl #1
10001348:	f1be 0f00 	cmp.w	lr, #0
1000134c:	ea4f 05cc 	mov.w	r5, ip, lsl #3
10001350:	eb04 0ccc 	add.w	ip, r4, ip, lsl #3
10001354:	db3d      	blt.n	100013d2 <alarm_pool_add_alarm_at_force_in_context+0xb6>
10001356:	5b60      	ldrh	r0, [r4, r5]
10001358:	2600      	movs	r6, #0
1000135a:	8048      	strh	r0, [r1, #2]
1000135c:	6908      	ldr	r0, [r1, #16]
1000135e:	e8c0 6f8f 	stlb	r6, [r0]
10001362:	f387 8810 	msr	PRIMASK, r7
10001366:	f8bc 0002 	ldrh.w	r0, [ip, #2]
1000136a:	e9cc 2302 	strd	r2, r3, [ip, #8]
1000136e:	3001      	adds	r0, #1
10001370:	f3c0 000e 	ubfx	r0, r0, #0, #15
10001374:	2801      	cmp	r0, #1
10001376:	bf38      	it	cc
10001378:	2001      	movcc	r0, #1
1000137a:	9b05      	ldr	r3, [sp, #20]
1000137c:	f8ac 0002 	strh.w	r0, [ip, #2]
10001380:	f8cc 3010 	str.w	r3, [ip, #16]
10001384:	9b06      	ldr	r3, [sp, #24]
10001386:	ea40 400e 	orr.w	r0, r0, lr, lsl #16
1000138a:	f8cc 3014 	str.w	r3, [ip, #20]
1000138e:	690b      	ldr	r3, [r1, #16]
10001390:	f3ef 8210 	mrs	r2, PRIMASK
10001394:	b672      	cpsid	i
10001396:	e8d3 cfcf 	ldaexb	ip, [r3]
1000139a:	2701      	movs	r7, #1
1000139c:	f1bc 0f00 	cmp.w	ip, #0
100013a0:	d1f9      	bne.n	10001396 <alarm_pool_add_alarm_at_force_in_context+0x7a>
100013a2:	e8c3 7f4c 	strexb	ip, r7, [r3]
100013a6:	f1bc 0f00 	cmp.w	ip, #0
100013aa:	d1f4      	bne.n	10001396 <alarm_pool_add_alarm_at_force_in_context+0x7a>
100013ac:	f3bf 8f5f 	dmb	sy
100013b0:	888b      	ldrh	r3, [r1, #4]
100013b2:	5363      	strh	r3, [r4, r5]
100013b4:	f8a1 e004 	strh.w	lr, [r1, #4]
100013b8:	690b      	ldr	r3, [r1, #16]
100013ba:	e8c3 6f8f 	stlb	r6, [r3]
100013be:	f382 8810 	msr	PRIMASK, r2
100013c2:	2201      	movs	r2, #1
100013c4:	68cb      	ldr	r3, [r1, #12]
100013c6:	7809      	ldrb	r1, [r1, #0]
100013c8:	f503 5301 	add.w	r3, r3, #8256	@ 0x2040
100013cc:	408a      	lsls	r2, r1
100013ce:	605a      	str	r2, [r3, #4]
100013d0:	bdf0      	pop	{r4, r5, r6, r7, pc}
100013d2:	2300      	movs	r3, #0
100013d4:	690a      	ldr	r2, [r1, #16]
100013d6:	e8c2 3f8f 	stlb	r3, [r2]
100013da:	f387 8810 	msr	PRIMASK, r7
100013de:	f04f 30ff 	mov.w	r0, #4294967295	@ 0xffffffff
100013e2:	bdf0      	pop	{r4, r5, r6, r7, pc}

100013e4 <alarm_pool_cancel_alarm>:
100013e4:	4603      	mov	r3, r0
100013e6:	8940      	ldrh	r0, [r0, #10]
100013e8:	ebb0 4f21 	cmp.w	r0, r1, asr #16
100013ec:	dd37      	ble.n	1000145e <alarm_pool_cancel_alarm+0x7a>
100013ee:	6958      	ldr	r0, [r3, #20]
100013f0:	140a      	asrs	r2, r1, #16
100013f2:	eb02 0242 	add.w	r2, r2, r2, lsl #1
100013f6:	b510      	push	{r4, lr}
100013f8:	eb00 00c2 	add.w	r0, r0, r2, lsl #3
100013fc:	691c      	ldr	r4, [r3, #16]
100013fe:	f3ef 8c10 	mrs	ip, PRIMASK
10001402:	b672      	cpsid	i
10001404:	e8d4 efcf 	ldaexb	lr, [r4]
10001408:	2201      	movs	r2, #1
1000140a:	f1be 0f00 	cmp.w	lr, #0
1000140e:	d1f9      	bne.n	10001404 <alarm_pool_cancel_alarm+0x20>
10001410:	e8c4 2f4e 	strexb	lr, r2, [r4]
10001414:	f1be 0f00 	cmp.w	lr, #0
10001418:	d1f4      	bne.n	10001404 <alarm_pool_cancel_alarm+0x20>
1000141a:	f3bf 8f5f 	dmb	sy
1000141e:	8842      	ldrh	r2, [r0, #2]
10001420:	b289      	uxth	r1, r1
10001422:	b292      	uxth	r2, r2
10001424:	428a      	cmp	r2, r1
10001426:	d007      	beq.n	10001438 <alarm_pool_cancel_alarm+0x54>
10001428:	2200      	movs	r2, #0
1000142a:	691b      	ldr	r3, [r3, #16]
1000142c:	e8c3 2f8f 	stlb	r2, [r3]
10001430:	f38c 8810 	msr	PRIMASK, ip
10001434:	2000      	movs	r0, #0
10001436:	bd10      	pop	{r4, pc}
10001438:	f442 4200 	orr.w	r2, r2, #32768	@ 0x8000
1000143c:	8042      	strh	r2, [r0, #2]
1000143e:	2101      	movs	r1, #1
10001440:	2200      	movs	r2, #0
10001442:	6918      	ldr	r0, [r3, #16]
10001444:	7199      	strb	r1, [r3, #6]
10001446:	e8c0 2f8f 	stlb	r2, [r0]
1000144a:	f38c 8810 	msr	PRIMASK, ip
1000144e:	781c      	ldrb	r4, [r3, #0]
10001450:	68da      	ldr	r2, [r3, #12]
10001452:	4608      	mov	r0, r1
10001454:	f502 5301 	add.w	r3, r2, #8256	@ 0x2040
10001458:	40a1      	lsls	r1, r4
1000145a:	6059      	str	r1, [r3, #4]
1000145c:	bd10      	pop	{r4, pc}
1000145e:	2000      	movs	r0, #0
10001460:	4770      	bx	lr
10001462:	bf00      	nop

10001464 <alarm_pool_core_num>:
10001464:	7840      	ldrb	r0, [r0, #1]
10001466:	4770      	bx	lr

10001468 <sleep_until>:
10001468:	e92d 41f0 	stmdb	sp!, {r4, r5, r6, r7, r8, lr}
1000146c:	1f86      	subs	r6, r0, #6
1000146e:	f141 35ff 	adc.w	r5, r1, #4294967295	@ 0xffffffff
10001472:	42b0      	cmp	r0, r6
10001474:	eb71 0305 	sbcs.w	r3, r1, r5
10001478:	bf38      	it	cc
1000147a:	2600      	movcc	r6, #0
1000147c:	b082      	sub	sp, #8
1000147e:	bf38      	it	cc
10001480:	4635      	movcc	r5, r6
10001482:	4604      	mov	r4, r0
10001484:	460f      	mov	r7, r1
10001486:	f000 f8d9 	bl	1000163c <time_us_64>
1000148a:	1a30      	subs	r0, r6, r0
1000148c:	eb65 0301 	sbc.w	r3, r5, r1
10001490:	2801      	cmp	r0, #1
10001492:	f173 0300 	sbcs.w	r3, r3, #0
10001496:	da06      	bge.n	100014a6 <sleep_until+0x3e>
10001498:	4620      	mov	r0, r4
1000149a:	4639      	mov	r1, r7
1000149c:	b002      	add	sp, #8
1000149e:	e8bd 41f0 	ldmia.w	sp!, {r4, r5, r6, r7, r8, lr}
100014a2:	f000 b903 	b.w	100016ac <busy_wait_until>
100014a6:	f000 f8c9 	bl	1000163c <time_us_64>
100014aa:	4286      	cmp	r6, r0
100014ac:	eb65 0101 	sbc.w	r1, r5, r1
100014b0:	2900      	cmp	r1, #0
100014b2:	db0a      	blt.n	100014ca <sleep_until+0x62>
100014b4:	2100      	movs	r1, #0
100014b6:	4b17      	ldr	r3, [pc, #92]	@ (10001514 <sleep_until+0xac>)
100014b8:	4632      	mov	r2, r6
100014ba:	9300      	str	r3, [sp, #0]
100014bc:	4816      	ldr	r0, [pc, #88]	@ (10001518 <sleep_until+0xb0>)
100014be:	462b      	mov	r3, r5
100014c0:	9101      	str	r1, [sp, #4]
100014c2:	f7ff ff2b 	bl	1000131c <alarm_pool_add_alarm_at_force_in_context>
100014c6:	2800      	cmp	r0, #0
100014c8:	dbe6      	blt.n	10001498 <sleep_until+0x30>
100014ca:	f04f 0c00 	mov.w	ip, #0
100014ce:	4813      	ldr	r0, [pc, #76]	@ (1000151c <sleep_until+0xb4>)
100014d0:	4a13      	ldr	r2, [pc, #76]	@ (10001520 <sleep_until+0xb8>)
100014d2:	6a43      	ldr	r3, [r0, #36]	@ 0x24
100014d4:	429d      	cmp	r5, r3
100014d6:	d804      	bhi.n	100014e2 <sleep_until+0x7a>
100014d8:	6a81      	ldr	r1, [r0, #40]	@ 0x28
100014da:	42b1      	cmp	r1, r6
100014dc:	d2dc      	bcs.n	10001498 <sleep_until+0x30>
100014de:	429d      	cmp	r5, r3
100014e0:	d1da      	bne.n	10001498 <sleep_until+0x30>
100014e2:	6813      	ldr	r3, [r2, #0]
100014e4:	f3ef 8110 	mrs	r1, PRIMASK
100014e8:	b672      	cpsid	i
100014ea:	e8d3 8fcf 	ldaexb	r8, [r3]
100014ee:	f05f 0e01 	movs.w	lr, #1
100014f2:	f1b8 0f00 	cmp.w	r8, #0
100014f6:	d1f8      	bne.n	100014ea <sleep_until+0x82>
100014f8:	e8c3 ef48 	strexb	r8, lr, [r3]
100014fc:	f1b8 0f00 	cmp.w	r8, #0
10001500:	d1f3      	bne.n	100014ea <sleep_until+0x82>
10001502:	f3bf 8f5f 	dmb	sy
10001506:	6813      	ldr	r3, [r2, #0]
10001508:	e8c3 cf8f 	stlb	ip, [r3]
1000150c:	f381 8810 	msr	PRIMASK, r1
10001510:	bf20      	wfe
10001512:	e7de      	b.n	100014d2 <sleep_until+0x6a>
10001514:	10000e19 	.word	0x10000e19
10001518:	20001538 	.word	0x20001538
1000151c:	400b0000 	.word	0x400b0000
10001520:	20002ba0 	.word	0x20002ba0

10001524 <sleep_ms>:
10001524:	b510      	push	{r4, lr}
10001526:	4604      	mov	r4, r0
10001528:	f000 f888 	bl	1000163c <time_us_64>
1000152c:	f44f 737a 	mov.w	r3, #1000	@ 0x3e8
10001530:	f04f 3cff 	mov.w	ip, #4294967295	@ 0xffffffff
10001534:	f06f 4200 	mvn.w	r2, #2147483648	@ 0x80000000
10001538:	fbe4 0103 	umlal	r0, r1, r4, r3
1000153c:	e8bd 4010 	ldmia.w	sp!, {r4, lr}
10001540:	4584      	cmp	ip, r0
10001542:	eb72 0301 	sbcs.w	r3, r2, r1
10001546:	bf3c      	itt	cc
10001548:	4660      	movcc	r0, ip
1000154a:	4611      	movcc	r1, r2
1000154c:	f7ff bf8c 	b.w	10001468 <sleep_until>

10001550 <best_effort_wfe_or_timeout>:
10001550:	b5f0      	push	{r4, r5, r6, r7, lr}
10001552:	4606      	mov	r6, r0
10001554:	460d      	mov	r5, r1
10001556:	b083      	sub	sp, #12
10001558:	f3ef 8405 	mrs	r4, IPSR
1000155c:	b2e4      	uxtb	r4, r4
1000155e:	2c00      	cmp	r4, #0
10001560:	d135      	bne.n	100015ce <best_effort_wfe_or_timeout+0x7e>
10001562:	4f26      	ldr	r7, [pc, #152]	@ (100015fc <best_effort_wfe_or_timeout+0xac>)
10001564:	783a      	ldrb	r2, [r7, #0]
10001566:	68f9      	ldr	r1, [r7, #12]
10001568:	3204      	adds	r2, #4
1000156a:	6a8b      	ldr	r3, [r1, #40]	@ 0x28
1000156c:	f851 2022 	ldr.w	r2, [r1, r2, lsl #2]
10001570:	1ad2      	subs	r2, r2, r3
10001572:	1ac3      	subs	r3, r0, r3
10001574:	4293      	cmp	r3, r2
10001576:	d307      	bcc.n	10001588 <best_effort_wfe_or_timeout+0x38>
10001578:	bf20      	wfe
1000157a:	4b21      	ldr	r3, [pc, #132]	@ (10001600 <best_effort_wfe_or_timeout+0xb0>)
1000157c:	6a58      	ldr	r0, [r3, #36]	@ 0x24
1000157e:	4285      	cmp	r5, r0
10001580:	d91f      	bls.n	100015c2 <best_effort_wfe_or_timeout+0x72>
10001582:	2000      	movs	r0, #0
10001584:	b003      	add	sp, #12
10001586:	bdf0      	pop	{r4, r5, r6, r7, pc}
10001588:	f000 f858 	bl	1000163c <time_us_64>
1000158c:	4286      	cmp	r6, r0
1000158e:	eb65 0101 	sbc.w	r1, r5, r1
10001592:	2900      	cmp	r1, #0
10001594:	db11      	blt.n	100015ba <best_effort_wfe_or_timeout+0x6a>
10001596:	4b1b      	ldr	r3, [pc, #108]	@ (10001604 <best_effort_wfe_or_timeout+0xb4>)
10001598:	4638      	mov	r0, r7
1000159a:	e9cd 3400 	strd	r3, r4, [sp]
1000159e:	4632      	mov	r2, r6
100015a0:	462b      	mov	r3, r5
100015a2:	f7ff febb 	bl	1000131c <alarm_pool_add_alarm_at_force_in_context>
100015a6:	1e01      	subs	r1, r0, #0
100015a8:	dd07      	ble.n	100015ba <best_effort_wfe_or_timeout+0x6a>
100015aa:	4b15      	ldr	r3, [pc, #84]	@ (10001600 <best_effort_wfe_or_timeout+0xb0>)
100015ac:	6a5a      	ldr	r2, [r3, #36]	@ 0x24
100015ae:	4295      	cmp	r5, r2
100015b0:	d91d      	bls.n	100015ee <best_effort_wfe_or_timeout+0x9e>
100015b2:	bf20      	wfe
100015b4:	4811      	ldr	r0, [pc, #68]	@ (100015fc <best_effort_wfe_or_timeout+0xac>)
100015b6:	f7ff ff15 	bl	100013e4 <alarm_pool_cancel_alarm>
100015ba:	4b11      	ldr	r3, [pc, #68]	@ (10001600 <best_effort_wfe_or_timeout+0xb0>)
100015bc:	6a58      	ldr	r0, [r3, #36]	@ 0x24
100015be:	4285      	cmp	r5, r0
100015c0:	d8df      	bhi.n	10001582 <best_effort_wfe_or_timeout+0x32>
100015c2:	6a9b      	ldr	r3, [r3, #40]	@ 0x28
100015c4:	429e      	cmp	r6, r3
100015c6:	d80d      	bhi.n	100015e4 <best_effort_wfe_or_timeout+0x94>
100015c8:	2001      	movs	r0, #1
100015ca:	b003      	add	sp, #12
100015cc:	bdf0      	pop	{r4, r5, r6, r7, pc}
100015ce:	4b0c      	ldr	r3, [pc, #48]	@ (10001600 <best_effort_wfe_or_timeout+0xb0>)
100015d0:	6a58      	ldr	r0, [r3, #36]	@ 0x24
100015d2:	4288      	cmp	r0, r1
100015d4:	d3d5      	bcc.n	10001582 <best_effort_wfe_or_timeout+0x32>
100015d6:	6a9b      	ldr	r3, [r3, #40]	@ 0x28
100015d8:	42b3      	cmp	r3, r6
100015da:	d2f5      	bcs.n	100015c8 <best_effort_wfe_or_timeout+0x78>
100015dc:	1a40      	subs	r0, r0, r1
100015de:	bf18      	it	ne
100015e0:	2001      	movne	r0, #1
100015e2:	e7cf      	b.n	10001584 <best_effort_wfe_or_timeout+0x34>
100015e4:	1a28      	subs	r0, r5, r0
100015e6:	bf18      	it	ne
100015e8:	2001      	movne	r0, #1
100015ea:	b003      	add	sp, #12
100015ec:	bdf0      	pop	{r4, r5, r6, r7, pc}
100015ee:	6a9b      	ldr	r3, [r3, #40]	@ 0x28
100015f0:	429e      	cmp	r6, r3
100015f2:	d9df      	bls.n	100015b4 <best_effort_wfe_or_timeout+0x64>
100015f4:	4295      	cmp	r5, r2
100015f6:	d1dd      	bne.n	100015b4 <best_effort_wfe_or_timeout+0x64>
100015f8:	e7db      	b.n	100015b2 <best_effort_wfe_or_timeout+0x62>
100015fa:	bf00      	nop
100015fc:	20001538 	.word	0x20001538
10001600:	400b0000 	.word	0x400b0000
10001604:	10000e19 	.word	0x10000e19

10001608 <timer_hardware_alarm_claim>:
10001608:	b410      	push	{r4}
1000160a:	4b05      	ldr	r3, [pc, #20]	@ (10001620 <timer_hardware_alarm_claim+0x18>)
1000160c:	4c05      	ldr	r4, [pc, #20]	@ (10001624 <timer_hardware_alarm_claim+0x1c>)
1000160e:	4a06      	ldr	r2, [pc, #24]	@ (10001628 <timer_hardware_alarm_claim+0x20>)
10001610:	42a0      	cmp	r0, r4
10001612:	bf14      	ite	ne
10001614:	4618      	movne	r0, r3
10001616:	1c58      	addeq	r0, r3, #1
10001618:	f85d 4b04 	ldr.w	r4, [sp], #4
1000161c:	f7ff b8f6 	b.w	1000080c <hw_claim_or_assert>
10001620:	200026fc 	.word	0x200026fc
10001624:	400b8000 	.word	0x400b8000
10001628:	100070b0 	.word	0x100070b0

1000162c <timer_time_us_64>:
1000162c:	4603      	mov	r3, r0
1000162e:	6a41      	ldr	r1, [r0, #36]	@ 0x24
10001630:	460a      	mov	r2, r1
10001632:	6a98      	ldr	r0, [r3, #40]	@ 0x28
10001634:	6a59      	ldr	r1, [r3, #36]	@ 0x24
10001636:	428a      	cmp	r2, r1
10001638:	d1fa      	bne.n	10001630 <timer_time_us_64+0x4>
1000163a:	4770      	bx	lr

1000163c <time_us_64>:
1000163c:	4b03      	ldr	r3, [pc, #12]	@ (1000164c <time_us_64+0x10>)
1000163e:	6a59      	ldr	r1, [r3, #36]	@ 0x24
10001640:	460a      	mov	r2, r1
10001642:	6a98      	ldr	r0, [r3, #40]	@ 0x28
10001644:	6a59      	ldr	r1, [r3, #36]	@ 0x24
10001646:	4291      	cmp	r1, r2
10001648:	d1fa      	bne.n	10001640 <time_us_64+0x4>
1000164a:	4770      	bx	lr
1000164c:	400b0000 	.word	0x400b0000

10001650 <busy_wait_us>:
10001650:	b430      	push	{r4, r5}
10001652:	4a15      	ldr	r2, [pc, #84]	@ (100016a8 <busy_wait_us+0x58>)
10001654:	6a53      	ldr	r3, [r2, #36]	@ 0x24
10001656:	469c      	mov	ip, r3
10001658:	6a94      	ldr	r4, [r2, #40]	@ 0x28
1000165a:	6a53      	ldr	r3, [r2, #36]	@ 0x24
1000165c:	4563      	cmp	r3, ip
1000165e:	d1fa      	bne.n	10001656 <busy_wait_us+0x6>
10001660:	1902      	adds	r2, r0, r4
10001662:	4159      	adcs	r1, r3
10001664:	f04f 0500 	mov.w	r5, #0
10001668:	bf28      	it	cs
1000166a:	2501      	movcs	r5, #1
1000166c:	4b0e      	ldr	r3, [pc, #56]	@ (100016a8 <busy_wait_us+0x58>)
1000166e:	6a5b      	ldr	r3, [r3, #36]	@ 0x24
10001670:	b1b5      	cbz	r5, 100016a0 <busy_wait_us+0x50>
10001672:	1c5a      	adds	r2, r3, #1
10001674:	bf08      	it	eq
10001676:	461a      	moveq	r2, r3
10001678:	d008      	beq.n	1000168c <busy_wait_us+0x3c>
1000167a:	f04f 31ff 	mov.w	r1, #4294967295	@ 0xffffffff
1000167e:	460a      	mov	r2, r1
10001680:	4809      	ldr	r0, [pc, #36]	@ (100016a8 <busy_wait_us+0x58>)
10001682:	6a43      	ldr	r3, [r0, #36]	@ 0x24
10001684:	428b      	cmp	r3, r1
10001686:	d3fc      	bcc.n	10001682 <busy_wait_us+0x32>
10001688:	428b      	cmp	r3, r1
1000168a:	d107      	bne.n	1000169c <busy_wait_us+0x4c>
1000168c:	4906      	ldr	r1, [pc, #24]	@ (100016a8 <busy_wait_us+0x58>)
1000168e:	e002      	b.n	10001696 <busy_wait_us+0x46>
10001690:	6a48      	ldr	r0, [r1, #36]	@ 0x24
10001692:	4298      	cmp	r0, r3
10001694:	d102      	bne.n	1000169c <busy_wait_us+0x4c>
10001696:	6a88      	ldr	r0, [r1, #40]	@ 0x28
10001698:	4290      	cmp	r0, r2
1000169a:	d3f9      	bcc.n	10001690 <busy_wait_us+0x40>
1000169c:	bc30      	pop	{r4, r5}
1000169e:	4770      	bx	lr
100016a0:	4299      	cmp	r1, r3
100016a2:	d8ed      	bhi.n	10001680 <busy_wait_us+0x30>
100016a4:	e7f0      	b.n	10001688 <busy_wait_us+0x38>
100016a6:	bf00      	nop
100016a8:	400b0000 	.word	0x400b0000

100016ac <busy_wait_until>:
100016ac:	4a07      	ldr	r2, [pc, #28]	@ (100016cc <busy_wait_until+0x20>)
100016ae:	6a53      	ldr	r3, [r2, #36]	@ 0x24
100016b0:	4299      	cmp	r1, r3
100016b2:	d8fc      	bhi.n	100016ae <busy_wait_until+0x2>
100016b4:	4299      	cmp	r1, r3
100016b6:	d107      	bne.n	100016c8 <busy_wait_until+0x1c>
100016b8:	4b04      	ldr	r3, [pc, #16]	@ (100016cc <busy_wait_until+0x20>)
100016ba:	e002      	b.n	100016c2 <busy_wait_until+0x16>
100016bc:	6a5a      	ldr	r2, [r3, #36]	@ 0x24
100016be:	4291      	cmp	r1, r2
100016c0:	d102      	bne.n	100016c8 <busy_wait_until+0x1c>
100016c2:	6a9a      	ldr	r2, [r3, #40]	@ 0x28
100016c4:	4282      	cmp	r2, r0
100016c6:	d3f9      	bcc.n	100016bc <busy_wait_until+0x10>
100016c8:	4770      	bx	lr
100016ca:	bf00      	nop
100016cc:	400b0000 	.word	0x400b0000

100016d0 <clock_configure_undivided>:
100016d0:	eb00 0c40 	add.w	ip, r0, r0, lsl #1
100016d4:	ea4f 0c8c 	mov.w	ip, ip, lsl #2
100016d8:	f10c 4c80 	add.w	ip, ip, #1073741824	@ 0x40000000
100016dc:	f50c 3c80 	add.w	ip, ip, #65536	@ 0x10000
100016e0:	b5f0      	push	{r4, r5, r6, r7, lr}
100016e2:	4616      	mov	r6, r2
100016e4:	f8dc 2004 	ldr.w	r2, [ip, #4]
100016e8:	1f05      	subs	r5, r0, #4
100016ea:	f5b2 3f80 	cmp.w	r2, #65536	@ 0x10000
100016ee:	bf38      	it	cc
100016f0:	f44f 3280 	movcc.w	r2, #65536	@ 0x10000
100016f4:	b2ed      	uxtb	r5, r5
100016f6:	bf38      	it	cc
100016f8:	f8cc 2004 	strcc.w	r2, [ip, #4]
100016fc:	2d01      	cmp	r5, #1
100016fe:	d92a      	bls.n	10001756 <clock_configure_undivided+0x86>
10001700:	f44f 6700 	mov.w	r7, #2048	@ 0x800
10001704:	4c25      	ldr	r4, [pc, #148]	@ (1000179c <clock_configure_undivided+0xcc>)
10001706:	f50c 5240 	add.w	r2, ip, #12288	@ 0x3000
1000170a:	6017      	str	r7, [r2, #0]
1000170c:	f854 2020 	ldr.w	r2, [r4, r0, lsl #2]
10001710:	b9b2      	cbnz	r2, 10001740 <clock_configure_undivided+0x70>
10001712:	f8dc 2000 	ldr.w	r2, [ip]
10001716:	2d01      	cmp	r5, #1
10001718:	ea82 1246 	eor.w	r2, r2, r6, lsl #5
1000171c:	f002 02e0 	and.w	r2, r2, #224	@ 0xe0
10001720:	f50c 5680 	add.w	r6, ip, #4096	@ 0x1000
10001724:	6032      	str	r2, [r6, #0]
10001726:	d92a      	bls.n	1000177e <clock_configure_undivided+0xae>
10001728:	f44f 6100 	mov.w	r1, #2048	@ 0x800
1000172c:	f844 3020 	str.w	r3, [r4, r0, lsl #2]
10001730:	f44f 3380 	mov.w	r3, #65536	@ 0x10000
10001734:	f50c 5200 	add.w	r2, ip, #8192	@ 0x2000
10001738:	6011      	str	r1, [r2, #0]
1000173a:	f8cc 3004 	str.w	r3, [ip, #4]
1000173e:	bdf0      	pop	{r4, r5, r6, r7, pc}
10001740:	6967      	ldr	r7, [r4, #20]
10001742:	fbb7 fef2 	udiv	lr, r7, r2
10001746:	f10e 0e01 	add.w	lr, lr, #1
1000174a:	eb0e 0e4e 	add.w	lr, lr, lr, lsl #1
1000174e:	f1be 0e03 	subs.w	lr, lr, #3
10001752:	d2fc      	bcs.n	1000174e <clock_configure_undivided+0x7e>
10001754:	e7dd      	b.n	10001712 <clock_configure_undivided+0x42>
10001756:	2901      	cmp	r1, #1
10001758:	d1d2      	bne.n	10001700 <clock_configure_undivided+0x30>
1000175a:	2403      	movs	r4, #3
1000175c:	f50c 5240 	add.w	r2, ip, #12288	@ 0x3000
10001760:	6014      	str	r4, [r2, #0]
10001762:	f8dc 2008 	ldr.w	r2, [ip, #8]
10001766:	07d2      	lsls	r2, r2, #31
10001768:	d5fb      	bpl.n	10001762 <clock_configure_undivided+0x92>
1000176a:	f8dc 2000 	ldr.w	r2, [ip]
1000176e:	4c0b      	ldr	r4, [pc, #44]	@ (1000179c <clock_configure_undivided+0xcc>)
10001770:	ea82 1246 	eor.w	r2, r2, r6, lsl #5
10001774:	f002 02e0 	and.w	r2, r2, #224	@ 0xe0
10001778:	f50c 5680 	add.w	r6, ip, #4096	@ 0x1000
1000177c:	6032      	str	r2, [r6, #0]
1000177e:	2201      	movs	r2, #1
10001780:	f8dc 5000 	ldr.w	r5, [ip]
10001784:	404d      	eors	r5, r1
10001786:	f005 0503 	and.w	r5, r5, #3
1000178a:	6035      	str	r5, [r6, #0]
1000178c:	fa02 f101 	lsl.w	r1, r2, r1
10001790:	f8dc 2008 	ldr.w	r2, [ip, #8]
10001794:	420a      	tst	r2, r1
10001796:	d0fb      	beq.n	10001790 <clock_configure_undivided+0xc0>
10001798:	e7c6      	b.n	10001728 <clock_configure_undivided+0x58>
1000179a:	bf00      	nop
1000179c:	20002700 	.word	0x20002700

100017a0 <clock_get_hz>:
100017a0:	4b01      	ldr	r3, [pc, #4]	@ (100017a8 <clock_get_hz+0x8>)
100017a2:	f853 0020 	ldr.w	r0, [r3, r0, lsl #2]
100017a6:	4770      	bx	lr
100017a8:	20002700 	.word	0x20002700

100017ac <pll_init>:
100017ac:	b470      	push	{r4, r5, r6}
100017ae:	9d03      	ldr	r5, [sp, #12]
100017b0:	6804      	ldr	r4, [r0, #0]
100017b2:	032d      	lsls	r5, r5, #12
100017b4:	ea45 4503 	orr.w	r5, r5, r3, lsl #16
100017b8:	4b1b      	ldr	r3, [pc, #108]	@ (10001828 <pll_init+0x7c>)
100017ba:	2c00      	cmp	r4, #0
100017bc:	fbb3 f3f1 	udiv	r3, r3, r1
100017c0:	fbb2 f6f3 	udiv	r6, r2, r3
100017c4:	db1f      	blt.n	10001806 <pll_init+0x5a>
100017c6:	4a19      	ldr	r2, [pc, #100]	@ (1000182c <pll_init+0x80>)
100017c8:	4b19      	ldr	r3, [pc, #100]	@ (10001830 <pll_init+0x84>)
100017ca:	4290      	cmp	r0, r2
100017cc:	bf0c      	ite	eq
100017ce:	f44f 4200 	moveq.w	r2, #32768	@ 0x8000
100017d2:	f44f 4280 	movne.w	r2, #16384	@ 0x4000
100017d6:	4c17      	ldr	r4, [pc, #92]	@ (10001834 <pll_init+0x88>)
100017d8:	601a      	str	r2, [r3, #0]
100017da:	f503 5380 	add.w	r3, r3, #4096	@ 0x1000
100017de:	601a      	str	r2, [r3, #0]
100017e0:	68a3      	ldr	r3, [r4, #8]
100017e2:	ea32 0303 	bics.w	r3, r2, r3
100017e6:	d1fb      	bne.n	100017e0 <pll_init+0x34>
100017e8:	2221      	movs	r2, #33	@ 0x21
100017ea:	f500 5340 	add.w	r3, r0, #12288	@ 0x3000
100017ee:	3304      	adds	r3, #4
100017f0:	6001      	str	r1, [r0, #0]
100017f2:	6086      	str	r6, [r0, #8]
100017f4:	601a      	str	r2, [r3, #0]
100017f6:	6802      	ldr	r2, [r0, #0]
100017f8:	2a00      	cmp	r2, #0
100017fa:	dafc      	bge.n	100017f6 <pll_init+0x4a>
100017fc:	2208      	movs	r2, #8
100017fe:	60c5      	str	r5, [r0, #12]
10001800:	601a      	str	r2, [r3, #0]
10001802:	bc70      	pop	{r4, r5, r6}
10001804:	4770      	bx	lr
10001806:	6803      	ldr	r3, [r0, #0]
10001808:	f003 033f 	and.w	r3, r3, #63	@ 0x3f
1000180c:	428b      	cmp	r3, r1
1000180e:	d1da      	bne.n	100017c6 <pll_init+0x1a>
10001810:	6883      	ldr	r3, [r0, #8]
10001812:	f3c3 030b 	ubfx	r3, r3, #0, #12
10001816:	42b3      	cmp	r3, r6
10001818:	d1d5      	bne.n	100017c6 <pll_init+0x1a>
1000181a:	68c3      	ldr	r3, [r0, #12]
1000181c:	f403 23ee 	and.w	r3, r3, #487424	@ 0x77000
10001820:	42ab      	cmp	r3, r5
10001822:	d1d0      	bne.n	100017c6 <pll_init+0x1a>
10001824:	e7ed      	b.n	10001802 <pll_init+0x56>
10001826:	bf00      	nop
10001828:	00b71b00 	.word	0x00b71b00
1000182c:	40058000 	.word	0x40058000
10001830:	40022000 	.word	0x40022000
10001834:	40020000 	.word	0x40020000

10001838 <watchdog_reboot>:
10001838:	b430      	push	{r4, r5}
1000183a:	f04f 4480 	mov.w	r4, #1073741824	@ 0x40000000
1000183e:	4b1c      	ldr	r3, [pc, #112]	@ (100018b0 <watchdog_reboot+0x78>)
10001840:	601c      	str	r4, [r3, #0]
10001842:	b1e0      	cbz	r0, 1000187e <watchdog_reboot+0x46>
10001844:	4c1b      	ldr	r4, [pc, #108]	@ (100018b4 <watchdog_reboot+0x7c>)
10001846:	f5a3 5340 	sub.w	r3, r3, #12288	@ 0x3000
1000184a:	61dc      	str	r4, [r3, #28]
1000184c:	4c1a      	ldr	r4, [pc, #104]	@ (100018b8 <watchdog_reboot+0x80>)
1000184e:	f040 0001 	orr.w	r0, r0, #1
10001852:	4044      	eors	r4, r0
10001854:	621c      	str	r4, [r3, #32]
10001856:	6259      	str	r1, [r3, #36]	@ 0x24
10001858:	6298      	str	r0, [r3, #40]	@ 0x28
1000185a:	f04f 4580 	mov.w	r5, #1073741824	@ 0x40000000
1000185e:	f04f 61e0 	mov.w	r1, #117440512	@ 0x7000000
10001862:	4b13      	ldr	r3, [pc, #76]	@ (100018b0 <watchdog_reboot+0x78>)
10001864:	4815      	ldr	r0, [pc, #84]	@ (100018bc <watchdog_reboot+0x84>)
10001866:	4c16      	ldr	r4, [pc, #88]	@ (100018c0 <watchdog_reboot+0x88>)
10001868:	601d      	str	r5, [r3, #0]
1000186a:	6084      	str	r4, [r0, #8]
1000186c:	6019      	str	r1, [r3, #0]
1000186e:	b94a      	cbnz	r2, 10001884 <watchdog_reboot+0x4c>
10001870:	bc30      	pop	{r4, r5}
10001872:	f04f 4200 	mov.w	r2, #2147483648	@ 0x80000000
10001876:	f5a3 5380 	sub.w	r3, r3, #4096	@ 0x1000
1000187a:	601a      	str	r2, [r3, #0]
1000187c:	4770      	bx	lr
1000187e:	4b11      	ldr	r3, [pc, #68]	@ (100018c4 <watchdog_reboot+0x8c>)
10001880:	61d8      	str	r0, [r3, #28]
10001882:	e7ea      	b.n	1000185a <watchdog_reboot+0x22>
10001884:	f44f 737a 	mov.w	r3, #1000	@ 0x3e8
10001888:	fb03 f202 	mul.w	r2, r3, r2
1000188c:	f1b2 7f80 	cmp.w	r2, #16777216	@ 0x1000000
10001890:	bf2a      	itet	cs
10001892:	f06f 437f 	mvncs.w	r3, #4278190080	@ 0xff000000
10001896:	4613      	movcc	r3, r2
10001898:	461a      	movcs	r2, r3
1000189a:	f04f 4180 	mov.w	r1, #1073741824	@ 0x40000000
1000189e:	4c0a      	ldr	r4, [pc, #40]	@ (100018c8 <watchdog_reboot+0x90>)
100018a0:	4808      	ldr	r0, [pc, #32]	@ (100018c4 <watchdog_reboot+0x8c>)
100018a2:	6023      	str	r3, [r4, #0]
100018a4:	4b09      	ldr	r3, [pc, #36]	@ (100018cc <watchdog_reboot+0x94>)
100018a6:	6042      	str	r2, [r0, #4]
100018a8:	bc30      	pop	{r4, r5}
100018aa:	6019      	str	r1, [r3, #0]
100018ac:	4770      	bx	lr
100018ae:	bf00      	nop
100018b0:	400db000 	.word	0x400db000
100018b4:	b007c0d3 	.word	0xb007c0d3
100018b8:	4ff83f2d 	.word	0x4ff83f2d
100018bc:	4001a000 	.word	0x4001a000
100018c0:	01fffff3 	.word	0x01fffff3
100018c4:	400d8000 	.word	0x400d8000
100018c8:	20002b64 	.word	0x20002b64
100018cc:	400da000 	.word	0x400da000

100018d0 <tick_start>:
100018d0:	2301      	movs	r3, #1
100018d2:	eb00 0040 	add.w	r0, r0, r0, lsl #1
100018d6:	0080      	lsls	r0, r0, #2
100018d8:	f100 4080 	add.w	r0, r0, #1073741824	@ 0x40000000
100018dc:	f500 1084 	add.w	r0, r0, #1081344	@ 0x108000
100018e0:	6041      	str	r1, [r0, #4]
100018e2:	6003      	str	r3, [r0, #0]
100018e4:	4770      	bx	lr
100018e6:	bf00      	nop

100018e8 <rom_reboot.constprop.0.isra.0>:
100018e8:	2300      	movs	r3, #0
100018ea:	b570      	push	{r4, r5, r6, lr}
100018ec:	8adb      	ldrh	r3, [r3, #22]
100018ee:	4604      	mov	r4, r0
100018f0:	460d      	mov	r5, r1
100018f2:	2200      	movs	r2, #0
100018f4:	e842 f200 	tt	r2, r2
100018f8:	0252      	lsls	r2, r2, #9
100018fa:	bf54      	ite	pl
100018fc:	2110      	movpl	r1, #16
100018fe:	2104      	movmi	r1, #4
10001900:	f244 2052 	movw	r0, #16978	@ 0x4252
10001904:	4798      	blx	r3
10001906:	4686      	mov	lr, r0
10001908:	462b      	mov	r3, r5
1000190a:	4622      	mov	r2, r4
1000190c:	46f4      	mov	ip, lr
1000190e:	e8bd 4070 	ldmia.w	sp!, {r4, r5, r6, lr}
10001912:	210a      	movs	r1, #10
10001914:	f44f 7081 	mov.w	r0, #258	@ 0x102
10001918:	4760      	bx	ip
1000191a:	bf00      	nop

1000191c <rom_func_lookup>:
1000191c:	2300      	movs	r3, #0
1000191e:	8adb      	ldrh	r3, [r3, #22]
10001920:	2200      	movs	r2, #0
10001922:	e842 f200 	tt	r2, r2
10001926:	0252      	lsls	r2, r2, #9
10001928:	d401      	bmi.n	1000192e <rom_func_lookup+0x12>
1000192a:	2110      	movs	r1, #16
1000192c:	4718      	bx	r3
1000192e:	2104      	movs	r1, #4
10001930:	4718      	bx	r3
10001932:	bf00      	nop

10001934 <rom_reset_usb_boot_extra>:
10001934:	b508      	push	{r3, lr}
10001936:	4603      	mov	r3, r0
10001938:	4608      	mov	r0, r1
1000193a:	1e19      	subs	r1, r3, #0
1000193c:	db02      	blt.n	10001944 <rom_reset_usb_boot_extra+0x10>
1000193e:	b11a      	cbz	r2, 10001948 <rom_reset_usb_boot_extra+0x14>
10001940:	f040 0030 	orr.w	r0, r0, #48	@ 0x30
10001944:	f7ff ffd0 	bl	100018e8 <rom_reboot.constprop.0.isra.0>
10001948:	f040 0020 	orr.w	r0, r0, #32
1000194c:	e7fa      	b.n	10001944 <rom_reset_usb_boot_extra+0x10>
1000194e:	bf00      	nop

10001950 <runtime_init_bootrom_locking_enable>:
10001950:	4a03      	ldr	r2, [pc, #12]	@ (10001960 <runtime_init_bootrom_locking_enable+0x10>)
10001952:	f8d2 3828 	ldr.w	r3, [r2, #2088]	@ 0x828
10001956:	2b00      	cmp	r3, #0
10001958:	d0fb      	beq.n	10001952 <runtime_init_bootrom_locking_enable+0x2>
1000195a:	f3bf 8f5f 	dmb	sy
1000195e:	4770      	bx	lr
10001960:	400e0000 	.word	0x400e0000

10001964 <runtime_init_boot_locks_reset>:
10001964:	2100      	movs	r1, #0
10001966:	4b04      	ldr	r3, [pc, #16]	@ (10001978 <runtime_init_boot_locks_reset+0x14>)
10001968:	4a04      	ldr	r2, [pc, #16]	@ (1000197c <runtime_init_boot_locks_reset+0x18>)
1000196a:	f3bf 8f5f 	dmb	sy
1000196e:	f843 1b04 	str.w	r1, [r3], #4
10001972:	4293      	cmp	r3, r2
10001974:	d1f9      	bne.n	1000196a <runtime_init_boot_locks_reset+0x6>
10001976:	4770      	bx	lr
10001978:	400e080c 	.word	0x400e080c
1000197c:	400e082c 	.word	0x400e082c

10001980 <xosc_init>:
10001980:	b410      	push	{r4}
10001982:	202f      	movs	r0, #47	@ 0x2f
10001984:	f44f 642a 	mov.w	r4, #2720	@ 0xaa0
10001988:	4a05      	ldr	r2, [pc, #20]	@ (100019a0 <xosc_init+0x20>)
1000198a:	4b06      	ldr	r3, [pc, #24]	@ (100019a4 <xosc_init+0x24>)
1000198c:	4906      	ldr	r1, [pc, #24]	@ (100019a8 <xosc_init+0x28>)
1000198e:	6014      	str	r4, [r2, #0]
10001990:	60d0      	str	r0, [r2, #12]
10001992:	6019      	str	r1, [r3, #0]
10001994:	6853      	ldr	r3, [r2, #4]
10001996:	2b00      	cmp	r3, #0
10001998:	dafc      	bge.n	10001994 <xosc_init+0x14>
1000199a:	f85d 4b04 	ldr.w	r4, [sp], #4
1000199e:	4770      	bx	lr
100019a0:	40048000 	.word	0x40048000
100019a4:	4004a000 	.word	0x4004a000
100019a8:	00fab000 	.word	0x00fab000

100019ac <first_per_core_initializer>:
100019ac:	4770      	bx	lr
100019ae:	bf00      	nop

100019b0 <hard_assertion_failure>:
100019b0:	b508      	push	{r3, lr}
100019b2:	4801      	ldr	r0, [pc, #4]	@ (100019b8 <hard_assertion_failure+0x8>)
100019b4:	f7fe fef6 	bl	100007a4 <panic>
100019b8:	100070d4 	.word	0x100070d4

100019bc <runtime_run_initializers>:
100019bc:	b538      	push	{r3, r4, r5, lr}
100019be:	4c05      	ldr	r4, [pc, #20]	@ (100019d4 <runtime_run_initializers+0x18>)
100019c0:	4d05      	ldr	r5, [pc, #20]	@ (100019d8 <runtime_run_initializers+0x1c>)
100019c2:	42ac      	cmp	r4, r5
100019c4:	d204      	bcs.n	100019d0 <runtime_run_initializers+0x14>
100019c6:	f854 3b04 	ldr.w	r3, [r4], #4
100019ca:	4798      	blx	r3
100019cc:	42ac      	cmp	r4, r5
100019ce:	d3fa      	bcc.n	100019c6 <runtime_run_initializers+0xa>
100019d0:	bd38      	pop	{r3, r4, r5, pc}
100019d2:	bf00      	nop
100019d4:	10006db8 	.word	0x10006db8
100019d8:	10006df8 	.word	0x10006df8

100019dc <runtime_init_early_resets>:
100019dc:	b410      	push	{r4}
100019de:	4807      	ldr	r0, [pc, #28]	@ (100019fc <runtime_init_early_resets+0x20>)
100019e0:	4c07      	ldr	r4, [pc, #28]	@ (10001a00 <runtime_init_early_resets+0x24>)
100019e2:	4b08      	ldr	r3, [pc, #32]	@ (10001a04 <runtime_init_early_resets+0x28>)
100019e4:	4a08      	ldr	r2, [pc, #32]	@ (10001a08 <runtime_init_early_resets+0x2c>)
100019e6:	4909      	ldr	r1, [pc, #36]	@ (10001a0c <runtime_init_early_resets+0x30>)
100019e8:	6004      	str	r4, [r0, #0]
100019ea:	601a      	str	r2, [r3, #0]
100019ec:	688b      	ldr	r3, [r1, #8]
100019ee:	ea32 0303 	bics.w	r3, r2, r3
100019f2:	d1fb      	bne.n	100019ec <runtime_init_early_resets+0x10>
100019f4:	f85d 4b04 	ldr.w	r4, [sp], #4
100019f8:	4770      	bx	lr
100019fa:	bf00      	nop
100019fc:	40022000 	.word	0x40022000
10001a00:	efef3b7f 	.word	0xefef3b7f
10001a04:	40023000 	.word	0x40023000
10001a08:	03f3fff6 	.word	0x03f3fff6
10001a0c:	40020000 	.word	0x40020000

10001a10 <runtime_init_usb_power_down>:
10001a10:	4b04      	ldr	r3, [pc, #16]	@ (10001a24 <runtime_init_usb_power_down+0x14>)
10001a12:	6cdb      	ldr	r3, [r3, #76]	@ 0x4c
10001a14:	f5b3 4f00 	cmp.w	r3, #32768	@ 0x8000
10001a18:	d103      	bne.n	10001a22 <runtime_init_usb_power_down+0x12>
10001a1a:	f44f 2280 	mov.w	r2, #262144	@ 0x40000
10001a1e:	4b02      	ldr	r3, [pc, #8]	@ (10001a28 <runtime_init_usb_power_down+0x18>)
10001a20:	64da      	str	r2, [r3, #76]	@ 0x4c
10001a22:	4770      	bx	lr
10001a24:	50110000 	.word	0x50110000
10001a28:	50112000 	.word	0x50112000

10001a2c <runtime_init_per_core_enable_coprocessors>:
10001a2c:	f04f 22e0 	mov.w	r2, #3758153728	@ 0xe000e000
10001a30:	4b04      	ldr	r3, [pc, #16]	@ (10001a44 <runtime_init_per_core_enable_coprocessors+0x18>)
10001a32:	f8d2 1d88 	ldr.w	r1, [r2, #3464]	@ 0xd88
10001a36:	430b      	orrs	r3, r1
10001a38:	f8c2 3d88 	str.w	r3, [r2, #3464]	@ 0xd88
10001a3c:	ee10 0430 	dcp_rcmp r0
10001a40:	4770      	bx	lr
10001a42:	bf00      	nop
10001a44:	00300303 	.word	0x00300303

10001a48 <runtime_init_post_clock_resets>:
10001a48:	f06f 4160 	mvn.w	r1, #3758096384	@ 0xe0000000
10001a4c:	4b04      	ldr	r3, [pc, #16]	@ (10001a60 <runtime_init_post_clock_resets+0x18>)
10001a4e:	4a05      	ldr	r2, [pc, #20]	@ (10001a64 <runtime_init_post_clock_resets+0x1c>)
10001a50:	6019      	str	r1, [r3, #0]
10001a52:	6893      	ldr	r3, [r2, #8]
10001a54:	43db      	mvns	r3, r3
10001a56:	f033 4360 	bics.w	r3, r3, #3758096384	@ 0xe0000000
10001a5a:	d1fa      	bne.n	10001a52 <runtime_init_post_clock_resets+0xa>
10001a5c:	4770      	bx	lr
10001a5e:	bf00      	nop
10001a60:	40023000 	.word	0x40023000
10001a64:	40020000 	.word	0x40020000

10001a68 <runtime_init_bootrom_reset>:
10001a68:	b510      	push	{r4, lr}
10001a6a:	f245 2053 	movw	r0, #21075	@ 0x5253
10001a6e:	f7ff ff55 	bl	1000191c <rom_func_lookup>
10001a72:	e8bd 4010 	ldmia.w	sp!, {r4, lr}
10001a76:	4603      	mov	r3, r0
10001a78:	2004      	movs	r0, #4
10001a7a:	4718      	bx	r3

10001a7c <runtime_init_per_core_bootrom_reset>:
10001a7c:	b510      	push	{r4, lr}
10001a7e:	f245 2053 	movw	r0, #21075	@ 0x5253
10001a82:	f7ff ff4b 	bl	1000191c <rom_func_lookup>
10001a86:	e8bd 4010 	ldmia.w	sp!, {r4, lr}
10001a8a:	4603      	mov	r3, r0
10001a8c:	2001      	movs	r0, #1
10001a8e:	4718      	bx	r3

10001a90 <runtime_init_spin_locks_reset>:
10001a90:	f7fe bf5a 	b.w	10000948 <spin_locks_reset>

10001a94 <runtime_init_install_ram_vector_table>:
10001a94:	b510      	push	{r4, lr}
10001a96:	4b05      	ldr	r3, [pc, #20]	@ (10001aac <runtime_init_install_ram_vector_table+0x18>)
10001a98:	4c05      	ldr	r4, [pc, #20]	@ (10001ab0 <runtime_init_install_ram_vector_table+0x1c>)
10001a9a:	f44f 7288 	mov.w	r2, #272	@ 0x110
10001a9e:	4618      	mov	r0, r3
10001aa0:	68a1      	ldr	r1, [r4, #8]
10001aa2:	f004 fe45 	bl	10006730 <memcpy>
10001aa6:	60a0      	str	r0, [r4, #8]
10001aa8:	bd10      	pop	{r4, pc}
10001aaa:	bf00      	nop
10001aac:	20000000 	.word	0x20000000
10001ab0:	e000ed00 	.word	0xe000ed00

10001ab4 <runtime_init_clocks>:
10001ab4:	2300      	movs	r3, #0
10001ab6:	b5f0      	push	{r4, r5, r6, r7, lr}
10001ab8:	4c2b      	ldr	r4, [pc, #172]	@ (10001b68 <runtime_init_clocks+0xb4>)
10001aba:	b083      	sub	sp, #12
10001abc:	f8c4 3084 	str.w	r3, [r4, #132]	@ 0x84
10001ac0:	f7ff ff5e 	bl	10001980 <xosc_init>
10001ac4:	2201      	movs	r2, #1
10001ac6:	4b29      	ldr	r3, [pc, #164]	@ (10001b6c <runtime_init_clocks+0xb8>)
10001ac8:	63da      	str	r2, [r3, #60]	@ 0x3c
10001aca:	6c63      	ldr	r3, [r4, #68]	@ 0x44
10001acc:	2b01      	cmp	r3, #1
10001ace:	d1fc      	bne.n	10001aca <runtime_init_clocks+0x16>
10001ad0:	2103      	movs	r1, #3
10001ad2:	4a26      	ldr	r2, [pc, #152]	@ (10001b6c <runtime_init_clocks+0xb8>)
10001ad4:	4b24      	ldr	r3, [pc, #144]	@ (10001b68 <runtime_init_clocks+0xb4>)
10001ad6:	6311      	str	r1, [r2, #48]	@ 0x30
10001ad8:	6b9d      	ldr	r5, [r3, #56]	@ 0x38
10001ada:	2d01      	cmp	r5, #1
10001adc:	d1fc      	bne.n	10001ad8 <runtime_init_clocks+0x24>
10001ade:	2305      	movs	r3, #5
10001ae0:	2702      	movs	r7, #2
10001ae2:	461e      	mov	r6, r3
10001ae4:	2400      	movs	r4, #0
10001ae6:	4629      	mov	r1, r5
10001ae8:	4a21      	ldr	r2, [pc, #132]	@ (10001b70 <runtime_init_clocks+0xbc>)
10001aea:	4822      	ldr	r0, [pc, #136]	@ (10001b74 <runtime_init_clocks+0xc0>)
10001aec:	9700      	str	r7, [sp, #0]
10001aee:	f7ff fe5d 	bl	100017ac <pll_init>
10001af2:	4629      	mov	r1, r5
10001af4:	4633      	mov	r3, r6
10001af6:	4a20      	ldr	r2, [pc, #128]	@ (10001b78 <runtime_init_clocks+0xc4>)
10001af8:	4820      	ldr	r0, [pc, #128]	@ (10001b7c <runtime_init_clocks+0xc8>)
10001afa:	9600      	str	r6, [sp, #0]
10001afc:	f7ff fe56 	bl	100017ac <pll_init>
10001b00:	4639      	mov	r1, r7
10001b02:	4622      	mov	r2, r4
10001b04:	2004      	movs	r0, #4
10001b06:	4b1e      	ldr	r3, [pc, #120]	@ (10001b80 <runtime_init_clocks+0xcc>)
10001b08:	f7ff fde2 	bl	100016d0 <clock_configure_undivided>
10001b0c:	4629      	mov	r1, r5
10001b0e:	4622      	mov	r2, r4
10001b10:	4630      	mov	r0, r6
10001b12:	4b1c      	ldr	r3, [pc, #112]	@ (10001b84 <runtime_init_clocks+0xd0>)
10001b14:	f7ff fddc 	bl	100016d0 <clock_configure_undivided>
10001b18:	4622      	mov	r2, r4
10001b1a:	2008      	movs	r0, #8
10001b1c:	4621      	mov	r1, r4
10001b1e:	4b1a      	ldr	r3, [pc, #104]	@ (10001b88 <runtime_init_clocks+0xd4>)
10001b20:	f7ff fdd6 	bl	100016d0 <clock_configure_undivided>
10001b24:	4622      	mov	r2, r4
10001b26:	2009      	movs	r0, #9
10001b28:	4621      	mov	r1, r4
10001b2a:	4b17      	ldr	r3, [pc, #92]	@ (10001b88 <runtime_init_clocks+0xd4>)
10001b2c:	f7ff fdd0 	bl	100016d0 <clock_configure_undivided>
10001b30:	4622      	mov	r2, r4
10001b32:	2006      	movs	r0, #6
10001b34:	4621      	mov	r1, r4
10001b36:	4b13      	ldr	r3, [pc, #76]	@ (10001b84 <runtime_init_clocks+0xd0>)
10001b38:	f7ff fdca 	bl	100016d0 <clock_configure_undivided>
10001b3c:	4b11      	ldr	r3, [pc, #68]	@ (10001b84 <runtime_init_clocks+0xd0>)
10001b3e:	4622      	mov	r2, r4
10001b40:	2007      	movs	r0, #7
10001b42:	4621      	mov	r1, r4
10001b44:	f7ff fdc4 	bl	100016d0 <clock_configure_undivided>
10001b48:	2004      	movs	r0, #4
10001b4a:	f7ff fe29 	bl	100017a0 <clock_get_hz>
10001b4e:	4b0f      	ldr	r3, [pc, #60]	@ (10001b8c <runtime_init_clocks+0xd8>)
10001b50:	fba3 3500 	umull	r3, r5, r3, r0
10001b54:	0cad      	lsrs	r5, r5, #18
10001b56:	b2e0      	uxtb	r0, r4
10001b58:	4629      	mov	r1, r5
10001b5a:	3401      	adds	r4, #1
10001b5c:	f7ff feb8 	bl	100018d0 <tick_start>
10001b60:	2c06      	cmp	r4, #6
10001b62:	d1f8      	bne.n	10001b56 <runtime_init_clocks+0xa2>
10001b64:	b003      	add	sp, #12
10001b66:	bdf0      	pop	{r4, r5, r6, r7, pc}
10001b68:	40010000 	.word	0x40010000
10001b6c:	40013000 	.word	0x40013000
10001b70:	59682f00 	.word	0x59682f00
10001b74:	40050000 	.word	0x40050000
10001b78:	47868c00 	.word	0x47868c00
10001b7c:	40058000 	.word	0x40058000
10001b80:	00b71b00 	.word	0x00b71b00
10001b84:	08f0d180 	.word	0x08f0d180
10001b88:	02dc6c00 	.word	0x02dc6c00
10001b8c:	431bde83 	.word	0x431bde83

10001b90 <generic_save_state>:
10001b90:	b086      	sub	sp, #24
10001b92:	b403      	push	{r0, r1}
10001b94:	fc51 0408 	dcp_pxmd r0, r1
10001b98:	e9cd 0102 	strd	r0, r1, [sp, #8]
10001b9c:	fc51 0409 	dcp_pymd r0, r1
10001ba0:	e9cd 0104 	strd	r0, r1, [sp, #16]
10001ba4:	ec51 040a 	dcp_refd r0, r1
10001ba8:	e9cd 0106 	strd	r0, r1, [sp, #24]
10001bac:	bc03      	pop	{r0, r1}
10001bae:	47f0      	blx	lr

10001bb0 <generic_restore_state>:
10001bb0:	e8bd 5000 	ldmia.w	sp!, {ip, lr}
10001bb4:	ec4e c400 	dcp_wxmd ip, lr
10001bb8:	e8bd 5000 	ldmia.w	sp!, {ip, lr}
10001bbc:	ec4e c401 	dcp_wymd ip, lr
10001bc0:	e8bd 5000 	ldmia.w	sp!, {ip, lr}
10001bc4:	ec4e c402 	dcp_wefd ip, lr
10001bc8:	bd00      	pop	{pc}
10001bca:	0000      	movs	r0, r0
10001bcc:	b500      	push	{lr}
10001bce:	f7ff ffdf 	bl	10001b90 <generic_save_state>
10001bd2:	e002      	b.n	10001bda <__wrap___aeabi_dadd+0x6>

10001bd4 <__wrap___aeabi_dadd>:
10001bd4:	fe10 f430 	dcp_pcmp APSR_nzcv
10001bd8:	d4f8      	bmi.n	10001bcc <generic_restore_state+0x1c>
10001bda:	ec41 0410 	dcp_wxup r0, r1
10001bde:	ec43 2411 	dcp_wyup r2, r3
10001be2:	ee00 0401 	dcp_add0
10001be6:	ee10 0401 	dcp_add1
10001bea:	ee80 0420 	dcp_nrdd
10001bee:	ec51 0410 	dcp_rdda r0, r1
10001bf2:	4770      	bx	lr
10001bf4:	b500      	push	{lr}
10001bf6:	f7ff ffcb 	bl	10001b90 <generic_save_state>
10001bfa:	e002      	b.n	10001c02 <__wrap___aeabi_dsub+0x6>

10001bfc <__wrap___aeabi_dsub>:
10001bfc:	fe10 f430 	dcp_pcmp APSR_nzcv
10001c00:	d4f8      	bmi.n	10001bf4 <__wrap___aeabi_dadd+0x20>
10001c02:	ec41 0410 	dcp_wxup r0, r1
10001c06:	ec43 2411 	dcp_wyup r2, r3
10001c0a:	ee00 0401 	dcp_add0
10001c0e:	ee10 0421 	dcp_sub1
10001c12:	ee80 0420 	dcp_nrdd
10001c16:	ec51 0430 	dcp_rdds r0, r1
10001c1a:	4770      	bx	lr
10001c1c:	b500      	push	{lr}
10001c1e:	f7ff ffb7 	bl	10001b90 <generic_save_state>
10001c22:	e002      	b.n	10001c2a <__wrap___aeabi_dmul+0x6>

10001c24 <__wrap___aeabi_dmul>:
10001c24:	fe10 f430 	dcp_pcmp APSR_nzcv
10001c28:	d4f8      	bmi.n	10001c1c <__wrap___aeabi_dsub+0x20>
10001c2a:	b510      	push	{r4, lr}
10001c2c:	ec41 0410 	dcp_wxup r0, r1
10001c30:	ec43 2411 	dcp_wyup r2, r3
10001c34:	ec51 0404 	dcp_rxms r0, r1, #0x0
10001c38:	ec53 2405 	dcp_ryms r2, r3, #0x0
10001c3c:	fba0 4c02 	umull	r4, ip, r0, r2
10001c40:	f05f 0e00 	movs.w	lr, #0
10001c44:	fbe0 ce03 	umlal	ip, lr, r0, r3
10001c48:	fbe1 ce02 	umlal	ip, lr, r1, r2
10001c4c:	ec4c 4420 	dcp_wxms r4, ip
10001c50:	2400      	movs	r4, #0
10001c52:	fbe1 e403 	umlal	lr, r4, r1, r3
10001c56:	ec44 e430 	dcp_wxmo lr, r4
10001c5a:	ee80 0420 	dcp_nrdd
10001c5e:	ec51 0450 	dcp_rddm r0, r1
10001c62:	e8bd 4010 	ldmia.w	sp!, {r4, lr}
10001c66:	4770      	bx	lr
10001c68:	b500      	push	{lr}
10001c6a:	f7ff ff91 	bl	10001b90 <generic_save_state>
10001c6e:	e002      	b.n	10001c76 <__wrap___aeabi_ddiv+0x6>

10001c70 <__wrap___aeabi_ddiv>:
10001c70:	fe10 f430 	dcp_pcmp APSR_nzcv
10001c74:	d4f8      	bmi.n	10001c68 <__wrap___aeabi_dmul+0x44>
10001c76:	ec41 0410 	dcp_wxup r0, r1
10001c7a:	ec43 2411 	dcp_wyup r2, r3
10001c7e:	ec51 0421 	dcp_rymr r0, r1
10001c82:	fba0 1201 	umull	r1, r2, r0, r1
10001c86:	ea6f 0282 	mvn.w	r2, r2, lsl #2
10001c8a:	fb52 0010 	smmlar	r0, r2, r0, r0
10001c8e:	fb52 f212 	smmulr	r2, r2, r2
10001c92:	fb52 0010 	smmlar	r0, r2, r0, r0
10001c96:	eba0 7cd0 	sub.w	ip, r0, r0, lsr #31
10001c9a:	ec53 2404 	dcp_rxms r2, r3, #0x0
10001c9e:	fb5c f113 	smmulr	r1, ip, r3
10001ca2:	ec53 2415 	dcp_ryms r2, r3, #0x1
10001ca6:	fba1 2002 	umull	r2, r0, r1, r2
10001caa:	fb01 0003 	mla	r0, r1, r3, r0
10001cae:	ec53 2444 	dcp_rxms r2, r3, #0x4
10001cb2:	eba2 0000 	sub.w	r0, r2, r0
10001cb6:	fb50 f21c 	smmulr	r2, r0, ip
10001cba:	ea4f 1311 	mov.w	r3, r1, lsr #4
10001cbe:	eb12 7001 	adds.w	r0, r2, r1, lsl #28
10001cc2:	eb43 71e2 	adc.w	r1, r3, r2, asr #31
10001cc6:	ea40 5051 	orr.w	r0, r0, r1, lsr #21
10001cca:	ea20 5091 	bic.w	r0, r0, r1, lsr #22
10001cce:	f020 0007 	bic.w	r0, r0, #7
10001cd2:	ec53 2475 	dcp_ryms r2, r3, #0x7
10001cd6:	fba0 3c02 	umull	r3, ip, r0, r2
10001cda:	ec53 2475 	dcp_ryms r2, r3, #0x7
10001cde:	fb00 cc03 	mla	ip, r0, r3, ip
10001ce2:	fb01 cc02 	mla	ip, r1, r2, ip
10001ce6:	ec53 2404 	dcp_rxms r2, r3, #0x0
10001cea:	ebac 4c82 	sub.w	ip, ip, r2, lsl #18
10001cee:	ea40 705c 	orr.w	r0, r0, ip, lsr #29
10001cf2:	f1a0 0001 	sub.w	r0, r0, #1
10001cf6:	ec41 0440 	dcp_wxdd r0, r1
10001cfa:	ee80 0420 	dcp_nrdd
10001cfe:	ec51 0470 	dcp_rddd r0, r1
10001d02:	4770      	bx	lr
10001d04:	b500      	push	{lr}
10001d06:	f7ff ff43 	bl	10001b90 <generic_save_state>
10001d0a:	e002      	b.n	10001d12 <__wrap___aeabi_i2d+0x6>

10001d0c <__wrap___aeabi_i2d>:
10001d0c:	fe10 f430 	dcp_pcmp APSR_nzcv
10001d10:	d4f8      	bmi.n	10001d04 <__wrap___aeabi_ddiv+0x94>
10001d12:	ec40 0470 	dcp_wxic r0, r0
10001d16:	ee00 0401 	dcp_add0
10001d1a:	ee10 0421 	dcp_sub1
10001d1e:	ee80 0420 	dcp_nrdd
10001d22:	ec51 0430 	dcp_rdds r0, r1
10001d26:	4770      	bx	lr
10001d28:	b500      	push	{lr}
10001d2a:	f7ff ff31 	bl	10001b90 <generic_save_state>
10001d2e:	e002      	b.n	10001d36 <__wrap___aeabi_ui2d+0x6>

10001d30 <__wrap___aeabi_ui2d>:
10001d30:	fe10 f430 	dcp_pcmp APSR_nzcv
10001d34:	d4f8      	bmi.n	10001d28 <__wrap___aeabi_i2d+0x1c>
10001d36:	ec40 0460 	dcp_wxuc r0, r0
10001d3a:	ee00 0401 	dcp_add0
10001d3e:	ee10 0421 	dcp_sub1
10001d42:	ee80 0420 	dcp_nrdd
10001d46:	ec51 0430 	dcp_rdds r0, r1
10001d4a:	4770      	bx	lr
10001d4c:	b500      	push	{lr}
10001d4e:	f7ff ff1f 	bl	10001b90 <generic_save_state>
10001d52:	e002      	b.n	10001d5a <__wrap___aeabi_d2iz+0x6>

10001d54 <__wrap___aeabi_d2iz>:
10001d54:	fe10 f430 	dcp_pcmp APSR_nzcv
10001d58:	d4f8      	bmi.n	10001d4c <__wrap___aeabi_ui2d+0x1c>
10001d5a:	ec41 0480 	dcp_wxdc r0, r1
10001d5e:	ee00 0401 	dcp_add0
10001d62:	ee10 0401 	dcp_add1
10001d66:	ee80 0440 	dcp_ntdc
10001d6a:	ee10 0413 	dcp_rdic r0
10001d6e:	4770      	bx	lr
10001d70:	b500      	push	{lr}
10001d72:	f7ff ff0d 	bl	10001b90 <generic_save_state>
10001d76:	e002      	b.n	10001d7e <__wrap___aeabi_d2uiz+0x6>

10001d78 <__wrap___aeabi_d2uiz>:
10001d78:	fe10 f430 	dcp_pcmp APSR_nzcv
10001d7c:	d4f8      	bmi.n	10001d70 <__wrap___aeabi_d2iz+0x1c>
10001d7e:	ec41 0480 	dcp_wxdc r0, r1
10001d82:	ee00 0401 	dcp_add0
10001d86:	ee10 0401 	dcp_add1
10001d8a:	ee80 0440 	dcp_ntdc
10001d8e:	ee10 0433 	dcp_rduc r0
10001d92:	4770      	bx	lr
10001d94:	b500      	push	{lr}
10001d96:	f7ff fefb 	bl	10001b90 <generic_save_state>
10001d9a:	e002      	b.n	10001da2 <__wrap___aeabi_dcmpun+0x6>

10001d9c <__wrap___aeabi_dcmpun>:
10001d9c:	fe10 f430 	dcp_pcmp APSR_nzcv
10001da0:	d4f8      	bmi.n	10001d94 <__wrap___aeabi_d2uiz+0x1c>
10001da2:	ec41 0410 	dcp_wxup r0, r1
10001da6:	ec43 2411 	dcp_wyup r2, r3
10001daa:	ee00 0401 	dcp_add0
10001dae:	ee10 0430 	dcp_rcmp r0
10001db2:	f3c0 7000 	ubfx	r0, r0, #28, #1
10001db6:	4770      	bx	lr
10001db8:	b500      	push	{lr}
10001dba:	f7ff fee9 	bl	10001b90 <generic_save_state>
10001dbe:	e002      	b.n	10001dc6 <__wrap___aeabi_dcmplt+0x6>

10001dc0 <__wrap___aeabi_dcmplt>:
10001dc0:	fe10 f430 	dcp_pcmp APSR_nzcv
10001dc4:	d4f8      	bmi.n	10001db8 <__wrap___aeabi_dcmpun+0x1c>
10001dc6:	ec43 2410 	dcp_wxup r2, r3
10001dca:	ec41 0411 	dcp_wyup r0, r1
10001dce:	ee00 0401 	dcp_add0
10001dd2:	ee10 f430 	dcp_rcmp APSR_nzcv
10001dd6:	bf8c      	ite	hi
10001dd8:	2001      	movhi	r0, #1
10001dda:	2000      	movls	r0, #0
10001ddc:	4770      	bx	lr
10001dde:	bf00      	nop
10001de0:	b500      	push	{lr}
10001de2:	f7ff fed5 	bl	10001b90 <generic_save_state>
10001de6:	e002      	b.n	10001dee <__wrap___aeabi_dcmpge+0x6>

10001de8 <__wrap___aeabi_dcmpge>:
10001de8:	fe10 f430 	dcp_pcmp APSR_nzcv
10001dec:	d4f8      	bmi.n	10001de0 <__wrap___aeabi_dcmplt+0x20>
10001dee:	ec41 0410 	dcp_wxup r0, r1
10001df2:	ec43 2411 	dcp_wyup r2, r3
10001df6:	ee00 0401 	dcp_add0
10001dfa:	ee10 f430 	dcp_rcmp APSR_nzcv
10001dfe:	bf2c      	ite	cs
10001e00:	2001      	movcs	r0, #1
10001e02:	2000      	movcc	r0, #0
10001e04:	4770      	bx	lr
10001e06:	bf00      	nop
10001e08:	b500      	push	{lr}
10001e0a:	f7ff fec1 	bl	10001b90 <generic_save_state>
10001e0e:	e002      	b.n	10001e16 <__wrap___aeabi_dcmpgt+0x6>

10001e10 <__wrap___aeabi_dcmpgt>:
10001e10:	fe10 f430 	dcp_pcmp APSR_nzcv
10001e14:	d4f8      	bmi.n	10001e08 <__wrap___aeabi_dcmpge+0x20>
10001e16:	ec41 0410 	dcp_wxup r0, r1
10001e1a:	ec43 2411 	dcp_wyup r2, r3
10001e1e:	ee00 0401 	dcp_add0
10001e22:	ee10 f430 	dcp_rcmp APSR_nzcv
10001e26:	bf8c      	ite	hi
10001e28:	2001      	movhi	r0, #1
10001e2a:	2000      	movls	r0, #0
10001e2c:	4770      	bx	lr
10001e2e:	bf00      	nop

10001e30 <__wrap_malloc>:
10001e30:	b510      	push	{r4, lr}
10001e32:	4604      	mov	r4, r0
10001e34:	f004 f9c6 	bl	100061c4 <malloc>
10001e38:	b128      	cbz	r0, 10001e46 <__wrap_malloc+0x16>
10001e3a:	4603      	mov	r3, r0
10001e3c:	4a03      	ldr	r2, [pc, #12]	@ (10001e4c <__wrap_malloc+0x1c>)
10001e3e:	4423      	add	r3, r4
10001e40:	4293      	cmp	r3, r2
10001e42:	d800      	bhi.n	10001e46 <__wrap_malloc+0x16>
10001e44:	bd10      	pop	{r4, pc}
10001e46:	4802      	ldr	r0, [pc, #8]	@ (10001e50 <__wrap_malloc+0x20>)
10001e48:	f7fe fcac 	bl	100007a4 <panic>
10001e4c:	20080000 	.word	0x20080000
10001e50:	100070e0 	.word	0x100070e0

10001e54 <__wrap_free>:
10001e54:	f004 b9be 	b.w	100061d4 <free>

10001e58 <_out_null>:
10001e58:	4770      	bx	lr
10001e5a:	bf00      	nop

10001e5c <_out_rev>:
10001e5c:	e92d 4ff0 	stmdb	sp!, {r4, r5, r6, r7, r8, r9, sl, fp, lr}
10001e60:	b083      	sub	sp, #12
10001e62:	4698      	mov	r8, r3
10001e64:	9b0f      	ldr	r3, [sp, #60]	@ 0x3c
10001e66:	460f      	mov	r7, r1
10001e68:	4611      	mov	r1, r2
10001e6a:	079a      	lsls	r2, r3, #30
10001e6c:	4606      	mov	r6, r0
10001e6e:	f8dd 9030 	ldr.w	r9, [sp, #48]	@ 0x30
10001e72:	f8dd b038 	ldr.w	fp, [sp, #56]	@ 0x38
10001e76:	d112      	bne.n	10001e9e <_out_rev+0x42>
10001e78:	9b0d      	ldr	r3, [sp, #52]	@ 0x34
10001e7a:	455b      	cmp	r3, fp
10001e7c:	d20f      	bcs.n	10001e9e <_out_rev+0x42>
10001e7e:	468a      	mov	sl, r1
10001e80:	460c      	mov	r4, r1
10001e82:	ebab 0503 	sub.w	r5, fp, r3
10001e86:	440d      	add	r5, r1
10001e88:	4652      	mov	r2, sl
10001e8a:	4643      	mov	r3, r8
10001e8c:	4639      	mov	r1, r7
10001e8e:	2020      	movs	r0, #32
10001e90:	f10a 0a01 	add.w	sl, sl, #1
10001e94:	47b0      	blx	r6
10001e96:	45aa      	cmp	sl, r5
10001e98:	d1f6      	bne.n	10001e88 <_out_rev+0x2c>
10001e9a:	4621      	mov	r1, r4
10001e9c:	e000      	b.n	10001ea0 <_out_rev+0x44>
10001e9e:	460d      	mov	r5, r1
10001ea0:	9b0d      	ldr	r3, [sp, #52]	@ 0x34
10001ea2:	b193      	cbz	r3, 10001eca <_out_rev+0x6e>
10001ea4:	eb09 0403 	add.w	r4, r9, r3
10001ea8:	eb04 0a05 	add.w	sl, r4, r5
10001eac:	9501      	str	r5, [sp, #4]
10001eae:	460d      	mov	r5, r1
10001eb0:	ebaa 0204 	sub.w	r2, sl, r4
10001eb4:	f814 0d01 	ldrb.w	r0, [r4, #-1]!
10001eb8:	4643      	mov	r3, r8
10001eba:	4639      	mov	r1, r7
10001ebc:	47b0      	blx	r6
10001ebe:	454c      	cmp	r4, r9
10001ec0:	d1f6      	bne.n	10001eb0 <_out_rev+0x54>
10001ec2:	4629      	mov	r1, r5
10001ec4:	9b0d      	ldr	r3, [sp, #52]	@ 0x34
10001ec6:	9d01      	ldr	r5, [sp, #4]
10001ec8:	441d      	add	r5, r3
10001eca:	9b0f      	ldr	r3, [sp, #60]	@ 0x3c
10001ecc:	079b      	lsls	r3, r3, #30
10001ece:	d50c      	bpl.n	10001eea <_out_rev+0x8e>
10001ed0:	1a6c      	subs	r4, r5, r1
10001ed2:	45a3      	cmp	fp, r4
10001ed4:	d909      	bls.n	10001eea <_out_rev+0x8e>
10001ed6:	462a      	mov	r2, r5
10001ed8:	4643      	mov	r3, r8
10001eda:	4639      	mov	r1, r7
10001edc:	2020      	movs	r0, #32
10001ede:	3401      	adds	r4, #1
10001ee0:	47b0      	blx	r6
10001ee2:	45a3      	cmp	fp, r4
10001ee4:	f105 0501 	add.w	r5, r5, #1
10001ee8:	d8f5      	bhi.n	10001ed6 <_out_rev+0x7a>
10001eea:	4628      	mov	r0, r5
10001eec:	b003      	add	sp, #12
10001eee:	e8bd 8ff0 	ldmia.w	sp!, {r4, r5, r6, r7, r8, r9, sl, fp, pc}
10001ef2:	bf00      	nop

10001ef4 <_ntoa_format>:
10001ef4:	e92d 4ff0 	stmdb	sp!, {r4, r5, r6, r7, r8, r9, sl, fp, lr}
10001ef8:	9f0f      	ldr	r7, [sp, #60]	@ 0x3c
10001efa:	f8dd e024 	ldr.w	lr, [sp, #36]	@ 0x24
10001efe:	f017 0f02 	tst.w	r7, #2
10001f02:	9c0a      	ldr	r4, [sp, #40]	@ 0x28
10001f04:	f89d 902c 	ldrb.w	r9, [sp, #44]	@ 0x2c
10001f08:	9d0e      	ldr	r5, [sp, #56]	@ 0x38
10001f0a:	e9dd 860c 	ldrd	r8, r6, [sp, #48]	@ 0x30
10001f0e:	d129      	bne.n	10001f64 <_ntoa_format+0x70>
10001f10:	2d00      	cmp	r5, #0
10001f12:	d166      	bne.n	10001fe2 <_ntoa_format+0xee>
10001f14:	42b4      	cmp	r4, r6
10001f16:	d225      	bcs.n	10001f64 <_ntoa_format+0x70>
10001f18:	2c20      	cmp	r4, #32
10001f1a:	f007 0b01 	and.w	fp, r7, #1
10001f1e:	f000 810a 	beq.w	10002136 <_ntoa_format+0x242>
10001f22:	f104 3cff 	add.w	ip, r4, #4294967295	@ 0xffffffff
10001f26:	f04f 0a30 	mov.w	sl, #48	@ 0x30
10001f2a:	44f4      	add	ip, lr
10001f2c:	e001      	b.n	10001f32 <_ntoa_format+0x3e>
10001f2e:	2c20      	cmp	r4, #32
10001f30:	d076      	beq.n	10002020 <_ntoa_format+0x12c>
10001f32:	3401      	adds	r4, #1
10001f34:	42a6      	cmp	r6, r4
10001f36:	f80c af01 	strb.w	sl, [ip, #1]!
10001f3a:	d8f8      	bhi.n	10001f2e <_ntoa_format+0x3a>
10001f3c:	f1bb 0f00 	cmp.w	fp, #0
10001f40:	d010      	beq.n	10001f64 <_ntoa_format+0x70>
10001f42:	42ac      	cmp	r4, r5
10001f44:	d20e      	bcs.n	10001f64 <_ntoa_format+0x70>
10001f46:	2c20      	cmp	r4, #32
10001f48:	d070      	beq.n	1000202c <_ntoa_format+0x138>
10001f4a:	f104 3cff 	add.w	ip, r4, #4294967295	@ 0xffffffff
10001f4e:	f04f 0a30 	mov.w	sl, #48	@ 0x30
10001f52:	44f4      	add	ip, lr
10001f54:	e001      	b.n	10001f5a <_ntoa_format+0x66>
10001f56:	2c20      	cmp	r4, #32
10001f58:	d022      	beq.n	10001fa0 <_ntoa_format+0xac>
10001f5a:	3401      	adds	r4, #1
10001f5c:	42ac      	cmp	r4, r5
10001f5e:	f80c af01 	strb.w	sl, [ip, #1]!
10001f62:	d1f8      	bne.n	10001f56 <_ntoa_format+0x62>
10001f64:	f017 0f10 	tst.w	r7, #16
10001f68:	d031      	beq.n	10001fce <_ntoa_format+0xda>
10001f6a:	f417 6f80 	tst.w	r7, #1024	@ 0x400
10001f6e:	d14c      	bne.n	1000200a <_ntoa_format+0x116>
10001f70:	b9dc      	cbnz	r4, 10001faa <_ntoa_format+0xb6>
10001f72:	f1b8 0f10 	cmp.w	r8, #16
10001f76:	f000 80b8 	beq.w	100020ea <_ntoa_format+0x1f6>
10001f7a:	f1b8 0f02 	cmp.w	r8, #2
10001f7e:	f000 80c2 	beq.w	10002106 <_ntoa_format+0x212>
10001f82:	2430      	movs	r4, #48	@ 0x30
10001f84:	f88e 4000 	strb.w	r4, [lr]
10001f88:	2401      	movs	r4, #1
10001f8a:	f1b9 0f00 	cmp.w	r9, #0
10001f8e:	d15a      	bne.n	10002046 <_ntoa_format+0x152>
10001f90:	077e      	lsls	r6, r7, #29
10001f92:	f140 8086 	bpl.w	100020a2 <_ntoa_format+0x1ae>
10001f96:	262b      	movs	r6, #43	@ 0x2b
10001f98:	f80e 6004 	strb.w	r6, [lr, r4]
10001f9c:	3401      	adds	r4, #1
10001f9e:	e018      	b.n	10001fd2 <_ntoa_format+0xde>
10001fa0:	06fc      	lsls	r4, r7, #27
10001fa2:	d573      	bpl.n	1000208c <_ntoa_format+0x198>
10001fa4:	057c      	lsls	r4, r7, #21
10001fa6:	d42f      	bmi.n	10002008 <_ntoa_format+0x114>
10001fa8:	2420      	movs	r4, #32
10001faa:	42a6      	cmp	r6, r4
10001fac:	d001      	beq.n	10001fb2 <_ntoa_format+0xbe>
10001fae:	42ac      	cmp	r4, r5
10001fb0:	d12b      	bne.n	1000200a <_ntoa_format+0x116>
10001fb2:	1e66      	subs	r6, r4, #1
10001fb4:	f000 8086 	beq.w	100020c4 <_ntoa_format+0x1d0>
10001fb8:	f1b8 0f10 	cmp.w	r8, #16
10001fbc:	f000 80c0 	beq.w	10002140 <_ntoa_format+0x24c>
10001fc0:	f1b8 0f02 	cmp.w	r8, #2
10001fc4:	d05b      	beq.n	1000207e <_ntoa_format+0x18a>
10001fc6:	f04f 0c30 	mov.w	ip, #48	@ 0x30
10001fca:	f80e c006 	strb.w	ip, [lr, r6]
10001fce:	2c20      	cmp	r4, #32
10001fd0:	d1db      	bne.n	10001f8a <_ntoa_format+0x96>
10001fd2:	e9cd 570b 	strd	r5, r7, [sp, #44]	@ 0x2c
10001fd6:	e9cd e409 	strd	lr, r4, [sp, #36]	@ 0x24
10001fda:	e8bd 4ff0 	ldmia.w	sp!, {r4, r5, r6, r7, r8, r9, sl, fp, lr}
10001fde:	f7ff bf3d 	b.w	10001e5c <_out_rev>
10001fe2:	f017 0b01 	ands.w	fp, r7, #1
10001fe6:	d03a      	beq.n	1000205e <_ntoa_format+0x16a>
10001fe8:	f1b9 0f00 	cmp.w	r9, #0
10001fec:	d14c      	bne.n	10002088 <_ntoa_format+0x194>
10001fee:	f017 0f0c 	tst.w	r7, #12
10001ff2:	d149      	bne.n	10002088 <_ntoa_format+0x194>
10001ff4:	42b4      	cmp	r4, r6
10001ff6:	d2a4      	bcs.n	10001f42 <_ntoa_format+0x4e>
10001ff8:	2c20      	cmp	r4, #32
10001ffa:	d192      	bne.n	10001f22 <_ntoa_format+0x2e>
10001ffc:	2d20      	cmp	r5, #32
10001ffe:	d815      	bhi.n	1000202c <_ntoa_format+0x138>
10002000:	f017 0f10 	tst.w	r7, #16
10002004:	d1b1      	bne.n	10001f6a <_ntoa_format+0x76>
10002006:	e7e4      	b.n	10001fd2 <_ntoa_format+0xde>
10002008:	2420      	movs	r4, #32
1000200a:	f1b8 0f10 	cmp.w	r8, #16
1000200e:	d03f      	beq.n	10002090 <_ntoa_format+0x19c>
10002010:	f1b8 0f02 	cmp.w	r8, #2
10002014:	d02f      	beq.n	10002076 <_ntoa_format+0x182>
10002016:	2c20      	cmp	r4, #32
10002018:	d0db      	beq.n	10001fd2 <_ntoa_format+0xde>
1000201a:	4626      	mov	r6, r4
1000201c:	3401      	adds	r4, #1
1000201e:	e7d2      	b.n	10001fc6 <_ntoa_format+0xd2>
10002020:	f1bb 0f00 	cmp.w	fp, #0
10002024:	f000 809d 	beq.w	10002162 <_ntoa_format+0x26e>
10002028:	2d20      	cmp	r5, #32
1000202a:	d9b9      	bls.n	10001fa0 <_ntoa_format+0xac>
1000202c:	06fc      	lsls	r4, r7, #27
1000202e:	d52d      	bpl.n	1000208c <_ntoa_format+0x198>
10002030:	057c      	lsls	r4, r7, #21
10002032:	d42b      	bmi.n	1000208c <_ntoa_format+0x198>
10002034:	2e20      	cmp	r6, #32
10002036:	f000 80a2 	beq.w	1000217e <_ntoa_format+0x28a>
1000203a:	2d20      	cmp	r5, #32
1000203c:	d1e4      	bne.n	10002008 <_ntoa_format+0x114>
1000203e:	2520      	movs	r5, #32
10002040:	261f      	movs	r6, #31
10002042:	462c      	mov	r4, r5
10002044:	e7b8      	b.n	10001fb8 <_ntoa_format+0xc4>
10002046:	262d      	movs	r6, #45	@ 0x2d
10002048:	f80e 6004 	strb.w	r6, [lr, r4]
1000204c:	3401      	adds	r4, #1
1000204e:	e9cd 570b 	strd	r5, r7, [sp, #44]	@ 0x2c
10002052:	e9cd e409 	strd	lr, r4, [sp, #36]	@ 0x24
10002056:	e8bd 4ff0 	ldmia.w	sp!, {r4, r5, r6, r7, r8, r9, sl, fp, lr}
1000205a:	f7ff beff 	b.w	10001e5c <_out_rev>
1000205e:	42b4      	cmp	r4, r6
10002060:	d280      	bcs.n	10001f64 <_ntoa_format+0x70>
10002062:	2c20      	cmp	r4, #32
10002064:	f47f af5d 	bne.w	10001f22 <_ntoa_format+0x2e>
10002068:	f017 0f10 	tst.w	r7, #16
1000206c:	d0b1      	beq.n	10001fd2 <_ntoa_format+0xde>
1000206e:	f417 6f80 	tst.w	r7, #1024	@ 0x400
10002072:	d1ca      	bne.n	1000200a <_ntoa_format+0x116>
10002074:	e799      	b.n	10001faa <_ntoa_format+0xb6>
10002076:	2c20      	cmp	r4, #32
10002078:	d0ab      	beq.n	10001fd2 <_ntoa_format+0xde>
1000207a:	4626      	mov	r6, r4
1000207c:	3401      	adds	r4, #1
1000207e:	f04f 0c62 	mov.w	ip, #98	@ 0x62
10002082:	f80e c006 	strb.w	ip, [lr, r6]
10002086:	e7c6      	b.n	10002016 <_ntoa_format+0x122>
10002088:	3d01      	subs	r5, #1
1000208a:	e7b3      	b.n	10001ff4 <_ntoa_format+0x100>
1000208c:	2420      	movs	r4, #32
1000208e:	e7a0      	b.n	10001fd2 <_ntoa_format+0xde>
10002090:	06be      	lsls	r6, r7, #26
10002092:	d40d      	bmi.n	100020b0 <_ntoa_format+0x1bc>
10002094:	2c20      	cmp	r4, #32
10002096:	d09c      	beq.n	10001fd2 <_ntoa_format+0xde>
10002098:	2678      	movs	r6, #120	@ 0x78
1000209a:	f80e 6004 	strb.w	r6, [lr, r4]
1000209e:	3401      	adds	r4, #1
100020a0:	e7b9      	b.n	10002016 <_ntoa_format+0x122>
100020a2:	073e      	lsls	r6, r7, #28
100020a4:	d595      	bpl.n	10001fd2 <_ntoa_format+0xde>
100020a6:	2620      	movs	r6, #32
100020a8:	f80e 6004 	strb.w	r6, [lr, r4]
100020ac:	3401      	adds	r4, #1
100020ae:	e790      	b.n	10001fd2 <_ntoa_format+0xde>
100020b0:	2c20      	cmp	r4, #32
100020b2:	d08e      	beq.n	10001fd2 <_ntoa_format+0xde>
100020b4:	f04f 0c58 	mov.w	ip, #88	@ 0x58
100020b8:	eb0e 0604 	add.w	r6, lr, r4
100020bc:	f886 c000 	strb.w	ip, [r6]
100020c0:	3401      	adds	r4, #1
100020c2:	e7a8      	b.n	10002016 <_ntoa_format+0x122>
100020c4:	f1b8 0f10 	cmp.w	r8, #16
100020c8:	d043      	beq.n	10002152 <_ntoa_format+0x25e>
100020ca:	f1b8 0f02 	cmp.w	r8, #2
100020ce:	f47f af58 	bne.w	10001f82 <_ntoa_format+0x8e>
100020d2:	2462      	movs	r4, #98	@ 0x62
100020d4:	f88e 4000 	strb.w	r4, [lr]
100020d8:	2430      	movs	r4, #48	@ 0x30
100020da:	f88e 4001 	strb.w	r4, [lr, #1]
100020de:	2402      	movs	r4, #2
100020e0:	f1b9 0f00 	cmp.w	r9, #0
100020e4:	f43f af54 	beq.w	10001f90 <_ntoa_format+0x9c>
100020e8:	e7ad      	b.n	10002046 <_ntoa_format+0x152>
100020ea:	06be      	lsls	r6, r7, #26
100020ec:	d517      	bpl.n	1000211e <_ntoa_format+0x22a>
100020ee:	2458      	movs	r4, #88	@ 0x58
100020f0:	f88e 4000 	strb.w	r4, [lr]
100020f4:	2430      	movs	r4, #48	@ 0x30
100020f6:	f88e 4001 	strb.w	r4, [lr, #1]
100020fa:	2402      	movs	r4, #2
100020fc:	f1b9 0f00 	cmp.w	r9, #0
10002100:	f43f af46 	beq.w	10001f90 <_ntoa_format+0x9c>
10002104:	e79f      	b.n	10002046 <_ntoa_format+0x152>
10002106:	2662      	movs	r6, #98	@ 0x62
10002108:	f88e 6000 	strb.w	r6, [lr]
1000210c:	2630      	movs	r6, #48	@ 0x30
1000210e:	4644      	mov	r4, r8
10002110:	f88e 6001 	strb.w	r6, [lr, #1]
10002114:	f1b9 0f00 	cmp.w	r9, #0
10002118:	f43f af3a 	beq.w	10001f90 <_ntoa_format+0x9c>
1000211c:	e793      	b.n	10002046 <_ntoa_format+0x152>
1000211e:	2478      	movs	r4, #120	@ 0x78
10002120:	f88e 4000 	strb.w	r4, [lr]
10002124:	2430      	movs	r4, #48	@ 0x30
10002126:	f88e 4001 	strb.w	r4, [lr, #1]
1000212a:	2402      	movs	r4, #2
1000212c:	f1b9 0f00 	cmp.w	r9, #0
10002130:	f43f af2e 	beq.w	10001f90 <_ntoa_format+0x9c>
10002134:	e787      	b.n	10002046 <_ntoa_format+0x152>
10002136:	f1bb 0f00 	cmp.w	fp, #0
1000213a:	f47f af61 	bne.w	10002000 <_ntoa_format+0x10c>
1000213e:	e793      	b.n	10002068 <_ntoa_format+0x174>
10002140:	f1a4 0c02 	sub.w	ip, r4, #2
10002144:	4634      	mov	r4, r6
10002146:	06be      	lsls	r6, r7, #26
10002148:	d407      	bmi.n	1000215a <_ntoa_format+0x266>
1000214a:	2678      	movs	r6, #120	@ 0x78
1000214c:	f80e 600c 	strb.w	r6, [lr, ip]
10002150:	e763      	b.n	1000201a <_ntoa_format+0x126>
10002152:	06bc      	lsls	r4, r7, #26
10002154:	d4cb      	bmi.n	100020ee <_ntoa_format+0x1fa>
10002156:	2478      	movs	r4, #120	@ 0x78
10002158:	e7bc      	b.n	100020d4 <_ntoa_format+0x1e0>
1000215a:	2658      	movs	r6, #88	@ 0x58
1000215c:	f80e 600c 	strb.w	r6, [lr, ip]
10002160:	e75b      	b.n	1000201a <_ntoa_format+0x126>
10002162:	f017 0f10 	tst.w	r7, #16
10002166:	f43f af34 	beq.w	10001fd2 <_ntoa_format+0xde>
1000216a:	f417 6f80 	tst.w	r7, #1024	@ 0x400
1000216e:	f47f af30 	bne.w	10001fd2 <_ntoa_format+0xde>
10002172:	2e20      	cmp	r6, #32
10002174:	d006      	beq.n	10002184 <_ntoa_format+0x290>
10002176:	2d20      	cmp	r5, #32
10002178:	f47f af47 	bne.w	1000200a <_ntoa_format+0x116>
1000217c:	e75f      	b.n	1000203e <_ntoa_format+0x14a>
1000217e:	4634      	mov	r4, r6
10002180:	261f      	movs	r6, #31
10002182:	e719      	b.n	10001fb8 <_ntoa_format+0xc4>
10002184:	261f      	movs	r6, #31
10002186:	e717      	b.n	10001fb8 <_ntoa_format+0xc4>

10002188 <_out_char>:
10002188:	b900      	cbnz	r0, 1000218c <_out_char+0x4>
1000218a:	4770      	bx	lr
1000218c:	f001 bae0 	b.w	10003750 <__wrap_putchar>

10002190 <_out_fct>:
10002190:	b110      	cbz	r0, 10002198 <_out_fct+0x8>
10002192:	e9d1 3100 	ldrd	r3, r1, [r1]
10002196:	4718      	bx	r3
10002198:	4770      	bx	lr
1000219a:	bf00      	nop
1000219c:	0000      	movs	r0, r0
	...

100021a0 <_etoa>:
100021a0:	e92d 4ff0 	stmdb	sp!, {r4, r5, r6, r7, r8, r9, sl, fp, lr}
100021a4:	b09d      	sub	sp, #116	@ 0x74
100021a6:	ed9d 7b26 	vldr	d7, [sp, #152]	@ 0x98
100021aa:	e9dd a528 	ldrd	sl, r5, [sp, #160]	@ 0xa0
100021ae:	ec58 7b17 	vmov	r7, r8, d7
100021b2:	e9cd 120c 	strd	r1, r2, [sp, #48]	@ 0x30
100021b6:	4683      	mov	fp, r0
100021b8:	461e      	mov	r6, r3
100021ba:	463a      	mov	r2, r7
100021bc:	4643      	mov	r3, r8
100021be:	4638      	mov	r0, r7
100021c0:	4641      	mov	r1, r8
100021c2:	ed8d 7b08 	vstr	d7, [sp, #32]
100021c6:	9c2a      	ldr	r4, [sp, #168]	@ 0xa8
100021c8:	f7ff fde8 	bl	10001d9c <__wrap___aeabi_dcmpun>
100021cc:	2800      	cmp	r0, #0
100021ce:	f040 80d5 	bne.w	1000237c <_etoa+0x1dc>
100021d2:	4638      	mov	r0, r7
100021d4:	4641      	mov	r1, r8
100021d6:	f04f 32ff 	mov.w	r2, #4294967295	@ 0xffffffff
100021da:	4b73      	ldr	r3, [pc, #460]	@ (100023a8 <_etoa+0x208>)
100021dc:	f7ff fe18 	bl	10001e10 <__wrap___aeabi_dcmpgt>
100021e0:	2800      	cmp	r0, #0
100021e2:	f040 80cb 	bne.w	1000237c <_etoa+0x1dc>
100021e6:	4638      	mov	r0, r7
100021e8:	4641      	mov	r1, r8
100021ea:	f04f 32ff 	mov.w	r2, #4294967295	@ 0xffffffff
100021ee:	f46f 1380 	mvn.w	r3, #1048576	@ 0x100000
100021f2:	f7ff fde5 	bl	10001dc0 <__wrap___aeabi_dcmplt>
100021f6:	2800      	cmp	r0, #0
100021f8:	f040 80c0 	bne.w	1000237c <_etoa+0x1dc>
100021fc:	e9dd 7808 	ldrd	r7, r8, [sp, #32]
10002200:	2200      	movs	r2, #0
10002202:	4638      	mov	r0, r7
10002204:	4641      	mov	r1, r8
10002206:	2300      	movs	r3, #0
10002208:	f7ff fdda 	bl	10001dc0 <__wrap___aeabi_dcmplt>
1000220c:	2800      	cmp	r0, #0
1000220e:	f040 81bb 	bne.w	10002588 <_etoa+0x3e8>
10002212:	e9cd 780a 	strd	r7, r8, [sp, #40]	@ 0x28
10002216:	e9dd 230a 	ldrd	r2, r3, [sp, #40]	@ 0x28
1000221a:	461f      	mov	r7, r3
1000221c:	4690      	mov	r8, r2
1000221e:	f414 6380 	ands.w	r3, r4, #1024	@ 0x400
10002222:	bf08      	it	eq
10002224:	f04f 0a06 	moveq.w	sl, #6
10002228:	9311      	str	r3, [sp, #68]	@ 0x44
1000222a:	ea58 0307 	orrs.w	r3, r8, r7
1000222e:	f040 80bf 	bne.w	100023b0 <_etoa+0x210>
10002232:	f414 6300 	ands.w	r3, r4, #2048	@ 0x800
10002236:	f000 819f 	beq.w	10002578 <_etoa+0x3d8>
1000223a:	ed9f 7b59 	vldr	d7, [pc, #356]	@ 100023a0 <_etoa+0x200>
1000223e:	2700      	movs	r7, #0
10002240:	ed8d 7b0e 	vstr	d7, [sp, #56]	@ 0x38
10002244:	f04f 0800 	mov.w	r8, #0
10002248:	45ba      	cmp	sl, r7
1000224a:	bfcc      	ite	gt
1000224c:	ebaa 0a07 	subgt.w	sl, sl, r7
10002250:	f04f 0a00 	movle.w	sl, #0
10002254:	4647      	mov	r7, r8
10002256:	bfc8      	it	gt
10002258:	f10a 3aff 	addgt.w	sl, sl, #4294967295	@ 0xffffffff
1000225c:	f444 6480 	orr.w	r4, r4, #1024	@ 0x400
10002260:	4545      	cmp	r5, r8
10002262:	bf94      	ite	ls
10002264:	f04f 0900 	movls.w	r9, #0
10002268:	eba5 0908 	subhi.w	r9, r5, r8
1000226c:	f014 0302 	ands.w	r3, r4, #2
10002270:	9310      	str	r3, [sp, #64]	@ 0x40
10002272:	d004      	beq.n	1000227e <_etoa+0xde>
10002274:	f1b8 0f00 	cmp.w	r8, #0
10002278:	bf18      	it	ne
1000227a:	f04f 0900 	movne.w	r9, #0
1000227e:	b13f      	cbz	r7, 10002290 <_etoa+0xf0>
10002280:	e9dd 010a 	ldrd	r0, r1, [sp, #40]	@ 0x28
10002284:	e9dd 230e 	ldrd	r2, r3, [sp, #56]	@ 0x38
10002288:	f7ff fcf2 	bl	10001c70 <__wrap___aeabi_ddiv>
1000228c:	e9cd 010a 	strd	r0, r1, [sp, #40]	@ 0x28
10002290:	e9dd 0108 	ldrd	r0, r1, [sp, #32]
10002294:	2200      	movs	r2, #0
10002296:	2300      	movs	r3, #0
10002298:	f7ff fd92 	bl	10001dc0 <__wrap___aeabi_dcmplt>
1000229c:	b130      	cbz	r0, 100022ac <_etoa+0x10c>
1000229e:	e9dd 010a 	ldrd	r0, r1, [sp, #40]	@ 0x28
100022a2:	4602      	mov	r2, r0
100022a4:	f101 4300 	add.w	r3, r1, #2147483648	@ 0x80000000
100022a8:	e9cd 230a 	strd	r2, r3, [sp, #40]	@ 0x28
100022ac:	ed9d 7b0a 	vldr	d7, [sp, #40]	@ 0x28
100022b0:	f424 6300 	bic.w	r3, r4, #2048	@ 0x800
100022b4:	e9cd a902 	strd	sl, r9, [sp, #8]
100022b8:	e9dd a20c 	ldrd	sl, r2, [sp, #48]	@ 0x30
100022bc:	9304      	str	r3, [sp, #16]
100022be:	ed8d 7b00 	vstr	d7, [sp]
100022c2:	4633      	mov	r3, r6
100022c4:	4651      	mov	r1, sl
100022c6:	4658      	mov	r0, fp
100022c8:	f000 f996 	bl	100025f8 <_ftoa>
100022cc:	4681      	mov	r9, r0
100022ce:	f1b8 0f00 	cmp.w	r8, #0
100022d2:	d04f      	beq.n	10002374 <_etoa+0x1d4>
100022d4:	f014 0f20 	tst.w	r4, #32
100022d8:	464a      	mov	r2, r9
100022da:	bf0c      	ite	eq
100022dc:	2065      	moveq	r0, #101	@ 0x65
100022de:	2045      	movne	r0, #69	@ 0x45
100022e0:	4633      	mov	r3, r6
100022e2:	4651      	mov	r1, sl
100022e4:	47d8      	blx	fp
100022e6:	f109 0401 	add.w	r4, r9, #1
100022ea:	ea87 7ce7 	eor.w	ip, r7, r7, asr #31
100022ee:	f10d 0950 	add.w	r9, sp, #80	@ 0x50
100022f2:	f108 30ff 	add.w	r0, r8, #4294967295	@ 0xffffffff
100022f6:	464b      	mov	r3, r9
100022f8:	2200      	movs	r2, #0
100022fa:	f8df 80b0 	ldr.w	r8, [pc, #176]	@ 100023ac <_etoa+0x20c>
100022fe:	ebac 7ce7 	sub.w	ip, ip, r7, asr #31
10002302:	ea4f 7ed7 	mov.w	lr, r7, lsr #31
10002306:	e001      	b.n	1000230c <_etoa+0x16c>
10002308:	2a20      	cmp	r2, #32
1000230a:	d010      	beq.n	1000232e <_etoa+0x18e>
1000230c:	46e2      	mov	sl, ip
1000230e:	fba8 710c 	umull	r7, r1, r8, ip
10002312:	08c9      	lsrs	r1, r1, #3
10002314:	eb01 0781 	add.w	r7, r1, r1, lsl #2
10002318:	ebac 0747 	sub.w	r7, ip, r7, lsl #1
1000231c:	3730      	adds	r7, #48	@ 0x30
1000231e:	f1ba 0f09 	cmp.w	sl, #9
10002322:	468c      	mov	ip, r1
10002324:	f102 0201 	add.w	r2, r2, #1
10002328:	f803 7b01 	strb.w	r7, [r3], #1
1000232c:	d8ec      	bhi.n	10002308 <_etoa+0x168>
1000232e:	2305      	movs	r3, #5
10002330:	9005      	str	r0, [sp, #20]
10002332:	9306      	str	r3, [sp, #24]
10002334:	2000      	movs	r0, #0
10002336:	230a      	movs	r3, #10
10002338:	9f0c      	ldr	r7, [sp, #48]	@ 0x30
1000233a:	e9cd 3003 	strd	r3, r0, [sp, #12]
1000233e:	e9cd 2e01 	strd	r2, lr, [sp, #4]
10002342:	4633      	mov	r3, r6
10002344:	f8cd 9000 	str.w	r9, [sp]
10002348:	4622      	mov	r2, r4
1000234a:	4639      	mov	r1, r7
1000234c:	4658      	mov	r0, fp
1000234e:	f7ff fdd1 	bl	10001ef4 <_ntoa_format>
10002352:	9b10      	ldr	r3, [sp, #64]	@ 0x40
10002354:	4681      	mov	r9, r0
10002356:	b16b      	cbz	r3, 10002374 <_etoa+0x1d4>
10002358:	9b0d      	ldr	r3, [sp, #52]	@ 0x34
1000235a:	1ac4      	subs	r4, r0, r3
1000235c:	42a5      	cmp	r5, r4
1000235e:	d909      	bls.n	10002374 <_etoa+0x1d4>
10002360:	464a      	mov	r2, r9
10002362:	4633      	mov	r3, r6
10002364:	4639      	mov	r1, r7
10002366:	2020      	movs	r0, #32
10002368:	3401      	adds	r4, #1
1000236a:	47d8      	blx	fp
1000236c:	42a5      	cmp	r5, r4
1000236e:	f109 0901 	add.w	r9, r9, #1
10002372:	d8f5      	bhi.n	10002360 <_etoa+0x1c0>
10002374:	4648      	mov	r0, r9
10002376:	b01d      	add	sp, #116	@ 0x74
10002378:	e8bd 8ff0 	ldmia.w	sp!, {r4, r5, r6, r7, r8, r9, sl, fp, pc}
1000237c:	ed9d 7b08 	vldr	d7, [sp, #32]
10002380:	e9dd 120c 	ldrd	r1, r2, [sp, #48]	@ 0x30
10002384:	4633      	mov	r3, r6
10002386:	4658      	mov	r0, fp
10002388:	ed8d 7b26 	vstr	d7, [sp, #152]	@ 0x98
1000238c:	e9cd 5429 	strd	r5, r4, [sp, #164]	@ 0xa4
10002390:	f8cd a0a0 	str.w	sl, [sp, #160]	@ 0xa0
10002394:	b01d      	add	sp, #116	@ 0x74
10002396:	e8bd 4ff0 	ldmia.w	sp!, {r4, r5, r6, r7, r8, r9, sl, fp, lr}
1000239a:	f000 b92d 	b.w	100025f8 <_ftoa>
1000239e:	bf00      	nop
	...
100023a8:	7fefffff 	.word	0x7fefffff
100023ac:	cccccccd 	.word	0xcccccccd
100023b0:	f3c7 500a 	ubfx	r0, r7, #20, #11
100023b4:	f2a0 30ff 	subw	r0, r0, #1023	@ 0x3ff
100023b8:	f7ff fca8 	bl	10001d0c <__wrap___aeabi_i2d>
100023bc:	a38a      	add	r3, pc, #552	@ (adr r3, 100025e8 <_etoa+0x448>)
100023be:	e9d3 2300 	ldrd	r2, r3, [r3]
100023c2:	f7ff fc2f 	bl	10001c24 <__wrap___aeabi_dmul>
100023c6:	a38a      	add	r3, pc, #552	@ (adr r3, 100025f0 <_etoa+0x450>)
100023c8:	e9d3 2300 	ldrd	r2, r3, [r3]
100023cc:	f7ff fc02 	bl	10001bd4 <__wrap___aeabi_dadd>
100023d0:	f3c7 0713 	ubfx	r7, r7, #0, #20
100023d4:	e9cd 010e 	strd	r0, r1, [sp, #56]	@ 0x38
100023d8:	f047 517f 	orr.w	r1, r7, #1069547520	@ 0x3fc00000
100023dc:	4640      	mov	r0, r8
100023de:	2200      	movs	r2, #0
100023e0:	4b7b      	ldr	r3, [pc, #492]	@ (100025d0 <_etoa+0x430>)
100023e2:	f441 1140 	orr.w	r1, r1, #3145728	@ 0x300000
100023e6:	f7ff fc09 	bl	10001bfc <__wrap___aeabi_dsub>
100023ea:	a36b      	add	r3, pc, #428	@ (adr r3, 10002598 <_etoa+0x3f8>)
100023ec:	e9d3 2300 	ldrd	r2, r3, [r3]
100023f0:	f7ff fc18 	bl	10001c24 <__wrap___aeabi_dmul>
100023f4:	4602      	mov	r2, r0
100023f6:	460b      	mov	r3, r1
100023f8:	e9dd 010e 	ldrd	r0, r1, [sp, #56]	@ 0x38
100023fc:	f7ff fbea 	bl	10001bd4 <__wrap___aeabi_dadd>
10002400:	f7ff fca8 	bl	10001d54 <__wrap___aeabi_d2iz>
10002404:	4607      	mov	r7, r0
10002406:	f7ff fc81 	bl	10001d0c <__wrap___aeabi_i2d>
1000240a:	a365      	add	r3, pc, #404	@ (adr r3, 100025a0 <_etoa+0x400>)
1000240c:	e9d3 2300 	ldrd	r2, r3, [r3]
10002410:	4680      	mov	r8, r0
10002412:	4689      	mov	r9, r1
10002414:	f7ff fc06 	bl	10001c24 <__wrap___aeabi_dmul>
10002418:	2200      	movs	r2, #0
1000241a:	4b6e      	ldr	r3, [pc, #440]	@ (100025d4 <_etoa+0x434>)
1000241c:	f7ff fbda 	bl	10001bd4 <__wrap___aeabi_dadd>
10002420:	f7ff fc98 	bl	10001d54 <__wrap___aeabi_d2iz>
10002424:	4603      	mov	r3, r0
10002426:	4649      	mov	r1, r9
10002428:	4640      	mov	r0, r8
1000242a:	9310      	str	r3, [sp, #64]	@ 0x40
1000242c:	a35e      	add	r3, pc, #376	@ (adr r3, 100025a8 <_etoa+0x408>)
1000242e:	e9d3 2300 	ldrd	r2, r3, [r3]
10002432:	f7ff fbf7 	bl	10001c24 <__wrap___aeabi_dmul>
10002436:	4680      	mov	r8, r0
10002438:	9810      	ldr	r0, [sp, #64]	@ 0x40
1000243a:	4689      	mov	r9, r1
1000243c:	f7ff fc66 	bl	10001d0c <__wrap___aeabi_i2d>
10002440:	a35b      	add	r3, pc, #364	@ (adr r3, 100025b0 <_etoa+0x410>)
10002442:	e9d3 2300 	ldrd	r2, r3, [r3]
10002446:	f7ff fbed 	bl	10001c24 <__wrap___aeabi_dmul>
1000244a:	4602      	mov	r2, r0
1000244c:	460b      	mov	r3, r1
1000244e:	4640      	mov	r0, r8
10002450:	4649      	mov	r1, r9
10002452:	f7ff fbd3 	bl	10001bfc <__wrap___aeabi_dsub>
10002456:	4602      	mov	r2, r0
10002458:	460b      	mov	r3, r1
1000245a:	4680      	mov	r8, r0
1000245c:	4689      	mov	r9, r1
1000245e:	f7ff fbe1 	bl	10001c24 <__wrap___aeabi_dmul>
10002462:	4642      	mov	r2, r8
10002464:	464b      	mov	r3, r9
10002466:	e9cd 010e 	strd	r0, r1, [sp, #56]	@ 0x38
1000246a:	4640      	mov	r0, r8
1000246c:	4649      	mov	r1, r9
1000246e:	f7ff fbb1 	bl	10001bd4 <__wrap___aeabi_dadd>
10002472:	2200      	movs	r2, #0
10002474:	e9cd 0112 	strd	r0, r1, [sp, #72]	@ 0x48
10002478:	e9dd 010e 	ldrd	r0, r1, [sp, #56]	@ 0x38
1000247c:	4b56      	ldr	r3, [pc, #344]	@ (100025d8 <_etoa+0x438>)
1000247e:	f7ff fbf7 	bl	10001c70 <__wrap___aeabi_ddiv>
10002482:	2200      	movs	r2, #0
10002484:	4b55      	ldr	r3, [pc, #340]	@ (100025dc <_etoa+0x43c>)
10002486:	f7ff fba5 	bl	10001bd4 <__wrap___aeabi_dadd>
1000248a:	4602      	mov	r2, r0
1000248c:	460b      	mov	r3, r1
1000248e:	e9dd 010e 	ldrd	r0, r1, [sp, #56]	@ 0x38
10002492:	f7ff fbed 	bl	10001c70 <__wrap___aeabi_ddiv>
10002496:	2200      	movs	r2, #0
10002498:	4b51      	ldr	r3, [pc, #324]	@ (100025e0 <_etoa+0x440>)
1000249a:	f7ff fb9b 	bl	10001bd4 <__wrap___aeabi_dadd>
1000249e:	4602      	mov	r2, r0
100024a0:	460b      	mov	r3, r1
100024a2:	e9dd 010e 	ldrd	r0, r1, [sp, #56]	@ 0x38
100024a6:	f7ff fbe3 	bl	10001c70 <__wrap___aeabi_ddiv>
100024aa:	4642      	mov	r2, r8
100024ac:	464b      	mov	r3, r9
100024ae:	4680      	mov	r8, r0
100024b0:	4689      	mov	r9, r1
100024b2:	2000      	movs	r0, #0
100024b4:	f04f 4180 	mov.w	r1, #1073741824	@ 0x40000000
100024b8:	f7ff fba0 	bl	10001bfc <__wrap___aeabi_dsub>
100024bc:	4602      	mov	r2, r0
100024be:	460b      	mov	r3, r1
100024c0:	4640      	mov	r0, r8
100024c2:	4649      	mov	r1, r9
100024c4:	f7ff fb86 	bl	10001bd4 <__wrap___aeabi_dadd>
100024c8:	4602      	mov	r2, r0
100024ca:	460b      	mov	r3, r1
100024cc:	e9dd 0112 	ldrd	r0, r1, [sp, #72]	@ 0x48
100024d0:	f7ff fbce 	bl	10001c70 <__wrap___aeabi_ddiv>
100024d4:	2200      	movs	r2, #0
100024d6:	4b43      	ldr	r3, [pc, #268]	@ (100025e4 <_etoa+0x444>)
100024d8:	f7ff fb7c 	bl	10001bd4 <__wrap___aeabi_dadd>
100024dc:	9b10      	ldr	r3, [sp, #64]	@ 0x40
100024de:	2200      	movs	r2, #0
100024e0:	f203 3cff 	addw	ip, r3, #1023	@ 0x3ff
100024e4:	ea4f 530c 	mov.w	r3, ip, lsl #20
100024e8:	f7ff fb9c 	bl	10001c24 <__wrap___aeabi_dmul>
100024ec:	4680      	mov	r8, r0
100024ee:	4689      	mov	r9, r1
100024f0:	e9dd 010a 	ldrd	r0, r1, [sp, #40]	@ 0x28
100024f4:	4642      	mov	r2, r8
100024f6:	464b      	mov	r3, r9
100024f8:	e9cd 890e 	strd	r8, r9, [sp, #56]	@ 0x38
100024fc:	f7ff fc60 	bl	10001dc0 <__wrap___aeabi_dcmplt>
10002500:	bb60      	cbnz	r0, 1000255c <_etoa+0x3bc>
10002502:	4643      	mov	r3, r8
10002504:	4649      	mov	r1, r9
10002506:	f107 0263 	add.w	r2, r7, #99	@ 0x63
1000250a:	2ac7      	cmp	r2, #199	@ 0xc7
1000250c:	bf34      	ite	cc
1000250e:	f04f 0804 	movcc.w	r8, #4
10002512:	f04f 0805 	movcs.w	r8, #5
10002516:	0522      	lsls	r2, r4, #20
10002518:	f57f aea2 	bpl.w	10002260 <_etoa+0xc0>
1000251c:	430b      	orrs	r3, r1
1000251e:	f43f ae91 	beq.w	10002244 <_etoa+0xa4>
10002522:	e9dd 010a 	ldrd	r0, r1, [sp, #40]	@ 0x28
10002526:	a324      	add	r3, pc, #144	@ (adr r3, 100025b8 <_etoa+0x418>)
10002528:	e9d3 2300 	ldrd	r2, r3, [r3]
1000252c:	f7ff fc5c 	bl	10001de8 <__wrap___aeabi_dcmpge>
10002530:	b148      	cbz	r0, 10002546 <_etoa+0x3a6>
10002532:	e9dd 010a 	ldrd	r0, r1, [sp, #40]	@ 0x28
10002536:	a322      	add	r3, pc, #136	@ (adr r3, 100025c0 <_etoa+0x420>)
10002538:	e9d3 2300 	ldrd	r2, r3, [r3]
1000253c:	f7ff fc40 	bl	10001dc0 <__wrap___aeabi_dcmplt>
10002540:	2800      	cmp	r0, #0
10002542:	f47f ae7f 	bne.w	10002244 <_etoa+0xa4>
10002546:	f1ba 0f00 	cmp.w	sl, #0
1000254a:	f43f ae89 	beq.w	10002260 <_etoa+0xc0>
1000254e:	9b11      	ldr	r3, [sp, #68]	@ 0x44
10002550:	2b00      	cmp	r3, #0
10002552:	f43f ae85 	beq.w	10002260 <_etoa+0xc0>
10002556:	f10a 3aff 	add.w	sl, sl, #4294967295	@ 0xffffffff
1000255a:	e681      	b.n	10002260 <_etoa+0xc0>
1000255c:	2200      	movs	r2, #0
1000255e:	4b1f      	ldr	r3, [pc, #124]	@ (100025dc <_etoa+0x43c>)
10002560:	4640      	mov	r0, r8
10002562:	4649      	mov	r1, r9
10002564:	f7ff fb84 	bl	10001c70 <__wrap___aeabi_ddiv>
10002568:	460a      	mov	r2, r1
1000256a:	4601      	mov	r1, r0
1000256c:	4603      	mov	r3, r0
1000256e:	e9cd 120e 	strd	r1, r2, [sp, #56]	@ 0x38
10002572:	3f01      	subs	r7, #1
10002574:	4611      	mov	r1, r2
10002576:	e7c6      	b.n	10002506 <_etoa+0x366>
10002578:	ed9f 7b13 	vldr	d7, [pc, #76]	@ 100025c8 <_etoa+0x428>
1000257c:	461f      	mov	r7, r3
1000257e:	f04f 0804 	mov.w	r8, #4
10002582:	ed8d 7b0e 	vstr	d7, [sp, #56]	@ 0x38
10002586:	e66b      	b.n	10002260 <_etoa+0xc0>
10002588:	f108 4300 	add.w	r3, r8, #2147483648	@ 0x80000000
1000258c:	970a      	str	r7, [sp, #40]	@ 0x28
1000258e:	930b      	str	r3, [sp, #44]	@ 0x2c
10002590:	e641      	b.n	10002216 <_etoa+0x76>
10002592:	bf00      	nop
10002594:	f3af 8000 	nop.w
10002598:	636f4361 	.word	0x636f4361
1000259c:	3fd287a7 	.word	0x3fd287a7
100025a0:	0979a371 	.word	0x0979a371
100025a4:	400a934f 	.word	0x400a934f
100025a8:	bbb55516 	.word	0xbbb55516
100025ac:	40026bb1 	.word	0x40026bb1
100025b0:	fefa39ef 	.word	0xfefa39ef
100025b4:	3fe62e42 	.word	0x3fe62e42
100025b8:	eb1c432d 	.word	0xeb1c432d
100025bc:	3f1a36e2 	.word	0x3f1a36e2
100025c0:	00000000 	.word	0x00000000
100025c4:	412e8480 	.word	0x412e8480
	...
100025d0:	3ff80000 	.word	0x3ff80000
100025d4:	3fe00000 	.word	0x3fe00000
100025d8:	402c0000 	.word	0x402c0000
100025dc:	40240000 	.word	0x40240000
100025e0:	40180000 	.word	0x40180000
100025e4:	3ff00000 	.word	0x3ff00000
100025e8:	509f79fb 	.word	0x509f79fb
100025ec:	3fd34413 	.word	0x3fd34413
100025f0:	8b60c8b3 	.word	0x8b60c8b3
100025f4:	3fc68a28 	.word	0x3fc68a28

100025f8 <_ftoa>:
100025f8:	e92d 4ff0 	stmdb	sp!, {r4, r5, r6, r7, r8, r9, sl, fp, lr}
100025fc:	b097      	sub	sp, #92	@ 0x5c
100025fe:	e9dd 8920 	ldrd	r8, r9, [sp, #128]	@ 0x80
10002602:	e9cd 0104 	strd	r0, r1, [sp, #16]
10002606:	e9dd 4b22 	ldrd	r4, fp, [sp, #136]	@ 0x88
1000260a:	e9cd 2306 	strd	r2, r3, [sp, #24]
1000260e:	4640      	mov	r0, r8
10002610:	4642      	mov	r2, r8
10002612:	464b      	mov	r3, r9
10002614:	4649      	mov	r1, r9
10002616:	f8dd a090 	ldr.w	sl, [sp, #144]	@ 0x90
1000261a:	f7ff fbbf 	bl	10001d9c <__wrap___aeabi_dcmpun>
1000261e:	2800      	cmp	r0, #0
10002620:	f040 81c6 	bne.w	100029b0 <_ftoa+0x3b8>
10002624:	4640      	mov	r0, r8
10002626:	4649      	mov	r1, r9
10002628:	f04f 32ff 	mov.w	r2, #4294967295	@ 0xffffffff
1000262c:	f46f 1380 	mvn.w	r3, #1048576	@ 0x100000
10002630:	f7ff fbc6 	bl	10001dc0 <__wrap___aeabi_dcmplt>
10002634:	2800      	cmp	r0, #0
10002636:	f040 811d 	bne.w	10002874 <_ftoa+0x27c>
1000263a:	4640      	mov	r0, r8
1000263c:	4649      	mov	r1, r9
1000263e:	f04f 32ff 	mov.w	r2, #4294967295	@ 0xffffffff
10002642:	4bc1      	ldr	r3, [pc, #772]	@ (10002948 <_ftoa+0x350>)
10002644:	f7ff fbe4 	bl	10001e10 <__wrap___aeabi_dcmpgt>
10002648:	2800      	cmp	r0, #0
1000264a:	f040 80e3 	bne.w	10002814 <_ftoa+0x21c>
1000264e:	a3b8      	add	r3, pc, #736	@ (adr r3, 10002930 <_ftoa+0x338>)
10002650:	e9d3 2300 	ldrd	r2, r3, [r3]
10002654:	4640      	mov	r0, r8
10002656:	4649      	mov	r1, r9
10002658:	f7ff fbda 	bl	10001e10 <__wrap___aeabi_dcmpgt>
1000265c:	2800      	cmp	r0, #0
1000265e:	f040 80cb 	bne.w	100027f8 <_ftoa+0x200>
10002662:	a3b5      	add	r3, pc, #724	@ (adr r3, 10002938 <_ftoa+0x340>)
10002664:	e9d3 2300 	ldrd	r2, r3, [r3]
10002668:	4640      	mov	r0, r8
1000266a:	4649      	mov	r1, r9
1000266c:	f7ff fba8 	bl	10001dc0 <__wrap___aeabi_dcmplt>
10002670:	2800      	cmp	r0, #0
10002672:	f040 80c1 	bne.w	100027f8 <_ftoa+0x200>
10002676:	4640      	mov	r0, r8
10002678:	4649      	mov	r1, r9
1000267a:	2200      	movs	r2, #0
1000267c:	2300      	movs	r3, #0
1000267e:	f7ff fb9f 	bl	10001dc0 <__wrap___aeabi_dcmplt>
10002682:	2800      	cmp	r0, #0
10002684:	f040 80e0 	bne.w	10002848 <_ftoa+0x250>
10002688:	f41a 6580 	ands.w	r5, sl, #1024	@ 0x400
1000268c:	900d      	str	r0, [sp, #52]	@ 0x34
1000268e:	f000 80e9 	beq.w	10002864 <_ftoa+0x26c>
10002692:	2c09      	cmp	r4, #9
10002694:	f240 8197 	bls.w	100029c6 <_ftoa+0x3ce>
10002698:	ab0e      	add	r3, sp, #56	@ 0x38
1000269a:	461a      	mov	r2, r3
1000269c:	930c      	str	r3, [sp, #48]	@ 0x30
1000269e:	2130      	movs	r1, #48	@ 0x30
100026a0:	2300      	movs	r3, #0
100026a2:	f1a4 0509 	sub.w	r5, r4, #9
100026a6:	3301      	adds	r3, #1
100026a8:	2b20      	cmp	r3, #32
100026aa:	f802 1b01 	strb.w	r1, [r2], #1
100026ae:	eba4 0603 	sub.w	r6, r4, r3
100026b2:	f000 813a 	beq.w	1000292a <_ftoa+0x332>
100026b6:	42ab      	cmp	r3, r5
100026b8:	d1f5      	bne.n	100026a6 <_ftoa+0xae>
100026ba:	ed9f 7b9d 	vldr	d7, [pc, #628]	@ 10002930 <_ftoa+0x338>
100026be:	ed8d 7b08 	vstr	d7, [sp, #32]
100026c2:	4649      	mov	r1, r9
100026c4:	4640      	mov	r0, r8
100026c6:	f7ff fb45 	bl	10001d54 <__wrap___aeabi_d2iz>
100026ca:	4604      	mov	r4, r0
100026cc:	f7ff fb1e 	bl	10001d0c <__wrap___aeabi_i2d>
100026d0:	4602      	mov	r2, r0
100026d2:	460b      	mov	r3, r1
100026d4:	4640      	mov	r0, r8
100026d6:	4649      	mov	r1, r9
100026d8:	f7ff fa90 	bl	10001bfc <__wrap___aeabi_dsub>
100026dc:	e9dd 2308 	ldrd	r2, r3, [sp, #32]
100026e0:	f7ff faa0 	bl	10001c24 <__wrap___aeabi_dmul>
100026e4:	4602      	mov	r2, r0
100026e6:	460b      	mov	r3, r1
100026e8:	e9cd 230a 	strd	r2, r3, [sp, #40]	@ 0x28
100026ec:	f7ff fb44 	bl	10001d78 <__wrap___aeabi_d2uiz>
100026f0:	4607      	mov	r7, r0
100026f2:	f7ff fb1d 	bl	10001d30 <__wrap___aeabi_ui2d>
100026f6:	4602      	mov	r2, r0
100026f8:	460b      	mov	r3, r1
100026fa:	e9dd 010a 	ldrd	r0, r1, [sp, #40]	@ 0x28
100026fe:	f7ff fa7d 	bl	10001bfc <__wrap___aeabi_dsub>
10002702:	4602      	mov	r2, r0
10002704:	460b      	mov	r3, r1
10002706:	e9cd 230a 	strd	r2, r3, [sp, #40]	@ 0x28
1000270a:	2200      	movs	r2, #0
1000270c:	4b8f      	ldr	r3, [pc, #572]	@ (1000294c <_ftoa+0x354>)
1000270e:	f7ff fb7f 	bl	10001e10 <__wrap___aeabi_dcmpgt>
10002712:	2800      	cmp	r0, #0
10002714:	f000 80db 	beq.w	100028ce <_ftoa+0x2d6>
10002718:	3701      	adds	r7, #1
1000271a:	4638      	mov	r0, r7
1000271c:	f7ff fb08 	bl	10001d30 <__wrap___aeabi_ui2d>
10002720:	e9dd 2308 	ldrd	r2, r3, [sp, #32]
10002724:	f7ff fb60 	bl	10001de8 <__wrap___aeabi_dcmpge>
10002728:	b108      	cbz	r0, 1000272e <_ftoa+0x136>
1000272a:	2700      	movs	r7, #0
1000272c:	3401      	adds	r4, #1
1000272e:	2e00      	cmp	r6, #0
10002730:	f040 80b1 	bne.w	10002896 <_ftoa+0x29e>
10002734:	4620      	mov	r0, r4
10002736:	f7ff fae9 	bl	10001d0c <__wrap___aeabi_i2d>
1000273a:	4602      	mov	r2, r0
1000273c:	460b      	mov	r3, r1
1000273e:	4640      	mov	r0, r8
10002740:	4649      	mov	r1, r9
10002742:	f7ff fa5b 	bl	10001bfc <__wrap___aeabi_dsub>
10002746:	2200      	movs	r2, #0
10002748:	4b80      	ldr	r3, [pc, #512]	@ (1000294c <_ftoa+0x354>)
1000274a:	4606      	mov	r6, r0
1000274c:	460f      	mov	r7, r1
1000274e:	f7ff fb37 	bl	10001dc0 <__wrap___aeabi_dcmplt>
10002752:	b940      	cbnz	r0, 10002766 <_ftoa+0x16e>
10002754:	4630      	mov	r0, r6
10002756:	4639      	mov	r1, r7
10002758:	2200      	movs	r2, #0
1000275a:	4b7c      	ldr	r3, [pc, #496]	@ (1000294c <_ftoa+0x354>)
1000275c:	f7ff fb58 	bl	10001e10 <__wrap___aeabi_dcmpgt>
10002760:	2800      	cmp	r0, #0
10002762:	f000 8116 	beq.w	10002992 <_ftoa+0x39a>
10002766:	9b0c      	ldr	r3, [sp, #48]	@ 0x30
10002768:	1e69      	subs	r1, r5, #1
1000276a:	4879      	ldr	r0, [pc, #484]	@ (10002950 <_ftoa+0x358>)
1000276c:	4419      	add	r1, r3
1000276e:	e010      	b.n	10002792 <_ftoa+0x19a>
10002770:	fb80 6204 	smull	r6, r2, r0, r4
10002774:	ebc3 03a2 	rsb	r3, r3, r2, asr #2
10002778:	eb03 0283 	add.w	r2, r3, r3, lsl #2
1000277c:	eba4 0442 	sub.w	r4, r4, r2, lsl #1
10002780:	f104 0230 	add.w	r2, r4, #48	@ 0x30
10002784:	3501      	adds	r5, #1
10002786:	461c      	mov	r4, r3
10002788:	f801 2f01 	strb.w	r2, [r1, #1]!
1000278c:	2b00      	cmp	r3, #0
1000278e:	f000 80ab 	beq.w	100028e8 <_ftoa+0x2f0>
10002792:	2d20      	cmp	r5, #32
10002794:	ea4f 73e4 	mov.w	r3, r4, asr #31
10002798:	d1ea      	bne.n	10002770 <_ftoa+0x178>
1000279a:	f00a 0303 	and.w	r3, sl, #3
1000279e:	2b01      	cmp	r3, #1
100027a0:	d11c      	bne.n	100027dc <_ftoa+0x1e4>
100027a2:	f1bb 0f00 	cmp.w	fp, #0
100027a6:	d019      	beq.n	100027dc <_ftoa+0x1e4>
100027a8:	9b0d      	ldr	r3, [sp, #52]	@ 0x34
100027aa:	2b00      	cmp	r3, #0
100027ac:	f040 80fa 	bne.w	100029a4 <_ftoa+0x3ac>
100027b0:	f01a 0f0c 	tst.w	sl, #12
100027b4:	f040 80f6 	bne.w	100029a4 <_ftoa+0x3ac>
100027b8:	45ab      	cmp	fp, r5
100027ba:	f240 80d3 	bls.w	10002964 <_ftoa+0x36c>
100027be:	2d20      	cmp	r5, #32
100027c0:	d00b      	beq.n	100027da <_ftoa+0x1e2>
100027c2:	2230      	movs	r2, #48	@ 0x30
100027c4:	990c      	ldr	r1, [sp, #48]	@ 0x30
100027c6:	1e6b      	subs	r3, r5, #1
100027c8:	440b      	add	r3, r1
100027ca:	3501      	adds	r5, #1
100027cc:	455d      	cmp	r5, fp
100027ce:	f803 2f01 	strb.w	r2, [r3, #1]!
100027d2:	f000 808d 	beq.w	100028f0 <_ftoa+0x2f8>
100027d6:	2d20      	cmp	r5, #32
100027d8:	d1f7      	bne.n	100027ca <_ftoa+0x1d2>
100027da:	2520      	movs	r5, #32
100027dc:	e9dd 2306 	ldrd	r2, r3, [sp, #24]
100027e0:	e9dd 0104 	ldrd	r0, r1, [sp, #16]
100027e4:	9c0c      	ldr	r4, [sp, #48]	@ 0x30
100027e6:	e9cd ba02 	strd	fp, sl, [sp, #8]
100027ea:	9501      	str	r5, [sp, #4]
100027ec:	9400      	str	r4, [sp, #0]
100027ee:	f7ff fb35 	bl	10001e5c <_out_rev>
100027f2:	b017      	add	sp, #92	@ 0x5c
100027f4:	e8bd 8ff0 	ldmia.w	sp!, {r4, r5, r6, r7, r8, r9, sl, fp, pc}
100027f8:	e9cd 8920 	strd	r8, r9, [sp, #128]	@ 0x80
100027fc:	e9dd 2306 	ldrd	r2, r3, [sp, #24]
10002800:	e9dd 0104 	ldrd	r0, r1, [sp, #16]
10002804:	e9cd ba23 	strd	fp, sl, [sp, #140]	@ 0x8c
10002808:	9422      	str	r4, [sp, #136]	@ 0x88
1000280a:	b017      	add	sp, #92	@ 0x5c
1000280c:	e8bd 4ff0 	ldmia.w	sp!, {r4, r5, r6, r7, r8, r9, sl, fp, lr}
10002810:	f7ff bcc6 	b.w	100021a0 <_etoa>
10002814:	4d4f      	ldr	r5, [pc, #316]	@ (10002954 <_ftoa+0x35c>)
10002816:	f8cd a08c 	str.w	sl, [sp, #140]	@ 0x8c
1000281a:	f00a 0a04 	and.w	sl, sl, #4
1000281e:	f1ba 0f00 	cmp.w	sl, #0
10002822:	4c4d      	ldr	r4, [pc, #308]	@ (10002958 <_ftoa+0x360>)
10002824:	bf18      	it	ne
10002826:	462c      	movne	r4, r5
10002828:	e9dd 2306 	ldrd	r2, r3, [sp, #24]
1000282c:	e9dd 0104 	ldrd	r0, r1, [sp, #16]
10002830:	9420      	str	r4, [sp, #128]	@ 0x80
10002832:	bf0c      	ite	eq
10002834:	2403      	moveq	r4, #3
10002836:	2404      	movne	r4, #4
10002838:	f8cd b088 	str.w	fp, [sp, #136]	@ 0x88
1000283c:	9421      	str	r4, [sp, #132]	@ 0x84
1000283e:	b017      	add	sp, #92	@ 0x5c
10002840:	e8bd 4ff0 	ldmia.w	sp!, {r4, r5, r6, r7, r8, r9, sl, fp, lr}
10002844:	f7ff bb0a 	b.w	10001e5c <_out_rev>
10002848:	2101      	movs	r1, #1
1000284a:	4642      	mov	r2, r8
1000284c:	464b      	mov	r3, r9
1000284e:	910d      	str	r1, [sp, #52]	@ 0x34
10002850:	2000      	movs	r0, #0
10002852:	2100      	movs	r1, #0
10002854:	f7ff f9d2 	bl	10001bfc <__wrap___aeabi_dsub>
10002858:	f41a 6580 	ands.w	r5, sl, #1024	@ 0x400
1000285c:	4680      	mov	r8, r0
1000285e:	4689      	mov	r9, r1
10002860:	f47f af17 	bne.w	10002692 <_ftoa+0x9a>
10002864:	ed9f 7b36 	vldr	d7, [pc, #216]	@ 10002940 <_ftoa+0x348>
10002868:	ab0e      	add	r3, sp, #56	@ 0x38
1000286a:	2606      	movs	r6, #6
1000286c:	ed8d 7b08 	vstr	d7, [sp, #32]
10002870:	930c      	str	r3, [sp, #48]	@ 0x30
10002872:	e726      	b.n	100026c2 <_ftoa+0xca>
10002874:	2404      	movs	r4, #4
10002876:	e9dd 2306 	ldrd	r2, r3, [sp, #24]
1000287a:	e9dd 0104 	ldrd	r0, r1, [sp, #16]
1000287e:	4d37      	ldr	r5, [pc, #220]	@ (1000295c <_ftoa+0x364>)
10002880:	f8cd a08c 	str.w	sl, [sp, #140]	@ 0x8c
10002884:	f8cd b088 	str.w	fp, [sp, #136]	@ 0x88
10002888:	9520      	str	r5, [sp, #128]	@ 0x80
1000288a:	9421      	str	r4, [sp, #132]	@ 0x84
1000288c:	b017      	add	sp, #92	@ 0x5c
1000288e:	e8bd 4ff0 	ldmia.w	sp!, {r4, r5, r6, r7, r8, r9, sl, fp, lr}
10002892:	f7ff bae3 	b.w	10001e5c <_out_rev>
10002896:	9b0c      	ldr	r3, [sp, #48]	@ 0x30
10002898:	1e68      	subs	r0, r5, #1
1000289a:	f8df c0c4 	ldr.w	ip, [pc, #196]	@ 10002960 <_ftoa+0x368>
1000289e:	4418      	add	r0, r3
100028a0:	e00d      	b.n	100028be <_ftoa+0x2c6>
100028a2:	fbac 3207 	umull	r3, r2, ip, r7
100028a6:	08d2      	lsrs	r2, r2, #3
100028a8:	eb02 0382 	add.w	r3, r2, r2, lsl #2
100028ac:	eba7 0343 	sub.w	r3, r7, r3, lsl #1
100028b0:	3330      	adds	r3, #48	@ 0x30
100028b2:	2f09      	cmp	r7, #9
100028b4:	f800 3f01 	strb.w	r3, [r0, #1]!
100028b8:	d927      	bls.n	1000290a <_ftoa+0x312>
100028ba:	4617      	mov	r7, r2
100028bc:	460d      	mov	r5, r1
100028be:	2d20      	cmp	r5, #32
100028c0:	f105 0101 	add.w	r1, r5, #1
100028c4:	f106 36ff 	add.w	r6, r6, #4294967295	@ 0xffffffff
100028c8:	d1eb      	bne.n	100028a2 <_ftoa+0x2aa>
100028ca:	2520      	movs	r5, #32
100028cc:	e74b      	b.n	10002766 <_ftoa+0x16e>
100028ce:	2200      	movs	r2, #0
100028d0:	e9dd 010a 	ldrd	r0, r1, [sp, #40]	@ 0x28
100028d4:	4b1d      	ldr	r3, [pc, #116]	@ (1000294c <_ftoa+0x354>)
100028d6:	f7ff fa73 	bl	10001dc0 <__wrap___aeabi_dcmplt>
100028da:	2800      	cmp	r0, #0
100028dc:	f47f af27 	bne.w	1000272e <_ftoa+0x136>
100028e0:	2f00      	cmp	r7, #0
100028e2:	d15b      	bne.n	1000299c <_ftoa+0x3a4>
100028e4:	3701      	adds	r7, #1
100028e6:	e722      	b.n	1000272e <_ftoa+0x136>
100028e8:	f00a 0303 	and.w	r3, sl, #3
100028ec:	2b01      	cmp	r3, #1
100028ee:	d076      	beq.n	100029de <_ftoa+0x3e6>
100028f0:	2d20      	cmp	r5, #32
100028f2:	f43f af73 	beq.w	100027dc <_ftoa+0x1e4>
100028f6:	9b0d      	ldr	r3, [sp, #52]	@ 0x34
100028f8:	b3bb      	cbz	r3, 1000296a <_ftoa+0x372>
100028fa:	222d      	movs	r2, #45	@ 0x2d
100028fc:	f105 0358 	add.w	r3, r5, #88	@ 0x58
10002900:	446b      	add	r3, sp
10002902:	f803 2c20 	strb.w	r2, [r3, #-32]
10002906:	3501      	adds	r5, #1
10002908:	e768      	b.n	100027dc <_ftoa+0x1e4>
1000290a:	2920      	cmp	r1, #32
1000290c:	d0dd      	beq.n	100028ca <_ftoa+0x2d2>
1000290e:	b3ae      	cbz	r6, 1000297c <_ftoa+0x384>
10002910:	9b0c      	ldr	r3, [sp, #48]	@ 0x30
10002912:	440e      	add	r6, r1
10002914:	441d      	add	r5, r3
10002916:	2330      	movs	r3, #48	@ 0x30
10002918:	e001      	b.n	1000291e <_ftoa+0x326>
1000291a:	42b1      	cmp	r1, r6
1000291c:	d02f      	beq.n	1000297e <_ftoa+0x386>
1000291e:	3101      	adds	r1, #1
10002920:	2920      	cmp	r1, #32
10002922:	f805 3f01 	strb.w	r3, [r5, #1]!
10002926:	d1f8      	bne.n	1000291a <_ftoa+0x322>
10002928:	e7cf      	b.n	100028ca <_ftoa+0x2d2>
1000292a:	461d      	mov	r5, r3
1000292c:	e6c5      	b.n	100026ba <_ftoa+0xc2>
1000292e:	bf00      	nop
10002930:	00000000 	.word	0x00000000
10002934:	41cdcd65 	.word	0x41cdcd65
10002938:	00000000 	.word	0x00000000
1000293c:	c1cdcd65 	.word	0xc1cdcd65
10002940:	00000000 	.word	0x00000000
10002944:	412e8480 	.word	0x412e8480
10002948:	7fefffff 	.word	0x7fefffff
1000294c:	3fe00000 	.word	0x3fe00000
10002950:	66666667 	.word	0x66666667
10002954:	100071a0 	.word	0x100071a0
10002958:	100071a8 	.word	0x100071a8
1000295c:	100071b0 	.word	0x100071b0
10002960:	cccccccd 	.word	0xcccccccd
10002964:	2d20      	cmp	r5, #32
10002966:	f43f af39 	beq.w	100027dc <_ftoa+0x1e4>
1000296a:	f01a 0f04 	tst.w	sl, #4
1000296e:	d10e      	bne.n	1000298e <_ftoa+0x396>
10002970:	f01a 0f08 	tst.w	sl, #8
10002974:	f43f af32 	beq.w	100027dc <_ftoa+0x1e4>
10002978:	2220      	movs	r2, #32
1000297a:	e7bf      	b.n	100028fc <_ftoa+0x304>
1000297c:	460e      	mov	r6, r1
1000297e:	222e      	movs	r2, #46	@ 0x2e
10002980:	f106 0358 	add.w	r3, r6, #88	@ 0x58
10002984:	446b      	add	r3, sp
10002986:	f803 2c20 	strb.w	r2, [r3, #-32]
1000298a:	1c75      	adds	r5, r6, #1
1000298c:	e6eb      	b.n	10002766 <_ftoa+0x16e>
1000298e:	222b      	movs	r2, #43	@ 0x2b
10002990:	e7b4      	b.n	100028fc <_ftoa+0x304>
10002992:	07e3      	lsls	r3, r4, #31
10002994:	f57f aee7 	bpl.w	10002766 <_ftoa+0x16e>
10002998:	3401      	adds	r4, #1
1000299a:	e6e4      	b.n	10002766 <_ftoa+0x16e>
1000299c:	07fa      	lsls	r2, r7, #31
1000299e:	f57f aec6 	bpl.w	1000272e <_ftoa+0x136>
100029a2:	e79f      	b.n	100028e4 <_ftoa+0x2ec>
100029a4:	f10b 3bff 	add.w	fp, fp, #4294967295	@ 0xffffffff
100029a8:	45ab      	cmp	fp, r5
100029aa:	f63f af08 	bhi.w	100027be <_ftoa+0x1c6>
100029ae:	e79f      	b.n	100028f0 <_ftoa+0x2f8>
100029b0:	2403      	movs	r4, #3
100029b2:	e9dd 2306 	ldrd	r2, r3, [sp, #24]
100029b6:	e9dd 0104 	ldrd	r0, r1, [sp, #16]
100029ba:	4d0b      	ldr	r5, [pc, #44]	@ (100029e8 <_ftoa+0x3f0>)
100029bc:	f8cd a08c 	str.w	sl, [sp, #140]	@ 0x8c
100029c0:	f8cd b088 	str.w	fp, [sp, #136]	@ 0x88
100029c4:	e760      	b.n	10002888 <_ftoa+0x290>
100029c6:	4b09      	ldr	r3, [pc, #36]	@ (100029ec <_ftoa+0x3f4>)
100029c8:	4626      	mov	r6, r4
100029ca:	eb03 03c4 	add.w	r3, r3, r4, lsl #3
100029ce:	ed93 7b00 	vldr	d7, [r3]
100029d2:	ab0e      	add	r3, sp, #56	@ 0x38
100029d4:	ed8d 7b08 	vstr	d7, [sp, #32]
100029d8:	2500      	movs	r5, #0
100029da:	930c      	str	r3, [sp, #48]	@ 0x30
100029dc:	e671      	b.n	100026c2 <_ftoa+0xca>
100029de:	f1bb 0f00 	cmp.w	fp, #0
100029e2:	d085      	beq.n	100028f0 <_ftoa+0x2f8>
100029e4:	e6e0      	b.n	100027a8 <_ftoa+0x1b0>
100029e6:	bf00      	nop
100029e8:	100071ac 	.word	0x100071ac
100029ec:	100071b8 	.word	0x100071b8

100029f0 <_vsnprintf>:
100029f0:	e92d 4ff0 	stmdb	sp!, {r4, r5, r6, r7, r8, r9, sl, fp, lr}
100029f4:	461c      	mov	r4, r3
100029f6:	4d9b      	ldr	r5, [pc, #620]	@ (10002c64 <_vsnprintf+0x274>)
100029f8:	4b9b      	ldr	r3, [pc, #620]	@ (10002c68 <_vsnprintf+0x278>)
100029fa:	f1b1 0a00 	subs.w	sl, r1, #0
100029fe:	bf18      	it	ne
10002a00:	4683      	movne	fp, r0
10002a02:	601d      	str	r5, [r3, #0]
10002a04:	7820      	ldrb	r0, [r4, #0]
10002a06:	4d99      	ldr	r5, [pc, #612]	@ (10002c6c <_vsnprintf+0x27c>)
10002a08:	b09b      	sub	sp, #108	@ 0x6c
10002a0a:	bf08      	it	eq
10002a0c:	46ab      	moveq	fp, r5
10002a0e:	4691      	mov	r9, r2
10002a10:	9e24      	ldr	r6, [sp, #144]	@ 0x90
10002a12:	2800      	cmp	r0, #0
10002a14:	f000 82e7 	beq.w	10002fe6 <_vsnprintf+0x5f6>
10002a18:	2500      	movs	r5, #0
10002a1a:	46b0      	mov	r8, r6
10002a1c:	e009      	b.n	10002a32 <_vsnprintf+0x42>
10002a1e:	462a      	mov	r2, r5
10002a20:	464b      	mov	r3, r9
10002a22:	4651      	mov	r1, sl
10002a24:	47d8      	blx	fp
10002a26:	3501      	adds	r5, #1
10002a28:	3401      	adds	r4, #1
10002a2a:	7820      	ldrb	r0, [r4, #0]
10002a2c:	2800      	cmp	r0, #0
10002a2e:	f000 80bd 	beq.w	10002bac <_vsnprintf+0x1bc>
10002a32:	2825      	cmp	r0, #37	@ 0x25
10002a34:	d1f3      	bne.n	10002a1e <_vsnprintf+0x2e>
10002a36:	2200      	movs	r2, #0
10002a38:	1c63      	adds	r3, r4, #1
10002a3a:	461c      	mov	r4, r3
10002a3c:	f813 0b01 	ldrb.w	r0, [r3], #1
10002a40:	f1a0 0120 	sub.w	r1, r0, #32
10002a44:	2910      	cmp	r1, #16
10002a46:	d80a      	bhi.n	10002a5e <_vsnprintf+0x6e>
10002a48:	e8df f001 	tbb	[pc, r1]
10002a4c:	3a09093d 	.word	0x3a09093d
10002a50:	09090909 	.word	0x09090909
10002a54:	37090909 	.word	0x37090909
10002a58:	09093409 	.word	0x09093409
10002a5c:	31          	.byte	0x31
10002a5d:	00          	.byte	0x00
10002a5e:	f1a0 0330 	sub.w	r3, r0, #48	@ 0x30
10002a62:	2b09      	cmp	r3, #9
10002a64:	9409      	str	r4, [sp, #36]	@ 0x24
10002a66:	f240 80b0 	bls.w	10002bca <_vsnprintf+0x1da>
10002a6a:	282a      	cmp	r0, #42	@ 0x2a
10002a6c:	f000 80cd 	beq.w	10002c0a <_vsnprintf+0x21a>
10002a70:	282e      	cmp	r0, #46	@ 0x2e
10002a72:	f04f 0600 	mov.w	r6, #0
10002a76:	f000 80b9 	beq.w	10002bec <_vsnprintf+0x1fc>
10002a7a:	2700      	movs	r7, #0
10002a7c:	f1a0 0368 	sub.w	r3, r0, #104	@ 0x68
10002a80:	2b12      	cmp	r3, #18
10002a82:	d829      	bhi.n	10002ad8 <_vsnprintf+0xe8>
10002a84:	e8df f013 	tbh	[pc, r3, lsl #1]
10002a88:	00280105 	.word	0x00280105
10002a8c:	002800fe 	.word	0x002800fe
10002a90:	002800f4 	.word	0x002800f4
10002a94:	00280028 	.word	0x00280028
10002a98:	00280028 	.word	0x00280028
10002a9c:	00280028 	.word	0x00280028
10002aa0:	00280022 	.word	0x00280022
10002aa4:	00280028 	.word	0x00280028
10002aa8:	00280028 	.word	0x00280028
10002aac:	0022      	.short	0x0022
10002aae:	f042 0201 	orr.w	r2, r2, #1
10002ab2:	e7c2      	b.n	10002a3a <_vsnprintf+0x4a>
10002ab4:	f042 0202 	orr.w	r2, r2, #2
10002ab8:	e7bf      	b.n	10002a3a <_vsnprintf+0x4a>
10002aba:	f042 0204 	orr.w	r2, r2, #4
10002abe:	e7bc      	b.n	10002a3a <_vsnprintf+0x4a>
10002ac0:	f042 0210 	orr.w	r2, r2, #16
10002ac4:	e7b9      	b.n	10002a3a <_vsnprintf+0x4a>
10002ac6:	f042 0208 	orr.w	r2, r2, #8
10002aca:	e7b6      	b.n	10002a3a <_vsnprintf+0x4a>
10002acc:	9b09      	ldr	r3, [sp, #36]	@ 0x24
10002ace:	f442 7280 	orr.w	r2, r2, #256	@ 0x100
10002ad2:	7858      	ldrb	r0, [r3, #1]
10002ad4:	3301      	adds	r3, #1
10002ad6:	9309      	str	r3, [sp, #36]	@ 0x24
10002ad8:	2867      	cmp	r0, #103	@ 0x67
10002ada:	d84a      	bhi.n	10002b72 <_vsnprintf+0x182>
10002adc:	2824      	cmp	r0, #36	@ 0x24
10002ade:	d95a      	bls.n	10002b96 <_vsnprintf+0x1a6>
10002ae0:	f1a0 0325 	sub.w	r3, r0, #37	@ 0x25
10002ae4:	2b42      	cmp	r3, #66	@ 0x42
10002ae6:	d856      	bhi.n	10002b96 <_vsnprintf+0x1a6>
10002ae8:	e8df f013 	tbh	[pc, r3, lsl #1]
10002aec:	005500f6 	.word	0x005500f6
10002af0:	00550055 	.word	0x00550055
10002af4:	00550055 	.word	0x00550055
10002af8:	00550055 	.word	0x00550055
10002afc:	00550055 	.word	0x00550055
10002b00:	00550055 	.word	0x00550055
10002b04:	00550055 	.word	0x00550055
10002b08:	00550055 	.word	0x00550055
10002b0c:	00550055 	.word	0x00550055
10002b10:	00550055 	.word	0x00550055
10002b14:	00550055 	.word	0x00550055
10002b18:	00550055 	.word	0x00550055
10002b1c:	00550055 	.word	0x00550055
10002b20:	00550055 	.word	0x00550055
10002b24:	00550055 	.word	0x00550055
10002b28:	00550055 	.word	0x00550055
10002b2c:	00dd009e 	.word	0x00dd009e
10002b30:	0055009e 	.word	0x0055009e
10002b34:	00550055 	.word	0x00550055
10002b38:	00550055 	.word	0x00550055
10002b3c:	00550055 	.word	0x00550055
10002b40:	00550055 	.word	0x00550055
10002b44:	00550055 	.word	0x00550055
10002b48:	00550055 	.word	0x00550055
10002b4c:	00550055 	.word	0x00550055
10002b50:	01960055 	.word	0x01960055
10002b54:	00550055 	.word	0x00550055
10002b58:	00550055 	.word	0x00550055
10002b5c:	00550055 	.word	0x00550055
10002b60:	00550055 	.word	0x00550055
10002b64:	01960055 	.word	0x01960055
10002b68:	019600ff 	.word	0x019600ff
10002b6c:	00dd009e 	.word	0x00dd009e
10002b70:	009e      	.short	0x009e
10002b72:	f1a0 0169 	sub.w	r1, r0, #105	@ 0x69
10002b76:	b2c9      	uxtb	r1, r1
10002b78:	290f      	cmp	r1, #15
10002b7a:	d80c      	bhi.n	10002b96 <_vsnprintf+0x1a6>
10002b7c:	2301      	movs	r3, #1
10002b7e:	f249 0441 	movw	r4, #36929	@ 0x9041
10002b82:	408b      	lsls	r3, r1
10002b84:	4023      	ands	r3, r4
10002b86:	f040 81dc 	bne.w	10002f42 <_vsnprintf+0x552>
10002b8a:	290a      	cmp	r1, #10
10002b8c:	f000 80e8 	beq.w	10002d60 <_vsnprintf+0x370>
10002b90:	2907      	cmp	r1, #7
10002b92:	f000 80c5 	beq.w	10002d20 <_vsnprintf+0x330>
10002b96:	9c09      	ldr	r4, [sp, #36]	@ 0x24
10002b98:	462a      	mov	r2, r5
10002b9a:	464b      	mov	r3, r9
10002b9c:	4651      	mov	r1, sl
10002b9e:	3401      	adds	r4, #1
10002ba0:	47d8      	blx	fp
10002ba2:	7820      	ldrb	r0, [r4, #0]
10002ba4:	3501      	adds	r5, #1
10002ba6:	2800      	cmp	r0, #0
10002ba8:	f47f af43 	bne.w	10002a32 <_vsnprintf+0x42>
10002bac:	462c      	mov	r4, r5
10002bae:	462a      	mov	r2, r5
10002bb0:	4591      	cmp	r9, r2
10002bb2:	d802      	bhi.n	10002bba <_vsnprintf+0x1ca>
10002bb4:	f109 33ff 	add.w	r3, r9, #4294967295	@ 0xffffffff
10002bb8:	461a      	mov	r2, r3
10002bba:	464b      	mov	r3, r9
10002bbc:	4651      	mov	r1, sl
10002bbe:	2000      	movs	r0, #0
10002bc0:	47d8      	blx	fp
10002bc2:	4620      	mov	r0, r4
10002bc4:	b01b      	add	sp, #108	@ 0x6c
10002bc6:	e8bd 8ff0 	ldmia.w	sp!, {r4, r5, r6, r7, r8, r9, sl, fp, pc}
10002bca:	4623      	mov	r3, r4
10002bcc:	2600      	movs	r6, #0
10002bce:	eb06 0686 	add.w	r6, r6, r6, lsl #2
10002bd2:	eb00 0646 	add.w	r6, r0, r6, lsl #1
10002bd6:	f813 0f01 	ldrb.w	r0, [r3, #1]!
10002bda:	3e30      	subs	r6, #48	@ 0x30
10002bdc:	f1a0 0130 	sub.w	r1, r0, #48	@ 0x30
10002be0:	2909      	cmp	r1, #9
10002be2:	d9f4      	bls.n	10002bce <_vsnprintf+0x1de>
10002be4:	9309      	str	r3, [sp, #36]	@ 0x24
10002be6:	282e      	cmp	r0, #46	@ 0x2e
10002be8:	f47f af47 	bne.w	10002a7a <_vsnprintf+0x8a>
10002bec:	9b09      	ldr	r3, [sp, #36]	@ 0x24
10002bee:	f442 6280 	orr.w	r2, r2, #1024	@ 0x400
10002bf2:	7858      	ldrb	r0, [r3, #1]
10002bf4:	1c59      	adds	r1, r3, #1
10002bf6:	f1a0 0330 	sub.w	r3, r0, #48	@ 0x30
10002bfa:	2b09      	cmp	r3, #9
10002bfc:	f240 80f2 	bls.w	10002de4 <_vsnprintf+0x3f4>
10002c00:	282a      	cmp	r0, #42	@ 0x2a
10002c02:	f000 80fe 	beq.w	10002e02 <_vsnprintf+0x412>
10002c06:	9109      	str	r1, [sp, #36]	@ 0x24
10002c08:	e737      	b.n	10002a7a <_vsnprintf+0x8a>
10002c0a:	4643      	mov	r3, r8
10002c0c:	f853 6b04 	ldr.w	r6, [r3], #4
10002c10:	4698      	mov	r8, r3
10002c12:	9b09      	ldr	r3, [sp, #36]	@ 0x24
10002c14:	2e00      	cmp	r6, #0
10002c16:	7858      	ldrb	r0, [r3, #1]
10002c18:	f103 0301 	add.w	r3, r3, #1
10002c1c:	bfbc      	itt	lt
10002c1e:	f042 0202 	orrlt.w	r2, r2, #2
10002c22:	4276      	neglt	r6, r6
10002c24:	9309      	str	r3, [sp, #36]	@ 0x24
10002c26:	e7de      	b.n	10002be6 <_vsnprintf+0x1f6>
10002c28:	2867      	cmp	r0, #103	@ 0x67
10002c2a:	f000 8175 	beq.w	10002f18 <_vsnprintf+0x528>
10002c2e:	2847      	cmp	r0, #71	@ 0x47
10002c30:	f000 81ba 	beq.w	10002fa8 <_vsnprintf+0x5b8>
10002c34:	2845      	cmp	r0, #69	@ 0x45
10002c36:	f000 81b9 	beq.w	10002fac <_vsnprintf+0x5bc>
10002c3a:	e9cd 6203 	strd	r6, r2, [sp, #12]
10002c3e:	f108 0307 	add.w	r3, r8, #7
10002c42:	9702      	str	r7, [sp, #8]
10002c44:	f023 0807 	bic.w	r8, r3, #7
10002c48:	462a      	mov	r2, r5
10002c4a:	e8f8 6702 	ldrd	r6, r7, [r8], #8
10002c4e:	464b      	mov	r3, r9
10002c50:	4651      	mov	r1, sl
10002c52:	4658      	mov	r0, fp
10002c54:	e9cd 6700 	strd	r6, r7, [sp]
10002c58:	9c09      	ldr	r4, [sp, #36]	@ 0x24
10002c5a:	f7ff faa1 	bl	100021a0 <_etoa>
10002c5e:	3401      	adds	r4, #1
10002c60:	4605      	mov	r5, r0
10002c62:	e6e2      	b.n	10002a2a <_vsnprintf+0x3a>
10002c64:	100029f1 	.word	0x100029f1
10002c68:	20002b60 	.word	0x20002b60
10002c6c:	10001e59 	.word	0x10001e59
10002c70:	9b09      	ldr	r3, [sp, #36]	@ 0x24
10002c72:	7858      	ldrb	r0, [r3, #1]
10002c74:	286c      	cmp	r0, #108	@ 0x6c
10002c76:	f000 81b0 	beq.w	10002fda <_vsnprintf+0x5ea>
10002c7a:	3301      	adds	r3, #1
10002c7c:	f442 7280 	orr.w	r2, r2, #256	@ 0x100
10002c80:	9309      	str	r3, [sp, #36]	@ 0x24
10002c82:	e729      	b.n	10002ad8 <_vsnprintf+0xe8>
10002c84:	9b09      	ldr	r3, [sp, #36]	@ 0x24
10002c86:	f442 7200 	orr.w	r2, r2, #512	@ 0x200
10002c8a:	7858      	ldrb	r0, [r3, #1]
10002c8c:	3301      	adds	r3, #1
10002c8e:	9309      	str	r3, [sp, #36]	@ 0x24
10002c90:	e722      	b.n	10002ad8 <_vsnprintf+0xe8>
10002c92:	9b09      	ldr	r3, [sp, #36]	@ 0x24
10002c94:	7858      	ldrb	r0, [r3, #1]
10002c96:	2868      	cmp	r0, #104	@ 0x68
10002c98:	f000 8199 	beq.w	10002fce <_vsnprintf+0x5de>
10002c9c:	3301      	adds	r3, #1
10002c9e:	f042 0280 	orr.w	r2, r2, #128	@ 0x80
10002ca2:	9309      	str	r3, [sp, #36]	@ 0x24
10002ca4:	e718      	b.n	10002ad8 <_vsnprintf+0xe8>
10002ca6:	2846      	cmp	r0, #70	@ 0x46
10002ca8:	bf08      	it	eq
10002caa:	f042 0220 	orreq.w	r2, r2, #32
10002cae:	e9cd 6203 	strd	r6, r2, [sp, #12]
10002cb2:	f108 0307 	add.w	r3, r8, #7
10002cb6:	9702      	str	r7, [sp, #8]
10002cb8:	f023 0807 	bic.w	r8, r3, #7
10002cbc:	462a      	mov	r2, r5
10002cbe:	e8f8 6702 	ldrd	r6, r7, [r8], #8
10002cc2:	464b      	mov	r3, r9
10002cc4:	4651      	mov	r1, sl
10002cc6:	4658      	mov	r0, fp
10002cc8:	e9cd 6700 	strd	r6, r7, [sp]
10002ccc:	9c09      	ldr	r4, [sp, #36]	@ 0x24
10002cce:	f7ff fc93 	bl	100025f8 <_ftoa>
10002cd2:	3401      	adds	r4, #1
10002cd4:	4605      	mov	r5, r0
10002cd6:	e6a8      	b.n	10002a2a <_vsnprintf+0x3a>
10002cd8:	9c09      	ldr	r4, [sp, #36]	@ 0x24
10002cda:	462a      	mov	r2, r5
10002cdc:	464b      	mov	r3, r9
10002cde:	4651      	mov	r1, sl
10002ce0:	2025      	movs	r0, #37	@ 0x25
10002ce2:	3401      	adds	r4, #1
10002ce4:	3501      	adds	r5, #1
10002ce6:	47d8      	blx	fp
10002ce8:	e69f      	b.n	10002a2a <_vsnprintf+0x3a>
10002cea:	0794      	lsls	r4, r2, #30
10002cec:	f140 817e 	bpl.w	10002fec <_vsnprintf+0x5fc>
10002cf0:	f858 0b04 	ldr.w	r0, [r8], #4
10002cf4:	462a      	mov	r2, r5
10002cf6:	464b      	mov	r3, r9
10002cf8:	4651      	mov	r1, sl
10002cfa:	b2c0      	uxtb	r0, r0
10002cfc:	47d8      	blx	fp
10002cfe:	1c6f      	adds	r7, r5, #1
10002d00:	2e01      	cmp	r6, #1
10002d02:	bf98      	it	ls
10002d04:	463d      	movls	r5, r7
10002d06:	d908      	bls.n	10002d1a <_vsnprintf+0x32a>
10002d08:	4435      	add	r5, r6
10002d0a:	463a      	mov	r2, r7
10002d0c:	464b      	mov	r3, r9
10002d0e:	4651      	mov	r1, sl
10002d10:	2020      	movs	r0, #32
10002d12:	3701      	adds	r7, #1
10002d14:	47d8      	blx	fp
10002d16:	42af      	cmp	r7, r5
10002d18:	d1f7      	bne.n	10002d0a <_vsnprintf+0x31a>
10002d1a:	9c09      	ldr	r4, [sp, #36]	@ 0x24
10002d1c:	3401      	adds	r4, #1
10002d1e:	e684      	b.n	10002a2a <_vsnprintf+0x3a>
10002d20:	4640      	mov	r0, r8
10002d22:	f850 1b04 	ldr.w	r1, [r0], #4
10002d26:	2900      	cmp	r1, #0
10002d28:	f000 80d6 	beq.w	10002ed8 <_vsnprintf+0x4e8>
10002d2c:	f042 0621 	orr.w	r6, r2, #33	@ 0x21
10002d30:	aa12      	add	r2, sp, #72	@ 0x48
10002d32:	4694      	mov	ip, r2
10002d34:	920a      	str	r2, [sp, #40]	@ 0x28
10002d36:	e003      	b.n	10002d40 <_vsnprintf+0x350>
10002d38:	2b20      	cmp	r3, #32
10002d3a:	f000 80d7 	beq.w	10002eec <_vsnprintf+0x4fc>
10002d3e:	4611      	mov	r1, r2
10002d40:	f001 040f 	and.w	r4, r1, #15
10002d44:	4622      	mov	r2, r4
10002d46:	2c09      	cmp	r4, #9
10002d48:	bf94      	ite	ls
10002d4a:	3230      	addls	r2, #48	@ 0x30
10002d4c:	3237      	addhi	r2, #55	@ 0x37
10002d4e:	290f      	cmp	r1, #15
10002d50:	f80c 2b01 	strb.w	r2, [ip], #1
10002d54:	f103 0301 	add.w	r3, r3, #1
10002d58:	ea4f 1211 	mov.w	r2, r1, lsr #4
10002d5c:	d8ec      	bhi.n	10002d38 <_vsnprintf+0x348>
10002d5e:	e0c5      	b.n	10002eec <_vsnprintf+0x4fc>
10002d60:	46c4      	mov	ip, r8
10002d62:	f85c 1b04 	ldr.w	r1, [ip], #4
10002d66:	7808      	ldrb	r0, [r1, #0]
10002d68:	2f00      	cmp	r7, #0
10002d6a:	f040 80af 	bne.w	10002ecc <_vsnprintf+0x4dc>
10002d6e:	f06f 0801 	mvn.w	r8, #1
10002d72:	b158      	cbz	r0, 10002d8c <_vsnprintf+0x39c>
10002d74:	f108 0801 	add.w	r8, r8, #1
10002d78:	460b      	mov	r3, r1
10002d7a:	4488      	add	r8, r1
10002d7c:	e001      	b.n	10002d82 <_vsnprintf+0x392>
10002d7e:	4543      	cmp	r3, r8
10002d80:	d003      	beq.n	10002d8a <_vsnprintf+0x39a>
10002d82:	f813 4f01 	ldrb.w	r4, [r3, #1]!
10002d86:	2c00      	cmp	r4, #0
10002d88:	d1f9      	bne.n	10002d7e <_vsnprintf+0x38e>
10002d8a:	1a5b      	subs	r3, r3, r1
10002d8c:	f412 6e80 	ands.w	lr, r2, #1024	@ 0x400
10002d90:	d002      	beq.n	10002d98 <_vsnprintf+0x3a8>
10002d92:	42bb      	cmp	r3, r7
10002d94:	bf28      	it	cs
10002d96:	463b      	movcs	r3, r7
10002d98:	f012 0202 	ands.w	r2, r2, #2
10002d9c:	920a      	str	r2, [sp, #40]	@ 0x28
10002d9e:	f000 813e 	beq.w	1000301e <_vsnprintf+0x62e>
10002da2:	2800      	cmp	r0, #0
10002da4:	f000 80bb 	beq.w	10002f1e <_vsnprintf+0x52e>
10002da8:	4688      	mov	r8, r1
10002daa:	f1be 0f00 	cmp.w	lr, #0
10002dae:	f000 8100 	beq.w	10002fb2 <_vsnprintf+0x5c2>
10002db2:	462a      	mov	r2, r5
10002db4:	4664      	mov	r4, ip
10002db6:	442f      	add	r7, r5
10002db8:	930b      	str	r3, [sp, #44]	@ 0x2c
10002dba:	e007      	b.n	10002dcc <_vsnprintf+0x3dc>
10002dbc:	464b      	mov	r3, r9
10002dbe:	4651      	mov	r1, sl
10002dc0:	47d8      	blx	fp
10002dc2:	f818 0f01 	ldrb.w	r0, [r8, #1]!
10002dc6:	3501      	adds	r5, #1
10002dc8:	b110      	cbz	r0, 10002dd0 <_vsnprintf+0x3e0>
10002dca:	462a      	mov	r2, r5
10002dcc:	42af      	cmp	r7, r5
10002dce:	d1f5      	bne.n	10002dbc <_vsnprintf+0x3cc>
10002dd0:	46a4      	mov	ip, r4
10002dd2:	9b0b      	ldr	r3, [sp, #44]	@ 0x2c
10002dd4:	9a0a      	ldr	r2, [sp, #40]	@ 0x28
10002dd6:	2a00      	cmp	r2, #0
10002dd8:	f040 80a1 	bne.w	10002f1e <_vsnprintf+0x52e>
10002ddc:	46e0      	mov	r8, ip
10002dde:	9c09      	ldr	r4, [sp, #36]	@ 0x24
10002de0:	3401      	adds	r4, #1
10002de2:	e622      	b.n	10002a2a <_vsnprintf+0x3a>
10002de4:	2700      	movs	r7, #0
10002de6:	eb07 0787 	add.w	r7, r7, r7, lsl #2
10002dea:	eb00 0047 	add.w	r0, r0, r7, lsl #1
10002dee:	f1a0 0730 	sub.w	r7, r0, #48	@ 0x30
10002df2:	f811 0f01 	ldrb.w	r0, [r1, #1]!
10002df6:	f1a0 0330 	sub.w	r3, r0, #48	@ 0x30
10002dfa:	2b09      	cmp	r3, #9
10002dfc:	d9f3      	bls.n	10002de6 <_vsnprintf+0x3f6>
10002dfe:	9109      	str	r1, [sp, #36]	@ 0x24
10002e00:	e63c      	b.n	10002a7c <_vsnprintf+0x8c>
10002e02:	4643      	mov	r3, r8
10002e04:	9909      	ldr	r1, [sp, #36]	@ 0x24
10002e06:	f853 7b04 	ldr.w	r7, [r3], #4
10002e0a:	7888      	ldrb	r0, [r1, #2]
10002e0c:	3102      	adds	r1, #2
10002e0e:	4698      	mov	r8, r3
10002e10:	9109      	str	r1, [sp, #36]	@ 0x24
10002e12:	ea27 77e7 	bic.w	r7, r7, r7, asr #31
10002e16:	e631      	b.n	10002a7c <_vsnprintf+0x8c>
10002e18:	2862      	cmp	r0, #98	@ 0x62
10002e1a:	f000 8187 	beq.w	1000312c <_vsnprintf+0x73c>
10002e1e:	2858      	cmp	r0, #88	@ 0x58
10002e20:	f000 818d 	beq.w	1000313e <_vsnprintf+0x74e>
10002e24:	f412 6380 	ands.w	r3, r2, #1024	@ 0x400
10002e28:	f000 8173 	beq.w	10003112 <_vsnprintf+0x722>
10002e2c:	f022 0e11 	bic.w	lr, r2, #17
10002e30:	f41e 7c00 	ands.w	ip, lr, #512	@ 0x200
10002e34:	f040 810f 	bne.w	10003056 <_vsnprintf+0x666>
10002e38:	f41e 7080 	ands.w	r0, lr, #256	@ 0x100
10002e3c:	f040 81d7 	bne.w	100031ee <_vsnprintf+0x7fe>
10002e40:	f01e 0f40 	tst.w	lr, #64	@ 0x40
10002e44:	4642      	mov	r2, r8
10002e46:	f040 815e 	bne.w	10003106 <_vsnprintf+0x716>
10002e4a:	f01e 0f80 	tst.w	lr, #128	@ 0x80
10002e4e:	f000 8289 	beq.w	10003364 <_vsnprintf+0x974>
10002e52:	f932 1b04 	ldrsh.w	r1, [r2], #4
10002e56:	4690      	mov	r8, r2
10002e58:	ea81 7ce1 	eor.w	ip, r1, r1, asr #31
10002e5c:	ebac 7ce1 	sub.w	ip, ip, r1, asr #31
10002e60:	fa1f fc8c 	uxth.w	ip, ip
10002e64:	0fca      	lsrs	r2, r1, #31
10002e66:	2900      	cmp	r1, #0
10002e68:	f000 81f4 	beq.w	10003254 <_vsnprintf+0x864>
10002e6c:	4663      	mov	r3, ip
10002e6e:	a912      	add	r1, sp, #72	@ 0x48
10002e70:	468c      	mov	ip, r1
10002e72:	e9cd 280b 	strd	r2, r8, [sp, #44]	@ 0x2c
10002e76:	4cb7      	ldr	r4, [pc, #732]	@ (10003154 <_vsnprintf+0x764>)
10002e78:	910a      	str	r1, [sp, #40]	@ 0x28
10002e7a:	e001      	b.n	10002e80 <_vsnprintf+0x490>
10002e7c:	2820      	cmp	r0, #32
10002e7e:	d010      	beq.n	10002ea2 <_vsnprintf+0x4b2>
10002e80:	4698      	mov	r8, r3
10002e82:	fba4 1203 	umull	r1, r2, r4, r3
10002e86:	08d2      	lsrs	r2, r2, #3
10002e88:	eb02 0182 	add.w	r1, r2, r2, lsl #2
10002e8c:	eba3 0141 	sub.w	r1, r3, r1, lsl #1
10002e90:	3130      	adds	r1, #48	@ 0x30
10002e92:	f1b8 0f09 	cmp.w	r8, #9
10002e96:	4613      	mov	r3, r2
10002e98:	f100 0001 	add.w	r0, r0, #1
10002e9c:	f80c 1b01 	strb.w	r1, [ip], #1
10002ea0:	d8ec      	bhi.n	10002e7c <_vsnprintf+0x48c>
10002ea2:	e9dd 280b 	ldrd	r2, r8, [sp, #44]	@ 0x2c
10002ea6:	e9cd 6e05 	strd	r6, lr, [sp, #20]
10002eaa:	e9cd 0201 	strd	r0, r2, [sp, #4]
10002eae:	9704      	str	r7, [sp, #16]
10002eb0:	9b0a      	ldr	r3, [sp, #40]	@ 0x28
10002eb2:	462a      	mov	r2, r5
10002eb4:	9300      	str	r3, [sp, #0]
10002eb6:	230a      	movs	r3, #10
10002eb8:	9303      	str	r3, [sp, #12]
10002eba:	464b      	mov	r3, r9
10002ebc:	4651      	mov	r1, sl
10002ebe:	4658      	mov	r0, fp
10002ec0:	f7ff f818 	bl	10001ef4 <_ntoa_format>
10002ec4:	9c09      	ldr	r4, [sp, #36]	@ 0x24
10002ec6:	4605      	mov	r5, r0
10002ec8:	3401      	adds	r4, #1
10002eca:	e5ae      	b.n	10002a2a <_vsnprintf+0x3a>
10002ecc:	2800      	cmp	r0, #0
10002ece:	f43f af5d 	beq.w	10002d8c <_vsnprintf+0x39c>
10002ed2:	f107 38ff 	add.w	r8, r7, #4294967295	@ 0xffffffff
10002ed6:	e74d      	b.n	10002d74 <_vsnprintf+0x384>
10002ed8:	f022 0610 	bic.w	r6, r2, #16
10002edc:	f412 6180 	ands.w	r1, r2, #1024	@ 0x400
10002ee0:	f046 0621 	orr.w	r6, r6, #33	@ 0x21
10002ee4:	f43f af24 	beq.w	10002d30 <_vsnprintf+0x340>
10002ee8:	aa12      	add	r2, sp, #72	@ 0x48
10002eea:	920a      	str	r2, [sp, #40]	@ 0x28
10002eec:	9301      	str	r3, [sp, #4]
10002eee:	9b0a      	ldr	r3, [sp, #40]	@ 0x28
10002ef0:	4680      	mov	r8, r0
10002ef2:	9300      	str	r3, [sp, #0]
10002ef4:	2308      	movs	r3, #8
10002ef6:	2010      	movs	r0, #16
10002ef8:	9305      	str	r3, [sp, #20]
10002efa:	2300      	movs	r3, #0
10002efc:	462a      	mov	r2, r5
10002efe:	e9cd 3002 	strd	r3, r0, [sp, #8]
10002f02:	4651      	mov	r1, sl
10002f04:	464b      	mov	r3, r9
10002f06:	4658      	mov	r0, fp
10002f08:	9606      	str	r6, [sp, #24]
10002f0a:	9704      	str	r7, [sp, #16]
10002f0c:	9c09      	ldr	r4, [sp, #36]	@ 0x24
10002f0e:	f7fe fff1 	bl	10001ef4 <_ntoa_format>
10002f12:	3401      	adds	r4, #1
10002f14:	4605      	mov	r5, r0
10002f16:	e588      	b.n	10002a2a <_vsnprintf+0x3a>
10002f18:	f442 6200 	orr.w	r2, r2, #2048	@ 0x800
10002f1c:	e68d      	b.n	10002c3a <_vsnprintf+0x24a>
10002f1e:	429e      	cmp	r6, r3
10002f20:	462f      	mov	r7, r5
10002f22:	f67f af5b 	bls.w	10002ddc <_vsnprintf+0x3ec>
10002f26:	4664      	mov	r4, ip
10002f28:	4435      	add	r5, r6
10002f2a:	1aed      	subs	r5, r5, r3
10002f2c:	463a      	mov	r2, r7
10002f2e:	464b      	mov	r3, r9
10002f30:	4651      	mov	r1, sl
10002f32:	2020      	movs	r0, #32
10002f34:	3701      	adds	r7, #1
10002f36:	47d8      	blx	fp
10002f38:	42af      	cmp	r7, r5
10002f3a:	d1f7      	bne.n	10002f2c <_vsnprintf+0x53c>
10002f3c:	46a4      	mov	ip, r4
10002f3e:	46e0      	mov	r8, ip
10002f40:	e74d      	b.n	10002dde <_vsnprintf+0x3ee>
10002f42:	2878      	cmp	r0, #120	@ 0x78
10002f44:	f040 8121 	bne.w	1000318a <_vsnprintf+0x79a>
10002f48:	f412 6380 	ands.w	r3, r2, #1024	@ 0x400
10002f4c:	f000 8221 	beq.w	10003392 <_vsnprintf+0x9a2>
10002f50:	f022 0c0d 	bic.w	ip, r2, #13
10002f54:	2210      	movs	r2, #16
10002f56:	920b      	str	r2, [sp, #44]	@ 0x2c
10002f58:	f41c 7000 	ands.w	r0, ip, #512	@ 0x200
10002f5c:	f040 80fc 	bne.w	10003158 <_vsnprintf+0x768>
10002f60:	f41c 7180 	ands.w	r1, ip, #256	@ 0x100
10002f64:	f040 81b9 	bne.w	100032da <_vsnprintf+0x8ea>
10002f68:	4640      	mov	r0, r8
10002f6a:	f850 2b04 	ldr.w	r2, [r0], #4
10002f6e:	f01c 0f40 	tst.w	ip, #64	@ 0x40
10002f72:	4680      	mov	r8, r0
10002f74:	f000 81ac 	beq.w	100032d0 <_vsnprintf+0x8e0>
10002f78:	b2d2      	uxtb	r2, r2
10002f7a:	2a00      	cmp	r2, #0
10002f7c:	f040 8111 	bne.w	100031a2 <_vsnprintf+0x7b2>
10002f80:	f02c 0c10 	bic.w	ip, ip, #16
10002f84:	2b00      	cmp	r3, #0
10002f86:	f000 810c 	beq.w	100031a2 <_vsnprintf+0x7b2>
10002f8a:	4611      	mov	r1, r2
10002f8c:	ab12      	add	r3, sp, #72	@ 0x48
10002f8e:	930a      	str	r3, [sp, #40]	@ 0x28
10002f90:	9b0b      	ldr	r3, [sp, #44]	@ 0x2c
10002f92:	e9cd 6c05 	strd	r6, ip, [sp, #20]
10002f96:	9704      	str	r7, [sp, #16]
10002f98:	9303      	str	r3, [sp, #12]
10002f9a:	9101      	str	r1, [sp, #4]
10002f9c:	462a      	mov	r2, r5
10002f9e:	9b0a      	ldr	r3, [sp, #40]	@ 0x28
10002fa0:	9300      	str	r3, [sp, #0]
10002fa2:	2300      	movs	r3, #0
10002fa4:	9302      	str	r3, [sp, #8]
10002fa6:	e788      	b.n	10002eba <_vsnprintf+0x4ca>
10002fa8:	f442 6200 	orr.w	r2, r2, #2048	@ 0x800
10002fac:	f042 0220 	orr.w	r2, r2, #32
10002fb0:	e643      	b.n	10002c3a <_vsnprintf+0x24a>
10002fb2:	461c      	mov	r4, r3
10002fb4:	4667      	mov	r7, ip
10002fb6:	462a      	mov	r2, r5
10002fb8:	464b      	mov	r3, r9
10002fba:	4651      	mov	r1, sl
10002fbc:	47d8      	blx	fp
10002fbe:	f818 0f01 	ldrb.w	r0, [r8, #1]!
10002fc2:	3501      	adds	r5, #1
10002fc4:	2800      	cmp	r0, #0
10002fc6:	d1f6      	bne.n	10002fb6 <_vsnprintf+0x5c6>
10002fc8:	4623      	mov	r3, r4
10002fca:	46bc      	mov	ip, r7
10002fcc:	e702      	b.n	10002dd4 <_vsnprintf+0x3e4>
10002fce:	7898      	ldrb	r0, [r3, #2]
10002fd0:	3302      	adds	r3, #2
10002fd2:	f042 02c0 	orr.w	r2, r2, #192	@ 0xc0
10002fd6:	9309      	str	r3, [sp, #36]	@ 0x24
10002fd8:	e57e      	b.n	10002ad8 <_vsnprintf+0xe8>
10002fda:	7898      	ldrb	r0, [r3, #2]
10002fdc:	3302      	adds	r3, #2
10002fde:	f442 7240 	orr.w	r2, r2, #768	@ 0x300
10002fe2:	9309      	str	r3, [sp, #36]	@ 0x24
10002fe4:	e578      	b.n	10002ad8 <_vsnprintf+0xe8>
10002fe6:	4604      	mov	r4, r0
10002fe8:	4602      	mov	r2, r0
10002fea:	e5e1      	b.n	10002bb0 <_vsnprintf+0x1c0>
10002fec:	2e01      	cmp	r6, #1
10002fee:	f240 81c6 	bls.w	1000337e <_vsnprintf+0x98e>
10002ff2:	462f      	mov	r7, r5
10002ff4:	1e6b      	subs	r3, r5, #1
10002ff6:	199c      	adds	r4, r3, r6
10002ff8:	463a      	mov	r2, r7
10002ffa:	464b      	mov	r3, r9
10002ffc:	4651      	mov	r1, sl
10002ffe:	2020      	movs	r0, #32
10003000:	3701      	adds	r7, #1
10003002:	47d8      	blx	fp
10003004:	42a7      	cmp	r7, r4
10003006:	d1f7      	bne.n	10002ff8 <_vsnprintf+0x608>
10003008:	463a      	mov	r2, r7
1000300a:	4435      	add	r5, r6
1000300c:	f858 0b04 	ldr.w	r0, [r8], #4
10003010:	464b      	mov	r3, r9
10003012:	4651      	mov	r1, sl
10003014:	b2c0      	uxtb	r0, r0
10003016:	47d8      	blx	fp
10003018:	9c09      	ldr	r4, [sp, #36]	@ 0x24
1000301a:	3401      	adds	r4, #1
1000301c:	e505      	b.n	10002a2a <_vsnprintf+0x3a>
1000301e:	429e      	cmp	r6, r3
10003020:	f240 81b0 	bls.w	10003384 <_vsnprintf+0x994>
10003024:	4664      	mov	r4, ip
10003026:	e9cd e10b 	strd	lr, r1, [sp, #44]	@ 0x2c
1000302a:	eb06 0805 	add.w	r8, r6, r5
1000302e:	eba8 0803 	sub.w	r8, r8, r3
10003032:	462a      	mov	r2, r5
10003034:	464b      	mov	r3, r9
10003036:	4651      	mov	r1, sl
10003038:	2020      	movs	r0, #32
1000303a:	3501      	adds	r5, #1
1000303c:	47d8      	blx	fp
1000303e:	4545      	cmp	r5, r8
10003040:	d1f7      	bne.n	10003032 <_vsnprintf+0x642>
10003042:	e9dd e10b 	ldrd	lr, r1, [sp, #44]	@ 0x2c
10003046:	7808      	ldrb	r0, [r1, #0]
10003048:	46a4      	mov	ip, r4
1000304a:	1c73      	adds	r3, r6, #1
1000304c:	2800      	cmp	r0, #0
1000304e:	f47f aeab 	bne.w	10002da8 <_vsnprintf+0x3b8>
10003052:	46e0      	mov	r8, ip
10003054:	e6c3      	b.n	10002dde <_vsnprintf+0x3ee>
10003056:	f108 0207 	add.w	r2, r8, #7
1000305a:	f022 0207 	bic.w	r2, r2, #7
1000305e:	4690      	mov	r8, r2
10003060:	6852      	ldr	r2, [r2, #4]
10003062:	f858 1b08 	ldr.w	r1, [r8], #8
10003066:	0fd4      	lsrs	r4, r2, #31
10003068:	ea51 0002 	orrs.w	r0, r1, r2
1000306c:	d154      	bne.n	10003118 <_vsnprintf+0x728>
1000306e:	2b00      	cmp	r3, #0
10003070:	f040 8180 	bne.w	10003374 <_vsnprintf+0x984>
10003074:	4619      	mov	r1, r3
10003076:	aa12      	add	r2, sp, #72	@ 0x48
10003078:	950f      	str	r5, [sp, #60]	@ 0x3c
1000307a:	f04f 0c00 	mov.w	ip, #0
1000307e:	4615      	mov	r5, r2
10003080:	e9cd 480b 	strd	r4, r8, [sp, #44]	@ 0x2c
10003084:	e9cd 670d 	strd	r6, r7, [sp, #52]	@ 0x34
10003088:	4832      	ldr	r0, [pc, #200]	@ (10003154 <_vsnprintf+0x764>)
1000308a:	920a      	str	r2, [sp, #40]	@ 0x28
1000308c:	e002      	b.n	10003094 <_vsnprintf+0x6a4>
1000308e:	f1bc 0f20 	cmp.w	ip, #32
10003092:	d02d      	beq.n	100030f0 <_vsnprintf+0x700>
10003094:	185a      	adds	r2, r3, r1
10003096:	f142 0200 	adc.w	r2, r2, #0
1000309a:	fba0 7802 	umull	r7, r8, r0, r2
1000309e:	f028 0703 	bic.w	r7, r8, #3
100030a2:	eb07 0798 	add.w	r7, r7, r8, lsr #2
100030a6:	1bd2      	subs	r2, r2, r7
100030a8:	461e      	mov	r6, r3
100030aa:	1a9b      	subs	r3, r3, r2
100030ac:	f161 0700 	sbc.w	r7, r1, #0
100030b0:	460c      	mov	r4, r1
100030b2:	f04f 31cc 	mov.w	r1, #3435973836	@ 0xcccccccc
100030b6:	fb01 f103 	mul.w	r1, r1, r3
100030ba:	fb00 1107 	mla	r1, r0, r7, r1
100030be:	fba3 7300 	umull	r7, r3, r3, r0
100030c2:	4419      	add	r1, r3
100030c4:	2305      	movs	r3, #5
100030c6:	f007 0801 	and.w	r8, r7, #1
100030ca:	fba8 3803 	umull	r3, r8, r8, r3
100030ce:	189b      	adds	r3, r3, r2
100030d0:	2e0a      	cmp	r6, #10
100030d2:	f103 0330 	add.w	r3, r3, #48	@ 0x30
100030d6:	ea4f 0757 	mov.w	r7, r7, lsr #1
100030da:	f174 0400 	sbcs.w	r4, r4, #0
100030de:	f805 3b01 	strb.w	r3, [r5], #1
100030e2:	f10c 0c01 	add.w	ip, ip, #1
100030e6:	ea47 73c1 	orr.w	r3, r7, r1, lsl #31
100030ea:	ea4f 0151 	mov.w	r1, r1, lsr #1
100030ee:	d2ce      	bcs.n	1000308e <_vsnprintf+0x69e>
100030f0:	9d0f      	ldr	r5, [sp, #60]	@ 0x3c
100030f2:	e9dd 480b 	ldrd	r4, r8, [sp, #44]	@ 0x2c
100030f6:	e9dd 670d 	ldrd	r6, r7, [sp, #52]	@ 0x34
100030fa:	e9cd 6e05 	strd	r6, lr, [sp, #20]
100030fe:	e9cd c401 	strd	ip, r4, [sp, #4]
10003102:	9704      	str	r7, [sp, #16]
10003104:	e6d4      	b.n	10002eb0 <_vsnprintf+0x4c0>
10003106:	f852 1b04 	ldr.w	r1, [r2], #4
1000310a:	b2c9      	uxtb	r1, r1
1000310c:	4690      	mov	r8, r2
1000310e:	468c      	mov	ip, r1
10003110:	e6a8      	b.n	10002e64 <_vsnprintf+0x474>
10003112:	f022 0e10 	bic.w	lr, r2, #16
10003116:	e68b      	b.n	10002e30 <_vsnprintf+0x440>
10003118:	2a00      	cmp	r2, #0
1000311a:	460b      	mov	r3, r1
1000311c:	db01      	blt.n	10003122 <_vsnprintf+0x732>
1000311e:	4611      	mov	r1, r2
10003120:	e7a9      	b.n	10003076 <_vsnprintf+0x686>
10003122:	424b      	negs	r3, r1
10003124:	eb62 0242 	sbc.w	r2, r2, r2, lsl #1
10003128:	4611      	mov	r1, r2
1000312a:	e7a4      	b.n	10003076 <_vsnprintf+0x686>
1000312c:	f412 6380 	ands.w	r3, r2, #1024	@ 0x400
10003130:	f000 80e7 	beq.w	10003302 <_vsnprintf+0x912>
10003134:	f022 0c0d 	bic.w	ip, r2, #13
10003138:	2202      	movs	r2, #2
1000313a:	920b      	str	r2, [sp, #44]	@ 0x2c
1000313c:	e70c      	b.n	10002f58 <_vsnprintf+0x568>
1000313e:	f412 6380 	ands.w	r3, r2, #1024	@ 0x400
10003142:	f000 8124 	beq.w	1000338e <_vsnprintf+0x99e>
10003146:	f022 020d 	bic.w	r2, r2, #13
1000314a:	f042 0c20 	orr.w	ip, r2, #32
1000314e:	2210      	movs	r2, #16
10003150:	920b      	str	r2, [sp, #44]	@ 0x2c
10003152:	e701      	b.n	10002f58 <_vsnprintf+0x568>
10003154:	cccccccd 	.word	0xcccccccd
10003158:	f108 0207 	add.w	r2, r8, #7
1000315c:	f022 0207 	bic.w	r2, r2, #7
10003160:	4690      	mov	r8, r2
10003162:	6852      	ldr	r2, [r2, #4]
10003164:	f858 1b08 	ldr.w	r1, [r8], #8
10003168:	4610      	mov	r0, r2
1000316a:	430a      	orrs	r2, r1
1000316c:	d178      	bne.n	10003260 <_vsnprintf+0x870>
1000316e:	f02c 0c10 	bic.w	ip, ip, #16
10003172:	2b00      	cmp	r3, #0
10003174:	d074      	beq.n	10003260 <_vsnprintf+0x870>
10003176:	2400      	movs	r4, #0
10003178:	ab12      	add	r3, sp, #72	@ 0x48
1000317a:	930a      	str	r3, [sp, #40]	@ 0x28
1000317c:	9b0b      	ldr	r3, [sp, #44]	@ 0x2c
1000317e:	e9cd 6c05 	strd	r6, ip, [sp, #20]
10003182:	9704      	str	r7, [sp, #16]
10003184:	9303      	str	r3, [sp, #12]
10003186:	9401      	str	r4, [sp, #4]
10003188:	e708      	b.n	10002f9c <_vsnprintf+0x5ac>
1000318a:	286f      	cmp	r0, #111	@ 0x6f
1000318c:	f040 810d 	bne.w	100033aa <_vsnprintf+0x9ba>
10003190:	f412 6380 	ands.w	r3, r2, #1024	@ 0x400
10003194:	f022 0c0c 	bic.w	ip, r2, #12
10003198:	f040 8101 	bne.w	1000339e <_vsnprintf+0x9ae>
1000319c:	2208      	movs	r2, #8
1000319e:	920b      	str	r2, [sp, #44]	@ 0x2c
100031a0:	e6da      	b.n	10002f58 <_vsnprintf+0x568>
100031a2:	f01c 0f20 	tst.w	ip, #32
100031a6:	bf14      	ite	ne
100031a8:	2341      	movne	r3, #65	@ 0x41
100031aa:	2361      	moveq	r3, #97	@ 0x61
100031ac:	a812      	add	r0, sp, #72	@ 0x48
100031ae:	4686      	mov	lr, r0
100031b0:	900a      	str	r0, [sp, #40]	@ 0x28
100031b2:	e9cd 860c 	strd	r8, r6, [sp, #48]	@ 0x30
100031b6:	980b      	ldr	r0, [sp, #44]	@ 0x2c
100031b8:	f1a3 040a 	sub.w	r4, r3, #10
100031bc:	e002      	b.n	100031c4 <_vsnprintf+0x7d4>
100031be:	2920      	cmp	r1, #32
100031c0:	d012      	beq.n	100031e8 <_vsnprintf+0x7f8>
100031c2:	4642      	mov	r2, r8
100031c4:	fbb2 f8f0 	udiv	r8, r2, r0
100031c8:	fb00 2618 	mls	r6, r0, r8, r2
100031cc:	b2f3      	uxtb	r3, r6
100031ce:	2e09      	cmp	r6, #9
100031d0:	f103 0630 	add.w	r6, r3, #48	@ 0x30
100031d4:	bf8a      	itet	hi
100031d6:	191b      	addhi	r3, r3, r4
100031d8:	b2f3      	uxtbls	r3, r6
100031da:	b2db      	uxtbhi	r3, r3
100031dc:	4282      	cmp	r2, r0
100031de:	f80e 3b01 	strb.w	r3, [lr], #1
100031e2:	f101 0101 	add.w	r1, r1, #1
100031e6:	d2ea      	bcs.n	100031be <_vsnprintf+0x7ce>
100031e8:	e9dd 860c 	ldrd	r8, r6, [sp, #48]	@ 0x30
100031ec:	e6d0      	b.n	10002f90 <_vsnprintf+0x5a0>
100031ee:	4641      	mov	r1, r8
100031f0:	f851 0b04 	ldr.w	r0, [r1], #4
100031f4:	0fc2      	lsrs	r2, r0, #31
100031f6:	2800      	cmp	r0, #0
100031f8:	f000 80ae 	beq.w	10003358 <_vsnprintf+0x968>
100031fc:	ea80 73e0 	eor.w	r3, r0, r0, asr #31
10003200:	eba3 73e0 	sub.w	r3, r3, r0, asr #31
10003204:	a812      	add	r0, sp, #72	@ 0x48
10003206:	e9cd 260b 	strd	r2, r6, [sp, #44]	@ 0x2c
1000320a:	f8df 81c4 	ldr.w	r8, [pc, #452]	@ 100033d0 <_vsnprintf+0x9e0>
1000320e:	900a      	str	r0, [sp, #40]	@ 0x28
10003210:	e002      	b.n	10003218 <_vsnprintf+0x828>
10003212:	f1bc 0f20 	cmp.w	ip, #32
10003216:	d00f      	beq.n	10003238 <_vsnprintf+0x848>
10003218:	461e      	mov	r6, r3
1000321a:	fba8 4203 	umull	r4, r2, r8, r3
1000321e:	08d2      	lsrs	r2, r2, #3
10003220:	eb02 0482 	add.w	r4, r2, r2, lsl #2
10003224:	eba3 0444 	sub.w	r4, r3, r4, lsl #1
10003228:	3430      	adds	r4, #48	@ 0x30
1000322a:	2e09      	cmp	r6, #9
1000322c:	4613      	mov	r3, r2
1000322e:	f10c 0c01 	add.w	ip, ip, #1
10003232:	f800 4b01 	strb.w	r4, [r0], #1
10003236:	d8ec      	bhi.n	10003212 <_vsnprintf+0x822>
10003238:	e9dd 260b 	ldrd	r2, r6, [sp, #44]	@ 0x2c
1000323c:	9b0a      	ldr	r3, [sp, #40]	@ 0x28
1000323e:	e9cd c201 	strd	ip, r2, [sp, #4]
10003242:	9300      	str	r3, [sp, #0]
10003244:	230a      	movs	r3, #10
10003246:	462a      	mov	r2, r5
10003248:	4688      	mov	r8, r1
1000324a:	e9cd 6e05 	strd	r6, lr, [sp, #20]
1000324e:	9704      	str	r7, [sp, #16]
10003250:	9303      	str	r3, [sp, #12]
10003252:	e632      	b.n	10002eba <_vsnprintf+0x4ca>
10003254:	2b00      	cmp	r3, #0
10003256:	f43f ae0a 	beq.w	10002e6e <_vsnprintf+0x47e>
1000325a:	ab12      	add	r3, sp, #72	@ 0x48
1000325c:	930a      	str	r3, [sp, #40]	@ 0x28
1000325e:	e622      	b.n	10002ea6 <_vsnprintf+0x4b6>
10003260:	f01c 0f20 	tst.w	ip, #32
10003264:	bf14      	ite	ne
10003266:	2341      	movne	r3, #65	@ 0x41
10003268:	2361      	moveq	r3, #97	@ 0x61
1000326a:	aa12      	add	r2, sp, #72	@ 0x48
1000326c:	3b0a      	subs	r3, #10
1000326e:	e9cd 860c 	strd	r8, r6, [sp, #48]	@ 0x30
10003272:	e9cd 750e 	strd	r7, r5, [sp, #56]	@ 0x38
10003276:	f8cd b044 	str.w	fp, [sp, #68]	@ 0x44
1000327a:	2400      	movs	r4, #0
1000327c:	4690      	mov	r8, r2
1000327e:	460e      	mov	r6, r1
10003280:	4605      	mov	r5, r0
10003282:	469b      	mov	fp, r3
10003284:	9f0b      	ldr	r7, [sp, #44]	@ 0x2c
10003286:	920a      	str	r2, [sp, #40]	@ 0x28
10003288:	f8cd c040 	str.w	ip, [sp, #64]	@ 0x40
1000328c:	e003      	b.n	10003296 <_vsnprintf+0x8a6>
1000328e:	2c20      	cmp	r4, #32
10003290:	d017      	beq.n	100032c2 <_vsnprintf+0x8d2>
10003292:	4606      	mov	r6, r0
10003294:	460d      	mov	r5, r1
10003296:	4629      	mov	r1, r5
10003298:	4630      	mov	r0, r6
1000329a:	463a      	mov	r2, r7
1000329c:	2300      	movs	r3, #0
1000329e:	f003 fd6f 	bl	10006d80 <____aeabi_uldivmod_veneer>
100032a2:	b2d2      	uxtb	r2, r2
100032a4:	2a09      	cmp	r2, #9
100032a6:	f102 0330 	add.w	r3, r2, #48	@ 0x30
100032aa:	bf88      	it	hi
100032ac:	eb02 030b 	addhi.w	r3, r2, fp
100032b0:	42be      	cmp	r6, r7
100032b2:	b2db      	uxtb	r3, r3
100032b4:	f175 0500 	sbcs.w	r5, r5, #0
100032b8:	f808 3b01 	strb.w	r3, [r8], #1
100032bc:	f104 0401 	add.w	r4, r4, #1
100032c0:	d2e5      	bcs.n	1000328e <_vsnprintf+0x89e>
100032c2:	e9dd 860c 	ldrd	r8, r6, [sp, #48]	@ 0x30
100032c6:	e9dd 750e 	ldrd	r7, r5, [sp, #56]	@ 0x38
100032ca:	e9dd cb10 	ldrd	ip, fp, [sp, #64]	@ 0x40
100032ce:	e755      	b.n	1000317c <_vsnprintf+0x78c>
100032d0:	f01c 0f80 	tst.w	ip, #128	@ 0x80
100032d4:	bf18      	it	ne
100032d6:	b292      	uxthne	r2, r2
100032d8:	e64f      	b.n	10002f7a <_vsnprintf+0x58a>
100032da:	4641      	mov	r1, r8
100032dc:	f851 2b04 	ldr.w	r2, [r1], #4
100032e0:	b9a2      	cbnz	r2, 1000330c <_vsnprintf+0x91c>
100032e2:	f02c 0c10 	bic.w	ip, ip, #16
100032e6:	b18b      	cbz	r3, 1000330c <_vsnprintf+0x91c>
100032e8:	ab12      	add	r3, sp, #72	@ 0x48
100032ea:	930a      	str	r3, [sp, #40]	@ 0x28
100032ec:	9b0b      	ldr	r3, [sp, #44]	@ 0x2c
100032ee:	462a      	mov	r2, r5
100032f0:	9303      	str	r3, [sp, #12]
100032f2:	9b0a      	ldr	r3, [sp, #40]	@ 0x28
100032f4:	4688      	mov	r8, r1
100032f6:	e9cd 6c05 	strd	r6, ip, [sp, #20]
100032fa:	9704      	str	r7, [sp, #16]
100032fc:	9001      	str	r0, [sp, #4]
100032fe:	9300      	str	r3, [sp, #0]
10003300:	e64f      	b.n	10002fa2 <_vsnprintf+0x5b2>
10003302:	f022 0c0c 	bic.w	ip, r2, #12
10003306:	2202      	movs	r2, #2
10003308:	920b      	str	r2, [sp, #44]	@ 0x2c
1000330a:	e625      	b.n	10002f58 <_vsnprintf+0x568>
1000330c:	f01c 0f20 	tst.w	ip, #32
10003310:	bf14      	ite	ne
10003312:	2341      	movne	r3, #65	@ 0x41
10003314:	2361      	moveq	r3, #97	@ 0x61
10003316:	ac12      	add	r4, sp, #72	@ 0x48
10003318:	46a6      	mov	lr, r4
1000331a:	940a      	str	r4, [sp, #40]	@ 0x28
1000331c:	e9cd 670c 	strd	r6, r7, [sp, #48]	@ 0x30
10003320:	9c0b      	ldr	r4, [sp, #44]	@ 0x2c
10003322:	f1a3 080a 	sub.w	r8, r3, #10
10003326:	e002      	b.n	1000332e <_vsnprintf+0x93e>
10003328:	2820      	cmp	r0, #32
1000332a:	d012      	beq.n	10003352 <_vsnprintf+0x962>
1000332c:	463a      	mov	r2, r7
1000332e:	fbb2 f7f4 	udiv	r7, r2, r4
10003332:	fb04 2617 	mls	r6, r4, r7, r2
10003336:	b2f3      	uxtb	r3, r6
10003338:	2e09      	cmp	r6, #9
1000333a:	f103 0630 	add.w	r6, r3, #48	@ 0x30
1000333e:	bf8a      	itet	hi
10003340:	4443      	addhi	r3, r8
10003342:	b2f3      	uxtbls	r3, r6
10003344:	b2db      	uxtbhi	r3, r3
10003346:	42a2      	cmp	r2, r4
10003348:	f80e 3b01 	strb.w	r3, [lr], #1
1000334c:	f100 0001 	add.w	r0, r0, #1
10003350:	d2ea      	bcs.n	10003328 <_vsnprintf+0x938>
10003352:	e9dd 670c 	ldrd	r6, r7, [sp, #48]	@ 0x30
10003356:	e7c9      	b.n	100032ec <_vsnprintf+0x8fc>
10003358:	2b00      	cmp	r3, #0
1000335a:	f43f af53 	beq.w	10003204 <_vsnprintf+0x814>
1000335e:	ab12      	add	r3, sp, #72	@ 0x48
10003360:	930a      	str	r3, [sp, #40]	@ 0x28
10003362:	e76b      	b.n	1000323c <_vsnprintf+0x84c>
10003364:	f852 1b04 	ldr.w	r1, [r2], #4
10003368:	ea81 7ce1 	eor.w	ip, r1, r1, asr #31
1000336c:	4690      	mov	r8, r2
1000336e:	ebac 7ce1 	sub.w	ip, ip, r1, asr #31
10003372:	e577      	b.n	10002e64 <_vsnprintf+0x474>
10003374:	ab12      	add	r3, sp, #72	@ 0x48
10003376:	f04f 0c00 	mov.w	ip, #0
1000337a:	930a      	str	r3, [sp, #40]	@ 0x28
1000337c:	e6bd      	b.n	100030fa <_vsnprintf+0x70a>
1000337e:	462a      	mov	r2, r5
10003380:	3501      	adds	r5, #1
10003382:	e643      	b.n	1000300c <_vsnprintf+0x61c>
10003384:	3301      	adds	r3, #1
10003386:	2800      	cmp	r0, #0
10003388:	f47f ad0e 	bne.w	10002da8 <_vsnprintf+0x3b8>
1000338c:	e661      	b.n	10003052 <_vsnprintf+0x662>
1000338e:	f042 0220 	orr.w	r2, r2, #32
10003392:	f022 0c0c 	bic.w	ip, r2, #12
10003396:	2210      	movs	r2, #16
10003398:	2300      	movs	r3, #0
1000339a:	920b      	str	r2, [sp, #44]	@ 0x2c
1000339c:	e5dc      	b.n	10002f58 <_vsnprintf+0x568>
1000339e:	4696      	mov	lr, r2
100033a0:	2208      	movs	r2, #8
100033a2:	920b      	str	r2, [sp, #44]	@ 0x2c
100033a4:	f02e 0c0d 	bic.w	ip, lr, #13
100033a8:	e5d6      	b.n	10002f58 <_vsnprintf+0x568>
100033aa:	2869      	cmp	r0, #105	@ 0x69
100033ac:	f022 0e10 	bic.w	lr, r2, #16
100033b0:	d104      	bne.n	100033bc <_vsnprintf+0x9cc>
100033b2:	f412 6380 	ands.w	r3, r2, #1024	@ 0x400
100033b6:	f43f ad3b 	beq.w	10002e30 <_vsnprintf+0x440>
100033ba:	e537      	b.n	10002e2c <_vsnprintf+0x43c>
100033bc:	f022 0c1c 	bic.w	ip, r2, #28
100033c0:	f412 6380 	ands.w	r3, r2, #1024	@ 0x400
100033c4:	f04f 020a 	mov.w	r2, #10
100033c8:	920b      	str	r2, [sp, #44]	@ 0x2c
100033ca:	d1eb      	bne.n	100033a4 <_vsnprintf+0x9b4>
100033cc:	e5c4      	b.n	10002f58 <_vsnprintf+0x568>
100033ce:	bf00      	nop
100033d0:	cccccccd 	.word	0xcccccccd

100033d4 <vfctprintf>:
100033d4:	b570      	push	{r4, r5, r6, lr}
100033d6:	4694      	mov	ip, r2
100033d8:	461e      	mov	r6, r3
100033da:	4605      	mov	r5, r0
100033dc:	460c      	mov	r4, r1
100033de:	b084      	sub	sp, #16
100033e0:	f04f 32ff 	mov.w	r2, #4294967295	@ 0xffffffff
100033e4:	4663      	mov	r3, ip
100033e6:	a902      	add	r1, sp, #8
100033e8:	9600      	str	r6, [sp, #0]
100033ea:	4803      	ldr	r0, [pc, #12]	@ (100033f8 <vfctprintf+0x24>)
100033ec:	e9cd 5402 	strd	r5, r4, [sp, #8]
100033f0:	f7ff fafe 	bl	100029f0 <_vsnprintf>
100033f4:	b004      	add	sp, #16
100033f6:	bd70      	pop	{r4, r5, r6, pc}
100033f8:	10002191 	.word	0x10002191

100033fc <weak_raw_vprintf>:
100033fc:	b510      	push	{r4, lr}
100033fe:	4b09      	ldr	r3, [pc, #36]	@ (10003424 <weak_raw_vprintf+0x28>)
10003400:	b084      	sub	sp, #16
10003402:	681c      	ldr	r4, [r3, #0]
10003404:	b14c      	cbz	r4, 1000341a <weak_raw_vprintf+0x1e>
10003406:	4603      	mov	r3, r0
10003408:	9100      	str	r1, [sp, #0]
1000340a:	f04f 32ff 	mov.w	r2, #4294967295	@ 0xffffffff
1000340e:	a903      	add	r1, sp, #12
10003410:	4805      	ldr	r0, [pc, #20]	@ (10003428 <weak_raw_vprintf+0x2c>)
10003412:	47a0      	blx	r4
10003414:	2001      	movs	r0, #1
10003416:	b004      	add	sp, #16
10003418:	bd10      	pop	{r4, pc}
1000341a:	f000 f9db 	bl	100037d4 <__wrap_puts>
1000341e:	4620      	mov	r0, r4
10003420:	b004      	add	sp, #16
10003422:	bd10      	pop	{r4, pc}
10003424:	20002b60 	.word	0x20002b60
10003428:	10002189 	.word	0x10002189

1000342c <_exit>:
1000342c:	be00      	bkpt	0x0000
1000342e:	e7fd      	b.n	1000342c <_exit>

10003430 <_sbrk>:
10003430:	4a07      	ldr	r2, [pc, #28]	@ (10003450 <_sbrk+0x20>)
10003432:	4603      	mov	r3, r0
10003434:	6810      	ldr	r0, [r2, #0]
10003436:	b138      	cbz	r0, 10003448 <_sbrk+0x18>
10003438:	4906      	ldr	r1, [pc, #24]	@ (10003454 <_sbrk+0x24>)
1000343a:	4403      	add	r3, r0
1000343c:	428b      	cmp	r3, r1
1000343e:	bf8c      	ite	hi
10003440:	f04f 30ff 	movhi.w	r0, #4294967295	@ 0xffffffff
10003444:	6013      	strls	r3, [r2, #0]
10003446:	4770      	bx	lr
10003448:	4903      	ldr	r1, [pc, #12]	@ (10003458 <_sbrk+0x28>)
1000344a:	4608      	mov	r0, r1
1000344c:	6011      	str	r1, [r2, #0]
1000344e:	e7f3      	b.n	10003438 <_sbrk+0x8>
10003450:	2000275c 	.word	0x2000275c
10003454:	20080000 	.word	0x20080000
10003458:	20002bc8 	.word	0x20002bc8

1000345c <exit>:
1000345c:	b508      	push	{r3, lr}
1000345e:	f7ff ffe5 	bl	1000342c <_exit>
10003462:	bf00      	nop

10003464 <runtime_init>:
10003464:	b538      	push	{r3, r4, r5, lr}
10003466:	4d06      	ldr	r5, [pc, #24]	@ (10003480 <runtime_init+0x1c>)
10003468:	4c06      	ldr	r4, [pc, #24]	@ (10003484 <runtime_init+0x20>)
1000346a:	f7fe faa7 	bl	100019bc <runtime_run_initializers>
1000346e:	42ac      	cmp	r4, r5
10003470:	d204      	bcs.n	1000347c <runtime_init+0x18>
10003472:	f854 3b04 	ldr.w	r3, [r4], #4
10003476:	4798      	blx	r3
10003478:	42ac      	cmp	r4, r5
1000347a:	d3fa      	bcc.n	10003472 <runtime_init+0xe>
1000347c:	bd38      	pop	{r3, r4, r5, pc}
1000347e:	bf00      	nop
10003480:	10006e00 	.word	0x10006e00
10003484:	10006df8 	.word	0x10006df8

10003488 <stdio_out_chars_no_crlf>:
10003488:	6803      	ldr	r3, [r0, #0]
1000348a:	4608      	mov	r0, r1
1000348c:	4611      	mov	r1, r2
1000348e:	4718      	bx	r3

10003490 <stdio_out_chars_crlf>:
10003490:	e92d 4ff0 	stmdb	sp!, {r4, r5, r6, r7, r8, r9, sl, fp, lr}
10003494:	7d43      	ldrb	r3, [r0, #21]
10003496:	4682      	mov	sl, r0
10003498:	4688      	mov	r8, r1
1000349a:	4617      	mov	r7, r2
1000349c:	b081      	sub	sp, #4
1000349e:	2b00      	cmp	r3, #0
100034a0:	d047      	beq.n	10003532 <stdio_out_chars_crlf+0xa2>
100034a2:	2a00      	cmp	r2, #0
100034a4:	dd24      	ble.n	100034f0 <stdio_out_chars_crlf+0x60>
100034a6:	2400      	movs	r4, #0
100034a8:	2501      	movs	r5, #1
100034aa:	4620      	mov	r0, r4
100034ac:	f8df 9094 	ldr.w	r9, [pc, #148]	@ 10003544 <stdio_out_chars_crlf+0xb4>
100034b0:	1e4e      	subs	r6, r1, #1
100034b2:	b304      	cbz	r4, 100034f6 <stdio_out_chars_crlf+0x66>
100034b4:	7873      	ldrb	r3, [r6, #1]
100034b6:	f106 0b01 	add.w	fp, r6, #1
100034ba:	2b0a      	cmp	r3, #10
100034bc:	d026      	beq.n	1000350c <stdio_out_chars_crlf+0x7c>
100034be:	462b      	mov	r3, r5
100034c0:	465e      	mov	r6, fp
100034c2:	42bb      	cmp	r3, r7
100034c4:	f104 0401 	add.w	r4, r4, #1
100034c8:	f105 0501 	add.w	r5, r5, #1
100034cc:	dbf1      	blt.n	100034b2 <stdio_out_chars_crlf+0x22>
100034ce:	4287      	cmp	r7, r0
100034d0:	dd04      	ble.n	100034dc <stdio_out_chars_crlf+0x4c>
100034d2:	1a39      	subs	r1, r7, r0
100034d4:	f8da 3000 	ldr.w	r3, [sl]
100034d8:	4440      	add	r0, r8
100034da:	4798      	blx	r3
100034dc:	44b8      	add	r8, r7
100034de:	f818 3c01 	ldrb.w	r3, [r8, #-1]
100034e2:	f1a3 030d 	sub.w	r3, r3, #13
100034e6:	fab3 f383 	clz	r3, r3
100034ea:	095b      	lsrs	r3, r3, #5
100034ec:	f88a 3014 	strb.w	r3, [sl, #20]
100034f0:	b001      	add	sp, #4
100034f2:	e8bd 8ff0 	ldmia.w	sp!, {r4, r5, r6, r7, r8, r9, sl, fp, pc}
100034f6:	7873      	ldrb	r3, [r6, #1]
100034f8:	f106 0b01 	add.w	fp, r6, #1
100034fc:	2b0a      	cmp	r3, #10
100034fe:	d1de      	bne.n	100034be <stdio_out_chars_crlf+0x2e>
10003500:	f89a 3014 	ldrb.w	r3, [sl, #20]
10003504:	b163      	cbz	r3, 10003520 <stdio_out_chars_crlf+0x90>
10003506:	465e      	mov	r6, fp
10003508:	462b      	mov	r3, r5
1000350a:	e7da      	b.n	100034c2 <stdio_out_chars_crlf+0x32>
1000350c:	7833      	ldrb	r3, [r6, #0]
1000350e:	2b0d      	cmp	r3, #13
10003510:	d0f9      	beq.n	10003506 <stdio_out_chars_crlf+0x76>
10003512:	42a0      	cmp	r0, r4
10003514:	da04      	bge.n	10003520 <stdio_out_chars_crlf+0x90>
10003516:	1a21      	subs	r1, r4, r0
10003518:	f8da 3000 	ldr.w	r3, [sl]
1000351c:	4440      	add	r0, r8
1000351e:	4798      	blx	r3
10003520:	4648      	mov	r0, r9
10003522:	f8da 3000 	ldr.w	r3, [sl]
10003526:	2102      	movs	r1, #2
10003528:	4798      	blx	r3
1000352a:	465e      	mov	r6, fp
1000352c:	4628      	mov	r0, r5
1000352e:	462b      	mov	r3, r5
10003530:	e7c7      	b.n	100034c2 <stdio_out_chars_crlf+0x32>
10003532:	4611      	mov	r1, r2
10003534:	4640      	mov	r0, r8
10003536:	f8da 3000 	ldr.w	r3, [sl]
1000353a:	b001      	add	sp, #4
1000353c:	e8bd 4ff0 	ldmia.w	sp!, {r4, r5, r6, r7, r8, r9, sl, fp, lr}
10003540:	4718      	bx	r3
10003542:	bf00      	nop
10003544:	10007208 	.word	0x10007208

10003548 <stdio_buffered_printer>:
10003548:	680b      	ldr	r3, [r1, #0]
1000354a:	e92d 41f0 	stmdb	sp!, {r4, r5, r6, r7, r8, lr}
1000354e:	2b80      	cmp	r3, #128	@ 0x80
10003550:	460d      	mov	r5, r1
10003552:	4606      	mov	r6, r0
10003554:	d005      	beq.n	10003562 <stdio_buffered_printer+0x1a>
10003556:	1c5a      	adds	r2, r3, #1
10003558:	442b      	add	r3, r5
1000355a:	602a      	str	r2, [r5, #0]
1000355c:	711e      	strb	r6, [r3, #4]
1000355e:	e8bd 81f0 	ldmia.w	sp!, {r4, r5, r6, r7, r8, pc}
10003562:	4b0f      	ldr	r3, [pc, #60]	@ (100035a0 <stdio_buffered_printer+0x58>)
10003564:	681c      	ldr	r4, [r3, #0]
10003566:	b1a4      	cbz	r4, 10003592 <stdio_buffered_printer+0x4a>
10003568:	4f0e      	ldr	r7, [pc, #56]	@ (100035a4 <stdio_buffered_printer+0x5c>)
1000356a:	f101 0804 	add.w	r8, r1, #4
1000356e:	e001      	b.n	10003574 <stdio_buffered_printer+0x2c>
10003570:	6924      	ldr	r4, [r4, #16]
10003572:	b174      	cbz	r4, 10003592 <stdio_buffered_printer+0x4a>
10003574:	6823      	ldr	r3, [r4, #0]
10003576:	2b00      	cmp	r3, #0
10003578:	d0fa      	beq.n	10003570 <stdio_buffered_printer+0x28>
1000357a:	683b      	ldr	r3, [r7, #0]
1000357c:	b10b      	cbz	r3, 10003582 <stdio_buffered_printer+0x3a>
1000357e:	42a3      	cmp	r3, r4
10003580:	d1f6      	bne.n	10003570 <stdio_buffered_printer+0x28>
10003582:	4620      	mov	r0, r4
10003584:	4641      	mov	r1, r8
10003586:	682a      	ldr	r2, [r5, #0]
10003588:	f7ff ff82 	bl	10003490 <stdio_out_chars_crlf>
1000358c:	6924      	ldr	r4, [r4, #16]
1000358e:	2c00      	cmp	r4, #0
10003590:	d1f0      	bne.n	10003574 <stdio_buffered_printer+0x2c>
10003592:	2300      	movs	r3, #0
10003594:	2201      	movs	r2, #1
10003596:	442b      	add	r3, r5
10003598:	602a      	str	r2, [r5, #0]
1000359a:	711e      	strb	r6, [r3, #4]
1000359c:	e8bd 81f0 	ldmia.w	sp!, {r4, r5, r6, r7, r8, pc}
100035a0:	20002750 	.word	0x20002750
100035a4:	20002758 	.word	0x20002758

100035a8 <stdio_put_string>:
100035a8:	e92d 47f0 	stmdb	sp!, {r4, r5, r6, r7, r8, r9, sl, lr}
100035ac:	b082      	sub	sp, #8
100035ae:	460d      	mov	r5, r1
100035b0:	4692      	mov	sl, r2
100035b2:	4699      	mov	r9, r3
100035b4:	4607      	mov	r7, r0
100035b6:	f7fe f841 	bl	1000163c <time_us_64>
100035ba:	f04f 36ff 	mov.w	r6, #4294967295	@ 0xffffffff
100035be:	f06f 4400 	mvn.w	r4, #2147483648	@ 0x80000000
100035c2:	4a2f      	ldr	r2, [pc, #188]	@ (10003680 <stdio_put_string+0xd8>)
100035c4:	1882      	adds	r2, r0, r2
100035c6:	f141 0300 	adc.w	r3, r1, #0
100035ca:	4296      	cmp	r6, r2
100035cc:	eb74 0103 	sbcs.w	r1, r4, r3
100035d0:	bf3c      	itt	cc
100035d2:	4632      	movcc	r2, r6
100035d4:	4623      	movcc	r3, r4
100035d6:	482b      	ldr	r0, [pc, #172]	@ (10003684 <stdio_put_string+0xdc>)
100035d8:	f003 fbde 	bl	10006d98 <__mutex_try_enter_block_until_veneer>
100035dc:	1c6b      	adds	r3, r5, #1
100035de:	4680      	mov	r8, r0
100035e0:	d103      	bne.n	100035ea <stdio_put_string+0x42>
100035e2:	4638      	mov	r0, r7
100035e4:	f003 f984 	bl	100068f0 <strlen>
100035e8:	4605      	mov	r5, r0
100035ea:	4b27      	ldr	r3, [pc, #156]	@ (10003688 <stdio_put_string+0xe0>)
100035ec:	4e27      	ldr	r6, [pc, #156]	@ (1000368c <stdio_put_string+0xe4>)
100035ee:	681c      	ldr	r4, [r3, #0]
100035f0:	4b27      	ldr	r3, [pc, #156]	@ (10003690 <stdio_put_string+0xe8>)
100035f2:	f1b9 0f00 	cmp.w	r9, #0
100035f6:	bf18      	it	ne
100035f8:	461e      	movne	r6, r3
100035fa:	b1b4      	cbz	r4, 1000362a <stdio_put_string+0x82>
100035fc:	f1ba 0f00 	cmp.w	sl, #0
10003600:	d11a      	bne.n	10003638 <stdio_put_string+0x90>
10003602:	f8df 9090 	ldr.w	r9, [pc, #144]	@ 10003694 <stdio_put_string+0xec>
10003606:	e001      	b.n	1000360c <stdio_put_string+0x64>
10003608:	6924      	ldr	r4, [r4, #16]
1000360a:	b174      	cbz	r4, 1000362a <stdio_put_string+0x82>
1000360c:	6823      	ldr	r3, [r4, #0]
1000360e:	2b00      	cmp	r3, #0
10003610:	d0fa      	beq.n	10003608 <stdio_put_string+0x60>
10003612:	f8d9 3000 	ldr.w	r3, [r9]
10003616:	b10b      	cbz	r3, 1000361c <stdio_put_string+0x74>
10003618:	42a3      	cmp	r3, r4
1000361a:	d1f5      	bne.n	10003608 <stdio_put_string+0x60>
1000361c:	4620      	mov	r0, r4
1000361e:	462a      	mov	r2, r5
10003620:	4639      	mov	r1, r7
10003622:	47b0      	blx	r6
10003624:	6924      	ldr	r4, [r4, #16]
10003626:	2c00      	cmp	r4, #0
10003628:	d1f0      	bne.n	1000360c <stdio_put_string+0x64>
1000362a:	f1b8 0f00 	cmp.w	r8, #0
1000362e:	d11f      	bne.n	10003670 <stdio_put_string+0xc8>
10003630:	4628      	mov	r0, r5
10003632:	b002      	add	sp, #8
10003634:	e8bd 87f0 	ldmia.w	sp!, {r4, r5, r6, r7, r8, r9, sl, pc}
10003638:	f04f 0a0a 	mov.w	sl, #10
1000363c:	f8df 9054 	ldr.w	r9, [pc, #84]	@ 10003694 <stdio_put_string+0xec>
10003640:	e002      	b.n	10003648 <stdio_put_string+0xa0>
10003642:	6924      	ldr	r4, [r4, #16]
10003644:	2c00      	cmp	r4, #0
10003646:	d0f0      	beq.n	1000362a <stdio_put_string+0x82>
10003648:	6823      	ldr	r3, [r4, #0]
1000364a:	2b00      	cmp	r3, #0
1000364c:	d0f9      	beq.n	10003642 <stdio_put_string+0x9a>
1000364e:	f8d9 3000 	ldr.w	r3, [r9]
10003652:	b10b      	cbz	r3, 10003658 <stdio_put_string+0xb0>
10003654:	42a3      	cmp	r3, r4
10003656:	d1f4      	bne.n	10003642 <stdio_put_string+0x9a>
10003658:	4620      	mov	r0, r4
1000365a:	462a      	mov	r2, r5
1000365c:	4639      	mov	r1, r7
1000365e:	47b0      	blx	r6
10003660:	4620      	mov	r0, r4
10003662:	2201      	movs	r2, #1
10003664:	f10d 0107 	add.w	r1, sp, #7
10003668:	f88d a007 	strb.w	sl, [sp, #7]
1000366c:	47b0      	blx	r6
1000366e:	e7e8      	b.n	10003642 <stdio_put_string+0x9a>
10003670:	4804      	ldr	r0, [pc, #16]	@ (10003684 <stdio_put_string+0xdc>)
10003672:	f003 fb89 	bl	10006d88 <__mutex_exit_veneer>
10003676:	4628      	mov	r0, r5
10003678:	b002      	add	sp, #8
1000367a:	e8bd 87f0 	ldmia.w	sp!, {r4, r5, r6, r7, r8, r9, sl, pc}
1000367e:	bf00      	nop
10003680:	000f4240 	.word	0x000f4240
10003684:	20001dc8 	.word	0x20001dc8
10003688:	20002750 	.word	0x20002750
1000368c:	10003489 	.word	0x10003489
10003690:	10003491 	.word	0x10003491
10003694:	20002758 	.word	0x20002758

10003698 <stdio_set_driver_enabled>:
10003698:	4a08      	ldr	r2, [pc, #32]	@ (100036bc <stdio_set_driver_enabled+0x24>)
1000369a:	6813      	ldr	r3, [r2, #0]
1000369c:	b923      	cbnz	r3, 100036a8 <stdio_set_driver_enabled+0x10>
1000369e:	e00a      	b.n	100036b6 <stdio_set_driver_enabled+0x1e>
100036a0:	f103 0210 	add.w	r2, r3, #16
100036a4:	691b      	ldr	r3, [r3, #16]
100036a6:	b133      	cbz	r3, 100036b6 <stdio_set_driver_enabled+0x1e>
100036a8:	4298      	cmp	r0, r3
100036aa:	d1f9      	bne.n	100036a0 <stdio_set_driver_enabled+0x8>
100036ac:	b929      	cbnz	r1, 100036ba <stdio_set_driver_enabled+0x22>
100036ae:	6903      	ldr	r3, [r0, #16]
100036b0:	6013      	str	r3, [r2, #0]
100036b2:	6101      	str	r1, [r0, #16]
100036b4:	4770      	bx	lr
100036b6:	b101      	cbz	r1, 100036ba <stdio_set_driver_enabled+0x22>
100036b8:	6010      	str	r0, [r2, #0]
100036ba:	4770      	bx	lr
100036bc:	20002750 	.word	0x20002750

100036c0 <stdio_init_all>:
100036c0:	f000 bb28 	b.w	10003d14 <stdio_usb_init>

100036c4 <stdio_getchar_timeout_us>:
100036c4:	e92d 41f0 	stmdb	sp!, {r4, r5, r6, r7, r8, lr}
100036c8:	b082      	sub	sp, #8
100036ca:	4606      	mov	r6, r0
100036cc:	f7fd ffb6 	bl	1000163c <time_us_64>
100036d0:	f04f 32ff 	mov.w	r2, #4294967295	@ 0xffffffff
100036d4:	f06f 4300 	mvn.w	r3, #2147483648	@ 0x80000000
100036d8:	1836      	adds	r6, r6, r0
100036da:	f141 0700 	adc.w	r7, r1, #0
100036de:	42b2      	cmp	r2, r6
100036e0:	eb73 0107 	sbcs.w	r1, r3, r7
100036e4:	bf3c      	itt	cc
100036e6:	4616      	movcc	r6, r2
100036e8:	461f      	movcc	r7, r3
100036ea:	f8df 8060 	ldr.w	r8, [pc, #96]	@ 1000374c <stdio_getchar_timeout_us+0x88>
100036ee:	4d15      	ldr	r5, [pc, #84]	@ (10003744 <stdio_getchar_timeout_us+0x80>)
100036f0:	f8d8 4000 	ldr.w	r4, [r8]
100036f4:	b914      	cbnz	r4, 100036fc <stdio_getchar_timeout_us+0x38>
100036f6:	e012      	b.n	1000371e <stdio_getchar_timeout_us+0x5a>
100036f8:	6924      	ldr	r4, [r4, #16]
100036fa:	b184      	cbz	r4, 1000371e <stdio_getchar_timeout_us+0x5a>
100036fc:	682b      	ldr	r3, [r5, #0]
100036fe:	b10b      	cbz	r3, 10003704 <stdio_getchar_timeout_us+0x40>
10003700:	42a3      	cmp	r3, r4
10003702:	d1f9      	bne.n	100036f8 <stdio_getchar_timeout_us+0x34>
10003704:	68a3      	ldr	r3, [r4, #8]
10003706:	2b00      	cmp	r3, #0
10003708:	d0f6      	beq.n	100036f8 <stdio_getchar_timeout_us+0x34>
1000370a:	2101      	movs	r1, #1
1000370c:	a801      	add	r0, sp, #4
1000370e:	4798      	blx	r3
10003710:	2800      	cmp	r0, #0
10003712:	ddf1      	ble.n	100036f8 <stdio_getchar_timeout_us+0x34>
10003714:	f89d 0004 	ldrb.w	r0, [sp, #4]
10003718:	b002      	add	sp, #8
1000371a:	e8bd 81f0 	ldmia.w	sp!, {r4, r5, r6, r7, r8, pc}
1000371e:	4b0a      	ldr	r3, [pc, #40]	@ (10003748 <stdio_getchar_timeout_us+0x84>)
10003720:	6a5a      	ldr	r2, [r3, #36]	@ 0x24
10003722:	4297      	cmp	r7, r2
10003724:	d809      	bhi.n	1000373a <stdio_getchar_timeout_us+0x76>
10003726:	6a9b      	ldr	r3, [r3, #40]	@ 0x28
10003728:	42b3      	cmp	r3, r6
1000372a:	d304      	bcc.n	10003736 <stdio_getchar_timeout_us+0x72>
1000372c:	f06f 0001 	mvn.w	r0, #1
10003730:	b002      	add	sp, #8
10003732:	e8bd 81f0 	ldmia.w	sp!, {r4, r5, r6, r7, r8, pc}
10003736:	4297      	cmp	r7, r2
10003738:	d1f8      	bne.n	1000372c <stdio_getchar_timeout_us+0x68>
1000373a:	2001      	movs	r0, #1
1000373c:	2100      	movs	r1, #0
1000373e:	f7fd ff87 	bl	10001650 <busy_wait_us>
10003742:	e7d5      	b.n	100036f0 <stdio_getchar_timeout_us+0x2c>
10003744:	20002758 	.word	0x20002758
10003748:	400b0000 	.word	0x400b0000
1000374c:	20002750 	.word	0x20002750

10003750 <__wrap_putchar>:
10003750:	b5f0      	push	{r4, r5, r6, r7, lr}
10003752:	b083      	sub	sp, #12
10003754:	4606      	mov	r6, r0
10003756:	f88d 0007 	strb.w	r0, [sp, #7]
1000375a:	f7fd ff6f 	bl	1000163c <time_us_64>
1000375e:	f04f 35ff 	mov.w	r5, #4294967295	@ 0xffffffff
10003762:	f06f 4400 	mvn.w	r4, #2147483648	@ 0x80000000
10003766:	4a17      	ldr	r2, [pc, #92]	@ (100037c4 <__wrap_putchar+0x74>)
10003768:	1882      	adds	r2, r0, r2
1000376a:	f141 0300 	adc.w	r3, r1, #0
1000376e:	4295      	cmp	r5, r2
10003770:	eb74 0103 	sbcs.w	r1, r4, r3
10003774:	bf3c      	itt	cc
10003776:	4623      	movcc	r3, r4
10003778:	462a      	movcc	r2, r5
1000377a:	4813      	ldr	r0, [pc, #76]	@ (100037c8 <__wrap_putchar+0x78>)
1000377c:	f003 fb0c 	bl	10006d98 <__mutex_try_enter_block_until_veneer>
10003780:	4b12      	ldr	r3, [pc, #72]	@ (100037cc <__wrap_putchar+0x7c>)
10003782:	4607      	mov	r7, r0
10003784:	681c      	ldr	r4, [r3, #0]
10003786:	b19c      	cbz	r4, 100037b0 <__wrap_putchar+0x60>
10003788:	4d11      	ldr	r5, [pc, #68]	@ (100037d0 <__wrap_putchar+0x80>)
1000378a:	e001      	b.n	10003790 <__wrap_putchar+0x40>
1000378c:	6924      	ldr	r4, [r4, #16]
1000378e:	b17c      	cbz	r4, 100037b0 <__wrap_putchar+0x60>
10003790:	6823      	ldr	r3, [r4, #0]
10003792:	2b00      	cmp	r3, #0
10003794:	d0fa      	beq.n	1000378c <__wrap_putchar+0x3c>
10003796:	682b      	ldr	r3, [r5, #0]
10003798:	b10b      	cbz	r3, 1000379e <__wrap_putchar+0x4e>
1000379a:	42a3      	cmp	r3, r4
1000379c:	d1f6      	bne.n	1000378c <__wrap_putchar+0x3c>
1000379e:	4620      	mov	r0, r4
100037a0:	2201      	movs	r2, #1
100037a2:	f10d 0107 	add.w	r1, sp, #7
100037a6:	f7ff fe73 	bl	10003490 <stdio_out_chars_crlf>
100037aa:	6924      	ldr	r4, [r4, #16]
100037ac:	2c00      	cmp	r4, #0
100037ae:	d1ef      	bne.n	10003790 <__wrap_putchar+0x40>
100037b0:	b917      	cbnz	r7, 100037b8 <__wrap_putchar+0x68>
100037b2:	4630      	mov	r0, r6
100037b4:	b003      	add	sp, #12
100037b6:	bdf0      	pop	{r4, r5, r6, r7, pc}
100037b8:	4803      	ldr	r0, [pc, #12]	@ (100037c8 <__wrap_putchar+0x78>)
100037ba:	f003 fae5 	bl	10006d88 <__mutex_exit_veneer>
100037be:	4630      	mov	r0, r6
100037c0:	b003      	add	sp, #12
100037c2:	bdf0      	pop	{r4, r5, r6, r7, pc}
100037c4:	000f4240 	.word	0x000f4240
100037c8:	20001dc8 	.word	0x20001dc8
100037cc:	20002750 	.word	0x20002750
100037d0:	20002758 	.word	0x20002758

100037d4 <__wrap_puts>:
100037d4:	b538      	push	{r3, r4, r5, lr}
100037d6:	4604      	mov	r4, r0
100037d8:	f003 f88a 	bl	100068f0 <strlen>
100037dc:	2301      	movs	r3, #1
100037de:	4605      	mov	r5, r0
100037e0:	461a      	mov	r2, r3
100037e2:	4620      	mov	r0, r4
100037e4:	4629      	mov	r1, r5
100037e6:	f7ff fedf 	bl	100035a8 <stdio_put_string>
100037ea:	4b08      	ldr	r3, [pc, #32]	@ (1000380c <__wrap_puts+0x38>)
100037ec:	681c      	ldr	r4, [r3, #0]
100037ee:	b12c      	cbz	r4, 100037fc <__wrap_puts+0x28>
100037f0:	6863      	ldr	r3, [r4, #4]
100037f2:	b12b      	cbz	r3, 10003800 <__wrap_puts+0x2c>
100037f4:	4798      	blx	r3
100037f6:	6924      	ldr	r4, [r4, #16]
100037f8:	2c00      	cmp	r4, #0
100037fa:	d1f9      	bne.n	100037f0 <__wrap_puts+0x1c>
100037fc:	4628      	mov	r0, r5
100037fe:	bd38      	pop	{r3, r4, r5, pc}
10003800:	6924      	ldr	r4, [r4, #16]
10003802:	2c00      	cmp	r4, #0
10003804:	d1f4      	bne.n	100037f0 <__wrap_puts+0x1c>
10003806:	4628      	mov	r0, r5
10003808:	bd38      	pop	{r3, r4, r5, pc}
1000380a:	bf00      	nop
1000380c:	20002750 	.word	0x20002750

10003810 <__wrap_vprintf>:
10003810:	e92d 41f0 	stmdb	sp!, {r4, r5, r6, r7, r8, lr}
10003814:	b0a2      	sub	sp, #136	@ 0x88
10003816:	4604      	mov	r4, r0
10003818:	460d      	mov	r5, r1
1000381a:	f7fd ff0f 	bl	1000163c <time_us_64>
1000381e:	f04f 37ff 	mov.w	r7, #4294967295	@ 0xffffffff
10003822:	f06f 4600 	mvn.w	r6, #2147483648	@ 0x80000000
10003826:	4a27      	ldr	r2, [pc, #156]	@ (100038c4 <__wrap_vprintf+0xb4>)
10003828:	1882      	adds	r2, r0, r2
1000382a:	f141 0300 	adc.w	r3, r1, #0
1000382e:	4297      	cmp	r7, r2
10003830:	eb76 0103 	sbcs.w	r1, r6, r3
10003834:	bf3c      	itt	cc
10003836:	463a      	movcc	r2, r7
10003838:	4633      	movcc	r3, r6
1000383a:	4823      	ldr	r0, [pc, #140]	@ (100038c8 <__wrap_vprintf+0xb8>)
1000383c:	f003 faac 	bl	10006d98 <__mutex_try_enter_block_until_veneer>
10003840:	2600      	movs	r6, #0
10003842:	462b      	mov	r3, r5
10003844:	4607      	mov	r7, r0
10003846:	4622      	mov	r2, r4
10003848:	4820      	ldr	r0, [pc, #128]	@ (100038cc <__wrap_vprintf+0xbc>)
1000384a:	a901      	add	r1, sp, #4
1000384c:	9601      	str	r6, [sp, #4]
1000384e:	f7ff fdc1 	bl	100033d4 <vfctprintf>
10003852:	9b01      	ldr	r3, [sp, #4]
10003854:	4606      	mov	r6, r0
10003856:	b97b      	cbnz	r3, 10003878 <__wrap_vprintf+0x68>
10003858:	4b1d      	ldr	r3, [pc, #116]	@ (100038d0 <__wrap_vprintf+0xc0>)
1000385a:	681c      	ldr	r4, [r3, #0]
1000385c:	b12c      	cbz	r4, 1000386a <__wrap_vprintf+0x5a>
1000385e:	6863      	ldr	r3, [r4, #4]
10003860:	b143      	cbz	r3, 10003874 <__wrap_vprintf+0x64>
10003862:	4798      	blx	r3
10003864:	6924      	ldr	r4, [r4, #16]
10003866:	2c00      	cmp	r4, #0
10003868:	d1f9      	bne.n	1000385e <__wrap_vprintf+0x4e>
1000386a:	bb0f      	cbnz	r7, 100038b0 <__wrap_vprintf+0xa0>
1000386c:	4630      	mov	r0, r6
1000386e:	b022      	add	sp, #136	@ 0x88
10003870:	e8bd 81f0 	ldmia.w	sp!, {r4, r5, r6, r7, r8, pc}
10003874:	6924      	ldr	r4, [r4, #16]
10003876:	e7f1      	b.n	1000385c <__wrap_vprintf+0x4c>
10003878:	f8df 8054 	ldr.w	r8, [pc, #84]	@ 100038d0 <__wrap_vprintf+0xc0>
1000387c:	f8d8 5000 	ldr.w	r5, [r8]
10003880:	b1ed      	cbz	r5, 100038be <__wrap_vprintf+0xae>
10003882:	4c14      	ldr	r4, [pc, #80]	@ (100038d4 <__wrap_vprintf+0xc4>)
10003884:	e001      	b.n	1000388a <__wrap_vprintf+0x7a>
10003886:	692d      	ldr	r5, [r5, #16]
10003888:	b175      	cbz	r5, 100038a8 <__wrap_vprintf+0x98>
1000388a:	682b      	ldr	r3, [r5, #0]
1000388c:	2b00      	cmp	r3, #0
1000388e:	d0fa      	beq.n	10003886 <__wrap_vprintf+0x76>
10003890:	6823      	ldr	r3, [r4, #0]
10003892:	b10b      	cbz	r3, 10003898 <__wrap_vprintf+0x88>
10003894:	42ab      	cmp	r3, r5
10003896:	d1f6      	bne.n	10003886 <__wrap_vprintf+0x76>
10003898:	4628      	mov	r0, r5
1000389a:	9a01      	ldr	r2, [sp, #4]
1000389c:	a902      	add	r1, sp, #8
1000389e:	f7ff fdf7 	bl	10003490 <stdio_out_chars_crlf>
100038a2:	692d      	ldr	r5, [r5, #16]
100038a4:	2d00      	cmp	r5, #0
100038a6:	d1f0      	bne.n	1000388a <__wrap_vprintf+0x7a>
100038a8:	f8d8 4000 	ldr.w	r4, [r8]
100038ac:	9501      	str	r5, [sp, #4]
100038ae:	e7d5      	b.n	1000385c <__wrap_vprintf+0x4c>
100038b0:	4805      	ldr	r0, [pc, #20]	@ (100038c8 <__wrap_vprintf+0xb8>)
100038b2:	f003 fa69 	bl	10006d88 <__mutex_exit_veneer>
100038b6:	4630      	mov	r0, r6
100038b8:	b022      	add	sp, #136	@ 0x88
100038ba:	e8bd 81f0 	ldmia.w	sp!, {r4, r5, r6, r7, r8, pc}
100038be:	9501      	str	r5, [sp, #4]
100038c0:	e7d3      	b.n	1000386a <__wrap_vprintf+0x5a>
100038c2:	bf00      	nop
100038c4:	000f4240 	.word	0x000f4240
100038c8:	20001dc8 	.word	0x20001dc8
100038cc:	10003549 	.word	0x10003549
100038d0:	20002750 	.word	0x20002750
100038d4:	20002758 	.word	0x20002758

100038d8 <__wrap_printf>:
100038d8:	b40f      	push	{r0, r1, r2, r3}
100038da:	b500      	push	{lr}
100038dc:	b083      	sub	sp, #12
100038de:	a904      	add	r1, sp, #16
100038e0:	f851 0b04 	ldr.w	r0, [r1], #4
100038e4:	9101      	str	r1, [sp, #4]
100038e6:	f7ff ff93 	bl	10003810 <__wrap_vprintf>
100038ea:	b003      	add	sp, #12
100038ec:	f85d eb04 	ldr.w	lr, [sp], #4
100038f0:	b004      	add	sp, #16
100038f2:	4770      	bx	lr

100038f4 <resetd_init>:
100038f4:	4770      	bx	lr
100038f6:	bf00      	nop

100038f8 <resetd_reset>:
100038f8:	2200      	movs	r2, #0
100038fa:	4b01      	ldr	r3, [pc, #4]	@ (10003900 <resetd_reset+0x8>)
100038fc:	701a      	strb	r2, [r3, #0]
100038fe:	4770      	bx	lr
10003900:	20002bc2 	.word	0x20002bc2

10003904 <resetd_open>:
10003904:	794b      	ldrb	r3, [r1, #5]
10003906:	2bff      	cmp	r3, #255	@ 0xff
10003908:	d10b      	bne.n	10003922 <resetd_open+0x1e>
1000390a:	7988      	ldrb	r0, [r1, #6]
1000390c:	b948      	cbnz	r0, 10003922 <resetd_open+0x1e>
1000390e:	79cb      	ldrb	r3, [r1, #7]
10003910:	2b01      	cmp	r3, #1
10003912:	d107      	bne.n	10003924 <resetd_open+0x20>
10003914:	2a08      	cmp	r2, #8
10003916:	d905      	bls.n	10003924 <resetd_open+0x20>
10003918:	4b03      	ldr	r3, [pc, #12]	@ (10003928 <resetd_open+0x24>)
1000391a:	788a      	ldrb	r2, [r1, #2]
1000391c:	2009      	movs	r0, #9
1000391e:	701a      	strb	r2, [r3, #0]
10003920:	4770      	bx	lr
10003922:	2000      	movs	r0, #0
10003924:	4770      	bx	lr
10003926:	bf00      	nop
10003928:	20002bc2 	.word	0x20002bc2

1000392c <resetd_xfer_cb>:
1000392c:	2001      	movs	r0, #1
1000392e:	4770      	bx	lr

10003930 <resetd_control_xfer_cb>:
10003930:	2901      	cmp	r1, #1
10003932:	d001      	beq.n	10003938 <resetd_control_xfer_cb+0x8>
10003934:	2001      	movs	r0, #1
10003936:	4770      	bx	lr
10003938:	b508      	push	{r3, lr}
1000393a:	4b10      	ldr	r3, [pc, #64]	@ (1000397c <resetd_control_xfer_cb+0x4c>)
1000393c:	8891      	ldrh	r1, [r2, #4]
1000393e:	781b      	ldrb	r3, [r3, #0]
10003940:	4299      	cmp	r1, r3
10003942:	d001      	beq.n	10003948 <resetd_control_xfer_cb+0x18>
10003944:	2000      	movs	r0, #0
10003946:	bd08      	pop	{r3, pc}
10003948:	7853      	ldrb	r3, [r2, #1]
1000394a:	2b01      	cmp	r3, #1
1000394c:	d008      	beq.n	10003960 <resetd_control_xfer_cb+0x30>
1000394e:	2b02      	cmp	r3, #2
10003950:	d1f8      	bne.n	10003944 <resetd_control_xfer_cb+0x14>
10003952:	2100      	movs	r1, #0
10003954:	2264      	movs	r2, #100	@ 0x64
10003956:	4608      	mov	r0, r1
10003958:	f7fd ff6e 	bl	10001838 <watchdog_reboot>
1000395c:	2001      	movs	r0, #1
1000395e:	bd08      	pop	{r3, pc}
10003960:	8851      	ldrh	r1, [r2, #2]
10003962:	05cb      	lsls	r3, r1, #23
10003964:	bf4b      	itete	mi
10003966:	0a4a      	lsrmi	r2, r1, #9
10003968:	0a4a      	lsrpl	r2, r1, #9
1000396a:	4610      	movmi	r0, r2
1000396c:	f04f 30ff 	movpl.w	r0, #4294967295	@ 0xffffffff
10003970:	f002 0201 	and.w	r2, r2, #1
10003974:	f001 017f 	and.w	r1, r1, #127	@ 0x7f
10003978:	f7fd ffdc 	bl	10001934 <rom_reset_usb_boot_extra>
1000397c:	20002bc2 	.word	0x20002bc2

10003980 <tud_descriptor_bos_cb>:
10003980:	4800      	ldr	r0, [pc, #0]	@ (10003984 <tud_descriptor_bos_cb+0x4>)
10003982:	4770      	bx	lr
10003984:	100072d4 	.word	0x100072d4

10003988 <tud_vendor_control_xfer_cb>:
10003988:	2901      	cmp	r1, #1
1000398a:	d107      	bne.n	1000399c <tud_vendor_control_xfer_cb+0x14>
1000398c:	7853      	ldrb	r3, [r2, #1]
1000398e:	2b01      	cmp	r3, #1
10003990:	d102      	bne.n	10003998 <tud_vendor_control_xfer_cb+0x10>
10003992:	8893      	ldrh	r3, [r2, #4]
10003994:	2b07      	cmp	r3, #7
10003996:	d003      	beq.n	100039a0 <tud_vendor_control_xfer_cb+0x18>
10003998:	2000      	movs	r0, #0
1000399a:	4770      	bx	lr
1000399c:	2001      	movs	r0, #1
1000399e:	4770      	bx	lr
100039a0:	4611      	mov	r1, r2
100039a2:	23a6      	movs	r3, #166	@ 0xa6
100039a4:	4a01      	ldr	r2, [pc, #4]	@ (100039ac <tud_vendor_control_xfer_cb+0x24>)
100039a6:	f001 ba49 	b.w	10004e3c <tud_control_xfer>
100039aa:	bf00      	nop
100039ac:	1000722c 	.word	0x1000722c

100039b0 <usbd_app_driver_get_cb>:
100039b0:	4603      	mov	r3, r0
100039b2:	2201      	movs	r2, #1
100039b4:	4801      	ldr	r0, [pc, #4]	@ (100039bc <usbd_app_driver_get_cb+0xc>)
100039b6:	701a      	strb	r2, [r3, #0]
100039b8:	4770      	bx	lr
100039ba:	bf00      	nop
100039bc:	1000720c 	.word	0x1000720c

100039c0 <tud_cdc_line_coding_cb>:
100039c0:	b508      	push	{r3, lr}
100039c2:	680b      	ldr	r3, [r1, #0]
100039c4:	f5b3 6f96 	cmp.w	r3, #1200	@ 0x4b0
100039c8:	d000      	beq.n	100039cc <tud_cdc_line_coding_cb+0xc>
100039ca:	bd08      	pop	{r3, pc}
100039cc:	2200      	movs	r2, #0
100039ce:	f04f 30ff 	mov.w	r0, #4294967295	@ 0xffffffff
100039d2:	4611      	mov	r1, r2
100039d4:	f7fd ffae 	bl	10001934 <rom_reset_usb_boot_extra>

100039d8 <stdio_usb_set_chars_available_callback>:
100039d8:	4a02      	ldr	r2, [pc, #8]	@ (100039e4 <stdio_usb_set_chars_available_callback+0xc>)
100039da:	4b03      	ldr	r3, [pc, #12]	@ (100039e8 <stdio_usb_set_chars_available_callback+0x10>)
100039dc:	6010      	str	r0, [r2, #0]
100039de:	6019      	str	r1, [r3, #0]
100039e0:	4770      	bx	lr
100039e2:	bf00      	nop
100039e4:	200026f0 	.word	0x200026f0
100039e8:	200026f4 	.word	0x200026f4

100039ec <timer_task>:
100039ec:	4b18      	ldr	r3, [pc, #96]	@ (10003a50 <timer_task+0x64>)
100039ee:	b570      	push	{r4, r5, r6, lr}
100039f0:	681a      	ldr	r2, [r3, #0]
100039f2:	2a00      	cmp	r2, #0
100039f4:	d028      	beq.n	10003a48 <timer_task+0x5c>
100039f6:	f3ef 8110 	mrs	r1, PRIMASK
100039fa:	b672      	cpsid	i
100039fc:	e8d2 4fcf 	ldaexb	r4, [r2]
10003a00:	2001      	movs	r0, #1
10003a02:	2c00      	cmp	r4, #0
10003a04:	d1fa      	bne.n	100039fc <timer_task+0x10>
10003a06:	e8c2 0f44 	strexb	r4, r0, [r2]
10003a0a:	2c00      	cmp	r4, #0
10003a0c:	d1f6      	bne.n	100039fc <timer_task+0x10>
10003a0e:	f3bf 8f5f 	dmb	sy
10003a12:	2200      	movs	r2, #0
10003a14:	4c0f      	ldr	r4, [pc, #60]	@ (10003a54 <timer_task+0x68>)
10003a16:	6818      	ldr	r0, [r3, #0]
10003a18:	6059      	str	r1, [r3, #4]
10003a1a:	7022      	strb	r2, [r4, #0]
10003a1c:	e8c0 2f8f 	stlb	r2, [r0]
10003a20:	f381 8810 	msr	PRIMASK, r1
10003a24:	2400      	movs	r4, #0
10003a26:	2500      	movs	r5, #0
10003a28:	4e0b      	ldr	r6, [pc, #44]	@ (10003a58 <timer_task+0x6c>)
10003a2a:	7830      	ldrb	r0, [r6, #0]
10003a2c:	f7fc ffce 	bl	100009cc <irq_is_enabled>
10003a30:	b920      	cbnz	r0, 10003a3c <timer_task+0x50>
10003a32:	2400      	movs	r4, #0
10003a34:	2500      	movs	r5, #0
10003a36:	4620      	mov	r0, r4
10003a38:	4629      	mov	r1, r5
10003a3a:	bd70      	pop	{r4, r5, r6, pc}
10003a3c:	7830      	ldrb	r0, [r6, #0]
10003a3e:	f7fc ffd5 	bl	100009ec <irq_set_pending>
10003a42:	4620      	mov	r0, r4
10003a44:	4629      	mov	r1, r5
10003a46:	bd70      	pop	{r4, r5, r6, pc}
10003a48:	f44f 747a 	mov.w	r4, #1000	@ 0x3e8
10003a4c:	2500      	movs	r5, #0
10003a4e:	e7eb      	b.n	10003a28 <timer_task+0x3c>
10003a50:	20002b70 	.word	0x20002b70
10003a54:	20002bc4 	.word	0x20002bc4
10003a58:	20002bc3 	.word	0x20002bc3

10003a5c <usb_irq>:
10003a5c:	4b01      	ldr	r3, [pc, #4]	@ (10003a64 <usb_irq+0x8>)
10003a5e:	7818      	ldrb	r0, [r3, #0]
10003a60:	f7fc bfc4 	b.w	100009ec <irq_set_pending>
10003a64:	20002bc3 	.word	0x20002bc3

10003a68 <stdio_usb_in_chars>:
10003a68:	b538      	push	{r3, r4, r5, lr}
10003a6a:	4604      	mov	r4, r0
10003a6c:	2000      	movs	r0, #0
10003a6e:	460d      	mov	r5, r1
10003a70:	f001 fb06 	bl	10005080 <tud_cdc_n_connected>
10003a74:	b3a8      	cbz	r0, 10003ae2 <stdio_usb_in_chars+0x7a>
10003a76:	2000      	movs	r0, #0
10003a78:	f001 fb18 	bl	100050ac <tud_cdc_n_available>
10003a7c:	b388      	cbz	r0, 10003ae2 <stdio_usb_in_chars+0x7a>
10003a7e:	f7fd fddd 	bl	1000163c <time_us_64>
10003a82:	f04f 3eff 	mov.w	lr, #4294967295	@ 0xffffffff
10003a86:	f06f 4c00 	mvn.w	ip, #2147483648	@ 0x80000000
10003a8a:	4a17      	ldr	r2, [pc, #92]	@ (10003ae8 <stdio_usb_in_chars+0x80>)
10003a8c:	1882      	adds	r2, r0, r2
10003a8e:	f141 0300 	adc.w	r3, r1, #0
10003a92:	4596      	cmp	lr, r2
10003a94:	eb7c 0103 	sbcs.w	r1, ip, r3
10003a98:	bf3c      	itt	cc
10003a9a:	4672      	movcc	r2, lr
10003a9c:	4663      	movcc	r3, ip
10003a9e:	4813      	ldr	r0, [pc, #76]	@ (10003aec <stdio_usb_in_chars+0x84>)
10003aa0:	f003 f97a 	bl	10006d98 <__mutex_try_enter_block_until_veneer>
10003aa4:	b1e8      	cbz	r0, 10003ae2 <stdio_usb_in_chars+0x7a>
10003aa6:	2000      	movs	r0, #0
10003aa8:	f001 faea 	bl	10005080 <tud_cdc_n_connected>
10003aac:	b958      	cbnz	r0, 10003ac6 <stdio_usb_in_chars+0x5e>
10003aae:	2100      	movs	r1, #0
10003ab0:	f04f 30ff 	mov.w	r0, #4294967295	@ 0xffffffff
10003ab4:	f000 fd06 	bl	100044c4 <tud_task_ext>
10003ab8:	f06f 0402 	mvn.w	r4, #2
10003abc:	480b      	ldr	r0, [pc, #44]	@ (10003aec <stdio_usb_in_chars+0x84>)
10003abe:	f003 f963 	bl	10006d88 <__mutex_exit_veneer>
10003ac2:	4620      	mov	r0, r4
10003ac4:	bd38      	pop	{r3, r4, r5, pc}
10003ac6:	2000      	movs	r0, #0
10003ac8:	f001 faf0 	bl	100050ac <tud_cdc_n_available>
10003acc:	2800      	cmp	r0, #0
10003ace:	d0ee      	beq.n	10003aae <stdio_usb_in_chars+0x46>
10003ad0:	4621      	mov	r1, r4
10003ad2:	462a      	mov	r2, r5
10003ad4:	2000      	movs	r0, #0
10003ad6:	f001 faf5 	bl	100050c4 <tud_cdc_n_read>
10003ada:	4604      	mov	r4, r0
10003adc:	2800      	cmp	r0, #0
10003ade:	d1ed      	bne.n	10003abc <stdio_usb_in_chars+0x54>
10003ae0:	e7ea      	b.n	10003ab8 <stdio_usb_in_chars+0x50>
10003ae2:	f06f 0402 	mvn.w	r4, #2
10003ae6:	e7ec      	b.n	10003ac2 <stdio_usb_in_chars+0x5a>
10003ae8:	000f4240 	.word	0x000f4240
10003aec:	20002ba4 	.word	0x20002ba4

10003af0 <stdio_usb_out_flush>:
10003af0:	b508      	push	{r3, lr}
10003af2:	f7fd fda3 	bl	1000163c <time_us_64>
10003af6:	f04f 3eff 	mov.w	lr, #4294967295	@ 0xffffffff
10003afa:	f06f 4c00 	mvn.w	ip, #2147483648	@ 0x80000000
10003afe:	4a0f      	ldr	r2, [pc, #60]	@ (10003b3c <stdio_usb_out_flush+0x4c>)
10003b00:	1882      	adds	r2, r0, r2
10003b02:	f141 0300 	adc.w	r3, r1, #0
10003b06:	4596      	cmp	lr, r2
10003b08:	eb7c 0103 	sbcs.w	r1, ip, r3
10003b0c:	bf3c      	itt	cc
10003b0e:	4672      	movcc	r2, lr
10003b10:	4663      	movcc	r3, ip
10003b12:	480b      	ldr	r0, [pc, #44]	@ (10003b40 <stdio_usb_out_flush+0x50>)
10003b14:	f003 f940 	bl	10006d98 <__mutex_try_enter_block_until_veneer>
10003b18:	b170      	cbz	r0, 10003b38 <stdio_usb_out_flush+0x48>
10003b1a:	f04f 30ff 	mov.w	r0, #4294967295	@ 0xffffffff
10003b1e:	2100      	movs	r1, #0
10003b20:	f000 fcd0 	bl	100044c4 <tud_task_ext>
10003b24:	2000      	movs	r0, #0
10003b26:	f001 fb15 	bl	10005154 <tud_cdc_n_write_flush>
10003b2a:	2800      	cmp	r0, #0
10003b2c:	d1f5      	bne.n	10003b1a <stdio_usb_out_flush+0x2a>
10003b2e:	e8bd 4008 	ldmia.w	sp!, {r3, lr}
10003b32:	4803      	ldr	r0, [pc, #12]	@ (10003b40 <stdio_usb_out_flush+0x50>)
10003b34:	f003 b928 	b.w	10006d88 <__mutex_exit_veneer>
10003b38:	bd08      	pop	{r3, pc}
10003b3a:	bf00      	nop
10003b3c:	000f4240 	.word	0x000f4240
10003b40:	20002ba4 	.word	0x20002ba4

10003b44 <stdio_usb_out_chars>:
10003b44:	e92d 43f8 	stmdb	sp!, {r3, r4, r5, r6, r7, r8, r9, lr}
10003b48:	4607      	mov	r7, r0
10003b4a:	460e      	mov	r6, r1
10003b4c:	f7fd fd76 	bl	1000163c <time_us_64>
10003b50:	f04f 35ff 	mov.w	r5, #4294967295	@ 0xffffffff
10003b54:	f06f 4400 	mvn.w	r4, #2147483648	@ 0x80000000
10003b58:	4a34      	ldr	r2, [pc, #208]	@ (10003c2c <stdio_usb_out_chars+0xe8>)
10003b5a:	1882      	adds	r2, r0, r2
10003b5c:	f141 0300 	adc.w	r3, r1, #0
10003b60:	4295      	cmp	r5, r2
10003b62:	eb74 0103 	sbcs.w	r1, r4, r3
10003b66:	bf3c      	itt	cc
10003b68:	462a      	movcc	r2, r5
10003b6a:	4623      	movcc	r3, r4
10003b6c:	4830      	ldr	r0, [pc, #192]	@ (10003c30 <stdio_usb_out_chars+0xec>)
10003b6e:	f003 f913 	bl	10006d98 <__mutex_try_enter_block_until_veneer>
10003b72:	b908      	cbnz	r0, 10003b78 <stdio_usb_out_chars+0x34>
10003b74:	e8bd 83f8 	ldmia.w	sp!, {r3, r4, r5, r6, r7, r8, r9, pc}
10003b78:	2000      	movs	r0, #0
10003b7a:	f001 fa81 	bl	10005080 <tud_cdc_n_connected>
10003b7e:	2800      	cmp	r0, #0
10003b80:	d049      	beq.n	10003c16 <stdio_usb_out_chars+0xd2>
10003b82:	2e00      	cmp	r6, #0
10003b84:	dd42      	ble.n	10003c0c <stdio_usb_out_chars+0xc8>
10003b86:	2500      	movs	r5, #0
10003b88:	f8df 80a8 	ldr.w	r8, [pc, #168]	@ 10003c34 <stdio_usb_out_chars+0xf0>
10003b8c:	f8df 90a8 	ldr.w	r9, [pc, #168]	@ 10003c38 <stdio_usb_out_chars+0xf4>
10003b90:	e013      	b.n	10003bba <stdio_usb_out_chars+0x76>
10003b92:	4602      	mov	r2, r0
10003b94:	2000      	movs	r0, #0
10003b96:	f001 fb23 	bl	100051e0 <tud_cdc_n_write>
10003b9a:	2100      	movs	r1, #0
10003b9c:	4604      	mov	r4, r0
10003b9e:	f04f 30ff 	mov.w	r0, #4294967295	@ 0xffffffff
10003ba2:	f000 fc8f 	bl	100044c4 <tud_task_ext>
10003ba6:	2000      	movs	r0, #0
10003ba8:	f001 fad4 	bl	10005154 <tud_cdc_n_write_flush>
10003bac:	f7fd fd46 	bl	1000163c <time_us_64>
10003bb0:	e9c8 0100 	strd	r0, r1, [r8]
10003bb4:	4425      	add	r5, r4
10003bb6:	42ae      	cmp	r6, r5
10003bb8:	dd28      	ble.n	10003c0c <stdio_usb_out_chars+0xc8>
10003bba:	2000      	movs	r0, #0
10003bbc:	f001 fb30 	bl	10005220 <tud_cdc_n_write_available>
10003bc0:	1b73      	subs	r3, r6, r5
10003bc2:	4298      	cmp	r0, r3
10003bc4:	bfa8      	it	ge
10003bc6:	4618      	movge	r0, r3
10003bc8:	1979      	adds	r1, r7, r5
10003bca:	4604      	mov	r4, r0
10003bcc:	2800      	cmp	r0, #0
10003bce:	d1e0      	bne.n	10003b92 <stdio_usb_out_chars+0x4e>
10003bd0:	4601      	mov	r1, r0
10003bd2:	f04f 30ff 	mov.w	r0, #4294967295	@ 0xffffffff
10003bd6:	f000 fc75 	bl	100044c4 <tud_task_ext>
10003bda:	4620      	mov	r0, r4
10003bdc:	f001 faba 	bl	10005154 <tud_cdc_n_write_flush>
10003be0:	4620      	mov	r0, r4
10003be2:	f001 fa4d 	bl	10005080 <tud_cdc_n_connected>
10003be6:	b188      	cbz	r0, 10003c0c <stdio_usb_out_chars+0xc8>
10003be8:	4620      	mov	r0, r4
10003bea:	f001 fb19 	bl	10005220 <tud_cdc_n_write_available>
10003bee:	2800      	cmp	r0, #0
10003bf0:	d1e1      	bne.n	10003bb6 <stdio_usb_out_chars+0x72>
10003bf2:	f7fd fd23 	bl	1000163c <time_us_64>
10003bf6:	f8d8 3000 	ldr.w	r3, [r8]
10003bfa:	f8d8 2004 	ldr.w	r2, [r8, #4]
10003bfe:	eb13 0309 	adds.w	r3, r3, r9
10003c02:	f142 0200 	adc.w	r2, r2, #0
10003c06:	4283      	cmp	r3, r0
10003c08:	418a      	sbcs	r2, r1
10003c0a:	d2d4      	bcs.n	10003bb6 <stdio_usb_out_chars+0x72>
10003c0c:	4808      	ldr	r0, [pc, #32]	@ (10003c30 <stdio_usb_out_chars+0xec>)
10003c0e:	e8bd 43f8 	ldmia.w	sp!, {r3, r4, r5, r6, r7, r8, r9, lr}
10003c12:	f003 b8b9 	b.w	10006d88 <__mutex_exit_veneer>
10003c16:	2000      	movs	r0, #0
10003c18:	2100      	movs	r1, #0
10003c1a:	4b06      	ldr	r3, [pc, #24]	@ (10003c34 <stdio_usb_out_chars+0xf0>)
10003c1c:	e9c3 0100 	strd	r0, r1, [r3]
10003c20:	e8bd 43f8 	ldmia.w	sp!, {r3, r4, r5, r6, r7, r8, r9, lr}
10003c24:	4802      	ldr	r0, [pc, #8]	@ (10003c30 <stdio_usb_out_chars+0xec>)
10003c26:	f003 b8af 	b.w	10006d88 <__mutex_exit_veneer>
10003c2a:	bf00      	nop
10003c2c:	000f4240 	.word	0x000f4240
10003c30:	20002ba4 	.word	0x20002ba4
10003c34:	20002218 	.word	0x20002218
10003c38:	0007a120 	.word	0x0007a120

10003c3c <low_priority_worker_irq>:
10003c3c:	b530      	push	{r4, r5, lr}
10003c3e:	2100      	movs	r1, #0
10003c40:	b085      	sub	sp, #20
10003c42:	482e      	ldr	r0, [pc, #184]	@ (10003cfc <low_priority_worker_irq+0xc0>)
10003c44:	f003 f8b4 	bl	10006db0 <__mutex_try_enter_veneer>
10003c48:	b9f0      	cbnz	r0, 10003c88 <low_priority_worker_irq+0x4c>
10003c4a:	4b2d      	ldr	r3, [pc, #180]	@ (10003d00 <low_priority_worker_irq+0xc4>)
10003c4c:	681a      	ldr	r2, [r3, #0]
10003c4e:	b1ca      	cbz	r2, 10003c84 <low_priority_worker_irq+0x48>
10003c50:	f3ef 8110 	mrs	r1, PRIMASK
10003c54:	b672      	cpsid	i
10003c56:	e8d2 5fcf 	ldaexb	r5, [r2]
10003c5a:	2401      	movs	r4, #1
10003c5c:	2d00      	cmp	r5, #0
10003c5e:	d1fa      	bne.n	10003c56 <low_priority_worker_irq+0x1a>
10003c60:	e8c2 4f45 	strexb	r5, r4, [r2]
10003c64:	2d00      	cmp	r5, #0
10003c66:	d1f6      	bne.n	10003c56 <low_priority_worker_irq+0x1a>
10003c68:	f3bf 8f5f 	dmb	sy
10003c6c:	4c25      	ldr	r4, [pc, #148]	@ (10003d04 <low_priority_worker_irq+0xc8>)
10003c6e:	681d      	ldr	r5, [r3, #0]
10003c70:	7822      	ldrb	r2, [r4, #0]
10003c72:	6059      	str	r1, [r3, #4]
10003c74:	b2d3      	uxtb	r3, r2
10003c76:	2201      	movs	r2, #1
10003c78:	7022      	strb	r2, [r4, #0]
10003c7a:	e8c5 0f8f 	stlb	r0, [r5]
10003c7e:	f381 8810 	msr	PRIMASK, r1
10003c82:	b1cb      	cbz	r3, 10003cb8 <low_priority_worker_irq+0x7c>
10003c84:	b005      	add	sp, #20
10003c86:	bd30      	pop	{r4, r5, pc}
10003c88:	2100      	movs	r1, #0
10003c8a:	f04f 30ff 	mov.w	r0, #4294967295	@ 0xffffffff
10003c8e:	f000 fc19 	bl	100044c4 <tud_task_ext>
10003c92:	2000      	movs	r0, #0
10003c94:	f001 fa0a 	bl	100050ac <tud_cdc_n_available>
10003c98:	4604      	mov	r4, r0
10003c9a:	4818      	ldr	r0, [pc, #96]	@ (10003cfc <low_priority_worker_irq+0xc0>)
10003c9c:	f003 f874 	bl	10006d88 <__mutex_exit_veneer>
10003ca0:	2c00      	cmp	r4, #0
10003ca2:	d0ef      	beq.n	10003c84 <low_priority_worker_irq+0x48>
10003ca4:	4b18      	ldr	r3, [pc, #96]	@ (10003d08 <low_priority_worker_irq+0xcc>)
10003ca6:	681b      	ldr	r3, [r3, #0]
10003ca8:	2b00      	cmp	r3, #0
10003caa:	d0eb      	beq.n	10003c84 <low_priority_worker_irq+0x48>
10003cac:	4a17      	ldr	r2, [pc, #92]	@ (10003d0c <low_priority_worker_irq+0xd0>)
10003cae:	6810      	ldr	r0, [r2, #0]
10003cb0:	b005      	add	sp, #20
10003cb2:	e8bd 4030 	ldmia.w	sp!, {r4, r5, lr}
10003cb6:	4718      	bx	r3
10003cb8:	f7fd fabe 	bl	10001238 <alarm_pool_get_default>
10003cbc:	4604      	mov	r4, r0
10003cbe:	f7fd fcbd 	bl	1000163c <time_us_64>
10003cc2:	f04f 3cff 	mov.w	ip, #4294967295	@ 0xffffffff
10003cc6:	f06f 4500 	mvn.w	r5, #2147483648	@ 0x80000000
10003cca:	f510 727a 	adds.w	r2, r0, #1000	@ 0x3e8
10003cce:	f141 0300 	adc.w	r3, r1, #0
10003cd2:	4594      	cmp	ip, r2
10003cd4:	eb75 0103 	sbcs.w	r1, r5, r3
10003cd8:	bf38      	it	cc
10003cda:	462b      	movcc	r3, r5
10003cdc:	f04f 0100 	mov.w	r1, #0
10003ce0:	f04f 0501 	mov.w	r5, #1
10003ce4:	4620      	mov	r0, r4
10003ce6:	4c0a      	ldr	r4, [pc, #40]	@ (10003d10 <low_priority_worker_irq+0xd4>)
10003ce8:	bf38      	it	cc
10003cea:	4662      	movcc	r2, ip
10003cec:	e9cd 1501 	strd	r1, r5, [sp, #4]
10003cf0:	9400      	str	r4, [sp, #0]
10003cf2:	f7fd faa5 	bl	10001240 <alarm_pool_add_alarm_at>
10003cf6:	b005      	add	sp, #20
10003cf8:	bd30      	pop	{r4, r5, pc}
10003cfa:	bf00      	nop
10003cfc:	20002ba4 	.word	0x20002ba4
10003d00:	20002b70 	.word	0x20002b70
10003d04:	20002bc4 	.word	0x20002bc4
10003d08:	200026f0 	.word	0x200026f0
10003d0c:	200026f4 	.word	0x200026f4
10003d10:	100039ed 	.word	0x100039ed

10003d14 <stdio_usb_init>:
10003d14:	f04f 4350 	mov.w	r3, #3489660928	@ 0xd0000000
10003d18:	b530      	push	{r4, r5, lr}
10003d1a:	b085      	sub	sp, #20
10003d1c:	681c      	ldr	r4, [r3, #0]
10003d1e:	f7fd fa8b 	bl	10001238 <alarm_pool_get_default>
10003d22:	f7fd fb9f 	bl	10001464 <alarm_pool_core_num>
10003d26:	42a0      	cmp	r0, r4
10003d28:	d002      	beq.n	10003d30 <stdio_usb_init+0x1c>
10003d2a:	2000      	movs	r0, #0
10003d2c:	b005      	add	sp, #20
10003d2e:	bd30      	pop	{r4, r5, pc}
10003d30:	4b29      	ldr	r3, [pc, #164]	@ (10003dd8 <stdio_usb_init+0xc4>)
10003d32:	781b      	ldrb	r3, [r3, #0]
10003d34:	f001 fd46 	bl	100057c4 <tusb_init>
10003d38:	4828      	ldr	r0, [pc, #160]	@ (10003ddc <stdio_usb_init+0xc8>)
10003d3a:	6803      	ldr	r3, [r0, #0]
10003d3c:	2b00      	cmp	r3, #0
10003d3e:	d047      	beq.n	10003dd0 <stdio_usb_init+0xbc>
10003d40:	2001      	movs	r0, #1
10003d42:	f7fd f801 	bl	10000d48 <user_irq_claim_unused>
10003d46:	4603      	mov	r3, r0
10003d48:	4c25      	ldr	r4, [pc, #148]	@ (10003de0 <stdio_usb_init+0xcc>)
10003d4a:	4926      	ldr	r1, [pc, #152]	@ (10003de4 <stdio_usb_init+0xd0>)
10003d4c:	b2c0      	uxtb	r0, r0
10003d4e:	7023      	strb	r3, [r4, #0]
10003d50:	f7fc fe6a 	bl	10000a28 <irq_set_exclusive_handler>
10003d54:	7820      	ldrb	r0, [r4, #0]
10003d56:	2101      	movs	r1, #1
10003d58:	f7fc fe22 	bl	100009a0 <irq_set_enabled>
10003d5c:	200e      	movs	r0, #14
10003d5e:	f7fc fe51 	bl	10000a04 <irq_has_shared_handler>
10003d62:	bb40      	cbnz	r0, 10003db6 <stdio_usb_init+0xa2>
10003d64:	4b20      	ldr	r3, [pc, #128]	@ (10003de8 <stdio_usb_init+0xd4>)
10003d66:	2501      	movs	r5, #1
10003d68:	e9c3 0000 	strd	r0, r0, [r3]
10003d6c:	f7fd fa64 	bl	10001238 <alarm_pool_get_default>
10003d70:	4604      	mov	r4, r0
10003d72:	f7fd fc63 	bl	1000163c <time_us_64>
10003d76:	f04f 3eff 	mov.w	lr, #4294967295	@ 0xffffffff
10003d7a:	f06f 4c00 	mvn.w	ip, #2147483648	@ 0x80000000
10003d7e:	f510 727a 	adds.w	r2, r0, #1000	@ 0x3e8
10003d82:	f141 0300 	adc.w	r3, r1, #0
10003d86:	4596      	cmp	lr, r2
10003d88:	eb7c 0103 	sbcs.w	r1, ip, r3
10003d8c:	f04f 0100 	mov.w	r1, #0
10003d90:	4620      	mov	r0, r4
10003d92:	4c16      	ldr	r4, [pc, #88]	@ (10003dec <stdio_usb_init+0xd8>)
10003d94:	bf3c      	itt	cc
10003d96:	4672      	movcc	r2, lr
10003d98:	4663      	movcc	r3, ip
10003d9a:	e9cd 1501 	strd	r1, r5, [sp, #4]
10003d9e:	9400      	str	r4, [sp, #0]
10003da0:	f7fd fa4e 	bl	10001240 <alarm_pool_add_alarm_at>
10003da4:	2800      	cmp	r0, #0
10003da6:	dbc0      	blt.n	10003d2a <stdio_usb_init+0x16>
10003da8:	2101      	movs	r1, #1
10003daa:	4811      	ldr	r0, [pc, #68]	@ (10003df0 <stdio_usb_init+0xdc>)
10003dac:	f7ff fc74 	bl	10003698 <stdio_set_driver_enabled>
10003db0:	2001      	movs	r0, #1
10003db2:	b005      	add	sp, #20
10003db4:	bd30      	pop	{r4, r5, pc}
10003db6:	2001      	movs	r0, #1
10003db8:	f7fc fdae 	bl	10000918 <spin_lock_claim_unused>
10003dbc:	4601      	mov	r1, r0
10003dbe:	480a      	ldr	r0, [pc, #40]	@ (10003de8 <stdio_usb_init+0xd4>)
10003dc0:	f7fd f822 	bl	10000e08 <critical_section_init_with_lock_num>
10003dc4:	2200      	movs	r2, #0
10003dc6:	200e      	movs	r0, #14
10003dc8:	490a      	ldr	r1, [pc, #40]	@ (10003df4 <stdio_usb_init+0xe0>)
10003dca:	f7fc fe5d 	bl	10000a88 <irq_add_shared_handler>
10003dce:	e7eb      	b.n	10003da8 <stdio_usb_init+0x94>
10003dd0:	f7fc fffe 	bl	10000dd0 <mutex_init>
10003dd4:	e7b4      	b.n	10003d40 <stdio_usb_init+0x2c>
10003dd6:	bf00      	nop
10003dd8:	1000758c 	.word	0x1000758c
10003ddc:	20002ba4 	.word	0x20002ba4
10003de0:	20002bc3 	.word	0x20002bc3
10003de4:	10003c3d 	.word	0x10003c3d
10003de8:	20002b70 	.word	0x20002b70
10003dec:	100039ed 	.word	0x100039ed
10003df0:	20001550 	.word	0x20001550
10003df4:	10003a5d 	.word	0x10003a5d

10003df8 <tud_descriptor_device_cb>:
10003df8:	4800      	ldr	r0, [pc, #0]	@ (10003dfc <tud_descriptor_device_cb+0x4>)
10003dfa:	4770      	bx	lr
10003dfc:	100073b0 	.word	0x100073b0

10003e00 <tud_descriptor_configuration_cb>:
10003e00:	4800      	ldr	r0, [pc, #0]	@ (10003e04 <tud_descriptor_configuration_cb+0x4>)
10003e02:	4770      	bx	lr
10003e04:	1000735c 	.word	0x1000735c

10003e08 <tud_descriptor_string_cb>:
10003e08:	b538      	push	{r3, r4, r5, lr}
10003e0a:	4b18      	ldr	r3, [pc, #96]	@ (10003e6c <tud_descriptor_string_cb+0x64>)
10003e0c:	4604      	mov	r4, r0
10003e0e:	781a      	ldrb	r2, [r3, #0]
10003e10:	b30a      	cbz	r2, 10003e56 <tud_descriptor_string_cb+0x4e>
10003e12:	b944      	cbnz	r4, 10003e26 <tud_descriptor_string_cb+0x1e>
10003e14:	f240 4209 	movw	r2, #1033	@ 0x409
10003e18:	f44f 7341 	mov.w	r3, #772	@ 0x304
10003e1c:	4d14      	ldr	r5, [pc, #80]	@ (10003e70 <tud_descriptor_string_cb+0x68>)
10003e1e:	806a      	strh	r2, [r5, #2]
10003e20:	4813      	ldr	r0, [pc, #76]	@ (10003e70 <tud_descriptor_string_cb+0x68>)
10003e22:	802b      	strh	r3, [r5, #0]
10003e24:	bd38      	pop	{r3, r4, r5, pc}
10003e26:	2c05      	cmp	r4, #5
10003e28:	d81a      	bhi.n	10003e60 <tud_descriptor_string_cb+0x58>
10003e2a:	4b12      	ldr	r3, [pc, #72]	@ (10003e74 <tud_descriptor_string_cb+0x6c>)
10003e2c:	4d10      	ldr	r5, [pc, #64]	@ (10003e70 <tud_descriptor_string_cb+0x68>)
10003e2e:	f853 1024 	ldr.w	r1, [r3, r4, lsl #2]
10003e32:	4628      	mov	r0, r5
10003e34:	2300      	movs	r3, #0
10003e36:	3901      	subs	r1, #1
10003e38:	e003      	b.n	10003e42 <tud_descriptor_string_cb+0x3a>
10003e3a:	2b13      	cmp	r3, #19
10003e3c:	f820 2f02 	strh.w	r2, [r0, #2]!
10003e40:	d010      	beq.n	10003e64 <tud_descriptor_string_cb+0x5c>
10003e42:	f811 2f01 	ldrb.w	r2, [r1, #1]!
10003e46:	3301      	adds	r3, #1
10003e48:	2a00      	cmp	r2, #0
10003e4a:	d1f6      	bne.n	10003e3a <tud_descriptor_string_cb+0x32>
10003e4c:	b2db      	uxtb	r3, r3
10003e4e:	005b      	lsls	r3, r3, #1
10003e50:	f443 7340 	orr.w	r3, r3, #768	@ 0x300
10003e54:	e7e4      	b.n	10003e20 <tud_descriptor_string_cb+0x18>
10003e56:	2111      	movs	r1, #17
10003e58:	4618      	mov	r0, r3
10003e5a:	f000 f825 	bl	10003ea8 <pico_get_unique_board_id_string>
10003e5e:	e7d8      	b.n	10003e12 <tud_descriptor_string_cb+0xa>
10003e60:	2000      	movs	r0, #0
10003e62:	bd38      	pop	{r3, r4, r5, pc}
10003e64:	f44f 734a 	mov.w	r3, #808	@ 0x328
10003e68:	e7da      	b.n	10003e20 <tud_descriptor_string_cb+0x18>
10003e6a:	bf00      	nop
10003e6c:	20002bac 	.word	0x20002bac
10003e70:	20002728 	.word	0x20002728
10003e74:	10007344 	.word	0x10007344

10003e78 <_retrieve_unique_id_on_boot>:
10003e78:	b500      	push	{lr}
10003e7a:	f245 3047 	movw	r0, #21319	@ 0x5347
10003e7e:	b08b      	sub	sp, #44	@ 0x2c
10003e80:	f7fd fd4c 	bl	1000191c <rom_func_lookup>
10003e84:	2201      	movs	r2, #1
10003e86:	4603      	mov	r3, r0
10003e88:	2109      	movs	r1, #9
10003e8a:	a801      	add	r0, sp, #4
10003e8c:	4798      	blx	r3
10003e8e:	e9dd 3203 	ldrd	r3, r2, [sp, #12]
10003e92:	4904      	ldr	r1, [pc, #16]	@ (10003ea4 <_retrieve_unique_id_on_boot+0x2c>)
10003e94:	ba12      	rev	r2, r2
10003e96:	ba1b      	rev	r3, r3
10003e98:	e9c1 2300 	strd	r2, r3, [r1]
10003e9c:	b00b      	add	sp, #44	@ 0x2c
10003e9e:	f85d fb04 	ldr.w	pc, [sp], #4
10003ea2:	bf00      	nop
10003ea4:	20002b98 	.word	0x20002b98

10003ea8 <pico_get_unique_board_id_string>:
10003ea8:	2901      	cmp	r1, #1
10003eaa:	f101 33ff 	add.w	r3, r1, #4294967295	@ 0xffffffff
10003eae:	f000 80b3 	beq.w	10004018 <pico_get_unique_board_id_string+0x170>
10003eb2:	495d      	ldr	r1, [pc, #372]	@ (10004028 <pico_get_unique_board_id_string+0x180>)
10003eb4:	f891 c000 	ldrb.w	ip, [r1]
10003eb8:	ea4f 122c 	mov.w	r2, ip, asr #4
10003ebc:	f1bc 0f9f 	cmp.w	ip, #159	@ 0x9f
10003ec0:	bf8c      	ite	hi
10003ec2:	3237      	addhi	r2, #55	@ 0x37
10003ec4:	3230      	addls	r2, #48	@ 0x30
10003ec6:	2b01      	cmp	r3, #1
10003ec8:	7002      	strb	r2, [r0, #0]
10003eca:	f000 80a8 	beq.w	1000401e <pico_get_unique_board_id_string+0x176>
10003ece:	780a      	ldrb	r2, [r1, #0]
10003ed0:	f002 020f 	and.w	r2, r2, #15
10003ed4:	2a09      	cmp	r2, #9
10003ed6:	bf8c      	ite	hi
10003ed8:	3237      	addhi	r2, #55	@ 0x37
10003eda:	3230      	addls	r2, #48	@ 0x30
10003edc:	2b02      	cmp	r3, #2
10003ede:	7042      	strb	r2, [r0, #1]
10003ee0:	f000 809d 	beq.w	1000401e <pico_get_unique_board_id_string+0x176>
10003ee4:	784a      	ldrb	r2, [r1, #1]
10003ee6:	ea4f 1c22 	mov.w	ip, r2, asr #4
10003eea:	2a9f      	cmp	r2, #159	@ 0x9f
10003eec:	bf8c      	ite	hi
10003eee:	f10c 0c37 	addhi.w	ip, ip, #55	@ 0x37
10003ef2:	f10c 0c30 	addls.w	ip, ip, #48	@ 0x30
10003ef6:	2b03      	cmp	r3, #3
10003ef8:	f880 c002 	strb.w	ip, [r0, #2]
10003efc:	f000 808f 	beq.w	1000401e <pico_get_unique_board_id_string+0x176>
10003f00:	f002 020f 	and.w	r2, r2, #15
10003f04:	2a09      	cmp	r2, #9
10003f06:	bf8c      	ite	hi
10003f08:	3237      	addhi	r2, #55	@ 0x37
10003f0a:	3230      	addls	r2, #48	@ 0x30
10003f0c:	2b04      	cmp	r3, #4
10003f0e:	70c2      	strb	r2, [r0, #3]
10003f10:	f000 8085 	beq.w	1000401e <pico_get_unique_board_id_string+0x176>
10003f14:	788a      	ldrb	r2, [r1, #2]
10003f16:	ea4f 1c22 	mov.w	ip, r2, asr #4
10003f1a:	2a9f      	cmp	r2, #159	@ 0x9f
10003f1c:	bf8c      	ite	hi
10003f1e:	f10c 0c37 	addhi.w	ip, ip, #55	@ 0x37
10003f22:	f10c 0c30 	addls.w	ip, ip, #48	@ 0x30
10003f26:	2b05      	cmp	r3, #5
10003f28:	f880 c004 	strb.w	ip, [r0, #4]
10003f2c:	d077      	beq.n	1000401e <pico_get_unique_board_id_string+0x176>
10003f2e:	f002 020f 	and.w	r2, r2, #15
10003f32:	2a09      	cmp	r2, #9
10003f34:	bf8c      	ite	hi
10003f36:	3237      	addhi	r2, #55	@ 0x37
10003f38:	3230      	addls	r2, #48	@ 0x30
10003f3a:	2b06      	cmp	r3, #6
10003f3c:	7142      	strb	r2, [r0, #5]
10003f3e:	d06e      	beq.n	1000401e <pico_get_unique_board_id_string+0x176>
10003f40:	78ca      	ldrb	r2, [r1, #3]
10003f42:	ea4f 1c22 	mov.w	ip, r2, asr #4
10003f46:	2a9f      	cmp	r2, #159	@ 0x9f
10003f48:	bf8c      	ite	hi
10003f4a:	f10c 0c37 	addhi.w	ip, ip, #55	@ 0x37
10003f4e:	f10c 0c30 	addls.w	ip, ip, #48	@ 0x30
10003f52:	2b07      	cmp	r3, #7
10003f54:	f880 c006 	strb.w	ip, [r0, #6]
10003f58:	d061      	beq.n	1000401e <pico_get_unique_board_id_string+0x176>
10003f5a:	f002 020f 	and.w	r2, r2, #15
10003f5e:	2a09      	cmp	r2, #9
10003f60:	bf8c      	ite	hi
10003f62:	3237      	addhi	r2, #55	@ 0x37
10003f64:	3230      	addls	r2, #48	@ 0x30
10003f66:	2b08      	cmp	r3, #8
10003f68:	71c2      	strb	r2, [r0, #7]
10003f6a:	d058      	beq.n	1000401e <pico_get_unique_board_id_string+0x176>
10003f6c:	790a      	ldrb	r2, [r1, #4]
10003f6e:	ea4f 1c22 	mov.w	ip, r2, asr #4
10003f72:	2a9f      	cmp	r2, #159	@ 0x9f
10003f74:	bf8c      	ite	hi
10003f76:	f10c 0c37 	addhi.w	ip, ip, #55	@ 0x37
10003f7a:	f10c 0c30 	addls.w	ip, ip, #48	@ 0x30
10003f7e:	2b09      	cmp	r3, #9
10003f80:	f880 c008 	strb.w	ip, [r0, #8]
10003f84:	d04b      	beq.n	1000401e <pico_get_unique_board_id_string+0x176>
10003f86:	f002 020f 	and.w	r2, r2, #15
10003f8a:	2a09      	cmp	r2, #9
10003f8c:	bf8c      	ite	hi
10003f8e:	3237      	addhi	r2, #55	@ 0x37
10003f90:	3230      	addls	r2, #48	@ 0x30
10003f92:	2b0a      	cmp	r3, #10
10003f94:	7242      	strb	r2, [r0, #9]
10003f96:	d042      	beq.n	1000401e <pico_get_unique_board_id_string+0x176>
10003f98:	794a      	ldrb	r2, [r1, #5]
10003f9a:	ea4f 1c22 	mov.w	ip, r2, asr #4
10003f9e:	2a9f      	cmp	r2, #159	@ 0x9f
10003fa0:	bf8c      	ite	hi
10003fa2:	f10c 0c37 	addhi.w	ip, ip, #55	@ 0x37
10003fa6:	f10c 0c30 	addls.w	ip, ip, #48	@ 0x30
10003faa:	2b0b      	cmp	r3, #11
10003fac:	f880 c00a 	strb.w	ip, [r0, #10]
10003fb0:	d035      	beq.n	1000401e <pico_get_unique_board_id_string+0x176>
10003fb2:	f002 020f 	and.w	r2, r2, #15
10003fb6:	2a09      	cmp	r2, #9
10003fb8:	bf8c      	ite	hi
10003fba:	3237      	addhi	r2, #55	@ 0x37
10003fbc:	3230      	addls	r2, #48	@ 0x30
10003fbe:	2b0c      	cmp	r3, #12
10003fc0:	72c2      	strb	r2, [r0, #11]
10003fc2:	d02c      	beq.n	1000401e <pico_get_unique_board_id_string+0x176>
10003fc4:	798a      	ldrb	r2, [r1, #6]
10003fc6:	ea4f 1c22 	mov.w	ip, r2, asr #4
10003fca:	2a9f      	cmp	r2, #159	@ 0x9f
10003fcc:	bf8c      	ite	hi
10003fce:	f10c 0c37 	addhi.w	ip, ip, #55	@ 0x37
10003fd2:	f10c 0c30 	addls.w	ip, ip, #48	@ 0x30
10003fd6:	2b0d      	cmp	r3, #13
10003fd8:	f880 c00c 	strb.w	ip, [r0, #12]
10003fdc:	d01f      	beq.n	1000401e <pico_get_unique_board_id_string+0x176>
10003fde:	f002 020f 	and.w	r2, r2, #15
10003fe2:	2a09      	cmp	r2, #9
10003fe4:	bf8c      	ite	hi
10003fe6:	3237      	addhi	r2, #55	@ 0x37
10003fe8:	3230      	addls	r2, #48	@ 0x30
10003fea:	2b0e      	cmp	r3, #14
10003fec:	7342      	strb	r2, [r0, #13]
10003fee:	d016      	beq.n	1000401e <pico_get_unique_board_id_string+0x176>
10003ff0:	79ca      	ldrb	r2, [r1, #7]
10003ff2:	1111      	asrs	r1, r2, #4
10003ff4:	2a9f      	cmp	r2, #159	@ 0x9f
10003ff6:	bf8c      	ite	hi
10003ff8:	3137      	addhi	r1, #55	@ 0x37
10003ffa:	3130      	addls	r1, #48	@ 0x30
10003ffc:	2b0f      	cmp	r3, #15
10003ffe:	7381      	strb	r1, [r0, #14]
10004000:	d00d      	beq.n	1000401e <pico_get_unique_board_id_string+0x176>
10004002:	f002 020f 	and.w	r2, r2, #15
10004006:	2a09      	cmp	r2, #9
10004008:	bf94      	ite	ls
1000400a:	3230      	addls	r2, #48	@ 0x30
1000400c:	3237      	addhi	r2, #55	@ 0x37
1000400e:	2b10      	cmp	r3, #16
10004010:	73c2      	strb	r2, [r0, #15]
10004012:	bf18      	it	ne
10004014:	3010      	addne	r0, #16
10004016:	d002      	beq.n	1000401e <pico_get_unique_board_id_string+0x176>
10004018:	2300      	movs	r3, #0
1000401a:	7003      	strb	r3, [r0, #0]
1000401c:	4770      	bx	lr
1000401e:	4418      	add	r0, r3
10004020:	2300      	movs	r3, #0
10004022:	7003      	strb	r3, [r0, #0]
10004024:	4770      	bx	lr
10004026:	bf00      	nop
10004028:	20002b98 	.word	0x20002b98

1000402c <dcd_init>:
1000402c:	b5f8      	push	{r3, r4, r5, r6, r7, lr}
1000402e:	f000 f931 	bl	10004294 <rp2040_usb_init>
10004032:	230c      	movs	r3, #12
10004034:	2640      	movs	r6, #64	@ 0x40
10004036:	4d1a      	ldr	r5, [pc, #104]	@ (100040a0 <dcd_init+0x74>)
10004038:	4c1a      	ldr	r4, [pc, #104]	@ (100040a4 <dcd_init+0x78>)
1000403a:	67ab      	str	r3, [r5, #120]	@ 0x78
1000403c:	22ff      	movs	r2, #255	@ 0xff
1000403e:	200e      	movs	r0, #14
10004040:	4919      	ldr	r1, [pc, #100]	@ (100040a8 <dcd_init+0x7c>)
10004042:	f7fc fd21 	bl	10000a88 <irq_add_shared_handler>
10004046:	4632      	mov	r2, r6
10004048:	2100      	movs	r1, #0
1000404a:	4620      	mov	r0, r4
1000404c:	f002 fbe6 	bl	1000681c <memset>
10004050:	4b16      	ldr	r3, [pc, #88]	@ (100040ac <dcd_init+0x80>)
10004052:	2180      	movs	r1, #128	@ 0x80
10004054:	62a3      	str	r3, [r4, #40]	@ 0x28
10004056:	2701      	movs	r7, #1
10004058:	2300      	movs	r3, #0
1000405a:	4a15      	ldr	r2, [pc, #84]	@ (100040b0 <dcd_init+0x84>)
1000405c:	8461      	strh	r1, [r4, #34]	@ 0x22
1000405e:	60a2      	str	r2, [r4, #8]
10004060:	3a84      	subs	r2, #132	@ 0x84
10004062:	7067      	strb	r7, [r4, #1]
10004064:	8326      	strh	r6, [r4, #24]
10004066:	8726      	strh	r6, [r4, #56]	@ 0x38
10004068:	f8c2 3084 	str.w	r3, [r2, #132]	@ 0x84
1000406c:	f8c2 3080 	str.w	r3, [r2, #128]	@ 0x80
10004070:	6063      	str	r3, [r4, #4]
10004072:	f884 3021 	strb.w	r3, [r4, #33]	@ 0x21
10004076:	f884 303b 	strb.w	r3, [r4, #59]	@ 0x3b
1000407a:	6263      	str	r3, [r4, #36]	@ 0x24
1000407c:	4b0d      	ldr	r3, [pc, #52]	@ (100040b4 <dcd_init+0x88>)
1000407e:	60e3      	str	r3, [r4, #12]
10004080:	62e3      	str	r3, [r4, #44]	@ 0x2c
10004082:	f002 fe8d 	bl	10006da0 <__reset_non_control_endpoints_veneer>
10004086:	f04f 5000 	mov.w	r0, #536870912	@ 0x20000000
1000408a:	f44f 3280 	mov.w	r2, #65536	@ 0x10000
1000408e:	490a      	ldr	r1, [pc, #40]	@ (100040b8 <dcd_init+0x8c>)
10004090:	4b0a      	ldr	r3, [pc, #40]	@ (100040bc <dcd_init+0x90>)
10004092:	642f      	str	r7, [r5, #64]	@ 0x40
10004094:	64e8      	str	r0, [r5, #76]	@ 0x4c
10004096:	f8c5 1090 	str.w	r1, [r5, #144]	@ 0x90
1000409a:	64da      	str	r2, [r3, #76]	@ 0x4c
1000409c:	bdf8      	pop	{r3, r4, r5, r6, r7, pc}
1000409e:	bf00      	nop
100040a0:	50110000 	.word	0x50110000
100040a4:	20002760 	.word	0x20002760
100040a8:	200003b9 	.word	0x200003b9
100040ac:	50100080 	.word	0x50100080
100040b0:	50100084 	.word	0x50100084
100040b4:	50100100 	.word	0x50100100
100040b8:	0001d010 	.word	0x0001d010
100040bc:	50112000 	.word	0x50112000

100040c0 <dcd_int_enable>:
100040c0:	2101      	movs	r1, #1
100040c2:	200e      	movs	r0, #14
100040c4:	f7fc bc6c 	b.w	100009a0 <irq_set_enabled>

100040c8 <dcd_set_address>:
100040c8:	2200      	movs	r2, #0
100040ca:	4802      	ldr	r0, [pc, #8]	@ (100040d4 <dcd_set_address+0xc>)
100040cc:	4611      	mov	r1, r2
100040ce:	f000 b901 	b.w	100042d4 <hw_endpoint_xfer_start>
100040d2:	bf00      	nop
100040d4:	20002780 	.word	0x20002780

100040d8 <dcd_sof_enable>:
100040d8:	4b04      	ldr	r3, [pc, #16]	@ (100040ec <dcd_sof_enable+0x14>)
100040da:	7019      	strb	r1, [r3, #0]
100040dc:	b121      	cbz	r1, 100040e8 <dcd_sof_enable+0x10>
100040de:	f44f 3200 	mov.w	r2, #131072	@ 0x20000
100040e2:	4b03      	ldr	r3, [pc, #12]	@ (100040f0 <dcd_sof_enable+0x18>)
100040e4:	f8c3 2090 	str.w	r2, [r3, #144]	@ 0x90
100040e8:	4770      	bx	lr
100040ea:	bf00      	nop
100040ec:	20002bbf 	.word	0x20002bbf
100040f0:	50112000 	.word	0x50112000

100040f4 <dcd_edpt0_status_complete>:
100040f4:	780b      	ldrb	r3, [r1, #0]
100040f6:	065b      	lsls	r3, r3, #25
100040f8:	d102      	bne.n	10004100 <dcd_edpt0_status_complete+0xc>
100040fa:	784b      	ldrb	r3, [r1, #1]
100040fc:	2b05      	cmp	r3, #5
100040fe:	d000      	beq.n	10004102 <dcd_edpt0_status_complete+0xe>
10004100:	4770      	bx	lr
10004102:	884b      	ldrh	r3, [r1, #2]
10004104:	4a01      	ldr	r2, [pc, #4]	@ (1000410c <dcd_edpt0_status_complete+0x18>)
10004106:	b2db      	uxtb	r3, r3
10004108:	6013      	str	r3, [r2, #0]
1000410a:	4770      	bx	lr
1000410c:	50110000 	.word	0x50110000

10004110 <dcd_edpt_open>:
10004110:	f04f 0c00 	mov.w	ip, #0
10004114:	e92d 41f0 	stmdb	sp!, {r4, r5, r6, r7, r8, lr}
10004118:	7888      	ldrb	r0, [r1, #2]
1000411a:	78cf      	ldrb	r7, [r1, #3]
1000411c:	888b      	ldrh	r3, [r1, #4]
1000411e:	f000 017f 	and.w	r1, r0, #127	@ 0x7f
10004122:	4d34      	ldr	r5, [pc, #208]	@ (100041f4 <dcd_edpt_open+0xe4>)
10004124:	004e      	lsls	r6, r1, #1
10004126:	eb06 12d0 	add.w	r2, r6, r0, lsr #7
1000412a:	eb05 1242 	add.w	r2, r5, r2, lsl #5
1000412e:	09c4      	lsrs	r4, r0, #7
10004130:	7090      	strb	r0, [r2, #2]
10004132:	f3c7 0001 	ubfx	r0, r7, #0, #2
10004136:	f3c3 030a 	ubfx	r3, r3, #0, #11
1000413a:	76d0      	strb	r0, [r2, #27]
1000413c:	f084 0001 	eor.w	r0, r4, #1
10004140:	f882 c003 	strb.w	ip, [r2, #3]
10004144:	8313      	strh	r3, [r2, #24]
10004146:	f007 0703 	and.w	r7, r7, #3
1000414a:	7050      	strb	r0, [r2, #1]
1000414c:	bb94      	cbnz	r4, 100041b4 <dcd_edpt_open+0xa4>
1000414e:	2204      	movs	r2, #4
10004150:	4829      	ldr	r0, [pc, #164]	@ (100041f8 <dcd_edpt_open+0xe8>)
10004152:	eb02 02c1 	add.w	r2, r2, r1, lsl #3
10004156:	eb05 1e81 	add.w	lr, r5, r1, lsl #6
1000415a:	eb02 0800 	add.w	r8, r2, r0
1000415e:	f8ce 8008 	str.w	r8, [lr, #8]
10004162:	f842 c000 	str.w	ip, [r2, r0]
10004166:	b381      	cbz	r1, 100041ca <dcd_edpt_open+0xba>
10004168:	4a24      	ldr	r2, [pc, #144]	@ (100041fc <dcd_edpt_open+0xec>)
1000416a:	00c9      	lsls	r1, r1, #3
1000416c:	440a      	add	r2, r1
1000416e:	f8ce 2004 	str.w	r2, [lr, #4]
10004172:	4823      	ldr	r0, [pc, #140]	@ (10004200 <dcd_edpt_open+0xf0>)
10004174:	333f      	adds	r3, #63	@ 0x3f
10004176:	6801      	ldr	r1, [r0, #0]
10004178:	f023 033f 	bic.w	r3, r3, #63	@ 0x3f
1000417c:	2f02      	cmp	r7, #2
1000417e:	4a21      	ldr	r2, [pc, #132]	@ (10004204 <dcd_edpt_open+0xf4>)
10004180:	bf08      	it	eq
10004182:	005b      	lsleq	r3, r3, #1
10004184:	440b      	add	r3, r1
10004186:	6003      	str	r3, [r0, #0]
10004188:	ea81 0802 	eor.w	r8, r1, r2
1000418c:	4053      	eors	r3, r2
1000418e:	1932      	adds	r2, r6, r4
10004190:	eb05 1242 	add.w	r2, r5, r2, lsl #5
10004194:	f5b3 5f80 	cmp.w	r3, #4096	@ 0x1000
10004198:	60d1      	str	r1, [r2, #12]
1000419a:	d827      	bhi.n	100041ec <dcd_edpt_open+0xdc>
1000419c:	4426      	add	r6, r4
1000419e:	eb05 1546 	add.w	r5, r5, r6, lsl #5
100041a2:	686b      	ldr	r3, [r5, #4]
100041a4:	ea48 6287 	orr.w	r2, r8, r7, lsl #26
100041a8:	f042 4200 	orr.w	r2, r2, #2147483648	@ 0x80000000
100041ac:	2001      	movs	r0, #1
100041ae:	601a      	str	r2, [r3, #0]
100041b0:	e8bd 81f0 	ldmia.w	sp!, {r4, r5, r6, r7, r8, pc}
100041b4:	4810      	ldr	r0, [pc, #64]	@ (100041f8 <dcd_edpt_open+0xe8>)
100041b6:	b20a      	sxth	r2, r1
100041b8:	eb00 08c1 	add.w	r8, r0, r1, lsl #3
100041bc:	eb05 1e81 	add.w	lr, r5, r1, lsl #6
100041c0:	f8ce 8028 	str.w	r8, [lr, #40]	@ 0x28
100041c4:	f840 c032 	str.w	ip, [r0, r2, lsl #3]
100041c8:	b941      	cbnz	r1, 100041dc <dcd_edpt_open+0xcc>
100041ca:	2300      	movs	r3, #0
100041cc:	4a0e      	ldr	r2, [pc, #56]	@ (10004208 <dcd_edpt_open+0xf8>)
100041ce:	eb05 1444 	add.w	r4, r5, r4, lsl #5
100041d2:	2001      	movs	r0, #1
100041d4:	60e2      	str	r2, [r4, #12]
100041d6:	6063      	str	r3, [r4, #4]
100041d8:	e8bd 81f0 	ldmia.w	sp!, {r4, r5, r6, r7, r8, pc}
100041dc:	00c9      	lsls	r1, r1, #3
100041de:	f101 41a0 	add.w	r1, r1, #1342177280	@ 0x50000000
100041e2:	f501 1180 	add.w	r1, r1, #1048576	@ 0x100000
100041e6:	f8ce 1024 	str.w	r1, [lr, #36]	@ 0x24
100041ea:	e7c2      	b.n	10004172 <dcd_edpt_open+0x62>
100041ec:	f7fd fbe0 	bl	100019b0 <hard_assertion_failure>
100041f0:	e7d4      	b.n	1000419c <dcd_edpt_open+0x8c>
100041f2:	bf00      	nop
100041f4:	20002760 	.word	0x20002760
100041f8:	50100080 	.word	0x50100080
100041fc:	50100004 	.word	0x50100004
10004200:	20002b68 	.word	0x20002b68
10004204:	50100000 	.word	0x50100000
10004208:	50100100 	.word	0x50100100

1000420c <dcd_edpt_close_all>:
1000420c:	f002 bdc8 	b.w	10006da0 <__reset_non_control_endpoints_veneer>

10004210 <dcd_edpt_xfer>:
10004210:	468c      	mov	ip, r1
10004212:	b508      	push	{r3, lr}
10004214:	4611      	mov	r1, r2
10004216:	4807      	ldr	r0, [pc, #28]	@ (10004234 <dcd_edpt_xfer+0x24>)
10004218:	461a      	mov	r2, r3
1000421a:	f00c 037f 	and.w	r3, ip, #127	@ 0x7f
1000421e:	ea4f 1cdc 	mov.w	ip, ip, lsr #7
10004222:	eb0c 0c43 	add.w	ip, ip, r3, lsl #1
10004226:	eb00 104c 	add.w	r0, r0, ip, lsl #5
1000422a:	f000 f853 	bl	100042d4 <hw_endpoint_xfer_start>
1000422e:	2001      	movs	r0, #1
10004230:	bd08      	pop	{r3, pc}
10004232:	bf00      	nop
10004234:	20002760 	.word	0x20002760

10004238 <dcd_edpt_stall>:
10004238:	f011 027f 	ands.w	r2, r1, #127	@ 0x7f
1000423c:	d00a      	beq.n	10004254 <dcd_edpt_stall+0x1c>
1000423e:	09c9      	lsrs	r1, r1, #7
10004240:	4b07      	ldr	r3, [pc, #28]	@ (10004260 <dcd_edpt_stall+0x28>)
10004242:	eb01 0042 	add.w	r0, r1, r2, lsl #1
10004246:	eb03 1040 	add.w	r0, r3, r0, lsl #5
1000424a:	f44f 6200 	mov.w	r2, #2048	@ 0x800
1000424e:	2100      	movs	r1, #0
10004250:	f002 bd9e 	b.w	10006d90 <___hw_endpoint_buffer_control_update32_veneer>
10004254:	4b03      	ldr	r3, [pc, #12]	@ (10004264 <dcd_edpt_stall+0x2c>)
10004256:	09c9      	lsrs	r1, r1, #7
10004258:	f1c1 0002 	rsb	r0, r1, #2
1000425c:	6698      	str	r0, [r3, #104]	@ 0x68
1000425e:	e7ef      	b.n	10004240 <dcd_edpt_stall+0x8>
10004260:	20002760 	.word	0x20002760
10004264:	50112000 	.word	0x50112000

10004268 <dcd_edpt_clear_stall>:
10004268:	f011 037f 	ands.w	r3, r1, #127	@ 0x7f
1000426c:	d100      	bne.n	10004270 <dcd_edpt_clear_stall+0x8>
1000426e:	4770      	bx	lr
10004270:	2200      	movs	r2, #0
10004272:	b410      	push	{r4}
10004274:	09c8      	lsrs	r0, r1, #7
10004276:	4c06      	ldr	r4, [pc, #24]	@ (10004290 <dcd_edpt_clear_stall+0x28>)
10004278:	eb00 0043 	add.w	r0, r0, r3, lsl #1
1000427c:	eb04 1340 	add.w	r3, r4, r0, lsl #5
10004280:	f46f 6100 	mvn.w	r1, #2048	@ 0x800
10004284:	4618      	mov	r0, r3
10004286:	f85d 4b04 	ldr.w	r4, [sp], #4
1000428a:	70da      	strb	r2, [r3, #3]
1000428c:	f002 bd80 	b.w	10006d90 <___hw_endpoint_buffer_control_update32_veneer>
10004290:	20002760 	.word	0x20002760

10004294 <rp2040_usb_init>:
10004294:	f04f 5280 	mov.w	r2, #268435456	@ 0x10000000
10004298:	4809      	ldr	r0, [pc, #36]	@ (100042c0 <rp2040_usb_init+0x2c>)
1000429a:	490a      	ldr	r1, [pc, #40]	@ (100042c4 <rp2040_usb_init+0x30>)
1000429c:	b508      	push	{r3, lr}
1000429e:	4b0a      	ldr	r3, [pc, #40]	@ (100042c8 <rp2040_usb_init+0x34>)
100042a0:	6002      	str	r2, [r0, #0]
100042a2:	600a      	str	r2, [r1, #0]
100042a4:	6899      	ldr	r1, [r3, #8]
100042a6:	43c9      	mvns	r1, r1
100042a8:	f011 5180 	ands.w	r1, r1, #268435456	@ 0x10000000
100042ac:	d1fa      	bne.n	100042a4 <rp2040_usb_init+0x10>
100042ae:	f44f 5280 	mov.w	r2, #4096	@ 0x1000
100042b2:	4806      	ldr	r0, [pc, #24]	@ (100042cc <rp2040_usb_init+0x38>)
100042b4:	f002 fab2 	bl	1000681c <memset>
100042b8:	2209      	movs	r2, #9
100042ba:	4b05      	ldr	r3, [pc, #20]	@ (100042d0 <rp2040_usb_init+0x3c>)
100042bc:	675a      	str	r2, [r3, #116]	@ 0x74
100042be:	bd08      	pop	{r3, pc}
100042c0:	40022000 	.word	0x40022000
100042c4:	40023000 	.word	0x40023000
100042c8:	40020000 	.word	0x40020000
100042cc:	50100000 	.word	0x50100000
100042d0:	50110000 	.word	0x50110000

100042d4 <hw_endpoint_xfer_start>:
100042d4:	2300      	movs	r3, #0
100042d6:	f04f 0c01 	mov.w	ip, #1
100042da:	b510      	push	{r4, lr}
100042dc:	f880 c01a 	strb.w	ip, [r0, #26]
100042e0:	8282      	strh	r2, [r0, #20]
100042e2:	82c3      	strh	r3, [r0, #22]
100042e4:	6101      	str	r1, [r0, #16]
100042e6:	4604      	mov	r4, r0
100042e8:	f002 fd42 	bl	10006d70 <__e15_is_bulkin_ep_veneer>
100042ec:	b120      	cbz	r0, 100042f8 <hw_endpoint_xfer_start+0x24>
100042ee:	f44f 3200 	mov.w	r2, #131072	@ 0x20000
100042f2:	4b07      	ldr	r3, [pc, #28]	@ (10004310 <hw_endpoint_xfer_start+0x3c>)
100042f4:	f8c3 2090 	str.w	r2, [r3, #144]	@ 0x90
100042f8:	4620      	mov	r0, r4
100042fa:	f002 fd55 	bl	10006da8 <__e15_is_critical_frame_period_veneer>
100042fe:	b110      	cbz	r0, 10004306 <hw_endpoint_xfer_start+0x32>
10004300:	2301      	movs	r3, #1
10004302:	7723      	strb	r3, [r4, #28]
10004304:	bd10      	pop	{r4, pc}
10004306:	4620      	mov	r0, r4
10004308:	e8bd 4010 	ldmia.w	sp!, {r4, lr}
1000430c:	f002 bd2c 	b.w	10006d68 <__hw_endpoint_start_next_buffer_veneer>
10004310:	50112000 	.word	0x50112000

10004314 <configuration_reset>:
10004314:	e92d 41f0 	stmdb	sp!, {r4, r5, r6, r7, r8, lr}
10004318:	2400      	movs	r4, #0
1000431a:	4e1d      	ldr	r6, [pc, #116]	@ (10004390 <configuration_reset+0x7c>)
1000431c:	4605      	mov	r5, r0
1000431e:	4623      	mov	r3, r4
10004320:	7832      	ldrb	r2, [r6, #0]
10004322:	f8df 8078 	ldr.w	r8, [pc, #120]	@ 1000439c <configuration_reset+0x88>
10004326:	4f1b      	ldr	r7, [pc, #108]	@ (10004394 <configuration_reset+0x80>)
10004328:	e00d      	b.n	10004346 <configuration_reset+0x32>
1000432a:	683b      	ldr	r3, [r7, #0]
1000432c:	eb13 1344 	adds.w	r3, r3, r4, lsl #5
10004330:	d025      	beq.n	1000437e <configuration_reset+0x6a>
10004332:	68db      	ldr	r3, [r3, #12]
10004334:	4628      	mov	r0, r5
10004336:	4798      	blx	r3
10004338:	7832      	ldrb	r2, [r6, #0]
1000433a:	3401      	adds	r4, #1
1000433c:	b2e4      	uxtb	r4, r4
1000433e:	1c51      	adds	r1, r2, #1
10004340:	42a1      	cmp	r1, r4
10004342:	4623      	mov	r3, r4
10004344:	db06      	blt.n	10004354 <configuration_reset+0x40>
10004346:	42a2      	cmp	r2, r4
10004348:	eba3 0302 	sub.w	r3, r3, r2
1000434c:	d8ed      	bhi.n	1000432a <configuration_reset+0x16>
1000434e:	eb08 1343 	add.w	r3, r8, r3, lsl #5
10004352:	e7ee      	b.n	10004332 <configuration_reset+0x1e>
10004354:	4c10      	ldr	r4, [pc, #64]	@ (10004398 <configuration_reset+0x84>)
10004356:	2254      	movs	r2, #84	@ 0x54
10004358:	2100      	movs	r1, #0
1000435a:	4620      	mov	r0, r4
1000435c:	f002 fa5e 	bl	1000681c <memset>
10004360:	f04f 33ff 	mov.w	r3, #4294967295	@ 0xffffffff
10004364:	1d25      	adds	r5, r4, #4
10004366:	6063      	str	r3, [r4, #4]
10004368:	e9c5 3301 	strd	r3, r3, [r5, #4]
1000436c:	60eb      	str	r3, [r5, #12]
1000436e:	f104 0014 	add.w	r0, r4, #20
10004372:	2220      	movs	r2, #32
10004374:	e8bd 41f0 	ldmia.w	sp!, {r4, r5, r6, r7, r8, lr}
10004378:	21ff      	movs	r1, #255	@ 0xff
1000437a:	f002 ba4f 	b.w	1000681c <memset>
1000437e:	f04f 23e0 	mov.w	r3, #3758153728	@ 0xe000e000
10004382:	f8d3 3df0 	ldr.w	r3, [r3, #3568]	@ 0xdf0
10004386:	07db      	lsls	r3, r3, #31
10004388:	d500      	bpl.n	1000438c <configuration_reset+0x78>
1000438a:	be00      	bkpt	0x0000
1000438c:	e8bd 81f0 	ldmia.w	sp!, {r4, r5, r6, r7, r8, pc}
10004390:	20002bbe 	.word	0x20002bbe
10004394:	20002274 	.word	0x20002274
10004398:	200022f8 	.word	0x200022f8
1000439c:	10007420 	.word	0x10007420

100043a0 <tud_event_hook_cb>:
100043a0:	4770      	bx	lr
100043a2:	bf00      	nop

100043a4 <tud_sof_cb>:
100043a4:	4770      	bx	lr
100043a6:	bf00      	nop

100043a8 <tud_descriptor_device_qualifier_cb>:
100043a8:	2000      	movs	r0, #0
100043aa:	4770      	bx	lr

100043ac <tud_descriptor_other_speed_configuration_cb>:
100043ac:	2000      	movs	r0, #0
100043ae:	4770      	bx	lr

100043b0 <tud_mount_cb>:
100043b0:	4770      	bx	lr
100043b2:	bf00      	nop

100043b4 <tud_umount_cb>:
100043b4:	4770      	bx	lr
100043b6:	bf00      	nop

100043b8 <tud_suspend_cb>:
100043b8:	4770      	bx	lr
100043ba:	bf00      	nop

100043bc <tud_resume_cb>:
100043bc:	4770      	bx	lr
100043be:	bf00      	nop

100043c0 <tud_mounted>:
100043c0:	4b02      	ldr	r3, [pc, #8]	@ (100043cc <tud_mounted+0xc>)
100043c2:	7858      	ldrb	r0, [r3, #1]
100043c4:	3800      	subs	r0, #0
100043c6:	bf18      	it	ne
100043c8:	2001      	movne	r0, #1
100043ca:	4770      	bx	lr
100043cc:	200022f8 	.word	0x200022f8

100043d0 <tud_suspended>:
100043d0:	4b02      	ldr	r3, [pc, #8]	@ (100043dc <tud_suspended+0xc>)
100043d2:	7818      	ldrb	r0, [r3, #0]
100043d4:	f3c0 0080 	ubfx	r0, r0, #2, #1
100043d8:	4770      	bx	lr
100043da:	bf00      	nop
100043dc:	200022f8 	.word	0x200022f8

100043e0 <tud_init>:
100043e0:	e92d 43f8 	stmdb	sp!, {r3, r4, r5, r6, r7, r8, r9, lr}
100043e4:	4f2c      	ldr	r7, [pc, #176]	@ (10004498 <tud_init+0xb8>)
100043e6:	783b      	ldrb	r3, [r7, #0]
100043e8:	2bff      	cmp	r3, #255	@ 0xff
100043ea:	d002      	beq.n	100043f2 <tud_init+0x12>
100043ec:	2001      	movs	r0, #1
100043ee:	e8bd 83f8 	ldmia.w	sp!, {r3, r4, r5, r6, r7, r8, r9, pc}
100043f2:	2100      	movs	r1, #0
100043f4:	2254      	movs	r2, #84	@ 0x54
100043f6:	4606      	mov	r6, r0
100043f8:	4828      	ldr	r0, [pc, #160]	@ (1000449c <tud_init+0xbc>)
100043fa:	f002 fa0f 	bl	1000681c <memset>
100043fe:	2200      	movs	r2, #0
10004400:	4d27      	ldr	r5, [pc, #156]	@ (100044a0 <tud_init+0xc0>)
10004402:	4b28      	ldr	r3, [pc, #160]	@ (100044a4 <tud_init+0xc4>)
10004404:	4628      	mov	r0, r5
10004406:	4c28      	ldr	r4, [pc, #160]	@ (100044a8 <tud_init+0xc8>)
10004408:	701a      	strb	r2, [r3, #0]
1000440a:	f7fc fce1 	bl	10000dd0 <mutex_init>
1000440e:	4b27      	ldr	r3, [pc, #156]	@ (100044ac <tud_init+0xcc>)
10004410:	f104 0014 	add.w	r0, r4, #20
10004414:	601d      	str	r5, [r3, #0]
10004416:	f7fc fce9 	bl	10000dec <critical_section_init>
1000441a:	4620      	mov	r0, r4
1000441c:	f001 fda6 	bl	10005f6c <tu_fifo_clear>
10004420:	4a23      	ldr	r2, [pc, #140]	@ (100044b0 <tud_init+0xd0>)
10004422:	4b24      	ldr	r3, [pc, #144]	@ (100044b4 <tud_init+0xd4>)
10004424:	4d24      	ldr	r5, [pc, #144]	@ (100044b8 <tud_init+0xd8>)
10004426:	6014      	str	r4, [r2, #0]
10004428:	b363      	cbz	r3, 10004484 <tud_init+0xa4>
1000442a:	4628      	mov	r0, r5
1000442c:	f7ff fac0 	bl	100039b0 <usbd_app_driver_get_cb>
10004430:	4b22      	ldr	r3, [pc, #136]	@ (100044bc <tud_init+0xdc>)
10004432:	782a      	ldrb	r2, [r5, #0]
10004434:	6018      	str	r0, [r3, #0]
10004436:	2400      	movs	r4, #0
10004438:	f8df 9084 	ldr.w	r9, [pc, #132]	@ 100044c0 <tud_init+0xe0>
1000443c:	4623      	mov	r3, r4
1000443e:	f8df 807c 	ldr.w	r8, [pc, #124]	@ 100044bc <tud_init+0xdc>
10004442:	e00e      	b.n	10004462 <tud_init+0x82>
10004444:	f8d8 3000 	ldr.w	r3, [r8]
10004448:	eb13 1344 	adds.w	r3, r3, r4, lsl #5
1000444c:	d011      	beq.n	10004472 <tud_init+0x92>
1000444e:	685b      	ldr	r3, [r3, #4]
10004450:	b17b      	cbz	r3, 10004472 <tud_init+0x92>
10004452:	4798      	blx	r3
10004454:	782a      	ldrb	r2, [r5, #0]
10004456:	3401      	adds	r4, #1
10004458:	b2e4      	uxtb	r4, r4
1000445a:	1c51      	adds	r1, r2, #1
1000445c:	42a1      	cmp	r1, r4
1000445e:	4623      	mov	r3, r4
10004460:	db12      	blt.n	10004488 <tud_init+0xa8>
10004462:	42a2      	cmp	r2, r4
10004464:	d8ee      	bhi.n	10004444 <tud_init+0x64>
10004466:	1a9b      	subs	r3, r3, r2
10004468:	eb09 1343 	add.w	r3, r9, r3, lsl #5
1000446c:	685b      	ldr	r3, [r3, #4]
1000446e:	2b00      	cmp	r3, #0
10004470:	d1ef      	bne.n	10004452 <tud_init+0x72>
10004472:	f04f 23e0 	mov.w	r3, #3758153728	@ 0xe000e000
10004476:	f8d3 3df0 	ldr.w	r3, [r3, #3568]	@ 0xdf0
1000447a:	07db      	lsls	r3, r3, #31
1000447c:	d500      	bpl.n	10004480 <tud_init+0xa0>
1000447e:	be00      	bkpt	0x0000
10004480:	2000      	movs	r0, #0
10004482:	e7b4      	b.n	100043ee <tud_init+0xe>
10004484:	782a      	ldrb	r2, [r5, #0]
10004486:	e7d6      	b.n	10004436 <tud_init+0x56>
10004488:	4630      	mov	r0, r6
1000448a:	703e      	strb	r6, [r7, #0]
1000448c:	f7ff fdce 	bl	1000402c <dcd_init>
10004490:	4630      	mov	r0, r6
10004492:	f7ff fe15 	bl	100040c0 <dcd_int_enable>
10004496:	e7a9      	b.n	100043ec <tud_init+0xc>
10004498:	20001584 	.word	0x20001584
1000449c:	200022f8 	.word	0x200022f8
100044a0:	200022b0 	.word	0x200022b0
100044a4:	20002bc0 	.word	0x20002bc0
100044a8:	20001568 	.word	0x20001568
100044ac:	2000234c 	.word	0x2000234c
100044b0:	20002350 	.word	0x20002350
100044b4:	100039b1 	.word	0x100039b1
100044b8:	20002bbe 	.word	0x20002bbe
100044bc:	20002274 	.word	0x20002274
100044c0:	10007420 	.word	0x10007420

100044c4 <tud_task_ext>:
100044c4:	e92d 4ff0 	stmdb	sp!, {r4, r5, r6, r7, r8, r9, sl, fp, lr}
100044c8:	f8df 92d4 	ldr.w	r9, [pc, #724]	@ 100047a0 <tud_task_ext+0x2dc>
100044cc:	b08b      	sub	sp, #44	@ 0x2c
100044ce:	f899 3000 	ldrb.w	r3, [r9]
100044d2:	2bff      	cmp	r3, #255	@ 0xff
100044d4:	f000 80ed 	beq.w	100046b2 <tud_task_ext+0x1ee>
100044d8:	4cab      	ldr	r4, [pc, #684]	@ (10004788 <tud_task_ext+0x2c4>)
100044da:	4dac      	ldr	r5, [pc, #688]	@ (1000478c <tud_task_ext+0x2c8>)
100044dc:	f8df a2bc 	ldr.w	sl, [pc, #700]	@ 1000479c <tud_task_ext+0x2d8>
100044e0:	f8df b2c0 	ldr.w	fp, [pc, #704]	@ 100047a4 <tud_task_ext+0x2e0>
100044e4:	6826      	ldr	r6, [r4, #0]
100044e6:	6973      	ldr	r3, [r6, #20]
100044e8:	f3ef 8210 	mrs	r2, PRIMASK
100044ec:	b672      	cpsid	i
100044ee:	e8d3 0fcf 	ldaexb	r0, [r3]
100044f2:	2101      	movs	r1, #1
100044f4:	2800      	cmp	r0, #0
100044f6:	d1fa      	bne.n	100044ee <tud_task_ext+0x2a>
100044f8:	e8c3 1f40 	strexb	r0, r1, [r3]
100044fc:	2800      	cmp	r0, #0
100044fe:	d1f6      	bne.n	100044ee <tud_task_ext+0x2a>
10004500:	f3bf 8f5f 	dmb	sy
10004504:	61b2      	str	r2, [r6, #24]
10004506:	4630      	mov	r0, r6
10004508:	a907      	add	r1, sp, #28
1000450a:	f001 fb6d 	bl	10005be8 <tu_fifo_read>
1000450e:	2300      	movs	r3, #0
10004510:	6972      	ldr	r2, [r6, #20]
10004512:	e8c2 3f8f 	stlb	r3, [r2]
10004516:	69b3      	ldr	r3, [r6, #24]
10004518:	f383 8810 	msr	PRIMASK, r3
1000451c:	2800      	cmp	r0, #0
1000451e:	f000 80c8 	beq.w	100046b2 <tud_task_ext+0x1ee>
10004522:	f89d 301d 	ldrb.w	r3, [sp, #29]
10004526:	3b01      	subs	r3, #1
10004528:	2b07      	cmp	r3, #7
1000452a:	f200 8391 	bhi.w	10004c50 <tud_task_ext+0x78c>
1000452e:	e8df f003 	tbb	[pc, r3]
10004532:	ada3      	.short	0xada3
10004534:	358a9991 	.word	0x358a9991
10004538:	040a      	.short	0x040a
1000453a:	9b08      	ldr	r3, [sp, #32]
1000453c:	2b00      	cmp	r3, #0
1000453e:	d0d1      	beq.n	100044e4 <tud_task_ext+0x20>
10004540:	9809      	ldr	r0, [sp, #36]	@ 0x24
10004542:	4798      	blx	r3
10004544:	e7ce      	b.n	100044e4 <tud_task_ext+0x20>
10004546:	f89d 1020 	ldrb.w	r1, [sp, #32]
1000454a:	f001 067f 	and.w	r6, r1, #127	@ 0x7f
1000454e:	eb05 0046 	add.w	r0, r5, r6, lsl #1
10004552:	eb00 10d1 	add.w	r0, r0, r1, lsr #7
10004556:	f890 2034 	ldrb.w	r2, [r0, #52]	@ 0x34
1000455a:	f36f 0200 	bfc	r2, #0, #1
1000455e:	f880 2034 	strb.w	r2, [r0, #52]	@ 0x34
10004562:	f890 2034 	ldrb.w	r2, [r0, #52]	@ 0x34
10004566:	f36f 0282 	bfc	r2, #2, #1
1000456a:	f880 2034 	strb.w	r2, [r0, #52]	@ 0x34
1000456e:	2e00      	cmp	r6, #0
10004570:	f000 80a2 	beq.w	100046b8 <tud_task_ext+0x1f4>
10004574:	7d03      	ldrb	r3, [r0, #20]
10004576:	f89a 2000 	ldrb.w	r2, [sl]
1000457a:	4293      	cmp	r3, r2
1000457c:	f080 808f 	bcs.w	1000469e <tud_task_ext+0x1da>
10004580:	4a83      	ldr	r2, [pc, #524]	@ (10004790 <tud_task_ext+0x2cc>)
10004582:	6812      	ldr	r2, [r2, #0]
10004584:	eb12 1343 	adds.w	r3, r2, r3, lsl #5
10004588:	f000 808c 	beq.w	100046a4 <tud_task_ext+0x1e0>
1000458c:	699e      	ldr	r6, [r3, #24]
1000458e:	f89d 2021 	ldrb.w	r2, [sp, #33]	@ 0x21
10004592:	9b09      	ldr	r3, [sp, #36]	@ 0x24
10004594:	f89d 001c 	ldrb.w	r0, [sp, #28]
10004598:	47b0      	blx	r6
1000459a:	e7a3      	b.n	100044e4 <tud_task_ext+0x20>
1000459c:	f89b 3000 	ldrb.w	r3, [fp]
100045a0:	2b00      	cmp	r3, #0
100045a2:	d07f      	beq.n	100046a4 <tud_task_ext+0x1e0>
100045a4:	f89b 3000 	ldrb.w	r3, [fp]
100045a8:	3b01      	subs	r3, #1
100045aa:	b2db      	uxtb	r3, r3
100045ac:	f88b 3000 	strb.w	r3, [fp]
100045b0:	f89b 3000 	ldrb.w	r3, [fp]
100045b4:	f003 00ff 	and.w	r0, r3, #255	@ 0xff
100045b8:	2b00      	cmp	r3, #0
100045ba:	d193      	bne.n	100044e4 <tud_task_ext+0x20>
100045bc:	4f73      	ldr	r7, [pc, #460]	@ (1000478c <tud_task_ext+0x2c8>)
100045be:	f89d 801c 	ldrb.w	r8, [sp, #28]
100045c2:	783b      	ldrb	r3, [r7, #0]
100045c4:	f043 0301 	orr.w	r3, r3, #1
100045c8:	703b      	strb	r3, [r7, #0]
100045ca:	f897 3034 	ldrb.w	r3, [r7, #52]	@ 0x34
100045ce:	f360 0300 	bfi	r3, r0, #0, #1
100045d2:	f887 3034 	strb.w	r3, [r7, #52]	@ 0x34
100045d6:	f897 3034 	ldrb.w	r3, [r7, #52]	@ 0x34
100045da:	f360 0382 	bfi	r3, r0, #2, #1
100045de:	f887 3034 	strb.w	r3, [r7, #52]	@ 0x34
100045e2:	f897 3035 	ldrb.w	r3, [r7, #53]	@ 0x35
100045e6:	f360 0300 	bfi	r3, r0, #0, #1
100045ea:	f887 3035 	strb.w	r3, [r7, #53]	@ 0x35
100045ee:	f897 3035 	ldrb.w	r3, [r7, #53]	@ 0x35
100045f2:	f360 0382 	bfi	r3, r0, #2, #1
100045f6:	f887 3035 	strb.w	r3, [r7, #53]	@ 0x35
100045fa:	f000 fc7f 	bl	10004efc <usbd_control_set_complete_callback>
100045fe:	f89d 3020 	ldrb.w	r3, [sp, #32]
10004602:	f003 0260 	and.w	r2, r3, #96	@ 0x60
10004606:	2a60      	cmp	r2, #96	@ 0x60
10004608:	d00b      	beq.n	10004622 <tud_task_ext+0x15e>
1000460a:	2a40      	cmp	r2, #64	@ 0x40
1000460c:	d061      	beq.n	100046d2 <tud_task_ext+0x20e>
1000460e:	f003 031f 	and.w	r3, r3, #31
10004612:	2b01      	cmp	r3, #1
10004614:	f000 80c8 	beq.w	100047a8 <tud_task_ext+0x2e4>
10004618:	2b02      	cmp	r3, #2
1000461a:	f000 8087 	beq.w	1000472c <tud_task_ext+0x268>
1000461e:	2b00      	cmp	r3, #0
10004620:	d063      	beq.n	100046ea <tud_task_ext+0x226>
10004622:	f04f 23e0 	mov.w	r3, #3758153728	@ 0xe000e000
10004626:	f8d3 3df0 	ldr.w	r3, [r3, #3568]	@ 0xdf0
1000462a:	07de      	lsls	r6, r3, #31
1000462c:	d500      	bpl.n	10004630 <tud_task_ext+0x16c>
1000462e:	be00      	bkpt	0x0000
10004630:	f89d 001c 	ldrb.w	r0, [sp, #28]
10004634:	2100      	movs	r1, #0
10004636:	f7ff fdff 	bl	10004238 <dcd_edpt_stall>
1000463a:	2180      	movs	r1, #128	@ 0x80
1000463c:	f89d 001c 	ldrb.w	r0, [sp, #28]
10004640:	f7ff fdfa 	bl	10004238 <dcd_edpt_stall>
10004644:	e74e      	b.n	100044e4 <tud_task_ext+0x20>
10004646:	782b      	ldrb	r3, [r5, #0]
10004648:	07d9      	lsls	r1, r3, #31
1000464a:	f57f af4b 	bpl.w	100044e4 <tud_task_ext+0x20>
1000464e:	f7ff feb5 	bl	100043bc <tud_resume_cb>
10004652:	e747      	b.n	100044e4 <tud_task_ext+0x20>
10004654:	78eb      	ldrb	r3, [r5, #3]
10004656:	07da      	lsls	r2, r3, #31
10004658:	f57f af44 	bpl.w	100044e4 <tud_task_ext+0x20>
1000465c:	9808      	ldr	r0, [sp, #32]
1000465e:	f7ff fea1 	bl	100043a4 <tud_sof_cb>
10004662:	e73f      	b.n	100044e4 <tud_task_ext+0x20>
10004664:	782b      	ldrb	r3, [r5, #0]
10004666:	07d8      	lsls	r0, r3, #31
10004668:	f57f af3c 	bpl.w	100044e4 <tud_task_ext+0x20>
1000466c:	7828      	ldrb	r0, [r5, #0]
1000466e:	f3c0 00c0 	ubfx	r0, r0, #3, #1
10004672:	f7ff fea1 	bl	100043b8 <tud_suspend_cb>
10004676:	e735      	b.n	100044e4 <tud_task_ext+0x20>
10004678:	f89d 001c 	ldrb.w	r0, [sp, #28]
1000467c:	f7ff fe4a 	bl	10004314 <configuration_reset>
10004680:	f000 fc32 	bl	10004ee8 <usbd_control_reset>
10004684:	f89d 3020 	ldrb.w	r3, [sp, #32]
10004688:	70ab      	strb	r3, [r5, #2]
1000468a:	e72b      	b.n	100044e4 <tud_task_ext+0x20>
1000468c:	f89d 001c 	ldrb.w	r0, [sp, #28]
10004690:	f7ff fe40 	bl	10004314 <configuration_reset>
10004694:	f000 fc28 	bl	10004ee8 <usbd_control_reset>
10004698:	f7ff fe8c 	bl	100043b4 <tud_umount_cb>
1000469c:	e722      	b.n	100044e4 <tud_task_ext+0x20>
1000469e:	1c50      	adds	r0, r2, #1
100046a0:	4298      	cmp	r0, r3
100046a2:	da11      	bge.n	100046c8 <tud_task_ext+0x204>
100046a4:	f04f 23e0 	mov.w	r3, #3758153728	@ 0xe000e000
100046a8:	f8d3 3df0 	ldr.w	r3, [r3, #3568]	@ 0xdf0
100046ac:	07dc      	lsls	r4, r3, #31
100046ae:	d500      	bpl.n	100046b2 <tud_task_ext+0x1ee>
100046b0:	be00      	bkpt	0x0000
100046b2:	b00b      	add	sp, #44	@ 0x2c
100046b4:	e8bd 8ff0 	ldmia.w	sp!, {r4, r5, r6, r7, r8, r9, sl, fp, pc}
100046b8:	9b09      	ldr	r3, [sp, #36]	@ 0x24
100046ba:	f89d 2021 	ldrb.w	r2, [sp, #33]	@ 0x21
100046be:	f89d 001c 	ldrb.w	r0, [sp, #28]
100046c2:	f000 fc2f 	bl	10004f24 <usbd_control_xfer_cb>
100046c6:	e70d      	b.n	100044e4 <tud_task_ext+0x20>
100046c8:	1a9b      	subs	r3, r3, r2
100046ca:	4a32      	ldr	r2, [pc, #200]	@ (10004794 <tud_task_ext+0x2d0>)
100046cc:	eb02 1343 	add.w	r3, r2, r3, lsl #5
100046d0:	e75c      	b.n	1000458c <tud_task_ext+0xc8>
100046d2:	4831      	ldr	r0, [pc, #196]	@ (10004798 <tud_task_ext+0x2d4>)
100046d4:	f000 fc12 	bl	10004efc <usbd_control_set_complete_callback>
100046d8:	4640      	mov	r0, r8
100046da:	2101      	movs	r1, #1
100046dc:	aa08      	add	r2, sp, #32
100046de:	f7ff f953 	bl	10003988 <tud_vendor_control_xfer_cb>
100046e2:	2800      	cmp	r0, #0
100046e4:	f47f aefe 	bne.w	100044e4 <tud_task_ext+0x20>
100046e8:	e7a2      	b.n	10004630 <tud_task_ext+0x16c>
100046ea:	2a20      	cmp	r2, #32
100046ec:	f000 8192 	beq.w	10004a14 <tud_task_ext+0x550>
100046f0:	2a00      	cmp	r2, #0
100046f2:	d196      	bne.n	10004622 <tud_task_ext+0x15e>
100046f4:	f89d 3021 	ldrb.w	r3, [sp, #33]	@ 0x21
100046f8:	2b09      	cmp	r3, #9
100046fa:	d892      	bhi.n	10004622 <tud_task_ext+0x15e>
100046fc:	a201      	add	r2, pc, #4	@ (adr r2, 10004704 <tud_task_ext+0x240>)
100046fe:	f852 f023 	ldr.w	pc, [r2, r3, lsl #2]
10004702:	bf00      	nop
10004704:	100049b3 	.word	0x100049b3
10004708:	10004997 	.word	0x10004997
1000470c:	10004623 	.word	0x10004623
10004710:	100049d5 	.word	0x100049d5
10004714:	10004623 	.word	0x10004623
10004718:	1000497d 	.word	0x1000497d
1000471c:	10004927 	.word	0x10004927
10004720:	10004623 	.word	0x10004623
10004724:	10004911 	.word	0x10004911
10004728:	10004837 	.word	0x10004837
1000472c:	f89d 1024 	ldrb.w	r1, [sp, #36]	@ 0x24
10004730:	f011 0f70 	tst.w	r1, #112	@ 0x70
10004734:	f47f af75 	bne.w	10004622 <tud_task_ext+0x15e>
10004738:	f001 067f 	and.w	r6, r1, #127	@ 0x7f
1000473c:	eb07 0046 	add.w	r0, r7, r6, lsl #1
10004740:	4b16      	ldr	r3, [pc, #88]	@ (1000479c <tud_task_ext+0x2d8>)
10004742:	eb00 10d1 	add.w	r0, r0, r1, lsr #7
10004746:	781b      	ldrb	r3, [r3, #0]
10004748:	7d00      	ldrb	r0, [r0, #20]
1000474a:	0076      	lsls	r6, r6, #1
1000474c:	9601      	str	r6, [sp, #4]
1000474e:	4298      	cmp	r0, r3
10004750:	ea4f 16d1 	mov.w	r6, r1, lsr #7
10004754:	9600      	str	r6, [sp, #0]
10004756:	d35d      	bcc.n	10004814 <tud_task_ext+0x350>
10004758:	1c5e      	adds	r6, r3, #1
1000475a:	4286      	cmp	r6, r0
1000475c:	f2c0 816c 	blt.w	10004a38 <tud_task_ext+0x574>
10004760:	1ac0      	subs	r0, r0, r3
10004762:	4b0c      	ldr	r3, [pc, #48]	@ (10004794 <tud_task_ext+0x2d0>)
10004764:	eb03 1640 	add.w	r6, r3, r0, lsl #5
10004768:	2a00      	cmp	r2, #0
1000476a:	f000 8169 	beq.w	10004a40 <tud_task_ext+0x57c>
1000476e:	6970      	ldr	r0, [r6, #20]
10004770:	f000 fbc4 	bl	10004efc <usbd_control_set_complete_callback>
10004774:	4640      	mov	r0, r8
10004776:	2101      	movs	r1, #1
10004778:	6973      	ldr	r3, [r6, #20]
1000477a:	aa08      	add	r2, sp, #32
1000477c:	4798      	blx	r3
1000477e:	2800      	cmp	r0, #0
10004780:	f47f aeb0 	bne.w	100044e4 <tud_task_ext+0x20>
10004784:	e754      	b.n	10004630 <tud_task_ext+0x16c>
10004786:	bf00      	nop
10004788:	20002350 	.word	0x20002350
1000478c:	200022f8 	.word	0x200022f8
10004790:	20002274 	.word	0x20002274
10004794:	10007420 	.word	0x10007420
10004798:	10003989 	.word	0x10003989
1000479c:	20002bbe 	.word	0x20002bbe
100047a0:	20001584 	.word	0x20001584
100047a4:	20002bc0 	.word	0x20002bc0
100047a8:	f89d 3024 	ldrb.w	r3, [sp, #36]	@ 0x24
100047ac:	2b0f      	cmp	r3, #15
100047ae:	f63f af3f 	bhi.w	10004630 <tud_task_ext+0x16c>
100047b2:	4ab1      	ldr	r2, [pc, #708]	@ (10004a78 <tud_task_ext+0x5b4>)
100047b4:	443b      	add	r3, r7
100047b6:	791b      	ldrb	r3, [r3, #4]
100047b8:	7812      	ldrb	r2, [r2, #0]
100047ba:	4293      	cmp	r3, r2
100047bc:	d335      	bcc.n	1000482a <tud_task_ext+0x366>
100047be:	1c51      	adds	r1, r2, #1
100047c0:	4299      	cmp	r1, r3
100047c2:	f6ff af35 	blt.w	10004630 <tud_task_ext+0x16c>
100047c6:	4ead      	ldr	r6, [pc, #692]	@ (10004a7c <tud_task_ext+0x5b8>)
100047c8:	1a9b      	subs	r3, r3, r2
100047ca:	eb06 1643 	add.w	r6, r6, r3, lsl #5
100047ce:	6970      	ldr	r0, [r6, #20]
100047d0:	f000 fb94 	bl	10004efc <usbd_control_set_complete_callback>
100047d4:	2101      	movs	r1, #1
100047d6:	4640      	mov	r0, r8
100047d8:	6973      	ldr	r3, [r6, #20]
100047da:	aa08      	add	r2, sp, #32
100047dc:	4798      	blx	r3
100047de:	2800      	cmp	r0, #0
100047e0:	f47f ae80 	bne.w	100044e4 <tud_task_ext+0x20>
100047e4:	f89d 3020 	ldrb.w	r3, [sp, #32]
100047e8:	f013 0660 	ands.w	r6, r3, #96	@ 0x60
100047ec:	f47f af20 	bne.w	10004630 <tud_task_ext+0x16c>
100047f0:	f89d 3021 	ldrb.w	r3, [sp, #33]	@ 0x21
100047f4:	3b0a      	subs	r3, #10
100047f6:	2b01      	cmp	r3, #1
100047f8:	f63f af1a 	bhi.w	10004630 <tud_task_ext+0x16c>
100047fc:	f000 fb7e 	bl	10004efc <usbd_control_set_complete_callback>
10004800:	f89d 3021 	ldrb.w	r3, [sp, #33]	@ 0x21
10004804:	2b0a      	cmp	r3, #10
10004806:	f000 81f8 	beq.w	10004bfa <tud_task_ext+0x736>
1000480a:	4640      	mov	r0, r8
1000480c:	a908      	add	r1, sp, #32
1000480e:	f000 fafb 	bl	10004e08 <tud_control_status>
10004812:	e667      	b.n	100044e4 <tud_task_ext+0x20>
10004814:	4b9a      	ldr	r3, [pc, #616]	@ (10004a80 <tud_task_ext+0x5bc>)
10004816:	681b      	ldr	r3, [r3, #0]
10004818:	eb03 1640 	add.w	r6, r3, r0, lsl #5
1000481c:	2a00      	cmp	r2, #0
1000481e:	f000 810f 	beq.w	10004a40 <tud_task_ext+0x57c>
10004822:	2e00      	cmp	r6, #0
10004824:	f43f af04 	beq.w	10004630 <tud_task_ext+0x16c>
10004828:	e7a1      	b.n	1000476e <tud_task_ext+0x2aa>
1000482a:	4a95      	ldr	r2, [pc, #596]	@ (10004a80 <tud_task_ext+0x5bc>)
1000482c:	6816      	ldr	r6, [r2, #0]
1000482e:	eb16 1643 	adds.w	r6, r6, r3, lsl #5
10004832:	d1cc      	bne.n	100047ce <tud_task_ext+0x30a>
10004834:	e6fc      	b.n	10004630 <tud_task_ext+0x16c>
10004836:	787b      	ldrb	r3, [r7, #1]
10004838:	f89d 6022 	ldrb.w	r6, [sp, #34]	@ 0x22
1000483c:	429e      	cmp	r6, r3
1000483e:	f000 8151 	beq.w	10004ae4 <tud_task_ext+0x620>
10004842:	787b      	ldrb	r3, [r7, #1]
10004844:	2b00      	cmp	r3, #0
10004846:	f040 81c4 	bne.w	10004bd2 <tud_task_ext+0x70e>
1000484a:	707e      	strb	r6, [r7, #1]
1000484c:	2e00      	cmp	r6, #0
1000484e:	f000 8147 	beq.w	10004ae0 <tud_task_ext+0x61c>
10004852:	1e70      	subs	r0, r6, #1
10004854:	b2c0      	uxtb	r0, r0
10004856:	f7ff fad3 	bl	10003e00 <tud_descriptor_configuration_cb>
1000485a:	4603      	mov	r3, r0
1000485c:	2800      	cmp	r0, #0
1000485e:	f000 8163 	beq.w	10004b28 <tud_task_ext+0x664>
10004862:	7842      	ldrb	r2, [r0, #1]
10004864:	2a02      	cmp	r2, #2
10004866:	f040 815f 	bne.w	10004b28 <tud_task_ext+0x664>
1000486a:	79c1      	ldrb	r1, [r0, #7]
1000486c:	7838      	ldrb	r0, [r7, #0]
1000486e:	f3c1 1240 	ubfx	r2, r1, #5, #1
10004872:	0112      	lsls	r2, r2, #4
10004874:	f3c1 1180 	ubfx	r1, r1, #6, #1
10004878:	f020 0030 	bic.w	r0, r0, #48	@ 0x30
1000487c:	ea42 1241 	orr.w	r2, r2, r1, lsl #5
10004880:	4302      	orrs	r2, r0
10004882:	703a      	strb	r2, [r7, #0]
10004884:	885a      	ldrh	r2, [r3, #2]
10004886:	f103 0609 	add.w	r6, r3, #9
1000488a:	189a      	adds	r2, r3, r2
1000488c:	9201      	str	r2, [sp, #4]
1000488e:	f8cd 8008 	str.w	r8, [sp, #8]
10004892:	9b01      	ldr	r3, [sp, #4]
10004894:	42b3      	cmp	r3, r6
10004896:	f240 81ab 	bls.w	10004bf0 <tud_task_ext+0x72c>
1000489a:	7873      	ldrb	r3, [r6, #1]
1000489c:	2b0b      	cmp	r3, #11
1000489e:	f000 81b6 	beq.w	10004c0e <tud_task_ext+0x74a>
100048a2:	2101      	movs	r1, #1
100048a4:	2b04      	cmp	r3, #4
100048a6:	f040 813f 	bne.w	10004b28 <tud_task_ext+0x664>
100048aa:	f04f 0800 	mov.w	r8, #0
100048ae:	9b01      	ldr	r3, [sp, #4]
100048b0:	9103      	str	r1, [sp, #12]
100048b2:	1b9a      	subs	r2, r3, r6
100048b4:	4b70      	ldr	r3, [pc, #448]	@ (10004a78 <tud_task_ext+0x5b4>)
100048b6:	4631      	mov	r1, r6
100048b8:	781b      	ldrb	r3, [r3, #0]
100048ba:	b292      	uxth	r2, r2
100048bc:	f8cd 8000 	str.w	r8, [sp]
100048c0:	e01d      	b.n	100048fe <tud_task_ext+0x43a>
100048c2:	4b6f      	ldr	r3, [pc, #444]	@ (10004a80 <tud_task_ext+0x5bc>)
100048c4:	681e      	ldr	r6, [r3, #0]
100048c6:	eb16 1648 	adds.w	r6, r6, r8, lsl #5
100048ca:	f000 812d 	beq.w	10004b28 <tud_task_ext+0x664>
100048ce:	6933      	ldr	r3, [r6, #16]
100048d0:	9802      	ldr	r0, [sp, #8]
100048d2:	e9cd 1204 	strd	r1, r2, [sp, #16]
100048d6:	4798      	blx	r3
100048d8:	e9dd 1204 	ldrd	r1, r2, [sp, #16]
100048dc:	2808      	cmp	r0, #8
100048de:	f108 0301 	add.w	r3, r8, #1
100048e2:	d902      	bls.n	100048ea <tud_task_ext+0x426>
100048e4:	4282      	cmp	r2, r0
100048e6:	f080 8102 	bcs.w	10004aee <tud_task_ext+0x62a>
100048ea:	fa5f f883 	uxtb.w	r8, r3
100048ee:	4b62      	ldr	r3, [pc, #392]	@ (10004a78 <tud_task_ext+0x5b4>)
100048f0:	f8cd 8000 	str.w	r8, [sp]
100048f4:	781b      	ldrb	r3, [r3, #0]
100048f6:	1c58      	adds	r0, r3, #1
100048f8:	4580      	cmp	r8, r0
100048fa:	f300 8115 	bgt.w	10004b28 <tud_task_ext+0x664>
100048fe:	9800      	ldr	r0, [sp, #0]
10004900:	4598      	cmp	r8, r3
10004902:	eba0 0303 	sub.w	r3, r0, r3
10004906:	d3dc      	bcc.n	100048c2 <tud_task_ext+0x3fe>
10004908:	485c      	ldr	r0, [pc, #368]	@ (10004a7c <tud_task_ext+0x5b8>)
1000490a:	eb00 1643 	add.w	r6, r0, r3, lsl #5
1000490e:	e7de      	b.n	100048ce <tud_task_ext+0x40a>
10004910:	787b      	ldrb	r3, [r7, #1]
10004912:	4640      	mov	r0, r8
10004914:	f88d 301a 	strb.w	r3, [sp, #26]
10004918:	f10d 021a 	add.w	r2, sp, #26
1000491c:	2301      	movs	r3, #1
1000491e:	a908      	add	r1, sp, #32
10004920:	f000 fa8c 	bl	10004e3c <tud_control_xfer>
10004924:	e5de      	b.n	100044e4 <tud_task_ext+0x20>
10004926:	f8bd 0022 	ldrh.w	r0, [sp, #34]	@ 0x22
1000492a:	0a03      	lsrs	r3, r0, #8
1000492c:	3b01      	subs	r3, #1
1000492e:	0a02      	lsrs	r2, r0, #8
10004930:	b2c0      	uxtb	r0, r0
10004932:	2b0e      	cmp	r3, #14
10004934:	f63f ae7c 	bhi.w	10004630 <tud_task_ext+0x16c>
10004938:	a101      	add	r1, pc, #4	@ (adr r1, 10004940 <tud_task_ext+0x47c>)
1000493a:	f851 f023 	ldr.w	pc, [r1, r3, lsl #2]
1000493e:	bf00      	nop
10004940:	10004b59 	.word	0x10004b59
10004944:	100049f1 	.word	0x100049f1
10004948:	10004b95 	.word	0x10004b95
1000494c:	10004631 	.word	0x10004631
10004950:	10004631 	.word	0x10004631
10004954:	10004b77 	.word	0x10004b77
10004958:	100049f1 	.word	0x100049f1
1000495c:	10004631 	.word	0x10004631
10004960:	10004631 	.word	0x10004631
10004964:	10004631 	.word	0x10004631
10004968:	10004631 	.word	0x10004631
1000496c:	10004631 	.word	0x10004631
10004970:	10004631 	.word	0x10004631
10004974:	10004631 	.word	0x10004631
10004978:	10004b4b 	.word	0x10004b4b
1000497c:	a808      	add	r0, sp, #32
1000497e:	f000 fac3 	bl	10004f08 <usbd_control_set_request>
10004982:	4640      	mov	r0, r8
10004984:	f89d 1022 	ldrb.w	r1, [sp, #34]	@ 0x22
10004988:	f7ff fb9e 	bl	100040c8 <dcd_set_address>
1000498c:	783b      	ldrb	r3, [r7, #0]
1000498e:	f043 0302 	orr.w	r3, r3, #2
10004992:	703b      	strb	r3, [r7, #0]
10004994:	e5a6      	b.n	100044e4 <tud_task_ext+0x20>
10004996:	f8bd 3022 	ldrh.w	r3, [sp, #34]	@ 0x22
1000499a:	2b01      	cmp	r3, #1
1000499c:	f47f ae48 	bne.w	10004630 <tud_task_ext+0x16c>
100049a0:	783b      	ldrb	r3, [r7, #0]
100049a2:	4640      	mov	r0, r8
100049a4:	f36f 03c3 	bfc	r3, #3, #1
100049a8:	a908      	add	r1, sp, #32
100049aa:	703b      	strb	r3, [r7, #0]
100049ac:	f000 fa2c 	bl	10004e08 <tud_control_status>
100049b0:	e598      	b.n	100044e4 <tud_task_ext+0x20>
100049b2:	4640      	mov	r0, r8
100049b4:	783b      	ldrb	r3, [r7, #0]
100049b6:	089a      	lsrs	r2, r3, #2
100049b8:	f002 0202 	and.w	r2, r2, #2
100049bc:	f3c3 1340 	ubfx	r3, r3, #5, #1
100049c0:	4313      	orrs	r3, r2
100049c2:	f8ad 301a 	strh.w	r3, [sp, #26]
100049c6:	f10d 021a 	add.w	r2, sp, #26
100049ca:	2302      	movs	r3, #2
100049cc:	a908      	add	r1, sp, #32
100049ce:	f000 fa35 	bl	10004e3c <tud_control_xfer>
100049d2:	e587      	b.n	100044e4 <tud_task_ext+0x20>
100049d4:	f8bd 3022 	ldrh.w	r3, [sp, #34]	@ 0x22
100049d8:	2b01      	cmp	r3, #1
100049da:	f47f ae29 	bne.w	10004630 <tud_task_ext+0x16c>
100049de:	783b      	ldrb	r3, [r7, #0]
100049e0:	4640      	mov	r0, r8
100049e2:	f043 0308 	orr.w	r3, r3, #8
100049e6:	a908      	add	r1, sp, #32
100049e8:	703b      	strb	r3, [r7, #0]
100049ea:	f000 fa0d 	bl	10004e08 <tud_control_status>
100049ee:	e579      	b.n	100044e4 <tud_task_ext+0x20>
100049f0:	2a02      	cmp	r2, #2
100049f2:	f000 8126 	beq.w	10004c42 <tud_task_ext+0x77e>
100049f6:	f7ff fcd9 	bl	100043ac <tud_descriptor_other_speed_configuration_cb>
100049fa:	4602      	mov	r2, r0
100049fc:	2800      	cmp	r0, #0
100049fe:	f43f ae17 	beq.w	10004630 <tud_task_ext+0x16c>
10004a02:	4640      	mov	r0, r8
10004a04:	8853      	ldrh	r3, [r2, #2]
10004a06:	a908      	add	r1, sp, #32
10004a08:	f000 fa18 	bl	10004e3c <tud_control_xfer>
10004a0c:	2800      	cmp	r0, #0
10004a0e:	f47f ad69 	bne.w	100044e4 <tud_task_ext+0x20>
10004a12:	e60d      	b.n	10004630 <tud_task_ext+0x16c>
10004a14:	f89d 3024 	ldrb.w	r3, [sp, #36]	@ 0x24
10004a18:	2b0f      	cmp	r3, #15
10004a1a:	f63f ae09 	bhi.w	10004630 <tud_task_ext+0x16c>
10004a1e:	4a16      	ldr	r2, [pc, #88]	@ (10004a78 <tud_task_ext+0x5b4>)
10004a20:	443b      	add	r3, r7
10004a22:	791b      	ldrb	r3, [r3, #4]
10004a24:	7812      	ldrb	r2, [r2, #0]
10004a26:	4293      	cmp	r3, r2
10004a28:	d21d      	bcs.n	10004a66 <tud_task_ext+0x5a2>
10004a2a:	4a15      	ldr	r2, [pc, #84]	@ (10004a80 <tud_task_ext+0x5bc>)
10004a2c:	6816      	ldr	r6, [r2, #0]
10004a2e:	eb16 1643 	adds.w	r6, r6, r3, lsl #5
10004a32:	f47f ae9c 	bne.w	1000476e <tud_task_ext+0x2aa>
10004a36:	e5fb      	b.n	10004630 <tud_task_ext+0x16c>
10004a38:	2a00      	cmp	r2, #0
10004a3a:	f47f adf9 	bne.w	10004630 <tud_task_ext+0x16c>
10004a3e:	2600      	movs	r6, #0
10004a40:	f89d 2021 	ldrb.w	r2, [sp, #33]	@ 0x21
10004a44:	f002 03fd 	and.w	r3, r2, #253	@ 0xfd
10004a48:	2b01      	cmp	r3, #1
10004a4a:	d01b      	beq.n	10004a84 <tud_task_ext+0x5c0>
10004a4c:	2a00      	cmp	r2, #0
10004a4e:	f47f ade8 	bne.w	10004622 <tud_task_ext+0x15e>
10004a52:	9b01      	ldr	r3, [sp, #4]
10004a54:	9a00      	ldr	r2, [sp, #0]
10004a56:	443b      	add	r3, r7
10004a58:	4413      	add	r3, r2
10004a5a:	f893 3034 	ldrb.w	r3, [r3, #52]	@ 0x34
10004a5e:	4640      	mov	r0, r8
10004a60:	f3c3 0340 	ubfx	r3, r3, #1, #1
10004a64:	e7ad      	b.n	100049c2 <tud_task_ext+0x4fe>
10004a66:	1c51      	adds	r1, r2, #1
10004a68:	4299      	cmp	r1, r3
10004a6a:	f6ff ade1 	blt.w	10004630 <tud_task_ext+0x16c>
10004a6e:	4e03      	ldr	r6, [pc, #12]	@ (10004a7c <tud_task_ext+0x5b8>)
10004a70:	1a9b      	subs	r3, r3, r2
10004a72:	eb06 1643 	add.w	r6, r6, r3, lsl #5
10004a76:	e67a      	b.n	1000476e <tud_task_ext+0x2aa>
10004a78:	20002bbe 	.word	0x20002bbe
10004a7c:	10007420 	.word	0x10007420
10004a80:	20002274 	.word	0x20002274
10004a84:	f8bd 3022 	ldrh.w	r3, [sp, #34]	@ 0x22
10004a88:	b9b3      	cbnz	r3, 10004ab8 <tud_task_ext+0x5f4>
10004a8a:	2a01      	cmp	r2, #1
10004a8c:	f000 808a 	beq.w	10004ba4 <tud_task_ext+0x6e0>
10004a90:	f899 0000 	ldrb.w	r0, [r9]
10004a94:	f7ff fbd0 	bl	10004238 <dcd_edpt_stall>
10004a98:	9b01      	ldr	r3, [sp, #4]
10004a9a:	9a00      	ldr	r2, [sp, #0]
10004a9c:	443b      	add	r3, r7
10004a9e:	4413      	add	r3, r2
10004aa0:	f893 2034 	ldrb.w	r2, [r3, #52]	@ 0x34
10004aa4:	f042 0202 	orr.w	r2, r2, #2
10004aa8:	f883 2034 	strb.w	r2, [r3, #52]	@ 0x34
10004aac:	f893 2034 	ldrb.w	r2, [r3, #52]	@ 0x34
10004ab0:	f042 0201 	orr.w	r2, r2, #1
10004ab4:	f883 2034 	strb.w	r2, [r3, #52]	@ 0x34
10004ab8:	2e00      	cmp	r6, #0
10004aba:	f43f ad13 	beq.w	100044e4 <tud_task_ext+0x20>
10004abe:	6970      	ldr	r0, [r6, #20]
10004ac0:	f000 fa1c 	bl	10004efc <usbd_control_set_complete_callback>
10004ac4:	6973      	ldr	r3, [r6, #20]
10004ac6:	2101      	movs	r1, #1
10004ac8:	aa08      	add	r2, sp, #32
10004aca:	4640      	mov	r0, r8
10004acc:	4798      	blx	r3
10004ace:	2000      	movs	r0, #0
10004ad0:	f000 fa14 	bl	10004efc <usbd_control_set_complete_callback>
10004ad4:	f897 3035 	ldrb.w	r3, [r7, #53]	@ 0x35
10004ad8:	07df      	lsls	r7, r3, #31
10004ada:	f53f ad03 	bmi.w	100044e4 <tud_task_ext+0x20>
10004ade:	e694      	b.n	1000480a <tud_task_ext+0x346>
10004ae0:	f7ff fc68 	bl	100043b4 <tud_umount_cb>
10004ae4:	4640      	mov	r0, r8
10004ae6:	a908      	add	r1, sp, #32
10004ae8:	f000 f98e 	bl	10004e08 <tud_control_status>
10004aec:	e4fa      	b.n	100044e4 <tud_task_ext+0x20>
10004aee:	4633      	mov	r3, r6
10004af0:	460e      	mov	r6, r1
10004af2:	9903      	ldr	r1, [sp, #12]
10004af4:	2901      	cmp	r1, #1
10004af6:	f000 809e 	beq.w	10004c36 <tud_task_ext+0x772>
10004afa:	2900      	cmp	r1, #0
10004afc:	f000 808c 	beq.w	10004c18 <tud_task_ext+0x754>
10004b00:	2300      	movs	r3, #0
10004b02:	f896 e002 	ldrb.w	lr, [r6, #2]
10004b06:	e005      	b.n	10004b14 <tud_task_ext+0x650>
10004b08:	f882 8004 	strb.w	r8, [r2, #4]
10004b0c:	b2da      	uxtb	r2, r3
10004b0e:	4291      	cmp	r1, r2
10004b10:	f240 8082 	bls.w	10004c18 <tud_task_ext+0x754>
10004b14:	eb0e 0203 	add.w	r2, lr, r3
10004b18:	fa57 f282 	uxtab	r2, r7, r2
10004b1c:	f892 c004 	ldrb.w	ip, [r2, #4]
10004b20:	3301      	adds	r3, #1
10004b22:	f1bc 0fff 	cmp.w	ip, #255	@ 0xff
10004b26:	d0ef      	beq.n	10004b08 <tud_task_ext+0x644>
10004b28:	f04f 23e0 	mov.w	r3, #3758153728	@ 0xe000e000
10004b2c:	f8d3 3df0 	ldr.w	r3, [r3, #3568]	@ 0xdf0
10004b30:	07da      	lsls	r2, r3, #31
10004b32:	d500      	bpl.n	10004b36 <tud_task_ext+0x672>
10004b34:	be00      	bkpt	0x0000
10004b36:	f04f 23e0 	mov.w	r3, #3758153728	@ 0xe000e000
10004b3a:	f8d3 3df0 	ldr.w	r3, [r3, #3568]	@ 0xdf0
10004b3e:	07db      	lsls	r3, r3, #31
10004b40:	d500      	bpl.n	10004b44 <tud_task_ext+0x680>
10004b42:	be00      	bkpt	0x0000
10004b44:	2300      	movs	r3, #0
10004b46:	707b      	strb	r3, [r7, #1]
10004b48:	e572      	b.n	10004630 <tud_task_ext+0x16c>
10004b4a:	f7fe ff19 	bl	10003980 <tud_descriptor_bos_cb>
10004b4e:	4602      	mov	r2, r0
10004b50:	2800      	cmp	r0, #0
10004b52:	f47f af56 	bne.w	10004a02 <tud_task_ext+0x53e>
10004b56:	e56b      	b.n	10004630 <tud_task_ext+0x16c>
10004b58:	f7ff f94e 	bl	10003df8 <tud_descriptor_device_cb>
10004b5c:	4602      	mov	r2, r0
10004b5e:	2800      	cmp	r0, #0
10004b60:	f43f ad5f 	beq.w	10004622 <tud_task_ext+0x15e>
10004b64:	4640      	mov	r0, r8
10004b66:	2312      	movs	r3, #18
10004b68:	a908      	add	r1, sp, #32
10004b6a:	f000 f967 	bl	10004e3c <tud_control_xfer>
10004b6e:	2800      	cmp	r0, #0
10004b70:	f47f acb8 	bne.w	100044e4 <tud_task_ext+0x20>
10004b74:	e55c      	b.n	10004630 <tud_task_ext+0x16c>
10004b76:	f7ff fc17 	bl	100043a8 <tud_descriptor_device_qualifier_cb>
10004b7a:	4602      	mov	r2, r0
10004b7c:	2800      	cmp	r0, #0
10004b7e:	f43f ad57 	beq.w	10004630 <tud_task_ext+0x16c>
10004b82:	4640      	mov	r0, r8
10004b84:	7813      	ldrb	r3, [r2, #0]
10004b86:	a908      	add	r1, sp, #32
10004b88:	f000 f958 	bl	10004e3c <tud_control_xfer>
10004b8c:	2800      	cmp	r0, #0
10004b8e:	f47f aca9 	bne.w	100044e4 <tud_task_ext+0x20>
10004b92:	e54d      	b.n	10004630 <tud_task_ext+0x16c>
10004b94:	f8bd 1024 	ldrh.w	r1, [sp, #36]	@ 0x24
10004b98:	f7ff f936 	bl	10003e08 <tud_descriptor_string_cb>
10004b9c:	4602      	mov	r2, r0
10004b9e:	2800      	cmp	r0, #0
10004ba0:	d1ef      	bne.n	10004b82 <tud_task_ext+0x6be>
10004ba2:	e545      	b.n	10004630 <tud_task_ext+0x16c>
10004ba4:	f899 0000 	ldrb.w	r0, [r9]
10004ba8:	9302      	str	r3, [sp, #8]
10004baa:	f7ff fb5d 	bl	10004268 <dcd_edpt_clear_stall>
10004bae:	9a01      	ldr	r2, [sp, #4]
10004bb0:	9b00      	ldr	r3, [sp, #0]
10004bb2:	443a      	add	r2, r7
10004bb4:	441a      	add	r2, r3
10004bb6:	f892 1034 	ldrb.w	r1, [r2, #52]	@ 0x34
10004bba:	9b02      	ldr	r3, [sp, #8]
10004bbc:	f363 0141 	bfi	r1, r3, #1, #1
10004bc0:	f882 1034 	strb.w	r1, [r2, #52]	@ 0x34
10004bc4:	f892 1034 	ldrb.w	r1, [r2, #52]	@ 0x34
10004bc8:	f363 0100 	bfi	r1, r3, #0, #1
10004bcc:	f882 1034 	strb.w	r1, [r2, #52]	@ 0x34
10004bd0:	e772      	b.n	10004ab8 <tud_task_ext+0x5f4>
10004bd2:	2100      	movs	r1, #0
10004bd4:	4640      	mov	r0, r8
10004bd6:	f7ff fa7f 	bl	100040d8 <dcd_sof_enable>
10004bda:	4640      	mov	r0, r8
10004bdc:	f7ff fb16 	bl	1000420c <dcd_edpt_close_all>
10004be0:	78bb      	ldrb	r3, [r7, #2]
10004be2:	4640      	mov	r0, r8
10004be4:	9300      	str	r3, [sp, #0]
10004be6:	f7ff fb95 	bl	10004314 <configuration_reset>
10004bea:	9b00      	ldr	r3, [sp, #0]
10004bec:	70bb      	strb	r3, [r7, #2]
10004bee:	e62c      	b.n	1000484a <tud_task_ext+0x386>
10004bf0:	f8dd 8008 	ldr.w	r8, [sp, #8]
10004bf4:	f7ff fbdc 	bl	100043b0 <tud_mount_cb>
10004bf8:	e774      	b.n	10004ae4 <tud_task_ext+0x620>
10004bfa:	4640      	mov	r0, r8
10004bfc:	2301      	movs	r3, #1
10004bfe:	a908      	add	r1, sp, #32
10004c00:	f10d 021a 	add.w	r2, sp, #26
10004c04:	f88d 601a 	strb.w	r6, [sp, #26]
10004c08:	f000 f918 	bl	10004e3c <tud_control_xfer>
10004c0c:	e46a      	b.n	100044e4 <tud_task_ext+0x20>
10004c0e:	7833      	ldrb	r3, [r6, #0]
10004c10:	78f1      	ldrb	r1, [r6, #3]
10004c12:	441e      	add	r6, r3
10004c14:	7873      	ldrb	r3, [r6, #1]
10004c16:	e645      	b.n	100048a4 <tud_task_ext+0x3e0>
10004c18:	4602      	mov	r2, r0
10004c1a:	4643      	mov	r3, r8
10004c1c:	4631      	mov	r1, r6
10004c1e:	4406      	add	r6, r0
10004c20:	4810      	ldr	r0, [pc, #64]	@ (10004c64 <tud_task_ext+0x7a0>)
10004c22:	f000 fe55 	bl	100058d0 <tu_edpt_bind_driver>
10004c26:	4b10      	ldr	r3, [pc, #64]	@ (10004c68 <tud_task_ext+0x7a4>)
10004c28:	9a00      	ldr	r2, [sp, #0]
10004c2a:	781b      	ldrb	r3, [r3, #0]
10004c2c:	3301      	adds	r3, #1
10004c2e:	4293      	cmp	r3, r2
10004c30:	f6bf ae2f 	bge.w	10004892 <tud_task_ext+0x3ce>
10004c34:	e778      	b.n	10004b28 <tud_task_ext+0x664>
10004c36:	691a      	ldr	r2, [r3, #16]
10004c38:	4b0c      	ldr	r3, [pc, #48]	@ (10004c6c <tud_task_ext+0x7a8>)
10004c3a:	429a      	cmp	r2, r3
10004c3c:	bf08      	it	eq
10004c3e:	2102      	moveq	r1, #2
10004c40:	e75e      	b.n	10004b00 <tud_task_ext+0x63c>
10004c42:	f7ff f8dd 	bl	10003e00 <tud_descriptor_configuration_cb>
10004c46:	4602      	mov	r2, r0
10004c48:	2800      	cmp	r0, #0
10004c4a:	f47f aeda 	bne.w	10004a02 <tud_task_ext+0x53e>
10004c4e:	e4e8      	b.n	10004622 <tud_task_ext+0x15e>
10004c50:	f04f 23e0 	mov.w	r3, #3758153728	@ 0xe000e000
10004c54:	f8d3 3df0 	ldr.w	r3, [r3, #3568]	@ 0xdf0
10004c58:	07db      	lsls	r3, r3, #31
10004c5a:	f57f ac43 	bpl.w	100044e4 <tud_task_ext+0x20>
10004c5e:	be00      	bkpt	0x0000
10004c60:	e440      	b.n	100044e4 <tud_task_ext+0x20>
10004c62:	bf00      	nop
10004c64:	2000230c 	.word	0x2000230c
10004c68:	20002bbe 	.word	0x20002bbe
10004c6c:	10005329 	.word	0x10005329

10004c70 <usbd_open_edpt_pair>:
10004c70:	e92d 4ff8 	stmdb	sp!, {r3, r4, r5, r6, r7, r8, r9, sl, fp, lr}
10004c74:	f8dd 8028 	ldr.w	r8, [sp, #40]	@ 0x28
10004c78:	2a00      	cmp	r2, #0
10004c7a:	d03f      	beq.n	10004cfc <usbd_open_edpt_pair+0x8c>
10004c7c:	460c      	mov	r4, r1
10004c7e:	461e      	mov	r6, r3
10004c80:	4615      	mov	r5, r2
10004c82:	f04f 0b00 	mov.w	fp, #0
10004c86:	4f1f      	ldr	r7, [pc, #124]	@ (10004d04 <usbd_open_edpt_pair+0x94>)
10004c88:	f8df 907c 	ldr.w	r9, [pc, #124]	@ 10004d08 <usbd_open_edpt_pair+0x98>
10004c8c:	e017      	b.n	10004cbe <usbd_open_edpt_pair+0x4e>
10004c8e:	4620      	mov	r0, r4
10004c90:	f899 1002 	ldrb.w	r1, [r9, #2]
10004c94:	f000 fdea 	bl	1000586c <tu_edpt_validate>
10004c98:	b1f8      	cbz	r0, 10004cda <usbd_open_edpt_pair+0x6a>
10004c9a:	4621      	mov	r1, r4
10004c9c:	4650      	mov	r0, sl
10004c9e:	f7ff fa37 	bl	10004110 <dcd_edpt_open>
10004ca2:	b308      	cbz	r0, 10004ce8 <usbd_open_edpt_pair+0x78>
10004ca4:	78a3      	ldrb	r3, [r4, #2]
10004ca6:	f10b 0b01 	add.w	fp, fp, #1
10004caa:	09da      	lsrs	r2, r3, #7
10004cac:	bf16      	itet	ne
10004cae:	9a0b      	ldrne	r2, [sp, #44]	@ 0x2c
10004cb0:	f888 3000 	strbeq.w	r3, [r8]
10004cb4:	7013      	strbne	r3, [r2, #0]
10004cb6:	7823      	ldrb	r3, [r4, #0]
10004cb8:	45ab      	cmp	fp, r5
10004cba:	441c      	add	r4, r3
10004cbc:	d01e      	beq.n	10004cfc <usbd_open_edpt_pair+0x8c>
10004cbe:	7863      	ldrb	r3, [r4, #1]
10004cc0:	2b05      	cmp	r3, #5
10004cc2:	d111      	bne.n	10004ce8 <usbd_open_edpt_pair+0x78>
10004cc4:	78e1      	ldrb	r1, [r4, #3]
10004cc6:	f001 0103 	and.w	r1, r1, #3
10004cca:	42b1      	cmp	r1, r6
10004ccc:	d10c      	bne.n	10004ce8 <usbd_open_edpt_pair+0x78>
10004cce:	78a3      	ldrb	r3, [r4, #2]
10004cd0:	f897 a000 	ldrb.w	sl, [r7]
10004cd4:	f013 0f70 	tst.w	r3, #112	@ 0x70
10004cd8:	d0d9      	beq.n	10004c8e <usbd_open_edpt_pair+0x1e>
10004cda:	f04f 23e0 	mov.w	r3, #3758153728	@ 0xe000e000
10004cde:	f8d3 3df0 	ldr.w	r3, [r3, #3568]	@ 0xdf0
10004ce2:	07da      	lsls	r2, r3, #31
10004ce4:	d500      	bpl.n	10004ce8 <usbd_open_edpt_pair+0x78>
10004ce6:	be00      	bkpt	0x0000
10004ce8:	f04f 23e0 	mov.w	r3, #3758153728	@ 0xe000e000
10004cec:	f8d3 3df0 	ldr.w	r3, [r3, #3568]	@ 0xdf0
10004cf0:	07db      	lsls	r3, r3, #31
10004cf2:	d500      	bpl.n	10004cf6 <usbd_open_edpt_pair+0x86>
10004cf4:	be00      	bkpt	0x0000
10004cf6:	2000      	movs	r0, #0
10004cf8:	e8bd 8ff8 	ldmia.w	sp!, {r3, r4, r5, r6, r7, r8, r9, sl, fp, pc}
10004cfc:	2001      	movs	r0, #1
10004cfe:	e8bd 8ff8 	ldmia.w	sp!, {r3, r4, r5, r6, r7, r8, r9, sl, fp, pc}
10004d02:	bf00      	nop
10004d04:	20001584 	.word	0x20001584
10004d08:	200022f8 	.word	0x200022f8

10004d0c <usbd_edpt_open>:
10004d0c:	b538      	push	{r3, r4, r5, lr}
10004d0e:	4b0e      	ldr	r3, [pc, #56]	@ (10004d48 <usbd_edpt_open+0x3c>)
10004d10:	781d      	ldrb	r5, [r3, #0]
10004d12:	788b      	ldrb	r3, [r1, #2]
10004d14:	f013 0f70 	tst.w	r3, #112	@ 0x70
10004d18:	d008      	beq.n	10004d2c <usbd_edpt_open+0x20>
10004d1a:	f04f 23e0 	mov.w	r3, #3758153728	@ 0xe000e000
10004d1e:	f8d3 3df0 	ldr.w	r3, [r3, #3568]	@ 0xdf0
10004d22:	07db      	lsls	r3, r3, #31
10004d24:	d500      	bpl.n	10004d28 <usbd_edpt_open+0x1c>
10004d26:	be00      	bkpt	0x0000
10004d28:	2000      	movs	r0, #0
10004d2a:	bd38      	pop	{r3, r4, r5, pc}
10004d2c:	4b07      	ldr	r3, [pc, #28]	@ (10004d4c <usbd_edpt_open+0x40>)
10004d2e:	460c      	mov	r4, r1
10004d30:	4608      	mov	r0, r1
10004d32:	7899      	ldrb	r1, [r3, #2]
10004d34:	f000 fd9a 	bl	1000586c <tu_edpt_validate>
10004d38:	2800      	cmp	r0, #0
10004d3a:	d0ee      	beq.n	10004d1a <usbd_edpt_open+0xe>
10004d3c:	4621      	mov	r1, r4
10004d3e:	4628      	mov	r0, r5
10004d40:	e8bd 4038 	ldmia.w	sp!, {r3, r4, r5, lr}
10004d44:	f7ff b9e4 	b.w	10004110 <dcd_edpt_open>
10004d48:	20001584 	.word	0x20001584
10004d4c:	200022f8 	.word	0x200022f8

10004d50 <usbd_edpt_claim>:
10004d50:	460b      	mov	r3, r1
10004d52:	4a06      	ldr	r2, [pc, #24]	@ (10004d6c <usbd_edpt_claim+0x1c>)
10004d54:	4806      	ldr	r0, [pc, #24]	@ (10004d70 <usbd_edpt_claim+0x20>)
10004d56:	6811      	ldr	r1, [r2, #0]
10004d58:	09da      	lsrs	r2, r3, #7
10004d5a:	3234      	adds	r2, #52	@ 0x34
10004d5c:	f003 037f 	and.w	r3, r3, #127	@ 0x7f
10004d60:	eb02 0343 	add.w	r3, r2, r3, lsl #1
10004d64:	4418      	add	r0, r3
10004d66:	f000 bd3b 	b.w	100057e0 <tu_edpt_claim>
10004d6a:	bf00      	nop
10004d6c:	2000234c 	.word	0x2000234c
10004d70:	200022f8 	.word	0x200022f8

10004d74 <usbd_edpt_release>:
10004d74:	460b      	mov	r3, r1
10004d76:	4a06      	ldr	r2, [pc, #24]	@ (10004d90 <usbd_edpt_release+0x1c>)
10004d78:	4806      	ldr	r0, [pc, #24]	@ (10004d94 <usbd_edpt_release+0x20>)
10004d7a:	6811      	ldr	r1, [r2, #0]
10004d7c:	09da      	lsrs	r2, r3, #7
10004d7e:	3234      	adds	r2, #52	@ 0x34
10004d80:	f003 037f 	and.w	r3, r3, #127	@ 0x7f
10004d84:	eb02 0343 	add.w	r3, r2, r3, lsl #1
10004d88:	4418      	add	r0, r3
10004d8a:	f000 bd53 	b.w	10005834 <tu_edpt_release>
10004d8e:	bf00      	nop
10004d90:	2000234c 	.word	0x2000234c
10004d94:	200022f8 	.word	0x200022f8

10004d98 <usbd_edpt_xfer>:
10004d98:	b510      	push	{r4, lr}
10004d9a:	4c19      	ldr	r4, [pc, #100]	@ (10004e00 <usbd_edpt_xfer+0x68>)
10004d9c:	f001 0e7f 	and.w	lr, r1, #127	@ 0x7f
10004da0:	eb04 044e 	add.w	r4, r4, lr, lsl #1
10004da4:	eb04 14d1 	add.w	r4, r4, r1, lsr #7
10004da8:	f894 c034 	ldrb.w	ip, [r4, #52]	@ 0x34
10004dac:	4815      	ldr	r0, [pc, #84]	@ (10004e04 <usbd_edpt_xfer+0x6c>)
10004dae:	f01c 0f01 	tst.w	ip, #1
10004db2:	f104 0430 	add.w	r4, r4, #48	@ 0x30
10004db6:	7800      	ldrb	r0, [r0, #0]
10004db8:	d008      	beq.n	10004dcc <usbd_edpt_xfer+0x34>
10004dba:	f04f 23e0 	mov.w	r3, #3758153728	@ 0xe000e000
10004dbe:	f8d3 3df0 	ldr.w	r3, [r3, #3568]	@ 0xdf0
10004dc2:	07da      	lsls	r2, r3, #31
10004dc4:	d500      	bpl.n	10004dc8 <usbd_edpt_xfer+0x30>
10004dc6:	be00      	bkpt	0x0000
10004dc8:	2000      	movs	r0, #0
10004dca:	bd10      	pop	{r4, pc}
10004dcc:	f894 c004 	ldrb.w	ip, [r4, #4]
10004dd0:	f04c 0c01 	orr.w	ip, ip, #1
10004dd4:	f884 c004 	strb.w	ip, [r4, #4]
10004dd8:	f7ff fa1a 	bl	10004210 <dcd_edpt_xfer>
10004ddc:	2800      	cmp	r0, #0
10004dde:	d1f4      	bne.n	10004dca <usbd_edpt_xfer+0x32>
10004de0:	f04f 21e0 	mov.w	r1, #3758153728	@ 0xe000e000
10004de4:	7922      	ldrb	r2, [r4, #4]
10004de6:	f360 0200 	bfi	r2, r0, #0, #1
10004dea:	7122      	strb	r2, [r4, #4]
10004dec:	7922      	ldrb	r2, [r4, #4]
10004dee:	f360 0282 	bfi	r2, r0, #2, #1
10004df2:	7122      	strb	r2, [r4, #4]
10004df4:	f8d1 3df0 	ldr.w	r3, [r1, #3568]	@ 0xdf0
10004df8:	07db      	lsls	r3, r3, #31
10004dfa:	d5e5      	bpl.n	10004dc8 <usbd_edpt_xfer+0x30>
10004dfc:	e7e3      	b.n	10004dc6 <usbd_edpt_xfer+0x2e>
10004dfe:	bf00      	nop
10004e00:	200022f8 	.word	0x200022f8
10004e04:	20001584 	.word	0x20001584

10004e08 <tud_control_status>:
10004e08:	b530      	push	{r4, r5, lr}
10004e0a:	4c0b      	ldr	r4, [pc, #44]	@ (10004e38 <tud_control_status+0x30>)
10004e0c:	468c      	mov	ip, r1
10004e0e:	46a6      	mov	lr, r4
10004e10:	4605      	mov	r5, r0
10004e12:	6808      	ldr	r0, [r1, #0]
10004e14:	6849      	ldr	r1, [r1, #4]
10004e16:	2300      	movs	r3, #0
10004e18:	e8ae 0003 	stmia.w	lr!, {r0, r1}
10004e1c:	f89c 1000 	ldrb.w	r1, [ip]
10004e20:	4628      	mov	r0, r5
10004e22:	43c9      	mvns	r1, r1
10004e24:	e9c4 3302 	strd	r3, r3, [r4, #8]
10004e28:	e8bd 4030 	ldmia.w	sp!, {r4, r5, lr}
10004e2c:	461a      	mov	r2, r3
10004e2e:	f001 0180 	and.w	r1, r1, #128	@ 0x80
10004e32:	f7ff bfb1 	b.w	10004d98 <usbd_edpt_xfer>
10004e36:	bf00      	nop
10004e38:	2000227c 	.word	0x2000227c

10004e3c <tud_control_xfer>:
10004e3c:	e92d 41f0 	stmdb	sp!, {r4, r5, r6, r7, r8, lr}
10004e40:	4f27      	ldr	r7, [pc, #156]	@ (10004ee0 <tud_control_xfer+0xa4>)
10004e42:	f04f 0800 	mov.w	r8, #0
10004e46:	46be      	mov	lr, r7
10004e48:	468c      	mov	ip, r1
10004e4a:	4606      	mov	r6, r0
10004e4c:	6808      	ldr	r0, [r1, #0]
10004e4e:	6849      	ldr	r1, [r1, #4]
10004e50:	60ba      	str	r2, [r7, #8]
10004e52:	e8ae 0003 	stmia.w	lr!, {r0, r1}
10004e56:	f8a7 800e 	strh.w	r8, [r7, #14]
10004e5a:	4615      	mov	r5, r2
10004e5c:	f8bc 2006 	ldrh.w	r2, [ip, #6]
10004e60:	4293      	cmp	r3, r2
10004e62:	bf28      	it	cs
10004e64:	4613      	movcs	r3, r2
10004e66:	81bb      	strh	r3, [r7, #12]
10004e68:	b19a      	cbz	r2, 10004e92 <tud_control_xfer+0x56>
10004e6a:	461c      	mov	r4, r3
10004e6c:	b32b      	cbz	r3, 10004eba <tud_control_xfer+0x7e>
10004e6e:	b1dd      	cbz	r5, 10004ea8 <tud_control_xfer+0x6c>
10004e70:	f997 3000 	ldrsb.w	r3, [r7]
10004e74:	2c40      	cmp	r4, #64	@ 0x40
10004e76:	bf28      	it	cs
10004e78:	2440      	movcs	r4, #64	@ 0x40
10004e7a:	2b00      	cmp	r3, #0
10004e7c:	db28      	blt.n	10004ed0 <tud_control_xfer+0x94>
10004e7e:	4641      	mov	r1, r8
10004e80:	4623      	mov	r3, r4
10004e82:	4630      	mov	r0, r6
10004e84:	4a17      	ldr	r2, [pc, #92]	@ (10004ee4 <tud_control_xfer+0xa8>)
10004e86:	f7ff ff87 	bl	10004d98 <usbd_edpt_xfer>
10004e8a:	b168      	cbz	r0, 10004ea8 <tud_control_xfer+0x6c>
10004e8c:	2001      	movs	r0, #1
10004e8e:	e8bd 81f0 	ldmia.w	sp!, {r4, r5, r6, r7, r8, pc}
10004e92:	f89c 1000 	ldrb.w	r1, [ip]
10004e96:	4613      	mov	r3, r2
10004e98:	43c9      	mvns	r1, r1
10004e9a:	4630      	mov	r0, r6
10004e9c:	f001 0180 	and.w	r1, r1, #128	@ 0x80
10004ea0:	f7ff ff7a 	bl	10004d98 <usbd_edpt_xfer>
10004ea4:	2800      	cmp	r0, #0
10004ea6:	d1f1      	bne.n	10004e8c <tud_control_xfer+0x50>
10004ea8:	f04f 23e0 	mov.w	r3, #3758153728	@ 0xe000e000
10004eac:	f8d3 3df0 	ldr.w	r3, [r3, #3568]	@ 0xdf0
10004eb0:	07db      	lsls	r3, r3, #31
10004eb2:	d500      	bpl.n	10004eb6 <tud_control_xfer+0x7a>
10004eb4:	be00      	bkpt	0x0000
10004eb6:	2000      	movs	r0, #0
10004eb8:	e7e9      	b.n	10004e8e <tud_control_xfer+0x52>
10004eba:	461a      	mov	r2, r3
10004ebc:	7839      	ldrb	r1, [r7, #0]
10004ebe:	f001 0180 	and.w	r1, r1, #128	@ 0x80
10004ec2:	4623      	mov	r3, r4
10004ec4:	4630      	mov	r0, r6
10004ec6:	f7ff ff67 	bl	10004d98 <usbd_edpt_xfer>
10004eca:	2800      	cmp	r0, #0
10004ecc:	d1de      	bne.n	10004e8c <tud_control_xfer+0x50>
10004ece:	e7eb      	b.n	10004ea8 <tud_control_xfer+0x6c>
10004ed0:	4622      	mov	r2, r4
10004ed2:	4629      	mov	r1, r5
10004ed4:	4803      	ldr	r0, [pc, #12]	@ (10004ee4 <tud_control_xfer+0xa8>)
10004ed6:	f001 fc2b 	bl	10006730 <memcpy>
10004eda:	2180      	movs	r1, #128	@ 0x80
10004edc:	4a01      	ldr	r2, [pc, #4]	@ (10004ee4 <tud_control_xfer+0xa8>)
10004ede:	e7f0      	b.n	10004ec2 <tud_control_xfer+0x86>
10004ee0:	2000227c 	.word	0x2000227c
10004ee4:	200022b8 	.word	0x200022b8

10004ee8 <usbd_control_reset>:
10004ee8:	2200      	movs	r2, #0
10004eea:	4b03      	ldr	r3, [pc, #12]	@ (10004ef8 <usbd_control_reset+0x10>)
10004eec:	e9c3 2200 	strd	r2, r2, [r3]
10004ef0:	e9c3 2202 	strd	r2, r2, [r3, #8]
10004ef4:	611a      	str	r2, [r3, #16]
10004ef6:	4770      	bx	lr
10004ef8:	2000227c 	.word	0x2000227c

10004efc <usbd_control_set_complete_callback>:
10004efc:	4b01      	ldr	r3, [pc, #4]	@ (10004f04 <usbd_control_set_complete_callback+0x8>)
10004efe:	6118      	str	r0, [r3, #16]
10004f00:	4770      	bx	lr
10004f02:	bf00      	nop
10004f04:	2000227c 	.word	0x2000227c

10004f08 <usbd_control_set_request>:
10004f08:	b430      	push	{r4, r5}
10004f0a:	4602      	mov	r2, r0
10004f0c:	4c04      	ldr	r4, [pc, #16]	@ (10004f20 <usbd_control_set_request+0x18>)
10004f0e:	2500      	movs	r5, #0
10004f10:	4623      	mov	r3, r4
10004f12:	6800      	ldr	r0, [r0, #0]
10004f14:	6851      	ldr	r1, [r2, #4]
10004f16:	e9c4 5502 	strd	r5, r5, [r4, #8]
10004f1a:	bc30      	pop	{r4, r5}
10004f1c:	c303      	stmia	r3!, {r0, r1}
10004f1e:	4770      	bx	lr
10004f20:	2000227c 	.word	0x2000227c

10004f24 <usbd_control_xfer_cb>:
10004f24:	b570      	push	{r4, r5, r6, lr}
10004f26:	4c3c      	ldr	r4, [pc, #240]	@ (10005018 <usbd_control_xfer_cb+0xf4>)
10004f28:	09c9      	lsrs	r1, r1, #7
10004f2a:	7822      	ldrb	r2, [r4, #0]
10004f2c:	4606      	mov	r6, r0
10004f2e:	ebb1 1fd2 	cmp.w	r1, r2, lsr #7
10004f32:	461d      	mov	r5, r3
10004f34:	b082      	sub	sp, #8
10004f36:	d017      	beq.n	10004f68 <usbd_control_xfer_cb+0x44>
10004f38:	b153      	cbz	r3, 10004f50 <usbd_control_xfer_cb+0x2c>
10004f3a:	f04f 23e0 	mov.w	r3, #3758153728	@ 0xe000e000
10004f3e:	f8d3 3df0 	ldr.w	r3, [r3, #3568]	@ 0xdf0
10004f42:	07db      	lsls	r3, r3, #31
10004f44:	d402      	bmi.n	10004f4c <usbd_control_xfer_cb+0x28>
10004f46:	2000      	movs	r0, #0
10004f48:	b002      	add	sp, #8
10004f4a:	bd70      	pop	{r4, r5, r6, pc}
10004f4c:	be00      	bkpt	0x0000
10004f4e:	e7fa      	b.n	10004f46 <usbd_control_xfer_cb+0x22>
10004f50:	4621      	mov	r1, r4
10004f52:	f7ff f8cf 	bl	100040f4 <dcd_edpt0_status_complete>
10004f56:	6923      	ldr	r3, [r4, #16]
10004f58:	b11b      	cbz	r3, 10004f62 <usbd_control_xfer_cb+0x3e>
10004f5a:	4622      	mov	r2, r4
10004f5c:	2103      	movs	r1, #3
10004f5e:	4630      	mov	r0, r6
10004f60:	4798      	blx	r3
10004f62:	2001      	movs	r0, #1
10004f64:	b002      	add	sp, #8
10004f66:	bd70      	pop	{r4, r5, r6, pc}
10004f68:	f994 3000 	ldrsb.w	r3, [r4]
10004f6c:	2b00      	cmp	r3, #0
10004f6e:	db06      	blt.n	10004f7e <usbd_control_xfer_cb+0x5a>
10004f70:	68a0      	ldr	r0, [r4, #8]
10004f72:	2800      	cmp	r0, #0
10004f74:	d0e7      	beq.n	10004f46 <usbd_control_xfer_cb+0x22>
10004f76:	462a      	mov	r2, r5
10004f78:	4928      	ldr	r1, [pc, #160]	@ (1000501c <usbd_control_xfer_cb+0xf8>)
10004f7a:	f001 fbd9 	bl	10006730 <memcpy>
10004f7e:	89e0      	ldrh	r0, [r4, #14]
10004f80:	68a1      	ldr	r1, [r4, #8]
10004f82:	88e3      	ldrh	r3, [r4, #6]
10004f84:	4428      	add	r0, r5
10004f86:	b280      	uxth	r0, r0
10004f88:	4429      	add	r1, r5
10004f8a:	4283      	cmp	r3, r0
10004f8c:	81e0      	strh	r0, [r4, #14]
10004f8e:	60a1      	str	r1, [r4, #8]
10004f90:	d016      	beq.n	10004fc0 <usbd_control_xfer_cb+0x9c>
10004f92:	2d3f      	cmp	r5, #63	@ 0x3f
10004f94:	d914      	bls.n	10004fc0 <usbd_control_xfer_cb+0x9c>
10004f96:	89a2      	ldrh	r2, [r4, #12]
10004f98:	f994 4000 	ldrsb.w	r4, [r4]
10004f9c:	1a13      	subs	r3, r2, r0
10004f9e:	b29b      	uxth	r3, r3
10004fa0:	2b40      	cmp	r3, #64	@ 0x40
10004fa2:	bf28      	it	cs
10004fa4:	2340      	movcs	r3, #64	@ 0x40
10004fa6:	2c00      	cmp	r4, #0
10004fa8:	db26      	blt.n	10004ff8 <usbd_control_xfer_cb+0xd4>
10004faa:	4290      	cmp	r0, r2
10004fac:	f04f 0100 	mov.w	r1, #0
10004fb0:	d030      	beq.n	10005014 <usbd_control_xfer_cb+0xf0>
10004fb2:	4a1a      	ldr	r2, [pc, #104]	@ (1000501c <usbd_control_xfer_cb+0xf8>)
10004fb4:	4630      	mov	r0, r6
10004fb6:	f7ff feef 	bl	10004d98 <usbd_edpt_xfer>
10004fba:	2800      	cmp	r0, #0
10004fbc:	d1d1      	bne.n	10004f62 <usbd_control_xfer_cb+0x3e>
10004fbe:	e7bc      	b.n	10004f3a <usbd_control_xfer_cb+0x16>
10004fc0:	6923      	ldr	r3, [r4, #16]
10004fc2:	b123      	cbz	r3, 10004fce <usbd_control_xfer_cb+0xaa>
10004fc4:	2102      	movs	r1, #2
10004fc6:	4630      	mov	r0, r6
10004fc8:	4a13      	ldr	r2, [pc, #76]	@ (10005018 <usbd_control_xfer_cb+0xf4>)
10004fca:	4798      	blx	r3
10004fcc:	b158      	cbz	r0, 10004fe6 <usbd_control_xfer_cb+0xc2>
10004fce:	7821      	ldrb	r1, [r4, #0]
10004fd0:	2300      	movs	r3, #0
10004fd2:	43c9      	mvns	r1, r1
10004fd4:	4630      	mov	r0, r6
10004fd6:	461a      	mov	r2, r3
10004fd8:	f001 0180 	and.w	r1, r1, #128	@ 0x80
10004fdc:	f7ff fedc 	bl	10004d98 <usbd_edpt_xfer>
10004fe0:	2800      	cmp	r0, #0
10004fe2:	d1be      	bne.n	10004f62 <usbd_control_xfer_cb+0x3e>
10004fe4:	e7a9      	b.n	10004f3a <usbd_control_xfer_cb+0x16>
10004fe6:	4601      	mov	r1, r0
10004fe8:	4630      	mov	r0, r6
10004fea:	f7ff f925 	bl	10004238 <dcd_edpt_stall>
10004fee:	2180      	movs	r1, #128	@ 0x80
10004ff0:	4630      	mov	r0, r6
10004ff2:	f7ff f921 	bl	10004238 <dcd_edpt_stall>
10004ff6:	e7b4      	b.n	10004f62 <usbd_control_xfer_cb+0x3e>
10004ff8:	4290      	cmp	r0, r2
10004ffa:	d008      	beq.n	1000500e <usbd_control_xfer_cb+0xea>
10004ffc:	461a      	mov	r2, r3
10004ffe:	4807      	ldr	r0, [pc, #28]	@ (1000501c <usbd_control_xfer_cb+0xf8>)
10005000:	9301      	str	r3, [sp, #4]
10005002:	f001 fb95 	bl	10006730 <memcpy>
10005006:	2180      	movs	r1, #128	@ 0x80
10005008:	4a04      	ldr	r2, [pc, #16]	@ (1000501c <usbd_control_xfer_cb+0xf8>)
1000500a:	9b01      	ldr	r3, [sp, #4]
1000500c:	e7d2      	b.n	10004fb4 <usbd_control_xfer_cb+0x90>
1000500e:	2180      	movs	r1, #128	@ 0x80
10005010:	2200      	movs	r2, #0
10005012:	e7cf      	b.n	10004fb4 <usbd_control_xfer_cb+0x90>
10005014:	460a      	mov	r2, r1
10005016:	e7cd      	b.n	10004fb4 <usbd_control_xfer_cb+0x90>
10005018:	2000227c 	.word	0x2000227c
1000501c:	200022b8 	.word	0x200022b8

10005020 <_prep_out_transaction.isra.0>:
10005020:	b570      	push	{r4, r5, r6, lr}
10005022:	4604      	mov	r4, r0
10005024:	f7ff f9cc 	bl	100043c0 <tud_mounted>
10005028:	b900      	cbnz	r0, 1000502c <_prep_out_transaction.isra.0+0xc>
1000502a:	bd70      	pop	{r4, r5, r6, pc}
1000502c:	f7ff f9d0 	bl	100043d0 <tud_suspended>
10005030:	4605      	mov	r5, r0
10005032:	2800      	cmp	r0, #0
10005034:	d1f9      	bne.n	1000502a <_prep_out_transaction.isra.0+0xa>
10005036:	78e3      	ldrb	r3, [r4, #3]
10005038:	2b00      	cmp	r3, #0
1000503a:	d0f6      	beq.n	1000502a <_prep_out_transaction.isra.0+0xa>
1000503c:	f104 0610 	add.w	r6, r4, #16
10005040:	4630      	mov	r0, r6
10005042:	f000 fdbf 	bl	10005bc4 <tu_fifo_remaining>
10005046:	283f      	cmp	r0, #63	@ 0x3f
10005048:	d9ef      	bls.n	1000502a <_prep_out_transaction.isra.0+0xa>
1000504a:	4628      	mov	r0, r5
1000504c:	78e1      	ldrb	r1, [r4, #3]
1000504e:	f7ff fe7f 	bl	10004d50 <usbd_edpt_claim>
10005052:	2800      	cmp	r0, #0
10005054:	d0e9      	beq.n	1000502a <_prep_out_transaction.isra.0+0xa>
10005056:	4630      	mov	r0, r6
10005058:	f000 fdb4 	bl	10005bc4 <tu_fifo_remaining>
1000505c:	283f      	cmp	r0, #63	@ 0x3f
1000505e:	d908      	bls.n	10005072 <_prep_out_transaction.isra.0+0x52>
10005060:	4628      	mov	r0, r5
10005062:	78e1      	ldrb	r1, [r4, #3]
10005064:	f504 7212 	add.w	r2, r4, #584	@ 0x248
10005068:	2340      	movs	r3, #64	@ 0x40
1000506a:	e8bd 4070 	ldmia.w	sp!, {r4, r5, r6, lr}
1000506e:	f7ff be93 	b.w	10004d98 <usbd_edpt_xfer>
10005072:	4628      	mov	r0, r5
10005074:	78e1      	ldrb	r1, [r4, #3]
10005076:	e8bd 4070 	ldmia.w	sp!, {r4, r5, r6, lr}
1000507a:	f7ff be7b 	b.w	10004d74 <usbd_edpt_release>
1000507e:	bf00      	nop

10005080 <tud_cdc_n_connected>:
10005080:	b510      	push	{r4, lr}
10005082:	4604      	mov	r4, r0
10005084:	f7ff f99c 	bl	100043c0 <tud_mounted>
10005088:	b908      	cbnz	r0, 1000508e <tud_cdc_n_connected+0xe>
1000508a:	2000      	movs	r0, #0
1000508c:	bd10      	pop	{r4, pc}
1000508e:	f7ff f99f 	bl	100043d0 <tud_suspended>
10005092:	2800      	cmp	r0, #0
10005094:	d1f9      	bne.n	1000508a <tud_cdc_n_connected+0xa>
10005096:	f44f 7232 	mov.w	r2, #712	@ 0x2c8
1000509a:	4b03      	ldr	r3, [pc, #12]	@ (100050a8 <tud_cdc_n_connected+0x28>)
1000509c:	fb02 3304 	mla	r3, r2, r4, r3
100050a0:	7918      	ldrb	r0, [r3, #4]
100050a2:	f000 0001 	and.w	r0, r0, #1
100050a6:	bd10      	pop	{r4, pc}
100050a8:	20001dd0 	.word	0x20001dd0

100050ac <tud_cdc_n_available>:
100050ac:	f44f 7232 	mov.w	r2, #712	@ 0x2c8
100050b0:	b508      	push	{r3, lr}
100050b2:	4b03      	ldr	r3, [pc, #12]	@ (100050c0 <tud_cdc_n_available+0x14>)
100050b4:	fb02 3000 	mla	r0, r2, r0, r3
100050b8:	f000 fd6a 	bl	10005b90 <tu_fifo_count>
100050bc:	bd08      	pop	{r3, pc}
100050be:	bf00      	nop
100050c0:	20001de0 	.word	0x20001de0

100050c4 <tud_cdc_n_read>:
100050c4:	e92d 43f8 	stmdb	sp!, {r3, r4, r5, r6, r7, r8, r9, lr}
100050c8:	f64f 74ff 	movw	r4, #65535	@ 0xffff
100050cc:	f44f 7332 	mov.w	r3, #712	@ 0x2c8
100050d0:	42a2      	cmp	r2, r4
100050d2:	bf28      	it	cs
100050d4:	4622      	movcs	r2, r4
100050d6:	fb03 f400 	mul.w	r4, r3, r0
100050da:	4f1d      	ldr	r7, [pc, #116]	@ (10005150 <tud_cdc_n_read+0x8c>)
100050dc:	f104 0510 	add.w	r5, r4, #16
100050e0:	443d      	add	r5, r7
100050e2:	4628      	mov	r0, r5
100050e4:	b292      	uxth	r2, r2
100050e6:	f000 fdc9 	bl	10005c7c <tu_fifo_read_n>
100050ea:	4606      	mov	r6, r0
100050ec:	f7ff f968 	bl	100043c0 <tud_mounted>
100050f0:	b910      	cbnz	r0, 100050f8 <tud_cdc_n_read+0x34>
100050f2:	4630      	mov	r0, r6
100050f4:	e8bd 83f8 	ldmia.w	sp!, {r3, r4, r5, r6, r7, r8, r9, pc}
100050f8:	f7ff f96a 	bl	100043d0 <tud_suspended>
100050fc:	4681      	mov	r9, r0
100050fe:	2800      	cmp	r0, #0
10005100:	d1f7      	bne.n	100050f2 <tud_cdc_n_read+0x2e>
10005102:	eb07 0804 	add.w	r8, r7, r4
10005106:	f898 3003 	ldrb.w	r3, [r8, #3]
1000510a:	2b00      	cmp	r3, #0
1000510c:	d0f1      	beq.n	100050f2 <tud_cdc_n_read+0x2e>
1000510e:	4628      	mov	r0, r5
10005110:	f000 fd58 	bl	10005bc4 <tu_fifo_remaining>
10005114:	283f      	cmp	r0, #63	@ 0x3f
10005116:	d9ec      	bls.n	100050f2 <tud_cdc_n_read+0x2e>
10005118:	4648      	mov	r0, r9
1000511a:	f898 1003 	ldrb.w	r1, [r8, #3]
1000511e:	f7ff fe17 	bl	10004d50 <usbd_edpt_claim>
10005122:	2800      	cmp	r0, #0
10005124:	d0e5      	beq.n	100050f2 <tud_cdc_n_read+0x2e>
10005126:	4628      	mov	r0, r5
10005128:	f000 fd4c 	bl	10005bc4 <tu_fifo_remaining>
1000512c:	283f      	cmp	r0, #63	@ 0x3f
1000512e:	d909      	bls.n	10005144 <tud_cdc_n_read+0x80>
10005130:	f504 7212 	add.w	r2, r4, #584	@ 0x248
10005134:	4648      	mov	r0, r9
10005136:	2340      	movs	r3, #64	@ 0x40
10005138:	f898 1003 	ldrb.w	r1, [r8, #3]
1000513c:	443a      	add	r2, r7
1000513e:	f7ff fe2b 	bl	10004d98 <usbd_edpt_xfer>
10005142:	e7d6      	b.n	100050f2 <tud_cdc_n_read+0x2e>
10005144:	4648      	mov	r0, r9
10005146:	f898 1003 	ldrb.w	r1, [r8, #3]
1000514a:	f7ff fe13 	bl	10004d74 <usbd_edpt_release>
1000514e:	e7d0      	b.n	100050f2 <tud_cdc_n_read+0x2e>
10005150:	20001dd0 	.word	0x20001dd0

10005154 <tud_cdc_n_write_flush>:
10005154:	e92d 41f0 	stmdb	sp!, {r4, r5, r6, r7, r8, lr}
10005158:	4604      	mov	r4, r0
1000515a:	f7ff f931 	bl	100043c0 <tud_mounted>
1000515e:	b910      	cbnz	r0, 10005166 <tud_cdc_n_write_flush+0x12>
10005160:	2000      	movs	r0, #0
10005162:	e8bd 81f0 	ldmia.w	sp!, {r4, r5, r6, r7, r8, pc}
10005166:	f7ff f933 	bl	100043d0 <tud_suspended>
1000516a:	4606      	mov	r6, r0
1000516c:	2800      	cmp	r0, #0
1000516e:	d1f7      	bne.n	10005160 <tud_cdc_n_write_flush+0xc>
10005170:	f44f 7332 	mov.w	r3, #712	@ 0x2c8
10005174:	fb03 f404 	mul.w	r4, r3, r4
10005178:	f8df 8060 	ldr.w	r8, [pc, #96]	@ 100051dc <tud_cdc_n_write_flush+0x88>
1000517c:	f104 0524 	add.w	r5, r4, #36	@ 0x24
10005180:	4445      	add	r5, r8
10005182:	4628      	mov	r0, r5
10005184:	f000 fd04 	bl	10005b90 <tu_fifo_count>
10005188:	2800      	cmp	r0, #0
1000518a:	d0e9      	beq.n	10005160 <tud_cdc_n_write_flush+0xc>
1000518c:	eb08 0704 	add.w	r7, r8, r4
10005190:	4630      	mov	r0, r6
10005192:	78b9      	ldrb	r1, [r7, #2]
10005194:	f7ff fddc 	bl	10004d50 <usbd_edpt_claim>
10005198:	2800      	cmp	r0, #0
1000519a:	d0e1      	beq.n	10005160 <tud_cdc_n_write_flush+0xc>
1000519c:	f504 7422 	add.w	r4, r4, #648	@ 0x288
100051a0:	4444      	add	r4, r8
100051a2:	4628      	mov	r0, r5
100051a4:	2240      	movs	r2, #64	@ 0x40
100051a6:	4621      	mov	r1, r4
100051a8:	f000 fd68 	bl	10005c7c <tu_fifo_read_n>
100051ac:	4605      	mov	r5, r0
100051ae:	b180      	cbz	r0, 100051d2 <tud_cdc_n_write_flush+0x7e>
100051b0:	4603      	mov	r3, r0
100051b2:	4622      	mov	r2, r4
100051b4:	4630      	mov	r0, r6
100051b6:	78b9      	ldrb	r1, [r7, #2]
100051b8:	f7ff fdee 	bl	10004d98 <usbd_edpt_xfer>
100051bc:	b938      	cbnz	r0, 100051ce <tud_cdc_n_write_flush+0x7a>
100051be:	f04f 23e0 	mov.w	r3, #3758153728	@ 0xe000e000
100051c2:	f8d3 3df0 	ldr.w	r3, [r3, #3568]	@ 0xdf0
100051c6:	07db      	lsls	r3, r3, #31
100051c8:	d5ca      	bpl.n	10005160 <tud_cdc_n_write_flush+0xc>
100051ca:	be00      	bkpt	0x0000
100051cc:	e7c8      	b.n	10005160 <tud_cdc_n_write_flush+0xc>
100051ce:	4628      	mov	r0, r5
100051d0:	e7c7      	b.n	10005162 <tud_cdc_n_write_flush+0xe>
100051d2:	78b9      	ldrb	r1, [r7, #2]
100051d4:	f7ff fdce 	bl	10004d74 <usbd_edpt_release>
100051d8:	e7c2      	b.n	10005160 <tud_cdc_n_write_flush+0xc>
100051da:	bf00      	nop
100051dc:	20001dd0 	.word	0x20001dd0

100051e0 <tud_cdc_n_write>:
100051e0:	b538      	push	{r3, r4, r5, lr}
100051e2:	f64f 75ff 	movw	r5, #65535	@ 0xffff
100051e6:	f44f 7332 	mov.w	r3, #712	@ 0x2c8
100051ea:	42aa      	cmp	r2, r5
100051ec:	bf28      	it	cs
100051ee:	462a      	movcs	r2, r5
100051f0:	4c0a      	ldr	r4, [pc, #40]	@ (1000521c <tud_cdc_n_write+0x3c>)
100051f2:	b292      	uxth	r2, r2
100051f4:	fb03 4400 	mla	r4, r3, r0, r4
100051f8:	4605      	mov	r5, r0
100051fa:	4620      	mov	r0, r4
100051fc:	f000 fdec 	bl	10005dd8 <tu_fifo_write_n>
10005200:	4603      	mov	r3, r0
10005202:	4620      	mov	r0, r4
10005204:	461c      	mov	r4, r3
10005206:	f000 fcc3 	bl	10005b90 <tu_fifo_count>
1000520a:	283f      	cmp	r0, #63	@ 0x3f
1000520c:	d801      	bhi.n	10005212 <tud_cdc_n_write+0x32>
1000520e:	4620      	mov	r0, r4
10005210:	bd38      	pop	{r3, r4, r5, pc}
10005212:	4628      	mov	r0, r5
10005214:	f7ff ff9e 	bl	10005154 <tud_cdc_n_write_flush>
10005218:	4620      	mov	r0, r4
1000521a:	bd38      	pop	{r3, r4, r5, pc}
1000521c:	20001df4 	.word	0x20001df4

10005220 <tud_cdc_n_write_available>:
10005220:	f44f 7232 	mov.w	r2, #712	@ 0x2c8
10005224:	b508      	push	{r3, lr}
10005226:	4b03      	ldr	r3, [pc, #12]	@ (10005234 <tud_cdc_n_write_available+0x14>)
10005228:	fb02 3000 	mla	r0, r2, r0, r3
1000522c:	f000 fcca 	bl	10005bc4 <tu_fifo_remaining>
10005230:	bd08      	pop	{r3, pc}
10005232:	bf00      	nop
10005234:	20001df4 	.word	0x20001df4

10005238 <cdcd_init>:
10005238:	b5f0      	push	{r4, r5, r6, r7, lr}
1000523a:	2500      	movs	r5, #0
1000523c:	4c1a      	ldr	r4, [pc, #104]	@ (100052a8 <cdcd_init+0x70>)
1000523e:	b083      	sub	sp, #12
10005240:	4629      	mov	r1, r5
10005242:	f44f 7232 	mov.w	r2, #712	@ 0x2c8
10005246:	4620      	mov	r0, r4
10005248:	f001 fae8 	bl	1000681c <memset>
1000524c:	23ff      	movs	r3, #255	@ 0xff
1000524e:	f44f 31e1 	mov.w	r1, #115200	@ 0x1c200
10005252:	2208      	movs	r2, #8
10005254:	4815      	ldr	r0, [pc, #84]	@ (100052ac <cdcd_init+0x74>)
10005256:	f504 770e 	add.w	r7, r4, #568	@ 0x238
1000525a:	7005      	strb	r5, [r0, #0]
1000525c:	9500      	str	r5, [sp, #0]
1000525e:	f104 0010 	add.w	r0, r4, #16
10005262:	7163      	strb	r3, [r4, #5]
10005264:	60a1      	str	r1, [r4, #8]
10005266:	73a2      	strb	r2, [r4, #14]
10005268:	f104 0138 	add.w	r1, r4, #56	@ 0x38
1000526c:	2301      	movs	r3, #1
1000526e:	f44f 7280 	mov.w	r2, #256	@ 0x100
10005272:	f000 fc5d 	bl	10005b30 <tu_fifo_config>
10005276:	2301      	movs	r3, #1
10005278:	f44f 7280 	mov.w	r2, #256	@ 0x100
1000527c:	f504 719c 	add.w	r1, r4, #312	@ 0x138
10005280:	9300      	str	r3, [sp, #0]
10005282:	f104 0024 	add.w	r0, r4, #36	@ 0x24
10005286:	f000 fc53 	bl	10005b30 <tu_fifo_config>
1000528a:	f504 7610 	add.w	r6, r4, #576	@ 0x240
1000528e:	4638      	mov	r0, r7
10005290:	f7fb fd9e 	bl	10000dd0 <mutex_init>
10005294:	4630      	mov	r0, r6
10005296:	f7fb fd9b 	bl	10000dd0 <mutex_init>
1000529a:	e9c4 5707 	strd	r5, r7, [r4, #28]
1000529e:	e9c4 650c 	strd	r6, r5, [r4, #48]	@ 0x30
100052a2:	b003      	add	sp, #12
100052a4:	bdf0      	pop	{r4, r5, r6, r7, pc}
100052a6:	bf00      	nop
100052a8:	20001dd0 	.word	0x20001dd0
100052ac:	20002278 	.word	0x20002278

100052b0 <cdcd_deinit>:
100052b0:	4b09      	ldr	r3, [pc, #36]	@ (100052d8 <cdcd_deinit+0x28>)
100052b2:	6b19      	ldr	r1, [r3, #48]	@ 0x30
100052b4:	6a1a      	ldr	r2, [r3, #32]
100052b6:	b141      	cbz	r1, 100052ca <cdcd_deinit+0x1a>
100052b8:	b112      	cbz	r2, 100052c0 <cdcd_deinit+0x10>
100052ba:	2200      	movs	r2, #0
100052bc:	61da      	str	r2, [r3, #28]
100052be:	621a      	str	r2, [r3, #32]
100052c0:	2200      	movs	r2, #0
100052c2:	e9c3 220c 	strd	r2, r2, [r3, #48]	@ 0x30
100052c6:	2001      	movs	r0, #1
100052c8:	4770      	bx	lr
100052ca:	2a00      	cmp	r2, #0
100052cc:	d0fb      	beq.n	100052c6 <cdcd_deinit+0x16>
100052ce:	2001      	movs	r0, #1
100052d0:	61d9      	str	r1, [r3, #28]
100052d2:	6219      	str	r1, [r3, #32]
100052d4:	4770      	bx	lr
100052d6:	bf00      	nop
100052d8:	20001dd0 	.word	0x20001dd0

100052dc <cdcd_reset>:
100052dc:	2200      	movs	r2, #0
100052de:	b510      	push	{r4, lr}
100052e0:	4c0e      	ldr	r4, [pc, #56]	@ (1000531c <cdcd_reset+0x40>)
100052e2:	480f      	ldr	r0, [pc, #60]	@ (10005320 <cdcd_reset+0x44>)
100052e4:	7823      	ldrb	r3, [r4, #0]
100052e6:	6002      	str	r2, [r0, #0]
100052e8:	7102      	strb	r2, [r0, #4]
100052ea:	07da      	lsls	r2, r3, #31
100052ec:	d507      	bpl.n	100052fe <cdcd_reset+0x22>
100052ee:	079b      	lsls	r3, r3, #30
100052f0:	d50b      	bpl.n	1000530a <cdcd_reset+0x2e>
100052f2:	e8bd 4010 	ldmia.w	sp!, {r4, lr}
100052f6:	2101      	movs	r1, #1
100052f8:	480a      	ldr	r0, [pc, #40]	@ (10005324 <cdcd_reset+0x48>)
100052fa:	f000 be53 	b.w	10005fa4 <tu_fifo_set_overwritable>
100052fe:	3010      	adds	r0, #16
10005300:	f000 fe34 	bl	10005f6c <tu_fifo_clear>
10005304:	7823      	ldrb	r3, [r4, #0]
10005306:	079b      	lsls	r3, r3, #30
10005308:	d4f3      	bmi.n	100052f2 <cdcd_reset+0x16>
1000530a:	4806      	ldr	r0, [pc, #24]	@ (10005324 <cdcd_reset+0x48>)
1000530c:	f000 fe2e 	bl	10005f6c <tu_fifo_clear>
10005310:	e8bd 4010 	ldmia.w	sp!, {r4, lr}
10005314:	2101      	movs	r1, #1
10005316:	4803      	ldr	r0, [pc, #12]	@ (10005324 <cdcd_reset+0x48>)
10005318:	f000 be44 	b.w	10005fa4 <tu_fifo_set_overwritable>
1000531c:	20002278 	.word	0x20002278
10005320:	20001dd0 	.word	0x20001dd0
10005324:	20001df4 	.word	0x20001df4

10005328 <cdcd_open>:
10005328:	b5f0      	push	{r4, r5, r6, r7, lr}
1000532a:	794b      	ldrb	r3, [r1, #5]
1000532c:	b083      	sub	sp, #12
1000532e:	2b02      	cmp	r3, #2
10005330:	d003      	beq.n	1000533a <cdcd_open+0x12>
10005332:	2500      	movs	r5, #0
10005334:	4628      	mov	r0, r5
10005336:	b003      	add	sp, #12
10005338:	bdf0      	pop	{r4, r5, r6, r7, pc}
1000533a:	798b      	ldrb	r3, [r1, #6]
1000533c:	2b02      	cmp	r3, #2
1000533e:	d1f8      	bne.n	10005332 <cdcd_open+0xa>
10005340:	4f24      	ldr	r7, [pc, #144]	@ (100053d4 <cdcd_open+0xac>)
10005342:	78bb      	ldrb	r3, [r7, #2]
10005344:	bb7b      	cbnz	r3, 100053a6 <cdcd_open+0x7e>
10005346:	788b      	ldrb	r3, [r1, #2]
10005348:	4606      	mov	r6, r0
1000534a:	703b      	strb	r3, [r7, #0]
1000534c:	780b      	ldrb	r3, [r1, #0]
1000534e:	2509      	movs	r5, #9
10005350:	18cc      	adds	r4, r1, r3
10005352:	7861      	ldrb	r1, [r4, #1]
10005354:	2924      	cmp	r1, #36	@ 0x24
10005356:	d10b      	bne.n	10005370 <cdcd_open+0x48>
10005358:	2a08      	cmp	r2, #8
1000535a:	d802      	bhi.n	10005362 <cdcd_open+0x3a>
1000535c:	e01f      	b.n	1000539e <cdcd_open+0x76>
1000535e:	42aa      	cmp	r2, r5
10005360:	d31d      	bcc.n	1000539e <cdcd_open+0x76>
10005362:	7823      	ldrb	r3, [r4, #0]
10005364:	441c      	add	r4, r3
10005366:	7861      	ldrb	r1, [r4, #1]
10005368:	442b      	add	r3, r5
1000536a:	2924      	cmp	r1, #36	@ 0x24
1000536c:	b29d      	uxth	r5, r3
1000536e:	d0f6      	beq.n	1000535e <cdcd_open+0x36>
10005370:	2905      	cmp	r1, #5
10005372:	d020      	beq.n	100053b6 <cdcd_open+0x8e>
10005374:	2904      	cmp	r1, #4
10005376:	d112      	bne.n	1000539e <cdcd_open+0x76>
10005378:	7963      	ldrb	r3, [r4, #5]
1000537a:	2b0a      	cmp	r3, #10
1000537c:	d10f      	bne.n	1000539e <cdcd_open+0x76>
1000537e:	4b16      	ldr	r3, [pc, #88]	@ (100053d8 <cdcd_open+0xb0>)
10005380:	7827      	ldrb	r7, [r4, #0]
10005382:	9301      	str	r3, [sp, #4]
10005384:	3301      	adds	r3, #1
10005386:	9300      	str	r3, [sp, #0]
10005388:	2302      	movs	r3, #2
1000538a:	4630      	mov	r0, r6
1000538c:	461a      	mov	r2, r3
1000538e:	19e1      	adds	r1, r4, r7
10005390:	f7ff fc6e 	bl	10004c70 <usbd_open_edpt_pair>
10005394:	b138      	cbz	r0, 100053a6 <cdcd_open+0x7e>
10005396:	350e      	adds	r5, #14
10005398:	fa17 f585 	uxtah	r5, r7, r5
1000539c:	b2ad      	uxth	r5, r5
1000539e:	480d      	ldr	r0, [pc, #52]	@ (100053d4 <cdcd_open+0xac>)
100053a0:	f7ff fe3e 	bl	10005020 <_prep_out_transaction.isra.0>
100053a4:	e7c6      	b.n	10005334 <cdcd_open+0xc>
100053a6:	f04f 23e0 	mov.w	r3, #3758153728	@ 0xe000e000
100053aa:	f8d3 3df0 	ldr.w	r3, [r3, #3568]	@ 0xdf0
100053ae:	07db      	lsls	r3, r3, #31
100053b0:	d5bf      	bpl.n	10005332 <cdcd_open+0xa>
100053b2:	be00      	bkpt	0x0000
100053b4:	e7bd      	b.n	10005332 <cdcd_open+0xa>
100053b6:	4621      	mov	r1, r4
100053b8:	4630      	mov	r0, r6
100053ba:	f7ff fca7 	bl	10004d0c <usbd_edpt_open>
100053be:	2800      	cmp	r0, #0
100053c0:	d0f1      	beq.n	100053a6 <cdcd_open+0x7e>
100053c2:	78a3      	ldrb	r3, [r4, #2]
100053c4:	707b      	strb	r3, [r7, #1]
100053c6:	7823      	ldrb	r3, [r4, #0]
100053c8:	441c      	add	r4, r3
100053ca:	442b      	add	r3, r5
100053cc:	7861      	ldrb	r1, [r4, #1]
100053ce:	b29d      	uxth	r5, r3
100053d0:	e7d0      	b.n	10005374 <cdcd_open+0x4c>
100053d2:	bf00      	nop
100053d4:	20001dd0 	.word	0x20001dd0
100053d8:	20001dd2 	.word	0x20001dd2

100053dc <cdcd_control_xfer_cb>:
100053dc:	7813      	ldrb	r3, [r2, #0]
100053de:	f003 0360 	and.w	r3, r3, #96	@ 0x60
100053e2:	2b20      	cmp	r3, #32
100053e4:	d10e      	bne.n	10005404 <cdcd_control_xfer_cb+0x28>
100053e6:	b570      	push	{r4, r5, r6, lr}
100053e8:	4c27      	ldr	r4, [pc, #156]	@ (10005488 <cdcd_control_xfer_cb+0xac>)
100053ea:	8893      	ldrh	r3, [r2, #4]
100053ec:	f894 c000 	ldrb.w	ip, [r4]
100053f0:	459c      	cmp	ip, r3
100053f2:	d109      	bne.n	10005408 <cdcd_control_xfer_cb+0x2c>
100053f4:	7853      	ldrb	r3, [r2, #1]
100053f6:	3b20      	subs	r3, #32
100053f8:	2b03      	cmp	r3, #3
100053fa:	d805      	bhi.n	10005408 <cdcd_control_xfer_cb+0x2c>
100053fc:	e8df f003 	tbb	[pc, r3]
10005400:	0620180c 	.word	0x0620180c
10005404:	2000      	movs	r0, #0
10005406:	4770      	bx	lr
10005408:	2000      	movs	r0, #0
1000540a:	bd70      	pop	{r4, r5, r6, pc}
1000540c:	2901      	cmp	r1, #1
1000540e:	d02e      	beq.n	1000546e <cdcd_control_xfer_cb+0x92>
10005410:	2903      	cmp	r1, #3
10005412:	d030      	beq.n	10005476 <cdcd_control_xfer_cb+0x9a>
10005414:	2001      	movs	r0, #1
10005416:	bd70      	pop	{r4, r5, r6, pc}
10005418:	2901      	cmp	r1, #1
1000541a:	d00b      	beq.n	10005434 <cdcd_control_xfer_cb+0x58>
1000541c:	2903      	cmp	r1, #3
1000541e:	d1f9      	bne.n	10005414 <cdcd_control_xfer_cb+0x38>
10005420:	4b1a      	ldr	r3, [pc, #104]	@ (1000548c <cdcd_control_xfer_cb+0xb0>)
10005422:	2b00      	cmp	r3, #0
10005424:	d0f6      	beq.n	10005414 <cdcd_control_xfer_cb+0x38>
10005426:	2000      	movs	r0, #0
10005428:	4919      	ldr	r1, [pc, #100]	@ (10005490 <cdcd_control_xfer_cb+0xb4>)
1000542a:	f7fe fac9 	bl	100039c0 <tud_cdc_line_coding_cb>
1000542e:	e7f1      	b.n	10005414 <cdcd_control_xfer_cb+0x38>
10005430:	2901      	cmp	r1, #1
10005432:	d1ef      	bne.n	10005414 <cdcd_control_xfer_cb+0x38>
10005434:	4611      	mov	r1, r2
10005436:	2307      	movs	r3, #7
10005438:	4a15      	ldr	r2, [pc, #84]	@ (10005490 <cdcd_control_xfer_cb+0xb4>)
1000543a:	f7ff fcff 	bl	10004e3c <tud_control_xfer>
1000543e:	e7e9      	b.n	10005414 <cdcd_control_xfer_cb+0x38>
10005440:	2901      	cmp	r1, #1
10005442:	d014      	beq.n	1000546e <cdcd_control_xfer_cb+0x92>
10005444:	2903      	cmp	r1, #3
10005446:	d1e5      	bne.n	10005414 <cdcd_control_xfer_cb+0x38>
10005448:	8855      	ldrh	r5, [r2, #2]
1000544a:	4812      	ldr	r0, [pc, #72]	@ (10005494 <cdcd_control_xfer_cb+0xb8>)
1000544c:	f005 0601 	and.w	r6, r5, #1
10005450:	f086 0101 	eor.w	r1, r6, #1
10005454:	7125      	strb	r5, [r4, #4]
10005456:	f000 fda5 	bl	10005fa4 <tu_fifo_set_overwritable>
1000545a:	4b0f      	ldr	r3, [pc, #60]	@ (10005498 <cdcd_control_xfer_cb+0xbc>)
1000545c:	2b00      	cmp	r3, #0
1000545e:	d0d9      	beq.n	10005414 <cdcd_control_xfer_cb+0x38>
10005460:	4631      	mov	r1, r6
10005462:	2000      	movs	r0, #0
10005464:	f3c5 0240 	ubfx	r2, r5, #1, #1
10005468:	f3af 8000 	nop.w
1000546c:	e7d2      	b.n	10005414 <cdcd_control_xfer_cb+0x38>
1000546e:	4611      	mov	r1, r2
10005470:	f7ff fcca 	bl	10004e08 <tud_control_status>
10005474:	e7ce      	b.n	10005414 <cdcd_control_xfer_cb+0x38>
10005476:	4b09      	ldr	r3, [pc, #36]	@ (1000549c <cdcd_control_xfer_cb+0xc0>)
10005478:	2b00      	cmp	r3, #0
1000547a:	d0cb      	beq.n	10005414 <cdcd_control_xfer_cb+0x38>
1000547c:	2000      	movs	r0, #0
1000547e:	8851      	ldrh	r1, [r2, #2]
10005480:	f3af 8000 	nop.w
10005484:	e7c6      	b.n	10005414 <cdcd_control_xfer_cb+0x38>
10005486:	bf00      	nop
10005488:	20001dd0 	.word	0x20001dd0
1000548c:	100039c1 	.word	0x100039c1
10005490:	20001dd8 	.word	0x20001dd8
10005494:	20001df4 	.word	0x20001df4
	...

100054a0 <cdcd_xfer_cb>:
100054a0:	e92d 47f0 	stmdb	sp!, {r4, r5, r6, r7, r8, r9, sl, lr}
100054a4:	4e37      	ldr	r6, [pc, #220]	@ (10005584 <cdcd_xfer_cb+0xe4>)
100054a6:	460c      	mov	r4, r1
100054a8:	78f2      	ldrb	r2, [r6, #3]
100054aa:	4607      	mov	r7, r0
100054ac:	428a      	cmp	r2, r1
100054ae:	461d      	mov	r5, r3
100054b0:	f896 c002 	ldrb.w	ip, [r6, #2]
100054b4:	d03c      	beq.n	10005530 <cdcd_xfer_cb+0x90>
100054b6:	458c      	cmp	ip, r1
100054b8:	d013      	beq.n	100054e2 <cdcd_xfer_cb+0x42>
100054ba:	f04f 23e0 	mov.w	r3, #3758153728	@ 0xe000e000
100054be:	f8d3 3df0 	ldr.w	r3, [r3, #3568]	@ 0xdf0
100054c2:	07db      	lsls	r3, r3, #31
100054c4:	d500      	bpl.n	100054c8 <cdcd_xfer_cb+0x28>
100054c6:	be00      	bkpt	0x0000
100054c8:	2000      	movs	r0, #0
100054ca:	e8bd 87f0 	ldmia.w	sp!, {r4, r5, r6, r7, r8, r9, sl, pc}
100054ce:	4b2e      	ldr	r3, [pc, #184]	@ (10005588 <cdcd_xfer_cb+0xe8>)
100054d0:	b123      	cbz	r3, 100054dc <cdcd_xfer_cb+0x3c>
100054d2:	482e      	ldr	r0, [pc, #184]	@ (1000558c <cdcd_xfer_cb+0xec>)
100054d4:	f000 fb6c 	bl	10005bb0 <tu_fifo_empty>
100054d8:	2800      	cmp	r0, #0
100054da:	d04f      	beq.n	1000557c <cdcd_xfer_cb+0xdc>
100054dc:	4829      	ldr	r0, [pc, #164]	@ (10005584 <cdcd_xfer_cb+0xe4>)
100054de:	f7ff fd9f 	bl	10005020 <_prep_out_transaction.isra.0>
100054e2:	78b3      	ldrb	r3, [r6, #2]
100054e4:	42a3      	cmp	r3, r4
100054e6:	d002      	beq.n	100054ee <cdcd_xfer_cb+0x4e>
100054e8:	2001      	movs	r0, #1
100054ea:	e8bd 87f0 	ldmia.w	sp!, {r4, r5, r6, r7, r8, r9, sl, pc}
100054ee:	4b28      	ldr	r3, [pc, #160]	@ (10005590 <cdcd_xfer_cb+0xf0>)
100054f0:	b113      	cbz	r3, 100054f8 <cdcd_xfer_cb+0x58>
100054f2:	2000      	movs	r0, #0
100054f4:	f3af 8000 	nop.w
100054f8:	2000      	movs	r0, #0
100054fa:	f7ff fe2b 	bl	10005154 <tud_cdc_n_write_flush>
100054fe:	2800      	cmp	r0, #0
10005500:	d1f2      	bne.n	100054e8 <cdcd_xfer_cb+0x48>
10005502:	4824      	ldr	r0, [pc, #144]	@ (10005594 <cdcd_xfer_cb+0xf4>)
10005504:	f000 fb44 	bl	10005b90 <tu_fifo_count>
10005508:	2800      	cmp	r0, #0
1000550a:	d1ed      	bne.n	100054e8 <cdcd_xfer_cb+0x48>
1000550c:	2d00      	cmp	r5, #0
1000550e:	d0eb      	beq.n	100054e8 <cdcd_xfer_cb+0x48>
10005510:	f015 053f 	ands.w	r5, r5, #63	@ 0x3f
10005514:	d1e8      	bne.n	100054e8 <cdcd_xfer_cb+0x48>
10005516:	4638      	mov	r0, r7
10005518:	78b1      	ldrb	r1, [r6, #2]
1000551a:	f7ff fc19 	bl	10004d50 <usbd_edpt_claim>
1000551e:	2800      	cmp	r0, #0
10005520:	d0e2      	beq.n	100054e8 <cdcd_xfer_cb+0x48>
10005522:	462b      	mov	r3, r5
10005524:	462a      	mov	r2, r5
10005526:	4638      	mov	r0, r7
10005528:	78b1      	ldrb	r1, [r6, #2]
1000552a:	f7ff fc35 	bl	10004d98 <usbd_edpt_xfer>
1000552e:	e7db      	b.n	100054e8 <cdcd_xfer_cb+0x48>
10005530:	b29a      	uxth	r2, r3
10005532:	f506 7112 	add.w	r1, r6, #584	@ 0x248
10005536:	f106 0010 	add.w	r0, r6, #16
1000553a:	f000 fc4d 	bl	10005dd8 <tu_fifo_write_n>
1000553e:	4b16      	ldr	r3, [pc, #88]	@ (10005598 <cdcd_xfer_cb+0xf8>)
10005540:	2b00      	cmp	r3, #0
10005542:	d0c4      	beq.n	100054ce <cdcd_xfer_cb+0x2e>
10005544:	7973      	ldrb	r3, [r6, #5]
10005546:	2bff      	cmp	r3, #255	@ 0xff
10005548:	d0c1      	beq.n	100054ce <cdcd_xfer_cb+0x2e>
1000554a:	2d00      	cmp	r5, #0
1000554c:	d0bf      	beq.n	100054ce <cdcd_xfer_cb+0x2e>
1000554e:	f206 2847 	addw	r8, r6, #583	@ 0x247
10005552:	eb08 0a05 	add.w	sl, r8, r5
10005556:	f2a8 2937 	subw	r9, r8, #567	@ 0x237
1000555a:	e002      	b.n	10005562 <cdcd_xfer_cb+0xc2>
1000555c:	45c2      	cmp	sl, r8
1000555e:	d0b6      	beq.n	100054ce <cdcd_xfer_cb+0x2e>
10005560:	7973      	ldrb	r3, [r6, #5]
10005562:	f818 2f01 	ldrb.w	r2, [r8, #1]!
10005566:	429a      	cmp	r2, r3
10005568:	d1f8      	bne.n	1000555c <cdcd_xfer_cb+0xbc>
1000556a:	4648      	mov	r0, r9
1000556c:	f000 fb20 	bl	10005bb0 <tu_fifo_empty>
10005570:	2800      	cmp	r0, #0
10005572:	d1f3      	bne.n	1000555c <cdcd_xfer_cb+0xbc>
10005574:	7971      	ldrb	r1, [r6, #5]
10005576:	f3af 8000 	nop.w
1000557a:	e7ef      	b.n	1000555c <cdcd_xfer_cb+0xbc>
1000557c:	f3af 8000 	nop.w
10005580:	e7ac      	b.n	100054dc <cdcd_xfer_cb+0x3c>
10005582:	bf00      	nop
10005584:	20001dd0 	.word	0x20001dd0
10005588:	00000000 	.word	0x00000000
1000558c:	20001de0 	.word	0x20001de0
10005590:	00000000 	.word	0x00000000
10005594:	20001df4 	.word	0x20001df4
10005598:	00000000 	.word	0x00000000

1000559c <vendord_init>:
1000559c:	b570      	push	{r4, r5, r6, lr}
1000559e:	4c15      	ldr	r4, [pc, #84]	@ (100055f4 <vendord_init+0x58>)
100055a0:	b084      	sub	sp, #16
100055a2:	f44f 7233 	mov.w	r2, #716	@ 0x2cc
100055a6:	2100      	movs	r1, #0
100055a8:	4620      	mov	r0, r4
100055aa:	f001 f937 	bl	1000681c <memset>
100055ae:	2640      	movs	r6, #64	@ 0x40
100055b0:	2300      	movs	r3, #0
100055b2:	f44f 7580 	mov.w	r5, #256	@ 0x100
100055b6:	1d22      	adds	r2, r4, #4
100055b8:	9202      	str	r2, [sp, #8]
100055ba:	f504 72e6 	add.w	r2, r4, #460	@ 0x1cc
100055be:	4619      	mov	r1, r3
100055c0:	9200      	str	r2, [sp, #0]
100055c2:	f504 70d4 	add.w	r0, r4, #424	@ 0x1a8
100055c6:	461a      	mov	r2, r3
100055c8:	9603      	str	r6, [sp, #12]
100055ca:	9501      	str	r5, [sp, #4]
100055cc:	f000 f9ac 	bl	10005928 <tu_edpt_stream_init>
100055d0:	2300      	movs	r3, #0
100055d2:	f104 0244 	add.w	r2, r4, #68	@ 0x44
100055d6:	f104 01a8 	add.w	r1, r4, #168	@ 0xa8
100055da:	e9cd 5201 	strd	r5, r2, [sp, #4]
100055de:	9100      	str	r1, [sp, #0]
100055e0:	2201      	movs	r2, #1
100055e2:	4619      	mov	r1, r3
100055e4:	9603      	str	r6, [sp, #12]
100055e6:	f104 0084 	add.w	r0, r4, #132	@ 0x84
100055ea:	f000 f99d 	bl	10005928 <tu_edpt_stream_init>
100055ee:	b004      	add	sp, #16
100055f0:	bd70      	pop	{r4, r5, r6, pc}
100055f2:	bf00      	nop
100055f4:	20002420 	.word	0x20002420

100055f8 <vendord_deinit>:
100055f8:	b510      	push	{r4, lr}
100055fa:	4c05      	ldr	r4, [pc, #20]	@ (10005610 <vendord_deinit+0x18>)
100055fc:	4620      	mov	r0, r4
100055fe:	f000 f9bf 	bl	10005980 <tu_edpt_stream_deinit>
10005602:	f5a4 7092 	sub.w	r0, r4, #292	@ 0x124
10005606:	f000 f9bb 	bl	10005980 <tu_edpt_stream_deinit>
1000560a:	2001      	movs	r0, #1
1000560c:	bd10      	pop	{r4, pc}
1000560e:	bf00      	nop
10005610:	200025c8 	.word	0x200025c8

10005614 <vendord_reset>:
10005614:	2300      	movs	r3, #0
10005616:	b510      	push	{r4, lr}
10005618:	4c05      	ldr	r4, [pc, #20]	@ (10005630 <vendord_reset+0x1c>)
1000561a:	f504 70d8 	add.w	r0, r4, #432	@ 0x1b0
1000561e:	7023      	strb	r3, [r4, #0]
10005620:	f000 fca4 	bl	10005f6c <tu_fifo_clear>
10005624:	f104 008c 	add.w	r0, r4, #140	@ 0x8c
10005628:	e8bd 4010 	ldmia.w	sp!, {r4, lr}
1000562c:	f000 bc9e 	b.w	10005f6c <tu_fifo_clear>
10005630:	20002420 	.word	0x20002420

10005634 <vendord_open>:
10005634:	e92d 4ff8 	stmdb	sp!, {r3, r4, r5, r6, r7, r8, r9, sl, fp, lr}
10005638:	794b      	ldrb	r3, [r1, #5]
1000563a:	2bff      	cmp	r3, #255	@ 0xff
1000563c:	d002      	beq.n	10005644 <vendord_open+0x10>
1000563e:	2000      	movs	r0, #0
10005640:	e8bd 8ff8 	ldmia.w	sp!, {r3, r4, r5, r6, r7, r8, r9, sl, fp, pc}
10005644:	4d3a      	ldr	r5, [pc, #232]	@ (10005730 <vendord_open+0xfc>)
10005646:	460e      	mov	r6, r1
10005648:	f895 31a9 	ldrb.w	r3, [r5, #425]	@ 0x1a9
1000564c:	780c      	ldrb	r4, [r1, #0]
1000564e:	2b00      	cmp	r3, #0
10005650:	d1f5      	bne.n	1000563e <vendord_open+0xa>
10005652:	f895 7085 	ldrb.w	r7, [r5, #133]	@ 0x85
10005656:	2f00      	cmp	r7, #0
10005658:	d1f1      	bne.n	1000563e <vendord_open+0xa>
1000565a:	788b      	ldrb	r3, [r1, #2]
1000565c:	440c      	add	r4, r1
1000565e:	702b      	strb	r3, [r5, #0]
10005660:	790b      	ldrb	r3, [r1, #4]
10005662:	2b00      	cmp	r3, #0
10005664:	d03e      	beq.n	100056e4 <vendord_open+0xb0>
10005666:	4680      	mov	r8, r0
10005668:	eb04 0b02 	add.w	fp, r4, r2
1000566c:	f505 7ad8 	add.w	sl, r5, #432	@ 0x1b0
10005670:	f505 79d4 	add.w	r9, r5, #424	@ 0x1a8
10005674:	7863      	ldrb	r3, [r4, #1]
10005676:	2b05      	cmp	r3, #5
10005678:	d009      	beq.n	1000568e <vendord_open+0x5a>
1000567a:	45a3      	cmp	fp, r4
1000567c:	d802      	bhi.n	10005684 <vendord_open+0x50>
1000567e:	e031      	b.n	100056e4 <vendord_open+0xb0>
10005680:	455c      	cmp	r4, fp
10005682:	d22f      	bcs.n	100056e4 <vendord_open+0xb0>
10005684:	7823      	ldrb	r3, [r4, #0]
10005686:	441c      	add	r4, r3
10005688:	7863      	ldrb	r3, [r4, #1]
1000568a:	2b05      	cmp	r3, #5
1000568c:	d1f8      	bne.n	10005680 <vendord_open+0x4c>
1000568e:	45a3      	cmp	fp, r4
10005690:	d928      	bls.n	100056e4 <vendord_open+0xb0>
10005692:	4621      	mov	r1, r4
10005694:	4640      	mov	r0, r8
10005696:	f7ff fb39 	bl	10004d0c <usbd_edpt_open>
1000569a:	2800      	cmp	r0, #0
1000569c:	d03f      	beq.n	1000571e <vendord_open+0xea>
1000569e:	78a3      	ldrb	r3, [r4, #2]
100056a0:	09db      	lsrs	r3, r3, #7
100056a2:	d123      	bne.n	100056ec <vendord_open+0xb8>
100056a4:	4650      	mov	r0, sl
100056a6:	f000 fc61 	bl	10005f6c <tu_fifo_clear>
100056aa:	78a3      	ldrb	r3, [r4, #2]
100056ac:	f895 11a8 	ldrb.w	r1, [r5, #424]	@ 0x1a8
100056b0:	f885 31a9 	strb.w	r3, [r5, #425]	@ 0x1a9
100056b4:	88a3      	ldrh	r3, [r4, #4]
100056b6:	4640      	mov	r0, r8
100056b8:	f3c3 030a 	ubfx	r3, r3, #0, #11
100056bc:	f5a3 7300 	sub.w	r3, r3, #512	@ 0x200
100056c0:	fab3 f383 	clz	r3, r3
100056c4:	095b      	lsrs	r3, r3, #5
100056c6:	f363 0141 	bfi	r1, r3, #1, #1
100056ca:	f885 11a8 	strb.w	r1, [r5, #424]	@ 0x1a8
100056ce:	4649      	mov	r1, r9
100056d0:	f000 f9c4 	bl	10005a5c <tu_edpt_stream_read_xfer>
100056d4:	b318      	cbz	r0, 1000571e <vendord_open+0xea>
100056d6:	7823      	ldrb	r3, [r4, #0]
100056d8:	7931      	ldrb	r1, [r6, #4]
100056da:	3701      	adds	r7, #1
100056dc:	441c      	add	r4, r3
100056de:	b2fb      	uxtb	r3, r7
100056e0:	4299      	cmp	r1, r3
100056e2:	d8c7      	bhi.n	10005674 <vendord_open+0x40>
100056e4:	1ba1      	subs	r1, r4, r6
100056e6:	b288      	uxth	r0, r1
100056e8:	e8bd 8ff8 	ldmia.w	sp!, {r3, r4, r5, r6, r7, r8, r9, sl, fp, pc}
100056ec:	4811      	ldr	r0, [pc, #68]	@ (10005734 <vendord_open+0x100>)
100056ee:	f000 fc3d 	bl	10005f6c <tu_fifo_clear>
100056f2:	78a3      	ldrb	r3, [r4, #2]
100056f4:	f895 1084 	ldrb.w	r1, [r5, #132]	@ 0x84
100056f8:	f885 3085 	strb.w	r3, [r5, #133]	@ 0x85
100056fc:	88a3      	ldrh	r3, [r4, #4]
100056fe:	2000      	movs	r0, #0
10005700:	f3c3 030a 	ubfx	r3, r3, #0, #11
10005704:	f5a3 7300 	sub.w	r3, r3, #512	@ 0x200
10005708:	fab3 f383 	clz	r3, r3
1000570c:	095b      	lsrs	r3, r3, #5
1000570e:	f363 0141 	bfi	r1, r3, #1, #1
10005712:	f885 1084 	strb.w	r1, [r5, #132]	@ 0x84
10005716:	4908      	ldr	r1, [pc, #32]	@ (10005738 <vendord_open+0x104>)
10005718:	f000 f968 	bl	100059ec <tu_edpt_stream_write_xfer>
1000571c:	e7db      	b.n	100056d6 <vendord_open+0xa2>
1000571e:	f04f 23e0 	mov.w	r3, #3758153728	@ 0xe000e000
10005722:	f8d3 3df0 	ldr.w	r3, [r3, #3568]	@ 0xdf0
10005726:	07db      	lsls	r3, r3, #31
10005728:	d589      	bpl.n	1000563e <vendord_open+0xa>
1000572a:	be00      	bkpt	0x0000
1000572c:	e787      	b.n	1000563e <vendord_open+0xa>
1000572e:	bf00      	nop
10005730:	20002420 	.word	0x20002420
10005734:	200024ac 	.word	0x200024ac
10005738:	200024a4 	.word	0x200024a4

1000573c <vendord_xfer_cb>:
1000573c:	b570      	push	{r4, r5, r6, lr}
1000573e:	4c1b      	ldr	r4, [pc, #108]	@ (100057ac <vendord_xfer_cb+0x70>)
10005740:	4606      	mov	r6, r0
10005742:	f894 c1a9 	ldrb.w	ip, [r4, #425]	@ 0x1a9
10005746:	461d      	mov	r5, r3
10005748:	458c      	cmp	ip, r1
1000574a:	d012      	beq.n	10005772 <vendord_xfer_cb+0x36>
1000574c:	f894 3085 	ldrb.w	r3, [r4, #133]	@ 0x85
10005750:	428b      	cmp	r3, r1
10005752:	d10c      	bne.n	1000576e <vendord_xfer_cb+0x32>
10005754:	4b16      	ldr	r3, [pc, #88]	@ (100057b0 <vendord_xfer_cb+0x74>)
10005756:	b11b      	cbz	r3, 10005760 <vendord_xfer_cb+0x24>
10005758:	2000      	movs	r0, #0
1000575a:	b2a9      	uxth	r1, r5
1000575c:	f3af 8000 	nop.w
10005760:	4630      	mov	r0, r6
10005762:	4914      	ldr	r1, [pc, #80]	@ (100057b4 <vendord_xfer_cb+0x78>)
10005764:	f000 f942 	bl	100059ec <tu_edpt_stream_write_xfer>
10005768:	b1d0      	cbz	r0, 100057a0 <vendord_xfer_cb+0x64>
1000576a:	2001      	movs	r0, #1
1000576c:	bd70      	pop	{r4, r5, r6, pc}
1000576e:	2000      	movs	r0, #0
10005770:	bd70      	pop	{r4, r5, r6, pc}
10005772:	f8b4 31b4 	ldrh.w	r3, [r4, #436]	@ 0x1b4
10005776:	b95b      	cbnz	r3, 10005790 <vendord_xfer_cb+0x54>
10005778:	4b0f      	ldr	r3, [pc, #60]	@ (100057b8 <vendord_xfer_cb+0x7c>)
1000577a:	b123      	cbz	r3, 10005786 <vendord_xfer_cb+0x4a>
1000577c:	2000      	movs	r0, #0
1000577e:	490f      	ldr	r1, [pc, #60]	@ (100057bc <vendord_xfer_cb+0x80>)
10005780:	b2aa      	uxth	r2, r5
10005782:	f3af 8000 	nop.w
10005786:	4630      	mov	r0, r6
10005788:	490d      	ldr	r1, [pc, #52]	@ (100057c0 <vendord_xfer_cb+0x84>)
1000578a:	f000 f967 	bl	10005a5c <tu_edpt_stream_read_xfer>
1000578e:	e7ec      	b.n	1000576a <vendord_xfer_cb+0x2e>
10005790:	f8d4 11ac 	ldr.w	r1, [r4, #428]	@ 0x1ac
10005794:	b2aa      	uxth	r2, r5
10005796:	f504 70d8 	add.w	r0, r4, #432	@ 0x1b0
1000579a:	f000 fb1d 	bl	10005dd8 <tu_fifo_write_n>
1000579e:	e7eb      	b.n	10005778 <vendord_xfer_cb+0x3c>
100057a0:	462a      	mov	r2, r5
100057a2:	4630      	mov	r0, r6
100057a4:	4903      	ldr	r1, [pc, #12]	@ (100057b4 <vendord_xfer_cb+0x78>)
100057a6:	f000 f8ed 	bl	10005984 <tu_edpt_stream_write_zlp_if_needed>
100057aa:	e7de      	b.n	1000576a <vendord_xfer_cb+0x2e>
100057ac:	20002420 	.word	0x20002420
100057b0:	00000000 	.word	0x00000000
100057b4:	200024a4 	.word	0x200024a4
100057b8:	00000000 	.word	0x00000000
100057bc:	20002424 	.word	0x20002424
100057c0:	200025c8 	.word	0x200025c8

100057c4 <tusb_init>:
100057c4:	b508      	push	{r3, lr}
100057c6:	2000      	movs	r0, #0
100057c8:	f7fe fe0a 	bl	100043e0 <tud_init>
100057cc:	b100      	cbz	r0, 100057d0 <tusb_init+0xc>
100057ce:	bd08      	pop	{r3, pc}
100057d0:	f04f 23e0 	mov.w	r3, #3758153728	@ 0xe000e000
100057d4:	f8d3 3df0 	ldr.w	r3, [r3, #3568]	@ 0xdf0
100057d8:	07db      	lsls	r3, r3, #31
100057da:	d5f8      	bpl.n	100057ce <tusb_init+0xa>
100057dc:	be00      	bkpt	0x0000
100057de:	bd08      	pop	{r3, pc}

100057e0 <tu_edpt_claim>:
100057e0:	b5f8      	push	{r3, r4, r5, r6, r7, lr}
100057e2:	7803      	ldrb	r3, [r0, #0]
100057e4:	f013 0401 	ands.w	r4, r3, #1
100057e8:	d11a      	bne.n	10005820 <tu_edpt_claim+0x40>
100057ea:	7803      	ldrb	r3, [r0, #0]
100057ec:	4605      	mov	r5, r0
100057ee:	075a      	lsls	r2, r3, #29
100057f0:	f3c3 0780 	ubfx	r7, r3, #2, #1
100057f4:	d501      	bpl.n	100057fa <tu_edpt_claim+0x1a>
100057f6:	4620      	mov	r0, r4
100057f8:	bdf8      	pop	{r3, r4, r5, r6, r7, pc}
100057fa:	460e      	mov	r6, r1
100057fc:	f04f 31ff 	mov.w	r1, #4294967295	@ 0xffffffff
10005800:	4630      	mov	r0, r6
10005802:	f001 faad 	bl	10006d60 <__mutex_enter_timeout_ms_veneer>
10005806:	782b      	ldrb	r3, [r5, #0]
10005808:	f013 0401 	ands.w	r4, r3, #1
1000580c:	d10b      	bne.n	10005826 <tu_edpt_claim+0x46>
1000580e:	782b      	ldrb	r3, [r5, #0]
10005810:	075b      	lsls	r3, r3, #29
10005812:	d409      	bmi.n	10005828 <tu_edpt_claim+0x48>
10005814:	782b      	ldrb	r3, [r5, #0]
10005816:	2401      	movs	r4, #1
10005818:	f043 0304 	orr.w	r3, r3, #4
1000581c:	702b      	strb	r3, [r5, #0]
1000581e:	e003      	b.n	10005828 <tu_edpt_claim+0x48>
10005820:	2400      	movs	r4, #0
10005822:	4620      	mov	r0, r4
10005824:	bdf8      	pop	{r3, r4, r5, r6, r7, pc}
10005826:	463c      	mov	r4, r7
10005828:	4630      	mov	r0, r6
1000582a:	f001 faad 	bl	10006d88 <__mutex_exit_veneer>
1000582e:	4620      	mov	r0, r4
10005830:	bdf8      	pop	{r3, r4, r5, r6, r7, pc}
10005832:	bf00      	nop

10005834 <tu_edpt_release>:
10005834:	b570      	push	{r4, r5, r6, lr}
10005836:	460c      	mov	r4, r1
10005838:	4605      	mov	r5, r0
1000583a:	f04f 31ff 	mov.w	r1, #4294967295	@ 0xffffffff
1000583e:	4620      	mov	r0, r4
10005840:	f001 fa8e 	bl	10006d60 <__mutex_enter_timeout_ms_veneer>
10005844:	782b      	ldrb	r3, [r5, #0]
10005846:	f3c3 0680 	ubfx	r6, r3, #2, #1
1000584a:	075b      	lsls	r3, r3, #29
1000584c:	d508      	bpl.n	10005860 <tu_edpt_release+0x2c>
1000584e:	782b      	ldrb	r3, [r5, #0]
10005850:	f013 0301 	ands.w	r3, r3, #1
10005854:	bf11      	iteee	ne
10005856:	2600      	movne	r6, #0
10005858:	782a      	ldrbeq	r2, [r5, #0]
1000585a:	f363 0282 	bfieq	r2, r3, #2, #1
1000585e:	702a      	strbeq	r2, [r5, #0]
10005860:	4620      	mov	r0, r4
10005862:	f001 fa91 	bl	10006d88 <__mutex_exit_veneer>
10005866:	4630      	mov	r0, r6
10005868:	bd70      	pop	{r4, r5, r6, pc}
1000586a:	bf00      	nop

1000586c <tu_edpt_validate>:
1000586c:	78c3      	ldrb	r3, [r0, #3]
1000586e:	8882      	ldrh	r2, [r0, #4]
10005870:	f003 0003 	and.w	r0, r3, #3
10005874:	2802      	cmp	r0, #2
10005876:	f3c2 020a 	ubfx	r2, r2, #0, #11
1000587a:	d005      	beq.n	10005888 <tu_edpt_validate+0x1c>
1000587c:	2803      	cmp	r0, #3
1000587e:	d01a      	beq.n	100058b6 <tu_edpt_validate+0x4a>
10005880:	2801      	cmp	r0, #1
10005882:	d007      	beq.n	10005894 <tu_edpt_validate+0x28>
10005884:	2000      	movs	r0, #0
10005886:	4770      	bx	lr
10005888:	2902      	cmp	r1, #2
1000588a:	d01d      	beq.n	100058c8 <tu_edpt_validate+0x5c>
1000588c:	2a40      	cmp	r2, #64	@ 0x40
1000588e:	d809      	bhi.n	100058a4 <tu_edpt_validate+0x38>
10005890:	2001      	movs	r0, #1
10005892:	4770      	bx	lr
10005894:	2902      	cmp	r1, #2
10005896:	f240 33ff 	movw	r3, #1023	@ 0x3ff
1000589a:	bf08      	it	eq
1000589c:	f44f 6380 	moveq.w	r3, #1024	@ 0x400
100058a0:	4293      	cmp	r3, r2
100058a2:	d2f6      	bcs.n	10005892 <tu_edpt_validate+0x26>
100058a4:	f04f 23e0 	mov.w	r3, #3758153728	@ 0xe000e000
100058a8:	f8d3 3df0 	ldr.w	r3, [r3, #3568]	@ 0xdf0
100058ac:	07db      	lsls	r3, r3, #31
100058ae:	d5e9      	bpl.n	10005884 <tu_edpt_validate+0x18>
100058b0:	be00      	bkpt	0x0000
100058b2:	2000      	movs	r0, #0
100058b4:	4770      	bx	lr
100058b6:	2902      	cmp	r1, #2
100058b8:	bf14      	ite	ne
100058ba:	2340      	movne	r3, #64	@ 0x40
100058bc:	f44f 6380 	moveq.w	r3, #1024	@ 0x400
100058c0:	4293      	cmp	r3, r2
100058c2:	d3ef      	bcc.n	100058a4 <tu_edpt_validate+0x38>
100058c4:	2001      	movs	r0, #1
100058c6:	e7e4      	b.n	10005892 <tu_edpt_validate+0x26>
100058c8:	f5b2 7f00 	cmp.w	r2, #512	@ 0x200
100058cc:	d0e0      	beq.n	10005890 <tu_edpt_validate+0x24>
100058ce:	e7e9      	b.n	100058a4 <tu_edpt_validate+0x38>

100058d0 <tu_edpt_bind_driver>:
100058d0:	440a      	add	r2, r1
100058d2:	4291      	cmp	r1, r2
100058d4:	d226      	bcs.n	10005924 <tu_edpt_bind_driver+0x54>
100058d6:	f891 c001 	ldrb.w	ip, [r1, #1]
100058da:	f1bc 0f05 	cmp.w	ip, #5
100058de:	d005      	beq.n	100058ec <tu_edpt_bind_driver+0x1c>
100058e0:	f891 c000 	ldrb.w	ip, [r1]
100058e4:	4461      	add	r1, ip
100058e6:	428a      	cmp	r2, r1
100058e8:	d8f5      	bhi.n	100058d6 <tu_edpt_bind_driver+0x6>
100058ea:	4770      	bx	lr
100058ec:	b500      	push	{lr}
100058ee:	f891 c002 	ldrb.w	ip, [r1, #2]
100058f2:	f00c 0e7f 	and.w	lr, ip, #127	@ 0x7f
100058f6:	eb00 0e4e 	add.w	lr, r0, lr, lsl #1
100058fa:	ea4f 1cdc 	mov.w	ip, ip, lsr #7
100058fe:	f80e 300c 	strb.w	r3, [lr, ip]
10005902:	f891 c000 	ldrb.w	ip, [r1]
10005906:	4461      	add	r1, ip
10005908:	428a      	cmp	r2, r1
1000590a:	d909      	bls.n	10005920 <tu_edpt_bind_driver+0x50>
1000590c:	f891 c001 	ldrb.w	ip, [r1, #1]
10005910:	f1bc 0f05 	cmp.w	ip, #5
10005914:	d0eb      	beq.n	100058ee <tu_edpt_bind_driver+0x1e>
10005916:	f891 c000 	ldrb.w	ip, [r1]
1000591a:	4461      	add	r1, ip
1000591c:	428a      	cmp	r2, r1
1000591e:	d8f5      	bhi.n	1000590c <tu_edpt_bind_driver+0x3c>
10005920:	f85d fb04 	ldr.w	pc, [sp], #4
10005924:	4770      	bx	lr
10005926:	bf00      	nop

10005928 <tu_edpt_stream_init>:
10005928:	e92d 41f0 	stmdb	sp!, {r4, r5, r6, r7, r8, lr}
1000592c:	468e      	mov	lr, r1
1000592e:	b082      	sub	sp, #8
10005930:	9300      	str	r3, [sp, #0]
10005932:	f890 c000 	ldrb.w	ip, [r0]
10005936:	9e08      	ldr	r6, [sp, #32]
10005938:	f8bd 7024 	ldrh.w	r7, [sp, #36]	@ 0x24
1000593c:	f36e 0c00 	bfi	ip, lr, #0, #1
10005940:	4604      	mov	r4, r0
10005942:	4615      	mov	r5, r2
10005944:	2301      	movs	r3, #1
10005946:	4631      	mov	r1, r6
10005948:	463a      	mov	r2, r7
1000594a:	f800 cb08 	strb.w	ip, [r0], #8
1000594e:	f8bd 802c 	ldrh.w	r8, [sp, #44]	@ 0x2c
10005952:	f000 f8ed 	bl	10005b30 <tu_fifo_config>
10005956:	b106      	cbz	r6, 1000595a <tu_edpt_stream_init+0x32>
10005958:	b93f      	cbnz	r7, 1000596a <tu_edpt_stream_init+0x42>
1000595a:	2001      	movs	r0, #1
1000595c:	9b0a      	ldr	r3, [sp, #40]	@ 0x28
1000595e:	f8a4 8002 	strh.w	r8, [r4, #2]
10005962:	6063      	str	r3, [r4, #4]
10005964:	b002      	add	sp, #8
10005966:	e8bd 81f0 	ldmia.w	sp!, {r4, r5, r6, r7, r8, pc}
1000596a:	f104 061c 	add.w	r6, r4, #28
1000596e:	4630      	mov	r0, r6
10005970:	f7fb fa2e 	bl	10000dd0 <mutex_init>
10005974:	b10d      	cbz	r5, 1000597a <tu_edpt_stream_init+0x52>
10005976:	4635      	mov	r5, r6
10005978:	2600      	movs	r6, #0
1000597a:	e9c4 5605 	strd	r5, r6, [r4, #20]
1000597e:	e7ec      	b.n	1000595a <tu_edpt_stream_init+0x32>

10005980 <tu_edpt_stream_deinit>:
10005980:	2001      	movs	r0, #1
10005982:	4770      	bx	lr

10005984 <tu_edpt_stream_write_zlp_if_needed>:
10005984:	b5f8      	push	{r3, r4, r5, r6, r7, lr}
10005986:	4607      	mov	r7, r0
10005988:	4608      	mov	r0, r1
1000598a:	f240 13ff 	movw	r3, #511	@ 0x1ff
1000598e:	4615      	mov	r5, r2
10005990:	f810 2b08 	ldrb.w	r2, [r0], #8
10005994:	460c      	mov	r4, r1
10005996:	f012 0f02 	tst.w	r2, #2
1000599a:	bf0c      	ite	eq
1000599c:	263f      	moveq	r6, #63	@ 0x3f
1000599e:	461e      	movne	r6, r3
100059a0:	f000 f8f6 	bl	10005b90 <tu_fifo_count>
100059a4:	b928      	cbnz	r0, 100059b2 <tu_edpt_stream_write_zlp_if_needed+0x2e>
100059a6:	b125      	cbz	r5, 100059b2 <tu_edpt_stream_write_zlp_if_needed+0x2e>
100059a8:	422e      	tst	r6, r5
100059aa:	d102      	bne.n	100059b2 <tu_edpt_stream_write_zlp_if_needed+0x2e>
100059ac:	7823      	ldrb	r3, [r4, #0]
100059ae:	07da      	lsls	r2, r3, #31
100059b0:	d501      	bpl.n	100059b6 <tu_edpt_stream_write_zlp_if_needed+0x32>
100059b2:	2000      	movs	r0, #0
100059b4:	bdf8      	pop	{r3, r4, r5, r6, r7, pc}
100059b6:	4638      	mov	r0, r7
100059b8:	7861      	ldrb	r1, [r4, #1]
100059ba:	f7ff f9c9 	bl	10004d50 <usbd_edpt_claim>
100059be:	2800      	cmp	r0, #0
100059c0:	d0f7      	beq.n	100059b2 <tu_edpt_stream_write_zlp_if_needed+0x2e>
100059c2:	7823      	ldrb	r3, [r4, #0]
100059c4:	f013 0301 	ands.w	r3, r3, #1
100059c8:	d007      	beq.n	100059da <tu_edpt_stream_write_zlp_if_needed+0x56>
100059ca:	f04f 23e0 	mov.w	r3, #3758153728	@ 0xe000e000
100059ce:	f8d3 3df0 	ldr.w	r3, [r3, #3568]	@ 0xdf0
100059d2:	07db      	lsls	r3, r3, #31
100059d4:	d5ed      	bpl.n	100059b2 <tu_edpt_stream_write_zlp_if_needed+0x2e>
100059d6:	be00      	bkpt	0x0000
100059d8:	e7eb      	b.n	100059b2 <tu_edpt_stream_write_zlp_if_needed+0x2e>
100059da:	461a      	mov	r2, r3
100059dc:	4638      	mov	r0, r7
100059de:	7861      	ldrb	r1, [r4, #1]
100059e0:	f7ff f9da 	bl	10004d98 <usbd_edpt_xfer>
100059e4:	2800      	cmp	r0, #0
100059e6:	d0f0      	beq.n	100059ca <tu_edpt_stream_write_zlp_if_needed+0x46>
100059e8:	bdf8      	pop	{r3, r4, r5, r6, r7, pc}
100059ea:	bf00      	nop

100059ec <tu_edpt_stream_write_xfer>:
100059ec:	b570      	push	{r4, r5, r6, lr}
100059ee:	f101 0508 	add.w	r5, r1, #8
100059f2:	4606      	mov	r6, r0
100059f4:	4628      	mov	r0, r5
100059f6:	460c      	mov	r4, r1
100059f8:	f000 f8ca 	bl	10005b90 <tu_fifo_count>
100059fc:	b110      	cbz	r0, 10005a04 <tu_edpt_stream_write_xfer+0x18>
100059fe:	7823      	ldrb	r3, [r4, #0]
10005a00:	07d8      	lsls	r0, r3, #31
10005a02:	d501      	bpl.n	10005a08 <tu_edpt_stream_write_xfer+0x1c>
10005a04:	2000      	movs	r0, #0
10005a06:	bd70      	pop	{r4, r5, r6, pc}
10005a08:	4630      	mov	r0, r6
10005a0a:	7861      	ldrb	r1, [r4, #1]
10005a0c:	f7ff f9a0 	bl	10004d50 <usbd_edpt_claim>
10005a10:	2800      	cmp	r0, #0
10005a12:	d0f7      	beq.n	10005a04 <tu_edpt_stream_write_xfer+0x18>
10005a14:	4628      	mov	r0, r5
10005a16:	8862      	ldrh	r2, [r4, #2]
10005a18:	6861      	ldr	r1, [r4, #4]
10005a1a:	f000 f92f 	bl	10005c7c <tu_fifo_read_n>
10005a1e:	7823      	ldrb	r3, [r4, #0]
10005a20:	4605      	mov	r5, r0
10005a22:	b148      	cbz	r0, 10005a38 <tu_edpt_stream_write_xfer+0x4c>
10005a24:	07d9      	lsls	r1, r3, #31
10005a26:	d50e      	bpl.n	10005a46 <tu_edpt_stream_write_xfer+0x5a>
10005a28:	f04f 23e0 	mov.w	r3, #3758153728	@ 0xe000e000
10005a2c:	f8d3 3df0 	ldr.w	r3, [r3, #3568]	@ 0xdf0
10005a30:	07da      	lsls	r2, r3, #31
10005a32:	d5e7      	bpl.n	10005a04 <tu_edpt_stream_write_xfer+0x18>
10005a34:	be00      	bkpt	0x0000
10005a36:	e7e5      	b.n	10005a04 <tu_edpt_stream_write_xfer+0x18>
10005a38:	07db      	lsls	r3, r3, #31
10005a3a:	d4e3      	bmi.n	10005a04 <tu_edpt_stream_write_xfer+0x18>
10005a3c:	4630      	mov	r0, r6
10005a3e:	7861      	ldrb	r1, [r4, #1]
10005a40:	f7ff f998 	bl	10004d74 <usbd_edpt_release>
10005a44:	e7de      	b.n	10005a04 <tu_edpt_stream_write_xfer+0x18>
10005a46:	4603      	mov	r3, r0
10005a48:	6862      	ldr	r2, [r4, #4]
10005a4a:	4630      	mov	r0, r6
10005a4c:	7861      	ldrb	r1, [r4, #1]
10005a4e:	f7ff f9a3 	bl	10004d98 <usbd_edpt_xfer>
10005a52:	2800      	cmp	r0, #0
10005a54:	d0e8      	beq.n	10005a28 <tu_edpt_stream_write_xfer+0x3c>
10005a56:	4628      	mov	r0, r5
10005a58:	bd70      	pop	{r4, r5, r6, pc}
10005a5a:	bf00      	nop

10005a5c <tu_edpt_stream_read_xfer>:
10005a5c:	898b      	ldrh	r3, [r1, #12]
10005a5e:	e92d 41f0 	stmdb	sp!, {r4, r5, r6, r7, r8, lr}
10005a62:	460c      	mov	r4, r1
10005a64:	4606      	mov	r6, r0
10005a66:	b993      	cbnz	r3, 10005a8e <tu_edpt_stream_read_xfer+0x32>
10005a68:	780b      	ldrb	r3, [r1, #0]
10005a6a:	07df      	lsls	r7, r3, #31
10005a6c:	d427      	bmi.n	10005abe <tu_edpt_stream_read_xfer+0x62>
10005a6e:	7849      	ldrb	r1, [r1, #1]
10005a70:	f7ff f96e 	bl	10004d50 <usbd_edpt_claim>
10005a74:	b318      	cbz	r0, 10005abe <tu_edpt_stream_read_xfer+0x62>
10005a76:	7822      	ldrb	r2, [r4, #0]
10005a78:	8863      	ldrh	r3, [r4, #2]
10005a7a:	07d5      	lsls	r5, r2, #31
10005a7c:	d541      	bpl.n	10005b02 <tu_edpt_stream_read_xfer+0xa6>
10005a7e:	f04f 23e0 	mov.w	r3, #3758153728	@ 0xe000e000
10005a82:	f8d3 3df0 	ldr.w	r3, [r3, #3568]	@ 0xdf0
10005a86:	07da      	lsls	r2, r3, #31
10005a88:	d519      	bpl.n	10005abe <tu_edpt_stream_read_xfer+0x62>
10005a8a:	be00      	bkpt	0x0000
10005a8c:	e017      	b.n	10005abe <tu_edpt_stream_read_xfer+0x62>
10005a8e:	460d      	mov	r5, r1
10005a90:	f64f 72c0 	movw	r2, #65472	@ 0xffc0
10005a94:	f815 3b08 	ldrb.w	r3, [r5], #8
10005a98:	f003 0302 	and.w	r3, r3, #2
10005a9c:	2b00      	cmp	r3, #0
10005a9e:	4628      	mov	r0, r5
10005aa0:	bf0b      	itete	eq
10005aa2:	4617      	moveq	r7, r2
10005aa4:	f44f 477e 	movne.w	r7, #65024	@ 0xfe00
10005aa8:	f04f 0840 	moveq.w	r8, #64	@ 0x40
10005aac:	f44f 7800 	movne.w	r8, #512	@ 0x200
10005ab0:	f000 f888 	bl	10005bc4 <tu_fifo_remaining>
10005ab4:	4580      	cmp	r8, r0
10005ab6:	d802      	bhi.n	10005abe <tu_edpt_stream_read_xfer+0x62>
10005ab8:	7823      	ldrb	r3, [r4, #0]
10005aba:	07d8      	lsls	r0, r3, #31
10005abc:	d502      	bpl.n	10005ac4 <tu_edpt_stream_read_xfer+0x68>
10005abe:	2000      	movs	r0, #0
10005ac0:	e8bd 81f0 	ldmia.w	sp!, {r4, r5, r6, r7, r8, pc}
10005ac4:	4630      	mov	r0, r6
10005ac6:	7861      	ldrb	r1, [r4, #1]
10005ac8:	f7ff f942 	bl	10004d50 <usbd_edpt_claim>
10005acc:	2800      	cmp	r0, #0
10005ace:	d0f6      	beq.n	10005abe <tu_edpt_stream_read_xfer+0x62>
10005ad0:	4628      	mov	r0, r5
10005ad2:	f000 f877 	bl	10005bc4 <tu_fifo_remaining>
10005ad6:	4580      	cmp	r8, r0
10005ad8:	d81f      	bhi.n	10005b1a <tu_edpt_stream_read_xfer+0xbe>
10005ada:	7823      	ldrb	r3, [r4, #0]
10005adc:	8862      	ldrh	r2, [r4, #2]
10005ade:	07d9      	lsls	r1, r3, #31
10005ae0:	d4cd      	bmi.n	10005a7e <tu_edpt_stream_read_xfer+0x22>
10005ae2:	4038      	ands	r0, r7
10005ae4:	4290      	cmp	r0, r2
10005ae6:	bf28      	it	cs
10005ae8:	4610      	movcs	r0, r2
10005aea:	7861      	ldrb	r1, [r4, #1]
10005aec:	4605      	mov	r5, r0
10005aee:	b1e0      	cbz	r0, 10005b2a <tu_edpt_stream_read_xfer+0xce>
10005af0:	6862      	ldr	r2, [r4, #4]
10005af2:	462b      	mov	r3, r5
10005af4:	4630      	mov	r0, r6
10005af6:	f7ff f94f 	bl	10004d98 <usbd_edpt_xfer>
10005afa:	2800      	cmp	r0, #0
10005afc:	d0bf      	beq.n	10005a7e <tu_edpt_stream_read_xfer+0x22>
10005afe:	4628      	mov	r0, r5
10005b00:	e7de      	b.n	10005ac0 <tu_edpt_stream_read_xfer+0x64>
10005b02:	7861      	ldrb	r1, [r4, #1]
10005b04:	b13b      	cbz	r3, 10005b16 <tu_edpt_stream_read_xfer+0xba>
10005b06:	6862      	ldr	r2, [r4, #4]
10005b08:	4630      	mov	r0, r6
10005b0a:	f7ff f945 	bl	10004d98 <usbd_edpt_xfer>
10005b0e:	2800      	cmp	r0, #0
10005b10:	d0b5      	beq.n	10005a7e <tu_edpt_stream_read_xfer+0x22>
10005b12:	8860      	ldrh	r0, [r4, #2]
10005b14:	e7d4      	b.n	10005ac0 <tu_edpt_stream_read_xfer+0x64>
10005b16:	461a      	mov	r2, r3
10005b18:	e7f6      	b.n	10005b08 <tu_edpt_stream_read_xfer+0xac>
10005b1a:	7823      	ldrb	r3, [r4, #0]
10005b1c:	07db      	lsls	r3, r3, #31
10005b1e:	d4ce      	bmi.n	10005abe <tu_edpt_stream_read_xfer+0x62>
10005b20:	4630      	mov	r0, r6
10005b22:	7861      	ldrb	r1, [r4, #1]
10005b24:	f7ff f926 	bl	10004d74 <usbd_edpt_release>
10005b28:	e7c9      	b.n	10005abe <tu_edpt_stream_read_xfer+0x62>
10005b2a:	4602      	mov	r2, r0
10005b2c:	e7e1      	b.n	10005af2 <tu_edpt_stream_read_xfer+0x96>
10005b2e:	bf00      	nop

10005b30 <tu_fifo_config>:
10005b30:	e92d 41f0 	stmdb	sp!, {r4, r5, r6, r7, r8, lr}
10005b34:	f5b2 4f00 	cmp.w	r2, #32768	@ 0x8000
10005b38:	f89d 8018 	ldrb.w	r8, [sp, #24]
10005b3c:	d824      	bhi.n	10005b88 <tu_fifo_config+0x58>
10005b3e:	4604      	mov	r4, r0
10005b40:	68c0      	ldr	r0, [r0, #12]
10005b42:	4617      	mov	r7, r2
10005b44:	460e      	mov	r6, r1
10005b46:	461d      	mov	r5, r3
10005b48:	b118      	cbz	r0, 10005b52 <tu_fifo_config+0x22>
10005b4a:	f04f 31ff 	mov.w	r1, #4294967295	@ 0xffffffff
10005b4e:	f001 f907 	bl	10006d60 <__mutex_enter_timeout_ms_veneer>
10005b52:	6920      	ldr	r0, [r4, #16]
10005b54:	b118      	cbz	r0, 10005b5e <tu_fifo_config+0x2e>
10005b56:	f04f 31ff 	mov.w	r1, #4294967295	@ 0xffffffff
10005b5a:	f001 f901 	bl	10006d60 <__mutex_enter_timeout_ms_veneer>
10005b5e:	2200      	movs	r2, #0
10005b60:	f3c5 030e 	ubfx	r3, r5, #0, #15
10005b64:	68e0      	ldr	r0, [r4, #12]
10005b66:	ea43 33c8 	orr.w	r3, r3, r8, lsl #15
10005b6a:	8162      	strh	r2, [r4, #10]
10005b6c:	6026      	str	r6, [r4, #0]
10005b6e:	80a7      	strh	r7, [r4, #4]
10005b70:	80e3      	strh	r3, [r4, #6]
10005b72:	8122      	strh	r2, [r4, #8]
10005b74:	b108      	cbz	r0, 10005b7a <tu_fifo_config+0x4a>
10005b76:	f001 f907 	bl	10006d88 <__mutex_exit_veneer>
10005b7a:	6920      	ldr	r0, [r4, #16]
10005b7c:	b108      	cbz	r0, 10005b82 <tu_fifo_config+0x52>
10005b7e:	f001 f903 	bl	10006d88 <__mutex_exit_veneer>
10005b82:	2001      	movs	r0, #1
10005b84:	e8bd 81f0 	ldmia.w	sp!, {r4, r5, r6, r7, r8, pc}
10005b88:	2000      	movs	r0, #0
10005b8a:	e8bd 81f0 	ldmia.w	sp!, {r4, r5, r6, r7, r8, pc}
10005b8e:	bf00      	nop

10005b90 <tu_fifo_count>:
10005b90:	8903      	ldrh	r3, [r0, #8]
10005b92:	8942      	ldrh	r2, [r0, #10]
10005b94:	b29b      	uxth	r3, r3
10005b96:	b292      	uxth	r2, r2
10005b98:	8880      	ldrh	r0, [r0, #4]
10005b9a:	4293      	cmp	r3, r2
10005b9c:	bf36      	itet	cc
10005b9e:	ebc2 0240 	rsbcc	r2, r2, r0, lsl #1
10005ba2:	1a9b      	subcs	r3, r3, r2
10005ba4:	189b      	addcc	r3, r3, r2
10005ba6:	b29b      	uxth	r3, r3
10005ba8:	4298      	cmp	r0, r3
10005baa:	bf28      	it	cs
10005bac:	4618      	movcs	r0, r3
10005bae:	4770      	bx	lr

10005bb0 <tu_fifo_empty>:
10005bb0:	8902      	ldrh	r2, [r0, #8]
10005bb2:	8943      	ldrh	r3, [r0, #10]
10005bb4:	b290      	uxth	r0, r2
10005bb6:	b29b      	uxth	r3, r3
10005bb8:	1ac0      	subs	r0, r0, r3
10005bba:	fab0 f080 	clz	r0, r0
10005bbe:	0940      	lsrs	r0, r0, #5
10005bc0:	4770      	bx	lr
10005bc2:	bf00      	nop

10005bc4 <tu_fifo_remaining>:
10005bc4:	8903      	ldrh	r3, [r0, #8]
10005bc6:	8942      	ldrh	r2, [r0, #10]
10005bc8:	b29b      	uxth	r3, r3
10005bca:	8880      	ldrh	r0, [r0, #4]
10005bcc:	b292      	uxth	r2, r2
10005bce:	4293      	cmp	r3, r2
10005bd0:	bf36      	itet	cc
10005bd2:	ebc2 0240 	rsbcc	r2, r2, r0, lsl #1
10005bd6:	1a9b      	subcs	r3, r3, r2
10005bd8:	189b      	addcc	r3, r3, r2
10005bda:	b29b      	uxth	r3, r3
10005bdc:	4298      	cmp	r0, r3
10005bde:	bf86      	itte	hi
10005be0:	1ac0      	subhi	r0, r0, r3
10005be2:	b280      	uxthhi	r0, r0
10005be4:	2000      	movls	r0, #0
10005be6:	4770      	bx	lr

10005be8 <tu_fifo_read>:
10005be8:	b538      	push	{r3, r4, r5, lr}
10005bea:	4604      	mov	r4, r0
10005bec:	6900      	ldr	r0, [r0, #16]
10005bee:	460d      	mov	r5, r1
10005bf0:	b118      	cbz	r0, 10005bfa <tu_fifo_read+0x12>
10005bf2:	f04f 31ff 	mov.w	r1, #4294967295	@ 0xffffffff
10005bf6:	f001 f8b3 	bl	10006d60 <__mutex_enter_timeout_ms_veneer>
10005bfa:	8921      	ldrh	r1, [r4, #8]
10005bfc:	8963      	ldrh	r3, [r4, #10]
10005bfe:	b289      	uxth	r1, r1
10005c00:	b29b      	uxth	r3, r3
10005c02:	88a2      	ldrh	r2, [r4, #4]
10005c04:	4299      	cmp	r1, r3
10005c06:	bf36      	itet	cc
10005c08:	ebc3 0042 	rsbcc	r0, r3, r2, lsl #1
10005c0c:	1ac8      	subcs	r0, r1, r3
10005c0e:	1840      	addcc	r0, r0, r1
10005c10:	b280      	uxth	r0, r0
10005c12:	b348      	cbz	r0, 10005c68 <tu_fifo_read+0x80>
10005c14:	4282      	cmp	r2, r0
10005c16:	d209      	bcs.n	10005c2c <tu_fifo_read+0x44>
10005c18:	4291      	cmp	r1, r2
10005c1a:	bf2c      	ite	cs
10005c1c:	1a89      	subcs	r1, r1, r2
10005c1e:	1889      	addcc	r1, r1, r2
10005c20:	b28b      	uxth	r3, r1
10005c22:	429a      	cmp	r2, r3
10005c24:	8163      	strh	r3, [r4, #10]
10005c26:	d803      	bhi.n	10005c30 <tu_fifo_read+0x48>
10005c28:	1a9b      	subs	r3, r3, r2
10005c2a:	b29b      	uxth	r3, r3
10005c2c:	429a      	cmp	r2, r3
10005c2e:	d9fb      	bls.n	10005c28 <tu_fifo_read+0x40>
10005c30:	88e2      	ldrh	r2, [r4, #6]
10005c32:	6821      	ldr	r1, [r4, #0]
10005c34:	f3c2 020e 	ubfx	r2, r2, #0, #15
10005c38:	fb02 1103 	mla	r1, r2, r3, r1
10005c3c:	4628      	mov	r0, r5
10005c3e:	f000 fd77 	bl	10006730 <memcpy>
10005c42:	8961      	ldrh	r1, [r4, #10]
10005c44:	2501      	movs	r5, #1
10005c46:	b289      	uxth	r1, r1
10005c48:	1c4b      	adds	r3, r1, #1
10005c4a:	b29b      	uxth	r3, r3
10005c4c:	4299      	cmp	r1, r3
10005c4e:	88a2      	ldrh	r2, [r4, #4]
10005c50:	d90d      	bls.n	10005c6e <tu_fifo_read+0x86>
10005c52:	fa02 f105 	lsl.w	r1, r2, r5
10005c56:	1a5b      	subs	r3, r3, r1
10005c58:	b29b      	uxth	r3, r3
10005c5a:	6920      	ldr	r0, [r4, #16]
10005c5c:	8163      	strh	r3, [r4, #10]
10005c5e:	b108      	cbz	r0, 10005c64 <tu_fifo_read+0x7c>
10005c60:	f001 f892 	bl	10006d88 <__mutex_exit_veneer>
10005c64:	4628      	mov	r0, r5
10005c66:	bd38      	pop	{r3, r4, r5, pc}
10005c68:	4605      	mov	r5, r0
10005c6a:	8963      	ldrh	r3, [r4, #10]
10005c6c:	b29b      	uxth	r3, r3
10005c6e:	ebb3 0f42 	cmp.w	r3, r2, lsl #1
10005c72:	ea4f 0142 	mov.w	r1, r2, lsl #1
10005c76:	dbf0      	blt.n	10005c5a <tu_fifo_read+0x72>
10005c78:	e7ed      	b.n	10005c56 <tu_fifo_read+0x6e>
10005c7a:	bf00      	nop

10005c7c <tu_fifo_read_n>:
10005c7c:	e92d 47f0 	stmdb	sp!, {r4, r5, r6, r7, r8, r9, sl, lr}
10005c80:	4606      	mov	r6, r0
10005c82:	6900      	ldr	r0, [r0, #16]
10005c84:	4688      	mov	r8, r1
10005c86:	4691      	mov	r9, r2
10005c88:	b118      	cbz	r0, 10005c92 <tu_fifo_read_n+0x16>
10005c8a:	f04f 31ff 	mov.w	r1, #4294967295	@ 0xffffffff
10005c8e:	f001 f867 	bl	10006d60 <__mutex_enter_timeout_ms_veneer>
10005c92:	8933      	ldrh	r3, [r6, #8]
10005c94:	8974      	ldrh	r4, [r6, #10]
10005c96:	b29b      	uxth	r3, r3
10005c98:	b2a4      	uxth	r4, r4
10005c9a:	88b5      	ldrh	r5, [r6, #4]
10005c9c:	42a3      	cmp	r3, r4
10005c9e:	bf36      	itet	cc
10005ca0:	ebc4 0745 	rsbcc	r7, r4, r5, lsl #1
10005ca4:	1b1f      	subcs	r7, r3, r4
10005ca6:	18ff      	addcc	r7, r7, r3
10005ca8:	b2bf      	uxth	r7, r7
10005caa:	2f00      	cmp	r7, #0
10005cac:	d04a      	beq.n	10005d44 <tu_fifo_read_n+0xc8>
10005cae:	42bd      	cmp	r5, r7
10005cb0:	d340      	bcc.n	10005d34 <tu_fifo_read_n+0xb8>
10005cb2:	45b9      	cmp	r9, r7
10005cb4:	bf28      	it	cs
10005cb6:	46b9      	movcs	r9, r7
10005cb8:	42a5      	cmp	r5, r4
10005cba:	fa1f f789 	uxth.w	r7, r9
10005cbe:	d803      	bhi.n	10005cc8 <tu_fifo_read_n+0x4c>
10005cc0:	1b64      	subs	r4, r4, r5
10005cc2:	b2a4      	uxth	r4, r4
10005cc4:	42a5      	cmp	r5, r4
10005cc6:	d9fb      	bls.n	10005cc0 <tu_fifo_read_n+0x44>
10005cc8:	f8b6 a006 	ldrh.w	sl, [r6, #6]
10005ccc:	1b2b      	subs	r3, r5, r4
10005cce:	6831      	ldr	r1, [r6, #0]
10005cd0:	b29b      	uxth	r3, r3
10005cd2:	f3ca 020e 	ubfx	r2, sl, #0, #15
10005cd6:	429f      	cmp	r7, r3
10005cd8:	4692      	mov	sl, r2
10005cda:	fb02 1104 	mla	r1, r2, r4, r1
10005cde:	d923      	bls.n	10005d28 <tu_fifo_read_n+0xac>
10005ce0:	fb13 f302 	smulbb	r3, r3, r2
10005ce4:	fa1f f983 	uxth.w	r9, r3
10005ce8:	464a      	mov	r2, r9
10005cea:	4640      	mov	r0, r8
10005cec:	1b7d      	subs	r5, r7, r5
10005cee:	f000 fd1f 	bl	10006730 <memcpy>
10005cf2:	1962      	adds	r2, r4, r5
10005cf4:	fb12 f20a 	smulbb	r2, r2, sl
10005cf8:	6831      	ldr	r1, [r6, #0]
10005cfa:	eb08 0009 	add.w	r0, r8, r9
10005cfe:	b292      	uxth	r2, r2
10005d00:	f000 fd16 	bl	10006730 <memcpy>
10005d04:	8972      	ldrh	r2, [r6, #10]
10005d06:	88b5      	ldrh	r5, [r6, #4]
10005d08:	b292      	uxth	r2, r2
10005d0a:	19d3      	adds	r3, r2, r7
10005d0c:	b29b      	uxth	r3, r3
10005d0e:	429a      	cmp	r2, r3
10005d10:	d91a      	bls.n	10005d48 <tu_fifo_read_n+0xcc>
10005d12:	006a      	lsls	r2, r5, #1
10005d14:	1a9b      	subs	r3, r3, r2
10005d16:	b29b      	uxth	r3, r3
10005d18:	6930      	ldr	r0, [r6, #16]
10005d1a:	8173      	strh	r3, [r6, #10]
10005d1c:	b108      	cbz	r0, 10005d22 <tu_fifo_read_n+0xa6>
10005d1e:	f001 f833 	bl	10006d88 <__mutex_exit_veneer>
10005d22:	4638      	mov	r0, r7
10005d24:	e8bd 87f0 	ldmia.w	sp!, {r4, r5, r6, r7, r8, r9, sl, pc}
10005d28:	4640      	mov	r0, r8
10005d2a:	fb07 f202 	mul.w	r2, r7, r2
10005d2e:	f000 fcff 	bl	10006730 <memcpy>
10005d32:	e7e7      	b.n	10005d04 <tu_fifo_read_n+0x88>
10005d34:	42ab      	cmp	r3, r5
10005d36:	bf2c      	ite	cs
10005d38:	1b5b      	subcs	r3, r3, r5
10005d3a:	195b      	addcc	r3, r3, r5
10005d3c:	b29c      	uxth	r4, r3
10005d3e:	462f      	mov	r7, r5
10005d40:	8174      	strh	r4, [r6, #10]
10005d42:	e7b6      	b.n	10005cb2 <tu_fifo_read_n+0x36>
10005d44:	8973      	ldrh	r3, [r6, #10]
10005d46:	b29b      	uxth	r3, r3
10005d48:	ebb3 0f45 	cmp.w	r3, r5, lsl #1
10005d4c:	ea4f 0245 	mov.w	r2, r5, lsl #1
10005d50:	dbe2      	blt.n	10005d18 <tu_fifo_read_n+0x9c>
10005d52:	e7df      	b.n	10005d14 <tu_fifo_read_n+0x98>

10005d54 <tu_fifo_write>:
10005d54:	b5f8      	push	{r3, r4, r5, r6, r7, lr}
10005d56:	4604      	mov	r4, r0
10005d58:	68c0      	ldr	r0, [r0, #12]
10005d5a:	460e      	mov	r6, r1
10005d5c:	b118      	cbz	r0, 10005d66 <tu_fifo_write+0x12>
10005d5e:	f04f 31ff 	mov.w	r1, #4294967295	@ 0xffffffff
10005d62:	f000 fffd 	bl	10006d60 <__mutex_enter_timeout_ms_veneer>
10005d66:	8925      	ldrh	r5, [r4, #8]
10005d68:	8923      	ldrh	r3, [r4, #8]
10005d6a:	8961      	ldrh	r1, [r4, #10]
10005d6c:	b29b      	uxth	r3, r3
10005d6e:	b289      	uxth	r1, r1
10005d70:	88a2      	ldrh	r2, [r4, #4]
10005d72:	428b      	cmp	r3, r1
10005d74:	bf36      	itet	cc
10005d76:	ebc1 0142 	rsbcc	r1, r1, r2, lsl #1
10005d7a:	1a5b      	subcs	r3, r3, r1
10005d7c:	185b      	addcc	r3, r3, r1
10005d7e:	b29b      	uxth	r3, r3
10005d80:	429a      	cmp	r2, r3
10005d82:	b2ad      	uxth	r5, r5
10005d84:	d808      	bhi.n	10005d98 <tu_fifo_write+0x44>
10005d86:	79e7      	ldrb	r7, [r4, #7]
10005d88:	09ff      	lsrs	r7, r7, #7
10005d8a:	d105      	bne.n	10005d98 <tu_fifo_write+0x44>
10005d8c:	68e0      	ldr	r0, [r4, #12]
10005d8e:	b108      	cbz	r0, 10005d94 <tu_fifo_write+0x40>
10005d90:	f000 fffa 	bl	10006d88 <__mutex_exit_veneer>
10005d94:	4638      	mov	r0, r7
10005d96:	bdf8      	pop	{r3, r4, r5, r6, r7, pc}
10005d98:	4295      	cmp	r5, r2
10005d9a:	462b      	mov	r3, r5
10005d9c:	d303      	bcc.n	10005da6 <tu_fifo_write+0x52>
10005d9e:	1a9b      	subs	r3, r3, r2
10005da0:	b29b      	uxth	r3, r3
10005da2:	4293      	cmp	r3, r2
10005da4:	d2fb      	bcs.n	10005d9e <tu_fifo_write+0x4a>
10005da6:	88e2      	ldrh	r2, [r4, #6]
10005da8:	6820      	ldr	r0, [r4, #0]
10005daa:	f3c2 020e 	ubfx	r2, r2, #0, #15
10005dae:	fb02 0003 	mla	r0, r2, r3, r0
10005db2:	4631      	mov	r1, r6
10005db4:	f000 fcbc 	bl	10006730 <memcpy>
10005db8:	1c6b      	adds	r3, r5, #1
10005dba:	88a2      	ldrh	r2, [r4, #4]
10005dbc:	b29b      	uxth	r3, r3
10005dbe:	429d      	cmp	r5, r3
10005dc0:	ea4f 0142 	mov.w	r1, r2, lsl #1
10005dc4:	d904      	bls.n	10005dd0 <tu_fifo_write+0x7c>
10005dc6:	1a5b      	subs	r3, r3, r1
10005dc8:	b29b      	uxth	r3, r3
10005dca:	2701      	movs	r7, #1
10005dcc:	8123      	strh	r3, [r4, #8]
10005dce:	e7dd      	b.n	10005d8c <tu_fifo_write+0x38>
10005dd0:	ebb3 0f42 	cmp.w	r3, r2, lsl #1
10005dd4:	dbf9      	blt.n	10005dca <tu_fifo_write+0x76>
10005dd6:	e7f6      	b.n	10005dc6 <tu_fifo_write+0x72>

10005dd8 <tu_fifo_write_n>:
10005dd8:	e92d 4ff0 	stmdb	sp!, {r4, r5, r6, r7, r8, r9, sl, fp, lr}
10005ddc:	4614      	mov	r4, r2
10005dde:	b083      	sub	sp, #12
10005de0:	2a00      	cmp	r2, #0
10005de2:	d068      	beq.n	10005eb6 <tu_fifo_write_n+0xde>
10005de4:	4606      	mov	r6, r0
10005de6:	68c0      	ldr	r0, [r0, #12]
10005de8:	4689      	mov	r9, r1
10005dea:	b118      	cbz	r0, 10005df4 <tu_fifo_write_n+0x1c>
10005dec:	f04f 31ff 	mov.w	r1, #4294967295	@ 0xffffffff
10005df0:	f000 ffb6 	bl	10006d60 <__mutex_enter_timeout_ms_veneer>
10005df4:	79f2      	ldrb	r2, [r6, #7]
10005df6:	8937      	ldrh	r7, [r6, #8]
10005df8:	8973      	ldrh	r3, [r6, #10]
10005dfa:	09d2      	lsrs	r2, r2, #7
10005dfc:	b2bf      	uxth	r7, r7
10005dfe:	b29b      	uxth	r3, r3
10005e00:	d13b      	bne.n	10005e7a <tu_fifo_write_n+0xa2>
10005e02:	88b1      	ldrh	r1, [r6, #4]
10005e04:	429f      	cmp	r7, r3
10005e06:	bf36      	itet	cc
10005e08:	ebc3 0341 	rsbcc	r3, r3, r1, lsl #1
10005e0c:	1afb      	subcs	r3, r7, r3
10005e0e:	19db      	addcc	r3, r3, r7
10005e10:	b29b      	uxth	r3, r3
10005e12:	4299      	cmp	r1, r3
10005e14:	d954      	bls.n	10005ec0 <tu_fifo_write_n+0xe8>
10005e16:	1acb      	subs	r3, r1, r3
10005e18:	b29b      	uxth	r3, r3
10005e1a:	42a3      	cmp	r3, r4
10005e1c:	bf28      	it	cs
10005e1e:	4623      	movcs	r3, r4
10005e20:	f8b6 b006 	ldrh.w	fp, [r6, #6]
10005e24:	eb07 0a03 	add.w	sl, r7, r3
10005e28:	4698      	mov	r8, r3
10005e2a:	1a5b      	subs	r3, r3, r1
10005e2c:	f3cb 0b0e 	ubfx	fp, fp, #0, #15
10005e30:	fa1f fa8a 	uxth.w	sl, sl
10005e34:	b29b      	uxth	r3, r3
10005e36:	428f      	cmp	r7, r1
10005e38:	463c      	mov	r4, r7
10005e3a:	d303      	bcc.n	10005e44 <tu_fifo_write_n+0x6c>
10005e3c:	1a64      	subs	r4, r4, r1
10005e3e:	b2a4      	uxth	r4, r4
10005e40:	428c      	cmp	r4, r1
10005e42:	d2fb      	bcs.n	10005e3c <tu_fifo_write_n+0x64>
10005e44:	1b09      	subs	r1, r1, r4
10005e46:	6830      	ldr	r0, [r6, #0]
10005e48:	b289      	uxth	r1, r1
10005e4a:	4541      	cmp	r1, r8
10005e4c:	fb0b 0004 	mla	r0, fp, r4, r0
10005e50:	d354      	bcc.n	10005efc <tu_fifo_write_n+0x124>
10005e52:	4649      	mov	r1, r9
10005e54:	fb0b f208 	mul.w	r2, fp, r8
10005e58:	f000 fc6a 	bl	10006730 <memcpy>
10005e5c:	88b2      	ldrh	r2, [r6, #4]
10005e5e:	4557      	cmp	r7, sl
10005e60:	ea4f 0342 	mov.w	r3, r2, lsl #1
10005e64:	d802      	bhi.n	10005e6c <tu_fifo_write_n+0x94>
10005e66:	ebba 0f42 	cmp.w	sl, r2, lsl #1
10005e6a:	db03      	blt.n	10005e74 <tu_fifo_write_n+0x9c>
10005e6c:	ebaa 0303 	sub.w	r3, sl, r3
10005e70:	fa1f fa83 	uxth.w	sl, r3
10005e74:	f8a6 a008 	strh.w	sl, [r6, #8]
10005e78:	e024      	b.n	10005ec4 <tu_fifo_write_n+0xec>
10005e7a:	f8b6 8004 	ldrh.w	r8, [r6, #4]
10005e7e:	4544      	cmp	r4, r8
10005e80:	d229      	bcs.n	10005ed6 <tu_fifo_write_n+0xfe>
10005e82:	429f      	cmp	r7, r3
10005e84:	bf36      	itet	cc
10005e86:	ebc3 0248 	rsbcc	r2, r3, r8, lsl #1
10005e8a:	1afa      	subcs	r2, r7, r3
10005e8c:	19d2      	addcc	r2, r2, r7
10005e8e:	b292      	uxth	r2, r2
10005e90:	ea4f 0148 	mov.w	r1, r8, lsl #1
10005e94:	4422      	add	r2, r4
10005e96:	428a      	cmp	r2, r1
10005e98:	da43      	bge.n	10005f22 <tu_fifo_write_n+0x14a>
10005e9a:	f8b6 b006 	ldrh.w	fp, [r6, #6]
10005e9e:	eba4 0308 	sub.w	r3, r4, r8
10005ea2:	eb04 0a07 	add.w	sl, r4, r7
10005ea6:	4641      	mov	r1, r8
10005ea8:	f3cb 0b0e 	ubfx	fp, fp, #0, #15
10005eac:	46a0      	mov	r8, r4
10005eae:	b29b      	uxth	r3, r3
10005eb0:	fa1f fa8a 	uxth.w	sl, sl
10005eb4:	e7bf      	b.n	10005e36 <tu_fifo_write_n+0x5e>
10005eb6:	4690      	mov	r8, r2
10005eb8:	4640      	mov	r0, r8
10005eba:	b003      	add	sp, #12
10005ebc:	e8bd 8ff0 	ldmia.w	sp!, {r4, r5, r6, r7, r8, r9, sl, fp, pc}
10005ec0:	f04f 0800 	mov.w	r8, #0
10005ec4:	68f0      	ldr	r0, [r6, #12]
10005ec6:	2800      	cmp	r0, #0
10005ec8:	d0f6      	beq.n	10005eb8 <tu_fifo_write_n+0xe0>
10005eca:	f000 ff5d 	bl	10006d88 <__mutex_exit_veneer>
10005ece:	4640      	mov	r0, r8
10005ed0:	b003      	add	sp, #12
10005ed2:	e8bd 8ff0 	ldmia.w	sp!, {r4, r5, r6, r7, r8, r9, sl, fp, pc}
10005ed6:	f1b8 0f00 	cmp.w	r8, #0
10005eda:	d0f3      	beq.n	10005ec4 <tu_fifo_write_n+0xec>
10005edc:	f8b6 b006 	ldrh.w	fp, [r6, #6]
10005ee0:	eb03 0a08 	add.w	sl, r3, r8
10005ee4:	eba4 0408 	sub.w	r4, r4, r8
10005ee8:	f3cb 0b0e 	ubfx	fp, fp, #0, #15
10005eec:	461f      	mov	r7, r3
10005eee:	4641      	mov	r1, r8
10005ef0:	2300      	movs	r3, #0
10005ef2:	fb0b 9904 	mla	r9, fp, r4, r9
10005ef6:	fa1f fa8a 	uxth.w	sl, sl
10005efa:	e79c      	b.n	10005e36 <tu_fifo_write_n+0x5e>
10005efc:	fb11 f10b 	smulbb	r1, r1, fp
10005f00:	b28d      	uxth	r5, r1
10005f02:	462a      	mov	r2, r5
10005f04:	4649      	mov	r1, r9
10005f06:	9301      	str	r3, [sp, #4]
10005f08:	f000 fc12 	bl	10006730 <memcpy>
10005f0c:	9b01      	ldr	r3, [sp, #4]
10005f0e:	6830      	ldr	r0, [r6, #0]
10005f10:	441c      	add	r4, r3
10005f12:	fb14 f40b 	smulbb	r4, r4, fp
10005f16:	eb09 0105 	add.w	r1, r9, r5
10005f1a:	b2a2      	uxth	r2, r4
10005f1c:	f000 fc08 	bl	10006730 <memcpy>
10005f20:	e79c      	b.n	10005e5c <tu_fifo_write_n+0x84>
10005f22:	eb03 0a08 	add.w	sl, r3, r8
10005f26:	fa1f fa8a 	uxth.w	sl, sl
10005f2a:	ebaa 0704 	sub.w	r7, sl, r4
10005f2e:	b2bf      	uxth	r7, r7
10005f30:	42bb      	cmp	r3, r7
10005f32:	d80b      	bhi.n	10005f4c <tu_fifo_write_n+0x174>
10005f34:	42b9      	cmp	r1, r7
10005f36:	dd09      	ble.n	10005f4c <tu_fifo_write_n+0x174>
10005f38:	f8b6 b006 	ldrh.w	fp, [r6, #6]
10005f3c:	eba4 0308 	sub.w	r3, r4, r8
10005f40:	4641      	mov	r1, r8
10005f42:	f3cb 0b0e 	ubfx	fp, fp, #0, #15
10005f46:	46a0      	mov	r8, r4
10005f48:	b29b      	uxth	r3, r3
10005f4a:	e774      	b.n	10005e36 <tu_fifo_write_n+0x5e>
10005f4c:	1a79      	subs	r1, r7, r1
10005f4e:	b28f      	uxth	r7, r1
10005f50:	f8b6 b006 	ldrh.w	fp, [r6, #6]
10005f54:	eba4 0308 	sub.w	r3, r4, r8
10005f58:	4641      	mov	r1, r8
10005f5a:	46a0      	mov	r8, r4
10005f5c:	443c      	add	r4, r7
10005f5e:	b29b      	uxth	r3, r3
10005f60:	fa1f fa84 	uxth.w	sl, r4
10005f64:	f3cb 0b0e 	ubfx	fp, fp, #0, #15
10005f68:	e765      	b.n	10005e36 <tu_fifo_write_n+0x5e>
10005f6a:	bf00      	nop

10005f6c <tu_fifo_clear>:
10005f6c:	b510      	push	{r4, lr}
10005f6e:	4604      	mov	r4, r0
10005f70:	68c0      	ldr	r0, [r0, #12]
10005f72:	b118      	cbz	r0, 10005f7c <tu_fifo_clear+0x10>
10005f74:	f04f 31ff 	mov.w	r1, #4294967295	@ 0xffffffff
10005f78:	f000 fef2 	bl	10006d60 <__mutex_enter_timeout_ms_veneer>
10005f7c:	6920      	ldr	r0, [r4, #16]
10005f7e:	b118      	cbz	r0, 10005f88 <tu_fifo_clear+0x1c>
10005f80:	f04f 31ff 	mov.w	r1, #4294967295	@ 0xffffffff
10005f84:	f000 feec 	bl	10006d60 <__mutex_enter_timeout_ms_veneer>
10005f88:	2300      	movs	r3, #0
10005f8a:	68e0      	ldr	r0, [r4, #12]
10005f8c:	8163      	strh	r3, [r4, #10]
10005f8e:	8123      	strh	r3, [r4, #8]
10005f90:	b108      	cbz	r0, 10005f96 <tu_fifo_clear+0x2a>
10005f92:	f000 fef9 	bl	10006d88 <__mutex_exit_veneer>
10005f96:	6920      	ldr	r0, [r4, #16]
10005f98:	b108      	cbz	r0, 10005f9e <tu_fifo_clear+0x32>
10005f9a:	f000 fef5 	bl	10006d88 <__mutex_exit_veneer>
10005f9e:	2001      	movs	r0, #1
10005fa0:	bd10      	pop	{r4, pc}
10005fa2:	bf00      	nop

10005fa4 <tu_fifo_set_overwritable>:
10005fa4:	b538      	push	{r3, r4, r5, lr}
10005fa6:	4604      	mov	r4, r0
10005fa8:	68c0      	ldr	r0, [r0, #12]
10005faa:	460d      	mov	r5, r1
10005fac:	b118      	cbz	r0, 10005fb6 <tu_fifo_set_overwritable+0x12>
10005fae:	f04f 31ff 	mov.w	r1, #4294967295	@ 0xffffffff
10005fb2:	f000 fed5 	bl	10006d60 <__mutex_enter_timeout_ms_veneer>
10005fb6:	6920      	ldr	r0, [r4, #16]
10005fb8:	b118      	cbz	r0, 10005fc2 <tu_fifo_set_overwritable+0x1e>
10005fba:	f04f 31ff 	mov.w	r1, #4294967295	@ 0xffffffff
10005fbe:	f000 fecf 	bl	10006d60 <__mutex_enter_timeout_ms_veneer>
10005fc2:	79e3      	ldrb	r3, [r4, #7]
10005fc4:	68e0      	ldr	r0, [r4, #12]
10005fc6:	f365 13c7 	bfi	r3, r5, #7, #1
10005fca:	71e3      	strb	r3, [r4, #7]
10005fcc:	b108      	cbz	r0, 10005fd2 <tu_fifo_set_overwritable+0x2e>
10005fce:	f000 fedb 	bl	10006d88 <__mutex_exit_veneer>
10005fd2:	6920      	ldr	r0, [r4, #16]
10005fd4:	b108      	cbz	r0, 10005fda <tu_fifo_set_overwritable+0x36>
10005fd6:	f000 fed7 	bl	10006d88 <__mutex_exit_veneer>
10005fda:	2001      	movs	r0, #1
10005fdc:	bd38      	pop	{r3, r4, r5, pc}
10005fde:	bf00      	nop

10005fe0 <pio_add_program>:
10005fe0:	e92d 47f0 	stmdb	sp!, {r4, r5, r6, r7, r8, r9, sl, lr}
10005fe4:	4689      	mov	r9, r1
10005fe6:	4605      	mov	r5, r0
10005fe8:	f7fa fbf4 	bl	100007d4 <hw_claim_lock>
10005fec:	2301      	movs	r3, #1
10005fee:	f899 2004 	ldrb.w	r2, [r9, #4]
10005ff2:	f999 c005 	ldrsb.w	ip, [r9, #5]
10005ff6:	f105 4e2f 	add.w	lr, r5, #2936012800	@ 0xaf000000
10005ffa:	f8df 80d8 	ldr.w	r8, [pc, #216]	@ 100060d4 <pio_add_program+0xf4>
10005ffe:	f50e 0e60 	add.w	lr, lr, #14680064	@ 0xe00000
10006002:	4093      	lsls	r3, r2
10006004:	ea4f 5e1e 	mov.w	lr, lr, lsr #20
10006008:	f1bc 0f00 	cmp.w	ip, #0
1000600c:	f858 702e 	ldr.w	r7, [r8, lr, lsl #2]
10006010:	f103 33ff 	add.w	r3, r3, #4294967295	@ 0xffffffff
10006014:	db46      	blt.n	100060a4 <pio_add_program+0xc4>
10006016:	f1c2 0120 	rsb	r1, r2, #32
1000601a:	458c      	cmp	ip, r1
1000601c:	4664      	mov	r4, ip
1000601e:	dc31      	bgt.n	10006084 <pio_add_program+0xa4>
10006020:	fa03 f10c 	lsl.w	r1, r3, ip
10006024:	4239      	tst	r1, r7
10006026:	d12d      	bne.n	10006084 <pio_add_program+0xa4>
10006028:	4666      	mov	r6, ip
1000602a:	f8d5 a168 	ldr.w	sl, [r5, #360]	@ 0x168
1000602e:	f899 1007 	ldrb.w	r1, [r9, #7]
10006032:	f1ba 0f00 	cmp.w	sl, #0
10006036:	d02c      	beq.n	10006092 <pio_add_program+0xb2>
10006038:	07c9      	lsls	r1, r1, #31
1000603a:	d42c      	bmi.n	10006096 <pio_add_program+0xb6>
1000603c:	f1bc 0f00 	cmp.w	ip, #0
10006040:	db01      	blt.n	10006046 <pio_add_program+0x66>
10006042:	4566      	cmp	r6, ip
10006044:	d127      	bne.n	10006096 <pio_add_program+0xb6>
10006046:	40b3      	lsls	r3, r6
10006048:	421f      	tst	r7, r3
1000604a:	d13c      	bne.n	100060c6 <pio_add_program+0xe6>
1000604c:	f8d9 1000 	ldr.w	r1, [r9]
10006050:	b182      	cbz	r2, 10006074 <pio_add_program+0x94>
10006052:	46b4      	mov	ip, r6
10006054:	eb01 0942 	add.w	r9, r1, r2, lsl #1
10006058:	f831 2b02 	ldrh.w	r2, [r1], #2
1000605c:	f10c 0a12 	add.w	sl, ip, #18
10006060:	f5b2 5f00 	cmp.w	r2, #8192	@ 0x2000
10006064:	bf38      	it	cc
10006066:	1992      	addcc	r2, r2, r6
10006068:	4589      	cmp	r9, r1
1000606a:	f10c 0c01 	add.w	ip, ip, #1
1000606e:	f845 202a 	str.w	r2, [r5, sl, lsl #2]
10006072:	d1f1      	bne.n	10006058 <pio_add_program+0x78>
10006074:	433b      	orrs	r3, r7
10006076:	f848 302e 	str.w	r3, [r8, lr, lsl #2]
1000607a:	f7fa fbbd 	bl	100007f8 <hw_claim_unlock>
1000607e:	4620      	mov	r0, r4
10006080:	e8bd 87f0 	ldmia.w	sp!, {r4, r5, r6, r7, r8, r9, sl, pc}
10006084:	f04f 34ff 	mov.w	r4, #4294967295	@ 0xffffffff
10006088:	f7fa fbb6 	bl	100007f8 <hw_claim_unlock>
1000608c:	4620      	mov	r0, r4
1000608e:	e8bd 87f0 	ldmia.w	sp!, {r4, r5, r6, r7, r8, r9, sl, pc}
10006092:	0749      	lsls	r1, r1, #29
10006094:	d5d2      	bpl.n	1000603c <pio_add_program+0x5c>
10006096:	f06f 040a 	mvn.w	r4, #10
1000609a:	f7fa fbad 	bl	100007f8 <hw_claim_unlock>
1000609e:	4620      	mov	r0, r4
100060a0:	e8bd 87f0 	ldmia.w	sp!, {r4, r5, r6, r7, r8, r9, sl, pc}
100060a4:	f1d2 0420 	rsbs	r4, r2, #32
100060a8:	d40d      	bmi.n	100060c6 <pio_add_program+0xe6>
100060aa:	fa03 f104 	lsl.w	r1, r3, r4
100060ae:	4239      	tst	r1, r7
100060b0:	4626      	mov	r6, r4
100060b2:	d103      	bne.n	100060bc <pio_add_program+0xdc>
100060b4:	e7b9      	b.n	1000602a <pio_add_program+0x4a>
100060b6:	4239      	tst	r1, r7
100060b8:	4626      	mov	r6, r4
100060ba:	d0b6      	beq.n	1000602a <pio_add_program+0x4a>
100060bc:	3c01      	subs	r4, #1
100060be:	1c66      	adds	r6, r4, #1
100060c0:	fa03 f104 	lsl.w	r1, r3, r4
100060c4:	d1f7      	bne.n	100060b6 <pio_add_program+0xd6>
100060c6:	f06f 0408 	mvn.w	r4, #8
100060ca:	f7fa fb95 	bl	100007f8 <hw_claim_unlock>
100060ce:	4620      	mov	r0, r4
100060d0:	e8bd 87f0 	ldmia.w	sp!, {r4, r5, r6, r7, r8, r9, sl, pc}
100060d4:	20002414 	.word	0x20002414

100060d8 <pio_remove_program>:
100060d8:	b538      	push	{r3, r4, r5, lr}
100060da:	2501      	movs	r5, #1
100060dc:	4604      	mov	r4, r0
100060de:	790b      	ldrb	r3, [r1, #4]
100060e0:	409d      	lsls	r5, r3
100060e2:	3d01      	subs	r5, #1
100060e4:	4095      	lsls	r5, r2
100060e6:	f7fa fb75 	bl	100007d4 <hw_claim_lock>
100060ea:	f104 432f 	add.w	r3, r4, #2936012800	@ 0xaf000000
100060ee:	4907      	ldr	r1, [pc, #28]	@ (1000610c <pio_remove_program+0x34>)
100060f0:	f503 0360 	add.w	r3, r3, #14680064	@ 0xe00000
100060f4:	0d1b      	lsrs	r3, r3, #20
100060f6:	f851 2023 	ldr.w	r2, [r1, r3, lsl #2]
100060fa:	ea22 0205 	bic.w	r2, r2, r5
100060fe:	f841 2023 	str.w	r2, [r1, r3, lsl #2]
10006102:	e8bd 4038 	ldmia.w	sp!, {r3, r4, r5, lr}
10006106:	f7fa bb77 	b.w	100007f8 <hw_claim_unlock>
1000610a:	bf00      	nop
1000610c:	20002414 	.word	0x20002414

10006110 <pio_sm_init>:
10006110:	b5f0      	push	{r4, r5, r6, r7, lr}
10006112:	2501      	movs	r5, #1
10006114:	6804      	ldr	r4, [r0, #0]
10006116:	408d      	lsls	r5, r1
10006118:	ea24 0405 	bic.w	r4, r4, r5
1000611c:	6004      	str	r4, [r0, #0]
1000611e:	b3b3      	cbz	r3, 1000618e <pio_sm_init+0x7e>
10006120:	e9d3 5601 	ldrd	r5, r6, [r3, #4]
10006124:	681f      	ldr	r7, [r3, #0]
10006126:	68dc      	ldr	r4, [r3, #12]
10006128:	eb01 0341 	add.w	r3, r1, r1, lsl #1
1000612c:	eb00 03c3 	add.w	r3, r0, r3, lsl #3
10006130:	f8c3 70c8 	str.w	r7, [r3, #200]	@ 0xc8
10006134:	ea4f 0c41 	mov.w	ip, r1, lsl #1
10006138:	f8c3 60d0 	str.w	r6, [r3, #208]	@ 0xd0
1000613c:	f8c3 50cc 	str.w	r5, [r3, #204]	@ 0xcc
10006140:	f8c3 40dc 	str.w	r4, [r3, #220]	@ 0xdc
10006144:	eb0c 0301 	add.w	r3, ip, r1
10006148:	f04f 3501 	mov.w	r5, #16843009	@ 0x1010101
1000614c:	eb00 0cc3 	add.w	ip, r0, r3, lsl #3
10006150:	f04f 4600 	mov.w	r6, #2147483648	@ 0x80000000
10006154:	eb00 0ec3 	add.w	lr, r0, r3, lsl #3
10006158:	2301      	movs	r3, #1
1000615a:	f50e 5e86 	add.w	lr, lr, #4288	@ 0x10c0
1000615e:	1d0c      	adds	r4, r1, #4
10006160:	f101 0708 	add.w	r7, r1, #8
10006164:	408d      	lsls	r5, r1
10006166:	f8ce 6010 	str.w	r6, [lr, #16]
1000616a:	fa03 f404 	lsl.w	r4, r3, r4
1000616e:	f8ce 6010 	str.w	r6, [lr, #16]
10006172:	f002 021f 	and.w	r2, r2, #31
10006176:	6085      	str	r5, [r0, #8]
10006178:	40bb      	lsls	r3, r7
1000617a:	f500 5000 	add.w	r0, r0, #8192	@ 0x2000
1000617e:	6004      	str	r4, [r0, #0]
10006180:	f10e 0e10 	add.w	lr, lr, #16
10006184:	6003      	str	r3, [r0, #0]
10006186:	2000      	movs	r0, #0
10006188:	f8cc 20d8 	str.w	r2, [ip, #216]	@ 0xd8
1000618c:	bdf0      	pop	{r4, r5, r6, r7, pc}
1000618e:	f44f 3780 	mov.w	r7, #65536	@ 0x10000
10006192:	f44f 2640 	mov.w	r6, #786432	@ 0xc0000
10006196:	f44f 35f8 	mov.w	r5, #126976	@ 0x1f000
1000619a:	eb01 0441 	add.w	r4, r1, r1, lsl #1
1000619e:	eb00 04c4 	add.w	r4, r0, r4, lsl #3
100061a2:	f8c4 70c8 	str.w	r7, [r4, #200]	@ 0xc8
100061a6:	ea4f 0c41 	mov.w	ip, r1, lsl #1
100061aa:	f8c4 60d0 	str.w	r6, [r4, #208]	@ 0xd0
100061ae:	f8c4 50cc 	str.w	r5, [r4, #204]	@ 0xcc
100061b2:	f8c4 30dc 	str.w	r3, [r4, #220]	@ 0xdc
100061b6:	e7c5      	b.n	10006144 <pio_sm_init+0x34>

100061b8 <__errno>:
100061b8:	4b01      	ldr	r3, [pc, #4]	@ (100061c0 <__errno+0x8>)
100061ba:	6818      	ldr	r0, [r3, #0]
100061bc:	4770      	bx	lr
100061be:	bf00      	nop
100061c0:	20001588 	.word	0x20001588

100061c4 <malloc>:
100061c4:	4b02      	ldr	r3, [pc, #8]	@ (100061d0 <malloc+0xc>)
100061c6:	4601      	mov	r1, r0
100061c8:	6818      	ldr	r0, [r3, #0]
100061ca:	f000 b80b 	b.w	100061e4 <_malloc_r>
100061ce:	bf00      	nop
100061d0:	20001588 	.word	0x20001588

100061d4 <free>:
100061d4:	4b02      	ldr	r3, [pc, #8]	@ (100061e0 <free+0xc>)
100061d6:	4601      	mov	r1, r0
100061d8:	6818      	ldr	r0, [r3, #0]
100061da:	f000 bcbd 	b.w	10006b58 <_free_r>
100061de:	bf00      	nop
100061e0:	20001588 	.word	0x20001588

100061e4 <_malloc_r>:
100061e4:	f101 030b 	add.w	r3, r1, #11
100061e8:	2b16      	cmp	r3, #22
100061ea:	e92d 4ff0 	stmdb	sp!, {r4, r5, r6, r7, r8, r9, sl, fp, lr}
100061ee:	4606      	mov	r6, r0
100061f0:	b083      	sub	sp, #12
100061f2:	d824      	bhi.n	1000623e <_malloc_r+0x5a>
100061f4:	2910      	cmp	r1, #16
100061f6:	f200 80b8 	bhi.w	1000636a <_malloc_r+0x186>
100061fa:	f000 fb63 	bl	100068c4 <__malloc_lock>
100061fe:	2410      	movs	r4, #16
10006200:	2218      	movs	r2, #24
10006202:	2002      	movs	r0, #2
10006204:	4dbc      	ldr	r5, [pc, #752]	@ (100064f8 <_malloc_r+0x314>)
10006206:	442a      	add	r2, r5
10006208:	6853      	ldr	r3, [r2, #4]
1000620a:	f1a2 0108 	sub.w	r1, r2, #8
1000620e:	428b      	cmp	r3, r1
10006210:	f000 8114 	beq.w	1000643c <_malloc_r+0x258>
10006214:	685a      	ldr	r2, [r3, #4]
10006216:	4630      	mov	r0, r6
10006218:	f022 0203 	bic.w	r2, r2, #3
1000621c:	e9d3 4102 	ldrd	r4, r1, [r3, #8]
10006220:	441a      	add	r2, r3
10006222:	60e1      	str	r1, [r4, #12]
10006224:	608c      	str	r4, [r1, #8]
10006226:	f103 0408 	add.w	r4, r3, #8
1000622a:	6853      	ldr	r3, [r2, #4]
1000622c:	f043 0301 	orr.w	r3, r3, #1
10006230:	6053      	str	r3, [r2, #4]
10006232:	f000 fb49 	bl	100068c8 <__malloc_unlock>
10006236:	4620      	mov	r0, r4
10006238:	b003      	add	sp, #12
1000623a:	e8bd 8ff0 	ldmia.w	sp!, {r4, r5, r6, r7, r8, r9, sl, fp, pc}
1000623e:	2b00      	cmp	r3, #0
10006240:	f023 0407 	bic.w	r4, r3, #7
10006244:	f2c0 8091 	blt.w	1000636a <_malloc_r+0x186>
10006248:	42a1      	cmp	r1, r4
1000624a:	f200 808e 	bhi.w	1000636a <_malloc_r+0x186>
1000624e:	f000 fb39 	bl	100068c4 <__malloc_lock>
10006252:	f5b4 7ffc 	cmp.w	r4, #504	@ 0x1f8
10006256:	f0c0 8140 	bcc.w	100064da <_malloc_r+0x2f6>
1000625a:	0a63      	lsrs	r3, r4, #9
1000625c:	f000 8089 	beq.w	10006372 <_malloc_r+0x18e>
10006260:	2b04      	cmp	r3, #4
10006262:	f200 8116 	bhi.w	10006492 <_malloc_r+0x2ae>
10006266:	09a3      	lsrs	r3, r4, #6
10006268:	f103 0039 	add.w	r0, r3, #57	@ 0x39
1000626c:	f103 0e38 	add.w	lr, r3, #56	@ 0x38
10006270:	00c3      	lsls	r3, r0, #3
10006272:	4da1      	ldr	r5, [pc, #644]	@ (100064f8 <_malloc_r+0x314>)
10006274:	442b      	add	r3, r5
10006276:	f1a3 0c08 	sub.w	ip, r3, #8
1000627a:	685b      	ldr	r3, [r3, #4]
1000627c:	459c      	cmp	ip, r3
1000627e:	d106      	bne.n	1000628e <_malloc_r+0xaa>
10006280:	e00c      	b.n	1000629c <_malloc_r+0xb8>
10006282:	2900      	cmp	r1, #0
10006284:	f280 80c8 	bge.w	10006418 <_malloc_r+0x234>
10006288:	68db      	ldr	r3, [r3, #12]
1000628a:	459c      	cmp	ip, r3
1000628c:	d006      	beq.n	1000629c <_malloc_r+0xb8>
1000628e:	685a      	ldr	r2, [r3, #4]
10006290:	f022 0203 	bic.w	r2, r2, #3
10006294:	1b11      	subs	r1, r2, r4
10006296:	290f      	cmp	r1, #15
10006298:	ddf3      	ble.n	10006282 <_malloc_r+0x9e>
1000629a:	4670      	mov	r0, lr
1000629c:	f8df e25c 	ldr.w	lr, [pc, #604]	@ 100064fc <_malloc_r+0x318>
100062a0:	692b      	ldr	r3, [r5, #16]
100062a2:	4573      	cmp	r3, lr
100062a4:	f000 80a5 	beq.w	100063f2 <_malloc_r+0x20e>
100062a8:	6859      	ldr	r1, [r3, #4]
100062aa:	f021 0103 	bic.w	r1, r1, #3
100062ae:	1b0a      	subs	r2, r1, r4
100062b0:	2a0f      	cmp	r2, #15
100062b2:	f300 8129 	bgt.w	10006508 <_malloc_r+0x324>
100062b6:	2a00      	cmp	r2, #0
100062b8:	e9c5 ee04 	strd	lr, lr, [r5, #16]
100062bc:	f280 8111 	bge.w	100064e2 <_malloc_r+0x2fe>
100062c0:	f5b1 7f00 	cmp.w	r1, #512	@ 0x200
100062c4:	f080 80c0 	bcs.w	10006448 <_malloc_r+0x264>
100062c8:	ea4f 0cd1 	mov.w	ip, r1, lsr #3
100062cc:	2201      	movs	r2, #1
100062ce:	0949      	lsrs	r1, r1, #5
100062d0:	f10c 0c01 	add.w	ip, ip, #1
100062d4:	408a      	lsls	r2, r1
100062d6:	6869      	ldr	r1, [r5, #4]
100062d8:	f855 703c 	ldr.w	r7, [r5, ip, lsl #3]
100062dc:	430a      	orrs	r2, r1
100062de:	eb05 01cc 	add.w	r1, r5, ip, lsl #3
100062e2:	3908      	subs	r1, #8
100062e4:	606a      	str	r2, [r5, #4]
100062e6:	e9c3 7102 	strd	r7, r1, [r3, #8]
100062ea:	f845 303c 	str.w	r3, [r5, ip, lsl #3]
100062ee:	60fb      	str	r3, [r7, #12]
100062f0:	1083      	asrs	r3, r0, #2
100062f2:	2101      	movs	r1, #1
100062f4:	4099      	lsls	r1, r3
100062f6:	4291      	cmp	r1, r2
100062f8:	d841      	bhi.n	1000637e <_malloc_r+0x19a>
100062fa:	4211      	tst	r1, r2
100062fc:	d105      	bne.n	1000630a <_malloc_r+0x126>
100062fe:	f020 0003 	bic.w	r0, r0, #3
10006302:	0049      	lsls	r1, r1, #1
10006304:	3004      	adds	r0, #4
10006306:	4211      	tst	r1, r2
10006308:	d0fb      	beq.n	10006302 <_malloc_r+0x11e>
1000630a:	eb05 09c0 	add.w	r9, r5, r0, lsl #3
1000630e:	4680      	mov	r8, r0
10006310:	46cc      	mov	ip, r9
10006312:	f8dc 700c 	ldr.w	r7, [ip, #12]
10006316:	45bc      	cmp	ip, r7
10006318:	d107      	bne.n	1000632a <_malloc_r+0x146>
1000631a:	e0c6      	b.n	100064aa <_malloc_r+0x2c6>
1000631c:	2b00      	cmp	r3, #0
1000631e:	f280 80cd 	bge.w	100064bc <_malloc_r+0x2d8>
10006322:	68ff      	ldr	r7, [r7, #12]
10006324:	45bc      	cmp	ip, r7
10006326:	f000 80c0 	beq.w	100064aa <_malloc_r+0x2c6>
1000632a:	687a      	ldr	r2, [r7, #4]
1000632c:	f022 0203 	bic.w	r2, r2, #3
10006330:	1b13      	subs	r3, r2, r4
10006332:	2b0f      	cmp	r3, #15
10006334:	ddf2      	ble.n	1000631c <_malloc_r+0x138>
10006336:	1939      	adds	r1, r7, r4
10006338:	f044 0401 	orr.w	r4, r4, #1
1000633c:	4630      	mov	r0, r6
1000633e:	607c      	str	r4, [r7, #4]
10006340:	f043 0401 	orr.w	r4, r3, #1
10006344:	e9d7 c602 	ldrd	ip, r6, [r7, #8]
10006348:	f8cc 600c 	str.w	r6, [ip, #12]
1000634c:	f8c6 c008 	str.w	ip, [r6, #8]
10006350:	e9c5 1104 	strd	r1, r1, [r5, #16]
10006354:	604c      	str	r4, [r1, #4]
10006356:	f107 0408 	add.w	r4, r7, #8
1000635a:	f8c1 e008 	str.w	lr, [r1, #8]
1000635e:	f8c1 e00c 	str.w	lr, [r1, #12]
10006362:	50bb      	str	r3, [r7, r2]
10006364:	f000 fab0 	bl	100068c8 <__malloc_unlock>
10006368:	e765      	b.n	10006236 <_malloc_r+0x52>
1000636a:	230c      	movs	r3, #12
1000636c:	6033      	str	r3, [r6, #0]
1000636e:	2400      	movs	r4, #0
10006370:	e761      	b.n	10006236 <_malloc_r+0x52>
10006372:	f44f 7300 	mov.w	r3, #512	@ 0x200
10006376:	2040      	movs	r0, #64	@ 0x40
10006378:	f04f 0e3f 	mov.w	lr, #63	@ 0x3f
1000637c:	e779      	b.n	10006272 <_malloc_r+0x8e>
1000637e:	68af      	ldr	r7, [r5, #8]
10006380:	687b      	ldr	r3, [r7, #4]
10006382:	f023 0b03 	bic.w	fp, r3, #3
10006386:	ebab 0204 	sub.w	r2, fp, r4
1000638a:	2a0f      	cmp	r2, #15
1000638c:	dd01      	ble.n	10006392 <_malloc_r+0x1ae>
1000638e:	45a3      	cmp	fp, r4
10006390:	d231      	bcs.n	100063f6 <_malloc_r+0x212>
10006392:	f8df 916c 	ldr.w	r9, [pc, #364]	@ 10006500 <_malloc_r+0x31c>
10006396:	eb07 020b 	add.w	r2, r7, fp
1000639a:	f8d5 1408 	ldr.w	r1, [r5, #1032]	@ 0x408
1000639e:	f8d9 3000 	ldr.w	r3, [r9]
100063a2:	3101      	adds	r1, #1
100063a4:	4423      	add	r3, r4
100063a6:	f000 8155 	beq.w	10006654 <_malloc_r+0x470>
100063aa:	f241 010f 	movw	r1, #4111	@ 0x100f
100063ae:	f8df 8154 	ldr.w	r8, [pc, #340]	@ 10006504 <_malloc_r+0x320>
100063b2:	4419      	add	r1, r3
100063b4:	ea01 0808 	and.w	r8, r1, r8
100063b8:	4641      	mov	r1, r8
100063ba:	4630      	mov	r0, r6
100063bc:	9200      	str	r2, [sp, #0]
100063be:	f000 fa85 	bl	100068cc <_sbrk_r>
100063c2:	f1b0 3fff 	cmp.w	r0, #4294967295	@ 0xffffffff
100063c6:	4682      	mov	sl, r0
100063c8:	9a00      	ldr	r2, [sp, #0]
100063ca:	d005      	beq.n	100063d8 <_malloc_r+0x1f4>
100063cc:	4282      	cmp	r2, r0
100063ce:	f240 80b5 	bls.w	1000653c <_malloc_r+0x358>
100063d2:	42af      	cmp	r7, r5
100063d4:	f000 80f2 	beq.w	100065bc <_malloc_r+0x3d8>
100063d8:	68af      	ldr	r7, [r5, #8]
100063da:	687b      	ldr	r3, [r7, #4]
100063dc:	f023 0303 	bic.w	r3, r3, #3
100063e0:	1b1a      	subs	r2, r3, r4
100063e2:	2a0f      	cmp	r2, #15
100063e4:	dd01      	ble.n	100063ea <_malloc_r+0x206>
100063e6:	42a3      	cmp	r3, r4
100063e8:	d205      	bcs.n	100063f6 <_malloc_r+0x212>
100063ea:	4630      	mov	r0, r6
100063ec:	f000 fa6c 	bl	100068c8 <__malloc_unlock>
100063f0:	e7bd      	b.n	1000636e <_malloc_r+0x18a>
100063f2:	686a      	ldr	r2, [r5, #4]
100063f4:	e77c      	b.n	100062f0 <_malloc_r+0x10c>
100063f6:	1939      	adds	r1, r7, r4
100063f8:	f044 0401 	orr.w	r4, r4, #1
100063fc:	f042 0301 	orr.w	r3, r2, #1
10006400:	4630      	mov	r0, r6
10006402:	607c      	str	r4, [r7, #4]
10006404:	f107 0408 	add.w	r4, r7, #8
10006408:	60a9      	str	r1, [r5, #8]
1000640a:	604b      	str	r3, [r1, #4]
1000640c:	f000 fa5c 	bl	100068c8 <__malloc_unlock>
10006410:	4620      	mov	r0, r4
10006412:	b003      	add	sp, #12
10006414:	e8bd 8ff0 	ldmia.w	sp!, {r4, r5, r6, r7, r8, r9, sl, fp, pc}
10006418:	441a      	add	r2, r3
1000641a:	f103 0408 	add.w	r4, r3, #8
1000641e:	4630      	mov	r0, r6
10006420:	e9d3 5102 	ldrd	r5, r1, [r3, #8]
10006424:	6853      	ldr	r3, [r2, #4]
10006426:	60e9      	str	r1, [r5, #12]
10006428:	f043 0301 	orr.w	r3, r3, #1
1000642c:	608d      	str	r5, [r1, #8]
1000642e:	6053      	str	r3, [r2, #4]
10006430:	f000 fa4a 	bl	100068c8 <__malloc_unlock>
10006434:	4620      	mov	r0, r4
10006436:	b003      	add	sp, #12
10006438:	e8bd 8ff0 	ldmia.w	sp!, {r4, r5, r6, r7, r8, r9, sl, fp, pc}
1000643c:	68d3      	ldr	r3, [r2, #12]
1000643e:	429a      	cmp	r2, r3
10006440:	f47f aee8 	bne.w	10006214 <_malloc_r+0x30>
10006444:	3002      	adds	r0, #2
10006446:	e729      	b.n	1000629c <_malloc_r+0xb8>
10006448:	f5b1 6f20 	cmp.w	r1, #2560	@ 0xa00
1000644c:	ea4f 2251 	mov.w	r2, r1, lsr #9
10006450:	d36e      	bcc.n	10006530 <_malloc_r+0x34c>
10006452:	2a14      	cmp	r2, #20
10006454:	f200 8118 	bhi.w	10006688 <_malloc_r+0x4a4>
10006458:	f102 075c 	add.w	r7, r2, #92	@ 0x5c
1000645c:	325b      	adds	r2, #91	@ 0x5b
1000645e:	00ff      	lsls	r7, r7, #3
10006460:	eb05 0c07 	add.w	ip, r5, r7
10006464:	59ef      	ldr	r7, [r5, r7]
10006466:	f1ac 0c08 	sub.w	ip, ip, #8
1000646a:	45bc      	cmp	ip, r7
1000646c:	d103      	bne.n	10006476 <_malloc_r+0x292>
1000646e:	e0f4      	b.n	1000665a <_malloc_r+0x476>
10006470:	68bf      	ldr	r7, [r7, #8]
10006472:	45bc      	cmp	ip, r7
10006474:	d004      	beq.n	10006480 <_malloc_r+0x29c>
10006476:	687a      	ldr	r2, [r7, #4]
10006478:	f022 0203 	bic.w	r2, r2, #3
1000647c:	428a      	cmp	r2, r1
1000647e:	d8f7      	bhi.n	10006470 <_malloc_r+0x28c>
10006480:	f8d7 c00c 	ldr.w	ip, [r7, #12]
10006484:	686a      	ldr	r2, [r5, #4]
10006486:	e9c3 7c02 	strd	r7, ip, [r3, #8]
1000648a:	f8cc 3008 	str.w	r3, [ip, #8]
1000648e:	60fb      	str	r3, [r7, #12]
10006490:	e72e      	b.n	100062f0 <_malloc_r+0x10c>
10006492:	2b14      	cmp	r3, #20
10006494:	d972      	bls.n	1000657c <_malloc_r+0x398>
10006496:	2b54      	cmp	r3, #84	@ 0x54
10006498:	f200 80fe 	bhi.w	10006698 <_malloc_r+0x4b4>
1000649c:	0b23      	lsrs	r3, r4, #12
1000649e:	f103 006f 	add.w	r0, r3, #111	@ 0x6f
100064a2:	f103 0e6e 	add.w	lr, r3, #110	@ 0x6e
100064a6:	00c3      	lsls	r3, r0, #3
100064a8:	e6e3      	b.n	10006272 <_malloc_r+0x8e>
100064aa:	f108 0801 	add.w	r8, r8, #1
100064ae:	f10c 0c08 	add.w	ip, ip, #8
100064b2:	f018 0f03 	tst.w	r8, #3
100064b6:	f47f af2c 	bne.w	10006312 <_malloc_r+0x12e>
100064ba:	e06a      	b.n	10006592 <_malloc_r+0x3ae>
100064bc:	443a      	add	r2, r7
100064be:	463c      	mov	r4, r7
100064c0:	68f9      	ldr	r1, [r7, #12]
100064c2:	4630      	mov	r0, r6
100064c4:	6853      	ldr	r3, [r2, #4]
100064c6:	f043 0301 	orr.w	r3, r3, #1
100064ca:	6053      	str	r3, [r2, #4]
100064cc:	f854 3f08 	ldr.w	r3, [r4, #8]!
100064d0:	60d9      	str	r1, [r3, #12]
100064d2:	608b      	str	r3, [r1, #8]
100064d4:	f000 f9f8 	bl	100068c8 <__malloc_unlock>
100064d8:	e6ad      	b.n	10006236 <_malloc_r+0x52>
100064da:	08e0      	lsrs	r0, r4, #3
100064dc:	f104 0208 	add.w	r2, r4, #8
100064e0:	e690      	b.n	10006204 <_malloc_r+0x20>
100064e2:	4419      	add	r1, r3
100064e4:	f103 0408 	add.w	r4, r3, #8
100064e8:	4630      	mov	r0, r6
100064ea:	684b      	ldr	r3, [r1, #4]
100064ec:	f043 0301 	orr.w	r3, r3, #1
100064f0:	604b      	str	r3, [r1, #4]
100064f2:	f000 f9e9 	bl	100068c8 <__malloc_unlock>
100064f6:	e69e      	b.n	10006236 <_malloc_r+0x52>
100064f8:	200019b8 	.word	0x200019b8
100064fc:	200019c0 	.word	0x200019c0
10006500:	2000223c 	.word	0x2000223c
10006504:	fffff000 	.word	0xfffff000
10006508:	4630      	mov	r0, r6
1000650a:	191e      	adds	r6, r3, r4
1000650c:	f044 0401 	orr.w	r4, r4, #1
10006510:	605c      	str	r4, [r3, #4]
10006512:	f042 0401 	orr.w	r4, r2, #1
10006516:	e9c5 6604 	strd	r6, r6, [r5, #16]
1000651a:	6074      	str	r4, [r6, #4]
1000651c:	f103 0408 	add.w	r4, r3, #8
10006520:	f8c6 e008 	str.w	lr, [r6, #8]
10006524:	f8c6 e00c 	str.w	lr, [r6, #12]
10006528:	505a      	str	r2, [r3, r1]
1000652a:	f000 f9cd 	bl	100068c8 <__malloc_unlock>
1000652e:	e682      	b.n	10006236 <_malloc_r+0x52>
10006530:	098a      	lsrs	r2, r1, #6
10006532:	f102 0739 	add.w	r7, r2, #57	@ 0x39
10006536:	3238      	adds	r2, #56	@ 0x38
10006538:	00ff      	lsls	r7, r7, #3
1000653a:	e791      	b.n	10006460 <_malloc_r+0x27c>
1000653c:	f8d9 1004 	ldr.w	r1, [r9, #4]
10006540:	4441      	add	r1, r8
10006542:	4608      	mov	r0, r1
10006544:	f8c9 1004 	str.w	r1, [r9, #4]
10006548:	d13d      	bne.n	100065c6 <_malloc_r+0x3e2>
1000654a:	f3ca 030b 	ubfx	r3, sl, #0, #12
1000654e:	bbd3      	cbnz	r3, 100065c6 <_malloc_r+0x3e2>
10006550:	eb0b 0308 	add.w	r3, fp, r8
10006554:	f8d5 a008 	ldr.w	sl, [r5, #8]
10006558:	f043 0301 	orr.w	r3, r3, #1
1000655c:	f8ca 3004 	str.w	r3, [sl, #4]
10006560:	f8d9 202c 	ldr.w	r2, [r9, #44]	@ 0x2c
10006564:	4657      	mov	r7, sl
10006566:	428a      	cmp	r2, r1
10006568:	f8d9 2030 	ldr.w	r2, [r9, #48]	@ 0x30
1000656c:	bf38      	it	cc
1000656e:	f8c9 102c 	strcc.w	r1, [r9, #44]	@ 0x2c
10006572:	428a      	cmp	r2, r1
10006574:	bf38      	it	cc
10006576:	f8c9 1030 	strcc.w	r1, [r9, #48]	@ 0x30
1000657a:	e72f      	b.n	100063dc <_malloc_r+0x1f8>
1000657c:	f103 005c 	add.w	r0, r3, #92	@ 0x5c
10006580:	f103 0e5b 	add.w	lr, r3, #91	@ 0x5b
10006584:	00c3      	lsls	r3, r0, #3
10006586:	e674      	b.n	10006272 <_malloc_r+0x8e>
10006588:	f859 3908 	ldr.w	r3, [r9], #-8
1000658c:	454b      	cmp	r3, r9
1000658e:	f040 80cc 	bne.w	1000672a <_malloc_r+0x546>
10006592:	f010 0f03 	tst.w	r0, #3
10006596:	f100 30ff 	add.w	r0, r0, #4294967295	@ 0xffffffff
1000659a:	d1f5      	bne.n	10006588 <_malloc_r+0x3a4>
1000659c:	686b      	ldr	r3, [r5, #4]
1000659e:	ea23 0301 	bic.w	r3, r3, r1
100065a2:	606b      	str	r3, [r5, #4]
100065a4:	0049      	lsls	r1, r1, #1
100065a6:	1e4a      	subs	r2, r1, #1
100065a8:	429a      	cmp	r2, r3
100065aa:	d303      	bcc.n	100065b4 <_malloc_r+0x3d0>
100065ac:	e6e7      	b.n	1000637e <_malloc_r+0x19a>
100065ae:	0049      	lsls	r1, r1, #1
100065b0:	f108 0804 	add.w	r8, r8, #4
100065b4:	4219      	tst	r1, r3
100065b6:	d0fa      	beq.n	100065ae <_malloc_r+0x3ca>
100065b8:	4640      	mov	r0, r8
100065ba:	e6a6      	b.n	1000630a <_malloc_r+0x126>
100065bc:	f8d9 0004 	ldr.w	r0, [r9, #4]
100065c0:	4440      	add	r0, r8
100065c2:	f8c9 0004 	str.w	r0, [r9, #4]
100065c6:	f8d5 3408 	ldr.w	r3, [r5, #1032]	@ 0x408
100065ca:	3301      	adds	r3, #1
100065cc:	d06e      	beq.n	100066ac <_malloc_r+0x4c8>
100065ce:	ebaa 0302 	sub.w	r3, sl, r2
100065d2:	4403      	add	r3, r0
100065d4:	f8c9 3004 	str.w	r3, [r9, #4]
100065d8:	f01a 0207 	ands.w	r2, sl, #7
100065dc:	d045      	beq.n	1000666a <_malloc_r+0x486>
100065de:	f1c2 0308 	rsb	r3, r2, #8
100065e2:	4630      	mov	r0, r6
100065e4:	9200      	str	r2, [sp, #0]
100065e6:	449a      	add	sl, r3
100065e8:	f241 0308 	movw	r3, #4104	@ 0x1008
100065ec:	44d0      	add	r8, sl
100065ee:	1a9b      	subs	r3, r3, r2
100065f0:	eba3 0108 	sub.w	r1, r3, r8
100065f4:	f3c1 010b 	ubfx	r1, r1, #0, #12
100065f8:	9101      	str	r1, [sp, #4]
100065fa:	f000 f967 	bl	100068cc <_sbrk_r>
100065fe:	1c42      	adds	r2, r0, #1
10006600:	9a00      	ldr	r2, [sp, #0]
10006602:	d06e      	beq.n	100066e2 <_malloc_r+0x4fe>
10006604:	eba0 000a 	sub.w	r0, r0, sl
10006608:	9901      	ldr	r1, [sp, #4]
1000660a:	eb00 0801 	add.w	r8, r0, r1
1000660e:	f8d9 2004 	ldr.w	r2, [r9, #4]
10006612:	f048 0301 	orr.w	r3, r8, #1
10006616:	42af      	cmp	r7, r5
10006618:	f8c5 a008 	str.w	sl, [r5, #8]
1000661c:	4411      	add	r1, r2
1000661e:	f8ca 3004 	str.w	r3, [sl, #4]
10006622:	f8c9 1004 	str.w	r1, [r9, #4]
10006626:	d09b      	beq.n	10006560 <_malloc_r+0x37c>
10006628:	f1bb 0f0f 	cmp.w	fp, #15
1000662c:	d941      	bls.n	100066b2 <_malloc_r+0x4ce>
1000662e:	687a      	ldr	r2, [r7, #4]
10006630:	f1ab 030c 	sub.w	r3, fp, #12
10006634:	2005      	movs	r0, #5
10006636:	f023 0307 	bic.w	r3, r3, #7
1000663a:	f002 0201 	and.w	r2, r2, #1
1000663e:	431a      	orrs	r2, r3
10006640:	2b0f      	cmp	r3, #15
10006642:	607a      	str	r2, [r7, #4]
10006644:	eb07 0203 	add.w	r2, r7, r3
10006648:	6050      	str	r0, [r2, #4]
1000664a:	6090      	str	r0, [r2, #8]
1000664c:	d84f      	bhi.n	100066ee <_malloc_r+0x50a>
1000664e:	f8da 3004 	ldr.w	r3, [sl, #4]
10006652:	e785      	b.n	10006560 <_malloc_r+0x37c>
10006654:	f103 0810 	add.w	r8, r3, #16
10006658:	e6ae      	b.n	100063b8 <_malloc_r+0x1d4>
1000665a:	2101      	movs	r1, #1
1000665c:	1092      	asrs	r2, r2, #2
1000665e:	fa01 f202 	lsl.w	r2, r1, r2
10006662:	6869      	ldr	r1, [r5, #4]
10006664:	430a      	orrs	r2, r1
10006666:	606a      	str	r2, [r5, #4]
10006668:	e70d      	b.n	10006486 <_malloc_r+0x2a2>
1000666a:	eb0a 0108 	add.w	r1, sl, r8
1000666e:	4630      	mov	r0, r6
10006670:	9200      	str	r2, [sp, #0]
10006672:	4249      	negs	r1, r1
10006674:	f3c1 010b 	ubfx	r1, r1, #0, #12
10006678:	9101      	str	r1, [sp, #4]
1000667a:	f000 f927 	bl	100068cc <_sbrk_r>
1000667e:	1c43      	adds	r3, r0, #1
10006680:	9a00      	ldr	r2, [sp, #0]
10006682:	d1bf      	bne.n	10006604 <_malloc_r+0x420>
10006684:	4611      	mov	r1, r2
10006686:	e7c2      	b.n	1000660e <_malloc_r+0x42a>
10006688:	2a54      	cmp	r2, #84	@ 0x54
1000668a:	d816      	bhi.n	100066ba <_malloc_r+0x4d6>
1000668c:	0b0a      	lsrs	r2, r1, #12
1000668e:	f102 076f 	add.w	r7, r2, #111	@ 0x6f
10006692:	326e      	adds	r2, #110	@ 0x6e
10006694:	00ff      	lsls	r7, r7, #3
10006696:	e6e3      	b.n	10006460 <_malloc_r+0x27c>
10006698:	f5b3 7faa 	cmp.w	r3, #340	@ 0x154
1000669c:	d816      	bhi.n	100066cc <_malloc_r+0x4e8>
1000669e:	0be3      	lsrs	r3, r4, #15
100066a0:	f103 0078 	add.w	r0, r3, #120	@ 0x78
100066a4:	f103 0e77 	add.w	lr, r3, #119	@ 0x77
100066a8:	00c3      	lsls	r3, r0, #3
100066aa:	e5e2      	b.n	10006272 <_malloc_r+0x8e>
100066ac:	f8c5 a408 	str.w	sl, [r5, #1032]	@ 0x408
100066b0:	e792      	b.n	100065d8 <_malloc_r+0x3f4>
100066b2:	2301      	movs	r3, #1
100066b4:	f8ca 3004 	str.w	r3, [sl, #4]
100066b8:	e697      	b.n	100063ea <_malloc_r+0x206>
100066ba:	f5b2 7faa 	cmp.w	r2, #340	@ 0x154
100066be:	d820      	bhi.n	10006702 <_malloc_r+0x51e>
100066c0:	0bca      	lsrs	r2, r1, #15
100066c2:	f102 0778 	add.w	r7, r2, #120	@ 0x78
100066c6:	3277      	adds	r2, #119	@ 0x77
100066c8:	00ff      	lsls	r7, r7, #3
100066ca:	e6c9      	b.n	10006460 <_malloc_r+0x27c>
100066cc:	f240 5254 	movw	r2, #1364	@ 0x554
100066d0:	4293      	cmp	r3, r2
100066d2:	d820      	bhi.n	10006716 <_malloc_r+0x532>
100066d4:	0ca3      	lsrs	r3, r4, #18
100066d6:	f103 007d 	add.w	r0, r3, #125	@ 0x7d
100066da:	f103 0e7c 	add.w	lr, r3, #124	@ 0x7c
100066de:	00c3      	lsls	r3, r0, #3
100066e0:	e5c7      	b.n	10006272 <_malloc_r+0x8e>
100066e2:	3a08      	subs	r2, #8
100066e4:	2100      	movs	r1, #0
100066e6:	4490      	add	r8, r2
100066e8:	eba8 080a 	sub.w	r8, r8, sl
100066ec:	e78f      	b.n	1000660e <_malloc_r+0x42a>
100066ee:	f107 0108 	add.w	r1, r7, #8
100066f2:	4630      	mov	r0, r6
100066f4:	f000 fa30 	bl	10006b58 <_free_r>
100066f8:	f8d9 1004 	ldr.w	r1, [r9, #4]
100066fc:	f8d5 a008 	ldr.w	sl, [r5, #8]
10006700:	e7a5      	b.n	1000664e <_malloc_r+0x46a>
10006702:	f240 5754 	movw	r7, #1364	@ 0x554
10006706:	42ba      	cmp	r2, r7
10006708:	d80b      	bhi.n	10006722 <_malloc_r+0x53e>
1000670a:	0c8a      	lsrs	r2, r1, #18
1000670c:	f102 077d 	add.w	r7, r2, #125	@ 0x7d
10006710:	327c      	adds	r2, #124	@ 0x7c
10006712:	00ff      	lsls	r7, r7, #3
10006714:	e6a4      	b.n	10006460 <_malloc_r+0x27c>
10006716:	f44f 737e 	mov.w	r3, #1016	@ 0x3f8
1000671a:	207f      	movs	r0, #127	@ 0x7f
1000671c:	f04f 0e7e 	mov.w	lr, #126	@ 0x7e
10006720:	e5a7      	b.n	10006272 <_malloc_r+0x8e>
10006722:	f44f 777e 	mov.w	r7, #1016	@ 0x3f8
10006726:	227e      	movs	r2, #126	@ 0x7e
10006728:	e69a      	b.n	10006460 <_malloc_r+0x27c>
1000672a:	686b      	ldr	r3, [r5, #4]
1000672c:	e73a      	b.n	100065a4 <_malloc_r+0x3c0>
1000672e:	bf00      	nop

10006730 <memcpy>:
10006730:	4684      	mov	ip, r0
10006732:	ea41 0300 	orr.w	r3, r1, r0
10006736:	f013 0303 	ands.w	r3, r3, #3
1000673a:	d149      	bne.n	100067d0 <memcpy+0xa0>
1000673c:	3a40      	subs	r2, #64	@ 0x40
1000673e:	d323      	bcc.n	10006788 <memcpy+0x58>
10006740:	680b      	ldr	r3, [r1, #0]
10006742:	6003      	str	r3, [r0, #0]
10006744:	684b      	ldr	r3, [r1, #4]
10006746:	6043      	str	r3, [r0, #4]
10006748:	688b      	ldr	r3, [r1, #8]
1000674a:	6083      	str	r3, [r0, #8]
1000674c:	68cb      	ldr	r3, [r1, #12]
1000674e:	60c3      	str	r3, [r0, #12]
10006750:	690b      	ldr	r3, [r1, #16]
10006752:	6103      	str	r3, [r0, #16]
10006754:	694b      	ldr	r3, [r1, #20]
10006756:	6143      	str	r3, [r0, #20]
10006758:	698b      	ldr	r3, [r1, #24]
1000675a:	6183      	str	r3, [r0, #24]
1000675c:	69cb      	ldr	r3, [r1, #28]
1000675e:	61c3      	str	r3, [r0, #28]
10006760:	6a0b      	ldr	r3, [r1, #32]
10006762:	6203      	str	r3, [r0, #32]
10006764:	6a4b      	ldr	r3, [r1, #36]	@ 0x24
10006766:	6243      	str	r3, [r0, #36]	@ 0x24
10006768:	6a8b      	ldr	r3, [r1, #40]	@ 0x28
1000676a:	6283      	str	r3, [r0, #40]	@ 0x28
1000676c:	6acb      	ldr	r3, [r1, #44]	@ 0x2c
1000676e:	62c3      	str	r3, [r0, #44]	@ 0x2c
10006770:	6b0b      	ldr	r3, [r1, #48]	@ 0x30
10006772:	6303      	str	r3, [r0, #48]	@ 0x30
10006774:	6b4b      	ldr	r3, [r1, #52]	@ 0x34
10006776:	6343      	str	r3, [r0, #52]	@ 0x34
10006778:	6b8b      	ldr	r3, [r1, #56]	@ 0x38
1000677a:	6383      	str	r3, [r0, #56]	@ 0x38
1000677c:	6bcb      	ldr	r3, [r1, #60]	@ 0x3c
1000677e:	63c3      	str	r3, [r0, #60]	@ 0x3c
10006780:	3040      	adds	r0, #64	@ 0x40
10006782:	3140      	adds	r1, #64	@ 0x40
10006784:	3a40      	subs	r2, #64	@ 0x40
10006786:	d2db      	bcs.n	10006740 <memcpy+0x10>
10006788:	3230      	adds	r2, #48	@ 0x30
1000678a:	d30b      	bcc.n	100067a4 <memcpy+0x74>
1000678c:	680b      	ldr	r3, [r1, #0]
1000678e:	6003      	str	r3, [r0, #0]
10006790:	684b      	ldr	r3, [r1, #4]
10006792:	6043      	str	r3, [r0, #4]
10006794:	688b      	ldr	r3, [r1, #8]
10006796:	6083      	str	r3, [r0, #8]
10006798:	68cb      	ldr	r3, [r1, #12]
1000679a:	60c3      	str	r3, [r0, #12]
1000679c:	3010      	adds	r0, #16
1000679e:	3110      	adds	r1, #16
100067a0:	3a10      	subs	r2, #16
100067a2:	d2f3      	bcs.n	1000678c <memcpy+0x5c>
100067a4:	320c      	adds	r2, #12
100067a6:	d305      	bcc.n	100067b4 <memcpy+0x84>
100067a8:	f851 3b04 	ldr.w	r3, [r1], #4
100067ac:	f840 3b04 	str.w	r3, [r0], #4
100067b0:	3a04      	subs	r2, #4
100067b2:	d2f9      	bcs.n	100067a8 <memcpy+0x78>
100067b4:	3204      	adds	r2, #4
100067b6:	d008      	beq.n	100067ca <memcpy+0x9a>
100067b8:	07d2      	lsls	r2, r2, #31
100067ba:	bf1c      	itt	ne
100067bc:	f811 3b01 	ldrbne.w	r3, [r1], #1
100067c0:	f800 3b01 	strbne.w	r3, [r0], #1
100067c4:	d301      	bcc.n	100067ca <memcpy+0x9a>
100067c6:	880b      	ldrh	r3, [r1, #0]
100067c8:	8003      	strh	r3, [r0, #0]
100067ca:	4660      	mov	r0, ip
100067cc:	4770      	bx	lr
100067ce:	bf00      	nop
100067d0:	2a08      	cmp	r2, #8
100067d2:	d313      	bcc.n	100067fc <memcpy+0xcc>
100067d4:	078b      	lsls	r3, r1, #30
100067d6:	d0b1      	beq.n	1000673c <memcpy+0xc>
100067d8:	f010 0303 	ands.w	r3, r0, #3
100067dc:	d0ae      	beq.n	1000673c <memcpy+0xc>
100067de:	f1c3 0304 	rsb	r3, r3, #4
100067e2:	1ad2      	subs	r2, r2, r3
100067e4:	07db      	lsls	r3, r3, #31
100067e6:	bf1c      	itt	ne
100067e8:	f811 3b01 	ldrbne.w	r3, [r1], #1
100067ec:	f800 3b01 	strbne.w	r3, [r0], #1
100067f0:	d3a4      	bcc.n	1000673c <memcpy+0xc>
100067f2:	f831 3b02 	ldrh.w	r3, [r1], #2
100067f6:	f820 3b02 	strh.w	r3, [r0], #2
100067fa:	e79f      	b.n	1000673c <memcpy+0xc>
100067fc:	3a04      	subs	r2, #4
100067fe:	d3d9      	bcc.n	100067b4 <memcpy+0x84>
10006800:	3a01      	subs	r2, #1
10006802:	f811 3b01 	ldrb.w	r3, [r1], #1
10006806:	f800 3b01 	strb.w	r3, [r0], #1
1000680a:	d2f9      	bcs.n	10006800 <memcpy+0xd0>
1000680c:	780b      	ldrb	r3, [r1, #0]
1000680e:	7003      	strb	r3, [r0, #0]
10006810:	784b      	ldrb	r3, [r1, #1]
10006812:	7043      	strb	r3, [r0, #1]
10006814:	788b      	ldrb	r3, [r1, #2]
10006816:	7083      	strb	r3, [r0, #2]
10006818:	4660      	mov	r0, ip
1000681a:	4770      	bx	lr

1000681c <memset>:
1000681c:	b570      	push	{r4, r5, r6, lr}
1000681e:	0786      	lsls	r6, r0, #30
10006820:	d04a      	beq.n	100068b8 <memset+0x9c>
10006822:	1e54      	subs	r4, r2, #1
10006824:	2a00      	cmp	r2, #0
10006826:	d041      	beq.n	100068ac <memset+0x90>
10006828:	b2ca      	uxtb	r2, r1
1000682a:	4603      	mov	r3, r0
1000682c:	e001      	b.n	10006832 <memset+0x16>
1000682e:	3c01      	subs	r4, #1
10006830:	d33c      	bcc.n	100068ac <memset+0x90>
10006832:	f803 2b01 	strb.w	r2, [r3], #1
10006836:	079d      	lsls	r5, r3, #30
10006838:	d1f9      	bne.n	1000682e <memset+0x12>
1000683a:	2c03      	cmp	r4, #3
1000683c:	d92f      	bls.n	1000689e <memset+0x82>
1000683e:	b2cd      	uxtb	r5, r1
10006840:	2c0f      	cmp	r4, #15
10006842:	eb05 2505 	add.w	r5, r5, r5, lsl #8
10006846:	eb05 4505 	add.w	r5, r5, r5, lsl #16
1000684a:	d938      	bls.n	100068be <memset+0xa2>
1000684c:	f1a4 0c10 	sub.w	ip, r4, #16
10006850:	f103 0e10 	add.w	lr, r3, #16
10006854:	461a      	mov	r2, r3
10006856:	f02c 060f 	bic.w	r6, ip, #15
1000685a:	ea4f 1c1c 	mov.w	ip, ip, lsr #4
1000685e:	44b6      	add	lr, r6
10006860:	6015      	str	r5, [r2, #0]
10006862:	3210      	adds	r2, #16
10006864:	f842 5c0c 	str.w	r5, [r2, #-12]
10006868:	f842 5c08 	str.w	r5, [r2, #-8]
1000686c:	f842 5c04 	str.w	r5, [r2, #-4]
10006870:	4572      	cmp	r2, lr
10006872:	d1f5      	bne.n	10006860 <memset+0x44>
10006874:	f10c 0201 	add.w	r2, ip, #1
10006878:	f014 0f0c 	tst.w	r4, #12
1000687c:	f004 0c0f 	and.w	ip, r4, #15
10006880:	eb03 1202 	add.w	r2, r3, r2, lsl #4
10006884:	d013      	beq.n	100068ae <memset+0x92>
10006886:	f1ac 0304 	sub.w	r3, ip, #4
1000688a:	f023 0303 	bic.w	r3, r3, #3
1000688e:	3304      	adds	r3, #4
10006890:	4413      	add	r3, r2
10006892:	f842 5b04 	str.w	r5, [r2], #4
10006896:	429a      	cmp	r2, r3
10006898:	d1fb      	bne.n	10006892 <memset+0x76>
1000689a:	f00c 0403 	and.w	r4, ip, #3
1000689e:	b12c      	cbz	r4, 100068ac <memset+0x90>
100068a0:	b2c9      	uxtb	r1, r1
100068a2:	441c      	add	r4, r3
100068a4:	f803 1b01 	strb.w	r1, [r3], #1
100068a8:	429c      	cmp	r4, r3
100068aa:	d1fb      	bne.n	100068a4 <memset+0x88>
100068ac:	bd70      	pop	{r4, r5, r6, pc}
100068ae:	4664      	mov	r4, ip
100068b0:	4613      	mov	r3, r2
100068b2:	2c00      	cmp	r4, #0
100068b4:	d1f4      	bne.n	100068a0 <memset+0x84>
100068b6:	e7f9      	b.n	100068ac <memset+0x90>
100068b8:	4603      	mov	r3, r0
100068ba:	4614      	mov	r4, r2
100068bc:	e7bd      	b.n	1000683a <memset+0x1e>
100068be:	461a      	mov	r2, r3
100068c0:	46a4      	mov	ip, r4
100068c2:	e7e0      	b.n	10006886 <memset+0x6a>

100068c4 <__malloc_lock>:
100068c4:	4770      	bx	lr
100068c6:	bf00      	nop

100068c8 <__malloc_unlock>:
100068c8:	4770      	bx	lr
100068ca:	bf00      	nop

100068cc <_sbrk_r>:
100068cc:	b538      	push	{r3, r4, r5, lr}
100068ce:	2200      	movs	r2, #0
100068d0:	4d06      	ldr	r5, [pc, #24]	@ (100068ec <_sbrk_r+0x20>)
100068d2:	4604      	mov	r4, r0
100068d4:	4608      	mov	r0, r1
100068d6:	602a      	str	r2, [r5, #0]
100068d8:	f7fc fdaa 	bl	10003430 <_sbrk>
100068dc:	1c43      	adds	r3, r0, #1
100068de:	d000      	beq.n	100068e2 <_sbrk_r+0x16>
100068e0:	bd38      	pop	{r3, r4, r5, pc}
100068e2:	682b      	ldr	r3, [r5, #0]
100068e4:	2b00      	cmp	r3, #0
100068e6:	d0fb      	beq.n	100068e0 <_sbrk_r+0x14>
100068e8:	6023      	str	r3, [r4, #0]
100068ea:	bd38      	pop	{r3, r4, r5, pc}
100068ec:	20002270 	.word	0x20002270

100068f0 <strlen>:
100068f0:	f020 0103 	bic.w	r1, r0, #3
100068f4:	f010 0003 	ands.w	r0, r0, #3
100068f8:	f1c0 0000 	rsb	r0, r0, #0
100068fc:	f851 3b04 	ldr.w	r3, [r1], #4
10006900:	f100 0c04 	add.w	ip, r0, #4
10006904:	ea4f 0ccc 	mov.w	ip, ip, lsl #3
10006908:	f06f 0200 	mvn.w	r2, #0
1000690c:	bf1c      	itt	ne
1000690e:	fa22 f20c 	lsrne.w	r2, r2, ip
10006912:	4313      	orrne	r3, r2
10006914:	f04f 0c01 	mov.w	ip, #1
10006918:	ea4c 2c0c 	orr.w	ip, ip, ip, lsl #8
1000691c:	ea4c 4c0c 	orr.w	ip, ip, ip, lsl #16
10006920:	eba3 020c 	sub.w	r2, r3, ip
10006924:	ea22 0203 	bic.w	r2, r2, r3
10006928:	ea12 12cc 	ands.w	r2, r2, ip, lsl #7
1000692c:	bf04      	itt	eq
1000692e:	f851 3b04 	ldreq.w	r3, [r1], #4
10006932:	3004      	addeq	r0, #4
10006934:	d0f4      	beq.n	10006920 <strlen+0x30>
10006936:	f1c2 0100 	rsb	r1, r2, #0
1000693a:	ea02 0201 	and.w	r2, r2, r1
1000693e:	fab2 f282 	clz	r2, r2
10006942:	f1c2 021f 	rsb	r2, r2, #31
10006946:	eb00 00d2 	add.w	r0, r0, r2, lsr #3
1000694a:	4770      	bx	lr

1000694c <_strtol_l.part.0>:
1000694c:	e92d 4ff0 	stmdb	sp!, {r4, r5, r6, r7, r8, r9, sl, fp, lr}
10006950:	4682      	mov	sl, r0
10006952:	468e      	mov	lr, r1
10006954:	483c      	ldr	r0, [pc, #240]	@ (10006a48 <_strtol_l.part.0+0xfc>)
10006956:	4675      	mov	r5, lr
10006958:	f81e bb01 	ldrb.w	fp, [lr], #1
1000695c:	f810 400b 	ldrb.w	r4, [r0, fp]
10006960:	f014 0408 	ands.w	r4, r4, #8
10006964:	d1f7      	bne.n	10006956 <_strtol_l.part.0+0xa>
10006966:	f1bb 0f2d 	cmp.w	fp, #45	@ 0x2d
1000696a:	d059      	beq.n	10006a20 <_strtol_l.part.0+0xd4>
1000696c:	f1bb 0f2b 	cmp.w	fp, #43	@ 0x2b
10006970:	f06f 4900 	mvn.w	r9, #2147483648	@ 0x80000000
10006974:	bf04      	itt	eq
10006976:	f89e b000 	ldrbeq.w	fp, [lr]
1000697a:	f105 0e02 	addeq.w	lr, r5, #2
1000697e:	f033 0010 	bics.w	r0, r3, #16
10006982:	d10e      	bne.n	100069a2 <_strtol_l.part.0+0x56>
10006984:	f1bb 0f30 	cmp.w	fp, #48	@ 0x30
10006988:	d003      	beq.n	10006992 <_strtol_l.part.0+0x46>
1000698a:	b953      	cbnz	r3, 100069a2 <_strtol_l.part.0+0x56>
1000698c:	230a      	movs	r3, #10
1000698e:	461f      	mov	r7, r3
10006990:	e008      	b.n	100069a4 <_strtol_l.part.0+0x58>
10006992:	f89e 0000 	ldrb.w	r0, [lr]
10006996:	f000 00df 	and.w	r0, r0, #223	@ 0xdf
1000699a:	2858      	cmp	r0, #88	@ 0x58
1000699c:	d04d      	beq.n	10006a3a <_strtol_l.part.0+0xee>
1000699e:	b903      	cbnz	r3, 100069a2 <_strtol_l.part.0+0x56>
100069a0:	2308      	movs	r3, #8
100069a2:	461f      	mov	r7, r3
100069a4:	2500      	movs	r5, #0
100069a6:	fbb9 f6f7 	udiv	r6, r9, r7
100069aa:	4628      	mov	r0, r5
100069ac:	fb07 9816 	mls	r8, r7, r6, r9
100069b0:	e00e      	b.n	100069d0 <_strtol_l.part.0+0x84>
100069b2:	f1ab 0c37 	sub.w	ip, fp, #55	@ 0x37
100069b6:	4563      	cmp	r3, ip
100069b8:	dd1d      	ble.n	100069f6 <_strtol_l.part.0+0xaa>
100069ba:	2d00      	cmp	r5, #0
100069bc:	db04      	blt.n	100069c8 <_strtol_l.part.0+0x7c>
100069be:	4286      	cmp	r6, r0
100069c0:	d302      	bcc.n	100069c8 <_strtol_l.part.0+0x7c>
100069c2:	d121      	bne.n	10006a08 <_strtol_l.part.0+0xbc>
100069c4:	45e0      	cmp	r8, ip
100069c6:	da1f      	bge.n	10006a08 <_strtol_l.part.0+0xbc>
100069c8:	f04f 35ff 	mov.w	r5, #4294967295	@ 0xffffffff
100069cc:	f81e bb01 	ldrb.w	fp, [lr], #1
100069d0:	f1ab 0c30 	sub.w	ip, fp, #48	@ 0x30
100069d4:	f1bc 0f09 	cmp.w	ip, #9
100069d8:	d9ed      	bls.n	100069b6 <_strtol_l.part.0+0x6a>
100069da:	f1ab 0c41 	sub.w	ip, fp, #65	@ 0x41
100069de:	f1bc 0f19 	cmp.w	ip, #25
100069e2:	d9e6      	bls.n	100069b2 <_strtol_l.part.0+0x66>
100069e4:	f1ab 0c61 	sub.w	ip, fp, #97	@ 0x61
100069e8:	f1bc 0f19 	cmp.w	ip, #25
100069ec:	d803      	bhi.n	100069f6 <_strtol_l.part.0+0xaa>
100069ee:	f1ab 0c57 	sub.w	ip, fp, #87	@ 0x57
100069f2:	4563      	cmp	r3, ip
100069f4:	dce1      	bgt.n	100069ba <_strtol_l.part.0+0x6e>
100069f6:	1c6b      	adds	r3, r5, #1
100069f8:	d00a      	beq.n	10006a10 <_strtol_l.part.0+0xc4>
100069fa:	b104      	cbz	r4, 100069fe <_strtol_l.part.0+0xb2>
100069fc:	4240      	negs	r0, r0
100069fe:	b10a      	cbz	r2, 10006a04 <_strtol_l.part.0+0xb8>
10006a00:	b9cd      	cbnz	r5, 10006a36 <_strtol_l.part.0+0xea>
10006a02:	6011      	str	r1, [r2, #0]
10006a04:	e8bd 8ff0 	ldmia.w	sp!, {r4, r5, r6, r7, r8, r9, sl, fp, pc}
10006a08:	fb07 c000 	mla	r0, r7, r0, ip
10006a0c:	2501      	movs	r5, #1
10006a0e:	e7dd      	b.n	100069cc <_strtol_l.part.0+0x80>
10006a10:	2322      	movs	r3, #34	@ 0x22
10006a12:	f8ca 3000 	str.w	r3, [sl]
10006a16:	b15a      	cbz	r2, 10006a30 <_strtol_l.part.0+0xe4>
10006a18:	f10e 31ff 	add.w	r1, lr, #4294967295	@ 0xffffffff
10006a1c:	4648      	mov	r0, r9
10006a1e:	e7f0      	b.n	10006a02 <_strtol_l.part.0+0xb6>
10006a20:	f89e b000 	ldrb.w	fp, [lr]
10006a24:	f04f 4900 	mov.w	r9, #2147483648	@ 0x80000000
10006a28:	f105 0e02 	add.w	lr, r5, #2
10006a2c:	2401      	movs	r4, #1
10006a2e:	e7a6      	b.n	1000697e <_strtol_l.part.0+0x32>
10006a30:	4648      	mov	r0, r9
10006a32:	e8bd 8ff0 	ldmia.w	sp!, {r4, r5, r6, r7, r8, r9, sl, fp, pc}
10006a36:	4681      	mov	r9, r0
10006a38:	e7ee      	b.n	10006a18 <_strtol_l.part.0+0xcc>
10006a3a:	2310      	movs	r3, #16
10006a3c:	f89e b001 	ldrb.w	fp, [lr, #1]
10006a40:	f10e 0e02 	add.w	lr, lr, #2
10006a44:	461f      	mov	r7, r3
10006a46:	e7ad      	b.n	100069a4 <_strtol_l.part.0+0x58>
10006a48:	10007461 	.word	0x10007461

10006a4c <_strtol_r>:
10006a4c:	2b24      	cmp	r3, #36	@ 0x24
10006a4e:	d802      	bhi.n	10006a56 <_strtol_r+0xa>
10006a50:	2b01      	cmp	r3, #1
10006a52:	d000      	beq.n	10006a56 <_strtol_r+0xa>
10006a54:	e77a      	b.n	1000694c <_strtol_l.part.0>
10006a56:	b510      	push	{r4, lr}
10006a58:	f7ff fbae 	bl	100061b8 <__errno>
10006a5c:	2316      	movs	r3, #22
10006a5e:	6003      	str	r3, [r0, #0]
10006a60:	2000      	movs	r0, #0
10006a62:	bd10      	pop	{r4, pc}

10006a64 <strtol_l>:
10006a64:	b510      	push	{r4, lr}
10006a66:	2a24      	cmp	r2, #36	@ 0x24
10006a68:	4c08      	ldr	r4, [pc, #32]	@ (10006a8c <strtol_l+0x28>)
10006a6a:	4613      	mov	r3, r2
10006a6c:	6824      	ldr	r4, [r4, #0]
10006a6e:	d807      	bhi.n	10006a80 <strtol_l+0x1c>
10006a70:	2a01      	cmp	r2, #1
10006a72:	d005      	beq.n	10006a80 <strtol_l+0x1c>
10006a74:	460a      	mov	r2, r1
10006a76:	4601      	mov	r1, r0
10006a78:	4620      	mov	r0, r4
10006a7a:	e8bd 4010 	ldmia.w	sp!, {r4, lr}
10006a7e:	e765      	b.n	1000694c <_strtol_l.part.0>
10006a80:	f7ff fb9a 	bl	100061b8 <__errno>
10006a84:	2316      	movs	r3, #22
10006a86:	6003      	str	r3, [r0, #0]
10006a88:	2000      	movs	r0, #0
10006a8a:	bd10      	pop	{r4, pc}
10006a8c:	20001588 	.word	0x20001588

10006a90 <strtol>:
10006a90:	b510      	push	{r4, lr}
10006a92:	2a24      	cmp	r2, #36	@ 0x24
10006a94:	4c08      	ldr	r4, [pc, #32]	@ (10006ab8 <strtol+0x28>)
10006a96:	4613      	mov	r3, r2
10006a98:	6824      	ldr	r4, [r4, #0]
10006a9a:	d807      	bhi.n	10006aac <strtol+0x1c>
10006a9c:	2a01      	cmp	r2, #1
10006a9e:	d005      	beq.n	10006aac <strtol+0x1c>
10006aa0:	460a      	mov	r2, r1
10006aa2:	4601      	mov	r1, r0
10006aa4:	4620      	mov	r0, r4
10006aa6:	e8bd 4010 	ldmia.w	sp!, {r4, lr}
10006aaa:	e74f      	b.n	1000694c <_strtol_l.part.0>
10006aac:	f7ff fb84 	bl	100061b8 <__errno>
10006ab0:	2316      	movs	r3, #22
10006ab2:	6003      	str	r3, [r0, #0]
10006ab4:	2000      	movs	r0, #0
10006ab6:	bd10      	pop	{r4, pc}
10006ab8:	20001588 	.word	0x20001588

10006abc <_malloc_trim_r>:
10006abc:	b5f8      	push	{r3, r4, r5, r6, r7, lr}
10006abe:	4f22      	ldr	r7, [pc, #136]	@ (10006b48 <_malloc_trim_r+0x8c>)
10006ac0:	460c      	mov	r4, r1
10006ac2:	4606      	mov	r6, r0
10006ac4:	f7ff fefe 	bl	100068c4 <__malloc_lock>
10006ac8:	68bb      	ldr	r3, [r7, #8]
10006aca:	685d      	ldr	r5, [r3, #4]
10006acc:	f025 0503 	bic.w	r5, r5, #3
10006ad0:	f605 73ef 	addw	r3, r5, #4079	@ 0xfef
10006ad4:	1b19      	subs	r1, r3, r4
10006ad6:	4c1d      	ldr	r4, [pc, #116]	@ (10006b4c <_malloc_trim_r+0x90>)
10006ad8:	400c      	ands	r4, r1
10006ada:	f5a4 5480 	sub.w	r4, r4, #4096	@ 0x1000
10006ade:	f5b4 5f80 	cmp.w	r4, #4096	@ 0x1000
10006ae2:	db07      	blt.n	10006af4 <_malloc_trim_r+0x38>
10006ae4:	2100      	movs	r1, #0
10006ae6:	4630      	mov	r0, r6
10006ae8:	f7ff fef0 	bl	100068cc <_sbrk_r>
10006aec:	68bb      	ldr	r3, [r7, #8]
10006aee:	442b      	add	r3, r5
10006af0:	4298      	cmp	r0, r3
10006af2:	d004      	beq.n	10006afe <_malloc_trim_r+0x42>
10006af4:	4630      	mov	r0, r6
10006af6:	f7ff fee7 	bl	100068c8 <__malloc_unlock>
10006afa:	2000      	movs	r0, #0
10006afc:	bdf8      	pop	{r3, r4, r5, r6, r7, pc}
10006afe:	4261      	negs	r1, r4
10006b00:	4630      	mov	r0, r6
10006b02:	f7ff fee3 	bl	100068cc <_sbrk_r>
10006b06:	3001      	adds	r0, #1
10006b08:	d00d      	beq.n	10006b26 <_malloc_trim_r+0x6a>
10006b0a:	1b2d      	subs	r5, r5, r4
10006b0c:	4a10      	ldr	r2, [pc, #64]	@ (10006b50 <_malloc_trim_r+0x94>)
10006b0e:	68bb      	ldr	r3, [r7, #8]
10006b10:	4630      	mov	r0, r6
10006b12:	f045 0501 	orr.w	r5, r5, #1
10006b16:	605d      	str	r5, [r3, #4]
10006b18:	6813      	ldr	r3, [r2, #0]
10006b1a:	1b1b      	subs	r3, r3, r4
10006b1c:	6013      	str	r3, [r2, #0]
10006b1e:	f7ff fed3 	bl	100068c8 <__malloc_unlock>
10006b22:	2001      	movs	r0, #1
10006b24:	bdf8      	pop	{r3, r4, r5, r6, r7, pc}
10006b26:	2100      	movs	r1, #0
10006b28:	4630      	mov	r0, r6
10006b2a:	f7ff fecf 	bl	100068cc <_sbrk_r>
10006b2e:	68ba      	ldr	r2, [r7, #8]
10006b30:	1a83      	subs	r3, r0, r2
10006b32:	2b0f      	cmp	r3, #15
10006b34:	ddde      	ble.n	10006af4 <_malloc_trim_r+0x38>
10006b36:	f043 0301 	orr.w	r3, r3, #1
10006b3a:	4905      	ldr	r1, [pc, #20]	@ (10006b50 <_malloc_trim_r+0x94>)
10006b3c:	6053      	str	r3, [r2, #4]
10006b3e:	4b05      	ldr	r3, [pc, #20]	@ (10006b54 <_malloc_trim_r+0x98>)
10006b40:	681b      	ldr	r3, [r3, #0]
10006b42:	1ac0      	subs	r0, r0, r3
10006b44:	6008      	str	r0, [r1, #0]
10006b46:	e7d5      	b.n	10006af4 <_malloc_trim_r+0x38>
10006b48:	200019b8 	.word	0x200019b8
10006b4c:	fffff000 	.word	0xfffff000
10006b50:	20002240 	.word	0x20002240
10006b54:	20001dc0 	.word	0x20001dc0

10006b58 <_free_r>:
10006b58:	2900      	cmp	r1, #0
10006b5a:	d07d      	beq.n	10006c58 <_free_r+0x100>
10006b5c:	b5f8      	push	{r3, r4, r5, r6, r7, lr}
10006b5e:	460c      	mov	r4, r1
10006b60:	4606      	mov	r6, r0
10006b62:	f7ff feaf 	bl	100068c4 <__malloc_lock>
10006b66:	4f7a      	ldr	r7, [pc, #488]	@ (10006d50 <_free_r+0x1f8>)
10006b68:	f854 2c04 	ldr.w	r2, [r4, #-4]
10006b6c:	f1a4 0508 	sub.w	r5, r4, #8
10006b70:	68b8      	ldr	r0, [r7, #8]
10006b72:	f022 0101 	bic.w	r1, r2, #1
10006b76:	eb05 0c01 	add.w	ip, r5, r1
10006b7a:	f8dc 3004 	ldr.w	r3, [ip, #4]
10006b7e:	4560      	cmp	r0, ip
10006b80:	f023 0303 	bic.w	r3, r3, #3
10006b84:	f000 8088 	beq.w	10006c98 <_free_r+0x140>
10006b88:	07d2      	lsls	r2, r2, #31
10006b8a:	f8cc 3004 	str.w	r3, [ip, #4]
10006b8e:	d432      	bmi.n	10006bf6 <_free_r+0x9e>
10006b90:	f854 2c08 	ldr.w	r2, [r4, #-8]
10006b94:	f107 0008 	add.w	r0, r7, #8
10006b98:	1aad      	subs	r5, r5, r2
10006b9a:	4411      	add	r1, r2
10006b9c:	68aa      	ldr	r2, [r5, #8]
10006b9e:	4282      	cmp	r2, r0
10006ba0:	d06b      	beq.n	10006c7a <_free_r+0x122>
10006ba2:	eb0c 0403 	add.w	r4, ip, r3
10006ba6:	f8d4 e004 	ldr.w	lr, [r4, #4]
10006baa:	68ec      	ldr	r4, [r5, #12]
10006bac:	f01e 0f01 	tst.w	lr, #1
10006bb0:	60d4      	str	r4, [r2, #12]
10006bb2:	60a2      	str	r2, [r4, #8]
10006bb4:	f000 8089 	beq.w	10006cca <_free_r+0x172>
10006bb8:	f041 0301 	orr.w	r3, r1, #1
10006bbc:	606b      	str	r3, [r5, #4]
10006bbe:	f8cc 1000 	str.w	r1, [ip]
10006bc2:	f5b1 7f00 	cmp.w	r1, #512	@ 0x200
10006bc6:	d224      	bcs.n	10006c12 <_free_r+0xba>
10006bc8:	08cb      	lsrs	r3, r1, #3
10006bca:	2201      	movs	r2, #1
10006bcc:	0949      	lsrs	r1, r1, #5
10006bce:	3301      	adds	r3, #1
10006bd0:	408a      	lsls	r2, r1
10006bd2:	6879      	ldr	r1, [r7, #4]
10006bd4:	430a      	orrs	r2, r1
10006bd6:	f857 1033 	ldr.w	r1, [r7, r3, lsl #3]
10006bda:	607a      	str	r2, [r7, #4]
10006bdc:	eb07 02c3 	add.w	r2, r7, r3, lsl #3
10006be0:	3a08      	subs	r2, #8
10006be2:	e9c5 1202 	strd	r1, r2, [r5, #8]
10006be6:	f847 5033 	str.w	r5, [r7, r3, lsl #3]
10006bea:	60cd      	str	r5, [r1, #12]
10006bec:	4630      	mov	r0, r6
10006bee:	e8bd 40f8 	ldmia.w	sp!, {r3, r4, r5, r6, r7, lr}
10006bf2:	f7ff be69 	b.w	100068c8 <__malloc_unlock>
10006bf6:	eb0c 0203 	add.w	r2, ip, r3
10006bfa:	6852      	ldr	r2, [r2, #4]
10006bfc:	07d2      	lsls	r2, r2, #31
10006bfe:	d52c      	bpl.n	10006c5a <_free_r+0x102>
10006c00:	f041 0301 	orr.w	r3, r1, #1
10006c04:	f5b1 7f00 	cmp.w	r1, #512	@ 0x200
10006c08:	f844 3c04 	str.w	r3, [r4, #-4]
10006c0c:	f8cc 1000 	str.w	r1, [ip]
10006c10:	d3da      	bcc.n	10006bc8 <_free_r+0x70>
10006c12:	f5b1 6f20 	cmp.w	r1, #2560	@ 0xa00
10006c16:	ea4f 2351 	mov.w	r3, r1, lsr #9
10006c1a:	d258      	bcs.n	10006cce <_free_r+0x176>
10006c1c:	098b      	lsrs	r3, r1, #6
10006c1e:	f103 0039 	add.w	r0, r3, #57	@ 0x39
10006c22:	f103 0238 	add.w	r2, r3, #56	@ 0x38
10006c26:	00c3      	lsls	r3, r0, #3
10006c28:	18f8      	adds	r0, r7, r3
10006c2a:	58fb      	ldr	r3, [r7, r3]
10006c2c:	3808      	subs	r0, #8
10006c2e:	4298      	cmp	r0, r3
10006c30:	d103      	bne.n	10006c3a <_free_r+0xe2>
10006c32:	e066      	b.n	10006d02 <_free_r+0x1aa>
10006c34:	689b      	ldr	r3, [r3, #8]
10006c36:	4298      	cmp	r0, r3
10006c38:	d004      	beq.n	10006c44 <_free_r+0xec>
10006c3a:	685a      	ldr	r2, [r3, #4]
10006c3c:	f022 0203 	bic.w	r2, r2, #3
10006c40:	428a      	cmp	r2, r1
10006c42:	d8f7      	bhi.n	10006c34 <_free_r+0xdc>
10006c44:	68d8      	ldr	r0, [r3, #12]
10006c46:	e9c5 3002 	strd	r3, r0, [r5, #8]
10006c4a:	6085      	str	r5, [r0, #8]
10006c4c:	4630      	mov	r0, r6
10006c4e:	60dd      	str	r5, [r3, #12]
10006c50:	e8bd 40f8 	ldmia.w	sp!, {r3, r4, r5, r6, r7, lr}
10006c54:	f7ff be38 	b.w	100068c8 <__malloc_unlock>
10006c58:	4770      	bx	lr
10006c5a:	4419      	add	r1, r3
10006c5c:	f107 0008 	add.w	r0, r7, #8
10006c60:	f8dc 3008 	ldr.w	r3, [ip, #8]
10006c64:	4283      	cmp	r3, r0
10006c66:	d043      	beq.n	10006cf0 <_free_r+0x198>
10006c68:	f8dc 200c 	ldr.w	r2, [ip, #12]
10006c6c:	60da      	str	r2, [r3, #12]
10006c6e:	6093      	str	r3, [r2, #8]
10006c70:	f041 0301 	orr.w	r3, r1, #1
10006c74:	606b      	str	r3, [r5, #4]
10006c76:	5069      	str	r1, [r5, r1]
10006c78:	e7a3      	b.n	10006bc2 <_free_r+0x6a>
10006c7a:	eb0c 0203 	add.w	r2, ip, r3
10006c7e:	6852      	ldr	r2, [r2, #4]
10006c80:	07d0      	lsls	r0, r2, #31
10006c82:	d45f      	bmi.n	10006d44 <_free_r+0x1ec>
10006c84:	440b      	add	r3, r1
10006c86:	e9dc 1202 	ldrd	r1, r2, [ip, #8]
10006c8a:	60ca      	str	r2, [r1, #12]
10006c8c:	6091      	str	r1, [r2, #8]
10006c8e:	f043 0201 	orr.w	r2, r3, #1
10006c92:	606a      	str	r2, [r5, #4]
10006c94:	50eb      	str	r3, [r5, r3]
10006c96:	e7a9      	b.n	10006bec <_free_r+0x94>
10006c98:	440b      	add	r3, r1
10006c9a:	07d1      	lsls	r1, r2, #31
10006c9c:	d407      	bmi.n	10006cae <_free_r+0x156>
10006c9e:	f854 2c08 	ldr.w	r2, [r4, #-8]
10006ca2:	1aad      	subs	r5, r5, r2
10006ca4:	4413      	add	r3, r2
10006ca6:	e9d5 1202 	ldrd	r1, r2, [r5, #8]
10006caa:	60ca      	str	r2, [r1, #12]
10006cac:	6091      	str	r1, [r2, #8]
10006cae:	f043 0201 	orr.w	r2, r3, #1
10006cb2:	606a      	str	r2, [r5, #4]
10006cb4:	4a27      	ldr	r2, [pc, #156]	@ (10006d54 <_free_r+0x1fc>)
10006cb6:	60bd      	str	r5, [r7, #8]
10006cb8:	6812      	ldr	r2, [r2, #0]
10006cba:	429a      	cmp	r2, r3
10006cbc:	d896      	bhi.n	10006bec <_free_r+0x94>
10006cbe:	4b26      	ldr	r3, [pc, #152]	@ (10006d58 <_free_r+0x200>)
10006cc0:	4630      	mov	r0, r6
10006cc2:	6819      	ldr	r1, [r3, #0]
10006cc4:	f7ff fefa 	bl	10006abc <_malloc_trim_r>
10006cc8:	e790      	b.n	10006bec <_free_r+0x94>
10006cca:	4419      	add	r1, r3
10006ccc:	e7c8      	b.n	10006c60 <_free_r+0x108>
10006cce:	2b14      	cmp	r3, #20
10006cd0:	d908      	bls.n	10006ce4 <_free_r+0x18c>
10006cd2:	2b54      	cmp	r3, #84	@ 0x54
10006cd4:	d81d      	bhi.n	10006d12 <_free_r+0x1ba>
10006cd6:	0b0b      	lsrs	r3, r1, #12
10006cd8:	f103 006f 	add.w	r0, r3, #111	@ 0x6f
10006cdc:	f103 026e 	add.w	r2, r3, #110	@ 0x6e
10006ce0:	00c3      	lsls	r3, r0, #3
10006ce2:	e7a1      	b.n	10006c28 <_free_r+0xd0>
10006ce4:	f103 005c 	add.w	r0, r3, #92	@ 0x5c
10006ce8:	f103 025b 	add.w	r2, r3, #91	@ 0x5b
10006cec:	00c3      	lsls	r3, r0, #3
10006cee:	e79b      	b.n	10006c28 <_free_r+0xd0>
10006cf0:	f041 0301 	orr.w	r3, r1, #1
10006cf4:	613d      	str	r5, [r7, #16]
10006cf6:	617d      	str	r5, [r7, #20]
10006cf8:	60a8      	str	r0, [r5, #8]
10006cfa:	60e8      	str	r0, [r5, #12]
10006cfc:	606b      	str	r3, [r5, #4]
10006cfe:	5069      	str	r1, [r5, r1]
10006d00:	e774      	b.n	10006bec <_free_r+0x94>
10006d02:	2101      	movs	r1, #1
10006d04:	1092      	asrs	r2, r2, #2
10006d06:	fa01 f202 	lsl.w	r2, r1, r2
10006d0a:	6879      	ldr	r1, [r7, #4]
10006d0c:	430a      	orrs	r2, r1
10006d0e:	607a      	str	r2, [r7, #4]
10006d10:	e799      	b.n	10006c46 <_free_r+0xee>
10006d12:	f5b3 7faa 	cmp.w	r3, #340	@ 0x154
10006d16:	d806      	bhi.n	10006d26 <_free_r+0x1ce>
10006d18:	0bcb      	lsrs	r3, r1, #15
10006d1a:	f103 0078 	add.w	r0, r3, #120	@ 0x78
10006d1e:	f103 0277 	add.w	r2, r3, #119	@ 0x77
10006d22:	00c3      	lsls	r3, r0, #3
10006d24:	e780      	b.n	10006c28 <_free_r+0xd0>
10006d26:	f240 5254 	movw	r2, #1364	@ 0x554
10006d2a:	4293      	cmp	r3, r2
10006d2c:	d806      	bhi.n	10006d3c <_free_r+0x1e4>
10006d2e:	0c8b      	lsrs	r3, r1, #18
10006d30:	f103 007d 	add.w	r0, r3, #125	@ 0x7d
10006d34:	f103 027c 	add.w	r2, r3, #124	@ 0x7c
10006d38:	00c3      	lsls	r3, r0, #3
10006d3a:	e775      	b.n	10006c28 <_free_r+0xd0>
10006d3c:	f44f 737e 	mov.w	r3, #1016	@ 0x3f8
10006d40:	227e      	movs	r2, #126	@ 0x7e
10006d42:	e771      	b.n	10006c28 <_free_r+0xd0>
10006d44:	f041 0301 	orr.w	r3, r1, #1
10006d48:	606b      	str	r3, [r5, #4]
10006d4a:	f8cc 1000 	str.w	r1, [ip]
10006d4e:	e74d      	b.n	10006bec <_free_r+0x94>
10006d50:	200019b8 	.word	0x200019b8
10006d54:	20001dc4 	.word	0x20001dc4
10006d58:	2000223c 	.word	0x2000223c

10006d5c <_fini>:
10006d5c:	b5f8      	push	{r3, r4, r5, r6, r7, lr}
10006d5e:	bf00      	nop

10006d60 <__mutex_enter_timeout_ms_veneer>:
10006d60:	f85f f000 	ldr.w	pc, [pc]	@ 10006d64 <__mutex_enter_timeout_ms_veneer+0x4>
10006d64:	2000023d 	.word	0x2000023d

10006d68 <__hw_endpoint_start_next_buffer_veneer>:
10006d68:	f85f f000 	ldr.w	pc, [pc]	@ 10006d6c <__hw_endpoint_start_next_buffer_veneer+0x4>
10006d6c:	20000b4d 	.word	0x20000b4d

10006d70 <__e15_is_bulkin_ep_veneer>:
10006d70:	f85f f000 	ldr.w	pc, [pc]	@ 10006d74 <__e15_is_bulkin_ep_veneer+0x4>
10006d74:	20000aad 	.word	0x20000aad

10006d78 <____aeabi_f2d_veneer>:
10006d78:	f85f f000 	ldr.w	pc, [pc]	@ 10006d7c <____aeabi_f2d_veneer+0x4>
10006d7c:	200010d9 	.word	0x200010d9

10006d80 <____aeabi_uldivmod_veneer>:
10006d80:	f85f f000 	ldr.w	pc, [pc]	@ 10006d84 <____aeabi_uldivmod_veneer+0x4>
10006d84:	20001189 	.word	0x20001189

10006d88 <__mutex_exit_veneer>:
10006d88:	f85f f000 	ldr.w	pc, [pc]	@ 10006d8c <__mutex_exit_veneer+0x4>
10006d8c:	20000275 	.word	0x20000275

10006d90 <___hw_endpoint_buffer_control_update32_veneer>:
10006d90:	f85f f000 	ldr.w	pc, [pc]	@ 10006d94 <___hw_endpoint_buffer_control_update32_veneer+0x4>
10006d94:	20000b09 	.word	0x20000b09

10006d98 <__mutex_try_enter_block_until_veneer>:
10006d98:	f85f f000 	ldr.w	pc, [pc]	@ 10006d9c <__mutex_try_enter_block_until_veneer+0x4>
10006d9c:	200001d1 	.word	0x200001d1

10006da0 <__reset_non_control_endpoints_veneer>:
10006da0:	f85f f000 	ldr.w	pc, [pc]	@ 10006da4 <__reset_non_control_endpoints_veneer+0x4>
10006da4:	200002b1 	.word	0x200002b1

10006da8 <__e15_is_critical_frame_period_veneer>:
10006da8:	f85f f000 	ldr.w	pc, [pc]	@ 10006dac <__e15_is_critical_frame_period_veneer+0x4>
10006dac:	20000ad5 	.word	0x20000ad5

10006db0 <__mutex_try_enter_veneer>:
10006db0:	f85f f000 	ldr.w	pc, [pc]	@ 10006db4 <__mutex_try_enter_veneer+0x4>
10006db4:	20000111 	.word	0x20000111

10006db8 <__pre_init_runtime_init_bootrom_reset>:
10006db8:	10001a69                                i...

10006dbc <__pre_init_runtime_init_early_resets>:
10006dbc:	100019dd                                ....

10006dc0 <__pre_init_runtime_init_usb_power_down>:
10006dc0:	10001a11                                ....

10006dc4 <__pre_init_runtime_init_clocks>:
10006dc4:	10001ab5                                ....

10006dc8 <__pre_init_runtime_init_post_clock_resets>:
10006dc8:	10001a49                                I...

10006dcc <__pre_init_runtime_init_boot_locks_reset>:
10006dcc:	10001965                                e...

10006dd0 <__pre_init_runtime_init_spin_locks_reset>:
10006dd0:	10001a91                                ....

10006dd4 <__pre_init_runtime_init_bootrom_locking_enable>:
10006dd4:	10001951                                Q...

10006dd8 <__pre_init_runtime_init_mutex>:
10006dd8:	10000d7d                                }...

10006ddc <__pre_init_runtime_init_install_ram_vector_table>:
10006ddc:	10001a95                                ....

10006de0 <__pre_init_runtime_init_default_alarm_pool>:
10006de0:	10001139                                9...

10006de4 <__pre_init_first_per_core_initializer>:
10006de4:	100019ad                                ....

10006de8 <__pre_init_runtime_init_per_core_bootrom_reset>:
10006de8:	10001a7d                                }...

10006dec <__pre_init_runtime_init_per_core_enable_coprocessors>:
10006dec:	10001a2d                                -...

10006df0 <__pre_init_spinlock_set_extexclall>:
10006df0:	10000939                                9...

10006df4 <__pre_init_runtime_init_per_core_irq_priorities>:
10006df4:	10000961                                a...

10006df8 <__frame_dummy_init_array_entry>:
10006df8:	1000025d 10003e79                       ]...y>..

Disassembly of section .data:

20000110 <mutex_try_enter>:
20000110:	4603      	mov	r3, r0
20000112:	b500      	push	{lr}
20000114:	6802      	ldr	r2, [r0, #0]
20000116:	f3ef 8c10 	mrs	ip, PRIMASK
2000011a:	b672      	cpsid	i
2000011c:	e8d2 efcf 	ldaexb	lr, [r2]
20000120:	2001      	movs	r0, #1
20000122:	f1be 0f00 	cmp.w	lr, #0
20000126:	d1f9      	bne.n	2000011c <mutex_try_enter+0xc>
20000128:	e8c2 0f4e 	strexb	lr, r0, [r2]
2000012c:	f1be 0f00 	cmp.w	lr, #0
20000130:	d1f4      	bne.n	2000011c <mutex_try_enter+0xc>
20000132:	f3bf 8f5f 	dmb	sy
20000136:	f993 2004 	ldrsb.w	r2, [r3, #4]
2000013a:	2a00      	cmp	r2, #0
2000013c:	db0a      	blt.n	20000154 <mutex_try_enter+0x44>
2000013e:	b101      	cbz	r1, 20000142 <mutex_try_enter+0x32>
20000140:	600a      	str	r2, [r1, #0]
20000142:	2000      	movs	r0, #0
20000144:	2200      	movs	r2, #0
20000146:	681b      	ldr	r3, [r3, #0]
20000148:	e8c3 2f8f 	stlb	r2, [r3]
2000014c:	f38c 8810 	msr	PRIMASK, ip
20000150:	f85d fb04 	ldr.w	pc, [sp], #4
20000154:	f04f 4250 	mov.w	r2, #3489660928	@ 0xd0000000
20000158:	6812      	ldr	r2, [r2, #0]
2000015a:	2001      	movs	r0, #1
2000015c:	711a      	strb	r2, [r3, #4]
2000015e:	e7f1      	b.n	20000144 <mutex_try_enter+0x34>

20000160 <mutex_enter_block_until>:
20000160:	f04f 4150 	mov.w	r1, #3489660928	@ 0xd0000000
20000164:	e92d 41f0 	stmdb	sp!, {r4, r5, r6, r7, r8, lr}
20000168:	2700      	movs	r7, #0
2000016a:	4604      	mov	r4, r0
2000016c:	4616      	mov	r6, r2
2000016e:	461d      	mov	r5, r3
20000170:	f8d1 8000 	ldr.w	r8, [r1]
20000174:	e009      	b.n	2000018a <mutex_enter_block_until+0x2a>
20000176:	6823      	ldr	r3, [r4, #0]
20000178:	e8c3 7f8f 	stlb	r7, [r3]
2000017c:	f38c 8810 	msr	PRIMASK, ip
20000180:	4630      	mov	r0, r6
20000182:	4629      	mov	r1, r5
20000184:	f001 f99c 	bl	200014c0 <__best_effort_wfe_or_timeout_veneer>
20000188:	b9f0      	cbnz	r0, 200001c8 <mutex_enter_block_until+0x68>
2000018a:	6821      	ldr	r1, [r4, #0]
2000018c:	f3ef 8c10 	mrs	ip, PRIMASK
20000190:	b672      	cpsid	i
20000192:	e8d1 2fcf 	ldaexb	r2, [r1]
20000196:	2301      	movs	r3, #1
20000198:	2a00      	cmp	r2, #0
2000019a:	d1fa      	bne.n	20000192 <mutex_enter_block_until+0x32>
2000019c:	e8c1 3f42 	strexb	r2, r3, [r1]
200001a0:	2a00      	cmp	r2, #0
200001a2:	d1f6      	bne.n	20000192 <mutex_enter_block_until+0x32>
200001a4:	f3bf 8f5f 	dmb	sy
200001a8:	f994 e004 	ldrsb.w	lr, [r4, #4]
200001ac:	f1be 0f00 	cmp.w	lr, #0
200001b0:	dae1      	bge.n	20000176 <mutex_enter_block_until+0x16>
200001b2:	2300      	movs	r3, #0
200001b4:	6822      	ldr	r2, [r4, #0]
200001b6:	f884 8004 	strb.w	r8, [r4, #4]
200001ba:	e8c2 3f8f 	stlb	r3, [r2]
200001be:	f38c 8810 	msr	PRIMASK, ip
200001c2:	2001      	movs	r0, #1
200001c4:	e8bd 81f0 	ldmia.w	sp!, {r4, r5, r6, r7, r8, pc}
200001c8:	2000      	movs	r0, #0
200001ca:	e8bd 81f0 	ldmia.w	sp!, {r4, r5, r6, r7, r8, pc}
200001ce:	bf00      	nop

200001d0 <mutex_try_enter_block_until>:
200001d0:	b530      	push	{r4, r5, lr}
200001d2:	4601      	mov	r1, r0
200001d4:	6804      	ldr	r4, [r0, #0]
200001d6:	f3ef 8c10 	mrs	ip, PRIMASK
200001da:	b672      	cpsid	i
200001dc:	e8d4 efcf 	ldaexb	lr, [r4]
200001e0:	2501      	movs	r5, #1
200001e2:	f1be 0f00 	cmp.w	lr, #0
200001e6:	d1f9      	bne.n	200001dc <mutex_try_enter_block_until+0xc>
200001e8:	e8c4 5f4e 	strexb	lr, r5, [r4]
200001ec:	f1be 0f00 	cmp.w	lr, #0
200001f0:	d1f4      	bne.n	200001dc <mutex_try_enter_block_until+0xc>
200001f2:	f3bf 8f5f 	dmb	sy
200001f6:	f990 4004 	ldrsb.w	r4, [r0, #4]
200001fa:	2c00      	cmp	r4, #0
200001fc:	db11      	blt.n	20000222 <mutex_try_enter_block_until+0x52>
200001fe:	2100      	movs	r1, #0
20000200:	6805      	ldr	r5, [r0, #0]
20000202:	e8c5 1f8f 	stlb	r1, [r5]
20000206:	f38c 8810 	msr	PRIMASK, ip
2000020a:	f04f 4c50 	mov.w	ip, #3489660928	@ 0xd0000000
2000020e:	f99c c000 	ldrsb.w	ip, [ip]
20000212:	45a4      	cmp	ip, r4
20000214:	d101      	bne.n	2000021a <mutex_try_enter_block_until+0x4a>
20000216:	4608      	mov	r0, r1
20000218:	bd30      	pop	{r4, r5, pc}
2000021a:	e8bd 4030 	ldmia.w	sp!, {r4, r5, lr}
2000021e:	f7ff bf9f 	b.w	20000160 <mutex_enter_block_until>
20000222:	f04f 4050 	mov.w	r0, #3489660928	@ 0xd0000000
20000226:	6800      	ldr	r0, [r0, #0]
20000228:	2300      	movs	r3, #0
2000022a:	680a      	ldr	r2, [r1, #0]
2000022c:	7108      	strb	r0, [r1, #4]
2000022e:	e8c2 3f8f 	stlb	r3, [r2]
20000232:	f38c 8810 	msr	PRIMASK, ip
20000236:	2001      	movs	r0, #1
20000238:	bd30      	pop	{r4, r5, pc}
2000023a:	bf00      	nop

2000023c <mutex_enter_timeout_ms>:
2000023c:	b570      	push	{r4, r5, r6, lr}
2000023e:	4605      	mov	r5, r0
20000240:	460c      	mov	r4, r1
20000242:	f001 f945 	bl	200014d0 <__time_us_64_veneer>
20000246:	4602      	mov	r2, r0
20000248:	460b      	mov	r3, r1
2000024a:	f44f 707a 	mov.w	r0, #1000	@ 0x3e8
2000024e:	f04f 3eff 	mov.w	lr, #4294967295	@ 0xffffffff
20000252:	f06f 4c00 	mvn.w	ip, #2147483648	@ 0x80000000
20000256:	fbe4 2300 	umlal	r2, r3, r4, r0
2000025a:	4596      	cmp	lr, r2
2000025c:	eb7c 0103 	sbcs.w	r1, ip, r3
20000260:	bf38      	it	cc
20000262:	4672      	movcc	r2, lr
20000264:	4628      	mov	r0, r5
20000266:	e8bd 4070 	ldmia.w	sp!, {r4, r5, r6, lr}
2000026a:	bf38      	it	cc
2000026c:	4663      	movcc	r3, ip
2000026e:	f7ff bf77 	b.w	20000160 <mutex_enter_block_until>
20000272:	bf00      	nop

20000274 <mutex_exit>:
20000274:	6803      	ldr	r3, [r0, #0]
20000276:	f3ef 8210 	mrs	r2, PRIMASK
2000027a:	b672      	cpsid	i
2000027c:	e8d3 cfcf 	ldaexb	ip, [r3]
20000280:	2101      	movs	r1, #1
20000282:	f1bc 0f00 	cmp.w	ip, #0
20000286:	d1f9      	bne.n	2000027c <mutex_exit+0x8>
20000288:	e8c3 1f4c 	strexb	ip, r1, [r3]
2000028c:	f1bc 0f00 	cmp.w	ip, #0
20000290:	d1f4      	bne.n	2000027c <mutex_exit+0x8>
20000292:	f3bf 8f5f 	dmb	sy
20000296:	f04f 0cff 	mov.w	ip, #255	@ 0xff
2000029a:	2300      	movs	r3, #0
2000029c:	6801      	ldr	r1, [r0, #0]
2000029e:	f880 c004 	strb.w	ip, [r0, #4]
200002a2:	e8c1 3f8f 	stlb	r3, [r1]
200002a6:	f382 8810 	msr	PRIMASK, r2
200002aa:	bf40      	sev
200002ac:	4770      	bx	lr
200002ae:	bf00      	nop

200002b0 <reset_non_control_endpoints>:
200002b0:	2100      	movs	r1, #0
200002b2:	b508      	push	{r3, lr}
200002b4:	4b13      	ldr	r3, [pc, #76]	@ (20000304 <reset_non_control_endpoints+0x54>)
200002b6:	f44f 7270 	mov.w	r2, #960	@ 0x3c0
200002ba:	6099      	str	r1, [r3, #8]
200002bc:	4812      	ldr	r0, [pc, #72]	@ (20000308 <reset_non_control_endpoints+0x58>)
200002be:	60d9      	str	r1, [r3, #12]
200002c0:	6119      	str	r1, [r3, #16]
200002c2:	6159      	str	r1, [r3, #20]
200002c4:	6199      	str	r1, [r3, #24]
200002c6:	61d9      	str	r1, [r3, #28]
200002c8:	6219      	str	r1, [r3, #32]
200002ca:	6259      	str	r1, [r3, #36]	@ 0x24
200002cc:	6299      	str	r1, [r3, #40]	@ 0x28
200002ce:	62d9      	str	r1, [r3, #44]	@ 0x2c
200002d0:	6319      	str	r1, [r3, #48]	@ 0x30
200002d2:	6359      	str	r1, [r3, #52]	@ 0x34
200002d4:	6399      	str	r1, [r3, #56]	@ 0x38
200002d6:	63d9      	str	r1, [r3, #60]	@ 0x3c
200002d8:	6419      	str	r1, [r3, #64]	@ 0x40
200002da:	6459      	str	r1, [r3, #68]	@ 0x44
200002dc:	6499      	str	r1, [r3, #72]	@ 0x48
200002de:	64d9      	str	r1, [r3, #76]	@ 0x4c
200002e0:	6519      	str	r1, [r3, #80]	@ 0x50
200002e2:	6559      	str	r1, [r3, #84]	@ 0x54
200002e4:	6599      	str	r1, [r3, #88]	@ 0x58
200002e6:	65d9      	str	r1, [r3, #92]	@ 0x5c
200002e8:	6619      	str	r1, [r3, #96]	@ 0x60
200002ea:	6659      	str	r1, [r3, #100]	@ 0x64
200002ec:	6699      	str	r1, [r3, #104]	@ 0x68
200002ee:	66d9      	str	r1, [r3, #108]	@ 0x6c
200002f0:	6719      	str	r1, [r3, #112]	@ 0x70
200002f2:	6759      	str	r1, [r3, #116]	@ 0x74
200002f4:	6799      	str	r1, [r3, #120]	@ 0x78
200002f6:	67d9      	str	r1, [r3, #124]	@ 0x7c
200002f8:	f001 f8e6 	bl	200014c8 <__memset_veneer>
200002fc:	4b03      	ldr	r3, [pc, #12]	@ (2000030c <reset_non_control_endpoints+0x5c>)
200002fe:	4a04      	ldr	r2, [pc, #16]	@ (20000310 <reset_non_control_endpoints+0x60>)
20000300:	601a      	str	r2, [r3, #0]
20000302:	bd08      	pop	{r3, pc}
20000304:	50100000 	.word	0x50100000
20000308:	200027a0 	.word	0x200027a0
2000030c:	20002b68 	.word	0x20002b68
20000310:	50100180 	.word	0x50100180

20000314 <hw_handle_buff_status>:
20000314:	e92d 4ff0 	stmdb	sp!, {r4, r5, r6, r7, r8, r9, sl, fp, lr}
20000318:	4b24      	ldr	r3, [pc, #144]	@ (200003ac <hw_handle_buff_status+0x98>)
2000031a:	b085      	sub	sp, #20
2000031c:	f8d3 a058 	ldr.w	sl, [r3, #88]	@ 0x58
20000320:	f1ba 0f00 	cmp.w	sl, #0
20000324:	d025      	beq.n	20000372 <hw_handle_buff_status+0x5e>
20000326:	2400      	movs	r4, #0
20000328:	2501      	movs	r5, #1
2000032a:	f04f 0902 	mov.w	r9, #2
2000032e:	4f20      	ldr	r7, [pc, #128]	@ (200003b0 <hw_handle_buff_status+0x9c>)
20000330:	e003      	b.n	2000033a <hw_handle_buff_status+0x26>
20000332:	006d      	lsls	r5, r5, #1
20000334:	b2dc      	uxtb	r4, r3
20000336:	2c20      	cmp	r4, #32
20000338:	d01b      	beq.n	20000372 <hw_handle_buff_status+0x5e>
2000033a:	ea1a 0f05 	tst.w	sl, r5
2000033e:	f104 0301 	add.w	r3, r4, #1
20000342:	d0f6      	beq.n	20000332 <hw_handle_buff_status+0x1e>
20000344:	43e6      	mvns	r6, r4
20000346:	ea4f 0854 	mov.w	r8, r4, lsr #1
2000034a:	f006 0601 	and.w	r6, r6, #1
2000034e:	fb19 6b08 	smlabb	fp, r9, r8, r6
20000352:	4b18      	ldr	r3, [pc, #96]	@ (200003b4 <hw_handle_buff_status+0xa0>)
20000354:	eb07 1b4b 	add.w	fp, r7, fp, lsl #5
20000358:	659d      	str	r5, [r3, #88]	@ 0x58
2000035a:	4658      	mov	r0, fp
2000035c:	ea2a 0a05 	bic.w	sl, sl, r5
20000360:	006d      	lsls	r5, r5, #1
20000362:	f000 fc25 	bl	20000bb0 <hw_endpoint_xfer_continue>
20000366:	b938      	cbnz	r0, 20000378 <hw_handle_buff_status+0x64>
20000368:	3401      	adds	r4, #1
2000036a:	b2e4      	uxtb	r4, r4
2000036c:	f1ba 0f00 	cmp.w	sl, #0
20000370:	d1e1      	bne.n	20000336 <hw_handle_buff_status+0x22>
20000372:	b005      	add	sp, #20
20000374:	e8bd 8ff0 	ldmia.w	sp!, {r4, r5, r6, r7, r8, r9, sl, fp, pc}
20000378:	2300      	movs	r3, #0
2000037a:	f8cd 3006 	str.w	r3, [sp, #6]
2000037e:	f8ad 300a 	strh.w	r3, [sp, #10]
20000382:	f44f 63e0 	mov.w	r3, #1792	@ 0x700
20000386:	eb06 0648 	add.w	r6, r6, r8, lsl #1
2000038a:	eb07 1646 	add.w	r6, r7, r6, lsl #5
2000038e:	78b2      	ldrb	r2, [r6, #2]
20000390:	f8ad 3004 	strh.w	r3, [sp, #4]
20000394:	8af3      	ldrh	r3, [r6, #22]
20000396:	a801      	add	r0, sp, #4
20000398:	2101      	movs	r1, #1
2000039a:	f88d 2008 	strb.w	r2, [sp, #8]
2000039e:	9303      	str	r3, [sp, #12]
200003a0:	f000 fc24 	bl	20000bec <dcd_event_handler>
200003a4:	4658      	mov	r0, fp
200003a6:	f000 fba9 	bl	20000afc <hw_endpoint_reset_transfer>
200003aa:	e7dd      	b.n	20000368 <hw_handle_buff_status+0x54>
200003ac:	50110000 	.word	0x50110000
200003b0:	20002760 	.word	0x20002760
200003b4:	50113000 	.word	0x50113000

200003b8 <dcd_rp2040_irq>:
200003b8:	b5f0      	push	{r4, r5, r6, r7, lr}
200003ba:	4bb8      	ldr	r3, [pc, #736]	@ (2000069c <dcd_rp2040_irq+0x2e4>)
200003bc:	b085      	sub	sp, #20
200003be:	f8d3 5098 	ldr.w	r5, [r3, #152]	@ 0x98
200003c2:	f415 3600 	ands.w	r6, r5, #131072	@ 0x20000
200003c6:	d07b      	beq.n	200004c0 <dcd_rp2040_irq+0x108>
200003c8:	4bb5      	ldr	r3, [pc, #724]	@ (200006a0 <dcd_rp2040_irq+0x2e8>)
200003ca:	4cb6      	ldr	r4, [pc, #728]	@ (200006a4 <dcd_rp2040_irq+0x2ec>)
200003cc:	6a99      	ldr	r1, [r3, #40]	@ 0x28
200003ce:	f894 303b 	ldrb.w	r3, [r4, #59]	@ 0x3b
200003d2:	4ab5      	ldr	r2, [pc, #724]	@ (200006a8 <dcd_rp2040_irq+0x2f0>)
200003d4:	2b02      	cmp	r3, #2
200003d6:	6011      	str	r1, [r2, #0]
200003d8:	f000 8111 	beq.w	200005fe <dcd_rp2040_irq+0x246>
200003dc:	2600      	movs	r6, #0
200003de:	f894 307b 	ldrb.w	r3, [r4, #123]	@ 0x7b
200003e2:	2b02      	cmp	r3, #2
200003e4:	f000 81ec 	beq.w	200007c0 <dcd_rp2040_irq+0x408>
200003e8:	f894 30bb 	ldrb.w	r3, [r4, #187]	@ 0xbb
200003ec:	2b02      	cmp	r3, #2
200003ee:	f000 81dd 	beq.w	200007ac <dcd_rp2040_irq+0x3f4>
200003f2:	f894 30fb 	ldrb.w	r3, [r4, #251]	@ 0xfb
200003f6:	2b02      	cmp	r3, #2
200003f8:	f000 81ce 	beq.w	20000798 <dcd_rp2040_irq+0x3e0>
200003fc:	f894 313b 	ldrb.w	r3, [r4, #315]	@ 0x13b
20000400:	2b02      	cmp	r3, #2
20000402:	f000 81be 	beq.w	20000782 <dcd_rp2040_irq+0x3ca>
20000406:	f894 317b 	ldrb.w	r3, [r4, #379]	@ 0x17b
2000040a:	2b02      	cmp	r3, #2
2000040c:	f000 81ae 	beq.w	2000076c <dcd_rp2040_irq+0x3b4>
20000410:	f894 31bb 	ldrb.w	r3, [r4, #443]	@ 0x1bb
20000414:	2b02      	cmp	r3, #2
20000416:	f000 819e 	beq.w	20000756 <dcd_rp2040_irq+0x39e>
2000041a:	f894 31fb 	ldrb.w	r3, [r4, #507]	@ 0x1fb
2000041e:	2b02      	cmp	r3, #2
20000420:	f000 818e 	beq.w	20000740 <dcd_rp2040_irq+0x388>
20000424:	f894 323b 	ldrb.w	r3, [r4, #571]	@ 0x23b
20000428:	2b02      	cmp	r3, #2
2000042a:	f000 817d 	beq.w	20000728 <dcd_rp2040_irq+0x370>
2000042e:	f894 327b 	ldrb.w	r3, [r4, #635]	@ 0x27b
20000432:	2b02      	cmp	r3, #2
20000434:	f000 816c 	beq.w	20000710 <dcd_rp2040_irq+0x358>
20000438:	f894 32bb 	ldrb.w	r3, [r4, #699]	@ 0x2bb
2000043c:	2b02      	cmp	r3, #2
2000043e:	f000 815b 	beq.w	200006f8 <dcd_rp2040_irq+0x340>
20000442:	f894 32fb 	ldrb.w	r3, [r4, #763]	@ 0x2fb
20000446:	2b02      	cmp	r3, #2
20000448:	f000 814a 	beq.w	200006e0 <dcd_rp2040_irq+0x328>
2000044c:	f894 333b 	ldrb.w	r3, [r4, #827]	@ 0x33b
20000450:	2b02      	cmp	r3, #2
20000452:	f000 8139 	beq.w	200006c8 <dcd_rp2040_irq+0x310>
20000456:	f894 337b 	ldrb.w	r3, [r4, #891]	@ 0x37b
2000045a:	2b02      	cmp	r3, #2
2000045c:	f000 80e1 	beq.w	20000622 <dcd_rp2040_irq+0x26a>
20000460:	f894 33bb 	ldrb.w	r3, [r4, #955]	@ 0x3bb
20000464:	2b02      	cmp	r3, #2
20000466:	f000 8104 	beq.w	20000672 <dcd_rp2040_irq+0x2ba>
2000046a:	f894 33fb 	ldrb.w	r3, [r4, #1019]	@ 0x3fb
2000046e:	2b02      	cmp	r3, #2
20000470:	f000 80ee 	beq.w	20000650 <dcd_rp2040_irq+0x298>
20000474:	b93e      	cbnz	r6, 20000486 <dcd_rp2040_irq+0xce>
20000476:	4b8d      	ldr	r3, [pc, #564]	@ (200006ac <dcd_rp2040_irq+0x2f4>)
20000478:	781b      	ldrb	r3, [r3, #0]
2000047a:	b923      	cbnz	r3, 20000486 <dcd_rp2040_irq+0xce>
2000047c:	f44f 3200 	mov.w	r2, #131072	@ 0x20000
20000480:	4b8b      	ldr	r3, [pc, #556]	@ (200006b0 <dcd_rp2040_irq+0x2f8>)
20000482:	f8c3 2090 	str.w	r2, [r3, #144]	@ 0x90
20000486:	2200      	movs	r2, #0
20000488:	f44f 7c40 	mov.w	ip, #768	@ 0x300
2000048c:	4b83      	ldr	r3, [pc, #524]	@ (2000069c <dcd_rp2040_irq+0x2e4>)
2000048e:	2101      	movs	r1, #1
20000490:	6c9b      	ldr	r3, [r3, #72]	@ 0x48
20000492:	a801      	add	r0, sp, #4
20000494:	f3c3 030a 	ubfx	r3, r3, #0, #11
20000498:	f8cd 2006 	str.w	r2, [sp, #6]
2000049c:	f8cd 200a 	str.w	r2, [sp, #10]
200004a0:	f8ad 200e 	strh.w	r2, [sp, #14]
200004a4:	f8ad c004 	strh.w	ip, [sp, #4]
200004a8:	9302      	str	r3, [sp, #8]
200004aa:	f000 fb9f 	bl	20000bec <dcd_event_handler>
200004ae:	06ea      	lsls	r2, r5, #27
200004b0:	f44f 3600 	mov.w	r6, #131072	@ 0x20000
200004b4:	4c7f      	ldr	r4, [pc, #508]	@ (200006b4 <dcd_rp2040_irq+0x2fc>)
200004b6:	d507      	bpl.n	200004c8 <dcd_rp2040_irq+0x110>
200004b8:	f7ff ff2c 	bl	20000314 <hw_handle_buff_status>
200004bc:	4626      	mov	r6, r4
200004be:	e003      	b.n	200004c8 <dcd_rp2040_irq+0x110>
200004c0:	06ea      	lsls	r2, r5, #27
200004c2:	f04f 0410 	mov.w	r4, #16
200004c6:	d4f7      	bmi.n	200004b8 <dcd_rp2040_irq+0x100>
200004c8:	03eb      	lsls	r3, r5, #15
200004ca:	d531      	bpl.n	20000530 <dcd_rp2040_irq+0x178>
200004cc:	4c75      	ldr	r4, [pc, #468]	@ (200006a4 <dcd_rp2040_irq+0x2ec>)
200004ce:	f446 3680 	orr.w	r6, r6, #65536	@ 0x10000
200004d2:	7ea3      	ldrb	r3, [r4, #26]
200004d4:	b19b      	cbz	r3, 200004fe <dcd_rp2040_irq+0x146>
200004d6:	2102      	movs	r1, #2
200004d8:	4b77      	ldr	r3, [pc, #476]	@ (200006b8 <dcd_rp2040_irq+0x300>)
200004da:	4a70      	ldr	r2, [pc, #448]	@ (2000069c <dcd_rp2040_irq+0x2e4>)
200004dc:	6619      	str	r1, [r3, #96]	@ 0x60
200004de:	6e53      	ldr	r3, [r2, #100]	@ 0x64
200004e0:	079f      	lsls	r7, r3, #30
200004e2:	d5fc      	bpl.n	200004de <dcd_rp2040_irq+0x126>
200004e4:	f44f 5240 	mov.w	r2, #12288	@ 0x3000
200004e8:	2100      	movs	r1, #0
200004ea:	486e      	ldr	r0, [pc, #440]	@ (200006a4 <dcd_rp2040_irq+0x2ec>)
200004ec:	f000 fb0c 	bl	20000b08 <_hw_endpoint_buffer_control_update32>
200004f0:	486c      	ldr	r0, [pc, #432]	@ (200006a4 <dcd_rp2040_irq+0x2ec>)
200004f2:	f000 fb03 	bl	20000afc <hw_endpoint_reset_transfer>
200004f6:	2202      	movs	r2, #2
200004f8:	4b6d      	ldr	r3, [pc, #436]	@ (200006b0 <dcd_rp2040_irq+0x2f8>)
200004fa:	665a      	str	r2, [r3, #100]	@ 0x64
200004fc:	661a      	str	r2, [r3, #96]	@ 0x60
200004fe:	2301      	movs	r3, #1
20000500:	f894 203a 	ldrb.w	r2, [r4, #58]	@ 0x3a
20000504:	70e3      	strb	r3, [r4, #3]
20000506:	b9f2      	cbnz	r2, 20000546 <dcd_rp2040_irq+0x18e>
20000508:	2301      	movs	r3, #1
2000050a:	f44f 61c0 	mov.w	r1, #1536	@ 0x600
2000050e:	4a6b      	ldr	r2, [pc, #428]	@ (200006bc <dcd_rp2040_irq+0x304>)
20000510:	f884 3023 	strb.w	r3, [r4, #35]	@ 0x23
20000514:	9101      	str	r1, [sp, #4]
20000516:	e892 0003 	ldmia.w	r2, {r0, r1}
2000051a:	aa04      	add	r2, sp, #16
2000051c:	e902 0003 	stmdb	r2, {r0, r1}
20000520:	4619      	mov	r1, r3
20000522:	a801      	add	r0, sp, #4
20000524:	f000 fb62 	bl	20000bec <dcd_event_handler>
20000528:	f44f 3200 	mov.w	r2, #131072	@ 0x20000
2000052c:	4b60      	ldr	r3, [pc, #384]	@ (200006b0 <dcd_rp2040_irq+0x2f8>)
2000052e:	651a      	str	r2, [r3, #80]	@ 0x50
20000530:	04e9      	lsls	r1, r5, #19
20000532:	d41d      	bmi.n	20000570 <dcd_rp2040_irq+0x1b8>
20000534:	046a      	lsls	r2, r5, #17
20000536:	d436      	bmi.n	200005a6 <dcd_rp2040_irq+0x1ee>
20000538:	042b      	lsls	r3, r5, #16
2000053a:	d44a      	bmi.n	200005d2 <dcd_rp2040_irq+0x21a>
2000053c:	42ae      	cmp	r6, r5
2000053e:	f040 81b7 	bne.w	200008b0 <dcd_rp2040_irq+0x4f8>
20000542:	b005      	add	sp, #20
20000544:	bdf0      	pop	{r4, r5, r6, r7, pc}
20000546:	4a5c      	ldr	r2, [pc, #368]	@ (200006b8 <dcd_rp2040_irq+0x300>)
20000548:	6613      	str	r3, [r2, #96]	@ 0x60
2000054a:	f5a2 5200 	sub.w	r2, r2, #8192	@ 0x2000
2000054e:	6e53      	ldr	r3, [r2, #100]	@ 0x64
20000550:	07d8      	lsls	r0, r3, #31
20000552:	d5fc      	bpl.n	2000054e <dcd_rp2040_irq+0x196>
20000554:	f44f 5240 	mov.w	r2, #12288	@ 0x3000
20000558:	2100      	movs	r1, #0
2000055a:	4859      	ldr	r0, [pc, #356]	@ (200006c0 <dcd_rp2040_irq+0x308>)
2000055c:	f000 fad4 	bl	20000b08 <_hw_endpoint_buffer_control_update32>
20000560:	4857      	ldr	r0, [pc, #348]	@ (200006c0 <dcd_rp2040_irq+0x308>)
20000562:	f000 facb 	bl	20000afc <hw_endpoint_reset_transfer>
20000566:	2201      	movs	r2, #1
20000568:	4b51      	ldr	r3, [pc, #324]	@ (200006b0 <dcd_rp2040_irq+0x2f8>)
2000056a:	665a      	str	r2, [r3, #100]	@ 0x64
2000056c:	661a      	str	r2, [r3, #96]	@ 0x60
2000056e:	e7cb      	b.n	20000508 <dcd_rp2040_irq+0x150>
20000570:	2400      	movs	r4, #0
20000572:	4b4a      	ldr	r3, [pc, #296]	@ (2000069c <dcd_rp2040_irq+0x2e4>)
20000574:	f446 5680 	orr.w	r6, r6, #4096	@ 0x1000
20000578:	601c      	str	r4, [r3, #0]
2000057a:	f7ff fe99 	bl	200002b0 <reset_non_control_endpoints>
2000057e:	f44f 7380 	mov.w	r3, #256	@ 0x100
20000582:	2101      	movs	r1, #1
20000584:	a801      	add	r0, sp, #4
20000586:	f8ad 3004 	strh.w	r3, [sp, #4]
2000058a:	f8cd 4006 	str.w	r4, [sp, #6]
2000058e:	f8cd 400a 	str.w	r4, [sp, #10]
20000592:	f8ad 400e 	strh.w	r4, [sp, #14]
20000596:	f000 fb29 	bl	20000bec <dcd_event_handler>
2000059a:	f44f 2200 	mov.w	r2, #524288	@ 0x80000
2000059e:	4b44      	ldr	r3, [pc, #272]	@ (200006b0 <dcd_rp2040_irq+0x2f8>)
200005a0:	651a      	str	r2, [r3, #80]	@ 0x50
200005a2:	046a      	lsls	r2, r5, #17
200005a4:	d5c8      	bpl.n	20000538 <dcd_rp2040_irq+0x180>
200005a6:	2300      	movs	r3, #0
200005a8:	f44f 6280 	mov.w	r2, #1024	@ 0x400
200005ac:	2101      	movs	r1, #1
200005ae:	a801      	add	r0, sp, #4
200005b0:	f8ad 300e 	strh.w	r3, [sp, #14]
200005b4:	f8cd 3006 	str.w	r3, [sp, #6]
200005b8:	f8cd 300a 	str.w	r3, [sp, #10]
200005bc:	f8ad 2004 	strh.w	r2, [sp, #4]
200005c0:	f000 fb14 	bl	20000bec <dcd_event_handler>
200005c4:	2210      	movs	r2, #16
200005c6:	4b3a      	ldr	r3, [pc, #232]	@ (200006b0 <dcd_rp2040_irq+0x2f8>)
200005c8:	f446 4680 	orr.w	r6, r6, #16384	@ 0x4000
200005cc:	651a      	str	r2, [r3, #80]	@ 0x50
200005ce:	042b      	lsls	r3, r5, #16
200005d0:	d5b4      	bpl.n	2000053c <dcd_rp2040_irq+0x184>
200005d2:	2300      	movs	r3, #0
200005d4:	f44f 62a0 	mov.w	r2, #1280	@ 0x500
200005d8:	2101      	movs	r1, #1
200005da:	a801      	add	r0, sp, #4
200005dc:	f8ad 300e 	strh.w	r3, [sp, #14]
200005e0:	f8cd 3006 	str.w	r3, [sp, #6]
200005e4:	f8cd 300a 	str.w	r3, [sp, #10]
200005e8:	f8ad 2004 	strh.w	r2, [sp, #4]
200005ec:	f000 fafe 	bl	20000bec <dcd_event_handler>
200005f0:	f44f 6200 	mov.w	r2, #2048	@ 0x800
200005f4:	4b2e      	ldr	r3, [pc, #184]	@ (200006b0 <dcd_rp2040_irq+0x2f8>)
200005f6:	f446 4600 	orr.w	r6, r6, #32768	@ 0x8000
200005fa:	651a      	str	r2, [r3, #80]	@ 0x50
200005fc:	e79e      	b.n	2000053c <dcd_rp2040_irq+0x184>
200005fe:	f894 603a 	ldrb.w	r6, [r4, #58]	@ 0x3a
20000602:	2e00      	cmp	r6, #0
20000604:	f43f aeeb 	beq.w	200003de <dcd_rp2040_irq+0x26>
20000608:	f894 303c 	ldrb.w	r3, [r4, #60]	@ 0x3c
2000060c:	2b00      	cmp	r3, #0
2000060e:	f43f aee6 	beq.w	200003de <dcd_rp2040_irq+0x26>
20000612:	2300      	movs	r3, #0
20000614:	f104 0020 	add.w	r0, r4, #32
20000618:	f884 303c 	strb.w	r3, [r4, #60]	@ 0x3c
2000061c:	f000 fa96 	bl	20000b4c <hw_endpoint_start_next_buffer>
20000620:	e6dd      	b.n	200003de <dcd_rp2040_irq+0x26>
20000622:	f894 737a 	ldrb.w	r7, [r4, #890]	@ 0x37a
20000626:	2f00      	cmp	r7, #0
20000628:	f43f af1a 	beq.w	20000460 <dcd_rp2040_irq+0xa8>
2000062c:	f894 337c 	ldrb.w	r3, [r4, #892]	@ 0x37c
20000630:	2b00      	cmp	r3, #0
20000632:	f040 8136 	bne.w	200008a2 <dcd_rp2040_irq+0x4ea>
20000636:	f894 33bb 	ldrb.w	r3, [r4, #955]	@ 0x3bb
2000063a:	2b02      	cmp	r3, #2
2000063c:	d123      	bne.n	20000686 <dcd_rp2040_irq+0x2ce>
2000063e:	f894 33ba 	ldrb.w	r3, [r4, #954]	@ 0x3ba
20000642:	b9db      	cbnz	r3, 2000067c <dcd_rp2040_irq+0x2c4>
20000644:	f894 33fb 	ldrb.w	r3, [r4, #1019]	@ 0x3fb
20000648:	2b02      	cmp	r3, #2
2000064a:	f47f af1c 	bne.w	20000486 <dcd_rp2040_irq+0xce>
2000064e:	463e      	mov	r6, r7
20000650:	f894 33fa 	ldrb.w	r3, [r4, #1018]	@ 0x3fa
20000654:	2b00      	cmp	r3, #0
20000656:	f43f af0d 	beq.w	20000474 <dcd_rp2040_irq+0xbc>
2000065a:	f894 33fc 	ldrb.w	r3, [r4, #1020]	@ 0x3fc
2000065e:	2b00      	cmp	r3, #0
20000660:	f43f af11 	beq.w	20000486 <dcd_rp2040_irq+0xce>
20000664:	2300      	movs	r3, #0
20000666:	4817      	ldr	r0, [pc, #92]	@ (200006c4 <dcd_rp2040_irq+0x30c>)
20000668:	f884 33fc 	strb.w	r3, [r4, #1020]	@ 0x3fc
2000066c:	f000 fa6e 	bl	20000b4c <hw_endpoint_start_next_buffer>
20000670:	e709      	b.n	20000486 <dcd_rp2040_irq+0xce>
20000672:	f894 33ba 	ldrb.w	r3, [r4, #954]	@ 0x3ba
20000676:	2b00      	cmp	r3, #0
20000678:	f43f aef7 	beq.w	2000046a <dcd_rp2040_irq+0xb2>
2000067c:	f894 33bc 	ldrb.w	r3, [r4, #956]	@ 0x3bc
20000680:	2b00      	cmp	r3, #0
20000682:	f040 80a7 	bne.w	200007d4 <dcd_rp2040_irq+0x41c>
20000686:	f894 33fb 	ldrb.w	r3, [r4, #1019]	@ 0x3fb
2000068a:	2b02      	cmp	r3, #2
2000068c:	f47f aefb 	bne.w	20000486 <dcd_rp2040_irq+0xce>
20000690:	f894 33fa 	ldrb.w	r3, [r4, #1018]	@ 0x3fa
20000694:	2b00      	cmp	r3, #0
20000696:	d1e0      	bne.n	2000065a <dcd_rp2040_irq+0x2a2>
20000698:	e6f5      	b.n	20000486 <dcd_rp2040_irq+0xce>
2000069a:	bf00      	nop
2000069c:	50110000 	.word	0x50110000
200006a0:	400b0000 	.word	0x400b0000
200006a4:	20002760 	.word	0x20002760
200006a8:	20002754 	.word	0x20002754
200006ac:	20002bbf 	.word	0x20002bbf
200006b0:	50113000 	.word	0x50113000
200006b4:	00020010 	.word	0x00020010
200006b8:	50112000 	.word	0x50112000
200006bc:	50100000 	.word	0x50100000
200006c0:	20002780 	.word	0x20002780
200006c4:	20002b40 	.word	0x20002b40
200006c8:	f894 733a 	ldrb.w	r7, [r4, #826]	@ 0x33a
200006cc:	2f00      	cmp	r7, #0
200006ce:	f43f aec2 	beq.w	20000456 <dcd_rp2040_irq+0x9e>
200006d2:	f894 333c 	ldrb.w	r3, [r4, #828]	@ 0x33c
200006d6:	2b00      	cmp	r3, #0
200006d8:	f040 80db 	bne.w	20000892 <dcd_rp2040_irq+0x4da>
200006dc:	463e      	mov	r6, r7
200006de:	e6ba      	b.n	20000456 <dcd_rp2040_irq+0x9e>
200006e0:	f894 72fa 	ldrb.w	r7, [r4, #762]	@ 0x2fa
200006e4:	2f00      	cmp	r7, #0
200006e6:	f43f aeb1 	beq.w	2000044c <dcd_rp2040_irq+0x94>
200006ea:	f894 32fc 	ldrb.w	r3, [r4, #764]	@ 0x2fc
200006ee:	2b00      	cmp	r3, #0
200006f0:	f040 80c7 	bne.w	20000882 <dcd_rp2040_irq+0x4ca>
200006f4:	463e      	mov	r6, r7
200006f6:	e6a9      	b.n	2000044c <dcd_rp2040_irq+0x94>
200006f8:	f894 72ba 	ldrb.w	r7, [r4, #698]	@ 0x2ba
200006fc:	2f00      	cmp	r7, #0
200006fe:	f43f aea0 	beq.w	20000442 <dcd_rp2040_irq+0x8a>
20000702:	f894 32bc 	ldrb.w	r3, [r4, #700]	@ 0x2bc
20000706:	2b00      	cmp	r3, #0
20000708:	f040 80b3 	bne.w	20000872 <dcd_rp2040_irq+0x4ba>
2000070c:	463e      	mov	r6, r7
2000070e:	e698      	b.n	20000442 <dcd_rp2040_irq+0x8a>
20000710:	f894 727a 	ldrb.w	r7, [r4, #634]	@ 0x27a
20000714:	2f00      	cmp	r7, #0
20000716:	f43f ae8f 	beq.w	20000438 <dcd_rp2040_irq+0x80>
2000071a:	f894 327c 	ldrb.w	r3, [r4, #636]	@ 0x27c
2000071e:	2b00      	cmp	r3, #0
20000720:	f040 809f 	bne.w	20000862 <dcd_rp2040_irq+0x4aa>
20000724:	463e      	mov	r6, r7
20000726:	e687      	b.n	20000438 <dcd_rp2040_irq+0x80>
20000728:	f894 723a 	ldrb.w	r7, [r4, #570]	@ 0x23a
2000072c:	2f00      	cmp	r7, #0
2000072e:	f43f ae7e 	beq.w	2000042e <dcd_rp2040_irq+0x76>
20000732:	f894 323c 	ldrb.w	r3, [r4, #572]	@ 0x23c
20000736:	2b00      	cmp	r3, #0
20000738:	f040 808b 	bne.w	20000852 <dcd_rp2040_irq+0x49a>
2000073c:	463e      	mov	r6, r7
2000073e:	e676      	b.n	2000042e <dcd_rp2040_irq+0x76>
20000740:	f894 71fa 	ldrb.w	r7, [r4, #506]	@ 0x1fa
20000744:	2f00      	cmp	r7, #0
20000746:	f43f ae6d 	beq.w	20000424 <dcd_rp2040_irq+0x6c>
2000074a:	f894 31fc 	ldrb.w	r3, [r4, #508]	@ 0x1fc
2000074e:	2b00      	cmp	r3, #0
20000750:	d177      	bne.n	20000842 <dcd_rp2040_irq+0x48a>
20000752:	463e      	mov	r6, r7
20000754:	e666      	b.n	20000424 <dcd_rp2040_irq+0x6c>
20000756:	f894 71ba 	ldrb.w	r7, [r4, #442]	@ 0x1ba
2000075a:	2f00      	cmp	r7, #0
2000075c:	f43f ae5d 	beq.w	2000041a <dcd_rp2040_irq+0x62>
20000760:	f894 31bc 	ldrb.w	r3, [r4, #444]	@ 0x1bc
20000764:	2b00      	cmp	r3, #0
20000766:	d164      	bne.n	20000832 <dcd_rp2040_irq+0x47a>
20000768:	463e      	mov	r6, r7
2000076a:	e656      	b.n	2000041a <dcd_rp2040_irq+0x62>
2000076c:	f894 717a 	ldrb.w	r7, [r4, #378]	@ 0x17a
20000770:	2f00      	cmp	r7, #0
20000772:	f43f ae4d 	beq.w	20000410 <dcd_rp2040_irq+0x58>
20000776:	f894 317c 	ldrb.w	r3, [r4, #380]	@ 0x17c
2000077a:	2b00      	cmp	r3, #0
2000077c:	d151      	bne.n	20000822 <dcd_rp2040_irq+0x46a>
2000077e:	463e      	mov	r6, r7
20000780:	e646      	b.n	20000410 <dcd_rp2040_irq+0x58>
20000782:	f894 713a 	ldrb.w	r7, [r4, #314]	@ 0x13a
20000786:	2f00      	cmp	r7, #0
20000788:	f43f ae3d 	beq.w	20000406 <dcd_rp2040_irq+0x4e>
2000078c:	f894 313c 	ldrb.w	r3, [r4, #316]	@ 0x13c
20000790:	2b00      	cmp	r3, #0
20000792:	d13e      	bne.n	20000812 <dcd_rp2040_irq+0x45a>
20000794:	463e      	mov	r6, r7
20000796:	e636      	b.n	20000406 <dcd_rp2040_irq+0x4e>
20000798:	f894 70fa 	ldrb.w	r7, [r4, #250]	@ 0xfa
2000079c:	2f00      	cmp	r7, #0
2000079e:	f43f ae2d 	beq.w	200003fc <dcd_rp2040_irq+0x44>
200007a2:	f894 30fc 	ldrb.w	r3, [r4, #252]	@ 0xfc
200007a6:	bb63      	cbnz	r3, 20000802 <dcd_rp2040_irq+0x44a>
200007a8:	463e      	mov	r6, r7
200007aa:	e627      	b.n	200003fc <dcd_rp2040_irq+0x44>
200007ac:	f894 70ba 	ldrb.w	r7, [r4, #186]	@ 0xba
200007b0:	2f00      	cmp	r7, #0
200007b2:	f43f ae1e 	beq.w	200003f2 <dcd_rp2040_irq+0x3a>
200007b6:	f894 30bc 	ldrb.w	r3, [r4, #188]	@ 0xbc
200007ba:	b9d3      	cbnz	r3, 200007f2 <dcd_rp2040_irq+0x43a>
200007bc:	463e      	mov	r6, r7
200007be:	e618      	b.n	200003f2 <dcd_rp2040_irq+0x3a>
200007c0:	f894 707a 	ldrb.w	r7, [r4, #122]	@ 0x7a
200007c4:	2f00      	cmp	r7, #0
200007c6:	f43f ae0f 	beq.w	200003e8 <dcd_rp2040_irq+0x30>
200007ca:	f894 307c 	ldrb.w	r3, [r4, #124]	@ 0x7c
200007ce:	b943      	cbnz	r3, 200007e2 <dcd_rp2040_irq+0x42a>
200007d0:	463e      	mov	r6, r7
200007d2:	e609      	b.n	200003e8 <dcd_rp2040_irq+0x30>
200007d4:	2300      	movs	r3, #0
200007d6:	4839      	ldr	r0, [pc, #228]	@ (200008bc <dcd_rp2040_irq+0x504>)
200007d8:	f884 33bc 	strb.w	r3, [r4, #956]	@ 0x3bc
200007dc:	f000 f9b6 	bl	20000b4c <hw_endpoint_start_next_buffer>
200007e0:	e751      	b.n	20000686 <dcd_rp2040_irq+0x2ce>
200007e2:	2300      	movs	r3, #0
200007e4:	4836      	ldr	r0, [pc, #216]	@ (200008c0 <dcd_rp2040_irq+0x508>)
200007e6:	f884 307c 	strb.w	r3, [r4, #124]	@ 0x7c
200007ea:	463e      	mov	r6, r7
200007ec:	f000 f9ae 	bl	20000b4c <hw_endpoint_start_next_buffer>
200007f0:	e5fa      	b.n	200003e8 <dcd_rp2040_irq+0x30>
200007f2:	2300      	movs	r3, #0
200007f4:	4833      	ldr	r0, [pc, #204]	@ (200008c4 <dcd_rp2040_irq+0x50c>)
200007f6:	f884 30bc 	strb.w	r3, [r4, #188]	@ 0xbc
200007fa:	463e      	mov	r6, r7
200007fc:	f000 f9a6 	bl	20000b4c <hw_endpoint_start_next_buffer>
20000800:	e5f7      	b.n	200003f2 <dcd_rp2040_irq+0x3a>
20000802:	2300      	movs	r3, #0
20000804:	4830      	ldr	r0, [pc, #192]	@ (200008c8 <dcd_rp2040_irq+0x510>)
20000806:	f884 30fc 	strb.w	r3, [r4, #252]	@ 0xfc
2000080a:	463e      	mov	r6, r7
2000080c:	f000 f99e 	bl	20000b4c <hw_endpoint_start_next_buffer>
20000810:	e5f4      	b.n	200003fc <dcd_rp2040_irq+0x44>
20000812:	2300      	movs	r3, #0
20000814:	482d      	ldr	r0, [pc, #180]	@ (200008cc <dcd_rp2040_irq+0x514>)
20000816:	f884 313c 	strb.w	r3, [r4, #316]	@ 0x13c
2000081a:	463e      	mov	r6, r7
2000081c:	f000 f996 	bl	20000b4c <hw_endpoint_start_next_buffer>
20000820:	e5f1      	b.n	20000406 <dcd_rp2040_irq+0x4e>
20000822:	2300      	movs	r3, #0
20000824:	482a      	ldr	r0, [pc, #168]	@ (200008d0 <dcd_rp2040_irq+0x518>)
20000826:	f884 317c 	strb.w	r3, [r4, #380]	@ 0x17c
2000082a:	463e      	mov	r6, r7
2000082c:	f000 f98e 	bl	20000b4c <hw_endpoint_start_next_buffer>
20000830:	e5ee      	b.n	20000410 <dcd_rp2040_irq+0x58>
20000832:	2300      	movs	r3, #0
20000834:	4827      	ldr	r0, [pc, #156]	@ (200008d4 <dcd_rp2040_irq+0x51c>)
20000836:	f884 31bc 	strb.w	r3, [r4, #444]	@ 0x1bc
2000083a:	463e      	mov	r6, r7
2000083c:	f000 f986 	bl	20000b4c <hw_endpoint_start_next_buffer>
20000840:	e5eb      	b.n	2000041a <dcd_rp2040_irq+0x62>
20000842:	2300      	movs	r3, #0
20000844:	4824      	ldr	r0, [pc, #144]	@ (200008d8 <dcd_rp2040_irq+0x520>)
20000846:	f884 31fc 	strb.w	r3, [r4, #508]	@ 0x1fc
2000084a:	463e      	mov	r6, r7
2000084c:	f000 f97e 	bl	20000b4c <hw_endpoint_start_next_buffer>
20000850:	e5e8      	b.n	20000424 <dcd_rp2040_irq+0x6c>
20000852:	2300      	movs	r3, #0
20000854:	4821      	ldr	r0, [pc, #132]	@ (200008dc <dcd_rp2040_irq+0x524>)
20000856:	f884 323c 	strb.w	r3, [r4, #572]	@ 0x23c
2000085a:	463e      	mov	r6, r7
2000085c:	f000 f976 	bl	20000b4c <hw_endpoint_start_next_buffer>
20000860:	e5e5      	b.n	2000042e <dcd_rp2040_irq+0x76>
20000862:	2300      	movs	r3, #0
20000864:	481e      	ldr	r0, [pc, #120]	@ (200008e0 <dcd_rp2040_irq+0x528>)
20000866:	f884 327c 	strb.w	r3, [r4, #636]	@ 0x27c
2000086a:	463e      	mov	r6, r7
2000086c:	f000 f96e 	bl	20000b4c <hw_endpoint_start_next_buffer>
20000870:	e5e2      	b.n	20000438 <dcd_rp2040_irq+0x80>
20000872:	2300      	movs	r3, #0
20000874:	481b      	ldr	r0, [pc, #108]	@ (200008e4 <dcd_rp2040_irq+0x52c>)
20000876:	f884 32bc 	strb.w	r3, [r4, #700]	@ 0x2bc
2000087a:	463e      	mov	r6, r7
2000087c:	f000 f966 	bl	20000b4c <hw_endpoint_start_next_buffer>
20000880:	e5df      	b.n	20000442 <dcd_rp2040_irq+0x8a>
20000882:	2300      	movs	r3, #0
20000884:	4818      	ldr	r0, [pc, #96]	@ (200008e8 <dcd_rp2040_irq+0x530>)
20000886:	f884 32fc 	strb.w	r3, [r4, #764]	@ 0x2fc
2000088a:	463e      	mov	r6, r7
2000088c:	f000 f95e 	bl	20000b4c <hw_endpoint_start_next_buffer>
20000890:	e5dc      	b.n	2000044c <dcd_rp2040_irq+0x94>
20000892:	2300      	movs	r3, #0
20000894:	4815      	ldr	r0, [pc, #84]	@ (200008ec <dcd_rp2040_irq+0x534>)
20000896:	f884 333c 	strb.w	r3, [r4, #828]	@ 0x33c
2000089a:	463e      	mov	r6, r7
2000089c:	f000 f956 	bl	20000b4c <hw_endpoint_start_next_buffer>
200008a0:	e5d9      	b.n	20000456 <dcd_rp2040_irq+0x9e>
200008a2:	2300      	movs	r3, #0
200008a4:	4812      	ldr	r0, [pc, #72]	@ (200008f0 <dcd_rp2040_irq+0x538>)
200008a6:	f884 337c 	strb.w	r3, [r4, #892]	@ 0x37c
200008aa:	f000 f94f 	bl	20000b4c <hw_endpoint_start_next_buffer>
200008ae:	e6c2      	b.n	20000636 <dcd_rp2040_irq+0x27e>
200008b0:	4810      	ldr	r0, [pc, #64]	@ (200008f4 <dcd_rp2040_irq+0x53c>)
200008b2:	ea86 0105 	eor.w	r1, r6, r5
200008b6:	f000 fdff 	bl	200014b8 <__panic_veneer>
200008ba:	bf00      	nop
200008bc:	20002b00 	.word	0x20002b00
200008c0:	200027c0 	.word	0x200027c0
200008c4:	20002800 	.word	0x20002800
200008c8:	20002840 	.word	0x20002840
200008cc:	20002880 	.word	0x20002880
200008d0:	200028c0 	.word	0x200028c0
200008d4:	20002900 	.word	0x20002900
200008d8:	20002940 	.word	0x20002940
200008dc:	20002980 	.word	0x20002980
200008e0:	200029c0 	.word	0x200029c0
200008e4:	20002a00 	.word	0x20002a00
200008e8:	20002a40 	.word	0x20002a40
200008ec:	20002a80 	.word	0x20002a80
200008f0:	20002ac0 	.word	0x20002ac0
200008f4:	100073c4 	.word	0x100073c4

200008f8 <prepare_ep_buffer>:
200008f8:	e92d 43f0 	stmdb	sp!, {r4, r5, r6, r7, r8, r9, lr}
200008fc:	8a82      	ldrh	r2, [r0, #20]
200008fe:	8b04      	ldrh	r4, [r0, #24]
20000900:	4603      	mov	r3, r0
20000902:	4294      	cmp	r4, r2
20000904:	78c0      	ldrb	r0, [r0, #3]
20000906:	bf28      	it	cs
20000908:	4614      	movcs	r4, r2
2000090a:	1e05      	subs	r5, r0, #0
2000090c:	bf18      	it	ne
2000090e:	2501      	movne	r5, #1
20000910:	f080 0001 	eor.w	r0, r0, #1
20000914:	1b12      	subs	r2, r2, r4
20000916:	785e      	ldrb	r6, [r3, #1]
20000918:	70d8      	strb	r0, [r3, #3]
2000091a:	b292      	uxth	r2, r2
2000091c:	f444 6080 	orr.w	r0, r4, #1024	@ 0x400
20000920:	829a      	strh	r2, [r3, #20]
20000922:	ea40 3045 	orr.w	r0, r0, r5, lsl #13
20000926:	bb06      	cbnz	r6, 2000096a <prepare_ep_buffer+0x72>
20000928:	68dd      	ldr	r5, [r3, #12]
2000092a:	f104 38ff 	add.w	r8, r4, #4294967295	@ 0xffffffff
2000092e:	eb05 1c81 	add.w	ip, r5, r1, lsl #6
20000932:	691d      	ldr	r5, [r3, #16]
20000934:	b1ac      	cbz	r4, 20000962 <prepare_ep_buffer+0x6a>
20000936:	f1b8 0f05 	cmp.w	r8, #5
2000093a:	f105 0201 	add.w	r2, r5, #1
2000093e:	d903      	bls.n	20000948 <prepare_ep_buffer+0x50>
20000940:	ebac 0702 	sub.w	r7, ip, r2
20000944:	2f02      	cmp	r7, #2
20000946:	d817      	bhi.n	20000978 <prepare_ep_buffer+0x80>
20000948:	f10c 3cff 	add.w	ip, ip, #4294967295	@ 0xffffffff
2000094c:	4425      	add	r5, r4
2000094e:	e000      	b.n	20000952 <prepare_ep_buffer+0x5a>
20000950:	3201      	adds	r2, #1
20000952:	f812 6c01 	ldrb.w	r6, [r2, #-1]
20000956:	42aa      	cmp	r2, r5
20000958:	f80c 6f01 	strb.w	r6, [ip, #1]!
2000095c:	d1f8      	bne.n	20000950 <prepare_ep_buffer+0x58>
2000095e:	691d      	ldr	r5, [r3, #16]
20000960:	8a9a      	ldrh	r2, [r3, #20]
20000962:	4425      	add	r5, r4
20000964:	611d      	str	r5, [r3, #16]
20000966:	f440 4000 	orr.w	r0, r0, #32768	@ 0x8000
2000096a:	b90a      	cbnz	r2, 20000970 <prepare_ep_buffer+0x78>
2000096c:	f440 4080 	orr.w	r0, r0, #16384	@ 0x4000
20000970:	b101      	cbz	r1, 20000974 <prepare_ep_buffer+0x7c>
20000972:	0400      	lsls	r0, r0, #16
20000974:	e8bd 83f0 	ldmia.w	sp!, {r4, r5, r6, r7, r8, r9, pc}
20000978:	462f      	mov	r7, r5
2000097a:	46e6      	mov	lr, ip
2000097c:	4632      	mov	r2, r6
2000097e:	1f26      	subs	r6, r4, #4
20000980:	08b6      	lsrs	r6, r6, #2
20000982:	3601      	adds	r6, #1
20000984:	f857 9b04 	ldr.w	r9, [r7], #4
20000988:	3201      	adds	r2, #1
2000098a:	42b2      	cmp	r2, r6
2000098c:	f84e 9b04 	str.w	r9, [lr], #4
20000990:	d3f8      	bcc.n	20000984 <prepare_ep_buffer+0x8c>
20000992:	ebb4 0f86 	cmp.w	r4, r6, lsl #2
20000996:	eba8 0286 	sub.w	r2, r8, r6, lsl #2
2000099a:	eb05 0e86 	add.w	lr, r5, r6, lsl #2
2000099e:	eb0c 0786 	add.w	r7, ip, r6, lsl #2
200009a2:	d0dc      	beq.n	2000095e <prepare_ep_buffer+0x66>
200009a4:	f815 5026 	ldrb.w	r5, [r5, r6, lsl #2]
200009a8:	f80c 5026 	strb.w	r5, [ip, r6, lsl #2]
200009ac:	2a00      	cmp	r2, #0
200009ae:	d0d6      	beq.n	2000095e <prepare_ep_buffer+0x66>
200009b0:	f89e 5001 	ldrb.w	r5, [lr, #1]
200009b4:	2a01      	cmp	r2, #1
200009b6:	707d      	strb	r5, [r7, #1]
200009b8:	d0d1      	beq.n	2000095e <prepare_ep_buffer+0x66>
200009ba:	f89e 2002 	ldrb.w	r2, [lr, #2]
200009be:	70ba      	strb	r2, [r7, #2]
200009c0:	691d      	ldr	r5, [r3, #16]
200009c2:	8a9a      	ldrh	r2, [r3, #20]
200009c4:	e7cd      	b.n	20000962 <prepare_ep_buffer+0x6a>
200009c6:	bf00      	nop

200009c8 <sync_ep_buffer>:
200009c8:	6883      	ldr	r3, [r0, #8]
200009ca:	4602      	mov	r2, r0
200009cc:	6818      	ldr	r0, [r3, #0]
200009ce:	b101      	cbz	r1, 200009d2 <sync_ep_buffer+0xa>
200009d0:	0c00      	lsrs	r0, r0, #16
200009d2:	7853      	ldrb	r3, [r2, #1]
200009d4:	f3c0 0009 	ubfx	r0, r0, #0, #10
200009d8:	b313      	cbz	r3, 20000a20 <sync_ep_buffer+0x58>
200009da:	b5f0      	push	{r4, r5, r6, r7, lr}
200009dc:	e9d2 5403 	ldrd	r5, r4, [r2, #12]
200009e0:	018f      	lsls	r7, r1, #6
200009e2:	eb05 1381 	add.w	r3, r5, r1, lsl #6
200009e6:	1e46      	subs	r6, r0, #1
200009e8:	b178      	cbz	r0, 20000a0a <sync_ep_buffer+0x42>
200009ea:	2e05      	cmp	r6, #5
200009ec:	d904      	bls.n	200009f8 <sync_ep_buffer+0x30>
200009ee:	3701      	adds	r7, #1
200009f0:	443d      	add	r5, r7
200009f2:	1b65      	subs	r5, r4, r5
200009f4:	2d02      	cmp	r5, #2
200009f6:	d81c      	bhi.n	20000a32 <sync_ep_buffer+0x6a>
200009f8:	1e61      	subs	r1, r4, #1
200009fa:	181d      	adds	r5, r3, r0
200009fc:	f813 4b01 	ldrb.w	r4, [r3], #1
20000a00:	429d      	cmp	r5, r3
20000a02:	f801 4f01 	strb.w	r4, [r1, #1]!
20000a06:	d1f9      	bne.n	200009fc <sync_ep_buffer+0x34>
20000a08:	6914      	ldr	r4, [r2, #16]
20000a0a:	8ad3      	ldrh	r3, [r2, #22]
20000a0c:	4404      	add	r4, r0
20000a0e:	4403      	add	r3, r0
20000a10:	82d3      	strh	r3, [r2, #22]
20000a12:	8b13      	ldrh	r3, [r2, #24]
20000a14:	6114      	str	r4, [r2, #16]
20000a16:	4283      	cmp	r3, r0
20000a18:	bf84      	itt	hi
20000a1a:	2300      	movhi	r3, #0
20000a1c:	8293      	strhhi	r3, [r2, #20]
20000a1e:	bdf0      	pop	{r4, r5, r6, r7, pc}
20000a20:	8ad3      	ldrh	r3, [r2, #22]
20000a22:	4403      	add	r3, r0
20000a24:	82d3      	strh	r3, [r2, #22]
20000a26:	8b13      	ldrh	r3, [r2, #24]
20000a28:	4283      	cmp	r3, r0
20000a2a:	bf84      	itt	hi
20000a2c:	2300      	movhi	r3, #0
20000a2e:	8293      	strhhi	r3, [r2, #20]
20000a30:	4770      	bx	lr
20000a32:	469e      	mov	lr, r3
20000a34:	4625      	mov	r5, r4
20000a36:	2100      	movs	r1, #0
20000a38:	f1a0 0c04 	sub.w	ip, r0, #4
20000a3c:	ea4f 0c9c 	mov.w	ip, ip, lsr #2
20000a40:	f10c 0c01 	add.w	ip, ip, #1
20000a44:	f85e 7b04 	ldr.w	r7, [lr], #4
20000a48:	3101      	adds	r1, #1
20000a4a:	458c      	cmp	ip, r1
20000a4c:	f845 7b04 	str.w	r7, [r5], #4
20000a50:	d8f8      	bhi.n	20000a44 <sync_ep_buffer+0x7c>
20000a52:	ebb0 0f8c 	cmp.w	r0, ip, lsl #2
20000a56:	eba6 068c 	sub.w	r6, r6, ip, lsl #2
20000a5a:	eb03 058c 	add.w	r5, r3, ip, lsl #2
20000a5e:	eb04 018c 	add.w	r1, r4, ip, lsl #2
20000a62:	d0d1      	beq.n	20000a08 <sync_ep_buffer+0x40>
20000a64:	f813 302c 	ldrb.w	r3, [r3, ip, lsl #2]
20000a68:	f804 302c 	strb.w	r3, [r4, ip, lsl #2]
20000a6c:	2e00      	cmp	r6, #0
20000a6e:	d0cb      	beq.n	20000a08 <sync_ep_buffer+0x40>
20000a70:	786b      	ldrb	r3, [r5, #1]
20000a72:	2e01      	cmp	r6, #1
20000a74:	704b      	strb	r3, [r1, #1]
20000a76:	d0c7      	beq.n	20000a08 <sync_ep_buffer+0x40>
20000a78:	78ab      	ldrb	r3, [r5, #2]
20000a7a:	708b      	strb	r3, [r1, #2]
20000a7c:	6914      	ldr	r4, [r2, #16]
20000a7e:	e7c4      	b.n	20000a0a <sync_ep_buffer+0x42>

20000a80 <_hw_endpoint_xfer_sync>:
20000a80:	b510      	push	{r4, lr}
20000a82:	4604      	mov	r4, r0
20000a84:	6883      	ldr	r3, [r0, #8]
20000a86:	2100      	movs	r1, #0
20000a88:	681b      	ldr	r3, [r3, #0]
20000a8a:	f7ff ff9d 	bl	200009c8 <sync_ep_buffer>
20000a8e:	6863      	ldr	r3, [r4, #4]
20000a90:	681b      	ldr	r3, [r3, #0]
20000a92:	005b      	lsls	r3, r3, #1
20000a94:	d502      	bpl.n	20000a9c <_hw_endpoint_xfer_sync+0x1c>
20000a96:	8b23      	ldrh	r3, [r4, #24]
20000a98:	4283      	cmp	r3, r0
20000a9a:	d000      	beq.n	20000a9e <_hw_endpoint_xfer_sync+0x1e>
20000a9c:	bd10      	pop	{r4, pc}
20000a9e:	4620      	mov	r0, r4
20000aa0:	e8bd 4010 	ldmia.w	sp!, {r4, lr}
20000aa4:	2101      	movs	r1, #1
20000aa6:	f7ff bf8f 	b.w	200009c8 <sync_ep_buffer>
20000aaa:	bf00      	nop

20000aac <e15_is_bulkin_ep>:
20000aac:	4b08      	ldr	r3, [pc, #32]	@ (20000ad0 <e15_is_bulkin_ep+0x24>)
20000aae:	6c1b      	ldr	r3, [r3, #64]	@ 0x40
20000ab0:	f013 0302 	ands.w	r3, r3, #2
20000ab4:	d102      	bne.n	20000abc <e15_is_bulkin_ep+0x10>
20000ab6:	7882      	ldrb	r2, [r0, #2]
20000ab8:	09d2      	lsrs	r2, r2, #7
20000aba:	d101      	bne.n	20000ac0 <e15_is_bulkin_ep+0x14>
20000abc:	2000      	movs	r0, #0
20000abe:	4770      	bx	lr
20000ac0:	7ec0      	ldrb	r0, [r0, #27]
20000ac2:	f1a0 0002 	sub.w	r0, r0, #2
20000ac6:	fab0 f080 	clz	r0, r0
20000aca:	0940      	lsrs	r0, r0, #5
20000acc:	4770      	bx	lr
20000ace:	bf00      	nop
20000ad0:	50110000 	.word	0x50110000

20000ad4 <e15_is_critical_frame_period>:
20000ad4:	b508      	push	{r3, lr}
20000ad6:	f7ff ffe9 	bl	20000aac <e15_is_bulkin_ep>
20000ada:	b150      	cbz	r0, 20000af2 <e15_is_critical_frame_period+0x1e>
20000adc:	4a05      	ldr	r2, [pc, #20]	@ (20000af4 <e15_is_critical_frame_period+0x20>)
20000ade:	4b06      	ldr	r3, [pc, #24]	@ (20000af8 <e15_is_critical_frame_period+0x24>)
20000ae0:	6a90      	ldr	r0, [r2, #40]	@ 0x28
20000ae2:	681b      	ldr	r3, [r3, #0]
20000ae4:	f5a0 7048 	sub.w	r0, r0, #800	@ 0x320
20000ae8:	1ac0      	subs	r0, r0, r3
20000aea:	28c6      	cmp	r0, #198	@ 0xc6
20000aec:	bf8c      	ite	hi
20000aee:	2000      	movhi	r0, #0
20000af0:	2001      	movls	r0, #1
20000af2:	bd08      	pop	{r3, pc}
20000af4:	400b0000 	.word	0x400b0000
20000af8:	20002754 	.word	0x20002754

20000afc <hw_endpoint_reset_transfer>:
20000afc:	2300      	movs	r3, #0
20000afe:	e9c0 3304 	strd	r3, r3, [r0, #16]
20000b02:	7683      	strb	r3, [r0, #26]
20000b04:	4770      	bx	lr
20000b06:	bf00      	nop

20000b08 <_hw_endpoint_buffer_control_update32>:
20000b08:	b510      	push	{r4, lr}
20000b0a:	6883      	ldr	r3, [r0, #8]
20000b0c:	b109      	cbz	r1, 20000b12 <_hw_endpoint_buffer_control_update32+0xa>
20000b0e:	681c      	ldr	r4, [r3, #0]
20000b10:	4021      	ands	r1, r4
20000b12:	b182      	cbz	r2, 20000b36 <_hw_endpoint_buffer_control_update32+0x2e>
20000b14:	4311      	orrs	r1, r2
20000b16:	0552      	lsls	r2, r2, #21
20000b18:	d50d      	bpl.n	20000b36 <_hw_endpoint_buffer_control_update32+0x2e>
20000b1a:	681a      	ldr	r2, [r3, #0]
20000b1c:	0554      	lsls	r4, r2, #21
20000b1e:	d40c      	bmi.n	20000b3a <_hw_endpoint_buffer_control_update32+0x32>
20000b20:	4a08      	ldr	r2, [pc, #32]	@ (20000b44 <_hw_endpoint_buffer_control_update32+0x3c>)
20000b22:	f421 6480 	bic.w	r4, r1, #1024	@ 0x400
20000b26:	601c      	str	r4, [r3, #0]
20000b28:	6c12      	ldr	r2, [r2, #64]	@ 0x40
20000b2a:	0792      	lsls	r2, r2, #30
20000b2c:	d403      	bmi.n	20000b36 <_hw_endpoint_buffer_control_update32+0x2e>
20000b2e:	230c      	movs	r3, #12
20000b30:	3b03      	subs	r3, #3
20000b32:	d2fd      	bcs.n	20000b30 <_hw_endpoint_buffer_control_update32+0x28>
20000b34:	6883      	ldr	r3, [r0, #8]
20000b36:	6019      	str	r1, [r3, #0]
20000b38:	bd10      	pop	{r4, pc}
20000b3a:	7881      	ldrb	r1, [r0, #2]
20000b3c:	4802      	ldr	r0, [pc, #8]	@ (20000b48 <_hw_endpoint_buffer_control_update32+0x40>)
20000b3e:	f000 fcbb 	bl	200014b8 <__panic_veneer>
20000b42:	bf00      	nop
20000b44:	50110000 	.word	0x50110000
20000b48:	100073d8 	.word	0x100073d8

20000b4c <hw_endpoint_start_next_buffer>:
20000b4c:	b530      	push	{r4, r5, lr}
20000b4e:	6843      	ldr	r3, [r0, #4]
20000b50:	2100      	movs	r1, #0
20000b52:	b083      	sub	sp, #12
20000b54:	4604      	mov	r4, r0
20000b56:	681d      	ldr	r5, [r3, #0]
20000b58:	f7ff fece 	bl	200008f8 <prepare_ep_buffer>
20000b5c:	4b13      	ldr	r3, [pc, #76]	@ (20000bac <hw_endpoint_start_next_buffer+0x60>)
20000b5e:	f440 5280 	orr.w	r2, r0, #4096	@ 0x1000
20000b62:	6c1b      	ldr	r3, [r3, #64]	@ 0x40
20000b64:	f013 0f02 	tst.w	r3, #2
20000b68:	78a3      	ldrb	r3, [r4, #2]
20000b6a:	d00e      	beq.n	20000b8a <hw_endpoint_start_next_buffer+0x3e>
20000b6c:	065b      	lsls	r3, r3, #25
20000b6e:	d00e      	beq.n	20000b8e <hw_endpoint_start_next_buffer+0x42>
20000b70:	f025 45a0 	bic.w	r5, r5, #1342177280	@ 0x50000000
20000b74:	f045 5500 	orr.w	r5, r5, #536870912	@ 0x20000000
20000b78:	2100      	movs	r1, #0
20000b7a:	4620      	mov	r0, r4
20000b7c:	6863      	ldr	r3, [r4, #4]
20000b7e:	601d      	str	r5, [r3, #0]
20000b80:	b003      	add	sp, #12
20000b82:	e8bd 4030 	ldmia.w	sp!, {r4, r5, lr}
20000b86:	f7ff bfbf 	b.w	20000b08 <_hw_endpoint_buffer_control_update32>
20000b8a:	09db      	lsrs	r3, r3, #7
20000b8c:	d0f0      	beq.n	20000b70 <hw_endpoint_start_next_buffer+0x24>
20000b8e:	8aa3      	ldrh	r3, [r4, #20]
20000b90:	2b00      	cmp	r3, #0
20000b92:	d0ed      	beq.n	20000b70 <hw_endpoint_start_next_buffer+0x24>
20000b94:	2101      	movs	r1, #1
20000b96:	4620      	mov	r0, r4
20000b98:	9201      	str	r2, [sp, #4]
20000b9a:	f7ff fead 	bl	200008f8 <prepare_ep_buffer>
20000b9e:	9a01      	ldr	r2, [sp, #4]
20000ba0:	f025 5500 	bic.w	r5, r5, #536870912	@ 0x20000000
20000ba4:	f045 45a0 	orr.w	r5, r5, #1342177280	@ 0x50000000
20000ba8:	4302      	orrs	r2, r0
20000baa:	e7e5      	b.n	20000b78 <hw_endpoint_start_next_buffer+0x2c>
20000bac:	50110000 	.word	0x50110000

20000bb0 <hw_endpoint_xfer_continue>:
20000bb0:	b538      	push	{r3, r4, r5, lr}
20000bb2:	7e85      	ldrb	r5, [r0, #26]
20000bb4:	4604      	mov	r4, r0
20000bb6:	b195      	cbz	r5, 20000bde <hw_endpoint_xfer_continue+0x2e>
20000bb8:	f7ff ff62 	bl	20000a80 <_hw_endpoint_xfer_sync>
20000bbc:	8aa3      	ldrh	r3, [r4, #20]
20000bbe:	b90b      	cbnz	r3, 20000bc4 <hw_endpoint_xfer_continue+0x14>
20000bc0:	4628      	mov	r0, r5
20000bc2:	bd38      	pop	{r3, r4, r5, pc}
20000bc4:	4620      	mov	r0, r4
20000bc6:	f7ff ff85 	bl	20000ad4 <e15_is_critical_frame_period>
20000bca:	b120      	cbz	r0, 20000bd6 <hw_endpoint_xfer_continue+0x26>
20000bcc:	2301      	movs	r3, #1
20000bce:	7723      	strb	r3, [r4, #28]
20000bd0:	2500      	movs	r5, #0
20000bd2:	4628      	mov	r0, r5
20000bd4:	bd38      	pop	{r3, r4, r5, pc}
20000bd6:	4620      	mov	r0, r4
20000bd8:	f7ff ffb8 	bl	20000b4c <hw_endpoint_start_next_buffer>
20000bdc:	e7f8      	b.n	20000bd0 <hw_endpoint_xfer_continue+0x20>
20000bde:	7881      	ldrb	r1, [r0, #2]
20000be0:	4801      	ldr	r0, [pc, #4]	@ (20000be8 <hw_endpoint_xfer_continue+0x38>)
20000be2:	f000 fc69 	bl	200014b8 <__panic_veneer>
20000be6:	bf00      	nop
20000be8:	100073f8 	.word	0x100073f8

20000bec <dcd_event_handler>:
20000bec:	e92d 43f0 	stmdb	sp!, {r4, r5, r6, r7, r8, r9, lr}
20000bf0:	7843      	ldrb	r3, [r0, #1]
20000bf2:	4681      	mov	r9, r0
20000bf4:	3b02      	subs	r3, #2
20000bf6:	460d      	mov	r5, r1
20000bf8:	b085      	sub	sp, #20
20000bfa:	2b04      	cmp	r3, #4
20000bfc:	d813      	bhi.n	20000c26 <dcd_event_handler+0x3a>
20000bfe:	e8df f003 	tbb	[pc, r3]
20000c02:	4a03      	.short	0x4a03
20000c04:	736a      	.short	0x736a
20000c06:	44          	.byte	0x44
20000c07:	00          	.byte	0x00
20000c08:	2100      	movs	r1, #0
20000c0a:	4b7b      	ldr	r3, [pc, #492]	@ (20000df8 <dcd_event_handler+0x20c>)
20000c0c:	781a      	ldrb	r2, [r3, #0]
20000c0e:	f36f 0200 	bfc	r2, #0, #1
20000c12:	701a      	strb	r2, [r3, #0]
20000c14:	781a      	ldrb	r2, [r3, #0]
20000c16:	f36f 0241 	bfc	r2, #1, #1
20000c1a:	701a      	strb	r2, [r3, #0]
20000c1c:	7059      	strb	r1, [r3, #1]
20000c1e:	781a      	ldrb	r2, [r3, #0]
20000c20:	f361 0282 	bfi	r2, r1, #2, #1
20000c24:	701a      	strb	r2, [r3, #0]
20000c26:	4b75      	ldr	r3, [pc, #468]	@ (20000dfc <dcd_event_handler+0x210>)
20000c28:	681c      	ldr	r4, [r3, #0]
20000c2a:	6963      	ldr	r3, [r4, #20]
20000c2c:	f3ef 8210 	mrs	r2, PRIMASK
20000c30:	b672      	cpsid	i
20000c32:	e8d3 0fcf 	ldaexb	r0, [r3]
20000c36:	2101      	movs	r1, #1
20000c38:	2800      	cmp	r0, #0
20000c3a:	d1fa      	bne.n	20000c32 <dcd_event_handler+0x46>
20000c3c:	e8c3 1f40 	strexb	r0, r1, [r3]
20000c40:	2800      	cmp	r0, #0
20000c42:	d1f6      	bne.n	20000c32 <dcd_event_handler+0x46>
20000c44:	f3bf 8f5f 	dmb	sy
20000c48:	61a2      	str	r2, [r4, #24]
20000c4a:	4649      	mov	r1, r9
20000c4c:	4620      	mov	r0, r4
20000c4e:	f000 fc2f 	bl	200014b0 <__tu_fifo_write_veneer>
20000c52:	2300      	movs	r3, #0
20000c54:	6962      	ldr	r2, [r4, #20]
20000c56:	e8c2 3f8f 	stlb	r3, [r2]
20000c5a:	69a3      	ldr	r3, [r4, #24]
20000c5c:	f383 8810 	msr	PRIMASK, r3
20000c60:	b948      	cbnz	r0, 20000c76 <dcd_event_handler+0x8a>
20000c62:	f04f 23e0 	mov.w	r3, #3758153728	@ 0xe000e000
20000c66:	f8d3 3df0 	ldr.w	r3, [r3, #3568]	@ 0xdf0
20000c6a:	07db      	lsls	r3, r3, #31
20000c6c:	d50a      	bpl.n	20000c84 <dcd_event_handler+0x98>
20000c6e:	be00      	bkpt	0x0000
20000c70:	b005      	add	sp, #20
20000c72:	e8bd 83f0 	ldmia.w	sp!, {r4, r5, r6, r7, r8, r9, pc}
20000c76:	462a      	mov	r2, r5
20000c78:	f899 1001 	ldrb.w	r1, [r9, #1]
20000c7c:	f899 0000 	ldrb.w	r0, [r9]
20000c80:	f000 fc12 	bl	200014a8 <__tud_event_hook_cb_veneer>
20000c84:	b005      	add	sp, #20
20000c86:	e8bd 83f0 	ldmia.w	sp!, {r4, r5, r6, r7, r8, r9, pc}
20000c8a:	4a5d      	ldr	r2, [pc, #372]	@ (20000e00 <dcd_event_handler+0x214>)
20000c8c:	7813      	ldrb	r3, [r2, #0]
20000c8e:	3301      	adds	r3, #1
20000c90:	b2db      	uxtb	r3, r3
20000c92:	7013      	strb	r3, [r2, #0]
20000c94:	e7c7      	b.n	20000c26 <dcd_event_handler+0x3a>
20000c96:	2400      	movs	r4, #0
20000c98:	4e5a      	ldr	r6, [pc, #360]	@ (20000e04 <dcd_event_handler+0x218>)
20000c9a:	4623      	mov	r3, r4
20000c9c:	7831      	ldrb	r1, [r6, #0]
20000c9e:	f8df 816c 	ldr.w	r8, [pc, #364]	@ 20000e0c <dcd_event_handler+0x220>
20000ca2:	4f59      	ldr	r7, [pc, #356]	@ (20000e08 <dcd_event_handler+0x21c>)
20000ca4:	e011      	b.n	20000cca <dcd_event_handler+0xde>
20000ca6:	683b      	ldr	r3, [r7, #0]
20000ca8:	eb13 1344 	adds.w	r3, r3, r4, lsl #5
20000cac:	d007      	beq.n	20000cbe <dcd_event_handler+0xd2>
20000cae:	69db      	ldr	r3, [r3, #28]
20000cb0:	b12b      	cbz	r3, 20000cbe <dcd_event_handler+0xd2>
20000cb2:	f8d9 1004 	ldr.w	r1, [r9, #4]
20000cb6:	f899 0000 	ldrb.w	r0, [r9]
20000cba:	4798      	blx	r3
20000cbc:	7831      	ldrb	r1, [r6, #0]
20000cbe:	3401      	adds	r4, #1
20000cc0:	b2e4      	uxtb	r4, r4
20000cc2:	1c4a      	adds	r2, r1, #1
20000cc4:	42a2      	cmp	r2, r4
20000cc6:	4623      	mov	r3, r4
20000cc8:	db17      	blt.n	20000cfa <dcd_event_handler+0x10e>
20000cca:	42a1      	cmp	r1, r4
20000ccc:	d8eb      	bhi.n	20000ca6 <dcd_event_handler+0xba>
20000cce:	1a5b      	subs	r3, r3, r1
20000cd0:	eb08 1343 	add.w	r3, r8, r3, lsl #5
20000cd4:	e7eb      	b.n	20000cae <dcd_event_handler+0xc2>
20000cd6:	4b48      	ldr	r3, [pc, #288]	@ (20000df8 <dcd_event_handler+0x20c>)
20000cd8:	781a      	ldrb	r2, [r3, #0]
20000cda:	07d6      	lsls	r6, r2, #31
20000cdc:	d5d2      	bpl.n	20000c84 <dcd_event_handler+0x98>
20000cde:	781a      	ldrb	r2, [r3, #0]
20000ce0:	f042 0204 	orr.w	r2, r2, #4
20000ce4:	701a      	strb	r2, [r3, #0]
20000ce6:	e79e      	b.n	20000c26 <dcd_event_handler+0x3a>
20000ce8:	4b43      	ldr	r3, [pc, #268]	@ (20000df8 <dcd_event_handler+0x20c>)
20000cea:	781a      	ldrb	r2, [r3, #0]
20000cec:	07d4      	lsls	r4, r2, #31
20000cee:	d5c9      	bpl.n	20000c84 <dcd_event_handler+0x98>
20000cf0:	781a      	ldrb	r2, [r3, #0]
20000cf2:	f36f 0282 	bfc	r2, #2, #1
20000cf6:	701a      	strb	r2, [r3, #0]
20000cf8:	e795      	b.n	20000c26 <dcd_event_handler+0x3a>
20000cfa:	4c3f      	ldr	r4, [pc, #252]	@ (20000df8 <dcd_event_handler+0x20c>)
20000cfc:	7823      	ldrb	r3, [r4, #0]
20000cfe:	0758      	lsls	r0, r3, #29
20000d00:	d43a      	bmi.n	20000d78 <dcd_event_handler+0x18c>
20000d02:	78e3      	ldrb	r3, [r4, #3]
20000d04:	07da      	lsls	r2, r3, #31
20000d06:	d5bd      	bpl.n	20000c84 <dcd_event_handler+0x98>
20000d08:	2303      	movs	r3, #3
20000d0a:	2600      	movs	r6, #0
20000d0c:	4a3b      	ldr	r2, [pc, #236]	@ (20000dfc <dcd_event_handler+0x210>)
20000d0e:	f899 1000 	ldrb.w	r1, [r9]
20000d12:	6814      	ldr	r4, [r2, #0]
20000d14:	f8d9 2004 	ldr.w	r2, [r9, #4]
20000d18:	f88d 1004 	strb.w	r1, [sp, #4]
20000d1c:	f88d 3005 	strb.w	r3, [sp, #5]
20000d20:	6963      	ldr	r3, [r4, #20]
20000d22:	f8cd 6006 	str.w	r6, [sp, #6]
20000d26:	f8cd 600a 	str.w	r6, [sp, #10]
20000d2a:	f8ad 600e 	strh.w	r6, [sp, #14]
20000d2e:	9202      	str	r2, [sp, #8]
20000d30:	f3ef 8210 	mrs	r2, PRIMASK
20000d34:	b672      	cpsid	i
20000d36:	e8d3 0fcf 	ldaexb	r0, [r3]
20000d3a:	2101      	movs	r1, #1
20000d3c:	2800      	cmp	r0, #0
20000d3e:	d1fa      	bne.n	20000d36 <dcd_event_handler+0x14a>
20000d40:	e8c3 1f40 	strexb	r0, r1, [r3]
20000d44:	2800      	cmp	r0, #0
20000d46:	d1f6      	bne.n	20000d36 <dcd_event_handler+0x14a>
20000d48:	f3bf 8f5f 	dmb	sy
20000d4c:	4620      	mov	r0, r4
20000d4e:	61a2      	str	r2, [r4, #24]
20000d50:	a901      	add	r1, sp, #4
20000d52:	f000 fbad 	bl	200014b0 <__tu_fifo_write_veneer>
20000d56:	6963      	ldr	r3, [r4, #20]
20000d58:	e8c3 6f8f 	stlb	r6, [r3]
20000d5c:	69a3      	ldr	r3, [r4, #24]
20000d5e:	f383 8810 	msr	PRIMASK, r3
20000d62:	2800      	cmp	r0, #0
20000d64:	f43f af7d 	beq.w	20000c62 <dcd_event_handler+0x76>
20000d68:	462a      	mov	r2, r5
20000d6a:	f89d 1005 	ldrb.w	r1, [sp, #5]
20000d6e:	f89d 0004 	ldrb.w	r0, [sp, #4]
20000d72:	f000 fb99 	bl	200014a8 <__tud_event_hook_cb_veneer>
20000d76:	e785      	b.n	20000c84 <dcd_event_handler+0x98>
20000d78:	7823      	ldrb	r3, [r4, #0]
20000d7a:	2700      	movs	r7, #0
20000d7c:	f36f 0382 	bfc	r3, #2, #1
20000d80:	7023      	strb	r3, [r4, #0]
20000d82:	2305      	movs	r3, #5
20000d84:	4a1d      	ldr	r2, [pc, #116]	@ (20000dfc <dcd_event_handler+0x210>)
20000d86:	f88d 3005 	strb.w	r3, [sp, #5]
20000d8a:	6816      	ldr	r6, [r2, #0]
20000d8c:	f899 2000 	ldrb.w	r2, [r9]
20000d90:	f8ad 700e 	strh.w	r7, [sp, #14]
20000d94:	f88d 2004 	strb.w	r2, [sp, #4]
20000d98:	6973      	ldr	r3, [r6, #20]
20000d9a:	f8cd 7006 	str.w	r7, [sp, #6]
20000d9e:	f8cd 700a 	str.w	r7, [sp, #10]
20000da2:	f3ef 8210 	mrs	r2, PRIMASK
20000da6:	b672      	cpsid	i
20000da8:	e8d3 0fcf 	ldaexb	r0, [r3]
20000dac:	2101      	movs	r1, #1
20000dae:	2800      	cmp	r0, #0
20000db0:	d1fa      	bne.n	20000da8 <dcd_event_handler+0x1bc>
20000db2:	e8c3 1f40 	strexb	r0, r1, [r3]
20000db6:	2800      	cmp	r0, #0
20000db8:	d1f6      	bne.n	20000da8 <dcd_event_handler+0x1bc>
20000dba:	f3bf 8f5f 	dmb	sy
20000dbe:	4630      	mov	r0, r6
20000dc0:	61b2      	str	r2, [r6, #24]
20000dc2:	a901      	add	r1, sp, #4
20000dc4:	f000 fb74 	bl	200014b0 <__tu_fifo_write_veneer>
20000dc8:	6973      	ldr	r3, [r6, #20]
20000dca:	e8c3 7f8f 	stlb	r7, [r3]
20000dce:	69b3      	ldr	r3, [r6, #24]
20000dd0:	f383 8810 	msr	PRIMASK, r3
20000dd4:	b938      	cbnz	r0, 20000de6 <dcd_event_handler+0x1fa>
20000dd6:	f04f 23e0 	mov.w	r3, #3758153728	@ 0xe000e000
20000dda:	f8d3 3df0 	ldr.w	r3, [r3, #3568]	@ 0xdf0
20000dde:	07d9      	lsls	r1, r3, #31
20000de0:	d58f      	bpl.n	20000d02 <dcd_event_handler+0x116>
20000de2:	be00      	bkpt	0x0000
20000de4:	e78d      	b.n	20000d02 <dcd_event_handler+0x116>
20000de6:	462a      	mov	r2, r5
20000de8:	f89d 1005 	ldrb.w	r1, [sp, #5]
20000dec:	f89d 0004 	ldrb.w	r0, [sp, #4]
20000df0:	f000 fb5a 	bl	200014a8 <__tud_event_hook_cb_veneer>
20000df4:	e785      	b.n	20000d02 <dcd_event_handler+0x116>
20000df6:	bf00      	nop
20000df8:	200022f8 	.word	0x200022f8
20000dfc:	20002350 	.word	0x20002350
20000e00:	20002bc0 	.word	0x20002bc0
20000e04:	20002bbe 	.word	0x20002bbe
20000e08:	20002274 	.word	0x20002274
20000e0c:	10007420 	.word	0x10007420

20000e10 <__aeabi_drsub>:
20000e10:	f081 4100 	eor.w	r1, r1, #2147483648	@ 0x80000000
20000e14:	e002      	b.n	20000e1c <__adddf3>
20000e16:	bf00      	nop

20000e18 <__aeabi_dsub>:
20000e18:	f083 4300 	eor.w	r3, r3, #2147483648	@ 0x80000000

20000e1c <__adddf3>:
20000e1c:	b530      	push	{r4, r5, lr}
20000e1e:	ea4f 0441 	mov.w	r4, r1, lsl #1
20000e22:	ea4f 0543 	mov.w	r5, r3, lsl #1
20000e26:	ea94 0f05 	teq	r4, r5
20000e2a:	bf08      	it	eq
20000e2c:	ea90 0f02 	teqeq	r0, r2
20000e30:	bf1f      	itttt	ne
20000e32:	ea54 0c00 	orrsne.w	ip, r4, r0
20000e36:	ea55 0c02 	orrsne.w	ip, r5, r2
20000e3a:	ea7f 5c64 	mvnsne.w	ip, r4, asr #21
20000e3e:	ea7f 5c65 	mvnsne.w	ip, r5, asr #21
20000e42:	f000 80e2 	beq.w	2000100a <__adddf3+0x1ee>
20000e46:	ea4f 5454 	mov.w	r4, r4, lsr #21
20000e4a:	ebd4 5555 	rsbs	r5, r4, r5, lsr #21
20000e4e:	bfb8      	it	lt
20000e50:	426d      	neglt	r5, r5
20000e52:	dd0c      	ble.n	20000e6e <__adddf3+0x52>
20000e54:	442c      	add	r4, r5
20000e56:	ea80 0202 	eor.w	r2, r0, r2
20000e5a:	ea81 0303 	eor.w	r3, r1, r3
20000e5e:	ea82 0000 	eor.w	r0, r2, r0
20000e62:	ea83 0101 	eor.w	r1, r3, r1
20000e66:	ea80 0202 	eor.w	r2, r0, r2
20000e6a:	ea81 0303 	eor.w	r3, r1, r3
20000e6e:	2d36      	cmp	r5, #54	@ 0x36
20000e70:	bf88      	it	hi
20000e72:	bd30      	pophi	{r4, r5, pc}
20000e74:	f011 4f00 	tst.w	r1, #2147483648	@ 0x80000000
20000e78:	ea4f 3101 	mov.w	r1, r1, lsl #12
20000e7c:	f44f 1c80 	mov.w	ip, #1048576	@ 0x100000
20000e80:	ea4c 3111 	orr.w	r1, ip, r1, lsr #12
20000e84:	d002      	beq.n	20000e8c <__adddf3+0x70>
20000e86:	4240      	negs	r0, r0
20000e88:	eb61 0141 	sbc.w	r1, r1, r1, lsl #1
20000e8c:	f013 4f00 	tst.w	r3, #2147483648	@ 0x80000000
20000e90:	ea4f 3303 	mov.w	r3, r3, lsl #12
20000e94:	ea4c 3313 	orr.w	r3, ip, r3, lsr #12
20000e98:	d002      	beq.n	20000ea0 <__adddf3+0x84>
20000e9a:	4252      	negs	r2, r2
20000e9c:	eb63 0343 	sbc.w	r3, r3, r3, lsl #1
20000ea0:	ea94 0f05 	teq	r4, r5
20000ea4:	f000 80a7 	beq.w	20000ff6 <__adddf3+0x1da>
20000ea8:	f1a4 0401 	sub.w	r4, r4, #1
20000eac:	f1d5 0e20 	rsbs	lr, r5, #32
20000eb0:	db0d      	blt.n	20000ece <__adddf3+0xb2>
20000eb2:	fa02 fc0e 	lsl.w	ip, r2, lr
20000eb6:	fa22 f205 	lsr.w	r2, r2, r5
20000eba:	1880      	adds	r0, r0, r2
20000ebc:	f141 0100 	adc.w	r1, r1, #0
20000ec0:	fa03 f20e 	lsl.w	r2, r3, lr
20000ec4:	1880      	adds	r0, r0, r2
20000ec6:	fa43 f305 	asr.w	r3, r3, r5
20000eca:	4159      	adcs	r1, r3
20000ecc:	e00e      	b.n	20000eec <__adddf3+0xd0>
20000ece:	f1a5 0520 	sub.w	r5, r5, #32
20000ed2:	f10e 0e20 	add.w	lr, lr, #32
20000ed6:	2a01      	cmp	r2, #1
20000ed8:	fa03 fc0e 	lsl.w	ip, r3, lr
20000edc:	bf28      	it	cs
20000ede:	f04c 0c02 	orrcs.w	ip, ip, #2
20000ee2:	fa43 f305 	asr.w	r3, r3, r5
20000ee6:	18c0      	adds	r0, r0, r3
20000ee8:	eb51 71e3 	adcs.w	r1, r1, r3, asr #31
20000eec:	f001 4500 	and.w	r5, r1, #2147483648	@ 0x80000000
20000ef0:	d507      	bpl.n	20000f02 <__adddf3+0xe6>
20000ef2:	f04f 0e00 	mov.w	lr, #0
20000ef6:	f1dc 0c00 	rsbs	ip, ip, #0
20000efa:	eb7e 0000 	sbcs.w	r0, lr, r0
20000efe:	eb6e 0101 	sbc.w	r1, lr, r1
20000f02:	f5b1 1f80 	cmp.w	r1, #1048576	@ 0x100000
20000f06:	d31b      	bcc.n	20000f40 <__adddf3+0x124>
20000f08:	f5b1 1f00 	cmp.w	r1, #2097152	@ 0x200000
20000f0c:	d30c      	bcc.n	20000f28 <__adddf3+0x10c>
20000f0e:	0849      	lsrs	r1, r1, #1
20000f10:	ea5f 0030 	movs.w	r0, r0, rrx
20000f14:	ea4f 0c3c 	mov.w	ip, ip, rrx
20000f18:	f104 0401 	add.w	r4, r4, #1
20000f1c:	ea4f 5244 	mov.w	r2, r4, lsl #21
20000f20:	f512 0f80 	cmn.w	r2, #4194304	@ 0x400000
20000f24:	f080 809a 	bcs.w	2000105c <__adddf3+0x240>
20000f28:	f1bc 4f00 	cmp.w	ip, #2147483648	@ 0x80000000
20000f2c:	bf08      	it	eq
20000f2e:	ea5f 0c50 	movseq.w	ip, r0, lsr #1
20000f32:	f150 0000 	adcs.w	r0, r0, #0
20000f36:	eb41 5104 	adc.w	r1, r1, r4, lsl #20
20000f3a:	ea41 0105 	orr.w	r1, r1, r5
20000f3e:	bd30      	pop	{r4, r5, pc}
20000f40:	ea5f 0c4c 	movs.w	ip, ip, lsl #1
20000f44:	4140      	adcs	r0, r0
20000f46:	eb41 0101 	adc.w	r1, r1, r1
20000f4a:	3c01      	subs	r4, #1
20000f4c:	bf28      	it	cs
20000f4e:	f5b1 1f80 	cmpcs.w	r1, #1048576	@ 0x100000
20000f52:	d2e9      	bcs.n	20000f28 <__adddf3+0x10c>
20000f54:	f091 0f00 	teq	r1, #0
20000f58:	bf04      	itt	eq
20000f5a:	4601      	moveq	r1, r0
20000f5c:	2000      	moveq	r0, #0
20000f5e:	fab1 f381 	clz	r3, r1
20000f62:	bf08      	it	eq
20000f64:	3320      	addeq	r3, #32
20000f66:	f1a3 030b 	sub.w	r3, r3, #11
20000f6a:	f1b3 0220 	subs.w	r2, r3, #32
20000f6e:	da0c      	bge.n	20000f8a <__adddf3+0x16e>
20000f70:	320c      	adds	r2, #12
20000f72:	dd08      	ble.n	20000f86 <__adddf3+0x16a>
20000f74:	f102 0c14 	add.w	ip, r2, #20
20000f78:	f1c2 020c 	rsb	r2, r2, #12
20000f7c:	fa01 f00c 	lsl.w	r0, r1, ip
20000f80:	fa21 f102 	lsr.w	r1, r1, r2
20000f84:	e00c      	b.n	20000fa0 <__adddf3+0x184>
20000f86:	f102 0214 	add.w	r2, r2, #20
20000f8a:	bfd8      	it	le
20000f8c:	f1c2 0c20 	rsble	ip, r2, #32
20000f90:	fa01 f102 	lsl.w	r1, r1, r2
20000f94:	fa20 fc0c 	lsr.w	ip, r0, ip
20000f98:	bfdc      	itt	le
20000f9a:	ea41 010c 	orrle.w	r1, r1, ip
20000f9e:	4090      	lslle	r0, r2
20000fa0:	1ae4      	subs	r4, r4, r3
20000fa2:	bfa2      	ittt	ge
20000fa4:	eb01 5104 	addge.w	r1, r1, r4, lsl #20
20000fa8:	4329      	orrge	r1, r5
20000faa:	bd30      	popge	{r4, r5, pc}
20000fac:	ea6f 0404 	mvn.w	r4, r4
20000fb0:	3c1f      	subs	r4, #31
20000fb2:	da1c      	bge.n	20000fee <__adddf3+0x1d2>
20000fb4:	340c      	adds	r4, #12
20000fb6:	dc0e      	bgt.n	20000fd6 <__adddf3+0x1ba>
20000fb8:	f104 0414 	add.w	r4, r4, #20
20000fbc:	f1c4 0220 	rsb	r2, r4, #32
20000fc0:	fa20 f004 	lsr.w	r0, r0, r4
20000fc4:	fa01 f302 	lsl.w	r3, r1, r2
20000fc8:	ea40 0003 	orr.w	r0, r0, r3
20000fcc:	fa21 f304 	lsr.w	r3, r1, r4
20000fd0:	ea45 0103 	orr.w	r1, r5, r3
20000fd4:	bd30      	pop	{r4, r5, pc}
20000fd6:	f1c4 040c 	rsb	r4, r4, #12
20000fda:	f1c4 0220 	rsb	r2, r4, #32
20000fde:	fa20 f002 	lsr.w	r0, r0, r2
20000fe2:	fa01 f304 	lsl.w	r3, r1, r4
20000fe6:	ea40 0003 	orr.w	r0, r0, r3
20000fea:	4629      	mov	r1, r5
20000fec:	bd30      	pop	{r4, r5, pc}
20000fee:	fa21 f004 	lsr.w	r0, r1, r4
20000ff2:	4629      	mov	r1, r5
20000ff4:	bd30      	pop	{r4, r5, pc}
20000ff6:	f094 0f00 	teq	r4, #0
20000ffa:	f483 1380 	eor.w	r3, r3, #1048576	@ 0x100000
20000ffe:	bf06      	itte	eq
20001000:	f481 1180 	eoreq.w	r1, r1, #1048576	@ 0x100000
20001004:	3401      	addeq	r4, #1
20001006:	3d01      	subne	r5, #1
20001008:	e74e      	b.n	20000ea8 <__adddf3+0x8c>
2000100a:	ea7f 5c64 	mvns.w	ip, r4, asr #21
2000100e:	bf18      	it	ne
20001010:	ea7f 5c65 	mvnsne.w	ip, r5, asr #21
20001014:	d029      	beq.n	2000106a <__adddf3+0x24e>
20001016:	ea94 0f05 	teq	r4, r5
2000101a:	bf08      	it	eq
2000101c:	ea90 0f02 	teqeq	r0, r2
20001020:	d005      	beq.n	2000102e <__adddf3+0x212>
20001022:	ea54 0c00 	orrs.w	ip, r4, r0
20001026:	bf04      	itt	eq
20001028:	4619      	moveq	r1, r3
2000102a:	4610      	moveq	r0, r2
2000102c:	bd30      	pop	{r4, r5, pc}
2000102e:	ea91 0f03 	teq	r1, r3
20001032:	bf1e      	ittt	ne
20001034:	2100      	movne	r1, #0
20001036:	2000      	movne	r0, #0
20001038:	bd30      	popne	{r4, r5, pc}
2000103a:	ea5f 5c54 	movs.w	ip, r4, lsr #21
2000103e:	d105      	bne.n	2000104c <__adddf3+0x230>
20001040:	0040      	lsls	r0, r0, #1
20001042:	4149      	adcs	r1, r1
20001044:	bf28      	it	cs
20001046:	f041 4100 	orrcs.w	r1, r1, #2147483648	@ 0x80000000
2000104a:	bd30      	pop	{r4, r5, pc}
2000104c:	f514 0480 	adds.w	r4, r4, #4194304	@ 0x400000
20001050:	bf3c      	itt	cc
20001052:	f501 1180 	addcc.w	r1, r1, #1048576	@ 0x100000
20001056:	bd30      	popcc	{r4, r5, pc}
20001058:	f001 4500 	and.w	r5, r1, #2147483648	@ 0x80000000
2000105c:	f045 41fe 	orr.w	r1, r5, #2130706432	@ 0x7f000000
20001060:	f441 0170 	orr.w	r1, r1, #15728640	@ 0xf00000
20001064:	f04f 0000 	mov.w	r0, #0
20001068:	bd30      	pop	{r4, r5, pc}
2000106a:	ea7f 5c64 	mvns.w	ip, r4, asr #21
2000106e:	bf1a      	itte	ne
20001070:	4619      	movne	r1, r3
20001072:	4610      	movne	r0, r2
20001074:	ea7f 5c65 	mvnseq.w	ip, r5, asr #21
20001078:	bf1c      	itt	ne
2000107a:	460b      	movne	r3, r1
2000107c:	4602      	movne	r2, r0
2000107e:	ea50 3401 	orrs.w	r4, r0, r1, lsl #12
20001082:	bf06      	itte	eq
20001084:	ea52 3503 	orrseq.w	r5, r2, r3, lsl #12
20001088:	ea91 0f03 	teqeq	r1, r3
2000108c:	f441 2100 	orrne.w	r1, r1, #524288	@ 0x80000
20001090:	bd30      	pop	{r4, r5, pc}
20001092:	bf00      	nop

20001094 <__aeabi_ui2d>:
20001094:	f090 0f00 	teq	r0, #0
20001098:	bf04      	itt	eq
2000109a:	2100      	moveq	r1, #0
2000109c:	4770      	bxeq	lr
2000109e:	b530      	push	{r4, r5, lr}
200010a0:	f44f 6480 	mov.w	r4, #1024	@ 0x400
200010a4:	f104 0432 	add.w	r4, r4, #50	@ 0x32
200010a8:	f04f 0500 	mov.w	r5, #0
200010ac:	f04f 0100 	mov.w	r1, #0
200010b0:	e750      	b.n	20000f54 <__adddf3+0x138>
200010b2:	bf00      	nop

200010b4 <__aeabi_i2d>:
200010b4:	f090 0f00 	teq	r0, #0
200010b8:	bf04      	itt	eq
200010ba:	2100      	moveq	r1, #0
200010bc:	4770      	bxeq	lr
200010be:	b530      	push	{r4, r5, lr}
200010c0:	f44f 6480 	mov.w	r4, #1024	@ 0x400
200010c4:	f104 0432 	add.w	r4, r4, #50	@ 0x32
200010c8:	f010 4500 	ands.w	r5, r0, #2147483648	@ 0x80000000
200010cc:	bf48      	it	mi
200010ce:	4240      	negmi	r0, r0
200010d0:	f04f 0100 	mov.w	r1, #0
200010d4:	e73e      	b.n	20000f54 <__adddf3+0x138>
200010d6:	bf00      	nop

200010d8 <__aeabi_f2d>:
200010d8:	0042      	lsls	r2, r0, #1
200010da:	ea4f 01e2 	mov.w	r1, r2, asr #3
200010de:	ea4f 0131 	mov.w	r1, r1, rrx
200010e2:	ea4f 7002 	mov.w	r0, r2, lsl #28
200010e6:	bf1f      	itttt	ne
200010e8:	f012 437f 	andsne.w	r3, r2, #4278190080	@ 0xff000000
200010ec:	f093 4f7f 	teqne	r3, #4278190080	@ 0xff000000
200010f0:	f081 5160 	eorne.w	r1, r1, #939524096	@ 0x38000000
200010f4:	4770      	bxne	lr
200010f6:	f032 427f 	bics.w	r2, r2, #4278190080	@ 0xff000000
200010fa:	bf08      	it	eq
200010fc:	4770      	bxeq	lr
200010fe:	f093 4f7f 	teq	r3, #4278190080	@ 0xff000000
20001102:	bf04      	itt	eq
20001104:	f441 2100 	orreq.w	r1, r1, #524288	@ 0x80000
20001108:	4770      	bxeq	lr
2000110a:	b530      	push	{r4, r5, lr}
2000110c:	f44f 7460 	mov.w	r4, #896	@ 0x380
20001110:	f001 4500 	and.w	r5, r1, #2147483648	@ 0x80000000
20001114:	f021 4100 	bic.w	r1, r1, #2147483648	@ 0x80000000
20001118:	e71c      	b.n	20000f54 <__adddf3+0x138>
2000111a:	bf00      	nop

2000111c <__aeabi_ul2d>:
2000111c:	ea50 0201 	orrs.w	r2, r0, r1
20001120:	bf08      	it	eq
20001122:	4770      	bxeq	lr
20001124:	b530      	push	{r4, r5, lr}
20001126:	f04f 0500 	mov.w	r5, #0
2000112a:	e00a      	b.n	20001142 <__aeabi_l2d+0x16>

2000112c <__aeabi_l2d>:
2000112c:	ea50 0201 	orrs.w	r2, r0, r1
20001130:	bf08      	it	eq
20001132:	4770      	bxeq	lr
20001134:	b530      	push	{r4, r5, lr}
20001136:	f011 4500 	ands.w	r5, r1, #2147483648	@ 0x80000000
2000113a:	d502      	bpl.n	20001142 <__aeabi_l2d+0x16>
2000113c:	4240      	negs	r0, r0
2000113e:	eb61 0141 	sbc.w	r1, r1, r1, lsl #1
20001142:	f44f 6480 	mov.w	r4, #1024	@ 0x400
20001146:	f104 0432 	add.w	r4, r4, #50	@ 0x32
2000114a:	ea5f 5c91 	movs.w	ip, r1, lsr #22
2000114e:	f43f aed8 	beq.w	20000f02 <__adddf3+0xe6>
20001152:	f04f 0203 	mov.w	r2, #3
20001156:	ea5f 0cdc 	movs.w	ip, ip, lsr #3
2000115a:	bf18      	it	ne
2000115c:	3203      	addne	r2, #3
2000115e:	ea5f 0cdc 	movs.w	ip, ip, lsr #3
20001162:	bf18      	it	ne
20001164:	3203      	addne	r2, #3
20001166:	eb02 02dc 	add.w	r2, r2, ip, lsr #3
2000116a:	f1c2 0320 	rsb	r3, r2, #32
2000116e:	fa00 fc03 	lsl.w	ip, r0, r3
20001172:	fa20 f002 	lsr.w	r0, r0, r2
20001176:	fa01 fe03 	lsl.w	lr, r1, r3
2000117a:	ea40 000e 	orr.w	r0, r0, lr
2000117e:	fa21 f102 	lsr.w	r1, r1, r2
20001182:	4414      	add	r4, r2
20001184:	e6bd      	b.n	20000f02 <__adddf3+0xe6>
20001186:	bf00      	nop

20001188 <__aeabi_uldivmod>:
20001188:	b953      	cbnz	r3, 200011a0 <__aeabi_uldivmod+0x18>
2000118a:	b94a      	cbnz	r2, 200011a0 <__aeabi_uldivmod+0x18>
2000118c:	2900      	cmp	r1, #0
2000118e:	bf08      	it	eq
20001190:	2800      	cmpeq	r0, #0
20001192:	bf1c      	itt	ne
20001194:	f04f 31ff 	movne.w	r1, #4294967295	@ 0xffffffff
20001198:	f04f 30ff 	movne.w	r0, #4294967295	@ 0xffffffff
2000119c:	f000 b982 	b.w	200014a4 <__aeabi_idiv0>
200011a0:	f1ad 0c08 	sub.w	ip, sp, #8
200011a4:	e96d ce04 	strd	ip, lr, [sp, #-16]!
200011a8:	f000 f806 	bl	200011b8 <__udivmoddi4>
200011ac:	f8dd e004 	ldr.w	lr, [sp, #4]
200011b0:	e9dd 2302 	ldrd	r2, r3, [sp, #8]
200011b4:	b004      	add	sp, #16
200011b6:	4770      	bx	lr

200011b8 <__udivmoddi4>:
200011b8:	e92d 4ff0 	stmdb	sp!, {r4, r5, r6, r7, r8, r9, sl, fp, lr}
200011bc:	9d09      	ldr	r5, [sp, #36]	@ 0x24
200011be:	460c      	mov	r4, r1
200011c0:	2b00      	cmp	r3, #0
200011c2:	d14d      	bne.n	20001260 <__udivmoddi4+0xa8>
200011c4:	428a      	cmp	r2, r1
200011c6:	460f      	mov	r7, r1
200011c8:	4684      	mov	ip, r0
200011ca:	4696      	mov	lr, r2
200011cc:	fab2 f382 	clz	r3, r2
200011d0:	d960      	bls.n	20001294 <__udivmoddi4+0xdc>
200011d2:	b14b      	cbz	r3, 200011e8 <__udivmoddi4+0x30>
200011d4:	fa02 fe03 	lsl.w	lr, r2, r3
200011d8:	f1c3 0220 	rsb	r2, r3, #32
200011dc:	409f      	lsls	r7, r3
200011de:	fa00 fc03 	lsl.w	ip, r0, r3
200011e2:	fa20 f202 	lsr.w	r2, r0, r2
200011e6:	4317      	orrs	r7, r2
200011e8:	ea4f 461e 	mov.w	r6, lr, lsr #16
200011ec:	fa1f f48e 	uxth.w	r4, lr
200011f0:	ea4f 421c 	mov.w	r2, ip, lsr #16
200011f4:	fbb7 f1f6 	udiv	r1, r7, r6
200011f8:	fb06 7711 	mls	r7, r6, r1, r7
200011fc:	fb01 f004 	mul.w	r0, r1, r4
20001200:	ea42 4207 	orr.w	r2, r2, r7, lsl #16
20001204:	4290      	cmp	r0, r2
20001206:	d908      	bls.n	2000121a <__udivmoddi4+0x62>
20001208:	eb1e 0202 	adds.w	r2, lr, r2
2000120c:	f101 37ff 	add.w	r7, r1, #4294967295	@ 0xffffffff
20001210:	d202      	bcs.n	20001218 <__udivmoddi4+0x60>
20001212:	4290      	cmp	r0, r2
20001214:	f200 8131 	bhi.w	2000147a <__udivmoddi4+0x2c2>
20001218:	4639      	mov	r1, r7
2000121a:	1a12      	subs	r2, r2, r0
2000121c:	fa1f fc8c 	uxth.w	ip, ip
20001220:	fbb2 f0f6 	udiv	r0, r2, r6
20001224:	fb06 2210 	mls	r2, r6, r0, r2
20001228:	fb00 f404 	mul.w	r4, r0, r4
2000122c:	ea4c 4c02 	orr.w	ip, ip, r2, lsl #16
20001230:	4564      	cmp	r4, ip
20001232:	d908      	bls.n	20001246 <__udivmoddi4+0x8e>
20001234:	eb1e 0c0c 	adds.w	ip, lr, ip
20001238:	f100 32ff 	add.w	r2, r0, #4294967295	@ 0xffffffff
2000123c:	d202      	bcs.n	20001244 <__udivmoddi4+0x8c>
2000123e:	4564      	cmp	r4, ip
20001240:	f200 811e 	bhi.w	20001480 <__udivmoddi4+0x2c8>
20001244:	4610      	mov	r0, r2
20001246:	ea40 4001 	orr.w	r0, r0, r1, lsl #16
2000124a:	ebac 0c04 	sub.w	ip, ip, r4
2000124e:	2100      	movs	r1, #0
20001250:	b125      	cbz	r5, 2000125c <__udivmoddi4+0xa4>
20001252:	fa2c f303 	lsr.w	r3, ip, r3
20001256:	2200      	movs	r2, #0
20001258:	e9c5 3200 	strd	r3, r2, [r5]
2000125c:	e8bd 8ff0 	ldmia.w	sp!, {r4, r5, r6, r7, r8, r9, sl, fp, pc}
20001260:	428b      	cmp	r3, r1
20001262:	d905      	bls.n	20001270 <__udivmoddi4+0xb8>
20001264:	b10d      	cbz	r5, 2000126a <__udivmoddi4+0xb2>
20001266:	e9c5 0100 	strd	r0, r1, [r5]
2000126a:	2100      	movs	r1, #0
2000126c:	4608      	mov	r0, r1
2000126e:	e7f5      	b.n	2000125c <__udivmoddi4+0xa4>
20001270:	fab3 f183 	clz	r1, r3
20001274:	2900      	cmp	r1, #0
20001276:	d14d      	bne.n	20001314 <__udivmoddi4+0x15c>
20001278:	42a3      	cmp	r3, r4
2000127a:	f0c0 80f3 	bcc.w	20001464 <__udivmoddi4+0x2ac>
2000127e:	4290      	cmp	r0, r2
20001280:	f080 80f0 	bcs.w	20001464 <__udivmoddi4+0x2ac>
20001284:	4606      	mov	r6, r0
20001286:	4623      	mov	r3, r4
20001288:	4608      	mov	r0, r1
2000128a:	2d00      	cmp	r5, #0
2000128c:	d0e6      	beq.n	2000125c <__udivmoddi4+0xa4>
2000128e:	e9c5 6300 	strd	r6, r3, [r5]
20001292:	e7e3      	b.n	2000125c <__udivmoddi4+0xa4>
20001294:	2b00      	cmp	r3, #0
20001296:	f040 80a3 	bne.w	200013e0 <__udivmoddi4+0x228>
2000129a:	1a8a      	subs	r2, r1, r2
2000129c:	ea4f 471e 	mov.w	r7, lr, lsr #16
200012a0:	fa1f f68e 	uxth.w	r6, lr
200012a4:	2101      	movs	r1, #1
200012a6:	fbb2 f4f7 	udiv	r4, r2, r7
200012aa:	fb07 2014 	mls	r0, r7, r4, r2
200012ae:	ea4f 421c 	mov.w	r2, ip, lsr #16
200012b2:	ea42 4200 	orr.w	r2, r2, r0, lsl #16
200012b6:	fb06 f004 	mul.w	r0, r6, r4
200012ba:	4290      	cmp	r0, r2
200012bc:	d90f      	bls.n	200012de <__udivmoddi4+0x126>
200012be:	eb1e 0202 	adds.w	r2, lr, r2
200012c2:	f104 38ff 	add.w	r8, r4, #4294967295	@ 0xffffffff
200012c6:	bf2c      	ite	cs
200012c8:	f04f 0901 	movcs.w	r9, #1
200012cc:	f04f 0900 	movcc.w	r9, #0
200012d0:	4290      	cmp	r0, r2
200012d2:	d903      	bls.n	200012dc <__udivmoddi4+0x124>
200012d4:	f1b9 0f00 	cmp.w	r9, #0
200012d8:	f000 80cc 	beq.w	20001474 <__udivmoddi4+0x2bc>
200012dc:	4644      	mov	r4, r8
200012de:	1a12      	subs	r2, r2, r0
200012e0:	fa1f fc8c 	uxth.w	ip, ip
200012e4:	fbb2 f0f7 	udiv	r0, r2, r7
200012e8:	fb07 2210 	mls	r2, r7, r0, r2
200012ec:	fb00 f606 	mul.w	r6, r0, r6
200012f0:	ea4c 4c02 	orr.w	ip, ip, r2, lsl #16
200012f4:	4566      	cmp	r6, ip
200012f6:	d908      	bls.n	2000130a <__udivmoddi4+0x152>
200012f8:	eb1e 0c0c 	adds.w	ip, lr, ip
200012fc:	f100 32ff 	add.w	r2, r0, #4294967295	@ 0xffffffff
20001300:	d202      	bcs.n	20001308 <__udivmoddi4+0x150>
20001302:	4566      	cmp	r6, ip
20001304:	f200 80b3 	bhi.w	2000146e <__udivmoddi4+0x2b6>
20001308:	4610      	mov	r0, r2
2000130a:	ebac 0c06 	sub.w	ip, ip, r6
2000130e:	ea40 4004 	orr.w	r0, r0, r4, lsl #16
20001312:	e79d      	b.n	20001250 <__udivmoddi4+0x98>
20001314:	f1c1 0620 	rsb	r6, r1, #32
20001318:	408b      	lsls	r3, r1
2000131a:	fa04 fe01 	lsl.w	lr, r4, r1
2000131e:	fa22 f706 	lsr.w	r7, r2, r6
20001322:	fa20 fc06 	lsr.w	ip, r0, r6
20001326:	40f4      	lsrs	r4, r6
20001328:	408a      	lsls	r2, r1
2000132a:	431f      	orrs	r7, r3
2000132c:	ea4e 030c 	orr.w	r3, lr, ip
20001330:	fa00 fe01 	lsl.w	lr, r0, r1
20001334:	ea4f 4817 	mov.w	r8, r7, lsr #16
20001338:	ea4f 4913 	mov.w	r9, r3, lsr #16
2000133c:	fa1f fc87 	uxth.w	ip, r7
20001340:	fbb4 f0f8 	udiv	r0, r4, r8
20001344:	fb08 4410 	mls	r4, r8, r0, r4
20001348:	ea49 4404 	orr.w	r4, r9, r4, lsl #16
2000134c:	fb00 f90c 	mul.w	r9, r0, ip
20001350:	45a1      	cmp	r9, r4
20001352:	d90e      	bls.n	20001372 <__udivmoddi4+0x1ba>
20001354:	193c      	adds	r4, r7, r4
20001356:	f100 3aff 	add.w	sl, r0, #4294967295	@ 0xffffffff
2000135a:	bf2c      	ite	cs
2000135c:	f04f 0b01 	movcs.w	fp, #1
20001360:	f04f 0b00 	movcc.w	fp, #0
20001364:	45a1      	cmp	r9, r4
20001366:	d903      	bls.n	20001370 <__udivmoddi4+0x1b8>
20001368:	f1bb 0f00 	cmp.w	fp, #0
2000136c:	f000 808b 	beq.w	20001486 <__udivmoddi4+0x2ce>
20001370:	4650      	mov	r0, sl
20001372:	eba4 0409 	sub.w	r4, r4, r9
20001376:	fa1f f983 	uxth.w	r9, r3
2000137a:	fbb4 f3f8 	udiv	r3, r4, r8
2000137e:	fb08 4413 	mls	r4, r8, r3, r4
20001382:	fb03 fc0c 	mul.w	ip, r3, ip
20001386:	ea49 4404 	orr.w	r4, r9, r4, lsl #16
2000138a:	45a4      	cmp	ip, r4
2000138c:	d906      	bls.n	2000139c <__udivmoddi4+0x1e4>
2000138e:	193c      	adds	r4, r7, r4
20001390:	f103 38ff 	add.w	r8, r3, #4294967295	@ 0xffffffff
20001394:	d201      	bcs.n	2000139a <__udivmoddi4+0x1e2>
20001396:	45a4      	cmp	ip, r4
20001398:	d87b      	bhi.n	20001492 <__udivmoddi4+0x2da>
2000139a:	4643      	mov	r3, r8
2000139c:	ea43 4000 	orr.w	r0, r3, r0, lsl #16
200013a0:	eba4 040c 	sub.w	r4, r4, ip
200013a4:	fba0 9802 	umull	r9, r8, r0, r2
200013a8:	4544      	cmp	r4, r8
200013aa:	46cc      	mov	ip, r9
200013ac:	4643      	mov	r3, r8
200013ae:	d302      	bcc.n	200013b6 <__udivmoddi4+0x1fe>
200013b0:	d106      	bne.n	200013c0 <__udivmoddi4+0x208>
200013b2:	45ce      	cmp	lr, r9
200013b4:	d204      	bcs.n	200013c0 <__udivmoddi4+0x208>
200013b6:	3801      	subs	r0, #1
200013b8:	ebb9 0c02 	subs.w	ip, r9, r2
200013bc:	eb68 0307 	sbc.w	r3, r8, r7
200013c0:	2d00      	cmp	r5, #0
200013c2:	d06c      	beq.n	2000149e <__udivmoddi4+0x2e6>
200013c4:	ebbe 020c 	subs.w	r2, lr, ip
200013c8:	eb64 0403 	sbc.w	r4, r4, r3
200013cc:	fa22 f301 	lsr.w	r3, r2, r1
200013d0:	fa04 f606 	lsl.w	r6, r4, r6
200013d4:	40cc      	lsrs	r4, r1
200013d6:	2100      	movs	r1, #0
200013d8:	431e      	orrs	r6, r3
200013da:	e9c5 6400 	strd	r6, r4, [r5]
200013de:	e73d      	b.n	2000125c <__udivmoddi4+0xa4>
200013e0:	fa02 fe03 	lsl.w	lr, r2, r3
200013e4:	f1c3 0120 	rsb	r1, r3, #32
200013e8:	fa04 f203 	lsl.w	r2, r4, r3
200013ec:	fa00 fc03 	lsl.w	ip, r0, r3
200013f0:	40cc      	lsrs	r4, r1
200013f2:	ea4f 471e 	mov.w	r7, lr, lsr #16
200013f6:	fa20 f101 	lsr.w	r1, r0, r1
200013fa:	fa1f f68e 	uxth.w	r6, lr
200013fe:	fbb4 f0f7 	udiv	r0, r4, r7
20001402:	430a      	orrs	r2, r1
20001404:	fb07 4410 	mls	r4, r7, r0, r4
20001408:	0c11      	lsrs	r1, r2, #16
2000140a:	ea41 4104 	orr.w	r1, r1, r4, lsl #16
2000140e:	fb00 f406 	mul.w	r4, r0, r6
20001412:	428c      	cmp	r4, r1
20001414:	d90e      	bls.n	20001434 <__udivmoddi4+0x27c>
20001416:	eb1e 0101 	adds.w	r1, lr, r1
2000141a:	f100 38ff 	add.w	r8, r0, #4294967295	@ 0xffffffff
2000141e:	bf2c      	ite	cs
20001420:	f04f 0901 	movcs.w	r9, #1
20001424:	f04f 0900 	movcc.w	r9, #0
20001428:	428c      	cmp	r4, r1
2000142a:	d902      	bls.n	20001432 <__udivmoddi4+0x27a>
2000142c:	f1b9 0f00 	cmp.w	r9, #0
20001430:	d02c      	beq.n	2000148c <__udivmoddi4+0x2d4>
20001432:	4640      	mov	r0, r8
20001434:	1b09      	subs	r1, r1, r4
20001436:	b292      	uxth	r2, r2
20001438:	fbb1 f4f7 	udiv	r4, r1, r7
2000143c:	fb07 1114 	mls	r1, r7, r4, r1
20001440:	ea42 4201 	orr.w	r2, r2, r1, lsl #16
20001444:	fb04 f106 	mul.w	r1, r4, r6
20001448:	4291      	cmp	r1, r2
2000144a:	d907      	bls.n	2000145c <__udivmoddi4+0x2a4>
2000144c:	eb1e 0202 	adds.w	r2, lr, r2
20001450:	f104 38ff 	add.w	r8, r4, #4294967295	@ 0xffffffff
20001454:	d201      	bcs.n	2000145a <__udivmoddi4+0x2a2>
20001456:	4291      	cmp	r1, r2
20001458:	d81e      	bhi.n	20001498 <__udivmoddi4+0x2e0>
2000145a:	4644      	mov	r4, r8
2000145c:	1a52      	subs	r2, r2, r1
2000145e:	ea44 4100 	orr.w	r1, r4, r0, lsl #16
20001462:	e720      	b.n	200012a6 <__udivmoddi4+0xee>
20001464:	1a86      	subs	r6, r0, r2
20001466:	eb64 0303 	sbc.w	r3, r4, r3
2000146a:	2001      	movs	r0, #1
2000146c:	e70d      	b.n	2000128a <__udivmoddi4+0xd2>
2000146e:	44f4      	add	ip, lr
20001470:	3802      	subs	r0, #2
20001472:	e74a      	b.n	2000130a <__udivmoddi4+0x152>
20001474:	3c02      	subs	r4, #2
20001476:	4472      	add	r2, lr
20001478:	e731      	b.n	200012de <__udivmoddi4+0x126>
2000147a:	3902      	subs	r1, #2
2000147c:	4472      	add	r2, lr
2000147e:	e6cc      	b.n	2000121a <__udivmoddi4+0x62>
20001480:	44f4      	add	ip, lr
20001482:	3802      	subs	r0, #2
20001484:	e6df      	b.n	20001246 <__udivmoddi4+0x8e>
20001486:	3802      	subs	r0, #2
20001488:	443c      	add	r4, r7
2000148a:	e772      	b.n	20001372 <__udivmoddi4+0x1ba>
2000148c:	3802      	subs	r0, #2
2000148e:	4471      	add	r1, lr
20001490:	e7d0      	b.n	20001434 <__udivmoddi4+0x27c>
20001492:	3b02      	subs	r3, #2
20001494:	443c      	add	r4, r7
20001496:	e781      	b.n	2000139c <__udivmoddi4+0x1e4>
20001498:	3c02      	subs	r4, #2
2000149a:	4472      	add	r2, lr
2000149c:	e7de      	b.n	2000145c <__udivmoddi4+0x2a4>
2000149e:	4629      	mov	r1, r5
200014a0:	e6dc      	b.n	2000125c <__udivmoddi4+0xa4>
200014a2:	bf00      	nop

200014a4 <__aeabi_idiv0>:
200014a4:	4770      	bx	lr
200014a6:	bf00      	nop

200014a8 <__tud_event_hook_cb_veneer>:
200014a8:	f85f f000 	ldr.w	pc, [pc]	@ 200014ac <__tud_event_hook_cb_veneer+0x4>
200014ac:	100043a1 	.word	0x100043a1

200014b0 <__tu_fifo_write_veneer>:
200014b0:	f85f f000 	ldr.w	pc, [pc]	@ 200014b4 <__tu_fifo_write_veneer+0x4>
200014b4:	10005d55 	.word	0x10005d55

200014b8 <__panic_veneer>:
200014b8:	f85f f000 	ldr.w	pc, [pc]	@ 200014bc <__panic_veneer+0x4>
200014bc:	100007a5 	.word	0x100007a5

200014c0 <__best_effort_wfe_or_timeout_veneer>:
200014c0:	f85f f000 	ldr.w	pc, [pc]	@ 200014c4 <__best_effort_wfe_or_timeout_veneer+0x4>
200014c4:	10001551 	.word	0x10001551

200014c8 <__memset_veneer>:
200014c8:	f85f f000 	ldr.w	pc, [pc]	@ 200014cc <__memset_veneer+0x4>
200014cc:	1000681d 	.word	0x1000681d

200014d0 <__time_us_64_veneer>:
200014d0:	f85f f000 	ldr.w	pc, [pc]	@ 200014d4 <__time_us_64_veneer+0x4>
200014d4:	1000163d 	.word	0x1000163d

200014d8 <FREQUENCY>:
200014d8:	000f4240                                @B..

200014dc <FREQ_DIV>:
200014dc:	42fa0000                                ...B

200014e0 <CAPTURE_N_SAMPLES>:
200014e0:	00007530                                0u..

200014e4 <CAPTURE_PIN_COUNT>:
200014e4:	00000008                                ....

200014e8 <CAPTURE_PIN_BASE>:
200014e8:	00000011                                ....

200014ec <striped_spin_lock_num>:
200014ec:	00000010                                ....

200014f0 <irq_handler_chain_slots>:
200014f0:	00000000 	.word	0x00000000
200014f4:	00010000 	.word	0x00010000
	...
20001500:	00020000 	.word	0x00020000
	...
2000150c:	00030000 	.word	0x00030000
	...
20001518:	00ff0000 	.word	0x00ff0000
2000151c:	00000000 	.word	0x00000000

20001520 <irq_handler_chain_first_slot>:
20001520:	b501      	push	{r0, lr}
20001522:	6848      	ldr	r0, [r1, #4]
20001524:	3101      	adds	r1, #1
20001526:	468e      	mov	lr, r1
20001528:	4700      	bx	r0

2000152a <irq_handler_chain_remove_tail>:
2000152a:	4670      	mov	r0, lr
2000152c:	3809      	subs	r0, #9
2000152e:	4901      	ldr	r1, [pc, #4]	@ (20001534 <irq_handler_chain_remove_tail+0xa>)
20001530:	4788      	blx	r1
20001532:	bd01      	pop	{r0, pc}
20001534:	10000c8d 	.word	0x10000c8d

20001538 <default_alarm_pool>:
	...
2000154c:	20002098                                . . 

20001550 <stdio_usb>:
20001550:	10003b45 10003af1 10003a69 100039d9     E;...:..i:...9..
20001560:	00000000 00000100                       ........

20001568 <_usbd_qdef>:
20001568:	20002354 000c0010 00000000 00000000     T#. ............
	...

20001584 <_usbd_rhport>:
20001584:	000000ff                                ....

20001588 <_impure_ptr>:
20001588:	20001590 00000000                       ... ....

20001590 <impure_data>:
20001590:	00000000 2000187c 200018e4 2000194c     ....|.. ... L.. 
	...
20001638:	00000001 00000000 abcd330e e66d1234     .........3..4.m.
20001648:	0005deec 0000000b 00000000 00000000     ................
	...

200019b8 <__malloc_av_>:
	...
200019c0:	200019b8 200019b8 200019c0 200019c0     ... ... ... ... 
200019d0:	200019c8 200019c8 200019d0 200019d0     ... ... ... ... 
200019e0:	200019d8 200019d8 200019e0 200019e0     ... ... ... ... 
200019f0:	200019e8 200019e8 200019f0 200019f0     ... ... ... ... 
20001a00:	200019f8 200019f8 20001a00 20001a00     ... ... ... ... 
20001a10:	20001a08 20001a08 20001a10 20001a10     ... ... ... ... 
20001a20:	20001a18 20001a18 20001a20 20001a20     ... ...  ..  .. 
20001a30:	20001a28 20001a28 20001a30 20001a30     (.. (.. 0.. 0.. 
20001a40:	20001a38 20001a38 20001a40 20001a40     8.. 8.. @.. @.. 
20001a50:	20001a48 20001a48 20001a50 20001a50     H.. H.. P.. P.. 
20001a60:	20001a58 20001a58 20001a60 20001a60     X.. X.. `.. `.. 
20001a70:	20001a68 20001a68 20001a70 20001a70     h.. h.. p.. p.. 
20001a80:	20001a78 20001a78 20001a80 20001a80     x.. x.. ... ... 
20001a90:	20001a88 20001a88 20001a90 20001a90     ... ... ... ... 
20001aa0:	20001a98 20001a98 20001aa0 20001aa0     ... ... ... ... 
20001ab0:	20001aa8 20001aa8 20001ab0 20001ab0     ... ... ... ... 
20001ac0:	20001ab8 20001ab8 20001ac0 20001ac0     ... ... ... ... 
20001ad0:	20001ac8 20001ac8 20001ad0 20001ad0     ... ... ... ... 
20001ae0:	20001ad8 20001ad8 20001ae0 20001ae0     ... ... ... ... 
20001af0:	20001ae8 20001ae8 20001af0 20001af0     ... ... ... ... 
20001b00:	20001af8 20001af8 20001b00 20001b00     ... ... ... ... 
20001b10:	20001b08 20001b08 20001b10 20001b10     ... ... ... ... 
20001b20:	20001b18 20001b18 20001b20 20001b20     ... ...  ..  .. 
20001b30:	20001b28 20001b28 20001b30 20001b30     (.. (.. 0.. 0.. 
20001b40:	20001b38 20001b38 20001b40 20001b40     8.. 8.. @.. @.. 
20001b50:	20001b48 20001b48 20001b50 20001b50     H.. H.. P.. P.. 
20001b60:	20001b58 20001b58 20001b60 20001b60     X.. X.. `.. `.. 
20001b70:	20001b68 20001b68 20001b70 20001b70     h.. h.. p.. p.. 
20001b80:	20001b78 20001b78 20001b80 20001b80     x.. x.. ... ... 
20001b90:	20001b88 20001b88 20001b90 20001b90     ... ... ... ... 
20001ba0:	20001b98 20001b98 20001ba0 20001ba0     ... ... ... ... 
20001bb0:	20001ba8 20001ba8 20001bb0 20001bb0     ... ... ... ... 
20001bc0:	20001bb8 20001bb8 20001bc0 20001bc0     ... ... ... ... 
20001bd0:	20001bc8 20001bc8 20001bd0 20001bd0     ... ... ... ... 
20001be0:	20001bd8 20001bd8 20001be0 20001be0     ... ... ... ... 
20001bf0:	20001be8 20001be8 20001bf0 20001bf0     ... ... ... ... 
20001c00:	20001bf8 20001bf8 20001c00 20001c00     ... ... ... ... 
20001c10:	20001c08 20001c08 20001c10 20001c10     ... ... ... ... 
20001c20:	20001c18 20001c18 20001c20 20001c20     ... ...  ..  .. 
20001c30:	20001c28 20001c28 20001c30 20001c30     (.. (.. 0.. 0.. 
20001c40:	20001c38 20001c38 20001c40 20001c40     8.. 8.. @.. @.. 
20001c50:	20001c48 20001c48 20001c50 20001c50     H.. H.. P.. P.. 
20001c60:	20001c58 20001c58 20001c60 20001c60     X.. X.. `.. `.. 
20001c70:	20001c68 20001c68 20001c70 20001c70     h.. h.. p.. p.. 
20001c80:	20001c78 20001c78 20001c80 20001c80     x.. x.. ... ... 
20001c90:	20001c88 20001c88 20001c90 20001c90     ... ... ... ... 
20001ca0:	20001c98 20001c98 20001ca0 20001ca0     ... ... ... ... 
20001cb0:	20001ca8 20001ca8 20001cb0 20001cb0     ... ... ... ... 
20001cc0:	20001cb8 20001cb8 20001cc0 20001cc0     ... ... ... ... 
20001cd0:	20001cc8 20001cc8 20001cd0 20001cd0     ... ... ... ... 
20001ce0:	20001cd8 20001cd8 20001ce0 20001ce0     ... ... ... ... 
20001cf0:	20001ce8 20001ce8 20001cf0 20001cf0     ... ... ... ... 
20001d00:	20001cf8 20001cf8 20001d00 20001d00     ... ... ... ... 
20001d10:	20001d08 20001d08 20001d10 20001d10     ... ... ... ... 
20001d20:	20001d18 20001d18 20001d20 20001d20     ... ...  ..  .. 
20001d30:	20001d28 20001d28 20001d30 20001d30     (.. (.. 0.. 0.. 
20001d40:	20001d38 20001d38 20001d40 20001d40     8.. 8.. @.. @.. 
20001d50:	20001d48 20001d48 20001d50 20001d50     H.. H.. P.. P.. 
20001d60:	20001d58 20001d58 20001d60 20001d60     X.. X.. `.. `.. 
20001d70:	20001d68 20001d68 20001d70 20001d70     h.. h.. p.. p.. 
20001d80:	20001d78 20001d78 20001d80 20001d80     x.. x.. ... ... 
20001d90:	20001d88 20001d88 20001d90 20001d90     ... ... ... ... 
20001da0:	20001d98 20001d98 20001da0 20001da0     ... ... ... ... 
20001db0:	20001da8 20001da8 20001db0 20001db0     ... ... ... ... 

20001dc0 <__malloc_sbrk_base>:
20001dc0:	ffffffff                                ....

20001dc4 <__malloc_trim_threshold>:
20001dc4:	00020000                                ....

20001dc8 <print_mutex>:
	...
