
/home/devel/rp2040-rp2350-freertos/build-2350/freertos/hello_freertos/hello_freertos2.elf:     file format elf32-littlearm

Sections:
Idx Name          Size      VMA       LMA       File off  Algn
  0 .text         000080f8  10000000  10000000  00001000  2**4
                  CONTENTS, ALLOC, LOAD, READONLY, CODE
  1 .rodata       00000344  100080f8  100080f8  000090f8  2**3
                  CONTENTS, ALLOC, LOAD, READONLY, DATA
  2 .ARM.exidx    00000008  1000843c  1000843c  0000943c  2**2
                  CONTENTS, ALLOC, LOAD, READONLY, DATA
  3 .binary_info  00000028  10008444  10008444  00009444  2**2
                  CONTENTS, ALLOC, LOAD, READONLY, DATA
  4 .ram_vector_table 00000110  20000000  20000000  0000b000  2**2
                  ALLOC
  5 .uninitialized_data 00000000  20000110  20000110  0000a9f4  2**0
                  CONTENTS
  6 .data         00000574  20000110  1000846c  0000a110  2**3
                  CONTENTS, ALLOC, LOAD, READONLY, CODE
  7 .tdata        00000000  20000684  20000684  0000a9f4  2**0
                  CONTENTS, ALLOC, LOAD, DATA, THREAD_LOCAL
  8 .tbss         00000000  20000684  20000684  00000000  2**0
                  ALLOC, THREAD_LOCAL
  9 .bss          0002064c  20000688  100089e0  0000b688  2**3
                  ALLOC
 10 .heap         00000800  20020cd4  20020cd4  0000a9f4  2**2
                  CONTENTS, READONLY
 11 .scratch_x    00000000  20080000  20080000  0000b1f4  2**0
                  CONTENTS
 12 .scratch_y    00000000  20081000  20081000  0000b1f4  2**0
                  CONTENTS
 13 .stack1_dummy 00000800  20080000  20080000  0000b000  2**2
                  ALLOC
 14 .stack_dummy  00000800  20081000  20081000  0000b200  2**5
                  CONTENTS, READONLY
 15 .flash_end    00000014  100089e0  100089e0  0000a9e0  2**2
                  CONTENTS, ALLOC, LOAD, READONLY, DATA
 16 .ARM.attributes 00000034  00000000  00000000  0000ba00  2**0
                  CONTENTS, READONLY
 17 .comment      00000026  00000000  00000000  0000ba34  2**0
                  CONTENTS, READONLY
 18 .debug_info   0003a3ce  00000000  00000000  0000ba5a  2**0
                  CONTENTS, READONLY, DEBUGGING, OCTETS
 19 .debug_abbrev 000088ff  00000000  00000000  00045e28  2**0
                  CONTENTS, READONLY, DEBUGGING, OCTETS
 20 .debug_loclists 0001c3d8  00000000  00000000  0004e727  2**0
                  CONTENTS, READONLY, DEBUGGING, OCTETS
 21 .debug_aranges 000015c8  00000000  00000000  0006ab00  2**3
                  CONTENTS, READONLY, DEBUGGING, OCTETS
 22 .debug_rnglists 00005b21  00000000  00000000  0006c0c8  2**0
                  CONTENTS, READONLY, DEBUGGING, OCTETS
 23 .debug_line   00026850  00000000  00000000  00071be9  2**0
                  CONTENTS, READONLY, DEBUGGING, OCTETS
 24 .debug_str    00009b7f  00000000  00000000  00098439  2**0
                  CONTENTS, READONLY, DEBUGGING, OCTETS
 25 .debug_frame  00003eb8  00000000  00000000  000a1fb8  2**2
                  CONTENTS, READONLY, DEBUGGING, OCTETS
 26 .debug_line_str 00000218  00000000  00000000  000a5e70  2**0
                  CONTENTS, READONLY, DEBUGGING, OCTETS

/home/devel/rp2040-rp2350-freertos/build-2350/freertos/hello_freertos/hello_freertos2.elf:     file format elf32-littlearm


Disassembly of section .text:

10000000 <__VECTOR_TABLE>:
10000000:	20082000 	.word	0x20082000
10000004:	1000015d 	.word	0x1000015d
10000008:	10000113 	.word	0x10000113
1000000c:	10000115 	.word	0x10000115
10000010:	10000111 	.word	0x10000111
10000014:	10000111 	.word	0x10000111
10000018:	10000111 	.word	0x10000111
1000001c:	10000111 	.word	0x10000111
10000020:	10000111 	.word	0x10000111
10000024:	10000111 	.word	0x10000111
10000028:	10000111 	.word	0x10000111
1000002c:	10000117 	.word	0x10000117
10000030:	10000111 	.word	0x10000111
10000034:	10000111 	.word	0x10000111
10000038:	10000119 	.word	0x10000119
1000003c:	1000011b 	.word	0x1000011b
10000040:	1000011d 	.word	0x1000011d
10000044:	1000011d 	.word	0x1000011d
10000048:	1000011d 	.word	0x1000011d
1000004c:	1000011d 	.word	0x1000011d
10000050:	1000011d 	.word	0x1000011d
10000054:	1000011d 	.word	0x1000011d
10000058:	1000011d 	.word	0x1000011d
1000005c:	1000011d 	.word	0x1000011d
10000060:	1000011d 	.word	0x1000011d
10000064:	1000011d 	.word	0x1000011d
10000068:	1000011d 	.word	0x1000011d
1000006c:	1000011d 	.word	0x1000011d
10000070:	1000011d 	.word	0x1000011d
10000074:	1000011d 	.word	0x1000011d
10000078:	1000011d 	.word	0x1000011d
1000007c:	1000011d 	.word	0x1000011d
10000080:	1000011d 	.word	0x1000011d
10000084:	1000011d 	.word	0x1000011d
10000088:	1000011d 	.word	0x1000011d
1000008c:	1000011d 	.word	0x1000011d
10000090:	1000011d 	.word	0x1000011d
10000094:	1000011d 	.word	0x1000011d
10000098:	1000011d 	.word	0x1000011d
1000009c:	1000011d 	.word	0x1000011d
100000a0:	1000011d 	.word	0x1000011d
100000a4:	1000011d 	.word	0x1000011d
100000a8:	1000011d 	.word	0x1000011d
100000ac:	1000011d 	.word	0x1000011d
100000b0:	1000011d 	.word	0x1000011d
100000b4:	1000011d 	.word	0x1000011d
100000b8:	1000011d 	.word	0x1000011d
100000bc:	1000011d 	.word	0x1000011d
100000c0:	1000011d 	.word	0x1000011d
100000c4:	1000011d 	.word	0x1000011d
100000c8:	1000011d 	.word	0x1000011d
100000cc:	1000011d 	.word	0x1000011d
100000d0:	1000011d 	.word	0x1000011d
100000d4:	1000011d 	.word	0x1000011d
100000d8:	1000011d 	.word	0x1000011d
100000dc:	1000011d 	.word	0x1000011d
100000e0:	1000011d 	.word	0x1000011d
100000e4:	1000011d 	.word	0x1000011d
100000e8:	1000011d 	.word	0x1000011d
100000ec:	1000011d 	.word	0x1000011d
100000f0:	1000011d 	.word	0x1000011d
100000f4:	1000011d 	.word	0x1000011d
100000f8:	1000011d 	.word	0x1000011d
100000fc:	1000011d 	.word	0x1000011d
10000100:	1000011d 	.word	0x1000011d
10000104:	1000011d 	.word	0x1000011d
10000108:	1000011d 	.word	0x1000011d
1000010c:	1000011d 	.word	0x1000011d

10000110 <isr_invalid>:
10000110:	be00      	bkpt	0x0000

10000112 <isr_nmi>:
10000112:	be00      	bkpt	0x0000

10000114 <isr_hardfault>:
10000114:	be00      	bkpt	0x0000

10000116 <isr_svcall>:
10000116:	be00      	bkpt	0x0000

10000118 <isr_pendsv>:
10000118:	be00      	bkpt	0x0000

1000011a <isr_systick>:
1000011a:	be00      	bkpt	0x0000

1000011c <__unhandled_user_irq>:
1000011c:	f3ef 8005 	mrs	r0, IPSR
10000120:	3810      	subs	r0, #16

10000122 <unhandled_user_irq_num_in_r0>:
10000122:	be00      	bkpt	0x0000

10000124 <binary_info_header>:
10000124:	7188ebf2 	.word	0x7188ebf2
10000128:	10008444 	.word	0x10008444
1000012c:	1000846c 	.word	0x1000846c
10000130:	100001a8 	.word	0x100001a8
10000134:	e71aa390 	.word	0xe71aa390

10000138 <__binary_info_header_end>:
10000138:	ffffded3 	.word	0xffffded3
1000013c:	10210142 	.word	0x10210142
10000140:	000001ff 	.word	0x000001ff
10000144:	000088a8 	.word	0x000088a8
10000148:	ab123579 	.word	0xab123579

1000014c <_entry_point>:
1000014c:	f04f 0000 	mov.w	r0, #0

10000150 <_enter_vtable_in_r0>:
10000150:	4920      	ldr	r1, [pc, #128]	@ (100001d4 <data_cpy_table+0x2c>)
10000152:	6008      	str	r0, [r1, #0]
10000154:	c806      	ldmia	r0!, {r1, r2}
10000156:	f381 8808 	msr	MSP, r1
1000015a:	4710      	bx	r2

1000015c <_reset_handler>:
1000015c:	f04f 4050 	mov.w	r0, #3489660928	@ 0xd0000000
10000160:	6800      	ldr	r0, [r0, #0]
10000162:	b110      	cbz	r0, 1000016a <hold_non_core0_in_bootrom+0x6>

10000164 <hold_non_core0_in_bootrom>:
10000164:	f04f 0000 	mov.w	r0, #0
10000168:	e7f2      	b.n	10000150 <_enter_vtable_in_r0>
1000016a:	a40f      	add	r4, pc, #60	@ (adr r4, 100001a8 <data_cpy_table>)
1000016c:	cc0e      	ldmia	r4!, {r1, r2, r3}
1000016e:	2900      	cmp	r1, #0
10000170:	d002      	beq.n	10000178 <hold_non_core0_in_bootrom+0x14>
10000172:	f000 f815 	bl	100001a0 <data_cpy>
10000176:	e7f9      	b.n	1000016c <hold_non_core0_in_bootrom+0x8>
10000178:	4917      	ldr	r1, [pc, #92]	@ (100001d8 <data_cpy_table+0x30>)
1000017a:	4a18      	ldr	r2, [pc, #96]	@ (100001dc <data_cpy_table+0x34>)
1000017c:	2000      	movs	r0, #0
1000017e:	e000      	b.n	10000182 <bss_fill_test>

10000180 <bss_fill_loop>:
10000180:	c101      	stmia	r1!, {r0}

10000182 <bss_fill_test>:
10000182:	4291      	cmp	r1, r2
10000184:	d1fc      	bne.n	10000180 <bss_fill_loop>

10000186 <platform_entry>:
10000186:	2000      	movs	r0, #0
10000188:	f380 880a 	msr	MSPLIM, r0
1000018c:	4914      	ldr	r1, [pc, #80]	@ (100001e0 <data_cpy_table+0x38>)
1000018e:	4788      	blx	r1
10000190:	4914      	ldr	r1, [pc, #80]	@ (100001e4 <data_cpy_table+0x3c>)
10000192:	4788      	blx	r1
10000194:	4914      	ldr	r1, [pc, #80]	@ (100001e8 <data_cpy_table+0x40>)
10000196:	4788      	blx	r1
10000198:	be00      	bkpt	0x0000
1000019a:	e7fd      	b.n	10000198 <platform_entry+0x12>

1000019c <data_cpy_loop>:
1000019c:	c901      	ldmia	r1!, {r0}
1000019e:	c201      	stmia	r2!, {r0}

100001a0 <data_cpy>:
100001a0:	429a      	cmp	r2, r3
100001a2:	d3fb      	bcc.n	1000019c <data_cpy_loop>
100001a4:	4770      	bx	lr
100001a6:	bf00      	nop

100001a8 <data_cpy_table>:
100001a8:	1000846c 	.word	0x1000846c
100001ac:	20000110 	.word	0x20000110
100001b0:	20000684 	.word	0x20000684
100001b4:	100089e0 	.word	0x100089e0
100001b8:	20080000 	.word	0x20080000
100001bc:	20080000 	.word	0x20080000
100001c0:	100089e0 	.word	0x100089e0
100001c4:	20081000 	.word	0x20081000
100001c8:	20081000 	.word	0x20081000
100001cc:	00000000 	.word	0x00000000
100001d0:	4770      	bx	lr
100001d2:	0000      	.short	0x0000
100001d4:	e000ed08 	.word	0xe000ed08
100001d8:	20000684 	.word	0x20000684
100001dc:	20020cd4 	.word	0x20020cd4
100001e0:	100078a1 	.word	0x100078a1
100001e4:	10000459 	.word	0x10000459
100001e8:	10007899 	.word	0x10007899

100001ec <_init>:
100001ec:	b5f8      	push	{r3, r4, r5, r6, r7, lr}
100001ee:	bf00      	nop

100001f0 <deregister_tm_clones>:
100001f0:	4803      	ldr	r0, [pc, #12]	@ (10000200 <deregister_tm_clones+0x10>)
100001f2:	4b04      	ldr	r3, [pc, #16]	@ (10000204 <deregister_tm_clones+0x14>)
100001f4:	4283      	cmp	r3, r0
100001f6:	d002      	beq.n	100001fe <deregister_tm_clones+0xe>
100001f8:	4b03      	ldr	r3, [pc, #12]	@ (10000208 <deregister_tm_clones+0x18>)
100001fa:	b103      	cbz	r3, 100001fe <deregister_tm_clones+0xe>
100001fc:	4718      	bx	r3
100001fe:	4770      	bx	lr
10000200:	20000684 	.word	0x20000684
10000204:	20000684 	.word	0x20000684
10000208:	00000000 	.word	0x00000000

1000020c <register_tm_clones>:
1000020c:	4b06      	ldr	r3, [pc, #24]	@ (10000228 <register_tm_clones+0x1c>)
1000020e:	4907      	ldr	r1, [pc, #28]	@ (1000022c <register_tm_clones+0x20>)
10000210:	1ac9      	subs	r1, r1, r3
10000212:	1089      	asrs	r1, r1, #2
10000214:	bf48      	it	mi
10000216:	3101      	addmi	r1, #1
10000218:	1049      	asrs	r1, r1, #1
1000021a:	d003      	beq.n	10000224 <register_tm_clones+0x18>
1000021c:	4b04      	ldr	r3, [pc, #16]	@ (10000230 <register_tm_clones+0x24>)
1000021e:	b10b      	cbz	r3, 10000224 <register_tm_clones+0x18>
10000220:	4801      	ldr	r0, [pc, #4]	@ (10000228 <register_tm_clones+0x1c>)
10000222:	4718      	bx	r3
10000224:	4770      	bx	lr
10000226:	bf00      	nop
10000228:	20000684 	.word	0x20000684
1000022c:	20000684 	.word	0x20000684
10000230:	00000000 	.word	0x00000000

10000234 <__do_global_dtors_aux>:
10000234:	b510      	push	{r4, lr}
10000236:	4c06      	ldr	r4, [pc, #24]	@ (10000250 <__do_global_dtors_aux+0x1c>)
10000238:	7823      	ldrb	r3, [r4, #0]
1000023a:	b943      	cbnz	r3, 1000024e <__do_global_dtors_aux+0x1a>
1000023c:	f7ff ffd8 	bl	100001f0 <deregister_tm_clones>
10000240:	4b04      	ldr	r3, [pc, #16]	@ (10000254 <__do_global_dtors_aux+0x20>)
10000242:	b113      	cbz	r3, 1000024a <__do_global_dtors_aux+0x16>
10000244:	4804      	ldr	r0, [pc, #16]	@ (10000258 <__do_global_dtors_aux+0x24>)
10000246:	f3af 8000 	nop.w
1000024a:	2301      	movs	r3, #1
1000024c:	7023      	strb	r3, [r4, #0]
1000024e:	bd10      	pop	{r4, pc}
10000250:	20000880 	.word	0x20000880
10000254:	00000000 	.word	0x00000000
10000258:	100080f8 	.word	0x100080f8

1000025c <frame_dummy>:
1000025c:	b508      	push	{r3, lr}
1000025e:	4b04      	ldr	r3, [pc, #16]	@ (10000270 <frame_dummy+0x14>)
10000260:	b11b      	cbz	r3, 1000026a <frame_dummy+0xe>
10000262:	4904      	ldr	r1, [pc, #16]	@ (10000274 <frame_dummy+0x18>)
10000264:	4804      	ldr	r0, [pc, #16]	@ (10000278 <frame_dummy+0x1c>)
10000266:	f3af 8000 	nop.w
1000026a:	e8bd 4008 	ldmia.w	sp!, {r3, lr}
1000026e:	e7cd      	b.n	1000020c <register_tm_clones>
10000270:	00000000 	.word	0x00000000
10000274:	20000884 	.word	0x20000884
10000278:	100080f8 	.word	0x100080f8

1000027c <blink_task>:
1000027c:	e92d 41f0 	stmdb	sp!, {r4, r5, r6, r7, r8, lr}
10000280:	4810      	ldr	r0, [pc, #64]	@ (100002c4 <blink_task+0x48>)
10000282:	f007 fc83 	bl	10007b8c <__wrap_puts>
10000286:	2019      	movs	r0, #25
10000288:	f004 fdc2 	bl	10004e10 <gpio_init>
1000028c:	2619      	movs	r6, #25
1000028e:	f04f 0301 	mov.w	r3, #1
10000292:	ec43 6044 	gpioc_bit_oe_put r6, r3
10000296:	2400      	movs	r4, #0
10000298:	f04f 4750 	mov.w	r7, #3489660928	@ 0xd0000000
1000029c:	4d0a      	ldr	r5, [pc, #40]	@ (100002c8 <blink_task+0x4c>)
1000029e:	f8df 802c 	ldr.w	r8, [pc, #44]	@ 100002cc <blink_task+0x50>
100002a2:	6839      	ldr	r1, [r7, #0]
100002a4:	682b      	ldr	r3, [r5, #0]
100002a6:	428b      	cmp	r3, r1
100002a8:	d003      	beq.n	100002b2 <blink_task+0x36>
100002aa:	4640      	mov	r0, r8
100002ac:	6029      	str	r1, [r5, #0]
100002ae:	f007 fcef 	bl	10007c90 <__wrap_printf>
100002b2:	ec44 6040 	gpioc_bit_out_put r6, r4
100002b6:	f44f 60fa 	mov.w	r0, #2000	@ 0x7d0
100002ba:	f084 0401 	eor.w	r4, r4, #1
100002be:	f005 fb47 	bl	10005950 <busy_wait_ms>
100002c2:	e7ee      	b.n	100002a2 <blink_task+0x26>
100002c4:	100080f8 	.word	0x100080f8
100002c8:	200005d0 	.word	0x200005d0
100002cc:	1000810c 	.word	0x1000810c

100002d0 <main_task>:
100002d0:	e92d 41f0 	stmdb	sp!, {r4, r5, r6, r7, r8, lr}
100002d4:	4a2e      	ldr	r2, [pc, #184]	@ (10000390 <main_task+0xc0>)
100002d6:	b088      	sub	sp, #32
100002d8:	ac02      	add	r4, sp, #8
100002da:	ab05      	add	r3, sp, #20
100002dc:	ca07      	ldmia	r2, {r0, r1, r2}
100002de:	e883 0007 	stmia.w	r3, {r0, r1, r2}
100002e2:	e884 0007 	stmia.w	r4, {r0, r1, r2}
100002e6:	4621      	mov	r1, r4
100002e8:	482a      	ldr	r0, [pc, #168]	@ (10000394 <main_task+0xc4>)
100002ea:	f000 fc8f 	bl	10000c0c <async_context_freertos_init>
100002ee:	2800      	cmp	r0, #0
100002f0:	d039      	beq.n	10000366 <main_task+0x96>
100002f2:	f005 faf5 	bl	100058e0 <time_us_64>
100002f6:	f04f 36ff 	mov.w	r6, #4294967295	@ 0xffffffff
100002fa:	460b      	mov	r3, r1
100002fc:	f06f 4500 	mvn.w	r5, #2147483648	@ 0x80000000
10000300:	4286      	cmp	r6, r0
10000302:	eb75 0103 	sbcs.w	r1, r5, r3
10000306:	4602      	mov	r2, r0
10000308:	bf3c      	itt	cc
1000030a:	4632      	movcc	r2, r6
1000030c:	462b      	movcc	r3, r5
1000030e:	4c22      	ldr	r4, [pc, #136]	@ (10000398 <main_task+0xc8>)
10000310:	4820      	ldr	r0, [pc, #128]	@ (10000394 <main_task+0xc4>)
10000312:	60a2      	str	r2, [r4, #8]
10000314:	6802      	ldr	r2, [r0, #0]
10000316:	60e3      	str	r3, [r4, #12]
10000318:	491f      	ldr	r1, [pc, #124]	@ (10000398 <main_task+0xc8>)
1000031a:	6952      	ldr	r2, [r2, #20]
1000031c:	4790      	blx	r2
1000031e:	2400      	movs	r4, #0
10000320:	f04f 0c01 	mov.w	ip, #1
10000324:	f44f 7200 	mov.w	r2, #512	@ 0x200
10000328:	4623      	mov	r3, r4
1000032a:	e9cd c400 	strd	ip, r4, [sp]
1000032e:	491b      	ldr	r1, [pc, #108]	@ (1000039c <main_task+0xcc>)
10000330:	481b      	ldr	r0, [pc, #108]	@ (100003a0 <main_task+0xd0>)
10000332:	f04f 4750 	mov.w	r7, #3489660928	@ 0xd0000000
10000336:	4d1b      	ldr	r5, [pc, #108]	@ (100003a4 <main_task+0xd4>)
10000338:	f8df 8070 	ldr.w	r8, [pc, #112]	@ 100003ac <main_task+0xdc>
1000033c:	4e1a      	ldr	r6, [pc, #104]	@ (100003a8 <main_task+0xd8>)
1000033e:	f003 fbb9 	bl	10003ab4 <xTaskCreate>
10000342:	6839      	ldr	r1, [r7, #0]
10000344:	682b      	ldr	r3, [r5, #0]
10000346:	428b      	cmp	r3, r1
10000348:	d003      	beq.n	10000352 <main_task+0x82>
1000034a:	4640      	mov	r0, r8
1000034c:	6029      	str	r1, [r5, #0]
1000034e:	f007 fc9f 	bl	10007c90 <__wrap_printf>
10000352:	4621      	mov	r1, r4
10000354:	4630      	mov	r0, r6
10000356:	f007 fc9b 	bl	10007c90 <__wrap_printf>
1000035a:	f640 30b8 	movw	r0, #3000	@ 0xbb8
1000035e:	3401      	adds	r4, #1
10000360:	f003 fdb8 	bl	10003ed4 <vTaskDelay>
10000364:	e7ed      	b.n	10000342 <main_task+0x72>
10000366:	f005 fabb 	bl	100058e0 <time_us_64>
1000036a:	f04f 36ff 	mov.w	r6, #4294967295	@ 0xffffffff
1000036e:	460b      	mov	r3, r1
10000370:	f06f 4500 	mvn.w	r5, #2147483648	@ 0x80000000
10000374:	4286      	cmp	r6, r0
10000376:	eb75 0103 	sbcs.w	r1, r5, r3
1000037a:	4602      	mov	r2, r0
1000037c:	bf3c      	itt	cc
1000037e:	462b      	movcc	r3, r5
10000380:	4632      	movcc	r2, r6
10000382:	2100      	movs	r1, #0
10000384:	4c04      	ldr	r4, [pc, #16]	@ (10000398 <main_task+0xc8>)
10000386:	e9c4 2302 	strd	r2, r3, [r4, #8]
1000038a:	680b      	ldr	r3, [r1, #0]
1000038c:	deff      	udf	#255	@ 0xff
1000038e:	bf00      	nop
10000390:	100081f0 	.word	0x100081f0
10000394:	20000688 	.word	0x20000688
10000398:	200005d8 	.word	0x200005d8
1000039c:	10008128 	.word	0x10008128
100003a0:	1000027d 	.word	0x1000027d
100003a4:	200005c8 	.word	0x200005c8
100003a8:	10008150 	.word	0x10008150
100003ac:	10008134 	.word	0x10008134

100003b0 <do_work>:
100003b0:	b538      	push	{r3, r4, r5, lr}
100003b2:	4605      	mov	r5, r0
100003b4:	460c      	mov	r4, r1
100003b6:	f005 fa93 	bl	100058e0 <time_us_64>
100003ba:	f04f 3cff 	mov.w	ip, #4294967295	@ 0xffffffff
100003be:	f06f 4200 	mvn.w	r2, #2147483648	@ 0x80000000
100003c2:	4b13      	ldr	r3, [pc, #76]	@ (10000410 <do_work+0x60>)
100003c4:	18c3      	adds	r3, r0, r3
100003c6:	f141 0100 	adc.w	r1, r1, #0
100003ca:	459c      	cmp	ip, r3
100003cc:	eb72 0001 	sbcs.w	r0, r2, r1
100003d0:	bf3c      	itt	cc
100003d2:	4611      	movcc	r1, r2
100003d4:	4663      	movcc	r3, ip
100003d6:	682a      	ldr	r2, [r5, #0]
100003d8:	4628      	mov	r0, r5
100003da:	6952      	ldr	r2, [r2, #20]
100003dc:	e9c4 3102 	strd	r3, r1, [r4, #8]
100003e0:	4621      	mov	r1, r4
100003e2:	4790      	blx	r2
100003e4:	4b0b      	ldr	r3, [pc, #44]	@ (10000414 <do_work+0x64>)
100003e6:	480c      	ldr	r0, [pc, #48]	@ (10000418 <do_work+0x68>)
100003e8:	6819      	ldr	r1, [r3, #0]
100003ea:	1c4a      	adds	r2, r1, #1
100003ec:	601a      	str	r2, [r3, #0]
100003ee:	f007 fc4f 	bl	10007c90 <__wrap_printf>
100003f2:	f04f 4150 	mov.w	r1, #3489660928	@ 0xd0000000
100003f6:	4b09      	ldr	r3, [pc, #36]	@ (1000041c <do_work+0x6c>)
100003f8:	6809      	ldr	r1, [r1, #0]
100003fa:	681a      	ldr	r2, [r3, #0]
100003fc:	428a      	cmp	r2, r1
100003fe:	d100      	bne.n	10000402 <do_work+0x52>
10000400:	bd38      	pop	{r3, r4, r5, pc}
10000402:	6019      	str	r1, [r3, #0]
10000404:	4806      	ldr	r0, [pc, #24]	@ (10000420 <do_work+0x70>)
10000406:	e8bd 4038 	ldmia.w	sp!, {r3, r4, r5, lr}
1000040a:	f007 bc41 	b.w	10007c90 <__wrap_printf>
1000040e:	bf00      	nop
10000410:	00989680 	.word	0x00989680
10000414:	200008f4 	.word	0x200008f4
10000418:	10008170 	.word	0x10008170
1000041c:	200005cc 	.word	0x200005cc
10000420:	1000818c 	.word	0x1000818c

10000424 <vLaunch>:
10000424:	b510      	push	{r4, lr}
10000426:	2402      	movs	r4, #2
10000428:	b084      	sub	sp, #16
1000042a:	a803      	add	r0, sp, #12
1000042c:	2300      	movs	r3, #0
1000042e:	f44f 7200 	mov.w	r2, #512	@ 0x200
10000432:	9001      	str	r0, [sp, #4]
10000434:	4906      	ldr	r1, [pc, #24]	@ (10000450 <vLaunch+0x2c>)
10000436:	9400      	str	r4, [sp, #0]
10000438:	4806      	ldr	r0, [pc, #24]	@ (10000454 <vLaunch+0x30>)
1000043a:	f003 fb3b 	bl	10003ab4 <xTaskCreate>
1000043e:	2101      	movs	r1, #1
10000440:	9803      	ldr	r0, [sp, #12]
10000442:	f002 fb57 	bl	10002af4 <vTaskCoreAffinitySet>
10000446:	f003 fb5f 	bl	10003b08 <vTaskStartScheduler>
1000044a:	b004      	add	sp, #16
1000044c:	bd10      	pop	{r4, pc}
1000044e:	bf00      	nop
10000450:	100081a4 	.word	0x100081a4
10000454:	100002d1 	.word	0x100002d1

10000458 <main>:
10000458:	b508      	push	{r3, lr}
1000045a:	f007 fb4f 	bl	10007afc <stdio_init_all>
1000045e:	4805      	ldr	r0, [pc, #20]	@ (10000474 <main+0x1c>)
10000460:	f007 fb94 	bl	10007b8c <__wrap_puts>
10000464:	4904      	ldr	r1, [pc, #16]	@ (10000478 <main+0x20>)
10000466:	4805      	ldr	r0, [pc, #20]	@ (1000047c <main+0x24>)
10000468:	f007 fc12 	bl	10007c90 <__wrap_printf>
1000046c:	f7ff ffda 	bl	10000424 <vLaunch>
10000470:	2000      	movs	r0, #0
10000472:	bd08      	pop	{r3, pc}
10000474:	100081b0 	.word	0x100081b0
10000478:	100081c4 	.word	0x100081c4
1000047c:	100081d4 	.word	0x100081d4

10000480 <end_task_func>:
10000480:	4603      	mov	r3, r0
10000482:	2201      	movs	r2, #1
10000484:	2000      	movs	r0, #0
10000486:	f883 2031 	strb.w	r2, [r3, #49]	@ 0x31
1000048a:	4770      	bx	lr

1000048c <async_context_freertos_lock_check>:
1000048c:	4770      	bx	lr
1000048e:	bf00      	nop

10000490 <async_context_freertos_acquire_lock_blocking>:
10000490:	b510      	push	{r4, lr}
10000492:	4604      	mov	r4, r0
10000494:	f04f 31ff 	mov.w	r1, #4294967295	@ 0xffffffff
10000498:	6a00      	ldr	r0, [r0, #32]
1000049a:	f001 fdd1 	bl	10002040 <xQueueTakeMutexRecursive>
1000049e:	f894 3030 	ldrb.w	r3, [r4, #48]	@ 0x30
100004a2:	3301      	adds	r3, #1
100004a4:	f884 3030 	strb.w	r3, [r4, #48]	@ 0x30
100004a8:	bd10      	pop	{r4, pc}
100004aa:	bf00      	nop

100004ac <handle_sync_func_call>:
100004ac:	b510      	push	{r4, lr}
100004ae:	e9d1 3005 	ldrd	r3, r0, [r1, #20]
100004b2:	460c      	mov	r4, r1
100004b4:	4798      	blx	r3
100004b6:	2300      	movs	r3, #0
100004b8:	4602      	mov	r2, r0
100004ba:	4619      	mov	r1, r3
100004bc:	61e2      	str	r2, [r4, #28]
100004be:	6920      	ldr	r0, [r4, #16]
100004c0:	461a      	mov	r2, r3
100004c2:	e8bd 4010 	ldmia.w	sp!, {r4, lr}
100004c6:	f001 bb35 	b.w	10001b34 <xQueueGenericSend>
100004ca:	bf00      	nop

100004cc <async_context_freertos_wait_until>:
100004cc:	b538      	push	{r3, r4, r5, lr}
100004ce:	4614      	mov	r4, r2
100004d0:	461d      	mov	r5, r3
100004d2:	f005 fa05 	bl	100058e0 <time_us_64>
100004d6:	1a24      	subs	r4, r4, r0
100004d8:	eb65 0301 	sbc.w	r3, r5, r1
100004dc:	2c01      	cmp	r4, #1
100004de:	f173 0200 	sbcs.w	r2, r3, #0
100004e2:	db15      	blt.n	10000510 <async_context_freertos_wait_until+0x44>
100004e4:	2200      	movs	r2, #0
100004e6:	490d      	ldr	r1, [pc, #52]	@ (1000051c <async_context_freertos_wait_until+0x50>)
100004e8:	42a1      	cmp	r1, r4
100004ea:	419a      	sbcs	r2, r3
100004ec:	da05      	bge.n	100004fa <async_context_freertos_wait_until+0x2e>
100004ee:	e8bd 4038 	ldmia.w	sp!, {r3, r4, r5, lr}
100004f2:	f64e 2061 	movw	r0, #60001	@ 0xea61
100004f6:	f003 bced 	b.w	10003ed4 <vTaskDelay>
100004fa:	4b09      	ldr	r3, [pc, #36]	@ (10000520 <async_context_freertos_wait_until+0x54>)
100004fc:	f204 30e7 	addw	r0, r4, #999	@ 0x3e7
10000500:	fba3 3000 	umull	r3, r0, r3, r0
10000504:	e8bd 4038 	ldmia.w	sp!, {r3, r4, r5, lr}
10000508:	0980      	lsrs	r0, r0, #6
1000050a:	3001      	adds	r0, #1
1000050c:	f003 bce2 	b.w	10003ed4 <vTaskDelay>
10000510:	2000      	movs	r0, #0
10000512:	e8bd 4038 	ldmia.w	sp!, {r3, r4, r5, lr}
10000516:	f003 bcdd 	b.w	10003ed4 <vTaskDelay>
1000051a:	bf00      	nop
1000051c:	03938700 	.word	0x03938700
10000520:	10624dd3 	.word	0x10624dd3

10000524 <async_context_freertos_deinit>:
10000524:	b510      	push	{r4, lr}
10000526:	6ac3      	ldr	r3, [r0, #44]	@ 0x2c
10000528:	4604      	mov	r4, r0
1000052a:	b082      	sub	sp, #8
1000052c:	b123      	cbz	r3, 10000538 <async_context_freertos_deinit+0x14>
1000052e:	6803      	ldr	r3, [r0, #0]
10000530:	4602      	mov	r2, r0
10000532:	691b      	ldr	r3, [r3, #16]
10000534:	490c      	ldr	r1, [pc, #48]	@ (10000568 <async_context_freertos_deinit+0x44>)
10000536:	4798      	blx	r3
10000538:	6aa0      	ldr	r0, [r4, #40]	@ 0x28
1000053a:	b128      	cbz	r0, 10000548 <async_context_freertos_deinit+0x24>
1000053c:	2300      	movs	r3, #0
1000053e:	2105      	movs	r1, #5
10000540:	461a      	mov	r2, r3
10000542:	9300      	str	r3, [sp, #0]
10000544:	f004 fb22 	bl	10004b8c <xTimerGenericCommandFromTask>
10000548:	6a20      	ldr	r0, [r4, #32]
1000054a:	b108      	cbz	r0, 10000550 <async_context_freertos_deinit+0x2c>
1000054c:	f001 fd90 	bl	10002070 <vQueueDelete>
10000550:	6a60      	ldr	r0, [r4, #36]	@ 0x24
10000552:	b108      	cbz	r0, 10000558 <async_context_freertos_deinit+0x34>
10000554:	f001 fd8c 	bl	10002070 <vQueueDelete>
10000558:	2238      	movs	r2, #56	@ 0x38
1000055a:	2100      	movs	r1, #0
1000055c:	4620      	mov	r0, r4
1000055e:	b002      	add	sp, #8
10000560:	e8bd 4010 	ldmia.w	sp!, {r4, lr}
10000564:	f007 bd0e 	b.w	10007f84 <memset>
10000568:	10000481 	.word	0x10000481

1000056c <async_context_freertos_execute_sync>:
1000056c:	b5f0      	push	{r4, r5, r6, r7, lr}
1000056e:	4604      	mov	r4, r0
10000570:	b089      	sub	sp, #36	@ 0x24
10000572:	6a00      	ldr	r0, [r0, #32]
10000574:	460e      	mov	r6, r1
10000576:	4615      	mov	r5, r2
10000578:	f001 facc 	bl	10001b14 <xQueueGetMutexHolder>
1000057c:	4607      	mov	r7, r0
1000057e:	f002 ff99 	bl	100034b4 <xTaskGetCurrentTaskHandle>
10000582:	4287      	cmp	r7, r0
10000584:	d024      	beq.n	100005d0 <async_context_freertos_execute_sync+0x64>
10000586:	4b14      	ldr	r3, [pc, #80]	@ (100005d8 <async_context_freertos_execute_sync+0x6c>)
10000588:	2203      	movs	r2, #3
1000058a:	2100      	movs	r1, #0
1000058c:	2001      	movs	r0, #1
1000058e:	9301      	str	r3, [sp, #4]
10000590:	9605      	str	r6, [sp, #20]
10000592:	9506      	str	r5, [sp, #24]
10000594:	f001 fa7e 	bl	10001a94 <xQueueGenericCreate>
10000598:	4602      	mov	r2, r0
1000059a:	6823      	ldr	r3, [r4, #0]
1000059c:	9204      	str	r2, [sp, #16]
1000059e:	4669      	mov	r1, sp
100005a0:	4620      	mov	r0, r4
100005a2:	69db      	ldr	r3, [r3, #28]
100005a4:	4798      	blx	r3
100005a6:	6823      	ldr	r3, [r4, #0]
100005a8:	4669      	mov	r1, sp
100005aa:	4620      	mov	r0, r4
100005ac:	6a5b      	ldr	r3, [r3, #36]	@ 0x24
100005ae:	4798      	blx	r3
100005b0:	f04f 31ff 	mov.w	r1, #4294967295	@ 0xffffffff
100005b4:	9804      	ldr	r0, [sp, #16]
100005b6:	f001 fcab 	bl	10001f10 <xQueueSemaphoreTake>
100005ba:	6823      	ldr	r3, [r4, #0]
100005bc:	4669      	mov	r1, sp
100005be:	6a1b      	ldr	r3, [r3, #32]
100005c0:	4620      	mov	r0, r4
100005c2:	4798      	blx	r3
100005c4:	9804      	ldr	r0, [sp, #16]
100005c6:	f001 fd53 	bl	10002070 <vQueueDelete>
100005ca:	9807      	ldr	r0, [sp, #28]
100005cc:	b009      	add	sp, #36	@ 0x24
100005ce:	bdf0      	pop	{r4, r5, r6, r7, pc}
100005d0:	f005 fc26 	bl	10005e20 <hard_assertion_failure>
100005d4:	e7d7      	b.n	10000586 <async_context_freertos_execute_sync+0x1a>
100005d6:	bf00      	nop
100005d8:	100004ad 	.word	0x100004ad

100005dc <async_context_freertos_wait_for_work_until>:
100005dc:	e92d 43f8 	stmdb	sp!, {r3, r4, r5, r6, r7, r8, r9, lr}
100005e0:	4607      	mov	r7, r0
100005e2:	4614      	mov	r4, r2
100005e4:	461d      	mov	r5, r3
100005e6:	4e18      	ldr	r6, [pc, #96]	@ (10000648 <async_context_freertos_wait_for_work_until+0x6c>)
100005e8:	f8df 8060 	ldr.w	r8, [pc, #96]	@ 1000064c <async_context_freertos_wait_for_work_until+0x70>
100005ec:	f8df 9060 	ldr.w	r9, [pc, #96]	@ 10000650 <async_context_freertos_wait_for_work_until+0x74>
100005f0:	6a73      	ldr	r3, [r6, #36]	@ 0x24
100005f2:	429d      	cmp	r5, r3
100005f4:	d806      	bhi.n	10000604 <async_context_freertos_wait_for_work_until+0x28>
100005f6:	6ab2      	ldr	r2, [r6, #40]	@ 0x28
100005f8:	42a2      	cmp	r2, r4
100005fa:	d301      	bcc.n	10000600 <async_context_freertos_wait_for_work_until+0x24>
100005fc:	e8bd 83f8 	ldmia.w	sp!, {r3, r4, r5, r6, r7, r8, r9, pc}
10000600:	429d      	cmp	r5, r3
10000602:	d1fb      	bne.n	100005fc <async_context_freertos_wait_for_work_until+0x20>
10000604:	f005 f96c 	bl	100058e0 <time_us_64>
10000608:	1a20      	subs	r0, r4, r0
1000060a:	eb65 0101 	sbc.w	r1, r5, r1
1000060e:	2801      	cmp	r0, #1
10000610:	f171 0300 	sbcs.w	r3, r1, #0
10000614:	dbf2      	blt.n	100005fc <async_context_freertos_wait_for_work_until+0x20>
10000616:	2200      	movs	r2, #0
10000618:	4580      	cmp	r8, r0
1000061a:	418a      	sbcs	r2, r1
1000061c:	f200 33e7 	addw	r3, r0, #999	@ 0x3e7
10000620:	db09      	blt.n	10000636 <async_context_freertos_wait_for_work_until+0x5a>
10000622:	fba9 3103 	umull	r3, r1, r9, r3
10000626:	0989      	lsrs	r1, r1, #6
10000628:	6a78      	ldr	r0, [r7, #36]	@ 0x24
1000062a:	3101      	adds	r1, #1
1000062c:	f001 fc70 	bl	10001f10 <xQueueSemaphoreTake>
10000630:	2800      	cmp	r0, #0
10000632:	d0dd      	beq.n	100005f0 <async_context_freertos_wait_for_work_until+0x14>
10000634:	e7e2      	b.n	100005fc <async_context_freertos_wait_for_work_until+0x20>
10000636:	f64e 2161 	movw	r1, #60001	@ 0xea61
1000063a:	6a78      	ldr	r0, [r7, #36]	@ 0x24
1000063c:	f001 fc68 	bl	10001f10 <xQueueSemaphoreTake>
10000640:	2800      	cmp	r0, #0
10000642:	d0d5      	beq.n	100005f0 <async_context_freertos_wait_for_work_until+0x14>
10000644:	e8bd 83f8 	ldmia.w	sp!, {r3, r4, r5, r6, r7, r8, r9, pc}
10000648:	400b0000 	.word	0x400b0000
1000064c:	03938700 	.word	0x03938700
10000650:	10624dd3 	.word	0x10624dd3

10000654 <process_under_lock>:
10000654:	e92d 4ff0 	stmdb	sp!, {r4, r5, r6, r7, r8, r9, sl, fp, lr}
10000658:	f04f 0900 	mov.w	r9, #0
1000065c:	4605      	mov	r5, r0
1000065e:	4b1a      	ldr	r3, [pc, #104]	@ (100006c8 <process_under_lock+0x74>)
10000660:	f8df 8068 	ldr.w	r8, [pc, #104]	@ 100006cc <process_under_lock+0x78>
10000664:	f8df a068 	ldr.w	sl, [pc, #104]	@ 100006d0 <process_under_lock+0x7c>
10000668:	b083      	sub	sp, #12
1000066a:	e9d3 7600 	ldrd	r7, r6, [r3]
1000066e:	4628      	mov	r0, r5
10000670:	f000 fb6c 	bl	10000d4c <async_context_base_execute_once>
10000674:	42b1      	cmp	r1, r6
10000676:	bf08      	it	eq
10000678:	42b8      	cmpeq	r0, r7
1000067a:	4604      	mov	r4, r0
1000067c:	468b      	mov	fp, r1
1000067e:	d01f      	beq.n	100006c0 <process_under_lock+0x6c>
10000680:	f005 f92e 	bl	100058e0 <time_us_64>
10000684:	1a24      	subs	r4, r4, r0
10000686:	eb6b 0b01 	sbc.w	fp, fp, r1
1000068a:	2c01      	cmp	r4, #1
1000068c:	f17b 0300 	sbcs.w	r3, fp, #0
10000690:	dbed      	blt.n	1000066e <process_under_lock+0x1a>
10000692:	45a0      	cmp	r8, r4
10000694:	eb79 0b0b 	sbcs.w	fp, r9, fp
10000698:	f204 32e7 	addw	r2, r4, #999	@ 0x3e7
1000069c:	bfb1      	iteee	lt
1000069e:	f64e 2261 	movwlt	r2, #60001	@ 0xea61
100006a2:	fbaa 3202 	umullge	r3, r2, sl, r2
100006a6:	0992      	lsrge	r2, r2, #6
100006a8:	3201      	addge	r2, #1
100006aa:	6aa8      	ldr	r0, [r5, #40]	@ 0x28
100006ac:	2300      	movs	r3, #0
100006ae:	2104      	movs	r1, #4
100006b0:	9200      	str	r2, [sp, #0]
100006b2:	f004 fa6b 	bl	10004b8c <xTimerGenericCommandFromTask>
100006b6:	2800      	cmp	r0, #0
100006b8:	d0d9      	beq.n	1000066e <process_under_lock+0x1a>
100006ba:	b003      	add	sp, #12
100006bc:	e8bd 8ff0 	ldmia.w	sp!, {r4, r5, r6, r7, r8, r9, sl, fp, pc}
100006c0:	f04f 32ff 	mov.w	r2, #4294967295	@ 0xffffffff
100006c4:	e7f1      	b.n	100006aa <process_under_lock+0x56>
100006c6:	bf00      	nop
100006c8:	100082a0 	.word	0x100082a0
100006cc:	03938700 	.word	0x03938700
100006d0:	10624dd3 	.word	0x10624dd3

100006d4 <async_context_freertos_release_lock>:
100006d4:	b530      	push	{r4, r5, lr}
100006d6:	f890 3030 	ldrb.w	r3, [r0, #48]	@ 0x30
100006da:	4604      	mov	r4, r0
100006dc:	2b01      	cmp	r3, #1
100006de:	b083      	sub	sp, #12
100006e0:	d008      	beq.n	100006f4 <async_context_freertos_release_lock+0x20>
100006e2:	6a00      	ldr	r0, [r0, #32]
100006e4:	3b01      	subs	r3, #1
100006e6:	f884 3030 	strb.w	r3, [r4, #48]	@ 0x30
100006ea:	b003      	add	sp, #12
100006ec:	e8bd 4030 	ldmia.w	sp!, {r4, r5, lr}
100006f0:	f001 baec 	b.w	10001ccc <xQueueGiveMutexRecursive>
100006f4:	6ac5      	ldr	r5, [r0, #44]	@ 0x2c
100006f6:	f002 fedd 	bl	100034b4 <xTaskGetCurrentTaskHandle>
100006fa:	4285      	cmp	r5, r0
100006fc:	d02e      	beq.n	1000075c <async_context_freertos_release_lock+0x88>
100006fe:	f894 3030 	ldrb.w	r3, [r4, #48]	@ 0x30
10000702:	6a20      	ldr	r0, [r4, #32]
10000704:	3b01      	subs	r3, #1
10000706:	f884 3030 	strb.w	r3, [r4, #48]	@ 0x30
1000070a:	f001 fadf 	bl	10001ccc <xQueueGiveMutexRecursive>
1000070e:	6ae0      	ldr	r0, [r4, #44]	@ 0x2c
10000710:	b360      	cbz	r0, 1000076c <async_context_freertos_release_lock+0x98>
10000712:	f3ef 8205 	mrs	r2, IPSR
10000716:	f012 05ff 	ands.w	r5, r2, #255	@ 0xff
1000071a:	d114      	bne.n	10000746 <async_context_freertos_release_lock+0x72>
1000071c:	f002 feca 	bl	100034b4 <xTaskGetCurrentTaskHandle>
10000720:	6ae1      	ldr	r1, [r4, #44]	@ 0x2c
10000722:	4281      	cmp	r1, r0
10000724:	d022      	beq.n	1000076c <async_context_freertos_release_lock+0x98>
10000726:	462a      	mov	r2, r5
10000728:	2302      	movs	r3, #2
1000072a:	4608      	mov	r0, r1
1000072c:	9500      	str	r5, [sp, #0]
1000072e:	4629      	mov	r1, r5
10000730:	f003 fe44 	bl	100043bc <xTaskGenericNotify>
10000734:	462b      	mov	r3, r5
10000736:	462a      	mov	r2, r5
10000738:	4629      	mov	r1, r5
1000073a:	6a60      	ldr	r0, [r4, #36]	@ 0x24
1000073c:	b003      	add	sp, #12
1000073e:	e8bd 4030 	ldmia.w	sp!, {r4, r5, lr}
10000742:	f001 b9f7 	b.w	10001b34 <xQueueGenericSend>
10000746:	2200      	movs	r2, #0
10000748:	4611      	mov	r1, r2
1000074a:	f003 ff39 	bl	100045c0 <vTaskGenericNotifyGiveFromISR>
1000074e:	2100      	movs	r1, #0
10000750:	6a60      	ldr	r0, [r4, #36]	@ 0x24
10000752:	b003      	add	sp, #12
10000754:	e8bd 4030 	ldmia.w	sp!, {r4, r5, lr}
10000758:	f001 bb1a 	b.w	10001d90 <xQueueGiveFromISR>
1000075c:	4620      	mov	r0, r4
1000075e:	f7ff ff79 	bl	10000654 <process_under_lock>
10000762:	f894 3030 	ldrb.w	r3, [r4, #48]	@ 0x30
10000766:	6a20      	ldr	r0, [r4, #32]
10000768:	3b01      	subs	r3, #1
1000076a:	e7bc      	b.n	100006e6 <async_context_freertos_release_lock+0x12>
1000076c:	b003      	add	sp, #12
1000076e:	bd30      	pop	{r4, r5, pc}

10000770 <async_context_freertos_set_work_pending>:
10000770:	2301      	movs	r3, #1
10000772:	b530      	push	{r4, r5, lr}
10000774:	4604      	mov	r4, r0
10000776:	6ac0      	ldr	r0, [r0, #44]	@ 0x2c
10000778:	b083      	sub	sp, #12
1000077a:	720b      	strb	r3, [r1, #8]
1000077c:	b320      	cbz	r0, 100007c8 <async_context_freertos_set_work_pending+0x58>
1000077e:	f3ef 8205 	mrs	r2, IPSR
10000782:	f012 05ff 	ands.w	r5, r2, #255	@ 0xff
10000786:	d00a      	beq.n	1000079e <async_context_freertos_set_work_pending+0x2e>
10000788:	2200      	movs	r2, #0
1000078a:	4611      	mov	r1, r2
1000078c:	f003 ff18 	bl	100045c0 <vTaskGenericNotifyGiveFromISR>
10000790:	2100      	movs	r1, #0
10000792:	6a60      	ldr	r0, [r4, #36]	@ 0x24
10000794:	b003      	add	sp, #12
10000796:	e8bd 4030 	ldmia.w	sp!, {r4, r5, lr}
1000079a:	f001 baf9 	b.w	10001d90 <xQueueGiveFromISR>
1000079e:	f002 fe89 	bl	100034b4 <xTaskGetCurrentTaskHandle>
100007a2:	6ae1      	ldr	r1, [r4, #44]	@ 0x2c
100007a4:	4281      	cmp	r1, r0
100007a6:	d00f      	beq.n	100007c8 <async_context_freertos_set_work_pending+0x58>
100007a8:	462a      	mov	r2, r5
100007aa:	2302      	movs	r3, #2
100007ac:	4608      	mov	r0, r1
100007ae:	9500      	str	r5, [sp, #0]
100007b0:	4629      	mov	r1, r5
100007b2:	f003 fe03 	bl	100043bc <xTaskGenericNotify>
100007b6:	462b      	mov	r3, r5
100007b8:	462a      	mov	r2, r5
100007ba:	4629      	mov	r1, r5
100007bc:	6a60      	ldr	r0, [r4, #36]	@ 0x24
100007be:	b003      	add	sp, #12
100007c0:	e8bd 4030 	ldmia.w	sp!, {r4, r5, lr}
100007c4:	f001 b9b6 	b.w	10001b34 <xQueueGenericSend>
100007c8:	b003      	add	sp, #12
100007ca:	bd30      	pop	{r4, r5, pc}

100007cc <timer_handler>:
100007cc:	b530      	push	{r4, r5, lr}
100007ce:	b083      	sub	sp, #12
100007d0:	f004 f9fe 	bl	10004bd0 <pvTimerGetTimerID>
100007d4:	4604      	mov	r4, r0
100007d6:	6ac0      	ldr	r0, [r0, #44]	@ 0x2c
100007d8:	b320      	cbz	r0, 10000824 <timer_handler+0x58>
100007da:	f3ef 8205 	mrs	r2, IPSR
100007de:	f012 05ff 	ands.w	r5, r2, #255	@ 0xff
100007e2:	d00a      	beq.n	100007fa <timer_handler+0x2e>
100007e4:	2200      	movs	r2, #0
100007e6:	4611      	mov	r1, r2
100007e8:	f003 feea 	bl	100045c0 <vTaskGenericNotifyGiveFromISR>
100007ec:	2100      	movs	r1, #0
100007ee:	6a60      	ldr	r0, [r4, #36]	@ 0x24
100007f0:	b003      	add	sp, #12
100007f2:	e8bd 4030 	ldmia.w	sp!, {r4, r5, lr}
100007f6:	f001 bacb 	b.w	10001d90 <xQueueGiveFromISR>
100007fa:	f002 fe5b 	bl	100034b4 <xTaskGetCurrentTaskHandle>
100007fe:	6ae1      	ldr	r1, [r4, #44]	@ 0x2c
10000800:	4281      	cmp	r1, r0
10000802:	d00f      	beq.n	10000824 <timer_handler+0x58>
10000804:	462a      	mov	r2, r5
10000806:	2302      	movs	r3, #2
10000808:	4608      	mov	r0, r1
1000080a:	9500      	str	r5, [sp, #0]
1000080c:	4629      	mov	r1, r5
1000080e:	f003 fdd5 	bl	100043bc <xTaskGenericNotify>
10000812:	462b      	mov	r3, r5
10000814:	462a      	mov	r2, r5
10000816:	4629      	mov	r1, r5
10000818:	6a60      	ldr	r0, [r4, #36]	@ 0x24
1000081a:	b003      	add	sp, #12
1000081c:	e8bd 4030 	ldmia.w	sp!, {r4, r5, lr}
10000820:	f001 b988 	b.w	10001b34 <xQueueGenericSend>
10000824:	b003      	add	sp, #12
10000826:	bd30      	pop	{r4, r5, pc}

10000828 <async_context_task>:
10000828:	b570      	push	{r4, r5, r6, lr}
1000082a:	4604      	mov	r4, r0
1000082c:	b082      	sub	sp, #8
1000082e:	e00a      	b.n	10000846 <async_context_task+0x1e>
10000830:	3b01      	subs	r3, #1
10000832:	6a20      	ldr	r0, [r4, #32]
10000834:	f884 3030 	strb.w	r3, [r4, #48]	@ 0x30
10000838:	f001 fa48 	bl	10001ccc <xQueueGiveMutexRecursive>
1000083c:	bf40      	sev
1000083e:	f894 3031 	ldrb.w	r3, [r4, #49]	@ 0x31
10000842:	2b00      	cmp	r3, #0
10000844:	d13d      	bne.n	100008c2 <async_context_task+0x9a>
10000846:	2100      	movs	r1, #0
10000848:	f04f 32ff 	mov.w	r2, #4294967295	@ 0xffffffff
1000084c:	4608      	mov	r0, r1
1000084e:	f003 fd0f 	bl	10004270 <ulTaskGenericNotifyTake>
10000852:	f894 3031 	ldrb.w	r3, [r4, #49]	@ 0x31
10000856:	f003 05ff 	and.w	r5, r3, #255	@ 0xff
1000085a:	bb93      	cbnz	r3, 100008c2 <async_context_task+0x9a>
1000085c:	f04f 31ff 	mov.w	r1, #4294967295	@ 0xffffffff
10000860:	6a20      	ldr	r0, [r4, #32]
10000862:	f001 fbed 	bl	10002040 <xQueueTakeMutexRecursive>
10000866:	f894 3030 	ldrb.w	r3, [r4, #48]	@ 0x30
1000086a:	4620      	mov	r0, r4
1000086c:	3301      	adds	r3, #1
1000086e:	f884 3030 	strb.w	r3, [r4, #48]	@ 0x30
10000872:	f7ff feef 	bl	10000654 <process_under_lock>
10000876:	f894 3030 	ldrb.w	r3, [r4, #48]	@ 0x30
1000087a:	2b01      	cmp	r3, #1
1000087c:	d1d8      	bne.n	10000830 <async_context_task+0x8>
1000087e:	6ae6      	ldr	r6, [r4, #44]	@ 0x2c
10000880:	f002 fe18 	bl	100034b4 <xTaskGetCurrentTaskHandle>
10000884:	4286      	cmp	r6, r0
10000886:	d035      	beq.n	100008f4 <async_context_task+0xcc>
10000888:	f894 3030 	ldrb.w	r3, [r4, #48]	@ 0x30
1000088c:	6a20      	ldr	r0, [r4, #32]
1000088e:	3b01      	subs	r3, #1
10000890:	f884 3030 	strb.w	r3, [r4, #48]	@ 0x30
10000894:	f001 fa1a 	bl	10001ccc <xQueueGiveMutexRecursive>
10000898:	6ae0      	ldr	r0, [r4, #44]	@ 0x2c
1000089a:	2800      	cmp	r0, #0
1000089c:	d0ce      	beq.n	1000083c <async_context_task+0x14>
1000089e:	f3ef 8205 	mrs	r2, IPSR
100008a2:	f012 06ff 	ands.w	r6, r2, #255	@ 0xff
100008a6:	d012      	beq.n	100008ce <async_context_task+0xa6>
100008a8:	462a      	mov	r2, r5
100008aa:	4629      	mov	r1, r5
100008ac:	f003 fe88 	bl	100045c0 <vTaskGenericNotifyGiveFromISR>
100008b0:	4629      	mov	r1, r5
100008b2:	6a60      	ldr	r0, [r4, #36]	@ 0x24
100008b4:	f001 fa6c 	bl	10001d90 <xQueueGiveFromISR>
100008b8:	bf40      	sev
100008ba:	f894 3031 	ldrb.w	r3, [r4, #49]	@ 0x31
100008be:	2b00      	cmp	r3, #0
100008c0:	d0c1      	beq.n	10000846 <async_context_task+0x1e>
100008c2:	2000      	movs	r0, #0
100008c4:	b002      	add	sp, #8
100008c6:	e8bd 4070 	ldmia.w	sp!, {r4, r5, r6, lr}
100008ca:	f003 b981 	b.w	10003bd0 <vTaskDelete>
100008ce:	f002 fdf1 	bl	100034b4 <xTaskGetCurrentTaskHandle>
100008d2:	6ae1      	ldr	r1, [r4, #44]	@ 0x2c
100008d4:	4281      	cmp	r1, r0
100008d6:	d0b1      	beq.n	1000083c <async_context_task+0x14>
100008d8:	4632      	mov	r2, r6
100008da:	2302      	movs	r3, #2
100008dc:	4608      	mov	r0, r1
100008de:	9600      	str	r6, [sp, #0]
100008e0:	4631      	mov	r1, r6
100008e2:	f003 fd6b 	bl	100043bc <xTaskGenericNotify>
100008e6:	4633      	mov	r3, r6
100008e8:	4632      	mov	r2, r6
100008ea:	4631      	mov	r1, r6
100008ec:	6a60      	ldr	r0, [r4, #36]	@ 0x24
100008ee:	f001 f921 	bl	10001b34 <xQueueGenericSend>
100008f2:	e7a3      	b.n	1000083c <async_context_task+0x14>
100008f4:	4620      	mov	r0, r4
100008f6:	f7ff fead 	bl	10000654 <process_under_lock>
100008fa:	f894 3030 	ldrb.w	r3, [r4, #48]	@ 0x30
100008fe:	6a20      	ldr	r0, [r4, #32]
10000900:	3b01      	subs	r3, #1
10000902:	f884 3030 	strb.w	r3, [r4, #48]	@ 0x30
10000906:	f001 f9e1 	bl	10001ccc <xQueueGiveMutexRecursive>
1000090a:	e797      	b.n	1000083c <async_context_task+0x14>

1000090c <async_context_freertos_remove_at_time_worker>:
1000090c:	b570      	push	{r4, r5, r6, lr}
1000090e:	4604      	mov	r4, r0
10000910:	460d      	mov	r5, r1
10000912:	b082      	sub	sp, #8
10000914:	f04f 31ff 	mov.w	r1, #4294967295	@ 0xffffffff
10000918:	6a00      	ldr	r0, [r0, #32]
1000091a:	f001 fb91 	bl	10002040 <xQueueTakeMutexRecursive>
1000091e:	f894 3030 	ldrb.w	r3, [r4, #48]	@ 0x30
10000922:	4629      	mov	r1, r5
10000924:	3301      	adds	r3, #1
10000926:	f884 3030 	strb.w	r3, [r4, #48]	@ 0x30
1000092a:	4620      	mov	r0, r4
1000092c:	f000 f9d8 	bl	10000ce0 <async_context_base_remove_at_time_worker>
10000930:	f894 3030 	ldrb.w	r3, [r4, #48]	@ 0x30
10000934:	4605      	mov	r5, r0
10000936:	2b01      	cmp	r3, #1
10000938:	d008      	beq.n	1000094c <async_context_freertos_remove_at_time_worker+0x40>
1000093a:	3b01      	subs	r3, #1
1000093c:	6a20      	ldr	r0, [r4, #32]
1000093e:	f884 3030 	strb.w	r3, [r4, #48]	@ 0x30
10000942:	f001 f9c3 	bl	10001ccc <xQueueGiveMutexRecursive>
10000946:	4628      	mov	r0, r5
10000948:	b002      	add	sp, #8
1000094a:	bd70      	pop	{r4, r5, r6, pc}
1000094c:	6ae6      	ldr	r6, [r4, #44]	@ 0x2c
1000094e:	f002 fdb1 	bl	100034b4 <xTaskGetCurrentTaskHandle>
10000952:	4286      	cmp	r6, r0
10000954:	d02d      	beq.n	100009b2 <async_context_freertos_remove_at_time_worker+0xa6>
10000956:	f894 3030 	ldrb.w	r3, [r4, #48]	@ 0x30
1000095a:	6a20      	ldr	r0, [r4, #32]
1000095c:	3b01      	subs	r3, #1
1000095e:	f884 3030 	strb.w	r3, [r4, #48]	@ 0x30
10000962:	f001 f9b3 	bl	10001ccc <xQueueGiveMutexRecursive>
10000966:	6ae0      	ldr	r0, [r4, #44]	@ 0x2c
10000968:	2800      	cmp	r0, #0
1000096a:	d0ec      	beq.n	10000946 <async_context_freertos_remove_at_time_worker+0x3a>
1000096c:	f3ef 8205 	mrs	r2, IPSR
10000970:	f012 06ff 	ands.w	r6, r2, #255	@ 0xff
10000974:	d112      	bne.n	1000099c <async_context_freertos_remove_at_time_worker+0x90>
10000976:	f002 fd9d 	bl	100034b4 <xTaskGetCurrentTaskHandle>
1000097a:	6ae2      	ldr	r2, [r4, #44]	@ 0x2c
1000097c:	4282      	cmp	r2, r0
1000097e:	d0e2      	beq.n	10000946 <async_context_freertos_remove_at_time_worker+0x3a>
10000980:	4631      	mov	r1, r6
10000982:	2302      	movs	r3, #2
10000984:	4610      	mov	r0, r2
10000986:	9600      	str	r6, [sp, #0]
10000988:	4632      	mov	r2, r6
1000098a:	f003 fd17 	bl	100043bc <xTaskGenericNotify>
1000098e:	4633      	mov	r3, r6
10000990:	4632      	mov	r2, r6
10000992:	4631      	mov	r1, r6
10000994:	6a60      	ldr	r0, [r4, #36]	@ 0x24
10000996:	f001 f8cd 	bl	10001b34 <xQueueGenericSend>
1000099a:	e7d4      	b.n	10000946 <async_context_freertos_remove_at_time_worker+0x3a>
1000099c:	2200      	movs	r2, #0
1000099e:	4611      	mov	r1, r2
100009a0:	f003 fe0e 	bl	100045c0 <vTaskGenericNotifyGiveFromISR>
100009a4:	2100      	movs	r1, #0
100009a6:	6a60      	ldr	r0, [r4, #36]	@ 0x24
100009a8:	f001 f9f2 	bl	10001d90 <xQueueGiveFromISR>
100009ac:	4628      	mov	r0, r5
100009ae:	b002      	add	sp, #8
100009b0:	bd70      	pop	{r4, r5, r6, pc}
100009b2:	4620      	mov	r0, r4
100009b4:	f7ff fe4e 	bl	10000654 <process_under_lock>
100009b8:	f894 3030 	ldrb.w	r3, [r4, #48]	@ 0x30
100009bc:	6a20      	ldr	r0, [r4, #32]
100009be:	3b01      	subs	r3, #1
100009c0:	f884 3030 	strb.w	r3, [r4, #48]	@ 0x30
100009c4:	f001 f982 	bl	10001ccc <xQueueGiveMutexRecursive>
100009c8:	e7bd      	b.n	10000946 <async_context_freertos_remove_at_time_worker+0x3a>
100009ca:	bf00      	nop

100009cc <async_context_freertos_add_when_pending_worker>:
100009cc:	b570      	push	{r4, r5, r6, lr}
100009ce:	4604      	mov	r4, r0
100009d0:	460d      	mov	r5, r1
100009d2:	b082      	sub	sp, #8
100009d4:	f04f 31ff 	mov.w	r1, #4294967295	@ 0xffffffff
100009d8:	6a00      	ldr	r0, [r0, #32]
100009da:	f001 fb31 	bl	10002040 <xQueueTakeMutexRecursive>
100009de:	f894 3030 	ldrb.w	r3, [r4, #48]	@ 0x30
100009e2:	4629      	mov	r1, r5
100009e4:	3301      	adds	r3, #1
100009e6:	f884 3030 	strb.w	r3, [r4, #48]	@ 0x30
100009ea:	4620      	mov	r0, r4
100009ec:	f000 f98c 	bl	10000d08 <async_context_base_add_when_pending_worker>
100009f0:	f894 3030 	ldrb.w	r3, [r4, #48]	@ 0x30
100009f4:	4605      	mov	r5, r0
100009f6:	2b01      	cmp	r3, #1
100009f8:	d008      	beq.n	10000a0c <async_context_freertos_add_when_pending_worker+0x40>
100009fa:	3b01      	subs	r3, #1
100009fc:	6a20      	ldr	r0, [r4, #32]
100009fe:	f884 3030 	strb.w	r3, [r4, #48]	@ 0x30
10000a02:	f001 f963 	bl	10001ccc <xQueueGiveMutexRecursive>
10000a06:	4628      	mov	r0, r5
10000a08:	b002      	add	sp, #8
10000a0a:	bd70      	pop	{r4, r5, r6, pc}
10000a0c:	6ae6      	ldr	r6, [r4, #44]	@ 0x2c
10000a0e:	f002 fd51 	bl	100034b4 <xTaskGetCurrentTaskHandle>
10000a12:	4286      	cmp	r6, r0
10000a14:	d02d      	beq.n	10000a72 <async_context_freertos_add_when_pending_worker+0xa6>
10000a16:	f894 3030 	ldrb.w	r3, [r4, #48]	@ 0x30
10000a1a:	6a20      	ldr	r0, [r4, #32]
10000a1c:	3b01      	subs	r3, #1
10000a1e:	f884 3030 	strb.w	r3, [r4, #48]	@ 0x30
10000a22:	f001 f953 	bl	10001ccc <xQueueGiveMutexRecursive>
10000a26:	6ae0      	ldr	r0, [r4, #44]	@ 0x2c
10000a28:	2800      	cmp	r0, #0
10000a2a:	d0ec      	beq.n	10000a06 <async_context_freertos_add_when_pending_worker+0x3a>
10000a2c:	f3ef 8205 	mrs	r2, IPSR
10000a30:	f012 06ff 	ands.w	r6, r2, #255	@ 0xff
10000a34:	d112      	bne.n	10000a5c <async_context_freertos_add_when_pending_worker+0x90>
10000a36:	f002 fd3d 	bl	100034b4 <xTaskGetCurrentTaskHandle>
10000a3a:	6ae2      	ldr	r2, [r4, #44]	@ 0x2c
10000a3c:	4282      	cmp	r2, r0
10000a3e:	d0e2      	beq.n	10000a06 <async_context_freertos_add_when_pending_worker+0x3a>
10000a40:	4631      	mov	r1, r6
10000a42:	2302      	movs	r3, #2
10000a44:	4610      	mov	r0, r2
10000a46:	9600      	str	r6, [sp, #0]
10000a48:	4632      	mov	r2, r6
10000a4a:	f003 fcb7 	bl	100043bc <xTaskGenericNotify>
10000a4e:	4633      	mov	r3, r6
10000a50:	4632      	mov	r2, r6
10000a52:	4631      	mov	r1, r6
10000a54:	6a60      	ldr	r0, [r4, #36]	@ 0x24
10000a56:	f001 f86d 	bl	10001b34 <xQueueGenericSend>
10000a5a:	e7d4      	b.n	10000a06 <async_context_freertos_add_when_pending_worker+0x3a>
10000a5c:	2200      	movs	r2, #0
10000a5e:	4611      	mov	r1, r2
10000a60:	f003 fdae 	bl	100045c0 <vTaskGenericNotifyGiveFromISR>
10000a64:	2100      	movs	r1, #0
10000a66:	6a60      	ldr	r0, [r4, #36]	@ 0x24
10000a68:	f001 f992 	bl	10001d90 <xQueueGiveFromISR>
10000a6c:	4628      	mov	r0, r5
10000a6e:	b002      	add	sp, #8
10000a70:	bd70      	pop	{r4, r5, r6, pc}
10000a72:	4620      	mov	r0, r4
10000a74:	f7ff fdee 	bl	10000654 <process_under_lock>
10000a78:	f894 3030 	ldrb.w	r3, [r4, #48]	@ 0x30
10000a7c:	6a20      	ldr	r0, [r4, #32]
10000a7e:	3b01      	subs	r3, #1
10000a80:	f884 3030 	strb.w	r3, [r4, #48]	@ 0x30
10000a84:	f001 f922 	bl	10001ccc <xQueueGiveMutexRecursive>
10000a88:	e7bd      	b.n	10000a06 <async_context_freertos_add_when_pending_worker+0x3a>
10000a8a:	bf00      	nop

10000a8c <async_context_freertos_remove_when_pending_worker>:
10000a8c:	b570      	push	{r4, r5, r6, lr}
10000a8e:	4604      	mov	r4, r0
10000a90:	460d      	mov	r5, r1
10000a92:	b082      	sub	sp, #8
10000a94:	f04f 31ff 	mov.w	r1, #4294967295	@ 0xffffffff
10000a98:	6a00      	ldr	r0, [r0, #32]
10000a9a:	f001 fad1 	bl	10002040 <xQueueTakeMutexRecursive>
10000a9e:	f894 3030 	ldrb.w	r3, [r4, #48]	@ 0x30
10000aa2:	4629      	mov	r1, r5
10000aa4:	3301      	adds	r3, #1
10000aa6:	f884 3030 	strb.w	r3, [r4, #48]	@ 0x30
10000aaa:	4620      	mov	r0, r4
10000aac:	f000 f93c 	bl	10000d28 <async_context_base_remove_when_pending_worker>
10000ab0:	f894 3030 	ldrb.w	r3, [r4, #48]	@ 0x30
10000ab4:	4605      	mov	r5, r0
10000ab6:	2b01      	cmp	r3, #1
10000ab8:	d008      	beq.n	10000acc <async_context_freertos_remove_when_pending_worker+0x40>
10000aba:	3b01      	subs	r3, #1
10000abc:	6a20      	ldr	r0, [r4, #32]
10000abe:	f884 3030 	strb.w	r3, [r4, #48]	@ 0x30
10000ac2:	f001 f903 	bl	10001ccc <xQueueGiveMutexRecursive>
10000ac6:	4628      	mov	r0, r5
10000ac8:	b002      	add	sp, #8
10000aca:	bd70      	pop	{r4, r5, r6, pc}
10000acc:	6ae6      	ldr	r6, [r4, #44]	@ 0x2c
10000ace:	f002 fcf1 	bl	100034b4 <xTaskGetCurrentTaskHandle>
10000ad2:	4286      	cmp	r6, r0
10000ad4:	d02d      	beq.n	10000b32 <async_context_freertos_remove_when_pending_worker+0xa6>
10000ad6:	f894 3030 	ldrb.w	r3, [r4, #48]	@ 0x30
10000ada:	6a20      	ldr	r0, [r4, #32]
10000adc:	3b01      	subs	r3, #1
10000ade:	f884 3030 	strb.w	r3, [r4, #48]	@ 0x30
10000ae2:	f001 f8f3 	bl	10001ccc <xQueueGiveMutexRecursive>
10000ae6:	6ae0      	ldr	r0, [r4, #44]	@ 0x2c
10000ae8:	2800      	cmp	r0, #0
10000aea:	d0ec      	beq.n	10000ac6 <async_context_freertos_remove_when_pending_worker+0x3a>
10000aec:	f3ef 8205 	mrs	r2, IPSR
10000af0:	f012 06ff 	ands.w	r6, r2, #255	@ 0xff
10000af4:	d112      	bne.n	10000b1c <async_context_freertos_remove_when_pending_worker+0x90>
10000af6:	f002 fcdd 	bl	100034b4 <xTaskGetCurrentTaskHandle>
10000afa:	6ae2      	ldr	r2, [r4, #44]	@ 0x2c
10000afc:	4282      	cmp	r2, r0
10000afe:	d0e2      	beq.n	10000ac6 <async_context_freertos_remove_when_pending_worker+0x3a>
10000b00:	4631      	mov	r1, r6
10000b02:	2302      	movs	r3, #2
10000b04:	4610      	mov	r0, r2
10000b06:	9600      	str	r6, [sp, #0]
10000b08:	4632      	mov	r2, r6
10000b0a:	f003 fc57 	bl	100043bc <xTaskGenericNotify>
10000b0e:	4633      	mov	r3, r6
10000b10:	4632      	mov	r2, r6
10000b12:	4631      	mov	r1, r6
10000b14:	6a60      	ldr	r0, [r4, #36]	@ 0x24
10000b16:	f001 f80d 	bl	10001b34 <xQueueGenericSend>
10000b1a:	e7d4      	b.n	10000ac6 <async_context_freertos_remove_when_pending_worker+0x3a>
10000b1c:	2200      	movs	r2, #0
10000b1e:	4611      	mov	r1, r2
10000b20:	f003 fd4e 	bl	100045c0 <vTaskGenericNotifyGiveFromISR>
10000b24:	2100      	movs	r1, #0
10000b26:	6a60      	ldr	r0, [r4, #36]	@ 0x24
10000b28:	f001 f932 	bl	10001d90 <xQueueGiveFromISR>
10000b2c:	4628      	mov	r0, r5
10000b2e:	b002      	add	sp, #8
10000b30:	bd70      	pop	{r4, r5, r6, pc}
10000b32:	4620      	mov	r0, r4
10000b34:	f7ff fd8e 	bl	10000654 <process_under_lock>
10000b38:	f894 3030 	ldrb.w	r3, [r4, #48]	@ 0x30
10000b3c:	6a20      	ldr	r0, [r4, #32]
10000b3e:	3b01      	subs	r3, #1
10000b40:	f884 3030 	strb.w	r3, [r4, #48]	@ 0x30
10000b44:	f001 f8c2 	bl	10001ccc <xQueueGiveMutexRecursive>
10000b48:	e7bd      	b.n	10000ac6 <async_context_freertos_remove_when_pending_worker+0x3a>
10000b4a:	bf00      	nop

10000b4c <async_context_freertos_add_at_time_worker>:
10000b4c:	b570      	push	{r4, r5, r6, lr}
10000b4e:	4604      	mov	r4, r0
10000b50:	460d      	mov	r5, r1
10000b52:	b082      	sub	sp, #8
10000b54:	f04f 31ff 	mov.w	r1, #4294967295	@ 0xffffffff
10000b58:	6a00      	ldr	r0, [r0, #32]
10000b5a:	f001 fa71 	bl	10002040 <xQueueTakeMutexRecursive>
10000b5e:	f894 3030 	ldrb.w	r3, [r4, #48]	@ 0x30
10000b62:	4629      	mov	r1, r5
10000b64:	3301      	adds	r3, #1
10000b66:	f884 3030 	strb.w	r3, [r4, #48]	@ 0x30
10000b6a:	4620      	mov	r0, r4
10000b6c:	f000 f8a6 	bl	10000cbc <async_context_base_add_at_time_worker>
10000b70:	f894 3030 	ldrb.w	r3, [r4, #48]	@ 0x30
10000b74:	4605      	mov	r5, r0
10000b76:	2b01      	cmp	r3, #1
10000b78:	d008      	beq.n	10000b8c <async_context_freertos_add_at_time_worker+0x40>
10000b7a:	3b01      	subs	r3, #1
10000b7c:	6a20      	ldr	r0, [r4, #32]
10000b7e:	f884 3030 	strb.w	r3, [r4, #48]	@ 0x30
10000b82:	f001 f8a3 	bl	10001ccc <xQueueGiveMutexRecursive>
10000b86:	4628      	mov	r0, r5
10000b88:	b002      	add	sp, #8
10000b8a:	bd70      	pop	{r4, r5, r6, pc}
10000b8c:	6ae6      	ldr	r6, [r4, #44]	@ 0x2c
10000b8e:	f002 fc91 	bl	100034b4 <xTaskGetCurrentTaskHandle>
10000b92:	4286      	cmp	r6, r0
10000b94:	d02d      	beq.n	10000bf2 <async_context_freertos_add_at_time_worker+0xa6>
10000b96:	f894 3030 	ldrb.w	r3, [r4, #48]	@ 0x30
10000b9a:	6a20      	ldr	r0, [r4, #32]
10000b9c:	3b01      	subs	r3, #1
10000b9e:	f884 3030 	strb.w	r3, [r4, #48]	@ 0x30
10000ba2:	f001 f893 	bl	10001ccc <xQueueGiveMutexRecursive>
10000ba6:	6ae0      	ldr	r0, [r4, #44]	@ 0x2c
10000ba8:	2800      	cmp	r0, #0
10000baa:	d0ec      	beq.n	10000b86 <async_context_freertos_add_at_time_worker+0x3a>
10000bac:	f3ef 8205 	mrs	r2, IPSR
10000bb0:	f012 06ff 	ands.w	r6, r2, #255	@ 0xff
10000bb4:	d112      	bne.n	10000bdc <async_context_freertos_add_at_time_worker+0x90>
10000bb6:	f002 fc7d 	bl	100034b4 <xTaskGetCurrentTaskHandle>
10000bba:	6ae2      	ldr	r2, [r4, #44]	@ 0x2c
10000bbc:	4282      	cmp	r2, r0
10000bbe:	d0e2      	beq.n	10000b86 <async_context_freertos_add_at_time_worker+0x3a>
10000bc0:	4631      	mov	r1, r6
10000bc2:	2302      	movs	r3, #2
10000bc4:	4610      	mov	r0, r2
10000bc6:	9600      	str	r6, [sp, #0]
10000bc8:	4632      	mov	r2, r6
10000bca:	f003 fbf7 	bl	100043bc <xTaskGenericNotify>
10000bce:	4633      	mov	r3, r6
10000bd0:	4632      	mov	r2, r6
10000bd2:	4631      	mov	r1, r6
10000bd4:	6a60      	ldr	r0, [r4, #36]	@ 0x24
10000bd6:	f000 ffad 	bl	10001b34 <xQueueGenericSend>
10000bda:	e7d4      	b.n	10000b86 <async_context_freertos_add_at_time_worker+0x3a>
10000bdc:	2200      	movs	r2, #0
10000bde:	4611      	mov	r1, r2
10000be0:	f003 fcee 	bl	100045c0 <vTaskGenericNotifyGiveFromISR>
10000be4:	2100      	movs	r1, #0
10000be6:	6a60      	ldr	r0, [r4, #36]	@ 0x24
10000be8:	f001 f8d2 	bl	10001d90 <xQueueGiveFromISR>
10000bec:	4628      	mov	r0, r5
10000bee:	b002      	add	sp, #8
10000bf0:	bd70      	pop	{r4, r5, r6, pc}
10000bf2:	4620      	mov	r0, r4
10000bf4:	f7ff fd2e 	bl	10000654 <process_under_lock>
10000bf8:	f894 3030 	ldrb.w	r3, [r4, #48]	@ 0x30
10000bfc:	6a20      	ldr	r0, [r4, #32]
10000bfe:	3b01      	subs	r3, #1
10000c00:	f884 3030 	strb.w	r3, [r4, #48]	@ 0x30
10000c04:	f001 f862 	bl	10001ccc <xQueueGiveMutexRecursive>
10000c08:	e7bd      	b.n	10000b86 <async_context_freertos_add_at_time_worker+0x3a>
10000c0a:	bf00      	nop

10000c0c <async_context_freertos_init>:
10000c0c:	b5f0      	push	{r4, r5, r6, r7, lr}
10000c0e:	4604      	mov	r4, r0
10000c10:	f04f 4750 	mov.w	r7, #3489660928	@ 0xd0000000
10000c14:	2601      	movs	r6, #1
10000c16:	b083      	sub	sp, #12
10000c18:	2234      	movs	r2, #52	@ 0x34
10000c1a:	460d      	mov	r5, r1
10000c1c:	3004      	adds	r0, #4
10000c1e:	2100      	movs	r1, #0
10000c20:	f007 f9b0 	bl	10007f84 <memset>
10000c24:	4b20      	ldr	r3, [pc, #128]	@ (10000ca8 <async_context_freertos_init+0x9c>)
10000c26:	8326      	strh	r6, [r4, #24]
10000c28:	6023      	str	r3, [r4, #0]
10000c2a:	683b      	ldr	r3, [r7, #0]
10000c2c:	2004      	movs	r0, #4
10000c2e:	76a3      	strb	r3, [r4, #26]
10000c30:	f001 f814 	bl	10001c5c <xQueueCreateMutex>
10000c34:	4603      	mov	r3, r0
10000c36:	2203      	movs	r2, #3
10000c38:	4630      	mov	r0, r6
10000c3a:	2100      	movs	r1, #0
10000c3c:	6223      	str	r3, [r4, #32]
10000c3e:	f000 ff29 	bl	10001a94 <xQueueGenericCreate>
10000c42:	4606      	mov	r6, r0
10000c44:	4b19      	ldr	r3, [pc, #100]	@ (10000cac <async_context_freertos_init+0xa0>)
10000c46:	2200      	movs	r2, #0
10000c48:	9300      	str	r3, [sp, #0]
10000c4a:	f04f 31ff 	mov.w	r1, #4294967295	@ 0xffffffff
10000c4e:	4623      	mov	r3, r4
10000c50:	4817      	ldr	r0, [pc, #92]	@ (10000cb0 <async_context_freertos_init+0xa4>)
10000c52:	6266      	str	r6, [r4, #36]	@ 0x24
10000c54:	f003 ff44 	bl	10004ae0 <xTimerCreate>
10000c58:	6a23      	ldr	r3, [r4, #32]
10000c5a:	62a0      	str	r0, [r4, #40]	@ 0x28
10000c5c:	b1e3      	cbz	r3, 10000c98 <async_context_freertos_init+0x8c>
10000c5e:	6a63      	ldr	r3, [r4, #36]	@ 0x24
10000c60:	b1d3      	cbz	r3, 10000c98 <async_context_freertos_init+0x8c>
10000c62:	b1c8      	cbz	r0, 10000c98 <async_context_freertos_init+0x8c>
10000c64:	682a      	ldr	r2, [r5, #0]
10000c66:	f104 032c 	add.w	r3, r4, #44	@ 0x2c
10000c6a:	9301      	str	r3, [sp, #4]
10000c6c:	9200      	str	r2, [sp, #0]
10000c6e:	4623      	mov	r3, r4
10000c70:	686a      	ldr	r2, [r5, #4]
10000c72:	4910      	ldr	r1, [pc, #64]	@ (10000cb4 <async_context_freertos_init+0xa8>)
10000c74:	4810      	ldr	r0, [pc, #64]	@ (10000cb8 <async_context_freertos_init+0xac>)
10000c76:	f002 ff1d 	bl	10003ab4 <xTaskCreate>
10000c7a:	2801      	cmp	r0, #1
10000c7c:	d10c      	bne.n	10000c98 <async_context_freertos_init+0x8c>
10000c7e:	68a9      	ldr	r1, [r5, #8]
10000c80:	2501      	movs	r5, #1
10000c82:	1c4b      	adds	r3, r1, #1
10000c84:	bf08      	it	eq
10000c86:	6839      	ldreq	r1, [r7, #0]
10000c88:	6ae0      	ldr	r0, [r4, #44]	@ 0x2c
10000c8a:	fa05 f101 	lsl.w	r1, r5, r1
10000c8e:	f001 ff31 	bl	10002af4 <vTaskCoreAffinitySet>
10000c92:	4628      	mov	r0, r5
10000c94:	b003      	add	sp, #12
10000c96:	bdf0      	pop	{r4, r5, r6, r7, pc}
10000c98:	6823      	ldr	r3, [r4, #0]
10000c9a:	4620      	mov	r0, r4
10000c9c:	6b5b      	ldr	r3, [r3, #52]	@ 0x34
10000c9e:	4798      	blx	r3
10000ca0:	2000      	movs	r0, #0
10000ca2:	b003      	add	sp, #12
10000ca4:	bdf0      	pop	{r4, r5, r6, r7, pc}
10000ca6:	bf00      	nop
10000ca8:	10008224 	.word	0x10008224
10000cac:	100007cd 	.word	0x100007cd
10000cb0:	100081fc 	.word	0x100081fc
10000cb4:	10008210 	.word	0x10008210
10000cb8:	10000829 	.word	0x10000829

10000cbc <async_context_base_add_at_time_worker>:
10000cbc:	6883      	ldr	r3, [r0, #8]
10000cbe:	f100 0208 	add.w	r2, r0, #8
10000cc2:	b91b      	cbnz	r3, 10000ccc <async_context_base_add_at_time_worker+0x10>
10000cc4:	e006      	b.n	10000cd4 <async_context_base_add_at_time_worker+0x18>
10000cc6:	461a      	mov	r2, r3
10000cc8:	681b      	ldr	r3, [r3, #0]
10000cca:	b11b      	cbz	r3, 10000cd4 <async_context_base_add_at_time_worker+0x18>
10000ccc:	4299      	cmp	r1, r3
10000cce:	d1fa      	bne.n	10000cc6 <async_context_base_add_at_time_worker+0xa>
10000cd0:	2000      	movs	r0, #0
10000cd2:	4770      	bx	lr
10000cd4:	2300      	movs	r3, #0
10000cd6:	6011      	str	r1, [r2, #0]
10000cd8:	2001      	movs	r0, #1
10000cda:	600b      	str	r3, [r1, #0]
10000cdc:	4770      	bx	lr
10000cde:	bf00      	nop

10000ce0 <async_context_base_remove_at_time_worker>:
10000ce0:	6883      	ldr	r3, [r0, #8]
10000ce2:	b143      	cbz	r3, 10000cf6 <async_context_base_remove_at_time_worker+0x16>
10000ce4:	4299      	cmp	r1, r3
10000ce6:	d102      	bne.n	10000cee <async_context_base_remove_at_time_worker+0xe>
10000ce8:	e007      	b.n	10000cfa <async_context_base_remove_at_time_worker+0x1a>
10000cea:	4299      	cmp	r1, r3
10000cec:	d007      	beq.n	10000cfe <async_context_base_remove_at_time_worker+0x1e>
10000cee:	461a      	mov	r2, r3
10000cf0:	681b      	ldr	r3, [r3, #0]
10000cf2:	2b00      	cmp	r3, #0
10000cf4:	d1f9      	bne.n	10000cea <async_context_base_remove_at_time_worker+0xa>
10000cf6:	4618      	mov	r0, r3
10000cf8:	4770      	bx	lr
10000cfa:	f100 0208 	add.w	r2, r0, #8
10000cfe:	680b      	ldr	r3, [r1, #0]
10000d00:	2001      	movs	r0, #1
10000d02:	6013      	str	r3, [r2, #0]
10000d04:	4770      	bx	lr
10000d06:	bf00      	nop

10000d08 <async_context_base_add_when_pending_worker>:
10000d08:	6843      	ldr	r3, [r0, #4]
10000d0a:	1d02      	adds	r2, r0, #4
10000d0c:	b91b      	cbnz	r3, 10000d16 <async_context_base_add_when_pending_worker+0xe>
10000d0e:	e006      	b.n	10000d1e <async_context_base_add_when_pending_worker+0x16>
10000d10:	461a      	mov	r2, r3
10000d12:	681b      	ldr	r3, [r3, #0]
10000d14:	b11b      	cbz	r3, 10000d1e <async_context_base_add_when_pending_worker+0x16>
10000d16:	4299      	cmp	r1, r3
10000d18:	d1fa      	bne.n	10000d10 <async_context_base_add_when_pending_worker+0x8>
10000d1a:	2000      	movs	r0, #0
10000d1c:	4770      	bx	lr
10000d1e:	2300      	movs	r3, #0
10000d20:	6011      	str	r1, [r2, #0]
10000d22:	2001      	movs	r0, #1
10000d24:	600b      	str	r3, [r1, #0]
10000d26:	4770      	bx	lr

10000d28 <async_context_base_remove_when_pending_worker>:
10000d28:	6843      	ldr	r3, [r0, #4]
10000d2a:	b143      	cbz	r3, 10000d3e <async_context_base_remove_when_pending_worker+0x16>
10000d2c:	4299      	cmp	r1, r3
10000d2e:	d102      	bne.n	10000d36 <async_context_base_remove_when_pending_worker+0xe>
10000d30:	e007      	b.n	10000d42 <async_context_base_remove_when_pending_worker+0x1a>
10000d32:	4299      	cmp	r1, r3
10000d34:	d006      	beq.n	10000d44 <async_context_base_remove_when_pending_worker+0x1c>
10000d36:	461a      	mov	r2, r3
10000d38:	681b      	ldr	r3, [r3, #0]
10000d3a:	2b00      	cmp	r3, #0
10000d3c:	d1f9      	bne.n	10000d32 <async_context_base_remove_when_pending_worker+0xa>
10000d3e:	4618      	mov	r0, r3
10000d40:	4770      	bx	lr
10000d42:	1d02      	adds	r2, r0, #4
10000d44:	680b      	ldr	r3, [r1, #0]
10000d46:	2001      	movs	r0, #1
10000d48:	6013      	str	r3, [r2, #0]
10000d4a:	4770      	bx	lr

10000d4c <async_context_base_execute_once>:
10000d4c:	6883      	ldr	r3, [r0, #8]
10000d4e:	e92d 41f0 	stmdb	sp!, {r4, r5, r6, r7, r8, lr}
10000d52:	4607      	mov	r7, r0
10000d54:	b33b      	cbz	r3, 10000da6 <async_context_base_execute_once+0x5a>
10000d56:	f100 0508 	add.w	r5, r0, #8
10000d5a:	f004 fdc1 	bl	100058e0 <time_us_64>
10000d5e:	f8d7 8008 	ldr.w	r8, [r7, #8]
10000d62:	f1b8 0f00 	cmp.w	r8, #0
10000d66:	d01e      	beq.n	10000da6 <async_context_base_execute_once+0x5a>
10000d68:	46ac      	mov	ip, r5
10000d6a:	4643      	mov	r3, r8
10000d6c:	2600      	movs	r6, #0
10000d6e:	e9d3 2402 	ldrd	r2, r4, [r3, #8]
10000d72:	ebb0 0e02 	subs.w	lr, r0, r2
10000d76:	eb61 0e04 	sbc.w	lr, r1, r4
10000d7a:	f1be 0f00 	cmp.w	lr, #0
10000d7e:	bfa8      	it	ge
10000d80:	4666      	movge	r6, ip
10000d82:	469c      	mov	ip, r3
10000d84:	681b      	ldr	r3, [r3, #0]
10000d86:	bfa4      	itt	ge
10000d88:	4610      	movge	r0, r2
10000d8a:	4621      	movge	r1, r4
10000d8c:	2b00      	cmp	r3, #0
10000d8e:	d1ee      	bne.n	10000d6e <async_context_base_execute_once+0x22>
10000d90:	2e00      	cmp	r6, #0
10000d92:	d03c      	beq.n	10000e0e <async_context_base_execute_once+0xc2>
10000d94:	6831      	ldr	r1, [r6, #0]
10000d96:	4638      	mov	r0, r7
10000d98:	e9d1 2300 	ldrd	r2, r3, [r1]
10000d9c:	6032      	str	r2, [r6, #0]
10000d9e:	4798      	blx	r3
10000da0:	68bb      	ldr	r3, [r7, #8]
10000da2:	2b00      	cmp	r3, #0
10000da4:	d1d9      	bne.n	10000d5a <async_context_base_execute_once+0xe>
10000da6:	687c      	ldr	r4, [r7, #4]
10000da8:	2c00      	cmp	r4, #0
10000daa:	d037      	beq.n	10000e1c <async_context_base_execute_once+0xd0>
10000dac:	2500      	movs	r5, #0
10000dae:	7a23      	ldrb	r3, [r4, #8]
10000db0:	b323      	cbz	r3, 10000dfc <async_context_base_execute_once+0xb0>
10000db2:	4621      	mov	r1, r4
10000db4:	6863      	ldr	r3, [r4, #4]
10000db6:	7225      	strb	r5, [r4, #8]
10000db8:	4638      	mov	r0, r7
10000dba:	4798      	blx	r3
10000dbc:	6824      	ldr	r4, [r4, #0]
10000dbe:	2c00      	cmp	r4, #0
10000dc0:	d1f5      	bne.n	10000dae <async_context_base_execute_once+0x62>
10000dc2:	4b18      	ldr	r3, [pc, #96]	@ (10000e24 <async_context_base_execute_once+0xd8>)
10000dc4:	f8d7 8008 	ldr.w	r8, [r7, #8]
10000dc8:	e9d3 0100 	ldrd	r0, r1, [r3]
10000dcc:	f1b8 0f00 	cmp.w	r8, #0
10000dd0:	d010      	beq.n	10000df4 <async_context_base_execute_once+0xa8>
10000dd2:	4642      	mov	r2, r8
10000dd4:	e9d2 3402 	ldrd	r3, r4, [r2, #8]
10000dd8:	1ac5      	subs	r5, r0, r3
10000dda:	eb61 0204 	sbc.w	r2, r1, r4
10000dde:	2d01      	cmp	r5, #1
10000de0:	f172 0200 	sbcs.w	r2, r2, #0
10000de4:	f8d8 8000 	ldr.w	r8, [r8]
10000de8:	dbf0      	blt.n	10000dcc <async_context_base_execute_once+0x80>
10000dea:	4618      	mov	r0, r3
10000dec:	4621      	mov	r1, r4
10000dee:	f1b8 0f00 	cmp.w	r8, #0
10000df2:	d1ee      	bne.n	10000dd2 <async_context_base_execute_once+0x86>
10000df4:	e9c7 0104 	strd	r0, r1, [r7, #16]
10000df8:	e8bd 81f0 	ldmia.w	sp!, {r4, r5, r6, r7, r8, pc}
10000dfc:	6824      	ldr	r4, [r4, #0]
10000dfe:	2c00      	cmp	r4, #0
10000e00:	d1d5      	bne.n	10000dae <async_context_base_execute_once+0x62>
10000e02:	4b08      	ldr	r3, [pc, #32]	@ (10000e24 <async_context_base_execute_once+0xd8>)
10000e04:	f8d7 8008 	ldr.w	r8, [r7, #8]
10000e08:	e9d3 0100 	ldrd	r0, r1, [r3]
10000e0c:	e7de      	b.n	10000dcc <async_context_base_execute_once+0x80>
10000e0e:	687c      	ldr	r4, [r7, #4]
10000e10:	2c00      	cmp	r4, #0
10000e12:	d1cb      	bne.n	10000dac <async_context_base_execute_once+0x60>
10000e14:	4b03      	ldr	r3, [pc, #12]	@ (10000e24 <async_context_base_execute_once+0xd8>)
10000e16:	e9d3 0100 	ldrd	r0, r1, [r3]
10000e1a:	e7da      	b.n	10000dd2 <async_context_base_execute_once+0x86>
10000e1c:	4b01      	ldr	r3, [pc, #4]	@ (10000e24 <async_context_base_execute_once+0xd8>)
10000e1e:	e9d3 0100 	ldrd	r0, r1, [r3]
10000e22:	e7e7      	b.n	10000df4 <async_context_base_execute_once+0xa8>
10000e24:	100082a0 	.word	0x100082a0

10000e28 <panic>:
10000e28:	b40f      	push	{r0, r1, r2, r3}
10000e2a:	b500      	push	{lr}
10000e2c:	b083      	sub	sp, #12
10000e2e:	9c04      	ldr	r4, [sp, #16]
10000e30:	4807      	ldr	r0, [pc, #28]	@ (10000e50 <panic+0x28>)
10000e32:	f006 feab 	bl	10007b8c <__wrap_puts>
10000e36:	b13c      	cbz	r4, 10000e48 <panic+0x20>
10000e38:	a905      	add	r1, sp, #20
10000e3a:	4620      	mov	r0, r4
10000e3c:	9101      	str	r1, [sp, #4]
10000e3e:	f006 fd11 	bl	10007864 <weak_raw_vprintf>
10000e42:	4804      	ldr	r0, [pc, #16]	@ (10000e54 <panic+0x2c>)
10000e44:	f006 fea2 	bl	10007b8c <__wrap_puts>
10000e48:	2001      	movs	r0, #1
10000e4a:	f006 fd23 	bl	10007894 <_exit>
10000e4e:	bf00      	nop
10000e50:	1000825c 	.word	0x1000825c
10000e54:	10008124 	.word	0x10008124

10000e58 <pvPortMalloc>:
10000e58:	b5f8      	push	{r3, r4, r5, r6, r7, lr}
10000e5a:	1e43      	subs	r3, r0, #1
10000e5c:	330a      	adds	r3, #10
10000e5e:	d811      	bhi.n	10000e84 <pvPortMalloc+0x2c>
10000e60:	f010 0307 	ands.w	r3, r0, #7
10000e64:	f100 0408 	add.w	r4, r0, #8
10000e68:	d06d      	beq.n	10000f46 <pvPortMalloc+0xee>
10000e6a:	f1a3 0209 	sub.w	r2, r3, #9
10000e6e:	42a2      	cmp	r2, r4
10000e70:	d308      	bcc.n	10000e84 <pvPortMalloc+0x2c>
10000e72:	3010      	adds	r0, #16
10000e74:	1ac4      	subs	r4, r0, r3
10000e76:	f001 ff1b 	bl	10002cb0 <vTaskSuspendAll>
10000e7a:	4938      	ldr	r1, [pc, #224]	@ (10000f5c <pvPortMalloc+0x104>)
10000e7c:	4622      	mov	r2, r4
10000e7e:	680d      	ldr	r5, [r1, #0]
10000e80:	bb15      	cbnz	r5, 10000ec8 <pvPortMalloc+0x70>
10000e82:	e00a      	b.n	10000e9a <pvPortMalloc+0x42>
10000e84:	f001 ff14 	bl	10002cb0 <vTaskSuspendAll>
10000e88:	4934      	ldr	r1, [pc, #208]	@ (10000f5c <pvPortMalloc+0x104>)
10000e8a:	680a      	ldr	r2, [r1, #0]
10000e8c:	b122      	cbz	r2, 10000e98 <pvPortMalloc+0x40>
10000e8e:	2500      	movs	r5, #0
10000e90:	f003 f818 	bl	10003ec4 <xTaskResumeAll>
10000e94:	4628      	mov	r0, r5
10000e96:	bdf8      	pop	{r3, r4, r5, r6, r7, pc}
10000e98:	4614      	mov	r4, r2
10000e9a:	4b31      	ldr	r3, [pc, #196]	@ (10000f60 <pvPortMalloc+0x108>)
10000e9c:	0758      	lsls	r0, r3, #29
10000e9e:	d14b      	bne.n	10000f38 <pvPortMalloc+0xe0>
10000ea0:	4618      	mov	r0, r3
10000ea2:	f503 3500 	add.w	r5, r3, #131072	@ 0x20000
10000ea6:	3d08      	subs	r5, #8
10000ea8:	f025 0507 	bic.w	r5, r5, #7
10000eac:	600d      	str	r5, [r1, #0]
10000eae:	2100      	movs	r1, #0
10000eb0:	4e2c      	ldr	r6, [pc, #176]	@ (10000f64 <pvPortMalloc+0x10c>)
10000eb2:	1aeb      	subs	r3, r5, r3
10000eb4:	e9c6 0100 	strd	r0, r1, [r6]
10000eb8:	e9c5 1100 	strd	r1, r1, [r5]
10000ebc:	492a      	ldr	r1, [pc, #168]	@ (10000f68 <pvPortMalloc+0x110>)
10000ebe:	e9c0 5300 	strd	r5, r3, [r0]
10000ec2:	600b      	str	r3, [r1, #0]
10000ec4:	4929      	ldr	r1, [pc, #164]	@ (10000f6c <pvPortMalloc+0x114>)
10000ec6:	600b      	str	r3, [r1, #0]
10000ec8:	2a00      	cmp	r2, #0
10000eca:	dde0      	ble.n	10000e8e <pvPortMalloc+0x36>
10000ecc:	4f27      	ldr	r7, [pc, #156]	@ (10000f6c <pvPortMalloc+0x114>)
10000ece:	683e      	ldr	r6, [r7, #0]
10000ed0:	42a6      	cmp	r6, r4
10000ed2:	d3dc      	bcc.n	10000e8e <pvPortMalloc+0x36>
10000ed4:	4b23      	ldr	r3, [pc, #140]	@ (10000f64 <pvPortMalloc+0x10c>)
10000ed6:	4618      	mov	r0, r3
10000ed8:	681b      	ldr	r3, [r3, #0]
10000eda:	e003      	b.n	10000ee4 <pvPortMalloc+0x8c>
10000edc:	681a      	ldr	r2, [r3, #0]
10000ede:	b122      	cbz	r2, 10000eea <pvPortMalloc+0x92>
10000ee0:	4618      	mov	r0, r3
10000ee2:	4613      	mov	r3, r2
10000ee4:	6859      	ldr	r1, [r3, #4]
10000ee6:	42a1      	cmp	r1, r4
10000ee8:	d3f8      	bcc.n	10000edc <pvPortMalloc+0x84>
10000eea:	42ab      	cmp	r3, r5
10000eec:	d0cf      	beq.n	10000e8e <pvPortMalloc+0x36>
10000eee:	461d      	mov	r5, r3
10000ef0:	eba1 0c04 	sub.w	ip, r1, r4
10000ef4:	f855 2b08 	ldr.w	r2, [r5], #8
10000ef8:	f1bc 0f10 	cmp.w	ip, #16
10000efc:	6002      	str	r2, [r0, #0]
10000efe:	d907      	bls.n	10000f10 <pvPortMalloc+0xb8>
10000f00:	4621      	mov	r1, r4
10000f02:	eb03 0e04 	add.w	lr, r3, r4
10000f06:	f8ce c004 	str.w	ip, [lr, #4]
10000f0a:	511a      	str	r2, [r3, r4]
10000f0c:	f8c0 e000 	str.w	lr, [r0]
10000f10:	2400      	movs	r4, #0
10000f12:	4a15      	ldr	r2, [pc, #84]	@ (10000f68 <pvPortMalloc+0x110>)
10000f14:	1a76      	subs	r6, r6, r1
10000f16:	6810      	ldr	r0, [r2, #0]
10000f18:	f041 4100 	orr.w	r1, r1, #2147483648	@ 0x80000000
10000f1c:	4286      	cmp	r6, r0
10000f1e:	4814      	ldr	r0, [pc, #80]	@ (10000f70 <pvPortMalloc+0x118>)
10000f20:	bf38      	it	cc
10000f22:	6016      	strcc	r6, [r2, #0]
10000f24:	6802      	ldr	r2, [r0, #0]
10000f26:	6059      	str	r1, [r3, #4]
10000f28:	3201      	adds	r2, #1
10000f2a:	601c      	str	r4, [r3, #0]
10000f2c:	603e      	str	r6, [r7, #0]
10000f2e:	6002      	str	r2, [r0, #0]
10000f30:	f002 ffc8 	bl	10003ec4 <xTaskResumeAll>
10000f34:	4628      	mov	r0, r5
10000f36:	bdf8      	pop	{r3, r4, r5, r6, r7, pc}
10000f38:	1dd8      	adds	r0, r3, #7
10000f3a:	f020 0007 	bic.w	r0, r0, #7
10000f3e:	f503 3500 	add.w	r5, r3, #131072	@ 0x20000
10000f42:	4603      	mov	r3, r0
10000f44:	e7af      	b.n	10000ea6 <pvPortMalloc+0x4e>
10000f46:	f001 feb3 	bl	10002cb0 <vTaskSuspendAll>
10000f4a:	4904      	ldr	r1, [pc, #16]	@ (10000f5c <pvPortMalloc+0x104>)
10000f4c:	680d      	ldr	r5, [r1, #0]
10000f4e:	b115      	cbz	r5, 10000f56 <pvPortMalloc+0xfe>
10000f50:	2c00      	cmp	r4, #0
10000f52:	dabb      	bge.n	10000ecc <pvPortMalloc+0x74>
10000f54:	e79b      	b.n	10000e8e <pvPortMalloc+0x36>
10000f56:	4622      	mov	r2, r4
10000f58:	e79f      	b.n	10000e9a <pvPortMalloc+0x42>
10000f5a:	bf00      	nop
10000f5c:	20000938 	.word	0x20000938
10000f60:	20000bd0 	.word	0x20000bd0
10000f64:	20020c8c 	.word	0x20020c8c
10000f68:	20020c5c 	.word	0x20020c5c
10000f6c:	20020c4c 	.word	0x20020c4c
10000f70:	20020c68 	.word	0x20020c68

10000f74 <vPortFree>:
10000f74:	b148      	cbz	r0, 10000f8a <vPortFree+0x16>
10000f76:	b538      	push	{r3, r4, r5, lr}
10000f78:	f850 3c04 	ldr.w	r3, [r0, #-4]
10000f7c:	4604      	mov	r4, r0
10000f7e:	2b00      	cmp	r3, #0
10000f80:	da02      	bge.n	10000f88 <vPortFree+0x14>
10000f82:	f850 2c08 	ldr.w	r2, [r0, #-8]
10000f86:	b10a      	cbz	r2, 10000f8c <vPortFree+0x18>
10000f88:	bd38      	pop	{r3, r4, r5, pc}
10000f8a:	4770      	bx	lr
10000f8c:	f023 4300 	bic.w	r3, r3, #2147483648	@ 0x80000000
10000f90:	4d1a      	ldr	r5, [pc, #104]	@ (10000ffc <vPortFree+0x88>)
10000f92:	f840 3c04 	str.w	r3, [r0, #-4]
10000f96:	f001 fe8b 	bl	10002cb0 <vTaskSuspendAll>
10000f9a:	682a      	ldr	r2, [r5, #0]
10000f9c:	f854 0c04 	ldr.w	r0, [r4, #-4]
10000fa0:	4b17      	ldr	r3, [pc, #92]	@ (10001000 <vPortFree+0x8c>)
10000fa2:	1811      	adds	r1, r2, r0
10000fa4:	6029      	str	r1, [r5, #0]
10000fa6:	f1a4 0208 	sub.w	r2, r4, #8
10000faa:	4619      	mov	r1, r3
10000fac:	681b      	ldr	r3, [r3, #0]
10000fae:	429a      	cmp	r2, r3
10000fb0:	d8fb      	bhi.n	10000faa <vPortFree+0x36>
10000fb2:	684d      	ldr	r5, [r1, #4]
10000fb4:	eb01 0c05 	add.w	ip, r1, r5
10000fb8:	4562      	cmp	r2, ip
10000fba:	d00f      	beq.n	10000fdc <vPortFree+0x68>
10000fbc:	1815      	adds	r5, r2, r0
10000fbe:	42ab      	cmp	r3, r5
10000fc0:	d012      	beq.n	10000fe8 <vPortFree+0x74>
10000fc2:	f844 3c08 	str.w	r3, [r4, #-8]
10000fc6:	4291      	cmp	r1, r2
10000fc8:	bf18      	it	ne
10000fca:	600a      	strne	r2, [r1, #0]
10000fcc:	4a0d      	ldr	r2, [pc, #52]	@ (10001004 <vPortFree+0x90>)
10000fce:	6813      	ldr	r3, [r2, #0]
10000fd0:	3301      	adds	r3, #1
10000fd2:	6013      	str	r3, [r2, #0]
10000fd4:	e8bd 4038 	ldmia.w	sp!, {r3, r4, r5, lr}
10000fd8:	f002 bf74 	b.w	10003ec4 <xTaskResumeAll>
10000fdc:	4428      	add	r0, r5
10000fde:	180a      	adds	r2, r1, r0
10000fe0:	4293      	cmp	r3, r2
10000fe2:	6048      	str	r0, [r1, #4]
10000fe4:	d1f2      	bne.n	10000fcc <vPortFree+0x58>
10000fe6:	460a      	mov	r2, r1
10000fe8:	4c07      	ldr	r4, [pc, #28]	@ (10001008 <vPortFree+0x94>)
10000fea:	6824      	ldr	r4, [r4, #0]
10000fec:	42a3      	cmp	r3, r4
10000fee:	d003      	beq.n	10000ff8 <vPortFree+0x84>
10000ff0:	e9d3 4500 	ldrd	r4, r5, [r3]
10000ff4:	4428      	add	r0, r5
10000ff6:	6050      	str	r0, [r2, #4]
10000ff8:	6014      	str	r4, [r2, #0]
10000ffa:	e7e4      	b.n	10000fc6 <vPortFree+0x52>
10000ffc:	20020c4c 	.word	0x20020c4c
10001000:	20020c8c 	.word	0x20020c8c
10001004:	20020c6c 	.word	0x20020c6c
10001008:	20000938 	.word	0x20000938

1000100c <prvDoorbellInterruptHandler>:
1000100c:	4b0a      	ldr	r3, [pc, #40]	@ (10001038 <prvDoorbellInterruptHandler+0x2c>)
1000100e:	f993 2000 	ldrsb.w	r2, [r3]
10001012:	2a00      	cmp	r2, #0
10001014:	db0f      	blt.n	10001036 <prvDoorbellInterruptHandler+0x2a>
10001016:	f04f 4150 	mov.w	r1, #3489660928	@ 0xd0000000
1000101a:	2301      	movs	r3, #1
1000101c:	f8d1 0188 	ldr.w	r0, [r1, #392]	@ 0x188
10001020:	4093      	lsls	r3, r2
10001022:	4218      	tst	r0, r3
10001024:	d007      	beq.n	10001036 <prvDoorbellInterruptHandler+0x2a>
10001026:	f04f 22e0 	mov.w	r2, #3758153728	@ 0xe000e000
1000102a:	f04f 5080 	mov.w	r0, #268435456	@ 0x10000000
1000102e:	f8c1 318c 	str.w	r3, [r1, #396]	@ 0x18c
10001032:	f8c2 0d04 	str.w	r0, [r2, #3332]	@ 0xd04
10001036:	4770      	bx	lr
10001038:	200005f0 	.word	0x200005f0

1000103c <prvTaskExitError>:
1000103c:	2300      	movs	r3, #0
1000103e:	b500      	push	{lr}
10001040:	b083      	sub	sp, #12
10001042:	9301      	str	r3, [sp, #4]
10001044:	f000 fa60 	bl	10001508 <ulSetInterruptMask>
10001048:	9b01      	ldr	r3, [sp, #4]
1000104a:	2b00      	cmp	r3, #0
1000104c:	d0fc      	beq.n	10001048 <prvTaskExitError+0xc>
1000104e:	b003      	add	sp, #12
10001050:	f85d fb04 	ldr.w	pc, [sp], #4

10001054 <SysTick_Handler>:
10001054:	b510      	push	{r4, lr}
10001056:	f003 f80d 	bl	10004074 <vTaskEnterCriticalFromISR>
1000105a:	4604      	mov	r4, r0
1000105c:	f001 fe3c 	bl	10002cd8 <xTaskIncrementTick>
10001060:	b128      	cbz	r0, 1000106e <SysTick_Handler+0x1a>
10001062:	f04f 23e0 	mov.w	r3, #3758153728	@ 0xe000e000
10001066:	f04f 5280 	mov.w	r2, #268435456	@ 0x10000000
1000106a:	f8c3 2d04 	str.w	r2, [r3, #3332]	@ 0xd04
1000106e:	4620      	mov	r0, r4
10001070:	e8bd 4010 	ldmia.w	sp!, {r4, lr}
10001074:	f003 b894 	b.w	100041a0 <vTaskExitCriticalFromISR>

10001078 <vPortSetupTimerInterrupt>:
10001078:	b510      	push	{r4, lr}
1000107a:	2204      	movs	r2, #4
1000107c:	f04f 24e0 	mov.w	r4, #3758153728	@ 0xe000e000
10001080:	2300      	movs	r3, #0
10001082:	6122      	str	r2, [r4, #16]
10001084:	2005      	movs	r0, #5
10001086:	61a3      	str	r3, [r4, #24]
10001088:	f003 fe2c 	bl	10004ce4 <clock_get_hz>
1000108c:	2107      	movs	r1, #7
1000108e:	4b04      	ldr	r3, [pc, #16]	@ (100010a0 <vPortSetupTimerInterrupt+0x28>)
10001090:	fba3 2300 	umull	r2, r3, r3, r0
10001094:	099b      	lsrs	r3, r3, #6
10001096:	3b01      	subs	r3, #1
10001098:	6163      	str	r3, [r4, #20]
1000109a:	6121      	str	r1, [r4, #16]
1000109c:	bd10      	pop	{r4, pc}
1000109e:	bf00      	nop
100010a0:	10624dd3 	.word	0x10624dd3

100010a4 <xPortStartSchedulerOnCore.isra.0>:
100010a4:	f04f 23e0 	mov.w	r3, #3758153728	@ 0xe000e000
100010a8:	f04f 427f 	mov.w	r2, #4278190080	@ 0xff000000
100010ac:	2100      	movs	r1, #0
100010ae:	b530      	push	{r4, r5, lr}
100010b0:	b085      	sub	sp, #20
100010b2:	9103      	str	r1, [sp, #12]
100010b4:	f8c3 2d1c 	str.w	r2, [r3, #3356]	@ 0xd1c
100010b8:	f8d3 3d1c 	ldr.w	r3, [r3, #3356]	@ 0xd1c
100010bc:	0e1b      	lsrs	r3, r3, #24
100010be:	f88d 3007 	strb.w	r3, [sp, #7]
100010c2:	f89d 3007 	ldrb.w	r3, [sp, #7]
100010c6:	f89d 3007 	ldrb.w	r3, [sp, #7]
100010ca:	061a      	lsls	r2, r3, #24
100010cc:	d50c      	bpl.n	100010e8 <xPortStartSchedulerOnCore.isra.0+0x44>
100010ce:	9b03      	ldr	r3, [sp, #12]
100010d0:	3301      	adds	r3, #1
100010d2:	9303      	str	r3, [sp, #12]
100010d4:	f89d 3007 	ldrb.w	r3, [sp, #7]
100010d8:	005b      	lsls	r3, r3, #1
100010da:	b2db      	uxtb	r3, r3
100010dc:	f88d 3007 	strb.w	r3, [sp, #7]
100010e0:	f89d 3007 	ldrb.w	r3, [sp, #7]
100010e4:	061b      	lsls	r3, r3, #24
100010e6:	d4f2      	bmi.n	100010ce <xPortStartSchedulerOnCore.isra.0+0x2a>
100010e8:	9b03      	ldr	r3, [sp, #12]
100010ea:	2b08      	cmp	r3, #8
100010ec:	d040      	beq.n	10001170 <xPortStartSchedulerOnCore.isra.0+0xcc>
100010ee:	9b03      	ldr	r3, [sp, #12]
100010f0:	f1c3 0307 	rsb	r3, r3, #7
100010f4:	021b      	lsls	r3, r3, #8
100010f6:	f403 63e0 	and.w	r3, r3, #1792	@ 0x700
100010fa:	f04f 4150 	mov.w	r1, #3489660928	@ 0xd0000000
100010fe:	4825      	ldr	r0, [pc, #148]	@ (10001194 <xPortStartSchedulerOnCore.isra.0+0xf0>)
10001100:	4a25      	ldr	r2, [pc, #148]	@ (10001198 <xPortStartSchedulerOnCore.isra.0+0xf4>)
10001102:	6003      	str	r3, [r0, #0]
10001104:	7812      	ldrb	r2, [r2, #0]
10001106:	680b      	ldr	r3, [r1, #0]
10001108:	429a      	cmp	r2, r3
1000110a:	d033      	beq.n	10001174 <xPortStartSchedulerOnCore.isra.0+0xd0>
1000110c:	f04f 23e0 	mov.w	r3, #3758153728	@ 0xe000e000
10001110:	2400      	movs	r4, #0
10001112:	f04f 4550 	mov.w	r5, #3489660928	@ 0xd0000000
10001116:	f8d3 2d20 	ldr.w	r2, [r3, #3360]	@ 0xd20
1000111a:	4920      	ldr	r1, [pc, #128]	@ (1000119c <xPortStartSchedulerOnCore.isra.0+0xf8>)
1000111c:	f442 027f 	orr.w	r2, r2, #16711680	@ 0xff0000
10001120:	f8c3 2d20 	str.w	r2, [r3, #3360]	@ 0xd20
10001124:	200e      	movs	r0, #14
10001126:	f8c3 4d1c 	str.w	r4, [r3, #3356]	@ 0xd1c
1000112a:	f004 fce1 	bl	10005af0 <exception_set_exclusive_handler>
1000112e:	491c      	ldr	r1, [pc, #112]	@ (100011a0 <xPortStartSchedulerOnCore.isra.0+0xfc>)
10001130:	200b      	movs	r0, #11
10001132:	f004 fcdd 	bl	10005af0 <exception_set_exclusive_handler>
10001136:	682a      	ldr	r2, [r5, #0]
10001138:	4b1a      	ldr	r3, [pc, #104]	@ (100011a4 <xPortStartSchedulerOnCore.isra.0+0x100>)
1000113a:	21ff      	movs	r1, #255	@ 0xff
1000113c:	201a      	movs	r0, #26
1000113e:	f843 4022 	str.w	r4, [r3, r2, lsl #2]
10001142:	f003 fffd 	bl	10005140 <irq_set_priority>
10001146:	201a      	movs	r0, #26
10001148:	4917      	ldr	r1, [pc, #92]	@ (100011a8 <xPortStartSchedulerOnCore.isra.0+0x104>)
1000114a:	f003 fecb 	bl	10004ee4 <irq_set_exclusive_handler>
1000114e:	2101      	movs	r1, #1
10001150:	201a      	movs	r0, #26
10001152:	f003 fea1 	bl	10004e98 <irq_set_enabled>
10001156:	f000 f9cf 	bl	100014f8 <vStartFirstTask>
1000115a:	6828      	ldr	r0, [r5, #0]
1000115c:	f001 fef0 	bl	10002f40 <vTaskSwitchContext>
10001160:	9402      	str	r4, [sp, #8]
10001162:	f000 f9d1 	bl	10001508 <ulSetInterruptMask>
10001166:	9b02      	ldr	r3, [sp, #8]
10001168:	2b00      	cmp	r3, #0
1000116a:	d0fc      	beq.n	10001166 <xPortStartSchedulerOnCore.isra.0+0xc2>
1000116c:	b005      	add	sp, #20
1000116e:	bd30      	pop	{r4, r5, pc}
10001170:	2300      	movs	r3, #0
10001172:	e7c2      	b.n	100010fa <xPortStartSchedulerOnCore.isra.0+0x56>
10001174:	f7ff ff80 	bl	10001078 <vPortSetupTimerInterrupt>
10001178:	f04f 22e0 	mov.w	r2, #3758153728	@ 0xe000e000
1000117c:	f8d2 3d20 	ldr.w	r3, [r2, #3360]	@ 0xd20
10001180:	490a      	ldr	r1, [pc, #40]	@ (100011ac <xPortStartSchedulerOnCore.isra.0+0x108>)
10001182:	f043 437f 	orr.w	r3, r3, #4278190080	@ 0xff000000
10001186:	f8c2 3d20 	str.w	r3, [r2, #3360]	@ 0xd20
1000118a:	200f      	movs	r0, #15
1000118c:	f004 fcb0 	bl	10005af0 <exception_set_exclusive_handler>
10001190:	e7bc      	b.n	1000110c <xPortStartSchedulerOnCore.isra.0+0x68>
10001192:	bf00      	nop
10001194:	20020be0 	.word	0x20020be0
10001198:	200005f1 	.word	0x200005f1
1000119c:	10001531 	.word	0x10001531
100011a0:	100015c9 	.word	0x100015c9
100011a4:	20020bd8 	.word	0x20020bd8
100011a8:	1000100d 	.word	0x1000100d
100011ac:	10001055 	.word	0x10001055

100011b0 <prvDisableInterruptsAndPortStartSchedulerOnCore>:
100011b0:	b508      	push	{r3, lr}
100011b2:	f000 f9a9 	bl	10001508 <ulSetInterruptMask>
100011b6:	e8bd 4008 	ldmia.w	sp!, {r3, lr}
100011ba:	f7ff bf73 	b.w	100010a4 <xPortStartSchedulerOnCore.isra.0>
100011be:	bf00      	nop

100011c0 <vPortYield>:
100011c0:	f04f 23e0 	mov.w	r3, #3758153728	@ 0xe000e000
100011c4:	f04f 5280 	mov.w	r2, #268435456	@ 0x10000000
100011c8:	f8c3 2d04 	str.w	r2, [r3, #3332]	@ 0xd04
100011cc:	f3bf 8f4f 	dsb	sy
100011d0:	f3bf 8f6f 	isb	sy
100011d4:	4770      	bx	lr
100011d6:	bf00      	nop

100011d8 <vPortSVCHandler_C>:
100011d8:	6983      	ldr	r3, [r0, #24]
100011da:	f813 3c02 	ldrb.w	r3, [r3, #-2]
100011de:	2b66      	cmp	r3, #102	@ 0x66
100011e0:	d000      	beq.n	100011e4 <vPortSVCHandler_C+0xc>
100011e2:	4770      	bx	lr
100011e4:	f04f 23e0 	mov.w	r3, #3758153728	@ 0xe000e000
100011e8:	f8d3 2d88 	ldr.w	r2, [r3, #3464]	@ 0xd88
100011ec:	f442 0270 	orr.w	r2, r2, #15728640	@ 0xf00000
100011f0:	f8c3 2d88 	str.w	r2, [r3, #3464]	@ 0xd88
100011f4:	f8d3 2f34 	ldr.w	r2, [r3, #3892]	@ 0xf34
100011f8:	f042 4240 	orr.w	r2, r2, #3221225472	@ 0xc0000000
100011fc:	f8c3 2f34 	str.w	r2, [r3, #3892]	@ 0xf34
10001200:	f000 b95e 	b.w	100014c0 <vRestoreContextOfFirstTask>

10001204 <pxPortInitialiseStack>:
10001204:	e92d 4ff0 	stmdb	sp!, {r4, r5, r6, r7, r8, r9, sl, fp, lr}
10001208:	f04f 3e11 	mov.w	lr, #286331153	@ 0x11111111
1000120c:	f04f 7480 	mov.w	r4, #16777216	@ 0x1000000
10001210:	e940 e309 	strd	lr, r3, [r0, #-36]	@ 0x24
10001214:	f04f 3307 	mov.w	r3, #117901063	@ 0x7070707
10001218:	f840 4c04 	str.w	r4, [r0, #-4]
1000121c:	4c16      	ldr	r4, [pc, #88]	@ (10001278 <pxPortInitialiseStack+0x74>)
1000121e:	f840 3c34 	str.w	r3, [r0, #-52]
10001222:	e940 4203 	strd	r4, r2, [r0, #-12]
10001226:	f04f 3305 	mov.w	r3, #84215045	@ 0x5050505
1000122a:	f04f 3206 	mov.w	r2, #101058054	@ 0x6060606
1000122e:	f04f 3b12 	mov.w	fp, #303174162	@ 0x12121212
10001232:	e940 320f 	strd	r3, r2, [r0, #-60]	@ 0x3c
10001236:	f04f 3a03 	mov.w	sl, #50529027	@ 0x3030303
1000123a:	f04f 3902 	mov.w	r9, #33686018	@ 0x2020202
1000123e:	f04f 3801 	mov.w	r8, #16843009	@ 0x1010101
10001242:	f04f 3710 	mov.w	r7, #269488144	@ 0x10101010
10001246:	f04f 3609 	mov.w	r6, #151587081	@ 0x9090909
1000124a:	f04f 3508 	mov.w	r5, #134744072	@ 0x8080808
1000124e:	f04f 3404 	mov.w	r4, #67372036	@ 0x4040404
10001252:	f06f 0302 	mvn.w	r3, #2
10001256:	e940 ab05 	strd	sl, fp, [r0, #-20]
1000125a:	e940 8907 	strd	r8, r9, [r0, #-28]
1000125e:	e940 670b 	strd	r6, r7, [r0, #-44]	@ 0x2c
10001262:	f840 5c30 	str.w	r5, [r0, #-48]
10001266:	f840 4c40 	str.w	r4, [r0, #-64]
1000126a:	f840 3c44 	str.w	r3, [r0, #-68]
1000126e:	f840 1d48 	str.w	r1, [r0, #-72]!
10001272:	e8bd 8ff0 	ldmia.w	sp!, {r4, r5, r6, r7, r8, r9, sl, fp, pc}
10001276:	bf00      	nop
10001278:	1000103d 	.word	0x1000103d

1000127c <xPortStartScheduler>:
1000127c:	b570      	push	{r4, r5, r6, lr}
1000127e:	200e      	movs	r0, #14
10001280:	f003 fd8a 	bl	10004d98 <spin_lock_claim>
10001284:	200f      	movs	r0, #15
10001286:	f003 fd87 	bl	10004d98 <spin_lock_claim>
1000128a:	2101      	movs	r1, #1
1000128c:	2003      	movs	r0, #3
1000128e:	f004 fcc7 	bl	10005c20 <multicore_doorbell_claim_unused>
10001292:	4602      	mov	r2, r0
10001294:	2301      	movs	r3, #1
10001296:	f04f 4150 	mov.w	r1, #3489660928	@ 0xd0000000
1000129a:	2400      	movs	r4, #0
1000129c:	b252      	sxtb	r2, r2
1000129e:	4e08      	ldr	r6, [pc, #32]	@ (100012c0 <xPortStartScheduler+0x44>)
100012a0:	4093      	lsls	r3, r2
100012a2:	4d08      	ldr	r5, [pc, #32]	@ (100012c4 <xPortStartScheduler+0x48>)
100012a4:	7032      	strb	r2, [r6, #0]
100012a6:	4808      	ldr	r0, [pc, #32]	@ (100012c8 <xPortStartScheduler+0x4c>)
100012a8:	f8c1 318c 	str.w	r3, [r1, #396]	@ 0x18c
100012ac:	f8c1 3184 	str.w	r3, [r1, #388]	@ 0x184
100012b0:	702c      	strb	r4, [r5, #0]
100012b2:	f004 fc91 	bl	10005bd8 <multicore_launch_core1>
100012b6:	f7ff fef5 	bl	100010a4 <xPortStartSchedulerOnCore.isra.0>
100012ba:	4620      	mov	r0, r4
100012bc:	bd70      	pop	{r4, r5, r6, pc}
100012be:	bf00      	nop
100012c0:	200005f0 	.word	0x200005f0
100012c4:	200005f1 	.word	0x200005f1
100012c8:	100011b1 	.word	0x100011b1

100012cc <vPortValidateInterruptPriority>:
100012cc:	f3ef 8305 	mrs	r3, IPSR
100012d0:	2b0f      	cmp	r3, #15
100012d2:	bf84      	itt	hi
100012d4:	4a01      	ldrhi	r2, [pc, #4]	@ (100012dc <vPortValidateInterruptPriority+0x10>)
100012d6:	5c9b      	ldrbhi	r3, [r3, r2]
100012d8:	4770      	bx	lr
100012da:	bf00      	nop
100012dc:	e000e3f0 	.word	0xe000e3f0

100012e0 <ulPortLockGetCurrentOwnerId>:
100012e0:	4b09      	ldr	r3, [pc, #36]	@ (10001308 <ulPortLockGetCurrentOwnerId+0x28>)
100012e2:	781b      	ldrb	r3, [r3, #0]
100012e4:	2bff      	cmp	r3, #255	@ 0xff
100012e6:	d00b      	beq.n	10001300 <ulPortLockGetCurrentOwnerId+0x20>
100012e8:	f3ef 8305 	mrs	r3, IPSR
100012ec:	b2db      	uxtb	r3, r3
100012ee:	b12b      	cbz	r3, 100012fc <ulPortLockGetCurrentOwnerId+0x1c>
100012f0:	f04f 4250 	mov.w	r2, #3489660928	@ 0xd0000000
100012f4:	6810      	ldr	r0, [r2, #0]
100012f6:	eb00 0043 	add.w	r0, r0, r3, lsl #1
100012fa:	4770      	bx	lr
100012fc:	f002 b8da 	b.w	100034b4 <xTaskGetCurrentTaskHandle>
10001300:	f04f 4350 	mov.w	r3, #3489660928	@ 0xd0000000
10001304:	6818      	ldr	r0, [r3, #0]
10001306:	4770      	bx	lr
10001308:	200005f1 	.word	0x200005f1

1000130c <vPortLockInternalSpinUnlockWithNotify>:
1000130c:	b510      	push	{r4, lr}
1000130e:	4b20      	ldr	r3, [pc, #128]	@ (10001390 <vPortLockInternalSpinUnlockWithNotify+0x84>)
10001310:	468e      	mov	lr, r1
10001312:	781b      	ldrb	r3, [r3, #0]
10001314:	6802      	ldr	r2, [r0, #0]
10001316:	2bff      	cmp	r3, #255	@ 0xff
10001318:	b082      	sub	sp, #8
1000131a:	d02f      	beq.n	1000137c <vPortLockInternalSpinUnlockWithNotify+0x70>
1000131c:	f04f 0c01 	mov.w	ip, #1
10001320:	4b1c      	ldr	r3, [pc, #112]	@ (10001394 <vPortLockInternalSpinUnlockWithNotify+0x88>)
10001322:	1ad2      	subs	r2, r2, r3
10001324:	4b1c      	ldr	r3, [pc, #112]	@ (10001398 <vPortLockInternalSpinUnlockWithNotify+0x8c>)
10001326:	fba3 1302 	umull	r1, r3, r3, r2
1000132a:	091b      	lsrs	r3, r3, #4
1000132c:	eb03 0343 	add.w	r3, r3, r3, lsl #1
10001330:	eba2 02c3 	sub.w	r2, r2, r3, lsl #3
10001334:	fa0c f102 	lsl.w	r1, ip, r2
10001338:	bf40      	sev
1000133a:	2400      	movs	r4, #0
1000133c:	6803      	ldr	r3, [r0, #0]
1000133e:	e8c3 4f8f 	stlb	r4, [r3]
10001342:	f38e 8810 	msr	PRIMASK, lr
10001346:	f3ef 8305 	mrs	r3, IPSR
1000134a:	b2db      	uxtb	r3, r3
1000134c:	b933      	cbnz	r3, 1000135c <vPortLockInternalSpinUnlockWithNotify+0x50>
1000134e:	4b13      	ldr	r3, [pc, #76]	@ (1000139c <vPortLockInternalSpinUnlockWithNotify+0x90>)
10001350:	6818      	ldr	r0, [r3, #0]
10001352:	b002      	add	sp, #8
10001354:	e8bd 4010 	ldmia.w	sp!, {r4, lr}
10001358:	f000 b9dc 	b.w	10001714 <xEventGroupSetBits>
1000135c:	4b0f      	ldr	r3, [pc, #60]	@ (1000139c <vPortLockInternalSpinUnlockWithNotify+0x90>)
1000135e:	aa01      	add	r2, sp, #4
10001360:	6818      	ldr	r0, [r3, #0]
10001362:	9401      	str	r4, [sp, #4]
10001364:	f000 fa0a 	bl	1000177c <xEventGroupSetBitsFromISR>
10001368:	9b01      	ldr	r3, [sp, #4]
1000136a:	b12b      	cbz	r3, 10001378 <vPortLockInternalSpinUnlockWithNotify+0x6c>
1000136c:	f04f 23e0 	mov.w	r3, #3758153728	@ 0xe000e000
10001370:	f04f 5280 	mov.w	r2, #268435456	@ 0x10000000
10001374:	f8c3 2d04 	str.w	r2, [r3, #3332]	@ 0xd04
10001378:	b002      	add	sp, #8
1000137a:	bd10      	pop	{r4, pc}
1000137c:	bf40      	sev
1000137e:	2300      	movs	r3, #0
10001380:	6802      	ldr	r2, [r0, #0]
10001382:	e8c2 3f8f 	stlb	r3, [r2]
10001386:	f381 8810 	msr	PRIMASK, r1
1000138a:	b002      	add	sp, #8
1000138c:	bd10      	pop	{r4, pc}
1000138e:	bf00      	nop
10001390:	200005f1 	.word	0x200005f1
10001394:	2000089c 	.word	0x2000089c
10001398:	aaaaaaab 	.word	0xaaaaaaab
1000139c:	20020c48 	.word	0x20020c48

100013a0 <xPortLockInternalSpinUnlockWithBestEffortWaitOrTimeout>:
100013a0:	b5f0      	push	{r4, r5, r6, r7, lr}
100013a2:	4c35      	ldr	r4, [pc, #212]	@ (10001478 <xPortLockInternalSpinUnlockWithBestEffortWaitOrTimeout+0xd8>)
100013a4:	4606      	mov	r6, r0
100013a6:	f894 c000 	ldrb.w	ip, [r4]
100013aa:	460f      	mov	r7, r1
100013ac:	f1bc 0fff 	cmp.w	ip, #255	@ 0xff
100013b0:	4614      	mov	r4, r2
100013b2:	461d      	mov	r5, r3
100013b4:	b083      	sub	sp, #12
100013b6:	d04e      	beq.n	10001456 <xPortLockInternalSpinUnlockWithBestEffortWaitOrTimeout+0xb6>
100013b8:	f004 fa92 	bl	100058e0 <time_us_64>
100013bc:	f240 33e7 	movw	r3, #999	@ 0x3e7
100013c0:	ebb4 0c00 	subs.w	ip, r4, r0
100013c4:	eb65 0101 	sbc.w	r1, r5, r1
100013c8:	eb1c 0003 	adds.w	r0, ip, r3
100013cc:	f141 0100 	adc.w	r1, r1, #0
100013d0:	f5b0 7f7a 	cmp.w	r0, #1000	@ 0x3e8
100013d4:	f171 0300 	sbcs.w	r3, r1, #0
100013d8:	da1c      	bge.n	10001414 <xPortLockInternalSpinUnlockWithBestEffortWaitOrTimeout+0x74>
100013da:	2300      	movs	r3, #0
100013dc:	6832      	ldr	r2, [r6, #0]
100013de:	e8c2 3f8f 	stlb	r3, [r2]
100013e2:	f387 8810 	msr	PRIMASK, r7
100013e6:	4b25      	ldr	r3, [pc, #148]	@ (1000147c <xPortLockInternalSpinUnlockWithBestEffortWaitOrTimeout+0xdc>)
100013e8:	6a5a      	ldr	r2, [r3, #36]	@ 0x24
100013ea:	4295      	cmp	r5, r2
100013ec:	d90c      	bls.n	10001408 <xPortLockInternalSpinUnlockWithBestEffortWaitOrTimeout+0x68>
100013ee:	f04f 23e0 	mov.w	r3, #3758153728	@ 0xe000e000
100013f2:	f04f 5280 	mov.w	r2, #268435456	@ 0x10000000
100013f6:	f8c3 2d04 	str.w	r2, [r3, #3332]	@ 0xd04
100013fa:	f3bf 8f4f 	dsb	sy
100013fe:	f3bf 8f6f 	isb	sy
10001402:	2000      	movs	r0, #0
10001404:	b003      	add	sp, #12
10001406:	bdf0      	pop	{r4, r5, r6, r7, pc}
10001408:	6a9b      	ldr	r3, [r3, #40]	@ 0x28
1000140a:	42a3      	cmp	r3, r4
1000140c:	d330      	bcc.n	10001470 <xPortLockInternalSpinUnlockWithBestEffortWaitOrTimeout+0xd0>
1000140e:	2001      	movs	r0, #1
10001410:	b003      	add	sp, #12
10001412:	bdf0      	pop	{r4, r5, r6, r7, pc}
10001414:	f44f 727a 	mov.w	r2, #1000	@ 0x3e8
10001418:	2300      	movs	r3, #0
1000141a:	f006 fe41 	bl	100080a0 <____aeabi_ldivmod_veneer>
1000141e:	2800      	cmp	r0, #0
10001420:	d0db      	beq.n	100013da <xPortLockInternalSpinUnlockWithBestEffortWaitOrTimeout+0x3a>
10001422:	2300      	movs	r3, #0
10001424:	6832      	ldr	r2, [r6, #0]
10001426:	e8c2 3f8f 	stlb	r3, [r2]
1000142a:	f387 8810 	msr	PRIMASK, r7
1000142e:	2201      	movs	r2, #1
10001430:	9000      	str	r0, [sp, #0]
10001432:	6831      	ldr	r1, [r6, #0]
10001434:	4812      	ldr	r0, [pc, #72]	@ (10001480 <xPortLockInternalSpinUnlockWithBestEffortWaitOrTimeout+0xe0>)
10001436:	1a09      	subs	r1, r1, r0
10001438:	4812      	ldr	r0, [pc, #72]	@ (10001484 <xPortLockInternalSpinUnlockWithBestEffortWaitOrTimeout+0xe4>)
1000143a:	fba0 6001 	umull	r6, r0, r0, r1
1000143e:	0900      	lsrs	r0, r0, #4
10001440:	eb00 0040 	add.w	r0, r0, r0, lsl #1
10001444:	eba1 01c0 	sub.w	r1, r1, r0, lsl #3
10001448:	480f      	ldr	r0, [pc, #60]	@ (10001488 <xPortLockInternalSpinUnlockWithBestEffortWaitOrTimeout+0xe8>)
1000144a:	fa02 f101 	lsl.w	r1, r2, r1
1000144e:	6800      	ldr	r0, [r0, #0]
10001450:	f000 f906 	bl	10001660 <xEventGroupWaitBits>
10001454:	e7c7      	b.n	100013e6 <xPortLockInternalSpinUnlockWithBestEffortWaitOrTimeout+0x46>
10001456:	2300      	movs	r3, #0
10001458:	6802      	ldr	r2, [r0, #0]
1000145a:	e8c2 3f8f 	stlb	r3, [r2]
1000145e:	f381 8810 	msr	PRIMASK, r1
10001462:	4620      	mov	r0, r4
10001464:	4629      	mov	r1, r5
10001466:	b003      	add	sp, #12
10001468:	e8bd 40f0 	ldmia.w	sp!, {r4, r5, r6, r7, lr}
1000146c:	f004 b9c2 	b.w	100057f4 <best_effort_wfe_or_timeout>
10001470:	4295      	cmp	r5, r2
10001472:	d0bc      	beq.n	100013ee <xPortLockInternalSpinUnlockWithBestEffortWaitOrTimeout+0x4e>
10001474:	2001      	movs	r0, #1
10001476:	e7cb      	b.n	10001410 <xPortLockInternalSpinUnlockWithBestEffortWaitOrTimeout+0x70>
10001478:	200005f1 	.word	0x200005f1
1000147c:	400b0000 	.word	0x400b0000
10001480:	2000089c 	.word	0x2000089c
10001484:	aaaaaaab 	.word	0xaaaaaaab
10001488:	20020c48 	.word	0x20020c48

1000148c <prvRuntimeInitializer>:
1000148c:	b508      	push	{r3, lr}
1000148e:	f000 f8d9 	bl	10001644 <xEventGroupCreate>
10001492:	4b01      	ldr	r3, [pc, #4]	@ (10001498 <prvRuntimeInitializer+0xc>)
10001494:	6018      	str	r0, [r3, #0]
10001496:	bd08      	pop	{r3, pc}
10001498:	20020c48 	.word	0x20020c48

1000149c <vYieldCore>:
1000149c:	2301      	movs	r3, #1
1000149e:	f04f 4250 	mov.w	r2, #3489660928	@ 0xd0000000
100014a2:	4903      	ldr	r1, [pc, #12]	@ (100014b0 <vYieldCore+0x14>)
100014a4:	f991 1000 	ldrsb.w	r1, [r1]
100014a8:	408b      	lsls	r3, r1
100014aa:	f8c2 3180 	str.w	r3, [r2, #384]	@ 0x180
100014ae:	4770      	bx	lr
100014b0:	200005f0 	.word	0x200005f0
	...

100014c0 <vRestoreContextOfFirstTask>:
100014c0:	a10b      	add	r1, pc, #44	@ (adr r1, 100014f0 <ulAsmLocals>)
100014c2:	c90c      	ldmia	r1!, {r2, r3}
100014c4:	6812      	ldr	r2, [r2, #0]
100014c6:	f853 1022 	ldr.w	r1, [r3, r2, lsl #2]
100014ca:	6808      	ldr	r0, [r1, #0]
100014cc:	c806      	ldmia	r0!, {r1, r2}
100014ce:	f381 880b 	msr	PSPLIM, r1
100014d2:	2102      	movs	r1, #2
100014d4:	f381 8814 	msr	CONTROL, r1
100014d8:	3020      	adds	r0, #32
100014da:	f380 8809 	msr	PSP, r0
100014de:	f3bf 8f6f 	isb	sy
100014e2:	f04f 0000 	mov.w	r0, #0
100014e6:	f380 8811 	msr	BASEPRI, r0
100014ea:	4710      	bx	r2
100014ec:	f3af 8000 	nop.w

100014f0 <ulAsmLocals>:
100014f0:	d0000000 	.word	0xd0000000
100014f4:	20000928 	.word	0x20000928

100014f8 <vStartFirstTask>:
100014f8:	b662      	cpsie	i
100014fa:	b661      	cpsie	f
100014fc:	f3bf 8f4f 	dsb	sy
10001500:	f3bf 8f6f 	isb	sy
10001504:	df66      	svc	102	@ 0x66
10001506:	bf00      	nop

10001508 <ulSetInterruptMask>:
10001508:	f3ef 8011 	mrs	r0, BASEPRI
1000150c:	f04f 0110 	mov.w	r1, #16
10001510:	f381 8811 	msr	BASEPRI, r1
10001514:	f3bf 8f4f 	dsb	sy
10001518:	f3bf 8f6f 	isb	sy
1000151c:	4770      	bx	lr
1000151e:	bf00      	nop

10001520 <vClearInterruptMask>:
10001520:	f380 8811 	msr	BASEPRI, r0
10001524:	f3bf 8f4f 	dsb	sy
10001528:	f3bf 8f6f 	isb	sy
1000152c:	4770      	bx	lr
1000152e:	bf00      	nop

10001530 <PendSV_Handler>:
10001530:	f3ef 8109 	mrs	r1, PSP
10001534:	f01e 0f10 	tst.w	lr, #16
10001538:	bf08      	it	eq
1000153a:	ed21 8a10 	vstmdbeq	r1!, {s16-s31}
1000153e:	f3ef 820b 	mrs	r2, PSPLIM
10001542:	4673      	mov	r3, lr
10001544:	e921 0ffc 	stmdb	r1!, {r2, r3, r4, r5, r6, r7, r8, r9, sl, fp}
10001548:	fc55 4408 	dcp_pxmd r4, r5
1000154c:	fc57 6409 	dcp_pymd r6, r7
10001550:	fc59 840a 	dcp_pefd r8, r9
10001554:	e901 03f0 	stmdb	r1, {r4, r5, r6, r7, r8, r9}
10001558:	a019      	add	r0, pc, #100	@ (adr r0, 100015c0 <ulAsmLocals2>)
1000155a:	c80c      	ldmia	r0!, {r2, r3}
1000155c:	6810      	ldr	r0, [r2, #0]
1000155e:	f853 3020 	ldr.w	r3, [r3, r0, lsl #2]
10001562:	6019      	str	r1, [r3, #0]
10001564:	f04f 0110 	mov.w	r1, #16
10001568:	f381 8811 	msr	BASEPRI, r1
1000156c:	f3bf 8f4f 	dsb	sy
10001570:	f3bf 8f6f 	isb	sy
10001574:	f001 fce4 	bl	10002f40 <vTaskSwitchContext>
10001578:	f04f 0000 	mov.w	r0, #0
1000157c:	f380 8811 	msr	BASEPRI, r0
10001580:	a10f      	add	r1, pc, #60	@ (adr r1, 100015c0 <ulAsmLocals2>)
10001582:	c90c      	ldmia	r1!, {r2, r3}
10001584:	6812      	ldr	r2, [r2, #0]
10001586:	f853 1022 	ldr.w	r1, [r3, r2, lsl #2]
1000158a:	6808      	ldr	r0, [r1, #0]
1000158c:	3818      	subs	r0, #24
1000158e:	e8b0 03f0 	ldmia.w	r0!, {r4, r5, r6, r7, r8, r9}
10001592:	ec45 4400 	dcp_wxmd r4, r5
10001596:	ec47 6401 	dcp_wymd r6, r7
1000159a:	ec49 8402 	dcp_wefd r8, r9
1000159e:	e8b0 0ffc 	ldmia.w	r0!, {r2, r3, r4, r5, r6, r7, r8, r9, sl, fp}
100015a2:	f013 0f10 	tst.w	r3, #16
100015a6:	bf08      	it	eq
100015a8:	ecb0 8a10 	vldmiaeq	r0!, {s16-s31}
100015ac:	f382 880b 	msr	PSPLIM, r2
100015b0:	f380 8809 	msr	PSP, r0
100015b4:	4718      	bx	r3
100015b6:	bf00      	nop
100015b8:	f3af 8000 	nop.w
100015bc:	f3af 8000 	nop.w

100015c0 <ulAsmLocals2>:
100015c0:	d0000000 	.word	0xd0000000
100015c4:	20000928 	.word	0x20000928

100015c8 <SVC_Handler>:
100015c8:	f01e 0f04 	tst.w	lr, #4
100015cc:	bf0c      	ite	eq
100015ce:	f3ef 8008 	mrseq	r0, MSP
100015d2:	f3ef 8009 	mrsne	r0, PSP
100015d6:	4901      	ldr	r1, [pc, #4]	@ (100015dc <SVC_Handler+0x14>)
100015d8:	4708      	bx	r1
100015da:	0000      	.short	0x0000
100015dc:	100011d9 	.word	0x100011d9

100015e0 <vEventGroupSetBitsCallback>:
100015e0:	e92d 41f0 	stmdb	sp!, {r4, r5, r6, r7, r8, lr}
100015e4:	4606      	mov	r6, r0
100015e6:	460d      	mov	r5, r1
100015e8:	f001 fb62 	bl	10002cb0 <vTaskSuspendAll>
100015ec:	6833      	ldr	r3, [r6, #0]
100015ee:	6934      	ldr	r4, [r6, #16]
100015f0:	f106 070c 	add.w	r7, r6, #12
100015f4:	432b      	orrs	r3, r5
100015f6:	42a7      	cmp	r7, r4
100015f8:	6033      	str	r3, [r6, #0]
100015fa:	d01e      	beq.n	1000163a <vEventGroupSetBitsCallback+0x5a>
100015fc:	f04f 0800 	mov.w	r8, #0
10001600:	e00a      	b.n	10001618 <vEventGroupSetBitsCallback+0x38>
10001602:	421d      	tst	r5, r3
10001604:	d006      	beq.n	10001614 <vEventGroupSetBitsCallback+0x34>
10001606:	01d3      	lsls	r3, r2, #7
10001608:	bf48      	it	mi
1000160a:	ea48 0805 	orrmi.w	r8, r8, r5
1000160e:	f002 fc95 	bl	10003f3c <vTaskRemoveFromUnorderedEventList>
10001612:	6833      	ldr	r3, [r6, #0]
10001614:	42a7      	cmp	r7, r4
10001616:	d00e      	beq.n	10001636 <vEventGroupSetBitsCallback+0x56>
10001618:	4620      	mov	r0, r4
1000161a:	6802      	ldr	r2, [r0, #0]
1000161c:	6864      	ldr	r4, [r4, #4]
1000161e:	f012 6f80 	tst.w	r2, #67108864	@ 0x4000000
10001622:	f043 7100 	orr.w	r1, r3, #33554432	@ 0x2000000
10001626:	f022 457f 	bic.w	r5, r2, #4278190080	@ 0xff000000
1000162a:	d0ea      	beq.n	10001602 <vEventGroupSetBitsCallback+0x22>
1000162c:	ea35 0c03 	bics.w	ip, r5, r3
10001630:	d0e9      	beq.n	10001606 <vEventGroupSetBitsCallback+0x26>
10001632:	42a7      	cmp	r7, r4
10001634:	d1f0      	bne.n	10001618 <vEventGroupSetBitsCallback+0x38>
10001636:	ea23 0308 	bic.w	r3, r3, r8
1000163a:	6033      	str	r3, [r6, #0]
1000163c:	e8bd 41f0 	ldmia.w	sp!, {r4, r5, r6, r7, r8, lr}
10001640:	f002 bc40 	b.w	10003ec4 <xTaskResumeAll>

10001644 <xEventGroupCreate>:
10001644:	b510      	push	{r4, lr}
10001646:	201c      	movs	r0, #28
10001648:	f7ff fc06 	bl	10000e58 <pvPortMalloc>
1000164c:	4604      	mov	r4, r0
1000164e:	b120      	cbz	r0, 1000165a <xEventGroupCreate+0x16>
10001650:	2300      	movs	r3, #0
10001652:	f840 3b04 	str.w	r3, [r0], #4
10001656:	f000 f89f 	bl	10001798 <vListInitialise>
1000165a:	4620      	mov	r0, r4
1000165c:	bd10      	pop	{r4, pc}
1000165e:	bf00      	nop

10001660 <xEventGroupWaitBits>:
10001660:	e92d 41f0 	stmdb	sp!, {r4, r5, r6, r7, r8, lr}
10001664:	4606      	mov	r6, r0
10001666:	461f      	mov	r7, r3
10001668:	460d      	mov	r5, r1
1000166a:	4690      	mov	r8, r2
1000166c:	f001 fb20 	bl	10002cb0 <vTaskSuspendAll>
10001670:	6834      	ldr	r4, [r6, #0]
10001672:	b99f      	cbnz	r7, 1000169c <xEventGroupWaitBits+0x3c>
10001674:	422c      	tst	r4, r5
10001676:	d00a      	beq.n	1000168e <xEventGroupWaitBits+0x2e>
10001678:	f1b8 0f00 	cmp.w	r8, #0
1000167c:	d009      	beq.n	10001692 <xEventGroupWaitBits+0x32>
1000167e:	ea24 0505 	bic.w	r5, r4, r5
10001682:	6035      	str	r5, [r6, #0]
10001684:	f002 fc1e 	bl	10003ec4 <xTaskResumeAll>
10001688:	4620      	mov	r0, r4
1000168a:	e8bd 81f0 	ldmia.w	sp!, {r4, r5, r6, r7, r8, pc}
1000168e:	9b06      	ldr	r3, [sp, #24]
10001690:	bb1b      	cbnz	r3, 100016da <xEventGroupWaitBits+0x7a>
10001692:	f002 fc17 	bl	10003ec4 <xTaskResumeAll>
10001696:	4620      	mov	r0, r4
10001698:	e8bd 81f0 	ldmia.w	sp!, {r4, r5, r6, r7, r8, pc}
1000169c:	ea35 0304 	bics.w	r3, r5, r4
100016a0:	d0ea      	beq.n	10001678 <xEventGroupWaitBits+0x18>
100016a2:	9b06      	ldr	r3, [sp, #24]
100016a4:	2b00      	cmp	r3, #0
100016a6:	d0f4      	beq.n	10001692 <xEventGroupWaitBits+0x32>
100016a8:	f1b8 0100 	subs.w	r1, r8, #0
100016ac:	bf18      	it	ne
100016ae:	2101      	movne	r1, #1
100016b0:	461a      	mov	r2, r3
100016b2:	0609      	lsls	r1, r1, #24
100016b4:	f041 6180 	orr.w	r1, r1, #67108864	@ 0x4000000
100016b8:	4329      	orrs	r1, r5
100016ba:	1d30      	adds	r0, r6, #4
100016bc:	f001 fde6 	bl	1000328c <vTaskPlaceOnUnorderedEventList>
100016c0:	f002 fc00 	bl	10003ec4 <xTaskResumeAll>
100016c4:	b1f8      	cbz	r0, 10001706 <xEventGroupWaitBits+0xa6>
100016c6:	f002 fd9d 	bl	10004204 <uxTaskResetEventItemValue>
100016ca:	0183      	lsls	r3, r0, #6
100016cc:	4604      	mov	r4, r0
100016ce:	d50b      	bpl.n	100016e8 <xEventGroupWaitBits+0x88>
100016d0:	f024 447f 	bic.w	r4, r4, #4278190080	@ 0xff000000
100016d4:	4620      	mov	r0, r4
100016d6:	e8bd 81f0 	ldmia.w	sp!, {r4, r5, r6, r7, r8, pc}
100016da:	f1b8 0100 	subs.w	r1, r8, #0
100016de:	bf18      	it	ne
100016e0:	2101      	movne	r1, #1
100016e2:	461a      	mov	r2, r3
100016e4:	0609      	lsls	r1, r1, #24
100016e6:	e7e7      	b.n	100016b8 <xEventGroupWaitBits+0x58>
100016e8:	f002 f8dc 	bl	100038a4 <vTaskEnterCritical>
100016ec:	6834      	ldr	r4, [r6, #0]
100016ee:	b96f      	cbnz	r7, 1000170c <xEventGroupWaitBits+0xac>
100016f0:	4225      	tst	r5, r4
100016f2:	d005      	beq.n	10001700 <xEventGroupWaitBits+0xa0>
100016f4:	f1b8 0f00 	cmp.w	r8, #0
100016f8:	d002      	beq.n	10001700 <xEventGroupWaitBits+0xa0>
100016fa:	ea24 0505 	bic.w	r5, r4, r5
100016fe:	6035      	str	r5, [r6, #0]
10001700:	f002 fd02 	bl	10004108 <vTaskExitCritical>
10001704:	e7e4      	b.n	100016d0 <xEventGroupWaitBits+0x70>
10001706:	f002 f8bb 	bl	10003880 <vTaskYieldWithinAPI>
1000170a:	e7dc      	b.n	100016c6 <xEventGroupWaitBits+0x66>
1000170c:	ea35 0304 	bics.w	r3, r5, r4
10001710:	d1f6      	bne.n	10001700 <xEventGroupWaitBits+0xa0>
10001712:	e7ef      	b.n	100016f4 <xEventGroupWaitBits+0x94>

10001714 <xEventGroupSetBits>:
10001714:	e92d 41f0 	stmdb	sp!, {r4, r5, r6, r7, r8, lr}
10001718:	4606      	mov	r6, r0
1000171a:	460d      	mov	r5, r1
1000171c:	f001 fac8 	bl	10002cb0 <vTaskSuspendAll>
10001720:	6833      	ldr	r3, [r6, #0]
10001722:	6934      	ldr	r4, [r6, #16]
10001724:	f106 070c 	add.w	r7, r6, #12
10001728:	432b      	orrs	r3, r5
1000172a:	42a7      	cmp	r7, r4
1000172c:	6033      	str	r3, [r6, #0]
1000172e:	d01e      	beq.n	1000176e <xEventGroupSetBits+0x5a>
10001730:	f04f 0800 	mov.w	r8, #0
10001734:	e00a      	b.n	1000174c <xEventGroupSetBits+0x38>
10001736:	421d      	tst	r5, r3
10001738:	d006      	beq.n	10001748 <xEventGroupSetBits+0x34>
1000173a:	01d3      	lsls	r3, r2, #7
1000173c:	bf48      	it	mi
1000173e:	ea48 0805 	orrmi.w	r8, r8, r5
10001742:	f002 fbfb 	bl	10003f3c <vTaskRemoveFromUnorderedEventList>
10001746:	6833      	ldr	r3, [r6, #0]
10001748:	42a7      	cmp	r7, r4
1000174a:	d00e      	beq.n	1000176a <xEventGroupSetBits+0x56>
1000174c:	4620      	mov	r0, r4
1000174e:	6802      	ldr	r2, [r0, #0]
10001750:	6864      	ldr	r4, [r4, #4]
10001752:	f012 6f80 	tst.w	r2, #67108864	@ 0x4000000
10001756:	f043 7100 	orr.w	r1, r3, #33554432	@ 0x2000000
1000175a:	f022 457f 	bic.w	r5, r2, #4278190080	@ 0xff000000
1000175e:	d0ea      	beq.n	10001736 <xEventGroupSetBits+0x22>
10001760:	ea35 0c03 	bics.w	ip, r5, r3
10001764:	d0e9      	beq.n	1000173a <xEventGroupSetBits+0x26>
10001766:	42a7      	cmp	r7, r4
10001768:	d1f0      	bne.n	1000174c <xEventGroupSetBits+0x38>
1000176a:	ea23 0308 	bic.w	r3, r3, r8
1000176e:	6033      	str	r3, [r6, #0]
10001770:	f002 fba8 	bl	10003ec4 <xTaskResumeAll>
10001774:	6830      	ldr	r0, [r6, #0]
10001776:	e8bd 81f0 	ldmia.w	sp!, {r4, r5, r6, r7, r8, pc}
1000177a:	bf00      	nop

1000177c <xEventGroupSetBitsFromISR>:
1000177c:	468c      	mov	ip, r1
1000177e:	b500      	push	{lr}
10001780:	4686      	mov	lr, r0
10001782:	4613      	mov	r3, r2
10001784:	4671      	mov	r1, lr
10001786:	4662      	mov	r2, ip
10001788:	4802      	ldr	r0, [pc, #8]	@ (10001794 <xEventGroupSetBitsFromISR+0x18>)
1000178a:	f85d eb04 	ldr.w	lr, [sp], #4
1000178e:	f003 ba29 	b.w	10004be4 <xTimerPendFunctionCallFromISR>
10001792:	bf00      	nop
10001794:	100015e1 	.word	0x100015e1

10001798 <vListInitialise>:
10001798:	f04f 31ff 	mov.w	r1, #4294967295	@ 0xffffffff
1000179c:	2200      	movs	r2, #0
1000179e:	f100 0308 	add.w	r3, r0, #8
100017a2:	e9c0 3101 	strd	r3, r1, [r0, #4]
100017a6:	60c3      	str	r3, [r0, #12]
100017a8:	6103      	str	r3, [r0, #16]
100017aa:	6002      	str	r2, [r0, #0]
100017ac:	4770      	bx	lr
100017ae:	bf00      	nop

100017b0 <vListInitialiseItem>:
100017b0:	2300      	movs	r3, #0
100017b2:	6103      	str	r3, [r0, #16]
100017b4:	4770      	bx	lr
100017b6:	bf00      	nop

100017b8 <vListInsertEnd>:
100017b8:	e9d0 3200 	ldrd	r3, r2, [r0]
100017bc:	b410      	push	{r4}
100017be:	6894      	ldr	r4, [r2, #8]
100017c0:	3301      	adds	r3, #1
100017c2:	e9c1 2401 	strd	r2, r4, [r1, #4]
100017c6:	6061      	str	r1, [r4, #4]
100017c8:	6091      	str	r1, [r2, #8]
100017ca:	f85d 4b04 	ldr.w	r4, [sp], #4
100017ce:	6108      	str	r0, [r1, #16]
100017d0:	6003      	str	r3, [r0, #0]
100017d2:	4770      	bx	lr

100017d4 <vListInsert>:
100017d4:	b430      	push	{r4, r5}
100017d6:	680d      	ldr	r5, [r1, #0]
100017d8:	1c6b      	adds	r3, r5, #1
100017da:	d010      	beq.n	100017fe <vListInsert+0x2a>
100017dc:	f100 0308 	add.w	r3, r0, #8
100017e0:	461c      	mov	r4, r3
100017e2:	685b      	ldr	r3, [r3, #4]
100017e4:	681a      	ldr	r2, [r3, #0]
100017e6:	42aa      	cmp	r2, r5
100017e8:	d9fa      	bls.n	100017e0 <vListInsert+0xc>
100017ea:	6802      	ldr	r2, [r0, #0]
100017ec:	604b      	str	r3, [r1, #4]
100017ee:	3201      	adds	r2, #1
100017f0:	6099      	str	r1, [r3, #8]
100017f2:	608c      	str	r4, [r1, #8]
100017f4:	6061      	str	r1, [r4, #4]
100017f6:	6108      	str	r0, [r1, #16]
100017f8:	bc30      	pop	{r4, r5}
100017fa:	6002      	str	r2, [r0, #0]
100017fc:	4770      	bx	lr
100017fe:	6904      	ldr	r4, [r0, #16]
10001800:	6863      	ldr	r3, [r4, #4]
10001802:	e7f2      	b.n	100017ea <vListInsert+0x16>

10001804 <uxListRemove>:
10001804:	4603      	mov	r3, r0
10001806:	6902      	ldr	r2, [r0, #16]
10001808:	b410      	push	{r4}
1000180a:	6854      	ldr	r4, [r2, #4]
1000180c:	6840      	ldr	r0, [r0, #4]
1000180e:	6899      	ldr	r1, [r3, #8]
10001810:	429c      	cmp	r4, r3
10001812:	6081      	str	r1, [r0, #8]
10001814:	6048      	str	r0, [r1, #4]
10001816:	bf08      	it	eq
10001818:	6051      	streq	r1, [r2, #4]
1000181a:	2100      	movs	r1, #0
1000181c:	6810      	ldr	r0, [r2, #0]
1000181e:	f85d 4b04 	ldr.w	r4, [sp], #4
10001822:	3801      	subs	r0, #1
10001824:	6119      	str	r1, [r3, #16]
10001826:	6010      	str	r0, [r2, #0]
10001828:	4770      	bx	lr
1000182a:	bf00      	nop

1000182c <prvCopyDataToQueue>:
1000182c:	b570      	push	{r4, r5, r6, lr}
1000182e:	4615      	mov	r5, r2
10001830:	6c02      	ldr	r2, [r0, #64]	@ 0x40
10001832:	4604      	mov	r4, r0
10001834:	6b86      	ldr	r6, [r0, #56]	@ 0x38
10001836:	b92a      	cbnz	r2, 10001844 <prvCopyDataToQueue+0x18>
10001838:	6805      	ldr	r5, [r0, #0]
1000183a:	b34d      	cbz	r5, 10001890 <prvCopyDataToQueue+0x64>
1000183c:	2000      	movs	r0, #0
1000183e:	3601      	adds	r6, #1
10001840:	63a6      	str	r6, [r4, #56]	@ 0x38
10001842:	bd70      	pop	{r4, r5, r6, pc}
10001844:	b97d      	cbnz	r5, 10001866 <prvCopyDataToQueue+0x3a>
10001846:	6840      	ldr	r0, [r0, #4]
10001848:	f006 fb26 	bl	10007e98 <memcpy>
1000184c:	6863      	ldr	r3, [r4, #4]
1000184e:	6c22      	ldr	r2, [r4, #64]	@ 0x40
10001850:	4413      	add	r3, r2
10001852:	68a2      	ldr	r2, [r4, #8]
10001854:	6063      	str	r3, [r4, #4]
10001856:	4293      	cmp	r3, r2
10001858:	d3f0      	bcc.n	1000183c <prvCopyDataToQueue+0x10>
1000185a:	6823      	ldr	r3, [r4, #0]
1000185c:	3601      	adds	r6, #1
1000185e:	4628      	mov	r0, r5
10001860:	6063      	str	r3, [r4, #4]
10001862:	63a6      	str	r6, [r4, #56]	@ 0x38
10001864:	bd70      	pop	{r4, r5, r6, pc}
10001866:	68c0      	ldr	r0, [r0, #12]
10001868:	f006 fb16 	bl	10007e98 <memcpy>
1000186c:	6c22      	ldr	r2, [r4, #64]	@ 0x40
1000186e:	68e3      	ldr	r3, [r4, #12]
10001870:	4251      	negs	r1, r2
10001872:	1a9b      	subs	r3, r3, r2
10001874:	6822      	ldr	r2, [r4, #0]
10001876:	60e3      	str	r3, [r4, #12]
10001878:	4293      	cmp	r3, r2
1000187a:	d202      	bcs.n	10001882 <prvCopyDataToQueue+0x56>
1000187c:	68a3      	ldr	r3, [r4, #8]
1000187e:	440b      	add	r3, r1
10001880:	60e3      	str	r3, [r4, #12]
10001882:	2d02      	cmp	r5, #2
10001884:	d1da      	bne.n	1000183c <prvCopyDataToQueue+0x10>
10001886:	2e01      	cmp	r6, #1
10001888:	bf38      	it	cc
1000188a:	2601      	movcc	r6, #1
1000188c:	2000      	movs	r0, #0
1000188e:	e7d7      	b.n	10001840 <prvCopyDataToQueue+0x14>
10001890:	6880      	ldr	r0, [r0, #8]
10001892:	f001 ff33 	bl	100036fc <xTaskPriorityDisinherit>
10001896:	3601      	adds	r6, #1
10001898:	60a5      	str	r5, [r4, #8]
1000189a:	e7d1      	b.n	10001840 <prvCopyDataToQueue+0x14>

1000189c <prvUnlockQueue>:
1000189c:	e92d 43f0 	stmdb	sp!, {r4, r5, r6, r7, r8, r9, lr}
100018a0:	4606      	mov	r6, r0
100018a2:	b085      	sub	sp, #20
100018a4:	f001 fffe 	bl	100038a4 <vTaskEnterCritical>
100018a8:	f896 3045 	ldrb.w	r3, [r6, #69]	@ 0x45
100018ac:	b25d      	sxtb	r5, r3
100018ae:	2d00      	cmp	r5, #0
100018b0:	dd1c      	ble.n	100018ec <prvUnlockQueue+0x50>
100018b2:	f106 0724 	add.w	r7, r6, #36	@ 0x24
100018b6:	e008      	b.n	100018ca <prvUnlockQueue+0x2e>
100018b8:	6ba2      	ldr	r2, [r4, #56]	@ 0x38
100018ba:	6be3      	ldr	r3, [r4, #60]	@ 0x3c
100018bc:	9603      	str	r6, [sp, #12]
100018be:	429a      	cmp	r2, r3
100018c0:	d33d      	bcc.n	1000193e <prvUnlockQueue+0xa2>
100018c2:	1e6b      	subs	r3, r5, #1
100018c4:	b2da      	uxtb	r2, r3
100018c6:	b25d      	sxtb	r5, r3
100018c8:	b182      	cbz	r2, 100018ec <prvUnlockQueue+0x50>
100018ca:	6cb4      	ldr	r4, [r6, #72]	@ 0x48
100018cc:	2c00      	cmp	r4, #0
100018ce:	d1f3      	bne.n	100018b8 <prvUnlockQueue+0x1c>
100018d0:	6a73      	ldr	r3, [r6, #36]	@ 0x24
100018d2:	b15b      	cbz	r3, 100018ec <prvUnlockQueue+0x50>
100018d4:	4638      	mov	r0, r7
100018d6:	f001 fd77 	bl	100033c8 <xTaskRemoveFromEventList>
100018da:	2800      	cmp	r0, #0
100018dc:	d0f1      	beq.n	100018c2 <prvUnlockQueue+0x26>
100018de:	f001 fddf 	bl	100034a0 <vTaskMissedYield>
100018e2:	1e6b      	subs	r3, r5, #1
100018e4:	b2da      	uxtb	r2, r3
100018e6:	b25d      	sxtb	r5, r3
100018e8:	2a00      	cmp	r2, #0
100018ea:	d1ee      	bne.n	100018ca <prvUnlockQueue+0x2e>
100018ec:	23ff      	movs	r3, #255	@ 0xff
100018ee:	f886 3045 	strb.w	r3, [r6, #69]	@ 0x45
100018f2:	f002 fc09 	bl	10004108 <vTaskExitCritical>
100018f6:	f001 ffd5 	bl	100038a4 <vTaskEnterCritical>
100018fa:	f896 3044 	ldrb.w	r3, [r6, #68]	@ 0x44
100018fe:	b25c      	sxtb	r4, r3
10001900:	2c00      	cmp	r4, #0
10001902:	dd14      	ble.n	1000192e <prvUnlockQueue+0x92>
10001904:	f106 0510 	add.w	r5, r6, #16
10001908:	e003      	b.n	10001912 <prvUnlockQueue+0x76>
1000190a:	1e63      	subs	r3, r4, #1
1000190c:	b2da      	uxtb	r2, r3
1000190e:	b25c      	sxtb	r4, r3
10001910:	b16a      	cbz	r2, 1000192e <prvUnlockQueue+0x92>
10001912:	6933      	ldr	r3, [r6, #16]
10001914:	b15b      	cbz	r3, 1000192e <prvUnlockQueue+0x92>
10001916:	4628      	mov	r0, r5
10001918:	f001 fd56 	bl	100033c8 <xTaskRemoveFromEventList>
1000191c:	2800      	cmp	r0, #0
1000191e:	d0f4      	beq.n	1000190a <prvUnlockQueue+0x6e>
10001920:	f001 fdbe 	bl	100034a0 <vTaskMissedYield>
10001924:	1e63      	subs	r3, r4, #1
10001926:	b2da      	uxtb	r2, r3
10001928:	b25c      	sxtb	r4, r3
1000192a:	2a00      	cmp	r2, #0
1000192c:	d1f1      	bne.n	10001912 <prvUnlockQueue+0x76>
1000192e:	23ff      	movs	r3, #255	@ 0xff
10001930:	f886 3044 	strb.w	r3, [r6, #68]	@ 0x44
10001934:	b005      	add	sp, #20
10001936:	e8bd 43f0 	ldmia.w	sp!, {r4, r5, r6, r7, r8, r9, lr}
1000193a:	f002 bbe5 	b.w	10004108 <vTaskExitCritical>
1000193e:	f894 8045 	ldrb.w	r8, [r4, #69]	@ 0x45
10001942:	6c22      	ldr	r2, [r4, #64]	@ 0x40
10001944:	f8d4 9038 	ldr.w	r9, [r4, #56]	@ 0x38
10001948:	fa4f f888 	sxtb.w	r8, r8
1000194c:	b9a2      	cbnz	r2, 10001978 <prvUnlockQueue+0xdc>
1000194e:	6823      	ldr	r3, [r4, #0]
10001950:	2b00      	cmp	r3, #0
10001952:	d02f      	beq.n	100019b4 <prvUnlockQueue+0x118>
10001954:	f109 0301 	add.w	r3, r9, #1
10001958:	f1b8 3fff 	cmp.w	r8, #4294967295	@ 0xffffffff
1000195c:	63a3      	str	r3, [r4, #56]	@ 0x38
1000195e:	d11e      	bne.n	1000199e <prvUnlockQueue+0x102>
10001960:	6a63      	ldr	r3, [r4, #36]	@ 0x24
10001962:	2b00      	cmp	r3, #0
10001964:	d0ad      	beq.n	100018c2 <prvUnlockQueue+0x26>
10001966:	f104 0024 	add.w	r0, r4, #36	@ 0x24
1000196a:	f001 fd2d 	bl	100033c8 <xTaskRemoveFromEventList>
1000196e:	2800      	cmp	r0, #0
10001970:	d0a7      	beq.n	100018c2 <prvUnlockQueue+0x26>
10001972:	f001 fd95 	bl	100034a0 <vTaskMissedYield>
10001976:	e7b4      	b.n	100018e2 <prvUnlockQueue+0x46>
10001978:	6860      	ldr	r0, [r4, #4]
1000197a:	a903      	add	r1, sp, #12
1000197c:	f006 fa8c 	bl	10007e98 <memcpy>
10001980:	6863      	ldr	r3, [r4, #4]
10001982:	6c22      	ldr	r2, [r4, #64]	@ 0x40
10001984:	4413      	add	r3, r2
10001986:	68a2      	ldr	r2, [r4, #8]
10001988:	6063      	str	r3, [r4, #4]
1000198a:	4293      	cmp	r3, r2
1000198c:	f109 0301 	add.w	r3, r9, #1
10001990:	63a3      	str	r3, [r4, #56]	@ 0x38
10001992:	bf24      	itt	cs
10001994:	6823      	ldrcs	r3, [r4, #0]
10001996:	6063      	strcs	r3, [r4, #4]
10001998:	f1b8 3fff 	cmp.w	r8, #4294967295	@ 0xffffffff
1000199c:	d0e0      	beq.n	10001960 <prvUnlockQueue+0xc4>
1000199e:	f001 f995 	bl	10002ccc <uxTaskGetNumberOfTasks>
100019a2:	4540      	cmp	r0, r8
100019a4:	d98d      	bls.n	100018c2 <prvUnlockQueue+0x26>
100019a6:	f108 0801 	add.w	r8, r8, #1
100019aa:	fa4f f888 	sxtb.w	r8, r8
100019ae:	f884 8045 	strb.w	r8, [r4, #69]	@ 0x45
100019b2:	e786      	b.n	100018c2 <prvUnlockQueue+0x26>
100019b4:	68a0      	ldr	r0, [r4, #8]
100019b6:	9301      	str	r3, [sp, #4]
100019b8:	f001 fea0 	bl	100036fc <xTaskPriorityDisinherit>
100019bc:	9b01      	ldr	r3, [sp, #4]
100019be:	f1b8 3fff 	cmp.w	r8, #4294967295	@ 0xffffffff
100019c2:	60a3      	str	r3, [r4, #8]
100019c4:	f109 0301 	add.w	r3, r9, #1
100019c8:	63a3      	str	r3, [r4, #56]	@ 0x38
100019ca:	4681      	mov	r9, r0
100019cc:	d108      	bne.n	100019e0 <prvUnlockQueue+0x144>
100019ce:	6a63      	ldr	r3, [r4, #36]	@ 0x24
100019d0:	b99b      	cbnz	r3, 100019fa <prvUnlockQueue+0x15e>
100019d2:	f1b9 0f00 	cmp.w	r9, #0
100019d6:	f43f af74 	beq.w	100018c2 <prvUnlockQueue+0x26>
100019da:	f001 fd61 	bl	100034a0 <vTaskMissedYield>
100019de:	e780      	b.n	100018e2 <prvUnlockQueue+0x46>
100019e0:	f001 f974 	bl	10002ccc <uxTaskGetNumberOfTasks>
100019e4:	4540      	cmp	r0, r8
100019e6:	d9f4      	bls.n	100019d2 <prvUnlockQueue+0x136>
100019e8:	f108 0301 	add.w	r3, r8, #1
100019ec:	b25b      	sxtb	r3, r3
100019ee:	f884 3045 	strb.w	r3, [r4, #69]	@ 0x45
100019f2:	f1b9 0f00 	cmp.w	r9, #0
100019f6:	d1f0      	bne.n	100019da <prvUnlockQueue+0x13e>
100019f8:	e763      	b.n	100018c2 <prvUnlockQueue+0x26>
100019fa:	f104 0024 	add.w	r0, r4, #36	@ 0x24
100019fe:	f001 fce3 	bl	100033c8 <xTaskRemoveFromEventList>
10001a02:	2800      	cmp	r0, #0
10001a04:	f47f af6b 	bne.w	100018de <prvUnlockQueue+0x42>
10001a08:	f1b9 0f00 	cmp.w	r9, #0
10001a0c:	d1e5      	bne.n	100019da <prvUnlockQueue+0x13e>
10001a0e:	e758      	b.n	100018c2 <prvUnlockQueue+0x26>

10001a10 <prvNotifyQueueSetContainer>:
10001a10:	b5f0      	push	{r4, r5, r6, r7, lr}
10001a12:	6c84      	ldr	r4, [r0, #72]	@ 0x48
10001a14:	b083      	sub	sp, #12
10001a16:	6ba2      	ldr	r2, [r4, #56]	@ 0x38
10001a18:	6be3      	ldr	r3, [r4, #60]	@ 0x3c
10001a1a:	9001      	str	r0, [sp, #4]
10001a1c:	429a      	cmp	r2, r3
10001a1e:	d303      	bcc.n	10001a28 <prvNotifyQueueSetContainer+0x18>
10001a20:	2500      	movs	r5, #0
10001a22:	4628      	mov	r0, r5
10001a24:	b003      	add	sp, #12
10001a26:	bdf0      	pop	{r4, r5, r6, r7, pc}
10001a28:	f894 6045 	ldrb.w	r6, [r4, #69]	@ 0x45
10001a2c:	6c22      	ldr	r2, [r4, #64]	@ 0x40
10001a2e:	6ba7      	ldr	r7, [r4, #56]	@ 0x38
10001a30:	b276      	sxtb	r6, r6
10001a32:	b1e2      	cbz	r2, 10001a6e <prvNotifyQueueSetContainer+0x5e>
10001a34:	6860      	ldr	r0, [r4, #4]
10001a36:	a901      	add	r1, sp, #4
10001a38:	f006 fa2e 	bl	10007e98 <memcpy>
10001a3c:	6862      	ldr	r2, [r4, #4]
10001a3e:	6c23      	ldr	r3, [r4, #64]	@ 0x40
10001a40:	441a      	add	r2, r3
10001a42:	68a3      	ldr	r3, [r4, #8]
10001a44:	6062      	str	r2, [r4, #4]
10001a46:	429a      	cmp	r2, r3
10001a48:	d301      	bcc.n	10001a4e <prvNotifyQueueSetContainer+0x3e>
10001a4a:	6823      	ldr	r3, [r4, #0]
10001a4c:	6063      	str	r3, [r4, #4]
10001a4e:	2500      	movs	r5, #0
10001a50:	3701      	adds	r7, #1
10001a52:	1c73      	adds	r3, r6, #1
10001a54:	63a7      	str	r7, [r4, #56]	@ 0x38
10001a56:	d113      	bne.n	10001a80 <prvNotifyQueueSetContainer+0x70>
10001a58:	6a63      	ldr	r3, [r4, #36]	@ 0x24
10001a5a:	2b00      	cmp	r3, #0
10001a5c:	d0e1      	beq.n	10001a22 <prvNotifyQueueSetContainer+0x12>
10001a5e:	f104 0024 	add.w	r0, r4, #36	@ 0x24
10001a62:	f001 fcb1 	bl	100033c8 <xTaskRemoveFromEventList>
10001a66:	2800      	cmp	r0, #0
10001a68:	bf18      	it	ne
10001a6a:	2501      	movne	r5, #1
10001a6c:	e7d9      	b.n	10001a22 <prvNotifyQueueSetContainer+0x12>
10001a6e:	6825      	ldr	r5, [r4, #0]
10001a70:	2d00      	cmp	r5, #0
10001a72:	d1ec      	bne.n	10001a4e <prvNotifyQueueSetContainer+0x3e>
10001a74:	68a0      	ldr	r0, [r4, #8]
10001a76:	f001 fe41 	bl	100036fc <xTaskPriorityDisinherit>
10001a7a:	60a5      	str	r5, [r4, #8]
10001a7c:	4605      	mov	r5, r0
10001a7e:	e7e7      	b.n	10001a50 <prvNotifyQueueSetContainer+0x40>
10001a80:	f001 f924 	bl	10002ccc <uxTaskGetNumberOfTasks>
10001a84:	4286      	cmp	r6, r0
10001a86:	d2cc      	bcs.n	10001a22 <prvNotifyQueueSetContainer+0x12>
10001a88:	3601      	adds	r6, #1
10001a8a:	b276      	sxtb	r6, r6
10001a8c:	f884 6045 	strb.w	r6, [r4, #69]	@ 0x45
10001a90:	e7c7      	b.n	10001a22 <prvNotifyQueueSetContainer+0x12>
10001a92:	bf00      	nop

10001a94 <xQueueGenericCreate>:
10001a94:	b5f8      	push	{r3, r4, r5, r6, r7, lr}
10001a96:	b3c0      	cbz	r0, 10001b0a <xQueueGenericCreate+0x76>
10001a98:	4617      	mov	r7, r2
10001a9a:	fba1 2300 	umull	r2, r3, r1, r0
10001a9e:	4605      	mov	r5, r0
10001aa0:	460e      	mov	r6, r1
10001aa2:	bb93      	cbnz	r3, 10001b0a <xQueueGenericCreate+0x76>
10001aa4:	fb01 f000 	mul.w	r0, r1, r0
10001aa8:	f110 0f55 	cmn.w	r0, #85	@ 0x55
10001aac:	d82d      	bhi.n	10001b0a <xQueueGenericCreate+0x76>
10001aae:	3054      	adds	r0, #84	@ 0x54
10001ab0:	f7ff f9d2 	bl	10000e58 <pvPortMalloc>
10001ab4:	4604      	mov	r4, r0
10001ab6:	b340      	cbz	r0, 10001b0a <xQueueGenericCreate+0x76>
10001ab8:	b356      	cbz	r6, 10001b10 <xQueueGenericCreate+0x7c>
10001aba:	f100 0354 	add.w	r3, r0, #84	@ 0x54
10001abe:	e9c4 560f 	strd	r5, r6, [r4, #60]	@ 0x3c
10001ac2:	6023      	str	r3, [r4, #0]
10001ac4:	f001 feee 	bl	100038a4 <vTaskEnterCritical>
10001ac8:	e9d4 310f 	ldrd	r3, r1, [r4, #60]	@ 0x3c
10001acc:	fb01 f303 	mul.w	r3, r1, r3
10001ad0:	6822      	ldr	r2, [r4, #0]
10001ad2:	1a59      	subs	r1, r3, r1
10001ad4:	4413      	add	r3, r2
10001ad6:	2500      	movs	r5, #0
10001ad8:	60a3      	str	r3, [r4, #8]
10001ada:	23ff      	movs	r3, #255	@ 0xff
10001adc:	6062      	str	r2, [r4, #4]
10001ade:	440a      	add	r2, r1
10001ae0:	60e2      	str	r2, [r4, #12]
10001ae2:	63a5      	str	r5, [r4, #56]	@ 0x38
10001ae4:	f104 0010 	add.w	r0, r4, #16
10001ae8:	f884 3044 	strb.w	r3, [r4, #68]	@ 0x44
10001aec:	f884 3045 	strb.w	r3, [r4, #69]	@ 0x45
10001af0:	f7ff fe52 	bl	10001798 <vListInitialise>
10001af4:	f104 0024 	add.w	r0, r4, #36	@ 0x24
10001af8:	f7ff fe4e 	bl	10001798 <vListInitialise>
10001afc:	f002 fb04 	bl	10004108 <vTaskExitCritical>
10001b00:	f884 7050 	strb.w	r7, [r4, #80]	@ 0x50
10001b04:	4620      	mov	r0, r4
10001b06:	64a5      	str	r5, [r4, #72]	@ 0x48
10001b08:	bdf8      	pop	{r3, r4, r5, r6, r7, pc}
10001b0a:	2400      	movs	r4, #0
10001b0c:	4620      	mov	r0, r4
10001b0e:	bdf8      	pop	{r3, r4, r5, r6, r7, pc}
10001b10:	4603      	mov	r3, r0
10001b12:	e7d4      	b.n	10001abe <xQueueGenericCreate+0x2a>

10001b14 <xQueueGetMutexHolder>:
10001b14:	b510      	push	{r4, lr}
10001b16:	4604      	mov	r4, r0
10001b18:	f001 fec4 	bl	100038a4 <vTaskEnterCritical>
10001b1c:	6823      	ldr	r3, [r4, #0]
10001b1e:	b923      	cbnz	r3, 10001b2a <xQueueGetMutexHolder+0x16>
10001b20:	68a4      	ldr	r4, [r4, #8]
10001b22:	f002 faf1 	bl	10004108 <vTaskExitCritical>
10001b26:	4620      	mov	r0, r4
10001b28:	bd10      	pop	{r4, pc}
10001b2a:	2400      	movs	r4, #0
10001b2c:	f002 faec 	bl	10004108 <vTaskExitCritical>
10001b30:	4620      	mov	r0, r4
10001b32:	bd10      	pop	{r4, pc}

10001b34 <xQueueGenericSend>:
10001b34:	b5f0      	push	{r4, r5, r6, r7, lr}
10001b36:	4604      	mov	r4, r0
10001b38:	b085      	sub	sp, #20
10001b3a:	461e      	mov	r6, r3
10001b3c:	9201      	str	r2, [sp, #4]
10001b3e:	460f      	mov	r7, r1
10001b40:	f001 feb0 	bl	100038a4 <vTaskEnterCritical>
10001b44:	6ba2      	ldr	r2, [r4, #56]	@ 0x38
10001b46:	6be3      	ldr	r3, [r4, #60]	@ 0x3c
10001b48:	429a      	cmp	r2, r3
10001b4a:	d34d      	bcc.n	10001be8 <xQueueGenericSend+0xb4>
10001b4c:	2e02      	cmp	r6, #2
10001b4e:	d062      	beq.n	10001c16 <xQueueGenericSend+0xe2>
10001b50:	2000      	movs	r0, #0
10001b52:	4605      	mov	r5, r0
10001b54:	e00d      	b.n	10001b72 <xQueueGenericSend+0x3e>
10001b56:	f002 fad7 	bl	10004108 <vTaskExitCritical>
10001b5a:	4620      	mov	r0, r4
10001b5c:	f7ff fe9e 	bl	1000189c <prvUnlockQueue>
10001b60:	f002 f9b0 	bl	10003ec4 <xTaskResumeAll>
10001b64:	f001 fe9e 	bl	100038a4 <vTaskEnterCritical>
10001b68:	6ba2      	ldr	r2, [r4, #56]	@ 0x38
10001b6a:	6be3      	ldr	r3, [r4, #60]	@ 0x3c
10001b6c:	429a      	cmp	r2, r3
10001b6e:	d33b      	bcc.n	10001be8 <xQueueGenericSend+0xb4>
10001b70:	2001      	movs	r0, #1
10001b72:	9b01      	ldr	r3, [sp, #4]
10001b74:	2b00      	cmp	r3, #0
10001b76:	d059      	beq.n	10001c2c <xQueueGenericSend+0xf8>
10001b78:	2800      	cmp	r0, #0
10001b7a:	d048      	beq.n	10001c0e <xQueueGenericSend+0xda>
10001b7c:	f002 fac4 	bl	10004108 <vTaskExitCritical>
10001b80:	f001 f896 	bl	10002cb0 <vTaskSuspendAll>
10001b84:	f001 fe8e 	bl	100038a4 <vTaskEnterCritical>
10001b88:	f894 3044 	ldrb.w	r3, [r4, #68]	@ 0x44
10001b8c:	2bff      	cmp	r3, #255	@ 0xff
10001b8e:	bf08      	it	eq
10001b90:	f884 5044 	strbeq.w	r5, [r4, #68]	@ 0x44
10001b94:	f894 0045 	ldrb.w	r0, [r4, #69]	@ 0x45
10001b98:	28ff      	cmp	r0, #255	@ 0xff
10001b9a:	bf08      	it	eq
10001b9c:	f884 5045 	strbeq.w	r5, [r4, #69]	@ 0x45
10001ba0:	f002 fab2 	bl	10004108 <vTaskExitCritical>
10001ba4:	a901      	add	r1, sp, #4
10001ba6:	a802      	add	r0, sp, #8
10001ba8:	f002 fa12 	bl	10003fd0 <xTaskCheckForTimeOut>
10001bac:	2800      	cmp	r0, #0
10001bae:	d142      	bne.n	10001c36 <xQueueGenericSend+0x102>
10001bb0:	f001 fe78 	bl	100038a4 <vTaskEnterCritical>
10001bb4:	6ba2      	ldr	r2, [r4, #56]	@ 0x38
10001bb6:	6be3      	ldr	r3, [r4, #60]	@ 0x3c
10001bb8:	429a      	cmp	r2, r3
10001bba:	d1cc      	bne.n	10001b56 <xQueueGenericSend+0x22>
10001bbc:	f002 faa4 	bl	10004108 <vTaskExitCritical>
10001bc0:	9901      	ldr	r1, [sp, #4]
10001bc2:	f104 0010 	add.w	r0, r4, #16
10001bc6:	f001 fb47 	bl	10003258 <vTaskPlaceOnEventList>
10001bca:	4620      	mov	r0, r4
10001bcc:	f7ff fe66 	bl	1000189c <prvUnlockQueue>
10001bd0:	f002 f978 	bl	10003ec4 <xTaskResumeAll>
10001bd4:	2800      	cmp	r0, #0
10001bd6:	d1c5      	bne.n	10001b64 <xQueueGenericSend+0x30>
10001bd8:	f001 fe52 	bl	10003880 <vTaskYieldWithinAPI>
10001bdc:	f001 fe62 	bl	100038a4 <vTaskEnterCritical>
10001be0:	6ba2      	ldr	r2, [r4, #56]	@ 0x38
10001be2:	6be3      	ldr	r3, [r4, #60]	@ 0x3c
10001be4:	429a      	cmp	r2, r3
10001be6:	d2c3      	bcs.n	10001b70 <xQueueGenericSend+0x3c>
10001be8:	4632      	mov	r2, r6
10001bea:	4639      	mov	r1, r7
10001bec:	4620      	mov	r0, r4
10001bee:	6ba5      	ldr	r5, [r4, #56]	@ 0x38
10001bf0:	f7ff fe1c 	bl	1000182c <prvCopyDataToQueue>
10001bf4:	6ca3      	ldr	r3, [r4, #72]	@ 0x48
10001bf6:	b323      	cbz	r3, 10001c42 <xQueueGenericSend+0x10e>
10001bf8:	2e02      	cmp	r6, #2
10001bfa:	d014      	beq.n	10001c26 <xQueueGenericSend+0xf2>
10001bfc:	4620      	mov	r0, r4
10001bfe:	f7ff ff07 	bl	10001a10 <prvNotifyQueueSetContainer>
10001c02:	bb38      	cbnz	r0, 10001c54 <xQueueGenericSend+0x120>
10001c04:	f002 fa80 	bl	10004108 <vTaskExitCritical>
10001c08:	2001      	movs	r0, #1
10001c0a:	b005      	add	sp, #20
10001c0c:	bdf0      	pop	{r4, r5, r6, r7, pc}
10001c0e:	a802      	add	r0, sp, #8
10001c10:	f001 fc3a 	bl	10003488 <vTaskInternalSetTimeOutState>
10001c14:	e7b2      	b.n	10001b7c <xQueueGenericSend+0x48>
10001c16:	4632      	mov	r2, r6
10001c18:	4639      	mov	r1, r7
10001c1a:	4620      	mov	r0, r4
10001c1c:	6ba5      	ldr	r5, [r4, #56]	@ 0x38
10001c1e:	f7ff fe05 	bl	1000182c <prvCopyDataToQueue>
10001c22:	6ca3      	ldr	r3, [r4, #72]	@ 0x48
10001c24:	b16b      	cbz	r3, 10001c42 <xQueueGenericSend+0x10e>
10001c26:	2d00      	cmp	r5, #0
10001c28:	d1ec      	bne.n	10001c04 <xQueueGenericSend+0xd0>
10001c2a:	e7e7      	b.n	10001bfc <xQueueGenericSend+0xc8>
10001c2c:	f002 fa6c 	bl	10004108 <vTaskExitCritical>
10001c30:	2000      	movs	r0, #0
10001c32:	b005      	add	sp, #20
10001c34:	bdf0      	pop	{r4, r5, r6, r7, pc}
10001c36:	4620      	mov	r0, r4
10001c38:	f7ff fe30 	bl	1000189c <prvUnlockQueue>
10001c3c:	f002 f942 	bl	10003ec4 <xTaskResumeAll>
10001c40:	e7f6      	b.n	10001c30 <xQueueGenericSend+0xfc>
10001c42:	6a63      	ldr	r3, [r4, #36]	@ 0x24
10001c44:	2b00      	cmp	r3, #0
10001c46:	d0dc      	beq.n	10001c02 <xQueueGenericSend+0xce>
10001c48:	f104 0024 	add.w	r0, r4, #36	@ 0x24
10001c4c:	f001 fbbc 	bl	100033c8 <xTaskRemoveFromEventList>
10001c50:	2800      	cmp	r0, #0
10001c52:	d0d7      	beq.n	10001c04 <xQueueGenericSend+0xd0>
10001c54:	f001 fe14 	bl	10003880 <vTaskYieldWithinAPI>
10001c58:	e7d4      	b.n	10001c04 <xQueueGenericSend+0xd0>
10001c5a:	bf00      	nop

10001c5c <xQueueCreateMutex>:
10001c5c:	b570      	push	{r4, r5, r6, lr}
10001c5e:	4605      	mov	r5, r0
10001c60:	2054      	movs	r0, #84	@ 0x54
10001c62:	f7ff f8f9 	bl	10000e58 <pvPortMalloc>
10001c66:	4604      	mov	r4, r0
10001c68:	b368      	cbz	r0, 10001cc6 <xQueueCreateMutex+0x6a>
10001c6a:	2600      	movs	r6, #0
10001c6c:	2301      	movs	r3, #1
10001c6e:	6020      	str	r0, [r4, #0]
10001c70:	63c3      	str	r3, [r0, #60]	@ 0x3c
10001c72:	6406      	str	r6, [r0, #64]	@ 0x40
10001c74:	f001 fe16 	bl	100038a4 <vTaskEnterCritical>
10001c78:	e9d4 200f 	ldrd	r2, r0, [r4, #60]	@ 0x3c
10001c7c:	23ff      	movs	r3, #255	@ 0xff
10001c7e:	fb00 f202 	mul.w	r2, r0, r2
10001c82:	6821      	ldr	r1, [r4, #0]
10001c84:	1a10      	subs	r0, r2, r0
10001c86:	6061      	str	r1, [r4, #4]
10001c88:	440a      	add	r2, r1
10001c8a:	4401      	add	r1, r0
10001c8c:	e9c4 2102 	strd	r2, r1, [r4, #8]
10001c90:	63a6      	str	r6, [r4, #56]	@ 0x38
10001c92:	f104 0010 	add.w	r0, r4, #16
10001c96:	f884 3044 	strb.w	r3, [r4, #68]	@ 0x44
10001c9a:	f884 3045 	strb.w	r3, [r4, #69]	@ 0x45
10001c9e:	f7ff fd7b 	bl	10001798 <vListInitialise>
10001ca2:	f104 0024 	add.w	r0, r4, #36	@ 0x24
10001ca6:	f7ff fd77 	bl	10001798 <vListInitialise>
10001caa:	f002 fa2d 	bl	10004108 <vTaskExitCritical>
10001cae:	4633      	mov	r3, r6
10001cb0:	4632      	mov	r2, r6
10001cb2:	4631      	mov	r1, r6
10001cb4:	4620      	mov	r0, r4
10001cb6:	f884 5050 	strb.w	r5, [r4, #80]	@ 0x50
10001cba:	64a6      	str	r6, [r4, #72]	@ 0x48
10001cbc:	60a6      	str	r6, [r4, #8]
10001cbe:	6026      	str	r6, [r4, #0]
10001cc0:	60e6      	str	r6, [r4, #12]
10001cc2:	f7ff ff37 	bl	10001b34 <xQueueGenericSend>
10001cc6:	4620      	mov	r0, r4
10001cc8:	bd70      	pop	{r4, r5, r6, pc}
10001cca:	bf00      	nop

10001ccc <xQueueGiveMutexRecursive>:
10001ccc:	b538      	push	{r3, r4, r5, lr}
10001cce:	6885      	ldr	r5, [r0, #8]
10001cd0:	4604      	mov	r4, r0
10001cd2:	f001 fbef 	bl	100034b4 <xTaskGetCurrentTaskHandle>
10001cd6:	4285      	cmp	r5, r0
10001cd8:	d001      	beq.n	10001cde <xQueueGiveMutexRecursive+0x12>
10001cda:	2000      	movs	r0, #0
10001cdc:	bd38      	pop	{r3, r4, r5, pc}
10001cde:	68e3      	ldr	r3, [r4, #12]
10001ce0:	3b01      	subs	r3, #1
10001ce2:	60e3      	str	r3, [r4, #12]
10001ce4:	b10b      	cbz	r3, 10001cea <xQueueGiveMutexRecursive+0x1e>
10001ce6:	2001      	movs	r0, #1
10001ce8:	bd38      	pop	{r3, r4, r5, pc}
10001cea:	461a      	mov	r2, r3
10001cec:	4619      	mov	r1, r3
10001cee:	4620      	mov	r0, r4
10001cf0:	f7ff ff20 	bl	10001b34 <xQueueGenericSend>
10001cf4:	e7f7      	b.n	10001ce6 <xQueueGiveMutexRecursive+0x1a>
10001cf6:	bf00      	nop

10001cf8 <xQueueGenericSendFromISR>:
10001cf8:	e92d 43f8 	stmdb	sp!, {r3, r4, r5, r6, r7, r8, r9, lr}
10001cfc:	4604      	mov	r4, r0
10001cfe:	4690      	mov	r8, r2
10001d00:	461d      	mov	r5, r3
10001d02:	460f      	mov	r7, r1
10001d04:	f7ff fae2 	bl	100012cc <vPortValidateInterruptPriority>
10001d08:	f002 f9b4 	bl	10004074 <vTaskEnterCriticalFromISR>
10001d0c:	6ba2      	ldr	r2, [r4, #56]	@ 0x38
10001d0e:	6be3      	ldr	r3, [r4, #60]	@ 0x3c
10001d10:	4606      	mov	r6, r0
10001d12:	429a      	cmp	r2, r3
10001d14:	d308      	bcc.n	10001d28 <xQueueGenericSendFromISR+0x30>
10001d16:	2d02      	cmp	r5, #2
10001d18:	d006      	beq.n	10001d28 <xQueueGenericSendFromISR+0x30>
10001d1a:	2400      	movs	r4, #0
10001d1c:	4630      	mov	r0, r6
10001d1e:	f002 fa3f 	bl	100041a0 <vTaskExitCriticalFromISR>
10001d22:	4620      	mov	r0, r4
10001d24:	e8bd 83f8 	ldmia.w	sp!, {r3, r4, r5, r6, r7, r8, r9, pc}
10001d28:	4639      	mov	r1, r7
10001d2a:	f894 7045 	ldrb.w	r7, [r4, #69]	@ 0x45
10001d2e:	462a      	mov	r2, r5
10001d30:	4620      	mov	r0, r4
10001d32:	b27f      	sxtb	r7, r7
10001d34:	f8d4 9038 	ldr.w	r9, [r4, #56]	@ 0x38
10001d38:	f7ff fd78 	bl	1000182c <prvCopyDataToQueue>
10001d3c:	1c7b      	adds	r3, r7, #1
10001d3e:	d108      	bne.n	10001d52 <xQueueGenericSendFromISR+0x5a>
10001d40:	6ca3      	ldr	r3, [r4, #72]	@ 0x48
10001d42:	b17b      	cbz	r3, 10001d64 <xQueueGenericSendFromISR+0x6c>
10001d44:	2d02      	cmp	r5, #2
10001d46:	d11d      	bne.n	10001d84 <xQueueGenericSendFromISR+0x8c>
10001d48:	f1b9 0f00 	cmp.w	r9, #0
10001d4c:	d01a      	beq.n	10001d84 <xQueueGenericSendFromISR+0x8c>
10001d4e:	2401      	movs	r4, #1
10001d50:	e7e4      	b.n	10001d1c <xQueueGenericSendFromISR+0x24>
10001d52:	f000 ffbb 	bl	10002ccc <uxTaskGetNumberOfTasks>
10001d56:	4287      	cmp	r7, r0
10001d58:	d2f9      	bcs.n	10001d4e <xQueueGenericSendFromISR+0x56>
10001d5a:	3701      	adds	r7, #1
10001d5c:	b27f      	sxtb	r7, r7
10001d5e:	f884 7045 	strb.w	r7, [r4, #69]	@ 0x45
10001d62:	e7f4      	b.n	10001d4e <xQueueGenericSendFromISR+0x56>
10001d64:	6a63      	ldr	r3, [r4, #36]	@ 0x24
10001d66:	2b00      	cmp	r3, #0
10001d68:	d0f1      	beq.n	10001d4e <xQueueGenericSendFromISR+0x56>
10001d6a:	f104 0024 	add.w	r0, r4, #36	@ 0x24
10001d6e:	f001 fb2b 	bl	100033c8 <xTaskRemoveFromEventList>
10001d72:	2800      	cmp	r0, #0
10001d74:	d0eb      	beq.n	10001d4e <xQueueGenericSendFromISR+0x56>
10001d76:	f1b8 0f00 	cmp.w	r8, #0
10001d7a:	d0e8      	beq.n	10001d4e <xQueueGenericSendFromISR+0x56>
10001d7c:	2301      	movs	r3, #1
10001d7e:	f8c8 3000 	str.w	r3, [r8]
10001d82:	e7e4      	b.n	10001d4e <xQueueGenericSendFromISR+0x56>
10001d84:	4620      	mov	r0, r4
10001d86:	f7ff fe43 	bl	10001a10 <prvNotifyQueueSetContainer>
10001d8a:	2800      	cmp	r0, #0
10001d8c:	d0df      	beq.n	10001d4e <xQueueGenericSendFromISR+0x56>
10001d8e:	e7f2      	b.n	10001d76 <xQueueGenericSendFromISR+0x7e>

10001d90 <xQueueGiveFromISR>:
10001d90:	b5f8      	push	{r3, r4, r5, r6, r7, lr}
10001d92:	4604      	mov	r4, r0
10001d94:	460e      	mov	r6, r1
10001d96:	f7ff fa99 	bl	100012cc <vPortValidateInterruptPriority>
10001d9a:	f002 f96b 	bl	10004074 <vTaskEnterCriticalFromISR>
10001d9e:	6ba3      	ldr	r3, [r4, #56]	@ 0x38
10001da0:	6be2      	ldr	r2, [r4, #60]	@ 0x3c
10001da2:	4605      	mov	r5, r0
10001da4:	429a      	cmp	r2, r3
10001da6:	d915      	bls.n	10001dd4 <xQueueGiveFromISR+0x44>
10001da8:	f894 2045 	ldrb.w	r2, [r4, #69]	@ 0x45
10001dac:	3301      	adds	r3, #1
10001dae:	2aff      	cmp	r2, #255	@ 0xff
10001db0:	63a3      	str	r3, [r4, #56]	@ 0x38
10001db2:	b257      	sxtb	r7, r2
10001db4:	d114      	bne.n	10001de0 <xQueueGiveFromISR+0x50>
10001db6:	6ca3      	ldr	r3, [r4, #72]	@ 0x48
10001db8:	b1e3      	cbz	r3, 10001df4 <xQueueGiveFromISR+0x64>
10001dba:	4620      	mov	r0, r4
10001dbc:	f7ff fe28 	bl	10001a10 <prvNotifyQueueSetContainer>
10001dc0:	b110      	cbz	r0, 10001dc8 <xQueueGiveFromISR+0x38>
10001dc2:	b10e      	cbz	r6, 10001dc8 <xQueueGiveFromISR+0x38>
10001dc4:	2301      	movs	r3, #1
10001dc6:	6033      	str	r3, [r6, #0]
10001dc8:	2401      	movs	r4, #1
10001dca:	4628      	mov	r0, r5
10001dcc:	f002 f9e8 	bl	100041a0 <vTaskExitCriticalFromISR>
10001dd0:	4620      	mov	r0, r4
10001dd2:	bdf8      	pop	{r3, r4, r5, r6, r7, pc}
10001dd4:	2400      	movs	r4, #0
10001dd6:	4628      	mov	r0, r5
10001dd8:	f002 f9e2 	bl	100041a0 <vTaskExitCriticalFromISR>
10001ddc:	4620      	mov	r0, r4
10001dde:	bdf8      	pop	{r3, r4, r5, r6, r7, pc}
10001de0:	f000 ff74 	bl	10002ccc <uxTaskGetNumberOfTasks>
10001de4:	4287      	cmp	r7, r0
10001de6:	d2ef      	bcs.n	10001dc8 <xQueueGiveFromISR+0x38>
10001de8:	3701      	adds	r7, #1
10001dea:	b27f      	sxtb	r7, r7
10001dec:	f884 7045 	strb.w	r7, [r4, #69]	@ 0x45
10001df0:	2401      	movs	r4, #1
10001df2:	e7ea      	b.n	10001dca <xQueueGiveFromISR+0x3a>
10001df4:	6a63      	ldr	r3, [r4, #36]	@ 0x24
10001df6:	2b00      	cmp	r3, #0
10001df8:	d0e6      	beq.n	10001dc8 <xQueueGiveFromISR+0x38>
10001dfa:	f104 0024 	add.w	r0, r4, #36	@ 0x24
10001dfe:	f001 fae3 	bl	100033c8 <xTaskRemoveFromEventList>
10001e02:	2800      	cmp	r0, #0
10001e04:	d1dd      	bne.n	10001dc2 <xQueueGiveFromISR+0x32>
10001e06:	e7df      	b.n	10001dc8 <xQueueGiveFromISR+0x38>

10001e08 <xQueueReceive>:
10001e08:	b5f0      	push	{r4, r5, r6, r7, lr}
10001e0a:	4604      	mov	r4, r0
10001e0c:	b085      	sub	sp, #20
10001e0e:	460f      	mov	r7, r1
10001e10:	9201      	str	r2, [sp, #4]
10001e12:	f001 fd47 	bl	100038a4 <vTaskEnterCritical>
10001e16:	6ba5      	ldr	r5, [r4, #56]	@ 0x38
10001e18:	2d00      	cmp	r5, #0
10001e1a:	d156      	bne.n	10001eca <xQueueReceive+0xc2>
10001e1c:	9b01      	ldr	r3, [sp, #4]
10001e1e:	2b00      	cmp	r3, #0
10001e20:	d035      	beq.n	10001e8e <xQueueReceive+0x86>
10001e22:	a802      	add	r0, sp, #8
10001e24:	f001 fb30 	bl	10003488 <vTaskInternalSetTimeOutState>
10001e28:	462e      	mov	r6, r5
10001e2a:	f002 f96d 	bl	10004108 <vTaskExitCritical>
10001e2e:	f000 ff3f 	bl	10002cb0 <vTaskSuspendAll>
10001e32:	f001 fd37 	bl	100038a4 <vTaskEnterCritical>
10001e36:	f894 3044 	ldrb.w	r3, [r4, #68]	@ 0x44
10001e3a:	2bff      	cmp	r3, #255	@ 0xff
10001e3c:	bf08      	it	eq
10001e3e:	f884 6044 	strbeq.w	r6, [r4, #68]	@ 0x44
10001e42:	f894 3045 	ldrb.w	r3, [r4, #69]	@ 0x45
10001e46:	2bff      	cmp	r3, #255	@ 0xff
10001e48:	bf08      	it	eq
10001e4a:	f884 6045 	strbeq.w	r6, [r4, #69]	@ 0x45
10001e4e:	f002 f95b 	bl	10004108 <vTaskExitCritical>
10001e52:	a901      	add	r1, sp, #4
10001e54:	a802      	add	r0, sp, #8
10001e56:	f002 f8bb 	bl	10003fd0 <xTaskCheckForTimeOut>
10001e5a:	b9e8      	cbnz	r0, 10001e98 <xQueueReceive+0x90>
10001e5c:	f001 fd22 	bl	100038a4 <vTaskEnterCritical>
10001e60:	6ba3      	ldr	r3, [r4, #56]	@ 0x38
10001e62:	bb33      	cbnz	r3, 10001eb2 <xQueueReceive+0xaa>
10001e64:	f002 f950 	bl	10004108 <vTaskExitCritical>
10001e68:	9901      	ldr	r1, [sp, #4]
10001e6a:	f104 0024 	add.w	r0, r4, #36	@ 0x24
10001e6e:	f001 f9f3 	bl	10003258 <vTaskPlaceOnEventList>
10001e72:	4620      	mov	r0, r4
10001e74:	f7ff fd12 	bl	1000189c <prvUnlockQueue>
10001e78:	f002 f824 	bl	10003ec4 <xTaskResumeAll>
10001e7c:	2800      	cmp	r0, #0
10001e7e:	d03b      	beq.n	10001ef8 <xQueueReceive+0xf0>
10001e80:	f001 fd10 	bl	100038a4 <vTaskEnterCritical>
10001e84:	6ba5      	ldr	r5, [r4, #56]	@ 0x38
10001e86:	bb05      	cbnz	r5, 10001eca <xQueueReceive+0xc2>
10001e88:	9b01      	ldr	r3, [sp, #4]
10001e8a:	2b00      	cmp	r3, #0
10001e8c:	d1cd      	bne.n	10001e2a <xQueueReceive+0x22>
10001e8e:	f002 f93b 	bl	10004108 <vTaskExitCritical>
10001e92:	2000      	movs	r0, #0
10001e94:	b005      	add	sp, #20
10001e96:	bdf0      	pop	{r4, r5, r6, r7, pc}
10001e98:	4620      	mov	r0, r4
10001e9a:	f7ff fcff 	bl	1000189c <prvUnlockQueue>
10001e9e:	f002 f811 	bl	10003ec4 <xTaskResumeAll>
10001ea2:	f001 fcff 	bl	100038a4 <vTaskEnterCritical>
10001ea6:	6ba3      	ldr	r3, [r4, #56]	@ 0x38
10001ea8:	2b00      	cmp	r3, #0
10001eaa:	d0f0      	beq.n	10001e8e <xQueueReceive+0x86>
10001eac:	f002 f92c 	bl	10004108 <vTaskExitCritical>
10001eb0:	e7e6      	b.n	10001e80 <xQueueReceive+0x78>
10001eb2:	f002 f929 	bl	10004108 <vTaskExitCritical>
10001eb6:	4620      	mov	r0, r4
10001eb8:	f7ff fcf0 	bl	1000189c <prvUnlockQueue>
10001ebc:	f002 f802 	bl	10003ec4 <xTaskResumeAll>
10001ec0:	f001 fcf0 	bl	100038a4 <vTaskEnterCritical>
10001ec4:	6ba5      	ldr	r5, [r4, #56]	@ 0x38
10001ec6:	2d00      	cmp	r5, #0
10001ec8:	d0de      	beq.n	10001e88 <xQueueReceive+0x80>
10001eca:	6c22      	ldr	r2, [r4, #64]	@ 0x40
10001ecc:	b15a      	cbz	r2, 10001ee6 <xQueueReceive+0xde>
10001ece:	68e1      	ldr	r1, [r4, #12]
10001ed0:	68a3      	ldr	r3, [r4, #8]
10001ed2:	4411      	add	r1, r2
10001ed4:	4299      	cmp	r1, r3
10001ed6:	60e1      	str	r1, [r4, #12]
10001ed8:	bf28      	it	cs
10001eda:	6821      	ldrcs	r1, [r4, #0]
10001edc:	4638      	mov	r0, r7
10001ede:	bf28      	it	cs
10001ee0:	60e1      	strcs	r1, [r4, #12]
10001ee2:	f005 ffd9 	bl	10007e98 <memcpy>
10001ee6:	6923      	ldr	r3, [r4, #16]
10001ee8:	3d01      	subs	r5, #1
10001eea:	63a5      	str	r5, [r4, #56]	@ 0x38
10001eec:	b93b      	cbnz	r3, 10001efe <xQueueReceive+0xf6>
10001eee:	f002 f90b 	bl	10004108 <vTaskExitCritical>
10001ef2:	2001      	movs	r0, #1
10001ef4:	b005      	add	sp, #20
10001ef6:	bdf0      	pop	{r4, r5, r6, r7, pc}
10001ef8:	f001 fcc2 	bl	10003880 <vTaskYieldWithinAPI>
10001efc:	e7c0      	b.n	10001e80 <xQueueReceive+0x78>
10001efe:	f104 0010 	add.w	r0, r4, #16
10001f02:	f001 fa61 	bl	100033c8 <xTaskRemoveFromEventList>
10001f06:	2800      	cmp	r0, #0
10001f08:	d0f1      	beq.n	10001eee <xQueueReceive+0xe6>
10001f0a:	f001 fcb9 	bl	10003880 <vTaskYieldWithinAPI>
10001f0e:	e7ee      	b.n	10001eee <xQueueReceive+0xe6>

10001f10 <xQueueSemaphoreTake>:
10001f10:	b5f0      	push	{r4, r5, r6, r7, lr}
10001f12:	4604      	mov	r4, r0
10001f14:	2600      	movs	r6, #0
10001f16:	b085      	sub	sp, #20
10001f18:	9101      	str	r1, [sp, #4]
10001f1a:	f001 fcc3 	bl	100038a4 <vTaskEnterCritical>
10001f1e:	6ba3      	ldr	r3, [r4, #56]	@ 0x38
10001f20:	4635      	mov	r5, r6
10001f22:	4637      	mov	r7, r6
10001f24:	2b00      	cmp	r3, #0
10001f26:	d139      	bne.n	10001f9c <xQueueSemaphoreTake+0x8c>
10001f28:	9b01      	ldr	r3, [sp, #4]
10001f2a:	2b00      	cmp	r3, #0
10001f2c:	d06c      	beq.n	10002008 <xQueueSemaphoreTake+0xf8>
10001f2e:	2d00      	cmp	r5, #0
10001f30:	d050      	beq.n	10001fd4 <xQueueSemaphoreTake+0xc4>
10001f32:	f002 f8e9 	bl	10004108 <vTaskExitCritical>
10001f36:	f000 febb 	bl	10002cb0 <vTaskSuspendAll>
10001f3a:	f001 fcb3 	bl	100038a4 <vTaskEnterCritical>
10001f3e:	f894 3044 	ldrb.w	r3, [r4, #68]	@ 0x44
10001f42:	2bff      	cmp	r3, #255	@ 0xff
10001f44:	bf08      	it	eq
10001f46:	f884 7044 	strbeq.w	r7, [r4, #68]	@ 0x44
10001f4a:	f894 3045 	ldrb.w	r3, [r4, #69]	@ 0x45
10001f4e:	2bff      	cmp	r3, #255	@ 0xff
10001f50:	bf08      	it	eq
10001f52:	f884 7045 	strbeq.w	r7, [r4, #69]	@ 0x45
10001f56:	f002 f8d7 	bl	10004108 <vTaskExitCritical>
10001f5a:	a901      	add	r1, sp, #4
10001f5c:	a802      	add	r0, sp, #8
10001f5e:	f002 f837 	bl	10003fd0 <xTaskCheckForTimeOut>
10001f62:	bb40      	cbnz	r0, 10001fb6 <xQueueSemaphoreTake+0xa6>
10001f64:	f001 fc9e 	bl	100038a4 <vTaskEnterCritical>
10001f68:	6ba3      	ldr	r3, [r4, #56]	@ 0x38
10001f6a:	2b00      	cmp	r3, #0
10001f6c:	d139      	bne.n	10001fe2 <xQueueSemaphoreTake+0xd2>
10001f6e:	f002 f8cb 	bl	10004108 <vTaskExitCritical>
10001f72:	6823      	ldr	r3, [r4, #0]
10001f74:	2b00      	cmp	r3, #0
10001f76:	d04d      	beq.n	10002014 <xQueueSemaphoreTake+0x104>
10001f78:	9901      	ldr	r1, [sp, #4]
10001f7a:	f104 0024 	add.w	r0, r4, #36	@ 0x24
10001f7e:	f001 f96b 	bl	10003258 <vTaskPlaceOnEventList>
10001f82:	4620      	mov	r0, r4
10001f84:	f7ff fc8a 	bl	1000189c <prvUnlockQueue>
10001f88:	f001 ff9c 	bl	10003ec4 <xTaskResumeAll>
10001f8c:	2800      	cmp	r0, #0
10001f8e:	d03e      	beq.n	1000200e <xQueueSemaphoreTake+0xfe>
10001f90:	f001 fc88 	bl	100038a4 <vTaskEnterCritical>
10001f94:	6ba3      	ldr	r3, [r4, #56]	@ 0x38
10001f96:	2501      	movs	r5, #1
10001f98:	2b00      	cmp	r3, #0
10001f9a:	d0c5      	beq.n	10001f28 <xQueueSemaphoreTake+0x18>
10001f9c:	6822      	ldr	r2, [r4, #0]
10001f9e:	3b01      	subs	r3, #1
10001fa0:	63a3      	str	r3, [r4, #56]	@ 0x38
10001fa2:	2a00      	cmp	r2, #0
10001fa4:	d048      	beq.n	10002038 <xQueueSemaphoreTake+0x128>
10001fa6:	6923      	ldr	r3, [r4, #16]
10001fa8:	2b00      	cmp	r3, #0
10001faa:	d13c      	bne.n	10002026 <xQueueSemaphoreTake+0x116>
10001fac:	f002 f8ac 	bl	10004108 <vTaskExitCritical>
10001fb0:	2001      	movs	r0, #1
10001fb2:	b005      	add	sp, #20
10001fb4:	bdf0      	pop	{r4, r5, r6, r7, pc}
10001fb6:	4620      	mov	r0, r4
10001fb8:	f7ff fc70 	bl	1000189c <prvUnlockQueue>
10001fbc:	f001 ff82 	bl	10003ec4 <xTaskResumeAll>
10001fc0:	f001 fc70 	bl	100038a4 <vTaskEnterCritical>
10001fc4:	6ba3      	ldr	r3, [r4, #56]	@ 0x38
10001fc6:	b94b      	cbnz	r3, 10001fdc <xQueueSemaphoreTake+0xcc>
10001fc8:	f002 f89e 	bl	10004108 <vTaskExitCritical>
10001fcc:	b98e      	cbnz	r6, 10001ff2 <xQueueSemaphoreTake+0xe2>
10001fce:	2000      	movs	r0, #0
10001fd0:	b005      	add	sp, #20
10001fd2:	bdf0      	pop	{r4, r5, r6, r7, pc}
10001fd4:	a802      	add	r0, sp, #8
10001fd6:	f001 fa57 	bl	10003488 <vTaskInternalSetTimeOutState>
10001fda:	e7aa      	b.n	10001f32 <xQueueSemaphoreTake+0x22>
10001fdc:	f002 f894 	bl	10004108 <vTaskExitCritical>
10001fe0:	e7d6      	b.n	10001f90 <xQueueSemaphoreTake+0x80>
10001fe2:	f002 f891 	bl	10004108 <vTaskExitCritical>
10001fe6:	4620      	mov	r0, r4
10001fe8:	f7ff fc58 	bl	1000189c <prvUnlockQueue>
10001fec:	f001 ff6a 	bl	10003ec4 <xTaskResumeAll>
10001ff0:	e7ce      	b.n	10001f90 <xQueueSemaphoreTake+0x80>
10001ff2:	f001 fc57 	bl	100038a4 <vTaskEnterCritical>
10001ff6:	6a61      	ldr	r1, [r4, #36]	@ 0x24
10001ff8:	b119      	cbz	r1, 10002002 <xQueueSemaphoreTake+0xf2>
10001ffa:	6b23      	ldr	r3, [r4, #48]	@ 0x30
10001ffc:	6819      	ldr	r1, [r3, #0]
10001ffe:	f1c1 0120 	rsb	r1, r1, #32
10002002:	68a0      	ldr	r0, [r4, #8]
10002004:	f001 fbd8 	bl	100037b8 <vTaskPriorityDisinheritAfterTimeout>
10002008:	f002 f87e 	bl	10004108 <vTaskExitCritical>
1000200c:	e7df      	b.n	10001fce <xQueueSemaphoreTake+0xbe>
1000200e:	f001 fc37 	bl	10003880 <vTaskYieldWithinAPI>
10002012:	e7bd      	b.n	10001f90 <xQueueSemaphoreTake+0x80>
10002014:	f001 fc46 	bl	100038a4 <vTaskEnterCritical>
10002018:	68a0      	ldr	r0, [r4, #8]
1000201a:	f001 faf3 	bl	10003604 <xTaskPriorityInherit>
1000201e:	4606      	mov	r6, r0
10002020:	f002 f872 	bl	10004108 <vTaskExitCritical>
10002024:	e7a8      	b.n	10001f78 <xQueueSemaphoreTake+0x68>
10002026:	f104 0010 	add.w	r0, r4, #16
1000202a:	f001 f9cd 	bl	100033c8 <xTaskRemoveFromEventList>
1000202e:	2800      	cmp	r0, #0
10002030:	d0bc      	beq.n	10001fac <xQueueSemaphoreTake+0x9c>
10002032:	f001 fc25 	bl	10003880 <vTaskYieldWithinAPI>
10002036:	e7b9      	b.n	10001fac <xQueueSemaphoreTake+0x9c>
10002038:	f002 f906 	bl	10004248 <pvTaskIncrementMutexHeldCount>
1000203c:	60a0      	str	r0, [r4, #8]
1000203e:	e7b2      	b.n	10001fa6 <xQueueSemaphoreTake+0x96>

10002040 <xQueueTakeMutexRecursive>:
10002040:	b570      	push	{r4, r5, r6, lr}
10002042:	6886      	ldr	r6, [r0, #8]
10002044:	4604      	mov	r4, r0
10002046:	460d      	mov	r5, r1
10002048:	f001 fa34 	bl	100034b4 <xTaskGetCurrentTaskHandle>
1000204c:	4286      	cmp	r6, r0
1000204e:	d008      	beq.n	10002062 <xQueueTakeMutexRecursive+0x22>
10002050:	4629      	mov	r1, r5
10002052:	4620      	mov	r0, r4
10002054:	f7ff ff5c 	bl	10001f10 <xQueueSemaphoreTake>
10002058:	b110      	cbz	r0, 10002060 <xQueueTakeMutexRecursive+0x20>
1000205a:	68e3      	ldr	r3, [r4, #12]
1000205c:	3301      	adds	r3, #1
1000205e:	60e3      	str	r3, [r4, #12]
10002060:	bd70      	pop	{r4, r5, r6, pc}
10002062:	2001      	movs	r0, #1
10002064:	68e3      	ldr	r3, [r4, #12]
10002066:	4403      	add	r3, r0
10002068:	60e3      	str	r3, [r4, #12]
1000206a:	bd70      	pop	{r4, r5, r6, pc}
1000206c:	0000      	movs	r0, r0
	...

10002070 <vQueueDelete>:
10002070:	4b1b      	ldr	r3, [pc, #108]	@ (100020e0 <vQueueDelete+0x70>)
10002072:	685a      	ldr	r2, [r3, #4]
10002074:	4290      	cmp	r0, r2
10002076:	d018      	beq.n	100020aa <vQueueDelete+0x3a>
10002078:	68da      	ldr	r2, [r3, #12]
1000207a:	4290      	cmp	r0, r2
1000207c:	d01e      	beq.n	100020bc <vQueueDelete+0x4c>
1000207e:	695a      	ldr	r2, [r3, #20]
10002080:	4290      	cmp	r0, r2
10002082:	d01d      	beq.n	100020c0 <vQueueDelete+0x50>
10002084:	69da      	ldr	r2, [r3, #28]
10002086:	4290      	cmp	r0, r2
10002088:	d01c      	beq.n	100020c4 <vQueueDelete+0x54>
1000208a:	6a5a      	ldr	r2, [r3, #36]	@ 0x24
1000208c:	4290      	cmp	r0, r2
1000208e:	d01b      	beq.n	100020c8 <vQueueDelete+0x58>
10002090:	6ada      	ldr	r2, [r3, #44]	@ 0x2c
10002092:	4290      	cmp	r0, r2
10002094:	d01a      	beq.n	100020cc <vQueueDelete+0x5c>
10002096:	6b5a      	ldr	r2, [r3, #52]	@ 0x34
10002098:	4290      	cmp	r0, r2
1000209a:	d019      	beq.n	100020d0 <vQueueDelete+0x60>
1000209c:	6bda      	ldr	r2, [r3, #60]	@ 0x3c
1000209e:	4290      	cmp	r0, r2
100020a0:	bf08      	it	eq
100020a2:	2207      	moveq	r2, #7
100020a4:	d002      	beq.n	100020ac <vQueueDelete+0x3c>
100020a6:	f7fe bf65 	b.w	10000f74 <vPortFree>
100020aa:	2200      	movs	r2, #0
100020ac:	ed9f 7b0a 	vldr	d7, [pc, #40]	@ 100020d8 <vQueueDelete+0x68>
100020b0:	eb03 03c2 	add.w	r3, r3, r2, lsl #3
100020b4:	ed83 7b00 	vstr	d7, [r3]
100020b8:	f7fe bf5c 	b.w	10000f74 <vPortFree>
100020bc:	2201      	movs	r2, #1
100020be:	e7f5      	b.n	100020ac <vQueueDelete+0x3c>
100020c0:	2202      	movs	r2, #2
100020c2:	e7f3      	b.n	100020ac <vQueueDelete+0x3c>
100020c4:	2203      	movs	r2, #3
100020c6:	e7f1      	b.n	100020ac <vQueueDelete+0x3c>
100020c8:	2204      	movs	r2, #4
100020ca:	e7ef      	b.n	100020ac <vQueueDelete+0x3c>
100020cc:	2205      	movs	r2, #5
100020ce:	e7ed      	b.n	100020ac <vQueueDelete+0x3c>
100020d0:	2206      	movs	r2, #6
100020d2:	e7eb      	b.n	100020ac <vQueueDelete+0x3c>
100020d4:	f3af 8000 	nop.w
	...
100020e0:	20000840 	.word	0x20000840

100020e4 <vQueueAddToRegistry>:
100020e4:	2900      	cmp	r1, #0
100020e6:	d055      	beq.n	10002194 <vQueueAddToRegistry+0xb0>
100020e8:	4b44      	ldr	r3, [pc, #272]	@ (100021fc <vQueueAddToRegistry+0x118>)
100020ea:	685a      	ldr	r2, [r3, #4]
100020ec:	4290      	cmp	r0, r2
100020ee:	d072      	beq.n	100021d6 <vQueueAddToRegistry+0xf2>
100020f0:	681a      	ldr	r2, [r3, #0]
100020f2:	b410      	push	{r4}
100020f4:	2a00      	cmp	r2, #0
100020f6:	d02c      	beq.n	10002152 <vQueueAddToRegistry+0x6e>
100020f8:	68da      	ldr	r2, [r3, #12]
100020fa:	4290      	cmp	r0, r2
100020fc:	d07b      	beq.n	100021f6 <vQueueAddToRegistry+0x112>
100020fe:	689a      	ldr	r2, [r3, #8]
10002100:	2a00      	cmp	r2, #0
10002102:	d041      	beq.n	10002188 <vQueueAddToRegistry+0xa4>
10002104:	695a      	ldr	r2, [r3, #20]
10002106:	4290      	cmp	r0, r2
10002108:	d073      	beq.n	100021f2 <vQueueAddToRegistry+0x10e>
1000210a:	691a      	ldr	r2, [r3, #16]
1000210c:	2a00      	cmp	r2, #0
1000210e:	d042      	beq.n	10002196 <vQueueAddToRegistry+0xb2>
10002110:	69da      	ldr	r2, [r3, #28]
10002112:	4290      	cmp	r0, r2
10002114:	d065      	beq.n	100021e2 <vQueueAddToRegistry+0xfe>
10002116:	699a      	ldr	r2, [r3, #24]
10002118:	2a00      	cmp	r2, #0
1000211a:	d042      	beq.n	100021a2 <vQueueAddToRegistry+0xbe>
1000211c:	6a5a      	ldr	r2, [r3, #36]	@ 0x24
1000211e:	4290      	cmp	r0, r2
10002120:	d044      	beq.n	100021ac <vQueueAddToRegistry+0xc8>
10002122:	6a1a      	ldr	r2, [r3, #32]
10002124:	2a00      	cmp	r2, #0
10002126:	d045      	beq.n	100021b4 <vQueueAddToRegistry+0xd0>
10002128:	6ada      	ldr	r2, [r3, #44]	@ 0x2c
1000212a:	4290      	cmp	r0, r2
1000212c:	d05b      	beq.n	100021e6 <vQueueAddToRegistry+0x102>
1000212e:	6a9a      	ldr	r2, [r3, #40]	@ 0x28
10002130:	2a00      	cmp	r2, #0
10002132:	d044      	beq.n	100021be <vQueueAddToRegistry+0xda>
10002134:	6b5a      	ldr	r2, [r3, #52]	@ 0x34
10002136:	4290      	cmp	r0, r2
10002138:	d057      	beq.n	100021ea <vQueueAddToRegistry+0x106>
1000213a:	6b1a      	ldr	r2, [r3, #48]	@ 0x30
1000213c:	2a00      	cmp	r2, #0
1000213e:	d043      	beq.n	100021c8 <vQueueAddToRegistry+0xe4>
10002140:	6bda      	ldr	r2, [r3, #60]	@ 0x3c
10002142:	4290      	cmp	r0, r2
10002144:	d053      	beq.n	100021ee <vQueueAddToRegistry+0x10a>
10002146:	6b9b      	ldr	r3, [r3, #56]	@ 0x38
10002148:	2b00      	cmp	r3, #0
1000214a:	d042      	beq.n	100021d2 <vQueueAddToRegistry+0xee>
1000214c:	f85d 4b04 	ldr.w	r4, [sp], #4
10002150:	4770      	bx	lr
10002152:	68da      	ldr	r2, [r3, #12]
10002154:	4290      	cmp	r0, r2
10002156:	d04e      	beq.n	100021f6 <vQueueAddToRegistry+0x112>
10002158:	695a      	ldr	r2, [r3, #20]
1000215a:	4290      	cmp	r0, r2
1000215c:	d049      	beq.n	100021f2 <vQueueAddToRegistry+0x10e>
1000215e:	461a      	mov	r2, r3
10002160:	69dc      	ldr	r4, [r3, #28]
10002162:	42a0      	cmp	r0, r4
10002164:	d03d      	beq.n	100021e2 <vQueueAddToRegistry+0xfe>
10002166:	6a5c      	ldr	r4, [r3, #36]	@ 0x24
10002168:	42a0      	cmp	r0, r4
1000216a:	d01f      	beq.n	100021ac <vQueueAddToRegistry+0xc8>
1000216c:	6adc      	ldr	r4, [r3, #44]	@ 0x2c
1000216e:	42a0      	cmp	r0, r4
10002170:	d039      	beq.n	100021e6 <vQueueAddToRegistry+0x102>
10002172:	6b5c      	ldr	r4, [r3, #52]	@ 0x34
10002174:	42a0      	cmp	r0, r4
10002176:	d038      	beq.n	100021ea <vQueueAddToRegistry+0x106>
10002178:	6bdc      	ldr	r4, [r3, #60]	@ 0x3c
1000217a:	42a0      	cmp	r0, r4
1000217c:	d037      	beq.n	100021ee <vQueueAddToRegistry+0x10a>
1000217e:	e9c2 1000 	strd	r1, r0, [r2]
10002182:	f85d 4b04 	ldr.w	r4, [sp], #4
10002186:	4770      	bx	lr
10002188:	695a      	ldr	r2, [r3, #20]
1000218a:	4290      	cmp	r0, r2
1000218c:	d031      	beq.n	100021f2 <vQueueAddToRegistry+0x10e>
1000218e:	f103 0208 	add.w	r2, r3, #8
10002192:	e7e5      	b.n	10002160 <vQueueAddToRegistry+0x7c>
10002194:	4770      	bx	lr
10002196:	69da      	ldr	r2, [r3, #28]
10002198:	4290      	cmp	r0, r2
1000219a:	d022      	beq.n	100021e2 <vQueueAddToRegistry+0xfe>
1000219c:	f103 0210 	add.w	r2, r3, #16
100021a0:	e7e1      	b.n	10002166 <vQueueAddToRegistry+0x82>
100021a2:	6a5a      	ldr	r2, [r3, #36]	@ 0x24
100021a4:	4290      	cmp	r0, r2
100021a6:	d001      	beq.n	100021ac <vQueueAddToRegistry+0xc8>
100021a8:	4a15      	ldr	r2, [pc, #84]	@ (10002200 <vQueueAddToRegistry+0x11c>)
100021aa:	e7df      	b.n	1000216c <vQueueAddToRegistry+0x88>
100021ac:	2204      	movs	r2, #4
100021ae:	eb03 02c2 	add.w	r2, r3, r2, lsl #3
100021b2:	e7e4      	b.n	1000217e <vQueueAddToRegistry+0x9a>
100021b4:	6ada      	ldr	r2, [r3, #44]	@ 0x2c
100021b6:	4290      	cmp	r0, r2
100021b8:	d015      	beq.n	100021e6 <vQueueAddToRegistry+0x102>
100021ba:	4a12      	ldr	r2, [pc, #72]	@ (10002204 <vQueueAddToRegistry+0x120>)
100021bc:	e7d9      	b.n	10002172 <vQueueAddToRegistry+0x8e>
100021be:	6b5a      	ldr	r2, [r3, #52]	@ 0x34
100021c0:	4290      	cmp	r0, r2
100021c2:	d012      	beq.n	100021ea <vQueueAddToRegistry+0x106>
100021c4:	4a10      	ldr	r2, [pc, #64]	@ (10002208 <vQueueAddToRegistry+0x124>)
100021c6:	e7d7      	b.n	10002178 <vQueueAddToRegistry+0x94>
100021c8:	6bda      	ldr	r2, [r3, #60]	@ 0x3c
100021ca:	4290      	cmp	r0, r2
100021cc:	d00f      	beq.n	100021ee <vQueueAddToRegistry+0x10a>
100021ce:	4a0f      	ldr	r2, [pc, #60]	@ (1000220c <vQueueAddToRegistry+0x128>)
100021d0:	e7d5      	b.n	1000217e <vQueueAddToRegistry+0x9a>
100021d2:	4a0f      	ldr	r2, [pc, #60]	@ (10002210 <vQueueAddToRegistry+0x12c>)
100021d4:	e7d3      	b.n	1000217e <vQueueAddToRegistry+0x9a>
100021d6:	2200      	movs	r2, #0
100021d8:	eb03 02c2 	add.w	r2, r3, r2, lsl #3
100021dc:	e9c2 1000 	strd	r1, r0, [r2]
100021e0:	4770      	bx	lr
100021e2:	2203      	movs	r2, #3
100021e4:	e7e3      	b.n	100021ae <vQueueAddToRegistry+0xca>
100021e6:	2205      	movs	r2, #5
100021e8:	e7e1      	b.n	100021ae <vQueueAddToRegistry+0xca>
100021ea:	2206      	movs	r2, #6
100021ec:	e7df      	b.n	100021ae <vQueueAddToRegistry+0xca>
100021ee:	2207      	movs	r2, #7
100021f0:	e7dd      	b.n	100021ae <vQueueAddToRegistry+0xca>
100021f2:	2202      	movs	r2, #2
100021f4:	e7db      	b.n	100021ae <vQueueAddToRegistry+0xca>
100021f6:	2201      	movs	r2, #1
100021f8:	e7d9      	b.n	100021ae <vQueueAddToRegistry+0xca>
100021fa:	bf00      	nop
100021fc:	20000840 	.word	0x20000840
10002200:	20000858 	.word	0x20000858
10002204:	20000860 	.word	0x20000860
10002208:	20000868 	.word	0x20000868
1000220c:	20000870 	.word	0x20000870
10002210:	20000878 	.word	0x20000878

10002214 <vQueueWaitForMessageRestricted>:
10002214:	b570      	push	{r4, r5, r6, lr}
10002216:	4604      	mov	r4, r0
10002218:	460e      	mov	r6, r1
1000221a:	4615      	mov	r5, r2
1000221c:	f001 fb42 	bl	100038a4 <vTaskEnterCritical>
10002220:	f894 3044 	ldrb.w	r3, [r4, #68]	@ 0x44
10002224:	2bff      	cmp	r3, #255	@ 0xff
10002226:	bf04      	itt	eq
10002228:	2300      	moveq	r3, #0
1000222a:	f884 3044 	strbeq.w	r3, [r4, #68]	@ 0x44
1000222e:	f894 3045 	ldrb.w	r3, [r4, #69]	@ 0x45
10002232:	2bff      	cmp	r3, #255	@ 0xff
10002234:	bf04      	itt	eq
10002236:	2300      	moveq	r3, #0
10002238:	f884 3045 	strbeq.w	r3, [r4, #69]	@ 0x45
1000223c:	f001 ff64 	bl	10004108 <vTaskExitCritical>
10002240:	6ba3      	ldr	r3, [r4, #56]	@ 0x38
10002242:	b123      	cbz	r3, 1000224e <vQueueWaitForMessageRestricted+0x3a>
10002244:	4620      	mov	r0, r4
10002246:	e8bd 4070 	ldmia.w	sp!, {r4, r5, r6, lr}
1000224a:	f7ff bb27 	b.w	1000189c <prvUnlockQueue>
1000224e:	f104 0024 	add.w	r0, r4, #36	@ 0x24
10002252:	462a      	mov	r2, r5
10002254:	4631      	mov	r1, r6
10002256:	f001 f869 	bl	1000332c <vTaskPlaceOnEventListRestricted>
1000225a:	4620      	mov	r0, r4
1000225c:	e8bd 4070 	ldmia.w	sp!, {r4, r5, r6, lr}
10002260:	f7ff bb1c 	b.w	1000189c <prvUnlockQueue>

10002264 <prvPassiveIdleTask>:
10002264:	4c06      	ldr	r4, [pc, #24]	@ (10002280 <prvPassiveIdleTask+0x1c>)
10002266:	b508      	push	{r3, lr}
10002268:	f7fe ffaa 	bl	100011c0 <vPortYield>
1000226c:	6823      	ldr	r3, [r4, #0]
1000226e:	2b02      	cmp	r3, #2
10002270:	d800      	bhi.n	10002274 <prvPassiveIdleTask+0x10>
10002272:	e7fe      	b.n	10002272 <prvPassiveIdleTask+0xe>
10002274:	f7fe ffa4 	bl	100011c0 <vPortYield>
10002278:	6823      	ldr	r3, [r4, #0]
1000227a:	2b02      	cmp	r3, #2
1000227c:	d8fa      	bhi.n	10002274 <prvPassiveIdleTask+0x10>
1000227e:	e7f8      	b.n	10002272 <prvPassiveIdleTask+0xe>
10002280:	20000944 	.word	0x20000944

10002284 <prvYieldForTask>:
10002284:	b538      	push	{r3, r4, r5, lr}
10002286:	6b83      	ldr	r3, [r0, #56]	@ 0x38
10002288:	2b00      	cmp	r3, #0
1000228a:	db02      	blt.n	10002292 <prvYieldForTask+0xe>
1000228c:	6b83      	ldr	r3, [r0, #56]	@ 0x38
1000228e:	2b01      	cmp	r3, #1
10002290:	dd31      	ble.n	100022f6 <prvYieldForTask+0x72>
10002292:	4c2d      	ldr	r4, [pc, #180]	@ (10002348 <prvYieldForTask+0xc4>)
10002294:	6b01      	ldr	r1, [r0, #48]	@ 0x30
10002296:	6822      	ldr	r2, [r4, #0]
10002298:	6823      	ldr	r3, [r4, #0]
1000229a:	6b12      	ldr	r2, [r2, #48]	@ 0x30
1000229c:	6bdb      	ldr	r3, [r3, #60]	@ 0x3c
1000229e:	1e4d      	subs	r5, r1, #1
100022a0:	07db      	lsls	r3, r3, #31
100022a2:	6823      	ldr	r3, [r4, #0]
100022a4:	bf48      	it	mi
100022a6:	f102 32ff 	addmi.w	r2, r2, #4294967295	@ 0xffffffff
100022aa:	6b9b      	ldr	r3, [r3, #56]	@ 0x38
100022ac:	2b00      	cmp	r3, #0
100022ae:	db03      	blt.n	100022b8 <prvYieldForTask+0x34>
100022b0:	6823      	ldr	r3, [r4, #0]
100022b2:	6b9b      	ldr	r3, [r3, #56]	@ 0x38
100022b4:	2b01      	cmp	r3, #1
100022b6:	dd1f      	ble.n	100022f8 <prvYieldForTask+0x74>
100022b8:	f04f 33ff 	mov.w	r3, #4294967295	@ 0xffffffff
100022bc:	6862      	ldr	r2, [r4, #4]
100022be:	6861      	ldr	r1, [r4, #4]
100022c0:	6b12      	ldr	r2, [r2, #48]	@ 0x30
100022c2:	6bc9      	ldr	r1, [r1, #60]	@ 0x3c
100022c4:	07c9      	lsls	r1, r1, #31
100022c6:	6861      	ldr	r1, [r4, #4]
100022c8:	bf48      	it	mi
100022ca:	f102 32ff 	addmi.w	r2, r2, #4294967295	@ 0xffffffff
100022ce:	6b89      	ldr	r1, [r1, #56]	@ 0x38
100022d0:	2900      	cmp	r1, #0
100022d2:	db03      	blt.n	100022dc <prvYieldForTask+0x58>
100022d4:	6861      	ldr	r1, [r4, #4]
100022d6:	6b89      	ldr	r1, [r1, #56]	@ 0x38
100022d8:	2901      	cmp	r1, #1
100022da:	dd1c      	ble.n	10002316 <prvYieldForTask+0x92>
100022dc:	3301      	adds	r3, #1
100022de:	d00a      	beq.n	100022f6 <prvYieldForTask+0x72>
100022e0:	2500      	movs	r5, #0
100022e2:	f04f 4350 	mov.w	r3, #3489660928	@ 0xd0000000
100022e6:	681b      	ldr	r3, [r3, #0]
100022e8:	429d      	cmp	r5, r3
100022ea:	d028      	beq.n	1000233e <prvYieldForTask+0xba>
100022ec:	f854 3025 	ldr.w	r3, [r4, r5, lsl #2]
100022f0:	6b9b      	ldr	r3, [r3, #56]	@ 0x38
100022f2:	3302      	adds	r3, #2
100022f4:	d11a      	bne.n	1000232c <prvYieldForTask+0xa8>
100022f6:	bd38      	pop	{r3, r4, r5, pc}
100022f8:	4b14      	ldr	r3, [pc, #80]	@ (1000234c <prvYieldForTask+0xc8>)
100022fa:	681b      	ldr	r3, [r3, #0]
100022fc:	2b00      	cmp	r3, #0
100022fe:	d1db      	bne.n	100022b8 <prvYieldForTask+0x34>
10002300:	4295      	cmp	r5, r2
10002302:	dbd9      	blt.n	100022b8 <prvYieldForTask+0x34>
10002304:	6841      	ldr	r1, [r0, #4]
10002306:	f001 0101 	and.w	r1, r1, #1
1000230a:	2900      	cmp	r1, #0
1000230c:	bf14      	ite	ne
1000230e:	4615      	movne	r5, r2
10002310:	f04f 33ff 	moveq.w	r3, #4294967295	@ 0xffffffff
10002314:	e7d2      	b.n	100022bc <prvYieldForTask+0x38>
10002316:	490d      	ldr	r1, [pc, #52]	@ (1000234c <prvYieldForTask+0xc8>)
10002318:	6849      	ldr	r1, [r1, #4]
1000231a:	2900      	cmp	r1, #0
1000231c:	d1de      	bne.n	100022dc <prvYieldForTask+0x58>
1000231e:	42aa      	cmp	r2, r5
10002320:	dcdc      	bgt.n	100022dc <prvYieldForTask+0x58>
10002322:	6842      	ldr	r2, [r0, #4]
10002324:	0792      	lsls	r2, r2, #30
10002326:	d5d9      	bpl.n	100022dc <prvYieldForTask+0x58>
10002328:	2501      	movs	r5, #1
1000232a:	e7da      	b.n	100022e2 <prvYieldForTask+0x5e>
1000232c:	4628      	mov	r0, r5
1000232e:	f7ff f8b5 	bl	1000149c <vYieldCore>
10002332:	f06f 0201 	mvn.w	r2, #1
10002336:	f854 3025 	ldr.w	r3, [r4, r5, lsl #2]
1000233a:	639a      	str	r2, [r3, #56]	@ 0x38
1000233c:	bd38      	pop	{r3, r4, r5, pc}
1000233e:	2201      	movs	r2, #1
10002340:	4b02      	ldr	r3, [pc, #8]	@ (1000234c <prvYieldForTask+0xc8>)
10002342:	f843 2025 	str.w	r2, [r3, r5, lsl #2]
10002346:	bd38      	pop	{r3, r4, r5, pc}
10002348:	20000928 	.word	0x20000928
1000234c:	20020cc8 	.word	0x20020cc8

10002350 <vTaskExitCritical.part.0>:
10002350:	f04f 4150 	mov.w	r1, #3489660928	@ 0xd0000000
10002354:	4b1b      	ldr	r3, [pc, #108]	@ (100023c4 <vTaskExitCritical.part.0+0x74>)
10002356:	680a      	ldr	r2, [r1, #0]
10002358:	f853 0022 	ldr.w	r0, [r3, r2, lsl #2]
1000235c:	2800      	cmp	r0, #0
1000235e:	d02c      	beq.n	100023ba <vTaskExitCritical.part.0+0x6a>
10002360:	f853 0022 	ldr.w	r0, [r3, r2, lsl #2]
10002364:	3801      	subs	r0, #1
10002366:	f843 0022 	str.w	r0, [r3, r2, lsl #2]
1000236a:	680a      	ldr	r2, [r1, #0]
1000236c:	f853 3022 	ldr.w	r3, [r3, r2, lsl #2]
10002370:	bb1b      	cbnz	r3, 100023ba <vTaskExitCritical.part.0+0x6a>
10002372:	b510      	push	{r4, lr}
10002374:	4914      	ldr	r1, [pc, #80]	@ (100023c8 <vTaskExitCritical.part.0+0x78>)
10002376:	4b15      	ldr	r3, [pc, #84]	@ (100023cc <vTaskExitCritical.part.0+0x7c>)
10002378:	f853 4022 	ldr.w	r4, [r3, r2, lsl #2]
1000237c:	780b      	ldrb	r3, [r1, #0]
1000237e:	3b01      	subs	r3, #1
10002380:	b2db      	uxtb	r3, r3
10002382:	700b      	strb	r3, [r1, #0]
10002384:	b92b      	cbnz	r3, 10002392 <vTaskExitCritical.part.0+0x42>
10002386:	4812      	ldr	r0, [pc, #72]	@ (100023d0 <vTaskExitCritical.part.0+0x80>)
10002388:	f800 3012 	strb.w	r3, [r0, r2, lsl #1]
1000238c:	4a11      	ldr	r2, [pc, #68]	@ (100023d4 <vTaskExitCritical.part.0+0x84>)
1000238e:	e8c2 3f8f 	stlb	r3, [r2]
10002392:	f04f 4250 	mov.w	r2, #3489660928	@ 0xd0000000
10002396:	784b      	ldrb	r3, [r1, #1]
10002398:	6810      	ldr	r0, [r2, #0]
1000239a:	3b01      	subs	r3, #1
1000239c:	b2db      	uxtb	r3, r3
1000239e:	704b      	strb	r3, [r1, #1]
100023a0:	b933      	cbnz	r3, 100023b0 <vTaskExitCritical.part.0+0x60>
100023a2:	4a0b      	ldr	r2, [pc, #44]	@ (100023d0 <vTaskExitCritical.part.0+0x80>)
100023a4:	490c      	ldr	r1, [pc, #48]	@ (100023d8 <vTaskExitCritical.part.0+0x88>)
100023a6:	eb02 0240 	add.w	r2, r2, r0, lsl #1
100023aa:	7053      	strb	r3, [r2, #1]
100023ac:	e8c1 3f8f 	stlb	r3, [r1]
100023b0:	2000      	movs	r0, #0
100023b2:	f7ff f8b5 	bl	10001520 <vClearInterruptMask>
100023b6:	b90c      	cbnz	r4, 100023bc <vTaskExitCritical.part.0+0x6c>
100023b8:	bd10      	pop	{r4, pc}
100023ba:	4770      	bx	lr
100023bc:	e8bd 4010 	ldmia.w	sp!, {r4, lr}
100023c0:	f7fe befe 	b.w	100011c0 <vPortYield>
100023c4:	20020bd8 	.word	0x20020bd8
100023c8:	20020bd4 	.word	0x20020bd4
100023cc:	20020cc8 	.word	0x20020cc8
100023d0:	20020bd0 	.word	0x20020bd0
100023d4:	200008aa 	.word	0x200008aa
100023d8:	200008ab 	.word	0x200008ab

100023dc <prvCreateTask>:
100023dc:	e92d 43f8 	stmdb	sp!, {r3, r4, r5, r6, r7, r8, r9, lr}
100023e0:	0096      	lsls	r6, r2, #2
100023e2:	4680      	mov	r8, r0
100023e4:	4630      	mov	r0, r6
100023e6:	460d      	mov	r5, r1
100023e8:	4699      	mov	r9, r3
100023ea:	f7fe fd35 	bl	10000e58 <pvPortMalloc>
100023ee:	2800      	cmp	r0, #0
100023f0:	f000 8088 	beq.w	10002504 <prvCreateTask+0x128>
100023f4:	4607      	mov	r7, r0
100023f6:	207c      	movs	r0, #124	@ 0x7c
100023f8:	f7fe fd2e 	bl	10000e58 <pvPortMalloc>
100023fc:	4604      	mov	r4, r0
100023fe:	2800      	cmp	r0, #0
10002400:	d07d      	beq.n	100024fe <prvCreateTask+0x122>
10002402:	227c      	movs	r2, #124	@ 0x7c
10002404:	2100      	movs	r1, #0
10002406:	f005 fdbd 	bl	10007f84 <memset>
1000240a:	4632      	mov	r2, r6
1000240c:	4638      	mov	r0, r7
1000240e:	21a5      	movs	r1, #165	@ 0xa5
10002410:	6367      	str	r7, [r4, #52]	@ 0x34
10002412:	f005 fdb7 	bl	10007f84 <memset>
10002416:	6b63      	ldr	r3, [r4, #52]	@ 0x34
10002418:	3e04      	subs	r6, #4
1000241a:	441e      	add	r6, r3
1000241c:	f026 0607 	bic.w	r6, r6, #7
10002420:	2d00      	cmp	r5, #0
10002422:	d03e      	beq.n	100024a2 <prvCreateTask+0xc6>
10002424:	782b      	ldrb	r3, [r5, #0]
10002426:	f884 3040 	strb.w	r3, [r4, #64]	@ 0x40
1000242a:	2b00      	cmp	r3, #0
1000242c:	d036      	beq.n	1000249c <prvCreateTask+0xc0>
1000242e:	786b      	ldrb	r3, [r5, #1]
10002430:	f884 3041 	strb.w	r3, [r4, #65]	@ 0x41
10002434:	b393      	cbz	r3, 1000249c <prvCreateTask+0xc0>
10002436:	78ab      	ldrb	r3, [r5, #2]
10002438:	f884 3042 	strb.w	r3, [r4, #66]	@ 0x42
1000243c:	b373      	cbz	r3, 1000249c <prvCreateTask+0xc0>
1000243e:	78eb      	ldrb	r3, [r5, #3]
10002440:	f884 3043 	strb.w	r3, [r4, #67]	@ 0x43
10002444:	b353      	cbz	r3, 1000249c <prvCreateTask+0xc0>
10002446:	792b      	ldrb	r3, [r5, #4]
10002448:	f884 3044 	strb.w	r3, [r4, #68]	@ 0x44
1000244c:	b333      	cbz	r3, 1000249c <prvCreateTask+0xc0>
1000244e:	796b      	ldrb	r3, [r5, #5]
10002450:	f884 3045 	strb.w	r3, [r4, #69]	@ 0x45
10002454:	b313      	cbz	r3, 1000249c <prvCreateTask+0xc0>
10002456:	79ab      	ldrb	r3, [r5, #6]
10002458:	f884 3046 	strb.w	r3, [r4, #70]	@ 0x46
1000245c:	b1f3      	cbz	r3, 1000249c <prvCreateTask+0xc0>
1000245e:	79eb      	ldrb	r3, [r5, #7]
10002460:	f884 3047 	strb.w	r3, [r4, #71]	@ 0x47
10002464:	b1d3      	cbz	r3, 1000249c <prvCreateTask+0xc0>
10002466:	7a2b      	ldrb	r3, [r5, #8]
10002468:	f884 3048 	strb.w	r3, [r4, #72]	@ 0x48
1000246c:	b1b3      	cbz	r3, 1000249c <prvCreateTask+0xc0>
1000246e:	7a6b      	ldrb	r3, [r5, #9]
10002470:	f884 3049 	strb.w	r3, [r4, #73]	@ 0x49
10002474:	b193      	cbz	r3, 1000249c <prvCreateTask+0xc0>
10002476:	7aab      	ldrb	r3, [r5, #10]
10002478:	f884 304a 	strb.w	r3, [r4, #74]	@ 0x4a
1000247c:	b173      	cbz	r3, 1000249c <prvCreateTask+0xc0>
1000247e:	7aeb      	ldrb	r3, [r5, #11]
10002480:	f884 304b 	strb.w	r3, [r4, #75]	@ 0x4b
10002484:	b153      	cbz	r3, 1000249c <prvCreateTask+0xc0>
10002486:	7b2b      	ldrb	r3, [r5, #12]
10002488:	f884 304c 	strb.w	r3, [r4, #76]	@ 0x4c
1000248c:	b133      	cbz	r3, 1000249c <prvCreateTask+0xc0>
1000248e:	7b6b      	ldrb	r3, [r5, #13]
10002490:	f884 304d 	strb.w	r3, [r4, #77]	@ 0x4d
10002494:	b113      	cbz	r3, 1000249c <prvCreateTask+0xc0>
10002496:	7bab      	ldrb	r3, [r5, #14]
10002498:	f884 304e 	strb.w	r3, [r4, #78]	@ 0x4e
1000249c:	2300      	movs	r3, #0
1000249e:	f884 304f 	strb.w	r3, [r4, #79]	@ 0x4f
100024a2:	9d08      	ldr	r5, [sp, #32]
100024a4:	f104 0008 	add.w	r0, r4, #8
100024a8:	2d1f      	cmp	r5, #31
100024aa:	bf28      	it	cs
100024ac:	251f      	movcs	r5, #31
100024ae:	6325      	str	r5, [r4, #48]	@ 0x30
100024b0:	65a5      	str	r5, [r4, #88]	@ 0x58
100024b2:	f7ff f97d 	bl	100017b0 <vListInitialiseItem>
100024b6:	f1c5 0520 	rsb	r5, r5, #32
100024ba:	f104 001c 	add.w	r0, r4, #28
100024be:	f7ff f977 	bl	100017b0 <vListInitialiseItem>
100024c2:	464b      	mov	r3, r9
100024c4:	4642      	mov	r2, r8
100024c6:	4630      	mov	r0, r6
100024c8:	6b61      	ldr	r1, [r4, #52]	@ 0x34
100024ca:	61e5      	str	r5, [r4, #28]
100024cc:	6164      	str	r4, [r4, #20]
100024ce:	62a4      	str	r4, [r4, #40]	@ 0x28
100024d0:	f7fe fe98 	bl	10001204 <pxPortInitialiseStack>
100024d4:	f04f 32ff 	mov.w	r2, #4294967295	@ 0xffffffff
100024d8:	4b0c      	ldr	r3, [pc, #48]	@ (1000250c <prvCreateTask+0x130>)
100024da:	6020      	str	r0, [r4, #0]
100024dc:	4598      	cmp	r8, r3
100024de:	63a2      	str	r2, [r4, #56]	@ 0x38
100024e0:	d008      	beq.n	100024f4 <prvCreateTask+0x118>
100024e2:	4b0b      	ldr	r3, [pc, #44]	@ (10002510 <prvCreateTask+0x134>)
100024e4:	4598      	cmp	r8, r3
100024e6:	d005      	beq.n	100024f4 <prvCreateTask+0x118>
100024e8:	9b09      	ldr	r3, [sp, #36]	@ 0x24
100024ea:	b103      	cbz	r3, 100024ee <prvCreateTask+0x112>
100024ec:	601c      	str	r4, [r3, #0]
100024ee:	4620      	mov	r0, r4
100024f0:	e8bd 83f8 	ldmia.w	sp!, {r3, r4, r5, r6, r7, r8, r9, pc}
100024f4:	6be3      	ldr	r3, [r4, #60]	@ 0x3c
100024f6:	f043 0301 	orr.w	r3, r3, #1
100024fa:	63e3      	str	r3, [r4, #60]	@ 0x3c
100024fc:	e7f4      	b.n	100024e8 <prvCreateTask+0x10c>
100024fe:	4638      	mov	r0, r7
10002500:	f7fe fd38 	bl	10000f74 <vPortFree>
10002504:	2400      	movs	r4, #0
10002506:	4620      	mov	r0, r4
10002508:	e8bd 83f8 	ldmia.w	sp!, {r3, r4, r5, r6, r7, r8, r9, pc}
1000250c:	1000299d 	.word	0x1000299d
10002510:	10002265 	.word	0x10002265

10002514 <prvCheckForRunStateChange>:
10002514:	f04f 4250 	mov.w	r2, #3489660928	@ 0xd0000000
10002518:	4b50      	ldr	r3, [pc, #320]	@ (1000265c <prvCheckForRunStateChange+0x148>)
1000251a:	6812      	ldr	r2, [r2, #0]
1000251c:	e92d 47f0 	stmdb	sp!, {r4, r5, r6, r7, r8, r9, sl, lr}
10002520:	f8df 9144 	ldr.w	r9, [pc, #324]	@ 10002668 <prvCheckForRunStateChange+0x154>
10002524:	4c4e      	ldr	r4, [pc, #312]	@ (10002660 <prvCheckForRunStateChange+0x14c>)
10002526:	f8df 8144 	ldr.w	r8, [pc, #324]	@ 1000266c <prvCheckForRunStateChange+0x158>
1000252a:	f853 6022 	ldr.w	r6, [r3, r2, lsl #2]
1000252e:	4d4d      	ldr	r5, [pc, #308]	@ (10002664 <prvCheckForRunStateChange+0x150>)
10002530:	e040      	b.n	100025b4 <prvCheckForRunStateChange+0xa0>
10002532:	f8df a13c 	ldr.w	sl, [pc, #316]	@ 10002670 <prvCheckForRunStateChange+0x15c>
10002536:	2000      	movs	r0, #0
10002538:	f7fe fff2 	bl	10001520 <vClearInterruptMask>
1000253c:	f7fe ffe4 	bl	10001508 <ulSetInterruptMask>
10002540:	f04f 4350 	mov.w	r3, #3489660928	@ 0xd0000000
10002544:	681b      	ldr	r3, [r3, #0]
10002546:	e8da 2fcf 	ldaexb	r2, [sl]
1000254a:	2101      	movs	r1, #1
1000254c:	2a00      	cmp	r2, #0
1000254e:	d101      	bne.n	10002554 <prvCheckForRunStateChange+0x40>
10002550:	e8ca 1f42 	strexb	r2, r1, [sl]
10002554:	f3bf 8f5f 	dmb	sy
10002558:	2a00      	cmp	r2, #0
1000255a:	d150      	bne.n	100025fe <prvCheckForRunStateChange+0xea>
1000255c:	005b      	lsls	r3, r3, #1
1000255e:	2201      	movs	r2, #1
10002560:	4443      	add	r3, r8
10002562:	7062      	strb	r2, [r4, #1]
10002564:	705a      	strb	r2, [r3, #1]
10002566:	f04f 4350 	mov.w	r3, #3489660928	@ 0xd0000000
1000256a:	681a      	ldr	r2, [r3, #0]
1000256c:	e8d5 3fcf 	ldaexb	r3, [r5]
10002570:	2101      	movs	r1, #1
10002572:	2b00      	cmp	r3, #0
10002574:	d101      	bne.n	1000257a <prvCheckForRunStateChange+0x66>
10002576:	e8c5 1f43 	strexb	r3, r1, [r5]
1000257a:	f3bf 8f5f 	dmb	sy
1000257e:	b173      	cbz	r3, 1000259e <prvCheckForRunStateChange+0x8a>
10002580:	f818 3012 	ldrb.w	r3, [r8, r2, lsl #1]
10002584:	2b00      	cmp	r3, #0
10002586:	d14b      	bne.n	10002620 <prvCheckForRunStateChange+0x10c>
10002588:	e8d5 1fcf 	ldaexb	r1, [r5]
1000258c:	2301      	movs	r3, #1
1000258e:	2900      	cmp	r1, #0
10002590:	d1fa      	bne.n	10002588 <prvCheckForRunStateChange+0x74>
10002592:	e8c5 3f41 	strexb	r1, r3, [r5]
10002596:	2900      	cmp	r1, #0
10002598:	d1f6      	bne.n	10002588 <prvCheckForRunStateChange+0x74>
1000259a:	f3bf 8f5f 	dmb	sy
1000259e:	2301      	movs	r3, #1
100025a0:	7023      	strb	r3, [r4, #0]
100025a2:	f808 3012 	strb.w	r3, [r8, r2, lsl #1]
100025a6:	f04f 4350 	mov.w	r3, #3489660928	@ 0xd0000000
100025aa:	681a      	ldr	r2, [r3, #0]
100025ac:	f849 7022 	str.w	r7, [r9, r2, lsl #2]
100025b0:	2f00      	cmp	r7, #0
100025b2:	d040      	beq.n	10002636 <prvCheckForRunStateChange+0x122>
100025b4:	6bb3      	ldr	r3, [r6, #56]	@ 0x38
100025b6:	3302      	adds	r3, #2
100025b8:	d14e      	bne.n	10002658 <prvCheckForRunStateChange+0x144>
100025ba:	f04f 4150 	mov.w	r1, #3489660928	@ 0xd0000000
100025be:	680a      	ldr	r2, [r1, #0]
100025c0:	f859 7022 	ldr.w	r7, [r9, r2, lsl #2]
100025c4:	b16f      	cbz	r7, 100025e2 <prvCheckForRunStateChange+0xce>
100025c6:	2300      	movs	r3, #0
100025c8:	f849 3022 	str.w	r3, [r9, r2, lsl #2]
100025cc:	7823      	ldrb	r3, [r4, #0]
100025ce:	680a      	ldr	r2, [r1, #0]
100025d0:	3b01      	subs	r3, #1
100025d2:	b2db      	uxtb	r3, r3
100025d4:	7023      	strb	r3, [r4, #0]
100025d6:	b923      	cbnz	r3, 100025e2 <prvCheckForRunStateChange+0xce>
100025d8:	f808 3012 	strb.w	r3, [r8, r2, lsl #1]
100025dc:	e8c5 3f8f 	stlb	r3, [r5]
100025e0:	680a      	ldr	r2, [r1, #0]
100025e2:	7863      	ldrb	r3, [r4, #1]
100025e4:	3b01      	subs	r3, #1
100025e6:	b2db      	uxtb	r3, r3
100025e8:	7063      	strb	r3, [r4, #1]
100025ea:	2b00      	cmp	r3, #0
100025ec:	d1a1      	bne.n	10002532 <prvCheckForRunStateChange+0x1e>
100025ee:	eb08 0242 	add.w	r2, r8, r2, lsl #1
100025f2:	f8df a07c 	ldr.w	sl, [pc, #124]	@ 10002670 <prvCheckForRunStateChange+0x15c>
100025f6:	7053      	strb	r3, [r2, #1]
100025f8:	e8ca 3f8f 	stlb	r3, [sl]
100025fc:	e79b      	b.n	10002536 <prvCheckForRunStateChange+0x22>
100025fe:	eb08 0243 	add.w	r2, r8, r3, lsl #1
10002602:	7852      	ldrb	r2, [r2, #1]
10002604:	005b      	lsls	r3, r3, #1
10002606:	bb12      	cbnz	r2, 1000264e <prvCheckForRunStateChange+0x13a>
10002608:	e8da 1fcf 	ldaexb	r1, [sl]
1000260c:	2201      	movs	r2, #1
1000260e:	2900      	cmp	r1, #0
10002610:	d1fa      	bne.n	10002608 <prvCheckForRunStateChange+0xf4>
10002612:	e8ca 2f41 	strexb	r1, r2, [sl]
10002616:	2900      	cmp	r1, #0
10002618:	d1f6      	bne.n	10002608 <prvCheckForRunStateChange+0xf4>
1000261a:	f3bf 8f5f 	dmb	sy
1000261e:	e79e      	b.n	1000255e <prvCheckForRunStateChange+0x4a>
10002620:	7823      	ldrb	r3, [r4, #0]
10002622:	3301      	adds	r3, #1
10002624:	b2db      	uxtb	r3, r3
10002626:	7023      	strb	r3, [r4, #0]
10002628:	f04f 4350 	mov.w	r3, #3489660928	@ 0xd0000000
1000262c:	681a      	ldr	r2, [r3, #0]
1000262e:	f849 7022 	str.w	r7, [r9, r2, lsl #2]
10002632:	2f00      	cmp	r7, #0
10002634:	d1be      	bne.n	100025b4 <prvCheckForRunStateChange+0xa0>
10002636:	681a      	ldr	r2, [r3, #0]
10002638:	7823      	ldrb	r3, [r4, #0]
1000263a:	3b01      	subs	r3, #1
1000263c:	b2db      	uxtb	r3, r3
1000263e:	7023      	strb	r3, [r4, #0]
10002640:	2b00      	cmp	r3, #0
10002642:	d1b7      	bne.n	100025b4 <prvCheckForRunStateChange+0xa0>
10002644:	f808 7012 	strb.w	r7, [r8, r2, lsl #1]
10002648:	e8c5 7f8f 	stlb	r7, [r5]
1000264c:	e76f      	b.n	1000252e <prvCheckForRunStateChange+0x1a>
1000264e:	7863      	ldrb	r3, [r4, #1]
10002650:	3301      	adds	r3, #1
10002652:	b2db      	uxtb	r3, r3
10002654:	7063      	strb	r3, [r4, #1]
10002656:	e786      	b.n	10002566 <prvCheckForRunStateChange+0x52>
10002658:	e8bd 87f0 	ldmia.w	sp!, {r4, r5, r6, r7, r8, r9, sl, pc}
1000265c:	20000928 	.word	0x20000928
10002660:	20020bd4 	.word	0x20020bd4
10002664:	200008aa 	.word	0x200008aa
10002668:	20020bd8 	.word	0x20020bd8
1000266c:	20020bd0 	.word	0x20020bd0
10002670:	200008ab 	.word	0x200008ab

10002674 <vTaskSuspendAll.part.0>:
10002674:	b5f8      	push	{r3, r4, r5, r6, r7, lr}
10002676:	f7fe ff47 	bl	10001508 <ulSetInterruptMask>
1000267a:	f04f 4250 	mov.w	r2, #3489660928	@ 0xd0000000
1000267e:	4606      	mov	r6, r0
10002680:	4b35      	ldr	r3, [pc, #212]	@ (10002758 <vTaskSuspendAll.part.0+0xe4>)
10002682:	6812      	ldr	r2, [r2, #0]
10002684:	e8d3 1fcf 	ldaexb	r1, [r3]
10002688:	2001      	movs	r0, #1
1000268a:	2900      	cmp	r1, #0
1000268c:	d101      	bne.n	10002692 <vTaskSuspendAll.part.0+0x1e>
1000268e:	e8c3 0f41 	strexb	r1, r0, [r3]
10002692:	f3bf 8f5f 	dmb	sy
10002696:	4d31      	ldr	r5, [pc, #196]	@ (1000275c <vTaskSuspendAll.part.0+0xe8>)
10002698:	2900      	cmp	r1, #0
1000269a:	d13e      	bne.n	1000271a <vTaskSuspendAll.part.0+0xa6>
1000269c:	0051      	lsls	r1, r2, #1
1000269e:	2301      	movs	r3, #1
100026a0:	4c2f      	ldr	r4, [pc, #188]	@ (10002760 <vTaskSuspendAll.part.0+0xec>)
100026a2:	4429      	add	r1, r5
100026a4:	7063      	strb	r3, [r4, #1]
100026a6:	704b      	strb	r3, [r1, #1]
100026a8:	4f2e      	ldr	r7, [pc, #184]	@ (10002764 <vTaskSuspendAll.part.0+0xf0>)
100026aa:	683b      	ldr	r3, [r7, #0]
100026ac:	2b00      	cmp	r3, #0
100026ae:	d045      	beq.n	1000273c <vTaskSuspendAll.part.0+0xc8>
100026b0:	f04f 4350 	mov.w	r3, #3489660928	@ 0xd0000000
100026b4:	4a2c      	ldr	r2, [pc, #176]	@ (10002768 <vTaskSuspendAll.part.0+0xf4>)
100026b6:	6819      	ldr	r1, [r3, #0]
100026b8:	e8d2 3fcf 	ldaexb	r3, [r2]
100026bc:	2001      	movs	r0, #1
100026be:	2b00      	cmp	r3, #0
100026c0:	d101      	bne.n	100026c6 <vTaskSuspendAll.part.0+0x52>
100026c2:	e8c2 0f43 	strexb	r3, r0, [r2]
100026c6:	f3bf 8f5f 	dmb	sy
100026ca:	b173      	cbz	r3, 100026ea <vTaskSuspendAll.part.0+0x76>
100026cc:	f815 3011 	ldrb.w	r3, [r5, r1, lsl #1]
100026d0:	2b00      	cmp	r3, #0
100026d2:	d13c      	bne.n	1000274e <vTaskSuspendAll.part.0+0xda>
100026d4:	e8d2 0fcf 	ldaexb	r0, [r2]
100026d8:	2301      	movs	r3, #1
100026da:	2800      	cmp	r0, #0
100026dc:	d1fa      	bne.n	100026d4 <vTaskSuspendAll.part.0+0x60>
100026de:	e8c2 3f40 	strexb	r0, r3, [r2]
100026e2:	2800      	cmp	r0, #0
100026e4:	d1f6      	bne.n	100026d4 <vTaskSuspendAll.part.0+0x60>
100026e6:	f3bf 8f5f 	dmb	sy
100026ea:	2301      	movs	r3, #1
100026ec:	7023      	strb	r3, [r4, #0]
100026ee:	f805 3011 	strb.w	r3, [r5, r1, lsl #1]
100026f2:	f04f 4150 	mov.w	r1, #3489660928	@ 0xd0000000
100026f6:	683b      	ldr	r3, [r7, #0]
100026f8:	3301      	adds	r3, #1
100026fa:	603b      	str	r3, [r7, #0]
100026fc:	7823      	ldrb	r3, [r4, #0]
100026fe:	6809      	ldr	r1, [r1, #0]
10002700:	3b01      	subs	r3, #1
10002702:	b2db      	uxtb	r3, r3
10002704:	7023      	strb	r3, [r4, #0]
10002706:	b91b      	cbnz	r3, 10002710 <vTaskSuspendAll.part.0+0x9c>
10002708:	f805 3011 	strb.w	r3, [r5, r1, lsl #1]
1000270c:	e8c2 3f8f 	stlb	r3, [r2]
10002710:	4630      	mov	r0, r6
10002712:	e8bd 40f8 	ldmia.w	sp!, {r3, r4, r5, r6, r7, lr}
10002716:	f7fe bf03 	b.w	10001520 <vClearInterruptMask>
1000271a:	0051      	lsls	r1, r2, #1
1000271c:	eb05 0242 	add.w	r2, r5, r2, lsl #1
10002720:	7852      	ldrb	r2, [r2, #1]
10002722:	b972      	cbnz	r2, 10002742 <vTaskSuspendAll.part.0+0xce>
10002724:	e8d3 0fcf 	ldaexb	r0, [r3]
10002728:	2201      	movs	r2, #1
1000272a:	2800      	cmp	r0, #0
1000272c:	d1fa      	bne.n	10002724 <vTaskSuspendAll.part.0+0xb0>
1000272e:	e8c3 2f40 	strexb	r0, r2, [r3]
10002732:	2800      	cmp	r0, #0
10002734:	d1f6      	bne.n	10002724 <vTaskSuspendAll.part.0+0xb0>
10002736:	f3bf 8f5f 	dmb	sy
1000273a:	e7b0      	b.n	1000269e <vTaskSuspendAll.part.0+0x2a>
1000273c:	f7ff feea 	bl	10002514 <prvCheckForRunStateChange>
10002740:	e7b6      	b.n	100026b0 <vTaskSuspendAll.part.0+0x3c>
10002742:	4c07      	ldr	r4, [pc, #28]	@ (10002760 <vTaskSuspendAll.part.0+0xec>)
10002744:	7863      	ldrb	r3, [r4, #1]
10002746:	3301      	adds	r3, #1
10002748:	b2db      	uxtb	r3, r3
1000274a:	7063      	strb	r3, [r4, #1]
1000274c:	e7ac      	b.n	100026a8 <vTaskSuspendAll.part.0+0x34>
1000274e:	7823      	ldrb	r3, [r4, #0]
10002750:	3301      	adds	r3, #1
10002752:	b2db      	uxtb	r3, r3
10002754:	7023      	strb	r3, [r4, #0]
10002756:	e7cc      	b.n	100026f2 <vTaskSuspendAll.part.0+0x7e>
10002758:	200008ab 	.word	0x200008ab
1000275c:	20020bd0 	.word	0x20020bd0
10002760:	20020bd4 	.word	0x20020bd4
10002764:	20020bec 	.word	0x20020bec
10002768:	200008aa 	.word	0x200008aa

1000276c <vTaskEnterCriticalFromISR.part.0>:
1000276c:	b570      	push	{r4, r5, r6, lr}
1000276e:	f7fe fecb 	bl	10001508 <ulSetInterruptMask>
10002772:	f04f 4150 	mov.w	r1, #3489660928	@ 0xd0000000
10002776:	4a1e      	ldr	r2, [pc, #120]	@ (100027f0 <vTaskEnterCriticalFromISR.part.0+0x84>)
10002778:	680b      	ldr	r3, [r1, #0]
1000277a:	f852 4023 	ldr.w	r4, [r2, r3, lsl #2]
1000277e:	b12c      	cbz	r4, 1000278c <vTaskEnterCriticalFromISR.part.0+0x20>
10002780:	f852 1023 	ldr.w	r1, [r2, r3, lsl #2]
10002784:	3101      	adds	r1, #1
10002786:	f842 1023 	str.w	r1, [r2, r3, lsl #2]
1000278a:	bd70      	pop	{r4, r5, r6, pc}
1000278c:	4c19      	ldr	r4, [pc, #100]	@ (100027f4 <vTaskEnterCriticalFromISR.part.0+0x88>)
1000278e:	e8d4 5fcf 	ldaexb	r5, [r4]
10002792:	2601      	movs	r6, #1
10002794:	2d00      	cmp	r5, #0
10002796:	d101      	bne.n	1000279c <vTaskEnterCriticalFromISR.part.0+0x30>
10002798:	e8c4 6f45 	strexb	r5, r6, [r4]
1000279c:	f3bf 8f5f 	dmb	sy
100027a0:	b17d      	cbz	r5, 100027c2 <vTaskEnterCriticalFromISR.part.0+0x56>
100027a2:	4d15      	ldr	r5, [pc, #84]	@ (100027f8 <vTaskEnterCriticalFromISR.part.0+0x8c>)
100027a4:	f815 6013 	ldrb.w	r6, [r5, r3, lsl #1]
100027a8:	b9d6      	cbnz	r6, 100027e0 <vTaskEnterCriticalFromISR.part.0+0x74>
100027aa:	e8d4 6fcf 	ldaexb	r6, [r4]
100027ae:	2101      	movs	r1, #1
100027b0:	2e00      	cmp	r6, #0
100027b2:	d1fa      	bne.n	100027aa <vTaskEnterCriticalFromISR.part.0+0x3e>
100027b4:	e8c4 1f46 	strexb	r6, r1, [r4]
100027b8:	2e00      	cmp	r6, #0
100027ba:	d1f6      	bne.n	100027aa <vTaskEnterCriticalFromISR.part.0+0x3e>
100027bc:	f3bf 8f5f 	dmb	sy
100027c0:	e000      	b.n	100027c4 <vTaskEnterCriticalFromISR.part.0+0x58>
100027c2:	4d0d      	ldr	r5, [pc, #52]	@ (100027f8 <vTaskEnterCriticalFromISR.part.0+0x8c>)
100027c4:	2101      	movs	r1, #1
100027c6:	4c0d      	ldr	r4, [pc, #52]	@ (100027fc <vTaskEnterCriticalFromISR.part.0+0x90>)
100027c8:	7021      	strb	r1, [r4, #0]
100027ca:	f805 1013 	strb.w	r1, [r5, r3, lsl #1]
100027ce:	f04f 4350 	mov.w	r3, #3489660928	@ 0xd0000000
100027d2:	681b      	ldr	r3, [r3, #0]
100027d4:	f852 1023 	ldr.w	r1, [r2, r3, lsl #2]
100027d8:	3101      	adds	r1, #1
100027da:	f842 1023 	str.w	r1, [r2, r3, lsl #2]
100027de:	bd70      	pop	{r4, r5, r6, pc}
100027e0:	4c06      	ldr	r4, [pc, #24]	@ (100027fc <vTaskEnterCriticalFromISR.part.0+0x90>)
100027e2:	7823      	ldrb	r3, [r4, #0]
100027e4:	3301      	adds	r3, #1
100027e6:	b2db      	uxtb	r3, r3
100027e8:	7023      	strb	r3, [r4, #0]
100027ea:	680b      	ldr	r3, [r1, #0]
100027ec:	e7c8      	b.n	10002780 <vTaskEnterCriticalFromISR.part.0+0x14>
100027ee:	bf00      	nop
100027f0:	20020bd8 	.word	0x20020bd8
100027f4:	200008aa 	.word	0x200008aa
100027f8:	20020bd0 	.word	0x20020bd0
100027fc:	20020bd4 	.word	0x20020bd4

10002800 <prvCheckTasksWaitingTermination>:
10002800:	e92d 41f0 	stmdb	sp!, {r4, r5, r6, r7, r8, lr}
10002804:	4c5b      	ldr	r4, [pc, #364]	@ (10002974 <prvCheckTasksWaitingTermination+0x174>)
10002806:	4d5c      	ldr	r5, [pc, #368]	@ (10002978 <prvCheckTasksWaitingTermination+0x178>)
10002808:	4e5c      	ldr	r6, [pc, #368]	@ (1000297c <prvCheckTasksWaitingTermination+0x17c>)
1000280a:	f04f 4750 	mov.w	r7, #3489660928	@ 0xd0000000
1000280e:	6823      	ldr	r3, [r4, #0]
10002810:	2b00      	cmp	r3, #0
10002812:	d035      	beq.n	10002880 <prvCheckTasksWaitingTermination+0x80>
10002814:	f7fe fe78 	bl	10001508 <ulSetInterruptMask>
10002818:	682b      	ldr	r3, [r5, #0]
1000281a:	b173      	cbz	r3, 1000283a <prvCheckTasksWaitingTermination+0x3a>
1000281c:	683b      	ldr	r3, [r7, #0]
1000281e:	f856 2023 	ldr.w	r2, [r6, r3, lsl #2]
10002822:	2a00      	cmp	r2, #0
10002824:	d03b      	beq.n	1000289e <prvCheckTasksWaitingTermination+0x9e>
10002826:	f856 2023 	ldr.w	r2, [r6, r3, lsl #2]
1000282a:	3201      	adds	r2, #1
1000282c:	f846 2023 	str.w	r2, [r6, r3, lsl #2]
10002830:	683b      	ldr	r3, [r7, #0]
10002832:	f856 3023 	ldr.w	r3, [r6, r3, lsl #2]
10002836:	2b01      	cmp	r3, #1
10002838:	d02a      	beq.n	10002890 <prvCheckTasksWaitingTermination+0x90>
1000283a:	6823      	ldr	r3, [r4, #0]
1000283c:	b313      	cbz	r3, 10002884 <prvCheckTasksWaitingTermination+0x84>
1000283e:	4b50      	ldr	r3, [pc, #320]	@ (10002980 <prvCheckTasksWaitingTermination+0x180>)
10002840:	68db      	ldr	r3, [r3, #12]
10002842:	68df      	ldr	r7, [r3, #12]
10002844:	6bbb      	ldr	r3, [r7, #56]	@ 0x38
10002846:	3301      	adds	r3, #1
10002848:	f040 808c 	bne.w	10002964 <prvCheckTasksWaitingTermination+0x164>
1000284c:	f107 0008 	add.w	r0, r7, #8
10002850:	f7fe ffd8 	bl	10001804 <uxListRemove>
10002854:	4a4b      	ldr	r2, [pc, #300]	@ (10002984 <prvCheckTasksWaitingTermination+0x184>)
10002856:	6813      	ldr	r3, [r2, #0]
10002858:	3b01      	subs	r3, #1
1000285a:	6013      	str	r3, [r2, #0]
1000285c:	6823      	ldr	r3, [r4, #0]
1000285e:	3b01      	subs	r3, #1
10002860:	6023      	str	r3, [r4, #0]
10002862:	682b      	ldr	r3, [r5, #0]
10002864:	b10b      	cbz	r3, 1000286a <prvCheckTasksWaitingTermination+0x6a>
10002866:	f7ff fd73 	bl	10002350 <vTaskExitCritical.part.0>
1000286a:	6b78      	ldr	r0, [r7, #52]	@ 0x34
1000286c:	f7fe fb82 	bl	10000f74 <vPortFree>
10002870:	4638      	mov	r0, r7
10002872:	f7fe fb7f 	bl	10000f74 <vPortFree>
10002876:	6823      	ldr	r3, [r4, #0]
10002878:	f04f 4750 	mov.w	r7, #3489660928	@ 0xd0000000
1000287c:	2b00      	cmp	r3, #0
1000287e:	d1c9      	bne.n	10002814 <prvCheckTasksWaitingTermination+0x14>
10002880:	e8bd 81f0 	ldmia.w	sp!, {r4, r5, r6, r7, r8, pc}
10002884:	682b      	ldr	r3, [r5, #0]
10002886:	2b00      	cmp	r3, #0
10002888:	d0c1      	beq.n	1000280e <prvCheckTasksWaitingTermination+0xe>
1000288a:	f7ff fd61 	bl	10002350 <vTaskExitCritical.part.0>
1000288e:	e7bc      	b.n	1000280a <prvCheckTasksWaitingTermination+0xa>
10002890:	4b3d      	ldr	r3, [pc, #244]	@ (10002988 <prvCheckTasksWaitingTermination+0x188>)
10002892:	681b      	ldr	r3, [r3, #0]
10002894:	2b00      	cmp	r3, #0
10002896:	d1d0      	bne.n	1000283a <prvCheckTasksWaitingTermination+0x3a>
10002898:	f7ff fe3c 	bl	10002514 <prvCheckForRunStateChange>
1000289c:	e7cd      	b.n	1000283a <prvCheckTasksWaitingTermination+0x3a>
1000289e:	4a3b      	ldr	r2, [pc, #236]	@ (1000298c <prvCheckTasksWaitingTermination+0x18c>)
100028a0:	e8d2 1fcf 	ldaexb	r1, [r2]
100028a4:	2001      	movs	r0, #1
100028a6:	2900      	cmp	r1, #0
100028a8:	d101      	bne.n	100028ae <prvCheckTasksWaitingTermination+0xae>
100028aa:	e8c2 0f41 	strexb	r1, r0, [r2]
100028ae:	f3bf 8f5f 	dmb	sy
100028b2:	2900      	cmp	r1, #0
100028b4:	d135      	bne.n	10002922 <prvCheckTasksWaitingTermination+0x122>
100028b6:	4936      	ldr	r1, [pc, #216]	@ (10002990 <prvCheckTasksWaitingTermination+0x190>)
100028b8:	0058      	lsls	r0, r3, #1
100028ba:	2301      	movs	r3, #1
100028bc:	4a35      	ldr	r2, [pc, #212]	@ (10002994 <prvCheckTasksWaitingTermination+0x194>)
100028be:	4408      	add	r0, r1
100028c0:	7053      	strb	r3, [r2, #1]
100028c2:	7043      	strb	r3, [r0, #1]
100028c4:	f04f 4c50 	mov.w	ip, #3489660928	@ 0xd0000000
100028c8:	4b33      	ldr	r3, [pc, #204]	@ (10002998 <prvCheckTasksWaitingTermination+0x198>)
100028ca:	f8dc 0000 	ldr.w	r0, [ip]
100028ce:	e8d3 efcf 	ldaexb	lr, [r3]
100028d2:	f05f 0801 	movs.w	r8, #1
100028d6:	f1be 0f00 	cmp.w	lr, #0
100028da:	d101      	bne.n	100028e0 <prvCheckTasksWaitingTermination+0xe0>
100028dc:	e8c3 8f4e 	strexb	lr, r8, [r3]
100028e0:	f3bf 8f5f 	dmb	sy
100028e4:	f1be 0f00 	cmp.w	lr, #0
100028e8:	d012      	beq.n	10002910 <prvCheckTasksWaitingTermination+0x110>
100028ea:	f811 e010 	ldrb.w	lr, [r1, r0, lsl #1]
100028ee:	f1be 0f00 	cmp.w	lr, #0
100028f2:	d12a      	bne.n	1000294a <prvCheckTasksWaitingTermination+0x14a>
100028f4:	e8d3 efcf 	ldaexb	lr, [r3]
100028f8:	f05f 0c01 	movs.w	ip, #1
100028fc:	f1be 0f00 	cmp.w	lr, #0
10002900:	d1f8      	bne.n	100028f4 <prvCheckTasksWaitingTermination+0xf4>
10002902:	e8c3 cf4e 	strexb	lr, ip, [r3]
10002906:	f1be 0f00 	cmp.w	lr, #0
1000290a:	d1f3      	bne.n	100028f4 <prvCheckTasksWaitingTermination+0xf4>
1000290c:	f3bf 8f5f 	dmb	sy
10002910:	2301      	movs	r3, #1
10002912:	f04f 4c50 	mov.w	ip, #3489660928	@ 0xd0000000
10002916:	7013      	strb	r3, [r2, #0]
10002918:	f801 3010 	strb.w	r3, [r1, r0, lsl #1]
1000291c:	f8dc 3000 	ldr.w	r3, [ip]
10002920:	e781      	b.n	10002826 <prvCheckTasksWaitingTermination+0x26>
10002922:	491b      	ldr	r1, [pc, #108]	@ (10002990 <prvCheckTasksWaitingTermination+0x190>)
10002924:	0058      	lsls	r0, r3, #1
10002926:	eb01 0343 	add.w	r3, r1, r3, lsl #1
1000292a:	785b      	ldrb	r3, [r3, #1]
1000292c:	b9a3      	cbnz	r3, 10002958 <prvCheckTasksWaitingTermination+0x158>
1000292e:	e8d2 cfcf 	ldaexb	ip, [r2]
10002932:	2301      	movs	r3, #1
10002934:	f1bc 0f00 	cmp.w	ip, #0
10002938:	d1f9      	bne.n	1000292e <prvCheckTasksWaitingTermination+0x12e>
1000293a:	e8c2 3f4c 	strexb	ip, r3, [r2]
1000293e:	f1bc 0f00 	cmp.w	ip, #0
10002942:	d1f4      	bne.n	1000292e <prvCheckTasksWaitingTermination+0x12e>
10002944:	f3bf 8f5f 	dmb	sy
10002948:	e7b7      	b.n	100028ba <prvCheckTasksWaitingTermination+0xba>
1000294a:	7813      	ldrb	r3, [r2, #0]
1000294c:	3301      	adds	r3, #1
1000294e:	b2db      	uxtb	r3, r3
10002950:	7013      	strb	r3, [r2, #0]
10002952:	f8dc 3000 	ldr.w	r3, [ip]
10002956:	e766      	b.n	10002826 <prvCheckTasksWaitingTermination+0x26>
10002958:	4a0e      	ldr	r2, [pc, #56]	@ (10002994 <prvCheckTasksWaitingTermination+0x194>)
1000295a:	7853      	ldrb	r3, [r2, #1]
1000295c:	3301      	adds	r3, #1
1000295e:	b2db      	uxtb	r3, r3
10002960:	7053      	strb	r3, [r2, #1]
10002962:	e7af      	b.n	100028c4 <prvCheckTasksWaitingTermination+0xc4>
10002964:	682b      	ldr	r3, [r5, #0]
10002966:	2b00      	cmp	r3, #0
10002968:	d08a      	beq.n	10002880 <prvCheckTasksWaitingTermination+0x80>
1000296a:	e8bd 41f0 	ldmia.w	sp!, {r4, r5, r6, r7, r8, lr}
1000296e:	f7ff bcef 	b.w	10002350 <vTaskExitCritical.part.0>
10002972:	bf00      	nop
10002974:	20020be8 	.word	0x20020be8
10002978:	20020c88 	.word	0x20020c88
1000297c:	20020bd8 	.word	0x20020bd8
10002980:	20020ca8 	.word	0x20020ca8
10002984:	20020be4 	.word	0x20020be4
10002988:	20020bec 	.word	0x20020bec
1000298c:	200008ab 	.word	0x200008ab
10002990:	20020bd0 	.word	0x20020bd0
10002994:	20020bd4 	.word	0x20020bd4
10002998:	200008aa 	.word	0x200008aa

1000299c <prvIdleTask>:
1000299c:	b508      	push	{r3, lr}
1000299e:	f7fe fc0f 	bl	100011c0 <vPortYield>
100029a2:	4c04      	ldr	r4, [pc, #16]	@ (100029b4 <prvIdleTask+0x18>)
100029a4:	f7ff ff2c 	bl	10002800 <prvCheckTasksWaitingTermination>
100029a8:	6823      	ldr	r3, [r4, #0]
100029aa:	2b02      	cmp	r3, #2
100029ac:	d9fa      	bls.n	100029a4 <prvIdleTask+0x8>
100029ae:	f7fe fc07 	bl	100011c0 <vPortYield>
100029b2:	e7f7      	b.n	100029a4 <prvIdleTask+0x8>
100029b4:	20000944 	.word	0x20000944

100029b8 <prvAddCurrentTaskToDelayedList>:
100029b8:	e92d 4ff8 	stmdb	sp!, {r3, r4, r5, r6, r7, r8, r9, sl, fp, lr}
100029bc:	f04f 4550 	mov.w	r5, #3489660928	@ 0xd0000000
100029c0:	4a46      	ldr	r2, [pc, #280]	@ (10002adc <prvAddCurrentTaskToDelayedList+0x124>)
100029c2:	4b47      	ldr	r3, [pc, #284]	@ (10002ae0 <prvAddCurrentTaskToDelayedList+0x128>)
100029c4:	4c47      	ldr	r4, [pc, #284]	@ (10002ae4 <prvAddCurrentTaskToDelayedList+0x12c>)
100029c6:	460f      	mov	r7, r1
100029c8:	f8d4 a000 	ldr.w	sl, [r4]
100029cc:	4e46      	ldr	r6, [pc, #280]	@ (10002ae8 <prvAddCurrentTaskToDelayedList+0x130>)
100029ce:	f8d2 8000 	ldr.w	r8, [r2]
100029d2:	4604      	mov	r4, r0
100029d4:	f8d3 9000 	ldr.w	r9, [r3]
100029d8:	f7fe fd96 	bl	10001508 <ulSetInterruptMask>
100029dc:	682b      	ldr	r3, [r5, #0]
100029de:	f856 b023 	ldr.w	fp, [r6, r3, lsl #2]
100029e2:	f7fe fd9d 	bl	10001520 <vClearInterruptMask>
100029e6:	2300      	movs	r3, #0
100029e8:	f88b 3079 	strb.w	r3, [fp, #121]	@ 0x79
100029ec:	f7fe fd8c 	bl	10001508 <ulSetInterruptMask>
100029f0:	682b      	ldr	r3, [r5, #0]
100029f2:	f856 b023 	ldr.w	fp, [r6, r3, lsl #2]
100029f6:	f7fe fd93 	bl	10001520 <vClearInterruptMask>
100029fa:	f10b 0008 	add.w	r0, fp, #8
100029fe:	f7fe ff01 	bl	10001804 <uxListRemove>
10002a02:	1c63      	adds	r3, r4, #1
10002a04:	d100      	bne.n	10002a08 <prvAddCurrentTaskToDelayedList+0x50>
10002a06:	bb8f      	cbnz	r7, 10002a6c <prvAddCurrentTaskToDelayedList+0xb4>
10002a08:	f04f 4550 	mov.w	r5, #3489660928	@ 0xd0000000
10002a0c:	eb1a 0404 	adds.w	r4, sl, r4
10002a10:	bf2c      	ite	cs
10002a12:	2701      	movcs	r7, #1
10002a14:	2700      	movcc	r7, #0
10002a16:	f7fe fd77 	bl	10001508 <ulSetInterruptMask>
10002a1a:	682b      	ldr	r3, [r5, #0]
10002a1c:	f856 a023 	ldr.w	sl, [r6, r3, lsl #2]
10002a20:	f7fe fd7e 	bl	10001520 <vClearInterruptMask>
10002a24:	f8ca 4008 	str.w	r4, [sl, #8]
10002a28:	b997      	cbnz	r7, 10002a50 <prvAddCurrentTaskToDelayedList+0x98>
10002a2a:	f7fe fd6d 	bl	10001508 <ulSetInterruptMask>
10002a2e:	682b      	ldr	r3, [r5, #0]
10002a30:	f856 5023 	ldr.w	r5, [r6, r3, lsl #2]
10002a34:	f7fe fd74 	bl	10001520 <vClearInterruptMask>
10002a38:	4640      	mov	r0, r8
10002a3a:	f105 0108 	add.w	r1, r5, #8
10002a3e:	f7fe fec9 	bl	100017d4 <vListInsert>
10002a42:	4b2a      	ldr	r3, [pc, #168]	@ (10002aec <prvAddCurrentTaskToDelayedList+0x134>)
10002a44:	681a      	ldr	r2, [r3, #0]
10002a46:	42a2      	cmp	r2, r4
10002a48:	bf88      	it	hi
10002a4a:	601c      	strhi	r4, [r3, #0]
10002a4c:	e8bd 8ff8 	ldmia.w	sp!, {r3, r4, r5, r6, r7, r8, r9, sl, fp, pc}
10002a50:	f7fe fd5a 	bl	10001508 <ulSetInterruptMask>
10002a54:	682b      	ldr	r3, [r5, #0]
10002a56:	f856 4023 	ldr.w	r4, [r6, r3, lsl #2]
10002a5a:	f7fe fd61 	bl	10001520 <vClearInterruptMask>
10002a5e:	4648      	mov	r0, r9
10002a60:	f104 0108 	add.w	r1, r4, #8
10002a64:	e8bd 4ff8 	ldmia.w	sp!, {r3, r4, r5, r6, r7, r8, r9, sl, fp, lr}
10002a68:	f7fe beb4 	b.w	100017d4 <vListInsert>
10002a6c:	4c20      	ldr	r4, [pc, #128]	@ (10002af0 <prvAddCurrentTaskToDelayedList+0x138>)
10002a6e:	6867      	ldr	r7, [r4, #4]
10002a70:	f7fe fd4a 	bl	10001508 <ulSetInterruptMask>
10002a74:	682b      	ldr	r3, [r5, #0]
10002a76:	f856 8023 	ldr.w	r8, [r6, r3, lsl #2]
10002a7a:	f7fe fd51 	bl	10001520 <vClearInterruptMask>
10002a7e:	f8c8 700c 	str.w	r7, [r8, #12]
10002a82:	f7fe fd41 	bl	10001508 <ulSetInterruptMask>
10002a86:	682b      	ldr	r3, [r5, #0]
10002a88:	f856 8023 	ldr.w	r8, [r6, r3, lsl #2]
10002a8c:	f7fe fd48 	bl	10001520 <vClearInterruptMask>
10002a90:	68bb      	ldr	r3, [r7, #8]
10002a92:	f8c8 3010 	str.w	r3, [r8, #16]
10002a96:	f7fe fd37 	bl	10001508 <ulSetInterruptMask>
10002a9a:	682b      	ldr	r3, [r5, #0]
10002a9c:	f856 8023 	ldr.w	r8, [r6, r3, lsl #2]
10002aa0:	f7fe fd3e 	bl	10001520 <vClearInterruptMask>
10002aa4:	68ba      	ldr	r2, [r7, #8]
10002aa6:	f108 0308 	add.w	r3, r8, #8
10002aaa:	6053      	str	r3, [r2, #4]
10002aac:	f7fe fd2c 	bl	10001508 <ulSetInterruptMask>
10002ab0:	682b      	ldr	r3, [r5, #0]
10002ab2:	f856 8023 	ldr.w	r8, [r6, r3, lsl #2]
10002ab6:	f7fe fd33 	bl	10001520 <vClearInterruptMask>
10002aba:	f108 0308 	add.w	r3, r8, #8
10002abe:	60bb      	str	r3, [r7, #8]
10002ac0:	f7fe fd22 	bl	10001508 <ulSetInterruptMask>
10002ac4:	682b      	ldr	r3, [r5, #0]
10002ac6:	f856 5023 	ldr.w	r5, [r6, r3, lsl #2]
10002aca:	f7fe fd29 	bl	10001520 <vClearInterruptMask>
10002ace:	6823      	ldr	r3, [r4, #0]
10002ad0:	61ac      	str	r4, [r5, #24]
10002ad2:	3301      	adds	r3, #1
10002ad4:	6023      	str	r3, [r4, #0]
10002ad6:	e8bd 8ff8 	ldmia.w	sp!, {r3, r4, r5, r6, r7, r8, r9, sl, fp, pc}
10002ada:	bf00      	nop
10002adc:	20000934 	.word	0x20000934
10002ae0:	2000093c 	.word	0x2000093c
10002ae4:	20020cbc 	.word	0x20020cbc
10002ae8:	20000928 	.word	0x20000928
10002aec:	20020c60 	.word	0x20020c60
10002af0:	20020c94 	.word	0x20020c94

10002af4 <vTaskCoreAffinitySet>:
10002af4:	e92d 41f0 	stmdb	sp!, {r4, r5, r6, r7, r8, lr}
10002af8:	4e64      	ldr	r6, [pc, #400]	@ (10002c8c <vTaskCoreAffinitySet+0x198>)
10002afa:	4604      	mov	r4, r0
10002afc:	460d      	mov	r5, r1
10002afe:	f7fe fd03 	bl	10001508 <ulSetInterruptMask>
10002b02:	6833      	ldr	r3, [r6, #0]
10002b04:	b19b      	cbz	r3, 10002b2e <vTaskCoreAffinitySet+0x3a>
10002b06:	f04f 4350 	mov.w	r3, #3489660928	@ 0xd0000000
10002b0a:	4a61      	ldr	r2, [pc, #388]	@ (10002c90 <vTaskCoreAffinitySet+0x19c>)
10002b0c:	681b      	ldr	r3, [r3, #0]
10002b0e:	f852 1023 	ldr.w	r1, [r2, r3, lsl #2]
10002b12:	2900      	cmp	r1, #0
10002b14:	d035      	beq.n	10002b82 <vTaskCoreAffinitySet+0x8e>
10002b16:	f04f 4050 	mov.w	r0, #3489660928	@ 0xd0000000
10002b1a:	f852 1023 	ldr.w	r1, [r2, r3, lsl #2]
10002b1e:	3101      	adds	r1, #1
10002b20:	f842 1023 	str.w	r1, [r2, r3, lsl #2]
10002b24:	6803      	ldr	r3, [r0, #0]
10002b26:	f852 3023 	ldr.w	r3, [r2, r3, lsl #2]
10002b2a:	2b01      	cmp	r3, #1
10002b2c:	d016      	beq.n	10002b5c <vTaskCoreAffinitySet+0x68>
10002b2e:	b1ec      	cbz	r4, 10002b6c <vTaskCoreAffinitySet+0x78>
10002b30:	6833      	ldr	r3, [r6, #0]
10002b32:	6862      	ldr	r2, [r4, #4]
10002b34:	6065      	str	r5, [r4, #4]
10002b36:	b14b      	cbz	r3, 10002b4c <vTaskCoreAffinitySet+0x58>
10002b38:	6ba3      	ldr	r3, [r4, #56]	@ 0x38
10002b3a:	2b00      	cmp	r3, #0
10002b3c:	db02      	blt.n	10002b44 <vTaskCoreAffinitySet+0x50>
10002b3e:	6ba3      	ldr	r3, [r4, #56]	@ 0x38
10002b40:	2b01      	cmp	r3, #1
10002b42:	dd65      	ble.n	10002c10 <vTaskCoreAffinitySet+0x11c>
10002b44:	ea25 0502 	bic.w	r5, r5, r2
10002b48:	07ab      	lsls	r3, r5, #30
10002b4a:	d15d      	bne.n	10002c08 <vTaskCoreAffinitySet+0x114>
10002b4c:	6833      	ldr	r3, [r6, #0]
10002b4e:	b11b      	cbz	r3, 10002b58 <vTaskCoreAffinitySet+0x64>
10002b50:	e8bd 41f0 	ldmia.w	sp!, {r4, r5, r6, r7, r8, lr}
10002b54:	f7ff bbfc 	b.w	10002350 <vTaskExitCritical.part.0>
10002b58:	e8bd 81f0 	ldmia.w	sp!, {r4, r5, r6, r7, r8, pc}
10002b5c:	4b4d      	ldr	r3, [pc, #308]	@ (10002c94 <vTaskCoreAffinitySet+0x1a0>)
10002b5e:	681b      	ldr	r3, [r3, #0]
10002b60:	2b00      	cmp	r3, #0
10002b62:	d1e4      	bne.n	10002b2e <vTaskCoreAffinitySet+0x3a>
10002b64:	f7ff fcd6 	bl	10002514 <prvCheckForRunStateChange>
10002b68:	2c00      	cmp	r4, #0
10002b6a:	d1e1      	bne.n	10002b30 <vTaskCoreAffinitySet+0x3c>
10002b6c:	f7fe fccc 	bl	10001508 <ulSetInterruptMask>
10002b70:	f04f 4250 	mov.w	r2, #3489660928	@ 0xd0000000
10002b74:	4b48      	ldr	r3, [pc, #288]	@ (10002c98 <vTaskCoreAffinitySet+0x1a4>)
10002b76:	6812      	ldr	r2, [r2, #0]
10002b78:	f853 4022 	ldr.w	r4, [r3, r2, lsl #2]
10002b7c:	f7fe fcd0 	bl	10001520 <vClearInterruptMask>
10002b80:	e7d6      	b.n	10002b30 <vTaskCoreAffinitySet+0x3c>
10002b82:	4946      	ldr	r1, [pc, #280]	@ (10002c9c <vTaskCoreAffinitySet+0x1a8>)
10002b84:	e8d1 0fcf 	ldaexb	r0, [r1]
10002b88:	2701      	movs	r7, #1
10002b8a:	2800      	cmp	r0, #0
10002b8c:	d101      	bne.n	10002b92 <vTaskCoreAffinitySet+0x9e>
10002b8e:	e8c1 7f40 	strexb	r0, r7, [r1]
10002b92:	f3bf 8f5f 	dmb	sy
10002b96:	2800      	cmp	r0, #0
10002b98:	d152      	bne.n	10002c40 <vTaskCoreAffinitySet+0x14c>
10002b9a:	4841      	ldr	r0, [pc, #260]	@ (10002ca0 <vTaskCoreAffinitySet+0x1ac>)
10002b9c:	ea4f 0c43 	mov.w	ip, r3, lsl #1
10002ba0:	2301      	movs	r3, #1
10002ba2:	4940      	ldr	r1, [pc, #256]	@ (10002ca4 <vTaskCoreAffinitySet+0x1b0>)
10002ba4:	4484      	add	ip, r0
10002ba6:	704b      	strb	r3, [r1, #1]
10002ba8:	f88c 3001 	strb.w	r3, [ip, #1]
10002bac:	f04f 4c50 	mov.w	ip, #3489660928	@ 0xd0000000
10002bb0:	4b3d      	ldr	r3, [pc, #244]	@ (10002ca8 <vTaskCoreAffinitySet+0x1b4>)
10002bb2:	f8dc 7000 	ldr.w	r7, [ip]
10002bb6:	e8d3 efcf 	ldaexb	lr, [r3]
10002bba:	f05f 0801 	movs.w	r8, #1
10002bbe:	f1be 0f00 	cmp.w	lr, #0
10002bc2:	d101      	bne.n	10002bc8 <vTaskCoreAffinitySet+0xd4>
10002bc4:	e8c3 8f4e 	strexb	lr, r8, [r3]
10002bc8:	f3bf 8f5f 	dmb	sy
10002bcc:	f1be 0f00 	cmp.w	lr, #0
10002bd0:	d012      	beq.n	10002bf8 <vTaskCoreAffinitySet+0x104>
10002bd2:	f810 e017 	ldrb.w	lr, [r0, r7, lsl #1]
10002bd6:	f1be 0f00 	cmp.w	lr, #0
10002bda:	d149      	bne.n	10002c70 <vTaskCoreAffinitySet+0x17c>
10002bdc:	e8d3 efcf 	ldaexb	lr, [r3]
10002be0:	f05f 0c01 	movs.w	ip, #1
10002be4:	f1be 0f00 	cmp.w	lr, #0
10002be8:	d1f8      	bne.n	10002bdc <vTaskCoreAffinitySet+0xe8>
10002bea:	e8c3 cf4e 	strexb	lr, ip, [r3]
10002bee:	f1be 0f00 	cmp.w	lr, #0
10002bf2:	d1f3      	bne.n	10002bdc <vTaskCoreAffinitySet+0xe8>
10002bf4:	f3bf 8f5f 	dmb	sy
10002bf8:	2301      	movs	r3, #1
10002bfa:	700b      	strb	r3, [r1, #0]
10002bfc:	f800 3017 	strb.w	r3, [r0, r7, lsl #1]
10002c00:	f04f 4350 	mov.w	r3, #3489660928	@ 0xd0000000
10002c04:	681b      	ldr	r3, [r3, #0]
10002c06:	e786      	b.n	10002b16 <vTaskCoreAffinitySet+0x22>
10002c08:	4620      	mov	r0, r4
10002c0a:	f7ff fb3b 	bl	10002284 <prvYieldForTask>
10002c0e:	e79d      	b.n	10002b4c <vTaskCoreAffinitySet+0x58>
10002c10:	6ba4      	ldr	r4, [r4, #56]	@ 0x38
10002c12:	40e5      	lsrs	r5, r4
10002c14:	07ea      	lsls	r2, r5, #31
10002c16:	d499      	bmi.n	10002b4c <vTaskCoreAffinitySet+0x58>
10002c18:	f04f 4350 	mov.w	r3, #3489660928	@ 0xd0000000
10002c1c:	681b      	ldr	r3, [r3, #0]
10002c1e:	429c      	cmp	r4, r3
10002c20:	d021      	beq.n	10002c66 <vTaskCoreAffinitySet+0x172>
10002c22:	4d1d      	ldr	r5, [pc, #116]	@ (10002c98 <vTaskCoreAffinitySet+0x1a4>)
10002c24:	f855 3024 	ldr.w	r3, [r5, r4, lsl #2]
10002c28:	6b9b      	ldr	r3, [r3, #56]	@ 0x38
10002c2a:	3302      	adds	r3, #2
10002c2c:	d08e      	beq.n	10002b4c <vTaskCoreAffinitySet+0x58>
10002c2e:	4620      	mov	r0, r4
10002c30:	f7fe fc34 	bl	1000149c <vYieldCore>
10002c34:	f06f 0201 	mvn.w	r2, #1
10002c38:	f855 3024 	ldr.w	r3, [r5, r4, lsl #2]
10002c3c:	639a      	str	r2, [r3, #56]	@ 0x38
10002c3e:	e785      	b.n	10002b4c <vTaskCoreAffinitySet+0x58>
10002c40:	4817      	ldr	r0, [pc, #92]	@ (10002ca0 <vTaskCoreAffinitySet+0x1ac>)
10002c42:	ea4f 0c43 	mov.w	ip, r3, lsl #1
10002c46:	eb00 0343 	add.w	r3, r0, r3, lsl #1
10002c4a:	785b      	ldrb	r3, [r3, #1]
10002c4c:	b9bb      	cbnz	r3, 10002c7e <vTaskCoreAffinitySet+0x18a>
10002c4e:	e8d1 7fcf 	ldaexb	r7, [r1]
10002c52:	2301      	movs	r3, #1
10002c54:	2f00      	cmp	r7, #0
10002c56:	d1fa      	bne.n	10002c4e <vTaskCoreAffinitySet+0x15a>
10002c58:	e8c1 3f47 	strexb	r7, r3, [r1]
10002c5c:	2f00      	cmp	r7, #0
10002c5e:	d1f6      	bne.n	10002c4e <vTaskCoreAffinitySet+0x15a>
10002c60:	f3bf 8f5f 	dmb	sy
10002c64:	e79c      	b.n	10002ba0 <vTaskCoreAffinitySet+0xac>
10002c66:	2201      	movs	r2, #1
10002c68:	4b10      	ldr	r3, [pc, #64]	@ (10002cac <vTaskCoreAffinitySet+0x1b8>)
10002c6a:	f843 2024 	str.w	r2, [r3, r4, lsl #2]
10002c6e:	e76d      	b.n	10002b4c <vTaskCoreAffinitySet+0x58>
10002c70:	780b      	ldrb	r3, [r1, #0]
10002c72:	3301      	adds	r3, #1
10002c74:	b2db      	uxtb	r3, r3
10002c76:	700b      	strb	r3, [r1, #0]
10002c78:	f8dc 3000 	ldr.w	r3, [ip]
10002c7c:	e74b      	b.n	10002b16 <vTaskCoreAffinitySet+0x22>
10002c7e:	4909      	ldr	r1, [pc, #36]	@ (10002ca4 <vTaskCoreAffinitySet+0x1b0>)
10002c80:	784b      	ldrb	r3, [r1, #1]
10002c82:	3301      	adds	r3, #1
10002c84:	b2db      	uxtb	r3, r3
10002c86:	704b      	strb	r3, [r1, #1]
10002c88:	e790      	b.n	10002bac <vTaskCoreAffinitySet+0xb8>
10002c8a:	bf00      	nop
10002c8c:	20020c88 	.word	0x20020c88
10002c90:	20020bd8 	.word	0x20020bd8
10002c94:	20020bec 	.word	0x20020bec
10002c98:	20000928 	.word	0x20000928
10002c9c:	200008ab 	.word	0x200008ab
10002ca0:	20020bd0 	.word	0x20020bd0
10002ca4:	20020bd4 	.word	0x20020bd4
10002ca8:	200008aa 	.word	0x200008aa
10002cac:	20020cc8 	.word	0x20020cc8

10002cb0 <vTaskSuspendAll>:
10002cb0:	4b02      	ldr	r3, [pc, #8]	@ (10002cbc <vTaskSuspendAll+0xc>)
10002cb2:	681b      	ldr	r3, [r3, #0]
10002cb4:	b903      	cbnz	r3, 10002cb8 <vTaskSuspendAll+0x8>
10002cb6:	4770      	bx	lr
10002cb8:	f7ff bcdc 	b.w	10002674 <vTaskSuspendAll.part.0>
10002cbc:	20020c88 	.word	0x20020c88

10002cc0 <xTaskGetTickCount>:
10002cc0:	4b01      	ldr	r3, [pc, #4]	@ (10002cc8 <xTaskGetTickCount+0x8>)
10002cc2:	6818      	ldr	r0, [r3, #0]
10002cc4:	4770      	bx	lr
10002cc6:	bf00      	nop
10002cc8:	20020cbc 	.word	0x20020cbc

10002ccc <uxTaskGetNumberOfTasks>:
10002ccc:	4b01      	ldr	r3, [pc, #4]	@ (10002cd4 <uxTaskGetNumberOfTasks+0x8>)
10002cce:	6818      	ldr	r0, [r3, #0]
10002cd0:	4770      	bx	lr
10002cd2:	bf00      	nop
10002cd4:	20020be4 	.word	0x20020be4

10002cd8 <xTaskIncrementTick>:
10002cd8:	4b8e      	ldr	r3, [pc, #568]	@ (10002f14 <xTaskIncrementTick+0x23c>)
10002cda:	e92d 47f0 	stmdb	sp!, {r4, r5, r6, r7, r8, r9, sl, lr}
10002cde:	681b      	ldr	r3, [r3, #0]
10002ce0:	2b00      	cmp	r3, #0
10002ce2:	d149      	bne.n	10002d78 <xTaskIncrementTick+0xa0>
10002ce4:	4b8c      	ldr	r3, [pc, #560]	@ (10002f18 <xTaskIncrementTick+0x240>)
10002ce6:	681d      	ldr	r5, [r3, #0]
10002ce8:	3501      	adds	r5, #1
10002cea:	601d      	str	r5, [r3, #0]
10002cec:	2d00      	cmp	r5, #0
10002cee:	d04b      	beq.n	10002d88 <xTaskIncrementTick+0xb0>
10002cf0:	f8df 8248 	ldr.w	r8, [pc, #584]	@ 10002f3c <xTaskIncrementTick+0x264>
10002cf4:	f8d8 3000 	ldr.w	r3, [r8]
10002cf8:	42ab      	cmp	r3, r5
10002cfa:	d95e      	bls.n	10002dba <xTaskIncrementTick+0xe2>
10002cfc:	4c87      	ldr	r4, [pc, #540]	@ (10002f1c <xTaskIncrementTick+0x244>)
10002cfe:	4d88      	ldr	r5, [pc, #544]	@ (10002f20 <xTaskIncrementTick+0x248>)
10002d00:	682b      	ldr	r3, [r5, #0]
10002d02:	6b1b      	ldr	r3, [r3, #48]	@ 0x30
10002d04:	eb03 0383 	add.w	r3, r3, r3, lsl #2
10002d08:	f854 3023 	ldr.w	r3, [r4, r3, lsl #2]
10002d0c:	2b01      	cmp	r3, #1
10002d0e:	f240 80b3 	bls.w	10002e78 <xTaskIncrementTick+0x1a0>
10002d12:	686b      	ldr	r3, [r5, #4]
10002d14:	6b1b      	ldr	r3, [r3, #48]	@ 0x30
10002d16:	eb03 0383 	add.w	r3, r3, r3, lsl #2
10002d1a:	f854 3023 	ldr.w	r3, [r4, r3, lsl #2]
10002d1e:	2b01      	cmp	r3, #1
10002d20:	f240 80cf 	bls.w	10002ec2 <xTaskIncrementTick+0x1ea>
10002d24:	f04f 4350 	mov.w	r3, #3489660928	@ 0xd0000000
10002d28:	681c      	ldr	r4, [r3, #0]
10002d2a:	2c00      	cmp	r4, #0
10002d2c:	f000 80ed 	beq.w	10002f0a <xTaskIncrementTick+0x232>
10002d30:	2601      	movs	r6, #1
10002d32:	682b      	ldr	r3, [r5, #0]
10002d34:	6b9b      	ldr	r3, [r3, #56]	@ 0x38
10002d36:	3302      	adds	r3, #2
10002d38:	d006      	beq.n	10002d48 <xTaskIncrementTick+0x70>
10002d3a:	2000      	movs	r0, #0
10002d3c:	f7fe fbae 	bl	1000149c <vYieldCore>
10002d40:	f06f 0201 	mvn.w	r2, #1
10002d44:	682b      	ldr	r3, [r5, #0]
10002d46:	639a      	str	r2, [r3, #56]	@ 0x38
10002d48:	2e00      	cmp	r6, #0
10002d4a:	f000 80ce 	beq.w	10002eea <xTaskIncrementTick+0x212>
10002d4e:	2c01      	cmp	r4, #1
10002d50:	d017      	beq.n	10002d82 <xTaskIncrementTick+0xaa>
10002d52:	f04f 4350 	mov.w	r3, #3489660928	@ 0xd0000000
10002d56:	681b      	ldr	r3, [r3, #0]
10002d58:	2b01      	cmp	r3, #1
10002d5a:	f000 80ce 	beq.w	10002efa <xTaskIncrementTick+0x222>
10002d5e:	2400      	movs	r4, #0
10002d60:	686b      	ldr	r3, [r5, #4]
10002d62:	6b9b      	ldr	r3, [r3, #56]	@ 0x38
10002d64:	3302      	adds	r3, #2
10002d66:	d00c      	beq.n	10002d82 <xTaskIncrementTick+0xaa>
10002d68:	2001      	movs	r0, #1
10002d6a:	f7fe fb97 	bl	1000149c <vYieldCore>
10002d6e:	f06f 0201 	mvn.w	r2, #1
10002d72:	686b      	ldr	r3, [r5, #4]
10002d74:	639a      	str	r2, [r3, #56]	@ 0x38
10002d76:	e004      	b.n	10002d82 <xTaskIncrementTick+0xaa>
10002d78:	2400      	movs	r4, #0
10002d7a:	4a6a      	ldr	r2, [pc, #424]	@ (10002f24 <xTaskIncrementTick+0x24c>)
10002d7c:	6813      	ldr	r3, [r2, #0]
10002d7e:	3301      	adds	r3, #1
10002d80:	6013      	str	r3, [r2, #0]
10002d82:	4620      	mov	r0, r4
10002d84:	e8bd 87f0 	ldmia.w	sp!, {r4, r5, r6, r7, r8, r9, sl, pc}
10002d88:	4b67      	ldr	r3, [pc, #412]	@ (10002f28 <xTaskIncrementTick+0x250>)
10002d8a:	4a68      	ldr	r2, [pc, #416]	@ (10002f2c <xTaskIncrementTick+0x254>)
10002d8c:	6818      	ldr	r0, [r3, #0]
10002d8e:	6811      	ldr	r1, [r2, #0]
10002d90:	6019      	str	r1, [r3, #0]
10002d92:	4967      	ldr	r1, [pc, #412]	@ (10002f30 <xTaskIncrementTick+0x258>)
10002d94:	6010      	str	r0, [r2, #0]
10002d96:	680a      	ldr	r2, [r1, #0]
10002d98:	3201      	adds	r2, #1
10002d9a:	600a      	str	r2, [r1, #0]
10002d9c:	681a      	ldr	r2, [r3, #0]
10002d9e:	6812      	ldr	r2, [r2, #0]
10002da0:	2a00      	cmp	r2, #0
10002da2:	f040 8086 	bne.w	10002eb2 <xTaskIncrementTick+0x1da>
10002da6:	f04f 33ff 	mov.w	r3, #4294967295	@ 0xffffffff
10002daa:	f8df 8190 	ldr.w	r8, [pc, #400]	@ 10002f3c <xTaskIncrementTick+0x264>
10002dae:	f8c8 3000 	str.w	r3, [r8]
10002db2:	f8d8 3000 	ldr.w	r3, [r8]
10002db6:	42ab      	cmp	r3, r5
10002db8:	d8a0      	bhi.n	10002cfc <xTaskIncrementTick+0x24>
10002dba:	f8df 916c 	ldr.w	r9, [pc, #364]	@ 10002f28 <xTaskIncrementTick+0x250>
10002dbe:	f8d9 3000 	ldr.w	r3, [r9]
10002dc2:	681b      	ldr	r3, [r3, #0]
10002dc4:	2b00      	cmp	r3, #0
10002dc6:	f000 8092 	beq.w	10002eee <xTaskIncrementTick+0x216>
10002dca:	2600      	movs	r6, #0
10002dcc:	4c53      	ldr	r4, [pc, #332]	@ (10002f1c <xTaskIncrementTick+0x244>)
10002dce:	4f59      	ldr	r7, [pc, #356]	@ (10002f34 <xTaskIncrementTick+0x25c>)
10002dd0:	e044      	b.n	10002e5c <xTaskIncrementTick+0x184>
10002dd2:	6999      	ldr	r1, [r3, #24]
10002dd4:	e9d3 2a03 	ldrd	r2, sl, [r3, #12]
10002dd8:	f8c2 a008 	str.w	sl, [r2, #8]
10002ddc:	f8ca 2004 	str.w	r2, [sl, #4]
10002de0:	684a      	ldr	r2, [r1, #4]
10002de2:	4618      	mov	r0, r3
10002de4:	4562      	cmp	r2, ip
10002de6:	680a      	ldr	r2, [r1, #0]
10002de8:	bf08      	it	eq
10002dea:	f8c1 a004 	streq.w	sl, [r1, #4]
10002dee:	3a01      	subs	r2, #1
10002df0:	619e      	str	r6, [r3, #24]
10002df2:	600a      	str	r2, [r1, #0]
10002df4:	6ad9      	ldr	r1, [r3, #44]	@ 0x2c
10002df6:	b171      	cbz	r1, 10002e16 <xTaskIncrementTick+0x13e>
10002df8:	e9d3 2a08 	ldrd	r2, sl, [r3, #32]
10002dfc:	f8c2 a008 	str.w	sl, [r2, #8]
10002e00:	f8ca 2004 	str.w	r2, [sl, #4]
10002e04:	684a      	ldr	r2, [r1, #4]
10002e06:	4572      	cmp	r2, lr
10002e08:	680a      	ldr	r2, [r1, #0]
10002e0a:	bf08      	it	eq
10002e0c:	f8c1 a004 	streq.w	sl, [r1, #4]
10002e10:	3a01      	subs	r2, #1
10002e12:	62de      	str	r6, [r3, #44]	@ 0x2c
10002e14:	600a      	str	r2, [r1, #0]
10002e16:	6b1a      	ldr	r2, [r3, #48]	@ 0x30
10002e18:	f8d7 e000 	ldr.w	lr, [r7]
10002e1c:	eb02 0182 	add.w	r1, r2, r2, lsl #2
10002e20:	4572      	cmp	r2, lr
10002e22:	eb04 0e81 	add.w	lr, r4, r1, lsl #2
10002e26:	bf88      	it	hi
10002e28:	603a      	strhi	r2, [r7, #0]
10002e2a:	f8de 2004 	ldr.w	r2, [lr, #4]
10002e2e:	f8d2 a008 	ldr.w	sl, [r2, #8]
10002e32:	60da      	str	r2, [r3, #12]
10002e34:	f8c3 a010 	str.w	sl, [r3, #16]
10002e38:	f8ca c004 	str.w	ip, [sl, #4]
10002e3c:	f8c2 c008 	str.w	ip, [r2, #8]
10002e40:	f854 2021 	ldr.w	r2, [r4, r1, lsl #2]
10002e44:	f8c3 e018 	str.w	lr, [r3, #24]
10002e48:	3201      	adds	r2, #1
10002e4a:	f844 2021 	str.w	r2, [r4, r1, lsl #2]
10002e4e:	f7ff fa19 	bl	10002284 <prvYieldForTask>
10002e52:	f8d9 3000 	ldr.w	r3, [r9]
10002e56:	681b      	ldr	r3, [r3, #0]
10002e58:	2b00      	cmp	r3, #0
10002e5a:	d049      	beq.n	10002ef0 <xTaskIncrementTick+0x218>
10002e5c:	f8d9 3000 	ldr.w	r3, [r9]
10002e60:	68db      	ldr	r3, [r3, #12]
10002e62:	68db      	ldr	r3, [r3, #12]
10002e64:	689a      	ldr	r2, [r3, #8]
10002e66:	f103 0c08 	add.w	ip, r3, #8
10002e6a:	4295      	cmp	r5, r2
10002e6c:	f103 0e1c 	add.w	lr, r3, #28
10002e70:	d2af      	bcs.n	10002dd2 <xTaskIncrementTick+0xfa>
10002e72:	f8c8 2000 	str.w	r2, [r8]
10002e76:	e742      	b.n	10002cfe <xTaskIncrementTick+0x26>
10002e78:	686b      	ldr	r3, [r5, #4]
10002e7a:	6b1b      	ldr	r3, [r3, #48]	@ 0x30
10002e7c:	eb03 0383 	add.w	r3, r3, r3, lsl #2
10002e80:	f854 3023 	ldr.w	r3, [r4, r3, lsl #2]
10002e84:	2b01      	cmp	r3, #1
10002e86:	d924      	bls.n	10002ed2 <xTaskIncrementTick+0x1fa>
10002e88:	f04f 4250 	mov.w	r2, #3489660928	@ 0xd0000000
10002e8c:	4b2a      	ldr	r3, [pc, #168]	@ (10002f38 <xTaskIncrementTick+0x260>)
10002e8e:	6814      	ldr	r4, [r2, #0]
10002e90:	681b      	ldr	r3, [r3, #0]
10002e92:	2b00      	cmp	r3, #0
10002e94:	f43f af5b 	beq.w	10002d4e <xTaskIncrementTick+0x76>
10002e98:	2601      	movs	r6, #1
10002e9a:	2c00      	cmp	r4, #0
10002e9c:	f47f af49 	bne.w	10002d32 <xTaskIncrementTick+0x5a>
10002ea0:	2e00      	cmp	r6, #0
10002ea2:	d134      	bne.n	10002f0e <xTaskIncrementTick+0x236>
10002ea4:	4b24      	ldr	r3, [pc, #144]	@ (10002f38 <xTaskIncrementTick+0x260>)
10002ea6:	2401      	movs	r4, #1
10002ea8:	685b      	ldr	r3, [r3, #4]
10002eaa:	2b00      	cmp	r3, #0
10002eac:	f47f af58 	bne.w	10002d60 <xTaskIncrementTick+0x88>
10002eb0:	e767      	b.n	10002d82 <xTaskIncrementTick+0xaa>
10002eb2:	681b      	ldr	r3, [r3, #0]
10002eb4:	f8df 8084 	ldr.w	r8, [pc, #132]	@ 10002f3c <xTaskIncrementTick+0x264>
10002eb8:	68db      	ldr	r3, [r3, #12]
10002eba:	681b      	ldr	r3, [r3, #0]
10002ebc:	f8c8 3000 	str.w	r3, [r8]
10002ec0:	e718      	b.n	10002cf4 <xTaskIncrementTick+0x1c>
10002ec2:	f04f 4350 	mov.w	r3, #3489660928	@ 0xd0000000
10002ec6:	681c      	ldr	r4, [r3, #0]
10002ec8:	2600      	movs	r6, #0
10002eca:	2c00      	cmp	r4, #0
10002ecc:	f47f af31 	bne.w	10002d32 <xTaskIncrementTick+0x5a>
10002ed0:	e7e6      	b.n	10002ea0 <xTaskIncrementTick+0x1c8>
10002ed2:	f04f 4150 	mov.w	r1, #3489660928	@ 0xd0000000
10002ed6:	4b18      	ldr	r3, [pc, #96]	@ (10002f38 <xTaskIncrementTick+0x260>)
10002ed8:	680c      	ldr	r4, [r1, #0]
10002eda:	681a      	ldr	r2, [r3, #0]
10002edc:	b982      	cbnz	r2, 10002f00 <xTaskIncrementTick+0x228>
10002ede:	685b      	ldr	r3, [r3, #4]
10002ee0:	2b00      	cmp	r3, #0
10002ee2:	f47f af34 	bne.w	10002d4e <xTaskIncrementTick+0x76>
10002ee6:	2400      	movs	r4, #0
10002ee8:	e74b      	b.n	10002d82 <xTaskIncrementTick+0xaa>
10002eea:	4b13      	ldr	r3, [pc, #76]	@ (10002f38 <xTaskIncrementTick+0x260>)
10002eec:	e7f7      	b.n	10002ede <xTaskIncrementTick+0x206>
10002eee:	4c0b      	ldr	r4, [pc, #44]	@ (10002f1c <xTaskIncrementTick+0x244>)
10002ef0:	f04f 33ff 	mov.w	r3, #4294967295	@ 0xffffffff
10002ef4:	f8c8 3000 	str.w	r3, [r8]
10002ef8:	e701      	b.n	10002cfe <xTaskIncrementTick+0x26>
10002efa:	4a0f      	ldr	r2, [pc, #60]	@ (10002f38 <xTaskIncrementTick+0x260>)
10002efc:	6053      	str	r3, [r2, #4]
10002efe:	e7f2      	b.n	10002ee6 <xTaskIncrementTick+0x20e>
10002f00:	2600      	movs	r6, #0
10002f02:	2c00      	cmp	r4, #0
10002f04:	f47f af15 	bne.w	10002d32 <xTaskIncrementTick+0x5a>
10002f08:	e7ca      	b.n	10002ea0 <xTaskIncrementTick+0x1c8>
10002f0a:	2401      	movs	r4, #1
10002f0c:	e728      	b.n	10002d60 <xTaskIncrementTick+0x88>
10002f0e:	4634      	mov	r4, r6
10002f10:	e726      	b.n	10002d60 <xTaskIncrementTick+0x88>
10002f12:	bf00      	nop
10002f14:	20020bec 	.word	0x20020bec
10002f18:	20020cbc 	.word	0x20020cbc
10002f1c:	20000944 	.word	0x20000944
10002f20:	20000928 	.word	0x20000928
10002f24:	20020c70 	.word	0x20020c70
10002f28:	20000934 	.word	0x20000934
10002f2c:	2000093c 	.word	0x2000093c
10002f30:	20020c64 	.word	0x20020c64
10002f34:	20020bf4 	.word	0x20020bf4
10002f38:	20020cc8 	.word	0x20020cc8
10002f3c:	20020c60 	.word	0x20020c60

10002f40 <vTaskSwitchContext>:
10002f40:	f04f 4350 	mov.w	r3, #3489660928	@ 0xd0000000
10002f44:	e92d 4ff0 	stmdb	sp!, {r4, r5, r6, r7, r8, r9, sl, fp, lr}
10002f48:	681b      	ldr	r3, [r3, #0]
10002f4a:	4604      	mov	r4, r0
10002f4c:	f8df 8218 	ldr.w	r8, [pc, #536]	@ 10003168 <vTaskSwitchContext+0x228>
10002f50:	b083      	sub	sp, #12
10002f52:	e8d8 2fcf 	ldaexb	r2, [r8]
10002f56:	2101      	movs	r1, #1
10002f58:	2a00      	cmp	r2, #0
10002f5a:	d101      	bne.n	10002f60 <vTaskSwitchContext+0x20>
10002f5c:	e8c8 1f42 	strexb	r2, r1, [r8]
10002f60:	f3bf 8f5f 	dmb	sy
10002f64:	2a00      	cmp	r2, #0
10002f66:	d14d      	bne.n	10003004 <vTaskSwitchContext+0xc4>
10002f68:	4a7a      	ldr	r2, [pc, #488]	@ (10003154 <vTaskSwitchContext+0x214>)
10002f6a:	0059      	lsls	r1, r3, #1
10002f6c:	2301      	movs	r3, #1
10002f6e:	4f7a      	ldr	r7, [pc, #488]	@ (10003158 <vTaskSwitchContext+0x218>)
10002f70:	4411      	add	r1, r2
10002f72:	707b      	strb	r3, [r7, #1]
10002f74:	704b      	strb	r3, [r1, #1]
10002f76:	f04f 4350 	mov.w	r3, #3489660928	@ 0xd0000000
10002f7a:	f8df 91f0 	ldr.w	r9, [pc, #496]	@ 1000316c <vTaskSwitchContext+0x22c>
10002f7e:	6819      	ldr	r1, [r3, #0]
10002f80:	e8d9 3fcf 	ldaexb	r3, [r9]
10002f84:	2001      	movs	r0, #1
10002f86:	2b00      	cmp	r3, #0
10002f88:	d101      	bne.n	10002f8e <vTaskSwitchContext+0x4e>
10002f8a:	e8c9 0f43 	strexb	r3, r0, [r9]
10002f8e:	f3bf 8f5f 	dmb	sy
10002f92:	b17b      	cbz	r3, 10002fb4 <vTaskSwitchContext+0x74>
10002f94:	f812 3011 	ldrb.w	r3, [r2, r1, lsl #1]
10002f98:	2b00      	cmp	r3, #0
10002f9a:	f040 80ba 	bne.w	10003112 <vTaskSwitchContext+0x1d2>
10002f9e:	e8d9 0fcf 	ldaexb	r0, [r9]
10002fa2:	2301      	movs	r3, #1
10002fa4:	2800      	cmp	r0, #0
10002fa6:	d1fa      	bne.n	10002f9e <vTaskSwitchContext+0x5e>
10002fa8:	e8c9 3f40 	strexb	r0, r3, [r9]
10002fac:	2800      	cmp	r0, #0
10002fae:	d1f6      	bne.n	10002f9e <vTaskSwitchContext+0x5e>
10002fb0:	f3bf 8f5f 	dmb	sy
10002fb4:	2301      	movs	r3, #1
10002fb6:	703b      	strb	r3, [r7, #0]
10002fb8:	f802 3011 	strb.w	r3, [r2, r1, lsl #1]
10002fbc:	4b67      	ldr	r3, [pc, #412]	@ (1000315c <vTaskSwitchContext+0x21c>)
10002fbe:	681b      	ldr	r3, [r3, #0]
10002fc0:	2b00      	cmp	r3, #0
10002fc2:	d033      	beq.n	1000302c <vTaskSwitchContext+0xec>
10002fc4:	2001      	movs	r0, #1
10002fc6:	f04f 4350 	mov.w	r3, #3489660928	@ 0xd0000000
10002fca:	4965      	ldr	r1, [pc, #404]	@ (10003160 <vTaskSwitchContext+0x220>)
10002fcc:	f841 0024 	str.w	r0, [r1, r4, lsl #2]
10002fd0:	6819      	ldr	r1, [r3, #0]
10002fd2:	783b      	ldrb	r3, [r7, #0]
10002fd4:	3b01      	subs	r3, #1
10002fd6:	b2db      	uxtb	r3, r3
10002fd8:	703b      	strb	r3, [r7, #0]
10002fda:	b91b      	cbnz	r3, 10002fe4 <vTaskSwitchContext+0xa4>
10002fdc:	f802 3011 	strb.w	r3, [r2, r1, lsl #1]
10002fe0:	e8c9 3f8f 	stlb	r3, [r9]
10002fe4:	f04f 4150 	mov.w	r1, #3489660928	@ 0xd0000000
10002fe8:	787b      	ldrb	r3, [r7, #1]
10002fea:	6809      	ldr	r1, [r1, #0]
10002fec:	3b01      	subs	r3, #1
10002fee:	b2db      	uxtb	r3, r3
10002ff0:	707b      	strb	r3, [r7, #1]
10002ff2:	b923      	cbnz	r3, 10002ffe <vTaskSwitchContext+0xbe>
10002ff4:	eb02 0241 	add.w	r2, r2, r1, lsl #1
10002ff8:	7053      	strb	r3, [r2, #1]
10002ffa:	e8c8 3f8f 	stlb	r3, [r8]
10002ffe:	b003      	add	sp, #12
10003000:	e8bd 8ff0 	ldmia.w	sp!, {r4, r5, r6, r7, r8, r9, sl, fp, pc}
10003004:	4a53      	ldr	r2, [pc, #332]	@ (10003154 <vTaskSwitchContext+0x214>)
10003006:	0059      	lsls	r1, r3, #1
10003008:	eb02 0343 	add.w	r3, r2, r3, lsl #1
1000300c:	785b      	ldrb	r3, [r3, #1]
1000300e:	2b00      	cmp	r3, #0
10003010:	f040 8084 	bne.w	1000311c <vTaskSwitchContext+0x1dc>
10003014:	e8d8 0fcf 	ldaexb	r0, [r8]
10003018:	2301      	movs	r3, #1
1000301a:	2800      	cmp	r0, #0
1000301c:	d1fa      	bne.n	10003014 <vTaskSwitchContext+0xd4>
1000301e:	e8c8 3f40 	strexb	r0, r3, [r8]
10003022:	2800      	cmp	r0, #0
10003024:	d1f6      	bne.n	10003014 <vTaskSwitchContext+0xd4>
10003026:	f3bf 8f5f 	dmb	sy
1000302a:	e79f      	b.n	10002f6c <vTaskSwitchContext+0x2c>
1000302c:	494c      	ldr	r1, [pc, #304]	@ (10003160 <vTaskSwitchContext+0x220>)
1000302e:	4d4d      	ldr	r5, [pc, #308]	@ (10003164 <vTaskSwitchContext+0x224>)
10003030:	f8df a13c 	ldr.w	sl, [pc, #316]	@ 10003170 <vTaskSwitchContext+0x230>
10003034:	f841 3024 	str.w	r3, [r1, r4, lsl #2]
10003038:	f8da 6000 	ldr.w	r6, [sl]
1000303c:	f855 3024 	ldr.w	r3, [r5, r4, lsl #2]
10003040:	f8df b130 	ldr.w	fp, [pc, #304]	@ 10003174 <vTaskSwitchContext+0x234>
10003044:	6999      	ldr	r1, [r3, #24]
10003046:	f855 3024 	ldr.w	r3, [r5, r4, lsl #2]
1000304a:	6b1b      	ldr	r3, [r3, #48]	@ 0x30
1000304c:	eb03 0383 	add.w	r3, r3, r3, lsl #2
10003050:	eb0b 0383 	add.w	r3, fp, r3, lsl #2
10003054:	4299      	cmp	r1, r3
10003056:	d067      	beq.n	10003128 <vTaskSwitchContext+0x1e8>
10003058:	f04f 0c01 	mov.w	ip, #1
1000305c:	eb06 0086 	add.w	r0, r6, r6, lsl #2
10003060:	eb0b 0080 	add.w	r0, fp, r0, lsl #2
10003064:	4661      	mov	r1, ip
10003066:	4696      	mov	lr, r2
10003068:	3008      	adds	r0, #8
1000306a:	fa0c fc04 	lsl.w	ip, ip, r4
1000306e:	e009      	b.n	10003084 <vTaskSwitchContext+0x144>
10003070:	b121      	cbz	r1, 1000307c <vTaskSwitchContext+0x13c>
10003072:	f8da 3000 	ldr.w	r3, [sl]
10003076:	3b01      	subs	r3, #1
10003078:	f8ca 3000 	str.w	r3, [sl]
1000307c:	3814      	subs	r0, #20
1000307e:	2e00      	cmp	r6, #0
10003080:	d042      	beq.n	10003108 <vTaskSwitchContext+0x1c8>
10003082:	3e01      	subs	r6, #1
10003084:	f850 3c08 	ldr.w	r3, [r0, #-8]
10003088:	2b00      	cmp	r3, #0
1000308a:	d0f1      	beq.n	10003070 <vTaskSwitchContext+0x130>
1000308c:	6843      	ldr	r3, [r0, #4]
1000308e:	4283      	cmp	r3, r0
10003090:	d05e      	beq.n	10003150 <vTaskSwitchContext+0x210>
10003092:	9601      	str	r6, [sp, #4]
10003094:	e006      	b.n	100030a4 <vTaskSwitchContext+0x164>
10003096:	f855 1024 	ldr.w	r1, [r5, r4, lsl #2]
1000309a:	428a      	cmp	r2, r1
1000309c:	d025      	beq.n	100030ea <vTaskSwitchContext+0x1aa>
1000309e:	685b      	ldr	r3, [r3, #4]
100030a0:	4283      	cmp	r3, r0
100030a2:	d02c      	beq.n	100030fe <vTaskSwitchContext+0x1be>
100030a4:	68da      	ldr	r2, [r3, #12]
100030a6:	6b91      	ldr	r1, [r2, #56]	@ 0x38
100030a8:	1c4e      	adds	r6, r1, #1
100030aa:	d1f4      	bne.n	10003096 <vTaskSwitchContext+0x156>
100030ac:	6856      	ldr	r6, [r2, #4]
100030ae:	ea1c 0f06 	tst.w	ip, r6
100030b2:	d0f4      	beq.n	1000309e <vTaskSwitchContext+0x15e>
100030b4:	4673      	mov	r3, lr
100030b6:	4696      	mov	lr, r2
100030b8:	461a      	mov	r2, r3
100030ba:	f855 3024 	ldr.w	r3, [r5, r4, lsl #2]
100030be:	6399      	str	r1, [r3, #56]	@ 0x38
100030c0:	f855 0024 	ldr.w	r0, [r5, r4, lsl #2]
100030c4:	f8ce 4038 	str.w	r4, [lr, #56]	@ 0x38
100030c8:	f845 e024 	str.w	lr, [r5, r4, lsl #2]
100030cc:	b138      	cbz	r0, 100030de <vTaskSwitchContext+0x19e>
100030ce:	6b06      	ldr	r6, [r0, #48]	@ 0x30
100030d0:	6983      	ldr	r3, [r0, #24]
100030d2:	eb06 0c86 	add.w	ip, r6, r6, lsl #2
100030d6:	eb0b 0b8c 	add.w	fp, fp, ip, lsl #2
100030da:	455b      	cmp	r3, fp
100030dc:	d04c      	beq.n	10003178 <vTaskSwitchContext+0x238>
100030de:	f04f 4350 	mov.w	r3, #3489660928	@ 0xd0000000
100030e2:	6819      	ldr	r1, [r3, #0]
100030e4:	f855 3021 	ldr.w	r3, [r5, r1, lsl #2]
100030e8:	e773      	b.n	10002fd2 <vTaskSwitchContext+0x92>
100030ea:	6851      	ldr	r1, [r2, #4]
100030ec:	ea1c 0f01 	tst.w	ip, r1
100030f0:	d0d5      	beq.n	1000309e <vTaskSwitchContext+0x15e>
100030f2:	4673      	mov	r3, lr
100030f4:	4696      	mov	lr, r2
100030f6:	461a      	mov	r2, r3
100030f8:	f8ce 4038 	str.w	r4, [lr, #56]	@ 0x38
100030fc:	e7ef      	b.n	100030de <vTaskSwitchContext+0x19e>
100030fe:	9e01      	ldr	r6, [sp, #4]
10003100:	2100      	movs	r1, #0
10003102:	3814      	subs	r0, #20
10003104:	2e00      	cmp	r6, #0
10003106:	d1bc      	bne.n	10003082 <vTaskSwitchContext+0x142>
10003108:	f04f 4350 	mov.w	r3, #3489660928	@ 0xd0000000
1000310c:	4672      	mov	r2, lr
1000310e:	6819      	ldr	r1, [r3, #0]
10003110:	e7e8      	b.n	100030e4 <vTaskSwitchContext+0x1a4>
10003112:	783b      	ldrb	r3, [r7, #0]
10003114:	3301      	adds	r3, #1
10003116:	b2db      	uxtb	r3, r3
10003118:	703b      	strb	r3, [r7, #0]
1000311a:	e74f      	b.n	10002fbc <vTaskSwitchContext+0x7c>
1000311c:	4f0e      	ldr	r7, [pc, #56]	@ (10003158 <vTaskSwitchContext+0x218>)
1000311e:	787b      	ldrb	r3, [r7, #1]
10003120:	3301      	adds	r3, #1
10003122:	b2db      	uxtb	r3, r3
10003124:	707b      	strb	r3, [r7, #1]
10003126:	e726      	b.n	10002f76 <vTaskSwitchContext+0x36>
10003128:	f855 0024 	ldr.w	r0, [r5, r4, lsl #2]
1000312c:	9201      	str	r2, [sp, #4]
1000312e:	3008      	adds	r0, #8
10003130:	f7fe fb68 	bl	10001804 <uxListRemove>
10003134:	f855 3024 	ldr.w	r3, [r5, r4, lsl #2]
10003138:	f855 1024 	ldr.w	r1, [r5, r4, lsl #2]
1000313c:	6b18      	ldr	r0, [r3, #48]	@ 0x30
1000313e:	3108      	adds	r1, #8
10003140:	eb00 0080 	add.w	r0, r0, r0, lsl #2
10003144:	eb0b 0080 	add.w	r0, fp, r0, lsl #2
10003148:	f7fe fb36 	bl	100017b8 <vListInsertEnd>
1000314c:	9a01      	ldr	r2, [sp, #4]
1000314e:	e783      	b.n	10003058 <vTaskSwitchContext+0x118>
10003150:	2100      	movs	r1, #0
10003152:	e793      	b.n	1000307c <vTaskSwitchContext+0x13c>
10003154:	20020bd0 	.word	0x20020bd0
10003158:	20020bd4 	.word	0x20020bd4
1000315c:	20020bec 	.word	0x20020bec
10003160:	20020cc8 	.word	0x20020cc8
10003164:	20000928 	.word	0x20000928
10003168:	200008ab 	.word	0x200008ab
1000316c:	200008aa 	.word	0x200008aa
10003170:	20020bf4 	.word	0x20020bf4
10003174:	20000944 	.word	0x20000944
10003178:	f8d0 c03c 	ldr.w	ip, [r0, #60]	@ 0x3c
1000317c:	6843      	ldr	r3, [r0, #4]
1000317e:	f01c 0f01 	tst.w	ip, #1
10003182:	fa23 f004 	lsr.w	r0, r3, r4
10003186:	bf18      	it	ne
10003188:	f106 36ff 	addne.w	r6, r6, #4294967295	@ 0xffffffff
1000318c:	07c0      	lsls	r0, r0, #31
1000318e:	d504      	bpl.n	1000319a <vTaskSwitchContext+0x25a>
10003190:	f855 0024 	ldr.w	r0, [r5, r4, lsl #2]
10003194:	6840      	ldr	r0, [r0, #4]
10003196:	ea23 0300 	bic.w	r3, r3, r0
1000319a:	079c      	lsls	r4, r3, #30
1000319c:	f003 0003 	and.w	r0, r3, #3
100031a0:	d54a      	bpl.n	10003238 <vTaskSwitchContext+0x2f8>
100031a2:	6868      	ldr	r0, [r5, #4]
100031a4:	686c      	ldr	r4, [r5, #4]
100031a6:	6b00      	ldr	r0, [r0, #48]	@ 0x30
100031a8:	6be4      	ldr	r4, [r4, #60]	@ 0x3c
100031aa:	07e4      	lsls	r4, r4, #31
100031ac:	d500      	bpl.n	100031b0 <vTaskSwitchContext+0x270>
100031ae:	3801      	subs	r0, #1
100031b0:	42b0      	cmp	r0, r6
100031b2:	f003 0301 	and.w	r3, r3, #1
100031b6:	da07      	bge.n	100031c8 <vTaskSwitchContext+0x288>
100031b8:	686c      	ldr	r4, [r5, #4]
100031ba:	6ba4      	ldr	r4, [r4, #56]	@ 0x38
100031bc:	2c00      	cmp	r4, #0
100031be:	db03      	blt.n	100031c8 <vTaskSwitchContext+0x288>
100031c0:	686c      	ldr	r4, [r5, #4]
100031c2:	6ba4      	ldr	r4, [r4, #56]	@ 0x38
100031c4:	2c01      	cmp	r4, #1
100031c6:	dd2e      	ble.n	10003226 <vTaskSwitchContext+0x2e6>
100031c8:	2b00      	cmp	r3, #0
100031ca:	d088      	beq.n	100030de <vTaskSwitchContext+0x19e>
100031cc:	682b      	ldr	r3, [r5, #0]
100031ce:	6828      	ldr	r0, [r5, #0]
100031d0:	6b1b      	ldr	r3, [r3, #48]	@ 0x30
100031d2:	6bc0      	ldr	r0, [r0, #60]	@ 0x3c
100031d4:	07c0      	lsls	r0, r0, #31
100031d6:	bf48      	it	mi
100031d8:	f103 33ff 	addmi.w	r3, r3, #4294967295	@ 0xffffffff
100031dc:	42b3      	cmp	r3, r6
100031de:	da07      	bge.n	100031f0 <vTaskSwitchContext+0x2b0>
100031e0:	682b      	ldr	r3, [r5, #0]
100031e2:	6b9b      	ldr	r3, [r3, #56]	@ 0x38
100031e4:	2b00      	cmp	r3, #0
100031e6:	db03      	blt.n	100031f0 <vTaskSwitchContext+0x2b0>
100031e8:	682b      	ldr	r3, [r5, #0]
100031ea:	6b9b      	ldr	r3, [r3, #56]	@ 0x38
100031ec:	2b01      	cmp	r3, #1
100031ee:	dd2c      	ble.n	1000324a <vTaskSwitchContext+0x30a>
100031f0:	3101      	adds	r1, #1
100031f2:	f43f af74 	beq.w	100030de <vTaskSwitchContext+0x19e>
100031f6:	2401      	movs	r4, #1
100031f8:	f04f 4650 	mov.w	r6, #3489660928	@ 0xd0000000
100031fc:	6831      	ldr	r1, [r6, #0]
100031fe:	42a1      	cmp	r1, r4
10003200:	d01d      	beq.n	1000323e <vTaskSwitchContext+0x2fe>
10003202:	f855 3024 	ldr.w	r3, [r5, r4, lsl #2]
10003206:	6b9b      	ldr	r3, [r3, #56]	@ 0x38
10003208:	3302      	adds	r3, #2
1000320a:	f43f af6b 	beq.w	100030e4 <vTaskSwitchContext+0x1a4>
1000320e:	4620      	mov	r0, r4
10003210:	9201      	str	r2, [sp, #4]
10003212:	f7fe f943 	bl	1000149c <vYieldCore>
10003216:	f06f 0101 	mvn.w	r1, #1
1000321a:	f855 3024 	ldr.w	r3, [r5, r4, lsl #2]
1000321e:	9a01      	ldr	r2, [sp, #4]
10003220:	6399      	str	r1, [r3, #56]	@ 0x38
10003222:	6831      	ldr	r1, [r6, #0]
10003224:	e75e      	b.n	100030e4 <vTaskSwitchContext+0x1a4>
10003226:	4c0b      	ldr	r4, [pc, #44]	@ (10003254 <vTaskSwitchContext+0x314>)
10003228:	6864      	ldr	r4, [r4, #4]
1000322a:	2c00      	cmp	r4, #0
1000322c:	d1cc      	bne.n	100031c8 <vTaskSwitchContext+0x288>
1000322e:	2b00      	cmp	r3, #0
10003230:	d0e1      	beq.n	100031f6 <vTaskSwitchContext+0x2b6>
10003232:	4606      	mov	r6, r0
10003234:	2101      	movs	r1, #1
10003236:	e7c9      	b.n	100031cc <vTaskSwitchContext+0x28c>
10003238:	2800      	cmp	r0, #0
1000323a:	d1c7      	bne.n	100031cc <vTaskSwitchContext+0x28c>
1000323c:	e74f      	b.n	100030de <vTaskSwitchContext+0x19e>
1000323e:	2301      	movs	r3, #1
10003240:	4904      	ldr	r1, [pc, #16]	@ (10003254 <vTaskSwitchContext+0x314>)
10003242:	f841 3024 	str.w	r3, [r1, r4, lsl #2]
10003246:	6831      	ldr	r1, [r6, #0]
10003248:	e74c      	b.n	100030e4 <vTaskSwitchContext+0x1a4>
1000324a:	4b02      	ldr	r3, [pc, #8]	@ (10003254 <vTaskSwitchContext+0x314>)
1000324c:	681c      	ldr	r4, [r3, #0]
1000324e:	2c00      	cmp	r4, #0
10003250:	d0d2      	beq.n	100031f8 <vTaskSwitchContext+0x2b8>
10003252:	e7cd      	b.n	100031f0 <vTaskSwitchContext+0x2b0>
10003254:	20020cc8 	.word	0x20020cc8

10003258 <vTaskPlaceOnEventList>:
10003258:	b570      	push	{r4, r5, r6, lr}
1000325a:	460c      	mov	r4, r1
1000325c:	4605      	mov	r5, r0
1000325e:	f7fe f953 	bl	10001508 <ulSetInterruptMask>
10003262:	f04f 4250 	mov.w	r2, #3489660928	@ 0xd0000000
10003266:	4b08      	ldr	r3, [pc, #32]	@ (10003288 <vTaskPlaceOnEventList+0x30>)
10003268:	6812      	ldr	r2, [r2, #0]
1000326a:	f853 6022 	ldr.w	r6, [r3, r2, lsl #2]
1000326e:	f7fe f957 	bl	10001520 <vClearInterruptMask>
10003272:	4628      	mov	r0, r5
10003274:	f106 011c 	add.w	r1, r6, #28
10003278:	f7fe faac 	bl	100017d4 <vListInsert>
1000327c:	4620      	mov	r0, r4
1000327e:	e8bd 4070 	ldmia.w	sp!, {r4, r5, r6, lr}
10003282:	2101      	movs	r1, #1
10003284:	f7ff bb98 	b.w	100029b8 <prvAddCurrentTaskToDelayedList>
10003288:	20000928 	.word	0x20000928

1000328c <vTaskPlaceOnUnorderedEventList>:
1000328c:	e92d 43f8 	stmdb	sp!, {r3, r4, r5, r6, r7, r8, r9, lr}
10003290:	f04f 4650 	mov.w	r6, #3489660928	@ 0xd0000000
10003294:	460f      	mov	r7, r1
10003296:	4604      	mov	r4, r0
10003298:	4690      	mov	r8, r2
1000329a:	4d23      	ldr	r5, [pc, #140]	@ (10003328 <vTaskPlaceOnUnorderedEventList+0x9c>)
1000329c:	f7fe f934 	bl	10001508 <ulSetInterruptMask>
100032a0:	6833      	ldr	r3, [r6, #0]
100032a2:	f047 4700 	orr.w	r7, r7, #2147483648	@ 0x80000000
100032a6:	f855 9023 	ldr.w	r9, [r5, r3, lsl #2]
100032aa:	f7fe f939 	bl	10001520 <vClearInterruptMask>
100032ae:	f8c9 701c 	str.w	r7, [r9, #28]
100032b2:	6867      	ldr	r7, [r4, #4]
100032b4:	f7fe f928 	bl	10001508 <ulSetInterruptMask>
100032b8:	6833      	ldr	r3, [r6, #0]
100032ba:	f855 9023 	ldr.w	r9, [r5, r3, lsl #2]
100032be:	f7fe f92f 	bl	10001520 <vClearInterruptMask>
100032c2:	f8c9 7020 	str.w	r7, [r9, #32]
100032c6:	f7fe f91f 	bl	10001508 <ulSetInterruptMask>
100032ca:	6833      	ldr	r3, [r6, #0]
100032cc:	f855 9023 	ldr.w	r9, [r5, r3, lsl #2]
100032d0:	f7fe f926 	bl	10001520 <vClearInterruptMask>
100032d4:	68bb      	ldr	r3, [r7, #8]
100032d6:	f8c9 3024 	str.w	r3, [r9, #36]	@ 0x24
100032da:	f7fe f915 	bl	10001508 <ulSetInterruptMask>
100032de:	6833      	ldr	r3, [r6, #0]
100032e0:	f855 9023 	ldr.w	r9, [r5, r3, lsl #2]
100032e4:	f7fe f91c 	bl	10001520 <vClearInterruptMask>
100032e8:	68ba      	ldr	r2, [r7, #8]
100032ea:	f109 031c 	add.w	r3, r9, #28
100032ee:	6053      	str	r3, [r2, #4]
100032f0:	f7fe f90a 	bl	10001508 <ulSetInterruptMask>
100032f4:	6833      	ldr	r3, [r6, #0]
100032f6:	f855 9023 	ldr.w	r9, [r5, r3, lsl #2]
100032fa:	f7fe f911 	bl	10001520 <vClearInterruptMask>
100032fe:	f109 031c 	add.w	r3, r9, #28
10003302:	60bb      	str	r3, [r7, #8]
10003304:	f7fe f900 	bl	10001508 <ulSetInterruptMask>
10003308:	6833      	ldr	r3, [r6, #0]
1000330a:	f855 5023 	ldr.w	r5, [r5, r3, lsl #2]
1000330e:	f7fe f907 	bl	10001520 <vClearInterruptMask>
10003312:	6823      	ldr	r3, [r4, #0]
10003314:	4640      	mov	r0, r8
10003316:	3301      	adds	r3, #1
10003318:	62ec      	str	r4, [r5, #44]	@ 0x2c
1000331a:	2101      	movs	r1, #1
1000331c:	6023      	str	r3, [r4, #0]
1000331e:	e8bd 43f8 	ldmia.w	sp!, {r3, r4, r5, r6, r7, r8, r9, lr}
10003322:	f7ff bb49 	b.w	100029b8 <prvAddCurrentTaskToDelayedList>
10003326:	bf00      	nop
10003328:	20000928 	.word	0x20000928

1000332c <vTaskPlaceOnEventListRestricted>:
1000332c:	e92d 47f0 	stmdb	sp!, {r4, r5, r6, r7, r8, r9, sl, lr}
10003330:	f04f 4650 	mov.w	r6, #3489660928	@ 0xd0000000
10003334:	4604      	mov	r4, r0
10003336:	4617      	mov	r7, r2
10003338:	4689      	mov	r9, r1
1000333a:	f8d0 8004 	ldr.w	r8, [r0, #4]
1000333e:	4d21      	ldr	r5, [pc, #132]	@ (100033c4 <vTaskPlaceOnEventListRestricted+0x98>)
10003340:	f7fe f8e2 	bl	10001508 <ulSetInterruptMask>
10003344:	6833      	ldr	r3, [r6, #0]
10003346:	f855 a023 	ldr.w	sl, [r5, r3, lsl #2]
1000334a:	f7fe f8e9 	bl	10001520 <vClearInterruptMask>
1000334e:	f8ca 8020 	str.w	r8, [sl, #32]
10003352:	f7fe f8d9 	bl	10001508 <ulSetInterruptMask>
10003356:	6833      	ldr	r3, [r6, #0]
10003358:	f855 a023 	ldr.w	sl, [r5, r3, lsl #2]
1000335c:	f7fe f8e0 	bl	10001520 <vClearInterruptMask>
10003360:	f8d8 3008 	ldr.w	r3, [r8, #8]
10003364:	f8ca 3024 	str.w	r3, [sl, #36]	@ 0x24
10003368:	f7fe f8ce 	bl	10001508 <ulSetInterruptMask>
1000336c:	6833      	ldr	r3, [r6, #0]
1000336e:	f855 a023 	ldr.w	sl, [r5, r3, lsl #2]
10003372:	f7fe f8d5 	bl	10001520 <vClearInterruptMask>
10003376:	f8d8 2008 	ldr.w	r2, [r8, #8]
1000337a:	f10a 031c 	add.w	r3, sl, #28
1000337e:	6053      	str	r3, [r2, #4]
10003380:	f7fe f8c2 	bl	10001508 <ulSetInterruptMask>
10003384:	6833      	ldr	r3, [r6, #0]
10003386:	f855 a023 	ldr.w	sl, [r5, r3, lsl #2]
1000338a:	f7fe f8c9 	bl	10001520 <vClearInterruptMask>
1000338e:	f10a 031c 	add.w	r3, sl, #28
10003392:	f8c8 3008 	str.w	r3, [r8, #8]
10003396:	f7fe f8b7 	bl	10001508 <ulSetInterruptMask>
1000339a:	6833      	ldr	r3, [r6, #0]
1000339c:	f855 5023 	ldr.w	r5, [r5, r3, lsl #2]
100033a0:	f7fe f8be 	bl	10001520 <vClearInterruptMask>
100033a4:	6823      	ldr	r3, [r4, #0]
100033a6:	2f00      	cmp	r7, #0
100033a8:	f103 0301 	add.w	r3, r3, #1
100033ac:	62ec      	str	r4, [r5, #44]	@ 0x2c
100033ae:	4639      	mov	r1, r7
100033b0:	bf08      	it	eq
100033b2:	4648      	moveq	r0, r9
100033b4:	6023      	str	r3, [r4, #0]
100033b6:	bf18      	it	ne
100033b8:	f04f 30ff 	movne.w	r0, #4294967295	@ 0xffffffff
100033bc:	e8bd 47f0 	ldmia.w	sp!, {r4, r5, r6, r7, r8, r9, sl, lr}
100033c0:	f7ff bafa 	b.w	100029b8 <prvAddCurrentTaskToDelayedList>
100033c4:	20000928 	.word	0x20000928

100033c8 <xTaskRemoveFromEventList>:
100033c8:	b570      	push	{r4, r5, r6, lr}
100033ca:	2500      	movs	r5, #0
100033cc:	68c3      	ldr	r3, [r0, #12]
100033ce:	68d8      	ldr	r0, [r3, #12]
100033d0:	6ac3      	ldr	r3, [r0, #44]	@ 0x2c
100033d2:	e9d0 4208 	ldrd	r4, r2, [r0, #32]
100033d6:	60a2      	str	r2, [r4, #8]
100033d8:	6054      	str	r4, [r2, #4]
100033da:	685c      	ldr	r4, [r3, #4]
100033dc:	f100 011c 	add.w	r1, r0, #28
100033e0:	428c      	cmp	r4, r1
100033e2:	4c24      	ldr	r4, [pc, #144]	@ (10003474 <xTaskRemoveFromEventList+0xac>)
100033e4:	bf08      	it	eq
100033e6:	605a      	streq	r2, [r3, #4]
100033e8:	681a      	ldr	r2, [r3, #0]
100033ea:	6824      	ldr	r4, [r4, #0]
100033ec:	3a01      	subs	r2, #1
100033ee:	62c5      	str	r5, [r0, #44]	@ 0x2c
100033f0:	601a      	str	r2, [r3, #0]
100033f2:	2c00      	cmp	r4, #0
100033f4:	d132      	bne.n	1000345c <xTaskRemoveFromEventList+0x94>
100033f6:	e9d0 1203 	ldrd	r1, r2, [r0, #12]
100033fa:	6983      	ldr	r3, [r0, #24]
100033fc:	608a      	str	r2, [r1, #8]
100033fe:	6051      	str	r1, [r2, #4]
10003400:	6859      	ldr	r1, [r3, #4]
10003402:	f100 0508 	add.w	r5, r0, #8
10003406:	42a9      	cmp	r1, r5
10003408:	bf08      	it	eq
1000340a:	605a      	streq	r2, [r3, #4]
1000340c:	681a      	ldr	r2, [r3, #0]
1000340e:	491a      	ldr	r1, [pc, #104]	@ (10003478 <xTaskRemoveFromEventList+0xb0>)
10003410:	3a01      	subs	r2, #1
10003412:	601a      	str	r2, [r3, #0]
10003414:	6b03      	ldr	r3, [r0, #48]	@ 0x30
10003416:	680a      	ldr	r2, [r1, #0]
10003418:	4293      	cmp	r3, r2
1000341a:	4a18      	ldr	r2, [pc, #96]	@ (1000347c <xTaskRemoveFromEventList+0xb4>)
1000341c:	bf88      	it	hi
1000341e:	600b      	strhi	r3, [r1, #0]
10003420:	eb03 0383 	add.w	r3, r3, r3, lsl #2
10003424:	ea4f 0c83 	mov.w	ip, r3, lsl #2
10003428:	eb02 0383 	add.w	r3, r2, r3, lsl #2
1000342c:	685c      	ldr	r4, [r3, #4]
1000342e:	f852 100c 	ldr.w	r1, [r2, ip]
10003432:	68a6      	ldr	r6, [r4, #8]
10003434:	3101      	adds	r1, #1
10003436:	60c4      	str	r4, [r0, #12]
10003438:	6106      	str	r6, [r0, #16]
1000343a:	6075      	str	r5, [r6, #4]
1000343c:	60a5      	str	r5, [r4, #8]
1000343e:	6183      	str	r3, [r0, #24]
10003440:	f842 100c 	str.w	r1, [r2, ip]
10003444:	f7fe ff1e 	bl	10002284 <prvYieldForTask>
10003448:	f04f 4250 	mov.w	r2, #3489660928	@ 0xd0000000
1000344c:	4b0c      	ldr	r3, [pc, #48]	@ (10003480 <xTaskRemoveFromEventList+0xb8>)
1000344e:	6812      	ldr	r2, [r2, #0]
10003450:	f853 0022 	ldr.w	r0, [r3, r2, lsl #2]
10003454:	3800      	subs	r0, #0
10003456:	bf18      	it	ne
10003458:	2001      	movne	r0, #1
1000345a:	bd70      	pop	{r4, r5, r6, pc}
1000345c:	4b09      	ldr	r3, [pc, #36]	@ (10003484 <xTaskRemoveFromEventList+0xbc>)
1000345e:	685c      	ldr	r4, [r3, #4]
10003460:	68a2      	ldr	r2, [r4, #8]
10003462:	e9c0 4208 	strd	r4, r2, [r0, #32]
10003466:	6051      	str	r1, [r2, #4]
10003468:	681a      	ldr	r2, [r3, #0]
1000346a:	60a1      	str	r1, [r4, #8]
1000346c:	3201      	adds	r2, #1
1000346e:	62c3      	str	r3, [r0, #44]	@ 0x2c
10003470:	601a      	str	r2, [r3, #0]
10003472:	e7e7      	b.n	10003444 <xTaskRemoveFromEventList+0x7c>
10003474:	20020bec 	.word	0x20020bec
10003478:	20020bf4 	.word	0x20020bf4
1000347c:	20000944 	.word	0x20000944
10003480:	20020cc8 	.word	0x20020cc8
10003484:	20020c74 	.word	0x20020c74

10003488 <vTaskInternalSetTimeOutState>:
10003488:	4a03      	ldr	r2, [pc, #12]	@ (10003498 <vTaskInternalSetTimeOutState+0x10>)
1000348a:	4b04      	ldr	r3, [pc, #16]	@ (1000349c <vTaskInternalSetTimeOutState+0x14>)
1000348c:	6812      	ldr	r2, [r2, #0]
1000348e:	681b      	ldr	r3, [r3, #0]
10003490:	e9c0 2300 	strd	r2, r3, [r0]
10003494:	4770      	bx	lr
10003496:	bf00      	nop
10003498:	20020c64 	.word	0x20020c64
1000349c:	20020cbc 	.word	0x20020cbc

100034a0 <vTaskMissedYield>:
100034a0:	f04f 4250 	mov.w	r2, #3489660928	@ 0xd0000000
100034a4:	2101      	movs	r1, #1
100034a6:	4b02      	ldr	r3, [pc, #8]	@ (100034b0 <vTaskMissedYield+0x10>)
100034a8:	6812      	ldr	r2, [r2, #0]
100034aa:	f843 1022 	str.w	r1, [r3, r2, lsl #2]
100034ae:	4770      	bx	lr
100034b0:	20020cc8 	.word	0x20020cc8

100034b4 <xTaskGetCurrentTaskHandle>:
100034b4:	b510      	push	{r4, lr}
100034b6:	f7fe f827 	bl	10001508 <ulSetInterruptMask>
100034ba:	f04f 4250 	mov.w	r2, #3489660928	@ 0xd0000000
100034be:	4b04      	ldr	r3, [pc, #16]	@ (100034d0 <xTaskGetCurrentTaskHandle+0x1c>)
100034c0:	6812      	ldr	r2, [r2, #0]
100034c2:	f853 4022 	ldr.w	r4, [r3, r2, lsl #2]
100034c6:	f7fe f82b 	bl	10001520 <vClearInterruptMask>
100034ca:	4620      	mov	r0, r4
100034cc:	bd10      	pop	{r4, pc}
100034ce:	bf00      	nop
100034d0:	20000928 	.word	0x20000928

100034d4 <xTaskGetSchedulerState>:
100034d4:	b570      	push	{r4, r5, r6, lr}
100034d6:	4d44      	ldr	r5, [pc, #272]	@ (100035e8 <xTaskGetSchedulerState+0x114>)
100034d8:	682b      	ldr	r3, [r5, #0]
100034da:	b90b      	cbnz	r3, 100034e0 <xTaskGetSchedulerState+0xc>
100034dc:	2001      	movs	r0, #1
100034de:	bd70      	pop	{r4, r5, r6, pc}
100034e0:	f7fe f812 	bl	10001508 <ulSetInterruptMask>
100034e4:	682b      	ldr	r3, [r5, #0]
100034e6:	b953      	cbnz	r3, 100034fe <xTaskGetSchedulerState+0x2a>
100034e8:	4c40      	ldr	r4, [pc, #256]	@ (100035ec <xTaskGetSchedulerState+0x118>)
100034ea:	6824      	ldr	r4, [r4, #0]
100034ec:	682b      	ldr	r3, [r5, #0]
100034ee:	b10b      	cbz	r3, 100034f4 <xTaskGetSchedulerState+0x20>
100034f0:	f7fe ff2e 	bl	10002350 <vTaskExitCritical.part.0>
100034f4:	fab4 f084 	clz	r0, r4
100034f8:	0940      	lsrs	r0, r0, #5
100034fa:	0040      	lsls	r0, r0, #1
100034fc:	bd70      	pop	{r4, r5, r6, pc}
100034fe:	f04f 4350 	mov.w	r3, #3489660928	@ 0xd0000000
10003502:	4a3b      	ldr	r2, [pc, #236]	@ (100035f0 <xTaskGetSchedulerState+0x11c>)
10003504:	681b      	ldr	r3, [r3, #0]
10003506:	f852 1023 	ldr.w	r1, [r2, r3, lsl #2]
1000350a:	b191      	cbz	r1, 10003532 <xTaskGetSchedulerState+0x5e>
1000350c:	f04f 4050 	mov.w	r0, #3489660928	@ 0xd0000000
10003510:	f852 1023 	ldr.w	r1, [r2, r3, lsl #2]
10003514:	4c35      	ldr	r4, [pc, #212]	@ (100035ec <xTaskGetSchedulerState+0x118>)
10003516:	3101      	adds	r1, #1
10003518:	f842 1023 	str.w	r1, [r2, r3, lsl #2]
1000351c:	6803      	ldr	r3, [r0, #0]
1000351e:	f852 3023 	ldr.w	r3, [r2, r3, lsl #2]
10003522:	2b01      	cmp	r3, #1
10003524:	d1e1      	bne.n	100034ea <xTaskGetSchedulerState+0x16>
10003526:	6823      	ldr	r3, [r4, #0]
10003528:	2b00      	cmp	r3, #0
1000352a:	d1de      	bne.n	100034ea <xTaskGetSchedulerState+0x16>
1000352c:	f7fe fff2 	bl	10002514 <prvCheckForRunStateChange>
10003530:	e7db      	b.n	100034ea <xTaskGetSchedulerState+0x16>
10003532:	4830      	ldr	r0, [pc, #192]	@ (100035f4 <xTaskGetSchedulerState+0x120>)
10003534:	e8d0 1fcf 	ldaexb	r1, [r0]
10003538:	2401      	movs	r4, #1
1000353a:	2900      	cmp	r1, #0
1000353c:	d101      	bne.n	10003542 <xTaskGetSchedulerState+0x6e>
1000353e:	e8c0 4f41 	strexb	r1, r4, [r0]
10003542:	f3bf 8f5f 	dmb	sy
10003546:	2900      	cmp	r1, #0
10003548:	d12f      	bne.n	100035aa <xTaskGetSchedulerState+0xd6>
1000354a:	492b      	ldr	r1, [pc, #172]	@ (100035f8 <xTaskGetSchedulerState+0x124>)
1000354c:	005c      	lsls	r4, r3, #1
1000354e:	2301      	movs	r3, #1
10003550:	482a      	ldr	r0, [pc, #168]	@ (100035fc <xTaskGetSchedulerState+0x128>)
10003552:	440c      	add	r4, r1
10003554:	7043      	strb	r3, [r0, #1]
10003556:	7063      	strb	r3, [r4, #1]
10003558:	f04f 4c50 	mov.w	ip, #3489660928	@ 0xd0000000
1000355c:	4b28      	ldr	r3, [pc, #160]	@ (10003600 <xTaskGetSchedulerState+0x12c>)
1000355e:	f8dc 4000 	ldr.w	r4, [ip]
10003562:	e8d3 6fcf 	ldaexb	r6, [r3]
10003566:	f05f 0e01 	movs.w	lr, #1
1000356a:	2e00      	cmp	r6, #0
1000356c:	d101      	bne.n	10003572 <xTaskGetSchedulerState+0x9e>
1000356e:	e8c3 ef46 	strexb	r6, lr, [r3]
10003572:	f3bf 8f5f 	dmb	sy
10003576:	b186      	cbz	r6, 1000359a <xTaskGetSchedulerState+0xc6>
10003578:	f811 6014 	ldrb.w	r6, [r1, r4, lsl #1]
1000357c:	2e00      	cmp	r6, #0
1000357e:	d126      	bne.n	100035ce <xTaskGetSchedulerState+0xfa>
10003580:	e8d3 cfcf 	ldaexb	ip, [r3]
10003584:	2601      	movs	r6, #1
10003586:	f1bc 0f00 	cmp.w	ip, #0
1000358a:	d1f9      	bne.n	10003580 <xTaskGetSchedulerState+0xac>
1000358c:	e8c3 6f4c 	strexb	ip, r6, [r3]
10003590:	f1bc 0f00 	cmp.w	ip, #0
10003594:	d1f4      	bne.n	10003580 <xTaskGetSchedulerState+0xac>
10003596:	f3bf 8f5f 	dmb	sy
1000359a:	2301      	movs	r3, #1
1000359c:	7003      	strb	r3, [r0, #0]
1000359e:	f801 3014 	strb.w	r3, [r1, r4, lsl #1]
100035a2:	f04f 4350 	mov.w	r3, #3489660928	@ 0xd0000000
100035a6:	681b      	ldr	r3, [r3, #0]
100035a8:	e7b0      	b.n	1000350c <xTaskGetSchedulerState+0x38>
100035aa:	4913      	ldr	r1, [pc, #76]	@ (100035f8 <xTaskGetSchedulerState+0x124>)
100035ac:	005c      	lsls	r4, r3, #1
100035ae:	eb01 0343 	add.w	r3, r1, r3, lsl #1
100035b2:	785b      	ldrb	r3, [r3, #1]
100035b4:	b993      	cbnz	r3, 100035dc <xTaskGetSchedulerState+0x108>
100035b6:	e8d0 6fcf 	ldaexb	r6, [r0]
100035ba:	2301      	movs	r3, #1
100035bc:	2e00      	cmp	r6, #0
100035be:	d1fa      	bne.n	100035b6 <xTaskGetSchedulerState+0xe2>
100035c0:	e8c0 3f46 	strexb	r6, r3, [r0]
100035c4:	2e00      	cmp	r6, #0
100035c6:	d1f6      	bne.n	100035b6 <xTaskGetSchedulerState+0xe2>
100035c8:	f3bf 8f5f 	dmb	sy
100035cc:	e7bf      	b.n	1000354e <xTaskGetSchedulerState+0x7a>
100035ce:	7803      	ldrb	r3, [r0, #0]
100035d0:	3301      	adds	r3, #1
100035d2:	b2db      	uxtb	r3, r3
100035d4:	7003      	strb	r3, [r0, #0]
100035d6:	f8dc 3000 	ldr.w	r3, [ip]
100035da:	e797      	b.n	1000350c <xTaskGetSchedulerState+0x38>
100035dc:	4807      	ldr	r0, [pc, #28]	@ (100035fc <xTaskGetSchedulerState+0x128>)
100035de:	7843      	ldrb	r3, [r0, #1]
100035e0:	3301      	adds	r3, #1
100035e2:	b2db      	uxtb	r3, r3
100035e4:	7043      	strb	r3, [r0, #1]
100035e6:	e7b7      	b.n	10003558 <xTaskGetSchedulerState+0x84>
100035e8:	20020c88 	.word	0x20020c88
100035ec:	20020bec 	.word	0x20020bec
100035f0:	20020bd8 	.word	0x20020bd8
100035f4:	200008ab 	.word	0x200008ab
100035f8:	20020bd0 	.word	0x20020bd0
100035fc:	20020bd4 	.word	0x20020bd4
10003600:	200008aa 	.word	0x200008aa

10003604 <xTaskPriorityInherit>:
10003604:	e92d 41f0 	stmdb	sp!, {r4, r5, r6, r7, r8, lr}
10003608:	4604      	mov	r4, r0
1000360a:	b388      	cbz	r0, 10003670 <xTaskPriorityInherit+0x6c>
1000360c:	f04f 4650 	mov.w	r6, #3489660928	@ 0xd0000000
10003610:	6b07      	ldr	r7, [r0, #48]	@ 0x30
10003612:	4d37      	ldr	r5, [pc, #220]	@ (100036f0 <xTaskPriorityInherit+0xec>)
10003614:	f7fd ff78 	bl	10001508 <ulSetInterruptMask>
10003618:	6833      	ldr	r3, [r6, #0]
1000361a:	f855 8023 	ldr.w	r8, [r5, r3, lsl #2]
1000361e:	f7fd ff7f 	bl	10001520 <vClearInterruptMask>
10003622:	f8d8 3030 	ldr.w	r3, [r8, #48]	@ 0x30
10003626:	429f      	cmp	r7, r3
10003628:	d224      	bcs.n	10003674 <xTaskPriorityInherit+0x70>
1000362a:	69e3      	ldr	r3, [r4, #28]
1000362c:	2b00      	cmp	r3, #0
1000362e:	db0a      	blt.n	10003646 <xTaskPriorityInherit+0x42>
10003630:	f7fd ff6a 	bl	10001508 <ulSetInterruptMask>
10003634:	6833      	ldr	r3, [r6, #0]
10003636:	f855 6023 	ldr.w	r6, [r5, r3, lsl #2]
1000363a:	f7fd ff71 	bl	10001520 <vClearInterruptMask>
1000363e:	6b33      	ldr	r3, [r6, #48]	@ 0x30
10003640:	f1c3 0320 	rsb	r3, r3, #32
10003644:	61e3      	str	r3, [r4, #28]
10003646:	6b23      	ldr	r3, [r4, #48]	@ 0x30
10003648:	4e2a      	ldr	r6, [pc, #168]	@ (100036f4 <xTaskPriorityInherit+0xf0>)
1000364a:	69a2      	ldr	r2, [r4, #24]
1000364c:	eb03 0383 	add.w	r3, r3, r3, lsl #2
10003650:	eb06 0383 	add.w	r3, r6, r3, lsl #2
10003654:	429a      	cmp	r2, r3
10003656:	d01c      	beq.n	10003692 <xTaskPriorityInherit+0x8e>
10003658:	f7fd ff56 	bl	10001508 <ulSetInterruptMask>
1000365c:	f04f 4350 	mov.w	r3, #3489660928	@ 0xd0000000
10003660:	681b      	ldr	r3, [r3, #0]
10003662:	f855 5023 	ldr.w	r5, [r5, r3, lsl #2]
10003666:	f7fd ff5b 	bl	10001520 <vClearInterruptMask>
1000366a:	6b2b      	ldr	r3, [r5, #48]	@ 0x30
1000366c:	6323      	str	r3, [r4, #48]	@ 0x30
1000366e:	2001      	movs	r0, #1
10003670:	e8bd 81f0 	ldmia.w	sp!, {r4, r5, r6, r7, r8, pc}
10003674:	6da4      	ldr	r4, [r4, #88]	@ 0x58
10003676:	f7fd ff47 	bl	10001508 <ulSetInterruptMask>
1000367a:	6833      	ldr	r3, [r6, #0]
1000367c:	f855 5023 	ldr.w	r5, [r5, r3, lsl #2]
10003680:	f7fd ff4e 	bl	10001520 <vClearInterruptMask>
10003684:	6b28      	ldr	r0, [r5, #48]	@ 0x30
10003686:	4284      	cmp	r4, r0
10003688:	bf2c      	ite	cs
1000368a:	2000      	movcs	r0, #0
1000368c:	2001      	movcc	r0, #1
1000368e:	e8bd 81f0 	ldmia.w	sp!, {r4, r5, r6, r7, r8, pc}
10003692:	f104 0708 	add.w	r7, r4, #8
10003696:	4638      	mov	r0, r7
10003698:	f7fe f8b4 	bl	10001804 <uxListRemove>
1000369c:	f7fd ff34 	bl	10001508 <ulSetInterruptMask>
100036a0:	f04f 4350 	mov.w	r3, #3489660928	@ 0xd0000000
100036a4:	681b      	ldr	r3, [r3, #0]
100036a6:	f855 5023 	ldr.w	r5, [r5, r3, lsl #2]
100036aa:	f7fd ff39 	bl	10001520 <vClearInterruptMask>
100036ae:	4a12      	ldr	r2, [pc, #72]	@ (100036f8 <xTaskPriorityInherit+0xf4>)
100036b0:	6b2b      	ldr	r3, [r5, #48]	@ 0x30
100036b2:	6811      	ldr	r1, [r2, #0]
100036b4:	6323      	str	r3, [r4, #48]	@ 0x30
100036b6:	428b      	cmp	r3, r1
100036b8:	bf88      	it	hi
100036ba:	6013      	strhi	r3, [r2, #0]
100036bc:	eb03 0383 	add.w	r3, r3, r3, lsl #2
100036c0:	0098      	lsls	r0, r3, #2
100036c2:	eb06 0383 	add.w	r3, r6, r3, lsl #2
100036c6:	6859      	ldr	r1, [r3, #4]
100036c8:	5832      	ldr	r2, [r6, r0]
100036ca:	688d      	ldr	r5, [r1, #8]
100036cc:	60e1      	str	r1, [r4, #12]
100036ce:	6125      	str	r5, [r4, #16]
100036d0:	606f      	str	r7, [r5, #4]
100036d2:	608f      	str	r7, [r1, #8]
100036d4:	61a3      	str	r3, [r4, #24]
100036d6:	6ba3      	ldr	r3, [r4, #56]	@ 0x38
100036d8:	3201      	adds	r2, #1
100036da:	2b00      	cmp	r3, #0
100036dc:	5032      	str	r2, [r6, r0]
100036de:	db02      	blt.n	100036e6 <xTaskPriorityInherit+0xe2>
100036e0:	6ba3      	ldr	r3, [r4, #56]	@ 0x38
100036e2:	2b01      	cmp	r3, #1
100036e4:	ddc3      	ble.n	1000366e <xTaskPriorityInherit+0x6a>
100036e6:	4620      	mov	r0, r4
100036e8:	f7fe fdcc 	bl	10002284 <prvYieldForTask>
100036ec:	e7bf      	b.n	1000366e <xTaskPriorityInherit+0x6a>
100036ee:	bf00      	nop
100036f0:	20000928 	.word	0x20000928
100036f4:	20000944 	.word	0x20000944
100036f8:	20020bf4 	.word	0x20020bf4

100036fc <xTaskPriorityDisinherit>:
100036fc:	b158      	cbz	r0, 10003716 <xTaskPriorityDisinherit+0x1a>
100036fe:	6dc3      	ldr	r3, [r0, #92]	@ 0x5c
10003700:	6b01      	ldr	r1, [r0, #48]	@ 0x30
10003702:	6d82      	ldr	r2, [r0, #88]	@ 0x58
10003704:	3b01      	subs	r3, #1
10003706:	4291      	cmp	r1, r2
10003708:	b570      	push	{r4, r5, r6, lr}
1000370a:	4604      	mov	r4, r0
1000370c:	65c3      	str	r3, [r0, #92]	@ 0x5c
1000370e:	d000      	beq.n	10003712 <xTaskPriorityDisinherit+0x16>
10003710:	b11b      	cbz	r3, 1000371a <xTaskPriorityDisinherit+0x1e>
10003712:	2000      	movs	r0, #0
10003714:	bd70      	pop	{r4, r5, r6, pc}
10003716:	2000      	movs	r0, #0
10003718:	4770      	bx	lr
1000371a:	f100 0508 	add.w	r5, r0, #8
1000371e:	4628      	mov	r0, r5
10003720:	f7fe f870 	bl	10001804 <uxListRemove>
10003724:	6da3      	ldr	r3, [r4, #88]	@ 0x58
10003726:	4a20      	ldr	r2, [pc, #128]	@ (100037a8 <xTaskPriorityDisinherit+0xac>)
10003728:	f1c3 0120 	rsb	r1, r3, #32
1000372c:	61e1      	str	r1, [r4, #28]
1000372e:	6811      	ldr	r1, [r2, #0]
10003730:	6323      	str	r3, [r4, #48]	@ 0x30
10003732:	428b      	cmp	r3, r1
10003734:	bf88      	it	hi
10003736:	6013      	strhi	r3, [r2, #0]
10003738:	4a1c      	ldr	r2, [pc, #112]	@ (100037ac <xTaskPriorityDisinherit+0xb0>)
1000373a:	eb03 0383 	add.w	r3, r3, r3, lsl #2
1000373e:	ea4f 0c83 	mov.w	ip, r3, lsl #2
10003742:	eb02 0383 	add.w	r3, r2, r3, lsl #2
10003746:	6858      	ldr	r0, [r3, #4]
10003748:	f852 100c 	ldr.w	r1, [r2, ip]
1000374c:	6886      	ldr	r6, [r0, #8]
1000374e:	60e0      	str	r0, [r4, #12]
10003750:	6126      	str	r6, [r4, #16]
10003752:	6075      	str	r5, [r6, #4]
10003754:	6085      	str	r5, [r0, #8]
10003756:	61a3      	str	r3, [r4, #24]
10003758:	6ba3      	ldr	r3, [r4, #56]	@ 0x38
1000375a:	3101      	adds	r1, #1
1000375c:	2b00      	cmp	r3, #0
1000375e:	f842 100c 	str.w	r1, [r2, ip]
10003762:	db02      	blt.n	1000376a <xTaskPriorityDisinherit+0x6e>
10003764:	6ba3      	ldr	r3, [r4, #56]	@ 0x38
10003766:	2b01      	cmp	r3, #1
10003768:	dd01      	ble.n	1000376e <xTaskPriorityDisinherit+0x72>
1000376a:	2001      	movs	r0, #1
1000376c:	bd70      	pop	{r4, r5, r6, pc}
1000376e:	f04f 4350 	mov.w	r3, #3489660928	@ 0xd0000000
10003772:	6ba2      	ldr	r2, [r4, #56]	@ 0x38
10003774:	681b      	ldr	r3, [r3, #0]
10003776:	429a      	cmp	r2, r3
10003778:	d010      	beq.n	1000379c <xTaskPriorityDisinherit+0xa0>
1000377a:	6ba3      	ldr	r3, [r4, #56]	@ 0x38
1000377c:	4d0c      	ldr	r5, [pc, #48]	@ (100037b0 <xTaskPriorityDisinherit+0xb4>)
1000377e:	f855 3023 	ldr.w	r3, [r5, r3, lsl #2]
10003782:	6b9b      	ldr	r3, [r3, #56]	@ 0x38
10003784:	3302      	adds	r3, #2
10003786:	d0f0      	beq.n	1000376a <xTaskPriorityDisinherit+0x6e>
10003788:	6ba0      	ldr	r0, [r4, #56]	@ 0x38
1000378a:	f7fd fe87 	bl	1000149c <vYieldCore>
1000378e:	f06f 0201 	mvn.w	r2, #1
10003792:	6ba3      	ldr	r3, [r4, #56]	@ 0x38
10003794:	f855 3023 	ldr.w	r3, [r5, r3, lsl #2]
10003798:	639a      	str	r2, [r3, #56]	@ 0x38
1000379a:	e7e6      	b.n	1000376a <xTaskPriorityDisinherit+0x6e>
1000379c:	2101      	movs	r1, #1
1000379e:	6ba2      	ldr	r2, [r4, #56]	@ 0x38
100037a0:	4b04      	ldr	r3, [pc, #16]	@ (100037b4 <xTaskPriorityDisinherit+0xb8>)
100037a2:	f843 1022 	str.w	r1, [r3, r2, lsl #2]
100037a6:	e7e0      	b.n	1000376a <xTaskPriorityDisinherit+0x6e>
100037a8:	20020bf4 	.word	0x20020bf4
100037ac:	20000944 	.word	0x20000944
100037b0:	20000928 	.word	0x20000928
100037b4:	20020cc8 	.word	0x20020cc8

100037b8 <vTaskPriorityDisinheritAfterTimeout>:
100037b8:	b160      	cbz	r0, 100037d4 <vTaskPriorityDisinheritAfterTimeout+0x1c>
100037ba:	6d82      	ldr	r2, [r0, #88]	@ 0x58
100037bc:	b5f8      	push	{r3, r4, r5, r6, r7, lr}
100037be:	4291      	cmp	r1, r2
100037c0:	bf38      	it	cc
100037c2:	4611      	movcc	r1, r2
100037c4:	6b03      	ldr	r3, [r0, #48]	@ 0x30
100037c6:	4604      	mov	r4, r0
100037c8:	428b      	cmp	r3, r1
100037ca:	d002      	beq.n	100037d2 <vTaskPriorityDisinheritAfterTimeout+0x1a>
100037cc:	6dc2      	ldr	r2, [r0, #92]	@ 0x5c
100037ce:	2a01      	cmp	r2, #1
100037d0:	d001      	beq.n	100037d6 <vTaskPriorityDisinheritAfterTimeout+0x1e>
100037d2:	bdf8      	pop	{r3, r4, r5, r6, r7, pc}
100037d4:	4770      	bx	lr
100037d6:	69c2      	ldr	r2, [r0, #28]
100037d8:	4d25      	ldr	r5, [pc, #148]	@ (10003870 <vTaskPriorityDisinheritAfterTimeout+0xb8>)
100037da:	2a00      	cmp	r2, #0
100037dc:	eb03 0383 	add.w	r3, r3, r3, lsl #2
100037e0:	6982      	ldr	r2, [r0, #24]
100037e2:	6301      	str	r1, [r0, #48]	@ 0x30
100037e4:	eb05 0383 	add.w	r3, r5, r3, lsl #2
100037e8:	bfa4      	itt	ge
100037ea:	f1c1 0120 	rsbge	r1, r1, #32
100037ee:	61c1      	strge	r1, [r0, #28]
100037f0:	429a      	cmp	r2, r3
100037f2:	d1ee      	bne.n	100037d2 <vTaskPriorityDisinheritAfterTimeout+0x1a>
100037f4:	f100 0608 	add.w	r6, r0, #8
100037f8:	4630      	mov	r0, r6
100037fa:	f7fe f803 	bl	10001804 <uxListRemove>
100037fe:	4a1d      	ldr	r2, [pc, #116]	@ (10003874 <vTaskPriorityDisinheritAfterTimeout+0xbc>)
10003800:	6b23      	ldr	r3, [r4, #48]	@ 0x30
10003802:	6811      	ldr	r1, [r2, #0]
10003804:	428b      	cmp	r3, r1
10003806:	bf88      	it	hi
10003808:	6013      	strhi	r3, [r2, #0]
1000380a:	eb03 0383 	add.w	r3, r3, r3, lsl #2
1000380e:	0098      	lsls	r0, r3, #2
10003810:	eb05 0383 	add.w	r3, r5, r3, lsl #2
10003814:	6859      	ldr	r1, [r3, #4]
10003816:	582a      	ldr	r2, [r5, r0]
10003818:	688f      	ldr	r7, [r1, #8]
1000381a:	60e1      	str	r1, [r4, #12]
1000381c:	6127      	str	r7, [r4, #16]
1000381e:	607e      	str	r6, [r7, #4]
10003820:	608e      	str	r6, [r1, #8]
10003822:	61a3      	str	r3, [r4, #24]
10003824:	6ba3      	ldr	r3, [r4, #56]	@ 0x38
10003826:	3201      	adds	r2, #1
10003828:	2b00      	cmp	r3, #0
1000382a:	502a      	str	r2, [r5, r0]
1000382c:	dbd1      	blt.n	100037d2 <vTaskPriorityDisinheritAfterTimeout+0x1a>
1000382e:	6ba3      	ldr	r3, [r4, #56]	@ 0x38
10003830:	2b01      	cmp	r3, #1
10003832:	dcce      	bgt.n	100037d2 <vTaskPriorityDisinheritAfterTimeout+0x1a>
10003834:	f04f 4350 	mov.w	r3, #3489660928	@ 0xd0000000
10003838:	6ba2      	ldr	r2, [r4, #56]	@ 0x38
1000383a:	681b      	ldr	r3, [r3, #0]
1000383c:	429a      	cmp	r2, r3
1000383e:	d010      	beq.n	10003862 <vTaskPriorityDisinheritAfterTimeout+0xaa>
10003840:	6ba3      	ldr	r3, [r4, #56]	@ 0x38
10003842:	4d0d      	ldr	r5, [pc, #52]	@ (10003878 <vTaskPriorityDisinheritAfterTimeout+0xc0>)
10003844:	f855 3023 	ldr.w	r3, [r5, r3, lsl #2]
10003848:	6b9b      	ldr	r3, [r3, #56]	@ 0x38
1000384a:	3302      	adds	r3, #2
1000384c:	d0c1      	beq.n	100037d2 <vTaskPriorityDisinheritAfterTimeout+0x1a>
1000384e:	6ba0      	ldr	r0, [r4, #56]	@ 0x38
10003850:	f7fd fe24 	bl	1000149c <vYieldCore>
10003854:	f06f 0201 	mvn.w	r2, #1
10003858:	6ba3      	ldr	r3, [r4, #56]	@ 0x38
1000385a:	f855 3023 	ldr.w	r3, [r5, r3, lsl #2]
1000385e:	639a      	str	r2, [r3, #56]	@ 0x38
10003860:	bdf8      	pop	{r3, r4, r5, r6, r7, pc}
10003862:	2101      	movs	r1, #1
10003864:	6ba2      	ldr	r2, [r4, #56]	@ 0x38
10003866:	4b05      	ldr	r3, [pc, #20]	@ (1000387c <vTaskPriorityDisinheritAfterTimeout+0xc4>)
10003868:	f843 1022 	str.w	r1, [r3, r2, lsl #2]
1000386c:	bdf8      	pop	{r3, r4, r5, r6, r7, pc}
1000386e:	bf00      	nop
10003870:	20000944 	.word	0x20000944
10003874:	20020bf4 	.word	0x20020bf4
10003878:	20000928 	.word	0x20000928
1000387c:	20020cc8 	.word	0x20020cc8

10003880 <vTaskYieldWithinAPI>:
10003880:	f04f 4350 	mov.w	r3, #3489660928	@ 0xd0000000
10003884:	4a05      	ldr	r2, [pc, #20]	@ (1000389c <vTaskYieldWithinAPI+0x1c>)
10003886:	681b      	ldr	r3, [r3, #0]
10003888:	f852 2023 	ldr.w	r2, [r2, r3, lsl #2]
1000388c:	b122      	cbz	r2, 10003898 <vTaskYieldWithinAPI+0x18>
1000388e:	2101      	movs	r1, #1
10003890:	4a03      	ldr	r2, [pc, #12]	@ (100038a0 <vTaskYieldWithinAPI+0x20>)
10003892:	f842 1023 	str.w	r1, [r2, r3, lsl #2]
10003896:	4770      	bx	lr
10003898:	f7fd bc92 	b.w	100011c0 <vPortYield>
1000389c:	20020bd8 	.word	0x20020bd8
100038a0:	20020cc8 	.word	0x20020cc8

100038a4 <vTaskEnterCritical>:
100038a4:	b538      	push	{r3, r4, r5, lr}
100038a6:	f7fd fe2f 	bl	10001508 <ulSetInterruptMask>
100038aa:	4b3e      	ldr	r3, [pc, #248]	@ (100039a4 <vTaskEnterCritical+0x100>)
100038ac:	681b      	ldr	r3, [r3, #0]
100038ae:	b193      	cbz	r3, 100038d6 <vTaskEnterCritical+0x32>
100038b0:	f04f 4350 	mov.w	r3, #3489660928	@ 0xd0000000
100038b4:	4a3c      	ldr	r2, [pc, #240]	@ (100039a8 <vTaskEnterCritical+0x104>)
100038b6:	681b      	ldr	r3, [r3, #0]
100038b8:	f852 1023 	ldr.w	r1, [r2, r3, lsl #2]
100038bc:	b1a1      	cbz	r1, 100038e8 <vTaskEnterCritical+0x44>
100038be:	f04f 4050 	mov.w	r0, #3489660928	@ 0xd0000000
100038c2:	f852 1023 	ldr.w	r1, [r2, r3, lsl #2]
100038c6:	3101      	adds	r1, #1
100038c8:	f842 1023 	str.w	r1, [r2, r3, lsl #2]
100038cc:	6803      	ldr	r3, [r0, #0]
100038ce:	f852 3023 	ldr.w	r3, [r2, r3, lsl #2]
100038d2:	2b01      	cmp	r3, #1
100038d4:	d000      	beq.n	100038d8 <vTaskEnterCritical+0x34>
100038d6:	bd38      	pop	{r3, r4, r5, pc}
100038d8:	4b34      	ldr	r3, [pc, #208]	@ (100039ac <vTaskEnterCritical+0x108>)
100038da:	681b      	ldr	r3, [r3, #0]
100038dc:	2b00      	cmp	r3, #0
100038de:	d1fa      	bne.n	100038d6 <vTaskEnterCritical+0x32>
100038e0:	e8bd 4038 	ldmia.w	sp!, {r3, r4, r5, lr}
100038e4:	f7fe be16 	b.w	10002514 <prvCheckForRunStateChange>
100038e8:	4931      	ldr	r1, [pc, #196]	@ (100039b0 <vTaskEnterCritical+0x10c>)
100038ea:	e8d1 0fcf 	ldaexb	r0, [r1]
100038ee:	2401      	movs	r4, #1
100038f0:	2800      	cmp	r0, #0
100038f2:	d101      	bne.n	100038f8 <vTaskEnterCritical+0x54>
100038f4:	e8c1 4f40 	strexb	r0, r4, [r1]
100038f8:	f3bf 8f5f 	dmb	sy
100038fc:	2800      	cmp	r0, #0
100038fe:	d131      	bne.n	10003964 <vTaskEnterCritical+0xc0>
10003900:	482c      	ldr	r0, [pc, #176]	@ (100039b4 <vTaskEnterCritical+0x110>)
10003902:	ea4f 0c43 	mov.w	ip, r3, lsl #1
10003906:	2301      	movs	r3, #1
10003908:	492b      	ldr	r1, [pc, #172]	@ (100039b8 <vTaskEnterCritical+0x114>)
1000390a:	4484      	add	ip, r0
1000390c:	704b      	strb	r3, [r1, #1]
1000390e:	f88c 3001 	strb.w	r3, [ip, #1]
10003912:	f04f 4c50 	mov.w	ip, #3489660928	@ 0xd0000000
10003916:	4b29      	ldr	r3, [pc, #164]	@ (100039bc <vTaskEnterCritical+0x118>)
10003918:	f8dc 4000 	ldr.w	r4, [ip]
1000391c:	e8d3 5fcf 	ldaexb	r5, [r3]
10003920:	f05f 0e01 	movs.w	lr, #1
10003924:	2d00      	cmp	r5, #0
10003926:	d101      	bne.n	1000392c <vTaskEnterCritical+0x88>
10003928:	e8c3 ef45 	strexb	r5, lr, [r3]
1000392c:	f3bf 8f5f 	dmb	sy
10003930:	b185      	cbz	r5, 10003954 <vTaskEnterCritical+0xb0>
10003932:	f810 5014 	ldrb.w	r5, [r0, r4, lsl #1]
10003936:	2d00      	cmp	r5, #0
10003938:	d127      	bne.n	1000398a <vTaskEnterCritical+0xe6>
1000393a:	e8d3 cfcf 	ldaexb	ip, [r3]
1000393e:	2501      	movs	r5, #1
10003940:	f1bc 0f00 	cmp.w	ip, #0
10003944:	d1f9      	bne.n	1000393a <vTaskEnterCritical+0x96>
10003946:	e8c3 5f4c 	strexb	ip, r5, [r3]
1000394a:	f1bc 0f00 	cmp.w	ip, #0
1000394e:	d1f4      	bne.n	1000393a <vTaskEnterCritical+0x96>
10003950:	f3bf 8f5f 	dmb	sy
10003954:	2301      	movs	r3, #1
10003956:	f04f 4550 	mov.w	r5, #3489660928	@ 0xd0000000
1000395a:	700b      	strb	r3, [r1, #0]
1000395c:	f800 3014 	strb.w	r3, [r0, r4, lsl #1]
10003960:	682b      	ldr	r3, [r5, #0]
10003962:	e7ac      	b.n	100038be <vTaskEnterCritical+0x1a>
10003964:	4813      	ldr	r0, [pc, #76]	@ (100039b4 <vTaskEnterCritical+0x110>)
10003966:	ea4f 0c43 	mov.w	ip, r3, lsl #1
1000396a:	eb00 0343 	add.w	r3, r0, r3, lsl #1
1000396e:	785b      	ldrb	r3, [r3, #1]
10003970:	b993      	cbnz	r3, 10003998 <vTaskEnterCritical+0xf4>
10003972:	e8d1 4fcf 	ldaexb	r4, [r1]
10003976:	2301      	movs	r3, #1
10003978:	2c00      	cmp	r4, #0
1000397a:	d1fa      	bne.n	10003972 <vTaskEnterCritical+0xce>
1000397c:	e8c1 3f44 	strexb	r4, r3, [r1]
10003980:	2c00      	cmp	r4, #0
10003982:	d1f6      	bne.n	10003972 <vTaskEnterCritical+0xce>
10003984:	f3bf 8f5f 	dmb	sy
10003988:	e7bd      	b.n	10003906 <vTaskEnterCritical+0x62>
1000398a:	780b      	ldrb	r3, [r1, #0]
1000398c:	3301      	adds	r3, #1
1000398e:	b2db      	uxtb	r3, r3
10003990:	700b      	strb	r3, [r1, #0]
10003992:	f8dc 3000 	ldr.w	r3, [ip]
10003996:	e792      	b.n	100038be <vTaskEnterCritical+0x1a>
10003998:	4907      	ldr	r1, [pc, #28]	@ (100039b8 <vTaskEnterCritical+0x114>)
1000399a:	784b      	ldrb	r3, [r1, #1]
1000399c:	3301      	adds	r3, #1
1000399e:	b2db      	uxtb	r3, r3
100039a0:	704b      	strb	r3, [r1, #1]
100039a2:	e7b6      	b.n	10003912 <vTaskEnterCritical+0x6e>
100039a4:	20020c88 	.word	0x20020c88
100039a8:	20020bd8 	.word	0x20020bd8
100039ac:	20020bec 	.word	0x20020bec
100039b0:	200008ab 	.word	0x200008ab
100039b4:	20020bd0 	.word	0x20020bd0
100039b8:	20020bd4 	.word	0x20020bd4
100039bc:	200008aa 	.word	0x200008aa

100039c0 <prvAddNewTaskToReadyList>:
100039c0:	e92d 41f0 	stmdb	sp!, {r4, r5, r6, r7, r8, lr}
100039c4:	4605      	mov	r5, r0
100039c6:	f7ff ff6d 	bl	100038a4 <vTaskEnterCritical>
100039ca:	4a2e      	ldr	r2, [pc, #184]	@ (10003a84 <prvAddNewTaskToReadyList+0xc4>)
100039cc:	4f2e      	ldr	r7, [pc, #184]	@ (10003a88 <prvAddNewTaskToReadyList+0xc8>)
100039ce:	6813      	ldr	r3, [r2, #0]
100039d0:	3301      	adds	r3, #1
100039d2:	6013      	str	r3, [r2, #0]
100039d4:	683b      	ldr	r3, [r7, #0]
100039d6:	b363      	cbz	r3, 10003a32 <prvAddNewTaskToReadyList+0x72>
100039d8:	4e2c      	ldr	r6, [pc, #176]	@ (10003a8c <prvAddNewTaskToReadyList+0xcc>)
100039da:	4b2d      	ldr	r3, [pc, #180]	@ (10003a90 <prvAddNewTaskToReadyList+0xd0>)
100039dc:	f105 0408 	add.w	r4, r5, #8
100039e0:	681a      	ldr	r2, [r3, #0]
100039e2:	3201      	adds	r2, #1
100039e4:	652a      	str	r2, [r5, #80]	@ 0x50
100039e6:	601a      	str	r2, [r3, #0]
100039e8:	4a2a      	ldr	r2, [pc, #168]	@ (10003a94 <prvAddNewTaskToReadyList+0xd4>)
100039ea:	6b2b      	ldr	r3, [r5, #48]	@ 0x30
100039ec:	6811      	ldr	r1, [r2, #0]
100039ee:	428b      	cmp	r3, r1
100039f0:	bf88      	it	hi
100039f2:	6013      	strhi	r3, [r2, #0]
100039f4:	eb03 0383 	add.w	r3, r3, r3, lsl #2
100039f8:	0098      	lsls	r0, r3, #2
100039fa:	eb06 0383 	add.w	r3, r6, r3, lsl #2
100039fe:	6859      	ldr	r1, [r3, #4]
10003a00:	5832      	ldr	r2, [r6, r0]
10003a02:	f8d1 c008 	ldr.w	ip, [r1, #8]
10003a06:	f8d7 e000 	ldr.w	lr, [r7]
10003a0a:	3201      	adds	r2, #1
10003a0c:	60e9      	str	r1, [r5, #12]
10003a0e:	f8c5 c010 	str.w	ip, [r5, #16]
10003a12:	f8cc 4004 	str.w	r4, [ip, #4]
10003a16:	608c      	str	r4, [r1, #8]
10003a18:	61ab      	str	r3, [r5, #24]
10003a1a:	5032      	str	r2, [r6, r0]
10003a1c:	f1be 0f00 	cmp.w	lr, #0
10003a20:	d12c      	bne.n	10003a7c <prvAddNewTaskToReadyList+0xbc>
10003a22:	683b      	ldr	r3, [r7, #0]
10003a24:	b11b      	cbz	r3, 10003a2e <prvAddNewTaskToReadyList+0x6e>
10003a26:	e8bd 41f0 	ldmia.w	sp!, {r4, r5, r6, r7, r8, lr}
10003a2a:	f7fe bc91 	b.w	10002350 <vTaskExitCritical.part.0>
10003a2e:	e8bd 81f0 	ldmia.w	sp!, {r4, r5, r6, r7, r8, pc}
10003a32:	6813      	ldr	r3, [r2, #0]
10003a34:	4e15      	ldr	r6, [pc, #84]	@ (10003a8c <prvAddNewTaskToReadyList+0xcc>)
10003a36:	2b01      	cmp	r3, #1
10003a38:	d1cf      	bne.n	100039da <prvAddNewTaskToReadyList+0x1a>
10003a3a:	4634      	mov	r4, r6
10003a3c:	f506 7820 	add.w	r8, r6, #640	@ 0x280
10003a40:	4620      	mov	r0, r4
10003a42:	3414      	adds	r4, #20
10003a44:	f7fd fea8 	bl	10001798 <vListInitialise>
10003a48:	4544      	cmp	r4, r8
10003a4a:	d1f9      	bne.n	10003a40 <prvAddNewTaskToReadyList+0x80>
10003a4c:	f8df 8060 	ldr.w	r8, [pc, #96]	@ 10003ab0 <prvAddNewTaskToReadyList+0xf0>
10003a50:	4c11      	ldr	r4, [pc, #68]	@ (10003a98 <prvAddNewTaskToReadyList+0xd8>)
10003a52:	4640      	mov	r0, r8
10003a54:	f7fd fea0 	bl	10001798 <vListInitialise>
10003a58:	4620      	mov	r0, r4
10003a5a:	f7fd fe9d 	bl	10001798 <vListInitialise>
10003a5e:	480f      	ldr	r0, [pc, #60]	@ (10003a9c <prvAddNewTaskToReadyList+0xdc>)
10003a60:	f7fd fe9a 	bl	10001798 <vListInitialise>
10003a64:	480e      	ldr	r0, [pc, #56]	@ (10003aa0 <prvAddNewTaskToReadyList+0xe0>)
10003a66:	f7fd fe97 	bl	10001798 <vListInitialise>
10003a6a:	480e      	ldr	r0, [pc, #56]	@ (10003aa4 <prvAddNewTaskToReadyList+0xe4>)
10003a6c:	f7fd fe94 	bl	10001798 <vListInitialise>
10003a70:	4b0d      	ldr	r3, [pc, #52]	@ (10003aa8 <prvAddNewTaskToReadyList+0xe8>)
10003a72:	f8c3 8000 	str.w	r8, [r3]
10003a76:	4b0d      	ldr	r3, [pc, #52]	@ (10003aac <prvAddNewTaskToReadyList+0xec>)
10003a78:	601c      	str	r4, [r3, #0]
10003a7a:	e7ae      	b.n	100039da <prvAddNewTaskToReadyList+0x1a>
10003a7c:	4628      	mov	r0, r5
10003a7e:	f7fe fc01 	bl	10002284 <prvYieldForTask>
10003a82:	e7ce      	b.n	10003a22 <prvAddNewTaskToReadyList+0x62>
10003a84:	20020be4 	.word	0x20020be4
10003a88:	20020c88 	.word	0x20020c88
10003a8c:	20000944 	.word	0x20000944
10003a90:	20020bf0 	.word	0x20020bf0
10003a94:	20020bf4 	.word	0x20020bf4
10003a98:	20020c34 	.word	0x20020c34
10003a9c:	20020c74 	.word	0x20020c74
10003aa0:	20020ca8 	.word	0x20020ca8
10003aa4:	20020c94 	.word	0x20020c94
10003aa8:	20000934 	.word	0x20000934
10003aac:	2000093c 	.word	0x2000093c
10003ab0:	20020c20 	.word	0x20020c20

10003ab4 <xTaskCreate>:
10003ab4:	b510      	push	{r4, lr}
10003ab6:	b082      	sub	sp, #8
10003ab8:	9c04      	ldr	r4, [sp, #16]
10003aba:	9400      	str	r4, [sp, #0]
10003abc:	9c05      	ldr	r4, [sp, #20]
10003abe:	9401      	str	r4, [sp, #4]
10003ac0:	f7fe fc8c 	bl	100023dc <prvCreateTask>
10003ac4:	b138      	cbz	r0, 10003ad6 <xTaskCreate+0x22>
10003ac6:	f04f 32ff 	mov.w	r2, #4294967295	@ 0xffffffff
10003aca:	6042      	str	r2, [r0, #4]
10003acc:	f7ff ff78 	bl	100039c0 <prvAddNewTaskToReadyList>
10003ad0:	2001      	movs	r0, #1
10003ad2:	b002      	add	sp, #8
10003ad4:	bd10      	pop	{r4, pc}
10003ad6:	f04f 30ff 	mov.w	r0, #4294967295	@ 0xffffffff
10003ada:	b002      	add	sp, #8
10003adc:	bd10      	pop	{r4, pc}
10003ade:	bf00      	nop

10003ae0 <xTaskCreateAffinitySet>:
10003ae0:	b510      	push	{r4, lr}
10003ae2:	b082      	sub	sp, #8
10003ae4:	9c04      	ldr	r4, [sp, #16]
10003ae6:	9400      	str	r4, [sp, #0]
10003ae8:	9c06      	ldr	r4, [sp, #24]
10003aea:	9401      	str	r4, [sp, #4]
10003aec:	f7fe fc76 	bl	100023dc <prvCreateTask>
10003af0:	b130      	cbz	r0, 10003b00 <xTaskCreateAffinitySet+0x20>
10003af2:	9a05      	ldr	r2, [sp, #20]
10003af4:	6042      	str	r2, [r0, #4]
10003af6:	f7ff ff63 	bl	100039c0 <prvAddNewTaskToReadyList>
10003afa:	2001      	movs	r0, #1
10003afc:	b002      	add	sp, #8
10003afe:	bd10      	pop	{r4, pc}
10003b00:	f04f 30ff 	mov.w	r0, #4294967295	@ 0xffffffff
10003b04:	b002      	add	sp, #8
10003b06:	bd10      	pop	{r4, pc}

10003b08 <vTaskStartScheduler>:
10003b08:	2300      	movs	r3, #0
10003b0a:	b5f0      	push	{r4, r5, r6, r7, lr}
10003b0c:	2430      	movs	r4, #48	@ 0x30
10003b0e:	4a26      	ldr	r2, [pc, #152]	@ (10003ba8 <vTaskStartScheduler+0xa0>)
10003b10:	4d26      	ldr	r5, [pc, #152]	@ (10003bac <vTaskStartScheduler+0xa4>)
10003b12:	b087      	sub	sp, #28
10003b14:	e9cd 5201 	strd	r5, r2, [sp, #4]
10003b18:	4825      	ldr	r0, [pc, #148]	@ (10003bb0 <vTaskStartScheduler+0xa8>)
10003b1a:	f44f 7200 	mov.w	r2, #512	@ 0x200
10003b1e:	a902      	add	r1, sp, #8
10003b20:	9300      	str	r3, [sp, #0]
10003b22:	f8ad 400c 	strh.w	r4, [sp, #12]
10003b26:	f7fe fc59 	bl	100023dc <prvCreateTask>
10003b2a:	b120      	cbz	r0, 10003b36 <vTaskStartScheduler+0x2e>
10003b2c:	f04f 32ff 	mov.w	r2, #4294967295	@ 0xffffffff
10003b30:	6042      	str	r2, [r0, #4]
10003b32:	f7ff ff45 	bl	100039c0 <prvAddNewTaskToReadyList>
10003b36:	2331      	movs	r3, #49	@ 0x31
10003b38:	2400      	movs	r4, #0
10003b3a:	682a      	ldr	r2, [r5, #0]
10003b3c:	4e1d      	ldr	r6, [pc, #116]	@ (10003bb4 <vTaskStartScheduler+0xac>)
10003b3e:	f88d 300c 	strb.w	r3, [sp, #12]
10003b42:	4b1d      	ldr	r3, [pc, #116]	@ (10003bb8 <vTaskStartScheduler+0xb0>)
10003b44:	6394      	str	r4, [r2, #56]	@ 0x38
10003b46:	481d      	ldr	r0, [pc, #116]	@ (10003bbc <vTaskStartScheduler+0xb4>)
10003b48:	9301      	str	r3, [sp, #4]
10003b4a:	9400      	str	r4, [sp, #0]
10003b4c:	4623      	mov	r3, r4
10003b4e:	6032      	str	r2, [r6, #0]
10003b50:	a902      	add	r1, sp, #8
10003b52:	f44f 7200 	mov.w	r2, #512	@ 0x200
10003b56:	f7fe fc41 	bl	100023dc <prvCreateTask>
10003b5a:	b188      	cbz	r0, 10003b80 <vTaskStartScheduler+0x78>
10003b5c:	f04f 37ff 	mov.w	r7, #4294967295	@ 0xffffffff
10003b60:	6047      	str	r7, [r0, #4]
10003b62:	f7ff ff2d 	bl	100039c0 <prvAddNewTaskToReadyList>
10003b66:	2201      	movs	r2, #1
10003b68:	686b      	ldr	r3, [r5, #4]
10003b6a:	639a      	str	r2, [r3, #56]	@ 0x38
10003b6c:	6073      	str	r3, [r6, #4]
10003b6e:	f000 ff71 	bl	10004a54 <xTimerCreateTimerTask>
10003b72:	2801      	cmp	r0, #1
10003b74:	4605      	mov	r5, r0
10003b76:	d00b      	beq.n	10003b90 <vTaskStartScheduler+0x88>
10003b78:	4b11      	ldr	r3, [pc, #68]	@ (10003bc0 <vTaskStartScheduler+0xb8>)
10003b7a:	681b      	ldr	r3, [r3, #0]
10003b7c:	b007      	add	sp, #28
10003b7e:	bdf0      	pop	{r4, r5, r6, r7, pc}
10003b80:	2201      	movs	r2, #1
10003b82:	686b      	ldr	r3, [r5, #4]
10003b84:	639a      	str	r2, [r3, #56]	@ 0x38
10003b86:	6073      	str	r3, [r6, #4]
10003b88:	4b0d      	ldr	r3, [pc, #52]	@ (10003bc0 <vTaskStartScheduler+0xb8>)
10003b8a:	681b      	ldr	r3, [r3, #0]
10003b8c:	b007      	add	sp, #28
10003b8e:	bdf0      	pop	{r4, r5, r6, r7, pc}
10003b90:	f7fd fcba 	bl	10001508 <ulSetInterruptMask>
10003b94:	4b0b      	ldr	r3, [pc, #44]	@ (10003bc4 <vTaskStartScheduler+0xbc>)
10003b96:	4a0c      	ldr	r2, [pc, #48]	@ (10003bc8 <vTaskStartScheduler+0xc0>)
10003b98:	601f      	str	r7, [r3, #0]
10003b9a:	4b0c      	ldr	r3, [pc, #48]	@ (10003bcc <vTaskStartScheduler+0xc4>)
10003b9c:	6015      	str	r5, [r2, #0]
10003b9e:	601c      	str	r4, [r3, #0]
10003ba0:	f7fd fb6c 	bl	1000127c <xPortStartScheduler>
10003ba4:	e7e8      	b.n	10003b78 <vTaskStartScheduler+0x70>
10003ba6:	bf00      	nop
10003ba8:	454c4449 	.word	0x454c4449
10003bac:	20020c50 	.word	0x20020c50
10003bb0:	1000299d 	.word	0x1000299d
10003bb4:	20000928 	.word	0x20000928
10003bb8:	20020c54 	.word	0x20020c54
10003bbc:	10002265 	.word	0x10002265
10003bc0:	200005f4 	.word	0x200005f4
10003bc4:	20020c60 	.word	0x20020c60
10003bc8:	20020c88 	.word	0x20020c88
10003bcc:	20020cbc 	.word	0x20020cbc

10003bd0 <vTaskDelete>:
10003bd0:	b570      	push	{r4, r5, r6, lr}
10003bd2:	4604      	mov	r4, r0
10003bd4:	f7ff fe66 	bl	100038a4 <vTaskEnterCritical>
10003bd8:	2c00      	cmp	r4, #0
10003bda:	d057      	beq.n	10003c8c <vTaskDelete+0xbc>
10003bdc:	f104 0608 	add.w	r6, r4, #8
10003be0:	4630      	mov	r0, r6
10003be2:	f7fd fe0f 	bl	10001804 <uxListRemove>
10003be6:	6ae3      	ldr	r3, [r4, #44]	@ 0x2c
10003be8:	b11b      	cbz	r3, 10003bf2 <vTaskDelete+0x22>
10003bea:	f104 001c 	add.w	r0, r4, #28
10003bee:	f7fd fe09 	bl	10001804 <uxListRemove>
10003bf2:	4a42      	ldr	r2, [pc, #264]	@ (10003cfc <vTaskDelete+0x12c>)
10003bf4:	6ba1      	ldr	r1, [r4, #56]	@ 0x38
10003bf6:	6813      	ldr	r3, [r2, #0]
10003bf8:	4d41      	ldr	r5, [pc, #260]	@ (10003d00 <vTaskDelete+0x130>)
10003bfa:	3301      	adds	r3, #1
10003bfc:	3101      	adds	r1, #1
10003bfe:	6013      	str	r3, [r2, #0]
10003c00:	682b      	ldr	r3, [r5, #0]
10003c02:	d015      	beq.n	10003c30 <vTaskDelete+0x60>
10003c04:	b1a3      	cbz	r3, 10003c30 <vTaskDelete+0x60>
10003c06:	4631      	mov	r1, r6
10003c08:	483e      	ldr	r0, [pc, #248]	@ (10003d04 <vTaskDelete+0x134>)
10003c0a:	f7fd fdd5 	bl	100017b8 <vListInsertEnd>
10003c0e:	4a3e      	ldr	r2, [pc, #248]	@ (10003d08 <vTaskDelete+0x138>)
10003c10:	6813      	ldr	r3, [r2, #0]
10003c12:	3301      	adds	r3, #1
10003c14:	6013      	str	r3, [r2, #0]
10003c16:	6ba3      	ldr	r3, [r4, #56]	@ 0x38
10003c18:	2b00      	cmp	r3, #0
10003c1a:	db02      	blt.n	10003c22 <vTaskDelete+0x52>
10003c1c:	6ba3      	ldr	r3, [r4, #56]	@ 0x38
10003c1e:	2b01      	cmp	r3, #1
10003c20:	dd3f      	ble.n	10003ca2 <vTaskDelete+0xd2>
10003c22:	682b      	ldr	r3, [r5, #0]
10003c24:	2b00      	cmp	r3, #0
10003c26:	d030      	beq.n	10003c8a <vTaskDelete+0xba>
10003c28:	e8bd 4070 	ldmia.w	sp!, {r4, r5, r6, lr}
10003c2c:	f7fe bb90 	b.w	10002350 <vTaskExitCritical.part.0>
10003c30:	4a36      	ldr	r2, [pc, #216]	@ (10003d0c <vTaskDelete+0x13c>)
10003c32:	4937      	ldr	r1, [pc, #220]	@ (10003d10 <vTaskDelete+0x140>)
10003c34:	6813      	ldr	r3, [r2, #0]
10003c36:	3b01      	subs	r3, #1
10003c38:	6013      	str	r3, [r2, #0]
10003c3a:	680b      	ldr	r3, [r1, #0]
10003c3c:	681b      	ldr	r3, [r3, #0]
10003c3e:	b183      	cbz	r3, 10003c62 <vTaskDelete+0x92>
10003c40:	680a      	ldr	r2, [r1, #0]
10003c42:	4b34      	ldr	r3, [pc, #208]	@ (10003d14 <vTaskDelete+0x144>)
10003c44:	68d2      	ldr	r2, [r2, #12]
10003c46:	6812      	ldr	r2, [r2, #0]
10003c48:	601a      	str	r2, [r3, #0]
10003c4a:	682b      	ldr	r3, [r5, #0]
10003c4c:	b10b      	cbz	r3, 10003c52 <vTaskDelete+0x82>
10003c4e:	f7fe fb7f 	bl	10002350 <vTaskExitCritical.part.0>
10003c52:	6b60      	ldr	r0, [r4, #52]	@ 0x34
10003c54:	f7fd f98e 	bl	10000f74 <vPortFree>
10003c58:	4620      	mov	r0, r4
10003c5a:	e8bd 4070 	ldmia.w	sp!, {r4, r5, r6, lr}
10003c5e:	f7fd b989 	b.w	10000f74 <vPortFree>
10003c62:	f04f 32ff 	mov.w	r2, #4294967295	@ 0xffffffff
10003c66:	4b2b      	ldr	r3, [pc, #172]	@ (10003d14 <vTaskDelete+0x144>)
10003c68:	601a      	str	r2, [r3, #0]
10003c6a:	682b      	ldr	r3, [r5, #0]
10003c6c:	2b00      	cmp	r3, #0
10003c6e:	d1ee      	bne.n	10003c4e <vTaskDelete+0x7e>
10003c70:	e7ef      	b.n	10003c52 <vTaskDelete+0x82>
10003c72:	4b29      	ldr	r3, [pc, #164]	@ (10003d18 <vTaskDelete+0x148>)
10003c74:	f853 3022 	ldr.w	r3, [r3, r2, lsl #2]
10003c78:	2b00      	cmp	r3, #0
10003c7a:	d038      	beq.n	10003cee <vTaskDelete+0x11e>
10003c7c:	2101      	movs	r1, #1
10003c7e:	4b27      	ldr	r3, [pc, #156]	@ (10003d1c <vTaskDelete+0x14c>)
10003c80:	f843 1022 	str.w	r1, [r3, r2, lsl #2]
10003c84:	682b      	ldr	r3, [r5, #0]
10003c86:	2b00      	cmp	r3, #0
10003c88:	d1ce      	bne.n	10003c28 <vTaskDelete+0x58>
10003c8a:	bd70      	pop	{r4, r5, r6, pc}
10003c8c:	f7fd fc3c 	bl	10001508 <ulSetInterruptMask>
10003c90:	f04f 4250 	mov.w	r2, #3489660928	@ 0xd0000000
10003c94:	4b22      	ldr	r3, [pc, #136]	@ (10003d20 <vTaskDelete+0x150>)
10003c96:	6812      	ldr	r2, [r2, #0]
10003c98:	f853 4022 	ldr.w	r4, [r3, r2, lsl #2]
10003c9c:	f7fd fc40 	bl	10001520 <vClearInterruptMask>
10003ca0:	e79c      	b.n	10003bdc <vTaskDelete+0xc>
10003ca2:	f04f 4350 	mov.w	r3, #3489660928	@ 0xd0000000
10003ca6:	6ba2      	ldr	r2, [r4, #56]	@ 0x38
10003ca8:	681b      	ldr	r3, [r3, #0]
10003caa:	429a      	cmp	r2, r3
10003cac:	d0e1      	beq.n	10003c72 <vTaskDelete+0xa2>
10003cae:	6ba2      	ldr	r2, [r4, #56]	@ 0x38
10003cb0:	4293      	cmp	r3, r2
10003cb2:	d013      	beq.n	10003cdc <vTaskDelete+0x10c>
10003cb4:	6ba3      	ldr	r3, [r4, #56]	@ 0x38
10003cb6:	4e1a      	ldr	r6, [pc, #104]	@ (10003d20 <vTaskDelete+0x150>)
10003cb8:	f856 3023 	ldr.w	r3, [r6, r3, lsl #2]
10003cbc:	6b9b      	ldr	r3, [r3, #56]	@ 0x38
10003cbe:	3302      	adds	r3, #2
10003cc0:	d0af      	beq.n	10003c22 <vTaskDelete+0x52>
10003cc2:	6ba0      	ldr	r0, [r4, #56]	@ 0x38
10003cc4:	f7fd fbea 	bl	1000149c <vYieldCore>
10003cc8:	f06f 0201 	mvn.w	r2, #1
10003ccc:	6ba3      	ldr	r3, [r4, #56]	@ 0x38
10003cce:	f856 3023 	ldr.w	r3, [r6, r3, lsl #2]
10003cd2:	639a      	str	r2, [r3, #56]	@ 0x38
10003cd4:	682b      	ldr	r3, [r5, #0]
10003cd6:	2b00      	cmp	r3, #0
10003cd8:	d1a6      	bne.n	10003c28 <vTaskDelete+0x58>
10003cda:	e7d6      	b.n	10003c8a <vTaskDelete+0xba>
10003cdc:	2101      	movs	r1, #1
10003cde:	6ba2      	ldr	r2, [r4, #56]	@ 0x38
10003ce0:	4b0e      	ldr	r3, [pc, #56]	@ (10003d1c <vTaskDelete+0x14c>)
10003ce2:	f843 1022 	str.w	r1, [r3, r2, lsl #2]
10003ce6:	682b      	ldr	r3, [r5, #0]
10003ce8:	2b00      	cmp	r3, #0
10003cea:	d19d      	bne.n	10003c28 <vTaskDelete+0x58>
10003cec:	e7cd      	b.n	10003c8a <vTaskDelete+0xba>
10003cee:	f7fd fa67 	bl	100011c0 <vPortYield>
10003cf2:	682b      	ldr	r3, [r5, #0]
10003cf4:	2b00      	cmp	r3, #0
10003cf6:	d197      	bne.n	10003c28 <vTaskDelete+0x58>
10003cf8:	e7c7      	b.n	10003c8a <vTaskDelete+0xba>
10003cfa:	bf00      	nop
10003cfc:	20020bf0 	.word	0x20020bf0
10003d00:	20020c88 	.word	0x20020c88
10003d04:	20020ca8 	.word	0x20020ca8
10003d08:	20020be8 	.word	0x20020be8
10003d0c:	20020be4 	.word	0x20020be4
10003d10:	20000934 	.word	0x20000934
10003d14:	20020c60 	.word	0x20020c60
10003d18:	20020bd8 	.word	0x20020bd8
10003d1c:	20020cc8 	.word	0x20020cc8
10003d20:	20000928 	.word	0x20000928

10003d24 <xTaskResumeAll.part.0>:
10003d24:	e92d 47f0 	stmdb	sp!, {r4, r5, r6, r7, r8, r9, sl, lr}
10003d28:	f7ff fdbc 	bl	100038a4 <vTaskEnterCritical>
10003d2c:	f04f 4050 	mov.w	r0, #3489660928	@ 0xd0000000
10003d30:	4a57      	ldr	r2, [pc, #348]	@ (10003e90 <xTaskResumeAll.part.0+0x16c>)
10003d32:	4958      	ldr	r1, [pc, #352]	@ (10003e94 <xTaskResumeAll.part.0+0x170>)
10003d34:	6813      	ldr	r3, [r2, #0]
10003d36:	6805      	ldr	r5, [r0, #0]
10003d38:	3b01      	subs	r3, #1
10003d3a:	6013      	str	r3, [r2, #0]
10003d3c:	784b      	ldrb	r3, [r1, #1]
10003d3e:	6800      	ldr	r0, [r0, #0]
10003d40:	3b01      	subs	r3, #1
10003d42:	b2db      	uxtb	r3, r3
10003d44:	704b      	strb	r3, [r1, #1]
10003d46:	b933      	cbnz	r3, 10003d56 <xTaskResumeAll.part.0+0x32>
10003d48:	4953      	ldr	r1, [pc, #332]	@ (10003e98 <xTaskResumeAll.part.0+0x174>)
10003d4a:	eb01 0140 	add.w	r1, r1, r0, lsl #1
10003d4e:	704b      	strb	r3, [r1, #1]
10003d50:	4952      	ldr	r1, [pc, #328]	@ (10003e9c <xTaskResumeAll.part.0+0x178>)
10003d52:	e8c1 3f8f 	stlb	r3, [r1]
10003d56:	f8d2 c000 	ldr.w	ip, [r2]
10003d5a:	f1bc 0f00 	cmp.w	ip, #0
10003d5e:	d16e      	bne.n	10003e3e <xTaskResumeAll.part.0+0x11a>
10003d60:	4b4f      	ldr	r3, [pc, #316]	@ (10003ea0 <xTaskResumeAll.part.0+0x17c>)
10003d62:	681c      	ldr	r4, [r3, #0]
10003d64:	2c00      	cmp	r4, #0
10003d66:	d062      	beq.n	10003e2e <xTaskResumeAll.part.0+0x10a>
10003d68:	4f4e      	ldr	r7, [pc, #312]	@ (10003ea4 <xTaskResumeAll.part.0+0x180>)
10003d6a:	683b      	ldr	r3, [r7, #0]
10003d6c:	2b00      	cmp	r3, #0
10003d6e:	d048      	beq.n	10003e02 <xTaskResumeAll.part.0+0xde>
10003d70:	f8df e148 	ldr.w	lr, [pc, #328]	@ 10003ebc <xTaskResumeAll.part.0+0x198>
10003d74:	4e4c      	ldr	r6, [pc, #304]	@ (10003ea8 <xTaskResumeAll.part.0+0x184>)
10003d76:	68fb      	ldr	r3, [r7, #12]
10003d78:	68db      	ldr	r3, [r3, #12]
10003d7a:	6ada      	ldr	r2, [r3, #44]	@ 0x2c
10003d7c:	e9d3 1008 	ldrd	r1, r0, [r3, #32]
10003d80:	6088      	str	r0, [r1, #8]
10003d82:	6041      	str	r1, [r0, #4]
10003d84:	6851      	ldr	r1, [r2, #4]
10003d86:	f103 041c 	add.w	r4, r3, #28
10003d8a:	42a1      	cmp	r1, r4
10003d8c:	6811      	ldr	r1, [r2, #0]
10003d8e:	bf08      	it	eq
10003d90:	6050      	streq	r0, [r2, #4]
10003d92:	3901      	subs	r1, #1
10003d94:	f8c3 c02c 	str.w	ip, [r3, #44]	@ 0x2c
10003d98:	6011      	str	r1, [r2, #0]
10003d9a:	6999      	ldr	r1, [r3, #24]
10003d9c:	68d8      	ldr	r0, [r3, #12]
10003d9e:	691a      	ldr	r2, [r3, #16]
10003da0:	684c      	ldr	r4, [r1, #4]
10003da2:	6082      	str	r2, [r0, #8]
10003da4:	6050      	str	r0, [r2, #4]
10003da6:	f103 0008 	add.w	r0, r3, #8
10003daa:	4284      	cmp	r4, r0
10003dac:	bf08      	it	eq
10003dae:	604a      	streq	r2, [r1, #4]
10003db0:	680c      	ldr	r4, [r1, #0]
10003db2:	6b1a      	ldr	r2, [r3, #48]	@ 0x30
10003db4:	f8de 8000 	ldr.w	r8, [lr]
10003db8:	3c01      	subs	r4, #1
10003dba:	4542      	cmp	r2, r8
10003dbc:	eb02 0a82 	add.w	sl, r2, r2, lsl #2
10003dc0:	600c      	str	r4, [r1, #0]
10003dc2:	d93e      	bls.n	10003e42 <xTaskResumeAll.part.0+0x11e>
10003dc4:	eb06 048a 	add.w	r4, r6, sl, lsl #2
10003dc8:	6861      	ldr	r1, [r4, #4]
10003dca:	f8ce 2000 	str.w	r2, [lr]
10003dce:	f8d1 8008 	ldr.w	r8, [r1, #8]
10003dd2:	f856 202a 	ldr.w	r2, [r6, sl, lsl #2]
10003dd6:	60d9      	str	r1, [r3, #12]
10003dd8:	f8c3 8010 	str.w	r8, [r3, #16]
10003ddc:	f8c8 0004 	str.w	r0, [r8, #4]
10003de0:	6088      	str	r0, [r1, #8]
10003de2:	619c      	str	r4, [r3, #24]
10003de4:	683b      	ldr	r3, [r7, #0]
10003de6:	3201      	adds	r2, #1
10003de8:	f846 202a 	str.w	r2, [r6, sl, lsl #2]
10003dec:	2b00      	cmp	r3, #0
10003dee:	d1c2      	bne.n	10003d76 <xTaskResumeAll.part.0+0x52>
10003df0:	4b2e      	ldr	r3, [pc, #184]	@ (10003eac <xTaskResumeAll.part.0+0x188>)
10003df2:	681a      	ldr	r2, [r3, #0]
10003df4:	6812      	ldr	r2, [r2, #0]
10003df6:	2a00      	cmp	r2, #0
10003df8:	d143      	bne.n	10003e82 <xTaskResumeAll.part.0+0x15e>
10003dfa:	f04f 32ff 	mov.w	r2, #4294967295	@ 0xffffffff
10003dfe:	4b2c      	ldr	r3, [pc, #176]	@ (10003eb0 <xTaskResumeAll.part.0+0x18c>)
10003e00:	601a      	str	r2, [r3, #0]
10003e02:	f8df 80bc 	ldr.w	r8, [pc, #188]	@ 10003ec0 <xTaskResumeAll.part.0+0x19c>
10003e06:	f8d8 4000 	ldr.w	r4, [r8]
10003e0a:	2c00      	cmp	r4, #0
10003e0c:	d032      	beq.n	10003e74 <xTaskResumeAll.part.0+0x150>
10003e0e:	2701      	movs	r7, #1
10003e10:	4e28      	ldr	r6, [pc, #160]	@ (10003eb4 <xTaskResumeAll.part.0+0x190>)
10003e12:	f7fe ff61 	bl	10002cd8 <xTaskIncrementTick>
10003e16:	b108      	cbz	r0, 10003e1c <xTaskResumeAll.part.0+0xf8>
10003e18:	f846 7025 	str.w	r7, [r6, r5, lsl #2]
10003e1c:	3c01      	subs	r4, #1
10003e1e:	d1f8      	bne.n	10003e12 <xTaskResumeAll.part.0+0xee>
10003e20:	f8c8 4000 	str.w	r4, [r8]
10003e24:	f856 4025 	ldr.w	r4, [r6, r5, lsl #2]
10003e28:	3c00      	subs	r4, #0
10003e2a:	bf18      	it	ne
10003e2c:	2401      	movne	r4, #1
10003e2e:	4b22      	ldr	r3, [pc, #136]	@ (10003eb8 <xTaskResumeAll.part.0+0x194>)
10003e30:	681b      	ldr	r3, [r3, #0]
10003e32:	b10b      	cbz	r3, 10003e38 <xTaskResumeAll.part.0+0x114>
10003e34:	f7fe fa8c 	bl	10002350 <vTaskExitCritical.part.0>
10003e38:	4620      	mov	r0, r4
10003e3a:	e8bd 87f0 	ldmia.w	sp!, {r4, r5, r6, r7, r8, r9, sl, pc}
10003e3e:	2400      	movs	r4, #0
10003e40:	e7f5      	b.n	10003e2e <xTaskResumeAll.part.0+0x10a>
10003e42:	eb06 048a 	add.w	r4, r6, sl, lsl #2
10003e46:	6861      	ldr	r1, [r4, #4]
10003e48:	f856 202a 	ldr.w	r2, [r6, sl, lsl #2]
10003e4c:	f8d1 8008 	ldr.w	r8, [r1, #8]
10003e50:	60d9      	str	r1, [r3, #12]
10003e52:	f8c3 8010 	str.w	r8, [r3, #16]
10003e56:	f8c8 0004 	str.w	r0, [r8, #4]
10003e5a:	6088      	str	r0, [r1, #8]
10003e5c:	619c      	str	r4, [r3, #24]
10003e5e:	683b      	ldr	r3, [r7, #0]
10003e60:	3201      	adds	r2, #1
10003e62:	f846 202a 	str.w	r2, [r6, sl, lsl #2]
10003e66:	2b00      	cmp	r3, #0
10003e68:	d185      	bne.n	10003d76 <xTaskResumeAll.part.0+0x52>
10003e6a:	4b10      	ldr	r3, [pc, #64]	@ (10003eac <xTaskResumeAll.part.0+0x188>)
10003e6c:	681a      	ldr	r2, [r3, #0]
10003e6e:	6812      	ldr	r2, [r2, #0]
10003e70:	b93a      	cbnz	r2, 10003e82 <xTaskResumeAll.part.0+0x15e>
10003e72:	e7c2      	b.n	10003dfa <xTaskResumeAll.part.0+0xd6>
10003e74:	4e0f      	ldr	r6, [pc, #60]	@ (10003eb4 <xTaskResumeAll.part.0+0x190>)
10003e76:	f856 4025 	ldr.w	r4, [r6, r5, lsl #2]
10003e7a:	3c00      	subs	r4, #0
10003e7c:	bf18      	it	ne
10003e7e:	2401      	movne	r4, #1
10003e80:	e7d5      	b.n	10003e2e <xTaskResumeAll.part.0+0x10a>
10003e82:	681a      	ldr	r2, [r3, #0]
10003e84:	4b0a      	ldr	r3, [pc, #40]	@ (10003eb0 <xTaskResumeAll.part.0+0x18c>)
10003e86:	68d2      	ldr	r2, [r2, #12]
10003e88:	6812      	ldr	r2, [r2, #0]
10003e8a:	601a      	str	r2, [r3, #0]
10003e8c:	e7b9      	b.n	10003e02 <xTaskResumeAll.part.0+0xde>
10003e8e:	bf00      	nop
10003e90:	20020bec 	.word	0x20020bec
10003e94:	20020bd4 	.word	0x20020bd4
10003e98:	20020bd0 	.word	0x20020bd0
10003e9c:	200008ab 	.word	0x200008ab
10003ea0:	20020be4 	.word	0x20020be4
10003ea4:	20020c74 	.word	0x20020c74
10003ea8:	20000944 	.word	0x20000944
10003eac:	20000934 	.word	0x20000934
10003eb0:	20020c60 	.word	0x20020c60
10003eb4:	20020cc8 	.word	0x20020cc8
10003eb8:	20020c88 	.word	0x20020c88
10003ebc:	20020bf4 	.word	0x20020bf4
10003ec0:	20020c70 	.word	0x20020c70

10003ec4 <xTaskResumeAll>:
10003ec4:	4b02      	ldr	r3, [pc, #8]	@ (10003ed0 <xTaskResumeAll+0xc>)
10003ec6:	6818      	ldr	r0, [r3, #0]
10003ec8:	b900      	cbnz	r0, 10003ecc <xTaskResumeAll+0x8>
10003eca:	4770      	bx	lr
10003ecc:	f7ff bf2a 	b.w	10003d24 <xTaskResumeAll.part.0>
10003ed0:	20020c88 	.word	0x20020c88

10003ed4 <vTaskDelay>:
10003ed4:	b520      	push	{r5, lr}
10003ed6:	b082      	sub	sp, #8
10003ed8:	b138      	cbz	r0, 10003eea <vTaskDelay+0x16>
10003eda:	4d15      	ldr	r5, [pc, #84]	@ (10003f30 <vTaskDelay+0x5c>)
10003edc:	682b      	ldr	r3, [r5, #0]
10003ede:	b9db      	cbnz	r3, 10003f18 <vTaskDelay+0x44>
10003ee0:	2100      	movs	r1, #0
10003ee2:	f7fe fd69 	bl	100029b8 <prvAddCurrentTaskToDelayedList>
10003ee6:	682b      	ldr	r3, [r5, #0]
10003ee8:	b98b      	cbnz	r3, 10003f0e <vTaskDelay+0x3a>
10003eea:	f04f 4350 	mov.w	r3, #3489660928	@ 0xd0000000
10003eee:	4a11      	ldr	r2, [pc, #68]	@ (10003f34 <vTaskDelay+0x60>)
10003ef0:	681b      	ldr	r3, [r3, #0]
10003ef2:	f852 2023 	ldr.w	r2, [r2, r3, lsl #2]
10003ef6:	b12a      	cbz	r2, 10003f04 <vTaskDelay+0x30>
10003ef8:	2101      	movs	r1, #1
10003efa:	4a0f      	ldr	r2, [pc, #60]	@ (10003f38 <vTaskDelay+0x64>)
10003efc:	f842 1023 	str.w	r1, [r2, r3, lsl #2]
10003f00:	b002      	add	sp, #8
10003f02:	bd20      	pop	{r5, pc}
10003f04:	b002      	add	sp, #8
10003f06:	e8bd 4020 	ldmia.w	sp!, {r5, lr}
10003f0a:	f7fd b959 	b.w	100011c0 <vPortYield>
10003f0e:	f7ff ff09 	bl	10003d24 <xTaskResumeAll.part.0>
10003f12:	2800      	cmp	r0, #0
10003f14:	d0e9      	beq.n	10003eea <vTaskDelay+0x16>
10003f16:	e7f3      	b.n	10003f00 <vTaskDelay+0x2c>
10003f18:	9001      	str	r0, [sp, #4]
10003f1a:	f7fe fbab 	bl	10002674 <vTaskSuspendAll.part.0>
10003f1e:	2100      	movs	r1, #0
10003f20:	9801      	ldr	r0, [sp, #4]
10003f22:	f7fe fd49 	bl	100029b8 <prvAddCurrentTaskToDelayedList>
10003f26:	682b      	ldr	r3, [r5, #0]
10003f28:	2b00      	cmp	r3, #0
10003f2a:	d0de      	beq.n	10003eea <vTaskDelay+0x16>
10003f2c:	e7ef      	b.n	10003f0e <vTaskDelay+0x3a>
10003f2e:	bf00      	nop
10003f30:	20020c88 	.word	0x20020c88
10003f34:	20020bd8 	.word	0x20020bd8
10003f38:	20020cc8 	.word	0x20020cc8

10003f3c <vTaskRemoveFromUnorderedEventList>:
10003f3c:	b5f8      	push	{r3, r4, r5, r6, r7, lr}
10003f3e:	e9d0 5201 	ldrd	r5, r2, [r0, #4]
10003f42:	2700      	movs	r7, #0
10003f44:	6903      	ldr	r3, [r0, #16]
10003f46:	f041 4100 	orr.w	r1, r1, #2147483648	@ 0x80000000
10003f4a:	6001      	str	r1, [r0, #0]
10003f4c:	6859      	ldr	r1, [r3, #4]
10003f4e:	68c4      	ldr	r4, [r0, #12]
10003f50:	4281      	cmp	r1, r0
10003f52:	60aa      	str	r2, [r5, #8]
10003f54:	6055      	str	r5, [r2, #4]
10003f56:	bf08      	it	eq
10003f58:	605a      	streq	r2, [r3, #4]
10003f5a:	681a      	ldr	r2, [r3, #0]
10003f5c:	e9d4 6103 	ldrd	r6, r1, [r4, #12]
10003f60:	3a01      	subs	r2, #1
10003f62:	6107      	str	r7, [r0, #16]
10003f64:	601a      	str	r2, [r3, #0]
10003f66:	69a3      	ldr	r3, [r4, #24]
10003f68:	f104 0508 	add.w	r5, r4, #8
10003f6c:	685a      	ldr	r2, [r3, #4]
10003f6e:	60b1      	str	r1, [r6, #8]
10003f70:	42aa      	cmp	r2, r5
10003f72:	681a      	ldr	r2, [r3, #0]
10003f74:	604e      	str	r6, [r1, #4]
10003f76:	bf08      	it	eq
10003f78:	6059      	streq	r1, [r3, #4]
10003f7a:	4912      	ldr	r1, [pc, #72]	@ (10003fc4 <vTaskRemoveFromUnorderedEventList+0x88>)
10003f7c:	3a01      	subs	r2, #1
10003f7e:	601a      	str	r2, [r3, #0]
10003f80:	6b23      	ldr	r3, [r4, #48]	@ 0x30
10003f82:	680a      	ldr	r2, [r1, #0]
10003f84:	4293      	cmp	r3, r2
10003f86:	4a10      	ldr	r2, [pc, #64]	@ (10003fc8 <vTaskRemoveFromUnorderedEventList+0x8c>)
10003f88:	bf88      	it	hi
10003f8a:	600b      	strhi	r3, [r1, #0]
10003f8c:	eb03 0383 	add.w	r3, r3, r3, lsl #2
10003f90:	0098      	lsls	r0, r3, #2
10003f92:	eb02 0383 	add.w	r3, r2, r3, lsl #2
10003f96:	6859      	ldr	r1, [r3, #4]
10003f98:	688e      	ldr	r6, [r1, #8]
10003f9a:	60e1      	str	r1, [r4, #12]
10003f9c:	6126      	str	r6, [r4, #16]
10003f9e:	6075      	str	r5, [r6, #4]
10003fa0:	608d      	str	r5, [r1, #8]
10003fa2:	5811      	ldr	r1, [r2, r0]
10003fa4:	61a3      	str	r3, [r4, #24]
10003fa6:	3101      	adds	r1, #1
10003fa8:	5011      	str	r1, [r2, r0]
10003faa:	f7ff fc7b 	bl	100038a4 <vTaskEnterCritical>
10003fae:	4620      	mov	r0, r4
10003fb0:	f7fe f968 	bl	10002284 <prvYieldForTask>
10003fb4:	4b05      	ldr	r3, [pc, #20]	@ (10003fcc <vTaskRemoveFromUnorderedEventList+0x90>)
10003fb6:	681b      	ldr	r3, [r3, #0]
10003fb8:	b11b      	cbz	r3, 10003fc2 <vTaskRemoveFromUnorderedEventList+0x86>
10003fba:	e8bd 40f8 	ldmia.w	sp!, {r3, r4, r5, r6, r7, lr}
10003fbe:	f7fe b9c7 	b.w	10002350 <vTaskExitCritical.part.0>
10003fc2:	bdf8      	pop	{r3, r4, r5, r6, r7, pc}
10003fc4:	20020bf4 	.word	0x20020bf4
10003fc8:	20000944 	.word	0x20000944
10003fcc:	20020c88 	.word	0x20020c88

10003fd0 <xTaskCheckForTimeOut>:
10003fd0:	e92d 4ff8 	stmdb	sp!, {r3, r4, r5, r6, r7, r8, r9, sl, fp, lr}
10003fd4:	4604      	mov	r4, r0
10003fd6:	f04f 4750 	mov.w	r7, #3489660928	@ 0xd0000000
10003fda:	f8df 8094 	ldr.w	r8, [pc, #148]	@ 10004070 <xTaskCheckForTimeOut+0xa0>
10003fde:	460d      	mov	r5, r1
10003fe0:	4e20      	ldr	r6, [pc, #128]	@ (10004064 <xTaskCheckForTimeOut+0x94>)
10003fe2:	f7ff fc5f 	bl	100038a4 <vTaskEnterCritical>
10003fe6:	f8d8 a000 	ldr.w	sl, [r8]
10003fea:	f8d4 9004 	ldr.w	r9, [r4, #4]
10003fee:	f7fd fa8b 	bl	10001508 <ulSetInterruptMask>
10003ff2:	683b      	ldr	r3, [r7, #0]
10003ff4:	f856 b023 	ldr.w	fp, [r6, r3, lsl #2]
10003ff8:	f7fd fa92 	bl	10001520 <vClearInterruptMask>
10003ffc:	f89b 3079 	ldrb.w	r3, [fp, #121]	@ 0x79
10004000:	bb23      	cbnz	r3, 1000404c <xTaskCheckForTimeOut+0x7c>
10004002:	682b      	ldr	r3, [r5, #0]
10004004:	1c5a      	adds	r2, r3, #1
10004006:	d01f      	beq.n	10004048 <xTaskCheckForTimeOut+0x78>
10004008:	4a17      	ldr	r2, [pc, #92]	@ (10004068 <xTaskCheckForTimeOut+0x98>)
1000400a:	6821      	ldr	r1, [r4, #0]
1000400c:	6810      	ldr	r0, [r2, #0]
1000400e:	4281      	cmp	r1, r0
10004010:	d00d      	beq.n	1000402e <xTaskCheckForTimeOut+0x5e>
10004012:	6861      	ldr	r1, [r4, #4]
10004014:	4551      	cmp	r1, sl
10004016:	d80a      	bhi.n	1000402e <xTaskCheckForTimeOut+0x5e>
10004018:	2300      	movs	r3, #0
1000401a:	602b      	str	r3, [r5, #0]
1000401c:	2401      	movs	r4, #1
1000401e:	4b13      	ldr	r3, [pc, #76]	@ (1000406c <xTaskCheckForTimeOut+0x9c>)
10004020:	681b      	ldr	r3, [r3, #0]
10004022:	b10b      	cbz	r3, 10004028 <xTaskCheckForTimeOut+0x58>
10004024:	f7fe f994 	bl	10002350 <vTaskExitCritical.part.0>
10004028:	4620      	mov	r0, r4
1000402a:	e8bd 8ff8 	ldmia.w	sp!, {r3, r4, r5, r6, r7, r8, r9, sl, fp, pc}
1000402e:	ebaa 0109 	sub.w	r1, sl, r9
10004032:	428b      	cmp	r3, r1
10004034:	d9f0      	bls.n	10004018 <xTaskCheckForTimeOut+0x48>
10004036:	6811      	ldr	r1, [r2, #0]
10004038:	eba3 030a 	sub.w	r3, r3, sl
1000403c:	f8d8 2000 	ldr.w	r2, [r8]
10004040:	444b      	add	r3, r9
10004042:	602b      	str	r3, [r5, #0]
10004044:	e9c4 1200 	strd	r1, r2, [r4]
10004048:	2400      	movs	r4, #0
1000404a:	e7e8      	b.n	1000401e <xTaskCheckForTimeOut+0x4e>
1000404c:	f7fd fa5c 	bl	10001508 <ulSetInterruptMask>
10004050:	683b      	ldr	r3, [r7, #0]
10004052:	f856 4023 	ldr.w	r4, [r6, r3, lsl #2]
10004056:	f7fd fa63 	bl	10001520 <vClearInterruptMask>
1000405a:	2300      	movs	r3, #0
1000405c:	f884 3079 	strb.w	r3, [r4, #121]	@ 0x79
10004060:	e7dc      	b.n	1000401c <xTaskCheckForTimeOut+0x4c>
10004062:	bf00      	nop
10004064:	20000928 	.word	0x20000928
10004068:	20020c64 	.word	0x20020c64
1000406c:	20020c88 	.word	0x20020c88
10004070:	20020cbc 	.word	0x20020cbc

10004074 <vTaskEnterCriticalFromISR>:
10004074:	4b1f      	ldr	r3, [pc, #124]	@ (100040f4 <vTaskEnterCriticalFromISR+0x80>)
10004076:	6818      	ldr	r0, [r3, #0]
10004078:	b900      	cbnz	r0, 1000407c <vTaskEnterCriticalFromISR+0x8>
1000407a:	4770      	bx	lr
1000407c:	b570      	push	{r4, r5, r6, lr}
1000407e:	f7fd fa43 	bl	10001508 <ulSetInterruptMask>
10004082:	f04f 4250 	mov.w	r2, #3489660928	@ 0xd0000000
10004086:	4c1c      	ldr	r4, [pc, #112]	@ (100040f8 <vTaskEnterCriticalFromISR+0x84>)
10004088:	6813      	ldr	r3, [r2, #0]
1000408a:	f854 1023 	ldr.w	r1, [r4, r3, lsl #2]
1000408e:	b129      	cbz	r1, 1000409c <vTaskEnterCriticalFromISR+0x28>
10004090:	f854 2023 	ldr.w	r2, [r4, r3, lsl #2]
10004094:	3201      	adds	r2, #1
10004096:	f844 2023 	str.w	r2, [r4, r3, lsl #2]
1000409a:	bd70      	pop	{r4, r5, r6, pc}
1000409c:	4917      	ldr	r1, [pc, #92]	@ (100040fc <vTaskEnterCriticalFromISR+0x88>)
1000409e:	e8d1 5fcf 	ldaexb	r5, [r1]
100040a2:	2601      	movs	r6, #1
100040a4:	2d00      	cmp	r5, #0
100040a6:	d101      	bne.n	100040ac <vTaskEnterCriticalFromISR+0x38>
100040a8:	e8c1 6f45 	strexb	r5, r6, [r1]
100040ac:	f3bf 8f5f 	dmb	sy
100040b0:	b94d      	cbnz	r5, 100040c6 <vTaskEnterCriticalFromISR+0x52>
100040b2:	4d13      	ldr	r5, [pc, #76]	@ (10004100 <vTaskEnterCriticalFromISR+0x8c>)
100040b4:	2201      	movs	r2, #1
100040b6:	4913      	ldr	r1, [pc, #76]	@ (10004104 <vTaskEnterCriticalFromISR+0x90>)
100040b8:	700a      	strb	r2, [r1, #0]
100040ba:	f805 2013 	strb.w	r2, [r5, r3, lsl #1]
100040be:	f04f 4350 	mov.w	r3, #3489660928	@ 0xd0000000
100040c2:	681b      	ldr	r3, [r3, #0]
100040c4:	e7e4      	b.n	10004090 <vTaskEnterCriticalFromISR+0x1c>
100040c6:	4d0e      	ldr	r5, [pc, #56]	@ (10004100 <vTaskEnterCriticalFromISR+0x8c>)
100040c8:	f815 6013 	ldrb.w	r6, [r5, r3, lsl #1]
100040cc:	b95e      	cbnz	r6, 100040e6 <vTaskEnterCriticalFromISR+0x72>
100040ce:	e8d1 6fcf 	ldaexb	r6, [r1]
100040d2:	2201      	movs	r2, #1
100040d4:	2e00      	cmp	r6, #0
100040d6:	d1fa      	bne.n	100040ce <vTaskEnterCriticalFromISR+0x5a>
100040d8:	e8c1 2f46 	strexb	r6, r2, [r1]
100040dc:	2e00      	cmp	r6, #0
100040de:	d1f6      	bne.n	100040ce <vTaskEnterCriticalFromISR+0x5a>
100040e0:	f3bf 8f5f 	dmb	sy
100040e4:	e7e6      	b.n	100040b4 <vTaskEnterCriticalFromISR+0x40>
100040e6:	4907      	ldr	r1, [pc, #28]	@ (10004104 <vTaskEnterCriticalFromISR+0x90>)
100040e8:	780b      	ldrb	r3, [r1, #0]
100040ea:	3301      	adds	r3, #1
100040ec:	b2db      	uxtb	r3, r3
100040ee:	700b      	strb	r3, [r1, #0]
100040f0:	6813      	ldr	r3, [r2, #0]
100040f2:	e7cd      	b.n	10004090 <vTaskEnterCriticalFromISR+0x1c>
100040f4:	20020c88 	.word	0x20020c88
100040f8:	20020bd8 	.word	0x20020bd8
100040fc:	200008aa 	.word	0x200008aa
10004100:	20020bd0 	.word	0x20020bd0
10004104:	20020bd4 	.word	0x20020bd4

10004108 <vTaskExitCritical>:
10004108:	4b1e      	ldr	r3, [pc, #120]	@ (10004184 <vTaskExitCritical+0x7c>)
1000410a:	681b      	ldr	r3, [r3, #0]
1000410c:	2b00      	cmp	r3, #0
1000410e:	d034      	beq.n	1000417a <vTaskExitCritical+0x72>
10004110:	f04f 4150 	mov.w	r1, #3489660928	@ 0xd0000000
10004114:	4b1c      	ldr	r3, [pc, #112]	@ (10004188 <vTaskExitCritical+0x80>)
10004116:	680a      	ldr	r2, [r1, #0]
10004118:	f853 0022 	ldr.w	r0, [r3, r2, lsl #2]
1000411c:	2800      	cmp	r0, #0
1000411e:	d02c      	beq.n	1000417a <vTaskExitCritical+0x72>
10004120:	f853 0022 	ldr.w	r0, [r3, r2, lsl #2]
10004124:	3801      	subs	r0, #1
10004126:	f843 0022 	str.w	r0, [r3, r2, lsl #2]
1000412a:	680a      	ldr	r2, [r1, #0]
1000412c:	f853 3022 	ldr.w	r3, [r3, r2, lsl #2]
10004130:	bb1b      	cbnz	r3, 1000417a <vTaskExitCritical+0x72>
10004132:	b510      	push	{r4, lr}
10004134:	4915      	ldr	r1, [pc, #84]	@ (1000418c <vTaskExitCritical+0x84>)
10004136:	4b16      	ldr	r3, [pc, #88]	@ (10004190 <vTaskExitCritical+0x88>)
10004138:	f853 4022 	ldr.w	r4, [r3, r2, lsl #2]
1000413c:	780b      	ldrb	r3, [r1, #0]
1000413e:	3b01      	subs	r3, #1
10004140:	b2db      	uxtb	r3, r3
10004142:	700b      	strb	r3, [r1, #0]
10004144:	b92b      	cbnz	r3, 10004152 <vTaskExitCritical+0x4a>
10004146:	4813      	ldr	r0, [pc, #76]	@ (10004194 <vTaskExitCritical+0x8c>)
10004148:	f800 3012 	strb.w	r3, [r0, r2, lsl #1]
1000414c:	4a12      	ldr	r2, [pc, #72]	@ (10004198 <vTaskExitCritical+0x90>)
1000414e:	e8c2 3f8f 	stlb	r3, [r2]
10004152:	f04f 4250 	mov.w	r2, #3489660928	@ 0xd0000000
10004156:	784b      	ldrb	r3, [r1, #1]
10004158:	6810      	ldr	r0, [r2, #0]
1000415a:	3b01      	subs	r3, #1
1000415c:	b2db      	uxtb	r3, r3
1000415e:	704b      	strb	r3, [r1, #1]
10004160:	b933      	cbnz	r3, 10004170 <vTaskExitCritical+0x68>
10004162:	4a0c      	ldr	r2, [pc, #48]	@ (10004194 <vTaskExitCritical+0x8c>)
10004164:	490d      	ldr	r1, [pc, #52]	@ (1000419c <vTaskExitCritical+0x94>)
10004166:	eb02 0240 	add.w	r2, r2, r0, lsl #1
1000416a:	7053      	strb	r3, [r2, #1]
1000416c:	e8c1 3f8f 	stlb	r3, [r1]
10004170:	2000      	movs	r0, #0
10004172:	f7fd f9d5 	bl	10001520 <vClearInterruptMask>
10004176:	b90c      	cbnz	r4, 1000417c <vTaskExitCritical+0x74>
10004178:	bd10      	pop	{r4, pc}
1000417a:	4770      	bx	lr
1000417c:	e8bd 4010 	ldmia.w	sp!, {r4, lr}
10004180:	f7fd b81e 	b.w	100011c0 <vPortYield>
10004184:	20020c88 	.word	0x20020c88
10004188:	20020bd8 	.word	0x20020bd8
1000418c:	20020bd4 	.word	0x20020bd4
10004190:	20020cc8 	.word	0x20020cc8
10004194:	20020bd0 	.word	0x20020bd0
10004198:	200008aa 	.word	0x200008aa
1000419c:	200008ab 	.word	0x200008ab

100041a0 <vTaskExitCriticalFromISR>:
100041a0:	4b13      	ldr	r3, [pc, #76]	@ (100041f0 <vTaskExitCriticalFromISR+0x50>)
100041a2:	681b      	ldr	r3, [r3, #0]
100041a4:	b903      	cbnz	r3, 100041a8 <vTaskExitCriticalFromISR+0x8>
100041a6:	4770      	bx	lr
100041a8:	f04f 4150 	mov.w	r1, #3489660928	@ 0xd0000000
100041ac:	4b11      	ldr	r3, [pc, #68]	@ (100041f4 <vTaskExitCriticalFromISR+0x54>)
100041ae:	680a      	ldr	r2, [r1, #0]
100041b0:	b410      	push	{r4}
100041b2:	f853 4022 	ldr.w	r4, [r3, r2, lsl #2]
100041b6:	b1c4      	cbz	r4, 100041ea <vTaskExitCriticalFromISR+0x4a>
100041b8:	f853 4022 	ldr.w	r4, [r3, r2, lsl #2]
100041bc:	3c01      	subs	r4, #1
100041be:	f843 4022 	str.w	r4, [r3, r2, lsl #2]
100041c2:	680a      	ldr	r2, [r1, #0]
100041c4:	f853 3022 	ldr.w	r3, [r3, r2, lsl #2]
100041c8:	b97b      	cbnz	r3, 100041ea <vTaskExitCriticalFromISR+0x4a>
100041ca:	490b      	ldr	r1, [pc, #44]	@ (100041f8 <vTaskExitCriticalFromISR+0x58>)
100041cc:	780b      	ldrb	r3, [r1, #0]
100041ce:	3b01      	subs	r3, #1
100041d0:	b2db      	uxtb	r3, r3
100041d2:	700b      	strb	r3, [r1, #0]
100041d4:	b92b      	cbnz	r3, 100041e2 <vTaskExitCriticalFromISR+0x42>
100041d6:	4c09      	ldr	r4, [pc, #36]	@ (100041fc <vTaskExitCriticalFromISR+0x5c>)
100041d8:	4909      	ldr	r1, [pc, #36]	@ (10004200 <vTaskExitCriticalFromISR+0x60>)
100041da:	f804 3012 	strb.w	r3, [r4, r2, lsl #1]
100041de:	e8c1 3f8f 	stlb	r3, [r1]
100041e2:	f85d 4b04 	ldr.w	r4, [sp], #4
100041e6:	f7fd b99b 	b.w	10001520 <vClearInterruptMask>
100041ea:	f85d 4b04 	ldr.w	r4, [sp], #4
100041ee:	4770      	bx	lr
100041f0:	20020c88 	.word	0x20020c88
100041f4:	20020bd8 	.word	0x20020bd8
100041f8:	20020bd4 	.word	0x20020bd4
100041fc:	20020bd0 	.word	0x20020bd0
10004200:	200008aa 	.word	0x200008aa

10004204 <uxTaskResetEventItemValue>:
10004204:	b5f8      	push	{r3, r4, r5, r6, r7, lr}
10004206:	f04f 4650 	mov.w	r6, #3489660928	@ 0xd0000000
1000420a:	f7fd f97d 	bl	10001508 <ulSetInterruptMask>
1000420e:	4d0d      	ldr	r5, [pc, #52]	@ (10004244 <uxTaskResetEventItemValue+0x40>)
10004210:	6833      	ldr	r3, [r6, #0]
10004212:	f855 4023 	ldr.w	r4, [r5, r3, lsl #2]
10004216:	f7fd f983 	bl	10001520 <vClearInterruptMask>
1000421a:	69e7      	ldr	r7, [r4, #28]
1000421c:	f7fd f974 	bl	10001508 <ulSetInterruptMask>
10004220:	6833      	ldr	r3, [r6, #0]
10004222:	f855 4023 	ldr.w	r4, [r5, r3, lsl #2]
10004226:	f7fd f97b 	bl	10001520 <vClearInterruptMask>
1000422a:	6b24      	ldr	r4, [r4, #48]	@ 0x30
1000422c:	f7fd f96c 	bl	10001508 <ulSetInterruptMask>
10004230:	6833      	ldr	r3, [r6, #0]
10004232:	f1c4 0420 	rsb	r4, r4, #32
10004236:	f855 5023 	ldr.w	r5, [r5, r3, lsl #2]
1000423a:	f7fd f971 	bl	10001520 <vClearInterruptMask>
1000423e:	4638      	mov	r0, r7
10004240:	61ec      	str	r4, [r5, #28]
10004242:	bdf8      	pop	{r3, r4, r5, r6, r7, pc}
10004244:	20000928 	.word	0x20000928

10004248 <pvTaskIncrementMutexHeldCount>:
10004248:	b510      	push	{r4, lr}
1000424a:	f7fd f95d 	bl	10001508 <ulSetInterruptMask>
1000424e:	f04f 4250 	mov.w	r2, #3489660928	@ 0xd0000000
10004252:	4b06      	ldr	r3, [pc, #24]	@ (1000426c <pvTaskIncrementMutexHeldCount+0x24>)
10004254:	6812      	ldr	r2, [r2, #0]
10004256:	f853 4022 	ldr.w	r4, [r3, r2, lsl #2]
1000425a:	f7fd f961 	bl	10001520 <vClearInterruptMask>
1000425e:	b114      	cbz	r4, 10004266 <pvTaskIncrementMutexHeldCount+0x1e>
10004260:	6de3      	ldr	r3, [r4, #92]	@ 0x5c
10004262:	3301      	adds	r3, #1
10004264:	65e3      	str	r3, [r4, #92]	@ 0x5c
10004266:	4620      	mov	r0, r4
10004268:	bd10      	pop	{r4, pc}
1000426a:	bf00      	nop
1000426c:	20000928 	.word	0x20000928

10004270 <ulTaskGenericNotifyTake>:
10004270:	e92d 4ff8 	stmdb	sp!, {r3, r4, r5, r6, r7, r8, r9, sl, fp, lr}
10004274:	4d4d      	ldr	r5, [pc, #308]	@ (100043ac <ulTaskGenericNotifyTake+0x13c>)
10004276:	4604      	mov	r4, r0
10004278:	682b      	ldr	r3, [r5, #0]
1000427a:	4688      	mov	r8, r1
1000427c:	4691      	mov	r9, r2
1000427e:	2b00      	cmp	r3, #0
10004280:	f040 8088 	bne.w	10004394 <ulTaskGenericNotifyTake+0x124>
10004284:	f04f 4a50 	mov.w	sl, #3489660928	@ 0xd0000000
10004288:	f7ff fb0c 	bl	100038a4 <vTaskEnterCritical>
1000428c:	4e48      	ldr	r6, [pc, #288]	@ (100043b0 <ulTaskGenericNotifyTake+0x140>)
1000428e:	f7fd f93b 	bl	10001508 <ulSetInterruptMask>
10004292:	f8da 3000 	ldr.w	r3, [sl]
10004296:	f104 0b1c 	add.w	fp, r4, #28
1000429a:	f856 7023 	ldr.w	r7, [r6, r3, lsl #2]
1000429e:	f7fd f93f 	bl	10001520 <vClearInterruptMask>
100042a2:	eb07 078b 	add.w	r7, r7, fp, lsl #2
100042a6:	687b      	ldr	r3, [r7, #4]
100042a8:	2b00      	cmp	r3, #0
100042aa:	d04e      	beq.n	1000434a <ulTaskGenericNotifyTake+0xda>
100042ac:	682b      	ldr	r3, [r5, #0]
100042ae:	bbbb      	cbnz	r3, 10004320 <ulTaskGenericNotifyTake+0xb0>
100042b0:	682b      	ldr	r3, [r5, #0]
100042b2:	2b00      	cmp	r3, #0
100042b4:	d139      	bne.n	1000432a <ulTaskGenericNotifyTake+0xba>
100042b6:	f04f 4950 	mov.w	r9, #3489660928	@ 0xd0000000
100042ba:	f7ff faf3 	bl	100038a4 <vTaskEnterCritical>
100042be:	f7fd f923 	bl	10001508 <ulSetInterruptMask>
100042c2:	f8d9 3000 	ldr.w	r3, [r9]
100042c6:	ea4f 0a8b 	mov.w	sl, fp, lsl #2
100042ca:	f856 7023 	ldr.w	r7, [r6, r3, lsl #2]
100042ce:	f7fd f927 	bl	10001520 <vClearInterruptMask>
100042d2:	eb07 078b 	add.w	r7, r7, fp, lsl #2
100042d6:	687f      	ldr	r7, [r7, #4]
100042d8:	b177      	cbz	r7, 100042f8 <ulTaskGenericNotifyTake+0x88>
100042da:	f1b8 0f00 	cmp.w	r8, #0
100042de:	d027      	beq.n	10004330 <ulTaskGenericNotifyTake+0xc0>
100042e0:	f7fd f912 	bl	10001508 <ulSetInterruptMask>
100042e4:	f8d9 3000 	ldr.w	r3, [r9]
100042e8:	f856 8023 	ldr.w	r8, [r6, r3, lsl #2]
100042ec:	f7fd f918 	bl	10001520 <vClearInterruptMask>
100042f0:	2300      	movs	r3, #0
100042f2:	44d0      	add	r8, sl
100042f4:	f8c8 3004 	str.w	r3, [r8, #4]
100042f8:	f7fd f906 	bl	10001508 <ulSetInterruptMask>
100042fc:	f04f 4350 	mov.w	r3, #3489660928	@ 0xd0000000
10004300:	681b      	ldr	r3, [r3, #0]
10004302:	f856 6023 	ldr.w	r6, [r6, r3, lsl #2]
10004306:	f7fd f90b 	bl	10001520 <vClearInterruptMask>
1000430a:	2300      	movs	r3, #0
1000430c:	4426      	add	r6, r4
1000430e:	f886 3078 	strb.w	r3, [r6, #120]	@ 0x78
10004312:	682b      	ldr	r3, [r5, #0]
10004314:	b10b      	cbz	r3, 1000431a <ulTaskGenericNotifyTake+0xaa>
10004316:	f7fe f81b 	bl	10002350 <vTaskExitCritical.part.0>
1000431a:	4638      	mov	r0, r7
1000431c:	e8bd 8ff8 	ldmia.w	sp!, {r3, r4, r5, r6, r7, r8, r9, sl, fp, pc}
10004320:	f7fe f816 	bl	10002350 <vTaskExitCritical.part.0>
10004324:	682b      	ldr	r3, [r5, #0]
10004326:	2b00      	cmp	r3, #0
10004328:	d0c5      	beq.n	100042b6 <ulTaskGenericNotifyTake+0x46>
1000432a:	f7ff fcfb 	bl	10003d24 <xTaskResumeAll.part.0>
1000432e:	e7c2      	b.n	100042b6 <ulTaskGenericNotifyTake+0x46>
10004330:	f7fd f8ea 	bl	10001508 <ulSetInterruptMask>
10004334:	f8d9 3000 	ldr.w	r3, [r9]
10004338:	f856 8023 	ldr.w	r8, [r6, r3, lsl #2]
1000433c:	f7fd f8f0 	bl	10001520 <vClearInterruptMask>
10004340:	44d0      	add	r8, sl
10004342:	1e7b      	subs	r3, r7, #1
10004344:	f8c8 3004 	str.w	r3, [r8, #4]
10004348:	e7d6      	b.n	100042f8 <ulTaskGenericNotifyTake+0x88>
1000434a:	f7fd f8dd 	bl	10001508 <ulSetInterruptMask>
1000434e:	f8da 3000 	ldr.w	r3, [sl]
10004352:	f856 7023 	ldr.w	r7, [r6, r3, lsl #2]
10004356:	f7fd f8e3 	bl	10001520 <vClearInterruptMask>
1000435a:	2301      	movs	r3, #1
1000435c:	4427      	add	r7, r4
1000435e:	f887 3078 	strb.w	r3, [r7, #120]	@ 0x78
10004362:	682b      	ldr	r3, [r5, #0]
10004364:	f1b9 0f00 	cmp.w	r9, #0
10004368:	d0a1      	beq.n	100042ae <ulTaskGenericNotifyTake+0x3e>
1000436a:	b10b      	cbz	r3, 10004370 <ulTaskGenericNotifyTake+0x100>
1000436c:	f7fd fff0 	bl	10002350 <vTaskExitCritical.part.0>
10004370:	4648      	mov	r0, r9
10004372:	2101      	movs	r1, #1
10004374:	f7fe fb20 	bl	100029b8 <prvAddCurrentTaskToDelayedList>
10004378:	682b      	ldr	r3, [r5, #0]
1000437a:	b973      	cbnz	r3, 1000439a <ulTaskGenericNotifyTake+0x12a>
1000437c:	f04f 4350 	mov.w	r3, #3489660928	@ 0xd0000000
10004380:	4a0c      	ldr	r2, [pc, #48]	@ (100043b4 <ulTaskGenericNotifyTake+0x144>)
10004382:	681b      	ldr	r3, [r3, #0]
10004384:	f852 2023 	ldr.w	r2, [r2, r3, lsl #2]
10004388:	b162      	cbz	r2, 100043a4 <ulTaskGenericNotifyTake+0x134>
1000438a:	2101      	movs	r1, #1
1000438c:	4a0a      	ldr	r2, [pc, #40]	@ (100043b8 <ulTaskGenericNotifyTake+0x148>)
1000438e:	f842 1023 	str.w	r1, [r2, r3, lsl #2]
10004392:	e790      	b.n	100042b6 <ulTaskGenericNotifyTake+0x46>
10004394:	f7fe f96e 	bl	10002674 <vTaskSuspendAll.part.0>
10004398:	e774      	b.n	10004284 <ulTaskGenericNotifyTake+0x14>
1000439a:	f7ff fcc3 	bl	10003d24 <xTaskResumeAll.part.0>
1000439e:	2800      	cmp	r0, #0
100043a0:	d189      	bne.n	100042b6 <ulTaskGenericNotifyTake+0x46>
100043a2:	e7eb      	b.n	1000437c <ulTaskGenericNotifyTake+0x10c>
100043a4:	f7fc ff0c 	bl	100011c0 <vPortYield>
100043a8:	e785      	b.n	100042b6 <ulTaskGenericNotifyTake+0x46>
100043aa:	bf00      	nop
100043ac:	20020c88 	.word	0x20020c88
100043b0:	20000928 	.word	0x20000928
100043b4:	20020bd8 	.word	0x20020bd8
100043b8:	20020cc8 	.word	0x20020cc8

100043bc <xTaskGenericNotify>:
100043bc:	e92d 4ff8 	stmdb	sp!, {r3, r4, r5, r6, r7, r8, r9, sl, fp, lr}
100043c0:	f8df 81f8 	ldr.w	r8, [pc, #504]	@ 100045bc <xTaskGenericNotify+0x200>
100043c4:	461e      	mov	r6, r3
100043c6:	4604      	mov	r4, r0
100043c8:	460d      	mov	r5, r1
100043ca:	4617      	mov	r7, r2
100043cc:	f8dd 9028 	ldr.w	r9, [sp, #40]	@ 0x28
100043d0:	f7fd f89a 	bl	10001508 <ulSetInterruptMask>
100043d4:	f8d8 3000 	ldr.w	r3, [r8]
100043d8:	b19b      	cbz	r3, 10004402 <xTaskGenericNotify+0x46>
100043da:	f04f 4350 	mov.w	r3, #3489660928	@ 0xd0000000
100043de:	4a6f      	ldr	r2, [pc, #444]	@ (1000459c <xTaskGenericNotify+0x1e0>)
100043e0:	681b      	ldr	r3, [r3, #0]
100043e2:	f852 1023 	ldr.w	r1, [r2, r3, lsl #2]
100043e6:	2900      	cmp	r1, #0
100043e8:	d06f      	beq.n	100044ca <xTaskGenericNotify+0x10e>
100043ea:	f04f 4050 	mov.w	r0, #3489660928	@ 0xd0000000
100043ee:	f852 1023 	ldr.w	r1, [r2, r3, lsl #2]
100043f2:	3101      	adds	r1, #1
100043f4:	f842 1023 	str.w	r1, [r2, r3, lsl #2]
100043f8:	6803      	ldr	r3, [r0, #0]
100043fa:	f852 3023 	ldr.w	r3, [r2, r3, lsl #2]
100043fe:	2b01      	cmp	r3, #1
10004400:	d05c      	beq.n	100044bc <xTaskGenericNotify+0x100>
10004402:	f1b9 0f00 	cmp.w	r9, #0
10004406:	d006      	beq.n	10004416 <xTaskGenericNotify+0x5a>
10004408:	f105 031c 	add.w	r3, r5, #28
1000440c:	eb04 0383 	add.w	r3, r4, r3, lsl #2
10004410:	685b      	ldr	r3, [r3, #4]
10004412:	f8c9 3000 	str.w	r3, [r9]
10004416:	2002      	movs	r0, #2
10004418:	1962      	adds	r2, r4, r5
1000441a:	f892 1078 	ldrb.w	r1, [r2, #120]	@ 0x78
1000441e:	1e73      	subs	r3, r6, #1
10004420:	f882 0078 	strb.w	r0, [r2, #120]	@ 0x78
10004424:	b2c9      	uxtb	r1, r1
10004426:	2b03      	cmp	r3, #3
10004428:	d80a      	bhi.n	10004440 <xTaskGenericNotify+0x84>
1000442a:	e8df f003 	tbb	[pc, r3]
1000442e:	3b41      	.short	0x3b41
10004430:	0205      	.short	0x0205
10004432:	2902      	cmp	r1, #2
10004434:	f000 808d 	beq.w	10004552 <xTaskGenericNotify+0x196>
10004438:	351c      	adds	r5, #28
1000443a:	eb04 0585 	add.w	r5, r4, r5, lsl #2
1000443e:	606f      	str	r7, [r5, #4]
10004440:	2901      	cmp	r1, #1
10004442:	d126      	bne.n	10004492 <xTaskGenericNotify+0xd6>
10004444:	e9d4 1203 	ldrd	r1, r2, [r4, #12]
10004448:	69a3      	ldr	r3, [r4, #24]
1000444a:	608a      	str	r2, [r1, #8]
1000444c:	6051      	str	r1, [r2, #4]
1000444e:	6859      	ldr	r1, [r3, #4]
10004450:	f104 0008 	add.w	r0, r4, #8
10004454:	4281      	cmp	r1, r0
10004456:	bf08      	it	eq
10004458:	605a      	streq	r2, [r3, #4]
1000445a:	681a      	ldr	r2, [r3, #0]
1000445c:	3a01      	subs	r2, #1
1000445e:	601a      	str	r2, [r3, #0]
10004460:	4a4f      	ldr	r2, [pc, #316]	@ (100045a0 <xTaskGenericNotify+0x1e4>)
10004462:	6b23      	ldr	r3, [r4, #48]	@ 0x30
10004464:	6811      	ldr	r1, [r2, #0]
10004466:	428b      	cmp	r3, r1
10004468:	bf88      	it	hi
1000446a:	6013      	strhi	r3, [r2, #0]
1000446c:	4a4d      	ldr	r2, [pc, #308]	@ (100045a4 <xTaskGenericNotify+0x1e8>)
1000446e:	eb03 0383 	add.w	r3, r3, r3, lsl #2
10004472:	eb02 0583 	add.w	r5, r2, r3, lsl #2
10004476:	6869      	ldr	r1, [r5, #4]
10004478:	009b      	lsls	r3, r3, #2
1000447a:	688e      	ldr	r6, [r1, #8]
1000447c:	60e1      	str	r1, [r4, #12]
1000447e:	6126      	str	r6, [r4, #16]
10004480:	6070      	str	r0, [r6, #4]
10004482:	6088      	str	r0, [r1, #8]
10004484:	58d1      	ldr	r1, [r2, r3]
10004486:	61a5      	str	r5, [r4, #24]
10004488:	3101      	adds	r1, #1
1000448a:	4620      	mov	r0, r4
1000448c:	50d1      	str	r1, [r2, r3]
1000448e:	f7fd fef9 	bl	10002284 <prvYieldForTask>
10004492:	2401      	movs	r4, #1
10004494:	f8d8 3000 	ldr.w	r3, [r8]
10004498:	b10b      	cbz	r3, 1000449e <xTaskGenericNotify+0xe2>
1000449a:	f7fd ff59 	bl	10002350 <vTaskExitCritical.part.0>
1000449e:	4620      	mov	r0, r4
100044a0:	e8bd 8ff8 	ldmia.w	sp!, {r3, r4, r5, r6, r7, r8, r9, sl, fp, pc}
100044a4:	eb04 0585 	add.w	r5, r4, r5, lsl #2
100044a8:	6f6b      	ldr	r3, [r5, #116]	@ 0x74
100044aa:	3301      	adds	r3, #1
100044ac:	676b      	str	r3, [r5, #116]	@ 0x74
100044ae:	e7c7      	b.n	10004440 <xTaskGenericNotify+0x84>
100044b0:	eb04 0585 	add.w	r5, r4, r5, lsl #2
100044b4:	6f6b      	ldr	r3, [r5, #116]	@ 0x74
100044b6:	433b      	orrs	r3, r7
100044b8:	676b      	str	r3, [r5, #116]	@ 0x74
100044ba:	e7c1      	b.n	10004440 <xTaskGenericNotify+0x84>
100044bc:	4b3a      	ldr	r3, [pc, #232]	@ (100045a8 <xTaskGenericNotify+0x1ec>)
100044be:	681b      	ldr	r3, [r3, #0]
100044c0:	2b00      	cmp	r3, #0
100044c2:	d19e      	bne.n	10004402 <xTaskGenericNotify+0x46>
100044c4:	f7fe f826 	bl	10002514 <prvCheckForRunStateChange>
100044c8:	e79b      	b.n	10004402 <xTaskGenericNotify+0x46>
100044ca:	4938      	ldr	r1, [pc, #224]	@ (100045ac <xTaskGenericNotify+0x1f0>)
100044cc:	e8d1 0fcf 	ldaexb	r0, [r1]
100044d0:	f05f 0c01 	movs.w	ip, #1
100044d4:	2800      	cmp	r0, #0
100044d6:	d101      	bne.n	100044dc <xTaskGenericNotify+0x120>
100044d8:	e8c1 cf40 	strexb	r0, ip, [r1]
100044dc:	f3bf 8f5f 	dmb	sy
100044e0:	2800      	cmp	r0, #0
100044e2:	d138      	bne.n	10004556 <xTaskGenericNotify+0x19a>
100044e4:	4832      	ldr	r0, [pc, #200]	@ (100045b0 <xTaskGenericNotify+0x1f4>)
100044e6:	ea4f 0c43 	mov.w	ip, r3, lsl #1
100044ea:	2301      	movs	r3, #1
100044ec:	4931      	ldr	r1, [pc, #196]	@ (100045b4 <xTaskGenericNotify+0x1f8>)
100044ee:	4484      	add	ip, r0
100044f0:	704b      	strb	r3, [r1, #1]
100044f2:	f88c 3001 	strb.w	r3, [ip, #1]
100044f6:	f04f 4e50 	mov.w	lr, #3489660928	@ 0xd0000000
100044fa:	4b2f      	ldr	r3, [pc, #188]	@ (100045b8 <xTaskGenericNotify+0x1fc>)
100044fc:	f8de c000 	ldr.w	ip, [lr]
10004500:	e8d3 afcf 	ldaexb	sl, [r3]
10004504:	f05f 0b01 	movs.w	fp, #1
10004508:	f1ba 0f00 	cmp.w	sl, #0
1000450c:	d101      	bne.n	10004512 <xTaskGenericNotify+0x156>
1000450e:	e8c3 bf4a 	strexb	sl, fp, [r3]
10004512:	f3bf 8f5f 	dmb	sy
10004516:	f1ba 0f00 	cmp.w	sl, #0
1000451a:	d012      	beq.n	10004542 <xTaskGenericNotify+0x186>
1000451c:	f810 a01c 	ldrb.w	sl, [r0, ip, lsl #1]
10004520:	f1ba 0f00 	cmp.w	sl, #0
10004524:	d12c      	bne.n	10004580 <xTaskGenericNotify+0x1c4>
10004526:	e8d3 afcf 	ldaexb	sl, [r3]
1000452a:	f05f 0e01 	movs.w	lr, #1
1000452e:	f1ba 0f00 	cmp.w	sl, #0
10004532:	d1f8      	bne.n	10004526 <xTaskGenericNotify+0x16a>
10004534:	e8c3 ef4a 	strexb	sl, lr, [r3]
10004538:	f1ba 0f00 	cmp.w	sl, #0
1000453c:	d1f3      	bne.n	10004526 <xTaskGenericNotify+0x16a>
1000453e:	f3bf 8f5f 	dmb	sy
10004542:	2301      	movs	r3, #1
10004544:	700b      	strb	r3, [r1, #0]
10004546:	f800 301c 	strb.w	r3, [r0, ip, lsl #1]
1000454a:	f04f 4350 	mov.w	r3, #3489660928	@ 0xd0000000
1000454e:	681b      	ldr	r3, [r3, #0]
10004550:	e74b      	b.n	100043ea <xTaskGenericNotify+0x2e>
10004552:	2400      	movs	r4, #0
10004554:	e79e      	b.n	10004494 <xTaskGenericNotify+0xd8>
10004556:	4816      	ldr	r0, [pc, #88]	@ (100045b0 <xTaskGenericNotify+0x1f4>)
10004558:	ea4f 0c43 	mov.w	ip, r3, lsl #1
1000455c:	eb00 0343 	add.w	r3, r0, r3, lsl #1
10004560:	785b      	ldrb	r3, [r3, #1]
10004562:	b9a3      	cbnz	r3, 1000458e <xTaskGenericNotify+0x1d2>
10004564:	e8d1 efcf 	ldaexb	lr, [r1]
10004568:	2301      	movs	r3, #1
1000456a:	f1be 0f00 	cmp.w	lr, #0
1000456e:	d1f9      	bne.n	10004564 <xTaskGenericNotify+0x1a8>
10004570:	e8c1 3f4e 	strexb	lr, r3, [r1]
10004574:	f1be 0f00 	cmp.w	lr, #0
10004578:	d1f4      	bne.n	10004564 <xTaskGenericNotify+0x1a8>
1000457a:	f3bf 8f5f 	dmb	sy
1000457e:	e7b4      	b.n	100044ea <xTaskGenericNotify+0x12e>
10004580:	780b      	ldrb	r3, [r1, #0]
10004582:	3301      	adds	r3, #1
10004584:	b2db      	uxtb	r3, r3
10004586:	700b      	strb	r3, [r1, #0]
10004588:	f8de 3000 	ldr.w	r3, [lr]
1000458c:	e72d      	b.n	100043ea <xTaskGenericNotify+0x2e>
1000458e:	4909      	ldr	r1, [pc, #36]	@ (100045b4 <xTaskGenericNotify+0x1f8>)
10004590:	784b      	ldrb	r3, [r1, #1]
10004592:	3301      	adds	r3, #1
10004594:	b2db      	uxtb	r3, r3
10004596:	704b      	strb	r3, [r1, #1]
10004598:	e7ad      	b.n	100044f6 <xTaskGenericNotify+0x13a>
1000459a:	bf00      	nop
1000459c:	20020bd8 	.word	0x20020bd8
100045a0:	20020bf4 	.word	0x20020bf4
100045a4:	20000944 	.word	0x20000944
100045a8:	20020bec 	.word	0x20020bec
100045ac:	200008ab 	.word	0x200008ab
100045b0:	20020bd0 	.word	0x20020bd0
100045b4:	20020bd4 	.word	0x20020bd4
100045b8:	200008aa 	.word	0x200008aa
100045bc:	20020c88 	.word	0x20020c88

100045c0 <vTaskGenericNotifyGiveFromISR>:
100045c0:	e92d 41f0 	stmdb	sp!, {r4, r5, r6, r7, r8, lr}
100045c4:	4f45      	ldr	r7, [pc, #276]	@ (100046dc <vTaskGenericNotifyGiveFromISR+0x11c>)
100045c6:	4605      	mov	r5, r0
100045c8:	460c      	mov	r4, r1
100045ca:	4616      	mov	r6, r2
100045cc:	f7fc fe7e 	bl	100012cc <vPortValidateInterruptPriority>
100045d0:	6838      	ldr	r0, [r7, #0]
100045d2:	2800      	cmp	r0, #0
100045d4:	d152      	bne.n	1000467c <vTaskGenericNotifyGiveFromISR+0xbc>
100045d6:	4680      	mov	r8, r0
100045d8:	2102      	movs	r1, #2
100045da:	192b      	adds	r3, r5, r4
100045dc:	f893 2078 	ldrb.w	r2, [r3, #120]	@ 0x78
100045e0:	eb05 0484 	add.w	r4, r5, r4, lsl #2
100045e4:	f883 1078 	strb.w	r1, [r3, #120]	@ 0x78
100045e8:	6f63      	ldr	r3, [r4, #116]	@ 0x74
100045ea:	2a01      	cmp	r2, #1
100045ec:	f103 0301 	add.w	r3, r3, #1
100045f0:	6763      	str	r3, [r4, #116]	@ 0x74
100045f2:	d024      	beq.n	1000463e <vTaskGenericNotifyGiveFromISR+0x7e>
100045f4:	683b      	ldr	r3, [r7, #0]
100045f6:	b303      	cbz	r3, 1000463a <vTaskGenericNotifyGiveFromISR+0x7a>
100045f8:	f04f 4150 	mov.w	r1, #3489660928	@ 0xd0000000
100045fc:	4b38      	ldr	r3, [pc, #224]	@ (100046e0 <vTaskGenericNotifyGiveFromISR+0x120>)
100045fe:	680a      	ldr	r2, [r1, #0]
10004600:	f853 0022 	ldr.w	r0, [r3, r2, lsl #2]
10004604:	b1c8      	cbz	r0, 1000463a <vTaskGenericNotifyGiveFromISR+0x7a>
10004606:	f853 0022 	ldr.w	r0, [r3, r2, lsl #2]
1000460a:	3801      	subs	r0, #1
1000460c:	f843 0022 	str.w	r0, [r3, r2, lsl #2]
10004610:	680a      	ldr	r2, [r1, #0]
10004612:	f853 3022 	ldr.w	r3, [r3, r2, lsl #2]
10004616:	b983      	cbnz	r3, 1000463a <vTaskGenericNotifyGiveFromISR+0x7a>
10004618:	4932      	ldr	r1, [pc, #200]	@ (100046e4 <vTaskGenericNotifyGiveFromISR+0x124>)
1000461a:	780b      	ldrb	r3, [r1, #0]
1000461c:	3b01      	subs	r3, #1
1000461e:	b2db      	uxtb	r3, r3
10004620:	700b      	strb	r3, [r1, #0]
10004622:	b92b      	cbnz	r3, 10004630 <vTaskGenericNotifyGiveFromISR+0x70>
10004624:	4830      	ldr	r0, [pc, #192]	@ (100046e8 <vTaskGenericNotifyGiveFromISR+0x128>)
10004626:	4931      	ldr	r1, [pc, #196]	@ (100046ec <vTaskGenericNotifyGiveFromISR+0x12c>)
10004628:	f800 3012 	strb.w	r3, [r0, r2, lsl #1]
1000462c:	e8c1 3f8f 	stlb	r3, [r1]
10004630:	4640      	mov	r0, r8
10004632:	e8bd 41f0 	ldmia.w	sp!, {r4, r5, r6, r7, r8, lr}
10004636:	f7fc bf73 	b.w	10001520 <vClearInterruptMask>
1000463a:	e8bd 81f0 	ldmia.w	sp!, {r4, r5, r6, r7, r8, pc}
1000463e:	4b2c      	ldr	r3, [pc, #176]	@ (100046f0 <vTaskGenericNotifyGiveFromISR+0x130>)
10004640:	681b      	ldr	r3, [r3, #0]
10004642:	b1fb      	cbz	r3, 10004684 <vTaskGenericNotifyGiveFromISR+0xc4>
10004644:	4b2b      	ldr	r3, [pc, #172]	@ (100046f4 <vTaskGenericNotifyGiveFromISR+0x134>)
10004646:	f105 021c 	add.w	r2, r5, #28
1000464a:	6818      	ldr	r0, [r3, #0]
1000464c:	6859      	ldr	r1, [r3, #4]
1000464e:	3001      	adds	r0, #1
10004650:	6018      	str	r0, [r3, #0]
10004652:	6888      	ldr	r0, [r1, #8]
10004654:	6229      	str	r1, [r5, #32]
10004656:	6268      	str	r0, [r5, #36]	@ 0x24
10004658:	6042      	str	r2, [r0, #4]
1000465a:	608a      	str	r2, [r1, #8]
1000465c:	62eb      	str	r3, [r5, #44]	@ 0x2c
1000465e:	4628      	mov	r0, r5
10004660:	f7fd fe10 	bl	10002284 <prvYieldForTask>
10004664:	f04f 4250 	mov.w	r2, #3489660928	@ 0xd0000000
10004668:	4b23      	ldr	r3, [pc, #140]	@ (100046f8 <vTaskGenericNotifyGiveFromISR+0x138>)
1000466a:	6812      	ldr	r2, [r2, #0]
1000466c:	f853 3022 	ldr.w	r3, [r3, r2, lsl #2]
10004670:	2b01      	cmp	r3, #1
10004672:	d1bf      	bne.n	100045f4 <vTaskGenericNotifyGiveFromISR+0x34>
10004674:	2e00      	cmp	r6, #0
10004676:	d0bd      	beq.n	100045f4 <vTaskGenericNotifyGiveFromISR+0x34>
10004678:	6033      	str	r3, [r6, #0]
1000467a:	e7bb      	b.n	100045f4 <vTaskGenericNotifyGiveFromISR+0x34>
1000467c:	f7fe f876 	bl	1000276c <vTaskEnterCriticalFromISR.part.0>
10004680:	4680      	mov	r8, r0
10004682:	e7a9      	b.n	100045d8 <vTaskGenericNotifyGiveFromISR+0x18>
10004684:	69ab      	ldr	r3, [r5, #24]
10004686:	e9d5 1203 	ldrd	r1, r2, [r5, #12]
1000468a:	608a      	str	r2, [r1, #8]
1000468c:	6051      	str	r1, [r2, #4]
1000468e:	6859      	ldr	r1, [r3, #4]
10004690:	f105 0408 	add.w	r4, r5, #8
10004694:	42a1      	cmp	r1, r4
10004696:	bf08      	it	eq
10004698:	605a      	streq	r2, [r3, #4]
1000469a:	681a      	ldr	r2, [r3, #0]
1000469c:	4917      	ldr	r1, [pc, #92]	@ (100046fc <vTaskGenericNotifyGiveFromISR+0x13c>)
1000469e:	3a01      	subs	r2, #1
100046a0:	601a      	str	r2, [r3, #0]
100046a2:	6b2b      	ldr	r3, [r5, #48]	@ 0x30
100046a4:	680a      	ldr	r2, [r1, #0]
100046a6:	4293      	cmp	r3, r2
100046a8:	4a15      	ldr	r2, [pc, #84]	@ (10004700 <vTaskGenericNotifyGiveFromISR+0x140>)
100046aa:	bf88      	it	hi
100046ac:	600b      	strhi	r3, [r1, #0]
100046ae:	eb03 0383 	add.w	r3, r3, r3, lsl #2
100046b2:	ea4f 0c83 	mov.w	ip, r3, lsl #2
100046b6:	eb02 0383 	add.w	r3, r2, r3, lsl #2
100046ba:	6858      	ldr	r0, [r3, #4]
100046bc:	f852 100c 	ldr.w	r1, [r2, ip]
100046c0:	f8d0 e008 	ldr.w	lr, [r0, #8]
100046c4:	3101      	adds	r1, #1
100046c6:	60e8      	str	r0, [r5, #12]
100046c8:	f8c5 e010 	str.w	lr, [r5, #16]
100046cc:	f8ce 4004 	str.w	r4, [lr, #4]
100046d0:	6084      	str	r4, [r0, #8]
100046d2:	61ab      	str	r3, [r5, #24]
100046d4:	f842 100c 	str.w	r1, [r2, ip]
100046d8:	e7c1      	b.n	1000465e <vTaskGenericNotifyGiveFromISR+0x9e>
100046da:	bf00      	nop
100046dc:	20020c88 	.word	0x20020c88
100046e0:	20020bd8 	.word	0x20020bd8
100046e4:	20020bd4 	.word	0x20020bd4
100046e8:	20020bd0 	.word	0x20020bd0
100046ec:	200008aa 	.word	0x200008aa
100046f0:	20020bec 	.word	0x20020bec
100046f4:	20020c74 	.word	0x20020c74
100046f8:	20020cc8 	.word	0x20020cc8
100046fc:	20020bf4 	.word	0x20020bf4
10004700:	20000944 	.word	0x20000944

10004704 <prvTimerTask>:
10004704:	e92d 4ff0 	stmdb	sp!, {r4, r5, r6, r7, r8, r9, sl, fp, lr}
10004708:	4fb7      	ldr	r7, [pc, #732]	@ (100049e8 <prvTimerTask+0x2e4>)
1000470a:	f8df b2e4 	ldr.w	fp, [pc, #740]	@ 100049f0 <prvTimerTask+0x2ec>
1000470e:	f8df 82e4 	ldr.w	r8, [pc, #740]	@ 100049f4 <prvTimerTask+0x2f0>
10004712:	4db6      	ldr	r5, [pc, #728]	@ (100049ec <prvTimerTask+0x2e8>)
10004714:	b087      	sub	sp, #28
10004716:	683b      	ldr	r3, [r7, #0]
10004718:	681c      	ldr	r4, [r3, #0]
1000471a:	2c00      	cmp	r4, #0
1000471c:	f000 811d 	beq.w	1000495a <prvTimerTask+0x256>
10004720:	68db      	ldr	r3, [r3, #12]
10004722:	681c      	ldr	r4, [r3, #0]
10004724:	f7fe fac4 	bl	10002cb0 <vTaskSuspendAll>
10004728:	f7fe faca 	bl	10002cc0 <xTaskGetTickCount>
1000472c:	f8db 3000 	ldr.w	r3, [fp]
10004730:	4681      	mov	r9, r0
10004732:	4283      	cmp	r3, r0
10004734:	d845      	bhi.n	100047c2 <prvTimerTask+0xbe>
10004736:	4284      	cmp	r4, r0
10004738:	f8cb 0000 	str.w	r0, [fp]
1000473c:	f240 813e 	bls.w	100049bc <prvTimerTask+0x2b8>
10004740:	2200      	movs	r2, #0
10004742:	6828      	ldr	r0, [r5, #0]
10004744:	eba4 0109 	sub.w	r1, r4, r9
10004748:	f7fd fd64 	bl	10002214 <vQueueWaitForMessageRestricted>
1000474c:	f7ff fbba 	bl	10003ec4 <xTaskResumeAll>
10004750:	2800      	cmp	r0, #0
10004752:	f000 8125 	beq.w	100049a0 <prvTimerTask+0x29c>
10004756:	2300      	movs	r3, #0
10004758:	e9cd 3302 	strd	r3, r3, [sp, #8]
1000475c:	e9cd 3304 	strd	r3, r3, [sp, #16]
10004760:	2200      	movs	r2, #0
10004762:	6828      	ldr	r0, [r5, #0]
10004764:	a902      	add	r1, sp, #8
10004766:	f7fd fb4f 	bl	10001e08 <xQueueReceive>
1000476a:	2800      	cmp	r0, #0
1000476c:	d0d3      	beq.n	10004716 <prvTimerTask+0x12>
1000476e:	9b02      	ldr	r3, [sp, #8]
10004770:	2b00      	cmp	r3, #0
10004772:	f2c0 80e9 	blt.w	10004948 <prvTimerTask+0x244>
10004776:	f8dd a010 	ldr.w	sl, [sp, #16]
1000477a:	f8da 3014 	ldr.w	r3, [sl, #20]
1000477e:	b11b      	cbz	r3, 10004788 <prvTimerTask+0x84>
10004780:	f10a 0004 	add.w	r0, sl, #4
10004784:	f7fd f83e 	bl	10001804 <uxListRemove>
10004788:	f7fe fa9a 	bl	10002cc0 <xTaskGetTickCount>
1000478c:	f8db 3000 	ldr.w	r3, [fp]
10004790:	9001      	str	r0, [sp, #4]
10004792:	4298      	cmp	r0, r3
10004794:	d343      	bcc.n	1000481e <prvTimerTask+0x11a>
10004796:	e9dd 2301 	ldrd	r2, r3, [sp, #4]
1000479a:	3b01      	subs	r3, #1
1000479c:	f8cb 2000 	str.w	r2, [fp]
100047a0:	2b08      	cmp	r3, #8
100047a2:	d8dd      	bhi.n	10004760 <prvTimerTask+0x5c>
100047a4:	e8df f003 	tbb	[pc, r3]
100047a8:	a5c06161 	.word	0xa5c06161
100047ac:	c06161c7 	.word	0xc06161c7
100047b0:	a5          	.byte	0xa5
100047b1:	00          	.byte	0x00
100047b2:	f022 0201 	bic.w	r2, r2, #1
100047b6:	f88a 2028 	strb.w	r2, [sl, #40]	@ 0x28
100047ba:	4650      	mov	r0, sl
100047bc:	f8da 3020 	ldr.w	r3, [sl, #32]
100047c0:	4798      	blx	r3
100047c2:	683b      	ldr	r3, [r7, #0]
100047c4:	681a      	ldr	r2, [r3, #0]
100047c6:	2a00      	cmp	r2, #0
100047c8:	f000 80da 	beq.w	10004980 <prvTimerTask+0x27c>
100047cc:	68da      	ldr	r2, [r3, #12]
100047ce:	f8d2 a00c 	ldr.w	sl, [r2, #12]
100047d2:	6814      	ldr	r4, [r2, #0]
100047d4:	f10a 0604 	add.w	r6, sl, #4
100047d8:	4630      	mov	r0, r6
100047da:	f7fd f813 	bl	10001804 <uxListRemove>
100047de:	f89a 2028 	ldrb.w	r2, [sl, #40]	@ 0x28
100047e2:	0751      	lsls	r1, r2, #29
100047e4:	d5e5      	bpl.n	100047b2 <prvTimerTask+0xae>
100047e6:	e003      	b.n	100047f0 <prvTimerTask+0xec>
100047e8:	4650      	mov	r0, sl
100047ea:	f8da 2020 	ldr.w	r2, [sl, #32]
100047ee:	4790      	blx	r2
100047f0:	f8da 2018 	ldr.w	r2, [sl, #24]
100047f4:	f8ca a010 	str.w	sl, [sl, #16]
100047f8:	18a1      	adds	r1, r4, r2
100047fa:	18a4      	adds	r4, r4, r2
100047fc:	f8ca 1004 	str.w	r1, [sl, #4]
10004800:	d3f2      	bcc.n	100047e8 <prvTimerTask+0xe4>
10004802:	4631      	mov	r1, r6
10004804:	f8d8 0000 	ldr.w	r0, [r8]
10004808:	f7fc ffe4 	bl	100017d4 <vListInsert>
1000480c:	e7d5      	b.n	100047ba <prvTimerTask+0xb6>
1000480e:	f021 0101 	bic.w	r1, r1, #1
10004812:	f889 1028 	strb.w	r1, [r9, #40]	@ 0x28
10004816:	4648      	mov	r0, r9
10004818:	f8d9 3020 	ldr.w	r3, [r9, #32]
1000481c:	4798      	blx	r3
1000481e:	683b      	ldr	r3, [r7, #0]
10004820:	6819      	ldr	r1, [r3, #0]
10004822:	2900      	cmp	r1, #0
10004824:	f000 80b6 	beq.w	10004994 <prvTimerTask+0x290>
10004828:	68d9      	ldr	r1, [r3, #12]
1000482a:	f8d1 900c 	ldr.w	r9, [r1, #12]
1000482e:	680c      	ldr	r4, [r1, #0]
10004830:	f109 0604 	add.w	r6, r9, #4
10004834:	4630      	mov	r0, r6
10004836:	f7fc ffe5 	bl	10001804 <uxListRemove>
1000483a:	f899 1028 	ldrb.w	r1, [r9, #40]	@ 0x28
1000483e:	0748      	lsls	r0, r1, #29
10004840:	d5e5      	bpl.n	1000480e <prvTimerTask+0x10a>
10004842:	e003      	b.n	1000484c <prvTimerTask+0x148>
10004844:	4648      	mov	r0, r9
10004846:	f8d9 1020 	ldr.w	r1, [r9, #32]
1000484a:	4788      	blx	r1
1000484c:	f8d9 1018 	ldr.w	r1, [r9, #24]
10004850:	f8c9 9010 	str.w	r9, [r9, #16]
10004854:	1860      	adds	r0, r4, r1
10004856:	1864      	adds	r4, r4, r1
10004858:	f8c9 0004 	str.w	r0, [r9, #4]
1000485c:	d3f2      	bcc.n	10004844 <prvTimerTask+0x140>
1000485e:	4631      	mov	r1, r6
10004860:	f8d8 0000 	ldr.w	r0, [r8]
10004864:	f7fc ffb6 	bl	100017d4 <vListInsert>
10004868:	e7d5      	b.n	10004816 <prvTimerTask+0x112>
1000486a:	f89a 0028 	ldrb.w	r0, [sl, #40]	@ 0x28
1000486e:	9903      	ldr	r1, [sp, #12]
10004870:	f8da 4018 	ldr.w	r4, [sl, #24]
10004874:	9a01      	ldr	r2, [sp, #4]
10004876:	190b      	adds	r3, r1, r4
10004878:	f040 0601 	orr.w	r6, r0, #1
1000487c:	f88a 6028 	strb.w	r6, [sl, #40]	@ 0x28
10004880:	bf2c      	ite	cs
10004882:	2601      	movcs	r6, #1
10004884:	2600      	movcc	r6, #0
10004886:	4293      	cmp	r3, r2
10004888:	f8ca 3004 	str.w	r3, [sl, #4]
1000488c:	f8ca a010 	str.w	sl, [sl, #16]
10004890:	f200 8089 	bhi.w	100049a6 <prvTimerTask+0x2a2>
10004894:	1a51      	subs	r1, r2, r1
10004896:	428c      	cmp	r4, r1
10004898:	d83f      	bhi.n	1000491a <prvTimerTask+0x216>
1000489a:	0741      	lsls	r1, r0, #29
1000489c:	d412      	bmi.n	100048c4 <prvTimerTask+0x1c0>
1000489e:	f020 0001 	bic.w	r0, r0, #1
100048a2:	f88a 0028 	strb.w	r0, [sl, #40]	@ 0x28
100048a6:	4650      	mov	r0, sl
100048a8:	f8da 3020 	ldr.w	r3, [sl, #32]
100048ac:	4798      	blx	r3
100048ae:	e757      	b.n	10004760 <prvTimerTask+0x5c>
100048b0:	42a1      	cmp	r1, r4
100048b2:	f0c0 80c7 	bcc.w	10004a44 <prvTimerTask+0x340>
100048b6:	f8da 3020 	ldr.w	r3, [sl, #32]
100048ba:	4650      	mov	r0, sl
100048bc:	4798      	blx	r3
100048be:	4633      	mov	r3, r6
100048c0:	f8da 4018 	ldr.w	r4, [sl, #24]
100048c4:	9a01      	ldr	r2, [sp, #4]
100048c6:	191e      	adds	r6, r3, r4
100048c8:	bf2c      	ite	cs
100048ca:	2001      	movcs	r0, #1
100048cc:	2000      	movcc	r0, #0
100048ce:	42b2      	cmp	r2, r6
100048d0:	eba2 0103 	sub.w	r1, r2, r3
100048d4:	f8ca 6004 	str.w	r6, [sl, #4]
100048d8:	f8ca a010 	str.w	sl, [sl, #16]
100048dc:	d2e8      	bcs.n	100048b0 <prvTimerTask+0x1ac>
100048de:	429a      	cmp	r2, r3
100048e0:	d201      	bcs.n	100048e6 <prvTimerTask+0x1e2>
100048e2:	2800      	cmp	r0, #0
100048e4:	d0e7      	beq.n	100048b6 <prvTimerTask+0x1b2>
100048e6:	6838      	ldr	r0, [r7, #0]
100048e8:	f10a 0104 	add.w	r1, sl, #4
100048ec:	f7fc ff72 	bl	100017d4 <vListInsert>
100048f0:	e7d9      	b.n	100048a6 <prvTimerTask+0x1a2>
100048f2:	9903      	ldr	r1, [sp, #12]
100048f4:	9a01      	ldr	r2, [sp, #4]
100048f6:	f89a 3028 	ldrb.w	r3, [sl, #40]	@ 0x28
100048fa:	1888      	adds	r0, r1, r2
100048fc:	f043 0301 	orr.w	r3, r3, #1
10004900:	4290      	cmp	r0, r2
10004902:	f88a 3028 	strb.w	r3, [sl, #40]	@ 0x28
10004906:	f8ca 1018 	str.w	r1, [sl, #24]
1000490a:	f8ca 0004 	str.w	r0, [sl, #4]
1000490e:	f8ca a010 	str.w	sl, [sl, #16]
10004912:	d84d      	bhi.n	100049b0 <prvTimerTask+0x2ac>
10004914:	2900      	cmp	r1, #0
10004916:	f43f af23 	beq.w	10004760 <prvTimerTask+0x5c>
1000491a:	f8d8 0000 	ldr.w	r0, [r8]
1000491e:	f10a 0104 	add.w	r1, sl, #4
10004922:	f7fc ff57 	bl	100017d4 <vListInsert>
10004926:	e71b      	b.n	10004760 <prvTimerTask+0x5c>
10004928:	f89a 3028 	ldrb.w	r3, [sl, #40]	@ 0x28
1000492c:	f023 0301 	bic.w	r3, r3, #1
10004930:	f88a 3028 	strb.w	r3, [sl, #40]	@ 0x28
10004934:	e714      	b.n	10004760 <prvTimerTask+0x5c>
10004936:	f89a 3028 	ldrb.w	r3, [sl, #40]	@ 0x28
1000493a:	079a      	lsls	r2, r3, #30
1000493c:	d578      	bpl.n	10004a30 <prvTimerTask+0x32c>
1000493e:	f023 0301 	bic.w	r3, r3, #1
10004942:	f88a 3028 	strb.w	r3, [sl, #40]	@ 0x28
10004946:	e70b      	b.n	10004760 <prvTimerTask+0x5c>
10004948:	9b03      	ldr	r3, [sp, #12]
1000494a:	e9dd 0104 	ldrd	r0, r1, [sp, #16]
1000494e:	4798      	blx	r3
10004950:	9b02      	ldr	r3, [sp, #8]
10004952:	2b00      	cmp	r3, #0
10004954:	f6ff af04 	blt.w	10004760 <prvTimerTask+0x5c>
10004958:	e70d      	b.n	10004776 <prvTimerTask+0x72>
1000495a:	f7fe f9a9 	bl	10002cb0 <vTaskSuspendAll>
1000495e:	f7fe f9af 	bl	10002cc0 <xTaskGetTickCount>
10004962:	f8db 3000 	ldr.w	r3, [fp]
10004966:	4681      	mov	r9, r0
10004968:	4283      	cmp	r3, r0
1000496a:	f63f af2a 	bhi.w	100047c2 <prvTimerTask+0xbe>
1000496e:	f8d8 3000 	ldr.w	r3, [r8]
10004972:	f8cb 9000 	str.w	r9, [fp]
10004976:	681a      	ldr	r2, [r3, #0]
10004978:	fab2 f282 	clz	r2, r2
1000497c:	0952      	lsrs	r2, r2, #5
1000497e:	e6e0      	b.n	10004742 <prvTimerTask+0x3e>
10004980:	f8d8 2000 	ldr.w	r2, [r8]
10004984:	f8cb 9000 	str.w	r9, [fp]
10004988:	603a      	str	r2, [r7, #0]
1000498a:	f8c8 3000 	str.w	r3, [r8]
1000498e:	f7ff fa99 	bl	10003ec4 <xTaskResumeAll>
10004992:	e6e0      	b.n	10004756 <prvTimerTask+0x52>
10004994:	f8d8 1000 	ldr.w	r1, [r8]
10004998:	f8c8 3000 	str.w	r3, [r8]
1000499c:	6039      	str	r1, [r7, #0]
1000499e:	e6fa      	b.n	10004796 <prvTimerTask+0x92>
100049a0:	f7fe ff6e 	bl	10003880 <vTaskYieldWithinAPI>
100049a4:	e6d7      	b.n	10004756 <prvTimerTask+0x52>
100049a6:	4291      	cmp	r1, r2
100049a8:	d902      	bls.n	100049b0 <prvTimerTask+0x2ac>
100049aa:	2e00      	cmp	r6, #0
100049ac:	f43f af75 	beq.w	1000489a <prvTimerTask+0x196>
100049b0:	6838      	ldr	r0, [r7, #0]
100049b2:	f10a 0104 	add.w	r1, sl, #4
100049b6:	f7fc ff0d 	bl	100017d4 <vListInsert>
100049ba:	e6d1      	b.n	10004760 <prvTimerTask+0x5c>
100049bc:	f7ff fa82 	bl	10003ec4 <xTaskResumeAll>
100049c0:	683b      	ldr	r3, [r7, #0]
100049c2:	68db      	ldr	r3, [r3, #12]
100049c4:	68de      	ldr	r6, [r3, #12]
100049c6:	1d33      	adds	r3, r6, #4
100049c8:	4618      	mov	r0, r3
100049ca:	9301      	str	r3, [sp, #4]
100049cc:	f7fc ff1a 	bl	10001804 <uxListRemove>
100049d0:	f896 2028 	ldrb.w	r2, [r6, #40]	@ 0x28
100049d4:	0753      	lsls	r3, r2, #29
100049d6:	d415      	bmi.n	10004a04 <prvTimerTask+0x300>
100049d8:	f022 0201 	bic.w	r2, r2, #1
100049dc:	f886 2028 	strb.w	r2, [r6, #40]	@ 0x28
100049e0:	4630      	mov	r0, r6
100049e2:	6a33      	ldr	r3, [r6, #32]
100049e4:	4798      	blx	r3
100049e6:	e6b6      	b.n	10004756 <prvTimerTask+0x52>
100049e8:	20000930 	.word	0x20000930
100049ec:	20020cc0 	.word	0x20020cc0
100049f0:	20020c58 	.word	0x20020c58
100049f4:	20000940 	.word	0x20000940
100049f8:	4281      	cmp	r1, r0
100049fa:	d81d      	bhi.n	10004a38 <prvTimerTask+0x334>
100049fc:	4630      	mov	r0, r6
100049fe:	6a31      	ldr	r1, [r6, #32]
10004a00:	4788      	blx	r1
10004a02:	4654      	mov	r4, sl
10004a04:	69b1      	ldr	r1, [r6, #24]
10004a06:	eba9 0004 	sub.w	r0, r9, r4
10004a0a:	eb14 0a01 	adds.w	sl, r4, r1
10004a0e:	bf2c      	ite	cs
10004a10:	2301      	movcs	r3, #1
10004a12:	2300      	movcc	r3, #0
10004a14:	45ca      	cmp	sl, r9
10004a16:	f8c6 a004 	str.w	sl, [r6, #4]
10004a1a:	6136      	str	r6, [r6, #16]
10004a1c:	d9ec      	bls.n	100049f8 <prvTimerTask+0x2f4>
10004a1e:	454c      	cmp	r4, r9
10004a20:	d901      	bls.n	10004a26 <prvTimerTask+0x322>
10004a22:	2b00      	cmp	r3, #0
10004a24:	d0ea      	beq.n	100049fc <prvTimerTask+0x2f8>
10004a26:	9901      	ldr	r1, [sp, #4]
10004a28:	6838      	ldr	r0, [r7, #0]
10004a2a:	f7fc fed3 	bl	100017d4 <vListInsert>
10004a2e:	e7d7      	b.n	100049e0 <prvTimerTask+0x2dc>
10004a30:	4650      	mov	r0, sl
10004a32:	f7fc fa9f 	bl	10000f74 <vPortFree>
10004a36:	e693      	b.n	10004760 <prvTimerTask+0x5c>
10004a38:	9901      	ldr	r1, [sp, #4]
10004a3a:	f8d8 0000 	ldr.w	r0, [r8]
10004a3e:	f7fc fec9 	bl	100017d4 <vListInsert>
10004a42:	e7cd      	b.n	100049e0 <prvTimerTask+0x2dc>
10004a44:	f8d8 0000 	ldr.w	r0, [r8]
10004a48:	f10a 0104 	add.w	r1, sl, #4
10004a4c:	f7fc fec2 	bl	100017d4 <vListInsert>
10004a50:	e729      	b.n	100048a6 <prvTimerTask+0x1a2>
10004a52:	bf00      	nop

10004a54 <xTimerCreateTimerTask>:
10004a54:	b5f0      	push	{r4, r5, r6, r7, lr}
10004a56:	4c19      	ldr	r4, [pc, #100]	@ (10004abc <xTimerCreateTimerTask+0x68>)
10004a58:	b085      	sub	sp, #20
10004a5a:	f7fe ff23 	bl	100038a4 <vTaskEnterCritical>
10004a5e:	6825      	ldr	r5, [r4, #0]
10004a60:	b19d      	cbz	r5, 10004a8a <xTimerCreateTimerTask+0x36>
10004a62:	f7ff fb51 	bl	10004108 <vTaskExitCritical>
10004a66:	6820      	ldr	r0, [r4, #0]
10004a68:	b168      	cbz	r0, 10004a86 <xTimerCreateTimerTask+0x32>
10004a6a:	f04f 35ff 	mov.w	r5, #4294967295	@ 0xffffffff
10004a6e:	241f      	movs	r4, #31
10004a70:	4913      	ldr	r1, [pc, #76]	@ (10004ac0 <xTimerCreateTimerTask+0x6c>)
10004a72:	2300      	movs	r3, #0
10004a74:	9102      	str	r1, [sp, #8]
10004a76:	f44f 6280 	mov.w	r2, #1024	@ 0x400
10004a7a:	e9cd 4500 	strd	r4, r5, [sp]
10004a7e:	4911      	ldr	r1, [pc, #68]	@ (10004ac4 <xTimerCreateTimerTask+0x70>)
10004a80:	4811      	ldr	r0, [pc, #68]	@ (10004ac8 <xTimerCreateTimerTask+0x74>)
10004a82:	f7ff f82d 	bl	10003ae0 <xTaskCreateAffinitySet>
10004a86:	b005      	add	sp, #20
10004a88:	bdf0      	pop	{r4, r5, r6, r7, pc}
10004a8a:	4f10      	ldr	r7, [pc, #64]	@ (10004acc <xTimerCreateTimerTask+0x78>)
10004a8c:	4e10      	ldr	r6, [pc, #64]	@ (10004ad0 <xTimerCreateTimerTask+0x7c>)
10004a8e:	4638      	mov	r0, r7
10004a90:	f7fc fe82 	bl	10001798 <vListInitialise>
10004a94:	4630      	mov	r0, r6
10004a96:	f7fc fe7f 	bl	10001798 <vListInitialise>
10004a9a:	4b0e      	ldr	r3, [pc, #56]	@ (10004ad4 <xTimerCreateTimerTask+0x80>)
10004a9c:	462a      	mov	r2, r5
10004a9e:	601f      	str	r7, [r3, #0]
10004aa0:	4b0d      	ldr	r3, [pc, #52]	@ (10004ad8 <xTimerCreateTimerTask+0x84>)
10004aa2:	2110      	movs	r1, #16
10004aa4:	200a      	movs	r0, #10
10004aa6:	601e      	str	r6, [r3, #0]
10004aa8:	f7fc fff4 	bl	10001a94 <xQueueGenericCreate>
10004aac:	6020      	str	r0, [r4, #0]
10004aae:	2800      	cmp	r0, #0
10004ab0:	d0d7      	beq.n	10004a62 <xTimerCreateTimerTask+0xe>
10004ab2:	490a      	ldr	r1, [pc, #40]	@ (10004adc <xTimerCreateTimerTask+0x88>)
10004ab4:	f7fd fb16 	bl	100020e4 <vQueueAddToRegistry>
10004ab8:	e7d3      	b.n	10004a62 <xTimerCreateTimerTask+0xe>
10004aba:	bf00      	nop
10004abc:	20020cc0 	.word	0x20020cc0
10004ac0:	20020cc4 	.word	0x20020cc4
10004ac4:	10008274 	.word	0x10008274
10004ac8:	10004705 	.word	0x10004705
10004acc:	20020bf8 	.word	0x20020bf8
10004ad0:	20020c0c 	.word	0x20020c0c
10004ad4:	20000930 	.word	0x20000930
10004ad8:	20000940 	.word	0x20000940
10004adc:	1000826c 	.word	0x1000826c

10004ae0 <xTimerCreate>:
10004ae0:	e92d 4ff0 	stmdb	sp!, {r4, r5, r6, r7, r8, r9, sl, fp, lr}
10004ae4:	4607      	mov	r7, r0
10004ae6:	b083      	sub	sp, #12
10004ae8:	202c      	movs	r0, #44	@ 0x2c
10004aea:	4688      	mov	r8, r1
10004aec:	4616      	mov	r6, r2
10004aee:	461d      	mov	r5, r3
10004af0:	f7fc f9b2 	bl	10000e58 <pvPortMalloc>
10004af4:	4604      	mov	r4, r0
10004af6:	b1d0      	cbz	r0, 10004b2e <xTimerCreate+0x4e>
10004af8:	2300      	movs	r3, #0
10004afa:	f8df 9084 	ldr.w	r9, [pc, #132]	@ 10004b80 <xTimerCreate+0xa0>
10004afe:	f880 3028 	strb.w	r3, [r0, #40]	@ 0x28
10004b02:	f7fe fecf 	bl	100038a4 <vTaskEnterCritical>
10004b06:	f8d9 2000 	ldr.w	r2, [r9]
10004b0a:	b1a2      	cbz	r2, 10004b36 <xTimerCreate+0x56>
10004b0c:	f7ff fafc 	bl	10004108 <vTaskExitCritical>
10004b10:	9b0c      	ldr	r3, [sp, #48]	@ 0x30
10004b12:	e9c4 8506 	strd	r8, r5, [r4, #24]
10004b16:	6027      	str	r7, [r4, #0]
10004b18:	6223      	str	r3, [r4, #32]
10004b1a:	1d20      	adds	r0, r4, #4
10004b1c:	f7fc fe48 	bl	100017b0 <vListInitialiseItem>
10004b20:	b12e      	cbz	r6, 10004b2e <xTimerCreate+0x4e>
10004b22:	f894 3028 	ldrb.w	r3, [r4, #40]	@ 0x28
10004b26:	f043 0304 	orr.w	r3, r3, #4
10004b2a:	f884 3028 	strb.w	r3, [r4, #40]	@ 0x28
10004b2e:	4620      	mov	r0, r4
10004b30:	b003      	add	sp, #12
10004b32:	e8bd 8ff0 	ldmia.w	sp!, {r4, r5, r6, r7, r8, r9, sl, fp, pc}
10004b36:	f8df b04c 	ldr.w	fp, [pc, #76]	@ 10004b84 <xTimerCreate+0xa4>
10004b3a:	f8df a04c 	ldr.w	sl, [pc, #76]	@ 10004b88 <xTimerCreate+0xa8>
10004b3e:	4658      	mov	r0, fp
10004b40:	9201      	str	r2, [sp, #4]
10004b42:	f7fc fe29 	bl	10001798 <vListInitialise>
10004b46:	4650      	mov	r0, sl
10004b48:	f7fc fe26 	bl	10001798 <vListInitialise>
10004b4c:	4b09      	ldr	r3, [pc, #36]	@ (10004b74 <xTimerCreate+0x94>)
10004b4e:	2110      	movs	r1, #16
10004b50:	f8c3 b000 	str.w	fp, [r3]
10004b54:	4b08      	ldr	r3, [pc, #32]	@ (10004b78 <xTimerCreate+0x98>)
10004b56:	200a      	movs	r0, #10
10004b58:	9a01      	ldr	r2, [sp, #4]
10004b5a:	f8c3 a000 	str.w	sl, [r3]
10004b5e:	f7fc ff99 	bl	10001a94 <xQueueGenericCreate>
10004b62:	f8c9 0000 	str.w	r0, [r9]
10004b66:	2800      	cmp	r0, #0
10004b68:	d0d0      	beq.n	10004b0c <xTimerCreate+0x2c>
10004b6a:	4904      	ldr	r1, [pc, #16]	@ (10004b7c <xTimerCreate+0x9c>)
10004b6c:	f7fd faba 	bl	100020e4 <vQueueAddToRegistry>
10004b70:	e7cc      	b.n	10004b0c <xTimerCreate+0x2c>
10004b72:	bf00      	nop
10004b74:	20000930 	.word	0x20000930
10004b78:	20000940 	.word	0x20000940
10004b7c:	1000826c 	.word	0x1000826c
10004b80:	20020cc0 	.word	0x20020cc0
10004b84:	20020bf8 	.word	0x20020bf8
10004b88:	20020c0c 	.word	0x20020c0c

10004b8c <xTimerGenericCommandFromTask>:
10004b8c:	b510      	push	{r4, lr}
10004b8e:	4c0f      	ldr	r4, [pc, #60]	@ (10004bcc <xTimerGenericCommandFromTask+0x40>)
10004b90:	b084      	sub	sp, #16
10004b92:	6823      	ldr	r3, [r4, #0]
10004b94:	b123      	cbz	r3, 10004ba0 <xTimerGenericCommandFromTask+0x14>
10004b96:	2905      	cmp	r1, #5
10004b98:	e9cd 1200 	strd	r1, r2, [sp]
10004b9c:	9002      	str	r0, [sp, #8]
10004b9e:	dd02      	ble.n	10004ba6 <xTimerGenericCommandFromTask+0x1a>
10004ba0:	2000      	movs	r0, #0
10004ba2:	b004      	add	sp, #16
10004ba4:	bd10      	pop	{r4, pc}
10004ba6:	f7fe fc95 	bl	100034d4 <xTaskGetSchedulerState>
10004baa:	2802      	cmp	r0, #2
10004bac:	f04f 0300 	mov.w	r3, #0
10004bb0:	d006      	beq.n	10004bc0 <xTimerGenericCommandFromTask+0x34>
10004bb2:	4669      	mov	r1, sp
10004bb4:	461a      	mov	r2, r3
10004bb6:	6820      	ldr	r0, [r4, #0]
10004bb8:	f7fc ffbc 	bl	10001b34 <xQueueGenericSend>
10004bbc:	b004      	add	sp, #16
10004bbe:	bd10      	pop	{r4, pc}
10004bc0:	4669      	mov	r1, sp
10004bc2:	9a06      	ldr	r2, [sp, #24]
10004bc4:	6820      	ldr	r0, [r4, #0]
10004bc6:	f7fc ffb5 	bl	10001b34 <xQueueGenericSend>
10004bca:	e7ea      	b.n	10004ba2 <xTimerGenericCommandFromTask+0x16>
10004bcc:	20020cc0 	.word	0x20020cc0

10004bd0 <pvTimerGetTimerID>:
10004bd0:	b510      	push	{r4, lr}
10004bd2:	4604      	mov	r4, r0
10004bd4:	f7fe fe66 	bl	100038a4 <vTaskEnterCritical>
10004bd8:	69e4      	ldr	r4, [r4, #28]
10004bda:	f7ff fa95 	bl	10004108 <vTaskExitCritical>
10004bde:	4620      	mov	r0, r4
10004be0:	bd10      	pop	{r4, pc}
10004be2:	bf00      	nop

10004be4 <xTimerPendFunctionCallFromISR>:
10004be4:	469c      	mov	ip, r3
10004be6:	b5f0      	push	{r4, r5, r6, r7, lr}
10004be8:	4607      	mov	r7, r0
10004bea:	460e      	mov	r6, r1
10004bec:	4615      	mov	r5, r2
10004bee:	f06f 0401 	mvn.w	r4, #1
10004bf2:	4b07      	ldr	r3, [pc, #28]	@ (10004c10 <xTimerPendFunctionCallFromISR+0x2c>)
10004bf4:	b085      	sub	sp, #20
10004bf6:	4669      	mov	r1, sp
10004bf8:	4662      	mov	r2, ip
10004bfa:	6818      	ldr	r0, [r3, #0]
10004bfc:	2300      	movs	r3, #0
10004bfe:	e9cd 7601 	strd	r7, r6, [sp, #4]
10004c02:	9503      	str	r5, [sp, #12]
10004c04:	9400      	str	r4, [sp, #0]
10004c06:	f7fd f877 	bl	10001cf8 <xQueueGenericSendFromISR>
10004c0a:	b005      	add	sp, #20
10004c0c:	bdf0      	pop	{r4, r5, r6, r7, pc}
10004c0e:	bf00      	nop
10004c10:	20020cc0 	.word	0x20020cc0

10004c14 <clock_configure_undivided>:
10004c14:	eb00 0c40 	add.w	ip, r0, r0, lsl #1
10004c18:	ea4f 0c8c 	mov.w	ip, ip, lsl #2
10004c1c:	f10c 4c80 	add.w	ip, ip, #1073741824	@ 0x40000000
10004c20:	f50c 3c80 	add.w	ip, ip, #65536	@ 0x10000
10004c24:	b5f0      	push	{r4, r5, r6, r7, lr}
10004c26:	4616      	mov	r6, r2
10004c28:	f8dc 2004 	ldr.w	r2, [ip, #4]
10004c2c:	1f05      	subs	r5, r0, #4
10004c2e:	f5b2 3f80 	cmp.w	r2, #65536	@ 0x10000
10004c32:	bf38      	it	cc
10004c34:	f44f 3280 	movcc.w	r2, #65536	@ 0x10000
10004c38:	b2ed      	uxtb	r5, r5
10004c3a:	bf38      	it	cc
10004c3c:	f8cc 2004 	strcc.w	r2, [ip, #4]
10004c40:	2d01      	cmp	r5, #1
10004c42:	d92a      	bls.n	10004c9a <clock_configure_undivided+0x86>
10004c44:	f44f 6700 	mov.w	r7, #2048	@ 0x800
10004c48:	4c25      	ldr	r4, [pc, #148]	@ (10004ce0 <clock_configure_undivided+0xcc>)
10004c4a:	f50c 5240 	add.w	r2, ip, #12288	@ 0x3000
10004c4e:	6017      	str	r7, [r2, #0]
10004c50:	f854 2020 	ldr.w	r2, [r4, r0, lsl #2]
10004c54:	b9b2      	cbnz	r2, 10004c84 <clock_configure_undivided+0x70>
10004c56:	f8dc 2000 	ldr.w	r2, [ip]
10004c5a:	2d01      	cmp	r5, #1
10004c5c:	ea82 1246 	eor.w	r2, r2, r6, lsl #5
10004c60:	f002 02e0 	and.w	r2, r2, #224	@ 0xe0
10004c64:	f50c 5680 	add.w	r6, ip, #4096	@ 0x1000
10004c68:	6032      	str	r2, [r6, #0]
10004c6a:	d92a      	bls.n	10004cc2 <clock_configure_undivided+0xae>
10004c6c:	f44f 6100 	mov.w	r1, #2048	@ 0x800
10004c70:	f844 3020 	str.w	r3, [r4, r0, lsl #2]
10004c74:	f44f 3380 	mov.w	r3, #65536	@ 0x10000
10004c78:	f50c 5200 	add.w	r2, ip, #8192	@ 0x2000
10004c7c:	6011      	str	r1, [r2, #0]
10004c7e:	f8cc 3004 	str.w	r3, [ip, #4]
10004c82:	bdf0      	pop	{r4, r5, r6, r7, pc}
10004c84:	6967      	ldr	r7, [r4, #20]
10004c86:	fbb7 fef2 	udiv	lr, r7, r2
10004c8a:	f10e 0e01 	add.w	lr, lr, #1
10004c8e:	eb0e 0e4e 	add.w	lr, lr, lr, lsl #1
10004c92:	f1be 0e03 	subs.w	lr, lr, #3
10004c96:	d2fc      	bcs.n	10004c92 <clock_configure_undivided+0x7e>
10004c98:	e7dd      	b.n	10004c56 <clock_configure_undivided+0x42>
10004c9a:	2901      	cmp	r1, #1
10004c9c:	d1d2      	bne.n	10004c44 <clock_configure_undivided+0x30>
10004c9e:	2403      	movs	r4, #3
10004ca0:	f50c 5240 	add.w	r2, ip, #12288	@ 0x3000
10004ca4:	6014      	str	r4, [r2, #0]
10004ca6:	f8dc 2008 	ldr.w	r2, [ip, #8]
10004caa:	07d2      	lsls	r2, r2, #31
10004cac:	d5fb      	bpl.n	10004ca6 <clock_configure_undivided+0x92>
10004cae:	f8dc 2000 	ldr.w	r2, [ip]
10004cb2:	4c0b      	ldr	r4, [pc, #44]	@ (10004ce0 <clock_configure_undivided+0xcc>)
10004cb4:	ea82 1246 	eor.w	r2, r2, r6, lsl #5
10004cb8:	f002 02e0 	and.w	r2, r2, #224	@ 0xe0
10004cbc:	f50c 5680 	add.w	r6, ip, #4096	@ 0x1000
10004cc0:	6032      	str	r2, [r6, #0]
10004cc2:	2201      	movs	r2, #1
10004cc4:	f8dc 5000 	ldr.w	r5, [ip]
10004cc8:	404d      	eors	r5, r1
10004cca:	f005 0503 	and.w	r5, r5, #3
10004cce:	6035      	str	r5, [r6, #0]
10004cd0:	fa02 f101 	lsl.w	r1, r2, r1
10004cd4:	f8dc 2008 	ldr.w	r2, [ip, #8]
10004cd8:	420a      	tst	r2, r1
10004cda:	d0fb      	beq.n	10004cd4 <clock_configure_undivided+0xc0>
10004cdc:	e7c6      	b.n	10004c6c <clock_configure_undivided+0x58>
10004cde:	bf00      	nop
10004ce0:	200008cc 	.word	0x200008cc

10004ce4 <clock_get_hz>:
10004ce4:	4b01      	ldr	r3, [pc, #4]	@ (10004cec <clock_get_hz+0x8>)
10004ce6:	f853 0020 	ldr.w	r0, [r3, r0, lsl #2]
10004cea:	4770      	bx	lr
10004cec:	200008cc 	.word	0x200008cc

10004cf0 <hw_claim_lock>:
10004cf0:	f3ef 8010 	mrs	r0, PRIMASK
10004cf4:	b672      	cpsid	i
10004cf6:	4b06      	ldr	r3, [pc, #24]	@ (10004d10 <hw_claim_lock+0x20>)
10004cf8:	e8d3 1fcf 	ldaexb	r1, [r3]
10004cfc:	2201      	movs	r2, #1
10004cfe:	2900      	cmp	r1, #0
10004d00:	d1fa      	bne.n	10004cf8 <hw_claim_lock+0x8>
10004d02:	e8c3 2f41 	strexb	r1, r2, [r3]
10004d06:	2900      	cmp	r1, #0
10004d08:	d1f6      	bne.n	10004cf8 <hw_claim_lock+0x8>
10004d0a:	f3bf 8f5f 	dmb	sy
10004d0e:	4770      	bx	lr
10004d10:	200008a7 	.word	0x200008a7

10004d14 <hw_claim_unlock>:
10004d14:	2300      	movs	r3, #0
10004d16:	4a03      	ldr	r2, [pc, #12]	@ (10004d24 <hw_claim_unlock+0x10>)
10004d18:	e8c2 3f8f 	stlb	r3, [r2]
10004d1c:	f380 8810 	msr	PRIMASK, r0
10004d20:	4770      	bx	lr
10004d22:	bf00      	nop
10004d24:	200008a7 	.word	0x200008a7

10004d28 <hw_claim_or_assert>:
10004d28:	b570      	push	{r4, r5, r6, lr}
10004d2a:	4686      	mov	lr, r0
10004d2c:	f3ef 8510 	mrs	r5, PRIMASK
10004d30:	b672      	cpsid	i
10004d32:	4c12      	ldr	r4, [pc, #72]	@ (10004d7c <hw_claim_or_assert+0x54>)
10004d34:	e8d4 6fcf 	ldaexb	r6, [r4]
10004d38:	2001      	movs	r0, #1
10004d3a:	2e00      	cmp	r6, #0
10004d3c:	d1fa      	bne.n	10004d34 <hw_claim_or_assert+0xc>
10004d3e:	e8c4 0f46 	strexb	r6, r0, [r4]
10004d42:	2e00      	cmp	r6, #0
10004d44:	d1f6      	bne.n	10004d34 <hw_claim_or_assert+0xc>
10004d46:	f3bf 8f5f 	dmb	sy
10004d4a:	f04f 0c01 	mov.w	ip, #1
10004d4e:	08c8      	lsrs	r0, r1, #3
10004d50:	f001 0307 	and.w	r3, r1, #7
10004d54:	fa0c f303 	lsl.w	r3, ip, r3
10004d58:	f81e c000 	ldrb.w	ip, [lr, r0]
10004d5c:	ea1c 0603 	ands.w	r6, ip, r3
10004d60:	d108      	bne.n	10004d74 <hw_claim_or_assert+0x4c>
10004d62:	ea4c 0c03 	orr.w	ip, ip, r3
10004d66:	f80e c000 	strb.w	ip, [lr, r0]
10004d6a:	e8c4 6f8f 	stlb	r6, [r4]
10004d6e:	f385 8810 	msr	PRIMASK, r5
10004d72:	bd70      	pop	{r4, r5, r6, pc}
10004d74:	4610      	mov	r0, r2
10004d76:	f7fc f857 	bl	10000e28 <panic>
10004d7a:	bf00      	nop
10004d7c:	200008a7 	.word	0x200008a7

10004d80 <next_striped_spin_lock_num>:
10004d80:	4a04      	ldr	r2, [pc, #16]	@ (10004d94 <next_striped_spin_lock_num+0x14>)
10004d82:	7810      	ldrb	r0, [r2, #0]
10004d84:	1c43      	adds	r3, r0, #1
10004d86:	b2db      	uxtb	r3, r3
10004d88:	2b18      	cmp	r3, #24
10004d8a:	bf28      	it	cs
10004d8c:	2310      	movcs	r3, #16
10004d8e:	7013      	strb	r3, [r2, #0]
10004d90:	4770      	bx	lr
10004d92:	bf00      	nop
10004d94:	200005f8 	.word	0x200005f8

10004d98 <spin_lock_claim>:
10004d98:	4601      	mov	r1, r0
10004d9a:	4a02      	ldr	r2, [pc, #8]	@ (10004da4 <spin_lock_claim+0xc>)
10004d9c:	4802      	ldr	r0, [pc, #8]	@ (10004da8 <spin_lock_claim+0x10>)
10004d9e:	f7ff bfc3 	b.w	10004d28 <hw_claim_or_assert>
10004da2:	bf00      	nop
10004da4:	1000827c 	.word	0x1000827c
10004da8:	200008c4 	.word	0x200008c4

10004dac <spinlock_set_extexclall>:
10004dac:	f04f 22e0 	mov.w	r2, #3758153728	@ 0xe000e000
10004db0:	6893      	ldr	r3, [r2, #8]
10004db2:	f043 5300 	orr.w	r3, r3, #536870912	@ 0x20000000
10004db6:	6093      	str	r3, [r2, #8]
10004db8:	4770      	bx	lr
10004dba:	bf00      	nop

10004dbc <spin_locks_reset>:
10004dbc:	2100      	movs	r1, #0
10004dbe:	4b04      	ldr	r3, [pc, #16]	@ (10004dd0 <spin_locks_reset+0x14>)
10004dc0:	f103 0220 	add.w	r2, r3, #32
10004dc4:	e8c3 1f8f 	stlb	r1, [r3]
10004dc8:	3301      	adds	r3, #1
10004dca:	4293      	cmp	r3, r2
10004dcc:	d1fa      	bne.n	10004dc4 <spin_locks_reset+0x8>
10004dce:	4770      	bx	lr
10004dd0:	2000089c 	.word	0x2000089c

10004dd4 <gpio_set_function>:
10004dd4:	b410      	push	{r4}
10004dd6:	f44f 7480 	mov.w	r4, #256	@ 0x100
10004dda:	4b0c      	ldr	r3, [pc, #48]	@ (10004e0c <gpio_set_function+0x38>)
10004ddc:	f853 2020 	ldr.w	r2, [r3, r0, lsl #2]
10004de0:	eb03 0380 	add.w	r3, r3, r0, lsl #2
10004de4:	00c0      	lsls	r0, r0, #3
10004de6:	f082 0240 	eor.w	r2, r2, #64	@ 0x40
10004dea:	f100 4080 	add.w	r0, r0, #1073741824	@ 0x40000000
10004dee:	f503 5c80 	add.w	ip, r3, #4096	@ 0x1000
10004df2:	f002 02c0 	and.w	r2, r2, #192	@ 0xc0
10004df6:	f500 3020 	add.w	r0, r0, #163840	@ 0x28000
10004dfa:	f503 5340 	add.w	r3, r3, #12288	@ 0x3000
10004dfe:	f8cc 2000 	str.w	r2, [ip]
10004e02:	6041      	str	r1, [r0, #4]
10004e04:	601c      	str	r4, [r3, #0]
10004e06:	f85d 4b04 	ldr.w	r4, [sp], #4
10004e0a:	4770      	bx	lr
10004e0c:	40038004 	.word	0x40038004

10004e10 <gpio_init>:
10004e10:	b430      	push	{r4, r5}
10004e12:	f04f 0300 	mov.w	r3, #0
10004e16:	ec43 0044 	gpioc_bit_oe_put r0, r3
10004e1a:	ec43 0040 	gpioc_bit_out_put r0, r3
10004e1e:	2505      	movs	r5, #5
10004e20:	f44f 7480 	mov.w	r4, #256	@ 0x100
10004e24:	4b0b      	ldr	r3, [pc, #44]	@ (10004e54 <gpio_init+0x44>)
10004e26:	00c2      	lsls	r2, r0, #3
10004e28:	f853 1020 	ldr.w	r1, [r3, r0, lsl #2]
10004e2c:	eb03 0080 	add.w	r0, r3, r0, lsl #2
10004e30:	f081 0140 	eor.w	r1, r1, #64	@ 0x40
10004e34:	f102 4380 	add.w	r3, r2, #1073741824	@ 0x40000000
10004e38:	f503 3320 	add.w	r3, r3, #163840	@ 0x28000
10004e3c:	f001 02c0 	and.w	r2, r1, #192	@ 0xc0
10004e40:	f500 5180 	add.w	r1, r0, #4096	@ 0x1000
10004e44:	f500 5040 	add.w	r0, r0, #12288	@ 0x3000
10004e48:	600a      	str	r2, [r1, #0]
10004e4a:	605d      	str	r5, [r3, #4]
10004e4c:	6004      	str	r4, [r0, #0]
10004e4e:	bc30      	pop	{r4, r5}
10004e50:	4770      	bx	lr
10004e52:	bf00      	nop
10004e54:	40038004 	.word	0x40038004

10004e58 <runtime_init_per_core_irq_priorities>:
10004e58:	f04f 23e0 	mov.w	r3, #3758153728	@ 0xe000e000
10004e5c:	f04f 3280 	mov.w	r2, #2155905152	@ 0x80808080
10004e60:	f8c3 2400 	str.w	r2, [r3, #1024]	@ 0x400
10004e64:	f8c3 2404 	str.w	r2, [r3, #1028]	@ 0x404
10004e68:	f8c3 2408 	str.w	r2, [r3, #1032]	@ 0x408
10004e6c:	f8c3 240c 	str.w	r2, [r3, #1036]	@ 0x40c
10004e70:	f8c3 2410 	str.w	r2, [r3, #1040]	@ 0x410
10004e74:	f8c3 2414 	str.w	r2, [r3, #1044]	@ 0x414
10004e78:	f8c3 2418 	str.w	r2, [r3, #1048]	@ 0x418
10004e7c:	f8c3 241c 	str.w	r2, [r3, #1052]	@ 0x41c
10004e80:	f8c3 2420 	str.w	r2, [r3, #1056]	@ 0x420
10004e84:	f8c3 2424 	str.w	r2, [r3, #1060]	@ 0x424
10004e88:	f8c3 2428 	str.w	r2, [r3, #1064]	@ 0x428
10004e8c:	f8c3 242c 	str.w	r2, [r3, #1068]	@ 0x42c
10004e90:	f8c3 2430 	str.w	r2, [r3, #1072]	@ 0x430
10004e94:	4770      	bx	lr
10004e96:	bf00      	nop

10004e98 <irq_set_enabled>:
10004e98:	2301      	movs	r3, #1
10004e9a:	f000 021f 	and.w	r2, r0, #31
10004e9e:	4093      	lsls	r3, r2
10004ea0:	0940      	lsrs	r0, r0, #5
10004ea2:	b141      	cbz	r1, 10004eb6 <irq_set_enabled+0x1e>
10004ea4:	0080      	lsls	r0, r0, #2
10004ea6:	f100 4060 	add.w	r0, r0, #3758096384	@ 0xe0000000
10004eaa:	f500 4061 	add.w	r0, r0, #57600	@ 0xe100
10004eae:	f8c0 3180 	str.w	r3, [r0, #384]	@ 0x180
10004eb2:	6003      	str	r3, [r0, #0]
10004eb4:	4770      	bx	lr
10004eb6:	4a02      	ldr	r2, [pc, #8]	@ (10004ec0 <irq_set_enabled+0x28>)
10004eb8:	3020      	adds	r0, #32
10004eba:	f842 3020 	str.w	r3, [r2, r0, lsl #2]
10004ebe:	4770      	bx	lr
10004ec0:	e000e100 	.word	0xe000e100

10004ec4 <irq_is_enabled>:
10004ec4:	2301      	movs	r3, #1
10004ec6:	4a06      	ldr	r2, [pc, #24]	@ (10004ee0 <irq_is_enabled+0x1c>)
10004ec8:	0941      	lsrs	r1, r0, #5
10004eca:	f852 2021 	ldr.w	r2, [r2, r1, lsl #2]
10004ece:	f000 001f 	and.w	r0, r0, #31
10004ed2:	4083      	lsls	r3, r0
10004ed4:	4213      	tst	r3, r2
10004ed6:	bf14      	ite	ne
10004ed8:	2001      	movne	r0, #1
10004eda:	2000      	moveq	r0, #0
10004edc:	4770      	bx	lr
10004ede:	bf00      	nop
10004ee0:	e000e100 	.word	0xe000e100

10004ee4 <irq_set_exclusive_handler>:
10004ee4:	b5f8      	push	{r3, r4, r5, r6, r7, lr}
10004ee6:	460d      	mov	r5, r1
10004ee8:	f3ef 8710 	mrs	r7, PRIMASK
10004eec:	b672      	cpsid	i
10004eee:	4e12      	ldr	r6, [pc, #72]	@ (10004f38 <irq_set_exclusive_handler+0x54>)
10004ef0:	e8d6 2fcf 	ldaexb	r2, [r6]
10004ef4:	2301      	movs	r3, #1
10004ef6:	2a00      	cmp	r2, #0
10004ef8:	d1fa      	bne.n	10004ef0 <irq_set_exclusive_handler+0xc>
10004efa:	e8c6 3f42 	strexb	r2, r3, [r6]
10004efe:	2a00      	cmp	r2, #0
10004f00:	d1f6      	bne.n	10004ef0 <irq_set_exclusive_handler+0xc>
10004f02:	f3bf 8f5f 	dmb	sy
10004f06:	4b0d      	ldr	r3, [pc, #52]	@ (10004f3c <irq_set_exclusive_handler+0x58>)
10004f08:	f100 0410 	add.w	r4, r0, #16
10004f0c:	689b      	ldr	r3, [r3, #8]
10004f0e:	4a0c      	ldr	r2, [pc, #48]	@ (10004f40 <irq_set_exclusive_handler+0x5c>)
10004f10:	f853 3024 	ldr.w	r3, [r3, r4, lsl #2]
10004f14:	4293      	cmp	r3, r2
10004f16:	d003      	beq.n	10004f20 <irq_set_exclusive_handler+0x3c>
10004f18:	4299      	cmp	r1, r3
10004f1a:	d001      	beq.n	10004f20 <irq_set_exclusive_handler+0x3c>
10004f1c:	f000 ff80 	bl	10005e20 <hard_assertion_failure>
10004f20:	4b06      	ldr	r3, [pc, #24]	@ (10004f3c <irq_set_exclusive_handler+0x58>)
10004f22:	689b      	ldr	r3, [r3, #8]
10004f24:	f843 5024 	str.w	r5, [r3, r4, lsl #2]
10004f28:	f3bf 8f5f 	dmb	sy
10004f2c:	2300      	movs	r3, #0
10004f2e:	e8c6 3f8f 	stlb	r3, [r6]
10004f32:	f387 8810 	msr	PRIMASK, r7
10004f36:	bdf8      	pop	{r3, r4, r5, r6, r7, pc}
10004f38:	200008a5 	.word	0x200008a5
10004f3c:	e000ed00 	.word	0xe000ed00
10004f40:	1000011d 	.word	0x1000011d

10004f44 <irq_remove_handler>:
10004f44:	e92d 4ff0 	stmdb	sp!, {r4, r5, r6, r7, r8, r9, sl, fp, lr}
10004f48:	b083      	sub	sp, #12
10004f4a:	f3ef 8a10 	mrs	sl, PRIMASK
10004f4e:	b672      	cpsid	i
10004f50:	4e74      	ldr	r6, [pc, #464]	@ (10005124 <irq_remove_handler+0x1e0>)
10004f52:	e8d6 2fcf 	ldaexb	r2, [r6]
10004f56:	2301      	movs	r3, #1
10004f58:	2a00      	cmp	r2, #0
10004f5a:	d1fa      	bne.n	10004f52 <irq_remove_handler+0xe>
10004f5c:	e8c6 3f42 	strexb	r2, r3, [r6]
10004f60:	2a00      	cmp	r2, #0
10004f62:	d1f6      	bne.n	10004f52 <irq_remove_handler+0xe>
10004f64:	f3bf 8f5f 	dmb	sy
10004f68:	4b6f      	ldr	r3, [pc, #444]	@ (10005128 <irq_remove_handler+0x1e4>)
10004f6a:	f100 0810 	add.w	r8, r0, #16
10004f6e:	689b      	ldr	r3, [r3, #8]
10004f70:	4a6e      	ldr	r2, [pc, #440]	@ (1000512c <irq_remove_handler+0x1e8>)
10004f72:	f853 5028 	ldr.w	r5, [r3, r8, lsl #2]
10004f76:	4295      	cmp	r5, r2
10004f78:	d03f      	beq.n	10004ffa <irq_remove_handler+0xb6>
10004f7a:	428d      	cmp	r5, r1
10004f7c:	460c      	mov	r4, r1
10004f7e:	d04a      	beq.n	10005016 <irq_remove_handler+0xd2>
10004f80:	4f6b      	ldr	r7, [pc, #428]	@ (10005130 <irq_remove_handler+0x1ec>)
10004f82:	1beb      	subs	r3, r5, r7
10004f84:	2b2f      	cmp	r3, #47	@ 0x2f
10004f86:	d838      	bhi.n	10004ffa <irq_remove_handler+0xb6>
10004f88:	2101      	movs	r1, #1
10004f8a:	ea4f 1950 	mov.w	r9, r0, lsr #5
10004f8e:	ea4f 0989 	mov.w	r9, r9, lsl #2
10004f92:	f109 4960 	add.w	r9, r9, #3758096384	@ 0xe0000000
10004f96:	f509 4961 	add.w	r9, r9, #57600	@ 0xe100
10004f9a:	f000 031f 	and.w	r3, r0, #31
10004f9e:	fa01 f003 	lsl.w	r0, r1, r3
10004fa2:	f8d9 3000 	ldr.w	r3, [r9]
10004fa6:	f8c9 0080 	str.w	r0, [r9, #128]	@ 0x80
10004faa:	ea00 0b03 	and.w	fp, r0, r3
10004fae:	f3bf 8f5f 	dmb	sy
10004fb2:	f3ef 8105 	mrs	r1, IPSR
10004fb6:	b2c9      	uxtb	r1, r1
10004fb8:	b379      	cbz	r1, 1000501a <irq_remove_handler+0xd6>
10004fba:	4588      	cmp	r8, r1
10004fbc:	d177      	bne.n	100050ae <irq_remove_handler+0x16a>
10004fbe:	f025 0e01 	bic.w	lr, r5, #1
10004fc2:	f8de c008 	ldr.w	ip, [lr, #8]
10004fc6:	4564      	cmp	r4, ip
10004fc8:	d105      	bne.n	10004fd6 <irq_remove_handler+0x92>
10004fca:	e07c      	b.n	100050c6 <irq_remove_handler+0x182>
10004fcc:	f8d3 c008 	ldr.w	ip, [r3, #8]
10004fd0:	4564      	cmp	r4, ip
10004fd2:	d032      	beq.n	1000503a <irq_remove_handler+0xf6>
10004fd4:	469e      	mov	lr, r3
10004fd6:	f99e 2006 	ldrsb.w	r2, [lr, #6]
10004fda:	eb02 0342 	add.w	r3, r2, r2, lsl #1
10004fde:	2a00      	cmp	r2, #0
10004fe0:	eb07 0383 	add.w	r3, r7, r3, lsl #2
10004fe4:	daf2      	bge.n	10004fcc <irq_remove_handler+0x88>
10004fe6:	4564      	cmp	r4, ip
10004fe8:	f000 8081 	beq.w	100050ee <irq_remove_handler+0x1aa>
10004fec:	f1bb 0f00 	cmp.w	fp, #0
10004ff0:	d020      	beq.n	10005034 <irq_remove_handler+0xf0>
10004ff2:	f8c9 0180 	str.w	r0, [r9, #384]	@ 0x180
10004ff6:	f8c9 0000 	str.w	r0, [r9]
10004ffa:	4b4b      	ldr	r3, [pc, #300]	@ (10005128 <irq_remove_handler+0x1e4>)
10004ffc:	689b      	ldr	r3, [r3, #8]
10004ffe:	f843 5028 	str.w	r5, [r3, r8, lsl #2]
10005002:	f3bf 8f5f 	dmb	sy
10005006:	2300      	movs	r3, #0
10005008:	e8c6 3f8f 	stlb	r3, [r6]
1000500c:	f38a 8810 	msr	PRIMASK, sl
10005010:	b003      	add	sp, #12
10005012:	e8bd 8ff0 	ldmia.w	sp!, {r4, r5, r6, r7, r8, r9, sl, fp, pc}
10005016:	4615      	mov	r5, r2
10005018:	e7ef      	b.n	10004ffa <irq_remove_handler+0xb6>
1000501a:	f025 0e01 	bic.w	lr, r5, #1
1000501e:	f8de c008 	ldr.w	ip, [lr, #8]
10005022:	4564      	cmp	r4, ip
10005024:	d1d7      	bne.n	10004fd6 <irq_remove_handler+0x92>
10005026:	f99e 4006 	ldrsb.w	r4, [lr, #6]
1000502a:	4673      	mov	r3, lr
1000502c:	2c00      	cmp	r4, #0
1000502e:	da08      	bge.n	10005042 <irq_remove_handler+0xfe>
10005030:	4615      	mov	r5, r2
10005032:	e066      	b.n	10005102 <irq_remove_handler+0x1be>
10005034:	f8c9 0080 	str.w	r0, [r9, #128]	@ 0x80
10005038:	e7df      	b.n	10004ffa <irq_remove_handler+0xb6>
1000503a:	f993 4006 	ldrsb.w	r4, [r3, #6]
1000503e:	2c00      	cmp	r4, #0
10005040:	db56      	blt.n	100050f0 <irq_remove_handler+0x1ac>
10005042:	eb04 0c44 	add.w	ip, r4, r4, lsl #1
10005046:	eb07 0c8c 	add.w	ip, r7, ip, lsl #2
1000504a:	f8dc 2008 	ldr.w	r2, [ip, #8]
1000504e:	0061      	lsls	r1, r4, #1
10005050:	609a      	str	r2, [r3, #8]
10005052:	f89c 2007 	ldrb.w	r2, [ip, #7]
10005056:	71da      	strb	r2, [r3, #7]
10005058:	f99c 2006 	ldrsb.w	r2, [ip, #6]
1000505c:	2a00      	cmp	r2, #0
1000505e:	719a      	strb	r2, [r3, #6]
10005060:	db5d      	blt.n	1000511e <irq_remove_handler+0x1da>
10005062:	f8bc 2004 	ldrh.w	r2, [ip, #4]
10005066:	0552      	lsls	r2, r2, #21
10005068:	d504      	bpl.n	10005074 <irq_remove_handler+0x130>
1000506a:	f502 12ff 	add.w	r2, r2, #2088960	@ 0x1fe000
1000506e:	f502 52ff 	add.w	r2, r2, #8160	@ 0x1fe0
10005072:	321f      	adds	r2, #31
10005074:	1552      	asrs	r2, r2, #21
10005076:	f102 0c02 	add.w	ip, r2, #2
1000507a:	f04f 0e04 	mov.w	lr, #4
1000507e:	220c      	movs	r2, #12
10005080:	fb12 e204 	smlabb	r2, r2, r4, lr
10005084:	eb02 024c 	add.w	r2, r2, ip, lsl #1
10005088:	f06f 0c07 	mvn.w	ip, #7
1000508c:	443a      	add	r2, r7
1000508e:	ebac 0c03 	sub.w	ip, ip, r3
10005092:	4462      	add	r2, ip
10005094:	f3c2 024a 	ubfx	r2, r2, #1, #11
10005098:	f442 4260 	orr.w	r2, r2, #57344	@ 0xe000
1000509c:	809a      	strh	r2, [r3, #4]
1000509e:	4b25      	ldr	r3, [pc, #148]	@ (10005134 <irq_remove_handler+0x1f0>)
100050a0:	4421      	add	r1, r4
100050a2:	781a      	ldrb	r2, [r3, #0]
100050a4:	eb07 0181 	add.w	r1, r7, r1, lsl #2
100050a8:	701c      	strb	r4, [r3, #0]
100050aa:	718a      	strb	r2, [r1, #6]
100050ac:	e79e      	b.n	10004fec <irq_remove_handler+0xa8>
100050ae:	e9cd 0100 	strd	r0, r1, [sp]
100050b2:	f000 feb5 	bl	10005e20 <hard_assertion_failure>
100050b6:	e9dd 0100 	ldrd	r0, r1, [sp]
100050ba:	f025 0e01 	bic.w	lr, r5, #1
100050be:	f8de c008 	ldr.w	ip, [lr, #8]
100050c2:	4564      	cmp	r4, ip
100050c4:	d187      	bne.n	10004fd6 <irq_remove_handler+0x92>
100050c6:	f99e 4006 	ldrsb.w	r4, [lr, #6]
100050ca:	4673      	mov	r3, lr
100050cc:	2c00      	cmp	r4, #0
100050ce:	dab8      	bge.n	10005042 <irq_remove_handler+0xfe>
100050d0:	4a19      	ldr	r2, [pc, #100]	@ (10005138 <irq_remove_handler+0x1f4>)
100050d2:	4c1a      	ldr	r4, [pc, #104]	@ (1000513c <irq_remove_handler+0x1f8>)
100050d4:	1ad2      	subs	r2, r2, r3
100050d6:	3a08      	subs	r2, #8
100050d8:	f3c2 310a 	ubfx	r1, r2, #12, #11
100050dc:	ea6f 5101 	mvn.w	r1, r1, lsl #20
100050e0:	ea6f 5111 	mvn.w	r1, r1, lsr #20
100050e4:	ea44 0252 	orr.w	r2, r4, r2, lsr #1
100050e8:	80da      	strh	r2, [r3, #6]
100050ea:	8099      	strh	r1, [r3, #4]
100050ec:	e77e      	b.n	10004fec <irq_remove_handler+0xa8>
100050ee:	4673      	mov	r3, lr
100050f0:	2900      	cmp	r1, #0
100050f2:	d1ed      	bne.n	100050d0 <irq_remove_handler+0x18c>
100050f4:	22ff      	movs	r2, #255	@ 0xff
100050f6:	f88e 2006 	strb.w	r2, [lr, #6]
100050fa:	f64b 5201 	movw	r2, #48385	@ 0xbd01
100050fe:	f8ae 2004 	strh.w	r2, [lr, #4]
10005102:	4c0c      	ldr	r4, [pc, #48]	@ (10005134 <irq_remove_handler+0x1f0>)
10005104:	f64a 22aa 	movw	r2, #43690	@ 0xaaaa
10005108:	f894 c000 	ldrb.w	ip, [r4]
1000510c:	4619      	mov	r1, r3
1000510e:	1bc9      	subs	r1, r1, r7
10005110:	4149      	adcs	r1, r1
10005112:	434a      	muls	r2, r1
10005114:	0d12      	lsrs	r2, r2, #20
10005116:	f883 c006 	strb.w	ip, [r3, #6]
1000511a:	7022      	strb	r2, [r4, #0]
1000511c:	e766      	b.n	10004fec <irq_remove_handler+0xa8>
1000511e:	f64b 5201 	movw	r2, #48385	@ 0xbd01
10005122:	e7bb      	b.n	1000509c <irq_remove_handler+0x158>
10005124:	200008a5 	.word	0x200008a5
10005128:	e000ed00 	.word	0xe000ed00
1000512c:	1000011d 	.word	0x1000011d
10005130:	200005fc 	.word	0x200005fc
10005134:	20020cd0 	.word	0x20020cd0
10005138:	20000636 	.word	0x20000636
1000513c:	fffff800 	.word	0xfffff800

10005140 <irq_set_priority>:
10005140:	f04f 0cff 	mov.w	ip, #255	@ 0xff
10005144:	f020 0303 	bic.w	r3, r0, #3
10005148:	f103 4360 	add.w	r3, r3, #3758096384	@ 0xe0000000
1000514c:	f503 4364 	add.w	r3, r3, #58368	@ 0xe400
10005150:	f000 0003 	and.w	r0, r0, #3
10005154:	681a      	ldr	r2, [r3, #0]
10005156:	00c0      	lsls	r0, r0, #3
10005158:	fa0c fc00 	lsl.w	ip, ip, r0
1000515c:	ea22 020c 	bic.w	r2, r2, ip
10005160:	4081      	lsls	r1, r0
10005162:	430a      	orrs	r2, r1
10005164:	601a      	str	r2, [r3, #0]
10005166:	4770      	bx	lr

10005168 <irq_add_tail_to_free_list>:
10005168:	b5f0      	push	{r4, r5, r6, r7, lr}
1000516a:	f3ef 8505 	mrs	r5, IPSR
1000516e:	b2ed      	uxtb	r5, r5
10005170:	f3ef 8c10 	mrs	ip, PRIMASK
10005174:	b672      	cpsid	i
10005176:	4926      	ldr	r1, [pc, #152]	@ (10005210 <irq_add_tail_to_free_list+0xa8>)
10005178:	e8d1 2fcf 	ldaexb	r2, [r1]
1000517c:	2301      	movs	r3, #1
1000517e:	2a00      	cmp	r2, #0
10005180:	d1fa      	bne.n	10005178 <irq_add_tail_to_free_list+0x10>
10005182:	e8c1 3f42 	strexb	r2, r3, [r1]
10005186:	2a00      	cmp	r2, #0
10005188:	d1f6      	bne.n	10005178 <irq_add_tail_to_free_list+0x10>
1000518a:	f3bf 8f5f 	dmb	sy
1000518e:	4e21      	ldr	r6, [pc, #132]	@ (10005214 <irq_add_tail_to_free_list+0xac>)
10005190:	f040 0e01 	orr.w	lr, r0, #1
10005194:	68b4      	ldr	r4, [r6, #8]
10005196:	f64a 23aa 	movw	r3, #43690	@ 0xaaaa
1000519a:	f854 7025 	ldr.w	r7, [r4, r5, lsl #2]
1000519e:	4a1e      	ldr	r2, [pc, #120]	@ (10005218 <irq_add_tail_to_free_list+0xb0>)
100051a0:	4604      	mov	r4, r0
100051a2:	1aa4      	subs	r4, r4, r2
100051a4:	4164      	adcs	r4, r4
100051a6:	4363      	muls	r3, r4
100051a8:	0d1b      	lsrs	r3, r3, #20
100051aa:	4577      	cmp	r7, lr
100051ac:	b25b      	sxtb	r3, r3
100051ae:	d01b      	beq.n	100051e8 <irq_add_tail_to_free_list+0x80>
100051b0:	f992 4006 	ldrsb.w	r4, [r2, #6]
100051b4:	429c      	cmp	r4, r3
100051b6:	d01c      	beq.n	100051f2 <irq_add_tail_to_free_list+0x8a>
100051b8:	f992 4012 	ldrsb.w	r4, [r2, #18]
100051bc:	429c      	cmp	r4, r3
100051be:	d023      	beq.n	10005208 <irq_add_tail_to_free_list+0xa0>
100051c0:	f992 401e 	ldrsb.w	r4, [r2, #30]
100051c4:	429c      	cmp	r4, r3
100051c6:	d021      	beq.n	1000520c <irq_add_tail_to_free_list+0xa4>
100051c8:	f992 402a 	ldrsb.w	r4, [r2, #42]	@ 0x2a
100051cc:	429c      	cmp	r4, r3
100051ce:	bf08      	it	eq
100051d0:	2403      	moveq	r4, #3
100051d2:	d00f      	beq.n	100051f4 <irq_add_tail_to_free_list+0x8c>
100051d4:	4a11      	ldr	r2, [pc, #68]	@ (1000521c <irq_add_tail_to_free_list+0xb4>)
100051d6:	2400      	movs	r4, #0
100051d8:	7815      	ldrb	r5, [r2, #0]
100051da:	7013      	strb	r3, [r2, #0]
100051dc:	7185      	strb	r5, [r0, #6]
100051de:	e8c1 4f8f 	stlb	r4, [r1]
100051e2:	f38c 8810 	msr	PRIMASK, ip
100051e6:	bdf0      	pop	{r4, r5, r6, r7, pc}
100051e8:	68b2      	ldr	r2, [r6, #8]
100051ea:	4c0d      	ldr	r4, [pc, #52]	@ (10005220 <irq_add_tail_to_free_list+0xb8>)
100051ec:	f842 4025 	str.w	r4, [r2, r5, lsl #2]
100051f0:	e7f0      	b.n	100051d4 <irq_add_tail_to_free_list+0x6c>
100051f2:	2400      	movs	r4, #0
100051f4:	eb04 0444 	add.w	r4, r4, r4, lsl #1
100051f8:	eb02 0284 	add.w	r2, r2, r4, lsl #2
100051fc:	24ff      	movs	r4, #255	@ 0xff
100051fe:	7194      	strb	r4, [r2, #6]
10005200:	f64b 5401 	movw	r4, #48385	@ 0xbd01
10005204:	8094      	strh	r4, [r2, #4]
10005206:	e7e5      	b.n	100051d4 <irq_add_tail_to_free_list+0x6c>
10005208:	2401      	movs	r4, #1
1000520a:	e7f3      	b.n	100051f4 <irq_add_tail_to_free_list+0x8c>
1000520c:	2402      	movs	r4, #2
1000520e:	e7f1      	b.n	100051f4 <irq_add_tail_to_free_list+0x8c>
10005210:	200008a5 	.word	0x200008a5
10005214:	e000ed00 	.word	0xe000ed00
10005218:	200005fc 	.word	0x200005fc
1000521c:	20020cd0 	.word	0x20020cd0
10005220:	1000011d 	.word	0x1000011d

10005224 <lock_init>:
10005224:	4b01      	ldr	r3, [pc, #4]	@ (1000522c <lock_init+0x8>)
10005226:	440b      	add	r3, r1
10005228:	6003      	str	r3, [r0, #0]
1000522a:	4770      	bx	lr
1000522c:	2000089c 	.word	0x2000089c

10005230 <runtime_init_mutex>:
10005230:	e92d 41f0 	stmdb	sp!, {r4, r5, r6, r7, r8, lr}
10005234:	4d15      	ldr	r5, [pc, #84]	@ (1000528c <runtime_init_mutex+0x5c>)
10005236:	4e16      	ldr	r6, [pc, #88]	@ (10005290 <runtime_init_mutex+0x60>)
10005238:	42b5      	cmp	r5, r6
1000523a:	d224      	bcs.n	10005286 <runtime_init_mutex+0x56>
1000523c:	462c      	mov	r4, r5
1000523e:	6823      	ldr	r3, [r4, #0]
10005240:	f04f 37ff 	mov.w	r7, #4294967295	@ 0xffffffff
10005244:	f04f 0800 	mov.w	r8, #0
10005248:	b18b      	cbz	r3, 1000526e <runtime_init_mutex+0x3e>
1000524a:	f7ff fd99 	bl	10004d80 <next_striped_spin_lock_num>
1000524e:	4601      	mov	r1, r0
10005250:	4628      	mov	r0, r5
10005252:	f7ff ffe7 	bl	10005224 <lock_init>
10005256:	6067      	str	r7, [r4, #4]
10005258:	f884 8008 	strb.w	r8, [r4, #8]
1000525c:	f3bf 8f5f 	dmb	sy
10005260:	340c      	adds	r4, #12
10005262:	42b4      	cmp	r4, r6
10005264:	d20f      	bcs.n	10005286 <runtime_init_mutex+0x56>
10005266:	6823      	ldr	r3, [r4, #0]
10005268:	4625      	mov	r5, r4
1000526a:	2b00      	cmp	r3, #0
1000526c:	d1ed      	bne.n	1000524a <runtime_init_mutex+0x1a>
1000526e:	f7ff fd87 	bl	10004d80 <next_striped_spin_lock_num>
10005272:	4601      	mov	r1, r0
10005274:	4628      	mov	r0, r5
10005276:	f7ff ffd5 	bl	10005224 <lock_init>
1000527a:	6067      	str	r7, [r4, #4]
1000527c:	f3bf 8f5f 	dmb	sy
10005280:	3408      	adds	r4, #8
10005282:	42b4      	cmp	r4, r6
10005284:	d3ef      	bcc.n	10005266 <runtime_init_mutex+0x36>
10005286:	e8bd 81f0 	ldmia.w	sp!, {r4, r5, r6, r7, r8, pc}
1000528a:	bf00      	nop
1000528c:	20000674 	.word	0x20000674
10005290:	20000684 	.word	0x20000684
10005294:	00000000 	.word	0x00000000

10005298 <alarm_pool_irq_handler>:
10005298:	e92d 4ff0 	stmdb	sp!, {r4, r5, r6, r7, r8, r9, sl, fp, lr}
1000529c:	ed2d 8b02 	vpush	{d8}
100052a0:	b085      	sub	sp, #20
100052a2:	f3ef 8305 	mrs	r3, IPSR
100052a6:	b2db      	uxtb	r3, r3
100052a8:	3b10      	subs	r3, #16
100052aa:	089a      	lsrs	r2, r3, #2
100052ac:	bf18      	it	ne
100052ae:	2201      	movne	r2, #1
100052b0:	f04f 0101 	mov.w	r1, #1
100052b4:	f003 0003 	and.w	r0, r3, #3
100052b8:	bf08      	it	eq
100052ba:	4dab      	ldreq	r5, [pc, #684]	@ (10005568 <alarm_pool_irq_handler+0x2d0>)
100052bc:	4bab      	ldr	r3, [pc, #684]	@ (1000556c <alarm_pool_irq_handler+0x2d4>)
100052be:	bf18      	it	ne
100052c0:	4dab      	ldrne	r5, [pc, #684]	@ (10005570 <alarm_pool_irq_handler+0x2d8>)
100052c2:	eb00 0282 	add.w	r2, r0, r2, lsl #2
100052c6:	f853 6022 	ldr.w	r6, [r3, r2, lsl #2]
100052ca:	fa01 fb00 	lsl.w	fp, r1, r0
100052ce:	f505 5341 	add.w	r3, r5, #12352	@ 0x3040
100052d2:	ed9f 8ba3 	vldr	d8, [pc, #652]	@ 10005560 <alarm_pool_irq_handler+0x2c8>
100052d6:	9001      	str	r0, [sp, #4]
100052d8:	f8c3 b004 	str.w	fp, [r3, #4]
100052dc:	e02a      	b.n	10005334 <alarm_pool_irq_handler+0x9c>
100052de:	88b3      	ldrh	r3, [r6, #4]
100052e0:	0419      	lsls	r1, r3, #16
100052e2:	f140 808d 	bpl.w	10005400 <alarm_pool_irq_handler+0x168>
100052e6:	79b3      	ldrb	r3, [r6, #6]
100052e8:	2b00      	cmp	r3, #0
100052ea:	f040 80d7 	bne.w	1000549c <alarm_pool_irq_handler+0x204>
100052ee:	f9b6 2008 	ldrsh.w	r2, [r6, #8]
100052f2:	2a00      	cmp	r2, #0
100052f4:	f2c0 8116 	blt.w	10005524 <alarm_pool_irq_handler+0x28c>
100052f8:	6973      	ldr	r3, [r6, #20]
100052fa:	eb02 0242 	add.w	r2, r2, r2, lsl #1
100052fe:	eb03 03c2 	add.w	r3, r3, r2, lsl #3
10005302:	e9d3 4702 	ldrd	r4, r7, [r3, #8]
10005306:	f1b7 3fff 	cmp.w	r7, #4294967295	@ 0xffffffff
1000530a:	bf08      	it	eq
1000530c:	f1b4 3fff 	cmpeq.w	r4, #4294967295	@ 0xffffffff
10005310:	d009      	beq.n	10005326 <alarm_pool_irq_handler+0x8e>
10005312:	9b01      	ldr	r3, [sp, #4]
10005314:	eb05 0183 	add.w	r1, r5, r3, lsl #2
10005318:	6aab      	ldr	r3, [r5, #40]	@ 0x28
1000531a:	690a      	ldr	r2, [r1, #16]
1000531c:	1ad2      	subs	r2, r2, r3
1000531e:	1ae3      	subs	r3, r4, r3
10005320:	4293      	cmp	r3, r2
10005322:	bf38      	it	cc
10005324:	610c      	strcc	r4, [r1, #16]
10005326:	4628      	mov	r0, r5
10005328:	f000 fad2 	bl	100058d0 <timer_time_us_64>
1000532c:	42a0      	cmp	r0, r4
1000532e:	41b9      	sbcs	r1, r7
10005330:	f2c0 80f8 	blt.w	10005524 <alarm_pool_irq_handler+0x28c>
10005334:	f9b6 3008 	ldrsh.w	r3, [r6, #8]
10005338:	f8c5 b03c 	str.w	fp, [r5, #60]	@ 0x3c
1000533c:	2b00      	cmp	r3, #0
1000533e:	9300      	str	r3, [sp, #0]
10005340:	dbcd      	blt.n	100052de <alarm_pool_irq_handler+0x46>
10005342:	f8d6 9014 	ldr.w	r9, [r6, #20]
10005346:	eb03 0a43 	add.w	sl, r3, r3, lsl #1
1000534a:	4628      	mov	r0, r5
1000534c:	eb09 07ca 	add.w	r7, r9, sl, lsl #3
10005350:	e9d7 4802 	ldrd	r4, r8, [r7, #8]
10005354:	f000 fabc 	bl	100058d0 <timer_time_us_64>
10005358:	42a0      	cmp	r0, r4
1000535a:	eb71 0108 	sbcs.w	r1, r1, r8
1000535e:	dbbe      	blt.n	100052de <alarm_pool_irq_handler+0x46>
10005360:	f1b8 0f00 	cmp.w	r8, #0
10005364:	f2c0 80c0 	blt.w	100054e8 <alarm_pool_irq_handler+0x250>
10005368:	693a      	ldr	r2, [r7, #16]
1000536a:	4b82      	ldr	r3, [pc, #520]	@ (10005574 <alarm_pool_irq_handler+0x2dc>)
1000536c:	429a      	cmp	r2, r3
1000536e:	f000 80ea 	beq.w	10005546 <alarm_pool_irq_handler+0x2ae>
10005372:	8879      	ldrh	r1, [r7, #2]
10005374:	f9b6 0008 	ldrsh.w	r0, [r6, #8]
10005378:	b289      	uxth	r1, r1
1000537a:	ea41 4000 	orr.w	r0, r1, r0, lsl #16
1000537e:	6979      	ldr	r1, [r7, #20]
10005380:	4790      	blx	r2
10005382:	4603      	mov	r3, r0
10005384:	460a      	mov	r2, r1
10005386:	ea53 0102 	orrs.w	r1, r3, r2
1000538a:	f000 80ad 	beq.w	100054e8 <alarm_pool_irq_handler+0x250>
1000538e:	2a00      	cmp	r2, #0
10005390:	f280 80ce 	bge.w	10005530 <alarm_pool_irq_handler+0x298>
10005394:	1ae3      	subs	r3, r4, r3
10005396:	eb68 0802 	sbc.w	r8, r8, r2
1000539a:	f939 203a 	ldrsh.w	r2, [r9, sl, lsl #3]
1000539e:	e9c7 3802 	strd	r3, r8, [r7, #8]
100053a2:	2a00      	cmp	r2, #0
100053a4:	db9b      	blt.n	100052de <alarm_pool_irq_handler+0x46>
100053a6:	6970      	ldr	r0, [r6, #20]
100053a8:	eb02 0142 	add.w	r1, r2, r2, lsl #1
100053ac:	eb00 01c1 	add.w	r1, r0, r1, lsl #3
100053b0:	e9d1 c702 	ldrd	ip, r7, [r1, #8]
100053b4:	4563      	cmp	r3, ip
100053b6:	eb78 0e07 	sbcs.w	lr, r8, r7
100053ba:	ea4f 0142 	mov.w	r1, r2, lsl #1
100053be:	db8e      	blt.n	100052de <alarm_pool_irq_handler+0x46>
100053c0:	46b6      	mov	lr, r6
100053c2:	f82e 2f08 	strh.w	r2, [lr, #8]!
100053c6:	e00b      	b.n	100053e0 <alarm_pool_irq_handler+0x148>
100053c8:	f930 2031 	ldrsh.w	r2, [r0, r1, lsl #3]
100053cc:	46a6      	mov	lr, r4
100053ce:	2a00      	cmp	r2, #0
100053d0:	db0d      	blt.n	100053ee <alarm_pool_irq_handler+0x156>
100053d2:	eb02 0442 	add.w	r4, r2, r2, lsl #1
100053d6:	eb00 04c4 	add.w	r4, r0, r4, lsl #3
100053da:	0051      	lsls	r1, r2, #1
100053dc:	e9d4 c702 	ldrd	ip, r7, [r4, #8]
100053e0:	4563      	cmp	r3, ip
100053e2:	4411      	add	r1, r2
100053e4:	eb78 0707 	sbcs.w	r7, r8, r7
100053e8:	eb00 04c1 	add.w	r4, r0, r1, lsl #3
100053ec:	daec      	bge.n	100053c8 <alarm_pool_irq_handler+0x130>
100053ee:	9b00      	ldr	r3, [sp, #0]
100053f0:	f829 203a 	strh.w	r2, [r9, sl, lsl #3]
100053f4:	f8ae 3000 	strh.w	r3, [lr]
100053f8:	88b3      	ldrh	r3, [r6, #4]
100053fa:	0419      	lsls	r1, r3, #16
100053fc:	f53f af73 	bmi.w	100052e6 <alarm_pool_irq_handler+0x4e>
10005400:	6933      	ldr	r3, [r6, #16]
10005402:	f3ef 8210 	mrs	r2, PRIMASK
10005406:	b672      	cpsid	i
10005408:	e8d3 0fcf 	ldaexb	r0, [r3]
1000540c:	2101      	movs	r1, #1
1000540e:	2800      	cmp	r0, #0
10005410:	d1fa      	bne.n	10005408 <alarm_pool_irq_handler+0x170>
10005412:	e8c3 1f40 	strexb	r0, r1, [r3]
10005416:	2800      	cmp	r0, #0
10005418:	d1f6      	bne.n	10005408 <alarm_pool_irq_handler+0x170>
1000541a:	f3bf 8f5f 	dmb	sy
1000541e:	f64f 74ff 	movw	r4, #65535	@ 0xffff
10005422:	88b0      	ldrh	r0, [r6, #4]
10005424:	2300      	movs	r3, #0
10005426:	6931      	ldr	r1, [r6, #16]
10005428:	b200      	sxth	r0, r0
1000542a:	80b4      	strh	r4, [r6, #4]
1000542c:	e8c1 3f8f 	stlb	r3, [r1]
10005430:	f382 8810 	msr	PRIMASK, r2
10005434:	4298      	cmp	r0, r3
10005436:	f6ff af56 	blt.w	100052e6 <alarm_pool_irq_handler+0x4e>
1000543a:	4607      	mov	r7, r0
1000543c:	46a9      	mov	r9, r5
1000543e:	6974      	ldr	r4, [r6, #20]
10005440:	f106 0808 	add.w	r8, r6, #8
10005444:	eb07 0e47 	add.w	lr, r7, r7, lsl #1
10005448:	eb04 03ce 	add.w	r3, r4, lr, lsl #3
1000544c:	e9d3 0502 	ldrd	r0, r5, [r3, #8]
10005450:	f9b6 3008 	ldrsh.w	r3, [r6, #8]
10005454:	46c4      	mov	ip, r8
10005456:	2b00      	cmp	r3, #0
10005458:	db13      	blt.n	10005482 <alarm_pool_irq_handler+0x1ea>
1000545a:	46b2      	mov	sl, r6
1000545c:	9700      	str	r7, [sp, #0]
1000545e:	e004      	b.n	1000546a <alarm_pool_irq_handler+0x1d2>
10005460:	f934 3036 	ldrsh.w	r3, [r4, r6, lsl #3]
10005464:	4694      	mov	ip, r2
10005466:	2b00      	cmp	r3, #0
10005468:	db09      	blt.n	1000547e <alarm_pool_irq_handler+0x1e6>
1000546a:	eb03 0643 	add.w	r6, r3, r3, lsl #1
1000546e:	eb04 02c6 	add.w	r2, r4, r6, lsl #3
10005472:	e9d2 7102 	ldrd	r7, r1, [r2, #8]
10005476:	42b8      	cmp	r0, r7
10005478:	eb75 0101 	sbcs.w	r1, r5, r1
1000547c:	daf0      	bge.n	10005460 <alarm_pool_irq_handler+0x1c8>
1000547e:	4656      	mov	r6, sl
10005480:	9f00      	ldr	r7, [sp, #0]
10005482:	f8ac 7000 	strh.w	r7, [ip]
10005486:	f934 703e 	ldrsh.w	r7, [r4, lr, lsl #3]
1000548a:	f824 303e 	strh.w	r3, [r4, lr, lsl #3]
1000548e:	2f00      	cmp	r7, #0
10005490:	dad8      	bge.n	10005444 <alarm_pool_irq_handler+0x1ac>
10005492:	79b3      	ldrb	r3, [r6, #6]
10005494:	464d      	mov	r5, r9
10005496:	2b00      	cmp	r3, #0
10005498:	f43f af29 	beq.w	100052ee <alarm_pool_irq_handler+0x56>
1000549c:	2300      	movs	r3, #0
1000549e:	71b3      	strb	r3, [r6, #6]
100054a0:	f9b6 3008 	ldrsh.w	r3, [r6, #8]
100054a4:	f106 0e08 	add.w	lr, r6, #8
100054a8:	1c5a      	adds	r2, r3, #1
100054aa:	d03b      	beq.n	10005524 <alarm_pool_irq_handler+0x28c>
100054ac:	461a      	mov	r2, r3
100054ae:	6974      	ldr	r4, [r6, #20]
100054b0:	e003      	b.n	100054ba <alarm_pool_irq_handler+0x222>
100054b2:	4686      	mov	lr, r0
100054b4:	1c59      	adds	r1, r3, #1
100054b6:	f43f af1c 	beq.w	100052f2 <alarm_pool_irq_handler+0x5a>
100054ba:	eb03 0143 	add.w	r1, r3, r3, lsl #1
100054be:	eb04 00c1 	add.w	r0, r4, r1, lsl #3
100054c2:	8847      	ldrh	r7, [r0, #2]
100054c4:	469c      	mov	ip, r3
100054c6:	043f      	lsls	r7, r7, #16
100054c8:	f934 3031 	ldrsh.w	r3, [r4, r1, lsl #3]
100054cc:	d5f1      	bpl.n	100054b2 <alarm_pool_irq_handler+0x21a>
100054ce:	4594      	cmp	ip, r2
100054d0:	ed80 8b02 	vstr	d8, [r0, #8]
100054d4:	d0ee      	beq.n	100054b4 <alarm_pool_irq_handler+0x21c>
100054d6:	f8ae 3000 	strh.w	r3, [lr]
100054da:	8932      	ldrh	r2, [r6, #8]
100054dc:	f824 2031 	strh.w	r2, [r4, r1, lsl #3]
100054e0:	4662      	mov	r2, ip
100054e2:	f8a6 c008 	strh.w	ip, [r6, #8]
100054e6:	e7e5      	b.n	100054b4 <alarm_pool_irq_handler+0x21c>
100054e8:	f839 203a 	ldrh.w	r2, [r9, sl, lsl #3]
100054ec:	8132      	strh	r2, [r6, #8]
100054ee:	6932      	ldr	r2, [r6, #16]
100054f0:	f3ef 8110 	mrs	r1, PRIMASK
100054f4:	b672      	cpsid	i
100054f6:	e8d2 7fcf 	ldaexb	r7, [r2]
100054fa:	2001      	movs	r0, #1
100054fc:	2f00      	cmp	r7, #0
100054fe:	d1fa      	bne.n	100054f6 <alarm_pool_irq_handler+0x25e>
10005500:	e8c2 0f47 	strexb	r7, r0, [r2]
10005504:	2f00      	cmp	r7, #0
10005506:	d1f6      	bne.n	100054f6 <alarm_pool_irq_handler+0x25e>
10005508:	f3bf 8f5f 	dmb	sy
1000550c:	8872      	ldrh	r2, [r6, #2]
1000550e:	9b00      	ldr	r3, [sp, #0]
10005510:	f829 203a 	strh.w	r2, [r9, sl, lsl #3]
10005514:	8073      	strh	r3, [r6, #2]
10005516:	6932      	ldr	r2, [r6, #16]
10005518:	2300      	movs	r3, #0
1000551a:	e8c2 3f8f 	stlb	r3, [r2]
1000551e:	f381 8810 	msr	PRIMASK, r1
10005522:	e6dc      	b.n	100052de <alarm_pool_irq_handler+0x46>
10005524:	bf40      	sev
10005526:	b005      	add	sp, #20
10005528:	ecbd 8b02 	vpop	{d8}
1000552c:	e8bd 8ff0 	ldmia.w	sp!, {r4, r5, r6, r7, r8, r9, sl, fp, pc}
10005530:	4628      	mov	r0, r5
10005532:	e9cd 3202 	strd	r3, r2, [sp, #8]
10005536:	f000 f9cb 	bl	100058d0 <timer_time_us_64>
1000553a:	9b02      	ldr	r3, [sp, #8]
1000553c:	9a03      	ldr	r2, [sp, #12]
1000553e:	18c3      	adds	r3, r0, r3
10005540:	eb42 0801 	adc.w	r8, r2, r1
10005544:	e729      	b.n	1000539a <alarm_pool_irq_handler+0x102>
10005546:	6979      	ldr	r1, [r7, #20]
10005548:	4608      	mov	r0, r1
1000554a:	690a      	ldr	r2, [r1, #16]
1000554c:	9102      	str	r1, [sp, #8]
1000554e:	4790      	blx	r2
10005550:	2800      	cmp	r0, #0
10005552:	d0c9      	beq.n	100054e8 <alarm_pool_irq_handler+0x250>
10005554:	9902      	ldr	r1, [sp, #8]
10005556:	e9d1 3200 	ldrd	r3, r2, [r1]
1000555a:	e714      	b.n	10005386 <alarm_pool_irq_handler+0xee>
1000555c:	f3af 8000 	nop.w
10005560:	ffffffff 	.word	0xffffffff
10005564:	ffffffff 	.word	0xffffffff
10005568:	400b0000 	.word	0x400b0000
1000556c:	20000908 	.word	0x20000908
10005570:	400b8000 	.word	0x400b8000
10005574:	10005299 	.word	0x10005299

10005578 <sleep_until_callback>:
10005578:	480b      	ldr	r0, [pc, #44]	@ (100055a8 <sleep_until_callback+0x30>)
1000557a:	b508      	push	{r3, lr}
1000557c:	6803      	ldr	r3, [r0, #0]
1000557e:	f3ef 8110 	mrs	r1, PRIMASK
10005582:	b672      	cpsid	i
10005584:	e8d3 cfcf 	ldaexb	ip, [r3]
10005588:	2201      	movs	r2, #1
1000558a:	f1bc 0f00 	cmp.w	ip, #0
1000558e:	d1f9      	bne.n	10005584 <sleep_until_callback+0xc>
10005590:	e8c3 2f4c 	strexb	ip, r2, [r3]
10005594:	f1bc 0f00 	cmp.w	ip, #0
10005598:	d1f4      	bne.n	10005584 <sleep_until_callback+0xc>
1000559a:	f3bf 8f5f 	dmb	sy
1000559e:	f7fb feb5 	bl	1000130c <vPortLockInternalSpinUnlockWithNotify>
100055a2:	2000      	movs	r0, #0
100055a4:	2100      	movs	r1, #0
100055a6:	bd08      	pop	{r3, pc}
100055a8:	20000bc4 	.word	0x20000bc4

100055ac <runtime_init_default_alarm_pool>:
100055ac:	e92d 4ff8 	stmdb	sp!, {r3, r4, r5, r6, r7, r8, r9, sl, fp, lr}
100055b0:	4c36      	ldr	r4, [pc, #216]	@ (1000568c <runtime_init_default_alarm_pool+0xe0>)
100055b2:	6925      	ldr	r5, [r4, #16]
100055b4:	b12d      	cbz	r5, 100055c2 <runtime_init_default_alarm_pool+0x16>
100055b6:	e8bd 4ff8 	ldmia.w	sp!, {r3, r4, r5, r6, r7, r8, r9, sl, fp, lr}
100055ba:	210a      	movs	r1, #10
100055bc:	4834      	ldr	r0, [pc, #208]	@ (10005690 <runtime_init_default_alarm_pool+0xe4>)
100055be:	f7ff be31 	b.w	10005224 <lock_init>
100055c2:	f8df 80e4 	ldr.w	r8, [pc, #228]	@ 100056a8 <runtime_init_default_alarm_pool+0xfc>
100055c6:	2103      	movs	r1, #3
100055c8:	4640      	mov	r0, r8
100055ca:	f000 f96f 	bl	100058ac <timer_hardware_alarm_claim>
100055ce:	2603      	movs	r6, #3
100055d0:	f8c4 800c 	str.w	r8, [r4, #12]
100055d4:	f7ff fbd4 	bl	10004d80 <next_striped_spin_lock_num>
100055d8:	f04f 4c50 	mov.w	ip, #3489660928	@ 0xd0000000
100055dc:	4b2d      	ldr	r3, [pc, #180]	@ (10005694 <runtime_init_default_alarm_pool+0xe8>)
100055de:	7026      	strb	r6, [r4, #0]
100055e0:	4403      	add	r3, r0
100055e2:	6123      	str	r3, [r4, #16]
100055e4:	f8dc 3000 	ldr.w	r3, [ip]
100055e8:	210f      	movs	r1, #15
100055ea:	7063      	strb	r3, [r4, #1]
100055ec:	6963      	ldr	r3, [r4, #20]
100055ee:	8061      	strh	r1, [r4, #2]
100055f0:	831d      	strh	r5, [r3, #24]
100055f2:	f04f 0504 	mov.w	r5, #4
100055f6:	f8a3 5078 	strh.w	r5, [r3, #120]	@ 0x78
100055fa:	f04f 0505 	mov.w	r5, #5
100055fe:	f8a3 5090 	strh.w	r5, [r3, #144]	@ 0x90
10005602:	f04f 0506 	mov.w	r5, #6
10005606:	f8a3 50a8 	strh.w	r5, [r3, #168]	@ 0xa8
1000560a:	f04f 0507 	mov.w	r5, #7
1000560e:	210e      	movs	r1, #14
10005610:	2708      	movs	r7, #8
10005612:	f64f 72ff 	movw	r2, #65535	@ 0xffff
10005616:	f04f 0e0a 	mov.w	lr, #10
1000561a:	f8a3 50c0 	strh.w	r5, [r3, #192]	@ 0xc0
1000561e:	f04f 0901 	mov.w	r9, #1
10005622:	f04f 0c0c 	mov.w	ip, #12
10005626:	f04f 0b02 	mov.w	fp, #2
1000562a:	f04f 0a09 	mov.w	sl, #9
1000562e:	200d      	movs	r0, #13
10005630:	f04f 050b 	mov.w	r5, #11
10005634:	f8a3 1168 	strh.w	r1, [r3, #360]	@ 0x168
10005638:	4917      	ldr	r1, [pc, #92]	@ (10005698 <runtime_init_default_alarm_pool+0xec>)
1000563a:	80a2      	strh	r2, [r4, #4]
1000563c:	f8a3 e108 	strh.w	lr, [r3, #264]	@ 0x108
10005640:	60a1      	str	r1, [r4, #8]
10005642:	f8a3 b048 	strh.w	fp, [r3, #72]	@ 0x48
10005646:	f8a3 a0f0 	strh.w	sl, [r3, #240]	@ 0xf0
1000564a:	f8a3 5120 	strh.w	r5, [r3, #288]	@ 0x120
1000564e:	f8a3 c138 	strh.w	ip, [r3, #312]	@ 0x138
10005652:	f8a3 0150 	strh.w	r0, [r3, #336]	@ 0x150
10005656:	f8a3 9030 	strh.w	r9, [r3, #48]	@ 0x30
1000565a:	f8a3 6060 	strh.w	r6, [r3, #96]	@ 0x60
1000565e:	f8a3 70d8 	strh.w	r7, [r3, #216]	@ 0xd8
10005662:	801a      	strh	r2, [r3, #0]
10005664:	4b0d      	ldr	r3, [pc, #52]	@ (1000569c <runtime_init_default_alarm_pool+0xf0>)
10005666:	4630      	mov	r0, r6
10005668:	f8c8 7020 	str.w	r7, [r8, #32]
1000566c:	490c      	ldr	r1, [pc, #48]	@ (100056a0 <runtime_init_default_alarm_pool+0xf4>)
1000566e:	60dc      	str	r4, [r3, #12]
10005670:	f7ff fc38 	bl	10004ee4 <irq_set_exclusive_handler>
10005674:	4649      	mov	r1, r9
10005676:	4630      	mov	r0, r6
10005678:	f7ff fc0e 	bl	10004e98 <irq_set_enabled>
1000567c:	4b09      	ldr	r3, [pc, #36]	@ (100056a4 <runtime_init_default_alarm_pool+0xf8>)
1000567e:	210a      	movs	r1, #10
10005680:	641f      	str	r7, [r3, #64]	@ 0x40
10005682:	4803      	ldr	r0, [pc, #12]	@ (10005690 <runtime_init_default_alarm_pool+0xe4>)
10005684:	e8bd 4ff8 	ldmia.w	sp!, {r3, r4, r5, r6, r7, r8, r9, sl, fp, lr}
10005688:	f7ff bdcc 	b.w	10005224 <lock_init>
1000568c:	20000644 	.word	0x20000644
10005690:	20000bc4 	.word	0x20000bc4
10005694:	2000089c 	.word	0x2000089c
10005698:	0010ffff 	.word	0x0010ffff
1000569c:	20000908 	.word	0x20000908
100056a0:	10005299 	.word	0x10005299
100056a4:	400b2000 	.word	0x400b2000
100056a8:	400b0000 	.word	0x400b0000

100056ac <alarm_pool_add_alarm_at_force_in_context>:
100056ac:	4601      	mov	r1, r0
100056ae:	b5f0      	push	{r4, r5, r6, r7, lr}
100056b0:	6900      	ldr	r0, [r0, #16]
100056b2:	f3ef 8710 	mrs	r7, PRIMASK
100056b6:	b672      	cpsid	i
100056b8:	e8d0 5fcf 	ldaexb	r5, [r0]
100056bc:	2401      	movs	r4, #1
100056be:	2d00      	cmp	r5, #0
100056c0:	d1fa      	bne.n	100056b8 <alarm_pool_add_alarm_at_force_in_context+0xc>
100056c2:	e8c0 4f45 	strexb	r5, r4, [r0]
100056c6:	2d00      	cmp	r5, #0
100056c8:	d1f6      	bne.n	100056b8 <alarm_pool_add_alarm_at_force_in_context+0xc>
100056ca:	f3bf 8f5f 	dmb	sy
100056ce:	f9b1 e002 	ldrsh.w	lr, [r1, #2]
100056d2:	694c      	ldr	r4, [r1, #20]
100056d4:	eb0e 0c4e 	add.w	ip, lr, lr, lsl #1
100056d8:	f1be 0f00 	cmp.w	lr, #0
100056dc:	ea4f 05cc 	mov.w	r5, ip, lsl #3
100056e0:	eb04 0ccc 	add.w	ip, r4, ip, lsl #3
100056e4:	db3d      	blt.n	10005762 <alarm_pool_add_alarm_at_force_in_context+0xb6>
100056e6:	5b60      	ldrh	r0, [r4, r5]
100056e8:	2600      	movs	r6, #0
100056ea:	8048      	strh	r0, [r1, #2]
100056ec:	6908      	ldr	r0, [r1, #16]
100056ee:	e8c0 6f8f 	stlb	r6, [r0]
100056f2:	f387 8810 	msr	PRIMASK, r7
100056f6:	f8bc 0002 	ldrh.w	r0, [ip, #2]
100056fa:	e9cc 2302 	strd	r2, r3, [ip, #8]
100056fe:	3001      	adds	r0, #1
10005700:	f3c0 000e 	ubfx	r0, r0, #0, #15
10005704:	2801      	cmp	r0, #1
10005706:	bf38      	it	cc
10005708:	2001      	movcc	r0, #1
1000570a:	9b05      	ldr	r3, [sp, #20]
1000570c:	f8ac 0002 	strh.w	r0, [ip, #2]
10005710:	f8cc 3010 	str.w	r3, [ip, #16]
10005714:	9b06      	ldr	r3, [sp, #24]
10005716:	ea40 400e 	orr.w	r0, r0, lr, lsl #16
1000571a:	f8cc 3014 	str.w	r3, [ip, #20]
1000571e:	690b      	ldr	r3, [r1, #16]
10005720:	f3ef 8210 	mrs	r2, PRIMASK
10005724:	b672      	cpsid	i
10005726:	e8d3 cfcf 	ldaexb	ip, [r3]
1000572a:	2701      	movs	r7, #1
1000572c:	f1bc 0f00 	cmp.w	ip, #0
10005730:	d1f9      	bne.n	10005726 <alarm_pool_add_alarm_at_force_in_context+0x7a>
10005732:	e8c3 7f4c 	strexb	ip, r7, [r3]
10005736:	f1bc 0f00 	cmp.w	ip, #0
1000573a:	d1f4      	bne.n	10005726 <alarm_pool_add_alarm_at_force_in_context+0x7a>
1000573c:	f3bf 8f5f 	dmb	sy
10005740:	888b      	ldrh	r3, [r1, #4]
10005742:	5363      	strh	r3, [r4, r5]
10005744:	f8a1 e004 	strh.w	lr, [r1, #4]
10005748:	690b      	ldr	r3, [r1, #16]
1000574a:	e8c3 6f8f 	stlb	r6, [r3]
1000574e:	f382 8810 	msr	PRIMASK, r2
10005752:	2201      	movs	r2, #1
10005754:	68cb      	ldr	r3, [r1, #12]
10005756:	7809      	ldrb	r1, [r1, #0]
10005758:	f503 5301 	add.w	r3, r3, #8256	@ 0x2040
1000575c:	408a      	lsls	r2, r1
1000575e:	605a      	str	r2, [r3, #4]
10005760:	bdf0      	pop	{r4, r5, r6, r7, pc}
10005762:	2300      	movs	r3, #0
10005764:	690a      	ldr	r2, [r1, #16]
10005766:	e8c2 3f8f 	stlb	r3, [r2]
1000576a:	f387 8810 	msr	PRIMASK, r7
1000576e:	f04f 30ff 	mov.w	r0, #4294967295	@ 0xffffffff
10005772:	bdf0      	pop	{r4, r5, r6, r7, pc}

10005774 <alarm_pool_cancel_alarm>:
10005774:	4603      	mov	r3, r0
10005776:	8940      	ldrh	r0, [r0, #10]
10005778:	ebb0 4f21 	cmp.w	r0, r1, asr #16
1000577c:	dd37      	ble.n	100057ee <alarm_pool_cancel_alarm+0x7a>
1000577e:	6958      	ldr	r0, [r3, #20]
10005780:	140a      	asrs	r2, r1, #16
10005782:	eb02 0242 	add.w	r2, r2, r2, lsl #1
10005786:	b510      	push	{r4, lr}
10005788:	eb00 00c2 	add.w	r0, r0, r2, lsl #3
1000578c:	691c      	ldr	r4, [r3, #16]
1000578e:	f3ef 8c10 	mrs	ip, PRIMASK
10005792:	b672      	cpsid	i
10005794:	e8d4 efcf 	ldaexb	lr, [r4]
10005798:	2201      	movs	r2, #1
1000579a:	f1be 0f00 	cmp.w	lr, #0
1000579e:	d1f9      	bne.n	10005794 <alarm_pool_cancel_alarm+0x20>
100057a0:	e8c4 2f4e 	strexb	lr, r2, [r4]
100057a4:	f1be 0f00 	cmp.w	lr, #0
100057a8:	d1f4      	bne.n	10005794 <alarm_pool_cancel_alarm+0x20>
100057aa:	f3bf 8f5f 	dmb	sy
100057ae:	8842      	ldrh	r2, [r0, #2]
100057b0:	b289      	uxth	r1, r1
100057b2:	b292      	uxth	r2, r2
100057b4:	428a      	cmp	r2, r1
100057b6:	d007      	beq.n	100057c8 <alarm_pool_cancel_alarm+0x54>
100057b8:	2200      	movs	r2, #0
100057ba:	691b      	ldr	r3, [r3, #16]
100057bc:	e8c3 2f8f 	stlb	r2, [r3]
100057c0:	f38c 8810 	msr	PRIMASK, ip
100057c4:	2000      	movs	r0, #0
100057c6:	bd10      	pop	{r4, pc}
100057c8:	f442 4200 	orr.w	r2, r2, #32768	@ 0x8000
100057cc:	8042      	strh	r2, [r0, #2]
100057ce:	2101      	movs	r1, #1
100057d0:	2200      	movs	r2, #0
100057d2:	6918      	ldr	r0, [r3, #16]
100057d4:	7199      	strb	r1, [r3, #6]
100057d6:	e8c0 2f8f 	stlb	r2, [r0]
100057da:	f38c 8810 	msr	PRIMASK, ip
100057de:	781c      	ldrb	r4, [r3, #0]
100057e0:	68da      	ldr	r2, [r3, #12]
100057e2:	4608      	mov	r0, r1
100057e4:	f502 5301 	add.w	r3, r2, #8256	@ 0x2040
100057e8:	40a1      	lsls	r1, r4
100057ea:	6059      	str	r1, [r3, #4]
100057ec:	bd10      	pop	{r4, pc}
100057ee:	2000      	movs	r0, #0
100057f0:	4770      	bx	lr
100057f2:	bf00      	nop

100057f4 <best_effort_wfe_or_timeout>:
100057f4:	b5f0      	push	{r4, r5, r6, r7, lr}
100057f6:	4606      	mov	r6, r0
100057f8:	460d      	mov	r5, r1
100057fa:	b083      	sub	sp, #12
100057fc:	f3ef 8405 	mrs	r4, IPSR
10005800:	b2e4      	uxtb	r4, r4
10005802:	2c00      	cmp	r4, #0
10005804:	d135      	bne.n	10005872 <best_effort_wfe_or_timeout+0x7e>
10005806:	4f26      	ldr	r7, [pc, #152]	@ (100058a0 <best_effort_wfe_or_timeout+0xac>)
10005808:	783a      	ldrb	r2, [r7, #0]
1000580a:	68f9      	ldr	r1, [r7, #12]
1000580c:	3204      	adds	r2, #4
1000580e:	6a8b      	ldr	r3, [r1, #40]	@ 0x28
10005810:	f851 2022 	ldr.w	r2, [r1, r2, lsl #2]
10005814:	1ad2      	subs	r2, r2, r3
10005816:	1ac3      	subs	r3, r0, r3
10005818:	4293      	cmp	r3, r2
1000581a:	d307      	bcc.n	1000582c <best_effort_wfe_or_timeout+0x38>
1000581c:	bf20      	wfe
1000581e:	4b21      	ldr	r3, [pc, #132]	@ (100058a4 <best_effort_wfe_or_timeout+0xb0>)
10005820:	6a58      	ldr	r0, [r3, #36]	@ 0x24
10005822:	4285      	cmp	r5, r0
10005824:	d91f      	bls.n	10005866 <best_effort_wfe_or_timeout+0x72>
10005826:	2000      	movs	r0, #0
10005828:	b003      	add	sp, #12
1000582a:	bdf0      	pop	{r4, r5, r6, r7, pc}
1000582c:	f000 f858 	bl	100058e0 <time_us_64>
10005830:	4286      	cmp	r6, r0
10005832:	eb65 0101 	sbc.w	r1, r5, r1
10005836:	2900      	cmp	r1, #0
10005838:	db11      	blt.n	1000585e <best_effort_wfe_or_timeout+0x6a>
1000583a:	4b1b      	ldr	r3, [pc, #108]	@ (100058a8 <best_effort_wfe_or_timeout+0xb4>)
1000583c:	4638      	mov	r0, r7
1000583e:	e9cd 3400 	strd	r3, r4, [sp]
10005842:	4632      	mov	r2, r6
10005844:	462b      	mov	r3, r5
10005846:	f7ff ff31 	bl	100056ac <alarm_pool_add_alarm_at_force_in_context>
1000584a:	1e01      	subs	r1, r0, #0
1000584c:	dd07      	ble.n	1000585e <best_effort_wfe_or_timeout+0x6a>
1000584e:	4b15      	ldr	r3, [pc, #84]	@ (100058a4 <best_effort_wfe_or_timeout+0xb0>)
10005850:	6a5a      	ldr	r2, [r3, #36]	@ 0x24
10005852:	4295      	cmp	r5, r2
10005854:	d91d      	bls.n	10005892 <best_effort_wfe_or_timeout+0x9e>
10005856:	bf20      	wfe
10005858:	4811      	ldr	r0, [pc, #68]	@ (100058a0 <best_effort_wfe_or_timeout+0xac>)
1000585a:	f7ff ff8b 	bl	10005774 <alarm_pool_cancel_alarm>
1000585e:	4b11      	ldr	r3, [pc, #68]	@ (100058a4 <best_effort_wfe_or_timeout+0xb0>)
10005860:	6a58      	ldr	r0, [r3, #36]	@ 0x24
10005862:	4285      	cmp	r5, r0
10005864:	d8df      	bhi.n	10005826 <best_effort_wfe_or_timeout+0x32>
10005866:	6a9b      	ldr	r3, [r3, #40]	@ 0x28
10005868:	429e      	cmp	r6, r3
1000586a:	d80d      	bhi.n	10005888 <best_effort_wfe_or_timeout+0x94>
1000586c:	2001      	movs	r0, #1
1000586e:	b003      	add	sp, #12
10005870:	bdf0      	pop	{r4, r5, r6, r7, pc}
10005872:	4b0c      	ldr	r3, [pc, #48]	@ (100058a4 <best_effort_wfe_or_timeout+0xb0>)
10005874:	6a58      	ldr	r0, [r3, #36]	@ 0x24
10005876:	4288      	cmp	r0, r1
10005878:	d3d5      	bcc.n	10005826 <best_effort_wfe_or_timeout+0x32>
1000587a:	6a9b      	ldr	r3, [r3, #40]	@ 0x28
1000587c:	42b3      	cmp	r3, r6
1000587e:	d2f5      	bcs.n	1000586c <best_effort_wfe_or_timeout+0x78>
10005880:	1a40      	subs	r0, r0, r1
10005882:	bf18      	it	ne
10005884:	2001      	movne	r0, #1
10005886:	e7cf      	b.n	10005828 <best_effort_wfe_or_timeout+0x34>
10005888:	1a28      	subs	r0, r5, r0
1000588a:	bf18      	it	ne
1000588c:	2001      	movne	r0, #1
1000588e:	b003      	add	sp, #12
10005890:	bdf0      	pop	{r4, r5, r6, r7, pc}
10005892:	6a9b      	ldr	r3, [r3, #40]	@ 0x28
10005894:	429e      	cmp	r6, r3
10005896:	d9df      	bls.n	10005858 <best_effort_wfe_or_timeout+0x64>
10005898:	4295      	cmp	r5, r2
1000589a:	d1dd      	bne.n	10005858 <best_effort_wfe_or_timeout+0x64>
1000589c:	e7db      	b.n	10005856 <best_effort_wfe_or_timeout+0x62>
1000589e:	bf00      	nop
100058a0:	20000644 	.word	0x20000644
100058a4:	400b0000 	.word	0x400b0000
100058a8:	10005579 	.word	0x10005579

100058ac <timer_hardware_alarm_claim>:
100058ac:	b410      	push	{r4}
100058ae:	4b05      	ldr	r3, [pc, #20]	@ (100058c4 <timer_hardware_alarm_claim+0x18>)
100058b0:	4c05      	ldr	r4, [pc, #20]	@ (100058c8 <timer_hardware_alarm_claim+0x1c>)
100058b2:	4a06      	ldr	r2, [pc, #24]	@ (100058cc <timer_hardware_alarm_claim+0x20>)
100058b4:	42a0      	cmp	r0, r4
100058b6:	bf14      	ite	ne
100058b8:	4618      	movne	r0, r3
100058ba:	1c58      	addeq	r0, r3, #1
100058bc:	f85d 4b04 	ldr.w	r4, [sp], #4
100058c0:	f7ff ba32 	b.w	10004d28 <hw_claim_or_assert>
100058c4:	200008c8 	.word	0x200008c8
100058c8:	400b8000 	.word	0x400b8000
100058cc:	100082a8 	.word	0x100082a8

100058d0 <timer_time_us_64>:
100058d0:	4603      	mov	r3, r0
100058d2:	6a41      	ldr	r1, [r0, #36]	@ 0x24
100058d4:	460a      	mov	r2, r1
100058d6:	6a98      	ldr	r0, [r3, #40]	@ 0x28
100058d8:	6a59      	ldr	r1, [r3, #36]	@ 0x24
100058da:	428a      	cmp	r2, r1
100058dc:	d1fa      	bne.n	100058d4 <timer_time_us_64+0x4>
100058de:	4770      	bx	lr

100058e0 <time_us_64>:
100058e0:	4b03      	ldr	r3, [pc, #12]	@ (100058f0 <time_us_64+0x10>)
100058e2:	6a59      	ldr	r1, [r3, #36]	@ 0x24
100058e4:	460a      	mov	r2, r1
100058e6:	6a98      	ldr	r0, [r3, #40]	@ 0x28
100058e8:	6a59      	ldr	r1, [r3, #36]	@ 0x24
100058ea:	4291      	cmp	r1, r2
100058ec:	d1fa      	bne.n	100058e4 <time_us_64+0x4>
100058ee:	4770      	bx	lr
100058f0:	400b0000 	.word	0x400b0000

100058f4 <busy_wait_us>:
100058f4:	b430      	push	{r4, r5}
100058f6:	4a15      	ldr	r2, [pc, #84]	@ (1000594c <busy_wait_us+0x58>)
100058f8:	6a53      	ldr	r3, [r2, #36]	@ 0x24
100058fa:	469c      	mov	ip, r3
100058fc:	6a94      	ldr	r4, [r2, #40]	@ 0x28
100058fe:	6a53      	ldr	r3, [r2, #36]	@ 0x24
10005900:	4563      	cmp	r3, ip
10005902:	d1fa      	bne.n	100058fa <busy_wait_us+0x6>
10005904:	1902      	adds	r2, r0, r4
10005906:	4159      	adcs	r1, r3
10005908:	f04f 0500 	mov.w	r5, #0
1000590c:	bf28      	it	cs
1000590e:	2501      	movcs	r5, #1
10005910:	4b0e      	ldr	r3, [pc, #56]	@ (1000594c <busy_wait_us+0x58>)
10005912:	6a5b      	ldr	r3, [r3, #36]	@ 0x24
10005914:	b1b5      	cbz	r5, 10005944 <busy_wait_us+0x50>
10005916:	1c5a      	adds	r2, r3, #1
10005918:	bf08      	it	eq
1000591a:	461a      	moveq	r2, r3
1000591c:	d008      	beq.n	10005930 <busy_wait_us+0x3c>
1000591e:	f04f 31ff 	mov.w	r1, #4294967295	@ 0xffffffff
10005922:	460a      	mov	r2, r1
10005924:	4809      	ldr	r0, [pc, #36]	@ (1000594c <busy_wait_us+0x58>)
10005926:	6a43      	ldr	r3, [r0, #36]	@ 0x24
10005928:	428b      	cmp	r3, r1
1000592a:	d3fc      	bcc.n	10005926 <busy_wait_us+0x32>
1000592c:	428b      	cmp	r3, r1
1000592e:	d107      	bne.n	10005940 <busy_wait_us+0x4c>
10005930:	4906      	ldr	r1, [pc, #24]	@ (1000594c <busy_wait_us+0x58>)
10005932:	e002      	b.n	1000593a <busy_wait_us+0x46>
10005934:	6a48      	ldr	r0, [r1, #36]	@ 0x24
10005936:	4298      	cmp	r0, r3
10005938:	d102      	bne.n	10005940 <busy_wait_us+0x4c>
1000593a:	6a88      	ldr	r0, [r1, #40]	@ 0x28
1000593c:	4290      	cmp	r0, r2
1000593e:	d3f9      	bcc.n	10005934 <busy_wait_us+0x40>
10005940:	bc30      	pop	{r4, r5}
10005942:	4770      	bx	lr
10005944:	4299      	cmp	r1, r3
10005946:	d8ed      	bhi.n	10005924 <busy_wait_us+0x30>
10005948:	e7f0      	b.n	1000592c <busy_wait_us+0x38>
1000594a:	bf00      	nop
1000594c:	400b0000 	.word	0x400b0000

10005950 <busy_wait_ms>:
10005950:	4b1f      	ldr	r3, [pc, #124]	@ (100059d0 <busy_wait_ms+0x80>)
10005952:	4298      	cmp	r0, r3
10005954:	d80a      	bhi.n	1000596c <busy_wait_ms+0x1c>
10005956:	f44f 737a 	mov.w	r3, #1000	@ 0x3e8
1000595a:	4a1e      	ldr	r2, [pc, #120]	@ (100059d4 <busy_wait_ms+0x84>)
1000595c:	fb03 f000 	mul.w	r0, r3, r0
10005960:	6a91      	ldr	r1, [r2, #40]	@ 0x28
10005962:	6a93      	ldr	r3, [r2, #40]	@ 0x28
10005964:	1a5b      	subs	r3, r3, r1
10005966:	4298      	cmp	r0, r3
10005968:	d8fb      	bhi.n	10005962 <busy_wait_ms+0x12>
1000596a:	4770      	bx	lr
1000596c:	f44f 717a 	mov.w	r1, #1000	@ 0x3e8
10005970:	b430      	push	{r4, r5}
10005972:	4b18      	ldr	r3, [pc, #96]	@ (100059d4 <busy_wait_ms+0x84>)
10005974:	fba0 0101 	umull	r0, r1, r0, r1
10005978:	6a5a      	ldr	r2, [r3, #36]	@ 0x24
1000597a:	4694      	mov	ip, r2
1000597c:	6a9c      	ldr	r4, [r3, #40]	@ 0x28
1000597e:	6a5a      	ldr	r2, [r3, #36]	@ 0x24
10005980:	4562      	cmp	r2, ip
10005982:	d1fa      	bne.n	1000597a <busy_wait_ms+0x2a>
10005984:	1903      	adds	r3, r0, r4
10005986:	414a      	adcs	r2, r1
10005988:	f04f 0500 	mov.w	r5, #0
1000598c:	bf28      	it	cs
1000598e:	2501      	movcs	r5, #1
10005990:	b99d      	cbnz	r5, 100059ba <busy_wait_ms+0x6a>
10005992:	4910      	ldr	r1, [pc, #64]	@ (100059d4 <busy_wait_ms+0x84>)
10005994:	6a49      	ldr	r1, [r1, #36]	@ 0x24
10005996:	428a      	cmp	r2, r1
10005998:	d903      	bls.n	100059a2 <busy_wait_ms+0x52>
1000599a:	480e      	ldr	r0, [pc, #56]	@ (100059d4 <busy_wait_ms+0x84>)
1000599c:	6a41      	ldr	r1, [r0, #36]	@ 0x24
1000599e:	4291      	cmp	r1, r2
100059a0:	d3fc      	bcc.n	1000599c <busy_wait_ms+0x4c>
100059a2:	4291      	cmp	r1, r2
100059a4:	d107      	bne.n	100059b6 <busy_wait_ms+0x66>
100059a6:	490b      	ldr	r1, [pc, #44]	@ (100059d4 <busy_wait_ms+0x84>)
100059a8:	e002      	b.n	100059b0 <busy_wait_ms+0x60>
100059aa:	6a48      	ldr	r0, [r1, #36]	@ 0x24
100059ac:	4290      	cmp	r0, r2
100059ae:	d102      	bne.n	100059b6 <busy_wait_ms+0x66>
100059b0:	6a88      	ldr	r0, [r1, #40]	@ 0x28
100059b2:	4298      	cmp	r0, r3
100059b4:	d3f9      	bcc.n	100059aa <busy_wait_ms+0x5a>
100059b6:	bc30      	pop	{r4, r5}
100059b8:	4770      	bx	lr
100059ba:	4b06      	ldr	r3, [pc, #24]	@ (100059d4 <busy_wait_ms+0x84>)
100059bc:	6a5a      	ldr	r2, [r3, #36]	@ 0x24
100059be:	1c53      	adds	r3, r2, #1
100059c0:	bf08      	it	eq
100059c2:	4613      	moveq	r3, r2
100059c4:	d0ef      	beq.n	100059a6 <busy_wait_ms+0x56>
100059c6:	f04f 32ff 	mov.w	r2, #4294967295	@ 0xffffffff
100059ca:	4613      	mov	r3, r2
100059cc:	e7e5      	b.n	1000599a <busy_wait_ms+0x4a>
100059ce:	bf00      	nop
100059d0:	0020c49b 	.word	0x0020c49b
100059d4:	400b0000 	.word	0x400b0000

100059d8 <pll_init>:
100059d8:	b470      	push	{r4, r5, r6}
100059da:	9d03      	ldr	r5, [sp, #12]
100059dc:	6804      	ldr	r4, [r0, #0]
100059de:	032d      	lsls	r5, r5, #12
100059e0:	ea45 4503 	orr.w	r5, r5, r3, lsl #16
100059e4:	4b1b      	ldr	r3, [pc, #108]	@ (10005a54 <pll_init+0x7c>)
100059e6:	2c00      	cmp	r4, #0
100059e8:	fbb3 f3f1 	udiv	r3, r3, r1
100059ec:	fbb2 f6f3 	udiv	r6, r2, r3
100059f0:	db1f      	blt.n	10005a32 <pll_init+0x5a>
100059f2:	4a19      	ldr	r2, [pc, #100]	@ (10005a58 <pll_init+0x80>)
100059f4:	4b19      	ldr	r3, [pc, #100]	@ (10005a5c <pll_init+0x84>)
100059f6:	4290      	cmp	r0, r2
100059f8:	bf0c      	ite	eq
100059fa:	f44f 4200 	moveq.w	r2, #32768	@ 0x8000
100059fe:	f44f 4280 	movne.w	r2, #16384	@ 0x4000
10005a02:	4c17      	ldr	r4, [pc, #92]	@ (10005a60 <pll_init+0x88>)
10005a04:	601a      	str	r2, [r3, #0]
10005a06:	f503 5380 	add.w	r3, r3, #4096	@ 0x1000
10005a0a:	601a      	str	r2, [r3, #0]
10005a0c:	68a3      	ldr	r3, [r4, #8]
10005a0e:	ea32 0303 	bics.w	r3, r2, r3
10005a12:	d1fb      	bne.n	10005a0c <pll_init+0x34>
10005a14:	2221      	movs	r2, #33	@ 0x21
10005a16:	f500 5340 	add.w	r3, r0, #12288	@ 0x3000
10005a1a:	3304      	adds	r3, #4
10005a1c:	6001      	str	r1, [r0, #0]
10005a1e:	6086      	str	r6, [r0, #8]
10005a20:	601a      	str	r2, [r3, #0]
10005a22:	6802      	ldr	r2, [r0, #0]
10005a24:	2a00      	cmp	r2, #0
10005a26:	dafc      	bge.n	10005a22 <pll_init+0x4a>
10005a28:	2208      	movs	r2, #8
10005a2a:	60c5      	str	r5, [r0, #12]
10005a2c:	601a      	str	r2, [r3, #0]
10005a2e:	bc70      	pop	{r4, r5, r6}
10005a30:	4770      	bx	lr
10005a32:	6803      	ldr	r3, [r0, #0]
10005a34:	f003 033f 	and.w	r3, r3, #63	@ 0x3f
10005a38:	428b      	cmp	r3, r1
10005a3a:	d1da      	bne.n	100059f2 <pll_init+0x1a>
10005a3c:	6883      	ldr	r3, [r0, #8]
10005a3e:	f3c3 030b 	ubfx	r3, r3, #0, #12
10005a42:	42b3      	cmp	r3, r6
10005a44:	d1d5      	bne.n	100059f2 <pll_init+0x1a>
10005a46:	68c3      	ldr	r3, [r0, #12]
10005a48:	f403 23ee 	and.w	r3, r3, #487424	@ 0x77000
10005a4c:	42ab      	cmp	r3, r5
10005a4e:	d1d0      	bne.n	100059f2 <pll_init+0x1a>
10005a50:	e7ed      	b.n	10005a2e <pll_init+0x56>
10005a52:	bf00      	nop
10005a54:	00b71b00 	.word	0x00b71b00
10005a58:	40058000 	.word	0x40058000
10005a5c:	40022000 	.word	0x40022000
10005a60:	40020000 	.word	0x40020000

10005a64 <tick_start>:
10005a64:	2301      	movs	r3, #1
10005a66:	eb00 0040 	add.w	r0, r0, r0, lsl #1
10005a6a:	0080      	lsls	r0, r0, #2
10005a6c:	f100 4080 	add.w	r0, r0, #1073741824	@ 0x40000000
10005a70:	f500 1084 	add.w	r0, r0, #1081344	@ 0x108000
10005a74:	6041      	str	r1, [r0, #4]
10005a76:	6003      	str	r3, [r0, #0]
10005a78:	4770      	bx	lr
10005a7a:	bf00      	nop

10005a7c <rom_func_lookup>:
10005a7c:	2300      	movs	r3, #0
10005a7e:	8adb      	ldrh	r3, [r3, #22]
10005a80:	2200      	movs	r2, #0
10005a82:	e842 f200 	tt	r2, r2
10005a86:	0252      	lsls	r2, r2, #9
10005a88:	d401      	bmi.n	10005a8e <rom_func_lookup+0x12>
10005a8a:	2110      	movs	r1, #16
10005a8c:	4718      	bx	r3
10005a8e:	2104      	movs	r1, #4
10005a90:	4718      	bx	r3
10005a92:	bf00      	nop

10005a94 <runtime_init_bootrom_locking_enable>:
10005a94:	4a03      	ldr	r2, [pc, #12]	@ (10005aa4 <runtime_init_bootrom_locking_enable+0x10>)
10005a96:	f8d2 3828 	ldr.w	r3, [r2, #2088]	@ 0x828
10005a9a:	2b00      	cmp	r3, #0
10005a9c:	d0fb      	beq.n	10005a96 <runtime_init_bootrom_locking_enable+0x2>
10005a9e:	f3bf 8f5f 	dmb	sy
10005aa2:	4770      	bx	lr
10005aa4:	400e0000 	.word	0x400e0000

10005aa8 <runtime_init_boot_locks_reset>:
10005aa8:	2100      	movs	r1, #0
10005aaa:	4b04      	ldr	r3, [pc, #16]	@ (10005abc <runtime_init_boot_locks_reset+0x14>)
10005aac:	4a04      	ldr	r2, [pc, #16]	@ (10005ac0 <runtime_init_boot_locks_reset+0x18>)
10005aae:	f3bf 8f5f 	dmb	sy
10005ab2:	f843 1b04 	str.w	r1, [r3], #4
10005ab6:	4293      	cmp	r3, r2
10005ab8:	d1f9      	bne.n	10005aae <runtime_init_boot_locks_reset+0x6>
10005aba:	4770      	bx	lr
10005abc:	400e080c 	.word	0x400e080c
10005ac0:	400e082c 	.word	0x400e082c

10005ac4 <xosc_init>:
10005ac4:	b410      	push	{r4}
10005ac6:	202f      	movs	r0, #47	@ 0x2f
10005ac8:	f44f 642a 	mov.w	r4, #2720	@ 0xaa0
10005acc:	4a05      	ldr	r2, [pc, #20]	@ (10005ae4 <xosc_init+0x20>)
10005ace:	4b06      	ldr	r3, [pc, #24]	@ (10005ae8 <xosc_init+0x24>)
10005ad0:	4906      	ldr	r1, [pc, #24]	@ (10005aec <xosc_init+0x28>)
10005ad2:	6014      	str	r4, [r2, #0]
10005ad4:	60d0      	str	r0, [r2, #12]
10005ad6:	6019      	str	r1, [r3, #0]
10005ad8:	6853      	ldr	r3, [r2, #4]
10005ada:	2b00      	cmp	r3, #0
10005adc:	dafc      	bge.n	10005ad8 <xosc_init+0x14>
10005ade:	f85d 4b04 	ldr.w	r4, [sp], #4
10005ae2:	4770      	bx	lr
10005ae4:	40048000 	.word	0x40048000
10005ae8:	4004a000 	.word	0x4004a000
10005aec:	00fab000 	.word	0x00fab000

10005af0 <exception_set_exclusive_handler>:
10005af0:	b5f8      	push	{r3, r4, r5, r6, r7, lr}
10005af2:	4604      	mov	r4, r0
10005af4:	460d      	mov	r5, r1
10005af6:	f3ef 8710 	mrs	r7, PRIMASK
10005afa:	b672      	cpsid	i
10005afc:	4b0c      	ldr	r3, [pc, #48]	@ (10005b30 <exception_set_exclusive_handler+0x40>)
10005afe:	689b      	ldr	r3, [r3, #8]
10005b00:	f853 6020 	ldr.w	r6, [r3, r0, lsl #2]
10005b04:	42b1      	cmp	r1, r6
10005b06:	d004      	beq.n	10005b12 <exception_set_exclusive_handler+0x22>
10005b08:	4b0a      	ldr	r3, [pc, #40]	@ (10005b34 <exception_set_exclusive_handler+0x44>)
10005b0a:	429e      	cmp	r6, r3
10005b0c:	d20b      	bcs.n	10005b26 <exception_set_exclusive_handler+0x36>
10005b0e:	f000 f987 	bl	10005e20 <hard_assertion_failure>
10005b12:	4b07      	ldr	r3, [pc, #28]	@ (10005b30 <exception_set_exclusive_handler+0x40>)
10005b14:	689b      	ldr	r3, [r3, #8]
10005b16:	f843 5024 	str.w	r5, [r3, r4, lsl #2]
10005b1a:	f3bf 8f5f 	dmb	sy
10005b1e:	f387 8810 	msr	PRIMASK, r7
10005b22:	4630      	mov	r0, r6
10005b24:	bdf8      	pop	{r3, r4, r5, r6, r7, pc}
10005b26:	4b04      	ldr	r3, [pc, #16]	@ (10005b38 <exception_set_exclusive_handler+0x48>)
10005b28:	429e      	cmp	r6, r3
10005b2a:	d3f2      	bcc.n	10005b12 <exception_set_exclusive_handler+0x22>
10005b2c:	e7ef      	b.n	10005b0e <exception_set_exclusive_handler+0x1e>
10005b2e:	bf00      	nop
10005b30:	e000ed00 	.word	0xe000ed00
10005b34:	10000110 	.word	0x10000110
10005b38:	1000011c 	.word	0x1000011c

10005b3c <core1_trampoline>:
10005b3c:	bd03      	pop	{r0, r1, pc}
10005b3e:	bf00      	nop

10005b40 <core1_wrapper>:
10005b40:	b510      	push	{r4, lr}
10005b42:	4604      	mov	r4, r0
10005b44:	f000 f982 	bl	10005e4c <runtime_run_per_core_initializers>
10005b48:	4623      	mov	r3, r4
10005b4a:	e8bd 4010 	ldmia.w	sp!, {r4, lr}
10005b4e:	4718      	bx	r3

10005b50 <multicore_launch_core1_raw>:
10005b50:	b5f0      	push	{r4, r5, r6, r7, lr}
10005b52:	4605      	mov	r5, r0
10005b54:	b087      	sub	sp, #28
10005b56:	2019      	movs	r0, #25
10005b58:	4617      	mov	r7, r2
10005b5a:	460e      	mov	r6, r1
10005b5c:	f7ff f9b2 	bl	10004ec4 <irq_is_enabled>
10005b60:	2100      	movs	r1, #0
10005b62:	4604      	mov	r4, r0
10005b64:	2019      	movs	r0, #25
10005b66:	f7ff f997 	bl	10004e98 <irq_set_enabled>
10005b6a:	2100      	movs	r1, #0
10005b6c:	e9cd 6504 	strd	r6, r5, [sp, #16]
10005b70:	9703      	str	r7, [sp, #12]
10005b72:	2600      	movs	r6, #0
10005b74:	2700      	movs	r7, #0
10005b76:	2201      	movs	r2, #1
10005b78:	f04f 4350 	mov.w	r3, #3489660928	@ 0xd0000000
10005b7c:	468c      	mov	ip, r1
10005b7e:	e9cd 6700 	strd	r6, r7, [sp]
10005b82:	9202      	str	r2, [sp, #8]
10005b84:	b1b9      	cbz	r1, 10005bb6 <multicore_launch_core1_raw+0x66>
10005b86:	6d1a      	ldr	r2, [r3, #80]	@ 0x50
10005b88:	0795      	lsls	r5, r2, #30
10005b8a:	d5fc      	bpl.n	10005b86 <multicore_launch_core1_raw+0x36>
10005b8c:	6559      	str	r1, [r3, #84]	@ 0x54
10005b8e:	bf40      	sev
10005b90:	6d1a      	ldr	r2, [r3, #80]	@ 0x50
10005b92:	07d0      	lsls	r0, r2, #31
10005b94:	d403      	bmi.n	10005b9e <multicore_launch_core1_raw+0x4e>
10005b96:	bf20      	wfe
10005b98:	6d1a      	ldr	r2, [r3, #80]	@ 0x50
10005b9a:	07d2      	lsls	r2, r2, #31
10005b9c:	d5fb      	bpl.n	10005b96 <multicore_launch_core1_raw+0x46>
10005b9e:	6d9a      	ldr	r2, [r3, #88]	@ 0x58
10005ba0:	428a      	cmp	r2, r1
10005ba2:	d00d      	beq.n	10005bc0 <multicore_launch_core1_raw+0x70>
10005ba4:	f04f 0c00 	mov.w	ip, #0
10005ba8:	aa06      	add	r2, sp, #24
10005baa:	eb02 028c 	add.w	r2, r2, ip, lsl #2
10005bae:	f852 1c18 	ldr.w	r1, [r2, #-24]
10005bb2:	e7e7      	b.n	10005b84 <multicore_launch_core1_raw+0x34>
10005bb4:	6d9a      	ldr	r2, [r3, #88]	@ 0x58
10005bb6:	6d1a      	ldr	r2, [r3, #80]	@ 0x50
10005bb8:	07d6      	lsls	r6, r2, #31
10005bba:	d4fb      	bmi.n	10005bb4 <multicore_launch_core1_raw+0x64>
10005bbc:	bf40      	sev
10005bbe:	e7e2      	b.n	10005b86 <multicore_launch_core1_raw+0x36>
10005bc0:	f10c 0c01 	add.w	ip, ip, #1
10005bc4:	f1bc 0f06 	cmp.w	ip, #6
10005bc8:	d1ee      	bne.n	10005ba8 <multicore_launch_core1_raw+0x58>
10005bca:	4621      	mov	r1, r4
10005bcc:	2019      	movs	r0, #25
10005bce:	b007      	add	sp, #28
10005bd0:	e8bd 40f0 	ldmia.w	sp!, {r4, r5, r6, r7, lr}
10005bd4:	f7ff b960 	b.w	10004e98 <irq_set_enabled>

10005bd8 <multicore_launch_core1>:
10005bd8:	4b0c      	ldr	r3, [pc, #48]	@ (10005c0c <multicore_launch_core1+0x34>)
10005bda:	4a0d      	ldr	r2, [pc, #52]	@ (10005c10 <multicore_launch_core1+0x38>)
10005bdc:	4293      	cmp	r3, r2
10005bde:	d30e      	bcc.n	10005bfe <multicore_launch_core1+0x26>
10005be0:	469c      	mov	ip, r3
10005be2:	f203 71f4 	addw	r1, r3, #2036	@ 0x7f4
10005be6:	4a0b      	ldr	r2, [pc, #44]	@ (10005c14 <multicore_launch_core1+0x3c>)
10005be8:	6892      	ldr	r2, [r2, #8]
10005bea:	f8cc 07f4 	str.w	r0, [ip, #2036]	@ 0x7f4
10005bee:	480a      	ldr	r0, [pc, #40]	@ (10005c18 <multicore_launch_core1+0x40>)
10005bf0:	f8cc 37f8 	str.w	r3, [ip, #2040]	@ 0x7f8
10005bf4:	f8cc 07fc 	str.w	r0, [ip, #2044]	@ 0x7fc
10005bf8:	4808      	ldr	r0, [pc, #32]	@ (10005c1c <multicore_launch_core1+0x44>)
10005bfa:	f7ff bfa9 	b.w	10005b50 <multicore_launch_core1_raw>
10005bfe:	f04f 33ff 	mov.w	r3, #4294967295	@ 0xffffffff
10005c02:	f240 71f3 	movw	r1, #2035	@ 0x7f3
10005c06:	469c      	mov	ip, r3
10005c08:	e7ed      	b.n	10005be6 <multicore_launch_core1+0xe>
10005c0a:	bf00      	nop
10005c0c:	20080800 	.word	0x20080800
10005c10:	20080000 	.word	0x20080000
10005c14:	e000ed00 	.word	0xe000ed00
10005c18:	10005b41 	.word	0x10005b41
10005c1c:	10005b3d 	.word	0x10005b3d

10005c20 <multicore_doorbell_claim_unused>:
10005c20:	b570      	push	{r4, r5, r6, lr}
10005c22:	4604      	mov	r4, r0
10005c24:	460e      	mov	r6, r1
10005c26:	f7ff f863 	bl	10004cf0 <hw_claim_lock>
10005c2a:	4b39      	ldr	r3, [pc, #228]	@ (10005d10 <multicore_doorbell_claim_unused+0xf0>)
10005c2c:	789d      	ldrb	r5, [r3, #2]
10005c2e:	f993 2000 	ldrsb.w	r2, [r3]
10005c32:	f005 0501 	and.w	r5, r5, #1
10005c36:	0fd2      	lsrs	r2, r2, #31
10005c38:	ea42 0245 	orr.w	r2, r2, r5, lsl #1
10005c3c:	4222      	tst	r2, r4
10005c3e:	f893 c000 	ldrb.w	ip, [r3]
10005c42:	d04e      	beq.n	10005ce2 <multicore_doorbell_claim_unused+0xc2>
10005c44:	f993 1001 	ldrsb.w	r1, [r3, #1]
10005c48:	f3cc 1280 	ubfx	r2, ip, #6, #1
10005c4c:	0fc9      	lsrs	r1, r1, #31
10005c4e:	ea42 0241 	orr.w	r2, r2, r1, lsl #1
10005c52:	4222      	tst	r2, r4
10005c54:	7859      	ldrb	r1, [r3, #1]
10005c56:	d033      	beq.n	10005cc0 <multicore_doorbell_claim_unused+0xa0>
10005c58:	f3c1 1580 	ubfx	r5, r1, #6, #1
10005c5c:	f3cc 1240 	ubfx	r2, ip, #5, #1
10005c60:	ea42 0245 	orr.w	r2, r2, r5, lsl #1
10005c64:	4222      	tst	r2, r4
10005c66:	d042      	beq.n	10005cee <multicore_doorbell_claim_unused+0xce>
10005c68:	f3c1 1540 	ubfx	r5, r1, #5, #1
10005c6c:	f3cc 1200 	ubfx	r2, ip, #4, #1
10005c70:	ea42 0245 	orr.w	r2, r2, r5, lsl #1
10005c74:	4222      	tst	r2, r4
10005c76:	d03d      	beq.n	10005cf4 <multicore_doorbell_claim_unused+0xd4>
10005c78:	f3c1 1500 	ubfx	r5, r1, #4, #1
10005c7c:	f3cc 02c0 	ubfx	r2, ip, #3, #1
10005c80:	ea42 0245 	orr.w	r2, r2, r5, lsl #1
10005c84:	4222      	tst	r2, r4
10005c86:	d02f      	beq.n	10005ce8 <multicore_doorbell_claim_unused+0xc8>
10005c88:	f3c1 05c0 	ubfx	r5, r1, #3, #1
10005c8c:	f3cc 0280 	ubfx	r2, ip, #2, #1
10005c90:	ea42 0245 	orr.w	r2, r2, r5, lsl #1
10005c94:	4222      	tst	r2, r4
10005c96:	d030      	beq.n	10005cfa <multicore_doorbell_claim_unused+0xda>
10005c98:	f3c1 0580 	ubfx	r5, r1, #2, #1
10005c9c:	f3cc 0240 	ubfx	r2, ip, #1, #1
10005ca0:	ea42 0245 	orr.w	r2, r2, r5, lsl #1
10005ca4:	4222      	tst	r2, r4
10005ca6:	d02e      	beq.n	10005d06 <multicore_doorbell_claim_unused+0xe6>
10005ca8:	f001 0202 	and.w	r2, r1, #2
10005cac:	f00c 0101 	and.w	r1, ip, #1
10005cb0:	430a      	orrs	r2, r1
10005cb2:	ea12 0504 	ands.w	r5, r2, r4
10005cb6:	d029      	beq.n	10005d0c <multicore_doorbell_claim_unused+0xec>
10005cb8:	b316      	cbz	r6, 10005d00 <multicore_doorbell_claim_unused+0xe0>
10005cba:	4816      	ldr	r0, [pc, #88]	@ (10005d14 <multicore_doorbell_claim_unused+0xf4>)
10005cbc:	f7fb f8b4 	bl	10000e28 <panic>
10005cc0:	2140      	movs	r1, #64	@ 0x40
10005cc2:	2506      	movs	r5, #6
10005cc4:	07e6      	lsls	r6, r4, #31
10005cc6:	bf44      	itt	mi
10005cc8:	ea4c 0c01 	orrmi.w	ip, ip, r1
10005ccc:	f883 c000 	strbmi.w	ip, [r3]
10005cd0:	07a2      	lsls	r2, r4, #30
10005cd2:	d502      	bpl.n	10005cda <multicore_doorbell_claim_unused+0xba>
10005cd4:	785a      	ldrb	r2, [r3, #1]
10005cd6:	430a      	orrs	r2, r1
10005cd8:	705a      	strb	r2, [r3, #1]
10005cda:	f7ff f81b 	bl	10004d14 <hw_claim_unlock>
10005cde:	4628      	mov	r0, r5
10005ce0:	bd70      	pop	{r4, r5, r6, pc}
10005ce2:	2180      	movs	r1, #128	@ 0x80
10005ce4:	2507      	movs	r5, #7
10005ce6:	e7ed      	b.n	10005cc4 <multicore_doorbell_claim_unused+0xa4>
10005ce8:	2108      	movs	r1, #8
10005cea:	2503      	movs	r5, #3
10005cec:	e7ea      	b.n	10005cc4 <multicore_doorbell_claim_unused+0xa4>
10005cee:	2120      	movs	r1, #32
10005cf0:	2505      	movs	r5, #5
10005cf2:	e7e7      	b.n	10005cc4 <multicore_doorbell_claim_unused+0xa4>
10005cf4:	2110      	movs	r1, #16
10005cf6:	2504      	movs	r5, #4
10005cf8:	e7e4      	b.n	10005cc4 <multicore_doorbell_claim_unused+0xa4>
10005cfa:	2104      	movs	r1, #4
10005cfc:	2502      	movs	r5, #2
10005cfe:	e7e1      	b.n	10005cc4 <multicore_doorbell_claim_unused+0xa4>
10005d00:	f06f 0508 	mvn.w	r5, #8
10005d04:	e7e9      	b.n	10005cda <multicore_doorbell_claim_unused+0xba>
10005d06:	2102      	movs	r1, #2
10005d08:	2501      	movs	r5, #1
10005d0a:	e7db      	b.n	10005cc4 <multicore_doorbell_claim_unused+0xa4>
10005d0c:	2101      	movs	r1, #1
10005d0e:	e7d9      	b.n	10005cc4 <multicore_doorbell_claim_unused+0xa4>
10005d10:	200008f8 	.word	0x200008f8
10005d14:	100082cc 	.word	0x100082cc

10005d18 <uart_init>:
10005d18:	b5f8      	push	{r3, r4, r5, r6, r7, lr}
10005d1a:	4605      	mov	r5, r0
10005d1c:	2006      	movs	r0, #6
10005d1e:	460e      	mov	r6, r1
10005d20:	f7fe ffe0 	bl	10004ce4 <clock_get_hz>
10005d24:	2800      	cmp	r0, #0
10005d26:	d042      	beq.n	10005dae <uart_init+0x96>
10005d28:	4a35      	ldr	r2, [pc, #212]	@ (10005e00 <uart_init+0xe8>)
10005d2a:	4836      	ldr	r0, [pc, #216]	@ (10005e04 <uart_init+0xec>)
10005d2c:	4295      	cmp	r5, r2
10005d2e:	bf0c      	ite	eq
10005d30:	f04f 6200 	moveq.w	r2, #134217728	@ 0x8000000
10005d34:	f04f 6280 	movne.w	r2, #67108864	@ 0x4000000
10005d38:	4b33      	ldr	r3, [pc, #204]	@ (10005e08 <uart_init+0xf0>)
10005d3a:	4934      	ldr	r1, [pc, #208]	@ (10005e0c <uart_init+0xf4>)
10005d3c:	6002      	str	r2, [r0, #0]
10005d3e:	601a      	str	r2, [r3, #0]
10005d40:	688c      	ldr	r4, [r1, #8]
10005d42:	ea32 0404 	bics.w	r4, r2, r4
10005d46:	d1fb      	bne.n	10005d40 <uart_init+0x28>
10005d48:	4b2d      	ldr	r3, [pc, #180]	@ (10005e00 <uart_init+0xe8>)
10005d4a:	f44f 7180 	mov.w	r1, #256	@ 0x100
10005d4e:	1aeb      	subs	r3, r5, r3
10005d50:	fab3 f383 	clz	r3, r3
10005d54:	4a2e      	ldr	r2, [pc, #184]	@ (10005e10 <uart_init+0xf8>)
10005d56:	095b      	lsrs	r3, r3, #5
10005d58:	2006      	movs	r0, #6
10005d5a:	f822 1013 	strh.w	r1, [r2, r3, lsl #1]
10005d5e:	f7fe ffc1 	bl	10004ce4 <clock_get_hz>
10005d62:	00c3      	lsls	r3, r0, #3
10005d64:	fbb3 f3f6 	udiv	r3, r3, r6
10005d68:	3301      	adds	r3, #1
10005d6a:	09da      	lsrs	r2, r3, #7
10005d6c:	d120      	bne.n	10005db0 <uart_init+0x98>
10005d6e:	2640      	movs	r6, #64	@ 0x40
10005d70:	2101      	movs	r1, #1
10005d72:	6269      	str	r1, [r5, #36]	@ 0x24
10005d74:	62aa      	str	r2, [r5, #40]	@ 0x28
10005d76:	6b2f      	ldr	r7, [r5, #48]	@ 0x30
10005d78:	07fb      	lsls	r3, r7, #31
10005d7a:	d422      	bmi.n	10005dc2 <uart_init+0xaa>
10005d7c:	462b      	mov	r3, r5
10005d7e:	2200      	movs	r2, #0
10005d80:	f853 1f2c 	ldr.w	r1, [r3, #44]!
10005d84:	2006      	movs	r0, #6
10005d86:	f503 5480 	add.w	r4, r3, #4096	@ 0x1000
10005d8a:	6022      	str	r2, [r4, #0]
10005d8c:	632f      	str	r7, [r5, #48]	@ 0x30
10005d8e:	f7fe ffa9 	bl	10004ce4 <clock_get_hz>
10005d92:	6aeb      	ldr	r3, [r5, #44]	@ 0x2c
10005d94:	f240 3201 	movw	r2, #769	@ 0x301
10005d98:	f083 0370 	eor.w	r3, r3, #112	@ 0x70
10005d9c:	f003 037e 	and.w	r3, r3, #126	@ 0x7e
10005da0:	6023      	str	r3, [r4, #0]
10005da2:	0080      	lsls	r0, r0, #2
10005da4:	2303      	movs	r3, #3
10005da6:	fbb0 f0f6 	udiv	r0, r0, r6
10005daa:	632a      	str	r2, [r5, #48]	@ 0x30
10005dac:	64ab      	str	r3, [r5, #72]	@ 0x48
10005dae:	bdf8      	pop	{r3, r4, r5, r6, r7, pc}
10005db0:	f64f 71fe 	movw	r1, #65534	@ 0xfffe
10005db4:	428a      	cmp	r2, r1
10005db6:	d91b      	bls.n	10005df0 <uart_init+0xd8>
10005db8:	4622      	mov	r2, r4
10005dba:	f64f 71ff 	movw	r1, #65535	@ 0xffff
10005dbe:	4e15      	ldr	r6, [pc, #84]	@ (10005e14 <uart_init+0xfc>)
10005dc0:	e7d7      	b.n	10005d72 <uart_init+0x5a>
10005dc2:	f240 3201 	movw	r2, #769	@ 0x301
10005dc6:	f505 5340 	add.w	r3, r5, #12288	@ 0x3000
10005dca:	631a      	str	r2, [r3, #48]	@ 0x30
10005dcc:	6a6b      	ldr	r3, [r5, #36]	@ 0x24
10005dce:	6aac      	ldr	r4, [r5, #40]	@ 0x28
10005dd0:	2006      	movs	r0, #6
10005dd2:	eb04 1483 	add.w	r4, r4, r3, lsl #6
10005dd6:	f7fe ff85 	bl	10004ce4 <clock_get_hz>
10005dda:	4b0f      	ldr	r3, [pc, #60]	@ (10005e18 <uart_init+0x100>)
10005ddc:	02a4      	lsls	r4, r4, #10
10005dde:	fba3 2300 	umull	r2, r3, r3, r0
10005de2:	0adb      	lsrs	r3, r3, #11
10005de4:	2100      	movs	r1, #0
10005de6:	fbb4 f0f3 	udiv	r0, r4, r3
10005dea:	f7ff fd83 	bl	100058f4 <busy_wait_us>
10005dee:	e7c5      	b.n	10005d7c <uart_init+0x64>
10005df0:	f3c3 0345 	ubfx	r3, r3, #1, #6
10005df4:	4611      	mov	r1, r2
10005df6:	eb03 1682 	add.w	r6, r3, r2, lsl #6
10005dfa:	461a      	mov	r2, r3
10005dfc:	e7b9      	b.n	10005d72 <uart_init+0x5a>
10005dfe:	bf00      	nop
10005e00:	40078000 	.word	0x40078000
10005e04:	40022000 	.word	0x40022000
10005e08:	40023000 	.word	0x40023000
10005e0c:	40020000 	.word	0x40020000
10005e10:	20000bc8 	.word	0x20000bc8
10005e14:	003fffc0 	.word	0x003fffc0
10005e18:	8f2b7b75 	.word	0x8f2b7b75

10005e1c <first_per_core_initializer>:
10005e1c:	4770      	bx	lr
10005e1e:	bf00      	nop

10005e20 <hard_assertion_failure>:
10005e20:	b508      	push	{r3, lr}
10005e22:	4801      	ldr	r0, [pc, #4]	@ (10005e28 <hard_assertion_failure+0x8>)
10005e24:	f7fb f800 	bl	10000e28 <panic>
10005e28:	100082e0 	.word	0x100082e0

10005e2c <runtime_run_initializers>:
10005e2c:	b538      	push	{r3, r4, r5, lr}
10005e2e:	4c05      	ldr	r4, [pc, #20]	@ (10005e44 <runtime_run_initializers+0x18>)
10005e30:	4d05      	ldr	r5, [pc, #20]	@ (10005e48 <runtime_run_initializers+0x1c>)
10005e32:	42ac      	cmp	r4, r5
10005e34:	d204      	bcs.n	10005e40 <runtime_run_initializers+0x14>
10005e36:	f854 3b04 	ldr.w	r3, [r4], #4
10005e3a:	4798      	blx	r3
10005e3c:	42ac      	cmp	r4, r5
10005e3e:	d3fa      	bcc.n	10005e36 <runtime_run_initializers+0xa>
10005e40:	bd38      	pop	{r3, r4, r5, pc}
10005e42:	bf00      	nop
10005e44:	100080b0 	.word	0x100080b0
10005e48:	100080f0 	.word	0x100080f0

10005e4c <runtime_run_per_core_initializers>:
10005e4c:	b538      	push	{r3, r4, r5, lr}
10005e4e:	4c05      	ldr	r4, [pc, #20]	@ (10005e64 <runtime_run_per_core_initializers+0x18>)
10005e50:	4d05      	ldr	r5, [pc, #20]	@ (10005e68 <runtime_run_per_core_initializers+0x1c>)
10005e52:	42ac      	cmp	r4, r5
10005e54:	d204      	bcs.n	10005e60 <runtime_run_per_core_initializers+0x14>
10005e56:	f854 3b04 	ldr.w	r3, [r4], #4
10005e5a:	4798      	blx	r3
10005e5c:	42ac      	cmp	r4, r5
10005e5e:	d3fa      	bcc.n	10005e56 <runtime_run_per_core_initializers+0xa>
10005e60:	bd38      	pop	{r3, r4, r5, pc}
10005e62:	bf00      	nop
10005e64:	100080dc 	.word	0x100080dc
10005e68:	100080f0 	.word	0x100080f0

10005e6c <runtime_init_early_resets>:
10005e6c:	b410      	push	{r4}
10005e6e:	4807      	ldr	r0, [pc, #28]	@ (10005e8c <runtime_init_early_resets+0x20>)
10005e70:	4c07      	ldr	r4, [pc, #28]	@ (10005e90 <runtime_init_early_resets+0x24>)
10005e72:	4b08      	ldr	r3, [pc, #32]	@ (10005e94 <runtime_init_early_resets+0x28>)
10005e74:	4a08      	ldr	r2, [pc, #32]	@ (10005e98 <runtime_init_early_resets+0x2c>)
10005e76:	4909      	ldr	r1, [pc, #36]	@ (10005e9c <runtime_init_early_resets+0x30>)
10005e78:	6004      	str	r4, [r0, #0]
10005e7a:	601a      	str	r2, [r3, #0]
10005e7c:	688b      	ldr	r3, [r1, #8]
10005e7e:	ea32 0303 	bics.w	r3, r2, r3
10005e82:	d1fb      	bne.n	10005e7c <runtime_init_early_resets+0x10>
10005e84:	f85d 4b04 	ldr.w	r4, [sp], #4
10005e88:	4770      	bx	lr
10005e8a:	bf00      	nop
10005e8c:	40022000 	.word	0x40022000
10005e90:	efef3b7f 	.word	0xefef3b7f
10005e94:	40023000 	.word	0x40023000
10005e98:	03f3fff6 	.word	0x03f3fff6
10005e9c:	40020000 	.word	0x40020000

10005ea0 <runtime_init_usb_power_down>:
10005ea0:	4b04      	ldr	r3, [pc, #16]	@ (10005eb4 <runtime_init_usb_power_down+0x14>)
10005ea2:	6cdb      	ldr	r3, [r3, #76]	@ 0x4c
10005ea4:	f5b3 4f00 	cmp.w	r3, #32768	@ 0x8000
10005ea8:	d103      	bne.n	10005eb2 <runtime_init_usb_power_down+0x12>
10005eaa:	f44f 2280 	mov.w	r2, #262144	@ 0x40000
10005eae:	4b02      	ldr	r3, [pc, #8]	@ (10005eb8 <runtime_init_usb_power_down+0x18>)
10005eb0:	64da      	str	r2, [r3, #76]	@ 0x4c
10005eb2:	4770      	bx	lr
10005eb4:	50110000 	.word	0x50110000
10005eb8:	50112000 	.word	0x50112000

10005ebc <runtime_init_per_core_enable_coprocessors>:
10005ebc:	f04f 22e0 	mov.w	r2, #3758153728	@ 0xe000e000
10005ec0:	4b04      	ldr	r3, [pc, #16]	@ (10005ed4 <runtime_init_per_core_enable_coprocessors+0x18>)
10005ec2:	f8d2 1d88 	ldr.w	r1, [r2, #3464]	@ 0xd88
10005ec6:	430b      	orrs	r3, r1
10005ec8:	f8c2 3d88 	str.w	r3, [r2, #3464]	@ 0xd88
10005ecc:	ee10 0430 	dcp_rcmp r0
10005ed0:	4770      	bx	lr
10005ed2:	bf00      	nop
10005ed4:	00300303 	.word	0x00300303

10005ed8 <runtime_init_post_clock_resets>:
10005ed8:	f06f 4160 	mvn.w	r1, #3758096384	@ 0xe0000000
10005edc:	4b04      	ldr	r3, [pc, #16]	@ (10005ef0 <runtime_init_post_clock_resets+0x18>)
10005ede:	4a05      	ldr	r2, [pc, #20]	@ (10005ef4 <runtime_init_post_clock_resets+0x1c>)
10005ee0:	6019      	str	r1, [r3, #0]
10005ee2:	6893      	ldr	r3, [r2, #8]
10005ee4:	43db      	mvns	r3, r3
10005ee6:	f033 4360 	bics.w	r3, r3, #3758096384	@ 0xe0000000
10005eea:	d1fa      	bne.n	10005ee2 <runtime_init_post_clock_resets+0xa>
10005eec:	4770      	bx	lr
10005eee:	bf00      	nop
10005ef0:	40023000 	.word	0x40023000
10005ef4:	40020000 	.word	0x40020000

10005ef8 <runtime_init_bootrom_reset>:
10005ef8:	b510      	push	{r4, lr}
10005efa:	f245 2053 	movw	r0, #21075	@ 0x5253
10005efe:	f7ff fdbd 	bl	10005a7c <rom_func_lookup>
10005f02:	e8bd 4010 	ldmia.w	sp!, {r4, lr}
10005f06:	4603      	mov	r3, r0
10005f08:	2004      	movs	r0, #4
10005f0a:	4718      	bx	r3

10005f0c <runtime_init_per_core_bootrom_reset>:
10005f0c:	b510      	push	{r4, lr}
10005f0e:	f245 2053 	movw	r0, #21075	@ 0x5253
10005f12:	f7ff fdb3 	bl	10005a7c <rom_func_lookup>
10005f16:	e8bd 4010 	ldmia.w	sp!, {r4, lr}
10005f1a:	4603      	mov	r3, r0
10005f1c:	2001      	movs	r0, #1
10005f1e:	4718      	bx	r3

10005f20 <runtime_init_spin_locks_reset>:
10005f20:	f7fe bf4c 	b.w	10004dbc <spin_locks_reset>

10005f24 <runtime_init_install_ram_vector_table>:
10005f24:	b510      	push	{r4, lr}
10005f26:	4b05      	ldr	r3, [pc, #20]	@ (10005f3c <runtime_init_install_ram_vector_table+0x18>)
10005f28:	4c05      	ldr	r4, [pc, #20]	@ (10005f40 <runtime_init_install_ram_vector_table+0x1c>)
10005f2a:	f44f 7288 	mov.w	r2, #272	@ 0x110
10005f2e:	4618      	mov	r0, r3
10005f30:	68a1      	ldr	r1, [r4, #8]
10005f32:	f001 ffb1 	bl	10007e98 <memcpy>
10005f36:	60a0      	str	r0, [r4, #8]
10005f38:	bd10      	pop	{r4, pc}
10005f3a:	bf00      	nop
10005f3c:	20000000 	.word	0x20000000
10005f40:	e000ed00 	.word	0xe000ed00

10005f44 <runtime_init_clocks>:
10005f44:	2300      	movs	r3, #0
10005f46:	b5f0      	push	{r4, r5, r6, r7, lr}
10005f48:	4c2b      	ldr	r4, [pc, #172]	@ (10005ff8 <runtime_init_clocks+0xb4>)
10005f4a:	b083      	sub	sp, #12
10005f4c:	f8c4 3084 	str.w	r3, [r4, #132]	@ 0x84
10005f50:	f7ff fdb8 	bl	10005ac4 <xosc_init>
10005f54:	2201      	movs	r2, #1
10005f56:	4b29      	ldr	r3, [pc, #164]	@ (10005ffc <runtime_init_clocks+0xb8>)
10005f58:	63da      	str	r2, [r3, #60]	@ 0x3c
10005f5a:	6c63      	ldr	r3, [r4, #68]	@ 0x44
10005f5c:	2b01      	cmp	r3, #1
10005f5e:	d1fc      	bne.n	10005f5a <runtime_init_clocks+0x16>
10005f60:	2103      	movs	r1, #3
10005f62:	4a26      	ldr	r2, [pc, #152]	@ (10005ffc <runtime_init_clocks+0xb8>)
10005f64:	4b24      	ldr	r3, [pc, #144]	@ (10005ff8 <runtime_init_clocks+0xb4>)
10005f66:	6311      	str	r1, [r2, #48]	@ 0x30
10005f68:	6b9d      	ldr	r5, [r3, #56]	@ 0x38
10005f6a:	2d01      	cmp	r5, #1
10005f6c:	d1fc      	bne.n	10005f68 <runtime_init_clocks+0x24>
10005f6e:	2305      	movs	r3, #5
10005f70:	2702      	movs	r7, #2
10005f72:	461e      	mov	r6, r3
10005f74:	2400      	movs	r4, #0
10005f76:	4629      	mov	r1, r5
10005f78:	4a21      	ldr	r2, [pc, #132]	@ (10006000 <runtime_init_clocks+0xbc>)
10005f7a:	4822      	ldr	r0, [pc, #136]	@ (10006004 <runtime_init_clocks+0xc0>)
10005f7c:	9700      	str	r7, [sp, #0]
10005f7e:	f7ff fd2b 	bl	100059d8 <pll_init>
10005f82:	4629      	mov	r1, r5
10005f84:	4633      	mov	r3, r6
10005f86:	4a20      	ldr	r2, [pc, #128]	@ (10006008 <runtime_init_clocks+0xc4>)
10005f88:	4820      	ldr	r0, [pc, #128]	@ (1000600c <runtime_init_clocks+0xc8>)
10005f8a:	9600      	str	r6, [sp, #0]
10005f8c:	f7ff fd24 	bl	100059d8 <pll_init>
10005f90:	4639      	mov	r1, r7
10005f92:	4622      	mov	r2, r4
10005f94:	2004      	movs	r0, #4
10005f96:	4b1e      	ldr	r3, [pc, #120]	@ (10006010 <runtime_init_clocks+0xcc>)
10005f98:	f7fe fe3c 	bl	10004c14 <clock_configure_undivided>
10005f9c:	4629      	mov	r1, r5
10005f9e:	4622      	mov	r2, r4
10005fa0:	4630      	mov	r0, r6
10005fa2:	4b1c      	ldr	r3, [pc, #112]	@ (10006014 <runtime_init_clocks+0xd0>)
10005fa4:	f7fe fe36 	bl	10004c14 <clock_configure_undivided>
10005fa8:	4622      	mov	r2, r4
10005faa:	2008      	movs	r0, #8
10005fac:	4621      	mov	r1, r4
10005fae:	4b1a      	ldr	r3, [pc, #104]	@ (10006018 <runtime_init_clocks+0xd4>)
10005fb0:	f7fe fe30 	bl	10004c14 <clock_configure_undivided>
10005fb4:	4622      	mov	r2, r4
10005fb6:	2009      	movs	r0, #9
10005fb8:	4621      	mov	r1, r4
10005fba:	4b17      	ldr	r3, [pc, #92]	@ (10006018 <runtime_init_clocks+0xd4>)
10005fbc:	f7fe fe2a 	bl	10004c14 <clock_configure_undivided>
10005fc0:	4622      	mov	r2, r4
10005fc2:	2006      	movs	r0, #6
10005fc4:	4621      	mov	r1, r4
10005fc6:	4b13      	ldr	r3, [pc, #76]	@ (10006014 <runtime_init_clocks+0xd0>)
10005fc8:	f7fe fe24 	bl	10004c14 <clock_configure_undivided>
10005fcc:	4b11      	ldr	r3, [pc, #68]	@ (10006014 <runtime_init_clocks+0xd0>)
10005fce:	4622      	mov	r2, r4
10005fd0:	2007      	movs	r0, #7
10005fd2:	4621      	mov	r1, r4
10005fd4:	f7fe fe1e 	bl	10004c14 <clock_configure_undivided>
10005fd8:	2004      	movs	r0, #4
10005fda:	f7fe fe83 	bl	10004ce4 <clock_get_hz>
10005fde:	4b0f      	ldr	r3, [pc, #60]	@ (1000601c <runtime_init_clocks+0xd8>)
10005fe0:	fba3 3500 	umull	r3, r5, r3, r0
10005fe4:	0cad      	lsrs	r5, r5, #18
10005fe6:	b2e0      	uxtb	r0, r4
10005fe8:	4629      	mov	r1, r5
10005fea:	3401      	adds	r4, #1
10005fec:	f7ff fd3a 	bl	10005a64 <tick_start>
10005ff0:	2c06      	cmp	r4, #6
10005ff2:	d1f8      	bne.n	10005fe6 <runtime_init_clocks+0xa2>
10005ff4:	b003      	add	sp, #12
10005ff6:	bdf0      	pop	{r4, r5, r6, r7, pc}
10005ff8:	40010000 	.word	0x40010000
10005ffc:	40013000 	.word	0x40013000
10006000:	59682f00 	.word	0x59682f00
10006004:	40050000 	.word	0x40050000
10006008:	47868c00 	.word	0x47868c00
1000600c:	40058000 	.word	0x40058000
10006010:	00b71b00 	.word	0x00b71b00
10006014:	08f0d180 	.word	0x08f0d180
10006018:	02dc6c00 	.word	0x02dc6c00
1000601c:	431bde83 	.word	0x431bde83

10006020 <generic_save_state>:
10006020:	b086      	sub	sp, #24
10006022:	b403      	push	{r0, r1}
10006024:	fc51 0408 	dcp_pxmd r0, r1
10006028:	e9cd 0102 	strd	r0, r1, [sp, #8]
1000602c:	fc51 0409 	dcp_pymd r0, r1
10006030:	e9cd 0104 	strd	r0, r1, [sp, #16]
10006034:	ec51 040a 	dcp_refd r0, r1
10006038:	e9cd 0106 	strd	r0, r1, [sp, #24]
1000603c:	bc03      	pop	{r0, r1}
1000603e:	47f0      	blx	lr

10006040 <generic_restore_state>:
10006040:	e8bd 5000 	ldmia.w	sp!, {ip, lr}
10006044:	ec4e c400 	dcp_wxmd ip, lr
10006048:	e8bd 5000 	ldmia.w	sp!, {ip, lr}
1000604c:	ec4e c401 	dcp_wymd ip, lr
10006050:	e8bd 5000 	ldmia.w	sp!, {ip, lr}
10006054:	ec4e c402 	dcp_wefd ip, lr
10006058:	bd00      	pop	{pc}
1000605a:	0000      	movs	r0, r0
1000605c:	b500      	push	{lr}
1000605e:	f7ff ffdf 	bl	10006020 <generic_save_state>
10006062:	e002      	b.n	1000606a <__wrap___aeabi_dadd+0x6>

10006064 <__wrap___aeabi_dadd>:
10006064:	fe10 f430 	dcp_pcmp APSR_nzcv
10006068:	d4f8      	bmi.n	1000605c <generic_restore_state+0x1c>
1000606a:	ec41 0410 	dcp_wxup r0, r1
1000606e:	ec43 2411 	dcp_wyup r2, r3
10006072:	ee00 0401 	dcp_add0
10006076:	ee10 0401 	dcp_add1
1000607a:	ee80 0420 	dcp_nrdd
1000607e:	ec51 0410 	dcp_rdda r0, r1
10006082:	4770      	bx	lr
10006084:	b500      	push	{lr}
10006086:	f7ff ffcb 	bl	10006020 <generic_save_state>
1000608a:	e002      	b.n	10006092 <__wrap___aeabi_dsub+0x6>

1000608c <__wrap___aeabi_dsub>:
1000608c:	fe10 f430 	dcp_pcmp APSR_nzcv
10006090:	d4f8      	bmi.n	10006084 <__wrap___aeabi_dadd+0x20>
10006092:	ec41 0410 	dcp_wxup r0, r1
10006096:	ec43 2411 	dcp_wyup r2, r3
1000609a:	ee00 0401 	dcp_add0
1000609e:	ee10 0421 	dcp_sub1
100060a2:	ee80 0420 	dcp_nrdd
100060a6:	ec51 0430 	dcp_rdds r0, r1
100060aa:	4770      	bx	lr
100060ac:	b500      	push	{lr}
100060ae:	f7ff ffb7 	bl	10006020 <generic_save_state>
100060b2:	e002      	b.n	100060ba <__wrap___aeabi_dmul+0x6>

100060b4 <__wrap___aeabi_dmul>:
100060b4:	fe10 f430 	dcp_pcmp APSR_nzcv
100060b8:	d4f8      	bmi.n	100060ac <__wrap___aeabi_dsub+0x20>
100060ba:	b510      	push	{r4, lr}
100060bc:	ec41 0410 	dcp_wxup r0, r1
100060c0:	ec43 2411 	dcp_wyup r2, r3
100060c4:	ec51 0404 	dcp_rxms r0, r1, #0x0
100060c8:	ec53 2405 	dcp_ryms r2, r3, #0x0
100060cc:	fba0 4c02 	umull	r4, ip, r0, r2
100060d0:	f05f 0e00 	movs.w	lr, #0
100060d4:	fbe0 ce03 	umlal	ip, lr, r0, r3
100060d8:	fbe1 ce02 	umlal	ip, lr, r1, r2
100060dc:	ec4c 4420 	dcp_wxms r4, ip
100060e0:	2400      	movs	r4, #0
100060e2:	fbe1 e403 	umlal	lr, r4, r1, r3
100060e6:	ec44 e430 	dcp_wxmo lr, r4
100060ea:	ee80 0420 	dcp_nrdd
100060ee:	ec51 0450 	dcp_rddm r0, r1
100060f2:	e8bd 4010 	ldmia.w	sp!, {r4, lr}
100060f6:	4770      	bx	lr
100060f8:	b500      	push	{lr}
100060fa:	f7ff ff91 	bl	10006020 <generic_save_state>
100060fe:	e002      	b.n	10006106 <__wrap___aeabi_ddiv+0x6>

10006100 <__wrap___aeabi_ddiv>:
10006100:	fe10 f430 	dcp_pcmp APSR_nzcv
10006104:	d4f8      	bmi.n	100060f8 <__wrap___aeabi_dmul+0x44>
10006106:	ec41 0410 	dcp_wxup r0, r1
1000610a:	ec43 2411 	dcp_wyup r2, r3
1000610e:	ec51 0421 	dcp_rymr r0, r1
10006112:	fba0 1201 	umull	r1, r2, r0, r1
10006116:	ea6f 0282 	mvn.w	r2, r2, lsl #2
1000611a:	fb52 0010 	smmlar	r0, r2, r0, r0
1000611e:	fb52 f212 	smmulr	r2, r2, r2
10006122:	fb52 0010 	smmlar	r0, r2, r0, r0
10006126:	eba0 7cd0 	sub.w	ip, r0, r0, lsr #31
1000612a:	ec53 2404 	dcp_rxms r2, r3, #0x0
1000612e:	fb5c f113 	smmulr	r1, ip, r3
10006132:	ec53 2415 	dcp_ryms r2, r3, #0x1
10006136:	fba1 2002 	umull	r2, r0, r1, r2
1000613a:	fb01 0003 	mla	r0, r1, r3, r0
1000613e:	ec53 2444 	dcp_rxms r2, r3, #0x4
10006142:	eba2 0000 	sub.w	r0, r2, r0
10006146:	fb50 f21c 	smmulr	r2, r0, ip
1000614a:	ea4f 1311 	mov.w	r3, r1, lsr #4
1000614e:	eb12 7001 	adds.w	r0, r2, r1, lsl #28
10006152:	eb43 71e2 	adc.w	r1, r3, r2, asr #31
10006156:	ea40 5051 	orr.w	r0, r0, r1, lsr #21
1000615a:	ea20 5091 	bic.w	r0, r0, r1, lsr #22
1000615e:	f020 0007 	bic.w	r0, r0, #7
10006162:	ec53 2475 	dcp_ryms r2, r3, #0x7
10006166:	fba0 3c02 	umull	r3, ip, r0, r2
1000616a:	ec53 2475 	dcp_ryms r2, r3, #0x7
1000616e:	fb00 cc03 	mla	ip, r0, r3, ip
10006172:	fb01 cc02 	mla	ip, r1, r2, ip
10006176:	ec53 2404 	dcp_rxms r2, r3, #0x0
1000617a:	ebac 4c82 	sub.w	ip, ip, r2, lsl #18
1000617e:	ea40 705c 	orr.w	r0, r0, ip, lsr #29
10006182:	f1a0 0001 	sub.w	r0, r0, #1
10006186:	ec41 0440 	dcp_wxdd r0, r1
1000618a:	ee80 0420 	dcp_nrdd
1000618e:	ec51 0470 	dcp_rddd r0, r1
10006192:	4770      	bx	lr
10006194:	b500      	push	{lr}
10006196:	f7ff ff43 	bl	10006020 <generic_save_state>
1000619a:	e002      	b.n	100061a2 <__wrap___aeabi_i2d+0x6>

1000619c <__wrap___aeabi_i2d>:
1000619c:	fe10 f430 	dcp_pcmp APSR_nzcv
100061a0:	d4f8      	bmi.n	10006194 <__wrap___aeabi_ddiv+0x94>
100061a2:	ec40 0470 	dcp_wxic r0, r0
100061a6:	ee00 0401 	dcp_add0
100061aa:	ee10 0421 	dcp_sub1
100061ae:	ee80 0420 	dcp_nrdd
100061b2:	ec51 0430 	dcp_rdds r0, r1
100061b6:	4770      	bx	lr
100061b8:	b500      	push	{lr}
100061ba:	f7ff ff31 	bl	10006020 <generic_save_state>
100061be:	e002      	b.n	100061c6 <__wrap___aeabi_ui2d+0x6>

100061c0 <__wrap___aeabi_ui2d>:
100061c0:	fe10 f430 	dcp_pcmp APSR_nzcv
100061c4:	d4f8      	bmi.n	100061b8 <__wrap___aeabi_i2d+0x1c>
100061c6:	ec40 0460 	dcp_wxuc r0, r0
100061ca:	ee00 0401 	dcp_add0
100061ce:	ee10 0421 	dcp_sub1
100061d2:	ee80 0420 	dcp_nrdd
100061d6:	ec51 0430 	dcp_rdds r0, r1
100061da:	4770      	bx	lr
100061dc:	b500      	push	{lr}
100061de:	f7ff ff1f 	bl	10006020 <generic_save_state>
100061e2:	e002      	b.n	100061ea <__wrap___aeabi_d2iz+0x6>

100061e4 <__wrap___aeabi_d2iz>:
100061e4:	fe10 f430 	dcp_pcmp APSR_nzcv
100061e8:	d4f8      	bmi.n	100061dc <__wrap___aeabi_ui2d+0x1c>
100061ea:	ec41 0480 	dcp_wxdc r0, r1
100061ee:	ee00 0401 	dcp_add0
100061f2:	ee10 0401 	dcp_add1
100061f6:	ee80 0440 	dcp_ntdc
100061fa:	ee10 0413 	dcp_rdic r0
100061fe:	4770      	bx	lr
10006200:	b500      	push	{lr}
10006202:	f7ff ff0d 	bl	10006020 <generic_save_state>
10006206:	e002      	b.n	1000620e <__wrap___aeabi_d2uiz+0x6>

10006208 <__wrap___aeabi_d2uiz>:
10006208:	fe10 f430 	dcp_pcmp APSR_nzcv
1000620c:	d4f8      	bmi.n	10006200 <__wrap___aeabi_d2iz+0x1c>
1000620e:	ec41 0480 	dcp_wxdc r0, r1
10006212:	ee00 0401 	dcp_add0
10006216:	ee10 0401 	dcp_add1
1000621a:	ee80 0440 	dcp_ntdc
1000621e:	ee10 0433 	dcp_rduc r0
10006222:	4770      	bx	lr
10006224:	b500      	push	{lr}
10006226:	f7ff fefb 	bl	10006020 <generic_save_state>
1000622a:	e002      	b.n	10006232 <__wrap___aeabi_dcmpun+0x6>

1000622c <__wrap___aeabi_dcmpun>:
1000622c:	fe10 f430 	dcp_pcmp APSR_nzcv
10006230:	d4f8      	bmi.n	10006224 <__wrap___aeabi_d2uiz+0x1c>
10006232:	ec41 0410 	dcp_wxup r0, r1
10006236:	ec43 2411 	dcp_wyup r2, r3
1000623a:	ee00 0401 	dcp_add0
1000623e:	ee10 0430 	dcp_rcmp r0
10006242:	f3c0 7000 	ubfx	r0, r0, #28, #1
10006246:	4770      	bx	lr
10006248:	b500      	push	{lr}
1000624a:	f7ff fee9 	bl	10006020 <generic_save_state>
1000624e:	e002      	b.n	10006256 <__wrap___aeabi_dcmplt+0x6>

10006250 <__wrap___aeabi_dcmplt>:
10006250:	fe10 f430 	dcp_pcmp APSR_nzcv
10006254:	d4f8      	bmi.n	10006248 <__wrap___aeabi_dcmpun+0x1c>
10006256:	ec43 2410 	dcp_wxup r2, r3
1000625a:	ec41 0411 	dcp_wyup r0, r1
1000625e:	ee00 0401 	dcp_add0
10006262:	ee10 f430 	dcp_rcmp APSR_nzcv
10006266:	bf8c      	ite	hi
10006268:	2001      	movhi	r0, #1
1000626a:	2000      	movls	r0, #0
1000626c:	4770      	bx	lr
1000626e:	bf00      	nop
10006270:	b500      	push	{lr}
10006272:	f7ff fed5 	bl	10006020 <generic_save_state>
10006276:	e002      	b.n	1000627e <__wrap___aeabi_dcmpge+0x6>

10006278 <__wrap___aeabi_dcmpge>:
10006278:	fe10 f430 	dcp_pcmp APSR_nzcv
1000627c:	d4f8      	bmi.n	10006270 <__wrap___aeabi_dcmplt+0x20>
1000627e:	ec41 0410 	dcp_wxup r0, r1
10006282:	ec43 2411 	dcp_wyup r2, r3
10006286:	ee00 0401 	dcp_add0
1000628a:	ee10 f430 	dcp_rcmp APSR_nzcv
1000628e:	bf2c      	ite	cs
10006290:	2001      	movcs	r0, #1
10006292:	2000      	movcc	r0, #0
10006294:	4770      	bx	lr
10006296:	bf00      	nop
10006298:	b500      	push	{lr}
1000629a:	f7ff fec1 	bl	10006020 <generic_save_state>
1000629e:	e002      	b.n	100062a6 <__wrap___aeabi_dcmpgt+0x6>

100062a0 <__wrap___aeabi_dcmpgt>:
100062a0:	fe10 f430 	dcp_pcmp APSR_nzcv
100062a4:	d4f8      	bmi.n	10006298 <__wrap___aeabi_dcmpge+0x20>
100062a6:	ec41 0410 	dcp_wxup r0, r1
100062aa:	ec43 2411 	dcp_wyup r2, r3
100062ae:	ee00 0401 	dcp_add0
100062b2:	ee10 f430 	dcp_rcmp APSR_nzcv
100062b6:	bf8c      	ite	hi
100062b8:	2001      	movhi	r0, #1
100062ba:	2000      	movls	r0, #0
100062bc:	4770      	bx	lr
100062be:	bf00      	nop

100062c0 <_out_null>:
100062c0:	4770      	bx	lr
100062c2:	bf00      	nop

100062c4 <_out_rev>:
100062c4:	e92d 4ff0 	stmdb	sp!, {r4, r5, r6, r7, r8, r9, sl, fp, lr}
100062c8:	b083      	sub	sp, #12
100062ca:	4698      	mov	r8, r3
100062cc:	9b0f      	ldr	r3, [sp, #60]	@ 0x3c
100062ce:	460f      	mov	r7, r1
100062d0:	4611      	mov	r1, r2
100062d2:	079a      	lsls	r2, r3, #30
100062d4:	4606      	mov	r6, r0
100062d6:	f8dd 9030 	ldr.w	r9, [sp, #48]	@ 0x30
100062da:	f8dd b038 	ldr.w	fp, [sp, #56]	@ 0x38
100062de:	d112      	bne.n	10006306 <_out_rev+0x42>
100062e0:	9b0d      	ldr	r3, [sp, #52]	@ 0x34
100062e2:	455b      	cmp	r3, fp
100062e4:	d20f      	bcs.n	10006306 <_out_rev+0x42>
100062e6:	468a      	mov	sl, r1
100062e8:	460c      	mov	r4, r1
100062ea:	ebab 0503 	sub.w	r5, fp, r3
100062ee:	440d      	add	r5, r1
100062f0:	4652      	mov	r2, sl
100062f2:	4643      	mov	r3, r8
100062f4:	4639      	mov	r1, r7
100062f6:	2020      	movs	r0, #32
100062f8:	f10a 0a01 	add.w	sl, sl, #1
100062fc:	47b0      	blx	r6
100062fe:	45aa      	cmp	sl, r5
10006300:	d1f6      	bne.n	100062f0 <_out_rev+0x2c>
10006302:	4621      	mov	r1, r4
10006304:	e000      	b.n	10006308 <_out_rev+0x44>
10006306:	460d      	mov	r5, r1
10006308:	9b0d      	ldr	r3, [sp, #52]	@ 0x34
1000630a:	b193      	cbz	r3, 10006332 <_out_rev+0x6e>
1000630c:	eb09 0403 	add.w	r4, r9, r3
10006310:	eb04 0a05 	add.w	sl, r4, r5
10006314:	9501      	str	r5, [sp, #4]
10006316:	460d      	mov	r5, r1
10006318:	ebaa 0204 	sub.w	r2, sl, r4
1000631c:	f814 0d01 	ldrb.w	r0, [r4, #-1]!
10006320:	4643      	mov	r3, r8
10006322:	4639      	mov	r1, r7
10006324:	47b0      	blx	r6
10006326:	454c      	cmp	r4, r9
10006328:	d1f6      	bne.n	10006318 <_out_rev+0x54>
1000632a:	4629      	mov	r1, r5
1000632c:	9b0d      	ldr	r3, [sp, #52]	@ 0x34
1000632e:	9d01      	ldr	r5, [sp, #4]
10006330:	441d      	add	r5, r3
10006332:	9b0f      	ldr	r3, [sp, #60]	@ 0x3c
10006334:	079b      	lsls	r3, r3, #30
10006336:	d50c      	bpl.n	10006352 <_out_rev+0x8e>
10006338:	1a6c      	subs	r4, r5, r1
1000633a:	45a3      	cmp	fp, r4
1000633c:	d909      	bls.n	10006352 <_out_rev+0x8e>
1000633e:	462a      	mov	r2, r5
10006340:	4643      	mov	r3, r8
10006342:	4639      	mov	r1, r7
10006344:	2020      	movs	r0, #32
10006346:	3401      	adds	r4, #1
10006348:	47b0      	blx	r6
1000634a:	45a3      	cmp	fp, r4
1000634c:	f105 0501 	add.w	r5, r5, #1
10006350:	d8f5      	bhi.n	1000633e <_out_rev+0x7a>
10006352:	4628      	mov	r0, r5
10006354:	b003      	add	sp, #12
10006356:	e8bd 8ff0 	ldmia.w	sp!, {r4, r5, r6, r7, r8, r9, sl, fp, pc}
1000635a:	bf00      	nop

1000635c <_ntoa_format>:
1000635c:	e92d 4ff0 	stmdb	sp!, {r4, r5, r6, r7, r8, r9, sl, fp, lr}
10006360:	9f0f      	ldr	r7, [sp, #60]	@ 0x3c
10006362:	f8dd e024 	ldr.w	lr, [sp, #36]	@ 0x24
10006366:	f017 0f02 	tst.w	r7, #2
1000636a:	9c0a      	ldr	r4, [sp, #40]	@ 0x28
1000636c:	f89d 902c 	ldrb.w	r9, [sp, #44]	@ 0x2c
10006370:	9d0e      	ldr	r5, [sp, #56]	@ 0x38
10006372:	e9dd 860c 	ldrd	r8, r6, [sp, #48]	@ 0x30
10006376:	d129      	bne.n	100063cc <_ntoa_format+0x70>
10006378:	2d00      	cmp	r5, #0
1000637a:	d166      	bne.n	1000644a <_ntoa_format+0xee>
1000637c:	42b4      	cmp	r4, r6
1000637e:	d225      	bcs.n	100063cc <_ntoa_format+0x70>
10006380:	2c20      	cmp	r4, #32
10006382:	f007 0b01 	and.w	fp, r7, #1
10006386:	f000 810a 	beq.w	1000659e <_ntoa_format+0x242>
1000638a:	f104 3cff 	add.w	ip, r4, #4294967295	@ 0xffffffff
1000638e:	f04f 0a30 	mov.w	sl, #48	@ 0x30
10006392:	44f4      	add	ip, lr
10006394:	e001      	b.n	1000639a <_ntoa_format+0x3e>
10006396:	2c20      	cmp	r4, #32
10006398:	d076      	beq.n	10006488 <_ntoa_format+0x12c>
1000639a:	3401      	adds	r4, #1
1000639c:	42a6      	cmp	r6, r4
1000639e:	f80c af01 	strb.w	sl, [ip, #1]!
100063a2:	d8f8      	bhi.n	10006396 <_ntoa_format+0x3a>
100063a4:	f1bb 0f00 	cmp.w	fp, #0
100063a8:	d010      	beq.n	100063cc <_ntoa_format+0x70>
100063aa:	42ac      	cmp	r4, r5
100063ac:	d20e      	bcs.n	100063cc <_ntoa_format+0x70>
100063ae:	2c20      	cmp	r4, #32
100063b0:	d070      	beq.n	10006494 <_ntoa_format+0x138>
100063b2:	f104 3cff 	add.w	ip, r4, #4294967295	@ 0xffffffff
100063b6:	f04f 0a30 	mov.w	sl, #48	@ 0x30
100063ba:	44f4      	add	ip, lr
100063bc:	e001      	b.n	100063c2 <_ntoa_format+0x66>
100063be:	2c20      	cmp	r4, #32
100063c0:	d022      	beq.n	10006408 <_ntoa_format+0xac>
100063c2:	3401      	adds	r4, #1
100063c4:	42ac      	cmp	r4, r5
100063c6:	f80c af01 	strb.w	sl, [ip, #1]!
100063ca:	d1f8      	bne.n	100063be <_ntoa_format+0x62>
100063cc:	f017 0f10 	tst.w	r7, #16
100063d0:	d031      	beq.n	10006436 <_ntoa_format+0xda>
100063d2:	f417 6f80 	tst.w	r7, #1024	@ 0x400
100063d6:	d14c      	bne.n	10006472 <_ntoa_format+0x116>
100063d8:	b9dc      	cbnz	r4, 10006412 <_ntoa_format+0xb6>
100063da:	f1b8 0f10 	cmp.w	r8, #16
100063de:	f000 80b8 	beq.w	10006552 <_ntoa_format+0x1f6>
100063e2:	f1b8 0f02 	cmp.w	r8, #2
100063e6:	f000 80c2 	beq.w	1000656e <_ntoa_format+0x212>
100063ea:	2430      	movs	r4, #48	@ 0x30
100063ec:	f88e 4000 	strb.w	r4, [lr]
100063f0:	2401      	movs	r4, #1
100063f2:	f1b9 0f00 	cmp.w	r9, #0
100063f6:	d15a      	bne.n	100064ae <_ntoa_format+0x152>
100063f8:	077e      	lsls	r6, r7, #29
100063fa:	f140 8086 	bpl.w	1000650a <_ntoa_format+0x1ae>
100063fe:	262b      	movs	r6, #43	@ 0x2b
10006400:	f80e 6004 	strb.w	r6, [lr, r4]
10006404:	3401      	adds	r4, #1
10006406:	e018      	b.n	1000643a <_ntoa_format+0xde>
10006408:	06fc      	lsls	r4, r7, #27
1000640a:	d573      	bpl.n	100064f4 <_ntoa_format+0x198>
1000640c:	057c      	lsls	r4, r7, #21
1000640e:	d42f      	bmi.n	10006470 <_ntoa_format+0x114>
10006410:	2420      	movs	r4, #32
10006412:	42a6      	cmp	r6, r4
10006414:	d001      	beq.n	1000641a <_ntoa_format+0xbe>
10006416:	42ac      	cmp	r4, r5
10006418:	d12b      	bne.n	10006472 <_ntoa_format+0x116>
1000641a:	1e66      	subs	r6, r4, #1
1000641c:	f000 8086 	beq.w	1000652c <_ntoa_format+0x1d0>
10006420:	f1b8 0f10 	cmp.w	r8, #16
10006424:	f000 80c0 	beq.w	100065a8 <_ntoa_format+0x24c>
10006428:	f1b8 0f02 	cmp.w	r8, #2
1000642c:	d05b      	beq.n	100064e6 <_ntoa_format+0x18a>
1000642e:	f04f 0c30 	mov.w	ip, #48	@ 0x30
10006432:	f80e c006 	strb.w	ip, [lr, r6]
10006436:	2c20      	cmp	r4, #32
10006438:	d1db      	bne.n	100063f2 <_ntoa_format+0x96>
1000643a:	e9cd 570b 	strd	r5, r7, [sp, #44]	@ 0x2c
1000643e:	e9cd e409 	strd	lr, r4, [sp, #36]	@ 0x24
10006442:	e8bd 4ff0 	ldmia.w	sp!, {r4, r5, r6, r7, r8, r9, sl, fp, lr}
10006446:	f7ff bf3d 	b.w	100062c4 <_out_rev>
1000644a:	f017 0b01 	ands.w	fp, r7, #1
1000644e:	d03a      	beq.n	100064c6 <_ntoa_format+0x16a>
10006450:	f1b9 0f00 	cmp.w	r9, #0
10006454:	d14c      	bne.n	100064f0 <_ntoa_format+0x194>
10006456:	f017 0f0c 	tst.w	r7, #12
1000645a:	d149      	bne.n	100064f0 <_ntoa_format+0x194>
1000645c:	42b4      	cmp	r4, r6
1000645e:	d2a4      	bcs.n	100063aa <_ntoa_format+0x4e>
10006460:	2c20      	cmp	r4, #32
10006462:	d192      	bne.n	1000638a <_ntoa_format+0x2e>
10006464:	2d20      	cmp	r5, #32
10006466:	d815      	bhi.n	10006494 <_ntoa_format+0x138>
10006468:	f017 0f10 	tst.w	r7, #16
1000646c:	d1b1      	bne.n	100063d2 <_ntoa_format+0x76>
1000646e:	e7e4      	b.n	1000643a <_ntoa_format+0xde>
10006470:	2420      	movs	r4, #32
10006472:	f1b8 0f10 	cmp.w	r8, #16
10006476:	d03f      	beq.n	100064f8 <_ntoa_format+0x19c>
10006478:	f1b8 0f02 	cmp.w	r8, #2
1000647c:	d02f      	beq.n	100064de <_ntoa_format+0x182>
1000647e:	2c20      	cmp	r4, #32
10006480:	d0db      	beq.n	1000643a <_ntoa_format+0xde>
10006482:	4626      	mov	r6, r4
10006484:	3401      	adds	r4, #1
10006486:	e7d2      	b.n	1000642e <_ntoa_format+0xd2>
10006488:	f1bb 0f00 	cmp.w	fp, #0
1000648c:	f000 809d 	beq.w	100065ca <_ntoa_format+0x26e>
10006490:	2d20      	cmp	r5, #32
10006492:	d9b9      	bls.n	10006408 <_ntoa_format+0xac>
10006494:	06fc      	lsls	r4, r7, #27
10006496:	d52d      	bpl.n	100064f4 <_ntoa_format+0x198>
10006498:	057c      	lsls	r4, r7, #21
1000649a:	d42b      	bmi.n	100064f4 <_ntoa_format+0x198>
1000649c:	2e20      	cmp	r6, #32
1000649e:	f000 80a2 	beq.w	100065e6 <_ntoa_format+0x28a>
100064a2:	2d20      	cmp	r5, #32
100064a4:	d1e4      	bne.n	10006470 <_ntoa_format+0x114>
100064a6:	2520      	movs	r5, #32
100064a8:	261f      	movs	r6, #31
100064aa:	462c      	mov	r4, r5
100064ac:	e7b8      	b.n	10006420 <_ntoa_format+0xc4>
100064ae:	262d      	movs	r6, #45	@ 0x2d
100064b0:	f80e 6004 	strb.w	r6, [lr, r4]
100064b4:	3401      	adds	r4, #1
100064b6:	e9cd 570b 	strd	r5, r7, [sp, #44]	@ 0x2c
100064ba:	e9cd e409 	strd	lr, r4, [sp, #36]	@ 0x24
100064be:	e8bd 4ff0 	ldmia.w	sp!, {r4, r5, r6, r7, r8, r9, sl, fp, lr}
100064c2:	f7ff beff 	b.w	100062c4 <_out_rev>
100064c6:	42b4      	cmp	r4, r6
100064c8:	d280      	bcs.n	100063cc <_ntoa_format+0x70>
100064ca:	2c20      	cmp	r4, #32
100064cc:	f47f af5d 	bne.w	1000638a <_ntoa_format+0x2e>
100064d0:	f017 0f10 	tst.w	r7, #16
100064d4:	d0b1      	beq.n	1000643a <_ntoa_format+0xde>
100064d6:	f417 6f80 	tst.w	r7, #1024	@ 0x400
100064da:	d1ca      	bne.n	10006472 <_ntoa_format+0x116>
100064dc:	e799      	b.n	10006412 <_ntoa_format+0xb6>
100064de:	2c20      	cmp	r4, #32
100064e0:	d0ab      	beq.n	1000643a <_ntoa_format+0xde>
100064e2:	4626      	mov	r6, r4
100064e4:	3401      	adds	r4, #1
100064e6:	f04f 0c62 	mov.w	ip, #98	@ 0x62
100064ea:	f80e c006 	strb.w	ip, [lr, r6]
100064ee:	e7c6      	b.n	1000647e <_ntoa_format+0x122>
100064f0:	3d01      	subs	r5, #1
100064f2:	e7b3      	b.n	1000645c <_ntoa_format+0x100>
100064f4:	2420      	movs	r4, #32
100064f6:	e7a0      	b.n	1000643a <_ntoa_format+0xde>
100064f8:	06be      	lsls	r6, r7, #26
100064fa:	d40d      	bmi.n	10006518 <_ntoa_format+0x1bc>
100064fc:	2c20      	cmp	r4, #32
100064fe:	d09c      	beq.n	1000643a <_ntoa_format+0xde>
10006500:	2678      	movs	r6, #120	@ 0x78
10006502:	f80e 6004 	strb.w	r6, [lr, r4]
10006506:	3401      	adds	r4, #1
10006508:	e7b9      	b.n	1000647e <_ntoa_format+0x122>
1000650a:	073e      	lsls	r6, r7, #28
1000650c:	d595      	bpl.n	1000643a <_ntoa_format+0xde>
1000650e:	2620      	movs	r6, #32
10006510:	f80e 6004 	strb.w	r6, [lr, r4]
10006514:	3401      	adds	r4, #1
10006516:	e790      	b.n	1000643a <_ntoa_format+0xde>
10006518:	2c20      	cmp	r4, #32
1000651a:	d08e      	beq.n	1000643a <_ntoa_format+0xde>
1000651c:	f04f 0c58 	mov.w	ip, #88	@ 0x58
10006520:	eb0e 0604 	add.w	r6, lr, r4
10006524:	f886 c000 	strb.w	ip, [r6]
10006528:	3401      	adds	r4, #1
1000652a:	e7a8      	b.n	1000647e <_ntoa_format+0x122>
1000652c:	f1b8 0f10 	cmp.w	r8, #16
10006530:	d043      	beq.n	100065ba <_ntoa_format+0x25e>
10006532:	f1b8 0f02 	cmp.w	r8, #2
10006536:	f47f af58 	bne.w	100063ea <_ntoa_format+0x8e>
1000653a:	2462      	movs	r4, #98	@ 0x62
1000653c:	f88e 4000 	strb.w	r4, [lr]
10006540:	2430      	movs	r4, #48	@ 0x30
10006542:	f88e 4001 	strb.w	r4, [lr, #1]
10006546:	2402      	movs	r4, #2
10006548:	f1b9 0f00 	cmp.w	r9, #0
1000654c:	f43f af54 	beq.w	100063f8 <_ntoa_format+0x9c>
10006550:	e7ad      	b.n	100064ae <_ntoa_format+0x152>
10006552:	06be      	lsls	r6, r7, #26
10006554:	d517      	bpl.n	10006586 <_ntoa_format+0x22a>
10006556:	2458      	movs	r4, #88	@ 0x58
10006558:	f88e 4000 	strb.w	r4, [lr]
1000655c:	2430      	movs	r4, #48	@ 0x30
1000655e:	f88e 4001 	strb.w	r4, [lr, #1]
10006562:	2402      	movs	r4, #2
10006564:	f1b9 0f00 	cmp.w	r9, #0
10006568:	f43f af46 	beq.w	100063f8 <_ntoa_format+0x9c>
1000656c:	e79f      	b.n	100064ae <_ntoa_format+0x152>
1000656e:	2662      	movs	r6, #98	@ 0x62
10006570:	f88e 6000 	strb.w	r6, [lr]
10006574:	2630      	movs	r6, #48	@ 0x30
10006576:	4644      	mov	r4, r8
10006578:	f88e 6001 	strb.w	r6, [lr, #1]
1000657c:	f1b9 0f00 	cmp.w	r9, #0
10006580:	f43f af3a 	beq.w	100063f8 <_ntoa_format+0x9c>
10006584:	e793      	b.n	100064ae <_ntoa_format+0x152>
10006586:	2478      	movs	r4, #120	@ 0x78
10006588:	f88e 4000 	strb.w	r4, [lr]
1000658c:	2430      	movs	r4, #48	@ 0x30
1000658e:	f88e 4001 	strb.w	r4, [lr, #1]
10006592:	2402      	movs	r4, #2
10006594:	f1b9 0f00 	cmp.w	r9, #0
10006598:	f43f af2e 	beq.w	100063f8 <_ntoa_format+0x9c>
1000659c:	e787      	b.n	100064ae <_ntoa_format+0x152>
1000659e:	f1bb 0f00 	cmp.w	fp, #0
100065a2:	f47f af61 	bne.w	10006468 <_ntoa_format+0x10c>
100065a6:	e793      	b.n	100064d0 <_ntoa_format+0x174>
100065a8:	f1a4 0c02 	sub.w	ip, r4, #2
100065ac:	4634      	mov	r4, r6
100065ae:	06be      	lsls	r6, r7, #26
100065b0:	d407      	bmi.n	100065c2 <_ntoa_format+0x266>
100065b2:	2678      	movs	r6, #120	@ 0x78
100065b4:	f80e 600c 	strb.w	r6, [lr, ip]
100065b8:	e763      	b.n	10006482 <_ntoa_format+0x126>
100065ba:	06bc      	lsls	r4, r7, #26
100065bc:	d4cb      	bmi.n	10006556 <_ntoa_format+0x1fa>
100065be:	2478      	movs	r4, #120	@ 0x78
100065c0:	e7bc      	b.n	1000653c <_ntoa_format+0x1e0>
100065c2:	2658      	movs	r6, #88	@ 0x58
100065c4:	f80e 600c 	strb.w	r6, [lr, ip]
100065c8:	e75b      	b.n	10006482 <_ntoa_format+0x126>
100065ca:	f017 0f10 	tst.w	r7, #16
100065ce:	f43f af34 	beq.w	1000643a <_ntoa_format+0xde>
100065d2:	f417 6f80 	tst.w	r7, #1024	@ 0x400
100065d6:	f47f af30 	bne.w	1000643a <_ntoa_format+0xde>
100065da:	2e20      	cmp	r6, #32
100065dc:	d006      	beq.n	100065ec <_ntoa_format+0x290>
100065de:	2d20      	cmp	r5, #32
100065e0:	f47f af47 	bne.w	10006472 <_ntoa_format+0x116>
100065e4:	e75f      	b.n	100064a6 <_ntoa_format+0x14a>
100065e6:	4634      	mov	r4, r6
100065e8:	261f      	movs	r6, #31
100065ea:	e719      	b.n	10006420 <_ntoa_format+0xc4>
100065ec:	261f      	movs	r6, #31
100065ee:	e717      	b.n	10006420 <_ntoa_format+0xc4>

100065f0 <_out_char>:
100065f0:	b900      	cbnz	r0, 100065f4 <_out_char+0x4>
100065f2:	4770      	bx	lr
100065f4:	f001 ba88 	b.w	10007b08 <__wrap_putchar>

100065f8 <_out_fct>:
100065f8:	b110      	cbz	r0, 10006600 <_out_fct+0x8>
100065fa:	e9d1 3100 	ldrd	r3, r1, [r1]
100065fe:	4718      	bx	r3
10006600:	4770      	bx	lr
10006602:	bf00      	nop
10006604:	0000      	movs	r0, r0
	...

10006608 <_etoa>:
10006608:	e92d 4ff0 	stmdb	sp!, {r4, r5, r6, r7, r8, r9, sl, fp, lr}
1000660c:	b09d      	sub	sp, #116	@ 0x74
1000660e:	ed9d 7b26 	vldr	d7, [sp, #152]	@ 0x98
10006612:	e9dd a528 	ldrd	sl, r5, [sp, #160]	@ 0xa0
10006616:	ec58 7b17 	vmov	r7, r8, d7
1000661a:	e9cd 120c 	strd	r1, r2, [sp, #48]	@ 0x30
1000661e:	4683      	mov	fp, r0
10006620:	461e      	mov	r6, r3
10006622:	463a      	mov	r2, r7
10006624:	4643      	mov	r3, r8
10006626:	4638      	mov	r0, r7
10006628:	4641      	mov	r1, r8
1000662a:	ed8d 7b08 	vstr	d7, [sp, #32]
1000662e:	9c2a      	ldr	r4, [sp, #168]	@ 0xa8
10006630:	f7ff fdfc 	bl	1000622c <__wrap___aeabi_dcmpun>
10006634:	2800      	cmp	r0, #0
10006636:	f040 80d5 	bne.w	100067e4 <_etoa+0x1dc>
1000663a:	4638      	mov	r0, r7
1000663c:	4641      	mov	r1, r8
1000663e:	f04f 32ff 	mov.w	r2, #4294967295	@ 0xffffffff
10006642:	4b73      	ldr	r3, [pc, #460]	@ (10006810 <_etoa+0x208>)
10006644:	f7ff fe2c 	bl	100062a0 <__wrap___aeabi_dcmpgt>
10006648:	2800      	cmp	r0, #0
1000664a:	f040 80cb 	bne.w	100067e4 <_etoa+0x1dc>
1000664e:	4638      	mov	r0, r7
10006650:	4641      	mov	r1, r8
10006652:	f04f 32ff 	mov.w	r2, #4294967295	@ 0xffffffff
10006656:	f46f 1380 	mvn.w	r3, #1048576	@ 0x100000
1000665a:	f7ff fdf9 	bl	10006250 <__wrap___aeabi_dcmplt>
1000665e:	2800      	cmp	r0, #0
10006660:	f040 80c0 	bne.w	100067e4 <_etoa+0x1dc>
10006664:	e9dd 7808 	ldrd	r7, r8, [sp, #32]
10006668:	2200      	movs	r2, #0
1000666a:	4638      	mov	r0, r7
1000666c:	4641      	mov	r1, r8
1000666e:	2300      	movs	r3, #0
10006670:	f7ff fdee 	bl	10006250 <__wrap___aeabi_dcmplt>
10006674:	2800      	cmp	r0, #0
10006676:	f040 81bb 	bne.w	100069f0 <_etoa+0x3e8>
1000667a:	e9cd 780a 	strd	r7, r8, [sp, #40]	@ 0x28
1000667e:	e9dd 230a 	ldrd	r2, r3, [sp, #40]	@ 0x28
10006682:	461f      	mov	r7, r3
10006684:	4690      	mov	r8, r2
10006686:	f414 6380 	ands.w	r3, r4, #1024	@ 0x400
1000668a:	bf08      	it	eq
1000668c:	f04f 0a06 	moveq.w	sl, #6
10006690:	9311      	str	r3, [sp, #68]	@ 0x44
10006692:	ea58 0307 	orrs.w	r3, r8, r7
10006696:	f040 80bf 	bne.w	10006818 <_etoa+0x210>
1000669a:	f414 6300 	ands.w	r3, r4, #2048	@ 0x800
1000669e:	f000 819f 	beq.w	100069e0 <_etoa+0x3d8>
100066a2:	ed9f 7b59 	vldr	d7, [pc, #356]	@ 10006808 <_etoa+0x200>
100066a6:	2700      	movs	r7, #0
100066a8:	ed8d 7b0e 	vstr	d7, [sp, #56]	@ 0x38
100066ac:	f04f 0800 	mov.w	r8, #0
100066b0:	45ba      	cmp	sl, r7
100066b2:	bfcc      	ite	gt
100066b4:	ebaa 0a07 	subgt.w	sl, sl, r7
100066b8:	f04f 0a00 	movle.w	sl, #0
100066bc:	4647      	mov	r7, r8
100066be:	bfc8      	it	gt
100066c0:	f10a 3aff 	addgt.w	sl, sl, #4294967295	@ 0xffffffff
100066c4:	f444 6480 	orr.w	r4, r4, #1024	@ 0x400
100066c8:	4545      	cmp	r5, r8
100066ca:	bf94      	ite	ls
100066cc:	f04f 0900 	movls.w	r9, #0
100066d0:	eba5 0908 	subhi.w	r9, r5, r8
100066d4:	f014 0302 	ands.w	r3, r4, #2
100066d8:	9310      	str	r3, [sp, #64]	@ 0x40
100066da:	d004      	beq.n	100066e6 <_etoa+0xde>
100066dc:	f1b8 0f00 	cmp.w	r8, #0
100066e0:	bf18      	it	ne
100066e2:	f04f 0900 	movne.w	r9, #0
100066e6:	b13f      	cbz	r7, 100066f8 <_etoa+0xf0>
100066e8:	e9dd 010a 	ldrd	r0, r1, [sp, #40]	@ 0x28
100066ec:	e9dd 230e 	ldrd	r2, r3, [sp, #56]	@ 0x38
100066f0:	f7ff fd06 	bl	10006100 <__wrap___aeabi_ddiv>
100066f4:	e9cd 010a 	strd	r0, r1, [sp, #40]	@ 0x28
100066f8:	e9dd 0108 	ldrd	r0, r1, [sp, #32]
100066fc:	2200      	movs	r2, #0
100066fe:	2300      	movs	r3, #0
10006700:	f7ff fda6 	bl	10006250 <__wrap___aeabi_dcmplt>
10006704:	b130      	cbz	r0, 10006714 <_etoa+0x10c>
10006706:	e9dd 010a 	ldrd	r0, r1, [sp, #40]	@ 0x28
1000670a:	4602      	mov	r2, r0
1000670c:	f101 4300 	add.w	r3, r1, #2147483648	@ 0x80000000
10006710:	e9cd 230a 	strd	r2, r3, [sp, #40]	@ 0x28
10006714:	ed9d 7b0a 	vldr	d7, [sp, #40]	@ 0x28
10006718:	f424 6300 	bic.w	r3, r4, #2048	@ 0x800
1000671c:	e9cd a902 	strd	sl, r9, [sp, #8]
10006720:	e9dd a20c 	ldrd	sl, r2, [sp, #48]	@ 0x30
10006724:	9304      	str	r3, [sp, #16]
10006726:	ed8d 7b00 	vstr	d7, [sp]
1000672a:	4633      	mov	r3, r6
1000672c:	4651      	mov	r1, sl
1000672e:	4658      	mov	r0, fp
10006730:	f000 f996 	bl	10006a60 <_ftoa>
10006734:	4681      	mov	r9, r0
10006736:	f1b8 0f00 	cmp.w	r8, #0
1000673a:	d04f      	beq.n	100067dc <_etoa+0x1d4>
1000673c:	f014 0f20 	tst.w	r4, #32
10006740:	464a      	mov	r2, r9
10006742:	bf0c      	ite	eq
10006744:	2065      	moveq	r0, #101	@ 0x65
10006746:	2045      	movne	r0, #69	@ 0x45
10006748:	4633      	mov	r3, r6
1000674a:	4651      	mov	r1, sl
1000674c:	47d8      	blx	fp
1000674e:	f109 0401 	add.w	r4, r9, #1
10006752:	ea87 7ce7 	eor.w	ip, r7, r7, asr #31
10006756:	f10d 0950 	add.w	r9, sp, #80	@ 0x50
1000675a:	f108 30ff 	add.w	r0, r8, #4294967295	@ 0xffffffff
1000675e:	464b      	mov	r3, r9
10006760:	2200      	movs	r2, #0
10006762:	f8df 80b0 	ldr.w	r8, [pc, #176]	@ 10006814 <_etoa+0x20c>
10006766:	ebac 7ce7 	sub.w	ip, ip, r7, asr #31
1000676a:	ea4f 7ed7 	mov.w	lr, r7, lsr #31
1000676e:	e001      	b.n	10006774 <_etoa+0x16c>
10006770:	2a20      	cmp	r2, #32
10006772:	d010      	beq.n	10006796 <_etoa+0x18e>
10006774:	46e2      	mov	sl, ip
10006776:	fba8 710c 	umull	r7, r1, r8, ip
1000677a:	08c9      	lsrs	r1, r1, #3
1000677c:	eb01 0781 	add.w	r7, r1, r1, lsl #2
10006780:	ebac 0747 	sub.w	r7, ip, r7, lsl #1
10006784:	3730      	adds	r7, #48	@ 0x30
10006786:	f1ba 0f09 	cmp.w	sl, #9
1000678a:	468c      	mov	ip, r1
1000678c:	f102 0201 	add.w	r2, r2, #1
10006790:	f803 7b01 	strb.w	r7, [r3], #1
10006794:	d8ec      	bhi.n	10006770 <_etoa+0x168>
10006796:	2305      	movs	r3, #5
10006798:	9005      	str	r0, [sp, #20]
1000679a:	9306      	str	r3, [sp, #24]
1000679c:	2000      	movs	r0, #0
1000679e:	230a      	movs	r3, #10
100067a0:	9f0c      	ldr	r7, [sp, #48]	@ 0x30
100067a2:	e9cd 3003 	strd	r3, r0, [sp, #12]
100067a6:	e9cd 2e01 	strd	r2, lr, [sp, #4]
100067aa:	4633      	mov	r3, r6
100067ac:	f8cd 9000 	str.w	r9, [sp]
100067b0:	4622      	mov	r2, r4
100067b2:	4639      	mov	r1, r7
100067b4:	4658      	mov	r0, fp
100067b6:	f7ff fdd1 	bl	1000635c <_ntoa_format>
100067ba:	9b10      	ldr	r3, [sp, #64]	@ 0x40
100067bc:	4681      	mov	r9, r0
100067be:	b16b      	cbz	r3, 100067dc <_etoa+0x1d4>
100067c0:	9b0d      	ldr	r3, [sp, #52]	@ 0x34
100067c2:	1ac4      	subs	r4, r0, r3
100067c4:	42a5      	cmp	r5, r4
100067c6:	d909      	bls.n	100067dc <_etoa+0x1d4>
100067c8:	464a      	mov	r2, r9
100067ca:	4633      	mov	r3, r6
100067cc:	4639      	mov	r1, r7
100067ce:	2020      	movs	r0, #32
100067d0:	3401      	adds	r4, #1
100067d2:	47d8      	blx	fp
100067d4:	42a5      	cmp	r5, r4
100067d6:	f109 0901 	add.w	r9, r9, #1
100067da:	d8f5      	bhi.n	100067c8 <_etoa+0x1c0>
100067dc:	4648      	mov	r0, r9
100067de:	b01d      	add	sp, #116	@ 0x74
100067e0:	e8bd 8ff0 	ldmia.w	sp!, {r4, r5, r6, r7, r8, r9, sl, fp, pc}
100067e4:	ed9d 7b08 	vldr	d7, [sp, #32]
100067e8:	e9dd 120c 	ldrd	r1, r2, [sp, #48]	@ 0x30
100067ec:	4633      	mov	r3, r6
100067ee:	4658      	mov	r0, fp
100067f0:	ed8d 7b26 	vstr	d7, [sp, #152]	@ 0x98
100067f4:	e9cd 5429 	strd	r5, r4, [sp, #164]	@ 0xa4
100067f8:	f8cd a0a0 	str.w	sl, [sp, #160]	@ 0xa0
100067fc:	b01d      	add	sp, #116	@ 0x74
100067fe:	e8bd 4ff0 	ldmia.w	sp!, {r4, r5, r6, r7, r8, r9, sl, fp, lr}
10006802:	f000 b92d 	b.w	10006a60 <_ftoa>
10006806:	bf00      	nop
	...
10006810:	7fefffff 	.word	0x7fefffff
10006814:	cccccccd 	.word	0xcccccccd
10006818:	f3c7 500a 	ubfx	r0, r7, #20, #11
1000681c:	f2a0 30ff 	subw	r0, r0, #1023	@ 0x3ff
10006820:	f7ff fcbc 	bl	1000619c <__wrap___aeabi_i2d>
10006824:	a38a      	add	r3, pc, #552	@ (adr r3, 10006a50 <_etoa+0x448>)
10006826:	e9d3 2300 	ldrd	r2, r3, [r3]
1000682a:	f7ff fc43 	bl	100060b4 <__wrap___aeabi_dmul>
1000682e:	a38a      	add	r3, pc, #552	@ (adr r3, 10006a58 <_etoa+0x450>)
10006830:	e9d3 2300 	ldrd	r2, r3, [r3]
10006834:	f7ff fc16 	bl	10006064 <__wrap___aeabi_dadd>
10006838:	f3c7 0713 	ubfx	r7, r7, #0, #20
1000683c:	e9cd 010e 	strd	r0, r1, [sp, #56]	@ 0x38
10006840:	f047 517f 	orr.w	r1, r7, #1069547520	@ 0x3fc00000
10006844:	4640      	mov	r0, r8
10006846:	2200      	movs	r2, #0
10006848:	4b7b      	ldr	r3, [pc, #492]	@ (10006a38 <_etoa+0x430>)
1000684a:	f441 1140 	orr.w	r1, r1, #3145728	@ 0x300000
1000684e:	f7ff fc1d 	bl	1000608c <__wrap___aeabi_dsub>
10006852:	a36b      	add	r3, pc, #428	@ (adr r3, 10006a00 <_etoa+0x3f8>)
10006854:	e9d3 2300 	ldrd	r2, r3, [r3]
10006858:	f7ff fc2c 	bl	100060b4 <__wrap___aeabi_dmul>
1000685c:	4602      	mov	r2, r0
1000685e:	460b      	mov	r3, r1
10006860:	e9dd 010e 	ldrd	r0, r1, [sp, #56]	@ 0x38
10006864:	f7ff fbfe 	bl	10006064 <__wrap___aeabi_dadd>
10006868:	f7ff fcbc 	bl	100061e4 <__wrap___aeabi_d2iz>
1000686c:	4607      	mov	r7, r0
1000686e:	f7ff fc95 	bl	1000619c <__wrap___aeabi_i2d>
10006872:	a365      	add	r3, pc, #404	@ (adr r3, 10006a08 <_etoa+0x400>)
10006874:	e9d3 2300 	ldrd	r2, r3, [r3]
10006878:	4680      	mov	r8, r0
1000687a:	4689      	mov	r9, r1
1000687c:	f7ff fc1a 	bl	100060b4 <__wrap___aeabi_dmul>
10006880:	2200      	movs	r2, #0
10006882:	4b6e      	ldr	r3, [pc, #440]	@ (10006a3c <_etoa+0x434>)
10006884:	f7ff fbee 	bl	10006064 <__wrap___aeabi_dadd>
10006888:	f7ff fcac 	bl	100061e4 <__wrap___aeabi_d2iz>
1000688c:	4603      	mov	r3, r0
1000688e:	4649      	mov	r1, r9
10006890:	4640      	mov	r0, r8
10006892:	9310      	str	r3, [sp, #64]	@ 0x40
10006894:	a35e      	add	r3, pc, #376	@ (adr r3, 10006a10 <_etoa+0x408>)
10006896:	e9d3 2300 	ldrd	r2, r3, [r3]
1000689a:	f7ff fc0b 	bl	100060b4 <__wrap___aeabi_dmul>
1000689e:	4680      	mov	r8, r0
100068a0:	9810      	ldr	r0, [sp, #64]	@ 0x40
100068a2:	4689      	mov	r9, r1
100068a4:	f7ff fc7a 	bl	1000619c <__wrap___aeabi_i2d>
100068a8:	a35b      	add	r3, pc, #364	@ (adr r3, 10006a18 <_etoa+0x410>)
100068aa:	e9d3 2300 	ldrd	r2, r3, [r3]
100068ae:	f7ff fc01 	bl	100060b4 <__wrap___aeabi_dmul>
100068b2:	4602      	mov	r2, r0
100068b4:	460b      	mov	r3, r1
100068b6:	4640      	mov	r0, r8
100068b8:	4649      	mov	r1, r9
100068ba:	f7ff fbe7 	bl	1000608c <__wrap___aeabi_dsub>
100068be:	4602      	mov	r2, r0
100068c0:	460b      	mov	r3, r1
100068c2:	4680      	mov	r8, r0
100068c4:	4689      	mov	r9, r1
100068c6:	f7ff fbf5 	bl	100060b4 <__wrap___aeabi_dmul>
100068ca:	4642      	mov	r2, r8
100068cc:	464b      	mov	r3, r9
100068ce:	e9cd 010e 	strd	r0, r1, [sp, #56]	@ 0x38
100068d2:	4640      	mov	r0, r8
100068d4:	4649      	mov	r1, r9
100068d6:	f7ff fbc5 	bl	10006064 <__wrap___aeabi_dadd>
100068da:	2200      	movs	r2, #0
100068dc:	e9cd 0112 	strd	r0, r1, [sp, #72]	@ 0x48
100068e0:	e9dd 010e 	ldrd	r0, r1, [sp, #56]	@ 0x38
100068e4:	4b56      	ldr	r3, [pc, #344]	@ (10006a40 <_etoa+0x438>)
100068e6:	f7ff fc0b 	bl	10006100 <__wrap___aeabi_ddiv>
100068ea:	2200      	movs	r2, #0
100068ec:	4b55      	ldr	r3, [pc, #340]	@ (10006a44 <_etoa+0x43c>)
100068ee:	f7ff fbb9 	bl	10006064 <__wrap___aeabi_dadd>
100068f2:	4602      	mov	r2, r0
100068f4:	460b      	mov	r3, r1
100068f6:	e9dd 010e 	ldrd	r0, r1, [sp, #56]	@ 0x38
100068fa:	f7ff fc01 	bl	10006100 <__wrap___aeabi_ddiv>
100068fe:	2200      	movs	r2, #0
10006900:	4b51      	ldr	r3, [pc, #324]	@ (10006a48 <_etoa+0x440>)
10006902:	f7ff fbaf 	bl	10006064 <__wrap___aeabi_dadd>
10006906:	4602      	mov	r2, r0
10006908:	460b      	mov	r3, r1
1000690a:	e9dd 010e 	ldrd	r0, r1, [sp, #56]	@ 0x38
1000690e:	f7ff fbf7 	bl	10006100 <__wrap___aeabi_ddiv>
10006912:	4642      	mov	r2, r8
10006914:	464b      	mov	r3, r9
10006916:	4680      	mov	r8, r0
10006918:	4689      	mov	r9, r1
1000691a:	2000      	movs	r0, #0
1000691c:	f04f 4180 	mov.w	r1, #1073741824	@ 0x40000000
10006920:	f7ff fbb4 	bl	1000608c <__wrap___aeabi_dsub>
10006924:	4602      	mov	r2, r0
10006926:	460b      	mov	r3, r1
10006928:	4640      	mov	r0, r8
1000692a:	4649      	mov	r1, r9
1000692c:	f7ff fb9a 	bl	10006064 <__wrap___aeabi_dadd>
10006930:	4602      	mov	r2, r0
10006932:	460b      	mov	r3, r1
10006934:	e9dd 0112 	ldrd	r0, r1, [sp, #72]	@ 0x48
10006938:	f7ff fbe2 	bl	10006100 <__wrap___aeabi_ddiv>
1000693c:	2200      	movs	r2, #0
1000693e:	4b43      	ldr	r3, [pc, #268]	@ (10006a4c <_etoa+0x444>)
10006940:	f7ff fb90 	bl	10006064 <__wrap___aeabi_dadd>
10006944:	9b10      	ldr	r3, [sp, #64]	@ 0x40
10006946:	2200      	movs	r2, #0
10006948:	f203 3cff 	addw	ip, r3, #1023	@ 0x3ff
1000694c:	ea4f 530c 	mov.w	r3, ip, lsl #20
10006950:	f7ff fbb0 	bl	100060b4 <__wrap___aeabi_dmul>
10006954:	4680      	mov	r8, r0
10006956:	4689      	mov	r9, r1
10006958:	e9dd 010a 	ldrd	r0, r1, [sp, #40]	@ 0x28
1000695c:	4642      	mov	r2, r8
1000695e:	464b      	mov	r3, r9
10006960:	e9cd 890e 	strd	r8, r9, [sp, #56]	@ 0x38
10006964:	f7ff fc74 	bl	10006250 <__wrap___aeabi_dcmplt>
10006968:	bb60      	cbnz	r0, 100069c4 <_etoa+0x3bc>
1000696a:	4643      	mov	r3, r8
1000696c:	4649      	mov	r1, r9
1000696e:	f107 0263 	add.w	r2, r7, #99	@ 0x63
10006972:	2ac7      	cmp	r2, #199	@ 0xc7
10006974:	bf34      	ite	cc
10006976:	f04f 0804 	movcc.w	r8, #4
1000697a:	f04f 0805 	movcs.w	r8, #5
1000697e:	0522      	lsls	r2, r4, #20
10006980:	f57f aea2 	bpl.w	100066c8 <_etoa+0xc0>
10006984:	430b      	orrs	r3, r1
10006986:	f43f ae91 	beq.w	100066ac <_etoa+0xa4>
1000698a:	e9dd 010a 	ldrd	r0, r1, [sp, #40]	@ 0x28
1000698e:	a324      	add	r3, pc, #144	@ (adr r3, 10006a20 <_etoa+0x418>)
10006990:	e9d3 2300 	ldrd	r2, r3, [r3]
10006994:	f7ff fc70 	bl	10006278 <__wrap___aeabi_dcmpge>
10006998:	b148      	cbz	r0, 100069ae <_etoa+0x3a6>
1000699a:	e9dd 010a 	ldrd	r0, r1, [sp, #40]	@ 0x28
1000699e:	a322      	add	r3, pc, #136	@ (adr r3, 10006a28 <_etoa+0x420>)
100069a0:	e9d3 2300 	ldrd	r2, r3, [r3]
100069a4:	f7ff fc54 	bl	10006250 <__wrap___aeabi_dcmplt>
100069a8:	2800      	cmp	r0, #0
100069aa:	f47f ae7f 	bne.w	100066ac <_etoa+0xa4>
100069ae:	f1ba 0f00 	cmp.w	sl, #0
100069b2:	f43f ae89 	beq.w	100066c8 <_etoa+0xc0>
100069b6:	9b11      	ldr	r3, [sp, #68]	@ 0x44
100069b8:	2b00      	cmp	r3, #0
100069ba:	f43f ae85 	beq.w	100066c8 <_etoa+0xc0>
100069be:	f10a 3aff 	add.w	sl, sl, #4294967295	@ 0xffffffff
100069c2:	e681      	b.n	100066c8 <_etoa+0xc0>
100069c4:	2200      	movs	r2, #0
100069c6:	4b1f      	ldr	r3, [pc, #124]	@ (10006a44 <_etoa+0x43c>)
100069c8:	4640      	mov	r0, r8
100069ca:	4649      	mov	r1, r9
100069cc:	f7ff fb98 	bl	10006100 <__wrap___aeabi_ddiv>
100069d0:	460a      	mov	r2, r1
100069d2:	4601      	mov	r1, r0
100069d4:	4603      	mov	r3, r0
100069d6:	e9cd 120e 	strd	r1, r2, [sp, #56]	@ 0x38
100069da:	3f01      	subs	r7, #1
100069dc:	4611      	mov	r1, r2
100069de:	e7c6      	b.n	1000696e <_etoa+0x366>
100069e0:	ed9f 7b13 	vldr	d7, [pc, #76]	@ 10006a30 <_etoa+0x428>
100069e4:	461f      	mov	r7, r3
100069e6:	f04f 0804 	mov.w	r8, #4
100069ea:	ed8d 7b0e 	vstr	d7, [sp, #56]	@ 0x38
100069ee:	e66b      	b.n	100066c8 <_etoa+0xc0>
100069f0:	f108 4300 	add.w	r3, r8, #2147483648	@ 0x80000000
100069f4:	970a      	str	r7, [sp, #40]	@ 0x28
100069f6:	930b      	str	r3, [sp, #44]	@ 0x2c
100069f8:	e641      	b.n	1000667e <_etoa+0x76>
100069fa:	bf00      	nop
100069fc:	f3af 8000 	nop.w
10006a00:	636f4361 	.word	0x636f4361
10006a04:	3fd287a7 	.word	0x3fd287a7
10006a08:	0979a371 	.word	0x0979a371
10006a0c:	400a934f 	.word	0x400a934f
10006a10:	bbb55516 	.word	0xbbb55516
10006a14:	40026bb1 	.word	0x40026bb1
10006a18:	fefa39ef 	.word	0xfefa39ef
10006a1c:	3fe62e42 	.word	0x3fe62e42
10006a20:	eb1c432d 	.word	0xeb1c432d
10006a24:	3f1a36e2 	.word	0x3f1a36e2
10006a28:	00000000 	.word	0x00000000
10006a2c:	412e8480 	.word	0x412e8480
	...
10006a38:	3ff80000 	.word	0x3ff80000
10006a3c:	3fe00000 	.word	0x3fe00000
10006a40:	402c0000 	.word	0x402c0000
10006a44:	40240000 	.word	0x40240000
10006a48:	40180000 	.word	0x40180000
10006a4c:	3ff00000 	.word	0x3ff00000
10006a50:	509f79fb 	.word	0x509f79fb
10006a54:	3fd34413 	.word	0x3fd34413
10006a58:	8b60c8b3 	.word	0x8b60c8b3
10006a5c:	3fc68a28 	.word	0x3fc68a28

10006a60 <_ftoa>:
10006a60:	e92d 4ff0 	stmdb	sp!, {r4, r5, r6, r7, r8, r9, sl, fp, lr}
10006a64:	b097      	sub	sp, #92	@ 0x5c
10006a66:	e9dd 8920 	ldrd	r8, r9, [sp, #128]	@ 0x80
10006a6a:	e9cd 0104 	strd	r0, r1, [sp, #16]
10006a6e:	e9dd 4b22 	ldrd	r4, fp, [sp, #136]	@ 0x88
10006a72:	e9cd 2306 	strd	r2, r3, [sp, #24]
10006a76:	4640      	mov	r0, r8
10006a78:	4642      	mov	r2, r8
10006a7a:	464b      	mov	r3, r9
10006a7c:	4649      	mov	r1, r9
10006a7e:	f8dd a090 	ldr.w	sl, [sp, #144]	@ 0x90
10006a82:	f7ff fbd3 	bl	1000622c <__wrap___aeabi_dcmpun>
10006a86:	2800      	cmp	r0, #0
10006a88:	f040 81c6 	bne.w	10006e18 <_ftoa+0x3b8>
10006a8c:	4640      	mov	r0, r8
10006a8e:	4649      	mov	r1, r9
10006a90:	f04f 32ff 	mov.w	r2, #4294967295	@ 0xffffffff
10006a94:	f46f 1380 	mvn.w	r3, #1048576	@ 0x100000
10006a98:	f7ff fbda 	bl	10006250 <__wrap___aeabi_dcmplt>
10006a9c:	2800      	cmp	r0, #0
10006a9e:	f040 811d 	bne.w	10006cdc <_ftoa+0x27c>
10006aa2:	4640      	mov	r0, r8
10006aa4:	4649      	mov	r1, r9
10006aa6:	f04f 32ff 	mov.w	r2, #4294967295	@ 0xffffffff
10006aaa:	4bc1      	ldr	r3, [pc, #772]	@ (10006db0 <_ftoa+0x350>)
10006aac:	f7ff fbf8 	bl	100062a0 <__wrap___aeabi_dcmpgt>
10006ab0:	2800      	cmp	r0, #0
10006ab2:	f040 80e3 	bne.w	10006c7c <_ftoa+0x21c>
10006ab6:	a3b8      	add	r3, pc, #736	@ (adr r3, 10006d98 <_ftoa+0x338>)
10006ab8:	e9d3 2300 	ldrd	r2, r3, [r3]
10006abc:	4640      	mov	r0, r8
10006abe:	4649      	mov	r1, r9
10006ac0:	f7ff fbee 	bl	100062a0 <__wrap___aeabi_dcmpgt>
10006ac4:	2800      	cmp	r0, #0
10006ac6:	f040 80cb 	bne.w	10006c60 <_ftoa+0x200>
10006aca:	a3b5      	add	r3, pc, #724	@ (adr r3, 10006da0 <_ftoa+0x340>)
10006acc:	e9d3 2300 	ldrd	r2, r3, [r3]
10006ad0:	4640      	mov	r0, r8
10006ad2:	4649      	mov	r1, r9
10006ad4:	f7ff fbbc 	bl	10006250 <__wrap___aeabi_dcmplt>
10006ad8:	2800      	cmp	r0, #0
10006ada:	f040 80c1 	bne.w	10006c60 <_ftoa+0x200>
10006ade:	4640      	mov	r0, r8
10006ae0:	4649      	mov	r1, r9
10006ae2:	2200      	movs	r2, #0
10006ae4:	2300      	movs	r3, #0
10006ae6:	f7ff fbb3 	bl	10006250 <__wrap___aeabi_dcmplt>
10006aea:	2800      	cmp	r0, #0
10006aec:	f040 80e0 	bne.w	10006cb0 <_ftoa+0x250>
10006af0:	f41a 6580 	ands.w	r5, sl, #1024	@ 0x400
10006af4:	900d      	str	r0, [sp, #52]	@ 0x34
10006af6:	f000 80e9 	beq.w	10006ccc <_ftoa+0x26c>
10006afa:	2c09      	cmp	r4, #9
10006afc:	f240 8197 	bls.w	10006e2e <_ftoa+0x3ce>
10006b00:	ab0e      	add	r3, sp, #56	@ 0x38
10006b02:	461a      	mov	r2, r3
10006b04:	930c      	str	r3, [sp, #48]	@ 0x30
10006b06:	2130      	movs	r1, #48	@ 0x30
10006b08:	2300      	movs	r3, #0
10006b0a:	f1a4 0509 	sub.w	r5, r4, #9
10006b0e:	3301      	adds	r3, #1
10006b10:	2b20      	cmp	r3, #32
10006b12:	f802 1b01 	strb.w	r1, [r2], #1
10006b16:	eba4 0603 	sub.w	r6, r4, r3
10006b1a:	f000 813a 	beq.w	10006d92 <_ftoa+0x332>
10006b1e:	42ab      	cmp	r3, r5
10006b20:	d1f5      	bne.n	10006b0e <_ftoa+0xae>
10006b22:	ed9f 7b9d 	vldr	d7, [pc, #628]	@ 10006d98 <_ftoa+0x338>
10006b26:	ed8d 7b08 	vstr	d7, [sp, #32]
10006b2a:	4649      	mov	r1, r9
10006b2c:	4640      	mov	r0, r8
10006b2e:	f7ff fb59 	bl	100061e4 <__wrap___aeabi_d2iz>
10006b32:	4604      	mov	r4, r0
10006b34:	f7ff fb32 	bl	1000619c <__wrap___aeabi_i2d>
10006b38:	4602      	mov	r2, r0
10006b3a:	460b      	mov	r3, r1
10006b3c:	4640      	mov	r0, r8
10006b3e:	4649      	mov	r1, r9
10006b40:	f7ff faa4 	bl	1000608c <__wrap___aeabi_dsub>
10006b44:	e9dd 2308 	ldrd	r2, r3, [sp, #32]
10006b48:	f7ff fab4 	bl	100060b4 <__wrap___aeabi_dmul>
10006b4c:	4602      	mov	r2, r0
10006b4e:	460b      	mov	r3, r1
10006b50:	e9cd 230a 	strd	r2, r3, [sp, #40]	@ 0x28
10006b54:	f7ff fb58 	bl	10006208 <__wrap___aeabi_d2uiz>
10006b58:	4607      	mov	r7, r0
10006b5a:	f7ff fb31 	bl	100061c0 <__wrap___aeabi_ui2d>
10006b5e:	4602      	mov	r2, r0
10006b60:	460b      	mov	r3, r1
10006b62:	e9dd 010a 	ldrd	r0, r1, [sp, #40]	@ 0x28
10006b66:	f7ff fa91 	bl	1000608c <__wrap___aeabi_dsub>
10006b6a:	4602      	mov	r2, r0
10006b6c:	460b      	mov	r3, r1
10006b6e:	e9cd 230a 	strd	r2, r3, [sp, #40]	@ 0x28
10006b72:	2200      	movs	r2, #0
10006b74:	4b8f      	ldr	r3, [pc, #572]	@ (10006db4 <_ftoa+0x354>)
10006b76:	f7ff fb93 	bl	100062a0 <__wrap___aeabi_dcmpgt>
10006b7a:	2800      	cmp	r0, #0
10006b7c:	f000 80db 	beq.w	10006d36 <_ftoa+0x2d6>
10006b80:	3701      	adds	r7, #1
10006b82:	4638      	mov	r0, r7
10006b84:	f7ff fb1c 	bl	100061c0 <__wrap___aeabi_ui2d>
10006b88:	e9dd 2308 	ldrd	r2, r3, [sp, #32]
10006b8c:	f7ff fb74 	bl	10006278 <__wrap___aeabi_dcmpge>
10006b90:	b108      	cbz	r0, 10006b96 <_ftoa+0x136>
10006b92:	2700      	movs	r7, #0
10006b94:	3401      	adds	r4, #1
10006b96:	2e00      	cmp	r6, #0
10006b98:	f040 80b1 	bne.w	10006cfe <_ftoa+0x29e>
10006b9c:	4620      	mov	r0, r4
10006b9e:	f7ff fafd 	bl	1000619c <__wrap___aeabi_i2d>
10006ba2:	4602      	mov	r2, r0
10006ba4:	460b      	mov	r3, r1
10006ba6:	4640      	mov	r0, r8
10006ba8:	4649      	mov	r1, r9
10006baa:	f7ff fa6f 	bl	1000608c <__wrap___aeabi_dsub>
10006bae:	2200      	movs	r2, #0
10006bb0:	4b80      	ldr	r3, [pc, #512]	@ (10006db4 <_ftoa+0x354>)
10006bb2:	4606      	mov	r6, r0
10006bb4:	460f      	mov	r7, r1
10006bb6:	f7ff fb4b 	bl	10006250 <__wrap___aeabi_dcmplt>
10006bba:	b940      	cbnz	r0, 10006bce <_ftoa+0x16e>
10006bbc:	4630      	mov	r0, r6
10006bbe:	4639      	mov	r1, r7
10006bc0:	2200      	movs	r2, #0
10006bc2:	4b7c      	ldr	r3, [pc, #496]	@ (10006db4 <_ftoa+0x354>)
10006bc4:	f7ff fb6c 	bl	100062a0 <__wrap___aeabi_dcmpgt>
10006bc8:	2800      	cmp	r0, #0
10006bca:	f000 8116 	beq.w	10006dfa <_ftoa+0x39a>
10006bce:	9b0c      	ldr	r3, [sp, #48]	@ 0x30
10006bd0:	1e69      	subs	r1, r5, #1
10006bd2:	4879      	ldr	r0, [pc, #484]	@ (10006db8 <_ftoa+0x358>)
10006bd4:	4419      	add	r1, r3
10006bd6:	e010      	b.n	10006bfa <_ftoa+0x19a>
10006bd8:	fb80 6204 	smull	r6, r2, r0, r4
10006bdc:	ebc3 03a2 	rsb	r3, r3, r2, asr #2
10006be0:	eb03 0283 	add.w	r2, r3, r3, lsl #2
10006be4:	eba4 0442 	sub.w	r4, r4, r2, lsl #1
10006be8:	f104 0230 	add.w	r2, r4, #48	@ 0x30
10006bec:	3501      	adds	r5, #1
10006bee:	461c      	mov	r4, r3
10006bf0:	f801 2f01 	strb.w	r2, [r1, #1]!
10006bf4:	2b00      	cmp	r3, #0
10006bf6:	f000 80ab 	beq.w	10006d50 <_ftoa+0x2f0>
10006bfa:	2d20      	cmp	r5, #32
10006bfc:	ea4f 73e4 	mov.w	r3, r4, asr #31
10006c00:	d1ea      	bne.n	10006bd8 <_ftoa+0x178>
10006c02:	f00a 0303 	and.w	r3, sl, #3
10006c06:	2b01      	cmp	r3, #1
10006c08:	d11c      	bne.n	10006c44 <_ftoa+0x1e4>
10006c0a:	f1bb 0f00 	cmp.w	fp, #0
10006c0e:	d019      	beq.n	10006c44 <_ftoa+0x1e4>
10006c10:	9b0d      	ldr	r3, [sp, #52]	@ 0x34
10006c12:	2b00      	cmp	r3, #0
10006c14:	f040 80fa 	bne.w	10006e0c <_ftoa+0x3ac>
10006c18:	f01a 0f0c 	tst.w	sl, #12
10006c1c:	f040 80f6 	bne.w	10006e0c <_ftoa+0x3ac>
10006c20:	45ab      	cmp	fp, r5
10006c22:	f240 80d3 	bls.w	10006dcc <_ftoa+0x36c>
10006c26:	2d20      	cmp	r5, #32
10006c28:	d00b      	beq.n	10006c42 <_ftoa+0x1e2>
10006c2a:	2230      	movs	r2, #48	@ 0x30
10006c2c:	990c      	ldr	r1, [sp, #48]	@ 0x30
10006c2e:	1e6b      	subs	r3, r5, #1
10006c30:	440b      	add	r3, r1
10006c32:	3501      	adds	r5, #1
10006c34:	455d      	cmp	r5, fp
10006c36:	f803 2f01 	strb.w	r2, [r3, #1]!
10006c3a:	f000 808d 	beq.w	10006d58 <_ftoa+0x2f8>
10006c3e:	2d20      	cmp	r5, #32
10006c40:	d1f7      	bne.n	10006c32 <_ftoa+0x1d2>
10006c42:	2520      	movs	r5, #32
10006c44:	e9dd 2306 	ldrd	r2, r3, [sp, #24]
10006c48:	e9dd 0104 	ldrd	r0, r1, [sp, #16]
10006c4c:	9c0c      	ldr	r4, [sp, #48]	@ 0x30
10006c4e:	e9cd ba02 	strd	fp, sl, [sp, #8]
10006c52:	9501      	str	r5, [sp, #4]
10006c54:	9400      	str	r4, [sp, #0]
10006c56:	f7ff fb35 	bl	100062c4 <_out_rev>
10006c5a:	b017      	add	sp, #92	@ 0x5c
10006c5c:	e8bd 8ff0 	ldmia.w	sp!, {r4, r5, r6, r7, r8, r9, sl, fp, pc}
10006c60:	e9cd 8920 	strd	r8, r9, [sp, #128]	@ 0x80
10006c64:	e9dd 2306 	ldrd	r2, r3, [sp, #24]
10006c68:	e9dd 0104 	ldrd	r0, r1, [sp, #16]
10006c6c:	e9cd ba23 	strd	fp, sl, [sp, #140]	@ 0x8c
10006c70:	9422      	str	r4, [sp, #136]	@ 0x88
10006c72:	b017      	add	sp, #92	@ 0x5c
10006c74:	e8bd 4ff0 	ldmia.w	sp!, {r4, r5, r6, r7, r8, r9, sl, fp, lr}
10006c78:	f7ff bcc6 	b.w	10006608 <_etoa>
10006c7c:	4d4f      	ldr	r5, [pc, #316]	@ (10006dbc <_ftoa+0x35c>)
10006c7e:	f8cd a08c 	str.w	sl, [sp, #140]	@ 0x8c
10006c82:	f00a 0a04 	and.w	sl, sl, #4
10006c86:	f1ba 0f00 	cmp.w	sl, #0
10006c8a:	4c4d      	ldr	r4, [pc, #308]	@ (10006dc0 <_ftoa+0x360>)
10006c8c:	bf18      	it	ne
10006c8e:	462c      	movne	r4, r5
10006c90:	e9dd 2306 	ldrd	r2, r3, [sp, #24]
10006c94:	e9dd 0104 	ldrd	r0, r1, [sp, #16]
10006c98:	9420      	str	r4, [sp, #128]	@ 0x80
10006c9a:	bf0c      	ite	eq
10006c9c:	2403      	moveq	r4, #3
10006c9e:	2404      	movne	r4, #4
10006ca0:	f8cd b088 	str.w	fp, [sp, #136]	@ 0x88
10006ca4:	9421      	str	r4, [sp, #132]	@ 0x84
10006ca6:	b017      	add	sp, #92	@ 0x5c
10006ca8:	e8bd 4ff0 	ldmia.w	sp!, {r4, r5, r6, r7, r8, r9, sl, fp, lr}
10006cac:	f7ff bb0a 	b.w	100062c4 <_out_rev>
10006cb0:	2101      	movs	r1, #1
10006cb2:	4642      	mov	r2, r8
10006cb4:	464b      	mov	r3, r9
10006cb6:	910d      	str	r1, [sp, #52]	@ 0x34
10006cb8:	2000      	movs	r0, #0
10006cba:	2100      	movs	r1, #0
10006cbc:	f7ff f9e6 	bl	1000608c <__wrap___aeabi_dsub>
10006cc0:	f41a 6580 	ands.w	r5, sl, #1024	@ 0x400
10006cc4:	4680      	mov	r8, r0
10006cc6:	4689      	mov	r9, r1
10006cc8:	f47f af17 	bne.w	10006afa <_ftoa+0x9a>
10006ccc:	ed9f 7b36 	vldr	d7, [pc, #216]	@ 10006da8 <_ftoa+0x348>
10006cd0:	ab0e      	add	r3, sp, #56	@ 0x38
10006cd2:	2606      	movs	r6, #6
10006cd4:	ed8d 7b08 	vstr	d7, [sp, #32]
10006cd8:	930c      	str	r3, [sp, #48]	@ 0x30
10006cda:	e726      	b.n	10006b2a <_ftoa+0xca>
10006cdc:	2404      	movs	r4, #4
10006cde:	e9dd 2306 	ldrd	r2, r3, [sp, #24]
10006ce2:	e9dd 0104 	ldrd	r0, r1, [sp, #16]
10006ce6:	4d37      	ldr	r5, [pc, #220]	@ (10006dc4 <_ftoa+0x364>)
10006ce8:	f8cd a08c 	str.w	sl, [sp, #140]	@ 0x8c
10006cec:	f8cd b088 	str.w	fp, [sp, #136]	@ 0x88
10006cf0:	9520      	str	r5, [sp, #128]	@ 0x80
10006cf2:	9421      	str	r4, [sp, #132]	@ 0x84
10006cf4:	b017      	add	sp, #92	@ 0x5c
10006cf6:	e8bd 4ff0 	ldmia.w	sp!, {r4, r5, r6, r7, r8, r9, sl, fp, lr}
10006cfa:	f7ff bae3 	b.w	100062c4 <_out_rev>
10006cfe:	9b0c      	ldr	r3, [sp, #48]	@ 0x30
10006d00:	1e68      	subs	r0, r5, #1
10006d02:	f8df c0c4 	ldr.w	ip, [pc, #196]	@ 10006dc8 <_ftoa+0x368>
10006d06:	4418      	add	r0, r3
10006d08:	e00d      	b.n	10006d26 <_ftoa+0x2c6>
10006d0a:	fbac 3207 	umull	r3, r2, ip, r7
10006d0e:	08d2      	lsrs	r2, r2, #3
10006d10:	eb02 0382 	add.w	r3, r2, r2, lsl #2
10006d14:	eba7 0343 	sub.w	r3, r7, r3, lsl #1
10006d18:	3330      	adds	r3, #48	@ 0x30
10006d1a:	2f09      	cmp	r7, #9
10006d1c:	f800 3f01 	strb.w	r3, [r0, #1]!
10006d20:	d927      	bls.n	10006d72 <_ftoa+0x312>
10006d22:	4617      	mov	r7, r2
10006d24:	460d      	mov	r5, r1
10006d26:	2d20      	cmp	r5, #32
10006d28:	f105 0101 	add.w	r1, r5, #1
10006d2c:	f106 36ff 	add.w	r6, r6, #4294967295	@ 0xffffffff
10006d30:	d1eb      	bne.n	10006d0a <_ftoa+0x2aa>
10006d32:	2520      	movs	r5, #32
10006d34:	e74b      	b.n	10006bce <_ftoa+0x16e>
10006d36:	2200      	movs	r2, #0
10006d38:	e9dd 010a 	ldrd	r0, r1, [sp, #40]	@ 0x28
10006d3c:	4b1d      	ldr	r3, [pc, #116]	@ (10006db4 <_ftoa+0x354>)
10006d3e:	f7ff fa87 	bl	10006250 <__wrap___aeabi_dcmplt>
10006d42:	2800      	cmp	r0, #0
10006d44:	f47f af27 	bne.w	10006b96 <_ftoa+0x136>
10006d48:	2f00      	cmp	r7, #0
10006d4a:	d15b      	bne.n	10006e04 <_ftoa+0x3a4>
10006d4c:	3701      	adds	r7, #1
10006d4e:	e722      	b.n	10006b96 <_ftoa+0x136>
10006d50:	f00a 0303 	and.w	r3, sl, #3
10006d54:	2b01      	cmp	r3, #1
10006d56:	d076      	beq.n	10006e46 <_ftoa+0x3e6>
10006d58:	2d20      	cmp	r5, #32
10006d5a:	f43f af73 	beq.w	10006c44 <_ftoa+0x1e4>
10006d5e:	9b0d      	ldr	r3, [sp, #52]	@ 0x34
10006d60:	b3bb      	cbz	r3, 10006dd2 <_ftoa+0x372>
10006d62:	222d      	movs	r2, #45	@ 0x2d
10006d64:	f105 0358 	add.w	r3, r5, #88	@ 0x58
10006d68:	446b      	add	r3, sp
10006d6a:	f803 2c20 	strb.w	r2, [r3, #-32]
10006d6e:	3501      	adds	r5, #1
10006d70:	e768      	b.n	10006c44 <_ftoa+0x1e4>
10006d72:	2920      	cmp	r1, #32
10006d74:	d0dd      	beq.n	10006d32 <_ftoa+0x2d2>
10006d76:	b3ae      	cbz	r6, 10006de4 <_ftoa+0x384>
10006d78:	9b0c      	ldr	r3, [sp, #48]	@ 0x30
10006d7a:	440e      	add	r6, r1
10006d7c:	441d      	add	r5, r3
10006d7e:	2330      	movs	r3, #48	@ 0x30
10006d80:	e001      	b.n	10006d86 <_ftoa+0x326>
10006d82:	42b1      	cmp	r1, r6
10006d84:	d02f      	beq.n	10006de6 <_ftoa+0x386>
10006d86:	3101      	adds	r1, #1
10006d88:	2920      	cmp	r1, #32
10006d8a:	f805 3f01 	strb.w	r3, [r5, #1]!
10006d8e:	d1f8      	bne.n	10006d82 <_ftoa+0x322>
10006d90:	e7cf      	b.n	10006d32 <_ftoa+0x2d2>
10006d92:	461d      	mov	r5, r3
10006d94:	e6c5      	b.n	10006b22 <_ftoa+0xc2>
10006d96:	bf00      	nop
10006d98:	00000000 	.word	0x00000000
10006d9c:	41cdcd65 	.word	0x41cdcd65
10006da0:	00000000 	.word	0x00000000
10006da4:	c1cdcd65 	.word	0xc1cdcd65
10006da8:	00000000 	.word	0x00000000
10006dac:	412e8480 	.word	0x412e8480
10006db0:	7fefffff 	.word	0x7fefffff
10006db4:	3fe00000 	.word	0x3fe00000
10006db8:	66666667 	.word	0x66666667
10006dbc:	10008384 	.word	0x10008384
10006dc0:	1000838c 	.word	0x1000838c
10006dc4:	10008394 	.word	0x10008394
10006dc8:	cccccccd 	.word	0xcccccccd
10006dcc:	2d20      	cmp	r5, #32
10006dce:	f43f af39 	beq.w	10006c44 <_ftoa+0x1e4>
10006dd2:	f01a 0f04 	tst.w	sl, #4
10006dd6:	d10e      	bne.n	10006df6 <_ftoa+0x396>
10006dd8:	f01a 0f08 	tst.w	sl, #8
10006ddc:	f43f af32 	beq.w	10006c44 <_ftoa+0x1e4>
10006de0:	2220      	movs	r2, #32
10006de2:	e7bf      	b.n	10006d64 <_ftoa+0x304>
10006de4:	460e      	mov	r6, r1
10006de6:	222e      	movs	r2, #46	@ 0x2e
10006de8:	f106 0358 	add.w	r3, r6, #88	@ 0x58
10006dec:	446b      	add	r3, sp
10006dee:	f803 2c20 	strb.w	r2, [r3, #-32]
10006df2:	1c75      	adds	r5, r6, #1
10006df4:	e6eb      	b.n	10006bce <_ftoa+0x16e>
10006df6:	222b      	movs	r2, #43	@ 0x2b
10006df8:	e7b4      	b.n	10006d64 <_ftoa+0x304>
10006dfa:	07e3      	lsls	r3, r4, #31
10006dfc:	f57f aee7 	bpl.w	10006bce <_ftoa+0x16e>
10006e00:	3401      	adds	r4, #1
10006e02:	e6e4      	b.n	10006bce <_ftoa+0x16e>
10006e04:	07fa      	lsls	r2, r7, #31
10006e06:	f57f aec6 	bpl.w	10006b96 <_ftoa+0x136>
10006e0a:	e79f      	b.n	10006d4c <_ftoa+0x2ec>
10006e0c:	f10b 3bff 	add.w	fp, fp, #4294967295	@ 0xffffffff
10006e10:	45ab      	cmp	fp, r5
10006e12:	f63f af08 	bhi.w	10006c26 <_ftoa+0x1c6>
10006e16:	e79f      	b.n	10006d58 <_ftoa+0x2f8>
10006e18:	2403      	movs	r4, #3
10006e1a:	e9dd 2306 	ldrd	r2, r3, [sp, #24]
10006e1e:	e9dd 0104 	ldrd	r0, r1, [sp, #16]
10006e22:	4d0b      	ldr	r5, [pc, #44]	@ (10006e50 <_ftoa+0x3f0>)
10006e24:	f8cd a08c 	str.w	sl, [sp, #140]	@ 0x8c
10006e28:	f8cd b088 	str.w	fp, [sp, #136]	@ 0x88
10006e2c:	e760      	b.n	10006cf0 <_ftoa+0x290>
10006e2e:	4b09      	ldr	r3, [pc, #36]	@ (10006e54 <_ftoa+0x3f4>)
10006e30:	4626      	mov	r6, r4
10006e32:	eb03 03c4 	add.w	r3, r3, r4, lsl #3
10006e36:	ed93 7b00 	vldr	d7, [r3]
10006e3a:	ab0e      	add	r3, sp, #56	@ 0x38
10006e3c:	ed8d 7b08 	vstr	d7, [sp, #32]
10006e40:	2500      	movs	r5, #0
10006e42:	930c      	str	r3, [sp, #48]	@ 0x30
10006e44:	e671      	b.n	10006b2a <_ftoa+0xca>
10006e46:	f1bb 0f00 	cmp.w	fp, #0
10006e4a:	d085      	beq.n	10006d58 <_ftoa+0x2f8>
10006e4c:	e6e0      	b.n	10006c10 <_ftoa+0x1b0>
10006e4e:	bf00      	nop
10006e50:	10008390 	.word	0x10008390
10006e54:	100083a0 	.word	0x100083a0

10006e58 <_vsnprintf>:
10006e58:	e92d 4ff0 	stmdb	sp!, {r4, r5, r6, r7, r8, r9, sl, fp, lr}
10006e5c:	461c      	mov	r4, r3
10006e5e:	4d9b      	ldr	r5, [pc, #620]	@ (100070cc <_vsnprintf+0x274>)
10006e60:	4b9b      	ldr	r3, [pc, #620]	@ (100070d0 <_vsnprintf+0x278>)
10006e62:	f1b1 0a00 	subs.w	sl, r1, #0
10006e66:	bf18      	it	ne
10006e68:	4683      	movne	fp, r0
10006e6a:	601d      	str	r5, [r3, #0]
10006e6c:	7820      	ldrb	r0, [r4, #0]
10006e6e:	4d99      	ldr	r5, [pc, #612]	@ (100070d4 <_vsnprintf+0x27c>)
10006e70:	b09b      	sub	sp, #108	@ 0x6c
10006e72:	bf08      	it	eq
10006e74:	46ab      	moveq	fp, r5
10006e76:	4691      	mov	r9, r2
10006e78:	9e24      	ldr	r6, [sp, #144]	@ 0x90
10006e7a:	2800      	cmp	r0, #0
10006e7c:	f000 82e7 	beq.w	1000744e <_vsnprintf+0x5f6>
10006e80:	2500      	movs	r5, #0
10006e82:	46b0      	mov	r8, r6
10006e84:	e009      	b.n	10006e9a <_vsnprintf+0x42>
10006e86:	462a      	mov	r2, r5
10006e88:	464b      	mov	r3, r9
10006e8a:	4651      	mov	r1, sl
10006e8c:	47d8      	blx	fp
10006e8e:	3501      	adds	r5, #1
10006e90:	3401      	adds	r4, #1
10006e92:	7820      	ldrb	r0, [r4, #0]
10006e94:	2800      	cmp	r0, #0
10006e96:	f000 80bd 	beq.w	10007014 <_vsnprintf+0x1bc>
10006e9a:	2825      	cmp	r0, #37	@ 0x25
10006e9c:	d1f3      	bne.n	10006e86 <_vsnprintf+0x2e>
10006e9e:	2200      	movs	r2, #0
10006ea0:	1c63      	adds	r3, r4, #1
10006ea2:	461c      	mov	r4, r3
10006ea4:	f813 0b01 	ldrb.w	r0, [r3], #1
10006ea8:	f1a0 0120 	sub.w	r1, r0, #32
10006eac:	2910      	cmp	r1, #16
10006eae:	d80a      	bhi.n	10006ec6 <_vsnprintf+0x6e>
10006eb0:	e8df f001 	tbb	[pc, r1]
10006eb4:	3a09093d 	.word	0x3a09093d
10006eb8:	09090909 	.word	0x09090909
10006ebc:	37090909 	.word	0x37090909
10006ec0:	09093409 	.word	0x09093409
10006ec4:	31          	.byte	0x31
10006ec5:	00          	.byte	0x00
10006ec6:	f1a0 0330 	sub.w	r3, r0, #48	@ 0x30
10006eca:	2b09      	cmp	r3, #9
10006ecc:	9409      	str	r4, [sp, #36]	@ 0x24
10006ece:	f240 80b0 	bls.w	10007032 <_vsnprintf+0x1da>
10006ed2:	282a      	cmp	r0, #42	@ 0x2a
10006ed4:	f000 80cd 	beq.w	10007072 <_vsnprintf+0x21a>
10006ed8:	282e      	cmp	r0, #46	@ 0x2e
10006eda:	f04f 0600 	mov.w	r6, #0
10006ede:	f000 80b9 	beq.w	10007054 <_vsnprintf+0x1fc>
10006ee2:	2700      	movs	r7, #0
10006ee4:	f1a0 0368 	sub.w	r3, r0, #104	@ 0x68
10006ee8:	2b12      	cmp	r3, #18
10006eea:	d829      	bhi.n	10006f40 <_vsnprintf+0xe8>
10006eec:	e8df f013 	tbh	[pc, r3, lsl #1]
10006ef0:	00280105 	.word	0x00280105
10006ef4:	002800fe 	.word	0x002800fe
10006ef8:	002800f4 	.word	0x002800f4
10006efc:	00280028 	.word	0x00280028
10006f00:	00280028 	.word	0x00280028
10006f04:	00280028 	.word	0x00280028
10006f08:	00280022 	.word	0x00280022
10006f0c:	00280028 	.word	0x00280028
10006f10:	00280028 	.word	0x00280028
10006f14:	0022      	.short	0x0022
10006f16:	f042 0201 	orr.w	r2, r2, #1
10006f1a:	e7c2      	b.n	10006ea2 <_vsnprintf+0x4a>
10006f1c:	f042 0202 	orr.w	r2, r2, #2
10006f20:	e7bf      	b.n	10006ea2 <_vsnprintf+0x4a>
10006f22:	f042 0204 	orr.w	r2, r2, #4
10006f26:	e7bc      	b.n	10006ea2 <_vsnprintf+0x4a>
10006f28:	f042 0210 	orr.w	r2, r2, #16
10006f2c:	e7b9      	b.n	10006ea2 <_vsnprintf+0x4a>
10006f2e:	f042 0208 	orr.w	r2, r2, #8
10006f32:	e7b6      	b.n	10006ea2 <_vsnprintf+0x4a>
10006f34:	9b09      	ldr	r3, [sp, #36]	@ 0x24
10006f36:	f442 7280 	orr.w	r2, r2, #256	@ 0x100
10006f3a:	7858      	ldrb	r0, [r3, #1]
10006f3c:	3301      	adds	r3, #1
10006f3e:	9309      	str	r3, [sp, #36]	@ 0x24
10006f40:	2867      	cmp	r0, #103	@ 0x67
10006f42:	d84a      	bhi.n	10006fda <_vsnprintf+0x182>
10006f44:	2824      	cmp	r0, #36	@ 0x24
10006f46:	d95a      	bls.n	10006ffe <_vsnprintf+0x1a6>
10006f48:	f1a0 0325 	sub.w	r3, r0, #37	@ 0x25
10006f4c:	2b42      	cmp	r3, #66	@ 0x42
10006f4e:	d856      	bhi.n	10006ffe <_vsnprintf+0x1a6>
10006f50:	e8df f013 	tbh	[pc, r3, lsl #1]
10006f54:	005500f6 	.word	0x005500f6
10006f58:	00550055 	.word	0x00550055
10006f5c:	00550055 	.word	0x00550055
10006f60:	00550055 	.word	0x00550055
10006f64:	00550055 	.word	0x00550055
10006f68:	00550055 	.word	0x00550055
10006f6c:	00550055 	.word	0x00550055
10006f70:	00550055 	.word	0x00550055
10006f74:	00550055 	.word	0x00550055
10006f78:	00550055 	.word	0x00550055
10006f7c:	00550055 	.word	0x00550055
10006f80:	00550055 	.word	0x00550055
10006f84:	00550055 	.word	0x00550055
10006f88:	00550055 	.word	0x00550055
10006f8c:	00550055 	.word	0x00550055
10006f90:	00550055 	.word	0x00550055
10006f94:	00dd009e 	.word	0x00dd009e
10006f98:	0055009e 	.word	0x0055009e
10006f9c:	00550055 	.word	0x00550055
10006fa0:	00550055 	.word	0x00550055
10006fa4:	00550055 	.word	0x00550055
10006fa8:	00550055 	.word	0x00550055
10006fac:	00550055 	.word	0x00550055
10006fb0:	00550055 	.word	0x00550055
10006fb4:	00550055 	.word	0x00550055
10006fb8:	01960055 	.word	0x01960055
10006fbc:	00550055 	.word	0x00550055
10006fc0:	00550055 	.word	0x00550055
10006fc4:	00550055 	.word	0x00550055
10006fc8:	00550055 	.word	0x00550055
10006fcc:	01960055 	.word	0x01960055
10006fd0:	019600ff 	.word	0x019600ff
10006fd4:	00dd009e 	.word	0x00dd009e
10006fd8:	009e      	.short	0x009e
10006fda:	f1a0 0169 	sub.w	r1, r0, #105	@ 0x69
10006fde:	b2c9      	uxtb	r1, r1
10006fe0:	290f      	cmp	r1, #15
10006fe2:	d80c      	bhi.n	10006ffe <_vsnprintf+0x1a6>
10006fe4:	2301      	movs	r3, #1
10006fe6:	f249 0441 	movw	r4, #36929	@ 0x9041
10006fea:	408b      	lsls	r3, r1
10006fec:	4023      	ands	r3, r4
10006fee:	f040 81dc 	bne.w	100073aa <_vsnprintf+0x552>
10006ff2:	290a      	cmp	r1, #10
10006ff4:	f000 80e8 	beq.w	100071c8 <_vsnprintf+0x370>
10006ff8:	2907      	cmp	r1, #7
10006ffa:	f000 80c5 	beq.w	10007188 <_vsnprintf+0x330>
10006ffe:	9c09      	ldr	r4, [sp, #36]	@ 0x24
10007000:	462a      	mov	r2, r5
10007002:	464b      	mov	r3, r9
10007004:	4651      	mov	r1, sl
10007006:	3401      	adds	r4, #1
10007008:	47d8      	blx	fp
1000700a:	7820      	ldrb	r0, [r4, #0]
1000700c:	3501      	adds	r5, #1
1000700e:	2800      	cmp	r0, #0
10007010:	f47f af43 	bne.w	10006e9a <_vsnprintf+0x42>
10007014:	462c      	mov	r4, r5
10007016:	462a      	mov	r2, r5
10007018:	4591      	cmp	r9, r2
1000701a:	d802      	bhi.n	10007022 <_vsnprintf+0x1ca>
1000701c:	f109 33ff 	add.w	r3, r9, #4294967295	@ 0xffffffff
10007020:	461a      	mov	r2, r3
10007022:	464b      	mov	r3, r9
10007024:	4651      	mov	r1, sl
10007026:	2000      	movs	r0, #0
10007028:	47d8      	blx	fp
1000702a:	4620      	mov	r0, r4
1000702c:	b01b      	add	sp, #108	@ 0x6c
1000702e:	e8bd 8ff0 	ldmia.w	sp!, {r4, r5, r6, r7, r8, r9, sl, fp, pc}
10007032:	4623      	mov	r3, r4
10007034:	2600      	movs	r6, #0
10007036:	eb06 0686 	add.w	r6, r6, r6, lsl #2
1000703a:	eb00 0646 	add.w	r6, r0, r6, lsl #1
1000703e:	f813 0f01 	ldrb.w	r0, [r3, #1]!
10007042:	3e30      	subs	r6, #48	@ 0x30
10007044:	f1a0 0130 	sub.w	r1, r0, #48	@ 0x30
10007048:	2909      	cmp	r1, #9
1000704a:	d9f4      	bls.n	10007036 <_vsnprintf+0x1de>
1000704c:	9309      	str	r3, [sp, #36]	@ 0x24
1000704e:	282e      	cmp	r0, #46	@ 0x2e
10007050:	f47f af47 	bne.w	10006ee2 <_vsnprintf+0x8a>
10007054:	9b09      	ldr	r3, [sp, #36]	@ 0x24
10007056:	f442 6280 	orr.w	r2, r2, #1024	@ 0x400
1000705a:	7858      	ldrb	r0, [r3, #1]
1000705c:	1c59      	adds	r1, r3, #1
1000705e:	f1a0 0330 	sub.w	r3, r0, #48	@ 0x30
10007062:	2b09      	cmp	r3, #9
10007064:	f240 80f2 	bls.w	1000724c <_vsnprintf+0x3f4>
10007068:	282a      	cmp	r0, #42	@ 0x2a
1000706a:	f000 80fe 	beq.w	1000726a <_vsnprintf+0x412>
1000706e:	9109      	str	r1, [sp, #36]	@ 0x24
10007070:	e737      	b.n	10006ee2 <_vsnprintf+0x8a>
10007072:	4643      	mov	r3, r8
10007074:	f853 6b04 	ldr.w	r6, [r3], #4
10007078:	4698      	mov	r8, r3
1000707a:	9b09      	ldr	r3, [sp, #36]	@ 0x24
1000707c:	2e00      	cmp	r6, #0
1000707e:	7858      	ldrb	r0, [r3, #1]
10007080:	f103 0301 	add.w	r3, r3, #1
10007084:	bfbc      	itt	lt
10007086:	f042 0202 	orrlt.w	r2, r2, #2
1000708a:	4276      	neglt	r6, r6
1000708c:	9309      	str	r3, [sp, #36]	@ 0x24
1000708e:	e7de      	b.n	1000704e <_vsnprintf+0x1f6>
10007090:	2867      	cmp	r0, #103	@ 0x67
10007092:	f000 8175 	beq.w	10007380 <_vsnprintf+0x528>
10007096:	2847      	cmp	r0, #71	@ 0x47
10007098:	f000 81ba 	beq.w	10007410 <_vsnprintf+0x5b8>
1000709c:	2845      	cmp	r0, #69	@ 0x45
1000709e:	f000 81b9 	beq.w	10007414 <_vsnprintf+0x5bc>
100070a2:	e9cd 6203 	strd	r6, r2, [sp, #12]
100070a6:	f108 0307 	add.w	r3, r8, #7
100070aa:	9702      	str	r7, [sp, #8]
100070ac:	f023 0807 	bic.w	r8, r3, #7
100070b0:	462a      	mov	r2, r5
100070b2:	e8f8 6702 	ldrd	r6, r7, [r8], #8
100070b6:	464b      	mov	r3, r9
100070b8:	4651      	mov	r1, sl
100070ba:	4658      	mov	r0, fp
100070bc:	e9cd 6700 	strd	r6, r7, [sp]
100070c0:	9c09      	ldr	r4, [sp, #36]	@ 0x24
100070c2:	f7ff faa1 	bl	10006608 <_etoa>
100070c6:	3401      	adds	r4, #1
100070c8:	4605      	mov	r5, r0
100070ca:	e6e2      	b.n	10006e92 <_vsnprintf+0x3a>
100070cc:	10006e59 	.word	0x10006e59
100070d0:	20000904 	.word	0x20000904
100070d4:	100062c1 	.word	0x100062c1
100070d8:	9b09      	ldr	r3, [sp, #36]	@ 0x24
100070da:	7858      	ldrb	r0, [r3, #1]
100070dc:	286c      	cmp	r0, #108	@ 0x6c
100070de:	f000 81b0 	beq.w	10007442 <_vsnprintf+0x5ea>
100070e2:	3301      	adds	r3, #1
100070e4:	f442 7280 	orr.w	r2, r2, #256	@ 0x100
100070e8:	9309      	str	r3, [sp, #36]	@ 0x24
100070ea:	e729      	b.n	10006f40 <_vsnprintf+0xe8>
100070ec:	9b09      	ldr	r3, [sp, #36]	@ 0x24
100070ee:	f442 7200 	orr.w	r2, r2, #512	@ 0x200
100070f2:	7858      	ldrb	r0, [r3, #1]
100070f4:	3301      	adds	r3, #1
100070f6:	9309      	str	r3, [sp, #36]	@ 0x24
100070f8:	e722      	b.n	10006f40 <_vsnprintf+0xe8>
100070fa:	9b09      	ldr	r3, [sp, #36]	@ 0x24
100070fc:	7858      	ldrb	r0, [r3, #1]
100070fe:	2868      	cmp	r0, #104	@ 0x68
10007100:	f000 8199 	beq.w	10007436 <_vsnprintf+0x5de>
10007104:	3301      	adds	r3, #1
10007106:	f042 0280 	orr.w	r2, r2, #128	@ 0x80
1000710a:	9309      	str	r3, [sp, #36]	@ 0x24
1000710c:	e718      	b.n	10006f40 <_vsnprintf+0xe8>
1000710e:	2846      	cmp	r0, #70	@ 0x46
10007110:	bf08      	it	eq
10007112:	f042 0220 	orreq.w	r2, r2, #32
10007116:	e9cd 6203 	strd	r6, r2, [sp, #12]
1000711a:	f108 0307 	add.w	r3, r8, #7
1000711e:	9702      	str	r7, [sp, #8]
10007120:	f023 0807 	bic.w	r8, r3, #7
10007124:	462a      	mov	r2, r5
10007126:	e8f8 6702 	ldrd	r6, r7, [r8], #8
1000712a:	464b      	mov	r3, r9
1000712c:	4651      	mov	r1, sl
1000712e:	4658      	mov	r0, fp
10007130:	e9cd 6700 	strd	r6, r7, [sp]
10007134:	9c09      	ldr	r4, [sp, #36]	@ 0x24
10007136:	f7ff fc93 	bl	10006a60 <_ftoa>
1000713a:	3401      	adds	r4, #1
1000713c:	4605      	mov	r5, r0
1000713e:	e6a8      	b.n	10006e92 <_vsnprintf+0x3a>
10007140:	9c09      	ldr	r4, [sp, #36]	@ 0x24
10007142:	462a      	mov	r2, r5
10007144:	464b      	mov	r3, r9
10007146:	4651      	mov	r1, sl
10007148:	2025      	movs	r0, #37	@ 0x25
1000714a:	3401      	adds	r4, #1
1000714c:	3501      	adds	r5, #1
1000714e:	47d8      	blx	fp
10007150:	e69f      	b.n	10006e92 <_vsnprintf+0x3a>
10007152:	0794      	lsls	r4, r2, #30
10007154:	f140 817e 	bpl.w	10007454 <_vsnprintf+0x5fc>
10007158:	f858 0b04 	ldr.w	r0, [r8], #4
1000715c:	462a      	mov	r2, r5
1000715e:	464b      	mov	r3, r9
10007160:	4651      	mov	r1, sl
10007162:	b2c0      	uxtb	r0, r0
10007164:	47d8      	blx	fp
10007166:	1c6f      	adds	r7, r5, #1
10007168:	2e01      	cmp	r6, #1
1000716a:	bf98      	it	ls
1000716c:	463d      	movls	r5, r7
1000716e:	d908      	bls.n	10007182 <_vsnprintf+0x32a>
10007170:	4435      	add	r5, r6
10007172:	463a      	mov	r2, r7
10007174:	464b      	mov	r3, r9
10007176:	4651      	mov	r1, sl
10007178:	2020      	movs	r0, #32
1000717a:	3701      	adds	r7, #1
1000717c:	47d8      	blx	fp
1000717e:	42af      	cmp	r7, r5
10007180:	d1f7      	bne.n	10007172 <_vsnprintf+0x31a>
10007182:	9c09      	ldr	r4, [sp, #36]	@ 0x24
10007184:	3401      	adds	r4, #1
10007186:	e684      	b.n	10006e92 <_vsnprintf+0x3a>
10007188:	4640      	mov	r0, r8
1000718a:	f850 1b04 	ldr.w	r1, [r0], #4
1000718e:	2900      	cmp	r1, #0
10007190:	f000 80d6 	beq.w	10007340 <_vsnprintf+0x4e8>
10007194:	f042 0621 	orr.w	r6, r2, #33	@ 0x21
10007198:	aa12      	add	r2, sp, #72	@ 0x48
1000719a:	4694      	mov	ip, r2
1000719c:	920a      	str	r2, [sp, #40]	@ 0x28
1000719e:	e003      	b.n	100071a8 <_vsnprintf+0x350>
100071a0:	2b20      	cmp	r3, #32
100071a2:	f000 80d7 	beq.w	10007354 <_vsnprintf+0x4fc>
100071a6:	4611      	mov	r1, r2
100071a8:	f001 040f 	and.w	r4, r1, #15
100071ac:	4622      	mov	r2, r4
100071ae:	2c09      	cmp	r4, #9
100071b0:	bf94      	ite	ls
100071b2:	3230      	addls	r2, #48	@ 0x30
100071b4:	3237      	addhi	r2, #55	@ 0x37
100071b6:	290f      	cmp	r1, #15
100071b8:	f80c 2b01 	strb.w	r2, [ip], #1
100071bc:	f103 0301 	add.w	r3, r3, #1
100071c0:	ea4f 1211 	mov.w	r2, r1, lsr #4
100071c4:	d8ec      	bhi.n	100071a0 <_vsnprintf+0x348>
100071c6:	e0c5      	b.n	10007354 <_vsnprintf+0x4fc>
100071c8:	46c4      	mov	ip, r8
100071ca:	f85c 1b04 	ldr.w	r1, [ip], #4
100071ce:	7808      	ldrb	r0, [r1, #0]
100071d0:	2f00      	cmp	r7, #0
100071d2:	f040 80af 	bne.w	10007334 <_vsnprintf+0x4dc>
100071d6:	f06f 0801 	mvn.w	r8, #1
100071da:	b158      	cbz	r0, 100071f4 <_vsnprintf+0x39c>
100071dc:	f108 0801 	add.w	r8, r8, #1
100071e0:	460b      	mov	r3, r1
100071e2:	4488      	add	r8, r1
100071e4:	e001      	b.n	100071ea <_vsnprintf+0x392>
100071e6:	4543      	cmp	r3, r8
100071e8:	d003      	beq.n	100071f2 <_vsnprintf+0x39a>
100071ea:	f813 4f01 	ldrb.w	r4, [r3, #1]!
100071ee:	2c00      	cmp	r4, #0
100071f0:	d1f9      	bne.n	100071e6 <_vsnprintf+0x38e>
100071f2:	1a5b      	subs	r3, r3, r1
100071f4:	f412 6e80 	ands.w	lr, r2, #1024	@ 0x400
100071f8:	d002      	beq.n	10007200 <_vsnprintf+0x3a8>
100071fa:	42bb      	cmp	r3, r7
100071fc:	bf28      	it	cs
100071fe:	463b      	movcs	r3, r7
10007200:	f012 0202 	ands.w	r2, r2, #2
10007204:	920a      	str	r2, [sp, #40]	@ 0x28
10007206:	f000 813e 	beq.w	10007486 <_vsnprintf+0x62e>
1000720a:	2800      	cmp	r0, #0
1000720c:	f000 80bb 	beq.w	10007386 <_vsnprintf+0x52e>
10007210:	4688      	mov	r8, r1
10007212:	f1be 0f00 	cmp.w	lr, #0
10007216:	f000 8100 	beq.w	1000741a <_vsnprintf+0x5c2>
1000721a:	462a      	mov	r2, r5
1000721c:	4664      	mov	r4, ip
1000721e:	442f      	add	r7, r5
10007220:	930b      	str	r3, [sp, #44]	@ 0x2c
10007222:	e007      	b.n	10007234 <_vsnprintf+0x3dc>
10007224:	464b      	mov	r3, r9
10007226:	4651      	mov	r1, sl
10007228:	47d8      	blx	fp
1000722a:	f818 0f01 	ldrb.w	r0, [r8, #1]!
1000722e:	3501      	adds	r5, #1
10007230:	b110      	cbz	r0, 10007238 <_vsnprintf+0x3e0>
10007232:	462a      	mov	r2, r5
10007234:	42af      	cmp	r7, r5
10007236:	d1f5      	bne.n	10007224 <_vsnprintf+0x3cc>
10007238:	46a4      	mov	ip, r4
1000723a:	9b0b      	ldr	r3, [sp, #44]	@ 0x2c
1000723c:	9a0a      	ldr	r2, [sp, #40]	@ 0x28
1000723e:	2a00      	cmp	r2, #0
10007240:	f040 80a1 	bne.w	10007386 <_vsnprintf+0x52e>
10007244:	46e0      	mov	r8, ip
10007246:	9c09      	ldr	r4, [sp, #36]	@ 0x24
10007248:	3401      	adds	r4, #1
1000724a:	e622      	b.n	10006e92 <_vsnprintf+0x3a>
1000724c:	2700      	movs	r7, #0
1000724e:	eb07 0787 	add.w	r7, r7, r7, lsl #2
10007252:	eb00 0047 	add.w	r0, r0, r7, lsl #1
10007256:	f1a0 0730 	sub.w	r7, r0, #48	@ 0x30
1000725a:	f811 0f01 	ldrb.w	r0, [r1, #1]!
1000725e:	f1a0 0330 	sub.w	r3, r0, #48	@ 0x30
10007262:	2b09      	cmp	r3, #9
10007264:	d9f3      	bls.n	1000724e <_vsnprintf+0x3f6>
10007266:	9109      	str	r1, [sp, #36]	@ 0x24
10007268:	e63c      	b.n	10006ee4 <_vsnprintf+0x8c>
1000726a:	4643      	mov	r3, r8
1000726c:	9909      	ldr	r1, [sp, #36]	@ 0x24
1000726e:	f853 7b04 	ldr.w	r7, [r3], #4
10007272:	7888      	ldrb	r0, [r1, #2]
10007274:	3102      	adds	r1, #2
10007276:	4698      	mov	r8, r3
10007278:	9109      	str	r1, [sp, #36]	@ 0x24
1000727a:	ea27 77e7 	bic.w	r7, r7, r7, asr #31
1000727e:	e631      	b.n	10006ee4 <_vsnprintf+0x8c>
10007280:	2862      	cmp	r0, #98	@ 0x62
10007282:	f000 8187 	beq.w	10007594 <_vsnprintf+0x73c>
10007286:	2858      	cmp	r0, #88	@ 0x58
10007288:	f000 818d 	beq.w	100075a6 <_vsnprintf+0x74e>
1000728c:	f412 6380 	ands.w	r3, r2, #1024	@ 0x400
10007290:	f000 8173 	beq.w	1000757a <_vsnprintf+0x722>
10007294:	f022 0e11 	bic.w	lr, r2, #17
10007298:	f41e 7c00 	ands.w	ip, lr, #512	@ 0x200
1000729c:	f040 810f 	bne.w	100074be <_vsnprintf+0x666>
100072a0:	f41e 7080 	ands.w	r0, lr, #256	@ 0x100
100072a4:	f040 81d7 	bne.w	10007656 <_vsnprintf+0x7fe>
100072a8:	f01e 0f40 	tst.w	lr, #64	@ 0x40
100072ac:	4642      	mov	r2, r8
100072ae:	f040 815e 	bne.w	1000756e <_vsnprintf+0x716>
100072b2:	f01e 0f80 	tst.w	lr, #128	@ 0x80
100072b6:	f000 8289 	beq.w	100077cc <_vsnprintf+0x974>
100072ba:	f932 1b04 	ldrsh.w	r1, [r2], #4
100072be:	4690      	mov	r8, r2
100072c0:	ea81 7ce1 	eor.w	ip, r1, r1, asr #31
100072c4:	ebac 7ce1 	sub.w	ip, ip, r1, asr #31
100072c8:	fa1f fc8c 	uxth.w	ip, ip
100072cc:	0fca      	lsrs	r2, r1, #31
100072ce:	2900      	cmp	r1, #0
100072d0:	f000 81f4 	beq.w	100076bc <_vsnprintf+0x864>
100072d4:	4663      	mov	r3, ip
100072d6:	a912      	add	r1, sp, #72	@ 0x48
100072d8:	468c      	mov	ip, r1
100072da:	e9cd 280b 	strd	r2, r8, [sp, #44]	@ 0x2c
100072de:	4cb7      	ldr	r4, [pc, #732]	@ (100075bc <_vsnprintf+0x764>)
100072e0:	910a      	str	r1, [sp, #40]	@ 0x28
100072e2:	e001      	b.n	100072e8 <_vsnprintf+0x490>
100072e4:	2820      	cmp	r0, #32
100072e6:	d010      	beq.n	1000730a <_vsnprintf+0x4b2>
100072e8:	4698      	mov	r8, r3
100072ea:	fba4 1203 	umull	r1, r2, r4, r3
100072ee:	08d2      	lsrs	r2, r2, #3
100072f0:	eb02 0182 	add.w	r1, r2, r2, lsl #2
100072f4:	eba3 0141 	sub.w	r1, r3, r1, lsl #1
100072f8:	3130      	adds	r1, #48	@ 0x30
100072fa:	f1b8 0f09 	cmp.w	r8, #9
100072fe:	4613      	mov	r3, r2
10007300:	f100 0001 	add.w	r0, r0, #1
10007304:	f80c 1b01 	strb.w	r1, [ip], #1
10007308:	d8ec      	bhi.n	100072e4 <_vsnprintf+0x48c>
1000730a:	e9dd 280b 	ldrd	r2, r8, [sp, #44]	@ 0x2c
1000730e:	e9cd 6e05 	strd	r6, lr, [sp, #20]
10007312:	e9cd 0201 	strd	r0, r2, [sp, #4]
10007316:	9704      	str	r7, [sp, #16]
10007318:	9b0a      	ldr	r3, [sp, #40]	@ 0x28
1000731a:	462a      	mov	r2, r5
1000731c:	9300      	str	r3, [sp, #0]
1000731e:	230a      	movs	r3, #10
10007320:	9303      	str	r3, [sp, #12]
10007322:	464b      	mov	r3, r9
10007324:	4651      	mov	r1, sl
10007326:	4658      	mov	r0, fp
10007328:	f7ff f818 	bl	1000635c <_ntoa_format>
1000732c:	9c09      	ldr	r4, [sp, #36]	@ 0x24
1000732e:	4605      	mov	r5, r0
10007330:	3401      	adds	r4, #1
10007332:	e5ae      	b.n	10006e92 <_vsnprintf+0x3a>
10007334:	2800      	cmp	r0, #0
10007336:	f43f af5d 	beq.w	100071f4 <_vsnprintf+0x39c>
1000733a:	f107 38ff 	add.w	r8, r7, #4294967295	@ 0xffffffff
1000733e:	e74d      	b.n	100071dc <_vsnprintf+0x384>
10007340:	f022 0610 	bic.w	r6, r2, #16
10007344:	f412 6180 	ands.w	r1, r2, #1024	@ 0x400
10007348:	f046 0621 	orr.w	r6, r6, #33	@ 0x21
1000734c:	f43f af24 	beq.w	10007198 <_vsnprintf+0x340>
10007350:	aa12      	add	r2, sp, #72	@ 0x48
10007352:	920a      	str	r2, [sp, #40]	@ 0x28
10007354:	9301      	str	r3, [sp, #4]
10007356:	9b0a      	ldr	r3, [sp, #40]	@ 0x28
10007358:	4680      	mov	r8, r0
1000735a:	9300      	str	r3, [sp, #0]
1000735c:	2308      	movs	r3, #8
1000735e:	2010      	movs	r0, #16
10007360:	9305      	str	r3, [sp, #20]
10007362:	2300      	movs	r3, #0
10007364:	462a      	mov	r2, r5
10007366:	e9cd 3002 	strd	r3, r0, [sp, #8]
1000736a:	4651      	mov	r1, sl
1000736c:	464b      	mov	r3, r9
1000736e:	4658      	mov	r0, fp
10007370:	9606      	str	r6, [sp, #24]
10007372:	9704      	str	r7, [sp, #16]
10007374:	9c09      	ldr	r4, [sp, #36]	@ 0x24
10007376:	f7fe fff1 	bl	1000635c <_ntoa_format>
1000737a:	3401      	adds	r4, #1
1000737c:	4605      	mov	r5, r0
1000737e:	e588      	b.n	10006e92 <_vsnprintf+0x3a>
10007380:	f442 6200 	orr.w	r2, r2, #2048	@ 0x800
10007384:	e68d      	b.n	100070a2 <_vsnprintf+0x24a>
10007386:	429e      	cmp	r6, r3
10007388:	462f      	mov	r7, r5
1000738a:	f67f af5b 	bls.w	10007244 <_vsnprintf+0x3ec>
1000738e:	4664      	mov	r4, ip
10007390:	4435      	add	r5, r6
10007392:	1aed      	subs	r5, r5, r3
10007394:	463a      	mov	r2, r7
10007396:	464b      	mov	r3, r9
10007398:	4651      	mov	r1, sl
1000739a:	2020      	movs	r0, #32
1000739c:	3701      	adds	r7, #1
1000739e:	47d8      	blx	fp
100073a0:	42af      	cmp	r7, r5
100073a2:	d1f7      	bne.n	10007394 <_vsnprintf+0x53c>
100073a4:	46a4      	mov	ip, r4
100073a6:	46e0      	mov	r8, ip
100073a8:	e74d      	b.n	10007246 <_vsnprintf+0x3ee>
100073aa:	2878      	cmp	r0, #120	@ 0x78
100073ac:	f040 8121 	bne.w	100075f2 <_vsnprintf+0x79a>
100073b0:	f412 6380 	ands.w	r3, r2, #1024	@ 0x400
100073b4:	f000 8221 	beq.w	100077fa <_vsnprintf+0x9a2>
100073b8:	f022 0c0d 	bic.w	ip, r2, #13
100073bc:	2210      	movs	r2, #16
100073be:	920b      	str	r2, [sp, #44]	@ 0x2c
100073c0:	f41c 7000 	ands.w	r0, ip, #512	@ 0x200
100073c4:	f040 80fc 	bne.w	100075c0 <_vsnprintf+0x768>
100073c8:	f41c 7180 	ands.w	r1, ip, #256	@ 0x100
100073cc:	f040 81b9 	bne.w	10007742 <_vsnprintf+0x8ea>
100073d0:	4640      	mov	r0, r8
100073d2:	f850 2b04 	ldr.w	r2, [r0], #4
100073d6:	f01c 0f40 	tst.w	ip, #64	@ 0x40
100073da:	4680      	mov	r8, r0
100073dc:	f000 81ac 	beq.w	10007738 <_vsnprintf+0x8e0>
100073e0:	b2d2      	uxtb	r2, r2
100073e2:	2a00      	cmp	r2, #0
100073e4:	f040 8111 	bne.w	1000760a <_vsnprintf+0x7b2>
100073e8:	f02c 0c10 	bic.w	ip, ip, #16
100073ec:	2b00      	cmp	r3, #0
100073ee:	f000 810c 	beq.w	1000760a <_vsnprintf+0x7b2>
100073f2:	4611      	mov	r1, r2
100073f4:	ab12      	add	r3, sp, #72	@ 0x48
100073f6:	930a      	str	r3, [sp, #40]	@ 0x28
100073f8:	9b0b      	ldr	r3, [sp, #44]	@ 0x2c
100073fa:	e9cd 6c05 	strd	r6, ip, [sp, #20]
100073fe:	9704      	str	r7, [sp, #16]
10007400:	9303      	str	r3, [sp, #12]
10007402:	9101      	str	r1, [sp, #4]
10007404:	462a      	mov	r2, r5
10007406:	9b0a      	ldr	r3, [sp, #40]	@ 0x28
10007408:	9300      	str	r3, [sp, #0]
1000740a:	2300      	movs	r3, #0
1000740c:	9302      	str	r3, [sp, #8]
1000740e:	e788      	b.n	10007322 <_vsnprintf+0x4ca>
10007410:	f442 6200 	orr.w	r2, r2, #2048	@ 0x800
10007414:	f042 0220 	orr.w	r2, r2, #32
10007418:	e643      	b.n	100070a2 <_vsnprintf+0x24a>
1000741a:	461c      	mov	r4, r3
1000741c:	4667      	mov	r7, ip
1000741e:	462a      	mov	r2, r5
10007420:	464b      	mov	r3, r9
10007422:	4651      	mov	r1, sl
10007424:	47d8      	blx	fp
10007426:	f818 0f01 	ldrb.w	r0, [r8, #1]!
1000742a:	3501      	adds	r5, #1
1000742c:	2800      	cmp	r0, #0
1000742e:	d1f6      	bne.n	1000741e <_vsnprintf+0x5c6>
10007430:	4623      	mov	r3, r4
10007432:	46bc      	mov	ip, r7
10007434:	e702      	b.n	1000723c <_vsnprintf+0x3e4>
10007436:	7898      	ldrb	r0, [r3, #2]
10007438:	3302      	adds	r3, #2
1000743a:	f042 02c0 	orr.w	r2, r2, #192	@ 0xc0
1000743e:	9309      	str	r3, [sp, #36]	@ 0x24
10007440:	e57e      	b.n	10006f40 <_vsnprintf+0xe8>
10007442:	7898      	ldrb	r0, [r3, #2]
10007444:	3302      	adds	r3, #2
10007446:	f442 7240 	orr.w	r2, r2, #768	@ 0x300
1000744a:	9309      	str	r3, [sp, #36]	@ 0x24
1000744c:	e578      	b.n	10006f40 <_vsnprintf+0xe8>
1000744e:	4604      	mov	r4, r0
10007450:	4602      	mov	r2, r0
10007452:	e5e1      	b.n	10007018 <_vsnprintf+0x1c0>
10007454:	2e01      	cmp	r6, #1
10007456:	f240 81c6 	bls.w	100077e6 <_vsnprintf+0x98e>
1000745a:	462f      	mov	r7, r5
1000745c:	1e6b      	subs	r3, r5, #1
1000745e:	199c      	adds	r4, r3, r6
10007460:	463a      	mov	r2, r7
10007462:	464b      	mov	r3, r9
10007464:	4651      	mov	r1, sl
10007466:	2020      	movs	r0, #32
10007468:	3701      	adds	r7, #1
1000746a:	47d8      	blx	fp
1000746c:	42a7      	cmp	r7, r4
1000746e:	d1f7      	bne.n	10007460 <_vsnprintf+0x608>
10007470:	463a      	mov	r2, r7
10007472:	4435      	add	r5, r6
10007474:	f858 0b04 	ldr.w	r0, [r8], #4
10007478:	464b      	mov	r3, r9
1000747a:	4651      	mov	r1, sl
1000747c:	b2c0      	uxtb	r0, r0
1000747e:	47d8      	blx	fp
10007480:	9c09      	ldr	r4, [sp, #36]	@ 0x24
10007482:	3401      	adds	r4, #1
10007484:	e505      	b.n	10006e92 <_vsnprintf+0x3a>
10007486:	429e      	cmp	r6, r3
10007488:	f240 81b0 	bls.w	100077ec <_vsnprintf+0x994>
1000748c:	4664      	mov	r4, ip
1000748e:	e9cd e10b 	strd	lr, r1, [sp, #44]	@ 0x2c
10007492:	eb06 0805 	add.w	r8, r6, r5
10007496:	eba8 0803 	sub.w	r8, r8, r3
1000749a:	462a      	mov	r2, r5
1000749c:	464b      	mov	r3, r9
1000749e:	4651      	mov	r1, sl
100074a0:	2020      	movs	r0, #32
100074a2:	3501      	adds	r5, #1
100074a4:	47d8      	blx	fp
100074a6:	4545      	cmp	r5, r8
100074a8:	d1f7      	bne.n	1000749a <_vsnprintf+0x642>
100074aa:	e9dd e10b 	ldrd	lr, r1, [sp, #44]	@ 0x2c
100074ae:	7808      	ldrb	r0, [r1, #0]
100074b0:	46a4      	mov	ip, r4
100074b2:	1c73      	adds	r3, r6, #1
100074b4:	2800      	cmp	r0, #0
100074b6:	f47f aeab 	bne.w	10007210 <_vsnprintf+0x3b8>
100074ba:	46e0      	mov	r8, ip
100074bc:	e6c3      	b.n	10007246 <_vsnprintf+0x3ee>
100074be:	f108 0207 	add.w	r2, r8, #7
100074c2:	f022 0207 	bic.w	r2, r2, #7
100074c6:	4690      	mov	r8, r2
100074c8:	6852      	ldr	r2, [r2, #4]
100074ca:	f858 1b08 	ldr.w	r1, [r8], #8
100074ce:	0fd4      	lsrs	r4, r2, #31
100074d0:	ea51 0002 	orrs.w	r0, r1, r2
100074d4:	d154      	bne.n	10007580 <_vsnprintf+0x728>
100074d6:	2b00      	cmp	r3, #0
100074d8:	f040 8180 	bne.w	100077dc <_vsnprintf+0x984>
100074dc:	4619      	mov	r1, r3
100074de:	aa12      	add	r2, sp, #72	@ 0x48
100074e0:	950f      	str	r5, [sp, #60]	@ 0x3c
100074e2:	f04f 0c00 	mov.w	ip, #0
100074e6:	4615      	mov	r5, r2
100074e8:	e9cd 480b 	strd	r4, r8, [sp, #44]	@ 0x2c
100074ec:	e9cd 670d 	strd	r6, r7, [sp, #52]	@ 0x34
100074f0:	4832      	ldr	r0, [pc, #200]	@ (100075bc <_vsnprintf+0x764>)
100074f2:	920a      	str	r2, [sp, #40]	@ 0x28
100074f4:	e002      	b.n	100074fc <_vsnprintf+0x6a4>
100074f6:	f1bc 0f20 	cmp.w	ip, #32
100074fa:	d02d      	beq.n	10007558 <_vsnprintf+0x700>
100074fc:	185a      	adds	r2, r3, r1
100074fe:	f142 0200 	adc.w	r2, r2, #0
10007502:	fba0 7802 	umull	r7, r8, r0, r2
10007506:	f028 0703 	bic.w	r7, r8, #3
1000750a:	eb07 0798 	add.w	r7, r7, r8, lsr #2
1000750e:	1bd2      	subs	r2, r2, r7
10007510:	461e      	mov	r6, r3
10007512:	1a9b      	subs	r3, r3, r2
10007514:	f161 0700 	sbc.w	r7, r1, #0
10007518:	460c      	mov	r4, r1
1000751a:	f04f 31cc 	mov.w	r1, #3435973836	@ 0xcccccccc
1000751e:	fb01 f103 	mul.w	r1, r1, r3
10007522:	fb00 1107 	mla	r1, r0, r7, r1
10007526:	fba3 7300 	umull	r7, r3, r3, r0
1000752a:	4419      	add	r1, r3
1000752c:	2305      	movs	r3, #5
1000752e:	f007 0801 	and.w	r8, r7, #1
10007532:	fba8 3803 	umull	r3, r8, r8, r3
10007536:	189b      	adds	r3, r3, r2
10007538:	2e0a      	cmp	r6, #10
1000753a:	f103 0330 	add.w	r3, r3, #48	@ 0x30
1000753e:	ea4f 0757 	mov.w	r7, r7, lsr #1
10007542:	f174 0400 	sbcs.w	r4, r4, #0
10007546:	f805 3b01 	strb.w	r3, [r5], #1
1000754a:	f10c 0c01 	add.w	ip, ip, #1
1000754e:	ea47 73c1 	orr.w	r3, r7, r1, lsl #31
10007552:	ea4f 0151 	mov.w	r1, r1, lsr #1
10007556:	d2ce      	bcs.n	100074f6 <_vsnprintf+0x69e>
10007558:	9d0f      	ldr	r5, [sp, #60]	@ 0x3c
1000755a:	e9dd 480b 	ldrd	r4, r8, [sp, #44]	@ 0x2c
1000755e:	e9dd 670d 	ldrd	r6, r7, [sp, #52]	@ 0x34
10007562:	e9cd 6e05 	strd	r6, lr, [sp, #20]
10007566:	e9cd c401 	strd	ip, r4, [sp, #4]
1000756a:	9704      	str	r7, [sp, #16]
1000756c:	e6d4      	b.n	10007318 <_vsnprintf+0x4c0>
1000756e:	f852 1b04 	ldr.w	r1, [r2], #4
10007572:	b2c9      	uxtb	r1, r1
10007574:	4690      	mov	r8, r2
10007576:	468c      	mov	ip, r1
10007578:	e6a8      	b.n	100072cc <_vsnprintf+0x474>
1000757a:	f022 0e10 	bic.w	lr, r2, #16
1000757e:	e68b      	b.n	10007298 <_vsnprintf+0x440>
10007580:	2a00      	cmp	r2, #0
10007582:	460b      	mov	r3, r1
10007584:	db01      	blt.n	1000758a <_vsnprintf+0x732>
10007586:	4611      	mov	r1, r2
10007588:	e7a9      	b.n	100074de <_vsnprintf+0x686>
1000758a:	424b      	negs	r3, r1
1000758c:	eb62 0242 	sbc.w	r2, r2, r2, lsl #1
10007590:	4611      	mov	r1, r2
10007592:	e7a4      	b.n	100074de <_vsnprintf+0x686>
10007594:	f412 6380 	ands.w	r3, r2, #1024	@ 0x400
10007598:	f000 80e7 	beq.w	1000776a <_vsnprintf+0x912>
1000759c:	f022 0c0d 	bic.w	ip, r2, #13
100075a0:	2202      	movs	r2, #2
100075a2:	920b      	str	r2, [sp, #44]	@ 0x2c
100075a4:	e70c      	b.n	100073c0 <_vsnprintf+0x568>
100075a6:	f412 6380 	ands.w	r3, r2, #1024	@ 0x400
100075aa:	f000 8124 	beq.w	100077f6 <_vsnprintf+0x99e>
100075ae:	f022 020d 	bic.w	r2, r2, #13
100075b2:	f042 0c20 	orr.w	ip, r2, #32
100075b6:	2210      	movs	r2, #16
100075b8:	920b      	str	r2, [sp, #44]	@ 0x2c
100075ba:	e701      	b.n	100073c0 <_vsnprintf+0x568>
100075bc:	cccccccd 	.word	0xcccccccd
100075c0:	f108 0207 	add.w	r2, r8, #7
100075c4:	f022 0207 	bic.w	r2, r2, #7
100075c8:	4690      	mov	r8, r2
100075ca:	6852      	ldr	r2, [r2, #4]
100075cc:	f858 1b08 	ldr.w	r1, [r8], #8
100075d0:	4610      	mov	r0, r2
100075d2:	430a      	orrs	r2, r1
100075d4:	d178      	bne.n	100076c8 <_vsnprintf+0x870>
100075d6:	f02c 0c10 	bic.w	ip, ip, #16
100075da:	2b00      	cmp	r3, #0
100075dc:	d074      	beq.n	100076c8 <_vsnprintf+0x870>
100075de:	2400      	movs	r4, #0
100075e0:	ab12      	add	r3, sp, #72	@ 0x48
100075e2:	930a      	str	r3, [sp, #40]	@ 0x28
100075e4:	9b0b      	ldr	r3, [sp, #44]	@ 0x2c
100075e6:	e9cd 6c05 	strd	r6, ip, [sp, #20]
100075ea:	9704      	str	r7, [sp, #16]
100075ec:	9303      	str	r3, [sp, #12]
100075ee:	9401      	str	r4, [sp, #4]
100075f0:	e708      	b.n	10007404 <_vsnprintf+0x5ac>
100075f2:	286f      	cmp	r0, #111	@ 0x6f
100075f4:	f040 810d 	bne.w	10007812 <_vsnprintf+0x9ba>
100075f8:	f412 6380 	ands.w	r3, r2, #1024	@ 0x400
100075fc:	f022 0c0c 	bic.w	ip, r2, #12
10007600:	f040 8101 	bne.w	10007806 <_vsnprintf+0x9ae>
10007604:	2208      	movs	r2, #8
10007606:	920b      	str	r2, [sp, #44]	@ 0x2c
10007608:	e6da      	b.n	100073c0 <_vsnprintf+0x568>
1000760a:	f01c 0f20 	tst.w	ip, #32
1000760e:	bf14      	ite	ne
10007610:	2341      	movne	r3, #65	@ 0x41
10007612:	2361      	moveq	r3, #97	@ 0x61
10007614:	a812      	add	r0, sp, #72	@ 0x48
10007616:	4686      	mov	lr, r0
10007618:	900a      	str	r0, [sp, #40]	@ 0x28
1000761a:	e9cd 860c 	strd	r8, r6, [sp, #48]	@ 0x30
1000761e:	980b      	ldr	r0, [sp, #44]	@ 0x2c
10007620:	f1a3 040a 	sub.w	r4, r3, #10
10007624:	e002      	b.n	1000762c <_vsnprintf+0x7d4>
10007626:	2920      	cmp	r1, #32
10007628:	d012      	beq.n	10007650 <_vsnprintf+0x7f8>
1000762a:	4642      	mov	r2, r8
1000762c:	fbb2 f8f0 	udiv	r8, r2, r0
10007630:	fb00 2618 	mls	r6, r0, r8, r2
10007634:	b2f3      	uxtb	r3, r6
10007636:	2e09      	cmp	r6, #9
10007638:	f103 0630 	add.w	r6, r3, #48	@ 0x30
1000763c:	bf8a      	itet	hi
1000763e:	191b      	addhi	r3, r3, r4
10007640:	b2f3      	uxtbls	r3, r6
10007642:	b2db      	uxtbhi	r3, r3
10007644:	4282      	cmp	r2, r0
10007646:	f80e 3b01 	strb.w	r3, [lr], #1
1000764a:	f101 0101 	add.w	r1, r1, #1
1000764e:	d2ea      	bcs.n	10007626 <_vsnprintf+0x7ce>
10007650:	e9dd 860c 	ldrd	r8, r6, [sp, #48]	@ 0x30
10007654:	e6d0      	b.n	100073f8 <_vsnprintf+0x5a0>
10007656:	4641      	mov	r1, r8
10007658:	f851 0b04 	ldr.w	r0, [r1], #4
1000765c:	0fc2      	lsrs	r2, r0, #31
1000765e:	2800      	cmp	r0, #0
10007660:	f000 80ae 	beq.w	100077c0 <_vsnprintf+0x968>
10007664:	ea80 73e0 	eor.w	r3, r0, r0, asr #31
10007668:	eba3 73e0 	sub.w	r3, r3, r0, asr #31
1000766c:	a812      	add	r0, sp, #72	@ 0x48
1000766e:	e9cd 260b 	strd	r2, r6, [sp, #44]	@ 0x2c
10007672:	f8df 81c4 	ldr.w	r8, [pc, #452]	@ 10007838 <_vsnprintf+0x9e0>
10007676:	900a      	str	r0, [sp, #40]	@ 0x28
10007678:	e002      	b.n	10007680 <_vsnprintf+0x828>
1000767a:	f1bc 0f20 	cmp.w	ip, #32
1000767e:	d00f      	beq.n	100076a0 <_vsnprintf+0x848>
10007680:	461e      	mov	r6, r3
10007682:	fba8 4203 	umull	r4, r2, r8, r3
10007686:	08d2      	lsrs	r2, r2, #3
10007688:	eb02 0482 	add.w	r4, r2, r2, lsl #2
1000768c:	eba3 0444 	sub.w	r4, r3, r4, lsl #1
10007690:	3430      	adds	r4, #48	@ 0x30
10007692:	2e09      	cmp	r6, #9
10007694:	4613      	mov	r3, r2
10007696:	f10c 0c01 	add.w	ip, ip, #1
1000769a:	f800 4b01 	strb.w	r4, [r0], #1
1000769e:	d8ec      	bhi.n	1000767a <_vsnprintf+0x822>
100076a0:	e9dd 260b 	ldrd	r2, r6, [sp, #44]	@ 0x2c
100076a4:	9b0a      	ldr	r3, [sp, #40]	@ 0x28
100076a6:	e9cd c201 	strd	ip, r2, [sp, #4]
100076aa:	9300      	str	r3, [sp, #0]
100076ac:	230a      	movs	r3, #10
100076ae:	462a      	mov	r2, r5
100076b0:	4688      	mov	r8, r1
100076b2:	e9cd 6e05 	strd	r6, lr, [sp, #20]
100076b6:	9704      	str	r7, [sp, #16]
100076b8:	9303      	str	r3, [sp, #12]
100076ba:	e632      	b.n	10007322 <_vsnprintf+0x4ca>
100076bc:	2b00      	cmp	r3, #0
100076be:	f43f ae0a 	beq.w	100072d6 <_vsnprintf+0x47e>
100076c2:	ab12      	add	r3, sp, #72	@ 0x48
100076c4:	930a      	str	r3, [sp, #40]	@ 0x28
100076c6:	e622      	b.n	1000730e <_vsnprintf+0x4b6>
100076c8:	f01c 0f20 	tst.w	ip, #32
100076cc:	bf14      	ite	ne
100076ce:	2341      	movne	r3, #65	@ 0x41
100076d0:	2361      	moveq	r3, #97	@ 0x61
100076d2:	aa12      	add	r2, sp, #72	@ 0x48
100076d4:	3b0a      	subs	r3, #10
100076d6:	e9cd 860c 	strd	r8, r6, [sp, #48]	@ 0x30
100076da:	e9cd 750e 	strd	r7, r5, [sp, #56]	@ 0x38
100076de:	f8cd b044 	str.w	fp, [sp, #68]	@ 0x44
100076e2:	2400      	movs	r4, #0
100076e4:	4690      	mov	r8, r2
100076e6:	460e      	mov	r6, r1
100076e8:	4605      	mov	r5, r0
100076ea:	469b      	mov	fp, r3
100076ec:	9f0b      	ldr	r7, [sp, #44]	@ 0x2c
100076ee:	920a      	str	r2, [sp, #40]	@ 0x28
100076f0:	f8cd c040 	str.w	ip, [sp, #64]	@ 0x40
100076f4:	e003      	b.n	100076fe <_vsnprintf+0x8a6>
100076f6:	2c20      	cmp	r4, #32
100076f8:	d017      	beq.n	1000772a <_vsnprintf+0x8d2>
100076fa:	4606      	mov	r6, r0
100076fc:	460d      	mov	r5, r1
100076fe:	4629      	mov	r1, r5
10007700:	4630      	mov	r0, r6
10007702:	463a      	mov	r2, r7
10007704:	2300      	movs	r3, #0
10007706:	f000 fcc3 	bl	10008090 <____aeabi_uldivmod_veneer>
1000770a:	b2d2      	uxtb	r2, r2
1000770c:	2a09      	cmp	r2, #9
1000770e:	f102 0330 	add.w	r3, r2, #48	@ 0x30
10007712:	bf88      	it	hi
10007714:	eb02 030b 	addhi.w	r3, r2, fp
10007718:	42be      	cmp	r6, r7
1000771a:	b2db      	uxtb	r3, r3
1000771c:	f175 0500 	sbcs.w	r5, r5, #0
10007720:	f808 3b01 	strb.w	r3, [r8], #1
10007724:	f104 0401 	add.w	r4, r4, #1
10007728:	d2e5      	bcs.n	100076f6 <_vsnprintf+0x89e>
1000772a:	e9dd 860c 	ldrd	r8, r6, [sp, #48]	@ 0x30
1000772e:	e9dd 750e 	ldrd	r7, r5, [sp, #56]	@ 0x38
10007732:	e9dd cb10 	ldrd	ip, fp, [sp, #64]	@ 0x40
10007736:	e755      	b.n	100075e4 <_vsnprintf+0x78c>
10007738:	f01c 0f80 	tst.w	ip, #128	@ 0x80
1000773c:	bf18      	it	ne
1000773e:	b292      	uxthne	r2, r2
10007740:	e64f      	b.n	100073e2 <_vsnprintf+0x58a>
10007742:	4641      	mov	r1, r8
10007744:	f851 2b04 	ldr.w	r2, [r1], #4
10007748:	b9a2      	cbnz	r2, 10007774 <_vsnprintf+0x91c>
1000774a:	f02c 0c10 	bic.w	ip, ip, #16
1000774e:	b18b      	cbz	r3, 10007774 <_vsnprintf+0x91c>
10007750:	ab12      	add	r3, sp, #72	@ 0x48
10007752:	930a      	str	r3, [sp, #40]	@ 0x28
10007754:	9b0b      	ldr	r3, [sp, #44]	@ 0x2c
10007756:	462a      	mov	r2, r5
10007758:	9303      	str	r3, [sp, #12]
1000775a:	9b0a      	ldr	r3, [sp, #40]	@ 0x28
1000775c:	4688      	mov	r8, r1
1000775e:	e9cd 6c05 	strd	r6, ip, [sp, #20]
10007762:	9704      	str	r7, [sp, #16]
10007764:	9001      	str	r0, [sp, #4]
10007766:	9300      	str	r3, [sp, #0]
10007768:	e64f      	b.n	1000740a <_vsnprintf+0x5b2>
1000776a:	f022 0c0c 	bic.w	ip, r2, #12
1000776e:	2202      	movs	r2, #2
10007770:	920b      	str	r2, [sp, #44]	@ 0x2c
10007772:	e625      	b.n	100073c0 <_vsnprintf+0x568>
10007774:	f01c 0f20 	tst.w	ip, #32
10007778:	bf14      	ite	ne
1000777a:	2341      	movne	r3, #65	@ 0x41
1000777c:	2361      	moveq	r3, #97	@ 0x61
1000777e:	ac12      	add	r4, sp, #72	@ 0x48
10007780:	46a6      	mov	lr, r4
10007782:	940a      	str	r4, [sp, #40]	@ 0x28
10007784:	e9cd 670c 	strd	r6, r7, [sp, #48]	@ 0x30
10007788:	9c0b      	ldr	r4, [sp, #44]	@ 0x2c
1000778a:	f1a3 080a 	sub.w	r8, r3, #10
1000778e:	e002      	b.n	10007796 <_vsnprintf+0x93e>
10007790:	2820      	cmp	r0, #32
10007792:	d012      	beq.n	100077ba <_vsnprintf+0x962>
10007794:	463a      	mov	r2, r7
10007796:	fbb2 f7f4 	udiv	r7, r2, r4
1000779a:	fb04 2617 	mls	r6, r4, r7, r2
1000779e:	b2f3      	uxtb	r3, r6
100077a0:	2e09      	cmp	r6, #9
100077a2:	f103 0630 	add.w	r6, r3, #48	@ 0x30
100077a6:	bf8a      	itet	hi
100077a8:	4443      	addhi	r3, r8
100077aa:	b2f3      	uxtbls	r3, r6
100077ac:	b2db      	uxtbhi	r3, r3
100077ae:	42a2      	cmp	r2, r4
100077b0:	f80e 3b01 	strb.w	r3, [lr], #1
100077b4:	f100 0001 	add.w	r0, r0, #1
100077b8:	d2ea      	bcs.n	10007790 <_vsnprintf+0x938>
100077ba:	e9dd 670c 	ldrd	r6, r7, [sp, #48]	@ 0x30
100077be:	e7c9      	b.n	10007754 <_vsnprintf+0x8fc>
100077c0:	2b00      	cmp	r3, #0
100077c2:	f43f af53 	beq.w	1000766c <_vsnprintf+0x814>
100077c6:	ab12      	add	r3, sp, #72	@ 0x48
100077c8:	930a      	str	r3, [sp, #40]	@ 0x28
100077ca:	e76b      	b.n	100076a4 <_vsnprintf+0x84c>
100077cc:	f852 1b04 	ldr.w	r1, [r2], #4
100077d0:	ea81 7ce1 	eor.w	ip, r1, r1, asr #31
100077d4:	4690      	mov	r8, r2
100077d6:	ebac 7ce1 	sub.w	ip, ip, r1, asr #31
100077da:	e577      	b.n	100072cc <_vsnprintf+0x474>
100077dc:	ab12      	add	r3, sp, #72	@ 0x48
100077de:	f04f 0c00 	mov.w	ip, #0
100077e2:	930a      	str	r3, [sp, #40]	@ 0x28
100077e4:	e6bd      	b.n	10007562 <_vsnprintf+0x70a>
100077e6:	462a      	mov	r2, r5
100077e8:	3501      	adds	r5, #1
100077ea:	e643      	b.n	10007474 <_vsnprintf+0x61c>
100077ec:	3301      	adds	r3, #1
100077ee:	2800      	cmp	r0, #0
100077f0:	f47f ad0e 	bne.w	10007210 <_vsnprintf+0x3b8>
100077f4:	e661      	b.n	100074ba <_vsnprintf+0x662>
100077f6:	f042 0220 	orr.w	r2, r2, #32
100077fa:	f022 0c0c 	bic.w	ip, r2, #12
100077fe:	2210      	movs	r2, #16
10007800:	2300      	movs	r3, #0
10007802:	920b      	str	r2, [sp, #44]	@ 0x2c
10007804:	e5dc      	b.n	100073c0 <_vsnprintf+0x568>
10007806:	4696      	mov	lr, r2
10007808:	2208      	movs	r2, #8
1000780a:	920b      	str	r2, [sp, #44]	@ 0x2c
1000780c:	f02e 0c0d 	bic.w	ip, lr, #13
10007810:	e5d6      	b.n	100073c0 <_vsnprintf+0x568>
10007812:	2869      	cmp	r0, #105	@ 0x69
10007814:	f022 0e10 	bic.w	lr, r2, #16
10007818:	d104      	bne.n	10007824 <_vsnprintf+0x9cc>
1000781a:	f412 6380 	ands.w	r3, r2, #1024	@ 0x400
1000781e:	f43f ad3b 	beq.w	10007298 <_vsnprintf+0x440>
10007822:	e537      	b.n	10007294 <_vsnprintf+0x43c>
10007824:	f022 0c1c 	bic.w	ip, r2, #28
10007828:	f412 6380 	ands.w	r3, r2, #1024	@ 0x400
1000782c:	f04f 020a 	mov.w	r2, #10
10007830:	920b      	str	r2, [sp, #44]	@ 0x2c
10007832:	d1eb      	bne.n	1000780c <_vsnprintf+0x9b4>
10007834:	e5c4      	b.n	100073c0 <_vsnprintf+0x568>
10007836:	bf00      	nop
10007838:	cccccccd 	.word	0xcccccccd

1000783c <vfctprintf>:
1000783c:	b570      	push	{r4, r5, r6, lr}
1000783e:	4694      	mov	ip, r2
10007840:	461e      	mov	r6, r3
10007842:	4605      	mov	r5, r0
10007844:	460c      	mov	r4, r1
10007846:	b084      	sub	sp, #16
10007848:	f04f 32ff 	mov.w	r2, #4294967295	@ 0xffffffff
1000784c:	4663      	mov	r3, ip
1000784e:	a902      	add	r1, sp, #8
10007850:	9600      	str	r6, [sp, #0]
10007852:	4803      	ldr	r0, [pc, #12]	@ (10007860 <vfctprintf+0x24>)
10007854:	e9cd 5402 	strd	r5, r4, [sp, #8]
10007858:	f7ff fafe 	bl	10006e58 <_vsnprintf>
1000785c:	b004      	add	sp, #16
1000785e:	bd70      	pop	{r4, r5, r6, pc}
10007860:	100065f9 	.word	0x100065f9

10007864 <weak_raw_vprintf>:
10007864:	b510      	push	{r4, lr}
10007866:	4b09      	ldr	r3, [pc, #36]	@ (1000788c <weak_raw_vprintf+0x28>)
10007868:	b084      	sub	sp, #16
1000786a:	681c      	ldr	r4, [r3, #0]
1000786c:	b14c      	cbz	r4, 10007882 <weak_raw_vprintf+0x1e>
1000786e:	4603      	mov	r3, r0
10007870:	9100      	str	r1, [sp, #0]
10007872:	f04f 32ff 	mov.w	r2, #4294967295	@ 0xffffffff
10007876:	a903      	add	r1, sp, #12
10007878:	4805      	ldr	r0, [pc, #20]	@ (10007890 <weak_raw_vprintf+0x2c>)
1000787a:	47a0      	blx	r4
1000787c:	2001      	movs	r0, #1
1000787e:	b004      	add	sp, #16
10007880:	bd10      	pop	{r4, pc}
10007882:	f000 f983 	bl	10007b8c <__wrap_puts>
10007886:	4620      	mov	r0, r4
10007888:	b004      	add	sp, #16
1000788a:	bd10      	pop	{r4, pc}
1000788c:	20000904 	.word	0x20000904
10007890:	100065f1 	.word	0x100065f1

10007894 <_exit>:
10007894:	be00      	bkpt	0x0000
10007896:	e7fd      	b.n	10007894 <_exit>

10007898 <exit>:
10007898:	b508      	push	{r3, lr}
1000789a:	f7ff fffb 	bl	10007894 <_exit>
1000789e:	bf00      	nop

100078a0 <runtime_init>:
100078a0:	b538      	push	{r3, r4, r5, lr}
100078a2:	4d06      	ldr	r5, [pc, #24]	@ (100078bc <runtime_init+0x1c>)
100078a4:	4c06      	ldr	r4, [pc, #24]	@ (100078c0 <runtime_init+0x20>)
100078a6:	f7fe fac1 	bl	10005e2c <runtime_run_initializers>
100078aa:	42ac      	cmp	r4, r5
100078ac:	d204      	bcs.n	100078b8 <runtime_init+0x18>
100078ae:	f854 3b04 	ldr.w	r3, [r4], #4
100078b2:	4798      	blx	r3
100078b4:	42ac      	cmp	r4, r5
100078b6:	d3fa      	bcc.n	100078ae <runtime_init+0xe>
100078b8:	bd38      	pop	{r3, r4, r5, pc}
100078ba:	bf00      	nop
100078bc:	100080f8 	.word	0x100080f8
100078c0:	100080f0 	.word	0x100080f0

100078c4 <stdio_out_chars_no_crlf>:
100078c4:	6803      	ldr	r3, [r0, #0]
100078c6:	4608      	mov	r0, r1
100078c8:	4611      	mov	r1, r2
100078ca:	4718      	bx	r3

100078cc <stdio_out_chars_crlf>:
100078cc:	e92d 4ff0 	stmdb	sp!, {r4, r5, r6, r7, r8, r9, sl, fp, lr}
100078d0:	7d43      	ldrb	r3, [r0, #21]
100078d2:	4682      	mov	sl, r0
100078d4:	4688      	mov	r8, r1
100078d6:	4617      	mov	r7, r2
100078d8:	b081      	sub	sp, #4
100078da:	2b00      	cmp	r3, #0
100078dc:	d047      	beq.n	1000796e <stdio_out_chars_crlf+0xa2>
100078de:	2a00      	cmp	r2, #0
100078e0:	dd24      	ble.n	1000792c <stdio_out_chars_crlf+0x60>
100078e2:	2400      	movs	r4, #0
100078e4:	2501      	movs	r5, #1
100078e6:	4620      	mov	r0, r4
100078e8:	f8df 9094 	ldr.w	r9, [pc, #148]	@ 10007980 <stdio_out_chars_crlf+0xb4>
100078ec:	1e4e      	subs	r6, r1, #1
100078ee:	b304      	cbz	r4, 10007932 <stdio_out_chars_crlf+0x66>
100078f0:	7873      	ldrb	r3, [r6, #1]
100078f2:	f106 0b01 	add.w	fp, r6, #1
100078f6:	2b0a      	cmp	r3, #10
100078f8:	d026      	beq.n	10007948 <stdio_out_chars_crlf+0x7c>
100078fa:	462b      	mov	r3, r5
100078fc:	465e      	mov	r6, fp
100078fe:	42bb      	cmp	r3, r7
10007900:	f104 0401 	add.w	r4, r4, #1
10007904:	f105 0501 	add.w	r5, r5, #1
10007908:	dbf1      	blt.n	100078ee <stdio_out_chars_crlf+0x22>
1000790a:	4287      	cmp	r7, r0
1000790c:	dd04      	ble.n	10007918 <stdio_out_chars_crlf+0x4c>
1000790e:	1a39      	subs	r1, r7, r0
10007910:	f8da 3000 	ldr.w	r3, [sl]
10007914:	4440      	add	r0, r8
10007916:	4798      	blx	r3
10007918:	44b8      	add	r8, r7
1000791a:	f818 3c01 	ldrb.w	r3, [r8, #-1]
1000791e:	f1a3 030d 	sub.w	r3, r3, #13
10007922:	fab3 f383 	clz	r3, r3
10007926:	095b      	lsrs	r3, r3, #5
10007928:	f88a 3014 	strb.w	r3, [sl, #20]
1000792c:	b001      	add	sp, #4
1000792e:	e8bd 8ff0 	ldmia.w	sp!, {r4, r5, r6, r7, r8, r9, sl, fp, pc}
10007932:	7873      	ldrb	r3, [r6, #1]
10007934:	f106 0b01 	add.w	fp, r6, #1
10007938:	2b0a      	cmp	r3, #10
1000793a:	d1de      	bne.n	100078fa <stdio_out_chars_crlf+0x2e>
1000793c:	f89a 3014 	ldrb.w	r3, [sl, #20]
10007940:	b163      	cbz	r3, 1000795c <stdio_out_chars_crlf+0x90>
10007942:	465e      	mov	r6, fp
10007944:	462b      	mov	r3, r5
10007946:	e7da      	b.n	100078fe <stdio_out_chars_crlf+0x32>
10007948:	7833      	ldrb	r3, [r6, #0]
1000794a:	2b0d      	cmp	r3, #13
1000794c:	d0f9      	beq.n	10007942 <stdio_out_chars_crlf+0x76>
1000794e:	42a0      	cmp	r0, r4
10007950:	da04      	bge.n	1000795c <stdio_out_chars_crlf+0x90>
10007952:	1a21      	subs	r1, r4, r0
10007954:	f8da 3000 	ldr.w	r3, [sl]
10007958:	4440      	add	r0, r8
1000795a:	4798      	blx	r3
1000795c:	4648      	mov	r0, r9
1000795e:	f8da 3000 	ldr.w	r3, [sl]
10007962:	2102      	movs	r1, #2
10007964:	4798      	blx	r3
10007966:	465e      	mov	r6, fp
10007968:	4628      	mov	r0, r5
1000796a:	462b      	mov	r3, r5
1000796c:	e7c7      	b.n	100078fe <stdio_out_chars_crlf+0x32>
1000796e:	4611      	mov	r1, r2
10007970:	4640      	mov	r0, r8
10007972:	f8da 3000 	ldr.w	r3, [sl]
10007976:	b001      	add	sp, #4
10007978:	e8bd 4ff0 	ldmia.w	sp!, {r4, r5, r6, r7, r8, r9, sl, fp, lr}
1000797c:	4718      	bx	r3
1000797e:	bf00      	nop
10007980:	100083f0 	.word	0x100083f0

10007984 <stdio_buffered_printer>:
10007984:	680b      	ldr	r3, [r1, #0]
10007986:	e92d 41f0 	stmdb	sp!, {r4, r5, r6, r7, r8, lr}
1000798a:	2b80      	cmp	r3, #128	@ 0x80
1000798c:	460d      	mov	r5, r1
1000798e:	4606      	mov	r6, r0
10007990:	d005      	beq.n	1000799e <stdio_buffered_printer+0x1a>
10007992:	1c5a      	adds	r2, r3, #1
10007994:	442b      	add	r3, r5
10007996:	602a      	str	r2, [r5, #0]
10007998:	711e      	strb	r6, [r3, #4]
1000799a:	e8bd 81f0 	ldmia.w	sp!, {r4, r5, r6, r7, r8, pc}
1000799e:	4b0f      	ldr	r3, [pc, #60]	@ (100079dc <stdio_buffered_printer+0x58>)
100079a0:	681c      	ldr	r4, [r3, #0]
100079a2:	b1a4      	cbz	r4, 100079ce <stdio_buffered_printer+0x4a>
100079a4:	4f0e      	ldr	r7, [pc, #56]	@ (100079e0 <stdio_buffered_printer+0x5c>)
100079a6:	f101 0804 	add.w	r8, r1, #4
100079aa:	e001      	b.n	100079b0 <stdio_buffered_printer+0x2c>
100079ac:	6924      	ldr	r4, [r4, #16]
100079ae:	b174      	cbz	r4, 100079ce <stdio_buffered_printer+0x4a>
100079b0:	6823      	ldr	r3, [r4, #0]
100079b2:	2b00      	cmp	r3, #0
100079b4:	d0fa      	beq.n	100079ac <stdio_buffered_printer+0x28>
100079b6:	683b      	ldr	r3, [r7, #0]
100079b8:	b10b      	cbz	r3, 100079be <stdio_buffered_printer+0x3a>
100079ba:	42a3      	cmp	r3, r4
100079bc:	d1f6      	bne.n	100079ac <stdio_buffered_printer+0x28>
100079be:	4620      	mov	r0, r4
100079c0:	4641      	mov	r1, r8
100079c2:	682a      	ldr	r2, [r5, #0]
100079c4:	f7ff ff82 	bl	100078cc <stdio_out_chars_crlf>
100079c8:	6924      	ldr	r4, [r4, #16]
100079ca:	2c00      	cmp	r4, #0
100079cc:	d1f0      	bne.n	100079b0 <stdio_buffered_printer+0x2c>
100079ce:	2300      	movs	r3, #0
100079d0:	2201      	movs	r2, #1
100079d2:	442b      	add	r3, r5
100079d4:	602a      	str	r2, [r5, #0]
100079d6:	711e      	strb	r6, [r3, #4]
100079d8:	e8bd 81f0 	ldmia.w	sp!, {r4, r5, r6, r7, r8, pc}
100079dc:	200008fc 	.word	0x200008fc
100079e0:	20000900 	.word	0x20000900

100079e4 <stdio_put_string>:
100079e4:	e92d 47f0 	stmdb	sp!, {r4, r5, r6, r7, r8, r9, sl, lr}
100079e8:	b082      	sub	sp, #8
100079ea:	460d      	mov	r5, r1
100079ec:	4692      	mov	sl, r2
100079ee:	4699      	mov	r9, r3
100079f0:	4607      	mov	r7, r0
100079f2:	f7fd ff75 	bl	100058e0 <time_us_64>
100079f6:	f04f 36ff 	mov.w	r6, #4294967295	@ 0xffffffff
100079fa:	f06f 4400 	mvn.w	r4, #2147483648	@ 0x80000000
100079fe:	4a2f      	ldr	r2, [pc, #188]	@ (10007abc <stdio_put_string+0xd8>)
10007a00:	1882      	adds	r2, r0, r2
10007a02:	f141 0300 	adc.w	r3, r1, #0
10007a06:	4296      	cmp	r6, r2
10007a08:	eb74 0103 	sbcs.w	r1, r4, r3
10007a0c:	bf3c      	itt	cc
10007a0e:	4632      	movcc	r2, r6
10007a10:	4623      	movcc	r3, r4
10007a12:	482b      	ldr	r0, [pc, #172]	@ (10007ac0 <stdio_put_string+0xdc>)
10007a14:	f000 fb48 	bl	100080a8 <__mutex_try_enter_block_until_veneer>
10007a18:	1c6b      	adds	r3, r5, #1
10007a1a:	4680      	mov	r8, r0
10007a1c:	d103      	bne.n	10007a26 <stdio_put_string+0x42>
10007a1e:	4638      	mov	r0, r7
10007a20:	f000 fb04 	bl	1000802c <strlen>
10007a24:	4605      	mov	r5, r0
10007a26:	4b27      	ldr	r3, [pc, #156]	@ (10007ac4 <stdio_put_string+0xe0>)
10007a28:	4e27      	ldr	r6, [pc, #156]	@ (10007ac8 <stdio_put_string+0xe4>)
10007a2a:	681c      	ldr	r4, [r3, #0]
10007a2c:	4b27      	ldr	r3, [pc, #156]	@ (10007acc <stdio_put_string+0xe8>)
10007a2e:	f1b9 0f00 	cmp.w	r9, #0
10007a32:	bf18      	it	ne
10007a34:	461e      	movne	r6, r3
10007a36:	b1b4      	cbz	r4, 10007a66 <stdio_put_string+0x82>
10007a38:	f1ba 0f00 	cmp.w	sl, #0
10007a3c:	d11a      	bne.n	10007a74 <stdio_put_string+0x90>
10007a3e:	f8df 9090 	ldr.w	r9, [pc, #144]	@ 10007ad0 <stdio_put_string+0xec>
10007a42:	e001      	b.n	10007a48 <stdio_put_string+0x64>
10007a44:	6924      	ldr	r4, [r4, #16]
10007a46:	b174      	cbz	r4, 10007a66 <stdio_put_string+0x82>
10007a48:	6823      	ldr	r3, [r4, #0]
10007a4a:	2b00      	cmp	r3, #0
10007a4c:	d0fa      	beq.n	10007a44 <stdio_put_string+0x60>
10007a4e:	f8d9 3000 	ldr.w	r3, [r9]
10007a52:	b10b      	cbz	r3, 10007a58 <stdio_put_string+0x74>
10007a54:	42a3      	cmp	r3, r4
10007a56:	d1f5      	bne.n	10007a44 <stdio_put_string+0x60>
10007a58:	4620      	mov	r0, r4
10007a5a:	462a      	mov	r2, r5
10007a5c:	4639      	mov	r1, r7
10007a5e:	47b0      	blx	r6
10007a60:	6924      	ldr	r4, [r4, #16]
10007a62:	2c00      	cmp	r4, #0
10007a64:	d1f0      	bne.n	10007a48 <stdio_put_string+0x64>
10007a66:	f1b8 0f00 	cmp.w	r8, #0
10007a6a:	d11f      	bne.n	10007aac <stdio_put_string+0xc8>
10007a6c:	4628      	mov	r0, r5
10007a6e:	b002      	add	sp, #8
10007a70:	e8bd 87f0 	ldmia.w	sp!, {r4, r5, r6, r7, r8, r9, sl, pc}
10007a74:	f04f 0a0a 	mov.w	sl, #10
10007a78:	f8df 9054 	ldr.w	r9, [pc, #84]	@ 10007ad0 <stdio_put_string+0xec>
10007a7c:	e002      	b.n	10007a84 <stdio_put_string+0xa0>
10007a7e:	6924      	ldr	r4, [r4, #16]
10007a80:	2c00      	cmp	r4, #0
10007a82:	d0f0      	beq.n	10007a66 <stdio_put_string+0x82>
10007a84:	6823      	ldr	r3, [r4, #0]
10007a86:	2b00      	cmp	r3, #0
10007a88:	d0f9      	beq.n	10007a7e <stdio_put_string+0x9a>
10007a8a:	f8d9 3000 	ldr.w	r3, [r9]
10007a8e:	b10b      	cbz	r3, 10007a94 <stdio_put_string+0xb0>
10007a90:	42a3      	cmp	r3, r4
10007a92:	d1f4      	bne.n	10007a7e <stdio_put_string+0x9a>
10007a94:	4620      	mov	r0, r4
10007a96:	462a      	mov	r2, r5
10007a98:	4639      	mov	r1, r7
10007a9a:	47b0      	blx	r6
10007a9c:	4620      	mov	r0, r4
10007a9e:	2201      	movs	r2, #1
10007aa0:	f10d 0107 	add.w	r1, sp, #7
10007aa4:	f88d a007 	strb.w	sl, [sp, #7]
10007aa8:	47b0      	blx	r6
10007aaa:	e7e8      	b.n	10007a7e <stdio_put_string+0x9a>
10007aac:	4804      	ldr	r0, [pc, #16]	@ (10007ac0 <stdio_put_string+0xdc>)
10007aae:	f000 faf3 	bl	10008098 <__mutex_exit_veneer>
10007ab2:	4628      	mov	r0, r5
10007ab4:	b002      	add	sp, #8
10007ab6:	e8bd 87f0 	ldmia.w	sp!, {r4, r5, r6, r7, r8, r9, sl, pc}
10007aba:	bf00      	nop
10007abc:	000f4240 	.word	0x000f4240
10007ac0:	2000067c 	.word	0x2000067c
10007ac4:	200008fc 	.word	0x200008fc
10007ac8:	100078c5 	.word	0x100078c5
10007acc:	100078cd 	.word	0x100078cd
10007ad0:	20000900 	.word	0x20000900

10007ad4 <stdio_set_driver_enabled>:
10007ad4:	4a08      	ldr	r2, [pc, #32]	@ (10007af8 <stdio_set_driver_enabled+0x24>)
10007ad6:	6813      	ldr	r3, [r2, #0]
10007ad8:	b923      	cbnz	r3, 10007ae4 <stdio_set_driver_enabled+0x10>
10007ada:	e00a      	b.n	10007af2 <stdio_set_driver_enabled+0x1e>
10007adc:	f103 0210 	add.w	r2, r3, #16
10007ae0:	691b      	ldr	r3, [r3, #16]
10007ae2:	b133      	cbz	r3, 10007af2 <stdio_set_driver_enabled+0x1e>
10007ae4:	4298      	cmp	r0, r3
10007ae6:	d1f9      	bne.n	10007adc <stdio_set_driver_enabled+0x8>
10007ae8:	b929      	cbnz	r1, 10007af6 <stdio_set_driver_enabled+0x22>
10007aea:	6903      	ldr	r3, [r0, #16]
10007aec:	6013      	str	r3, [r2, #0]
10007aee:	6101      	str	r1, [r0, #16]
10007af0:	4770      	bx	lr
10007af2:	b101      	cbz	r1, 10007af6 <stdio_set_driver_enabled+0x22>
10007af4:	6010      	str	r0, [r2, #0]
10007af6:	4770      	bx	lr
10007af8:	200008fc 	.word	0x200008fc

10007afc <stdio_init_all>:
10007afc:	b508      	push	{r3, lr}
10007afe:	f000 f9a1 	bl	10007e44 <stdio_uart_init>
10007b02:	2001      	movs	r0, #1
10007b04:	bd08      	pop	{r3, pc}
10007b06:	bf00      	nop

10007b08 <__wrap_putchar>:
10007b08:	b5f0      	push	{r4, r5, r6, r7, lr}
10007b0a:	b083      	sub	sp, #12
10007b0c:	4606      	mov	r6, r0
10007b0e:	f88d 0007 	strb.w	r0, [sp, #7]
10007b12:	f7fd fee5 	bl	100058e0 <time_us_64>
10007b16:	f04f 35ff 	mov.w	r5, #4294967295	@ 0xffffffff
10007b1a:	f06f 4400 	mvn.w	r4, #2147483648	@ 0x80000000
10007b1e:	4a17      	ldr	r2, [pc, #92]	@ (10007b7c <__wrap_putchar+0x74>)
10007b20:	1882      	adds	r2, r0, r2
10007b22:	f141 0300 	adc.w	r3, r1, #0
10007b26:	4295      	cmp	r5, r2
10007b28:	eb74 0103 	sbcs.w	r1, r4, r3
10007b2c:	bf3c      	itt	cc
10007b2e:	4623      	movcc	r3, r4
10007b30:	462a      	movcc	r2, r5
10007b32:	4813      	ldr	r0, [pc, #76]	@ (10007b80 <__wrap_putchar+0x78>)
10007b34:	f000 fab8 	bl	100080a8 <__mutex_try_enter_block_until_veneer>
10007b38:	4b12      	ldr	r3, [pc, #72]	@ (10007b84 <__wrap_putchar+0x7c>)
10007b3a:	4607      	mov	r7, r0
10007b3c:	681c      	ldr	r4, [r3, #0]
10007b3e:	b19c      	cbz	r4, 10007b68 <__wrap_putchar+0x60>
10007b40:	4d11      	ldr	r5, [pc, #68]	@ (10007b88 <__wrap_putchar+0x80>)
10007b42:	e001      	b.n	10007b48 <__wrap_putchar+0x40>
10007b44:	6924      	ldr	r4, [r4, #16]
10007b46:	b17c      	cbz	r4, 10007b68 <__wrap_putchar+0x60>
10007b48:	6823      	ldr	r3, [r4, #0]
10007b4a:	2b00      	cmp	r3, #0
10007b4c:	d0fa      	beq.n	10007b44 <__wrap_putchar+0x3c>
10007b4e:	682b      	ldr	r3, [r5, #0]
10007b50:	b10b      	cbz	r3, 10007b56 <__wrap_putchar+0x4e>
10007b52:	42a3      	cmp	r3, r4
10007b54:	d1f6      	bne.n	10007b44 <__wrap_putchar+0x3c>
10007b56:	4620      	mov	r0, r4
10007b58:	2201      	movs	r2, #1
10007b5a:	f10d 0107 	add.w	r1, sp, #7
10007b5e:	f7ff feb5 	bl	100078cc <stdio_out_chars_crlf>
10007b62:	6924      	ldr	r4, [r4, #16]
10007b64:	2c00      	cmp	r4, #0
10007b66:	d1ef      	bne.n	10007b48 <__wrap_putchar+0x40>
10007b68:	b917      	cbnz	r7, 10007b70 <__wrap_putchar+0x68>
10007b6a:	4630      	mov	r0, r6
10007b6c:	b003      	add	sp, #12
10007b6e:	bdf0      	pop	{r4, r5, r6, r7, pc}
10007b70:	4803      	ldr	r0, [pc, #12]	@ (10007b80 <__wrap_putchar+0x78>)
10007b72:	f000 fa91 	bl	10008098 <__mutex_exit_veneer>
10007b76:	4630      	mov	r0, r6
10007b78:	b003      	add	sp, #12
10007b7a:	bdf0      	pop	{r4, r5, r6, r7, pc}
10007b7c:	000f4240 	.word	0x000f4240
10007b80:	2000067c 	.word	0x2000067c
10007b84:	200008fc 	.word	0x200008fc
10007b88:	20000900 	.word	0x20000900

10007b8c <__wrap_puts>:
10007b8c:	b538      	push	{r3, r4, r5, lr}
10007b8e:	4604      	mov	r4, r0
10007b90:	f000 fa4c 	bl	1000802c <strlen>
10007b94:	2301      	movs	r3, #1
10007b96:	4605      	mov	r5, r0
10007b98:	461a      	mov	r2, r3
10007b9a:	4620      	mov	r0, r4
10007b9c:	4629      	mov	r1, r5
10007b9e:	f7ff ff21 	bl	100079e4 <stdio_put_string>
10007ba2:	4b08      	ldr	r3, [pc, #32]	@ (10007bc4 <__wrap_puts+0x38>)
10007ba4:	681c      	ldr	r4, [r3, #0]
10007ba6:	b12c      	cbz	r4, 10007bb4 <__wrap_puts+0x28>
10007ba8:	6863      	ldr	r3, [r4, #4]
10007baa:	b12b      	cbz	r3, 10007bb8 <__wrap_puts+0x2c>
10007bac:	4798      	blx	r3
10007bae:	6924      	ldr	r4, [r4, #16]
10007bb0:	2c00      	cmp	r4, #0
10007bb2:	d1f9      	bne.n	10007ba8 <__wrap_puts+0x1c>
10007bb4:	4628      	mov	r0, r5
10007bb6:	bd38      	pop	{r3, r4, r5, pc}
10007bb8:	6924      	ldr	r4, [r4, #16]
10007bba:	2c00      	cmp	r4, #0
10007bbc:	d1f4      	bne.n	10007ba8 <__wrap_puts+0x1c>
10007bbe:	4628      	mov	r0, r5
10007bc0:	bd38      	pop	{r3, r4, r5, pc}
10007bc2:	bf00      	nop
10007bc4:	200008fc 	.word	0x200008fc

10007bc8 <__wrap_vprintf>:
10007bc8:	e92d 41f0 	stmdb	sp!, {r4, r5, r6, r7, r8, lr}
10007bcc:	b0a2      	sub	sp, #136	@ 0x88
10007bce:	4604      	mov	r4, r0
10007bd0:	460d      	mov	r5, r1
10007bd2:	f7fd fe85 	bl	100058e0 <time_us_64>
10007bd6:	f04f 37ff 	mov.w	r7, #4294967295	@ 0xffffffff
10007bda:	f06f 4600 	mvn.w	r6, #2147483648	@ 0x80000000
10007bde:	4a27      	ldr	r2, [pc, #156]	@ (10007c7c <__wrap_vprintf+0xb4>)
10007be0:	1882      	adds	r2, r0, r2
10007be2:	f141 0300 	adc.w	r3, r1, #0
10007be6:	4297      	cmp	r7, r2
10007be8:	eb76 0103 	sbcs.w	r1, r6, r3
10007bec:	bf3c      	itt	cc
10007bee:	463a      	movcc	r2, r7
10007bf0:	4633      	movcc	r3, r6
10007bf2:	4823      	ldr	r0, [pc, #140]	@ (10007c80 <__wrap_vprintf+0xb8>)
10007bf4:	f000 fa58 	bl	100080a8 <__mutex_try_enter_block_until_veneer>
10007bf8:	2600      	movs	r6, #0
10007bfa:	462b      	mov	r3, r5
10007bfc:	4607      	mov	r7, r0
10007bfe:	4622      	mov	r2, r4
10007c00:	4820      	ldr	r0, [pc, #128]	@ (10007c84 <__wrap_vprintf+0xbc>)
10007c02:	a901      	add	r1, sp, #4
10007c04:	9601      	str	r6, [sp, #4]
10007c06:	f7ff fe19 	bl	1000783c <vfctprintf>
10007c0a:	9b01      	ldr	r3, [sp, #4]
10007c0c:	4606      	mov	r6, r0
10007c0e:	b97b      	cbnz	r3, 10007c30 <__wrap_vprintf+0x68>
10007c10:	4b1d      	ldr	r3, [pc, #116]	@ (10007c88 <__wrap_vprintf+0xc0>)
10007c12:	681c      	ldr	r4, [r3, #0]
10007c14:	b12c      	cbz	r4, 10007c22 <__wrap_vprintf+0x5a>
10007c16:	6863      	ldr	r3, [r4, #4]
10007c18:	b143      	cbz	r3, 10007c2c <__wrap_vprintf+0x64>
10007c1a:	4798      	blx	r3
10007c1c:	6924      	ldr	r4, [r4, #16]
10007c1e:	2c00      	cmp	r4, #0
10007c20:	d1f9      	bne.n	10007c16 <__wrap_vprintf+0x4e>
10007c22:	bb0f      	cbnz	r7, 10007c68 <__wrap_vprintf+0xa0>
10007c24:	4630      	mov	r0, r6
10007c26:	b022      	add	sp, #136	@ 0x88
10007c28:	e8bd 81f0 	ldmia.w	sp!, {r4, r5, r6, r7, r8, pc}
10007c2c:	6924      	ldr	r4, [r4, #16]
10007c2e:	e7f1      	b.n	10007c14 <__wrap_vprintf+0x4c>
10007c30:	f8df 8054 	ldr.w	r8, [pc, #84]	@ 10007c88 <__wrap_vprintf+0xc0>
10007c34:	f8d8 5000 	ldr.w	r5, [r8]
10007c38:	b1ed      	cbz	r5, 10007c76 <__wrap_vprintf+0xae>
10007c3a:	4c14      	ldr	r4, [pc, #80]	@ (10007c8c <__wrap_vprintf+0xc4>)
10007c3c:	e001      	b.n	10007c42 <__wrap_vprintf+0x7a>
10007c3e:	692d      	ldr	r5, [r5, #16]
10007c40:	b175      	cbz	r5, 10007c60 <__wrap_vprintf+0x98>
10007c42:	682b      	ldr	r3, [r5, #0]
10007c44:	2b00      	cmp	r3, #0
10007c46:	d0fa      	beq.n	10007c3e <__wrap_vprintf+0x76>
10007c48:	6823      	ldr	r3, [r4, #0]
10007c4a:	b10b      	cbz	r3, 10007c50 <__wrap_vprintf+0x88>
10007c4c:	42ab      	cmp	r3, r5
10007c4e:	d1f6      	bne.n	10007c3e <__wrap_vprintf+0x76>
10007c50:	4628      	mov	r0, r5
10007c52:	9a01      	ldr	r2, [sp, #4]
10007c54:	a902      	add	r1, sp, #8
10007c56:	f7ff fe39 	bl	100078cc <stdio_out_chars_crlf>
10007c5a:	692d      	ldr	r5, [r5, #16]
10007c5c:	2d00      	cmp	r5, #0
10007c5e:	d1f0      	bne.n	10007c42 <__wrap_vprintf+0x7a>
10007c60:	f8d8 4000 	ldr.w	r4, [r8]
10007c64:	9501      	str	r5, [sp, #4]
10007c66:	e7d5      	b.n	10007c14 <__wrap_vprintf+0x4c>
10007c68:	4805      	ldr	r0, [pc, #20]	@ (10007c80 <__wrap_vprintf+0xb8>)
10007c6a:	f000 fa15 	bl	10008098 <__mutex_exit_veneer>
10007c6e:	4630      	mov	r0, r6
10007c70:	b022      	add	sp, #136	@ 0x88
10007c72:	e8bd 81f0 	ldmia.w	sp!, {r4, r5, r6, r7, r8, pc}
10007c76:	9501      	str	r5, [sp, #4]
10007c78:	e7d3      	b.n	10007c22 <__wrap_vprintf+0x5a>
10007c7a:	bf00      	nop
10007c7c:	000f4240 	.word	0x000f4240
10007c80:	2000067c 	.word	0x2000067c
10007c84:	10007985 	.word	0x10007985
10007c88:	200008fc 	.word	0x200008fc
10007c8c:	20000900 	.word	0x20000900

10007c90 <__wrap_printf>:
10007c90:	b40f      	push	{r0, r1, r2, r3}
10007c92:	b500      	push	{lr}
10007c94:	b083      	sub	sp, #12
10007c96:	a904      	add	r1, sp, #16
10007c98:	f851 0b04 	ldr.w	r0, [r1], #4
10007c9c:	9101      	str	r1, [sp, #4]
10007c9e:	f7ff ff93 	bl	10007bc8 <__wrap_vprintf>
10007ca2:	b003      	add	sp, #12
10007ca4:	f85d eb04 	ldr.w	lr, [sp], #4
10007ca8:	b004      	add	sp, #16
10007caa:	4770      	bx	lr

10007cac <stdio_uart_out_chars>:
10007cac:	f1b1 0c00 	subs.w	ip, r1, #0
10007cb0:	dd1d      	ble.n	10007cee <stdio_uart_out_chars+0x42>
10007cb2:	4a0f      	ldr	r2, [pc, #60]	@ (10007cf0 <stdio_uart_out_chars+0x44>)
10007cb4:	4b0f      	ldr	r3, [pc, #60]	@ (10007cf4 <stdio_uart_out_chars+0x48>)
10007cb6:	6812      	ldr	r2, [r2, #0]
10007cb8:	b530      	push	{r4, r5, lr}
10007cba:	1ad3      	subs	r3, r2, r3
10007cbc:	fab3 f383 	clz	r3, r3
10007cc0:	240d      	movs	r4, #13
10007cc2:	4d0d      	ldr	r5, [pc, #52]	@ (10007cf8 <stdio_uart_out_chars+0x4c>)
10007cc4:	095b      	lsrs	r3, r3, #5
10007cc6:	1e41      	subs	r1, r0, #1
10007cc8:	f935 e013 	ldrsh.w	lr, [r5, r3, lsl #1]
10007ccc:	448c      	add	ip, r1
10007cce:	f811 0f01 	ldrb.w	r0, [r1, #1]!
10007cd2:	4586      	cmp	lr, r0
10007cd4:	d006      	beq.n	10007ce4 <stdio_uart_out_chars+0x38>
10007cd6:	6993      	ldr	r3, [r2, #24]
10007cd8:	069b      	lsls	r3, r3, #26
10007cda:	d4fc      	bmi.n	10007cd6 <stdio_uart_out_chars+0x2a>
10007cdc:	4561      	cmp	r1, ip
10007cde:	6010      	str	r0, [r2, #0]
10007ce0:	d1f5      	bne.n	10007cce <stdio_uart_out_chars+0x22>
10007ce2:	bd30      	pop	{r4, r5, pc}
10007ce4:	6993      	ldr	r3, [r2, #24]
10007ce6:	069d      	lsls	r5, r3, #26
10007ce8:	d4fc      	bmi.n	10007ce4 <stdio_uart_out_chars+0x38>
10007cea:	6014      	str	r4, [r2, #0]
10007cec:	e7f3      	b.n	10007cd6 <stdio_uart_out_chars+0x2a>
10007cee:	4770      	bx	lr
10007cf0:	20000bcc 	.word	0x20000bcc
10007cf4:	40078000 	.word	0x40078000
10007cf8:	20000bc8 	.word	0x20000bc8

10007cfc <stdio_uart_in_chars>:
10007cfc:	f1b1 0c00 	subs.w	ip, r1, #0
10007d00:	4603      	mov	r3, r0
10007d02:	dd2d      	ble.n	10007d60 <stdio_uart_in_chars+0x64>
10007d04:	2000      	movs	r0, #0
10007d06:	4a1f      	ldr	r2, [pc, #124]	@ (10007d84 <stdio_uart_in_chars+0x88>)
10007d08:	1e59      	subs	r1, r3, #1
10007d0a:	6812      	ldr	r2, [r2, #0]
10007d0c:	6993      	ldr	r3, [r2, #24]
10007d0e:	06db      	lsls	r3, r3, #27
10007d10:	d417      	bmi.n	10007d42 <stdio_uart_in_chars+0x46>
10007d12:	3001      	adds	r0, #1
10007d14:	6993      	ldr	r3, [r2, #24]
10007d16:	06db      	lsls	r3, r3, #27
10007d18:	d4fc      	bmi.n	10007d14 <stdio_uart_in_chars+0x18>
10007d1a:	6813      	ldr	r3, [r2, #0]
10007d1c:	4584      	cmp	ip, r0
10007d1e:	f801 3f01 	strb.w	r3, [r1, #1]!
10007d22:	d1f3      	bne.n	10007d0c <stdio_uart_in_chars+0x10>
10007d24:	4b18      	ldr	r3, [pc, #96]	@ (10007d88 <stdio_uart_in_chars+0x8c>)
10007d26:	681b      	ldr	r3, [r3, #0]
10007d28:	b14b      	cbz	r3, 10007d3e <stdio_uart_in_chars+0x42>
10007d2a:	2150      	movs	r1, #80	@ 0x50
10007d2c:	4613      	mov	r3, r2
10007d2e:	6391      	str	r1, [r2, #56]	@ 0x38
10007d30:	f853 2f34 	ldr.w	r2, [r3, #52]!
10007d34:	f002 0238 	and.w	r2, r2, #56	@ 0x38
10007d38:	f503 5380 	add.w	r3, r3, #4096	@ 0x1000
10007d3c:	601a      	str	r2, [r3, #0]
10007d3e:	4660      	mov	r0, ip
10007d40:	4770      	bx	lr
10007d42:	4b11      	ldr	r3, [pc, #68]	@ (10007d88 <stdio_uart_in_chars+0x8c>)
10007d44:	681b      	ldr	r3, [r3, #0]
10007d46:	b14b      	cbz	r3, 10007d5c <stdio_uart_in_chars+0x60>
10007d48:	2150      	movs	r1, #80	@ 0x50
10007d4a:	4613      	mov	r3, r2
10007d4c:	6391      	str	r1, [r2, #56]	@ 0x38
10007d4e:	f853 2f34 	ldr.w	r2, [r3, #52]!
10007d52:	f002 0238 	and.w	r2, r2, #56	@ 0x38
10007d56:	f503 5380 	add.w	r3, r3, #4096	@ 0x1000
10007d5a:	601a      	str	r2, [r3, #0]
10007d5c:	b178      	cbz	r0, 10007d7e <stdio_uart_in_chars+0x82>
10007d5e:	4770      	bx	lr
10007d60:	4b09      	ldr	r3, [pc, #36]	@ (10007d88 <stdio_uart_in_chars+0x8c>)
10007d62:	681b      	ldr	r3, [r3, #0]
10007d64:	b15b      	cbz	r3, 10007d7e <stdio_uart_in_chars+0x82>
10007d66:	4b07      	ldr	r3, [pc, #28]	@ (10007d84 <stdio_uart_in_chars+0x88>)
10007d68:	2150      	movs	r1, #80	@ 0x50
10007d6a:	681a      	ldr	r2, [r3, #0]
10007d6c:	4613      	mov	r3, r2
10007d6e:	6391      	str	r1, [r2, #56]	@ 0x38
10007d70:	f853 2f34 	ldr.w	r2, [r3, #52]!
10007d74:	f002 0238 	and.w	r2, r2, #56	@ 0x38
10007d78:	f503 5380 	add.w	r3, r3, #4096	@ 0x1000
10007d7c:	601a      	str	r2, [r3, #0]
10007d7e:	f06f 0002 	mvn.w	r0, #2
10007d82:	4770      	bx	lr
10007d84:	20000bcc 	.word	0x20000bcc
10007d88:	200008bc 	.word	0x200008bc

10007d8c <on_uart_rx>:
10007d8c:	4b05      	ldr	r3, [pc, #20]	@ (10007da4 <on_uart_rx+0x18>)
10007d8e:	681b      	ldr	r3, [r3, #0]
10007d90:	b133      	cbz	r3, 10007da0 <on_uart_rx+0x14>
10007d92:	2100      	movs	r1, #0
10007d94:	4a04      	ldr	r2, [pc, #16]	@ (10007da8 <on_uart_rx+0x1c>)
10007d96:	4805      	ldr	r0, [pc, #20]	@ (10007dac <on_uart_rx+0x20>)
10007d98:	6812      	ldr	r2, [r2, #0]
10007d9a:	6800      	ldr	r0, [r0, #0]
10007d9c:	6391      	str	r1, [r2, #56]	@ 0x38
10007d9e:	4718      	bx	r3
10007da0:	4770      	bx	lr
10007da2:	bf00      	nop
10007da4:	200008bc 	.word	0x200008bc
10007da8:	20000bcc 	.word	0x20000bcc
10007dac:	200008c0 	.word	0x200008c0

10007db0 <stdio_uart_out_flush>:
10007db0:	4b02      	ldr	r3, [pc, #8]	@ (10007dbc <stdio_uart_out_flush+0xc>)
10007db2:	681a      	ldr	r2, [r3, #0]
10007db4:	6993      	ldr	r3, [r2, #24]
10007db6:	071b      	lsls	r3, r3, #28
10007db8:	d4fc      	bmi.n	10007db4 <stdio_uart_out_flush+0x4>
10007dba:	4770      	bx	lr
10007dbc:	20000bcc 	.word	0x20000bcc

10007dc0 <stdio_uart_set_chars_available_callback>:
10007dc0:	b570      	push	{r4, r5, r6, lr}
10007dc2:	4e1b      	ldr	r6, [pc, #108]	@ (10007e30 <stdio_uart_set_chars_available_callback+0x70>)
10007dc4:	4d1b      	ldr	r5, [pc, #108]	@ (10007e34 <stdio_uart_set_chars_available_callback+0x74>)
10007dc6:	6832      	ldr	r2, [r6, #0]
10007dc8:	4604      	mov	r4, r0
10007dca:	42aa      	cmp	r2, r5
10007dcc:	bf0c      	ite	eq
10007dce:	2522      	moveq	r5, #34	@ 0x22
10007dd0:	2521      	movne	r5, #33	@ 0x21
10007dd2:	b120      	cbz	r0, 10007dde <stdio_uart_set_chars_available_callback+0x1e>
10007dd4:	4a18      	ldr	r2, [pc, #96]	@ (10007e38 <stdio_uart_set_chars_available_callback+0x78>)
10007dd6:	460b      	mov	r3, r1
10007dd8:	6811      	ldr	r1, [r2, #0]
10007dda:	b189      	cbz	r1, 10007e00 <stdio_uart_set_chars_available_callback+0x40>
10007ddc:	bd70      	pop	{r4, r5, r6, pc}
10007dde:	4e16      	ldr	r6, [pc, #88]	@ (10007e38 <stdio_uart_set_chars_available_callback+0x78>)
10007de0:	6833      	ldr	r3, [r6, #0]
10007de2:	2b00      	cmp	r3, #0
10007de4:	d0fa      	beq.n	10007ddc <stdio_uart_set_chars_available_callback+0x1c>
10007de6:	4601      	mov	r1, r0
10007de8:	6390      	str	r0, [r2, #56]	@ 0x38
10007dea:	4628      	mov	r0, r5
10007dec:	f7fd f854 	bl	10004e98 <irq_set_enabled>
10007df0:	4628      	mov	r0, r5
10007df2:	4912      	ldr	r1, [pc, #72]	@ (10007e3c <stdio_uart_set_chars_available_callback+0x7c>)
10007df4:	f7fd f8a6 	bl	10004f44 <irq_remove_handler>
10007df8:	4b11      	ldr	r3, [pc, #68]	@ (10007e40 <stdio_uart_set_chars_available_callback+0x80>)
10007dfa:	6034      	str	r4, [r6, #0]
10007dfc:	601c      	str	r4, [r3, #0]
10007dfe:	bd70      	pop	{r4, r5, r6, pc}
10007e00:	6010      	str	r0, [r2, #0]
10007e02:	4a0f      	ldr	r2, [pc, #60]	@ (10007e40 <stdio_uart_set_chars_available_callback+0x80>)
10007e04:	4628      	mov	r0, r5
10007e06:	490d      	ldr	r1, [pc, #52]	@ (10007e3c <stdio_uart_set_chars_available_callback+0x7c>)
10007e08:	6013      	str	r3, [r2, #0]
10007e0a:	f7fd f86b 	bl	10004ee4 <irq_set_exclusive_handler>
10007e0e:	2101      	movs	r1, #1
10007e10:	4628      	mov	r0, r5
10007e12:	f7fd f841 	bl	10004e98 <irq_set_enabled>
10007e16:	6832      	ldr	r2, [r6, #0]
10007e18:	2150      	movs	r1, #80	@ 0x50
10007e1a:	4613      	mov	r3, r2
10007e1c:	6391      	str	r1, [r2, #56]	@ 0x38
10007e1e:	f853 2f34 	ldr.w	r2, [r3, #52]!
10007e22:	f002 0238 	and.w	r2, r2, #56	@ 0x38
10007e26:	f503 5380 	add.w	r3, r3, #4096	@ 0x1000
10007e2a:	601a      	str	r2, [r3, #0]
10007e2c:	bd70      	pop	{r4, r5, r6, pc}
10007e2e:	bf00      	nop
10007e30:	20000bcc 	.word	0x20000bcc
10007e34:	40078000 	.word	0x40078000
10007e38:	200008bc 	.word	0x200008bc
10007e3c:	10007d8d 	.word	0x10007d8d
10007e40:	200008c0 	.word	0x200008c0

10007e44 <stdio_uart_init>:
10007e44:	b510      	push	{r4, lr}
10007e46:	490e      	ldr	r1, [pc, #56]	@ (10007e80 <stdio_uart_init+0x3c>)
10007e48:	4c0e      	ldr	r4, [pc, #56]	@ (10007e84 <stdio_uart_init+0x40>)
10007e4a:	480f      	ldr	r0, [pc, #60]	@ (10007e88 <stdio_uart_init+0x44>)
10007e4c:	4a0f      	ldr	r2, [pc, #60]	@ (10007e8c <stdio_uart_init+0x48>)
10007e4e:	4b10      	ldr	r3, [pc, #64]	@ (10007e90 <stdio_uart_init+0x4c>)
10007e50:	7800      	ldrb	r0, [r0, #0]
10007e52:	6021      	str	r1, [r4, #0]
10007e54:	2000      	movs	r0, #0
10007e56:	2102      	movs	r1, #2
10007e58:	7812      	ldrb	r2, [r2, #0]
10007e5a:	781b      	ldrb	r3, [r3, #0]
10007e5c:	f7fc ffba 	bl	10004dd4 <gpio_set_function>
10007e60:	2102      	movs	r1, #2
10007e62:	2001      	movs	r0, #1
10007e64:	f7fc ffb6 	bl	10004dd4 <gpio_set_function>
10007e68:	f44f 31e1 	mov.w	r1, #115200	@ 0x1c200
10007e6c:	6820      	ldr	r0, [r4, #0]
10007e6e:	f7fd ff53 	bl	10005d18 <uart_init>
10007e72:	e8bd 4010 	ldmia.w	sp!, {r4, lr}
10007e76:	2101      	movs	r1, #1
10007e78:	4806      	ldr	r0, [pc, #24]	@ (10007e94 <stdio_uart_init+0x50>)
10007e7a:	f7ff be2b 	b.w	10007ad4 <stdio_set_driver_enabled>
10007e7e:	bf00      	nop
10007e80:	40070000 	.word	0x40070000
10007e84:	20000bcc 	.word	0x20000bcc
10007e88:	10008468 	.word	0x10008468
10007e8c:	10008464 	.word	0x10008464
10007e90:	10008460 	.word	0x10008460
10007e94:	2000065c 	.word	0x2000065c

10007e98 <memcpy>:
10007e98:	4684      	mov	ip, r0
10007e9a:	ea41 0300 	orr.w	r3, r1, r0
10007e9e:	f013 0303 	ands.w	r3, r3, #3
10007ea2:	d149      	bne.n	10007f38 <memcpy+0xa0>
10007ea4:	3a40      	subs	r2, #64	@ 0x40
10007ea6:	d323      	bcc.n	10007ef0 <memcpy+0x58>
10007ea8:	680b      	ldr	r3, [r1, #0]
10007eaa:	6003      	str	r3, [r0, #0]
10007eac:	684b      	ldr	r3, [r1, #4]
10007eae:	6043      	str	r3, [r0, #4]
10007eb0:	688b      	ldr	r3, [r1, #8]
10007eb2:	6083      	str	r3, [r0, #8]
10007eb4:	68cb      	ldr	r3, [r1, #12]
10007eb6:	60c3      	str	r3, [r0, #12]
10007eb8:	690b      	ldr	r3, [r1, #16]
10007eba:	6103      	str	r3, [r0, #16]
10007ebc:	694b      	ldr	r3, [r1, #20]
10007ebe:	6143      	str	r3, [r0, #20]
10007ec0:	698b      	ldr	r3, [r1, #24]
10007ec2:	6183      	str	r3, [r0, #24]
10007ec4:	69cb      	ldr	r3, [r1, #28]
10007ec6:	61c3      	str	r3, [r0, #28]
10007ec8:	6a0b      	ldr	r3, [r1, #32]
10007eca:	6203      	str	r3, [r0, #32]
10007ecc:	6a4b      	ldr	r3, [r1, #36]	@ 0x24
10007ece:	6243      	str	r3, [r0, #36]	@ 0x24
10007ed0:	6a8b      	ldr	r3, [r1, #40]	@ 0x28
10007ed2:	6283      	str	r3, [r0, #40]	@ 0x28
10007ed4:	6acb      	ldr	r3, [r1, #44]	@ 0x2c
10007ed6:	62c3      	str	r3, [r0, #44]	@ 0x2c
10007ed8:	6b0b      	ldr	r3, [r1, #48]	@ 0x30
10007eda:	6303      	str	r3, [r0, #48]	@ 0x30
10007edc:	6b4b      	ldr	r3, [r1, #52]	@ 0x34
10007ede:	6343      	str	r3, [r0, #52]	@ 0x34
10007ee0:	6b8b      	ldr	r3, [r1, #56]	@ 0x38
10007ee2:	6383      	str	r3, [r0, #56]	@ 0x38
10007ee4:	6bcb      	ldr	r3, [r1, #60]	@ 0x3c
10007ee6:	63c3      	str	r3, [r0, #60]	@ 0x3c
10007ee8:	3040      	adds	r0, #64	@ 0x40
10007eea:	3140      	adds	r1, #64	@ 0x40
10007eec:	3a40      	subs	r2, #64	@ 0x40
10007eee:	d2db      	bcs.n	10007ea8 <memcpy+0x10>
10007ef0:	3230      	adds	r2, #48	@ 0x30
10007ef2:	d30b      	bcc.n	10007f0c <memcpy+0x74>
10007ef4:	680b      	ldr	r3, [r1, #0]
10007ef6:	6003      	str	r3, [r0, #0]
10007ef8:	684b      	ldr	r3, [r1, #4]
10007efa:	6043      	str	r3, [r0, #4]
10007efc:	688b      	ldr	r3, [r1, #8]
10007efe:	6083      	str	r3, [r0, #8]
10007f00:	68cb      	ldr	r3, [r1, #12]
10007f02:	60c3      	str	r3, [r0, #12]
10007f04:	3010      	adds	r0, #16
10007f06:	3110      	adds	r1, #16
10007f08:	3a10      	subs	r2, #16
10007f0a:	d2f3      	bcs.n	10007ef4 <memcpy+0x5c>
10007f0c:	320c      	adds	r2, #12
10007f0e:	d305      	bcc.n	10007f1c <memcpy+0x84>
10007f10:	f851 3b04 	ldr.w	r3, [r1], #4
10007f14:	f840 3b04 	str.w	r3, [r0], #4
10007f18:	3a04      	subs	r2, #4
10007f1a:	d2f9      	bcs.n	10007f10 <memcpy+0x78>
10007f1c:	3204      	adds	r2, #4
10007f1e:	d008      	beq.n	10007f32 <memcpy+0x9a>
10007f20:	07d2      	lsls	r2, r2, #31
10007f22:	bf1c      	itt	ne
10007f24:	f811 3b01 	ldrbne.w	r3, [r1], #1
10007f28:	f800 3b01 	strbne.w	r3, [r0], #1
10007f2c:	d301      	bcc.n	10007f32 <memcpy+0x9a>
10007f2e:	880b      	ldrh	r3, [r1, #0]
10007f30:	8003      	strh	r3, [r0, #0]
10007f32:	4660      	mov	r0, ip
10007f34:	4770      	bx	lr
10007f36:	bf00      	nop
10007f38:	2a08      	cmp	r2, #8
10007f3a:	d313      	bcc.n	10007f64 <memcpy+0xcc>
10007f3c:	078b      	lsls	r3, r1, #30
10007f3e:	d0b1      	beq.n	10007ea4 <memcpy+0xc>
10007f40:	f010 0303 	ands.w	r3, r0, #3
10007f44:	d0ae      	beq.n	10007ea4 <memcpy+0xc>
10007f46:	f1c3 0304 	rsb	r3, r3, #4
10007f4a:	1ad2      	subs	r2, r2, r3
10007f4c:	07db      	lsls	r3, r3, #31
10007f4e:	bf1c      	itt	ne
10007f50:	f811 3b01 	ldrbne.w	r3, [r1], #1
10007f54:	f800 3b01 	strbne.w	r3, [r0], #1
10007f58:	d3a4      	bcc.n	10007ea4 <memcpy+0xc>
10007f5a:	f831 3b02 	ldrh.w	r3, [r1], #2
10007f5e:	f820 3b02 	strh.w	r3, [r0], #2
10007f62:	e79f      	b.n	10007ea4 <memcpy+0xc>
10007f64:	3a04      	subs	r2, #4
10007f66:	d3d9      	bcc.n	10007f1c <memcpy+0x84>
10007f68:	3a01      	subs	r2, #1
10007f6a:	f811 3b01 	ldrb.w	r3, [r1], #1
10007f6e:	f800 3b01 	strb.w	r3, [r0], #1
10007f72:	d2f9      	bcs.n	10007f68 <memcpy+0xd0>
10007f74:	780b      	ldrb	r3, [r1, #0]
10007f76:	7003      	strb	r3, [r0, #0]
10007f78:	784b      	ldrb	r3, [r1, #1]
10007f7a:	7043      	strb	r3, [r0, #1]
10007f7c:	788b      	ldrb	r3, [r1, #2]
10007f7e:	7083      	strb	r3, [r0, #2]
10007f80:	4660      	mov	r0, ip
10007f82:	4770      	bx	lr

10007f84 <memset>:
10007f84:	b570      	push	{r4, r5, r6, lr}
10007f86:	0786      	lsls	r6, r0, #30
10007f88:	d04a      	beq.n	10008020 <memset+0x9c>
10007f8a:	1e54      	subs	r4, r2, #1
10007f8c:	2a00      	cmp	r2, #0
10007f8e:	d041      	beq.n	10008014 <memset+0x90>
10007f90:	b2ca      	uxtb	r2, r1
10007f92:	4603      	mov	r3, r0
10007f94:	e001      	b.n	10007f9a <memset+0x16>
10007f96:	3c01      	subs	r4, #1
10007f98:	d33c      	bcc.n	10008014 <memset+0x90>
10007f9a:	f803 2b01 	strb.w	r2, [r3], #1
10007f9e:	079d      	lsls	r5, r3, #30
10007fa0:	d1f9      	bne.n	10007f96 <memset+0x12>
10007fa2:	2c03      	cmp	r4, #3
10007fa4:	d92f      	bls.n	10008006 <memset+0x82>
10007fa6:	b2cd      	uxtb	r5, r1
10007fa8:	2c0f      	cmp	r4, #15
10007faa:	eb05 2505 	add.w	r5, r5, r5, lsl #8
10007fae:	eb05 4505 	add.w	r5, r5, r5, lsl #16
10007fb2:	d938      	bls.n	10008026 <memset+0xa2>
10007fb4:	f1a4 0c10 	sub.w	ip, r4, #16
10007fb8:	f103 0e10 	add.w	lr, r3, #16
10007fbc:	461a      	mov	r2, r3
10007fbe:	f02c 060f 	bic.w	r6, ip, #15
10007fc2:	ea4f 1c1c 	mov.w	ip, ip, lsr #4
10007fc6:	44b6      	add	lr, r6
10007fc8:	6015      	str	r5, [r2, #0]
10007fca:	3210      	adds	r2, #16
10007fcc:	f842 5c0c 	str.w	r5, [r2, #-12]
10007fd0:	f842 5c08 	str.w	r5, [r2, #-8]
10007fd4:	f842 5c04 	str.w	r5, [r2, #-4]
10007fd8:	4572      	cmp	r2, lr
10007fda:	d1f5      	bne.n	10007fc8 <memset+0x44>
10007fdc:	f10c 0201 	add.w	r2, ip, #1
10007fe0:	f014 0f0c 	tst.w	r4, #12
10007fe4:	f004 0c0f 	and.w	ip, r4, #15
10007fe8:	eb03 1202 	add.w	r2, r3, r2, lsl #4
10007fec:	d013      	beq.n	10008016 <memset+0x92>
10007fee:	f1ac 0304 	sub.w	r3, ip, #4
10007ff2:	f023 0303 	bic.w	r3, r3, #3
10007ff6:	3304      	adds	r3, #4
10007ff8:	4413      	add	r3, r2
10007ffa:	f842 5b04 	str.w	r5, [r2], #4
10007ffe:	429a      	cmp	r2, r3
10008000:	d1fb      	bne.n	10007ffa <memset+0x76>
10008002:	f00c 0403 	and.w	r4, ip, #3
10008006:	b12c      	cbz	r4, 10008014 <memset+0x90>
10008008:	b2c9      	uxtb	r1, r1
1000800a:	441c      	add	r4, r3
1000800c:	f803 1b01 	strb.w	r1, [r3], #1
10008010:	429c      	cmp	r4, r3
10008012:	d1fb      	bne.n	1000800c <memset+0x88>
10008014:	bd70      	pop	{r4, r5, r6, pc}
10008016:	4664      	mov	r4, ip
10008018:	4613      	mov	r3, r2
1000801a:	2c00      	cmp	r4, #0
1000801c:	d1f4      	bne.n	10008008 <memset+0x84>
1000801e:	e7f9      	b.n	10008014 <memset+0x90>
10008020:	4603      	mov	r3, r0
10008022:	4614      	mov	r4, r2
10008024:	e7bd      	b.n	10007fa2 <memset+0x1e>
10008026:	461a      	mov	r2, r3
10008028:	46a4      	mov	ip, r4
1000802a:	e7e0      	b.n	10007fee <memset+0x6a>

1000802c <strlen>:
1000802c:	f020 0103 	bic.w	r1, r0, #3
10008030:	f010 0003 	ands.w	r0, r0, #3
10008034:	f1c0 0000 	rsb	r0, r0, #0
10008038:	f851 3b04 	ldr.w	r3, [r1], #4
1000803c:	f100 0c04 	add.w	ip, r0, #4
10008040:	ea4f 0ccc 	mov.w	ip, ip, lsl #3
10008044:	f06f 0200 	mvn.w	r2, #0
10008048:	bf1c      	itt	ne
1000804a:	fa22 f20c 	lsrne.w	r2, r2, ip
1000804e:	4313      	orrne	r3, r2
10008050:	f04f 0c01 	mov.w	ip, #1
10008054:	ea4c 2c0c 	orr.w	ip, ip, ip, lsl #8
10008058:	ea4c 4c0c 	orr.w	ip, ip, ip, lsl #16
1000805c:	eba3 020c 	sub.w	r2, r3, ip
10008060:	ea22 0203 	bic.w	r2, r2, r3
10008064:	ea12 12cc 	ands.w	r2, r2, ip, lsl #7
10008068:	bf04      	itt	eq
1000806a:	f851 3b04 	ldreq.w	r3, [r1], #4
1000806e:	3004      	addeq	r0, #4
10008070:	d0f4      	beq.n	1000805c <strlen+0x30>
10008072:	f1c2 0100 	rsb	r1, r2, #0
10008076:	ea02 0201 	and.w	r2, r2, r1
1000807a:	fab2 f282 	clz	r2, r2
1000807e:	f1c2 021f 	rsb	r2, r2, #31
10008082:	eb00 00d2 	add.w	r0, r0, r2, lsr #3
10008086:	4770      	bx	lr

10008088 <_fini>:
10008088:	b5f8      	push	{r3, r4, r5, r6, r7, lr}
1000808a:	bf00      	nop
1000808c:	0000      	movs	r0, r0
	...

10008090 <____aeabi_uldivmod_veneer>:
10008090:	f85f f000 	ldr.w	pc, [pc]	@ 10008094 <____aeabi_uldivmod_veneer+0x4>
10008094:	20000291 	.word	0x20000291

10008098 <__mutex_exit_veneer>:
10008098:	f85f f000 	ldr.w	pc, [pc]	@ 1000809c <__mutex_exit_veneer+0x4>
1000809c:	200001bd 	.word	0x200001bd

100080a0 <____aeabi_ldivmod_veneer>:
100080a0:	f85f f000 	ldr.w	pc, [pc]	@ 100080a4 <____aeabi_ldivmod_veneer+0x4>
100080a4:	200001f1 	.word	0x200001f1

100080a8 <__mutex_try_enter_block_until_veneer>:
100080a8:	f85f f000 	ldr.w	pc, [pc]	@ 100080ac <__mutex_try_enter_block_until_veneer+0x4>
100080ac:	20000111 	.word	0x20000111

100080b0 <__pre_init_runtime_init_bootrom_reset>:
100080b0:	10005ef9                                .^..

100080b4 <__pre_init_runtime_init_early_resets>:
100080b4:	10005e6d                                m^..

100080b8 <__pre_init_runtime_init_usb_power_down>:
100080b8:	10005ea1                                .^..

100080bc <__pre_init_runtime_init_clocks>:
100080bc:	10005f45                                E_..

100080c0 <__pre_init_runtime_init_post_clock_resets>:
100080c0:	10005ed9                                .^..

100080c4 <__pre_init_runtime_init_boot_locks_reset>:
100080c4:	10005aa9                                .Z..

100080c8 <__pre_init_runtime_init_spin_locks_reset>:
100080c8:	10005f21                                !_..

100080cc <__pre_init_runtime_init_bootrom_locking_enable>:
100080cc:	10005a95                                .Z..

100080d0 <__pre_init_runtime_init_mutex>:
100080d0:	10005231                                1R..

100080d4 <__pre_init_runtime_init_install_ram_vector_table>:
100080d4:	10005f25                                %_..

100080d8 <__pre_init_runtime_init_default_alarm_pool>:
100080d8:	100055ad                                .U..

100080dc <__pre_init_first_per_core_initializer>:
100080dc:	10005e1d                                .^..

100080e0 <__pre_init_runtime_init_per_core_bootrom_reset>:
100080e0:	10005f0d                                ._..

100080e4 <__pre_init_runtime_init_per_core_enable_coprocessors>:
100080e4:	10005ebd                                .^..

100080e8 <__pre_init_spinlock_set_extexclall>:
100080e8:	10004dad                                .M..

100080ec <__pre_init_runtime_init_per_core_irq_priorities>:
100080ec:	10004e59                                YN..

100080f0 <__frame_dummy_init_array_entry>:
100080f0:	1000025d 1000148d                       ].......

Disassembly of section .data:

20000110 <mutex_try_enter_block_until>:
20000110:	e92d 41f0 	stmdb	sp!, {r4, r5, r6, r7, r8, lr}
20000114:	461f      	mov	r7, r3
20000116:	4604      	mov	r4, r0
20000118:	4616      	mov	r6, r2
2000011a:	6803      	ldr	r3, [r0, #0]
2000011c:	f3ef 8810 	mrs	r8, PRIMASK
20000120:	b672      	cpsid	i
20000122:	e8d3 1fcf 	ldaexb	r1, [r3]
20000126:	2201      	movs	r2, #1
20000128:	2900      	cmp	r1, #0
2000012a:	d1fa      	bne.n	20000122 <mutex_try_enter_block_until+0x12>
2000012c:	e8c3 2f41 	strexb	r1, r2, [r3]
20000130:	2900      	cmp	r1, #0
20000132:	d1f6      	bne.n	20000122 <mutex_try_enter_block_until+0x12>
20000134:	f3bf 8f5f 	dmb	sy
20000138:	6845      	ldr	r5, [r0, #4]
2000013a:	1c6b      	adds	r3, r5, #1
2000013c:	d00c      	beq.n	20000158 <mutex_try_enter_block_until+0x48>
2000013e:	2300      	movs	r3, #0
20000140:	6802      	ldr	r2, [r0, #0]
20000142:	e8c2 3f8f 	stlb	r3, [r2]
20000146:	f388 8810 	msr	PRIMASK, r8
2000014a:	f000 fa31 	bl	200005b0 <__ulPortLockGetCurrentOwnerId_veneer>
2000014e:	42a8      	cmp	r0, r5
20000150:	d10d      	bne.n	2000016e <mutex_try_enter_block_until+0x5e>
20000152:	2000      	movs	r0, #0
20000154:	e8bd 81f0 	ldmia.w	sp!, {r4, r5, r6, r7, r8, pc}
20000158:	f000 fa2a 	bl	200005b0 <__ulPortLockGetCurrentOwnerId_veneer>
2000015c:	2300      	movs	r3, #0
2000015e:	6822      	ldr	r2, [r4, #0]
20000160:	6060      	str	r0, [r4, #4]
20000162:	e8c2 3f8f 	stlb	r3, [r2]
20000166:	f388 8810 	msr	PRIMASK, r8
2000016a:	2001      	movs	r0, #1
2000016c:	e7f2      	b.n	20000154 <mutex_try_enter_block_until+0x44>
2000016e:	f000 fa1f 	bl	200005b0 <__ulPortLockGetCurrentOwnerId_veneer>
20000172:	4680      	mov	r8, r0
20000174:	e006      	b.n	20000184 <mutex_try_enter_block_until+0x74>
20000176:	4632      	mov	r2, r6
20000178:	463b      	mov	r3, r7
2000017a:	4620      	mov	r0, r4
2000017c:	f000 fa1c 	bl	200005b8 <__xPortLockInternalSpinUnlockWithBestEffortWaitOrTimeout_veneer>
20000180:	2800      	cmp	r0, #0
20000182:	d1e6      	bne.n	20000152 <mutex_try_enter_block_until+0x42>
20000184:	6825      	ldr	r5, [r4, #0]
20000186:	f3ef 8110 	mrs	r1, PRIMASK
2000018a:	b672      	cpsid	i
2000018c:	e8d5 2fcf 	ldaexb	r2, [r5]
20000190:	2301      	movs	r3, #1
20000192:	2a00      	cmp	r2, #0
20000194:	d1fa      	bne.n	2000018c <mutex_try_enter_block_until+0x7c>
20000196:	e8c5 3f42 	strexb	r2, r3, [r5]
2000019a:	2a00      	cmp	r2, #0
2000019c:	d1f6      	bne.n	2000018c <mutex_try_enter_block_until+0x7c>
2000019e:	f3bf 8f5f 	dmb	sy
200001a2:	6863      	ldr	r3, [r4, #4]
200001a4:	3301      	adds	r3, #1
200001a6:	d1e6      	bne.n	20000176 <mutex_try_enter_block_until+0x66>
200001a8:	2300      	movs	r3, #0
200001aa:	6822      	ldr	r2, [r4, #0]
200001ac:	f8c4 8004 	str.w	r8, [r4, #4]
200001b0:	e8c2 3f8f 	stlb	r3, [r2]
200001b4:	f381 8810 	msr	PRIMASK, r1
200001b8:	e7d7      	b.n	2000016a <mutex_try_enter_block_until+0x5a>
200001ba:	bf00      	nop

200001bc <mutex_exit>:
200001bc:	b500      	push	{lr}
200001be:	6802      	ldr	r2, [r0, #0]
200001c0:	f3ef 8110 	mrs	r1, PRIMASK
200001c4:	b672      	cpsid	i
200001c6:	e8d2 efcf 	ldaexb	lr, [r2]
200001ca:	f05f 0c01 	movs.w	ip, #1
200001ce:	f1be 0f00 	cmp.w	lr, #0
200001d2:	d1f8      	bne.n	200001c6 <mutex_exit+0xa>
200001d4:	e8c2 cf4e 	strexb	lr, ip, [r2]
200001d8:	f1be 0f00 	cmp.w	lr, #0
200001dc:	d1f3      	bne.n	200001c6 <mutex_exit+0xa>
200001de:	f3bf 8f5f 	dmb	sy
200001e2:	f04f 32ff 	mov.w	r2, #4294967295	@ 0xffffffff
200001e6:	f85d eb04 	ldr.w	lr, [sp], #4
200001ea:	6042      	str	r2, [r0, #4]
200001ec:	f000 b9e8 	b.w	200005c0 <__vPortLockInternalSpinUnlockWithNotify_veneer>

200001f0 <__aeabi_ldivmod>:
200001f0:	b97b      	cbnz	r3, 20000212 <__aeabi_ldivmod+0x22>
200001f2:	b972      	cbnz	r2, 20000212 <__aeabi_ldivmod+0x22>
200001f4:	2900      	cmp	r1, #0
200001f6:	bfbe      	ittt	lt
200001f8:	2000      	movlt	r0, #0
200001fa:	f04f 4100 	movlt.w	r1, #2147483648	@ 0x80000000
200001fe:	e006      	blt.n	2000020e <__aeabi_ldivmod+0x1e>
20000200:	bf08      	it	eq
20000202:	2800      	cmpeq	r0, #0
20000204:	bf1c      	itt	ne
20000206:	f06f 4100 	mvnne.w	r1, #2147483648	@ 0x80000000
2000020a:	f04f 30ff 	movne.w	r0, #4294967295	@ 0xffffffff
2000020e:	f000 b9cd 	b.w	200005ac <__aeabi_idiv0>
20000212:	f1ad 0c08 	sub.w	ip, sp, #8
20000216:	e96d ce04 	strd	ip, lr, [sp, #-16]!
2000021a:	2900      	cmp	r1, #0
2000021c:	db09      	blt.n	20000232 <__aeabi_ldivmod+0x42>
2000021e:	2b00      	cmp	r3, #0
20000220:	db1a      	blt.n	20000258 <__aeabi_ldivmod+0x68>
20000222:	f000 f84d 	bl	200002c0 <__udivmoddi4>
20000226:	f8dd e004 	ldr.w	lr, [sp, #4]
2000022a:	e9dd 2302 	ldrd	r2, r3, [sp, #8]
2000022e:	b004      	add	sp, #16
20000230:	4770      	bx	lr
20000232:	4240      	negs	r0, r0
20000234:	eb61 0141 	sbc.w	r1, r1, r1, lsl #1
20000238:	2b00      	cmp	r3, #0
2000023a:	db1b      	blt.n	20000274 <__aeabi_ldivmod+0x84>
2000023c:	f000 f840 	bl	200002c0 <__udivmoddi4>
20000240:	f8dd e004 	ldr.w	lr, [sp, #4]
20000244:	e9dd 2302 	ldrd	r2, r3, [sp, #8]
20000248:	b004      	add	sp, #16
2000024a:	4240      	negs	r0, r0
2000024c:	eb61 0141 	sbc.w	r1, r1, r1, lsl #1
20000250:	4252      	negs	r2, r2
20000252:	eb63 0343 	sbc.w	r3, r3, r3, lsl #1
20000256:	4770      	bx	lr
20000258:	4252      	negs	r2, r2
2000025a:	eb63 0343 	sbc.w	r3, r3, r3, lsl #1
2000025e:	f000 f82f 	bl	200002c0 <__udivmoddi4>
20000262:	f8dd e004 	ldr.w	lr, [sp, #4]
20000266:	e9dd 2302 	ldrd	r2, r3, [sp, #8]
2000026a:	b004      	add	sp, #16
2000026c:	4240      	negs	r0, r0
2000026e:	eb61 0141 	sbc.w	r1, r1, r1, lsl #1
20000272:	4770      	bx	lr
20000274:	4252      	negs	r2, r2
20000276:	eb63 0343 	sbc.w	r3, r3, r3, lsl #1
2000027a:	f000 f821 	bl	200002c0 <__udivmoddi4>
2000027e:	f8dd e004 	ldr.w	lr, [sp, #4]
20000282:	e9dd 2302 	ldrd	r2, r3, [sp, #8]
20000286:	b004      	add	sp, #16
20000288:	4252      	negs	r2, r2
2000028a:	eb63 0343 	sbc.w	r3, r3, r3, lsl #1
2000028e:	4770      	bx	lr

20000290 <__aeabi_uldivmod>:
20000290:	b953      	cbnz	r3, 200002a8 <__aeabi_uldivmod+0x18>
20000292:	b94a      	cbnz	r2, 200002a8 <__aeabi_uldivmod+0x18>
20000294:	2900      	cmp	r1, #0
20000296:	bf08      	it	eq
20000298:	2800      	cmpeq	r0, #0
2000029a:	bf1c      	itt	ne
2000029c:	f04f 31ff 	movne.w	r1, #4294967295	@ 0xffffffff
200002a0:	f04f 30ff 	movne.w	r0, #4294967295	@ 0xffffffff
200002a4:	f000 b982 	b.w	200005ac <__aeabi_idiv0>
200002a8:	f1ad 0c08 	sub.w	ip, sp, #8
200002ac:	e96d ce04 	strd	ip, lr, [sp, #-16]!
200002b0:	f000 f806 	bl	200002c0 <__udivmoddi4>
200002b4:	f8dd e004 	ldr.w	lr, [sp, #4]
200002b8:	e9dd 2302 	ldrd	r2, r3, [sp, #8]
200002bc:	b004      	add	sp, #16
200002be:	4770      	bx	lr

200002c0 <__udivmoddi4>:
200002c0:	e92d 4ff0 	stmdb	sp!, {r4, r5, r6, r7, r8, r9, sl, fp, lr}
200002c4:	9d09      	ldr	r5, [sp, #36]	@ 0x24
200002c6:	460c      	mov	r4, r1
200002c8:	2b00      	cmp	r3, #0
200002ca:	d14d      	bne.n	20000368 <__udivmoddi4+0xa8>
200002cc:	428a      	cmp	r2, r1
200002ce:	460f      	mov	r7, r1
200002d0:	4684      	mov	ip, r0
200002d2:	4696      	mov	lr, r2
200002d4:	fab2 f382 	clz	r3, r2
200002d8:	d960      	bls.n	2000039c <__udivmoddi4+0xdc>
200002da:	b14b      	cbz	r3, 200002f0 <__udivmoddi4+0x30>
200002dc:	fa02 fe03 	lsl.w	lr, r2, r3
200002e0:	f1c3 0220 	rsb	r2, r3, #32
200002e4:	409f      	lsls	r7, r3
200002e6:	fa00 fc03 	lsl.w	ip, r0, r3
200002ea:	fa20 f202 	lsr.w	r2, r0, r2
200002ee:	4317      	orrs	r7, r2
200002f0:	ea4f 461e 	mov.w	r6, lr, lsr #16
200002f4:	fa1f f48e 	uxth.w	r4, lr
200002f8:	ea4f 421c 	mov.w	r2, ip, lsr #16
200002fc:	fbb7 f1f6 	udiv	r1, r7, r6
20000300:	fb06 7711 	mls	r7, r6, r1, r7
20000304:	fb01 f004 	mul.w	r0, r1, r4
20000308:	ea42 4207 	orr.w	r2, r2, r7, lsl #16
2000030c:	4290      	cmp	r0, r2
2000030e:	d908      	bls.n	20000322 <__udivmoddi4+0x62>
20000310:	eb1e 0202 	adds.w	r2, lr, r2
20000314:	f101 37ff 	add.w	r7, r1, #4294967295	@ 0xffffffff
20000318:	d202      	bcs.n	20000320 <__udivmoddi4+0x60>
2000031a:	4290      	cmp	r0, r2
2000031c:	f200 8131 	bhi.w	20000582 <__udivmoddi4+0x2c2>
20000320:	4639      	mov	r1, r7
20000322:	1a12      	subs	r2, r2, r0
20000324:	fa1f fc8c 	uxth.w	ip, ip
20000328:	fbb2 f0f6 	udiv	r0, r2, r6
2000032c:	fb06 2210 	mls	r2, r6, r0, r2
20000330:	fb00 f404 	mul.w	r4, r0, r4
20000334:	ea4c 4c02 	orr.w	ip, ip, r2, lsl #16
20000338:	4564      	cmp	r4, ip
2000033a:	d908      	bls.n	2000034e <__udivmoddi4+0x8e>
2000033c:	eb1e 0c0c 	adds.w	ip, lr, ip
20000340:	f100 32ff 	add.w	r2, r0, #4294967295	@ 0xffffffff
20000344:	d202      	bcs.n	2000034c <__udivmoddi4+0x8c>
20000346:	4564      	cmp	r4, ip
20000348:	f200 811e 	bhi.w	20000588 <__udivmoddi4+0x2c8>
2000034c:	4610      	mov	r0, r2
2000034e:	ea40 4001 	orr.w	r0, r0, r1, lsl #16
20000352:	ebac 0c04 	sub.w	ip, ip, r4
20000356:	2100      	movs	r1, #0
20000358:	b125      	cbz	r5, 20000364 <__udivmoddi4+0xa4>
2000035a:	fa2c f303 	lsr.w	r3, ip, r3
2000035e:	2200      	movs	r2, #0
20000360:	e9c5 3200 	strd	r3, r2, [r5]
20000364:	e8bd 8ff0 	ldmia.w	sp!, {r4, r5, r6, r7, r8, r9, sl, fp, pc}
20000368:	428b      	cmp	r3, r1
2000036a:	d905      	bls.n	20000378 <__udivmoddi4+0xb8>
2000036c:	b10d      	cbz	r5, 20000372 <__udivmoddi4+0xb2>
2000036e:	e9c5 0100 	strd	r0, r1, [r5]
20000372:	2100      	movs	r1, #0
20000374:	4608      	mov	r0, r1
20000376:	e7f5      	b.n	20000364 <__udivmoddi4+0xa4>
20000378:	fab3 f183 	clz	r1, r3
2000037c:	2900      	cmp	r1, #0
2000037e:	d14d      	bne.n	2000041c <__udivmoddi4+0x15c>
20000380:	42a3      	cmp	r3, r4
20000382:	f0c0 80f3 	bcc.w	2000056c <__udivmoddi4+0x2ac>
20000386:	4290      	cmp	r0, r2
20000388:	f080 80f0 	bcs.w	2000056c <__udivmoddi4+0x2ac>
2000038c:	4606      	mov	r6, r0
2000038e:	4623      	mov	r3, r4
20000390:	4608      	mov	r0, r1
20000392:	2d00      	cmp	r5, #0
20000394:	d0e6      	beq.n	20000364 <__udivmoddi4+0xa4>
20000396:	e9c5 6300 	strd	r6, r3, [r5]
2000039a:	e7e3      	b.n	20000364 <__udivmoddi4+0xa4>
2000039c:	2b00      	cmp	r3, #0
2000039e:	f040 80a3 	bne.w	200004e8 <__udivmoddi4+0x228>
200003a2:	1a8a      	subs	r2, r1, r2
200003a4:	ea4f 471e 	mov.w	r7, lr, lsr #16
200003a8:	fa1f f68e 	uxth.w	r6, lr
200003ac:	2101      	movs	r1, #1
200003ae:	fbb2 f4f7 	udiv	r4, r2, r7
200003b2:	fb07 2014 	mls	r0, r7, r4, r2
200003b6:	ea4f 421c 	mov.w	r2, ip, lsr #16
200003ba:	ea42 4200 	orr.w	r2, r2, r0, lsl #16
200003be:	fb06 f004 	mul.w	r0, r6, r4
200003c2:	4290      	cmp	r0, r2
200003c4:	d90f      	bls.n	200003e6 <__udivmoddi4+0x126>
200003c6:	eb1e 0202 	adds.w	r2, lr, r2
200003ca:	f104 38ff 	add.w	r8, r4, #4294967295	@ 0xffffffff
200003ce:	bf2c      	ite	cs
200003d0:	f04f 0901 	movcs.w	r9, #1
200003d4:	f04f 0900 	movcc.w	r9, #0
200003d8:	4290      	cmp	r0, r2
200003da:	d903      	bls.n	200003e4 <__udivmoddi4+0x124>
200003dc:	f1b9 0f00 	cmp.w	r9, #0
200003e0:	f000 80cc 	beq.w	2000057c <__udivmoddi4+0x2bc>
200003e4:	4644      	mov	r4, r8
200003e6:	1a12      	subs	r2, r2, r0
200003e8:	fa1f fc8c 	uxth.w	ip, ip
200003ec:	fbb2 f0f7 	udiv	r0, r2, r7
200003f0:	fb07 2210 	mls	r2, r7, r0, r2
200003f4:	fb00 f606 	mul.w	r6, r0, r6
200003f8:	ea4c 4c02 	orr.w	ip, ip, r2, lsl #16
200003fc:	4566      	cmp	r6, ip
200003fe:	d908      	bls.n	20000412 <__udivmoddi4+0x152>
20000400:	eb1e 0c0c 	adds.w	ip, lr, ip
20000404:	f100 32ff 	add.w	r2, r0, #4294967295	@ 0xffffffff
20000408:	d202      	bcs.n	20000410 <__udivmoddi4+0x150>
2000040a:	4566      	cmp	r6, ip
2000040c:	f200 80b3 	bhi.w	20000576 <__udivmoddi4+0x2b6>
20000410:	4610      	mov	r0, r2
20000412:	ebac 0c06 	sub.w	ip, ip, r6
20000416:	ea40 4004 	orr.w	r0, r0, r4, lsl #16
2000041a:	e79d      	b.n	20000358 <__udivmoddi4+0x98>
2000041c:	f1c1 0620 	rsb	r6, r1, #32
20000420:	408b      	lsls	r3, r1
20000422:	fa04 fe01 	lsl.w	lr, r4, r1
20000426:	fa22 f706 	lsr.w	r7, r2, r6
2000042a:	fa20 fc06 	lsr.w	ip, r0, r6
2000042e:	40f4      	lsrs	r4, r6
20000430:	408a      	lsls	r2, r1
20000432:	431f      	orrs	r7, r3
20000434:	ea4e 030c 	orr.w	r3, lr, ip
20000438:	fa00 fe01 	lsl.w	lr, r0, r1
2000043c:	ea4f 4817 	mov.w	r8, r7, lsr #16
20000440:	ea4f 4913 	mov.w	r9, r3, lsr #16
20000444:	fa1f fc87 	uxth.w	ip, r7
20000448:	fbb4 f0f8 	udiv	r0, r4, r8
2000044c:	fb08 4410 	mls	r4, r8, r0, r4
20000450:	ea49 4404 	orr.w	r4, r9, r4, lsl #16
20000454:	fb00 f90c 	mul.w	r9, r0, ip
20000458:	45a1      	cmp	r9, r4
2000045a:	d90e      	bls.n	2000047a <__udivmoddi4+0x1ba>
2000045c:	193c      	adds	r4, r7, r4
2000045e:	f100 3aff 	add.w	sl, r0, #4294967295	@ 0xffffffff
20000462:	bf2c      	ite	cs
20000464:	f04f 0b01 	movcs.w	fp, #1
20000468:	f04f 0b00 	movcc.w	fp, #0
2000046c:	45a1      	cmp	r9, r4
2000046e:	d903      	bls.n	20000478 <__udivmoddi4+0x1b8>
20000470:	f1bb 0f00 	cmp.w	fp, #0
20000474:	f000 808b 	beq.w	2000058e <__udivmoddi4+0x2ce>
20000478:	4650      	mov	r0, sl
2000047a:	eba4 0409 	sub.w	r4, r4, r9
2000047e:	fa1f f983 	uxth.w	r9, r3
20000482:	fbb4 f3f8 	udiv	r3, r4, r8
20000486:	fb08 4413 	mls	r4, r8, r3, r4
2000048a:	fb03 fc0c 	mul.w	ip, r3, ip
2000048e:	ea49 4404 	orr.w	r4, r9, r4, lsl #16
20000492:	45a4      	cmp	ip, r4
20000494:	d906      	bls.n	200004a4 <__udivmoddi4+0x1e4>
20000496:	193c      	adds	r4, r7, r4
20000498:	f103 38ff 	add.w	r8, r3, #4294967295	@ 0xffffffff
2000049c:	d201      	bcs.n	200004a2 <__udivmoddi4+0x1e2>
2000049e:	45a4      	cmp	ip, r4
200004a0:	d87b      	bhi.n	2000059a <__udivmoddi4+0x2da>
200004a2:	4643      	mov	r3, r8
200004a4:	ea43 4000 	orr.w	r0, r3, r0, lsl #16
200004a8:	eba4 040c 	sub.w	r4, r4, ip
200004ac:	fba0 9802 	umull	r9, r8, r0, r2
200004b0:	4544      	cmp	r4, r8
200004b2:	46cc      	mov	ip, r9
200004b4:	4643      	mov	r3, r8
200004b6:	d302      	bcc.n	200004be <__udivmoddi4+0x1fe>
200004b8:	d106      	bne.n	200004c8 <__udivmoddi4+0x208>
200004ba:	45ce      	cmp	lr, r9
200004bc:	d204      	bcs.n	200004c8 <__udivmoddi4+0x208>
200004be:	3801      	subs	r0, #1
200004c0:	ebb9 0c02 	subs.w	ip, r9, r2
200004c4:	eb68 0307 	sbc.w	r3, r8, r7
200004c8:	2d00      	cmp	r5, #0
200004ca:	d06c      	beq.n	200005a6 <__udivmoddi4+0x2e6>
200004cc:	ebbe 020c 	subs.w	r2, lr, ip
200004d0:	eb64 0403 	sbc.w	r4, r4, r3
200004d4:	fa22 f301 	lsr.w	r3, r2, r1
200004d8:	fa04 f606 	lsl.w	r6, r4, r6
200004dc:	40cc      	lsrs	r4, r1
200004de:	2100      	movs	r1, #0
200004e0:	431e      	orrs	r6, r3
200004e2:	e9c5 6400 	strd	r6, r4, [r5]
200004e6:	e73d      	b.n	20000364 <__udivmoddi4+0xa4>
200004e8:	fa02 fe03 	lsl.w	lr, r2, r3
200004ec:	f1c3 0120 	rsb	r1, r3, #32
200004f0:	fa04 f203 	lsl.w	r2, r4, r3
200004f4:	fa00 fc03 	lsl.w	ip, r0, r3
200004f8:	40cc      	lsrs	r4, r1
200004fa:	ea4f 471e 	mov.w	r7, lr, lsr #16
200004fe:	fa20 f101 	lsr.w	r1, r0, r1
20000502:	fa1f f68e 	uxth.w	r6, lr
20000506:	fbb4 f0f7 	udiv	r0, r4, r7
2000050a:	430a      	orrs	r2, r1
2000050c:	fb07 4410 	mls	r4, r7, r0, r4
20000510:	0c11      	lsrs	r1, r2, #16
20000512:	ea41 4104 	orr.w	r1, r1, r4, lsl #16
20000516:	fb00 f406 	mul.w	r4, r0, r6
2000051a:	428c      	cmp	r4, r1
2000051c:	d90e      	bls.n	2000053c <__udivmoddi4+0x27c>
2000051e:	eb1e 0101 	adds.w	r1, lr, r1
20000522:	f100 38ff 	add.w	r8, r0, #4294967295	@ 0xffffffff
20000526:	bf2c      	ite	cs
20000528:	f04f 0901 	movcs.w	r9, #1
2000052c:	f04f 0900 	movcc.w	r9, #0
20000530:	428c      	cmp	r4, r1
20000532:	d902      	bls.n	2000053a <__udivmoddi4+0x27a>
20000534:	f1b9 0f00 	cmp.w	r9, #0
20000538:	d02c      	beq.n	20000594 <__udivmoddi4+0x2d4>
2000053a:	4640      	mov	r0, r8
2000053c:	1b09      	subs	r1, r1, r4
2000053e:	b292      	uxth	r2, r2
20000540:	fbb1 f4f7 	udiv	r4, r1, r7
20000544:	fb07 1114 	mls	r1, r7, r4, r1
20000548:	ea42 4201 	orr.w	r2, r2, r1, lsl #16
2000054c:	fb04 f106 	mul.w	r1, r4, r6
20000550:	4291      	cmp	r1, r2
20000552:	d907      	bls.n	20000564 <__udivmoddi4+0x2a4>
20000554:	eb1e 0202 	adds.w	r2, lr, r2
20000558:	f104 38ff 	add.w	r8, r4, #4294967295	@ 0xffffffff
2000055c:	d201      	bcs.n	20000562 <__udivmoddi4+0x2a2>
2000055e:	4291      	cmp	r1, r2
20000560:	d81e      	bhi.n	200005a0 <__udivmoddi4+0x2e0>
20000562:	4644      	mov	r4, r8
20000564:	1a52      	subs	r2, r2, r1
20000566:	ea44 4100 	orr.w	r1, r4, r0, lsl #16
2000056a:	e720      	b.n	200003ae <__udivmoddi4+0xee>
2000056c:	1a86      	subs	r6, r0, r2
2000056e:	eb64 0303 	sbc.w	r3, r4, r3
20000572:	2001      	movs	r0, #1
20000574:	e70d      	b.n	20000392 <__udivmoddi4+0xd2>
20000576:	44f4      	add	ip, lr
20000578:	3802      	subs	r0, #2
2000057a:	e74a      	b.n	20000412 <__udivmoddi4+0x152>
2000057c:	3c02      	subs	r4, #2
2000057e:	4472      	add	r2, lr
20000580:	e731      	b.n	200003e6 <__udivmoddi4+0x126>
20000582:	3902      	subs	r1, #2
20000584:	4472      	add	r2, lr
20000586:	e6cc      	b.n	20000322 <__udivmoddi4+0x62>
20000588:	44f4      	add	ip, lr
2000058a:	3802      	subs	r0, #2
2000058c:	e6df      	b.n	2000034e <__udivmoddi4+0x8e>
2000058e:	3802      	subs	r0, #2
20000590:	443c      	add	r4, r7
20000592:	e772      	b.n	2000047a <__udivmoddi4+0x1ba>
20000594:	3802      	subs	r0, #2
20000596:	4471      	add	r1, lr
20000598:	e7d0      	b.n	2000053c <__udivmoddi4+0x27c>
2000059a:	3b02      	subs	r3, #2
2000059c:	443c      	add	r4, r7
2000059e:	e781      	b.n	200004a4 <__udivmoddi4+0x1e4>
200005a0:	3c02      	subs	r4, #2
200005a2:	4472      	add	r2, lr
200005a4:	e7de      	b.n	20000564 <__udivmoddi4+0x2a4>
200005a6:	4629      	mov	r1, r5
200005a8:	e6dc      	b.n	20000364 <__udivmoddi4+0xa4>
200005aa:	bf00      	nop

200005ac <__aeabi_idiv0>:
200005ac:	4770      	bx	lr
200005ae:	bf00      	nop

200005b0 <__ulPortLockGetCurrentOwnerId_veneer>:
200005b0:	f85f f000 	ldr.w	pc, [pc]	@ 200005b4 <__ulPortLockGetCurrentOwnerId_veneer+0x4>
200005b4:	100012e1 	.word	0x100012e1

200005b8 <__xPortLockInternalSpinUnlockWithBestEffortWaitOrTimeout_veneer>:
200005b8:	f85f f000 	ldr.w	pc, [pc]	@ 200005bc <__xPortLockInternalSpinUnlockWithBestEffortWaitOrTimeout_veneer+0x4>
200005bc:	100013a1 	.word	0x100013a1

200005c0 <__vPortLockInternalSpinUnlockWithNotify_veneer>:
200005c0:	f85f f000 	ldr.w	pc, [pc]	@ 200005c4 <__vPortLockInternalSpinUnlockWithNotify_veneer+0x4>
200005c4:	1000130d 	.word	0x1000130d

200005c8 <last_core_id.0>:
200005c8:	ffffffff                                ....

200005cc <last_core_id.1>:
200005cc:	ffffffff                                ....

200005d0 <last_core_id.3>:
200005d0:	ffffffff 00000000                       ........

200005d8 <worker_timeout>:
200005d8:	00000000 100003b1 00000000 00000000     ................
	...

200005f0 <cDoorbellNum>:
200005f0:	                                         .

200005f1 <ucPrimaryCoreNum>:
200005f1:	                                         ...

200005f4 <uxTopUsedPriority>:
200005f4:	0000001f                                ....

200005f8 <striped_spin_lock_num>:
200005f8:	00000010                                ....

200005fc <irq_handler_chain_slots>:
200005fc:	00000000 	.word	0x00000000
20000600:	00010000 	.word	0x00010000
	...
2000060c:	00020000 	.word	0x00020000
	...
20000618:	00030000 	.word	0x00030000
	...
20000624:	00ff0000 	.word	0x00ff0000
20000628:	00000000 	.word	0x00000000

2000062c <irq_handler_chain_first_slot>:
2000062c:	b501      	push	{r0, lr}
2000062e:	6848      	ldr	r0, [r1, #4]
20000630:	3101      	adds	r1, #1
20000632:	468e      	mov	lr, r1
20000634:	4700      	bx	r0

20000636 <irq_handler_chain_remove_tail>:
20000636:	4670      	mov	r0, lr
20000638:	3809      	subs	r0, #9
2000063a:	4901      	ldr	r1, [pc, #4]	@ (20000640 <irq_handler_chain_remove_tail+0xa>)
2000063c:	4788      	blx	r1
2000063e:	bd01      	pop	{r0, pc}
20000640:	10005169 	.word	0x10005169

20000644 <default_alarm_pool>:
	...
20000658:	200006c0                                ... 

2000065c <stdio_uart>:
2000065c:	10007cad 10007db1 10007cfd 10007dc1     .|...}...|...}..
2000066c:	00000000 00000100                       ........

20000674 <malloc_mutex>:
	...

2000067c <print_mutex>:
	...
