
/home/devel/rp2040-rp2350-freertos/build-2350/pico-lifting-sf/hello_usb.elf:     file format elf32-littlearm

Sections:
Idx Name          Size      VMA       LMA       File off  Algn
  0 .text         00006320  10000000  10000000  00001000  2**3
                  CONTENTS, ALLOC, LOAD, READONLY, CODE
  1 .rodata       000004a8  10006320  10006320  00007320  2**3
                  CONTENTS, ALLOC, LOAD, READONLY, DATA
  2 .ARM.exidx    00000008  100067c8  100067c8  000077c8  2**2
                  CONTENTS, ALLOC, LOAD, READONLY, DATA
  3 .binary_info  00000020  100067d0  100067d0  000077d0  2**2
                  CONTENTS, ALLOC, LOAD, READONLY, DATA
  4 .ram_vector_table 00000110  20000000  20000000  0000a000  2**2
                  ALLOC
  5 .uninitialized_data 00000000  20000110  20000110  000098f8  2**0
                  CONTENTS
  6 .data         000010f4  20000110  100067f0  00008110  2**3
                  CONTENTS, ALLOC, LOAD, READONLY, CODE
  7 .tdata        00000000  20001204  20001204  000098f8  2**0
                  CONTENTS, ALLOC, LOAD, DATA, THREAD_LOCAL
  8 .tbss         00000000  20001204  20001204  00000000  2**0
                  ALLOC, THREAD_LOCAL
  9 .bss          00004f54  20001208  100078e4  0000a208  2**3
                  ALLOC
 10 .heap         00000800  2000615c  2000615c  000098f8  2**2
                  CONTENTS, READONLY
 11 .scratch_x    00000000  20080000  20080000  0000a0f8  2**0
                  CONTENTS
 12 .scratch_y    00000000  20081000  20081000  0000a0f8  2**0
                  CONTENTS
 13 .stack_dummy  00000800  20081000  20081000  0000a100  2**5
                  CONTENTS, READONLY
 14 .flash_end    00000014  100078e4  100078e4  000098e4  2**2
                  CONTENTS, ALLOC, LOAD, READONLY, DATA
 15 .ARM.attributes 00000034  00000000  00000000  0000a900  2**0
                  CONTENTS, READONLY
 16 .comment      00000026  00000000  00000000  0000a934  2**0
                  CONTENTS, READONLY
 17 .debug_info   0002fb58  00000000  00000000  0000a95a  2**0
                  CONTENTS, READONLY, DEBUGGING, OCTETS
 18 .debug_abbrev 0000888a  00000000  00000000  0003a4b2  2**0
                  CONTENTS, READONLY, DEBUGGING, OCTETS
 19 .debug_loclists 0001911f  00000000  00000000  00042d3c  2**0
                  CONTENTS, READONLY, DEBUGGING, OCTETS
 20 .debug_aranges 00001218  00000000  00000000  0005be60  2**3
                  CONTENTS, READONLY, DEBUGGING, OCTETS
 21 .debug_rnglists 00003fe2  00000000  00000000  0005d078  2**0
                  CONTENTS, READONLY, DEBUGGING, OCTETS
 22 .debug_line   0001bbc0  00000000  00000000  0006105a  2**0
                  CONTENTS, READONLY, DEBUGGING, OCTETS
 23 .debug_str    00008dae  00000000  00000000  0007cc1a  2**0
                  CONTENTS, READONLY, DEBUGGING, OCTETS
 24 .debug_frame  00002da4  00000000  00000000  000859c8  2**2
                  CONTENTS, READONLY, DEBUGGING, OCTETS
 25 .debug_line_str 00000210  00000000  00000000  0008876c  2**0
                  CONTENTS, READONLY, DEBUGGING, OCTETS

/home/devel/rp2040-rp2350-freertos/build-2350/pico-lifting-sf/hello_usb.elf:     file format elf32-littlearm


Disassembly of section .text:

10000000 <__VECTOR_TABLE>:
10000000:	20082000 	.word	0x20082000
10000004:	1000015d 	.word	0x1000015d
10000008:	10000113 	.word	0x10000113
1000000c:	10000115 	.word	0x10000115
10000010:	10000111 	.word	0x10000111
10000014:	10000111 	.word	0x10000111
10000018:	10000111 	.word	0x10000111
1000001c:	10000111 	.word	0x10000111
10000020:	10000111 	.word	0x10000111
10000024:	10000111 	.word	0x10000111
10000028:	10000111 	.word	0x10000111
1000002c:	10000117 	.word	0x10000117
10000030:	10000111 	.word	0x10000111
10000034:	10000111 	.word	0x10000111
10000038:	10000119 	.word	0x10000119
1000003c:	1000011b 	.word	0x1000011b
10000040:	1000011d 	.word	0x1000011d
10000044:	1000011d 	.word	0x1000011d
10000048:	1000011d 	.word	0x1000011d
1000004c:	1000011d 	.word	0x1000011d
10000050:	1000011d 	.word	0x1000011d
10000054:	1000011d 	.word	0x1000011d
10000058:	1000011d 	.word	0x1000011d
1000005c:	1000011d 	.word	0x1000011d
10000060:	1000011d 	.word	0x1000011d
10000064:	1000011d 	.word	0x1000011d
10000068:	1000011d 	.word	0x1000011d
1000006c:	1000011d 	.word	0x1000011d
10000070:	1000011d 	.word	0x1000011d
10000074:	1000011d 	.word	0x1000011d
10000078:	1000011d 	.word	0x1000011d
1000007c:	1000011d 	.word	0x1000011d
10000080:	1000011d 	.word	0x1000011d
10000084:	1000011d 	.word	0x1000011d
10000088:	1000011d 	.word	0x1000011d
1000008c:	1000011d 	.word	0x1000011d
10000090:	1000011d 	.word	0x1000011d
10000094:	1000011d 	.word	0x1000011d
10000098:	1000011d 	.word	0x1000011d
1000009c:	1000011d 	.word	0x1000011d
100000a0:	1000011d 	.word	0x1000011d
100000a4:	1000011d 	.word	0x1000011d
100000a8:	1000011d 	.word	0x1000011d
100000ac:	1000011d 	.word	0x1000011d
100000b0:	1000011d 	.word	0x1000011d
100000b4:	1000011d 	.word	0x1000011d
100000b8:	1000011d 	.word	0x1000011d
100000bc:	1000011d 	.word	0x1000011d
100000c0:	1000011d 	.word	0x1000011d
100000c4:	1000011d 	.word	0x1000011d
100000c8:	1000011d 	.word	0x1000011d
100000cc:	1000011d 	.word	0x1000011d
100000d0:	1000011d 	.word	0x1000011d
100000d4:	1000011d 	.word	0x1000011d
100000d8:	1000011d 	.word	0x1000011d
100000dc:	1000011d 	.word	0x1000011d
100000e0:	1000011d 	.word	0x1000011d
100000e4:	1000011d 	.word	0x1000011d
100000e8:	1000011d 	.word	0x1000011d
100000ec:	1000011d 	.word	0x1000011d
100000f0:	1000011d 	.word	0x1000011d
100000f4:	1000011d 	.word	0x1000011d
100000f8:	1000011d 	.word	0x1000011d
100000fc:	1000011d 	.word	0x1000011d
10000100:	1000011d 	.word	0x1000011d
10000104:	1000011d 	.word	0x1000011d
10000108:	1000011d 	.word	0x1000011d
1000010c:	1000011d 	.word	0x1000011d

10000110 <isr_invalid>:
10000110:	be00      	bkpt	0x0000

10000112 <isr_nmi>:
10000112:	be00      	bkpt	0x0000

10000114 <isr_hardfault>:
10000114:	be00      	bkpt	0x0000

10000116 <isr_svcall>:
10000116:	be00      	bkpt	0x0000

10000118 <isr_pendsv>:
10000118:	be00      	bkpt	0x0000

1000011a <isr_systick>:
1000011a:	be00      	bkpt	0x0000

1000011c <__unhandled_user_irq>:
1000011c:	f3ef 8005 	mrs	r0, IPSR
10000120:	3810      	subs	r0, #16

10000122 <unhandled_user_irq_num_in_r0>:
10000122:	be00      	bkpt	0x0000

10000124 <binary_info_header>:
10000124:	7188ebf2 	.word	0x7188ebf2
10000128:	100067d0 	.word	0x100067d0
1000012c:	100067f0 	.word	0x100067f0
10000130:	100001a8 	.word	0x100001a8
10000134:	e71aa390 	.word	0xe71aa390

10000138 <__binary_info_header_end>:
10000138:	ffffded3 	.word	0xffffded3
1000013c:	10210142 	.word	0x10210142
10000140:	000001ff 	.word	0x000001ff
10000144:	000077ac 	.word	0x000077ac
10000148:	ab123579 	.word	0xab123579

1000014c <_entry_point>:
1000014c:	f04f 0000 	mov.w	r0, #0

10000150 <_enter_vtable_in_r0>:
10000150:	4920      	ldr	r1, [pc, #128]	@ (100001d4 <data_cpy_table+0x2c>)
10000152:	6008      	str	r0, [r1, #0]
10000154:	c806      	ldmia	r0!, {r1, r2}
10000156:	f381 8808 	msr	MSP, r1
1000015a:	4710      	bx	r2

1000015c <_reset_handler>:
1000015c:	f04f 4050 	mov.w	r0, #3489660928	@ 0xd0000000
10000160:	6800      	ldr	r0, [r0, #0]
10000162:	b110      	cbz	r0, 1000016a <hold_non_core0_in_bootrom+0x6>

10000164 <hold_non_core0_in_bootrom>:
10000164:	f04f 0000 	mov.w	r0, #0
10000168:	e7f2      	b.n	10000150 <_enter_vtable_in_r0>
1000016a:	a40f      	add	r4, pc, #60	@ (adr r4, 100001a8 <data_cpy_table>)
1000016c:	cc0e      	ldmia	r4!, {r1, r2, r3}
1000016e:	2900      	cmp	r1, #0
10000170:	d002      	beq.n	10000178 <hold_non_core0_in_bootrom+0x14>
10000172:	f000 f815 	bl	100001a0 <data_cpy>
10000176:	e7f9      	b.n	1000016c <hold_non_core0_in_bootrom+0x8>
10000178:	4917      	ldr	r1, [pc, #92]	@ (100001d8 <data_cpy_table+0x30>)
1000017a:	4a18      	ldr	r2, [pc, #96]	@ (100001dc <data_cpy_table+0x34>)
1000017c:	2000      	movs	r0, #0
1000017e:	e000      	b.n	10000182 <bss_fill_test>

10000180 <bss_fill_loop>:
10000180:	c101      	stmia	r1!, {r0}

10000182 <bss_fill_test>:
10000182:	4291      	cmp	r1, r2
10000184:	d1fc      	bne.n	10000180 <bss_fill_loop>

10000186 <platform_entry>:
10000186:	2000      	movs	r0, #0
10000188:	f380 880a 	msr	MSPLIM, r0
1000018c:	4914      	ldr	r1, [pc, #80]	@ (100001e0 <data_cpy_table+0x38>)
1000018e:	4788      	blx	r1
10000190:	4914      	ldr	r1, [pc, #80]	@ (100001e4 <data_cpy_table+0x3c>)
10000192:	4788      	blx	r1
10000194:	4914      	ldr	r1, [pc, #80]	@ (100001e8 <data_cpy_table+0x40>)
10000196:	4788      	blx	r1
10000198:	be00      	bkpt	0x0000
1000019a:	e7fd      	b.n	10000198 <platform_entry+0x12>

1000019c <data_cpy_loop>:
1000019c:	c901      	ldmia	r1!, {r0}
1000019e:	c201      	stmia	r2!, {r0}

100001a0 <data_cpy>:
100001a0:	429a      	cmp	r2, r3
100001a2:	d3fb      	bcc.n	1000019c <data_cpy_loop>
100001a4:	4770      	bx	lr
100001a6:	bf00      	nop

100001a8 <data_cpy_table>:
100001a8:	100067f0 	.word	0x100067f0
100001ac:	20000110 	.word	0x20000110
100001b0:	20001204 	.word	0x20001204
100001b4:	100078e4 	.word	0x100078e4
100001b8:	20080000 	.word	0x20080000
100001bc:	20080000 	.word	0x20080000
100001c0:	100078e4 	.word	0x100078e4
100001c4:	20081000 	.word	0x20081000
100001c8:	20081000 	.word	0x20081000
100001cc:	00000000 	.word	0x00000000
100001d0:	4770      	bx	lr
100001d2:	0000      	.short	0x0000
100001d4:	e000ed08 	.word	0xe000ed08
100001d8:	20001204 	.word	0x20001204
100001dc:	2000615c 	.word	0x2000615c
100001e0:	10003531 	.word	0x10003531
100001e4:	1000067d 	.word	0x1000067d
100001e8:	10003529 	.word	0x10003529

100001ec <_init>:
100001ec:	b5f8      	push	{r3, r4, r5, r6, r7, lr}
100001ee:	bf00      	nop

100001f0 <deregister_tm_clones>:
100001f0:	4803      	ldr	r0, [pc, #12]	@ (10000200 <deregister_tm_clones+0x10>)
100001f2:	4b04      	ldr	r3, [pc, #16]	@ (10000204 <deregister_tm_clones+0x14>)
100001f4:	4283      	cmp	r3, r0
100001f6:	d002      	beq.n	100001fe <deregister_tm_clones+0xe>
100001f8:	4b03      	ldr	r3, [pc, #12]	@ (10000208 <deregister_tm_clones+0x18>)
100001fa:	b103      	cbz	r3, 100001fe <deregister_tm_clones+0xe>
100001fc:	4718      	bx	r3
100001fe:	4770      	bx	lr
10000200:	20001204 	.word	0x20001204
10000204:	20001204 	.word	0x20001204
10000208:	00000000 	.word	0x00000000

1000020c <register_tm_clones>:
1000020c:	4b06      	ldr	r3, [pc, #24]	@ (10000228 <register_tm_clones+0x1c>)
1000020e:	4907      	ldr	r1, [pc, #28]	@ (1000022c <register_tm_clones+0x20>)
10000210:	1ac9      	subs	r1, r1, r3
10000212:	1089      	asrs	r1, r1, #2
10000214:	bf48      	it	mi
10000216:	3101      	addmi	r1, #1
10000218:	1049      	asrs	r1, r1, #1
1000021a:	d003      	beq.n	10000224 <register_tm_clones+0x18>
1000021c:	4b04      	ldr	r3, [pc, #16]	@ (10000230 <register_tm_clones+0x24>)
1000021e:	b10b      	cbz	r3, 10000224 <register_tm_clones+0x18>
10000220:	4801      	ldr	r0, [pc, #4]	@ (10000228 <register_tm_clones+0x1c>)
10000222:	4718      	bx	r3
10000224:	4770      	bx	lr
10000226:	bf00      	nop
10000228:	20001204 	.word	0x20001204
1000022c:	20001204 	.word	0x20001204
10000230:	00000000 	.word	0x00000000

10000234 <__do_global_dtors_aux>:
10000234:	b510      	push	{r4, lr}
10000236:	4c06      	ldr	r4, [pc, #24]	@ (10000250 <__do_global_dtors_aux+0x1c>)
10000238:	7823      	ldrb	r3, [r4, #0]
1000023a:	b943      	cbnz	r3, 1000024e <__do_global_dtors_aux+0x1a>
1000023c:	f7ff ffd8 	bl	100001f0 <deregister_tm_clones>
10000240:	4b04      	ldr	r3, [pc, #16]	@ (10000254 <__do_global_dtors_aux+0x20>)
10000242:	b113      	cbz	r3, 1000024a <__do_global_dtors_aux+0x16>
10000244:	4804      	ldr	r0, [pc, #16]	@ (10000258 <__do_global_dtors_aux+0x24>)
10000246:	f3af 8000 	nop.w
1000024a:	2301      	movs	r3, #1
1000024c:	7023      	strb	r3, [r4, #0]
1000024e:	bd10      	pop	{r4, pc}
10000250:	20001658 	.word	0x20001658
10000254:	00000000 	.word	0x00000000
10000258:	10006320 	.word	0x10006320

1000025c <frame_dummy>:
1000025c:	b508      	push	{r3, lr}
1000025e:	4b04      	ldr	r3, [pc, #16]	@ (10000270 <frame_dummy+0x14>)
10000260:	b11b      	cbz	r3, 1000026a <frame_dummy+0xe>
10000262:	4904      	ldr	r1, [pc, #16]	@ (10000274 <frame_dummy+0x18>)
10000264:	4804      	ldr	r0, [pc, #16]	@ (10000278 <frame_dummy+0x1c>)
10000266:	f3af 8000 	nop.w
1000026a:	e8bd 4008 	ldmia.w	sp!, {r3, lr}
1000026e:	e7cd      	b.n	1000020c <register_tm_clones>
10000270:	00000000 	.word	0x00000000
10000274:	2000165c 	.word	0x2000165c
10000278:	10006320 	.word	0x10006320

1000027c <singlelift>:
1000027c:	e92d 4ff0 	stmdb	sp!, {r4, r5, r6, r7, r8, r9, sl, fp, lr}
10000280:	4698      	mov	r8, r3
10000282:	1e0b      	subs	r3, r1, #0
10000284:	b083      	sub	sp, #12
10000286:	dd66      	ble.n	10000356 <singlelift+0xda>
10000288:	fb00 f903 	mul.w	r9, r0, r3
1000028c:	ea4f 0c63 	mov.w	ip, r3, asr #1
10000290:	eb09 79d9 	add.w	r9, r9, r9, lsr #31
10000294:	f1ac 0103 	sub.w	r1, ip, #3
10000298:	2801      	cmp	r0, #1
1000029a:	f029 0901 	bic.w	r9, r9, #1
1000029e:	ea4f 0540 	mov.w	r5, r0, lsl #1
100002a2:	b289      	uxth	r1, r1
100002a4:	d15a      	bne.n	1000035c <singlelift+0xe0>
100002a6:	fb01 5a05 	mla	sl, r1, r5, r5
100002aa:	f102 0710 	add.w	r7, r2, #16
100002ae:	f1aa 0a02 	sub.w	sl, sl, #2
100002b2:	eb07 0781 	add.w	r7, r7, r1, lsl #2
100002b6:	f102 0608 	add.w	r6, r2, #8
100002ba:	44c1      	add	r9, r8
100002bc:	eb08 0b43 	add.w	fp, r8, r3, lsl #1
100002c0:	f8cd c004 	str.w	ip, [sp, #4]
100002c4:	f936 cc06 	ldrsh.w	ip, [r6, #-6]
100002c8:	f936 4c02 	ldrsh.w	r4, [r6, #-2]
100002cc:	f836 2c08 	ldrh.w	r2, [r6, #-8]
100002d0:	f836 3c04 	ldrh.w	r3, [r6, #-4]
100002d4:	fa1f f18c 	uxth.w	r1, ip
100002d8:	44a4      	add	ip, r4
100002da:	1a52      	subs	r2, r2, r1
100002dc:	eba3 036c 	sub.w	r3, r3, ip, asr #1
100002e0:	b212      	sxth	r2, r2
100002e2:	b21b      	sxth	r3, r3
100002e4:	46c6      	mov	lr, r8
100002e6:	f828 2b02 	strh.w	r2, [r8], #2
100002ea:	441a      	add	r2, r3
100002ec:	3202      	adds	r2, #2
100002ee:	eb01 01a2 	add.w	r1, r1, r2, asr #2
100002f2:	9a01      	ldr	r2, [sp, #4]
100002f4:	46cc      	mov	ip, r9
100002f6:	2a02      	cmp	r2, #2
100002f8:	f829 1b02 	strh.w	r1, [r9], #2
100002fc:	dd20      	ble.n	10000340 <singlelift+0xc4>
100002fe:	1d31      	adds	r1, r6, #4
10000300:	f8cd 8000 	str.w	r8, [sp]
10000304:	4620      	mov	r0, r4
10000306:	461a      	mov	r2, r3
10000308:	f931 4c02 	ldrsh.w	r4, [r1, #-2]
1000030c:	f831 3c04 	ldrh.w	r3, [r1, #-4]
10000310:	eb04 0800 	add.w	r8, r4, r0
10000314:	eba3 0368 	sub.w	r3, r3, r8, asr #1
10000318:	44ae      	add	lr, r5
1000031a:	b21b      	sxth	r3, r3
1000031c:	f8ae 2000 	strh.w	r2, [lr]
10000320:	441a      	add	r2, r3
10000322:	3104      	adds	r1, #4
10000324:	3202      	adds	r2, #2
10000326:	44ac      	add	ip, r5
10000328:	eb00 00a2 	add.w	r0, r0, r2, asr #2
1000032c:	42b9      	cmp	r1, r7
1000032e:	f8ac 0000 	strh.w	r0, [ip]
10000332:	d1e7      	bne.n	10000304 <singlelift+0x88>
10000334:	f8dd 8000 	ldr.w	r8, [sp]
10000338:	eb0a 0c09 	add.w	ip, sl, r9
1000033c:	eb08 0e0a 	add.w	lr, r8, sl
10000340:	f82e 3005 	strh.w	r3, [lr, r5]
10000344:	3301      	adds	r3, #1
10000346:	eb04 04e3 	add.w	r4, r4, r3, asr #3
1000034a:	45d8      	cmp	r8, fp
1000034c:	f82c 4005 	strh.w	r4, [ip, r5]
10000350:	442e      	add	r6, r5
10000352:	442f      	add	r7, r5
10000354:	d1b6      	bne.n	100002c4 <singlelift+0x48>
10000356:	b003      	add	sp, #12
10000358:	e8bd 8ff0 	ldmia.w	sp!, {r4, r5, r6, r7, r8, r9, sl, fp, pc}
1000035c:	fb01 5005 	mla	r0, r1, r5, r5
10000360:	f1a0 0b02 	sub.w	fp, r0, #2
10000364:	eb08 0043 	add.w	r0, r8, r3, lsl #1
10000368:	f8cd c004 	str.w	ip, [sp, #4]
1000036c:	4684      	mov	ip, r0
1000036e:	f102 0a10 	add.w	sl, r2, #16
10000372:	eb0a 0a81 	add.w	sl, sl, r1, lsl #2
10000376:	f102 0e08 	add.w	lr, r2, #8
1000037a:	44c1      	add	r9, r8
1000037c:	f93e 6c06 	ldrsh.w	r6, [lr, #-6]
10000380:	f93e 4c02 	ldrsh.w	r4, [lr, #-2]
10000384:	f83e 2c08 	ldrh.w	r2, [lr, #-8]
10000388:	f83e 3c04 	ldrh.w	r3, [lr, #-4]
1000038c:	b2b1      	uxth	r1, r6
1000038e:	4426      	add	r6, r4
10000390:	eba3 0366 	sub.w	r3, r3, r6, asr #1
10000394:	1a52      	subs	r2, r2, r1
10000396:	b212      	sxth	r2, r2
10000398:	b21b      	sxth	r3, r3
1000039a:	4647      	mov	r7, r8
1000039c:	f828 2b02 	strh.w	r2, [r8], #2
100003a0:	441a      	add	r2, r3
100003a2:	3202      	adds	r2, #2
100003a4:	eb01 01a2 	add.w	r1, r1, r2, asr #2
100003a8:	9a01      	ldr	r2, [sp, #4]
100003aa:	464e      	mov	r6, r9
100003ac:	2a02      	cmp	r2, #2
100003ae:	f829 1b02 	strh.w	r1, [r9], #2
100003b2:	dd1f      	ble.n	100003f4 <singlelift+0x178>
100003b4:	f10e 0104 	add.w	r1, lr, #4
100003b8:	f8cd 8000 	str.w	r8, [sp]
100003bc:	4620      	mov	r0, r4
100003be:	461a      	mov	r2, r3
100003c0:	f931 4c02 	ldrsh.w	r4, [r1, #-2]
100003c4:	f831 3c04 	ldrh.w	r3, [r1, #-4]
100003c8:	eb00 0804 	add.w	r8, r0, r4
100003cc:	eba3 0368 	sub.w	r3, r3, r8, asr #1
100003d0:	442f      	add	r7, r5
100003d2:	b21b      	sxth	r3, r3
100003d4:	803a      	strh	r2, [r7, #0]
100003d6:	441a      	add	r2, r3
100003d8:	3104      	adds	r1, #4
100003da:	3202      	adds	r2, #2
100003dc:	442e      	add	r6, r5
100003de:	eb00 00a2 	add.w	r0, r0, r2, asr #2
100003e2:	4551      	cmp	r1, sl
100003e4:	8030      	strh	r0, [r6, #0]
100003e6:	d1e9      	bne.n	100003bc <singlelift+0x140>
100003e8:	f8dd 8000 	ldr.w	r8, [sp]
100003ec:	eb0b 0609 	add.w	r6, fp, r9
100003f0:	eb0b 0708 	add.w	r7, fp, r8
100003f4:	537b      	strh	r3, [r7, r5]
100003f6:	3301      	adds	r3, #1
100003f8:	eb04 04e3 	add.w	r4, r4, r3, asr #3
100003fc:	45e0      	cmp	r8, ip
100003fe:	5374      	strh	r4, [r6, r5]
10000400:	44ae      	add	lr, r5
10000402:	44aa      	add	sl, r5
10000404:	d1ba      	bne.n	1000037c <singlelift+0x100>
10000406:	b003      	add	sp, #12
10000408:	e8bd 8ff0 	ldmia.w	sp!, {r4, r5, r6, r7, r8, r9, sl, fp, pc}

1000040c <ilift>:
1000040c:	e92d 4ff0 	stmdb	sp!, {r4, r5, r6, r7, r8, r9, sl, fp, lr}
10000410:	1e0d      	subs	r5, r1, #0
10000412:	b085      	sub	sp, #20
10000414:	dd67      	ble.n	100004e6 <ilift+0xda>
10000416:	fb00 f905 	mul.w	r9, r0, r5
1000041a:	4698      	mov	r8, r3
1000041c:	eb09 79d9 	add.w	r9, r9, r9, lsr #31
10000420:	106b      	asrs	r3, r5, #1
10000422:	2801      	cmp	r0, #1
10000424:	f04f 0e00 	mov.w	lr, #0
10000428:	f029 0901 	bic.w	r9, r9, #1
1000042c:	ea4f 0440 	mov.w	r4, r0, lsl #1
10000430:	9301      	str	r3, [sp, #4]
10000432:	d15b      	bne.n	100004ec <ilift+0xe0>
10000434:	106b      	asrs	r3, r5, #1
10000436:	1ede      	subs	r6, r3, #3
10000438:	b2b6      	uxth	r6, r6
1000043a:	3601      	adds	r6, #1
1000043c:	fb06 9304 	mla	r3, r6, r4, r9
10000440:	f1a2 0a02 	sub.w	sl, r2, #2
10000444:	9303      	str	r3, [sp, #12]
10000446:	eb0a 0345 	add.w	r3, sl, r5, lsl #1
1000044a:	4491      	add	r9, r2
1000044c:	1911      	adds	r1, r2, r4
1000044e:	9302      	str	r3, [sp, #8]
10000450:	eb08 0686 	add.w	r6, r8, r6, lsl #2
10000454:	464f      	mov	r7, r9
10000456:	f93a 2f02 	ldrsh.w	r2, [sl, #2]!
1000045a:	468c      	mov	ip, r1
1000045c:	f931 5b02 	ldrsh.w	r5, [r1], #2
10000460:	f8b7 b000 	ldrh.w	fp, [r7]
10000464:	1953      	adds	r3, r2, r5
10000466:	3302      	adds	r3, #2
10000468:	ebab 03a3 	sub.w	r3, fp, r3, asr #2
1000046c:	fa12 f283 	uxtah	r2, r2, r3
10000470:	f8a8 2000 	strh.w	r2, [r8]
10000474:	9a01      	ldr	r2, [sp, #4]
10000476:	b21b      	sxth	r3, r3
10000478:	2a02      	cmp	r2, #2
1000047a:	4640      	mov	r0, r8
1000047c:	f109 0902 	add.w	r9, r9, #2
10000480:	f8a8 3002 	strh.w	r3, [r8, #2]
10000484:	dd20      	ble.n	100004c8 <ilift+0xbc>
10000486:	4620      	mov	r0, r4
10000488:	4642      	mov	r2, r8
1000048a:	f8cd a000 	str.w	sl, [sp]
1000048e:	46aa      	mov	sl, r5
10000490:	469e      	mov	lr, r3
10000492:	f93c 5000 	ldrsh.w	r5, [ip, r0]
10000496:	5a3b      	ldrh	r3, [r7, r0]
10000498:	eb0a 0b05 	add.w	fp, sl, r5
1000049c:	f10b 0b02 	add.w	fp, fp, #2
100004a0:	eba3 03ab 	sub.w	r3, r3, fp, asr #2
100004a4:	b21b      	sxth	r3, r3
100004a6:	3204      	adds	r2, #4
100004a8:	eb03 0b0e 	add.w	fp, r3, lr
100004ac:	eb0a 0a6b 	add.w	sl, sl, fp, asr #1
100004b0:	42b2      	cmp	r2, r6
100004b2:	4420      	add	r0, r4
100004b4:	f8a2 a000 	strh.w	sl, [r2]
100004b8:	8053      	strh	r3, [r2, #2]
100004ba:	d1e8      	bne.n	1000048e <ilift+0x82>
100004bc:	4630      	mov	r0, r6
100004be:	f8dd a000 	ldr.w	sl, [sp]
100004c2:	9b03      	ldr	r3, [sp, #12]
100004c4:	eb0a 0703 	add.w	r7, sl, r3
100004c8:	5b3b      	ldrh	r3, [r7, r4]
100004ca:	1c6a      	adds	r2, r5, #1
100004cc:	eba3 03e2 	sub.w	r3, r3, r2, asr #3
100004d0:	b21b      	sxth	r3, r3
100004d2:	80c3      	strh	r3, [r0, #6]
100004d4:	4473      	add	r3, lr
100004d6:	eb05 0563 	add.w	r5, r5, r3, asr #1
100004da:	9b02      	ldr	r3, [sp, #8]
100004dc:	44a0      	add	r8, r4
100004de:	459a      	cmp	sl, r3
100004e0:	4426      	add	r6, r4
100004e2:	8085      	strh	r5, [r0, #4]
100004e4:	d1b6      	bne.n	10000454 <ilift+0x48>
100004e6:	b005      	add	sp, #20
100004e8:	e8bd 8ff0 	ldmia.w	sp!, {r4, r5, r6, r7, r8, r9, sl, fp, pc}
100004ec:	1edf      	subs	r7, r3, #3
100004ee:	b2bf      	uxth	r7, r7
100004f0:	3701      	adds	r7, #1
100004f2:	fb07 9304 	mla	r3, r7, r4, r9
100004f6:	f1a2 0a02 	sub.w	sl, r2, #2
100004fa:	9303      	str	r3, [sp, #12]
100004fc:	eb0a 0345 	add.w	r3, sl, r5, lsl #1
10000500:	4491      	add	r9, r2
10000502:	1911      	adds	r1, r2, r4
10000504:	9302      	str	r3, [sp, #8]
10000506:	eb08 0787 	add.w	r7, r8, r7, lsl #2
1000050a:	464e      	mov	r6, r9
1000050c:	f93a 2f02 	ldrsh.w	r2, [sl, #2]!
10000510:	468c      	mov	ip, r1
10000512:	f931 5b02 	ldrsh.w	r5, [r1], #2
10000516:	f8b6 b000 	ldrh.w	fp, [r6]
1000051a:	1953      	adds	r3, r2, r5
1000051c:	3302      	adds	r3, #2
1000051e:	ebab 03a3 	sub.w	r3, fp, r3, asr #2
10000522:	fa12 f283 	uxtah	r2, r2, r3
10000526:	f8a8 2000 	strh.w	r2, [r8]
1000052a:	9a01      	ldr	r2, [sp, #4]
1000052c:	b21b      	sxth	r3, r3
1000052e:	2a02      	cmp	r2, #2
10000530:	4640      	mov	r0, r8
10000532:	f109 0902 	add.w	r9, r9, #2
10000536:	f8a8 3002 	strh.w	r3, [r8, #2]
1000053a:	dd20      	ble.n	1000057e <ilift+0x172>
1000053c:	4620      	mov	r0, r4
1000053e:	4642      	mov	r2, r8
10000540:	f8cd a000 	str.w	sl, [sp]
10000544:	46aa      	mov	sl, r5
10000546:	469e      	mov	lr, r3
10000548:	f93c 5000 	ldrsh.w	r5, [ip, r0]
1000054c:	5a33      	ldrh	r3, [r6, r0]
1000054e:	eb0a 0b05 	add.w	fp, sl, r5
10000552:	f10b 0b02 	add.w	fp, fp, #2
10000556:	eba3 03ab 	sub.w	r3, r3, fp, asr #2
1000055a:	b21b      	sxth	r3, r3
1000055c:	3204      	adds	r2, #4
1000055e:	eb03 0b0e 	add.w	fp, r3, lr
10000562:	eb0a 0a6b 	add.w	sl, sl, fp, asr #1
10000566:	42ba      	cmp	r2, r7
10000568:	4420      	add	r0, r4
1000056a:	f8a2 a000 	strh.w	sl, [r2]
1000056e:	8053      	strh	r3, [r2, #2]
10000570:	d1e8      	bne.n	10000544 <ilift+0x138>
10000572:	4638      	mov	r0, r7
10000574:	f8dd a000 	ldr.w	sl, [sp]
10000578:	9b03      	ldr	r3, [sp, #12]
1000057a:	eb0a 0603 	add.w	r6, sl, r3
1000057e:	5b33      	ldrh	r3, [r6, r4]
10000580:	1c6a      	adds	r2, r5, #1
10000582:	eba3 03e2 	sub.w	r3, r3, r2, asr #3
10000586:	b21b      	sxth	r3, r3
10000588:	80c3      	strh	r3, [r0, #6]
1000058a:	4473      	add	r3, lr
1000058c:	eb05 0563 	add.w	r5, r5, r3, asr #1
10000590:	9b02      	ldr	r3, [sp, #8]
10000592:	44a0      	add	r8, r4
10000594:	459a      	cmp	sl, r3
10000596:	4427      	add	r7, r4
10000598:	8085      	strh	r5, [r0, #4]
1000059a:	d1b6      	bne.n	1000050a <ilift+0xfe>
1000059c:	b005      	add	sp, #20
1000059e:	e8bd 8ff0 	ldmia.w	sp!, {r4, r5, r6, r7, r8, r9, sl, fp, pc}
100005a2:	bf00      	nop

100005a4 <lifting>:
100005a4:	e92d 4ff0 	stmdb	sp!, {r4, r5, r6, r7, r8, r9, sl, fp, lr}
100005a8:	2700      	movs	r7, #0
100005aa:	4604      	mov	r4, r0
100005ac:	468a      	mov	sl, r1
100005ae:	4691      	mov	r9, r2
100005b0:	4683      	mov	fp, r0
100005b2:	460e      	mov	r6, r1
100005b4:	4615      	mov	r5, r2
100005b6:	b085      	sub	sp, #20
100005b8:	f10d 0806 	add.w	r8, sp, #6
100005bc:	9301      	str	r3, [sp, #4]
100005be:	462b      	mov	r3, r5
100005c0:	4632      	mov	r2, r6
100005c2:	4659      	mov	r1, fp
100005c4:	4620      	mov	r0, r4
100005c6:	f7ff fe59 	bl	1000027c <singlelift>
100005ca:	4633      	mov	r3, r6
100005cc:	462a      	mov	r2, r5
100005ce:	4659      	mov	r1, fp
100005d0:	4620      	mov	r0, r4
100005d2:	f7ff fe53 	bl	1000027c <singlelift>
100005d6:	fb0b f204 	mul.w	r2, fp, r4
100005da:	eb0b 73db 	add.w	r3, fp, fp, lsr #31
100005de:	eb02 72d2 	add.w	r2, r2, r2, lsr #31
100005e2:	105b      	asrs	r3, r3, #1
100005e4:	eb03 0362 	add.w	r3, r3, r2, asr #1
100005e8:	b21a      	sxth	r2, r3
100005ea:	eb06 0642 	add.w	r6, r6, r2, lsl #1
100005ee:	b29b      	uxth	r3, r3
100005f0:	eb05 0542 	add.w	r5, r5, r2, lsl #1
100005f4:	b3cf      	cbz	r7, 1000066a <lifting+0xc6>
100005f6:	f8b8 2000 	ldrh.w	r2, [r8]
100005fa:	3701      	adds	r7, #1
100005fc:	4413      	add	r3, r2
100005fe:	2f04      	cmp	r7, #4
10000600:	f828 3f02 	strh.w	r3, [r8, #2]!
10000604:	ea4f 0b6b 	mov.w	fp, fp, asr #1
10000608:	d1d9      	bne.n	100005be <lifting+0x1a>
1000060a:	9b01      	ldr	r3, [sp, #4]
1000060c:	f9b3 3000 	ldrsh.w	r3, [r3]
10000610:	bb8b      	cbnz	r3, 10000676 <lifting+0xd2>
10000612:	ea4f 014b 	mov.w	r1, fp, lsl #1
10000616:	b20d      	sxth	r5, r1
10000618:	f10d 0808 	add.w	r8, sp, #8
1000061c:	f10d 070e 	add.w	r7, sp, #14
10000620:	f937 6d02 	ldrsh.w	r6, [r7, #-2]!
10000624:	4629      	mov	r1, r5
10000626:	eb0a 0b46 	add.w	fp, sl, r6, lsl #1
1000062a:	eb09 0646 	add.w	r6, r9, r6, lsl #1
1000062e:	4633      	mov	r3, r6
10000630:	465a      	mov	r2, fp
10000632:	4620      	mov	r0, r4
10000634:	f7ff feea 	bl	1000040c <ilift>
10000638:	4629      	mov	r1, r5
1000063a:	465b      	mov	r3, fp
1000063c:	4632      	mov	r2, r6
1000063e:	4620      	mov	r0, r4
10000640:	f7ff fee4 	bl	1000040c <ilift>
10000644:	006d      	lsls	r5, r5, #1
10000646:	45b8      	cmp	r8, r7
10000648:	b22d      	sxth	r5, r5
1000064a:	d1e9      	bne.n	10000620 <lifting+0x7c>
1000064c:	464b      	mov	r3, r9
1000064e:	4652      	mov	r2, sl
10000650:	4629      	mov	r1, r5
10000652:	4620      	mov	r0, r4
10000654:	f7ff feda 	bl	1000040c <ilift>
10000658:	4653      	mov	r3, sl
1000065a:	464a      	mov	r2, r9
1000065c:	4629      	mov	r1, r5
1000065e:	4620      	mov	r0, r4
10000660:	b005      	add	sp, #20
10000662:	e8bd 4ff0 	ldmia.w	sp!, {r4, r5, r6, r7, r8, r9, sl, fp, lr}
10000666:	f7ff bed1 	b.w	1000040c <ilift>
1000066a:	2701      	movs	r7, #1
1000066c:	f828 2f02 	strh.w	r2, [r8, #2]!
10000670:	fa4b fb07 	asr.w	fp, fp, r7
10000674:	e7a3      	b.n	100005be <lifting+0x1a>
10000676:	b005      	add	sp, #20
10000678:	e8bd 8ff0 	ldmia.w	sp!, {r4, r5, r6, r7, r8, r9, sl, fp, pc}

1000067c <main>:
1000067c:	e92d 4ff0 	stmdb	sp!, {r4, r5, r6, r7, r8, r9, sl, fp, lr}
10000680:	b085      	sub	sp, #20
10000682:	f003 f883 	bl	1000378c <stdio_init_all>
10000686:	f04f 1340 	mov.w	r3, #4194368	@ 0x400040
1000068a:	498a      	ldr	r1, [pc, #552]	@ (100008b4 <main+0x238>)
1000068c:	f8df a264 	ldr.w	sl, [pc, #612]	@ 100008f4 <main+0x278>
10000690:	f501 4480 	add.w	r4, r1, #16384	@ 0x4000
10000694:	f501 5200 	add.w	r2, r1, #8192	@ 0x2000
10000698:	e9c4 1200 	strd	r1, r2, [r4]
1000069c:	f44f 60fa 	mov.w	r0, #2000	@ 0x7d0
100006a0:	f10a 0280 	add.w	r2, sl, #128	@ 0x80
100006a4:	f8c4 300a 	str.w	r3, [r4, #10]
100006a8:	62a2      	str	r2, [r4, #40]	@ 0x28
100006aa:	e9c4 aa07 	strd	sl, sl, [r4, #28]
100006ae:	f8c4 a024 	str.w	sl, [r4, #36]	@ 0x24
100006b2:	f000 ffc7 	bl	10001644 <sleep_ms>
100006b6:	4880      	ldr	r0, [pc, #512]	@ (100008b8 <main+0x23c>)
100006b8:	f003 f8e4 	bl	10003884 <__wrap_puts>
100006bc:	6862      	ldr	r2, [r4, #4]
100006be:	f5a4 4180 	sub.w	r1, r4, #16384	@ 0x4000
100006c2:	487e      	ldr	r0, [pc, #504]	@ (100008bc <main+0x240>)
100006c4:	f003 f960 	bl	10003988 <__wrap_printf>
100006c8:	e9d4 2309 	ldrd	r2, r3, [r4, #36]	@ 0x24
100006cc:	9200      	str	r2, [sp, #0]
100006ce:	e9d4 1207 	ldrd	r1, r2, [r4, #28]
100006d2:	487b      	ldr	r0, [pc, #492]	@ (100008c0 <main+0x244>)
100006d4:	f003 f958 	bl	10003988 <__wrap_printf>
100006d8:	2301      	movs	r3, #1
100006da:	2200      	movs	r2, #0
100006dc:	f104 0114 	add.w	r1, r4, #20
100006e0:	4878      	ldr	r0, [pc, #480]	@ (100008c4 <main+0x248>)
100006e2:	6121      	str	r1, [r4, #16]
100006e4:	82a3      	strh	r3, [r4, #20]
100006e6:	b2d1      	uxtb	r1, r2
100006e8:	07d7      	lsls	r7, r2, #31
100006ea:	bf48      	it	mi
100006ec:	f081 0191 	eormi.w	r1, r1, #145	@ 0x91
100006f0:	084b      	lsrs	r3, r1, #1
100006f2:	078e      	lsls	r6, r1, #30
100006f4:	bf44      	itt	mi
100006f6:	f083 0391 	eormi.w	r3, r3, #145	@ 0x91
100006fa:	b2db      	uxtbmi	r3, r3
100006fc:	0859      	lsrs	r1, r3, #1
100006fe:	079d      	lsls	r5, r3, #30
10000700:	bf44      	itt	mi
10000702:	f081 0191 	eormi.w	r1, r1, #145	@ 0x91
10000706:	b2c9      	uxtbmi	r1, r1
10000708:	084b      	lsrs	r3, r1, #1
1000070a:	0789      	lsls	r1, r1, #30
1000070c:	bf44      	itt	mi
1000070e:	f083 0391 	eormi.w	r3, r3, #145	@ 0x91
10000712:	b2db      	uxtbmi	r3, r3
10000714:	0859      	lsrs	r1, r3, #1
10000716:	079f      	lsls	r7, r3, #30
10000718:	bf44      	itt	mi
1000071a:	f081 0191 	eormi.w	r1, r1, #145	@ 0x91
1000071e:	b2c9      	uxtbmi	r1, r1
10000720:	084b      	lsrs	r3, r1, #1
10000722:	078e      	lsls	r6, r1, #30
10000724:	bf44      	itt	mi
10000726:	f083 0391 	eormi.w	r3, r3, #145	@ 0x91
1000072a:	b2db      	uxtbmi	r3, r3
1000072c:	0859      	lsrs	r1, r3, #1
1000072e:	079d      	lsls	r5, r3, #30
10000730:	bf44      	itt	mi
10000732:	f081 0191 	eormi.w	r1, r1, #145	@ 0x91
10000736:	b2c9      	uxtbmi	r1, r1
10000738:	084b      	lsrs	r3, r1, #1
1000073a:	0789      	lsls	r1, r1, #30
1000073c:	bf44      	itt	mi
1000073e:	f083 0391 	eormi.w	r3, r3, #145	@ 0x91
10000742:	b2db      	uxtbmi	r3, r3
10000744:	3201      	adds	r2, #1
10000746:	085b      	lsrs	r3, r3, #1
10000748:	f5b2 7f80 	cmp.w	r2, #256	@ 0x100
1000074c:	f800 3f01 	strb.w	r3, [r0, #1]!
10000750:	d1c9      	bne.n	100006e6 <main+0x6a>
10000752:	f8df 91a4 	ldr.w	r9, [pc, #420]	@ 100008f8 <main+0x27c>
10000756:	4d5c      	ldr	r5, [pc, #368]	@ (100008c8 <main+0x24c>)
10000758:	e9d4 2300 	ldrd	r2, r3, [r4]
1000075c:	429a      	cmp	r2, r3
1000075e:	d25e      	bcs.n	1000081e <main+0x1a2>
10000760:	2740      	movs	r7, #64	@ 0x40
10000762:	f003 f815 	bl	10003790 <__wrap_getchar>
10000766:	69e3      	ldr	r3, [r4, #28]
10000768:	7018      	strb	r0, [r3, #0]
1000076a:	69e3      	ldr	r3, [r4, #28]
1000076c:	6aa2      	ldr	r2, [r4, #40]	@ 0x28
1000076e:	6a60      	ldr	r0, [r4, #36]	@ 0x24
10000770:	4293      	cmp	r3, r2
10000772:	f103 0101 	add.w	r1, r3, #1
10000776:	d07c      	beq.n	10000872 <main+0x1f6>
10000778:	3f01      	subs	r7, #1
1000077a:	61e1      	str	r1, [r4, #28]
1000077c:	d1f1      	bne.n	10000762 <main+0xe6>
1000077e:	4f53      	ldr	r7, [pc, #332]	@ (100008cc <main+0x250>)
10000780:	2100      	movs	r1, #0
10000782:	463a      	mov	r2, r7
10000784:	f812 3f01 	ldrb.w	r3, [r2, #1]!
10000788:	4059      	eors	r1, r3
1000078a:	4b51      	ldr	r3, [pc, #324]	@ (100008d0 <main+0x254>)
1000078c:	f819 1001 	ldrb.w	r1, [r9, r1]
10000790:	4293      	cmp	r3, r2
10000792:	d1f7      	bne.n	10000784 <main+0x108>
10000794:	484f      	ldr	r0, [pc, #316]	@ (100008d4 <main+0x258>)
10000796:	f003 f8f7 	bl	10003988 <__wrap_printf>
1000079a:	f8df b160 	ldr.w	fp, [pc, #352]	@ 100008fc <main+0x280>
1000079e:	f10a 081f 	add.w	r8, sl, #31
100007a2:	f817 1f01 	ldrb.w	r1, [r7, #1]!
100007a6:	4658      	mov	r0, fp
100007a8:	f003 f8ee 	bl	10003988 <__wrap_printf>
100007ac:	4547      	cmp	r7, r8
100007ae:	d1f8      	bne.n	100007a2 <main+0x126>
100007b0:	200a      	movs	r0, #10
100007b2:	f003 f825 	bl	10003800 <__wrap_putchar>
100007b6:	4f48      	ldr	r7, [pc, #288]	@ (100008d8 <main+0x25c>)
100007b8:	f8df 8140 	ldr.w	r8, [pc, #320]	@ 100008fc <main+0x280>
100007bc:	f817 1f01 	ldrb.w	r1, [r7, #1]!
100007c0:	4640      	mov	r0, r8
100007c2:	f003 f8e1 	bl	10003988 <__wrap_printf>
100007c6:	4b42      	ldr	r3, [pc, #264]	@ (100008d0 <main+0x254>)
100007c8:	429f      	cmp	r7, r3
100007ca:	d1f7      	bne.n	100007bc <main+0x140>
100007cc:	200a      	movs	r0, #10
100007ce:	f003 f817 	bl	10003800 <__wrap_putchar>
100007d2:	e9d4 c709 	ldrd	ip, r7, [r4, #36]	@ 0x24
100007d6:	6822      	ldr	r2, [r4, #0]
100007d8:	6a23      	ldr	r3, [r4, #32]
100007da:	f102 0080 	add.w	r0, r2, #128	@ 0x80
100007de:	7819      	ldrb	r1, [r3, #0]
100007e0:	429f      	cmp	r7, r3
100007e2:	f822 1b02 	strh.w	r1, [r2], #2
100007e6:	6022      	str	r2, [r4, #0]
100007e8:	f103 0301 	add.w	r3, r3, #1
100007ec:	d03b      	beq.n	10000866 <main+0x1ea>
100007ee:	4290      	cmp	r0, r2
100007f0:	6223      	str	r3, [r4, #32]
100007f2:	d1f4      	bne.n	100007de <main+0x162>
100007f4:	f002 ffcc 	bl	10003790 <__wrap_getchar>
100007f8:	4601      	mov	r1, r0
100007fa:	4838      	ldr	r0, [pc, #224]	@ (100008dc <main+0x260>)
100007fc:	b2c9      	uxtb	r1, r1
100007fe:	f003 f8c3 	bl	10003988 <__wrap_printf>
10000802:	e9d4 2309 	ldrd	r2, r3, [r4, #36]	@ 0x24
10000806:	6821      	ldr	r1, [r4, #0]
10000808:	4835      	ldr	r0, [pc, #212]	@ (100008e0 <main+0x264>)
1000080a:	e9cd 2100 	strd	r2, r1, [sp]
1000080e:	e9d4 1207 	ldrd	r1, r2, [r4, #28]
10000812:	f003 f8b9 	bl	10003988 <__wrap_printf>
10000816:	e9d4 2300 	ldrd	r2, r3, [r4]
1000081a:	429a      	cmp	r2, r3
1000081c:	d3a0      	bcc.n	10000760 <main+0xe4>
1000081e:	4b31      	ldr	r3, [pc, #196]	@ (100008e4 <main+0x268>)
10000820:	4831      	ldr	r0, [pc, #196]	@ (100008e8 <main+0x26c>)
10000822:	f9b3 1ffe 	ldrsh.w	r1, [r3, #4094]	@ 0xffe
10000826:	f5a3 5380 	sub.w	r3, r3, #4096	@ 0x1000
1000082a:	3900      	subs	r1, #0
1000082c:	bf18      	it	ne
1000082e:	2101      	movne	r1, #1
10000830:	6023      	str	r3, [r4, #0]
10000832:	f003 f8a9 	bl	10003988 <__wrap_printf>
10000836:	482d      	ldr	r0, [pc, #180]	@ (100008ec <main+0x270>)
10000838:	f003 f824 	bl	10003884 <__wrap_puts>
1000083c:	f002 ffa8 	bl	10003790 <__wrap_getchar>
10000840:	4607      	mov	r7, r0
10000842:	6821      	ldr	r1, [r4, #0]
10000844:	4e2a      	ldr	r6, [pc, #168]	@ (100008f0 <main+0x274>)
10000846:	6923      	ldr	r3, [r4, #16]
10000848:	6862      	ldr	r2, [r4, #4]
1000084a:	f9b4 000a 	ldrsh.w	r0, [r4, #10]
1000084e:	9103      	str	r1, [sp, #12]
10000850:	7037      	strb	r7, [r6, #0]
10000852:	f7ff fea7 	bl	100005a4 <lifting>
10000856:	7833      	ldrb	r3, [r6, #0]
10000858:	9903      	ldr	r1, [sp, #12]
1000085a:	2b31      	cmp	r3, #49	@ 0x31
1000085c:	d00e      	beq.n	1000087c <main+0x200>
1000085e:	2032      	movs	r0, #50	@ 0x32
10000860:	f000 fef0 	bl	10001644 <sleep_ms>
10000864:	e778      	b.n	10000758 <main+0xdc>
10000866:	4290      	cmp	r0, r2
10000868:	f8c4 c020 	str.w	ip, [r4, #32]
1000086c:	d0c2      	beq.n	100007f4 <main+0x178>
1000086e:	4663      	mov	r3, ip
10000870:	e7b5      	b.n	100007de <main+0x162>
10000872:	3f01      	subs	r7, #1
10000874:	61e0      	str	r0, [r4, #28]
10000876:	f47f af74 	bne.w	10000762 <main+0xe6>
1000087a:	e780      	b.n	1000077e <main+0x102>
1000087c:	f04f 0880 	mov.w	r8, #128	@ 0x80
10000880:	f04f 0b00 	mov.w	fp, #0
10000884:	ea4f 074b 	mov.w	r7, fp, lsl #1
10000888:	e000      	b.n	1000088c <main+0x210>
1000088a:	6821      	ldr	r1, [r4, #0]
1000088c:	5fc9      	ldrsh	r1, [r1, r7]
1000088e:	4628      	mov	r0, r5
10000890:	3702      	adds	r7, #2
10000892:	f003 f879 	bl	10003988 <__wrap_printf>
10000896:	45b8      	cmp	r8, r7
10000898:	d1f7      	bne.n	1000088a <main+0x20e>
1000089a:	200a      	movs	r0, #10
1000089c:	f10b 0b40 	add.w	fp, fp, #64	@ 0x40
100008a0:	f002 ffae 	bl	10003800 <__wrap_putchar>
100008a4:	f5bb 5f80 	cmp.w	fp, #4096	@ 0x1000
100008a8:	f108 0880 	add.w	r8, r8, #128	@ 0x80
100008ac:	d0d7      	beq.n	1000085e <main+0x1e2>
100008ae:	6821      	ldr	r1, [r4, #0]
100008b0:	e7e8      	b.n	10000884 <main+0x208>
100008b2:	bf00      	nop
100008b4:	20002080 	.word	0x20002080
100008b8:	10006328 	.word	0x10006328
100008bc:	1000633c 	.word	0x1000633c
100008c0:	10006368 	.word	0x10006368
100008c4:	20001673 	.word	0x20001673
100008c8:	100063ec 	.word	0x100063ec
100008cc:	200060bf 	.word	0x200060bf
100008d0:	200060ff 	.word	0x200060ff
100008d4:	10006320 	.word	0x10006320
100008d8:	200060df 	.word	0x200060df
100008dc:	10006394 	.word	0x10006394
100008e0:	100063a4 	.word	0x100063a4
100008e4:	20003080 	.word	0x20003080
100008e8:	100063c0 	.word	0x100063c0
100008ec:	100063cc 	.word	0x100063cc
100008f0:	20006158 	.word	0x20006158
100008f4:	200060c0 	.word	0x200060c0
100008f8:	20001674 	.word	0x20001674
100008fc:	10006390 	.word	0x10006390

10000900 <panic>:
10000900:	b40f      	push	{r0, r1, r2, r3}
10000902:	b500      	push	{lr}
10000904:	b083      	sub	sp, #12
10000906:	9c04      	ldr	r4, [sp, #16]
10000908:	4807      	ldr	r0, [pc, #28]	@ (10000928 <panic+0x28>)
1000090a:	f002 ffbb 	bl	10003884 <__wrap_puts>
1000090e:	b13c      	cbz	r4, 10000920 <panic+0x20>
10000910:	a905      	add	r1, sp, #20
10000912:	4620      	mov	r0, r4
10000914:	9101      	str	r1, [sp, #4]
10000916:	f002 fded 	bl	100034f4 <weak_raw_vprintf>
1000091a:	4804      	ldr	r0, [pc, #16]	@ (1000092c <panic+0x2c>)
1000091c:	f002 ffb2 	bl	10003884 <__wrap_puts>
10000920:	2001      	movs	r0, #1
10000922:	f002 fdff 	bl	10003524 <_exit>
10000926:	bf00      	nop
10000928:	100063f0 	.word	0x100063f0
1000092c:	10006324 	.word	0x10006324

10000930 <hw_claim_or_assert>:
10000930:	b570      	push	{r4, r5, r6, lr}
10000932:	4686      	mov	lr, r0
10000934:	f3ef 8510 	mrs	r5, PRIMASK
10000938:	b672      	cpsid	i
1000093a:	4c12      	ldr	r4, [pc, #72]	@ (10000984 <hw_claim_or_assert+0x54>)
1000093c:	e8d4 6fcf 	ldaexb	r6, [r4]
10000940:	2001      	movs	r0, #1
10000942:	2e00      	cmp	r6, #0
10000944:	d1fa      	bne.n	1000093c <hw_claim_or_assert+0xc>
10000946:	e8c4 0f46 	strexb	r6, r0, [r4]
1000094a:	2e00      	cmp	r6, #0
1000094c:	d1f6      	bne.n	1000093c <hw_claim_or_assert+0xc>
1000094e:	f3bf 8f5f 	dmb	sy
10000952:	f04f 0c01 	mov.w	ip, #1
10000956:	08c8      	lsrs	r0, r1, #3
10000958:	f001 0307 	and.w	r3, r1, #7
1000095c:	fa0c f303 	lsl.w	r3, ip, r3
10000960:	f81e c000 	ldrb.w	ip, [lr, r0]
10000964:	ea1c 0603 	ands.w	r6, ip, r3
10000968:	d108      	bne.n	1000097c <hw_claim_or_assert+0x4c>
1000096a:	ea4c 0c03 	orr.w	ip, ip, r3
1000096e:	f80e c000 	strb.w	ip, [lr, r0]
10000972:	e8c4 6f8f 	stlb	r6, [r4]
10000976:	f385 8810 	msr	PRIMASK, r5
1000097a:	bd70      	pop	{r4, r5, r6, pc}
1000097c:	4610      	mov	r0, r2
1000097e:	f7ff ffbf 	bl	10000900 <panic>
10000982:	bf00      	nop
10000984:	2000179b 	.word	0x2000179b

10000988 <hw_claim_unused_from_range>:
10000988:	b5f8      	push	{r3, r4, r5, r6, r7, lr}
1000098a:	f3ef 8510 	mrs	r5, PRIMASK
1000098e:	b672      	cpsid	i
10000990:	4c23      	ldr	r4, [pc, #140]	@ (10000a20 <hw_claim_unused_from_range+0x98>)
10000992:	e8d4 7fcf 	ldaexb	r7, [r4]
10000996:	2601      	movs	r6, #1
10000998:	2f00      	cmp	r7, #0
1000099a:	d1fa      	bne.n	10000992 <hw_claim_unused_from_range+0xa>
1000099c:	e8c4 6f47 	strexb	r7, r6, [r4]
100009a0:	2f00      	cmp	r7, #0
100009a2:	d1f6      	bne.n	10000992 <hw_claim_unused_from_range+0xa>
100009a4:	f3bf 8f5f 	dmb	sy
100009a8:	429a      	cmp	r2, r3
100009aa:	d827      	bhi.n	100009fc <hw_claim_unused_from_range+0x74>
100009ac:	2601      	movs	r6, #1
100009ae:	08d7      	lsrs	r7, r2, #3
100009b0:	f810 e007 	ldrb.w	lr, [r0, r7]
100009b4:	f002 0c07 	and.w	ip, r2, #7
100009b8:	fa06 fc0c 	lsl.w	ip, r6, ip
100009bc:	ea1e 0f0c 	tst.w	lr, ip
100009c0:	eb00 07d2 	add.w	r7, r0, r2, lsr #3
100009c4:	d10d      	bne.n	100009e2 <hw_claim_unused_from_range+0x5a>
100009c6:	e025      	b.n	10000a14 <hw_claim_unused_from_range+0x8c>
100009c8:	ea4f 0ed2 	mov.w	lr, r2, lsr #3
100009cc:	f810 e00e 	ldrb.w	lr, [r0, lr]
100009d0:	f002 0c07 	and.w	ip, r2, #7
100009d4:	fa06 fc0c 	lsl.w	ip, r6, ip
100009d8:	ea1e 0f0c 	tst.w	lr, ip
100009dc:	eb00 07d2 	add.w	r7, r0, r2, lsr #3
100009e0:	d018      	beq.n	10000a14 <hw_claim_unused_from_range+0x8c>
100009e2:	3201      	adds	r2, #1
100009e4:	4293      	cmp	r3, r2
100009e6:	d2ef      	bcs.n	100009c8 <hw_claim_unused_from_range+0x40>
100009e8:	f04f 30ff 	mov.w	r0, #4294967295	@ 0xffffffff
100009ec:	2300      	movs	r3, #0
100009ee:	e8c4 3f8f 	stlb	r3, [r4]
100009f2:	f385 8810 	msr	PRIMASK, r5
100009f6:	4298      	cmp	r0, r3
100009f8:	db07      	blt.n	10000a0a <hw_claim_unused_from_range+0x82>
100009fa:	bdf8      	pop	{r3, r4, r5, r6, r7, pc}
100009fc:	2300      	movs	r3, #0
100009fe:	e8c4 3f8f 	stlb	r3, [r4]
10000a02:	f385 8810 	msr	PRIMASK, r5
10000a06:	f04f 30ff 	mov.w	r0, #4294967295	@ 0xffffffff
10000a0a:	2900      	cmp	r1, #0
10000a0c:	d0f5      	beq.n	100009fa <hw_claim_unused_from_range+0x72>
10000a0e:	9806      	ldr	r0, [sp, #24]
10000a10:	f7ff ff76 	bl	10000900 <panic>
10000a14:	ea4e 0e0c 	orr.w	lr, lr, ip
10000a18:	4610      	mov	r0, r2
10000a1a:	f887 e000 	strb.w	lr, [r7]
10000a1e:	e7e5      	b.n	100009ec <hw_claim_unused_from_range+0x64>
10000a20:	2000179b 	.word	0x2000179b

10000a24 <next_striped_spin_lock_num>:
10000a24:	4a04      	ldr	r2, [pc, #16]	@ (10000a38 <next_striped_spin_lock_num+0x14>)
10000a26:	7810      	ldrb	r0, [r2, #0]
10000a28:	1c43      	adds	r3, r0, #1
10000a2a:	b2db      	uxtb	r3, r3
10000a2c:	2b18      	cmp	r3, #24
10000a2e:	bf28      	it	cs
10000a30:	2310      	movcs	r3, #16
10000a32:	7013      	strb	r3, [r2, #0]
10000a34:	4770      	bx	lr
10000a36:	bf00      	nop
10000a38:	20001160 	.word	0x20001160

10000a3c <spin_lock_claim_unused>:
10000a3c:	b510      	push	{r4, lr}
10000a3e:	4c05      	ldr	r4, [pc, #20]	@ (10000a54 <spin_lock_claim_unused+0x18>)
10000a40:	b082      	sub	sp, #8
10000a42:	4601      	mov	r1, r0
10000a44:	231f      	movs	r3, #31
10000a46:	2218      	movs	r2, #24
10000a48:	9400      	str	r4, [sp, #0]
10000a4a:	4803      	ldr	r0, [pc, #12]	@ (10000a58 <spin_lock_claim_unused+0x1c>)
10000a4c:	f7ff ff9c 	bl	10000988 <hw_claim_unused_from_range>
10000a50:	b002      	add	sp, #8
10000a52:	bd10      	pop	{r4, pc}
10000a54:	10006400 	.word	0x10006400
10000a58:	20001be8 	.word	0x20001be8

10000a5c <spinlock_set_extexclall>:
10000a5c:	f04f 22e0 	mov.w	r2, #3758153728	@ 0xe000e000
10000a60:	6893      	ldr	r3, [r2, #8]
10000a62:	f043 5300 	orr.w	r3, r3, #536870912	@ 0x20000000
10000a66:	6093      	str	r3, [r2, #8]
10000a68:	4770      	bx	lr
10000a6a:	bf00      	nop

10000a6c <spin_locks_reset>:
10000a6c:	2100      	movs	r1, #0
10000a6e:	4b04      	ldr	r3, [pc, #16]	@ (10000a80 <spin_locks_reset+0x14>)
10000a70:	f103 0220 	add.w	r2, r3, #32
10000a74:	e8c3 1f8f 	stlb	r1, [r3]
10000a78:	3301      	adds	r3, #1
10000a7a:	4293      	cmp	r3, r2
10000a7c:	d1fa      	bne.n	10000a74 <spin_locks_reset+0x8>
10000a7e:	4770      	bx	lr
10000a80:	20001790 	.word	0x20001790

10000a84 <runtime_init_per_core_irq_priorities>:
10000a84:	f04f 23e0 	mov.w	r3, #3758153728	@ 0xe000e000
10000a88:	f04f 3280 	mov.w	r2, #2155905152	@ 0x80808080
10000a8c:	f8c3 2400 	str.w	r2, [r3, #1024]	@ 0x400
10000a90:	f8c3 2404 	str.w	r2, [r3, #1028]	@ 0x404
10000a94:	f8c3 2408 	str.w	r2, [r3, #1032]	@ 0x408
10000a98:	f8c3 240c 	str.w	r2, [r3, #1036]	@ 0x40c
10000a9c:	f8c3 2410 	str.w	r2, [r3, #1040]	@ 0x410
10000aa0:	f8c3 2414 	str.w	r2, [r3, #1044]	@ 0x414
10000aa4:	f8c3 2418 	str.w	r2, [r3, #1048]	@ 0x418
10000aa8:	f8c3 241c 	str.w	r2, [r3, #1052]	@ 0x41c
10000aac:	f8c3 2420 	str.w	r2, [r3, #1056]	@ 0x420
10000ab0:	f8c3 2424 	str.w	r2, [r3, #1060]	@ 0x424
10000ab4:	f8c3 2428 	str.w	r2, [r3, #1064]	@ 0x428
10000ab8:	f8c3 242c 	str.w	r2, [r3, #1068]	@ 0x42c
10000abc:	f8c3 2430 	str.w	r2, [r3, #1072]	@ 0x430
10000ac0:	4770      	bx	lr
10000ac2:	bf00      	nop

10000ac4 <irq_set_enabled>:
10000ac4:	2301      	movs	r3, #1
10000ac6:	f000 021f 	and.w	r2, r0, #31
10000aca:	4093      	lsls	r3, r2
10000acc:	0940      	lsrs	r0, r0, #5
10000ace:	b141      	cbz	r1, 10000ae2 <irq_set_enabled+0x1e>
10000ad0:	0080      	lsls	r0, r0, #2
10000ad2:	f100 4060 	add.w	r0, r0, #3758096384	@ 0xe0000000
10000ad6:	f500 4061 	add.w	r0, r0, #57600	@ 0xe100
10000ada:	f8c0 3180 	str.w	r3, [r0, #384]	@ 0x180
10000ade:	6003      	str	r3, [r0, #0]
10000ae0:	4770      	bx	lr
10000ae2:	4a02      	ldr	r2, [pc, #8]	@ (10000aec <irq_set_enabled+0x28>)
10000ae4:	3020      	adds	r0, #32
10000ae6:	f842 3020 	str.w	r3, [r2, r0, lsl #2]
10000aea:	4770      	bx	lr
10000aec:	e000e100 	.word	0xe000e100

10000af0 <irq_is_enabled>:
10000af0:	2301      	movs	r3, #1
10000af2:	4a06      	ldr	r2, [pc, #24]	@ (10000b0c <irq_is_enabled+0x1c>)
10000af4:	0941      	lsrs	r1, r0, #5
10000af6:	f852 2021 	ldr.w	r2, [r2, r1, lsl #2]
10000afa:	f000 001f 	and.w	r0, r0, #31
10000afe:	4083      	lsls	r3, r0
10000b00:	4213      	tst	r3, r2
10000b02:	bf14      	ite	ne
10000b04:	2001      	movne	r0, #1
10000b06:	2000      	moveq	r0, #0
10000b08:	4770      	bx	lr
10000b0a:	bf00      	nop
10000b0c:	e000e100 	.word	0xe000e100

10000b10 <irq_set_pending>:
10000b10:	2201      	movs	r2, #1
10000b12:	0943      	lsrs	r3, r0, #5
10000b14:	4903      	ldr	r1, [pc, #12]	@ (10000b24 <irq_set_pending+0x14>)
10000b16:	f000 001f 	and.w	r0, r0, #31
10000b1a:	4082      	lsls	r2, r0
10000b1c:	3340      	adds	r3, #64	@ 0x40
10000b1e:	f841 2023 	str.w	r2, [r1, r3, lsl #2]
10000b22:	4770      	bx	lr
10000b24:	e000e100 	.word	0xe000e100

10000b28 <irq_has_shared_handler>:
10000b28:	4b06      	ldr	r3, [pc, #24]	@ (10000b44 <irq_has_shared_handler+0x1c>)
10000b2a:	3010      	adds	r0, #16
10000b2c:	689b      	ldr	r3, [r3, #8]
10000b2e:	f853 0020 	ldr.w	r0, [r3, r0, lsl #2]
10000b32:	b128      	cbz	r0, 10000b40 <irq_has_shared_handler+0x18>
10000b34:	4b04      	ldr	r3, [pc, #16]	@ (10000b48 <irq_has_shared_handler+0x20>)
10000b36:	1ac0      	subs	r0, r0, r3
10000b38:	282f      	cmp	r0, #47	@ 0x2f
10000b3a:	bf8c      	ite	hi
10000b3c:	2000      	movhi	r0, #0
10000b3e:	2001      	movls	r0, #1
10000b40:	4770      	bx	lr
10000b42:	bf00      	nop
10000b44:	e000ed00 	.word	0xe000ed00
10000b48:	20001164 	.word	0x20001164

10000b4c <irq_set_exclusive_handler>:
10000b4c:	b5f8      	push	{r3, r4, r5, r6, r7, lr}
10000b4e:	460d      	mov	r5, r1
10000b50:	f3ef 8710 	mrs	r7, PRIMASK
10000b54:	b672      	cpsid	i
10000b56:	4e12      	ldr	r6, [pc, #72]	@ (10000ba0 <irq_set_exclusive_handler+0x54>)
10000b58:	e8d6 2fcf 	ldaexb	r2, [r6]
10000b5c:	2301      	movs	r3, #1
10000b5e:	2a00      	cmp	r2, #0
10000b60:	d1fa      	bne.n	10000b58 <irq_set_exclusive_handler+0xc>
10000b62:	e8c6 3f42 	strexb	r2, r3, [r6]
10000b66:	2a00      	cmp	r2, #0
10000b68:	d1f6      	bne.n	10000b58 <irq_set_exclusive_handler+0xc>
10000b6a:	f3bf 8f5f 	dmb	sy
10000b6e:	4b0d      	ldr	r3, [pc, #52]	@ (10000ba4 <irq_set_exclusive_handler+0x58>)
10000b70:	f100 0410 	add.w	r4, r0, #16
10000b74:	689b      	ldr	r3, [r3, #8]
10000b76:	4a0c      	ldr	r2, [pc, #48]	@ (10000ba8 <irq_set_exclusive_handler+0x5c>)
10000b78:	f853 3024 	ldr.w	r3, [r3, r4, lsl #2]
10000b7c:	4293      	cmp	r3, r2
10000b7e:	d003      	beq.n	10000b88 <irq_set_exclusive_handler+0x3c>
10000b80:	4299      	cmp	r1, r3
10000b82:	d001      	beq.n	10000b88 <irq_set_exclusive_handler+0x3c>
10000b84:	f000 ffa4 	bl	10001ad0 <hard_assertion_failure>
10000b88:	4b06      	ldr	r3, [pc, #24]	@ (10000ba4 <irq_set_exclusive_handler+0x58>)
10000b8a:	689b      	ldr	r3, [r3, #8]
10000b8c:	f843 5024 	str.w	r5, [r3, r4, lsl #2]
10000b90:	f3bf 8f5f 	dmb	sy
10000b94:	2300      	movs	r3, #0
10000b96:	e8c6 3f8f 	stlb	r3, [r6]
10000b9a:	f387 8810 	msr	PRIMASK, r7
10000b9e:	bdf8      	pop	{r3, r4, r5, r6, r7, pc}
10000ba0:	20001799 	.word	0x20001799
10000ba4:	e000ed00 	.word	0xe000ed00
10000ba8:	1000011d 	.word	0x1000011d

10000bac <irq_add_shared_handler>:
10000bac:	e92d 4ff0 	stmdb	sp!, {r4, r5, r6, r7, r8, r9, sl, fp, lr}
10000bb0:	4681      	mov	r9, r0
10000bb2:	468b      	mov	fp, r1
10000bb4:	4616      	mov	r6, r2
10000bb6:	b085      	sub	sp, #20
10000bb8:	f3ef 8210 	mrs	r2, PRIMASK
10000bbc:	b672      	cpsid	i
10000bbe:	f8df a1ec 	ldr.w	sl, [pc, #492]	@ 10000dac <irq_add_shared_handler+0x200>
10000bc2:	e8da 1fcf 	ldaexb	r1, [sl]
10000bc6:	2301      	movs	r3, #1
10000bc8:	2900      	cmp	r1, #0
10000bca:	d1fa      	bne.n	10000bc2 <irq_add_shared_handler+0x16>
10000bcc:	e8ca 3f41 	strexb	r1, r3, [sl]
10000bd0:	2900      	cmp	r1, #0
10000bd2:	d1f6      	bne.n	10000bc2 <irq_add_shared_handler+0x16>
10000bd4:	f3bf 8f5f 	dmb	sy
10000bd8:	4b6d      	ldr	r3, [pc, #436]	@ (10000d90 <irq_add_shared_handler+0x1e4>)
10000bda:	f993 4000 	ldrsb.w	r4, [r3]
10000bde:	2c00      	cmp	r4, #0
10000be0:	f2c0 808c 	blt.w	10000cfc <irq_add_shared_handler+0x150>
10000be4:	4d6b      	ldr	r5, [pc, #428]	@ (10000d94 <irq_add_shared_handler+0x1e8>)
10000be6:	eb04 0744 	add.w	r7, r4, r4, lsl #1
10000bea:	eb05 0887 	add.w	r8, r5, r7, lsl #2
10000bee:	f898 1006 	ldrb.w	r1, [r8, #6]
10000bf2:	f109 0910 	add.w	r9, r9, #16
10000bf6:	7019      	strb	r1, [r3, #0]
10000bf8:	4b67      	ldr	r3, [pc, #412]	@ (10000d98 <irq_add_shared_handler+0x1ec>)
10000bfa:	00bf      	lsls	r7, r7, #2
10000bfc:	689b      	ldr	r3, [r3, #8]
10000bfe:	f853 0029 	ldr.w	r0, [r3, r9, lsl #2]
10000c02:	0063      	lsls	r3, r4, #1
10000c04:	1b41      	subs	r1, r0, r5
10000c06:	292f      	cmp	r1, #47	@ 0x2f
10000c08:	9301      	str	r3, [sp, #4]
10000c0a:	d92f      	bls.n	10000c6c <irq_add_shared_handler+0xc0>
10000c0c:	4963      	ldr	r1, [pc, #396]	@ (10000d9c <irq_add_shared_handler+0x1f0>)
10000c0e:	4288      	cmp	r0, r1
10000c10:	f040 80b2 	bne.w	10000d78 <irq_add_shared_handler+0x1cc>
10000c14:	0063      	lsls	r3, r4, #1
10000c16:	441c      	add	r4, r3
10000c18:	4b61      	ldr	r3, [pc, #388]	@ (10000da0 <irq_add_shared_handler+0x1f4>)
10000c1a:	3702      	adds	r7, #2
10000c1c:	442f      	add	r7, r5
10000c1e:	3b04      	subs	r3, #4
10000c20:	1bdb      	subs	r3, r3, r7
10000c22:	f3c3 034a 	ubfx	r3, r3, #1, #11
10000c26:	ea6f 43c3 	mvn.w	r3, r3, lsl #19
10000c2a:	f44f 4121 	mov.w	r1, #41216	@ 0xa100
10000c2e:	ea6f 43d3 	mvn.w	r3, r3, lsr #19
10000c32:	f825 1024 	strh.w	r1, [r5, r4, lsl #2]
10000c36:	eb05 0484 	add.w	r4, r5, r4, lsl #2
10000c3a:	8063      	strh	r3, [r4, #2]
10000c3c:	f64b 5301 	movw	r3, #48385	@ 0xbd01
10000c40:	80a3      	strh	r3, [r4, #4]
10000c42:	23ff      	movs	r3, #255	@ 0xff
10000c44:	f048 0001 	orr.w	r0, r8, #1
10000c48:	71e6      	strb	r6, [r4, #7]
10000c4a:	f8c4 b008 	str.w	fp, [r4, #8]
10000c4e:	71a3      	strb	r3, [r4, #6]
10000c50:	4b51      	ldr	r3, [pc, #324]	@ (10000d98 <irq_add_shared_handler+0x1ec>)
10000c52:	689b      	ldr	r3, [r3, #8]
10000c54:	f843 0029 	str.w	r0, [r3, r9, lsl #2]
10000c58:	f3bf 8f5f 	dmb	sy
10000c5c:	2300      	movs	r3, #0
10000c5e:	e8ca 3f8f 	stlb	r3, [sl]
10000c62:	f382 8810 	msr	PRIMASK, r2
10000c66:	b005      	add	sp, #20
10000c68:	e8bd 8ff0 	ldmia.w	sp!, {r4, r5, r6, r7, r8, r9, sl, fp, pc}
10000c6c:	f020 0e01 	bic.w	lr, r0, #1
10000c70:	f89e 1007 	ldrb.w	r1, [lr, #7]
10000c74:	42b1      	cmp	r1, r6
10000c76:	bf88      	it	hi
10000c78:	9702      	strhi	r7, [sp, #8]
10000c7a:	d82e      	bhi.n	10000cda <irq_add_shared_handler+0x12e>
10000c7c:	f44f 4321 	mov.w	r3, #41216	@ 0xa100
10000c80:	53eb      	strh	r3, [r5, r7]
10000c82:	4b47      	ldr	r3, [pc, #284]	@ (10000da0 <irq_add_shared_handler+0x1f4>)
10000c84:	1cb9      	adds	r1, r7, #2
10000c86:	4429      	add	r1, r5
10000c88:	3b04      	subs	r3, #4
10000c8a:	3704      	adds	r7, #4
10000c8c:	1a5b      	subs	r3, r3, r1
10000c8e:	442f      	add	r7, r5
10000c90:	f1ae 0104 	sub.w	r1, lr, #4
10000c94:	4c43      	ldr	r4, [pc, #268]	@ (10000da4 <irq_add_shared_handler+0x1f8>)
10000c96:	1bc9      	subs	r1, r1, r7
10000c98:	f3c1 014a 	ubfx	r1, r1, #1, #11
10000c9c:	4321      	orrs	r1, r4
10000c9e:	f8a8 1004 	strh.w	r1, [r8, #4]
10000ca2:	f3c3 034a 	ubfx	r3, r3, #1, #11
10000ca6:	4940      	ldr	r1, [pc, #256]	@ (10000da8 <irq_add_shared_handler+0x1fc>)
10000ca8:	4323      	orrs	r3, r4
10000caa:	f8a8 3002 	strh.w	r3, [r8, #2]
10000cae:	f64a 20aa 	movw	r0, #43690	@ 0xaaaa
10000cb2:	4673      	mov	r3, lr
10000cb4:	1b5b      	subs	r3, r3, r5
10000cb6:	415b      	adcs	r3, r3
10000cb8:	4358      	muls	r0, r3
10000cba:	0d00      	lsrs	r0, r0, #20
10000cbc:	f888 6007 	strb.w	r6, [r8, #7]
10000cc0:	f888 0006 	strb.w	r0, [r8, #6]
10000cc4:	f8c8 b008 	str.w	fp, [r8, #8]
10000cc8:	f048 0001 	orr.w	r0, r8, #1
10000ccc:	f8ce 1000 	str.w	r1, [lr]
10000cd0:	e7be      	b.n	10000c50 <irq_add_shared_handler+0xa4>
10000cd2:	79cf      	ldrb	r7, [r1, #7]
10000cd4:	42b7      	cmp	r7, r6
10000cd6:	d919      	bls.n	10000d0c <irq_add_shared_handler+0x160>
10000cd8:	468e      	mov	lr, r1
10000cda:	f99e c006 	ldrsb.w	ip, [lr, #6]
10000cde:	eb0c 014c 	add.w	r1, ip, ip, lsl #1
10000ce2:	f1bc 0f00 	cmp.w	ip, #0
10000ce6:	eb05 0181 	add.w	r1, r5, r1, lsl #2
10000cea:	daf2      	bge.n	10000cd2 <irq_add_shared_handler+0x126>
10000cec:	9301      	str	r3, [sp, #4]
10000cee:	f64b 5301 	movw	r3, #48385	@ 0xbd01
10000cf2:	9303      	str	r3, [sp, #12]
10000cf4:	f10e 0304 	add.w	r3, lr, #4
10000cf8:	9302      	str	r3, [sp, #8]
10000cfa:	e01f      	b.n	10000d3c <irq_add_shared_handler+0x190>
10000cfc:	9201      	str	r2, [sp, #4]
10000cfe:	f000 fee7 	bl	10001ad0 <hard_assertion_failure>
10000d02:	4b23      	ldr	r3, [pc, #140]	@ (10000d90 <irq_add_shared_handler+0x1e4>)
10000d04:	9a01      	ldr	r2, [sp, #4]
10000d06:	f993 4000 	ldrsb.w	r4, [r3]
10000d0a:	e76b      	b.n	10000be4 <irq_add_shared_handler+0x38>
10000d0c:	9301      	str	r3, [sp, #4]
10000d0e:	f8be 3004 	ldrh.w	r3, [lr, #4]
10000d12:	f10e 0104 	add.w	r1, lr, #4
10000d16:	9f02      	ldr	r7, [sp, #8]
10000d18:	9102      	str	r1, [sp, #8]
10000d1a:	0559      	lsls	r1, r3, #21
10000d1c:	d431      	bmi.n	10000d82 <irq_add_shared_handler+0x1d6>
10000d1e:	9b02      	ldr	r3, [sp, #8]
10000d20:	1549      	asrs	r1, r1, #21
10000d22:	3102      	adds	r1, #2
10000d24:	eb03 0341 	add.w	r3, r3, r1, lsl #1
10000d28:	f06f 0107 	mvn.w	r1, #7
10000d2c:	1bc9      	subs	r1, r1, r7
10000d2e:	1b49      	subs	r1, r1, r5
10000d30:	4419      	add	r1, r3
10000d32:	f3c1 014a 	ubfx	r1, r1, #1, #11
10000d36:	f441 4360 	orr.w	r3, r1, #57344	@ 0xe000
10000d3a:	9303      	str	r3, [sp, #12]
10000d3c:	9902      	ldr	r1, [sp, #8]
10000d3e:	f1a8 0704 	sub.w	r7, r8, #4
10000d42:	1a7f      	subs	r7, r7, r1
10000d44:	f3c7 074a 	ubfx	r7, r7, #1, #11
10000d48:	ea6f 47c7 	mvn.w	r7, r7, lsl #19
10000d4c:	9b01      	ldr	r3, [sp, #4]
10000d4e:	ea6f 47d7 	mvn.w	r7, r7, lsr #19
10000d52:	4423      	add	r3, r4
10000d54:	4698      	mov	r8, r3
10000d56:	f88e 4006 	strb.w	r4, [lr, #6]
10000d5a:	9903      	ldr	r1, [sp, #12]
10000d5c:	4c12      	ldr	r4, [pc, #72]	@ (10000da8 <irq_add_shared_handler+0x1fc>)
10000d5e:	eb05 0383 	add.w	r3, r5, r3, lsl #2
10000d62:	f8ae 7004 	strh.w	r7, [lr, #4]
10000d66:	f845 4028 	str.w	r4, [r5, r8, lsl #2]
10000d6a:	8099      	strh	r1, [r3, #4]
10000d6c:	f883 c006 	strb.w	ip, [r3, #6]
10000d70:	71de      	strb	r6, [r3, #7]
10000d72:	f8c3 b008 	str.w	fp, [r3, #8]
10000d76:	e76b      	b.n	10000c50 <irq_add_shared_handler+0xa4>
10000d78:	9201      	str	r2, [sp, #4]
10000d7a:	f000 fea9 	bl	10001ad0 <hard_assertion_failure>
10000d7e:	9a01      	ldr	r2, [sp, #4]
10000d80:	e748      	b.n	10000c14 <irq_add_shared_handler+0x68>
10000d82:	f501 11ff 	add.w	r1, r1, #2088960	@ 0x1fe000
10000d86:	f501 51ff 	add.w	r1, r1, #8160	@ 0x1fe0
10000d8a:	311f      	adds	r1, #31
10000d8c:	e7c7      	b.n	10000d1e <irq_add_shared_handler+0x172>
10000d8e:	bf00      	nop
10000d90:	20006154 	.word	0x20006154
10000d94:	20001164 	.word	0x20001164
10000d98:	e000ed00 	.word	0xe000ed00
10000d9c:	1000011d 	.word	0x1000011d
10000da0:	20001194 	.word	0x20001194
10000da4:	ffffe000 	.word	0xffffe000
10000da8:	47804801 	.word	0x47804801
10000dac:	20001799 	.word	0x20001799

10000db0 <irq_add_tail_to_free_list>:
10000db0:	b5f0      	push	{r4, r5, r6, r7, lr}
10000db2:	f3ef 8505 	mrs	r5, IPSR
10000db6:	b2ed      	uxtb	r5, r5
10000db8:	f3ef 8c10 	mrs	ip, PRIMASK
10000dbc:	b672      	cpsid	i
10000dbe:	4926      	ldr	r1, [pc, #152]	@ (10000e58 <irq_add_tail_to_free_list+0xa8>)
10000dc0:	e8d1 2fcf 	ldaexb	r2, [r1]
10000dc4:	2301      	movs	r3, #1
10000dc6:	2a00      	cmp	r2, #0
10000dc8:	d1fa      	bne.n	10000dc0 <irq_add_tail_to_free_list+0x10>
10000dca:	e8c1 3f42 	strexb	r2, r3, [r1]
10000dce:	2a00      	cmp	r2, #0
10000dd0:	d1f6      	bne.n	10000dc0 <irq_add_tail_to_free_list+0x10>
10000dd2:	f3bf 8f5f 	dmb	sy
10000dd6:	4e21      	ldr	r6, [pc, #132]	@ (10000e5c <irq_add_tail_to_free_list+0xac>)
10000dd8:	f040 0e01 	orr.w	lr, r0, #1
10000ddc:	68b4      	ldr	r4, [r6, #8]
10000dde:	f64a 23aa 	movw	r3, #43690	@ 0xaaaa
10000de2:	f854 7025 	ldr.w	r7, [r4, r5, lsl #2]
10000de6:	4a1e      	ldr	r2, [pc, #120]	@ (10000e60 <irq_add_tail_to_free_list+0xb0>)
10000de8:	4604      	mov	r4, r0
10000dea:	1aa4      	subs	r4, r4, r2
10000dec:	4164      	adcs	r4, r4
10000dee:	4363      	muls	r3, r4
10000df0:	0d1b      	lsrs	r3, r3, #20
10000df2:	4577      	cmp	r7, lr
10000df4:	b25b      	sxtb	r3, r3
10000df6:	d01b      	beq.n	10000e30 <irq_add_tail_to_free_list+0x80>
10000df8:	f992 4006 	ldrsb.w	r4, [r2, #6]
10000dfc:	429c      	cmp	r4, r3
10000dfe:	d01c      	beq.n	10000e3a <irq_add_tail_to_free_list+0x8a>
10000e00:	f992 4012 	ldrsb.w	r4, [r2, #18]
10000e04:	429c      	cmp	r4, r3
10000e06:	d023      	beq.n	10000e50 <irq_add_tail_to_free_list+0xa0>
10000e08:	f992 401e 	ldrsb.w	r4, [r2, #30]
10000e0c:	429c      	cmp	r4, r3
10000e0e:	d021      	beq.n	10000e54 <irq_add_tail_to_free_list+0xa4>
10000e10:	f992 402a 	ldrsb.w	r4, [r2, #42]	@ 0x2a
10000e14:	429c      	cmp	r4, r3
10000e16:	bf08      	it	eq
10000e18:	2403      	moveq	r4, #3
10000e1a:	d00f      	beq.n	10000e3c <irq_add_tail_to_free_list+0x8c>
10000e1c:	4a11      	ldr	r2, [pc, #68]	@ (10000e64 <irq_add_tail_to_free_list+0xb4>)
10000e1e:	2400      	movs	r4, #0
10000e20:	7815      	ldrb	r5, [r2, #0]
10000e22:	7013      	strb	r3, [r2, #0]
10000e24:	7185      	strb	r5, [r0, #6]
10000e26:	e8c1 4f8f 	stlb	r4, [r1]
10000e2a:	f38c 8810 	msr	PRIMASK, ip
10000e2e:	bdf0      	pop	{r4, r5, r6, r7, pc}
10000e30:	68b2      	ldr	r2, [r6, #8]
10000e32:	4c0d      	ldr	r4, [pc, #52]	@ (10000e68 <irq_add_tail_to_free_list+0xb8>)
10000e34:	f842 4025 	str.w	r4, [r2, r5, lsl #2]
10000e38:	e7f0      	b.n	10000e1c <irq_add_tail_to_free_list+0x6c>
10000e3a:	2400      	movs	r4, #0
10000e3c:	eb04 0444 	add.w	r4, r4, r4, lsl #1
10000e40:	eb02 0284 	add.w	r2, r2, r4, lsl #2
10000e44:	24ff      	movs	r4, #255	@ 0xff
10000e46:	7194      	strb	r4, [r2, #6]
10000e48:	f64b 5401 	movw	r4, #48385	@ 0xbd01
10000e4c:	8094      	strh	r4, [r2, #4]
10000e4e:	e7e5      	b.n	10000e1c <irq_add_tail_to_free_list+0x6c>
10000e50:	2401      	movs	r4, #1
10000e52:	e7f3      	b.n	10000e3c <irq_add_tail_to_free_list+0x8c>
10000e54:	2402      	movs	r4, #2
10000e56:	e7f1      	b.n	10000e3c <irq_add_tail_to_free_list+0x8c>
10000e58:	20001799 	.word	0x20001799
10000e5c:	e000ed00 	.word	0xe000ed00
10000e60:	20001164 	.word	0x20001164
10000e64:	20006154 	.word	0x20006154
10000e68:	1000011d 	.word	0x1000011d

10000e6c <user_irq_claim_unused>:
10000e6c:	b510      	push	{r4, lr}
10000e6e:	4c07      	ldr	r4, [pc, #28]	@ (10000e8c <user_irq_claim_unused+0x20>)
10000e70:	b082      	sub	sp, #8
10000e72:	4601      	mov	r1, r0
10000e74:	2305      	movs	r3, #5
10000e76:	2200      	movs	r2, #0
10000e78:	9400      	str	r4, [sp, #0]
10000e7a:	4805      	ldr	r0, [pc, #20]	@ (10000e90 <user_irq_claim_unused+0x24>)
10000e7c:	f7ff fd84 	bl	10000988 <hw_claim_unused_from_range>
10000e80:	2800      	cmp	r0, #0
10000e82:	bfa8      	it	ge
10000e84:	f1c0 0033 	rsbge	r0, r0, #51	@ 0x33
10000e88:	b002      	add	sp, #8
10000e8a:	bd10      	pop	{r4, pc}
10000e8c:	1000641c 	.word	0x1000641c
10000e90:	20006159 	.word	0x20006159

10000e94 <lock_init>:
10000e94:	4b01      	ldr	r3, [pc, #4]	@ (10000e9c <lock_init+0x8>)
10000e96:	440b      	add	r3, r1
10000e98:	6003      	str	r3, [r0, #0]
10000e9a:	4770      	bx	lr
10000e9c:	20001790 	.word	0x20001790

10000ea0 <runtime_init_mutex>:
10000ea0:	b5f8      	push	{r3, r4, r5, r6, r7, lr}
10000ea2:	4d12      	ldr	r5, [pc, #72]	@ (10000eec <runtime_init_mutex+0x4c>)
10000ea4:	4e12      	ldr	r6, [pc, #72]	@ (10000ef0 <runtime_init_mutex+0x50>)
10000ea6:	42b5      	cmp	r5, r6
10000ea8:	d21f      	bcs.n	10000eea <runtime_init_mutex+0x4a>
10000eaa:	462c      	mov	r4, r5
10000eac:	6823      	ldr	r3, [r4, #0]
10000eae:	27ff      	movs	r7, #255	@ 0xff
10000eb0:	b17b      	cbz	r3, 10000ed2 <runtime_init_mutex+0x32>
10000eb2:	f7ff fdb7 	bl	10000a24 <next_striped_spin_lock_num>
10000eb6:	4601      	mov	r1, r0
10000eb8:	4628      	mov	r0, r5
10000eba:	f7ff ffeb 	bl	10000e94 <lock_init>
10000ebe:	80a7      	strh	r7, [r4, #4]
10000ec0:	f3bf 8f5f 	dmb	sy
10000ec4:	3408      	adds	r4, #8
10000ec6:	42b4      	cmp	r4, r6
10000ec8:	d20f      	bcs.n	10000eea <runtime_init_mutex+0x4a>
10000eca:	6823      	ldr	r3, [r4, #0]
10000ecc:	4625      	mov	r5, r4
10000ece:	2b00      	cmp	r3, #0
10000ed0:	d1ef      	bne.n	10000eb2 <runtime_init_mutex+0x12>
10000ed2:	f7ff fda7 	bl	10000a24 <next_striped_spin_lock_num>
10000ed6:	4601      	mov	r1, r0
10000ed8:	4628      	mov	r0, r5
10000eda:	f7ff ffdb 	bl	10000e94 <lock_init>
10000ede:	7127      	strb	r7, [r4, #4]
10000ee0:	f3bf 8f5f 	dmb	sy
10000ee4:	3408      	adds	r4, #8
10000ee6:	42b4      	cmp	r4, r6
10000ee8:	d3ef      	bcc.n	10000eca <runtime_init_mutex+0x2a>
10000eea:	bdf8      	pop	{r3, r4, r5, r6, r7, pc}
10000eec:	200011fc 	.word	0x200011fc
10000ef0:	20001204 	.word	0x20001204

10000ef4 <mutex_init>:
10000ef4:	b510      	push	{r4, lr}
10000ef6:	4604      	mov	r4, r0
10000ef8:	f7ff fd94 	bl	10000a24 <next_striped_spin_lock_num>
10000efc:	4601      	mov	r1, r0
10000efe:	4620      	mov	r0, r4
10000f00:	f7ff ffc8 	bl	10000e94 <lock_init>
10000f04:	23ff      	movs	r3, #255	@ 0xff
10000f06:	7123      	strb	r3, [r4, #4]
10000f08:	f3bf 8f5f 	dmb	sy
10000f0c:	bd10      	pop	{r4, pc}
10000f0e:	bf00      	nop

10000f10 <critical_section_init>:
10000f10:	b510      	push	{r4, lr}
10000f12:	4604      	mov	r4, r0
10000f14:	2001      	movs	r0, #1
10000f16:	f7ff fd91 	bl	10000a3c <spin_lock_claim_unused>
10000f1a:	4b03      	ldr	r3, [pc, #12]	@ (10000f28 <critical_section_init+0x18>)
10000f1c:	4403      	add	r3, r0
10000f1e:	6023      	str	r3, [r4, #0]
10000f20:	f3bf 8f5f 	dmb	sy
10000f24:	bd10      	pop	{r4, pc}
10000f26:	bf00      	nop
10000f28:	20001790 	.word	0x20001790

10000f2c <critical_section_init_with_lock_num>:
10000f2c:	4b02      	ldr	r3, [pc, #8]	@ (10000f38 <critical_section_init_with_lock_num+0xc>)
10000f2e:	440b      	add	r3, r1
10000f30:	6003      	str	r3, [r0, #0]
10000f32:	f3bf 8f5f 	dmb	sy
10000f36:	4770      	bx	lr
10000f38:	20001790 	.word	0x20001790

10000f3c <sleep_until_callback>:
10000f3c:	4b0d      	ldr	r3, [pc, #52]	@ (10000f74 <sleep_until_callback+0x38>)
10000f3e:	681a      	ldr	r2, [r3, #0]
10000f40:	f3ef 8110 	mrs	r1, PRIMASK
10000f44:	b672      	cpsid	i
10000f46:	e8d2 cfcf 	ldaexb	ip, [r2]
10000f4a:	2001      	movs	r0, #1
10000f4c:	f1bc 0f00 	cmp.w	ip, #0
10000f50:	d1f9      	bne.n	10000f46 <sleep_until_callback+0xa>
10000f52:	e8c2 0f4c 	strexb	ip, r0, [r2]
10000f56:	f1bc 0f00 	cmp.w	ip, #0
10000f5a:	d1f4      	bne.n	10000f46 <sleep_until_callback+0xa>
10000f5c:	f3bf 8f5f 	dmb	sy
10000f60:	2200      	movs	r2, #0
10000f62:	681b      	ldr	r3, [r3, #0]
10000f64:	e8c3 2f8f 	stlb	r2, [r3]
10000f68:	f381 8810 	msr	PRIMASK, r1
10000f6c:	bf40      	sev
10000f6e:	2000      	movs	r0, #0
10000f70:	2100      	movs	r1, #0
10000f72:	4770      	bx	lr
10000f74:	200060b4 	.word	0x200060b4

10000f78 <alarm_pool_irq_handler>:
10000f78:	e92d 4ff0 	stmdb	sp!, {r4, r5, r6, r7, r8, r9, sl, fp, lr}
10000f7c:	ed2d 8b02 	vpush	{d8}
10000f80:	b085      	sub	sp, #20
10000f82:	f3ef 8305 	mrs	r3, IPSR
10000f86:	b2db      	uxtb	r3, r3
10000f88:	3b10      	subs	r3, #16
10000f8a:	089a      	lsrs	r2, r3, #2
10000f8c:	bf18      	it	ne
10000f8e:	2201      	movne	r2, #1
10000f90:	f04f 0101 	mov.w	r1, #1
10000f94:	f003 0003 	and.w	r0, r3, #3
10000f98:	bf08      	it	eq
10000f9a:	4dab      	ldreq	r5, [pc, #684]	@ (10001248 <alarm_pool_irq_handler+0x2d0>)
10000f9c:	4bab      	ldr	r3, [pc, #684]	@ (1000124c <alarm_pool_irq_handler+0x2d4>)
10000f9e:	bf18      	it	ne
10000fa0:	4dab      	ldrne	r5, [pc, #684]	@ (10001250 <alarm_pool_irq_handler+0x2d8>)
10000fa2:	eb00 0282 	add.w	r2, r0, r2, lsl #2
10000fa6:	f853 6022 	ldr.w	r6, [r3, r2, lsl #2]
10000faa:	fa01 fb00 	lsl.w	fp, r1, r0
10000fae:	f505 5341 	add.w	r3, r5, #12352	@ 0x3040
10000fb2:	ed9f 8ba3 	vldr	d8, [pc, #652]	@ 10001240 <alarm_pool_irq_handler+0x2c8>
10000fb6:	9001      	str	r0, [sp, #4]
10000fb8:	f8c3 b004 	str.w	fp, [r3, #4]
10000fbc:	e02a      	b.n	10001014 <alarm_pool_irq_handler+0x9c>
10000fbe:	88b3      	ldrh	r3, [r6, #4]
10000fc0:	0419      	lsls	r1, r3, #16
10000fc2:	f140 808d 	bpl.w	100010e0 <alarm_pool_irq_handler+0x168>
10000fc6:	79b3      	ldrb	r3, [r6, #6]
10000fc8:	2b00      	cmp	r3, #0
10000fca:	f040 80d7 	bne.w	1000117c <alarm_pool_irq_handler+0x204>
10000fce:	f9b6 2008 	ldrsh.w	r2, [r6, #8]
10000fd2:	2a00      	cmp	r2, #0
10000fd4:	f2c0 8116 	blt.w	10001204 <alarm_pool_irq_handler+0x28c>
10000fd8:	6973      	ldr	r3, [r6, #20]
10000fda:	eb02 0242 	add.w	r2, r2, r2, lsl #1
10000fde:	eb03 03c2 	add.w	r3, r3, r2, lsl #3
10000fe2:	e9d3 4702 	ldrd	r4, r7, [r3, #8]
10000fe6:	f1b7 3fff 	cmp.w	r7, #4294967295	@ 0xffffffff
10000fea:	bf08      	it	eq
10000fec:	f1b4 3fff 	cmpeq.w	r4, #4294967295	@ 0xffffffff
10000ff0:	d009      	beq.n	10001006 <alarm_pool_irq_handler+0x8e>
10000ff2:	9b01      	ldr	r3, [sp, #4]
10000ff4:	eb05 0183 	add.w	r1, r5, r3, lsl #2
10000ff8:	6aab      	ldr	r3, [r5, #40]	@ 0x28
10000ffa:	690a      	ldr	r2, [r1, #16]
10000ffc:	1ad2      	subs	r2, r2, r3
10000ffe:	1ae3      	subs	r3, r4, r3
10001000:	4293      	cmp	r3, r2
10001002:	bf38      	it	cc
10001004:	610c      	strcc	r4, [r1, #16]
10001006:	4628      	mov	r0, r5
10001008:	f000 fba0 	bl	1000174c <timer_time_us_64>
1000100c:	42a0      	cmp	r0, r4
1000100e:	41b9      	sbcs	r1, r7
10001010:	f2c0 80f8 	blt.w	10001204 <alarm_pool_irq_handler+0x28c>
10001014:	f9b6 3008 	ldrsh.w	r3, [r6, #8]
10001018:	f8c5 b03c 	str.w	fp, [r5, #60]	@ 0x3c
1000101c:	2b00      	cmp	r3, #0
1000101e:	9300      	str	r3, [sp, #0]
10001020:	dbcd      	blt.n	10000fbe <alarm_pool_irq_handler+0x46>
10001022:	f8d6 9014 	ldr.w	r9, [r6, #20]
10001026:	eb03 0a43 	add.w	sl, r3, r3, lsl #1
1000102a:	4628      	mov	r0, r5
1000102c:	eb09 07ca 	add.w	r7, r9, sl, lsl #3
10001030:	e9d7 4802 	ldrd	r4, r8, [r7, #8]
10001034:	f000 fb8a 	bl	1000174c <timer_time_us_64>
10001038:	42a0      	cmp	r0, r4
1000103a:	eb71 0108 	sbcs.w	r1, r1, r8
1000103e:	dbbe      	blt.n	10000fbe <alarm_pool_irq_handler+0x46>
10001040:	f1b8 0f00 	cmp.w	r8, #0
10001044:	f2c0 80c0 	blt.w	100011c8 <alarm_pool_irq_handler+0x250>
10001048:	693a      	ldr	r2, [r7, #16]
1000104a:	4b82      	ldr	r3, [pc, #520]	@ (10001254 <alarm_pool_irq_handler+0x2dc>)
1000104c:	429a      	cmp	r2, r3
1000104e:	f000 80ea 	beq.w	10001226 <alarm_pool_irq_handler+0x2ae>
10001052:	8879      	ldrh	r1, [r7, #2]
10001054:	f9b6 0008 	ldrsh.w	r0, [r6, #8]
10001058:	b289      	uxth	r1, r1
1000105a:	ea41 4000 	orr.w	r0, r1, r0, lsl #16
1000105e:	6979      	ldr	r1, [r7, #20]
10001060:	4790      	blx	r2
10001062:	4603      	mov	r3, r0
10001064:	460a      	mov	r2, r1
10001066:	ea53 0102 	orrs.w	r1, r3, r2
1000106a:	f000 80ad 	beq.w	100011c8 <alarm_pool_irq_handler+0x250>
1000106e:	2a00      	cmp	r2, #0
10001070:	f280 80ce 	bge.w	10001210 <alarm_pool_irq_handler+0x298>
10001074:	1ae3      	subs	r3, r4, r3
10001076:	eb68 0802 	sbc.w	r8, r8, r2
1000107a:	f939 203a 	ldrsh.w	r2, [r9, sl, lsl #3]
1000107e:	e9c7 3802 	strd	r3, r8, [r7, #8]
10001082:	2a00      	cmp	r2, #0
10001084:	db9b      	blt.n	10000fbe <alarm_pool_irq_handler+0x46>
10001086:	6970      	ldr	r0, [r6, #20]
10001088:	eb02 0142 	add.w	r1, r2, r2, lsl #1
1000108c:	eb00 01c1 	add.w	r1, r0, r1, lsl #3
10001090:	e9d1 c702 	ldrd	ip, r7, [r1, #8]
10001094:	4563      	cmp	r3, ip
10001096:	eb78 0e07 	sbcs.w	lr, r8, r7
1000109a:	ea4f 0142 	mov.w	r1, r2, lsl #1
1000109e:	db8e      	blt.n	10000fbe <alarm_pool_irq_handler+0x46>
100010a0:	46b6      	mov	lr, r6
100010a2:	f82e 2f08 	strh.w	r2, [lr, #8]!
100010a6:	e00b      	b.n	100010c0 <alarm_pool_irq_handler+0x148>
100010a8:	f930 2031 	ldrsh.w	r2, [r0, r1, lsl #3]
100010ac:	46a6      	mov	lr, r4
100010ae:	2a00      	cmp	r2, #0
100010b0:	db0d      	blt.n	100010ce <alarm_pool_irq_handler+0x156>
100010b2:	eb02 0442 	add.w	r4, r2, r2, lsl #1
100010b6:	eb00 04c4 	add.w	r4, r0, r4, lsl #3
100010ba:	0051      	lsls	r1, r2, #1
100010bc:	e9d4 c702 	ldrd	ip, r7, [r4, #8]
100010c0:	4563      	cmp	r3, ip
100010c2:	4411      	add	r1, r2
100010c4:	eb78 0707 	sbcs.w	r7, r8, r7
100010c8:	eb00 04c1 	add.w	r4, r0, r1, lsl #3
100010cc:	daec      	bge.n	100010a8 <alarm_pool_irq_handler+0x130>
100010ce:	9b00      	ldr	r3, [sp, #0]
100010d0:	f829 203a 	strh.w	r2, [r9, sl, lsl #3]
100010d4:	f8ae 3000 	strh.w	r3, [lr]
100010d8:	88b3      	ldrh	r3, [r6, #4]
100010da:	0419      	lsls	r1, r3, #16
100010dc:	f53f af73 	bmi.w	10000fc6 <alarm_pool_irq_handler+0x4e>
100010e0:	6933      	ldr	r3, [r6, #16]
100010e2:	f3ef 8210 	mrs	r2, PRIMASK
100010e6:	b672      	cpsid	i
100010e8:	e8d3 0fcf 	ldaexb	r0, [r3]
100010ec:	2101      	movs	r1, #1
100010ee:	2800      	cmp	r0, #0
100010f0:	d1fa      	bne.n	100010e8 <alarm_pool_irq_handler+0x170>
100010f2:	e8c3 1f40 	strexb	r0, r1, [r3]
100010f6:	2800      	cmp	r0, #0
100010f8:	d1f6      	bne.n	100010e8 <alarm_pool_irq_handler+0x170>
100010fa:	f3bf 8f5f 	dmb	sy
100010fe:	f64f 74ff 	movw	r4, #65535	@ 0xffff
10001102:	88b0      	ldrh	r0, [r6, #4]
10001104:	2300      	movs	r3, #0
10001106:	6931      	ldr	r1, [r6, #16]
10001108:	b200      	sxth	r0, r0
1000110a:	80b4      	strh	r4, [r6, #4]
1000110c:	e8c1 3f8f 	stlb	r3, [r1]
10001110:	f382 8810 	msr	PRIMASK, r2
10001114:	4298      	cmp	r0, r3
10001116:	f6ff af56 	blt.w	10000fc6 <alarm_pool_irq_handler+0x4e>
1000111a:	4607      	mov	r7, r0
1000111c:	46a9      	mov	r9, r5
1000111e:	6974      	ldr	r4, [r6, #20]
10001120:	f106 0808 	add.w	r8, r6, #8
10001124:	eb07 0e47 	add.w	lr, r7, r7, lsl #1
10001128:	eb04 03ce 	add.w	r3, r4, lr, lsl #3
1000112c:	e9d3 0502 	ldrd	r0, r5, [r3, #8]
10001130:	f9b6 3008 	ldrsh.w	r3, [r6, #8]
10001134:	46c4      	mov	ip, r8
10001136:	2b00      	cmp	r3, #0
10001138:	db13      	blt.n	10001162 <alarm_pool_irq_handler+0x1ea>
1000113a:	46b2      	mov	sl, r6
1000113c:	9700      	str	r7, [sp, #0]
1000113e:	e004      	b.n	1000114a <alarm_pool_irq_handler+0x1d2>
10001140:	f934 3036 	ldrsh.w	r3, [r4, r6, lsl #3]
10001144:	4694      	mov	ip, r2
10001146:	2b00      	cmp	r3, #0
10001148:	db09      	blt.n	1000115e <alarm_pool_irq_handler+0x1e6>
1000114a:	eb03 0643 	add.w	r6, r3, r3, lsl #1
1000114e:	eb04 02c6 	add.w	r2, r4, r6, lsl #3
10001152:	e9d2 7102 	ldrd	r7, r1, [r2, #8]
10001156:	42b8      	cmp	r0, r7
10001158:	eb75 0101 	sbcs.w	r1, r5, r1
1000115c:	daf0      	bge.n	10001140 <alarm_pool_irq_handler+0x1c8>
1000115e:	4656      	mov	r6, sl
10001160:	9f00      	ldr	r7, [sp, #0]
10001162:	f8ac 7000 	strh.w	r7, [ip]
10001166:	f934 703e 	ldrsh.w	r7, [r4, lr, lsl #3]
1000116a:	f824 303e 	strh.w	r3, [r4, lr, lsl #3]
1000116e:	2f00      	cmp	r7, #0
10001170:	dad8      	bge.n	10001124 <alarm_pool_irq_handler+0x1ac>
10001172:	79b3      	ldrb	r3, [r6, #6]
10001174:	464d      	mov	r5, r9
10001176:	2b00      	cmp	r3, #0
10001178:	f43f af29 	beq.w	10000fce <alarm_pool_irq_handler+0x56>
1000117c:	2300      	movs	r3, #0
1000117e:	71b3      	strb	r3, [r6, #6]
10001180:	f9b6 3008 	ldrsh.w	r3, [r6, #8]
10001184:	f106 0e08 	add.w	lr, r6, #8
10001188:	1c5a      	adds	r2, r3, #1
1000118a:	d03b      	beq.n	10001204 <alarm_pool_irq_handler+0x28c>
1000118c:	461a      	mov	r2, r3
1000118e:	6974      	ldr	r4, [r6, #20]
10001190:	e003      	b.n	1000119a <alarm_pool_irq_handler+0x222>
10001192:	4686      	mov	lr, r0
10001194:	1c59      	adds	r1, r3, #1
10001196:	f43f af1c 	beq.w	10000fd2 <alarm_pool_irq_handler+0x5a>
1000119a:	eb03 0143 	add.w	r1, r3, r3, lsl #1
1000119e:	eb04 00c1 	add.w	r0, r4, r1, lsl #3
100011a2:	8847      	ldrh	r7, [r0, #2]
100011a4:	469c      	mov	ip, r3
100011a6:	043f      	lsls	r7, r7, #16
100011a8:	f934 3031 	ldrsh.w	r3, [r4, r1, lsl #3]
100011ac:	d5f1      	bpl.n	10001192 <alarm_pool_irq_handler+0x21a>
100011ae:	4594      	cmp	ip, r2
100011b0:	ed80 8b02 	vstr	d8, [r0, #8]
100011b4:	d0ee      	beq.n	10001194 <alarm_pool_irq_handler+0x21c>
100011b6:	f8ae 3000 	strh.w	r3, [lr]
100011ba:	8932      	ldrh	r2, [r6, #8]
100011bc:	f824 2031 	strh.w	r2, [r4, r1, lsl #3]
100011c0:	4662      	mov	r2, ip
100011c2:	f8a6 c008 	strh.w	ip, [r6, #8]
100011c6:	e7e5      	b.n	10001194 <alarm_pool_irq_handler+0x21c>
100011c8:	f839 203a 	ldrh.w	r2, [r9, sl, lsl #3]
100011cc:	8132      	strh	r2, [r6, #8]
100011ce:	6932      	ldr	r2, [r6, #16]
100011d0:	f3ef 8110 	mrs	r1, PRIMASK
100011d4:	b672      	cpsid	i
100011d6:	e8d2 7fcf 	ldaexb	r7, [r2]
100011da:	2001      	movs	r0, #1
100011dc:	2f00      	cmp	r7, #0
100011de:	d1fa      	bne.n	100011d6 <alarm_pool_irq_handler+0x25e>
100011e0:	e8c2 0f47 	strexb	r7, r0, [r2]
100011e4:	2f00      	cmp	r7, #0
100011e6:	d1f6      	bne.n	100011d6 <alarm_pool_irq_handler+0x25e>
100011e8:	f3bf 8f5f 	dmb	sy
100011ec:	8872      	ldrh	r2, [r6, #2]
100011ee:	9b00      	ldr	r3, [sp, #0]
100011f0:	f829 203a 	strh.w	r2, [r9, sl, lsl #3]
100011f4:	8073      	strh	r3, [r6, #2]
100011f6:	6932      	ldr	r2, [r6, #16]
100011f8:	2300      	movs	r3, #0
100011fa:	e8c2 3f8f 	stlb	r3, [r2]
100011fe:	f381 8810 	msr	PRIMASK, r1
10001202:	e6dc      	b.n	10000fbe <alarm_pool_irq_handler+0x46>
10001204:	bf40      	sev
10001206:	b005      	add	sp, #20
10001208:	ecbd 8b02 	vpop	{d8}
1000120c:	e8bd 8ff0 	ldmia.w	sp!, {r4, r5, r6, r7, r8, r9, sl, fp, pc}
10001210:	4628      	mov	r0, r5
10001212:	e9cd 3202 	strd	r3, r2, [sp, #8]
10001216:	f000 fa99 	bl	1000174c <timer_time_us_64>
1000121a:	9b02      	ldr	r3, [sp, #8]
1000121c:	9a03      	ldr	r2, [sp, #12]
1000121e:	18c3      	adds	r3, r0, r3
10001220:	eb42 0801 	adc.w	r8, r2, r1
10001224:	e729      	b.n	1000107a <alarm_pool_irq_handler+0x102>
10001226:	6979      	ldr	r1, [r7, #20]
10001228:	4608      	mov	r0, r1
1000122a:	690a      	ldr	r2, [r1, #16]
1000122c:	9102      	str	r1, [sp, #8]
1000122e:	4790      	blx	r2
10001230:	2800      	cmp	r0, #0
10001232:	d0c9      	beq.n	100011c8 <alarm_pool_irq_handler+0x250>
10001234:	9902      	ldr	r1, [sp, #8]
10001236:	e9d1 3200 	ldrd	r3, r2, [r1]
1000123a:	e714      	b.n	10001066 <alarm_pool_irq_handler+0xee>
1000123c:	f3af 8000 	nop.w
10001240:	ffffffff 	.word	0xffffffff
10001244:	ffffffff 	.word	0xffffffff
10001248:	400b0000 	.word	0x400b0000
1000124c:	20002060 	.word	0x20002060
10001250:	400b8000 	.word	0x400b8000
10001254:	10000f79 	.word	0x10000f79

10001258 <runtime_init_default_alarm_pool>:
10001258:	e92d 4ff8 	stmdb	sp!, {r3, r4, r5, r6, r7, r8, r9, sl, fp, lr}
1000125c:	4c36      	ldr	r4, [pc, #216]	@ (10001338 <runtime_init_default_alarm_pool+0xe0>)
1000125e:	6925      	ldr	r5, [r4, #16]
10001260:	b12d      	cbz	r5, 1000126e <runtime_init_default_alarm_pool+0x16>
10001262:	e8bd 4ff8 	ldmia.w	sp!, {r3, r4, r5, r6, r7, r8, r9, sl, fp, lr}
10001266:	210a      	movs	r1, #10
10001268:	4834      	ldr	r0, [pc, #208]	@ (1000133c <runtime_init_default_alarm_pool+0xe4>)
1000126a:	f7ff be13 	b.w	10000e94 <lock_init>
1000126e:	f8df 80e4 	ldr.w	r8, [pc, #228]	@ 10001354 <runtime_init_default_alarm_pool+0xfc>
10001272:	2103      	movs	r1, #3
10001274:	4640      	mov	r0, r8
10001276:	f000 fa57 	bl	10001728 <timer_hardware_alarm_claim>
1000127a:	2603      	movs	r6, #3
1000127c:	f8c4 800c 	str.w	r8, [r4, #12]
10001280:	f7ff fbd0 	bl	10000a24 <next_striped_spin_lock_num>
10001284:	f04f 4c50 	mov.w	ip, #3489660928	@ 0xd0000000
10001288:	4b2d      	ldr	r3, [pc, #180]	@ (10001340 <runtime_init_default_alarm_pool+0xe8>)
1000128a:	7026      	strb	r6, [r4, #0]
1000128c:	4403      	add	r3, r0
1000128e:	6123      	str	r3, [r4, #16]
10001290:	f8dc 3000 	ldr.w	r3, [ip]
10001294:	210f      	movs	r1, #15
10001296:	7063      	strb	r3, [r4, #1]
10001298:	6963      	ldr	r3, [r4, #20]
1000129a:	8061      	strh	r1, [r4, #2]
1000129c:	831d      	strh	r5, [r3, #24]
1000129e:	f04f 0504 	mov.w	r5, #4
100012a2:	f8a3 5078 	strh.w	r5, [r3, #120]	@ 0x78
100012a6:	f04f 0505 	mov.w	r5, #5
100012aa:	f8a3 5090 	strh.w	r5, [r3, #144]	@ 0x90
100012ae:	f04f 0506 	mov.w	r5, #6
100012b2:	f8a3 50a8 	strh.w	r5, [r3, #168]	@ 0xa8
100012b6:	f04f 0507 	mov.w	r5, #7
100012ba:	210e      	movs	r1, #14
100012bc:	2708      	movs	r7, #8
100012be:	f64f 72ff 	movw	r2, #65535	@ 0xffff
100012c2:	f04f 0e0a 	mov.w	lr, #10
100012c6:	f8a3 50c0 	strh.w	r5, [r3, #192]	@ 0xc0
100012ca:	f04f 0901 	mov.w	r9, #1
100012ce:	f04f 0c0c 	mov.w	ip, #12
100012d2:	f04f 0b02 	mov.w	fp, #2
100012d6:	f04f 0a09 	mov.w	sl, #9
100012da:	200d      	movs	r0, #13
100012dc:	f04f 050b 	mov.w	r5, #11
100012e0:	f8a3 1168 	strh.w	r1, [r3, #360]	@ 0x168
100012e4:	4917      	ldr	r1, [pc, #92]	@ (10001344 <runtime_init_default_alarm_pool+0xec>)
100012e6:	80a2      	strh	r2, [r4, #4]
100012e8:	f8a3 e108 	strh.w	lr, [r3, #264]	@ 0x108
100012ec:	60a1      	str	r1, [r4, #8]
100012ee:	f8a3 b048 	strh.w	fp, [r3, #72]	@ 0x48
100012f2:	f8a3 a0f0 	strh.w	sl, [r3, #240]	@ 0xf0
100012f6:	f8a3 5120 	strh.w	r5, [r3, #288]	@ 0x120
100012fa:	f8a3 c138 	strh.w	ip, [r3, #312]	@ 0x138
100012fe:	f8a3 0150 	strh.w	r0, [r3, #336]	@ 0x150
10001302:	f8a3 9030 	strh.w	r9, [r3, #48]	@ 0x30
10001306:	f8a3 6060 	strh.w	r6, [r3, #96]	@ 0x60
1000130a:	f8a3 70d8 	strh.w	r7, [r3, #216]	@ 0xd8
1000130e:	801a      	strh	r2, [r3, #0]
10001310:	4b0d      	ldr	r3, [pc, #52]	@ (10001348 <runtime_init_default_alarm_pool+0xf0>)
10001312:	4630      	mov	r0, r6
10001314:	f8c8 7020 	str.w	r7, [r8, #32]
10001318:	490c      	ldr	r1, [pc, #48]	@ (1000134c <runtime_init_default_alarm_pool+0xf4>)
1000131a:	60dc      	str	r4, [r3, #12]
1000131c:	f7ff fc16 	bl	10000b4c <irq_set_exclusive_handler>
10001320:	4649      	mov	r1, r9
10001322:	4630      	mov	r0, r6
10001324:	f7ff fbce 	bl	10000ac4 <irq_set_enabled>
10001328:	4b09      	ldr	r3, [pc, #36]	@ (10001350 <runtime_init_default_alarm_pool+0xf8>)
1000132a:	210a      	movs	r1, #10
1000132c:	641f      	str	r7, [r3, #64]	@ 0x40
1000132e:	4803      	ldr	r0, [pc, #12]	@ (1000133c <runtime_init_default_alarm_pool+0xe4>)
10001330:	e8bd 4ff8 	ldmia.w	sp!, {r3, r4, r5, r6, r7, r8, r9, sl, fp, lr}
10001334:	f7ff bdae 	b.w	10000e94 <lock_init>
10001338:	200011ac 	.word	0x200011ac
1000133c:	200060b4 	.word	0x200060b4
10001340:	20001790 	.word	0x20001790
10001344:	0010ffff 	.word	0x0010ffff
10001348:	20002060 	.word	0x20002060
1000134c:	10000f79 	.word	0x10000f79
10001350:	400b2000 	.word	0x400b2000
10001354:	400b0000 	.word	0x400b0000

10001358 <alarm_pool_get_default>:
10001358:	4800      	ldr	r0, [pc, #0]	@ (1000135c <alarm_pool_get_default+0x4>)
1000135a:	4770      	bx	lr
1000135c:	200011ac 	.word	0x200011ac

10001360 <alarm_pool_add_alarm_at>:
10001360:	b5f8      	push	{r3, r4, r5, r6, r7, lr}
10001362:	f89d 7020 	ldrb.w	r7, [sp, #32]
10001366:	4604      	mov	r4, r0
10001368:	4616      	mov	r6, r2
1000136a:	461d      	mov	r5, r3
1000136c:	b937      	cbnz	r7, 1000137c <alarm_pool_add_alarm_at+0x1c>
1000136e:	f000 f9f5 	bl	1000175c <time_us_64>
10001372:	4286      	cmp	r6, r0
10001374:	eb65 0101 	sbc.w	r1, r5, r1
10001378:	2900      	cmp	r1, #0
1000137a:	db5c      	blt.n	10001436 <alarm_pool_add_alarm_at+0xd6>
1000137c:	6923      	ldr	r3, [r4, #16]
1000137e:	f3ef 8710 	mrs	r7, PRIMASK
10001382:	b672      	cpsid	i
10001384:	e8d3 1fcf 	ldaexb	r1, [r3]
10001388:	2201      	movs	r2, #1
1000138a:	2900      	cmp	r1, #0
1000138c:	d1fa      	bne.n	10001384 <alarm_pool_add_alarm_at+0x24>
1000138e:	e8c3 2f41 	strexb	r1, r2, [r3]
10001392:	2900      	cmp	r1, #0
10001394:	d1f6      	bne.n	10001384 <alarm_pool_add_alarm_at+0x24>
10001396:	f3bf 8f5f 	dmb	sy
1000139a:	f9b4 c002 	ldrsh.w	ip, [r4, #2]
1000139e:	6963      	ldr	r3, [r4, #20]
100013a0:	eb0c 014c 	add.w	r1, ip, ip, lsl #1
100013a4:	f1bc 0f00 	cmp.w	ip, #0
100013a8:	ea4f 02c1 	mov.w	r2, r1, lsl #3
100013ac:	eb03 01c1 	add.w	r1, r3, r1, lsl #3
100013b0:	db38      	blt.n	10001424 <alarm_pool_add_alarm_at+0xc4>
100013b2:	5a98      	ldrh	r0, [r3, r2]
100013b4:	f04f 0e00 	mov.w	lr, #0
100013b8:	8060      	strh	r0, [r4, #2]
100013ba:	6920      	ldr	r0, [r4, #16]
100013bc:	e8c0 ef8f 	stlb	lr, [r0]
100013c0:	f387 8810 	msr	PRIMASK, r7
100013c4:	9806      	ldr	r0, [sp, #24]
100013c6:	e9c1 6502 	strd	r6, r5, [r1, #8]
100013ca:	6108      	str	r0, [r1, #16]
100013cc:	9807      	ldr	r0, [sp, #28]
100013ce:	6148      	str	r0, [r1, #20]
100013d0:	8848      	ldrh	r0, [r1, #2]
100013d2:	3001      	adds	r0, #1
100013d4:	f3c0 000e 	ubfx	r0, r0, #0, #15
100013d8:	2801      	cmp	r0, #1
100013da:	bf38      	it	cc
100013dc:	2001      	movcc	r0, #1
100013de:	8048      	strh	r0, [r1, #2]
100013e0:	ea40 400c 	orr.w	r0, r0, ip, lsl #16
100013e4:	6921      	ldr	r1, [r4, #16]
100013e6:	f3ef 8510 	mrs	r5, PRIMASK
100013ea:	b672      	cpsid	i
100013ec:	e8d1 7fcf 	ldaexb	r7, [r1]
100013f0:	2601      	movs	r6, #1
100013f2:	2f00      	cmp	r7, #0
100013f4:	d1fa      	bne.n	100013ec <alarm_pool_add_alarm_at+0x8c>
100013f6:	e8c1 6f47 	strexb	r7, r6, [r1]
100013fa:	2f00      	cmp	r7, #0
100013fc:	d1f6      	bne.n	100013ec <alarm_pool_add_alarm_at+0x8c>
100013fe:	f3bf 8f5f 	dmb	sy
10001402:	88a1      	ldrh	r1, [r4, #4]
10001404:	5299      	strh	r1, [r3, r2]
10001406:	f8a4 c004 	strh.w	ip, [r4, #4]
1000140a:	6923      	ldr	r3, [r4, #16]
1000140c:	e8c3 ef8f 	stlb	lr, [r3]
10001410:	f385 8810 	msr	PRIMASK, r5
10001414:	2201      	movs	r2, #1
10001416:	68e3      	ldr	r3, [r4, #12]
10001418:	7821      	ldrb	r1, [r4, #0]
1000141a:	f503 5301 	add.w	r3, r3, #8256	@ 0x2040
1000141e:	408a      	lsls	r2, r1
10001420:	605a      	str	r2, [r3, #4]
10001422:	bdf8      	pop	{r3, r4, r5, r6, r7, pc}
10001424:	2300      	movs	r3, #0
10001426:	6922      	ldr	r2, [r4, #16]
10001428:	e8c2 3f8f 	stlb	r3, [r2]
1000142c:	f387 8810 	msr	PRIMASK, r7
10001430:	f04f 30ff 	mov.w	r0, #4294967295	@ 0xffffffff
10001434:	bdf8      	pop	{r3, r4, r5, r6, r7, pc}
10001436:	4638      	mov	r0, r7
10001438:	bdf8      	pop	{r3, r4, r5, r6, r7, pc}
1000143a:	bf00      	nop

1000143c <alarm_pool_add_alarm_at_force_in_context>:
1000143c:	4601      	mov	r1, r0
1000143e:	b5f0      	push	{r4, r5, r6, r7, lr}
10001440:	6900      	ldr	r0, [r0, #16]
10001442:	f3ef 8710 	mrs	r7, PRIMASK
10001446:	b672      	cpsid	i
10001448:	e8d0 5fcf 	ldaexb	r5, [r0]
1000144c:	2401      	movs	r4, #1
1000144e:	2d00      	cmp	r5, #0
10001450:	d1fa      	bne.n	10001448 <alarm_pool_add_alarm_at_force_in_context+0xc>
10001452:	e8c0 4f45 	strexb	r5, r4, [r0]
10001456:	2d00      	cmp	r5, #0
10001458:	d1f6      	bne.n	10001448 <alarm_pool_add_alarm_at_force_in_context+0xc>
1000145a:	f3bf 8f5f 	dmb	sy
1000145e:	f9b1 e002 	ldrsh.w	lr, [r1, #2]
10001462:	694c      	ldr	r4, [r1, #20]
10001464:	eb0e 0c4e 	add.w	ip, lr, lr, lsl #1
10001468:	f1be 0f00 	cmp.w	lr, #0
1000146c:	ea4f 05cc 	mov.w	r5, ip, lsl #3
10001470:	eb04 0ccc 	add.w	ip, r4, ip, lsl #3
10001474:	db3d      	blt.n	100014f2 <alarm_pool_add_alarm_at_force_in_context+0xb6>
10001476:	5b60      	ldrh	r0, [r4, r5]
10001478:	2600      	movs	r6, #0
1000147a:	8048      	strh	r0, [r1, #2]
1000147c:	6908      	ldr	r0, [r1, #16]
1000147e:	e8c0 6f8f 	stlb	r6, [r0]
10001482:	f387 8810 	msr	PRIMASK, r7
10001486:	f8bc 0002 	ldrh.w	r0, [ip, #2]
1000148a:	e9cc 2302 	strd	r2, r3, [ip, #8]
1000148e:	3001      	adds	r0, #1
10001490:	f3c0 000e 	ubfx	r0, r0, #0, #15
10001494:	2801      	cmp	r0, #1
10001496:	bf38      	it	cc
10001498:	2001      	movcc	r0, #1
1000149a:	9b05      	ldr	r3, [sp, #20]
1000149c:	f8ac 0002 	strh.w	r0, [ip, #2]
100014a0:	f8cc 3010 	str.w	r3, [ip, #16]
100014a4:	9b06      	ldr	r3, [sp, #24]
100014a6:	ea40 400e 	orr.w	r0, r0, lr, lsl #16
100014aa:	f8cc 3014 	str.w	r3, [ip, #20]
100014ae:	690b      	ldr	r3, [r1, #16]
100014b0:	f3ef 8210 	mrs	r2, PRIMASK
100014b4:	b672      	cpsid	i
100014b6:	e8d3 cfcf 	ldaexb	ip, [r3]
100014ba:	2701      	movs	r7, #1
100014bc:	f1bc 0f00 	cmp.w	ip, #0
100014c0:	d1f9      	bne.n	100014b6 <alarm_pool_add_alarm_at_force_in_context+0x7a>
100014c2:	e8c3 7f4c 	strexb	ip, r7, [r3]
100014c6:	f1bc 0f00 	cmp.w	ip, #0
100014ca:	d1f4      	bne.n	100014b6 <alarm_pool_add_alarm_at_force_in_context+0x7a>
100014cc:	f3bf 8f5f 	dmb	sy
100014d0:	888b      	ldrh	r3, [r1, #4]
100014d2:	5363      	strh	r3, [r4, r5]
100014d4:	f8a1 e004 	strh.w	lr, [r1, #4]
100014d8:	690b      	ldr	r3, [r1, #16]
100014da:	e8c3 6f8f 	stlb	r6, [r3]
100014de:	f382 8810 	msr	PRIMASK, r2
100014e2:	2201      	movs	r2, #1
100014e4:	68cb      	ldr	r3, [r1, #12]
100014e6:	7809      	ldrb	r1, [r1, #0]
100014e8:	f503 5301 	add.w	r3, r3, #8256	@ 0x2040
100014ec:	408a      	lsls	r2, r1
100014ee:	605a      	str	r2, [r3, #4]
100014f0:	bdf0      	pop	{r4, r5, r6, r7, pc}
100014f2:	2300      	movs	r3, #0
100014f4:	690a      	ldr	r2, [r1, #16]
100014f6:	e8c2 3f8f 	stlb	r3, [r2]
100014fa:	f387 8810 	msr	PRIMASK, r7
100014fe:	f04f 30ff 	mov.w	r0, #4294967295	@ 0xffffffff
10001502:	bdf0      	pop	{r4, r5, r6, r7, pc}

10001504 <alarm_pool_cancel_alarm>:
10001504:	4603      	mov	r3, r0
10001506:	8940      	ldrh	r0, [r0, #10]
10001508:	ebb0 4f21 	cmp.w	r0, r1, asr #16
1000150c:	dd37      	ble.n	1000157e <alarm_pool_cancel_alarm+0x7a>
1000150e:	6958      	ldr	r0, [r3, #20]
10001510:	140a      	asrs	r2, r1, #16
10001512:	eb02 0242 	add.w	r2, r2, r2, lsl #1
10001516:	b510      	push	{r4, lr}
10001518:	eb00 00c2 	add.w	r0, r0, r2, lsl #3
1000151c:	691c      	ldr	r4, [r3, #16]
1000151e:	f3ef 8c10 	mrs	ip, PRIMASK
10001522:	b672      	cpsid	i
10001524:	e8d4 efcf 	ldaexb	lr, [r4]
10001528:	2201      	movs	r2, #1
1000152a:	f1be 0f00 	cmp.w	lr, #0
1000152e:	d1f9      	bne.n	10001524 <alarm_pool_cancel_alarm+0x20>
10001530:	e8c4 2f4e 	strexb	lr, r2, [r4]
10001534:	f1be 0f00 	cmp.w	lr, #0
10001538:	d1f4      	bne.n	10001524 <alarm_pool_cancel_alarm+0x20>
1000153a:	f3bf 8f5f 	dmb	sy
1000153e:	8842      	ldrh	r2, [r0, #2]
10001540:	b289      	uxth	r1, r1
10001542:	b292      	uxth	r2, r2
10001544:	428a      	cmp	r2, r1
10001546:	d007      	beq.n	10001558 <alarm_pool_cancel_alarm+0x54>
10001548:	2200      	movs	r2, #0
1000154a:	691b      	ldr	r3, [r3, #16]
1000154c:	e8c3 2f8f 	stlb	r2, [r3]
10001550:	f38c 8810 	msr	PRIMASK, ip
10001554:	2000      	movs	r0, #0
10001556:	bd10      	pop	{r4, pc}
10001558:	f442 4200 	orr.w	r2, r2, #32768	@ 0x8000
1000155c:	8042      	strh	r2, [r0, #2]
1000155e:	2101      	movs	r1, #1
10001560:	2200      	movs	r2, #0
10001562:	6918      	ldr	r0, [r3, #16]
10001564:	7199      	strb	r1, [r3, #6]
10001566:	e8c0 2f8f 	stlb	r2, [r0]
1000156a:	f38c 8810 	msr	PRIMASK, ip
1000156e:	781c      	ldrb	r4, [r3, #0]
10001570:	68da      	ldr	r2, [r3, #12]
10001572:	4608      	mov	r0, r1
10001574:	f502 5301 	add.w	r3, r2, #8256	@ 0x2040
10001578:	40a1      	lsls	r1, r4
1000157a:	6059      	str	r1, [r3, #4]
1000157c:	bd10      	pop	{r4, pc}
1000157e:	2000      	movs	r0, #0
10001580:	4770      	bx	lr
10001582:	bf00      	nop

10001584 <alarm_pool_core_num>:
10001584:	7840      	ldrb	r0, [r0, #1]
10001586:	4770      	bx	lr

10001588 <sleep_until>:
10001588:	e92d 41f0 	stmdb	sp!, {r4, r5, r6, r7, r8, lr}
1000158c:	1f86      	subs	r6, r0, #6
1000158e:	f141 35ff 	adc.w	r5, r1, #4294967295	@ 0xffffffff
10001592:	42b0      	cmp	r0, r6
10001594:	eb71 0305 	sbcs.w	r3, r1, r5
10001598:	bf38      	it	cc
1000159a:	2600      	movcc	r6, #0
1000159c:	b082      	sub	sp, #8
1000159e:	bf38      	it	cc
100015a0:	4635      	movcc	r5, r6
100015a2:	4604      	mov	r4, r0
100015a4:	460f      	mov	r7, r1
100015a6:	f000 f8d9 	bl	1000175c <time_us_64>
100015aa:	1a30      	subs	r0, r6, r0
100015ac:	eb65 0301 	sbc.w	r3, r5, r1
100015b0:	2801      	cmp	r0, #1
100015b2:	f173 0300 	sbcs.w	r3, r3, #0
100015b6:	da06      	bge.n	100015c6 <sleep_until+0x3e>
100015b8:	4620      	mov	r0, r4
100015ba:	4639      	mov	r1, r7
100015bc:	b002      	add	sp, #8
100015be:	e8bd 41f0 	ldmia.w	sp!, {r4, r5, r6, r7, r8, lr}
100015c2:	f000 b903 	b.w	100017cc <busy_wait_until>
100015c6:	f000 f8c9 	bl	1000175c <time_us_64>
100015ca:	4286      	cmp	r6, r0
100015cc:	eb65 0101 	sbc.w	r1, r5, r1
100015d0:	2900      	cmp	r1, #0
100015d2:	db0a      	blt.n	100015ea <sleep_until+0x62>
100015d4:	2100      	movs	r1, #0
100015d6:	4b17      	ldr	r3, [pc, #92]	@ (10001634 <sleep_until+0xac>)
100015d8:	4632      	mov	r2, r6
100015da:	9300      	str	r3, [sp, #0]
100015dc:	4816      	ldr	r0, [pc, #88]	@ (10001638 <sleep_until+0xb0>)
100015de:	462b      	mov	r3, r5
100015e0:	9101      	str	r1, [sp, #4]
100015e2:	f7ff ff2b 	bl	1000143c <alarm_pool_add_alarm_at_force_in_context>
100015e6:	2800      	cmp	r0, #0
100015e8:	dbe6      	blt.n	100015b8 <sleep_until+0x30>
100015ea:	f04f 0c00 	mov.w	ip, #0
100015ee:	4813      	ldr	r0, [pc, #76]	@ (1000163c <sleep_until+0xb4>)
100015f0:	4a13      	ldr	r2, [pc, #76]	@ (10001640 <sleep_until+0xb8>)
100015f2:	6a43      	ldr	r3, [r0, #36]	@ 0x24
100015f4:	429d      	cmp	r5, r3
100015f6:	d804      	bhi.n	10001602 <sleep_until+0x7a>
100015f8:	6a81      	ldr	r1, [r0, #40]	@ 0x28
100015fa:	42b1      	cmp	r1, r6
100015fc:	d2dc      	bcs.n	100015b8 <sleep_until+0x30>
100015fe:	429d      	cmp	r5, r3
10001600:	d1da      	bne.n	100015b8 <sleep_until+0x30>
10001602:	6813      	ldr	r3, [r2, #0]
10001604:	f3ef 8110 	mrs	r1, PRIMASK
10001608:	b672      	cpsid	i
1000160a:	e8d3 8fcf 	ldaexb	r8, [r3]
1000160e:	f05f 0e01 	movs.w	lr, #1
10001612:	f1b8 0f00 	cmp.w	r8, #0
10001616:	d1f8      	bne.n	1000160a <sleep_until+0x82>
10001618:	e8c3 ef48 	strexb	r8, lr, [r3]
1000161c:	f1b8 0f00 	cmp.w	r8, #0
10001620:	d1f3      	bne.n	1000160a <sleep_until+0x82>
10001622:	f3bf 8f5f 	dmb	sy
10001626:	6813      	ldr	r3, [r2, #0]
10001628:	e8c3 cf8f 	stlb	ip, [r3]
1000162c:	f381 8810 	msr	PRIMASK, r1
10001630:	bf20      	wfe
10001632:	e7de      	b.n	100015f2 <sleep_until+0x6a>
10001634:	10000f3d 	.word	0x10000f3d
10001638:	200011ac 	.word	0x200011ac
1000163c:	400b0000 	.word	0x400b0000
10001640:	200060b4 	.word	0x200060b4

10001644 <sleep_ms>:
10001644:	b510      	push	{r4, lr}
10001646:	4604      	mov	r4, r0
10001648:	f000 f888 	bl	1000175c <time_us_64>
1000164c:	f44f 737a 	mov.w	r3, #1000	@ 0x3e8
10001650:	f04f 3cff 	mov.w	ip, #4294967295	@ 0xffffffff
10001654:	f06f 4200 	mvn.w	r2, #2147483648	@ 0x80000000
10001658:	fbe4 0103 	umlal	r0, r1, r4, r3
1000165c:	e8bd 4010 	ldmia.w	sp!, {r4, lr}
10001660:	4584      	cmp	ip, r0
10001662:	eb72 0301 	sbcs.w	r3, r2, r1
10001666:	bf3c      	itt	cc
10001668:	4660      	movcc	r0, ip
1000166a:	4611      	movcc	r1, r2
1000166c:	f7ff bf8c 	b.w	10001588 <sleep_until>

10001670 <best_effort_wfe_or_timeout>:
10001670:	b5f0      	push	{r4, r5, r6, r7, lr}
10001672:	4606      	mov	r6, r0
10001674:	460d      	mov	r5, r1
10001676:	b083      	sub	sp, #12
10001678:	f3ef 8405 	mrs	r4, IPSR
1000167c:	b2e4      	uxtb	r4, r4
1000167e:	2c00      	cmp	r4, #0
10001680:	d135      	bne.n	100016ee <best_effort_wfe_or_timeout+0x7e>
10001682:	4f26      	ldr	r7, [pc, #152]	@ (1000171c <best_effort_wfe_or_timeout+0xac>)
10001684:	783a      	ldrb	r2, [r7, #0]
10001686:	68f9      	ldr	r1, [r7, #12]
10001688:	3204      	adds	r2, #4
1000168a:	6a8b      	ldr	r3, [r1, #40]	@ 0x28
1000168c:	f851 2022 	ldr.w	r2, [r1, r2, lsl #2]
10001690:	1ad2      	subs	r2, r2, r3
10001692:	1ac3      	subs	r3, r0, r3
10001694:	4293      	cmp	r3, r2
10001696:	d307      	bcc.n	100016a8 <best_effort_wfe_or_timeout+0x38>
10001698:	bf20      	wfe
1000169a:	4b21      	ldr	r3, [pc, #132]	@ (10001720 <best_effort_wfe_or_timeout+0xb0>)
1000169c:	6a58      	ldr	r0, [r3, #36]	@ 0x24
1000169e:	4285      	cmp	r5, r0
100016a0:	d91f      	bls.n	100016e2 <best_effort_wfe_or_timeout+0x72>
100016a2:	2000      	movs	r0, #0
100016a4:	b003      	add	sp, #12
100016a6:	bdf0      	pop	{r4, r5, r6, r7, pc}
100016a8:	f000 f858 	bl	1000175c <time_us_64>
100016ac:	4286      	cmp	r6, r0
100016ae:	eb65 0101 	sbc.w	r1, r5, r1
100016b2:	2900      	cmp	r1, #0
100016b4:	db11      	blt.n	100016da <best_effort_wfe_or_timeout+0x6a>
100016b6:	4b1b      	ldr	r3, [pc, #108]	@ (10001724 <best_effort_wfe_or_timeout+0xb4>)
100016b8:	4638      	mov	r0, r7
100016ba:	e9cd 3400 	strd	r3, r4, [sp]
100016be:	4632      	mov	r2, r6
100016c0:	462b      	mov	r3, r5
100016c2:	f7ff febb 	bl	1000143c <alarm_pool_add_alarm_at_force_in_context>
100016c6:	1e01      	subs	r1, r0, #0
100016c8:	dd07      	ble.n	100016da <best_effort_wfe_or_timeout+0x6a>
100016ca:	4b15      	ldr	r3, [pc, #84]	@ (10001720 <best_effort_wfe_or_timeout+0xb0>)
100016cc:	6a5a      	ldr	r2, [r3, #36]	@ 0x24
100016ce:	4295      	cmp	r5, r2
100016d0:	d91d      	bls.n	1000170e <best_effort_wfe_or_timeout+0x9e>
100016d2:	bf20      	wfe
100016d4:	4811      	ldr	r0, [pc, #68]	@ (1000171c <best_effort_wfe_or_timeout+0xac>)
100016d6:	f7ff ff15 	bl	10001504 <alarm_pool_cancel_alarm>
100016da:	4b11      	ldr	r3, [pc, #68]	@ (10001720 <best_effort_wfe_or_timeout+0xb0>)
100016dc:	6a58      	ldr	r0, [r3, #36]	@ 0x24
100016de:	4285      	cmp	r5, r0
100016e0:	d8df      	bhi.n	100016a2 <best_effort_wfe_or_timeout+0x32>
100016e2:	6a9b      	ldr	r3, [r3, #40]	@ 0x28
100016e4:	429e      	cmp	r6, r3
100016e6:	d80d      	bhi.n	10001704 <best_effort_wfe_or_timeout+0x94>
100016e8:	2001      	movs	r0, #1
100016ea:	b003      	add	sp, #12
100016ec:	bdf0      	pop	{r4, r5, r6, r7, pc}
100016ee:	4b0c      	ldr	r3, [pc, #48]	@ (10001720 <best_effort_wfe_or_timeout+0xb0>)
100016f0:	6a58      	ldr	r0, [r3, #36]	@ 0x24
100016f2:	4288      	cmp	r0, r1
100016f4:	d3d5      	bcc.n	100016a2 <best_effort_wfe_or_timeout+0x32>
100016f6:	6a9b      	ldr	r3, [r3, #40]	@ 0x28
100016f8:	42b3      	cmp	r3, r6
100016fa:	d2f5      	bcs.n	100016e8 <best_effort_wfe_or_timeout+0x78>
100016fc:	1a40      	subs	r0, r0, r1
100016fe:	bf18      	it	ne
10001700:	2001      	movne	r0, #1
10001702:	e7cf      	b.n	100016a4 <best_effort_wfe_or_timeout+0x34>
10001704:	1a28      	subs	r0, r5, r0
10001706:	bf18      	it	ne
10001708:	2001      	movne	r0, #1
1000170a:	b003      	add	sp, #12
1000170c:	bdf0      	pop	{r4, r5, r6, r7, pc}
1000170e:	6a9b      	ldr	r3, [r3, #40]	@ 0x28
10001710:	429e      	cmp	r6, r3
10001712:	d9df      	bls.n	100016d4 <best_effort_wfe_or_timeout+0x64>
10001714:	4295      	cmp	r5, r2
10001716:	d1dd      	bne.n	100016d4 <best_effort_wfe_or_timeout+0x64>
10001718:	e7db      	b.n	100016d2 <best_effort_wfe_or_timeout+0x62>
1000171a:	bf00      	nop
1000171c:	200011ac 	.word	0x200011ac
10001720:	400b0000 	.word	0x400b0000
10001724:	10000f3d 	.word	0x10000f3d

10001728 <timer_hardware_alarm_claim>:
10001728:	b410      	push	{r4}
1000172a:	4b05      	ldr	r3, [pc, #20]	@ (10001740 <timer_hardware_alarm_claim+0x18>)
1000172c:	4c05      	ldr	r4, [pc, #20]	@ (10001744 <timer_hardware_alarm_claim+0x1c>)
1000172e:	4a06      	ldr	r2, [pc, #24]	@ (10001748 <timer_hardware_alarm_claim+0x20>)
10001730:	42a0      	cmp	r0, r4
10001732:	bf14      	ite	ne
10001734:	4618      	movne	r0, r3
10001736:	1c58      	addeq	r0, r3, #1
10001738:	f85d 4b04 	ldr.w	r4, [sp], #4
1000173c:	f7ff b8f8 	b.w	10000930 <hw_claim_or_assert>
10001740:	20001bec 	.word	0x20001bec
10001744:	400b8000 	.word	0x400b8000
10001748:	10006440 	.word	0x10006440

1000174c <timer_time_us_64>:
1000174c:	4603      	mov	r3, r0
1000174e:	6a41      	ldr	r1, [r0, #36]	@ 0x24
10001750:	460a      	mov	r2, r1
10001752:	6a98      	ldr	r0, [r3, #40]	@ 0x28
10001754:	6a59      	ldr	r1, [r3, #36]	@ 0x24
10001756:	428a      	cmp	r2, r1
10001758:	d1fa      	bne.n	10001750 <timer_time_us_64+0x4>
1000175a:	4770      	bx	lr

1000175c <time_us_64>:
1000175c:	4b03      	ldr	r3, [pc, #12]	@ (1000176c <time_us_64+0x10>)
1000175e:	6a59      	ldr	r1, [r3, #36]	@ 0x24
10001760:	460a      	mov	r2, r1
10001762:	6a98      	ldr	r0, [r3, #40]	@ 0x28
10001764:	6a59      	ldr	r1, [r3, #36]	@ 0x24
10001766:	4291      	cmp	r1, r2
10001768:	d1fa      	bne.n	10001760 <time_us_64+0x4>
1000176a:	4770      	bx	lr
1000176c:	400b0000 	.word	0x400b0000

10001770 <busy_wait_us>:
10001770:	b430      	push	{r4, r5}
10001772:	4a15      	ldr	r2, [pc, #84]	@ (100017c8 <busy_wait_us+0x58>)
10001774:	6a53      	ldr	r3, [r2, #36]	@ 0x24
10001776:	469c      	mov	ip, r3
10001778:	6a94      	ldr	r4, [r2, #40]	@ 0x28
1000177a:	6a53      	ldr	r3, [r2, #36]	@ 0x24
1000177c:	4563      	cmp	r3, ip
1000177e:	d1fa      	bne.n	10001776 <busy_wait_us+0x6>
10001780:	1902      	adds	r2, r0, r4
10001782:	4159      	adcs	r1, r3
10001784:	f04f 0500 	mov.w	r5, #0
10001788:	bf28      	it	cs
1000178a:	2501      	movcs	r5, #1
1000178c:	4b0e      	ldr	r3, [pc, #56]	@ (100017c8 <busy_wait_us+0x58>)
1000178e:	6a5b      	ldr	r3, [r3, #36]	@ 0x24
10001790:	b1b5      	cbz	r5, 100017c0 <busy_wait_us+0x50>
10001792:	1c5a      	adds	r2, r3, #1
10001794:	bf08      	it	eq
10001796:	461a      	moveq	r2, r3
10001798:	d008      	beq.n	100017ac <busy_wait_us+0x3c>
1000179a:	f04f 31ff 	mov.w	r1, #4294967295	@ 0xffffffff
1000179e:	460a      	mov	r2, r1
100017a0:	4809      	ldr	r0, [pc, #36]	@ (100017c8 <busy_wait_us+0x58>)
100017a2:	6a43      	ldr	r3, [r0, #36]	@ 0x24
100017a4:	428b      	cmp	r3, r1
100017a6:	d3fc      	bcc.n	100017a2 <busy_wait_us+0x32>
100017a8:	428b      	cmp	r3, r1
100017aa:	d107      	bne.n	100017bc <busy_wait_us+0x4c>
100017ac:	4906      	ldr	r1, [pc, #24]	@ (100017c8 <busy_wait_us+0x58>)
100017ae:	e002      	b.n	100017b6 <busy_wait_us+0x46>
100017b0:	6a48      	ldr	r0, [r1, #36]	@ 0x24
100017b2:	4298      	cmp	r0, r3
100017b4:	d102      	bne.n	100017bc <busy_wait_us+0x4c>
100017b6:	6a88      	ldr	r0, [r1, #40]	@ 0x28
100017b8:	4290      	cmp	r0, r2
100017ba:	d3f9      	bcc.n	100017b0 <busy_wait_us+0x40>
100017bc:	bc30      	pop	{r4, r5}
100017be:	4770      	bx	lr
100017c0:	4299      	cmp	r1, r3
100017c2:	d8ed      	bhi.n	100017a0 <busy_wait_us+0x30>
100017c4:	e7f0      	b.n	100017a8 <busy_wait_us+0x38>
100017c6:	bf00      	nop
100017c8:	400b0000 	.word	0x400b0000

100017cc <busy_wait_until>:
100017cc:	4a07      	ldr	r2, [pc, #28]	@ (100017ec <busy_wait_until+0x20>)
100017ce:	6a53      	ldr	r3, [r2, #36]	@ 0x24
100017d0:	4299      	cmp	r1, r3
100017d2:	d8fc      	bhi.n	100017ce <busy_wait_until+0x2>
100017d4:	4299      	cmp	r1, r3
100017d6:	d107      	bne.n	100017e8 <busy_wait_until+0x1c>
100017d8:	4b04      	ldr	r3, [pc, #16]	@ (100017ec <busy_wait_until+0x20>)
100017da:	e002      	b.n	100017e2 <busy_wait_until+0x16>
100017dc:	6a5a      	ldr	r2, [r3, #36]	@ 0x24
100017de:	4291      	cmp	r1, r2
100017e0:	d102      	bne.n	100017e8 <busy_wait_until+0x1c>
100017e2:	6a9a      	ldr	r2, [r3, #40]	@ 0x28
100017e4:	4282      	cmp	r2, r0
100017e6:	d3f9      	bcc.n	100017dc <busy_wait_until+0x10>
100017e8:	4770      	bx	lr
100017ea:	bf00      	nop
100017ec:	400b0000 	.word	0x400b0000

100017f0 <clock_configure_undivided>:
100017f0:	eb00 0c40 	add.w	ip, r0, r0, lsl #1
100017f4:	ea4f 0c8c 	mov.w	ip, ip, lsl #2
100017f8:	f10c 4c80 	add.w	ip, ip, #1073741824	@ 0x40000000
100017fc:	f50c 3c80 	add.w	ip, ip, #65536	@ 0x10000
10001800:	b5f0      	push	{r4, r5, r6, r7, lr}
10001802:	4616      	mov	r6, r2
10001804:	f8dc 2004 	ldr.w	r2, [ip, #4]
10001808:	1f05      	subs	r5, r0, #4
1000180a:	f5b2 3f80 	cmp.w	r2, #65536	@ 0x10000
1000180e:	bf38      	it	cc
10001810:	f44f 3280 	movcc.w	r2, #65536	@ 0x10000
10001814:	b2ed      	uxtb	r5, r5
10001816:	bf38      	it	cc
10001818:	f8cc 2004 	strcc.w	r2, [ip, #4]
1000181c:	2d01      	cmp	r5, #1
1000181e:	d92a      	bls.n	10001876 <clock_configure_undivided+0x86>
10001820:	f44f 6700 	mov.w	r7, #2048	@ 0x800
10001824:	4c25      	ldr	r4, [pc, #148]	@ (100018bc <clock_configure_undivided+0xcc>)
10001826:	f50c 5240 	add.w	r2, ip, #12288	@ 0x3000
1000182a:	6017      	str	r7, [r2, #0]
1000182c:	f854 2020 	ldr.w	r2, [r4, r0, lsl #2]
10001830:	b9b2      	cbnz	r2, 10001860 <clock_configure_undivided+0x70>
10001832:	f8dc 2000 	ldr.w	r2, [ip]
10001836:	2d01      	cmp	r5, #1
10001838:	ea82 1246 	eor.w	r2, r2, r6, lsl #5
1000183c:	f002 02e0 	and.w	r2, r2, #224	@ 0xe0
10001840:	f50c 5680 	add.w	r6, ip, #4096	@ 0x1000
10001844:	6032      	str	r2, [r6, #0]
10001846:	d92a      	bls.n	1000189e <clock_configure_undivided+0xae>
10001848:	f44f 6100 	mov.w	r1, #2048	@ 0x800
1000184c:	f844 3020 	str.w	r3, [r4, r0, lsl #2]
10001850:	f44f 3380 	mov.w	r3, #65536	@ 0x10000
10001854:	f50c 5200 	add.w	r2, ip, #8192	@ 0x2000
10001858:	6011      	str	r1, [r2, #0]
1000185a:	f8cc 3004 	str.w	r3, [ip, #4]
1000185e:	bdf0      	pop	{r4, r5, r6, r7, pc}
10001860:	6967      	ldr	r7, [r4, #20]
10001862:	fbb7 fef2 	udiv	lr, r7, r2
10001866:	f10e 0e01 	add.w	lr, lr, #1
1000186a:	eb0e 0e4e 	add.w	lr, lr, lr, lsl #1
1000186e:	f1be 0e03 	subs.w	lr, lr, #3
10001872:	d2fc      	bcs.n	1000186e <clock_configure_undivided+0x7e>
10001874:	e7dd      	b.n	10001832 <clock_configure_undivided+0x42>
10001876:	2901      	cmp	r1, #1
10001878:	d1d2      	bne.n	10001820 <clock_configure_undivided+0x30>
1000187a:	2403      	movs	r4, #3
1000187c:	f50c 5240 	add.w	r2, ip, #12288	@ 0x3000
10001880:	6014      	str	r4, [r2, #0]
10001882:	f8dc 2008 	ldr.w	r2, [ip, #8]
10001886:	07d2      	lsls	r2, r2, #31
10001888:	d5fb      	bpl.n	10001882 <clock_configure_undivided+0x92>
1000188a:	f8dc 2000 	ldr.w	r2, [ip]
1000188e:	4c0b      	ldr	r4, [pc, #44]	@ (100018bc <clock_configure_undivided+0xcc>)
10001890:	ea82 1246 	eor.w	r2, r2, r6, lsl #5
10001894:	f002 02e0 	and.w	r2, r2, #224	@ 0xe0
10001898:	f50c 5680 	add.w	r6, ip, #4096	@ 0x1000
1000189c:	6032      	str	r2, [r6, #0]
1000189e:	2201      	movs	r2, #1
100018a0:	f8dc 5000 	ldr.w	r5, [ip]
100018a4:	404d      	eors	r5, r1
100018a6:	f005 0503 	and.w	r5, r5, #3
100018aa:	6035      	str	r5, [r6, #0]
100018ac:	fa02 f101 	lsl.w	r1, r2, r1
100018b0:	f8dc 2008 	ldr.w	r2, [ip, #8]
100018b4:	420a      	tst	r2, r1
100018b6:	d0fb      	beq.n	100018b0 <clock_configure_undivided+0xc0>
100018b8:	e7c6      	b.n	10001848 <clock_configure_undivided+0x58>
100018ba:	bf00      	nop
100018bc:	20001bf0 	.word	0x20001bf0

100018c0 <clock_get_hz>:
100018c0:	4b01      	ldr	r3, [pc, #4]	@ (100018c8 <clock_get_hz+0x8>)
100018c2:	f853 0020 	ldr.w	r0, [r3, r0, lsl #2]
100018c6:	4770      	bx	lr
100018c8:	20001bf0 	.word	0x20001bf0

100018cc <pll_init>:
100018cc:	b470      	push	{r4, r5, r6}
100018ce:	9d03      	ldr	r5, [sp, #12]
100018d0:	6804      	ldr	r4, [r0, #0]
100018d2:	032d      	lsls	r5, r5, #12
100018d4:	ea45 4503 	orr.w	r5, r5, r3, lsl #16
100018d8:	4b1b      	ldr	r3, [pc, #108]	@ (10001948 <pll_init+0x7c>)
100018da:	2c00      	cmp	r4, #0
100018dc:	fbb3 f3f1 	udiv	r3, r3, r1
100018e0:	fbb2 f6f3 	udiv	r6, r2, r3
100018e4:	db1f      	blt.n	10001926 <pll_init+0x5a>
100018e6:	4a19      	ldr	r2, [pc, #100]	@ (1000194c <pll_init+0x80>)
100018e8:	4b19      	ldr	r3, [pc, #100]	@ (10001950 <pll_init+0x84>)
100018ea:	4290      	cmp	r0, r2
100018ec:	bf0c      	ite	eq
100018ee:	f44f 4200 	moveq.w	r2, #32768	@ 0x8000
100018f2:	f44f 4280 	movne.w	r2, #16384	@ 0x4000
100018f6:	4c17      	ldr	r4, [pc, #92]	@ (10001954 <pll_init+0x88>)
100018f8:	601a      	str	r2, [r3, #0]
100018fa:	f503 5380 	add.w	r3, r3, #4096	@ 0x1000
100018fe:	601a      	str	r2, [r3, #0]
10001900:	68a3      	ldr	r3, [r4, #8]
10001902:	ea32 0303 	bics.w	r3, r2, r3
10001906:	d1fb      	bne.n	10001900 <pll_init+0x34>
10001908:	2221      	movs	r2, #33	@ 0x21
1000190a:	f500 5340 	add.w	r3, r0, #12288	@ 0x3000
1000190e:	3304      	adds	r3, #4
10001910:	6001      	str	r1, [r0, #0]
10001912:	6086      	str	r6, [r0, #8]
10001914:	601a      	str	r2, [r3, #0]
10001916:	6802      	ldr	r2, [r0, #0]
10001918:	2a00      	cmp	r2, #0
1000191a:	dafc      	bge.n	10001916 <pll_init+0x4a>
1000191c:	2208      	movs	r2, #8
1000191e:	60c5      	str	r5, [r0, #12]
10001920:	601a      	str	r2, [r3, #0]
10001922:	bc70      	pop	{r4, r5, r6}
10001924:	4770      	bx	lr
10001926:	6803      	ldr	r3, [r0, #0]
10001928:	f003 033f 	and.w	r3, r3, #63	@ 0x3f
1000192c:	428b      	cmp	r3, r1
1000192e:	d1da      	bne.n	100018e6 <pll_init+0x1a>
10001930:	6883      	ldr	r3, [r0, #8]
10001932:	f3c3 030b 	ubfx	r3, r3, #0, #12
10001936:	42b3      	cmp	r3, r6
10001938:	d1d5      	bne.n	100018e6 <pll_init+0x1a>
1000193a:	68c3      	ldr	r3, [r0, #12]
1000193c:	f403 23ee 	and.w	r3, r3, #487424	@ 0x77000
10001940:	42ab      	cmp	r3, r5
10001942:	d1d0      	bne.n	100018e6 <pll_init+0x1a>
10001944:	e7ed      	b.n	10001922 <pll_init+0x56>
10001946:	bf00      	nop
10001948:	00b71b00 	.word	0x00b71b00
1000194c:	40058000 	.word	0x40058000
10001950:	40022000 	.word	0x40022000
10001954:	40020000 	.word	0x40020000

10001958 <watchdog_reboot>:
10001958:	b430      	push	{r4, r5}
1000195a:	f04f 4480 	mov.w	r4, #1073741824	@ 0x40000000
1000195e:	4b1c      	ldr	r3, [pc, #112]	@ (100019d0 <watchdog_reboot+0x78>)
10001960:	601c      	str	r4, [r3, #0]
10001962:	b1e0      	cbz	r0, 1000199e <watchdog_reboot+0x46>
10001964:	4c1b      	ldr	r4, [pc, #108]	@ (100019d4 <watchdog_reboot+0x7c>)
10001966:	f5a3 5340 	sub.w	r3, r3, #12288	@ 0x3000
1000196a:	61dc      	str	r4, [r3, #28]
1000196c:	4c1a      	ldr	r4, [pc, #104]	@ (100019d8 <watchdog_reboot+0x80>)
1000196e:	f040 0001 	orr.w	r0, r0, #1
10001972:	4044      	eors	r4, r0
10001974:	621c      	str	r4, [r3, #32]
10001976:	6259      	str	r1, [r3, #36]	@ 0x24
10001978:	6298      	str	r0, [r3, #40]	@ 0x28
1000197a:	f04f 4580 	mov.w	r5, #1073741824	@ 0x40000000
1000197e:	f04f 61e0 	mov.w	r1, #117440512	@ 0x7000000
10001982:	4b13      	ldr	r3, [pc, #76]	@ (100019d0 <watchdog_reboot+0x78>)
10001984:	4815      	ldr	r0, [pc, #84]	@ (100019dc <watchdog_reboot+0x84>)
10001986:	4c16      	ldr	r4, [pc, #88]	@ (100019e0 <watchdog_reboot+0x88>)
10001988:	601d      	str	r5, [r3, #0]
1000198a:	6084      	str	r4, [r0, #8]
1000198c:	6019      	str	r1, [r3, #0]
1000198e:	b94a      	cbnz	r2, 100019a4 <watchdog_reboot+0x4c>
10001990:	bc30      	pop	{r4, r5}
10001992:	f04f 4200 	mov.w	r2, #2147483648	@ 0x80000000
10001996:	f5a3 5380 	sub.w	r3, r3, #4096	@ 0x1000
1000199a:	601a      	str	r2, [r3, #0]
1000199c:	4770      	bx	lr
1000199e:	4b11      	ldr	r3, [pc, #68]	@ (100019e4 <watchdog_reboot+0x8c>)
100019a0:	61d8      	str	r0, [r3, #28]
100019a2:	e7ea      	b.n	1000197a <watchdog_reboot+0x22>
100019a4:	f44f 737a 	mov.w	r3, #1000	@ 0x3e8
100019a8:	fb03 f202 	mul.w	r2, r3, r2
100019ac:	f1b2 7f80 	cmp.w	r2, #16777216	@ 0x1000000
100019b0:	bf2a      	itet	cs
100019b2:	f06f 437f 	mvncs.w	r3, #4278190080	@ 0xff000000
100019b6:	4613      	movcc	r3, r2
100019b8:	461a      	movcs	r2, r3
100019ba:	f04f 4180 	mov.w	r1, #1073741824	@ 0x40000000
100019be:	4c0a      	ldr	r4, [pc, #40]	@ (100019e8 <watchdog_reboot+0x90>)
100019c0:	4808      	ldr	r0, [pc, #32]	@ (100019e4 <watchdog_reboot+0x8c>)
100019c2:	6023      	str	r3, [r4, #0]
100019c4:	4b09      	ldr	r3, [pc, #36]	@ (100019ec <watchdog_reboot+0x94>)
100019c6:	6042      	str	r2, [r0, #4]
100019c8:	bc30      	pop	{r4, r5}
100019ca:	6019      	str	r1, [r3, #0]
100019cc:	4770      	bx	lr
100019ce:	bf00      	nop
100019d0:	400db000 	.word	0x400db000
100019d4:	b007c0d3 	.word	0xb007c0d3
100019d8:	4ff83f2d 	.word	0x4ff83f2d
100019dc:	4001a000 	.word	0x4001a000
100019e0:	01fffff3 	.word	0x01fffff3
100019e4:	400d8000 	.word	0x400d8000
100019e8:	20002050 	.word	0x20002050
100019ec:	400da000 	.word	0x400da000

100019f0 <tick_start>:
100019f0:	2301      	movs	r3, #1
100019f2:	eb00 0040 	add.w	r0, r0, r0, lsl #1
100019f6:	0080      	lsls	r0, r0, #2
100019f8:	f100 4080 	add.w	r0, r0, #1073741824	@ 0x40000000
100019fc:	f500 1084 	add.w	r0, r0, #1081344	@ 0x108000
10001a00:	6041      	str	r1, [r0, #4]
10001a02:	6003      	str	r3, [r0, #0]
10001a04:	4770      	bx	lr
10001a06:	bf00      	nop

10001a08 <rom_reboot.constprop.0.isra.0>:
10001a08:	2300      	movs	r3, #0
10001a0a:	b570      	push	{r4, r5, r6, lr}
10001a0c:	8adb      	ldrh	r3, [r3, #22]
10001a0e:	4604      	mov	r4, r0
10001a10:	460d      	mov	r5, r1
10001a12:	2200      	movs	r2, #0
10001a14:	e842 f200 	tt	r2, r2
10001a18:	0252      	lsls	r2, r2, #9
10001a1a:	bf54      	ite	pl
10001a1c:	2110      	movpl	r1, #16
10001a1e:	2104      	movmi	r1, #4
10001a20:	f244 2052 	movw	r0, #16978	@ 0x4252
10001a24:	4798      	blx	r3
10001a26:	4686      	mov	lr, r0
10001a28:	462b      	mov	r3, r5
10001a2a:	4622      	mov	r2, r4
10001a2c:	46f4      	mov	ip, lr
10001a2e:	e8bd 4070 	ldmia.w	sp!, {r4, r5, r6, lr}
10001a32:	210a      	movs	r1, #10
10001a34:	f44f 7081 	mov.w	r0, #258	@ 0x102
10001a38:	4760      	bx	ip
10001a3a:	bf00      	nop

10001a3c <rom_func_lookup>:
10001a3c:	2300      	movs	r3, #0
10001a3e:	8adb      	ldrh	r3, [r3, #22]
10001a40:	2200      	movs	r2, #0
10001a42:	e842 f200 	tt	r2, r2
10001a46:	0252      	lsls	r2, r2, #9
10001a48:	d401      	bmi.n	10001a4e <rom_func_lookup+0x12>
10001a4a:	2110      	movs	r1, #16
10001a4c:	4718      	bx	r3
10001a4e:	2104      	movs	r1, #4
10001a50:	4718      	bx	r3
10001a52:	bf00      	nop

10001a54 <rom_reset_usb_boot_extra>:
10001a54:	b508      	push	{r3, lr}
10001a56:	4603      	mov	r3, r0
10001a58:	4608      	mov	r0, r1
10001a5a:	1e19      	subs	r1, r3, #0
10001a5c:	db02      	blt.n	10001a64 <rom_reset_usb_boot_extra+0x10>
10001a5e:	b11a      	cbz	r2, 10001a68 <rom_reset_usb_boot_extra+0x14>
10001a60:	f040 0030 	orr.w	r0, r0, #48	@ 0x30
10001a64:	f7ff ffd0 	bl	10001a08 <rom_reboot.constprop.0.isra.0>
10001a68:	f040 0020 	orr.w	r0, r0, #32
10001a6c:	e7fa      	b.n	10001a64 <rom_reset_usb_boot_extra+0x10>
10001a6e:	bf00      	nop

10001a70 <runtime_init_bootrom_locking_enable>:
10001a70:	4a03      	ldr	r2, [pc, #12]	@ (10001a80 <runtime_init_bootrom_locking_enable+0x10>)
10001a72:	f8d2 3828 	ldr.w	r3, [r2, #2088]	@ 0x828
10001a76:	2b00      	cmp	r3, #0
10001a78:	d0fb      	beq.n	10001a72 <runtime_init_bootrom_locking_enable+0x2>
10001a7a:	f3bf 8f5f 	dmb	sy
10001a7e:	4770      	bx	lr
10001a80:	400e0000 	.word	0x400e0000

10001a84 <runtime_init_boot_locks_reset>:
10001a84:	2100      	movs	r1, #0
10001a86:	4b04      	ldr	r3, [pc, #16]	@ (10001a98 <runtime_init_boot_locks_reset+0x14>)
10001a88:	4a04      	ldr	r2, [pc, #16]	@ (10001a9c <runtime_init_boot_locks_reset+0x18>)
10001a8a:	f3bf 8f5f 	dmb	sy
10001a8e:	f843 1b04 	str.w	r1, [r3], #4
10001a92:	4293      	cmp	r3, r2
10001a94:	d1f9      	bne.n	10001a8a <runtime_init_boot_locks_reset+0x6>
10001a96:	4770      	bx	lr
10001a98:	400e080c 	.word	0x400e080c
10001a9c:	400e082c 	.word	0x400e082c

10001aa0 <xosc_init>:
10001aa0:	b410      	push	{r4}
10001aa2:	202f      	movs	r0, #47	@ 0x2f
10001aa4:	f44f 642a 	mov.w	r4, #2720	@ 0xaa0
10001aa8:	4a05      	ldr	r2, [pc, #20]	@ (10001ac0 <xosc_init+0x20>)
10001aaa:	4b06      	ldr	r3, [pc, #24]	@ (10001ac4 <xosc_init+0x24>)
10001aac:	4906      	ldr	r1, [pc, #24]	@ (10001ac8 <xosc_init+0x28>)
10001aae:	6014      	str	r4, [r2, #0]
10001ab0:	60d0      	str	r0, [r2, #12]
10001ab2:	6019      	str	r1, [r3, #0]
10001ab4:	6853      	ldr	r3, [r2, #4]
10001ab6:	2b00      	cmp	r3, #0
10001ab8:	dafc      	bge.n	10001ab4 <xosc_init+0x14>
10001aba:	f85d 4b04 	ldr.w	r4, [sp], #4
10001abe:	4770      	bx	lr
10001ac0:	40048000 	.word	0x40048000
10001ac4:	4004a000 	.word	0x4004a000
10001ac8:	00fab000 	.word	0x00fab000

10001acc <first_per_core_initializer>:
10001acc:	4770      	bx	lr
10001ace:	bf00      	nop

10001ad0 <hard_assertion_failure>:
10001ad0:	b508      	push	{r3, lr}
10001ad2:	4801      	ldr	r0, [pc, #4]	@ (10001ad8 <hard_assertion_failure+0x8>)
10001ad4:	f7fe ff14 	bl	10000900 <panic>
10001ad8:	10006464 	.word	0x10006464

10001adc <runtime_run_initializers>:
10001adc:	b538      	push	{r3, r4, r5, lr}
10001ade:	4c05      	ldr	r4, [pc, #20]	@ (10001af4 <runtime_run_initializers+0x18>)
10001ae0:	4d05      	ldr	r5, [pc, #20]	@ (10001af8 <runtime_run_initializers+0x1c>)
10001ae2:	42ac      	cmp	r4, r5
10001ae4:	d204      	bcs.n	10001af0 <runtime_run_initializers+0x14>
10001ae6:	f854 3b04 	ldr.w	r3, [r4], #4
10001aea:	4798      	blx	r3
10001aec:	42ac      	cmp	r4, r5
10001aee:	d3fa      	bcc.n	10001ae6 <runtime_run_initializers+0xa>
10001af0:	bd38      	pop	{r3, r4, r5, pc}
10001af2:	bf00      	nop
10001af4:	100062d8 	.word	0x100062d8
10001af8:	10006318 	.word	0x10006318

10001afc <runtime_init_early_resets>:
10001afc:	b410      	push	{r4}
10001afe:	4807      	ldr	r0, [pc, #28]	@ (10001b1c <runtime_init_early_resets+0x20>)
10001b00:	4c07      	ldr	r4, [pc, #28]	@ (10001b20 <runtime_init_early_resets+0x24>)
10001b02:	4b08      	ldr	r3, [pc, #32]	@ (10001b24 <runtime_init_early_resets+0x28>)
10001b04:	4a08      	ldr	r2, [pc, #32]	@ (10001b28 <runtime_init_early_resets+0x2c>)
10001b06:	4909      	ldr	r1, [pc, #36]	@ (10001b2c <runtime_init_early_resets+0x30>)
10001b08:	6004      	str	r4, [r0, #0]
10001b0a:	601a      	str	r2, [r3, #0]
10001b0c:	688b      	ldr	r3, [r1, #8]
10001b0e:	ea32 0303 	bics.w	r3, r2, r3
10001b12:	d1fb      	bne.n	10001b0c <runtime_init_early_resets+0x10>
10001b14:	f85d 4b04 	ldr.w	r4, [sp], #4
10001b18:	4770      	bx	lr
10001b1a:	bf00      	nop
10001b1c:	40022000 	.word	0x40022000
10001b20:	efef3b7f 	.word	0xefef3b7f
10001b24:	40023000 	.word	0x40023000
10001b28:	03f3fff6 	.word	0x03f3fff6
10001b2c:	40020000 	.word	0x40020000

10001b30 <runtime_init_usb_power_down>:
10001b30:	4b04      	ldr	r3, [pc, #16]	@ (10001b44 <runtime_init_usb_power_down+0x14>)
10001b32:	6cdb      	ldr	r3, [r3, #76]	@ 0x4c
10001b34:	f5b3 4f00 	cmp.w	r3, #32768	@ 0x8000
10001b38:	d103      	bne.n	10001b42 <runtime_init_usb_power_down+0x12>
10001b3a:	f44f 2280 	mov.w	r2, #262144	@ 0x40000
10001b3e:	4b02      	ldr	r3, [pc, #8]	@ (10001b48 <runtime_init_usb_power_down+0x18>)
10001b40:	64da      	str	r2, [r3, #76]	@ 0x4c
10001b42:	4770      	bx	lr
10001b44:	50110000 	.word	0x50110000
10001b48:	50112000 	.word	0x50112000

10001b4c <runtime_init_per_core_enable_coprocessors>:
10001b4c:	f04f 22e0 	mov.w	r2, #3758153728	@ 0xe000e000
10001b50:	4b04      	ldr	r3, [pc, #16]	@ (10001b64 <runtime_init_per_core_enable_coprocessors+0x18>)
10001b52:	f8d2 1d88 	ldr.w	r1, [r2, #3464]	@ 0xd88
10001b56:	430b      	orrs	r3, r1
10001b58:	f8c2 3d88 	str.w	r3, [r2, #3464]	@ 0xd88
10001b5c:	ee10 0430 	dcp_rcmp r0
10001b60:	4770      	bx	lr
10001b62:	bf00      	nop
10001b64:	00300303 	.word	0x00300303

10001b68 <runtime_init_post_clock_resets>:
10001b68:	f06f 4160 	mvn.w	r1, #3758096384	@ 0xe0000000
10001b6c:	4b04      	ldr	r3, [pc, #16]	@ (10001b80 <runtime_init_post_clock_resets+0x18>)
10001b6e:	4a05      	ldr	r2, [pc, #20]	@ (10001b84 <runtime_init_post_clock_resets+0x1c>)
10001b70:	6019      	str	r1, [r3, #0]
10001b72:	6893      	ldr	r3, [r2, #8]
10001b74:	43db      	mvns	r3, r3
10001b76:	f033 4360 	bics.w	r3, r3, #3758096384	@ 0xe0000000
10001b7a:	d1fa      	bne.n	10001b72 <runtime_init_post_clock_resets+0xa>
10001b7c:	4770      	bx	lr
10001b7e:	bf00      	nop
10001b80:	40023000 	.word	0x40023000
10001b84:	40020000 	.word	0x40020000

10001b88 <runtime_init_bootrom_reset>:
10001b88:	b510      	push	{r4, lr}
10001b8a:	f245 2053 	movw	r0, #21075	@ 0x5253
10001b8e:	f7ff ff55 	bl	10001a3c <rom_func_lookup>
10001b92:	e8bd 4010 	ldmia.w	sp!, {r4, lr}
10001b96:	4603      	mov	r3, r0
10001b98:	2004      	movs	r0, #4
10001b9a:	4718      	bx	r3

10001b9c <runtime_init_per_core_bootrom_reset>:
10001b9c:	b510      	push	{r4, lr}
10001b9e:	f245 2053 	movw	r0, #21075	@ 0x5253
10001ba2:	f7ff ff4b 	bl	10001a3c <rom_func_lookup>
10001ba6:	e8bd 4010 	ldmia.w	sp!, {r4, lr}
10001baa:	4603      	mov	r3, r0
10001bac:	2001      	movs	r0, #1
10001bae:	4718      	bx	r3

10001bb0 <runtime_init_spin_locks_reset>:
10001bb0:	f7fe bf5c 	b.w	10000a6c <spin_locks_reset>

10001bb4 <runtime_init_install_ram_vector_table>:
10001bb4:	b510      	push	{r4, lr}
10001bb6:	4b05      	ldr	r3, [pc, #20]	@ (10001bcc <runtime_init_install_ram_vector_table+0x18>)
10001bb8:	4c05      	ldr	r4, [pc, #20]	@ (10001bd0 <runtime_init_install_ram_vector_table+0x1c>)
10001bba:	f44f 7288 	mov.w	r2, #272	@ 0x110
10001bbe:	4618      	mov	r0, r3
10001bc0:	68a1      	ldr	r1, [r4, #8]
10001bc2:	f004 fa65 	bl	10006090 <memcpy>
10001bc6:	60a0      	str	r0, [r4, #8]
10001bc8:	bd10      	pop	{r4, pc}
10001bca:	bf00      	nop
10001bcc:	20000000 	.word	0x20000000
10001bd0:	e000ed00 	.word	0xe000ed00

10001bd4 <runtime_init_clocks>:
10001bd4:	2300      	movs	r3, #0
10001bd6:	b5f0      	push	{r4, r5, r6, r7, lr}
10001bd8:	4c2b      	ldr	r4, [pc, #172]	@ (10001c88 <runtime_init_clocks+0xb4>)
10001bda:	b083      	sub	sp, #12
10001bdc:	f8c4 3084 	str.w	r3, [r4, #132]	@ 0x84
10001be0:	f7ff ff5e 	bl	10001aa0 <xosc_init>
10001be4:	2201      	movs	r2, #1
10001be6:	4b29      	ldr	r3, [pc, #164]	@ (10001c8c <runtime_init_clocks+0xb8>)
10001be8:	63da      	str	r2, [r3, #60]	@ 0x3c
10001bea:	6c63      	ldr	r3, [r4, #68]	@ 0x44
10001bec:	2b01      	cmp	r3, #1
10001bee:	d1fc      	bne.n	10001bea <runtime_init_clocks+0x16>
10001bf0:	2103      	movs	r1, #3
10001bf2:	4a26      	ldr	r2, [pc, #152]	@ (10001c8c <runtime_init_clocks+0xb8>)
10001bf4:	4b24      	ldr	r3, [pc, #144]	@ (10001c88 <runtime_init_clocks+0xb4>)
10001bf6:	6311      	str	r1, [r2, #48]	@ 0x30
10001bf8:	6b9d      	ldr	r5, [r3, #56]	@ 0x38
10001bfa:	2d01      	cmp	r5, #1
10001bfc:	d1fc      	bne.n	10001bf8 <runtime_init_clocks+0x24>
10001bfe:	2305      	movs	r3, #5
10001c00:	2702      	movs	r7, #2
10001c02:	461e      	mov	r6, r3
10001c04:	2400      	movs	r4, #0
10001c06:	4629      	mov	r1, r5
10001c08:	4a21      	ldr	r2, [pc, #132]	@ (10001c90 <runtime_init_clocks+0xbc>)
10001c0a:	4822      	ldr	r0, [pc, #136]	@ (10001c94 <runtime_init_clocks+0xc0>)
10001c0c:	9700      	str	r7, [sp, #0]
10001c0e:	f7ff fe5d 	bl	100018cc <pll_init>
10001c12:	4629      	mov	r1, r5
10001c14:	4633      	mov	r3, r6
10001c16:	4a20      	ldr	r2, [pc, #128]	@ (10001c98 <runtime_init_clocks+0xc4>)
10001c18:	4820      	ldr	r0, [pc, #128]	@ (10001c9c <runtime_init_clocks+0xc8>)
10001c1a:	9600      	str	r6, [sp, #0]
10001c1c:	f7ff fe56 	bl	100018cc <pll_init>
10001c20:	4639      	mov	r1, r7
10001c22:	4622      	mov	r2, r4
10001c24:	2004      	movs	r0, #4
10001c26:	4b1e      	ldr	r3, [pc, #120]	@ (10001ca0 <runtime_init_clocks+0xcc>)
10001c28:	f7ff fde2 	bl	100017f0 <clock_configure_undivided>
10001c2c:	4629      	mov	r1, r5
10001c2e:	4622      	mov	r2, r4
10001c30:	4630      	mov	r0, r6
10001c32:	4b1c      	ldr	r3, [pc, #112]	@ (10001ca4 <runtime_init_clocks+0xd0>)
10001c34:	f7ff fddc 	bl	100017f0 <clock_configure_undivided>
10001c38:	4622      	mov	r2, r4
10001c3a:	2008      	movs	r0, #8
10001c3c:	4621      	mov	r1, r4
10001c3e:	4b1a      	ldr	r3, [pc, #104]	@ (10001ca8 <runtime_init_clocks+0xd4>)
10001c40:	f7ff fdd6 	bl	100017f0 <clock_configure_undivided>
10001c44:	4622      	mov	r2, r4
10001c46:	2009      	movs	r0, #9
10001c48:	4621      	mov	r1, r4
10001c4a:	4b17      	ldr	r3, [pc, #92]	@ (10001ca8 <runtime_init_clocks+0xd4>)
10001c4c:	f7ff fdd0 	bl	100017f0 <clock_configure_undivided>
10001c50:	4622      	mov	r2, r4
10001c52:	2006      	movs	r0, #6
10001c54:	4621      	mov	r1, r4
10001c56:	4b13      	ldr	r3, [pc, #76]	@ (10001ca4 <runtime_init_clocks+0xd0>)
10001c58:	f7ff fdca 	bl	100017f0 <clock_configure_undivided>
10001c5c:	4b11      	ldr	r3, [pc, #68]	@ (10001ca4 <runtime_init_clocks+0xd0>)
10001c5e:	4622      	mov	r2, r4
10001c60:	2007      	movs	r0, #7
10001c62:	4621      	mov	r1, r4
10001c64:	f7ff fdc4 	bl	100017f0 <clock_configure_undivided>
10001c68:	2004      	movs	r0, #4
10001c6a:	f7ff fe29 	bl	100018c0 <clock_get_hz>
10001c6e:	4b0f      	ldr	r3, [pc, #60]	@ (10001cac <runtime_init_clocks+0xd8>)
10001c70:	fba3 3500 	umull	r3, r5, r3, r0
10001c74:	0cad      	lsrs	r5, r5, #18
10001c76:	b2e0      	uxtb	r0, r4
10001c78:	4629      	mov	r1, r5
10001c7a:	3401      	adds	r4, #1
10001c7c:	f7ff feb8 	bl	100019f0 <tick_start>
10001c80:	2c06      	cmp	r4, #6
10001c82:	d1f8      	bne.n	10001c76 <runtime_init_clocks+0xa2>
10001c84:	b003      	add	sp, #12
10001c86:	bdf0      	pop	{r4, r5, r6, r7, pc}
10001c88:	40010000 	.word	0x40010000
10001c8c:	40013000 	.word	0x40013000
10001c90:	59682f00 	.word	0x59682f00
10001c94:	40050000 	.word	0x40050000
10001c98:	47868c00 	.word	0x47868c00
10001c9c:	40058000 	.word	0x40058000
10001ca0:	00b71b00 	.word	0x00b71b00
10001ca4:	08f0d180 	.word	0x08f0d180
10001ca8:	02dc6c00 	.word	0x02dc6c00
10001cac:	431bde83 	.word	0x431bde83

10001cb0 <generic_save_state>:
10001cb0:	b086      	sub	sp, #24
10001cb2:	b403      	push	{r0, r1}
10001cb4:	fc51 0408 	dcp_pxmd r0, r1
10001cb8:	e9cd 0102 	strd	r0, r1, [sp, #8]
10001cbc:	fc51 0409 	dcp_pymd r0, r1
10001cc0:	e9cd 0104 	strd	r0, r1, [sp, #16]
10001cc4:	ec51 040a 	dcp_refd r0, r1
10001cc8:	e9cd 0106 	strd	r0, r1, [sp, #24]
10001ccc:	bc03      	pop	{r0, r1}
10001cce:	47f0      	blx	lr

10001cd0 <generic_restore_state>:
10001cd0:	e8bd 5000 	ldmia.w	sp!, {ip, lr}
10001cd4:	ec4e c400 	dcp_wxmd ip, lr
10001cd8:	e8bd 5000 	ldmia.w	sp!, {ip, lr}
10001cdc:	ec4e c401 	dcp_wymd ip, lr
10001ce0:	e8bd 5000 	ldmia.w	sp!, {ip, lr}
10001ce4:	ec4e c402 	dcp_wefd ip, lr
10001ce8:	bd00      	pop	{pc}
10001cea:	0000      	movs	r0, r0
10001cec:	b500      	push	{lr}
10001cee:	f7ff ffdf 	bl	10001cb0 <generic_save_state>
10001cf2:	e002      	b.n	10001cfa <__wrap___aeabi_dadd+0x6>

10001cf4 <__wrap___aeabi_dadd>:
10001cf4:	fe10 f430 	dcp_pcmp APSR_nzcv
10001cf8:	d4f8      	bmi.n	10001cec <generic_restore_state+0x1c>
10001cfa:	ec41 0410 	dcp_wxup r0, r1
10001cfe:	ec43 2411 	dcp_wyup r2, r3
10001d02:	ee00 0401 	dcp_add0
10001d06:	ee10 0401 	dcp_add1
10001d0a:	ee80 0420 	dcp_nrdd
10001d0e:	ec51 0410 	dcp_rdda r0, r1
10001d12:	4770      	bx	lr
10001d14:	b500      	push	{lr}
10001d16:	f7ff ffcb 	bl	10001cb0 <generic_save_state>
10001d1a:	e002      	b.n	10001d22 <__wrap___aeabi_dsub+0x6>

10001d1c <__wrap___aeabi_dsub>:
10001d1c:	fe10 f430 	dcp_pcmp APSR_nzcv
10001d20:	d4f8      	bmi.n	10001d14 <__wrap___aeabi_dadd+0x20>
10001d22:	ec41 0410 	dcp_wxup r0, r1
10001d26:	ec43 2411 	dcp_wyup r2, r3
10001d2a:	ee00 0401 	dcp_add0
10001d2e:	ee10 0421 	dcp_sub1
10001d32:	ee80 0420 	dcp_nrdd
10001d36:	ec51 0430 	dcp_rdds r0, r1
10001d3a:	4770      	bx	lr
10001d3c:	b500      	push	{lr}
10001d3e:	f7ff ffb7 	bl	10001cb0 <generic_save_state>
10001d42:	e002      	b.n	10001d4a <__wrap___aeabi_dmul+0x6>

10001d44 <__wrap___aeabi_dmul>:
10001d44:	fe10 f430 	dcp_pcmp APSR_nzcv
10001d48:	d4f8      	bmi.n	10001d3c <__wrap___aeabi_dsub+0x20>
10001d4a:	b510      	push	{r4, lr}
10001d4c:	ec41 0410 	dcp_wxup r0, r1
10001d50:	ec43 2411 	dcp_wyup r2, r3
10001d54:	ec51 0404 	dcp_rxms r0, r1, #0x0
10001d58:	ec53 2405 	dcp_ryms r2, r3, #0x0
10001d5c:	fba0 4c02 	umull	r4, ip, r0, r2
10001d60:	f05f 0e00 	movs.w	lr, #0
10001d64:	fbe0 ce03 	umlal	ip, lr, r0, r3
10001d68:	fbe1 ce02 	umlal	ip, lr, r1, r2
10001d6c:	ec4c 4420 	dcp_wxms r4, ip
10001d70:	2400      	movs	r4, #0
10001d72:	fbe1 e403 	umlal	lr, r4, r1, r3
10001d76:	ec44 e430 	dcp_wxmo lr, r4
10001d7a:	ee80 0420 	dcp_nrdd
10001d7e:	ec51 0450 	dcp_rddm r0, r1
10001d82:	e8bd 4010 	ldmia.w	sp!, {r4, lr}
10001d86:	4770      	bx	lr
10001d88:	b500      	push	{lr}
10001d8a:	f7ff ff91 	bl	10001cb0 <generic_save_state>
10001d8e:	e002      	b.n	10001d96 <__wrap___aeabi_ddiv+0x6>

10001d90 <__wrap___aeabi_ddiv>:
10001d90:	fe10 f430 	dcp_pcmp APSR_nzcv
10001d94:	d4f8      	bmi.n	10001d88 <__wrap___aeabi_dmul+0x44>
10001d96:	ec41 0410 	dcp_wxup r0, r1
10001d9a:	ec43 2411 	dcp_wyup r2, r3
10001d9e:	ec51 0421 	dcp_rymr r0, r1
10001da2:	fba0 1201 	umull	r1, r2, r0, r1
10001da6:	ea6f 0282 	mvn.w	r2, r2, lsl #2
10001daa:	fb52 0010 	smmlar	r0, r2, r0, r0
10001dae:	fb52 f212 	smmulr	r2, r2, r2
10001db2:	fb52 0010 	smmlar	r0, r2, r0, r0
10001db6:	eba0 7cd0 	sub.w	ip, r0, r0, lsr #31
10001dba:	ec53 2404 	dcp_rxms r2, r3, #0x0
10001dbe:	fb5c f113 	smmulr	r1, ip, r3
10001dc2:	ec53 2415 	dcp_ryms r2, r3, #0x1
10001dc6:	fba1 2002 	umull	r2, r0, r1, r2
10001dca:	fb01 0003 	mla	r0, r1, r3, r0
10001dce:	ec53 2444 	dcp_rxms r2, r3, #0x4
10001dd2:	eba2 0000 	sub.w	r0, r2, r0
10001dd6:	fb50 f21c 	smmulr	r2, r0, ip
10001dda:	ea4f 1311 	mov.w	r3, r1, lsr #4
10001dde:	eb12 7001 	adds.w	r0, r2, r1, lsl #28
10001de2:	eb43 71e2 	adc.w	r1, r3, r2, asr #31
10001de6:	ea40 5051 	orr.w	r0, r0, r1, lsr #21
10001dea:	ea20 5091 	bic.w	r0, r0, r1, lsr #22
10001dee:	f020 0007 	bic.w	r0, r0, #7
10001df2:	ec53 2475 	dcp_ryms r2, r3, #0x7
10001df6:	fba0 3c02 	umull	r3, ip, r0, r2
10001dfa:	ec53 2475 	dcp_ryms r2, r3, #0x7
10001dfe:	fb00 cc03 	mla	ip, r0, r3, ip
10001e02:	fb01 cc02 	mla	ip, r1, r2, ip
10001e06:	ec53 2404 	dcp_rxms r2, r3, #0x0
10001e0a:	ebac 4c82 	sub.w	ip, ip, r2, lsl #18
10001e0e:	ea40 705c 	orr.w	r0, r0, ip, lsr #29
10001e12:	f1a0 0001 	sub.w	r0, r0, #1
10001e16:	ec41 0440 	dcp_wxdd r0, r1
10001e1a:	ee80 0420 	dcp_nrdd
10001e1e:	ec51 0470 	dcp_rddd r0, r1
10001e22:	4770      	bx	lr
10001e24:	b500      	push	{lr}
10001e26:	f7ff ff43 	bl	10001cb0 <generic_save_state>
10001e2a:	e002      	b.n	10001e32 <__wrap___aeabi_i2d+0x6>

10001e2c <__wrap___aeabi_i2d>:
10001e2c:	fe10 f430 	dcp_pcmp APSR_nzcv
10001e30:	d4f8      	bmi.n	10001e24 <__wrap___aeabi_ddiv+0x94>
10001e32:	ec40 0470 	dcp_wxic r0, r0
10001e36:	ee00 0401 	dcp_add0
10001e3a:	ee10 0421 	dcp_sub1
10001e3e:	ee80 0420 	dcp_nrdd
10001e42:	ec51 0430 	dcp_rdds r0, r1
10001e46:	4770      	bx	lr
10001e48:	b500      	push	{lr}
10001e4a:	f7ff ff31 	bl	10001cb0 <generic_save_state>
10001e4e:	e002      	b.n	10001e56 <__wrap___aeabi_ui2d+0x6>

10001e50 <__wrap___aeabi_ui2d>:
10001e50:	fe10 f430 	dcp_pcmp APSR_nzcv
10001e54:	d4f8      	bmi.n	10001e48 <__wrap___aeabi_i2d+0x1c>
10001e56:	ec40 0460 	dcp_wxuc r0, r0
10001e5a:	ee00 0401 	dcp_add0
10001e5e:	ee10 0421 	dcp_sub1
10001e62:	ee80 0420 	dcp_nrdd
10001e66:	ec51 0430 	dcp_rdds r0, r1
10001e6a:	4770      	bx	lr
10001e6c:	b500      	push	{lr}
10001e6e:	f7ff ff1f 	bl	10001cb0 <generic_save_state>
10001e72:	e002      	b.n	10001e7a <__wrap___aeabi_d2iz+0x6>

10001e74 <__wrap___aeabi_d2iz>:
10001e74:	fe10 f430 	dcp_pcmp APSR_nzcv
10001e78:	d4f8      	bmi.n	10001e6c <__wrap___aeabi_ui2d+0x1c>
10001e7a:	ec41 0480 	dcp_wxdc r0, r1
10001e7e:	ee00 0401 	dcp_add0
10001e82:	ee10 0401 	dcp_add1
10001e86:	ee80 0440 	dcp_ntdc
10001e8a:	ee10 0413 	dcp_rdic r0
10001e8e:	4770      	bx	lr
10001e90:	b500      	push	{lr}
10001e92:	f7ff ff0d 	bl	10001cb0 <generic_save_state>
10001e96:	e002      	b.n	10001e9e <__wrap___aeabi_d2uiz+0x6>

10001e98 <__wrap___aeabi_d2uiz>:
10001e98:	fe10 f430 	dcp_pcmp APSR_nzcv
10001e9c:	d4f8      	bmi.n	10001e90 <__wrap___aeabi_d2iz+0x1c>
10001e9e:	ec41 0480 	dcp_wxdc r0, r1
10001ea2:	ee00 0401 	dcp_add0
10001ea6:	ee10 0401 	dcp_add1
10001eaa:	ee80 0440 	dcp_ntdc
10001eae:	ee10 0433 	dcp_rduc r0
10001eb2:	4770      	bx	lr
10001eb4:	b500      	push	{lr}
10001eb6:	f7ff fefb 	bl	10001cb0 <generic_save_state>
10001eba:	e002      	b.n	10001ec2 <__wrap___aeabi_dcmpun+0x6>

10001ebc <__wrap___aeabi_dcmpun>:
10001ebc:	fe10 f430 	dcp_pcmp APSR_nzcv
10001ec0:	d4f8      	bmi.n	10001eb4 <__wrap___aeabi_d2uiz+0x1c>
10001ec2:	ec41 0410 	dcp_wxup r0, r1
10001ec6:	ec43 2411 	dcp_wyup r2, r3
10001eca:	ee00 0401 	dcp_add0
10001ece:	ee10 0430 	dcp_rcmp r0
10001ed2:	f3c0 7000 	ubfx	r0, r0, #28, #1
10001ed6:	4770      	bx	lr
10001ed8:	b500      	push	{lr}
10001eda:	f7ff fee9 	bl	10001cb0 <generic_save_state>
10001ede:	e002      	b.n	10001ee6 <__wrap___aeabi_dcmplt+0x6>

10001ee0 <__wrap___aeabi_dcmplt>:
10001ee0:	fe10 f430 	dcp_pcmp APSR_nzcv
10001ee4:	d4f8      	bmi.n	10001ed8 <__wrap___aeabi_dcmpun+0x1c>
10001ee6:	ec43 2410 	dcp_wxup r2, r3
10001eea:	ec41 0411 	dcp_wyup r0, r1
10001eee:	ee00 0401 	dcp_add0
10001ef2:	ee10 f430 	dcp_rcmp APSR_nzcv
10001ef6:	bf8c      	ite	hi
10001ef8:	2001      	movhi	r0, #1
10001efa:	2000      	movls	r0, #0
10001efc:	4770      	bx	lr
10001efe:	bf00      	nop
10001f00:	b500      	push	{lr}
10001f02:	f7ff fed5 	bl	10001cb0 <generic_save_state>
10001f06:	e002      	b.n	10001f0e <__wrap___aeabi_dcmpge+0x6>

10001f08 <__wrap___aeabi_dcmpge>:
10001f08:	fe10 f430 	dcp_pcmp APSR_nzcv
10001f0c:	d4f8      	bmi.n	10001f00 <__wrap___aeabi_dcmplt+0x20>
10001f0e:	ec41 0410 	dcp_wxup r0, r1
10001f12:	ec43 2411 	dcp_wyup r2, r3
10001f16:	ee00 0401 	dcp_add0
10001f1a:	ee10 f430 	dcp_rcmp APSR_nzcv
10001f1e:	bf2c      	ite	cs
10001f20:	2001      	movcs	r0, #1
10001f22:	2000      	movcc	r0, #0
10001f24:	4770      	bx	lr
10001f26:	bf00      	nop
10001f28:	b500      	push	{lr}
10001f2a:	f7ff fec1 	bl	10001cb0 <generic_save_state>
10001f2e:	e002      	b.n	10001f36 <__wrap___aeabi_dcmpgt+0x6>

10001f30 <__wrap___aeabi_dcmpgt>:
10001f30:	fe10 f430 	dcp_pcmp APSR_nzcv
10001f34:	d4f8      	bmi.n	10001f28 <__wrap___aeabi_dcmpge+0x20>
10001f36:	ec41 0410 	dcp_wxup r0, r1
10001f3a:	ec43 2411 	dcp_wyup r2, r3
10001f3e:	ee00 0401 	dcp_add0
10001f42:	ee10 f430 	dcp_rcmp APSR_nzcv
10001f46:	bf8c      	ite	hi
10001f48:	2001      	movhi	r0, #1
10001f4a:	2000      	movls	r0, #0
10001f4c:	4770      	bx	lr
10001f4e:	bf00      	nop

10001f50 <_out_null>:
10001f50:	4770      	bx	lr
10001f52:	bf00      	nop

10001f54 <_out_rev>:
10001f54:	e92d 4ff0 	stmdb	sp!, {r4, r5, r6, r7, r8, r9, sl, fp, lr}
10001f58:	b083      	sub	sp, #12
10001f5a:	4698      	mov	r8, r3
10001f5c:	9b0f      	ldr	r3, [sp, #60]	@ 0x3c
10001f5e:	460f      	mov	r7, r1
10001f60:	4611      	mov	r1, r2
10001f62:	079a      	lsls	r2, r3, #30
10001f64:	4606      	mov	r6, r0
10001f66:	f8dd 9030 	ldr.w	r9, [sp, #48]	@ 0x30
10001f6a:	f8dd b038 	ldr.w	fp, [sp, #56]	@ 0x38
10001f6e:	d112      	bne.n	10001f96 <_out_rev+0x42>
10001f70:	9b0d      	ldr	r3, [sp, #52]	@ 0x34
10001f72:	455b      	cmp	r3, fp
10001f74:	d20f      	bcs.n	10001f96 <_out_rev+0x42>
10001f76:	468a      	mov	sl, r1
10001f78:	460c      	mov	r4, r1
10001f7a:	ebab 0503 	sub.w	r5, fp, r3
10001f7e:	440d      	add	r5, r1
10001f80:	4652      	mov	r2, sl
10001f82:	4643      	mov	r3, r8
10001f84:	4639      	mov	r1, r7
10001f86:	2020      	movs	r0, #32
10001f88:	f10a 0a01 	add.w	sl, sl, #1
10001f8c:	47b0      	blx	r6
10001f8e:	45aa      	cmp	sl, r5
10001f90:	d1f6      	bne.n	10001f80 <_out_rev+0x2c>
10001f92:	4621      	mov	r1, r4
10001f94:	e000      	b.n	10001f98 <_out_rev+0x44>
10001f96:	460d      	mov	r5, r1
10001f98:	9b0d      	ldr	r3, [sp, #52]	@ 0x34
10001f9a:	b193      	cbz	r3, 10001fc2 <_out_rev+0x6e>
10001f9c:	eb09 0403 	add.w	r4, r9, r3
10001fa0:	eb04 0a05 	add.w	sl, r4, r5
10001fa4:	9501      	str	r5, [sp, #4]
10001fa6:	460d      	mov	r5, r1
10001fa8:	ebaa 0204 	sub.w	r2, sl, r4
10001fac:	f814 0d01 	ldrb.w	r0, [r4, #-1]!
10001fb0:	4643      	mov	r3, r8
10001fb2:	4639      	mov	r1, r7
10001fb4:	47b0      	blx	r6
10001fb6:	454c      	cmp	r4, r9
10001fb8:	d1f6      	bne.n	10001fa8 <_out_rev+0x54>
10001fba:	4629      	mov	r1, r5
10001fbc:	9b0d      	ldr	r3, [sp, #52]	@ 0x34
10001fbe:	9d01      	ldr	r5, [sp, #4]
10001fc0:	441d      	add	r5, r3
10001fc2:	9b0f      	ldr	r3, [sp, #60]	@ 0x3c
10001fc4:	079b      	lsls	r3, r3, #30
10001fc6:	d50c      	bpl.n	10001fe2 <_out_rev+0x8e>
10001fc8:	1a6c      	subs	r4, r5, r1
10001fca:	45a3      	cmp	fp, r4
10001fcc:	d909      	bls.n	10001fe2 <_out_rev+0x8e>
10001fce:	462a      	mov	r2, r5
10001fd0:	4643      	mov	r3, r8
10001fd2:	4639      	mov	r1, r7
10001fd4:	2020      	movs	r0, #32
10001fd6:	3401      	adds	r4, #1
10001fd8:	47b0      	blx	r6
10001fda:	45a3      	cmp	fp, r4
10001fdc:	f105 0501 	add.w	r5, r5, #1
10001fe0:	d8f5      	bhi.n	10001fce <_out_rev+0x7a>
10001fe2:	4628      	mov	r0, r5
10001fe4:	b003      	add	sp, #12
10001fe6:	e8bd 8ff0 	ldmia.w	sp!, {r4, r5, r6, r7, r8, r9, sl, fp, pc}
10001fea:	bf00      	nop

10001fec <_ntoa_format>:
10001fec:	e92d 4ff0 	stmdb	sp!, {r4, r5, r6, r7, r8, r9, sl, fp, lr}
10001ff0:	9f0f      	ldr	r7, [sp, #60]	@ 0x3c
10001ff2:	f8dd e024 	ldr.w	lr, [sp, #36]	@ 0x24
10001ff6:	f017 0f02 	tst.w	r7, #2
10001ffa:	9c0a      	ldr	r4, [sp, #40]	@ 0x28
10001ffc:	f89d 902c 	ldrb.w	r9, [sp, #44]	@ 0x2c
10002000:	9d0e      	ldr	r5, [sp, #56]	@ 0x38
10002002:	e9dd 860c 	ldrd	r8, r6, [sp, #48]	@ 0x30
10002006:	d129      	bne.n	1000205c <_ntoa_format+0x70>
10002008:	2d00      	cmp	r5, #0
1000200a:	d166      	bne.n	100020da <_ntoa_format+0xee>
1000200c:	42b4      	cmp	r4, r6
1000200e:	d225      	bcs.n	1000205c <_ntoa_format+0x70>
10002010:	2c20      	cmp	r4, #32
10002012:	f007 0b01 	and.w	fp, r7, #1
10002016:	f000 810a 	beq.w	1000222e <_ntoa_format+0x242>
1000201a:	f104 3cff 	add.w	ip, r4, #4294967295	@ 0xffffffff
1000201e:	f04f 0a30 	mov.w	sl, #48	@ 0x30
10002022:	44f4      	add	ip, lr
10002024:	e001      	b.n	1000202a <_ntoa_format+0x3e>
10002026:	2c20      	cmp	r4, #32
10002028:	d076      	beq.n	10002118 <_ntoa_format+0x12c>
1000202a:	3401      	adds	r4, #1
1000202c:	42a6      	cmp	r6, r4
1000202e:	f80c af01 	strb.w	sl, [ip, #1]!
10002032:	d8f8      	bhi.n	10002026 <_ntoa_format+0x3a>
10002034:	f1bb 0f00 	cmp.w	fp, #0
10002038:	d010      	beq.n	1000205c <_ntoa_format+0x70>
1000203a:	42ac      	cmp	r4, r5
1000203c:	d20e      	bcs.n	1000205c <_ntoa_format+0x70>
1000203e:	2c20      	cmp	r4, #32
10002040:	d070      	beq.n	10002124 <_ntoa_format+0x138>
10002042:	f104 3cff 	add.w	ip, r4, #4294967295	@ 0xffffffff
10002046:	f04f 0a30 	mov.w	sl, #48	@ 0x30
1000204a:	44f4      	add	ip, lr
1000204c:	e001      	b.n	10002052 <_ntoa_format+0x66>
1000204e:	2c20      	cmp	r4, #32
10002050:	d022      	beq.n	10002098 <_ntoa_format+0xac>
10002052:	3401      	adds	r4, #1
10002054:	42ac      	cmp	r4, r5
10002056:	f80c af01 	strb.w	sl, [ip, #1]!
1000205a:	d1f8      	bne.n	1000204e <_ntoa_format+0x62>
1000205c:	f017 0f10 	tst.w	r7, #16
10002060:	d031      	beq.n	100020c6 <_ntoa_format+0xda>
10002062:	f417 6f80 	tst.w	r7, #1024	@ 0x400
10002066:	d14c      	bne.n	10002102 <_ntoa_format+0x116>
10002068:	b9dc      	cbnz	r4, 100020a2 <_ntoa_format+0xb6>
1000206a:	f1b8 0f10 	cmp.w	r8, #16
1000206e:	f000 80b8 	beq.w	100021e2 <_ntoa_format+0x1f6>
10002072:	f1b8 0f02 	cmp.w	r8, #2
10002076:	f000 80c2 	beq.w	100021fe <_ntoa_format+0x212>
1000207a:	2430      	movs	r4, #48	@ 0x30
1000207c:	f88e 4000 	strb.w	r4, [lr]
10002080:	2401      	movs	r4, #1
10002082:	f1b9 0f00 	cmp.w	r9, #0
10002086:	d15a      	bne.n	1000213e <_ntoa_format+0x152>
10002088:	077e      	lsls	r6, r7, #29
1000208a:	f140 8086 	bpl.w	1000219a <_ntoa_format+0x1ae>
1000208e:	262b      	movs	r6, #43	@ 0x2b
10002090:	f80e 6004 	strb.w	r6, [lr, r4]
10002094:	3401      	adds	r4, #1
10002096:	e018      	b.n	100020ca <_ntoa_format+0xde>
10002098:	06fc      	lsls	r4, r7, #27
1000209a:	d573      	bpl.n	10002184 <_ntoa_format+0x198>
1000209c:	057c      	lsls	r4, r7, #21
1000209e:	d42f      	bmi.n	10002100 <_ntoa_format+0x114>
100020a0:	2420      	movs	r4, #32
100020a2:	42a6      	cmp	r6, r4
100020a4:	d001      	beq.n	100020aa <_ntoa_format+0xbe>
100020a6:	42ac      	cmp	r4, r5
100020a8:	d12b      	bne.n	10002102 <_ntoa_format+0x116>
100020aa:	1e66      	subs	r6, r4, #1
100020ac:	f000 8086 	beq.w	100021bc <_ntoa_format+0x1d0>
100020b0:	f1b8 0f10 	cmp.w	r8, #16
100020b4:	f000 80c0 	beq.w	10002238 <_ntoa_format+0x24c>
100020b8:	f1b8 0f02 	cmp.w	r8, #2
100020bc:	d05b      	beq.n	10002176 <_ntoa_format+0x18a>
100020be:	f04f 0c30 	mov.w	ip, #48	@ 0x30
100020c2:	f80e c006 	strb.w	ip, [lr, r6]
100020c6:	2c20      	cmp	r4, #32
100020c8:	d1db      	bne.n	10002082 <_ntoa_format+0x96>
100020ca:	e9cd 570b 	strd	r5, r7, [sp, #44]	@ 0x2c
100020ce:	e9cd e409 	strd	lr, r4, [sp, #36]	@ 0x24
100020d2:	e8bd 4ff0 	ldmia.w	sp!, {r4, r5, r6, r7, r8, r9, sl, fp, lr}
100020d6:	f7ff bf3d 	b.w	10001f54 <_out_rev>
100020da:	f017 0b01 	ands.w	fp, r7, #1
100020de:	d03a      	beq.n	10002156 <_ntoa_format+0x16a>
100020e0:	f1b9 0f00 	cmp.w	r9, #0
100020e4:	d14c      	bne.n	10002180 <_ntoa_format+0x194>
100020e6:	f017 0f0c 	tst.w	r7, #12
100020ea:	d149      	bne.n	10002180 <_ntoa_format+0x194>
100020ec:	42b4      	cmp	r4, r6
100020ee:	d2a4      	bcs.n	1000203a <_ntoa_format+0x4e>
100020f0:	2c20      	cmp	r4, #32
100020f2:	d192      	bne.n	1000201a <_ntoa_format+0x2e>
100020f4:	2d20      	cmp	r5, #32
100020f6:	d815      	bhi.n	10002124 <_ntoa_format+0x138>
100020f8:	f017 0f10 	tst.w	r7, #16
100020fc:	d1b1      	bne.n	10002062 <_ntoa_format+0x76>
100020fe:	e7e4      	b.n	100020ca <_ntoa_format+0xde>
10002100:	2420      	movs	r4, #32
10002102:	f1b8 0f10 	cmp.w	r8, #16
10002106:	d03f      	beq.n	10002188 <_ntoa_format+0x19c>
10002108:	f1b8 0f02 	cmp.w	r8, #2
1000210c:	d02f      	beq.n	1000216e <_ntoa_format+0x182>
1000210e:	2c20      	cmp	r4, #32
10002110:	d0db      	beq.n	100020ca <_ntoa_format+0xde>
10002112:	4626      	mov	r6, r4
10002114:	3401      	adds	r4, #1
10002116:	e7d2      	b.n	100020be <_ntoa_format+0xd2>
10002118:	f1bb 0f00 	cmp.w	fp, #0
1000211c:	f000 809d 	beq.w	1000225a <_ntoa_format+0x26e>
10002120:	2d20      	cmp	r5, #32
10002122:	d9b9      	bls.n	10002098 <_ntoa_format+0xac>
10002124:	06fc      	lsls	r4, r7, #27
10002126:	d52d      	bpl.n	10002184 <_ntoa_format+0x198>
10002128:	057c      	lsls	r4, r7, #21
1000212a:	d42b      	bmi.n	10002184 <_ntoa_format+0x198>
1000212c:	2e20      	cmp	r6, #32
1000212e:	f000 80a2 	beq.w	10002276 <_ntoa_format+0x28a>
10002132:	2d20      	cmp	r5, #32
10002134:	d1e4      	bne.n	10002100 <_ntoa_format+0x114>
10002136:	2520      	movs	r5, #32
10002138:	261f      	movs	r6, #31
1000213a:	462c      	mov	r4, r5
1000213c:	e7b8      	b.n	100020b0 <_ntoa_format+0xc4>
1000213e:	262d      	movs	r6, #45	@ 0x2d
10002140:	f80e 6004 	strb.w	r6, [lr, r4]
10002144:	3401      	adds	r4, #1
10002146:	e9cd 570b 	strd	r5, r7, [sp, #44]	@ 0x2c
1000214a:	e9cd e409 	strd	lr, r4, [sp, #36]	@ 0x24
1000214e:	e8bd 4ff0 	ldmia.w	sp!, {r4, r5, r6, r7, r8, r9, sl, fp, lr}
10002152:	f7ff beff 	b.w	10001f54 <_out_rev>
10002156:	42b4      	cmp	r4, r6
10002158:	d280      	bcs.n	1000205c <_ntoa_format+0x70>
1000215a:	2c20      	cmp	r4, #32
1000215c:	f47f af5d 	bne.w	1000201a <_ntoa_format+0x2e>
10002160:	f017 0f10 	tst.w	r7, #16
10002164:	d0b1      	beq.n	100020ca <_ntoa_format+0xde>
10002166:	f417 6f80 	tst.w	r7, #1024	@ 0x400
1000216a:	d1ca      	bne.n	10002102 <_ntoa_format+0x116>
1000216c:	e799      	b.n	100020a2 <_ntoa_format+0xb6>
1000216e:	2c20      	cmp	r4, #32
10002170:	d0ab      	beq.n	100020ca <_ntoa_format+0xde>
10002172:	4626      	mov	r6, r4
10002174:	3401      	adds	r4, #1
10002176:	f04f 0c62 	mov.w	ip, #98	@ 0x62
1000217a:	f80e c006 	strb.w	ip, [lr, r6]
1000217e:	e7c6      	b.n	1000210e <_ntoa_format+0x122>
10002180:	3d01      	subs	r5, #1
10002182:	e7b3      	b.n	100020ec <_ntoa_format+0x100>
10002184:	2420      	movs	r4, #32
10002186:	e7a0      	b.n	100020ca <_ntoa_format+0xde>
10002188:	06be      	lsls	r6, r7, #26
1000218a:	d40d      	bmi.n	100021a8 <_ntoa_format+0x1bc>
1000218c:	2c20      	cmp	r4, #32
1000218e:	d09c      	beq.n	100020ca <_ntoa_format+0xde>
10002190:	2678      	movs	r6, #120	@ 0x78
10002192:	f80e 6004 	strb.w	r6, [lr, r4]
10002196:	3401      	adds	r4, #1
10002198:	e7b9      	b.n	1000210e <_ntoa_format+0x122>
1000219a:	073e      	lsls	r6, r7, #28
1000219c:	d595      	bpl.n	100020ca <_ntoa_format+0xde>
1000219e:	2620      	movs	r6, #32
100021a0:	f80e 6004 	strb.w	r6, [lr, r4]
100021a4:	3401      	adds	r4, #1
100021a6:	e790      	b.n	100020ca <_ntoa_format+0xde>
100021a8:	2c20      	cmp	r4, #32
100021aa:	d08e      	beq.n	100020ca <_ntoa_format+0xde>
100021ac:	f04f 0c58 	mov.w	ip, #88	@ 0x58
100021b0:	eb0e 0604 	add.w	r6, lr, r4
100021b4:	f886 c000 	strb.w	ip, [r6]
100021b8:	3401      	adds	r4, #1
100021ba:	e7a8      	b.n	1000210e <_ntoa_format+0x122>
100021bc:	f1b8 0f10 	cmp.w	r8, #16
100021c0:	d043      	beq.n	1000224a <_ntoa_format+0x25e>
100021c2:	f1b8 0f02 	cmp.w	r8, #2
100021c6:	f47f af58 	bne.w	1000207a <_ntoa_format+0x8e>
100021ca:	2462      	movs	r4, #98	@ 0x62
100021cc:	f88e 4000 	strb.w	r4, [lr]
100021d0:	2430      	movs	r4, #48	@ 0x30
100021d2:	f88e 4001 	strb.w	r4, [lr, #1]
100021d6:	2402      	movs	r4, #2
100021d8:	f1b9 0f00 	cmp.w	r9, #0
100021dc:	f43f af54 	beq.w	10002088 <_ntoa_format+0x9c>
100021e0:	e7ad      	b.n	1000213e <_ntoa_format+0x152>
100021e2:	06be      	lsls	r6, r7, #26
100021e4:	d517      	bpl.n	10002216 <_ntoa_format+0x22a>
100021e6:	2458      	movs	r4, #88	@ 0x58
100021e8:	f88e 4000 	strb.w	r4, [lr]
100021ec:	2430      	movs	r4, #48	@ 0x30
100021ee:	f88e 4001 	strb.w	r4, [lr, #1]
100021f2:	2402      	movs	r4, #2
100021f4:	f1b9 0f00 	cmp.w	r9, #0
100021f8:	f43f af46 	beq.w	10002088 <_ntoa_format+0x9c>
100021fc:	e79f      	b.n	1000213e <_ntoa_format+0x152>
100021fe:	2662      	movs	r6, #98	@ 0x62
10002200:	f88e 6000 	strb.w	r6, [lr]
10002204:	2630      	movs	r6, #48	@ 0x30
10002206:	4644      	mov	r4, r8
10002208:	f88e 6001 	strb.w	r6, [lr, #1]
1000220c:	f1b9 0f00 	cmp.w	r9, #0
10002210:	f43f af3a 	beq.w	10002088 <_ntoa_format+0x9c>
10002214:	e793      	b.n	1000213e <_ntoa_format+0x152>
10002216:	2478      	movs	r4, #120	@ 0x78
10002218:	f88e 4000 	strb.w	r4, [lr]
1000221c:	2430      	movs	r4, #48	@ 0x30
1000221e:	f88e 4001 	strb.w	r4, [lr, #1]
10002222:	2402      	movs	r4, #2
10002224:	f1b9 0f00 	cmp.w	r9, #0
10002228:	f43f af2e 	beq.w	10002088 <_ntoa_format+0x9c>
1000222c:	e787      	b.n	1000213e <_ntoa_format+0x152>
1000222e:	f1bb 0f00 	cmp.w	fp, #0
10002232:	f47f af61 	bne.w	100020f8 <_ntoa_format+0x10c>
10002236:	e793      	b.n	10002160 <_ntoa_format+0x174>
10002238:	f1a4 0c02 	sub.w	ip, r4, #2
1000223c:	4634      	mov	r4, r6
1000223e:	06be      	lsls	r6, r7, #26
10002240:	d407      	bmi.n	10002252 <_ntoa_format+0x266>
10002242:	2678      	movs	r6, #120	@ 0x78
10002244:	f80e 600c 	strb.w	r6, [lr, ip]
10002248:	e763      	b.n	10002112 <_ntoa_format+0x126>
1000224a:	06bc      	lsls	r4, r7, #26
1000224c:	d4cb      	bmi.n	100021e6 <_ntoa_format+0x1fa>
1000224e:	2478      	movs	r4, #120	@ 0x78
10002250:	e7bc      	b.n	100021cc <_ntoa_format+0x1e0>
10002252:	2658      	movs	r6, #88	@ 0x58
10002254:	f80e 600c 	strb.w	r6, [lr, ip]
10002258:	e75b      	b.n	10002112 <_ntoa_format+0x126>
1000225a:	f017 0f10 	tst.w	r7, #16
1000225e:	f43f af34 	beq.w	100020ca <_ntoa_format+0xde>
10002262:	f417 6f80 	tst.w	r7, #1024	@ 0x400
10002266:	f47f af30 	bne.w	100020ca <_ntoa_format+0xde>
1000226a:	2e20      	cmp	r6, #32
1000226c:	d006      	beq.n	1000227c <_ntoa_format+0x290>
1000226e:	2d20      	cmp	r5, #32
10002270:	f47f af47 	bne.w	10002102 <_ntoa_format+0x116>
10002274:	e75f      	b.n	10002136 <_ntoa_format+0x14a>
10002276:	4634      	mov	r4, r6
10002278:	261f      	movs	r6, #31
1000227a:	e719      	b.n	100020b0 <_ntoa_format+0xc4>
1000227c:	261f      	movs	r6, #31
1000227e:	e717      	b.n	100020b0 <_ntoa_format+0xc4>

10002280 <_out_char>:
10002280:	b900      	cbnz	r0, 10002284 <_out_char+0x4>
10002282:	4770      	bx	lr
10002284:	f001 babc 	b.w	10003800 <__wrap_putchar>

10002288 <_out_fct>:
10002288:	b110      	cbz	r0, 10002290 <_out_fct+0x8>
1000228a:	e9d1 3100 	ldrd	r3, r1, [r1]
1000228e:	4718      	bx	r3
10002290:	4770      	bx	lr
10002292:	bf00      	nop
10002294:	0000      	movs	r0, r0
	...

10002298 <_etoa>:
10002298:	e92d 4ff0 	stmdb	sp!, {r4, r5, r6, r7, r8, r9, sl, fp, lr}
1000229c:	b09d      	sub	sp, #116	@ 0x74
1000229e:	ed9d 7b26 	vldr	d7, [sp, #152]	@ 0x98
100022a2:	e9dd a528 	ldrd	sl, r5, [sp, #160]	@ 0xa0
100022a6:	ec58 7b17 	vmov	r7, r8, d7
100022aa:	e9cd 120c 	strd	r1, r2, [sp, #48]	@ 0x30
100022ae:	4683      	mov	fp, r0
100022b0:	461e      	mov	r6, r3
100022b2:	463a      	mov	r2, r7
100022b4:	4643      	mov	r3, r8
100022b6:	4638      	mov	r0, r7
100022b8:	4641      	mov	r1, r8
100022ba:	ed8d 7b08 	vstr	d7, [sp, #32]
100022be:	9c2a      	ldr	r4, [sp, #168]	@ 0xa8
100022c0:	f7ff fdfc 	bl	10001ebc <__wrap___aeabi_dcmpun>
100022c4:	2800      	cmp	r0, #0
100022c6:	f040 80d5 	bne.w	10002474 <_etoa+0x1dc>
100022ca:	4638      	mov	r0, r7
100022cc:	4641      	mov	r1, r8
100022ce:	f04f 32ff 	mov.w	r2, #4294967295	@ 0xffffffff
100022d2:	4b73      	ldr	r3, [pc, #460]	@ (100024a0 <_etoa+0x208>)
100022d4:	f7ff fe2c 	bl	10001f30 <__wrap___aeabi_dcmpgt>
100022d8:	2800      	cmp	r0, #0
100022da:	f040 80cb 	bne.w	10002474 <_etoa+0x1dc>
100022de:	4638      	mov	r0, r7
100022e0:	4641      	mov	r1, r8
100022e2:	f04f 32ff 	mov.w	r2, #4294967295	@ 0xffffffff
100022e6:	f46f 1380 	mvn.w	r3, #1048576	@ 0x100000
100022ea:	f7ff fdf9 	bl	10001ee0 <__wrap___aeabi_dcmplt>
100022ee:	2800      	cmp	r0, #0
100022f0:	f040 80c0 	bne.w	10002474 <_etoa+0x1dc>
100022f4:	e9dd 7808 	ldrd	r7, r8, [sp, #32]
100022f8:	2200      	movs	r2, #0
100022fa:	4638      	mov	r0, r7
100022fc:	4641      	mov	r1, r8
100022fe:	2300      	movs	r3, #0
10002300:	f7ff fdee 	bl	10001ee0 <__wrap___aeabi_dcmplt>
10002304:	2800      	cmp	r0, #0
10002306:	f040 81bb 	bne.w	10002680 <_etoa+0x3e8>
1000230a:	e9cd 780a 	strd	r7, r8, [sp, #40]	@ 0x28
1000230e:	e9dd 230a 	ldrd	r2, r3, [sp, #40]	@ 0x28
10002312:	461f      	mov	r7, r3
10002314:	4690      	mov	r8, r2
10002316:	f414 6380 	ands.w	r3, r4, #1024	@ 0x400
1000231a:	bf08      	it	eq
1000231c:	f04f 0a06 	moveq.w	sl, #6
10002320:	9311      	str	r3, [sp, #68]	@ 0x44
10002322:	ea58 0307 	orrs.w	r3, r8, r7
10002326:	f040 80bf 	bne.w	100024a8 <_etoa+0x210>
1000232a:	f414 6300 	ands.w	r3, r4, #2048	@ 0x800
1000232e:	f000 819f 	beq.w	10002670 <_etoa+0x3d8>
10002332:	ed9f 7b59 	vldr	d7, [pc, #356]	@ 10002498 <_etoa+0x200>
10002336:	2700      	movs	r7, #0
10002338:	ed8d 7b0e 	vstr	d7, [sp, #56]	@ 0x38
1000233c:	f04f 0800 	mov.w	r8, #0
10002340:	45ba      	cmp	sl, r7
10002342:	bfcc      	ite	gt
10002344:	ebaa 0a07 	subgt.w	sl, sl, r7
10002348:	f04f 0a00 	movle.w	sl, #0
1000234c:	4647      	mov	r7, r8
1000234e:	bfc8      	it	gt
10002350:	f10a 3aff 	addgt.w	sl, sl, #4294967295	@ 0xffffffff
10002354:	f444 6480 	orr.w	r4, r4, #1024	@ 0x400
10002358:	4545      	cmp	r5, r8
1000235a:	bf94      	ite	ls
1000235c:	f04f 0900 	movls.w	r9, #0
10002360:	eba5 0908 	subhi.w	r9, r5, r8
10002364:	f014 0302 	ands.w	r3, r4, #2
10002368:	9310      	str	r3, [sp, #64]	@ 0x40
1000236a:	d004      	beq.n	10002376 <_etoa+0xde>
1000236c:	f1b8 0f00 	cmp.w	r8, #0
10002370:	bf18      	it	ne
10002372:	f04f 0900 	movne.w	r9, #0
10002376:	b13f      	cbz	r7, 10002388 <_etoa+0xf0>
10002378:	e9dd 010a 	ldrd	r0, r1, [sp, #40]	@ 0x28
1000237c:	e9dd 230e 	ldrd	r2, r3, [sp, #56]	@ 0x38
10002380:	f7ff fd06 	bl	10001d90 <__wrap___aeabi_ddiv>
10002384:	e9cd 010a 	strd	r0, r1, [sp, #40]	@ 0x28
10002388:	e9dd 0108 	ldrd	r0, r1, [sp, #32]
1000238c:	2200      	movs	r2, #0
1000238e:	2300      	movs	r3, #0
10002390:	f7ff fda6 	bl	10001ee0 <__wrap___aeabi_dcmplt>
10002394:	b130      	cbz	r0, 100023a4 <_etoa+0x10c>
10002396:	e9dd 010a 	ldrd	r0, r1, [sp, #40]	@ 0x28
1000239a:	4602      	mov	r2, r0
1000239c:	f101 4300 	add.w	r3, r1, #2147483648	@ 0x80000000
100023a0:	e9cd 230a 	strd	r2, r3, [sp, #40]	@ 0x28
100023a4:	ed9d 7b0a 	vldr	d7, [sp, #40]	@ 0x28
100023a8:	f424 6300 	bic.w	r3, r4, #2048	@ 0x800
100023ac:	e9cd a902 	strd	sl, r9, [sp, #8]
100023b0:	e9dd a20c 	ldrd	sl, r2, [sp, #48]	@ 0x30
100023b4:	9304      	str	r3, [sp, #16]
100023b6:	ed8d 7b00 	vstr	d7, [sp]
100023ba:	4633      	mov	r3, r6
100023bc:	4651      	mov	r1, sl
100023be:	4658      	mov	r0, fp
100023c0:	f000 f996 	bl	100026f0 <_ftoa>
100023c4:	4681      	mov	r9, r0
100023c6:	f1b8 0f00 	cmp.w	r8, #0
100023ca:	d04f      	beq.n	1000246c <_etoa+0x1d4>
100023cc:	f014 0f20 	tst.w	r4, #32
100023d0:	464a      	mov	r2, r9
100023d2:	bf0c      	ite	eq
100023d4:	2065      	moveq	r0, #101	@ 0x65
100023d6:	2045      	movne	r0, #69	@ 0x45
100023d8:	4633      	mov	r3, r6
100023da:	4651      	mov	r1, sl
100023dc:	47d8      	blx	fp
100023de:	f109 0401 	add.w	r4, r9, #1
100023e2:	ea87 7ce7 	eor.w	ip, r7, r7, asr #31
100023e6:	f10d 0950 	add.w	r9, sp, #80	@ 0x50
100023ea:	f108 30ff 	add.w	r0, r8, #4294967295	@ 0xffffffff
100023ee:	464b      	mov	r3, r9
100023f0:	2200      	movs	r2, #0
100023f2:	f8df 80b0 	ldr.w	r8, [pc, #176]	@ 100024a4 <_etoa+0x20c>
100023f6:	ebac 7ce7 	sub.w	ip, ip, r7, asr #31
100023fa:	ea4f 7ed7 	mov.w	lr, r7, lsr #31
100023fe:	e001      	b.n	10002404 <_etoa+0x16c>
10002400:	2a20      	cmp	r2, #32
10002402:	d010      	beq.n	10002426 <_etoa+0x18e>
10002404:	46e2      	mov	sl, ip
10002406:	fba8 710c 	umull	r7, r1, r8, ip
1000240a:	08c9      	lsrs	r1, r1, #3
1000240c:	eb01 0781 	add.w	r7, r1, r1, lsl #2
10002410:	ebac 0747 	sub.w	r7, ip, r7, lsl #1
10002414:	3730      	adds	r7, #48	@ 0x30
10002416:	f1ba 0f09 	cmp.w	sl, #9
1000241a:	468c      	mov	ip, r1
1000241c:	f102 0201 	add.w	r2, r2, #1
10002420:	f803 7b01 	strb.w	r7, [r3], #1
10002424:	d8ec      	bhi.n	10002400 <_etoa+0x168>
10002426:	2305      	movs	r3, #5
10002428:	9005      	str	r0, [sp, #20]
1000242a:	9306      	str	r3, [sp, #24]
1000242c:	2000      	movs	r0, #0
1000242e:	230a      	movs	r3, #10
10002430:	9f0c      	ldr	r7, [sp, #48]	@ 0x30
10002432:	e9cd 3003 	strd	r3, r0, [sp, #12]
10002436:	e9cd 2e01 	strd	r2, lr, [sp, #4]
1000243a:	4633      	mov	r3, r6
1000243c:	f8cd 9000 	str.w	r9, [sp]
10002440:	4622      	mov	r2, r4
10002442:	4639      	mov	r1, r7
10002444:	4658      	mov	r0, fp
10002446:	f7ff fdd1 	bl	10001fec <_ntoa_format>
1000244a:	9b10      	ldr	r3, [sp, #64]	@ 0x40
1000244c:	4681      	mov	r9, r0
1000244e:	b16b      	cbz	r3, 1000246c <_etoa+0x1d4>
10002450:	9b0d      	ldr	r3, [sp, #52]	@ 0x34
10002452:	1ac4      	subs	r4, r0, r3
10002454:	42a5      	cmp	r5, r4
10002456:	d909      	bls.n	1000246c <_etoa+0x1d4>
10002458:	464a      	mov	r2, r9
1000245a:	4633      	mov	r3, r6
1000245c:	4639      	mov	r1, r7
1000245e:	2020      	movs	r0, #32
10002460:	3401      	adds	r4, #1
10002462:	47d8      	blx	fp
10002464:	42a5      	cmp	r5, r4
10002466:	f109 0901 	add.w	r9, r9, #1
1000246a:	d8f5      	bhi.n	10002458 <_etoa+0x1c0>
1000246c:	4648      	mov	r0, r9
1000246e:	b01d      	add	sp, #116	@ 0x74
10002470:	e8bd 8ff0 	ldmia.w	sp!, {r4, r5, r6, r7, r8, r9, sl, fp, pc}
10002474:	ed9d 7b08 	vldr	d7, [sp, #32]
10002478:	e9dd 120c 	ldrd	r1, r2, [sp, #48]	@ 0x30
1000247c:	4633      	mov	r3, r6
1000247e:	4658      	mov	r0, fp
10002480:	ed8d 7b26 	vstr	d7, [sp, #152]	@ 0x98
10002484:	e9cd 5429 	strd	r5, r4, [sp, #164]	@ 0xa4
10002488:	f8cd a0a0 	str.w	sl, [sp, #160]	@ 0xa0
1000248c:	b01d      	add	sp, #116	@ 0x74
1000248e:	e8bd 4ff0 	ldmia.w	sp!, {r4, r5, r6, r7, r8, r9, sl, fp, lr}
10002492:	f000 b92d 	b.w	100026f0 <_ftoa>
10002496:	bf00      	nop
	...
100024a0:	7fefffff 	.word	0x7fefffff
100024a4:	cccccccd 	.word	0xcccccccd
100024a8:	f3c7 500a 	ubfx	r0, r7, #20, #11
100024ac:	f2a0 30ff 	subw	r0, r0, #1023	@ 0x3ff
100024b0:	f7ff fcbc 	bl	10001e2c <__wrap___aeabi_i2d>
100024b4:	a38a      	add	r3, pc, #552	@ (adr r3, 100026e0 <_etoa+0x448>)
100024b6:	e9d3 2300 	ldrd	r2, r3, [r3]
100024ba:	f7ff fc43 	bl	10001d44 <__wrap___aeabi_dmul>
100024be:	a38a      	add	r3, pc, #552	@ (adr r3, 100026e8 <_etoa+0x450>)
100024c0:	e9d3 2300 	ldrd	r2, r3, [r3]
100024c4:	f7ff fc16 	bl	10001cf4 <__wrap___aeabi_dadd>
100024c8:	f3c7 0713 	ubfx	r7, r7, #0, #20
100024cc:	e9cd 010e 	strd	r0, r1, [sp, #56]	@ 0x38
100024d0:	f047 517f 	orr.w	r1, r7, #1069547520	@ 0x3fc00000
100024d4:	4640      	mov	r0, r8
100024d6:	2200      	movs	r2, #0
100024d8:	4b7b      	ldr	r3, [pc, #492]	@ (100026c8 <_etoa+0x430>)
100024da:	f441 1140 	orr.w	r1, r1, #3145728	@ 0x300000
100024de:	f7ff fc1d 	bl	10001d1c <__wrap___aeabi_dsub>
100024e2:	a36b      	add	r3, pc, #428	@ (adr r3, 10002690 <_etoa+0x3f8>)
100024e4:	e9d3 2300 	ldrd	r2, r3, [r3]
100024e8:	f7ff fc2c 	bl	10001d44 <__wrap___aeabi_dmul>
100024ec:	4602      	mov	r2, r0
100024ee:	460b      	mov	r3, r1
100024f0:	e9dd 010e 	ldrd	r0, r1, [sp, #56]	@ 0x38
100024f4:	f7ff fbfe 	bl	10001cf4 <__wrap___aeabi_dadd>
100024f8:	f7ff fcbc 	bl	10001e74 <__wrap___aeabi_d2iz>
100024fc:	4607      	mov	r7, r0
100024fe:	f7ff fc95 	bl	10001e2c <__wrap___aeabi_i2d>
10002502:	a365      	add	r3, pc, #404	@ (adr r3, 10002698 <_etoa+0x400>)
10002504:	e9d3 2300 	ldrd	r2, r3, [r3]
10002508:	4680      	mov	r8, r0
1000250a:	4689      	mov	r9, r1
1000250c:	f7ff fc1a 	bl	10001d44 <__wrap___aeabi_dmul>
10002510:	2200      	movs	r2, #0
10002512:	4b6e      	ldr	r3, [pc, #440]	@ (100026cc <_etoa+0x434>)
10002514:	f7ff fbee 	bl	10001cf4 <__wrap___aeabi_dadd>
10002518:	f7ff fcac 	bl	10001e74 <__wrap___aeabi_d2iz>
1000251c:	4603      	mov	r3, r0
1000251e:	4649      	mov	r1, r9
10002520:	4640      	mov	r0, r8
10002522:	9310      	str	r3, [sp, #64]	@ 0x40
10002524:	a35e      	add	r3, pc, #376	@ (adr r3, 100026a0 <_etoa+0x408>)
10002526:	e9d3 2300 	ldrd	r2, r3, [r3]
1000252a:	f7ff fc0b 	bl	10001d44 <__wrap___aeabi_dmul>
1000252e:	4680      	mov	r8, r0
10002530:	9810      	ldr	r0, [sp, #64]	@ 0x40
10002532:	4689      	mov	r9, r1
10002534:	f7ff fc7a 	bl	10001e2c <__wrap___aeabi_i2d>
10002538:	a35b      	add	r3, pc, #364	@ (adr r3, 100026a8 <_etoa+0x410>)
1000253a:	e9d3 2300 	ldrd	r2, r3, [r3]
1000253e:	f7ff fc01 	bl	10001d44 <__wrap___aeabi_dmul>
10002542:	4602      	mov	r2, r0
10002544:	460b      	mov	r3, r1
10002546:	4640      	mov	r0, r8
10002548:	4649      	mov	r1, r9
1000254a:	f7ff fbe7 	bl	10001d1c <__wrap___aeabi_dsub>
1000254e:	4602      	mov	r2, r0
10002550:	460b      	mov	r3, r1
10002552:	4680      	mov	r8, r0
10002554:	4689      	mov	r9, r1
10002556:	f7ff fbf5 	bl	10001d44 <__wrap___aeabi_dmul>
1000255a:	4642      	mov	r2, r8
1000255c:	464b      	mov	r3, r9
1000255e:	e9cd 010e 	strd	r0, r1, [sp, #56]	@ 0x38
10002562:	4640      	mov	r0, r8
10002564:	4649      	mov	r1, r9
10002566:	f7ff fbc5 	bl	10001cf4 <__wrap___aeabi_dadd>
1000256a:	2200      	movs	r2, #0
1000256c:	e9cd 0112 	strd	r0, r1, [sp, #72]	@ 0x48
10002570:	e9dd 010e 	ldrd	r0, r1, [sp, #56]	@ 0x38
10002574:	4b56      	ldr	r3, [pc, #344]	@ (100026d0 <_etoa+0x438>)
10002576:	f7ff fc0b 	bl	10001d90 <__wrap___aeabi_ddiv>
1000257a:	2200      	movs	r2, #0
1000257c:	4b55      	ldr	r3, [pc, #340]	@ (100026d4 <_etoa+0x43c>)
1000257e:	f7ff fbb9 	bl	10001cf4 <__wrap___aeabi_dadd>
10002582:	4602      	mov	r2, r0
10002584:	460b      	mov	r3, r1
10002586:	e9dd 010e 	ldrd	r0, r1, [sp, #56]	@ 0x38
1000258a:	f7ff fc01 	bl	10001d90 <__wrap___aeabi_ddiv>
1000258e:	2200      	movs	r2, #0
10002590:	4b51      	ldr	r3, [pc, #324]	@ (100026d8 <_etoa+0x440>)
10002592:	f7ff fbaf 	bl	10001cf4 <__wrap___aeabi_dadd>
10002596:	4602      	mov	r2, r0
10002598:	460b      	mov	r3, r1
1000259a:	e9dd 010e 	ldrd	r0, r1, [sp, #56]	@ 0x38
1000259e:	f7ff fbf7 	bl	10001d90 <__wrap___aeabi_ddiv>
100025a2:	4642      	mov	r2, r8
100025a4:	464b      	mov	r3, r9
100025a6:	4680      	mov	r8, r0
100025a8:	4689      	mov	r9, r1
100025aa:	2000      	movs	r0, #0
100025ac:	f04f 4180 	mov.w	r1, #1073741824	@ 0x40000000
100025b0:	f7ff fbb4 	bl	10001d1c <__wrap___aeabi_dsub>
100025b4:	4602      	mov	r2, r0
100025b6:	460b      	mov	r3, r1
100025b8:	4640      	mov	r0, r8
100025ba:	4649      	mov	r1, r9
100025bc:	f7ff fb9a 	bl	10001cf4 <__wrap___aeabi_dadd>
100025c0:	4602      	mov	r2, r0
100025c2:	460b      	mov	r3, r1
100025c4:	e9dd 0112 	ldrd	r0, r1, [sp, #72]	@ 0x48
100025c8:	f7ff fbe2 	bl	10001d90 <__wrap___aeabi_ddiv>
100025cc:	2200      	movs	r2, #0
100025ce:	4b43      	ldr	r3, [pc, #268]	@ (100026dc <_etoa+0x444>)
100025d0:	f7ff fb90 	bl	10001cf4 <__wrap___aeabi_dadd>
100025d4:	9b10      	ldr	r3, [sp, #64]	@ 0x40
100025d6:	2200      	movs	r2, #0
100025d8:	f203 3cff 	addw	ip, r3, #1023	@ 0x3ff
100025dc:	ea4f 530c 	mov.w	r3, ip, lsl #20
100025e0:	f7ff fbb0 	bl	10001d44 <__wrap___aeabi_dmul>
100025e4:	4680      	mov	r8, r0
100025e6:	4689      	mov	r9, r1
100025e8:	e9dd 010a 	ldrd	r0, r1, [sp, #40]	@ 0x28
100025ec:	4642      	mov	r2, r8
100025ee:	464b      	mov	r3, r9
100025f0:	e9cd 890e 	strd	r8, r9, [sp, #56]	@ 0x38
100025f4:	f7ff fc74 	bl	10001ee0 <__wrap___aeabi_dcmplt>
100025f8:	bb60      	cbnz	r0, 10002654 <_etoa+0x3bc>
100025fa:	4643      	mov	r3, r8
100025fc:	4649      	mov	r1, r9
100025fe:	f107 0263 	add.w	r2, r7, #99	@ 0x63
10002602:	2ac7      	cmp	r2, #199	@ 0xc7
10002604:	bf34      	ite	cc
10002606:	f04f 0804 	movcc.w	r8, #4
1000260a:	f04f 0805 	movcs.w	r8, #5
1000260e:	0522      	lsls	r2, r4, #20
10002610:	f57f aea2 	bpl.w	10002358 <_etoa+0xc0>
10002614:	430b      	orrs	r3, r1
10002616:	f43f ae91 	beq.w	1000233c <_etoa+0xa4>
1000261a:	e9dd 010a 	ldrd	r0, r1, [sp, #40]	@ 0x28
1000261e:	a324      	add	r3, pc, #144	@ (adr r3, 100026b0 <_etoa+0x418>)
10002620:	e9d3 2300 	ldrd	r2, r3, [r3]
10002624:	f7ff fc70 	bl	10001f08 <__wrap___aeabi_dcmpge>
10002628:	b148      	cbz	r0, 1000263e <_etoa+0x3a6>
1000262a:	e9dd 010a 	ldrd	r0, r1, [sp, #40]	@ 0x28
1000262e:	a322      	add	r3, pc, #136	@ (adr r3, 100026b8 <_etoa+0x420>)
10002630:	e9d3 2300 	ldrd	r2, r3, [r3]
10002634:	f7ff fc54 	bl	10001ee0 <__wrap___aeabi_dcmplt>
10002638:	2800      	cmp	r0, #0
1000263a:	f47f ae7f 	bne.w	1000233c <_etoa+0xa4>
1000263e:	f1ba 0f00 	cmp.w	sl, #0
10002642:	f43f ae89 	beq.w	10002358 <_etoa+0xc0>
10002646:	9b11      	ldr	r3, [sp, #68]	@ 0x44
10002648:	2b00      	cmp	r3, #0
1000264a:	f43f ae85 	beq.w	10002358 <_etoa+0xc0>
1000264e:	f10a 3aff 	add.w	sl, sl, #4294967295	@ 0xffffffff
10002652:	e681      	b.n	10002358 <_etoa+0xc0>
10002654:	2200      	movs	r2, #0
10002656:	4b1f      	ldr	r3, [pc, #124]	@ (100026d4 <_etoa+0x43c>)
10002658:	4640      	mov	r0, r8
1000265a:	4649      	mov	r1, r9
1000265c:	f7ff fb98 	bl	10001d90 <__wrap___aeabi_ddiv>
10002660:	460a      	mov	r2, r1
10002662:	4601      	mov	r1, r0
10002664:	4603      	mov	r3, r0
10002666:	e9cd 120e 	strd	r1, r2, [sp, #56]	@ 0x38
1000266a:	3f01      	subs	r7, #1
1000266c:	4611      	mov	r1, r2
1000266e:	e7c6      	b.n	100025fe <_etoa+0x366>
10002670:	ed9f 7b13 	vldr	d7, [pc, #76]	@ 100026c0 <_etoa+0x428>
10002674:	461f      	mov	r7, r3
10002676:	f04f 0804 	mov.w	r8, #4
1000267a:	ed8d 7b0e 	vstr	d7, [sp, #56]	@ 0x38
1000267e:	e66b      	b.n	10002358 <_etoa+0xc0>
10002680:	f108 4300 	add.w	r3, r8, #2147483648	@ 0x80000000
10002684:	970a      	str	r7, [sp, #40]	@ 0x28
10002686:	930b      	str	r3, [sp, #44]	@ 0x2c
10002688:	e641      	b.n	1000230e <_etoa+0x76>
1000268a:	bf00      	nop
1000268c:	f3af 8000 	nop.w
10002690:	636f4361 	.word	0x636f4361
10002694:	3fd287a7 	.word	0x3fd287a7
10002698:	0979a371 	.word	0x0979a371
1000269c:	400a934f 	.word	0x400a934f
100026a0:	bbb55516 	.word	0xbbb55516
100026a4:	40026bb1 	.word	0x40026bb1
100026a8:	fefa39ef 	.word	0xfefa39ef
100026ac:	3fe62e42 	.word	0x3fe62e42
100026b0:	eb1c432d 	.word	0xeb1c432d
100026b4:	3f1a36e2 	.word	0x3f1a36e2
100026b8:	00000000 	.word	0x00000000
100026bc:	412e8480 	.word	0x412e8480
	...
100026c8:	3ff80000 	.word	0x3ff80000
100026cc:	3fe00000 	.word	0x3fe00000
100026d0:	402c0000 	.word	0x402c0000
100026d4:	40240000 	.word	0x40240000
100026d8:	40180000 	.word	0x40180000
100026dc:	3ff00000 	.word	0x3ff00000
100026e0:	509f79fb 	.word	0x509f79fb
100026e4:	3fd34413 	.word	0x3fd34413
100026e8:	8b60c8b3 	.word	0x8b60c8b3
100026ec:	3fc68a28 	.word	0x3fc68a28

100026f0 <_ftoa>:
100026f0:	e92d 4ff0 	stmdb	sp!, {r4, r5, r6, r7, r8, r9, sl, fp, lr}
100026f4:	b097      	sub	sp, #92	@ 0x5c
100026f6:	e9dd 8920 	ldrd	r8, r9, [sp, #128]	@ 0x80
100026fa:	e9cd 0104 	strd	r0, r1, [sp, #16]
100026fe:	e9dd 4b22 	ldrd	r4, fp, [sp, #136]	@ 0x88
10002702:	e9cd 2306 	strd	r2, r3, [sp, #24]
10002706:	4640      	mov	r0, r8
10002708:	4642      	mov	r2, r8
1000270a:	464b      	mov	r3, r9
1000270c:	4649      	mov	r1, r9
1000270e:	f8dd a090 	ldr.w	sl, [sp, #144]	@ 0x90
10002712:	f7ff fbd3 	bl	10001ebc <__wrap___aeabi_dcmpun>
10002716:	2800      	cmp	r0, #0
10002718:	f040 81c6 	bne.w	10002aa8 <_ftoa+0x3b8>
1000271c:	4640      	mov	r0, r8
1000271e:	4649      	mov	r1, r9
10002720:	f04f 32ff 	mov.w	r2, #4294967295	@ 0xffffffff
10002724:	f46f 1380 	mvn.w	r3, #1048576	@ 0x100000
10002728:	f7ff fbda 	bl	10001ee0 <__wrap___aeabi_dcmplt>
1000272c:	2800      	cmp	r0, #0
1000272e:	f040 811d 	bne.w	1000296c <_ftoa+0x27c>
10002732:	4640      	mov	r0, r8
10002734:	4649      	mov	r1, r9
10002736:	f04f 32ff 	mov.w	r2, #4294967295	@ 0xffffffff
1000273a:	4bc1      	ldr	r3, [pc, #772]	@ (10002a40 <_ftoa+0x350>)
1000273c:	f7ff fbf8 	bl	10001f30 <__wrap___aeabi_dcmpgt>
10002740:	2800      	cmp	r0, #0
10002742:	f040 80e3 	bne.w	1000290c <_ftoa+0x21c>
10002746:	a3b8      	add	r3, pc, #736	@ (adr r3, 10002a28 <_ftoa+0x338>)
10002748:	e9d3 2300 	ldrd	r2, r3, [r3]
1000274c:	4640      	mov	r0, r8
1000274e:	4649      	mov	r1, r9
10002750:	f7ff fbee 	bl	10001f30 <__wrap___aeabi_dcmpgt>
10002754:	2800      	cmp	r0, #0
10002756:	f040 80cb 	bne.w	100028f0 <_ftoa+0x200>
1000275a:	a3b5      	add	r3, pc, #724	@ (adr r3, 10002a30 <_ftoa+0x340>)
1000275c:	e9d3 2300 	ldrd	r2, r3, [r3]
10002760:	4640      	mov	r0, r8
10002762:	4649      	mov	r1, r9
10002764:	f7ff fbbc 	bl	10001ee0 <__wrap___aeabi_dcmplt>
10002768:	2800      	cmp	r0, #0
1000276a:	f040 80c1 	bne.w	100028f0 <_ftoa+0x200>
1000276e:	4640      	mov	r0, r8
10002770:	4649      	mov	r1, r9
10002772:	2200      	movs	r2, #0
10002774:	2300      	movs	r3, #0
10002776:	f7ff fbb3 	bl	10001ee0 <__wrap___aeabi_dcmplt>
1000277a:	2800      	cmp	r0, #0
1000277c:	f040 80e0 	bne.w	10002940 <_ftoa+0x250>
10002780:	f41a 6580 	ands.w	r5, sl, #1024	@ 0x400
10002784:	900d      	str	r0, [sp, #52]	@ 0x34
10002786:	f000 80e9 	beq.w	1000295c <_ftoa+0x26c>
1000278a:	2c09      	cmp	r4, #9
1000278c:	f240 8197 	bls.w	10002abe <_ftoa+0x3ce>
10002790:	ab0e      	add	r3, sp, #56	@ 0x38
10002792:	461a      	mov	r2, r3
10002794:	930c      	str	r3, [sp, #48]	@ 0x30
10002796:	2130      	movs	r1, #48	@ 0x30
10002798:	2300      	movs	r3, #0
1000279a:	f1a4 0509 	sub.w	r5, r4, #9
1000279e:	3301      	adds	r3, #1
100027a0:	2b20      	cmp	r3, #32
100027a2:	f802 1b01 	strb.w	r1, [r2], #1
100027a6:	eba4 0603 	sub.w	r6, r4, r3
100027aa:	f000 813a 	beq.w	10002a22 <_ftoa+0x332>
100027ae:	42ab      	cmp	r3, r5
100027b0:	d1f5      	bne.n	1000279e <_ftoa+0xae>
100027b2:	ed9f 7b9d 	vldr	d7, [pc, #628]	@ 10002a28 <_ftoa+0x338>
100027b6:	ed8d 7b08 	vstr	d7, [sp, #32]
100027ba:	4649      	mov	r1, r9
100027bc:	4640      	mov	r0, r8
100027be:	f7ff fb59 	bl	10001e74 <__wrap___aeabi_d2iz>
100027c2:	4604      	mov	r4, r0
100027c4:	f7ff fb32 	bl	10001e2c <__wrap___aeabi_i2d>
100027c8:	4602      	mov	r2, r0
100027ca:	460b      	mov	r3, r1
100027cc:	4640      	mov	r0, r8
100027ce:	4649      	mov	r1, r9
100027d0:	f7ff faa4 	bl	10001d1c <__wrap___aeabi_dsub>
100027d4:	e9dd 2308 	ldrd	r2, r3, [sp, #32]
100027d8:	f7ff fab4 	bl	10001d44 <__wrap___aeabi_dmul>
100027dc:	4602      	mov	r2, r0
100027de:	460b      	mov	r3, r1
100027e0:	e9cd 230a 	strd	r2, r3, [sp, #40]	@ 0x28
100027e4:	f7ff fb58 	bl	10001e98 <__wrap___aeabi_d2uiz>
100027e8:	4607      	mov	r7, r0
100027ea:	f7ff fb31 	bl	10001e50 <__wrap___aeabi_ui2d>
100027ee:	4602      	mov	r2, r0
100027f0:	460b      	mov	r3, r1
100027f2:	e9dd 010a 	ldrd	r0, r1, [sp, #40]	@ 0x28
100027f6:	f7ff fa91 	bl	10001d1c <__wrap___aeabi_dsub>
100027fa:	4602      	mov	r2, r0
100027fc:	460b      	mov	r3, r1
100027fe:	e9cd 230a 	strd	r2, r3, [sp, #40]	@ 0x28
10002802:	2200      	movs	r2, #0
10002804:	4b8f      	ldr	r3, [pc, #572]	@ (10002a44 <_ftoa+0x354>)
10002806:	f7ff fb93 	bl	10001f30 <__wrap___aeabi_dcmpgt>
1000280a:	2800      	cmp	r0, #0
1000280c:	f000 80db 	beq.w	100029c6 <_ftoa+0x2d6>
10002810:	3701      	adds	r7, #1
10002812:	4638      	mov	r0, r7
10002814:	f7ff fb1c 	bl	10001e50 <__wrap___aeabi_ui2d>
10002818:	e9dd 2308 	ldrd	r2, r3, [sp, #32]
1000281c:	f7ff fb74 	bl	10001f08 <__wrap___aeabi_dcmpge>
10002820:	b108      	cbz	r0, 10002826 <_ftoa+0x136>
10002822:	2700      	movs	r7, #0
10002824:	3401      	adds	r4, #1
10002826:	2e00      	cmp	r6, #0
10002828:	f040 80b1 	bne.w	1000298e <_ftoa+0x29e>
1000282c:	4620      	mov	r0, r4
1000282e:	f7ff fafd 	bl	10001e2c <__wrap___aeabi_i2d>
10002832:	4602      	mov	r2, r0
10002834:	460b      	mov	r3, r1
10002836:	4640      	mov	r0, r8
10002838:	4649      	mov	r1, r9
1000283a:	f7ff fa6f 	bl	10001d1c <__wrap___aeabi_dsub>
1000283e:	2200      	movs	r2, #0
10002840:	4b80      	ldr	r3, [pc, #512]	@ (10002a44 <_ftoa+0x354>)
10002842:	4606      	mov	r6, r0
10002844:	460f      	mov	r7, r1
10002846:	f7ff fb4b 	bl	10001ee0 <__wrap___aeabi_dcmplt>
1000284a:	b940      	cbnz	r0, 1000285e <_ftoa+0x16e>
1000284c:	4630      	mov	r0, r6
1000284e:	4639      	mov	r1, r7
10002850:	2200      	movs	r2, #0
10002852:	4b7c      	ldr	r3, [pc, #496]	@ (10002a44 <_ftoa+0x354>)
10002854:	f7ff fb6c 	bl	10001f30 <__wrap___aeabi_dcmpgt>
10002858:	2800      	cmp	r0, #0
1000285a:	f000 8116 	beq.w	10002a8a <_ftoa+0x39a>
1000285e:	9b0c      	ldr	r3, [sp, #48]	@ 0x30
10002860:	1e69      	subs	r1, r5, #1
10002862:	4879      	ldr	r0, [pc, #484]	@ (10002a48 <_ftoa+0x358>)
10002864:	4419      	add	r1, r3
10002866:	e010      	b.n	1000288a <_ftoa+0x19a>
10002868:	fb80 6204 	smull	r6, r2, r0, r4
1000286c:	ebc3 03a2 	rsb	r3, r3, r2, asr #2
10002870:	eb03 0283 	add.w	r2, r3, r3, lsl #2
10002874:	eba4 0442 	sub.w	r4, r4, r2, lsl #1
10002878:	f104 0230 	add.w	r2, r4, #48	@ 0x30
1000287c:	3501      	adds	r5, #1
1000287e:	461c      	mov	r4, r3
10002880:	f801 2f01 	strb.w	r2, [r1, #1]!
10002884:	2b00      	cmp	r3, #0
10002886:	f000 80ab 	beq.w	100029e0 <_ftoa+0x2f0>
1000288a:	2d20      	cmp	r5, #32
1000288c:	ea4f 73e4 	mov.w	r3, r4, asr #31
10002890:	d1ea      	bne.n	10002868 <_ftoa+0x178>
10002892:	f00a 0303 	and.w	r3, sl, #3
10002896:	2b01      	cmp	r3, #1
10002898:	d11c      	bne.n	100028d4 <_ftoa+0x1e4>
1000289a:	f1bb 0f00 	cmp.w	fp, #0
1000289e:	d019      	beq.n	100028d4 <_ftoa+0x1e4>
100028a0:	9b0d      	ldr	r3, [sp, #52]	@ 0x34
100028a2:	2b00      	cmp	r3, #0
100028a4:	f040 80fa 	bne.w	10002a9c <_ftoa+0x3ac>
100028a8:	f01a 0f0c 	tst.w	sl, #12
100028ac:	f040 80f6 	bne.w	10002a9c <_ftoa+0x3ac>
100028b0:	45ab      	cmp	fp, r5
100028b2:	f240 80d3 	bls.w	10002a5c <_ftoa+0x36c>
100028b6:	2d20      	cmp	r5, #32
100028b8:	d00b      	beq.n	100028d2 <_ftoa+0x1e2>
100028ba:	2230      	movs	r2, #48	@ 0x30
100028bc:	990c      	ldr	r1, [sp, #48]	@ 0x30
100028be:	1e6b      	subs	r3, r5, #1
100028c0:	440b      	add	r3, r1
100028c2:	3501      	adds	r5, #1
100028c4:	455d      	cmp	r5, fp
100028c6:	f803 2f01 	strb.w	r2, [r3, #1]!
100028ca:	f000 808d 	beq.w	100029e8 <_ftoa+0x2f8>
100028ce:	2d20      	cmp	r5, #32
100028d0:	d1f7      	bne.n	100028c2 <_ftoa+0x1d2>
100028d2:	2520      	movs	r5, #32
100028d4:	e9dd 2306 	ldrd	r2, r3, [sp, #24]
100028d8:	e9dd 0104 	ldrd	r0, r1, [sp, #16]
100028dc:	9c0c      	ldr	r4, [sp, #48]	@ 0x30
100028de:	e9cd ba02 	strd	fp, sl, [sp, #8]
100028e2:	9501      	str	r5, [sp, #4]
100028e4:	9400      	str	r4, [sp, #0]
100028e6:	f7ff fb35 	bl	10001f54 <_out_rev>
100028ea:	b017      	add	sp, #92	@ 0x5c
100028ec:	e8bd 8ff0 	ldmia.w	sp!, {r4, r5, r6, r7, r8, r9, sl, fp, pc}
100028f0:	e9cd 8920 	strd	r8, r9, [sp, #128]	@ 0x80
100028f4:	e9dd 2306 	ldrd	r2, r3, [sp, #24]
100028f8:	e9dd 0104 	ldrd	r0, r1, [sp, #16]
100028fc:	e9cd ba23 	strd	fp, sl, [sp, #140]	@ 0x8c
10002900:	9422      	str	r4, [sp, #136]	@ 0x88
10002902:	b017      	add	sp, #92	@ 0x5c
10002904:	e8bd 4ff0 	ldmia.w	sp!, {r4, r5, r6, r7, r8, r9, sl, fp, lr}
10002908:	f7ff bcc6 	b.w	10002298 <_etoa>
1000290c:	4d4f      	ldr	r5, [pc, #316]	@ (10002a4c <_ftoa+0x35c>)
1000290e:	f8cd a08c 	str.w	sl, [sp, #140]	@ 0x8c
10002912:	f00a 0a04 	and.w	sl, sl, #4
10002916:	f1ba 0f00 	cmp.w	sl, #0
1000291a:	4c4d      	ldr	r4, [pc, #308]	@ (10002a50 <_ftoa+0x360>)
1000291c:	bf18      	it	ne
1000291e:	462c      	movne	r4, r5
10002920:	e9dd 2306 	ldrd	r2, r3, [sp, #24]
10002924:	e9dd 0104 	ldrd	r0, r1, [sp, #16]
10002928:	9420      	str	r4, [sp, #128]	@ 0x80
1000292a:	bf0c      	ite	eq
1000292c:	2403      	moveq	r4, #3
1000292e:	2404      	movne	r4, #4
10002930:	f8cd b088 	str.w	fp, [sp, #136]	@ 0x88
10002934:	9421      	str	r4, [sp, #132]	@ 0x84
10002936:	b017      	add	sp, #92	@ 0x5c
10002938:	e8bd 4ff0 	ldmia.w	sp!, {r4, r5, r6, r7, r8, r9, sl, fp, lr}
1000293c:	f7ff bb0a 	b.w	10001f54 <_out_rev>
10002940:	2101      	movs	r1, #1
10002942:	4642      	mov	r2, r8
10002944:	464b      	mov	r3, r9
10002946:	910d      	str	r1, [sp, #52]	@ 0x34
10002948:	2000      	movs	r0, #0
1000294a:	2100      	movs	r1, #0
1000294c:	f7ff f9e6 	bl	10001d1c <__wrap___aeabi_dsub>
10002950:	f41a 6580 	ands.w	r5, sl, #1024	@ 0x400
10002954:	4680      	mov	r8, r0
10002956:	4689      	mov	r9, r1
10002958:	f47f af17 	bne.w	1000278a <_ftoa+0x9a>
1000295c:	ed9f 7b36 	vldr	d7, [pc, #216]	@ 10002a38 <_ftoa+0x348>
10002960:	ab0e      	add	r3, sp, #56	@ 0x38
10002962:	2606      	movs	r6, #6
10002964:	ed8d 7b08 	vstr	d7, [sp, #32]
10002968:	930c      	str	r3, [sp, #48]	@ 0x30
1000296a:	e726      	b.n	100027ba <_ftoa+0xca>
1000296c:	2404      	movs	r4, #4
1000296e:	e9dd 2306 	ldrd	r2, r3, [sp, #24]
10002972:	e9dd 0104 	ldrd	r0, r1, [sp, #16]
10002976:	4d37      	ldr	r5, [pc, #220]	@ (10002a54 <_ftoa+0x364>)
10002978:	f8cd a08c 	str.w	sl, [sp, #140]	@ 0x8c
1000297c:	f8cd b088 	str.w	fp, [sp, #136]	@ 0x88
10002980:	9520      	str	r5, [sp, #128]	@ 0x80
10002982:	9421      	str	r4, [sp, #132]	@ 0x84
10002984:	b017      	add	sp, #92	@ 0x5c
10002986:	e8bd 4ff0 	ldmia.w	sp!, {r4, r5, r6, r7, r8, r9, sl, fp, lr}
1000298a:	f7ff bae3 	b.w	10001f54 <_out_rev>
1000298e:	9b0c      	ldr	r3, [sp, #48]	@ 0x30
10002990:	1e68      	subs	r0, r5, #1
10002992:	f8df c0c4 	ldr.w	ip, [pc, #196]	@ 10002a58 <_ftoa+0x368>
10002996:	4418      	add	r0, r3
10002998:	e00d      	b.n	100029b6 <_ftoa+0x2c6>
1000299a:	fbac 3207 	umull	r3, r2, ip, r7
1000299e:	08d2      	lsrs	r2, r2, #3
100029a0:	eb02 0382 	add.w	r3, r2, r2, lsl #2
100029a4:	eba7 0343 	sub.w	r3, r7, r3, lsl #1
100029a8:	3330      	adds	r3, #48	@ 0x30
100029aa:	2f09      	cmp	r7, #9
100029ac:	f800 3f01 	strb.w	r3, [r0, #1]!
100029b0:	d927      	bls.n	10002a02 <_ftoa+0x312>
100029b2:	4617      	mov	r7, r2
100029b4:	460d      	mov	r5, r1
100029b6:	2d20      	cmp	r5, #32
100029b8:	f105 0101 	add.w	r1, r5, #1
100029bc:	f106 36ff 	add.w	r6, r6, #4294967295	@ 0xffffffff
100029c0:	d1eb      	bne.n	1000299a <_ftoa+0x2aa>
100029c2:	2520      	movs	r5, #32
100029c4:	e74b      	b.n	1000285e <_ftoa+0x16e>
100029c6:	2200      	movs	r2, #0
100029c8:	e9dd 010a 	ldrd	r0, r1, [sp, #40]	@ 0x28
100029cc:	4b1d      	ldr	r3, [pc, #116]	@ (10002a44 <_ftoa+0x354>)
100029ce:	f7ff fa87 	bl	10001ee0 <__wrap___aeabi_dcmplt>
100029d2:	2800      	cmp	r0, #0
100029d4:	f47f af27 	bne.w	10002826 <_ftoa+0x136>
100029d8:	2f00      	cmp	r7, #0
100029da:	d15b      	bne.n	10002a94 <_ftoa+0x3a4>
100029dc:	3701      	adds	r7, #1
100029de:	e722      	b.n	10002826 <_ftoa+0x136>
100029e0:	f00a 0303 	and.w	r3, sl, #3
100029e4:	2b01      	cmp	r3, #1
100029e6:	d076      	beq.n	10002ad6 <_ftoa+0x3e6>
100029e8:	2d20      	cmp	r5, #32
100029ea:	f43f af73 	beq.w	100028d4 <_ftoa+0x1e4>
100029ee:	9b0d      	ldr	r3, [sp, #52]	@ 0x34
100029f0:	b3bb      	cbz	r3, 10002a62 <_ftoa+0x372>
100029f2:	222d      	movs	r2, #45	@ 0x2d
100029f4:	f105 0358 	add.w	r3, r5, #88	@ 0x58
100029f8:	446b      	add	r3, sp
100029fa:	f803 2c20 	strb.w	r2, [r3, #-32]
100029fe:	3501      	adds	r5, #1
10002a00:	e768      	b.n	100028d4 <_ftoa+0x1e4>
10002a02:	2920      	cmp	r1, #32
10002a04:	d0dd      	beq.n	100029c2 <_ftoa+0x2d2>
10002a06:	b3ae      	cbz	r6, 10002a74 <_ftoa+0x384>
10002a08:	9b0c      	ldr	r3, [sp, #48]	@ 0x30
10002a0a:	440e      	add	r6, r1
10002a0c:	441d      	add	r5, r3
10002a0e:	2330      	movs	r3, #48	@ 0x30
10002a10:	e001      	b.n	10002a16 <_ftoa+0x326>
10002a12:	42b1      	cmp	r1, r6
10002a14:	d02f      	beq.n	10002a76 <_ftoa+0x386>
10002a16:	3101      	adds	r1, #1
10002a18:	2920      	cmp	r1, #32
10002a1a:	f805 3f01 	strb.w	r3, [r5, #1]!
10002a1e:	d1f8      	bne.n	10002a12 <_ftoa+0x322>
10002a20:	e7cf      	b.n	100029c2 <_ftoa+0x2d2>
10002a22:	461d      	mov	r5, r3
10002a24:	e6c5      	b.n	100027b2 <_ftoa+0xc2>
10002a26:	bf00      	nop
10002a28:	00000000 	.word	0x00000000
10002a2c:	41cdcd65 	.word	0x41cdcd65
10002a30:	00000000 	.word	0x00000000
10002a34:	c1cdcd65 	.word	0xc1cdcd65
10002a38:	00000000 	.word	0x00000000
10002a3c:	412e8480 	.word	0x412e8480
10002a40:	7fefffff 	.word	0x7fefffff
10002a44:	3fe00000 	.word	0x3fe00000
10002a48:	66666667 	.word	0x66666667
10002a4c:	10006504 	.word	0x10006504
10002a50:	1000650c 	.word	0x1000650c
10002a54:	10006514 	.word	0x10006514
10002a58:	cccccccd 	.word	0xcccccccd
10002a5c:	2d20      	cmp	r5, #32
10002a5e:	f43f af39 	beq.w	100028d4 <_ftoa+0x1e4>
10002a62:	f01a 0f04 	tst.w	sl, #4
10002a66:	d10e      	bne.n	10002a86 <_ftoa+0x396>
10002a68:	f01a 0f08 	tst.w	sl, #8
10002a6c:	f43f af32 	beq.w	100028d4 <_ftoa+0x1e4>
10002a70:	2220      	movs	r2, #32
10002a72:	e7bf      	b.n	100029f4 <_ftoa+0x304>
10002a74:	460e      	mov	r6, r1
10002a76:	222e      	movs	r2, #46	@ 0x2e
10002a78:	f106 0358 	add.w	r3, r6, #88	@ 0x58
10002a7c:	446b      	add	r3, sp
10002a7e:	f803 2c20 	strb.w	r2, [r3, #-32]
10002a82:	1c75      	adds	r5, r6, #1
10002a84:	e6eb      	b.n	1000285e <_ftoa+0x16e>
10002a86:	222b      	movs	r2, #43	@ 0x2b
10002a88:	e7b4      	b.n	100029f4 <_ftoa+0x304>
10002a8a:	07e3      	lsls	r3, r4, #31
10002a8c:	f57f aee7 	bpl.w	1000285e <_ftoa+0x16e>
10002a90:	3401      	adds	r4, #1
10002a92:	e6e4      	b.n	1000285e <_ftoa+0x16e>
10002a94:	07fa      	lsls	r2, r7, #31
10002a96:	f57f aec6 	bpl.w	10002826 <_ftoa+0x136>
10002a9a:	e79f      	b.n	100029dc <_ftoa+0x2ec>
10002a9c:	f10b 3bff 	add.w	fp, fp, #4294967295	@ 0xffffffff
10002aa0:	45ab      	cmp	fp, r5
10002aa2:	f63f af08 	bhi.w	100028b6 <_ftoa+0x1c6>
10002aa6:	e79f      	b.n	100029e8 <_ftoa+0x2f8>
10002aa8:	2403      	movs	r4, #3
10002aaa:	e9dd 2306 	ldrd	r2, r3, [sp, #24]
10002aae:	e9dd 0104 	ldrd	r0, r1, [sp, #16]
10002ab2:	4d0b      	ldr	r5, [pc, #44]	@ (10002ae0 <_ftoa+0x3f0>)
10002ab4:	f8cd a08c 	str.w	sl, [sp, #140]	@ 0x8c
10002ab8:	f8cd b088 	str.w	fp, [sp, #136]	@ 0x88
10002abc:	e760      	b.n	10002980 <_ftoa+0x290>
10002abe:	4b09      	ldr	r3, [pc, #36]	@ (10002ae4 <_ftoa+0x3f4>)
10002ac0:	4626      	mov	r6, r4
10002ac2:	eb03 03c4 	add.w	r3, r3, r4, lsl #3
10002ac6:	ed93 7b00 	vldr	d7, [r3]
10002aca:	ab0e      	add	r3, sp, #56	@ 0x38
10002acc:	ed8d 7b08 	vstr	d7, [sp, #32]
10002ad0:	2500      	movs	r5, #0
10002ad2:	930c      	str	r3, [sp, #48]	@ 0x30
10002ad4:	e671      	b.n	100027ba <_ftoa+0xca>
10002ad6:	f1bb 0f00 	cmp.w	fp, #0
10002ada:	d085      	beq.n	100029e8 <_ftoa+0x2f8>
10002adc:	e6e0      	b.n	100028a0 <_ftoa+0x1b0>
10002ade:	bf00      	nop
10002ae0:	10006510 	.word	0x10006510
10002ae4:	10006520 	.word	0x10006520

10002ae8 <_vsnprintf>:
10002ae8:	e92d 4ff0 	stmdb	sp!, {r4, r5, r6, r7, r8, r9, sl, fp, lr}
10002aec:	461c      	mov	r4, r3
10002aee:	4d9b      	ldr	r5, [pc, #620]	@ (10002d5c <_vsnprintf+0x274>)
10002af0:	4b9b      	ldr	r3, [pc, #620]	@ (10002d60 <_vsnprintf+0x278>)
10002af2:	f1b1 0a00 	subs.w	sl, r1, #0
10002af6:	bf18      	it	ne
10002af8:	4683      	movne	fp, r0
10002afa:	601d      	str	r5, [r3, #0]
10002afc:	7820      	ldrb	r0, [r4, #0]
10002afe:	4d99      	ldr	r5, [pc, #612]	@ (10002d64 <_vsnprintf+0x27c>)
10002b00:	b09b      	sub	sp, #108	@ 0x6c
10002b02:	bf08      	it	eq
10002b04:	46ab      	moveq	fp, r5
10002b06:	4691      	mov	r9, r2
10002b08:	9e24      	ldr	r6, [sp, #144]	@ 0x90
10002b0a:	2800      	cmp	r0, #0
10002b0c:	f000 82e7 	beq.w	100030de <_vsnprintf+0x5f6>
10002b10:	2500      	movs	r5, #0
10002b12:	46b0      	mov	r8, r6
10002b14:	e009      	b.n	10002b2a <_vsnprintf+0x42>
10002b16:	462a      	mov	r2, r5
10002b18:	464b      	mov	r3, r9
10002b1a:	4651      	mov	r1, sl
10002b1c:	47d8      	blx	fp
10002b1e:	3501      	adds	r5, #1
10002b20:	3401      	adds	r4, #1
10002b22:	7820      	ldrb	r0, [r4, #0]
10002b24:	2800      	cmp	r0, #0
10002b26:	f000 80bd 	beq.w	10002ca4 <_vsnprintf+0x1bc>
10002b2a:	2825      	cmp	r0, #37	@ 0x25
10002b2c:	d1f3      	bne.n	10002b16 <_vsnprintf+0x2e>
10002b2e:	2200      	movs	r2, #0
10002b30:	1c63      	adds	r3, r4, #1
10002b32:	461c      	mov	r4, r3
10002b34:	f813 0b01 	ldrb.w	r0, [r3], #1
10002b38:	f1a0 0120 	sub.w	r1, r0, #32
10002b3c:	2910      	cmp	r1, #16
10002b3e:	d80a      	bhi.n	10002b56 <_vsnprintf+0x6e>
10002b40:	e8df f001 	tbb	[pc, r1]
10002b44:	3a09093d 	.word	0x3a09093d
10002b48:	09090909 	.word	0x09090909
10002b4c:	37090909 	.word	0x37090909
10002b50:	09093409 	.word	0x09093409
10002b54:	31          	.byte	0x31
10002b55:	00          	.byte	0x00
10002b56:	f1a0 0330 	sub.w	r3, r0, #48	@ 0x30
10002b5a:	2b09      	cmp	r3, #9
10002b5c:	9409      	str	r4, [sp, #36]	@ 0x24
10002b5e:	f240 80b0 	bls.w	10002cc2 <_vsnprintf+0x1da>
10002b62:	282a      	cmp	r0, #42	@ 0x2a
10002b64:	f000 80cd 	beq.w	10002d02 <_vsnprintf+0x21a>
10002b68:	282e      	cmp	r0, #46	@ 0x2e
10002b6a:	f04f 0600 	mov.w	r6, #0
10002b6e:	f000 80b9 	beq.w	10002ce4 <_vsnprintf+0x1fc>
10002b72:	2700      	movs	r7, #0
10002b74:	f1a0 0368 	sub.w	r3, r0, #104	@ 0x68
10002b78:	2b12      	cmp	r3, #18
10002b7a:	d829      	bhi.n	10002bd0 <_vsnprintf+0xe8>
10002b7c:	e8df f013 	tbh	[pc, r3, lsl #1]
10002b80:	00280105 	.word	0x00280105
10002b84:	002800fe 	.word	0x002800fe
10002b88:	002800f4 	.word	0x002800f4
10002b8c:	00280028 	.word	0x00280028
10002b90:	00280028 	.word	0x00280028
10002b94:	00280028 	.word	0x00280028
10002b98:	00280022 	.word	0x00280022
10002b9c:	00280028 	.word	0x00280028
10002ba0:	00280028 	.word	0x00280028
10002ba4:	0022      	.short	0x0022
10002ba6:	f042 0201 	orr.w	r2, r2, #1
10002baa:	e7c2      	b.n	10002b32 <_vsnprintf+0x4a>
10002bac:	f042 0202 	orr.w	r2, r2, #2
10002bb0:	e7bf      	b.n	10002b32 <_vsnprintf+0x4a>
10002bb2:	f042 0204 	orr.w	r2, r2, #4
10002bb6:	e7bc      	b.n	10002b32 <_vsnprintf+0x4a>
10002bb8:	f042 0210 	orr.w	r2, r2, #16
10002bbc:	e7b9      	b.n	10002b32 <_vsnprintf+0x4a>
10002bbe:	f042 0208 	orr.w	r2, r2, #8
10002bc2:	e7b6      	b.n	10002b32 <_vsnprintf+0x4a>
10002bc4:	9b09      	ldr	r3, [sp, #36]	@ 0x24
10002bc6:	f442 7280 	orr.w	r2, r2, #256	@ 0x100
10002bca:	7858      	ldrb	r0, [r3, #1]
10002bcc:	3301      	adds	r3, #1
10002bce:	9309      	str	r3, [sp, #36]	@ 0x24
10002bd0:	2867      	cmp	r0, #103	@ 0x67
10002bd2:	d84a      	bhi.n	10002c6a <_vsnprintf+0x182>
10002bd4:	2824      	cmp	r0, #36	@ 0x24
10002bd6:	d95a      	bls.n	10002c8e <_vsnprintf+0x1a6>
10002bd8:	f1a0 0325 	sub.w	r3, r0, #37	@ 0x25
10002bdc:	2b42      	cmp	r3, #66	@ 0x42
10002bde:	d856      	bhi.n	10002c8e <_vsnprintf+0x1a6>
10002be0:	e8df f013 	tbh	[pc, r3, lsl #1]
10002be4:	005500f6 	.word	0x005500f6
10002be8:	00550055 	.word	0x00550055
10002bec:	00550055 	.word	0x00550055
10002bf0:	00550055 	.word	0x00550055
10002bf4:	00550055 	.word	0x00550055
10002bf8:	00550055 	.word	0x00550055
10002bfc:	00550055 	.word	0x00550055
10002c00:	00550055 	.word	0x00550055
10002c04:	00550055 	.word	0x00550055
10002c08:	00550055 	.word	0x00550055
10002c0c:	00550055 	.word	0x00550055
10002c10:	00550055 	.word	0x00550055
10002c14:	00550055 	.word	0x00550055
10002c18:	00550055 	.word	0x00550055
10002c1c:	00550055 	.word	0x00550055
10002c20:	00550055 	.word	0x00550055
10002c24:	00dd009e 	.word	0x00dd009e
10002c28:	0055009e 	.word	0x0055009e
10002c2c:	00550055 	.word	0x00550055
10002c30:	00550055 	.word	0x00550055
10002c34:	00550055 	.word	0x00550055
10002c38:	00550055 	.word	0x00550055
10002c3c:	00550055 	.word	0x00550055
10002c40:	00550055 	.word	0x00550055
10002c44:	00550055 	.word	0x00550055
10002c48:	01960055 	.word	0x01960055
10002c4c:	00550055 	.word	0x00550055
10002c50:	00550055 	.word	0x00550055
10002c54:	00550055 	.word	0x00550055
10002c58:	00550055 	.word	0x00550055
10002c5c:	01960055 	.word	0x01960055
10002c60:	019600ff 	.word	0x019600ff
10002c64:	00dd009e 	.word	0x00dd009e
10002c68:	009e      	.short	0x009e
10002c6a:	f1a0 0169 	sub.w	r1, r0, #105	@ 0x69
10002c6e:	b2c9      	uxtb	r1, r1
10002c70:	290f      	cmp	r1, #15
10002c72:	d80c      	bhi.n	10002c8e <_vsnprintf+0x1a6>
10002c74:	2301      	movs	r3, #1
10002c76:	f249 0441 	movw	r4, #36929	@ 0x9041
10002c7a:	408b      	lsls	r3, r1
10002c7c:	4023      	ands	r3, r4
10002c7e:	f040 81dc 	bne.w	1000303a <_vsnprintf+0x552>
10002c82:	290a      	cmp	r1, #10
10002c84:	f000 80e8 	beq.w	10002e58 <_vsnprintf+0x370>
10002c88:	2907      	cmp	r1, #7
10002c8a:	f000 80c5 	beq.w	10002e18 <_vsnprintf+0x330>
10002c8e:	9c09      	ldr	r4, [sp, #36]	@ 0x24
10002c90:	462a      	mov	r2, r5
10002c92:	464b      	mov	r3, r9
10002c94:	4651      	mov	r1, sl
10002c96:	3401      	adds	r4, #1
10002c98:	47d8      	blx	fp
10002c9a:	7820      	ldrb	r0, [r4, #0]
10002c9c:	3501      	adds	r5, #1
10002c9e:	2800      	cmp	r0, #0
10002ca0:	f47f af43 	bne.w	10002b2a <_vsnprintf+0x42>
10002ca4:	462c      	mov	r4, r5
10002ca6:	462a      	mov	r2, r5
10002ca8:	4591      	cmp	r9, r2
10002caa:	d802      	bhi.n	10002cb2 <_vsnprintf+0x1ca>
10002cac:	f109 33ff 	add.w	r3, r9, #4294967295	@ 0xffffffff
10002cb0:	461a      	mov	r2, r3
10002cb2:	464b      	mov	r3, r9
10002cb4:	4651      	mov	r1, sl
10002cb6:	2000      	movs	r0, #0
10002cb8:	47d8      	blx	fp
10002cba:	4620      	mov	r0, r4
10002cbc:	b01b      	add	sp, #108	@ 0x6c
10002cbe:	e8bd 8ff0 	ldmia.w	sp!, {r4, r5, r6, r7, r8, r9, sl, fp, pc}
10002cc2:	4623      	mov	r3, r4
10002cc4:	2600      	movs	r6, #0
10002cc6:	eb06 0686 	add.w	r6, r6, r6, lsl #2
10002cca:	eb00 0646 	add.w	r6, r0, r6, lsl #1
10002cce:	f813 0f01 	ldrb.w	r0, [r3, #1]!
10002cd2:	3e30      	subs	r6, #48	@ 0x30
10002cd4:	f1a0 0130 	sub.w	r1, r0, #48	@ 0x30
10002cd8:	2909      	cmp	r1, #9
10002cda:	d9f4      	bls.n	10002cc6 <_vsnprintf+0x1de>
10002cdc:	9309      	str	r3, [sp, #36]	@ 0x24
10002cde:	282e      	cmp	r0, #46	@ 0x2e
10002ce0:	f47f af47 	bne.w	10002b72 <_vsnprintf+0x8a>
10002ce4:	9b09      	ldr	r3, [sp, #36]	@ 0x24
10002ce6:	f442 6280 	orr.w	r2, r2, #1024	@ 0x400
10002cea:	7858      	ldrb	r0, [r3, #1]
10002cec:	1c59      	adds	r1, r3, #1
10002cee:	f1a0 0330 	sub.w	r3, r0, #48	@ 0x30
10002cf2:	2b09      	cmp	r3, #9
10002cf4:	f240 80f2 	bls.w	10002edc <_vsnprintf+0x3f4>
10002cf8:	282a      	cmp	r0, #42	@ 0x2a
10002cfa:	f000 80fe 	beq.w	10002efa <_vsnprintf+0x412>
10002cfe:	9109      	str	r1, [sp, #36]	@ 0x24
10002d00:	e737      	b.n	10002b72 <_vsnprintf+0x8a>
10002d02:	4643      	mov	r3, r8
10002d04:	f853 6b04 	ldr.w	r6, [r3], #4
10002d08:	4698      	mov	r8, r3
10002d0a:	9b09      	ldr	r3, [sp, #36]	@ 0x24
10002d0c:	2e00      	cmp	r6, #0
10002d0e:	7858      	ldrb	r0, [r3, #1]
10002d10:	f103 0301 	add.w	r3, r3, #1
10002d14:	bfbc      	itt	lt
10002d16:	f042 0202 	orrlt.w	r2, r2, #2
10002d1a:	4276      	neglt	r6, r6
10002d1c:	9309      	str	r3, [sp, #36]	@ 0x24
10002d1e:	e7de      	b.n	10002cde <_vsnprintf+0x1f6>
10002d20:	2867      	cmp	r0, #103	@ 0x67
10002d22:	f000 8175 	beq.w	10003010 <_vsnprintf+0x528>
10002d26:	2847      	cmp	r0, #71	@ 0x47
10002d28:	f000 81ba 	beq.w	100030a0 <_vsnprintf+0x5b8>
10002d2c:	2845      	cmp	r0, #69	@ 0x45
10002d2e:	f000 81b9 	beq.w	100030a4 <_vsnprintf+0x5bc>
10002d32:	e9cd 6203 	strd	r6, r2, [sp, #12]
10002d36:	f108 0307 	add.w	r3, r8, #7
10002d3a:	9702      	str	r7, [sp, #8]
10002d3c:	f023 0807 	bic.w	r8, r3, #7
10002d40:	462a      	mov	r2, r5
10002d42:	e8f8 6702 	ldrd	r6, r7, [r8], #8
10002d46:	464b      	mov	r3, r9
10002d48:	4651      	mov	r1, sl
10002d4a:	4658      	mov	r0, fp
10002d4c:	e9cd 6700 	strd	r6, r7, [sp]
10002d50:	9c09      	ldr	r4, [sp, #36]	@ 0x24
10002d52:	f7ff faa1 	bl	10002298 <_etoa>
10002d56:	3401      	adds	r4, #1
10002d58:	4605      	mov	r5, r0
10002d5a:	e6e2      	b.n	10002b22 <_vsnprintf+0x3a>
10002d5c:	10002ae9 	.word	0x10002ae9
10002d60:	2000204c 	.word	0x2000204c
10002d64:	10001f51 	.word	0x10001f51
10002d68:	9b09      	ldr	r3, [sp, #36]	@ 0x24
10002d6a:	7858      	ldrb	r0, [r3, #1]
10002d6c:	286c      	cmp	r0, #108	@ 0x6c
10002d6e:	f000 81b0 	beq.w	100030d2 <_vsnprintf+0x5ea>
10002d72:	3301      	adds	r3, #1
10002d74:	f442 7280 	orr.w	r2, r2, #256	@ 0x100
10002d78:	9309      	str	r3, [sp, #36]	@ 0x24
10002d7a:	e729      	b.n	10002bd0 <_vsnprintf+0xe8>
10002d7c:	9b09      	ldr	r3, [sp, #36]	@ 0x24
10002d7e:	f442 7200 	orr.w	r2, r2, #512	@ 0x200
10002d82:	7858      	ldrb	r0, [r3, #1]
10002d84:	3301      	adds	r3, #1
10002d86:	9309      	str	r3, [sp, #36]	@ 0x24
10002d88:	e722      	b.n	10002bd0 <_vsnprintf+0xe8>
10002d8a:	9b09      	ldr	r3, [sp, #36]	@ 0x24
10002d8c:	7858      	ldrb	r0, [r3, #1]
10002d8e:	2868      	cmp	r0, #104	@ 0x68
10002d90:	f000 8199 	beq.w	100030c6 <_vsnprintf+0x5de>
10002d94:	3301      	adds	r3, #1
10002d96:	f042 0280 	orr.w	r2, r2, #128	@ 0x80
10002d9a:	9309      	str	r3, [sp, #36]	@ 0x24
10002d9c:	e718      	b.n	10002bd0 <_vsnprintf+0xe8>
10002d9e:	2846      	cmp	r0, #70	@ 0x46
10002da0:	bf08      	it	eq
10002da2:	f042 0220 	orreq.w	r2, r2, #32
10002da6:	e9cd 6203 	strd	r6, r2, [sp, #12]
10002daa:	f108 0307 	add.w	r3, r8, #7
10002dae:	9702      	str	r7, [sp, #8]
10002db0:	f023 0807 	bic.w	r8, r3, #7
10002db4:	462a      	mov	r2, r5
10002db6:	e8f8 6702 	ldrd	r6, r7, [r8], #8
10002dba:	464b      	mov	r3, r9
10002dbc:	4651      	mov	r1, sl
10002dbe:	4658      	mov	r0, fp
10002dc0:	e9cd 6700 	strd	r6, r7, [sp]
10002dc4:	9c09      	ldr	r4, [sp, #36]	@ 0x24
10002dc6:	f7ff fc93 	bl	100026f0 <_ftoa>
10002dca:	3401      	adds	r4, #1
10002dcc:	4605      	mov	r5, r0
10002dce:	e6a8      	b.n	10002b22 <_vsnprintf+0x3a>
10002dd0:	9c09      	ldr	r4, [sp, #36]	@ 0x24
10002dd2:	462a      	mov	r2, r5
10002dd4:	464b      	mov	r3, r9
10002dd6:	4651      	mov	r1, sl
10002dd8:	2025      	movs	r0, #37	@ 0x25
10002dda:	3401      	adds	r4, #1
10002ddc:	3501      	adds	r5, #1
10002dde:	47d8      	blx	fp
10002de0:	e69f      	b.n	10002b22 <_vsnprintf+0x3a>
10002de2:	0794      	lsls	r4, r2, #30
10002de4:	f140 817e 	bpl.w	100030e4 <_vsnprintf+0x5fc>
10002de8:	f858 0b04 	ldr.w	r0, [r8], #4
10002dec:	462a      	mov	r2, r5
10002dee:	464b      	mov	r3, r9
10002df0:	4651      	mov	r1, sl
10002df2:	b2c0      	uxtb	r0, r0
10002df4:	47d8      	blx	fp
10002df6:	1c6f      	adds	r7, r5, #1
10002df8:	2e01      	cmp	r6, #1
10002dfa:	bf98      	it	ls
10002dfc:	463d      	movls	r5, r7
10002dfe:	d908      	bls.n	10002e12 <_vsnprintf+0x32a>
10002e00:	4435      	add	r5, r6
10002e02:	463a      	mov	r2, r7
10002e04:	464b      	mov	r3, r9
10002e06:	4651      	mov	r1, sl
10002e08:	2020      	movs	r0, #32
10002e0a:	3701      	adds	r7, #1
10002e0c:	47d8      	blx	fp
10002e0e:	42af      	cmp	r7, r5
10002e10:	d1f7      	bne.n	10002e02 <_vsnprintf+0x31a>
10002e12:	9c09      	ldr	r4, [sp, #36]	@ 0x24
10002e14:	3401      	adds	r4, #1
10002e16:	e684      	b.n	10002b22 <_vsnprintf+0x3a>
10002e18:	4640      	mov	r0, r8
10002e1a:	f850 1b04 	ldr.w	r1, [r0], #4
10002e1e:	2900      	cmp	r1, #0
10002e20:	f000 80d6 	beq.w	10002fd0 <_vsnprintf+0x4e8>
10002e24:	f042 0621 	orr.w	r6, r2, #33	@ 0x21
10002e28:	aa12      	add	r2, sp, #72	@ 0x48
10002e2a:	4694      	mov	ip, r2
10002e2c:	920a      	str	r2, [sp, #40]	@ 0x28
10002e2e:	e003      	b.n	10002e38 <_vsnprintf+0x350>
10002e30:	2b20      	cmp	r3, #32
10002e32:	f000 80d7 	beq.w	10002fe4 <_vsnprintf+0x4fc>
10002e36:	4611      	mov	r1, r2
10002e38:	f001 040f 	and.w	r4, r1, #15
10002e3c:	4622      	mov	r2, r4
10002e3e:	2c09      	cmp	r4, #9
10002e40:	bf94      	ite	ls
10002e42:	3230      	addls	r2, #48	@ 0x30
10002e44:	3237      	addhi	r2, #55	@ 0x37
10002e46:	290f      	cmp	r1, #15
10002e48:	f80c 2b01 	strb.w	r2, [ip], #1
10002e4c:	f103 0301 	add.w	r3, r3, #1
10002e50:	ea4f 1211 	mov.w	r2, r1, lsr #4
10002e54:	d8ec      	bhi.n	10002e30 <_vsnprintf+0x348>
10002e56:	e0c5      	b.n	10002fe4 <_vsnprintf+0x4fc>
10002e58:	46c4      	mov	ip, r8
10002e5a:	f85c 1b04 	ldr.w	r1, [ip], #4
10002e5e:	7808      	ldrb	r0, [r1, #0]
10002e60:	2f00      	cmp	r7, #0
10002e62:	f040 80af 	bne.w	10002fc4 <_vsnprintf+0x4dc>
10002e66:	f06f 0801 	mvn.w	r8, #1
10002e6a:	b158      	cbz	r0, 10002e84 <_vsnprintf+0x39c>
10002e6c:	f108 0801 	add.w	r8, r8, #1
10002e70:	460b      	mov	r3, r1
10002e72:	4488      	add	r8, r1
10002e74:	e001      	b.n	10002e7a <_vsnprintf+0x392>
10002e76:	4543      	cmp	r3, r8
10002e78:	d003      	beq.n	10002e82 <_vsnprintf+0x39a>
10002e7a:	f813 4f01 	ldrb.w	r4, [r3, #1]!
10002e7e:	2c00      	cmp	r4, #0
10002e80:	d1f9      	bne.n	10002e76 <_vsnprintf+0x38e>
10002e82:	1a5b      	subs	r3, r3, r1
10002e84:	f412 6e80 	ands.w	lr, r2, #1024	@ 0x400
10002e88:	d002      	beq.n	10002e90 <_vsnprintf+0x3a8>
10002e8a:	42bb      	cmp	r3, r7
10002e8c:	bf28      	it	cs
10002e8e:	463b      	movcs	r3, r7
10002e90:	f012 0202 	ands.w	r2, r2, #2
10002e94:	920a      	str	r2, [sp, #40]	@ 0x28
10002e96:	f000 813e 	beq.w	10003116 <_vsnprintf+0x62e>
10002e9a:	2800      	cmp	r0, #0
10002e9c:	f000 80bb 	beq.w	10003016 <_vsnprintf+0x52e>
10002ea0:	4688      	mov	r8, r1
10002ea2:	f1be 0f00 	cmp.w	lr, #0
10002ea6:	f000 8100 	beq.w	100030aa <_vsnprintf+0x5c2>
10002eaa:	462a      	mov	r2, r5
10002eac:	4664      	mov	r4, ip
10002eae:	442f      	add	r7, r5
10002eb0:	930b      	str	r3, [sp, #44]	@ 0x2c
10002eb2:	e007      	b.n	10002ec4 <_vsnprintf+0x3dc>
10002eb4:	464b      	mov	r3, r9
10002eb6:	4651      	mov	r1, sl
10002eb8:	47d8      	blx	fp
10002eba:	f818 0f01 	ldrb.w	r0, [r8, #1]!
10002ebe:	3501      	adds	r5, #1
10002ec0:	b110      	cbz	r0, 10002ec8 <_vsnprintf+0x3e0>
10002ec2:	462a      	mov	r2, r5
10002ec4:	42af      	cmp	r7, r5
10002ec6:	d1f5      	bne.n	10002eb4 <_vsnprintf+0x3cc>
10002ec8:	46a4      	mov	ip, r4
10002eca:	9b0b      	ldr	r3, [sp, #44]	@ 0x2c
10002ecc:	9a0a      	ldr	r2, [sp, #40]	@ 0x28
10002ece:	2a00      	cmp	r2, #0
10002ed0:	f040 80a1 	bne.w	10003016 <_vsnprintf+0x52e>
10002ed4:	46e0      	mov	r8, ip
10002ed6:	9c09      	ldr	r4, [sp, #36]	@ 0x24
10002ed8:	3401      	adds	r4, #1
10002eda:	e622      	b.n	10002b22 <_vsnprintf+0x3a>
10002edc:	2700      	movs	r7, #0
10002ede:	eb07 0787 	add.w	r7, r7, r7, lsl #2
10002ee2:	eb00 0047 	add.w	r0, r0, r7, lsl #1
10002ee6:	f1a0 0730 	sub.w	r7, r0, #48	@ 0x30
10002eea:	f811 0f01 	ldrb.w	r0, [r1, #1]!
10002eee:	f1a0 0330 	sub.w	r3, r0, #48	@ 0x30
10002ef2:	2b09      	cmp	r3, #9
10002ef4:	d9f3      	bls.n	10002ede <_vsnprintf+0x3f6>
10002ef6:	9109      	str	r1, [sp, #36]	@ 0x24
10002ef8:	e63c      	b.n	10002b74 <_vsnprintf+0x8c>
10002efa:	4643      	mov	r3, r8
10002efc:	9909      	ldr	r1, [sp, #36]	@ 0x24
10002efe:	f853 7b04 	ldr.w	r7, [r3], #4
10002f02:	7888      	ldrb	r0, [r1, #2]
10002f04:	3102      	adds	r1, #2
10002f06:	4698      	mov	r8, r3
10002f08:	9109      	str	r1, [sp, #36]	@ 0x24
10002f0a:	ea27 77e7 	bic.w	r7, r7, r7, asr #31
10002f0e:	e631      	b.n	10002b74 <_vsnprintf+0x8c>
10002f10:	2862      	cmp	r0, #98	@ 0x62
10002f12:	f000 8187 	beq.w	10003224 <_vsnprintf+0x73c>
10002f16:	2858      	cmp	r0, #88	@ 0x58
10002f18:	f000 818d 	beq.w	10003236 <_vsnprintf+0x74e>
10002f1c:	f412 6380 	ands.w	r3, r2, #1024	@ 0x400
10002f20:	f000 8173 	beq.w	1000320a <_vsnprintf+0x722>
10002f24:	f022 0e11 	bic.w	lr, r2, #17
10002f28:	f41e 7c00 	ands.w	ip, lr, #512	@ 0x200
10002f2c:	f040 810f 	bne.w	1000314e <_vsnprintf+0x666>
10002f30:	f41e 7080 	ands.w	r0, lr, #256	@ 0x100
10002f34:	f040 81d7 	bne.w	100032e6 <_vsnprintf+0x7fe>
10002f38:	f01e 0f40 	tst.w	lr, #64	@ 0x40
10002f3c:	4642      	mov	r2, r8
10002f3e:	f040 815e 	bne.w	100031fe <_vsnprintf+0x716>
10002f42:	f01e 0f80 	tst.w	lr, #128	@ 0x80
10002f46:	f000 8289 	beq.w	1000345c <_vsnprintf+0x974>
10002f4a:	f932 1b04 	ldrsh.w	r1, [r2], #4
10002f4e:	4690      	mov	r8, r2
10002f50:	ea81 7ce1 	eor.w	ip, r1, r1, asr #31
10002f54:	ebac 7ce1 	sub.w	ip, ip, r1, asr #31
10002f58:	fa1f fc8c 	uxth.w	ip, ip
10002f5c:	0fca      	lsrs	r2, r1, #31
10002f5e:	2900      	cmp	r1, #0
10002f60:	f000 81f4 	beq.w	1000334c <_vsnprintf+0x864>
10002f64:	4663      	mov	r3, ip
10002f66:	a912      	add	r1, sp, #72	@ 0x48
10002f68:	468c      	mov	ip, r1
10002f6a:	e9cd 280b 	strd	r2, r8, [sp, #44]	@ 0x2c
10002f6e:	4cb7      	ldr	r4, [pc, #732]	@ (1000324c <_vsnprintf+0x764>)
10002f70:	910a      	str	r1, [sp, #40]	@ 0x28
10002f72:	e001      	b.n	10002f78 <_vsnprintf+0x490>
10002f74:	2820      	cmp	r0, #32
10002f76:	d010      	beq.n	10002f9a <_vsnprintf+0x4b2>
10002f78:	4698      	mov	r8, r3
10002f7a:	fba4 1203 	umull	r1, r2, r4, r3
10002f7e:	08d2      	lsrs	r2, r2, #3
10002f80:	eb02 0182 	add.w	r1, r2, r2, lsl #2
10002f84:	eba3 0141 	sub.w	r1, r3, r1, lsl #1
10002f88:	3130      	adds	r1, #48	@ 0x30
10002f8a:	f1b8 0f09 	cmp.w	r8, #9
10002f8e:	4613      	mov	r3, r2
10002f90:	f100 0001 	add.w	r0, r0, #1
10002f94:	f80c 1b01 	strb.w	r1, [ip], #1
10002f98:	d8ec      	bhi.n	10002f74 <_vsnprintf+0x48c>
10002f9a:	e9dd 280b 	ldrd	r2, r8, [sp, #44]	@ 0x2c
10002f9e:	e9cd 6e05 	strd	r6, lr, [sp, #20]
10002fa2:	e9cd 0201 	strd	r0, r2, [sp, #4]
10002fa6:	9704      	str	r7, [sp, #16]
10002fa8:	9b0a      	ldr	r3, [sp, #40]	@ 0x28
10002faa:	462a      	mov	r2, r5
10002fac:	9300      	str	r3, [sp, #0]
10002fae:	230a      	movs	r3, #10
10002fb0:	9303      	str	r3, [sp, #12]
10002fb2:	464b      	mov	r3, r9
10002fb4:	4651      	mov	r1, sl
10002fb6:	4658      	mov	r0, fp
10002fb8:	f7ff f818 	bl	10001fec <_ntoa_format>
10002fbc:	9c09      	ldr	r4, [sp, #36]	@ 0x24
10002fbe:	4605      	mov	r5, r0
10002fc0:	3401      	adds	r4, #1
10002fc2:	e5ae      	b.n	10002b22 <_vsnprintf+0x3a>
10002fc4:	2800      	cmp	r0, #0
10002fc6:	f43f af5d 	beq.w	10002e84 <_vsnprintf+0x39c>
10002fca:	f107 38ff 	add.w	r8, r7, #4294967295	@ 0xffffffff
10002fce:	e74d      	b.n	10002e6c <_vsnprintf+0x384>
10002fd0:	f022 0610 	bic.w	r6, r2, #16
10002fd4:	f412 6180 	ands.w	r1, r2, #1024	@ 0x400
10002fd8:	f046 0621 	orr.w	r6, r6, #33	@ 0x21
10002fdc:	f43f af24 	beq.w	10002e28 <_vsnprintf+0x340>
10002fe0:	aa12      	add	r2, sp, #72	@ 0x48
10002fe2:	920a      	str	r2, [sp, #40]	@ 0x28
10002fe4:	9301      	str	r3, [sp, #4]
10002fe6:	9b0a      	ldr	r3, [sp, #40]	@ 0x28
10002fe8:	4680      	mov	r8, r0
10002fea:	9300      	str	r3, [sp, #0]
10002fec:	2308      	movs	r3, #8
10002fee:	2010      	movs	r0, #16
10002ff0:	9305      	str	r3, [sp, #20]
10002ff2:	2300      	movs	r3, #0
10002ff4:	462a      	mov	r2, r5
10002ff6:	e9cd 3002 	strd	r3, r0, [sp, #8]
10002ffa:	4651      	mov	r1, sl
10002ffc:	464b      	mov	r3, r9
10002ffe:	4658      	mov	r0, fp
10003000:	9606      	str	r6, [sp, #24]
10003002:	9704      	str	r7, [sp, #16]
10003004:	9c09      	ldr	r4, [sp, #36]	@ 0x24
10003006:	f7fe fff1 	bl	10001fec <_ntoa_format>
1000300a:	3401      	adds	r4, #1
1000300c:	4605      	mov	r5, r0
1000300e:	e588      	b.n	10002b22 <_vsnprintf+0x3a>
10003010:	f442 6200 	orr.w	r2, r2, #2048	@ 0x800
10003014:	e68d      	b.n	10002d32 <_vsnprintf+0x24a>
10003016:	429e      	cmp	r6, r3
10003018:	462f      	mov	r7, r5
1000301a:	f67f af5b 	bls.w	10002ed4 <_vsnprintf+0x3ec>
1000301e:	4664      	mov	r4, ip
10003020:	4435      	add	r5, r6
10003022:	1aed      	subs	r5, r5, r3
10003024:	463a      	mov	r2, r7
10003026:	464b      	mov	r3, r9
10003028:	4651      	mov	r1, sl
1000302a:	2020      	movs	r0, #32
1000302c:	3701      	adds	r7, #1
1000302e:	47d8      	blx	fp
10003030:	42af      	cmp	r7, r5
10003032:	d1f7      	bne.n	10003024 <_vsnprintf+0x53c>
10003034:	46a4      	mov	ip, r4
10003036:	46e0      	mov	r8, ip
10003038:	e74d      	b.n	10002ed6 <_vsnprintf+0x3ee>
1000303a:	2878      	cmp	r0, #120	@ 0x78
1000303c:	f040 8121 	bne.w	10003282 <_vsnprintf+0x79a>
10003040:	f412 6380 	ands.w	r3, r2, #1024	@ 0x400
10003044:	f000 8221 	beq.w	1000348a <_vsnprintf+0x9a2>
10003048:	f022 0c0d 	bic.w	ip, r2, #13
1000304c:	2210      	movs	r2, #16
1000304e:	920b      	str	r2, [sp, #44]	@ 0x2c
10003050:	f41c 7000 	ands.w	r0, ip, #512	@ 0x200
10003054:	f040 80fc 	bne.w	10003250 <_vsnprintf+0x768>
10003058:	f41c 7180 	ands.w	r1, ip, #256	@ 0x100
1000305c:	f040 81b9 	bne.w	100033d2 <_vsnprintf+0x8ea>
10003060:	4640      	mov	r0, r8
10003062:	f850 2b04 	ldr.w	r2, [r0], #4
10003066:	f01c 0f40 	tst.w	ip, #64	@ 0x40
1000306a:	4680      	mov	r8, r0
1000306c:	f000 81ac 	beq.w	100033c8 <_vsnprintf+0x8e0>
10003070:	b2d2      	uxtb	r2, r2
10003072:	2a00      	cmp	r2, #0
10003074:	f040 8111 	bne.w	1000329a <_vsnprintf+0x7b2>
10003078:	f02c 0c10 	bic.w	ip, ip, #16
1000307c:	2b00      	cmp	r3, #0
1000307e:	f000 810c 	beq.w	1000329a <_vsnprintf+0x7b2>
10003082:	4611      	mov	r1, r2
10003084:	ab12      	add	r3, sp, #72	@ 0x48
10003086:	930a      	str	r3, [sp, #40]	@ 0x28
10003088:	9b0b      	ldr	r3, [sp, #44]	@ 0x2c
1000308a:	e9cd 6c05 	strd	r6, ip, [sp, #20]
1000308e:	9704      	str	r7, [sp, #16]
10003090:	9303      	str	r3, [sp, #12]
10003092:	9101      	str	r1, [sp, #4]
10003094:	462a      	mov	r2, r5
10003096:	9b0a      	ldr	r3, [sp, #40]	@ 0x28
10003098:	9300      	str	r3, [sp, #0]
1000309a:	2300      	movs	r3, #0
1000309c:	9302      	str	r3, [sp, #8]
1000309e:	e788      	b.n	10002fb2 <_vsnprintf+0x4ca>
100030a0:	f442 6200 	orr.w	r2, r2, #2048	@ 0x800
100030a4:	f042 0220 	orr.w	r2, r2, #32
100030a8:	e643      	b.n	10002d32 <_vsnprintf+0x24a>
100030aa:	461c      	mov	r4, r3
100030ac:	4667      	mov	r7, ip
100030ae:	462a      	mov	r2, r5
100030b0:	464b      	mov	r3, r9
100030b2:	4651      	mov	r1, sl
100030b4:	47d8      	blx	fp
100030b6:	f818 0f01 	ldrb.w	r0, [r8, #1]!
100030ba:	3501      	adds	r5, #1
100030bc:	2800      	cmp	r0, #0
100030be:	d1f6      	bne.n	100030ae <_vsnprintf+0x5c6>
100030c0:	4623      	mov	r3, r4
100030c2:	46bc      	mov	ip, r7
100030c4:	e702      	b.n	10002ecc <_vsnprintf+0x3e4>
100030c6:	7898      	ldrb	r0, [r3, #2]
100030c8:	3302      	adds	r3, #2
100030ca:	f042 02c0 	orr.w	r2, r2, #192	@ 0xc0
100030ce:	9309      	str	r3, [sp, #36]	@ 0x24
100030d0:	e57e      	b.n	10002bd0 <_vsnprintf+0xe8>
100030d2:	7898      	ldrb	r0, [r3, #2]
100030d4:	3302      	adds	r3, #2
100030d6:	f442 7240 	orr.w	r2, r2, #768	@ 0x300
100030da:	9309      	str	r3, [sp, #36]	@ 0x24
100030dc:	e578      	b.n	10002bd0 <_vsnprintf+0xe8>
100030de:	4604      	mov	r4, r0
100030e0:	4602      	mov	r2, r0
100030e2:	e5e1      	b.n	10002ca8 <_vsnprintf+0x1c0>
100030e4:	2e01      	cmp	r6, #1
100030e6:	f240 81c6 	bls.w	10003476 <_vsnprintf+0x98e>
100030ea:	462f      	mov	r7, r5
100030ec:	1e6b      	subs	r3, r5, #1
100030ee:	199c      	adds	r4, r3, r6
100030f0:	463a      	mov	r2, r7
100030f2:	464b      	mov	r3, r9
100030f4:	4651      	mov	r1, sl
100030f6:	2020      	movs	r0, #32
100030f8:	3701      	adds	r7, #1
100030fa:	47d8      	blx	fp
100030fc:	42a7      	cmp	r7, r4
100030fe:	d1f7      	bne.n	100030f0 <_vsnprintf+0x608>
10003100:	463a      	mov	r2, r7
10003102:	4435      	add	r5, r6
10003104:	f858 0b04 	ldr.w	r0, [r8], #4
10003108:	464b      	mov	r3, r9
1000310a:	4651      	mov	r1, sl
1000310c:	b2c0      	uxtb	r0, r0
1000310e:	47d8      	blx	fp
10003110:	9c09      	ldr	r4, [sp, #36]	@ 0x24
10003112:	3401      	adds	r4, #1
10003114:	e505      	b.n	10002b22 <_vsnprintf+0x3a>
10003116:	429e      	cmp	r6, r3
10003118:	f240 81b0 	bls.w	1000347c <_vsnprintf+0x994>
1000311c:	4664      	mov	r4, ip
1000311e:	e9cd e10b 	strd	lr, r1, [sp, #44]	@ 0x2c
10003122:	eb06 0805 	add.w	r8, r6, r5
10003126:	eba8 0803 	sub.w	r8, r8, r3
1000312a:	462a      	mov	r2, r5
1000312c:	464b      	mov	r3, r9
1000312e:	4651      	mov	r1, sl
10003130:	2020      	movs	r0, #32
10003132:	3501      	adds	r5, #1
10003134:	47d8      	blx	fp
10003136:	4545      	cmp	r5, r8
10003138:	d1f7      	bne.n	1000312a <_vsnprintf+0x642>
1000313a:	e9dd e10b 	ldrd	lr, r1, [sp, #44]	@ 0x2c
1000313e:	7808      	ldrb	r0, [r1, #0]
10003140:	46a4      	mov	ip, r4
10003142:	1c73      	adds	r3, r6, #1
10003144:	2800      	cmp	r0, #0
10003146:	f47f aeab 	bne.w	10002ea0 <_vsnprintf+0x3b8>
1000314a:	46e0      	mov	r8, ip
1000314c:	e6c3      	b.n	10002ed6 <_vsnprintf+0x3ee>
1000314e:	f108 0207 	add.w	r2, r8, #7
10003152:	f022 0207 	bic.w	r2, r2, #7
10003156:	4690      	mov	r8, r2
10003158:	6852      	ldr	r2, [r2, #4]
1000315a:	f858 1b08 	ldr.w	r1, [r8], #8
1000315e:	0fd4      	lsrs	r4, r2, #31
10003160:	ea51 0002 	orrs.w	r0, r1, r2
10003164:	d154      	bne.n	10003210 <_vsnprintf+0x728>
10003166:	2b00      	cmp	r3, #0
10003168:	f040 8180 	bne.w	1000346c <_vsnprintf+0x984>
1000316c:	4619      	mov	r1, r3
1000316e:	aa12      	add	r2, sp, #72	@ 0x48
10003170:	950f      	str	r5, [sp, #60]	@ 0x3c
10003172:	f04f 0c00 	mov.w	ip, #0
10003176:	4615      	mov	r5, r2
10003178:	e9cd 480b 	strd	r4, r8, [sp, #44]	@ 0x2c
1000317c:	e9cd 670d 	strd	r6, r7, [sp, #52]	@ 0x34
10003180:	4832      	ldr	r0, [pc, #200]	@ (1000324c <_vsnprintf+0x764>)
10003182:	920a      	str	r2, [sp, #40]	@ 0x28
10003184:	e002      	b.n	1000318c <_vsnprintf+0x6a4>
10003186:	f1bc 0f20 	cmp.w	ip, #32
1000318a:	d02d      	beq.n	100031e8 <_vsnprintf+0x700>
1000318c:	185a      	adds	r2, r3, r1
1000318e:	f142 0200 	adc.w	r2, r2, #0
10003192:	fba0 7802 	umull	r7, r8, r0, r2
10003196:	f028 0703 	bic.w	r7, r8, #3
1000319a:	eb07 0798 	add.w	r7, r7, r8, lsr #2
1000319e:	1bd2      	subs	r2, r2, r7
100031a0:	461e      	mov	r6, r3
100031a2:	1a9b      	subs	r3, r3, r2
100031a4:	f161 0700 	sbc.w	r7, r1, #0
100031a8:	460c      	mov	r4, r1
100031aa:	f04f 31cc 	mov.w	r1, #3435973836	@ 0xcccccccc
100031ae:	fb01 f103 	mul.w	r1, r1, r3
100031b2:	fb00 1107 	mla	r1, r0, r7, r1
100031b6:	fba3 7300 	umull	r7, r3, r3, r0
100031ba:	4419      	add	r1, r3
100031bc:	2305      	movs	r3, #5
100031be:	f007 0801 	and.w	r8, r7, #1
100031c2:	fba8 3803 	umull	r3, r8, r8, r3
100031c6:	189b      	adds	r3, r3, r2
100031c8:	2e0a      	cmp	r6, #10
100031ca:	f103 0330 	add.w	r3, r3, #48	@ 0x30
100031ce:	ea4f 0757 	mov.w	r7, r7, lsr #1
100031d2:	f174 0400 	sbcs.w	r4, r4, #0
100031d6:	f805 3b01 	strb.w	r3, [r5], #1
100031da:	f10c 0c01 	add.w	ip, ip, #1
100031de:	ea47 73c1 	orr.w	r3, r7, r1, lsl #31
100031e2:	ea4f 0151 	mov.w	r1, r1, lsr #1
100031e6:	d2ce      	bcs.n	10003186 <_vsnprintf+0x69e>
100031e8:	9d0f      	ldr	r5, [sp, #60]	@ 0x3c
100031ea:	e9dd 480b 	ldrd	r4, r8, [sp, #44]	@ 0x2c
100031ee:	e9dd 670d 	ldrd	r6, r7, [sp, #52]	@ 0x34
100031f2:	e9cd 6e05 	strd	r6, lr, [sp, #20]
100031f6:	e9cd c401 	strd	ip, r4, [sp, #4]
100031fa:	9704      	str	r7, [sp, #16]
100031fc:	e6d4      	b.n	10002fa8 <_vsnprintf+0x4c0>
100031fe:	f852 1b04 	ldr.w	r1, [r2], #4
10003202:	b2c9      	uxtb	r1, r1
10003204:	4690      	mov	r8, r2
10003206:	468c      	mov	ip, r1
10003208:	e6a8      	b.n	10002f5c <_vsnprintf+0x474>
1000320a:	f022 0e10 	bic.w	lr, r2, #16
1000320e:	e68b      	b.n	10002f28 <_vsnprintf+0x440>
10003210:	2a00      	cmp	r2, #0
10003212:	460b      	mov	r3, r1
10003214:	db01      	blt.n	1000321a <_vsnprintf+0x732>
10003216:	4611      	mov	r1, r2
10003218:	e7a9      	b.n	1000316e <_vsnprintf+0x686>
1000321a:	424b      	negs	r3, r1
1000321c:	eb62 0242 	sbc.w	r2, r2, r2, lsl #1
10003220:	4611      	mov	r1, r2
10003222:	e7a4      	b.n	1000316e <_vsnprintf+0x686>
10003224:	f412 6380 	ands.w	r3, r2, #1024	@ 0x400
10003228:	f000 80e7 	beq.w	100033fa <_vsnprintf+0x912>
1000322c:	f022 0c0d 	bic.w	ip, r2, #13
10003230:	2202      	movs	r2, #2
10003232:	920b      	str	r2, [sp, #44]	@ 0x2c
10003234:	e70c      	b.n	10003050 <_vsnprintf+0x568>
10003236:	f412 6380 	ands.w	r3, r2, #1024	@ 0x400
1000323a:	f000 8124 	beq.w	10003486 <_vsnprintf+0x99e>
1000323e:	f022 020d 	bic.w	r2, r2, #13
10003242:	f042 0c20 	orr.w	ip, r2, #32
10003246:	2210      	movs	r2, #16
10003248:	920b      	str	r2, [sp, #44]	@ 0x2c
1000324a:	e701      	b.n	10003050 <_vsnprintf+0x568>
1000324c:	cccccccd 	.word	0xcccccccd
10003250:	f108 0207 	add.w	r2, r8, #7
10003254:	f022 0207 	bic.w	r2, r2, #7
10003258:	4690      	mov	r8, r2
1000325a:	6852      	ldr	r2, [r2, #4]
1000325c:	f858 1b08 	ldr.w	r1, [r8], #8
10003260:	4610      	mov	r0, r2
10003262:	430a      	orrs	r2, r1
10003264:	d178      	bne.n	10003358 <_vsnprintf+0x870>
10003266:	f02c 0c10 	bic.w	ip, ip, #16
1000326a:	2b00      	cmp	r3, #0
1000326c:	d074      	beq.n	10003358 <_vsnprintf+0x870>
1000326e:	2400      	movs	r4, #0
10003270:	ab12      	add	r3, sp, #72	@ 0x48
10003272:	930a      	str	r3, [sp, #40]	@ 0x28
10003274:	9b0b      	ldr	r3, [sp, #44]	@ 0x2c
10003276:	e9cd 6c05 	strd	r6, ip, [sp, #20]
1000327a:	9704      	str	r7, [sp, #16]
1000327c:	9303      	str	r3, [sp, #12]
1000327e:	9401      	str	r4, [sp, #4]
10003280:	e708      	b.n	10003094 <_vsnprintf+0x5ac>
10003282:	286f      	cmp	r0, #111	@ 0x6f
10003284:	f040 810d 	bne.w	100034a2 <_vsnprintf+0x9ba>
10003288:	f412 6380 	ands.w	r3, r2, #1024	@ 0x400
1000328c:	f022 0c0c 	bic.w	ip, r2, #12
10003290:	f040 8101 	bne.w	10003496 <_vsnprintf+0x9ae>
10003294:	2208      	movs	r2, #8
10003296:	920b      	str	r2, [sp, #44]	@ 0x2c
10003298:	e6da      	b.n	10003050 <_vsnprintf+0x568>
1000329a:	f01c 0f20 	tst.w	ip, #32
1000329e:	bf14      	ite	ne
100032a0:	2341      	movne	r3, #65	@ 0x41
100032a2:	2361      	moveq	r3, #97	@ 0x61
100032a4:	a812      	add	r0, sp, #72	@ 0x48
100032a6:	4686      	mov	lr, r0
100032a8:	900a      	str	r0, [sp, #40]	@ 0x28
100032aa:	e9cd 860c 	strd	r8, r6, [sp, #48]	@ 0x30
100032ae:	980b      	ldr	r0, [sp, #44]	@ 0x2c
100032b0:	f1a3 040a 	sub.w	r4, r3, #10
100032b4:	e002      	b.n	100032bc <_vsnprintf+0x7d4>
100032b6:	2920      	cmp	r1, #32
100032b8:	d012      	beq.n	100032e0 <_vsnprintf+0x7f8>
100032ba:	4642      	mov	r2, r8
100032bc:	fbb2 f8f0 	udiv	r8, r2, r0
100032c0:	fb00 2618 	mls	r6, r0, r8, r2
100032c4:	b2f3      	uxtb	r3, r6
100032c6:	2e09      	cmp	r6, #9
100032c8:	f103 0630 	add.w	r6, r3, #48	@ 0x30
100032cc:	bf8a      	itet	hi
100032ce:	191b      	addhi	r3, r3, r4
100032d0:	b2f3      	uxtbls	r3, r6
100032d2:	b2db      	uxtbhi	r3, r3
100032d4:	4282      	cmp	r2, r0
100032d6:	f80e 3b01 	strb.w	r3, [lr], #1
100032da:	f101 0101 	add.w	r1, r1, #1
100032de:	d2ea      	bcs.n	100032b6 <_vsnprintf+0x7ce>
100032e0:	e9dd 860c 	ldrd	r8, r6, [sp, #48]	@ 0x30
100032e4:	e6d0      	b.n	10003088 <_vsnprintf+0x5a0>
100032e6:	4641      	mov	r1, r8
100032e8:	f851 0b04 	ldr.w	r0, [r1], #4
100032ec:	0fc2      	lsrs	r2, r0, #31
100032ee:	2800      	cmp	r0, #0
100032f0:	f000 80ae 	beq.w	10003450 <_vsnprintf+0x968>
100032f4:	ea80 73e0 	eor.w	r3, r0, r0, asr #31
100032f8:	eba3 73e0 	sub.w	r3, r3, r0, asr #31
100032fc:	a812      	add	r0, sp, #72	@ 0x48
100032fe:	e9cd 260b 	strd	r2, r6, [sp, #44]	@ 0x2c
10003302:	f8df 81c4 	ldr.w	r8, [pc, #452]	@ 100034c8 <_vsnprintf+0x9e0>
10003306:	900a      	str	r0, [sp, #40]	@ 0x28
10003308:	e002      	b.n	10003310 <_vsnprintf+0x828>
1000330a:	f1bc 0f20 	cmp.w	ip, #32
1000330e:	d00f      	beq.n	10003330 <_vsnprintf+0x848>
10003310:	461e      	mov	r6, r3
10003312:	fba8 4203 	umull	r4, r2, r8, r3
10003316:	08d2      	lsrs	r2, r2, #3
10003318:	eb02 0482 	add.w	r4, r2, r2, lsl #2
1000331c:	eba3 0444 	sub.w	r4, r3, r4, lsl #1
10003320:	3430      	adds	r4, #48	@ 0x30
10003322:	2e09      	cmp	r6, #9
10003324:	4613      	mov	r3, r2
10003326:	f10c 0c01 	add.w	ip, ip, #1
1000332a:	f800 4b01 	strb.w	r4, [r0], #1
1000332e:	d8ec      	bhi.n	1000330a <_vsnprintf+0x822>
10003330:	e9dd 260b 	ldrd	r2, r6, [sp, #44]	@ 0x2c
10003334:	9b0a      	ldr	r3, [sp, #40]	@ 0x28
10003336:	e9cd c201 	strd	ip, r2, [sp, #4]
1000333a:	9300      	str	r3, [sp, #0]
1000333c:	230a      	movs	r3, #10
1000333e:	462a      	mov	r2, r5
10003340:	4688      	mov	r8, r1
10003342:	e9cd 6e05 	strd	r6, lr, [sp, #20]
10003346:	9704      	str	r7, [sp, #16]
10003348:	9303      	str	r3, [sp, #12]
1000334a:	e632      	b.n	10002fb2 <_vsnprintf+0x4ca>
1000334c:	2b00      	cmp	r3, #0
1000334e:	f43f ae0a 	beq.w	10002f66 <_vsnprintf+0x47e>
10003352:	ab12      	add	r3, sp, #72	@ 0x48
10003354:	930a      	str	r3, [sp, #40]	@ 0x28
10003356:	e622      	b.n	10002f9e <_vsnprintf+0x4b6>
10003358:	f01c 0f20 	tst.w	ip, #32
1000335c:	bf14      	ite	ne
1000335e:	2341      	movne	r3, #65	@ 0x41
10003360:	2361      	moveq	r3, #97	@ 0x61
10003362:	aa12      	add	r2, sp, #72	@ 0x48
10003364:	3b0a      	subs	r3, #10
10003366:	e9cd 860c 	strd	r8, r6, [sp, #48]	@ 0x30
1000336a:	e9cd 750e 	strd	r7, r5, [sp, #56]	@ 0x38
1000336e:	f8cd b044 	str.w	fp, [sp, #68]	@ 0x44
10003372:	2400      	movs	r4, #0
10003374:	4690      	mov	r8, r2
10003376:	460e      	mov	r6, r1
10003378:	4605      	mov	r5, r0
1000337a:	469b      	mov	fp, r3
1000337c:	9f0b      	ldr	r7, [sp, #44]	@ 0x2c
1000337e:	920a      	str	r2, [sp, #40]	@ 0x28
10003380:	f8cd c040 	str.w	ip, [sp, #64]	@ 0x40
10003384:	e003      	b.n	1000338e <_vsnprintf+0x8a6>
10003386:	2c20      	cmp	r4, #32
10003388:	d017      	beq.n	100033ba <_vsnprintf+0x8d2>
1000338a:	4606      	mov	r6, r0
1000338c:	460d      	mov	r5, r1
1000338e:	4629      	mov	r1, r5
10003390:	4630      	mov	r0, r6
10003392:	463a      	mov	r2, r7
10003394:	2300      	movs	r3, #0
10003396:	f002 ff83 	bl	100062a0 <____aeabi_uldivmod_veneer>
1000339a:	b2d2      	uxtb	r2, r2
1000339c:	2a09      	cmp	r2, #9
1000339e:	f102 0330 	add.w	r3, r2, #48	@ 0x30
100033a2:	bf88      	it	hi
100033a4:	eb02 030b 	addhi.w	r3, r2, fp
100033a8:	42be      	cmp	r6, r7
100033aa:	b2db      	uxtb	r3, r3
100033ac:	f175 0500 	sbcs.w	r5, r5, #0
100033b0:	f808 3b01 	strb.w	r3, [r8], #1
100033b4:	f104 0401 	add.w	r4, r4, #1
100033b8:	d2e5      	bcs.n	10003386 <_vsnprintf+0x89e>
100033ba:	e9dd 860c 	ldrd	r8, r6, [sp, #48]	@ 0x30
100033be:	e9dd 750e 	ldrd	r7, r5, [sp, #56]	@ 0x38
100033c2:	e9dd cb10 	ldrd	ip, fp, [sp, #64]	@ 0x40
100033c6:	e755      	b.n	10003274 <_vsnprintf+0x78c>
100033c8:	f01c 0f80 	tst.w	ip, #128	@ 0x80
100033cc:	bf18      	it	ne
100033ce:	b292      	uxthne	r2, r2
100033d0:	e64f      	b.n	10003072 <_vsnprintf+0x58a>
100033d2:	4641      	mov	r1, r8
100033d4:	f851 2b04 	ldr.w	r2, [r1], #4
100033d8:	b9a2      	cbnz	r2, 10003404 <_vsnprintf+0x91c>
100033da:	f02c 0c10 	bic.w	ip, ip, #16
100033de:	b18b      	cbz	r3, 10003404 <_vsnprintf+0x91c>
100033e0:	ab12      	add	r3, sp, #72	@ 0x48
100033e2:	930a      	str	r3, [sp, #40]	@ 0x28
100033e4:	9b0b      	ldr	r3, [sp, #44]	@ 0x2c
100033e6:	462a      	mov	r2, r5
100033e8:	9303      	str	r3, [sp, #12]
100033ea:	9b0a      	ldr	r3, [sp, #40]	@ 0x28
100033ec:	4688      	mov	r8, r1
100033ee:	e9cd 6c05 	strd	r6, ip, [sp, #20]
100033f2:	9704      	str	r7, [sp, #16]
100033f4:	9001      	str	r0, [sp, #4]
100033f6:	9300      	str	r3, [sp, #0]
100033f8:	e64f      	b.n	1000309a <_vsnprintf+0x5b2>
100033fa:	f022 0c0c 	bic.w	ip, r2, #12
100033fe:	2202      	movs	r2, #2
10003400:	920b      	str	r2, [sp, #44]	@ 0x2c
10003402:	e625      	b.n	10003050 <_vsnprintf+0x568>
10003404:	f01c 0f20 	tst.w	ip, #32
10003408:	bf14      	ite	ne
1000340a:	2341      	movne	r3, #65	@ 0x41
1000340c:	2361      	moveq	r3, #97	@ 0x61
1000340e:	ac12      	add	r4, sp, #72	@ 0x48
10003410:	46a6      	mov	lr, r4
10003412:	940a      	str	r4, [sp, #40]	@ 0x28
10003414:	e9cd 670c 	strd	r6, r7, [sp, #48]	@ 0x30
10003418:	9c0b      	ldr	r4, [sp, #44]	@ 0x2c
1000341a:	f1a3 080a 	sub.w	r8, r3, #10
1000341e:	e002      	b.n	10003426 <_vsnprintf+0x93e>
10003420:	2820      	cmp	r0, #32
10003422:	d012      	beq.n	1000344a <_vsnprintf+0x962>
10003424:	463a      	mov	r2, r7
10003426:	fbb2 f7f4 	udiv	r7, r2, r4
1000342a:	fb04 2617 	mls	r6, r4, r7, r2
1000342e:	b2f3      	uxtb	r3, r6
10003430:	2e09      	cmp	r6, #9
10003432:	f103 0630 	add.w	r6, r3, #48	@ 0x30
10003436:	bf8a      	itet	hi
10003438:	4443      	addhi	r3, r8
1000343a:	b2f3      	uxtbls	r3, r6
1000343c:	b2db      	uxtbhi	r3, r3
1000343e:	42a2      	cmp	r2, r4
10003440:	f80e 3b01 	strb.w	r3, [lr], #1
10003444:	f100 0001 	add.w	r0, r0, #1
10003448:	d2ea      	bcs.n	10003420 <_vsnprintf+0x938>
1000344a:	e9dd 670c 	ldrd	r6, r7, [sp, #48]	@ 0x30
1000344e:	e7c9      	b.n	100033e4 <_vsnprintf+0x8fc>
10003450:	2b00      	cmp	r3, #0
10003452:	f43f af53 	beq.w	100032fc <_vsnprintf+0x814>
10003456:	ab12      	add	r3, sp, #72	@ 0x48
10003458:	930a      	str	r3, [sp, #40]	@ 0x28
1000345a:	e76b      	b.n	10003334 <_vsnprintf+0x84c>
1000345c:	f852 1b04 	ldr.w	r1, [r2], #4
10003460:	ea81 7ce1 	eor.w	ip, r1, r1, asr #31
10003464:	4690      	mov	r8, r2
10003466:	ebac 7ce1 	sub.w	ip, ip, r1, asr #31
1000346a:	e577      	b.n	10002f5c <_vsnprintf+0x474>
1000346c:	ab12      	add	r3, sp, #72	@ 0x48
1000346e:	f04f 0c00 	mov.w	ip, #0
10003472:	930a      	str	r3, [sp, #40]	@ 0x28
10003474:	e6bd      	b.n	100031f2 <_vsnprintf+0x70a>
10003476:	462a      	mov	r2, r5
10003478:	3501      	adds	r5, #1
1000347a:	e643      	b.n	10003104 <_vsnprintf+0x61c>
1000347c:	3301      	adds	r3, #1
1000347e:	2800      	cmp	r0, #0
10003480:	f47f ad0e 	bne.w	10002ea0 <_vsnprintf+0x3b8>
10003484:	e661      	b.n	1000314a <_vsnprintf+0x662>
10003486:	f042 0220 	orr.w	r2, r2, #32
1000348a:	f022 0c0c 	bic.w	ip, r2, #12
1000348e:	2210      	movs	r2, #16
10003490:	2300      	movs	r3, #0
10003492:	920b      	str	r2, [sp, #44]	@ 0x2c
10003494:	e5dc      	b.n	10003050 <_vsnprintf+0x568>
10003496:	4696      	mov	lr, r2
10003498:	2208      	movs	r2, #8
1000349a:	920b      	str	r2, [sp, #44]	@ 0x2c
1000349c:	f02e 0c0d 	bic.w	ip, lr, #13
100034a0:	e5d6      	b.n	10003050 <_vsnprintf+0x568>
100034a2:	2869      	cmp	r0, #105	@ 0x69
100034a4:	f022 0e10 	bic.w	lr, r2, #16
100034a8:	d104      	bne.n	100034b4 <_vsnprintf+0x9cc>
100034aa:	f412 6380 	ands.w	r3, r2, #1024	@ 0x400
100034ae:	f43f ad3b 	beq.w	10002f28 <_vsnprintf+0x440>
100034b2:	e537      	b.n	10002f24 <_vsnprintf+0x43c>
100034b4:	f022 0c1c 	bic.w	ip, r2, #28
100034b8:	f412 6380 	ands.w	r3, r2, #1024	@ 0x400
100034bc:	f04f 020a 	mov.w	r2, #10
100034c0:	920b      	str	r2, [sp, #44]	@ 0x2c
100034c2:	d1eb      	bne.n	1000349c <_vsnprintf+0x9b4>
100034c4:	e5c4      	b.n	10003050 <_vsnprintf+0x568>
100034c6:	bf00      	nop
100034c8:	cccccccd 	.word	0xcccccccd

100034cc <vfctprintf>:
100034cc:	b570      	push	{r4, r5, r6, lr}
100034ce:	4694      	mov	ip, r2
100034d0:	461e      	mov	r6, r3
100034d2:	4605      	mov	r5, r0
100034d4:	460c      	mov	r4, r1
100034d6:	b084      	sub	sp, #16
100034d8:	f04f 32ff 	mov.w	r2, #4294967295	@ 0xffffffff
100034dc:	4663      	mov	r3, ip
100034de:	a902      	add	r1, sp, #8
100034e0:	9600      	str	r6, [sp, #0]
100034e2:	4803      	ldr	r0, [pc, #12]	@ (100034f0 <vfctprintf+0x24>)
100034e4:	e9cd 5402 	strd	r5, r4, [sp, #8]
100034e8:	f7ff fafe 	bl	10002ae8 <_vsnprintf>
100034ec:	b004      	add	sp, #16
100034ee:	bd70      	pop	{r4, r5, r6, pc}
100034f0:	10002289 	.word	0x10002289

100034f4 <weak_raw_vprintf>:
100034f4:	b510      	push	{r4, lr}
100034f6:	4b09      	ldr	r3, [pc, #36]	@ (1000351c <weak_raw_vprintf+0x28>)
100034f8:	b084      	sub	sp, #16
100034fa:	681c      	ldr	r4, [r3, #0]
100034fc:	b14c      	cbz	r4, 10003512 <weak_raw_vprintf+0x1e>
100034fe:	4603      	mov	r3, r0
10003500:	9100      	str	r1, [sp, #0]
10003502:	f04f 32ff 	mov.w	r2, #4294967295	@ 0xffffffff
10003506:	a903      	add	r1, sp, #12
10003508:	4805      	ldr	r0, [pc, #20]	@ (10003520 <weak_raw_vprintf+0x2c>)
1000350a:	47a0      	blx	r4
1000350c:	2001      	movs	r0, #1
1000350e:	b004      	add	sp, #16
10003510:	bd10      	pop	{r4, pc}
10003512:	f000 f9b7 	bl	10003884 <__wrap_puts>
10003516:	4620      	mov	r0, r4
10003518:	b004      	add	sp, #16
1000351a:	bd10      	pop	{r4, pc}
1000351c:	2000204c 	.word	0x2000204c
10003520:	10002281 	.word	0x10002281

10003524 <_exit>:
10003524:	be00      	bkpt	0x0000
10003526:	e7fd      	b.n	10003524 <_exit>

10003528 <exit>:
10003528:	b508      	push	{r3, lr}
1000352a:	f7ff fffb 	bl	10003524 <_exit>
1000352e:	bf00      	nop

10003530 <runtime_init>:
10003530:	b538      	push	{r3, r4, r5, lr}
10003532:	4d06      	ldr	r5, [pc, #24]	@ (1000354c <runtime_init+0x1c>)
10003534:	4c06      	ldr	r4, [pc, #24]	@ (10003550 <runtime_init+0x20>)
10003536:	f7fe fad1 	bl	10001adc <runtime_run_initializers>
1000353a:	42ac      	cmp	r4, r5
1000353c:	d204      	bcs.n	10003548 <runtime_init+0x18>
1000353e:	f854 3b04 	ldr.w	r3, [r4], #4
10003542:	4798      	blx	r3
10003544:	42ac      	cmp	r4, r5
10003546:	d3fa      	bcc.n	1000353e <runtime_init+0xe>
10003548:	bd38      	pop	{r3, r4, r5, pc}
1000354a:	bf00      	nop
1000354c:	10006320 	.word	0x10006320
10003550:	10006318 	.word	0x10006318

10003554 <stdio_out_chars_no_crlf>:
10003554:	6803      	ldr	r3, [r0, #0]
10003556:	4608      	mov	r0, r1
10003558:	4611      	mov	r1, r2
1000355a:	4718      	bx	r3

1000355c <stdio_out_chars_crlf>:
1000355c:	e92d 4ff0 	stmdb	sp!, {r4, r5, r6, r7, r8, r9, sl, fp, lr}
10003560:	7d43      	ldrb	r3, [r0, #21]
10003562:	4682      	mov	sl, r0
10003564:	4688      	mov	r8, r1
10003566:	4617      	mov	r7, r2
10003568:	b081      	sub	sp, #4
1000356a:	2b00      	cmp	r3, #0
1000356c:	d047      	beq.n	100035fe <stdio_out_chars_crlf+0xa2>
1000356e:	2a00      	cmp	r2, #0
10003570:	dd24      	ble.n	100035bc <stdio_out_chars_crlf+0x60>
10003572:	2400      	movs	r4, #0
10003574:	2501      	movs	r5, #1
10003576:	4620      	mov	r0, r4
10003578:	f8df 9094 	ldr.w	r9, [pc, #148]	@ 10003610 <stdio_out_chars_crlf+0xb4>
1000357c:	1e4e      	subs	r6, r1, #1
1000357e:	b304      	cbz	r4, 100035c2 <stdio_out_chars_crlf+0x66>
10003580:	7873      	ldrb	r3, [r6, #1]
10003582:	f106 0b01 	add.w	fp, r6, #1
10003586:	2b0a      	cmp	r3, #10
10003588:	d026      	beq.n	100035d8 <stdio_out_chars_crlf+0x7c>
1000358a:	462b      	mov	r3, r5
1000358c:	465e      	mov	r6, fp
1000358e:	42bb      	cmp	r3, r7
10003590:	f104 0401 	add.w	r4, r4, #1
10003594:	f105 0501 	add.w	r5, r5, #1
10003598:	dbf1      	blt.n	1000357e <stdio_out_chars_crlf+0x22>
1000359a:	4287      	cmp	r7, r0
1000359c:	dd04      	ble.n	100035a8 <stdio_out_chars_crlf+0x4c>
1000359e:	1a39      	subs	r1, r7, r0
100035a0:	f8da 3000 	ldr.w	r3, [sl]
100035a4:	4440      	add	r0, r8
100035a6:	4798      	blx	r3
100035a8:	44b8      	add	r8, r7
100035aa:	f818 3c01 	ldrb.w	r3, [r8, #-1]
100035ae:	f1a3 030d 	sub.w	r3, r3, #13
100035b2:	fab3 f383 	clz	r3, r3
100035b6:	095b      	lsrs	r3, r3, #5
100035b8:	f88a 3014 	strb.w	r3, [sl, #20]
100035bc:	b001      	add	sp, #4
100035be:	e8bd 8ff0 	ldmia.w	sp!, {r4, r5, r6, r7, r8, r9, sl, fp, pc}
100035c2:	7873      	ldrb	r3, [r6, #1]
100035c4:	f106 0b01 	add.w	fp, r6, #1
100035c8:	2b0a      	cmp	r3, #10
100035ca:	d1de      	bne.n	1000358a <stdio_out_chars_crlf+0x2e>
100035cc:	f89a 3014 	ldrb.w	r3, [sl, #20]
100035d0:	b163      	cbz	r3, 100035ec <stdio_out_chars_crlf+0x90>
100035d2:	465e      	mov	r6, fp
100035d4:	462b      	mov	r3, r5
100035d6:	e7da      	b.n	1000358e <stdio_out_chars_crlf+0x32>
100035d8:	7833      	ldrb	r3, [r6, #0]
100035da:	2b0d      	cmp	r3, #13
100035dc:	d0f9      	beq.n	100035d2 <stdio_out_chars_crlf+0x76>
100035de:	42a0      	cmp	r0, r4
100035e0:	da04      	bge.n	100035ec <stdio_out_chars_crlf+0x90>
100035e2:	1a21      	subs	r1, r4, r0
100035e4:	f8da 3000 	ldr.w	r3, [sl]
100035e8:	4440      	add	r0, r8
100035ea:	4798      	blx	r3
100035ec:	4648      	mov	r0, r9
100035ee:	f8da 3000 	ldr.w	r3, [sl]
100035f2:	2102      	movs	r1, #2
100035f4:	4798      	blx	r3
100035f6:	465e      	mov	r6, fp
100035f8:	4628      	mov	r0, r5
100035fa:	462b      	mov	r3, r5
100035fc:	e7c7      	b.n	1000358e <stdio_out_chars_crlf+0x32>
100035fe:	4611      	mov	r1, r2
10003600:	4640      	mov	r0, r8
10003602:	f8da 3000 	ldr.w	r3, [sl]
10003606:	b001      	add	sp, #4
10003608:	e8bd 4ff0 	ldmia.w	sp!, {r4, r5, r6, r7, r8, r9, sl, fp, lr}
1000360c:	4718      	bx	r3
1000360e:	bf00      	nop
10003610:	10006570 	.word	0x10006570

10003614 <stdio_buffered_printer>:
10003614:	680b      	ldr	r3, [r1, #0]
10003616:	e92d 41f0 	stmdb	sp!, {r4, r5, r6, r7, r8, lr}
1000361a:	2b80      	cmp	r3, #128	@ 0x80
1000361c:	460d      	mov	r5, r1
1000361e:	4606      	mov	r6, r0
10003620:	d005      	beq.n	1000362e <stdio_buffered_printer+0x1a>
10003622:	1c5a      	adds	r2, r3, #1
10003624:	442b      	add	r3, r5
10003626:	602a      	str	r2, [r5, #0]
10003628:	711e      	strb	r6, [r3, #4]
1000362a:	e8bd 81f0 	ldmia.w	sp!, {r4, r5, r6, r7, r8, pc}
1000362e:	4b0f      	ldr	r3, [pc, #60]	@ (1000366c <stdio_buffered_printer+0x58>)
10003630:	681c      	ldr	r4, [r3, #0]
10003632:	b1a4      	cbz	r4, 1000365e <stdio_buffered_printer+0x4a>
10003634:	4f0e      	ldr	r7, [pc, #56]	@ (10003670 <stdio_buffered_printer+0x5c>)
10003636:	f101 0804 	add.w	r8, r1, #4
1000363a:	e001      	b.n	10003640 <stdio_buffered_printer+0x2c>
1000363c:	6924      	ldr	r4, [r4, #16]
1000363e:	b174      	cbz	r4, 1000365e <stdio_buffered_printer+0x4a>
10003640:	6823      	ldr	r3, [r4, #0]
10003642:	2b00      	cmp	r3, #0
10003644:	d0fa      	beq.n	1000363c <stdio_buffered_printer+0x28>
10003646:	683b      	ldr	r3, [r7, #0]
10003648:	b10b      	cbz	r3, 1000364e <stdio_buffered_printer+0x3a>
1000364a:	42a3      	cmp	r3, r4
1000364c:	d1f6      	bne.n	1000363c <stdio_buffered_printer+0x28>
1000364e:	4620      	mov	r0, r4
10003650:	4641      	mov	r1, r8
10003652:	682a      	ldr	r2, [r5, #0]
10003654:	f7ff ff82 	bl	1000355c <stdio_out_chars_crlf>
10003658:	6924      	ldr	r4, [r4, #16]
1000365a:	2c00      	cmp	r4, #0
1000365c:	d1f0      	bne.n	10003640 <stdio_buffered_printer+0x2c>
1000365e:	2300      	movs	r3, #0
10003660:	2201      	movs	r2, #1
10003662:	442b      	add	r3, r5
10003664:	602a      	str	r2, [r5, #0]
10003666:	711e      	strb	r6, [r3, #4]
10003668:	e8bd 81f0 	ldmia.w	sp!, {r4, r5, r6, r7, r8, pc}
1000366c:	20001c40 	.word	0x20001c40
10003670:	20001c48 	.word	0x20001c48

10003674 <stdio_put_string>:
10003674:	e92d 47f0 	stmdb	sp!, {r4, r5, r6, r7, r8, r9, sl, lr}
10003678:	b082      	sub	sp, #8
1000367a:	460d      	mov	r5, r1
1000367c:	4692      	mov	sl, r2
1000367e:	4699      	mov	r9, r3
10003680:	4607      	mov	r7, r0
10003682:	f7fe f86b 	bl	1000175c <time_us_64>
10003686:	f04f 36ff 	mov.w	r6, #4294967295	@ 0xffffffff
1000368a:	f06f 4400 	mvn.w	r4, #2147483648	@ 0x80000000
1000368e:	4a2f      	ldr	r2, [pc, #188]	@ (1000374c <stdio_put_string+0xd8>)
10003690:	1882      	adds	r2, r0, r2
10003692:	f141 0300 	adc.w	r3, r1, #0
10003696:	4296      	cmp	r6, r2
10003698:	eb74 0103 	sbcs.w	r1, r4, r3
1000369c:	bf3c      	itt	cc
1000369e:	4632      	movcc	r2, r6
100036a0:	4623      	movcc	r3, r4
100036a2:	482b      	ldr	r0, [pc, #172]	@ (10003750 <stdio_put_string+0xdc>)
100036a4:	f002 fe0c 	bl	100062c0 <__mutex_try_enter_block_until_veneer>
100036a8:	1c6b      	adds	r3, r5, #1
100036aa:	4680      	mov	r8, r0
100036ac:	d103      	bne.n	100036b6 <stdio_put_string+0x42>
100036ae:	4638      	mov	r0, r7
100036b0:	f002 fdb8 	bl	10006224 <strlen>
100036b4:	4605      	mov	r5, r0
100036b6:	4b27      	ldr	r3, [pc, #156]	@ (10003754 <stdio_put_string+0xe0>)
100036b8:	4e27      	ldr	r6, [pc, #156]	@ (10003758 <stdio_put_string+0xe4>)
100036ba:	681c      	ldr	r4, [r3, #0]
100036bc:	4b27      	ldr	r3, [pc, #156]	@ (1000375c <stdio_put_string+0xe8>)
100036be:	f1b9 0f00 	cmp.w	r9, #0
100036c2:	bf18      	it	ne
100036c4:	461e      	movne	r6, r3
100036c6:	b1b4      	cbz	r4, 100036f6 <stdio_put_string+0x82>
100036c8:	f1ba 0f00 	cmp.w	sl, #0
100036cc:	d11a      	bne.n	10003704 <stdio_put_string+0x90>
100036ce:	f8df 9090 	ldr.w	r9, [pc, #144]	@ 10003760 <stdio_put_string+0xec>
100036d2:	e001      	b.n	100036d8 <stdio_put_string+0x64>
100036d4:	6924      	ldr	r4, [r4, #16]
100036d6:	b174      	cbz	r4, 100036f6 <stdio_put_string+0x82>
100036d8:	6823      	ldr	r3, [r4, #0]
100036da:	2b00      	cmp	r3, #0
100036dc:	d0fa      	beq.n	100036d4 <stdio_put_string+0x60>
100036de:	f8d9 3000 	ldr.w	r3, [r9]
100036e2:	b10b      	cbz	r3, 100036e8 <stdio_put_string+0x74>
100036e4:	42a3      	cmp	r3, r4
100036e6:	d1f5      	bne.n	100036d4 <stdio_put_string+0x60>
100036e8:	4620      	mov	r0, r4
100036ea:	462a      	mov	r2, r5
100036ec:	4639      	mov	r1, r7
100036ee:	47b0      	blx	r6
100036f0:	6924      	ldr	r4, [r4, #16]
100036f2:	2c00      	cmp	r4, #0
100036f4:	d1f0      	bne.n	100036d8 <stdio_put_string+0x64>
100036f6:	f1b8 0f00 	cmp.w	r8, #0
100036fa:	d11f      	bne.n	1000373c <stdio_put_string+0xc8>
100036fc:	4628      	mov	r0, r5
100036fe:	b002      	add	sp, #8
10003700:	e8bd 87f0 	ldmia.w	sp!, {r4, r5, r6, r7, r8, r9, sl, pc}
10003704:	f04f 0a0a 	mov.w	sl, #10
10003708:	f8df 9054 	ldr.w	r9, [pc, #84]	@ 10003760 <stdio_put_string+0xec>
1000370c:	e002      	b.n	10003714 <stdio_put_string+0xa0>
1000370e:	6924      	ldr	r4, [r4, #16]
10003710:	2c00      	cmp	r4, #0
10003712:	d0f0      	beq.n	100036f6 <stdio_put_string+0x82>
10003714:	6823      	ldr	r3, [r4, #0]
10003716:	2b00      	cmp	r3, #0
10003718:	d0f9      	beq.n	1000370e <stdio_put_string+0x9a>
1000371a:	f8d9 3000 	ldr.w	r3, [r9]
1000371e:	b10b      	cbz	r3, 10003724 <stdio_put_string+0xb0>
10003720:	42a3      	cmp	r3, r4
10003722:	d1f4      	bne.n	1000370e <stdio_put_string+0x9a>
10003724:	4620      	mov	r0, r4
10003726:	462a      	mov	r2, r5
10003728:	4639      	mov	r1, r7
1000372a:	47b0      	blx	r6
1000372c:	4620      	mov	r0, r4
1000372e:	2201      	movs	r2, #1
10003730:	f10d 0107 	add.w	r1, sp, #7
10003734:	f88d a007 	strb.w	sl, [sp, #7]
10003738:	47b0      	blx	r6
1000373a:	e7e8      	b.n	1000370e <stdio_put_string+0x9a>
1000373c:	4804      	ldr	r0, [pc, #16]	@ (10003750 <stdio_put_string+0xdc>)
1000373e:	f002 fdb3 	bl	100062a8 <__mutex_exit_veneer>
10003742:	4628      	mov	r0, r5
10003744:	b002      	add	sp, #8
10003746:	e8bd 87f0 	ldmia.w	sp!, {r4, r5, r6, r7, r8, r9, sl, pc}
1000374a:	bf00      	nop
1000374c:	000f4240 	.word	0x000f4240
10003750:	200011fc 	.word	0x200011fc
10003754:	20001c40 	.word	0x20001c40
10003758:	10003555 	.word	0x10003555
1000375c:	1000355d 	.word	0x1000355d
10003760:	20001c48 	.word	0x20001c48

10003764 <stdio_set_driver_enabled>:
10003764:	4a08      	ldr	r2, [pc, #32]	@ (10003788 <stdio_set_driver_enabled+0x24>)
10003766:	6813      	ldr	r3, [r2, #0]
10003768:	b923      	cbnz	r3, 10003774 <stdio_set_driver_enabled+0x10>
1000376a:	e00a      	b.n	10003782 <stdio_set_driver_enabled+0x1e>
1000376c:	f103 0210 	add.w	r2, r3, #16
10003770:	691b      	ldr	r3, [r3, #16]
10003772:	b133      	cbz	r3, 10003782 <stdio_set_driver_enabled+0x1e>
10003774:	4298      	cmp	r0, r3
10003776:	d1f9      	bne.n	1000376c <stdio_set_driver_enabled+0x8>
10003778:	b929      	cbnz	r1, 10003786 <stdio_set_driver_enabled+0x22>
1000377a:	6903      	ldr	r3, [r0, #16]
1000377c:	6013      	str	r3, [r2, #0]
1000377e:	6101      	str	r1, [r0, #16]
10003780:	4770      	bx	lr
10003782:	b101      	cbz	r1, 10003786 <stdio_set_driver_enabled+0x22>
10003784:	6010      	str	r0, [r2, #0]
10003786:	4770      	bx	lr
10003788:	20001c40 	.word	0x20001c40

1000378c <stdio_init_all>:
1000378c:	f000 bb1a 	b.w	10003dc4 <stdio_usb_init>

10003790 <__wrap_getchar>:
10003790:	b5f0      	push	{r4, r5, r6, r7, lr}
10003792:	4b17      	ldr	r3, [pc, #92]	@ (100037f0 <__wrap_getchar+0x60>)
10003794:	b085      	sub	sp, #20
10003796:	681a      	ldr	r2, [r3, #0]
10003798:	4e16      	ldr	r6, [pc, #88]	@ (100037f4 <__wrap_getchar+0x64>)
1000379a:	685f      	ldr	r7, [r3, #4]
1000379c:	4d16      	ldr	r5, [pc, #88]	@ (100037f8 <__wrap_getchar+0x68>)
1000379e:	9201      	str	r2, [sp, #4]
100037a0:	6834      	ldr	r4, [r6, #0]
100037a2:	b914      	cbnz	r4, 100037aa <__wrap_getchar+0x1a>
100037a4:	e011      	b.n	100037ca <__wrap_getchar+0x3a>
100037a6:	6924      	ldr	r4, [r4, #16]
100037a8:	b17c      	cbz	r4, 100037ca <__wrap_getchar+0x3a>
100037aa:	682b      	ldr	r3, [r5, #0]
100037ac:	b10b      	cbz	r3, 100037b2 <__wrap_getchar+0x22>
100037ae:	42a3      	cmp	r3, r4
100037b0:	d1f9      	bne.n	100037a6 <__wrap_getchar+0x16>
100037b2:	68a3      	ldr	r3, [r4, #8]
100037b4:	2b00      	cmp	r3, #0
100037b6:	d0f6      	beq.n	100037a6 <__wrap_getchar+0x16>
100037b8:	2101      	movs	r1, #1
100037ba:	a803      	add	r0, sp, #12
100037bc:	4798      	blx	r3
100037be:	2800      	cmp	r0, #0
100037c0:	ddf1      	ble.n	100037a6 <__wrap_getchar+0x16>
100037c2:	f89d 000c 	ldrb.w	r0, [sp, #12]
100037c6:	b005      	add	sp, #20
100037c8:	bdf0      	pop	{r4, r5, r6, r7, pc}
100037ca:	4b0c      	ldr	r3, [pc, #48]	@ (100037fc <__wrap_getchar+0x6c>)
100037cc:	6a5a      	ldr	r2, [r3, #36]	@ 0x24
100037ce:	4297      	cmp	r7, r2
100037d0:	d809      	bhi.n	100037e6 <__wrap_getchar+0x56>
100037d2:	6a9b      	ldr	r3, [r3, #40]	@ 0x28
100037d4:	9901      	ldr	r1, [sp, #4]
100037d6:	428b      	cmp	r3, r1
100037d8:	d303      	bcc.n	100037e2 <__wrap_getchar+0x52>
100037da:	f06f 0001 	mvn.w	r0, #1
100037de:	b005      	add	sp, #20
100037e0:	bdf0      	pop	{r4, r5, r6, r7, pc}
100037e2:	4297      	cmp	r7, r2
100037e4:	d1f9      	bne.n	100037da <__wrap_getchar+0x4a>
100037e6:	2001      	movs	r0, #1
100037e8:	2100      	movs	r1, #0
100037ea:	f7fd ffc1 	bl	10001770 <busy_wait_us>
100037ee:	e7d7      	b.n	100037a0 <__wrap_getchar+0x10>
100037f0:	10006438 	.word	0x10006438
100037f4:	20001c40 	.word	0x20001c40
100037f8:	20001c48 	.word	0x20001c48
100037fc:	400b0000 	.word	0x400b0000

10003800 <__wrap_putchar>:
10003800:	b5f0      	push	{r4, r5, r6, r7, lr}
10003802:	b083      	sub	sp, #12
10003804:	4606      	mov	r6, r0
10003806:	f88d 0007 	strb.w	r0, [sp, #7]
1000380a:	f7fd ffa7 	bl	1000175c <time_us_64>
1000380e:	f04f 35ff 	mov.w	r5, #4294967295	@ 0xffffffff
10003812:	f06f 4400 	mvn.w	r4, #2147483648	@ 0x80000000
10003816:	4a17      	ldr	r2, [pc, #92]	@ (10003874 <__wrap_putchar+0x74>)
10003818:	1882      	adds	r2, r0, r2
1000381a:	f141 0300 	adc.w	r3, r1, #0
1000381e:	4295      	cmp	r5, r2
10003820:	eb74 0103 	sbcs.w	r1, r4, r3
10003824:	bf3c      	itt	cc
10003826:	4623      	movcc	r3, r4
10003828:	462a      	movcc	r2, r5
1000382a:	4813      	ldr	r0, [pc, #76]	@ (10003878 <__wrap_putchar+0x78>)
1000382c:	f002 fd48 	bl	100062c0 <__mutex_try_enter_block_until_veneer>
10003830:	4b12      	ldr	r3, [pc, #72]	@ (1000387c <__wrap_putchar+0x7c>)
10003832:	4607      	mov	r7, r0
10003834:	681c      	ldr	r4, [r3, #0]
10003836:	b19c      	cbz	r4, 10003860 <__wrap_putchar+0x60>
10003838:	4d11      	ldr	r5, [pc, #68]	@ (10003880 <__wrap_putchar+0x80>)
1000383a:	e001      	b.n	10003840 <__wrap_putchar+0x40>
1000383c:	6924      	ldr	r4, [r4, #16]
1000383e:	b17c      	cbz	r4, 10003860 <__wrap_putchar+0x60>
10003840:	6823      	ldr	r3, [r4, #0]
10003842:	2b00      	cmp	r3, #0
10003844:	d0fa      	beq.n	1000383c <__wrap_putchar+0x3c>
10003846:	682b      	ldr	r3, [r5, #0]
10003848:	b10b      	cbz	r3, 1000384e <__wrap_putchar+0x4e>
1000384a:	42a3      	cmp	r3, r4
1000384c:	d1f6      	bne.n	1000383c <__wrap_putchar+0x3c>
1000384e:	4620      	mov	r0, r4
10003850:	2201      	movs	r2, #1
10003852:	f10d 0107 	add.w	r1, sp, #7
10003856:	f7ff fe81 	bl	1000355c <stdio_out_chars_crlf>
1000385a:	6924      	ldr	r4, [r4, #16]
1000385c:	2c00      	cmp	r4, #0
1000385e:	d1ef      	bne.n	10003840 <__wrap_putchar+0x40>
10003860:	b917      	cbnz	r7, 10003868 <__wrap_putchar+0x68>
10003862:	4630      	mov	r0, r6
10003864:	b003      	add	sp, #12
10003866:	bdf0      	pop	{r4, r5, r6, r7, pc}
10003868:	4803      	ldr	r0, [pc, #12]	@ (10003878 <__wrap_putchar+0x78>)
1000386a:	f002 fd1d 	bl	100062a8 <__mutex_exit_veneer>
1000386e:	4630      	mov	r0, r6
10003870:	b003      	add	sp, #12
10003872:	bdf0      	pop	{r4, r5, r6, r7, pc}
10003874:	000f4240 	.word	0x000f4240
10003878:	200011fc 	.word	0x200011fc
1000387c:	20001c40 	.word	0x20001c40
10003880:	20001c48 	.word	0x20001c48

10003884 <__wrap_puts>:
10003884:	b538      	push	{r3, r4, r5, lr}
10003886:	4604      	mov	r4, r0
10003888:	f002 fccc 	bl	10006224 <strlen>
1000388c:	2301      	movs	r3, #1
1000388e:	4605      	mov	r5, r0
10003890:	461a      	mov	r2, r3
10003892:	4620      	mov	r0, r4
10003894:	4629      	mov	r1, r5
10003896:	f7ff feed 	bl	10003674 <stdio_put_string>
1000389a:	4b08      	ldr	r3, [pc, #32]	@ (100038bc <__wrap_puts+0x38>)
1000389c:	681c      	ldr	r4, [r3, #0]
1000389e:	b12c      	cbz	r4, 100038ac <__wrap_puts+0x28>
100038a0:	6863      	ldr	r3, [r4, #4]
100038a2:	b12b      	cbz	r3, 100038b0 <__wrap_puts+0x2c>
100038a4:	4798      	blx	r3
100038a6:	6924      	ldr	r4, [r4, #16]
100038a8:	2c00      	cmp	r4, #0
100038aa:	d1f9      	bne.n	100038a0 <__wrap_puts+0x1c>
100038ac:	4628      	mov	r0, r5
100038ae:	bd38      	pop	{r3, r4, r5, pc}
100038b0:	6924      	ldr	r4, [r4, #16]
100038b2:	2c00      	cmp	r4, #0
100038b4:	d1f4      	bne.n	100038a0 <__wrap_puts+0x1c>
100038b6:	4628      	mov	r0, r5
100038b8:	bd38      	pop	{r3, r4, r5, pc}
100038ba:	bf00      	nop
100038bc:	20001c40 	.word	0x20001c40

100038c0 <__wrap_vprintf>:
100038c0:	e92d 41f0 	stmdb	sp!, {r4, r5, r6, r7, r8, lr}
100038c4:	b0a2      	sub	sp, #136	@ 0x88
100038c6:	4604      	mov	r4, r0
100038c8:	460d      	mov	r5, r1
100038ca:	f7fd ff47 	bl	1000175c <time_us_64>
100038ce:	f04f 37ff 	mov.w	r7, #4294967295	@ 0xffffffff
100038d2:	f06f 4600 	mvn.w	r6, #2147483648	@ 0x80000000
100038d6:	4a27      	ldr	r2, [pc, #156]	@ (10003974 <__wrap_vprintf+0xb4>)
100038d8:	1882      	adds	r2, r0, r2
100038da:	f141 0300 	adc.w	r3, r1, #0
100038de:	4297      	cmp	r7, r2
100038e0:	eb76 0103 	sbcs.w	r1, r6, r3
100038e4:	bf3c      	itt	cc
100038e6:	463a      	movcc	r2, r7
100038e8:	4633      	movcc	r3, r6
100038ea:	4823      	ldr	r0, [pc, #140]	@ (10003978 <__wrap_vprintf+0xb8>)
100038ec:	f002 fce8 	bl	100062c0 <__mutex_try_enter_block_until_veneer>
100038f0:	2600      	movs	r6, #0
100038f2:	462b      	mov	r3, r5
100038f4:	4607      	mov	r7, r0
100038f6:	4622      	mov	r2, r4
100038f8:	4820      	ldr	r0, [pc, #128]	@ (1000397c <__wrap_vprintf+0xbc>)
100038fa:	a901      	add	r1, sp, #4
100038fc:	9601      	str	r6, [sp, #4]
100038fe:	f7ff fde5 	bl	100034cc <vfctprintf>
10003902:	9b01      	ldr	r3, [sp, #4]
10003904:	4606      	mov	r6, r0
10003906:	b97b      	cbnz	r3, 10003928 <__wrap_vprintf+0x68>
10003908:	4b1d      	ldr	r3, [pc, #116]	@ (10003980 <__wrap_vprintf+0xc0>)
1000390a:	681c      	ldr	r4, [r3, #0]
1000390c:	b12c      	cbz	r4, 1000391a <__wrap_vprintf+0x5a>
1000390e:	6863      	ldr	r3, [r4, #4]
10003910:	b143      	cbz	r3, 10003924 <__wrap_vprintf+0x64>
10003912:	4798      	blx	r3
10003914:	6924      	ldr	r4, [r4, #16]
10003916:	2c00      	cmp	r4, #0
10003918:	d1f9      	bne.n	1000390e <__wrap_vprintf+0x4e>
1000391a:	bb0f      	cbnz	r7, 10003960 <__wrap_vprintf+0xa0>
1000391c:	4630      	mov	r0, r6
1000391e:	b022      	add	sp, #136	@ 0x88
10003920:	e8bd 81f0 	ldmia.w	sp!, {r4, r5, r6, r7, r8, pc}
10003924:	6924      	ldr	r4, [r4, #16]
10003926:	e7f1      	b.n	1000390c <__wrap_vprintf+0x4c>
10003928:	f8df 8054 	ldr.w	r8, [pc, #84]	@ 10003980 <__wrap_vprintf+0xc0>
1000392c:	f8d8 5000 	ldr.w	r5, [r8]
10003930:	b1ed      	cbz	r5, 1000396e <__wrap_vprintf+0xae>
10003932:	4c14      	ldr	r4, [pc, #80]	@ (10003984 <__wrap_vprintf+0xc4>)
10003934:	e001      	b.n	1000393a <__wrap_vprintf+0x7a>
10003936:	692d      	ldr	r5, [r5, #16]
10003938:	b175      	cbz	r5, 10003958 <__wrap_vprintf+0x98>
1000393a:	682b      	ldr	r3, [r5, #0]
1000393c:	2b00      	cmp	r3, #0
1000393e:	d0fa      	beq.n	10003936 <__wrap_vprintf+0x76>
10003940:	6823      	ldr	r3, [r4, #0]
10003942:	b10b      	cbz	r3, 10003948 <__wrap_vprintf+0x88>
10003944:	42ab      	cmp	r3, r5
10003946:	d1f6      	bne.n	10003936 <__wrap_vprintf+0x76>
10003948:	4628      	mov	r0, r5
1000394a:	9a01      	ldr	r2, [sp, #4]
1000394c:	a902      	add	r1, sp, #8
1000394e:	f7ff fe05 	bl	1000355c <stdio_out_chars_crlf>
10003952:	692d      	ldr	r5, [r5, #16]
10003954:	2d00      	cmp	r5, #0
10003956:	d1f0      	bne.n	1000393a <__wrap_vprintf+0x7a>
10003958:	f8d8 4000 	ldr.w	r4, [r8]
1000395c:	9501      	str	r5, [sp, #4]
1000395e:	e7d5      	b.n	1000390c <__wrap_vprintf+0x4c>
10003960:	4805      	ldr	r0, [pc, #20]	@ (10003978 <__wrap_vprintf+0xb8>)
10003962:	f002 fca1 	bl	100062a8 <__mutex_exit_veneer>
10003966:	4630      	mov	r0, r6
10003968:	b022      	add	sp, #136	@ 0x88
1000396a:	e8bd 81f0 	ldmia.w	sp!, {r4, r5, r6, r7, r8, pc}
1000396e:	9501      	str	r5, [sp, #4]
10003970:	e7d3      	b.n	1000391a <__wrap_vprintf+0x5a>
10003972:	bf00      	nop
10003974:	000f4240 	.word	0x000f4240
10003978:	200011fc 	.word	0x200011fc
1000397c:	10003615 	.word	0x10003615
10003980:	20001c40 	.word	0x20001c40
10003984:	20001c48 	.word	0x20001c48

10003988 <__wrap_printf>:
10003988:	b40f      	push	{r0, r1, r2, r3}
1000398a:	b500      	push	{lr}
1000398c:	b083      	sub	sp, #12
1000398e:	a904      	add	r1, sp, #16
10003990:	f851 0b04 	ldr.w	r0, [r1], #4
10003994:	9101      	str	r1, [sp, #4]
10003996:	f7ff ff93 	bl	100038c0 <__wrap_vprintf>
1000399a:	b003      	add	sp, #12
1000399c:	f85d eb04 	ldr.w	lr, [sp], #4
100039a0:	b004      	add	sp, #16
100039a2:	4770      	bx	lr

100039a4 <resetd_init>:
100039a4:	4770      	bx	lr
100039a6:	bf00      	nop

100039a8 <resetd_reset>:
100039a8:	2200      	movs	r2, #0
100039aa:	4b01      	ldr	r3, [pc, #4]	@ (100039b0 <resetd_reset+0x8>)
100039ac:	701a      	strb	r2, [r3, #0]
100039ae:	4770      	bx	lr
100039b0:	20006155 	.word	0x20006155

100039b4 <resetd_open>:
100039b4:	794b      	ldrb	r3, [r1, #5]
100039b6:	2bff      	cmp	r3, #255	@ 0xff
100039b8:	d10b      	bne.n	100039d2 <resetd_open+0x1e>
100039ba:	7988      	ldrb	r0, [r1, #6]
100039bc:	b948      	cbnz	r0, 100039d2 <resetd_open+0x1e>
100039be:	79cb      	ldrb	r3, [r1, #7]
100039c0:	2b01      	cmp	r3, #1
100039c2:	d107      	bne.n	100039d4 <resetd_open+0x20>
100039c4:	2a08      	cmp	r2, #8
100039c6:	d905      	bls.n	100039d4 <resetd_open+0x20>
100039c8:	4b03      	ldr	r3, [pc, #12]	@ (100039d8 <resetd_open+0x24>)
100039ca:	788a      	ldrb	r2, [r1, #2]
100039cc:	2009      	movs	r0, #9
100039ce:	701a      	strb	r2, [r3, #0]
100039d0:	4770      	bx	lr
100039d2:	2000      	movs	r0, #0
100039d4:	4770      	bx	lr
100039d6:	bf00      	nop
100039d8:	20006155 	.word	0x20006155

100039dc <resetd_xfer_cb>:
100039dc:	2001      	movs	r0, #1
100039de:	4770      	bx	lr

100039e0 <resetd_control_xfer_cb>:
100039e0:	2901      	cmp	r1, #1
100039e2:	d001      	beq.n	100039e8 <resetd_control_xfer_cb+0x8>
100039e4:	2001      	movs	r0, #1
100039e6:	4770      	bx	lr
100039e8:	b508      	push	{r3, lr}
100039ea:	4b10      	ldr	r3, [pc, #64]	@ (10003a2c <resetd_control_xfer_cb+0x4c>)
100039ec:	8891      	ldrh	r1, [r2, #4]
100039ee:	781b      	ldrb	r3, [r3, #0]
100039f0:	4299      	cmp	r1, r3
100039f2:	d001      	beq.n	100039f8 <resetd_control_xfer_cb+0x18>
100039f4:	2000      	movs	r0, #0
100039f6:	bd08      	pop	{r3, pc}
100039f8:	7853      	ldrb	r3, [r2, #1]
100039fa:	2b01      	cmp	r3, #1
100039fc:	d008      	beq.n	10003a10 <resetd_control_xfer_cb+0x30>
100039fe:	2b02      	cmp	r3, #2
10003a00:	d1f8      	bne.n	100039f4 <resetd_control_xfer_cb+0x14>
10003a02:	2100      	movs	r1, #0
10003a04:	2264      	movs	r2, #100	@ 0x64
10003a06:	4608      	mov	r0, r1
10003a08:	f7fd ffa6 	bl	10001958 <watchdog_reboot>
10003a0c:	2001      	movs	r0, #1
10003a0e:	bd08      	pop	{r3, pc}
10003a10:	8851      	ldrh	r1, [r2, #2]
10003a12:	05cb      	lsls	r3, r1, #23
10003a14:	bf4b      	itete	mi
10003a16:	0a4a      	lsrmi	r2, r1, #9
10003a18:	0a4a      	lsrpl	r2, r1, #9
10003a1a:	4610      	movmi	r0, r2
10003a1c:	f04f 30ff 	movpl.w	r0, #4294967295	@ 0xffffffff
10003a20:	f002 0201 	and.w	r2, r2, #1
10003a24:	f001 017f 	and.w	r1, r1, #127	@ 0x7f
10003a28:	f7fe f814 	bl	10001a54 <rom_reset_usb_boot_extra>
10003a2c:	20006155 	.word	0x20006155

10003a30 <tud_descriptor_bos_cb>:
10003a30:	4800      	ldr	r0, [pc, #0]	@ (10003a34 <tud_descriptor_bos_cb+0x4>)
10003a32:	4770      	bx	lr
10003a34:	1000663c 	.word	0x1000663c

10003a38 <tud_vendor_control_xfer_cb>:
10003a38:	2901      	cmp	r1, #1
10003a3a:	d107      	bne.n	10003a4c <tud_vendor_control_xfer_cb+0x14>
10003a3c:	7853      	ldrb	r3, [r2, #1]
10003a3e:	2b01      	cmp	r3, #1
10003a40:	d102      	bne.n	10003a48 <tud_vendor_control_xfer_cb+0x10>
10003a42:	8893      	ldrh	r3, [r2, #4]
10003a44:	2b07      	cmp	r3, #7
10003a46:	d003      	beq.n	10003a50 <tud_vendor_control_xfer_cb+0x18>
10003a48:	2000      	movs	r0, #0
10003a4a:	4770      	bx	lr
10003a4c:	2001      	movs	r0, #1
10003a4e:	4770      	bx	lr
10003a50:	4611      	mov	r1, r2
10003a52:	23a6      	movs	r3, #166	@ 0xa6
10003a54:	4a01      	ldr	r2, [pc, #4]	@ (10003a5c <tud_vendor_control_xfer_cb+0x24>)
10003a56:	f001 ba49 	b.w	10004eec <tud_control_xfer>
10003a5a:	bf00      	nop
10003a5c:	10006594 	.word	0x10006594

10003a60 <usbd_app_driver_get_cb>:
10003a60:	4603      	mov	r3, r0
10003a62:	2201      	movs	r2, #1
10003a64:	4801      	ldr	r0, [pc, #4]	@ (10003a6c <usbd_app_driver_get_cb+0xc>)
10003a66:	701a      	strb	r2, [r3, #0]
10003a68:	4770      	bx	lr
10003a6a:	bf00      	nop
10003a6c:	10006574 	.word	0x10006574

10003a70 <tud_cdc_line_coding_cb>:
10003a70:	b508      	push	{r3, lr}
10003a72:	680b      	ldr	r3, [r1, #0]
10003a74:	f5b3 6f96 	cmp.w	r3, #1200	@ 0x4b0
10003a78:	d000      	beq.n	10003a7c <tud_cdc_line_coding_cb+0xc>
10003a7a:	bd08      	pop	{r3, pc}
10003a7c:	2200      	movs	r2, #0
10003a7e:	f04f 30ff 	mov.w	r0, #4294967295	@ 0xffffffff
10003a82:	4611      	mov	r1, r2
10003a84:	f7fd ffe6 	bl	10001a54 <rom_reset_usb_boot_extra>

10003a88 <stdio_usb_set_chars_available_callback>:
10003a88:	4a02      	ldr	r2, [pc, #8]	@ (10003a94 <stdio_usb_set_chars_available_callback+0xc>)
10003a8a:	4b03      	ldr	r3, [pc, #12]	@ (10003a98 <stdio_usb_set_chars_available_callback+0x10>)
10003a8c:	6010      	str	r0, [r2, #0]
10003a8e:	6019      	str	r1, [r3, #0]
10003a90:	4770      	bx	lr
10003a92:	bf00      	nop
10003a94:	20001be0 	.word	0x20001be0
10003a98:	20001be4 	.word	0x20001be4

10003a9c <timer_task>:
10003a9c:	4b18      	ldr	r3, [pc, #96]	@ (10003b00 <timer_task+0x64>)
10003a9e:	b570      	push	{r4, r5, r6, lr}
10003aa0:	681a      	ldr	r2, [r3, #0]
10003aa2:	2a00      	cmp	r2, #0
10003aa4:	d028      	beq.n	10003af8 <timer_task+0x5c>
10003aa6:	f3ef 8110 	mrs	r1, PRIMASK
10003aaa:	b672      	cpsid	i
10003aac:	e8d2 4fcf 	ldaexb	r4, [r2]
10003ab0:	2001      	movs	r0, #1
10003ab2:	2c00      	cmp	r4, #0
10003ab4:	d1fa      	bne.n	10003aac <timer_task+0x10>
10003ab6:	e8c2 0f44 	strexb	r4, r0, [r2]
10003aba:	2c00      	cmp	r4, #0
10003abc:	d1f6      	bne.n	10003aac <timer_task+0x10>
10003abe:	f3bf 8f5f 	dmb	sy
10003ac2:	2200      	movs	r2, #0
10003ac4:	4c0f      	ldr	r4, [pc, #60]	@ (10003b04 <timer_task+0x68>)
10003ac6:	6818      	ldr	r0, [r3, #0]
10003ac8:	6059      	str	r1, [r3, #4]
10003aca:	7022      	strb	r2, [r4, #0]
10003acc:	e8c0 2f8f 	stlb	r2, [r0]
10003ad0:	f381 8810 	msr	PRIMASK, r1
10003ad4:	2400      	movs	r4, #0
10003ad6:	2500      	movs	r5, #0
10003ad8:	4e0b      	ldr	r6, [pc, #44]	@ (10003b08 <timer_task+0x6c>)
10003ada:	7830      	ldrb	r0, [r6, #0]
10003adc:	f7fd f808 	bl	10000af0 <irq_is_enabled>
10003ae0:	b920      	cbnz	r0, 10003aec <timer_task+0x50>
10003ae2:	2400      	movs	r4, #0
10003ae4:	2500      	movs	r5, #0
10003ae6:	4620      	mov	r0, r4
10003ae8:	4629      	mov	r1, r5
10003aea:	bd70      	pop	{r4, r5, r6, pc}
10003aec:	7830      	ldrb	r0, [r6, #0]
10003aee:	f7fd f80f 	bl	10000b10 <irq_set_pending>
10003af2:	4620      	mov	r0, r4
10003af4:	4629      	mov	r1, r5
10003af6:	bd70      	pop	{r4, r5, r6, pc}
10003af8:	f44f 747a 	mov.w	r4, #1000	@ 0x3e8
10003afc:	2500      	movs	r5, #0
10003afe:	e7eb      	b.n	10003ad8 <timer_task+0x3c>
10003b00:	20002058 	.word	0x20002058
10003b04:	20006157 	.word	0x20006157
10003b08:	20006156 	.word	0x20006156

10003b0c <usb_irq>:
10003b0c:	4b01      	ldr	r3, [pc, #4]	@ (10003b14 <usb_irq+0x8>)
10003b0e:	7818      	ldrb	r0, [r3, #0]
10003b10:	f7fc bffe 	b.w	10000b10 <irq_set_pending>
10003b14:	20006156 	.word	0x20006156

10003b18 <stdio_usb_in_chars>:
10003b18:	b538      	push	{r3, r4, r5, lr}
10003b1a:	4604      	mov	r4, r0
10003b1c:	2000      	movs	r0, #0
10003b1e:	460d      	mov	r5, r1
10003b20:	f001 fb06 	bl	10005130 <tud_cdc_n_connected>
10003b24:	b3a8      	cbz	r0, 10003b92 <stdio_usb_in_chars+0x7a>
10003b26:	2000      	movs	r0, #0
10003b28:	f001 fb18 	bl	1000515c <tud_cdc_n_available>
10003b2c:	b388      	cbz	r0, 10003b92 <stdio_usb_in_chars+0x7a>
10003b2e:	f7fd fe15 	bl	1000175c <time_us_64>
10003b32:	f04f 3eff 	mov.w	lr, #4294967295	@ 0xffffffff
10003b36:	f06f 4c00 	mvn.w	ip, #2147483648	@ 0x80000000
10003b3a:	4a17      	ldr	r2, [pc, #92]	@ (10003b98 <stdio_usb_in_chars+0x80>)
10003b3c:	1882      	adds	r2, r0, r2
10003b3e:	f141 0300 	adc.w	r3, r1, #0
10003b42:	4596      	cmp	lr, r2
10003b44:	eb7c 0103 	sbcs.w	r1, ip, r3
10003b48:	bf3c      	itt	cc
10003b4a:	4672      	movcc	r2, lr
10003b4c:	4663      	movcc	r3, ip
10003b4e:	4813      	ldr	r0, [pc, #76]	@ (10003b9c <stdio_usb_in_chars+0x84>)
10003b50:	f002 fbb6 	bl	100062c0 <__mutex_try_enter_block_until_veneer>
10003b54:	b1e8      	cbz	r0, 10003b92 <stdio_usb_in_chars+0x7a>
10003b56:	2000      	movs	r0, #0
10003b58:	f001 faea 	bl	10005130 <tud_cdc_n_connected>
10003b5c:	b958      	cbnz	r0, 10003b76 <stdio_usb_in_chars+0x5e>
10003b5e:	2100      	movs	r1, #0
10003b60:	f04f 30ff 	mov.w	r0, #4294967295	@ 0xffffffff
10003b64:	f000 fd06 	bl	10004574 <tud_task_ext>
10003b68:	f06f 0402 	mvn.w	r4, #2
10003b6c:	480b      	ldr	r0, [pc, #44]	@ (10003b9c <stdio_usb_in_chars+0x84>)
10003b6e:	f002 fb9b 	bl	100062a8 <__mutex_exit_veneer>
10003b72:	4620      	mov	r0, r4
10003b74:	bd38      	pop	{r3, r4, r5, pc}
10003b76:	2000      	movs	r0, #0
10003b78:	f001 faf0 	bl	1000515c <tud_cdc_n_available>
10003b7c:	2800      	cmp	r0, #0
10003b7e:	d0ee      	beq.n	10003b5e <stdio_usb_in_chars+0x46>
10003b80:	4621      	mov	r1, r4
10003b82:	462a      	mov	r2, r5
10003b84:	2000      	movs	r0, #0
10003b86:	f001 faf5 	bl	10005174 <tud_cdc_n_read>
10003b8a:	4604      	mov	r4, r0
10003b8c:	2800      	cmp	r0, #0
10003b8e:	d1ed      	bne.n	10003b6c <stdio_usb_in_chars+0x54>
10003b90:	e7ea      	b.n	10003b68 <stdio_usb_in_chars+0x50>
10003b92:	f06f 0402 	mvn.w	r4, #2
10003b96:	e7ec      	b.n	10003b72 <stdio_usb_in_chars+0x5a>
10003b98:	000f4240 	.word	0x000f4240
10003b9c:	200060b8 	.word	0x200060b8

10003ba0 <stdio_usb_out_flush>:
10003ba0:	b508      	push	{r3, lr}
10003ba2:	f7fd fddb 	bl	1000175c <time_us_64>
10003ba6:	f04f 3eff 	mov.w	lr, #4294967295	@ 0xffffffff
10003baa:	f06f 4c00 	mvn.w	ip, #2147483648	@ 0x80000000
10003bae:	4a0f      	ldr	r2, [pc, #60]	@ (10003bec <stdio_usb_out_flush+0x4c>)
10003bb0:	1882      	adds	r2, r0, r2
10003bb2:	f141 0300 	adc.w	r3, r1, #0
10003bb6:	4596      	cmp	lr, r2
10003bb8:	eb7c 0103 	sbcs.w	r1, ip, r3
10003bbc:	bf3c      	itt	cc
10003bbe:	4672      	movcc	r2, lr
10003bc0:	4663      	movcc	r3, ip
10003bc2:	480b      	ldr	r0, [pc, #44]	@ (10003bf0 <stdio_usb_out_flush+0x50>)
10003bc4:	f002 fb7c 	bl	100062c0 <__mutex_try_enter_block_until_veneer>
10003bc8:	b170      	cbz	r0, 10003be8 <stdio_usb_out_flush+0x48>
10003bca:	f04f 30ff 	mov.w	r0, #4294967295	@ 0xffffffff
10003bce:	2100      	movs	r1, #0
10003bd0:	f000 fcd0 	bl	10004574 <tud_task_ext>
10003bd4:	2000      	movs	r0, #0
10003bd6:	f001 fb15 	bl	10005204 <tud_cdc_n_write_flush>
10003bda:	2800      	cmp	r0, #0
10003bdc:	d1f5      	bne.n	10003bca <stdio_usb_out_flush+0x2a>
10003bde:	e8bd 4008 	ldmia.w	sp!, {r3, lr}
10003be2:	4803      	ldr	r0, [pc, #12]	@ (10003bf0 <stdio_usb_out_flush+0x50>)
10003be4:	f002 bb60 	b.w	100062a8 <__mutex_exit_veneer>
10003be8:	bd08      	pop	{r3, pc}
10003bea:	bf00      	nop
10003bec:	000f4240 	.word	0x000f4240
10003bf0:	200060b8 	.word	0x200060b8

10003bf4 <stdio_usb_out_chars>:
10003bf4:	e92d 43f8 	stmdb	sp!, {r3, r4, r5, r6, r7, r8, r9, lr}
10003bf8:	4607      	mov	r7, r0
10003bfa:	460e      	mov	r6, r1
10003bfc:	f7fd fdae 	bl	1000175c <time_us_64>
10003c00:	f04f 35ff 	mov.w	r5, #4294967295	@ 0xffffffff
10003c04:	f06f 4400 	mvn.w	r4, #2147483648	@ 0x80000000
10003c08:	4a34      	ldr	r2, [pc, #208]	@ (10003cdc <stdio_usb_out_chars+0xe8>)
10003c0a:	1882      	adds	r2, r0, r2
10003c0c:	f141 0300 	adc.w	r3, r1, #0
10003c10:	4295      	cmp	r5, r2
10003c12:	eb74 0103 	sbcs.w	r1, r4, r3
10003c16:	bf3c      	itt	cc
10003c18:	462a      	movcc	r2, r5
10003c1a:	4623      	movcc	r3, r4
10003c1c:	4830      	ldr	r0, [pc, #192]	@ (10003ce0 <stdio_usb_out_chars+0xec>)
10003c1e:	f002 fb4f 	bl	100062c0 <__mutex_try_enter_block_until_veneer>
10003c22:	b908      	cbnz	r0, 10003c28 <stdio_usb_out_chars+0x34>
10003c24:	e8bd 83f8 	ldmia.w	sp!, {r3, r4, r5, r6, r7, r8, r9, pc}
10003c28:	2000      	movs	r0, #0
10003c2a:	f001 fa81 	bl	10005130 <tud_cdc_n_connected>
10003c2e:	2800      	cmp	r0, #0
10003c30:	d049      	beq.n	10003cc6 <stdio_usb_out_chars+0xd2>
10003c32:	2e00      	cmp	r6, #0
10003c34:	dd42      	ble.n	10003cbc <stdio_usb_out_chars+0xc8>
10003c36:	2500      	movs	r5, #0
10003c38:	f8df 80a8 	ldr.w	r8, [pc, #168]	@ 10003ce4 <stdio_usb_out_chars+0xf0>
10003c3c:	f8df 90a8 	ldr.w	r9, [pc, #168]	@ 10003ce8 <stdio_usb_out_chars+0xf4>
10003c40:	e013      	b.n	10003c6a <stdio_usb_out_chars+0x76>
10003c42:	4602      	mov	r2, r0
10003c44:	2000      	movs	r0, #0
10003c46:	f001 fb23 	bl	10005290 <tud_cdc_n_write>
10003c4a:	2100      	movs	r1, #0
10003c4c:	4604      	mov	r4, r0
10003c4e:	f04f 30ff 	mov.w	r0, #4294967295	@ 0xffffffff
10003c52:	f000 fc8f 	bl	10004574 <tud_task_ext>
10003c56:	2000      	movs	r0, #0
10003c58:	f001 fad4 	bl	10005204 <tud_cdc_n_write_flush>
10003c5c:	f7fd fd7e 	bl	1000175c <time_us_64>
10003c60:	e9c8 0100 	strd	r0, r1, [r8]
10003c64:	4425      	add	r5, r4
10003c66:	42ae      	cmp	r6, r5
10003c68:	dd28      	ble.n	10003cbc <stdio_usb_out_chars+0xc8>
10003c6a:	2000      	movs	r0, #0
10003c6c:	f001 fb30 	bl	100052d0 <tud_cdc_n_write_available>
10003c70:	1b73      	subs	r3, r6, r5
10003c72:	4298      	cmp	r0, r3
10003c74:	bfa8      	it	ge
10003c76:	4618      	movge	r0, r3
10003c78:	1979      	adds	r1, r7, r5
10003c7a:	4604      	mov	r4, r0
10003c7c:	2800      	cmp	r0, #0
10003c7e:	d1e0      	bne.n	10003c42 <stdio_usb_out_chars+0x4e>
10003c80:	4601      	mov	r1, r0
10003c82:	f04f 30ff 	mov.w	r0, #4294967295	@ 0xffffffff
10003c86:	f000 fc75 	bl	10004574 <tud_task_ext>
10003c8a:	4620      	mov	r0, r4
10003c8c:	f001 faba 	bl	10005204 <tud_cdc_n_write_flush>
10003c90:	4620      	mov	r0, r4
10003c92:	f001 fa4d 	bl	10005130 <tud_cdc_n_connected>
10003c96:	b188      	cbz	r0, 10003cbc <stdio_usb_out_chars+0xc8>
10003c98:	4620      	mov	r0, r4
10003c9a:	f001 fb19 	bl	100052d0 <tud_cdc_n_write_available>
10003c9e:	2800      	cmp	r0, #0
10003ca0:	d1e1      	bne.n	10003c66 <stdio_usb_out_chars+0x72>
10003ca2:	f7fd fd5b 	bl	1000175c <time_us_64>
10003ca6:	f8d8 3000 	ldr.w	r3, [r8]
10003caa:	f8d8 2004 	ldr.w	r2, [r8, #4]
10003cae:	eb13 0309 	adds.w	r3, r3, r9
10003cb2:	f142 0200 	adc.w	r2, r2, #0
10003cb6:	4283      	cmp	r3, r0
10003cb8:	418a      	sbcs	r2, r1
10003cba:	d2d4      	bcs.n	10003c66 <stdio_usb_out_chars+0x72>
10003cbc:	4808      	ldr	r0, [pc, #32]	@ (10003ce0 <stdio_usb_out_chars+0xec>)
10003cbe:	e8bd 43f8 	ldmia.w	sp!, {r3, r4, r5, r6, r7, r8, r9, lr}
10003cc2:	f002 baf1 	b.w	100062a8 <__mutex_exit_veneer>
10003cc6:	2000      	movs	r0, #0
10003cc8:	2100      	movs	r1, #0
10003cca:	4b06      	ldr	r3, [pc, #24]	@ (10003ce4 <stdio_usb_out_chars+0xf0>)
10003ccc:	e9c3 0100 	strd	r0, r1, [r3]
10003cd0:	e8bd 43f8 	ldmia.w	sp!, {r3, r4, r5, r6, r7, r8, r9, lr}
10003cd4:	4802      	ldr	r0, [pc, #8]	@ (10003ce0 <stdio_usb_out_chars+0xec>)
10003cd6:	f002 bae7 	b.w	100062a8 <__mutex_exit_veneer>
10003cda:	bf00      	nop
10003cdc:	000f4240 	.word	0x000f4240
10003ce0:	200060b8 	.word	0x200060b8
10003ce4:	20001650 	.word	0x20001650
10003ce8:	0007a120 	.word	0x0007a120

10003cec <low_priority_worker_irq>:
10003cec:	b530      	push	{r4, r5, lr}
10003cee:	2100      	movs	r1, #0
10003cf0:	b085      	sub	sp, #20
10003cf2:	482e      	ldr	r0, [pc, #184]	@ (10003dac <low_priority_worker_irq+0xc0>)
10003cf4:	f002 faec 	bl	100062d0 <__mutex_try_enter_veneer>
10003cf8:	b9f0      	cbnz	r0, 10003d38 <low_priority_worker_irq+0x4c>
10003cfa:	4b2d      	ldr	r3, [pc, #180]	@ (10003db0 <low_priority_worker_irq+0xc4>)
10003cfc:	681a      	ldr	r2, [r3, #0]
10003cfe:	b1ca      	cbz	r2, 10003d34 <low_priority_worker_irq+0x48>
10003d00:	f3ef 8110 	mrs	r1, PRIMASK
10003d04:	b672      	cpsid	i
10003d06:	e8d2 5fcf 	ldaexb	r5, [r2]
10003d0a:	2401      	movs	r4, #1
10003d0c:	2d00      	cmp	r5, #0
10003d0e:	d1fa      	bne.n	10003d06 <low_priority_worker_irq+0x1a>
10003d10:	e8c2 4f45 	strexb	r5, r4, [r2]
10003d14:	2d00      	cmp	r5, #0
10003d16:	d1f6      	bne.n	10003d06 <low_priority_worker_irq+0x1a>
10003d18:	f3bf 8f5f 	dmb	sy
10003d1c:	4c25      	ldr	r4, [pc, #148]	@ (10003db4 <low_priority_worker_irq+0xc8>)
10003d1e:	681d      	ldr	r5, [r3, #0]
10003d20:	7822      	ldrb	r2, [r4, #0]
10003d22:	6059      	str	r1, [r3, #4]
10003d24:	b2d3      	uxtb	r3, r2
10003d26:	2201      	movs	r2, #1
10003d28:	7022      	strb	r2, [r4, #0]
10003d2a:	e8c5 0f8f 	stlb	r0, [r5]
10003d2e:	f381 8810 	msr	PRIMASK, r1
10003d32:	b1cb      	cbz	r3, 10003d68 <low_priority_worker_irq+0x7c>
10003d34:	b005      	add	sp, #20
10003d36:	bd30      	pop	{r4, r5, pc}
10003d38:	2100      	movs	r1, #0
10003d3a:	f04f 30ff 	mov.w	r0, #4294967295	@ 0xffffffff
10003d3e:	f000 fc19 	bl	10004574 <tud_task_ext>
10003d42:	2000      	movs	r0, #0
10003d44:	f001 fa0a 	bl	1000515c <tud_cdc_n_available>
10003d48:	4604      	mov	r4, r0
10003d4a:	4818      	ldr	r0, [pc, #96]	@ (10003dac <low_priority_worker_irq+0xc0>)
10003d4c:	f002 faac 	bl	100062a8 <__mutex_exit_veneer>
10003d50:	2c00      	cmp	r4, #0
10003d52:	d0ef      	beq.n	10003d34 <low_priority_worker_irq+0x48>
10003d54:	4b18      	ldr	r3, [pc, #96]	@ (10003db8 <low_priority_worker_irq+0xcc>)
10003d56:	681b      	ldr	r3, [r3, #0]
10003d58:	2b00      	cmp	r3, #0
10003d5a:	d0eb      	beq.n	10003d34 <low_priority_worker_irq+0x48>
10003d5c:	4a17      	ldr	r2, [pc, #92]	@ (10003dbc <low_priority_worker_irq+0xd0>)
10003d5e:	6810      	ldr	r0, [r2, #0]
10003d60:	b005      	add	sp, #20
10003d62:	e8bd 4030 	ldmia.w	sp!, {r4, r5, lr}
10003d66:	4718      	bx	r3
10003d68:	f7fd faf6 	bl	10001358 <alarm_pool_get_default>
10003d6c:	4604      	mov	r4, r0
10003d6e:	f7fd fcf5 	bl	1000175c <time_us_64>
10003d72:	f04f 3cff 	mov.w	ip, #4294967295	@ 0xffffffff
10003d76:	f06f 4500 	mvn.w	r5, #2147483648	@ 0x80000000
10003d7a:	f510 727a 	adds.w	r2, r0, #1000	@ 0x3e8
10003d7e:	f141 0300 	adc.w	r3, r1, #0
10003d82:	4594      	cmp	ip, r2
10003d84:	eb75 0103 	sbcs.w	r1, r5, r3
10003d88:	bf38      	it	cc
10003d8a:	462b      	movcc	r3, r5
10003d8c:	f04f 0100 	mov.w	r1, #0
10003d90:	f04f 0501 	mov.w	r5, #1
10003d94:	4620      	mov	r0, r4
10003d96:	4c0a      	ldr	r4, [pc, #40]	@ (10003dc0 <low_priority_worker_irq+0xd4>)
10003d98:	bf38      	it	cc
10003d9a:	4662      	movcc	r2, ip
10003d9c:	e9cd 1501 	strd	r1, r5, [sp, #4]
10003da0:	9400      	str	r4, [sp, #0]
10003da2:	f7fd fadd 	bl	10001360 <alarm_pool_add_alarm_at>
10003da6:	b005      	add	sp, #20
10003da8:	bd30      	pop	{r4, r5, pc}
10003daa:	bf00      	nop
10003dac:	200060b8 	.word	0x200060b8
10003db0:	20002058 	.word	0x20002058
10003db4:	20006157 	.word	0x20006157
10003db8:	20001be0 	.word	0x20001be0
10003dbc:	20001be4 	.word	0x20001be4
10003dc0:	10003a9d 	.word	0x10003a9d

10003dc4 <stdio_usb_init>:
10003dc4:	f04f 4350 	mov.w	r3, #3489660928	@ 0xd0000000
10003dc8:	b530      	push	{r4, r5, lr}
10003dca:	b085      	sub	sp, #20
10003dcc:	681c      	ldr	r4, [r3, #0]
10003dce:	f7fd fac3 	bl	10001358 <alarm_pool_get_default>
10003dd2:	f7fd fbd7 	bl	10001584 <alarm_pool_core_num>
10003dd6:	42a0      	cmp	r0, r4
10003dd8:	d002      	beq.n	10003de0 <stdio_usb_init+0x1c>
10003dda:	2000      	movs	r0, #0
10003ddc:	b005      	add	sp, #20
10003dde:	bd30      	pop	{r4, r5, pc}
10003de0:	4b29      	ldr	r3, [pc, #164]	@ (10003e88 <stdio_usb_init+0xc4>)
10003de2:	781b      	ldrb	r3, [r3, #0]
10003de4:	f001 fd46 	bl	10005874 <tusb_init>
10003de8:	4828      	ldr	r0, [pc, #160]	@ (10003e8c <stdio_usb_init+0xc8>)
10003dea:	6803      	ldr	r3, [r0, #0]
10003dec:	2b00      	cmp	r3, #0
10003dee:	d047      	beq.n	10003e80 <stdio_usb_init+0xbc>
10003df0:	2001      	movs	r0, #1
10003df2:	f7fd f83b 	bl	10000e6c <user_irq_claim_unused>
10003df6:	4603      	mov	r3, r0
10003df8:	4c25      	ldr	r4, [pc, #148]	@ (10003e90 <stdio_usb_init+0xcc>)
10003dfa:	4926      	ldr	r1, [pc, #152]	@ (10003e94 <stdio_usb_init+0xd0>)
10003dfc:	b2c0      	uxtb	r0, r0
10003dfe:	7023      	strb	r3, [r4, #0]
10003e00:	f7fc fea4 	bl	10000b4c <irq_set_exclusive_handler>
10003e04:	7820      	ldrb	r0, [r4, #0]
10003e06:	2101      	movs	r1, #1
10003e08:	f7fc fe5c 	bl	10000ac4 <irq_set_enabled>
10003e0c:	200e      	movs	r0, #14
10003e0e:	f7fc fe8b 	bl	10000b28 <irq_has_shared_handler>
10003e12:	bb40      	cbnz	r0, 10003e66 <stdio_usb_init+0xa2>
10003e14:	4b20      	ldr	r3, [pc, #128]	@ (10003e98 <stdio_usb_init+0xd4>)
10003e16:	2501      	movs	r5, #1
10003e18:	e9c3 0000 	strd	r0, r0, [r3]
10003e1c:	f7fd fa9c 	bl	10001358 <alarm_pool_get_default>
10003e20:	4604      	mov	r4, r0
10003e22:	f7fd fc9b 	bl	1000175c <time_us_64>
10003e26:	f04f 3eff 	mov.w	lr, #4294967295	@ 0xffffffff
10003e2a:	f06f 4c00 	mvn.w	ip, #2147483648	@ 0x80000000
10003e2e:	f510 727a 	adds.w	r2, r0, #1000	@ 0x3e8
10003e32:	f141 0300 	adc.w	r3, r1, #0
10003e36:	4596      	cmp	lr, r2
10003e38:	eb7c 0103 	sbcs.w	r1, ip, r3
10003e3c:	f04f 0100 	mov.w	r1, #0
10003e40:	4620      	mov	r0, r4
10003e42:	4c16      	ldr	r4, [pc, #88]	@ (10003e9c <stdio_usb_init+0xd8>)
10003e44:	bf3c      	itt	cc
10003e46:	4672      	movcc	r2, lr
10003e48:	4663      	movcc	r3, ip
10003e4a:	e9cd 1501 	strd	r1, r5, [sp, #4]
10003e4e:	9400      	str	r4, [sp, #0]
10003e50:	f7fd fa86 	bl	10001360 <alarm_pool_add_alarm_at>
10003e54:	2800      	cmp	r0, #0
10003e56:	dbc0      	blt.n	10003dda <stdio_usb_init+0x16>
10003e58:	2101      	movs	r1, #1
10003e5a:	4811      	ldr	r0, [pc, #68]	@ (10003ea0 <stdio_usb_init+0xdc>)
10003e5c:	f7ff fc82 	bl	10003764 <stdio_set_driver_enabled>
10003e60:	2001      	movs	r0, #1
10003e62:	b005      	add	sp, #20
10003e64:	bd30      	pop	{r4, r5, pc}
10003e66:	2001      	movs	r0, #1
10003e68:	f7fc fde8 	bl	10000a3c <spin_lock_claim_unused>
10003e6c:	4601      	mov	r1, r0
10003e6e:	480a      	ldr	r0, [pc, #40]	@ (10003e98 <stdio_usb_init+0xd4>)
10003e70:	f7fd f85c 	bl	10000f2c <critical_section_init_with_lock_num>
10003e74:	2200      	movs	r2, #0
10003e76:	200e      	movs	r0, #14
10003e78:	490a      	ldr	r1, [pc, #40]	@ (10003ea4 <stdio_usb_init+0xe0>)
10003e7a:	f7fc fe97 	bl	10000bac <irq_add_shared_handler>
10003e7e:	e7eb      	b.n	10003e58 <stdio_usb_init+0x94>
10003e80:	f7fd f838 	bl	10000ef4 <mutex_init>
10003e84:	e7b4      	b.n	10003df0 <stdio_usb_init+0x2c>
10003e86:	bf00      	nop
10003e88:	100067ec 	.word	0x100067ec
10003e8c:	200060b8 	.word	0x200060b8
10003e90:	20006156 	.word	0x20006156
10003e94:	10003ced 	.word	0x10003ced
10003e98:	20002058 	.word	0x20002058
10003e9c:	10003a9d 	.word	0x10003a9d
10003ea0:	200011c4 	.word	0x200011c4
10003ea4:	10003b0d 	.word	0x10003b0d

10003ea8 <tud_descriptor_device_cb>:
10003ea8:	4800      	ldr	r0, [pc, #0]	@ (10003eac <tud_descriptor_device_cb+0x4>)
10003eaa:	4770      	bx	lr
10003eac:	10006718 	.word	0x10006718

10003eb0 <tud_descriptor_configuration_cb>:
10003eb0:	4800      	ldr	r0, [pc, #0]	@ (10003eb4 <tud_descriptor_configuration_cb+0x4>)
10003eb2:	4770      	bx	lr
10003eb4:	100066c4 	.word	0x100066c4

10003eb8 <tud_descriptor_string_cb>:
10003eb8:	b538      	push	{r3, r4, r5, lr}
10003eba:	4b18      	ldr	r3, [pc, #96]	@ (10003f1c <tud_descriptor_string_cb+0x64>)
10003ebc:	4604      	mov	r4, r0
10003ebe:	781a      	ldrb	r2, [r3, #0]
10003ec0:	b30a      	cbz	r2, 10003f06 <tud_descriptor_string_cb+0x4e>
10003ec2:	b944      	cbnz	r4, 10003ed6 <tud_descriptor_string_cb+0x1e>
10003ec4:	f240 4209 	movw	r2, #1033	@ 0x409
10003ec8:	f44f 7341 	mov.w	r3, #772	@ 0x304
10003ecc:	4d14      	ldr	r5, [pc, #80]	@ (10003f20 <tud_descriptor_string_cb+0x68>)
10003ece:	806a      	strh	r2, [r5, #2]
10003ed0:	4813      	ldr	r0, [pc, #76]	@ (10003f20 <tud_descriptor_string_cb+0x68>)
10003ed2:	802b      	strh	r3, [r5, #0]
10003ed4:	bd38      	pop	{r3, r4, r5, pc}
10003ed6:	2c05      	cmp	r4, #5
10003ed8:	d81a      	bhi.n	10003f10 <tud_descriptor_string_cb+0x58>
10003eda:	4b12      	ldr	r3, [pc, #72]	@ (10003f24 <tud_descriptor_string_cb+0x6c>)
10003edc:	4d10      	ldr	r5, [pc, #64]	@ (10003f20 <tud_descriptor_string_cb+0x68>)
10003ede:	f853 1024 	ldr.w	r1, [r3, r4, lsl #2]
10003ee2:	4628      	mov	r0, r5
10003ee4:	2300      	movs	r3, #0
10003ee6:	3901      	subs	r1, #1
10003ee8:	e003      	b.n	10003ef2 <tud_descriptor_string_cb+0x3a>
10003eea:	2b13      	cmp	r3, #19
10003eec:	f820 2f02 	strh.w	r2, [r0, #2]!
10003ef0:	d010      	beq.n	10003f14 <tud_descriptor_string_cb+0x5c>
10003ef2:	f811 2f01 	ldrb.w	r2, [r1, #1]!
10003ef6:	3301      	adds	r3, #1
10003ef8:	2a00      	cmp	r2, #0
10003efa:	d1f6      	bne.n	10003eea <tud_descriptor_string_cb+0x32>
10003efc:	b2db      	uxtb	r3, r3
10003efe:	005b      	lsls	r3, r3, #1
10003f00:	f443 7340 	orr.w	r3, r3, #768	@ 0x300
10003f04:	e7e4      	b.n	10003ed0 <tud_descriptor_string_cb+0x18>
10003f06:	2111      	movs	r1, #17
10003f08:	4618      	mov	r0, r3
10003f0a:	f000 f825 	bl	10003f58 <pico_get_unique_board_id_string>
10003f0e:	e7d8      	b.n	10003ec2 <tud_descriptor_string_cb+0xa>
10003f10:	2000      	movs	r0, #0
10003f12:	bd38      	pop	{r3, r4, r5, pc}
10003f14:	f44f 734a 	mov.w	r3, #808	@ 0x328
10003f18:	e7da      	b.n	10003ed0 <tud_descriptor_string_cb+0x18>
10003f1a:	bf00      	nop
10003f1c:	20006140 	.word	0x20006140
10003f20:	20001c18 	.word	0x20001c18
10003f24:	100066ac 	.word	0x100066ac

10003f28 <_retrieve_unique_id_on_boot>:
10003f28:	b500      	push	{lr}
10003f2a:	f245 3047 	movw	r0, #21319	@ 0x5347
10003f2e:	b08b      	sub	sp, #44	@ 0x2c
10003f30:	f7fd fd84 	bl	10001a3c <rom_func_lookup>
10003f34:	2201      	movs	r2, #1
10003f36:	4603      	mov	r3, r0
10003f38:	2109      	movs	r1, #9
10003f3a:	a801      	add	r0, sp, #4
10003f3c:	4798      	blx	r3
10003f3e:	e9dd 3203 	ldrd	r3, r2, [sp, #12]
10003f42:	4904      	ldr	r1, [pc, #16]	@ (10003f54 <_retrieve_unique_id_on_boot+0x2c>)
10003f44:	ba12      	rev	r2, r2
10003f46:	ba1b      	rev	r3, r3
10003f48:	e9c1 2300 	strd	r2, r3, [r1]
10003f4c:	b00b      	add	sp, #44	@ 0x2c
10003f4e:	f85d fb04 	ldr.w	pc, [sp], #4
10003f52:	bf00      	nop
10003f54:	200060ac 	.word	0x200060ac

10003f58 <pico_get_unique_board_id_string>:
10003f58:	2901      	cmp	r1, #1
10003f5a:	f101 33ff 	add.w	r3, r1, #4294967295	@ 0xffffffff
10003f5e:	f000 80b3 	beq.w	100040c8 <pico_get_unique_board_id_string+0x170>
10003f62:	495d      	ldr	r1, [pc, #372]	@ (100040d8 <pico_get_unique_board_id_string+0x180>)
10003f64:	f891 c000 	ldrb.w	ip, [r1]
10003f68:	ea4f 122c 	mov.w	r2, ip, asr #4
10003f6c:	f1bc 0f9f 	cmp.w	ip, #159	@ 0x9f
10003f70:	bf8c      	ite	hi
10003f72:	3237      	addhi	r2, #55	@ 0x37
10003f74:	3230      	addls	r2, #48	@ 0x30
10003f76:	2b01      	cmp	r3, #1
10003f78:	7002      	strb	r2, [r0, #0]
10003f7a:	f000 80a8 	beq.w	100040ce <pico_get_unique_board_id_string+0x176>
10003f7e:	780a      	ldrb	r2, [r1, #0]
10003f80:	f002 020f 	and.w	r2, r2, #15
10003f84:	2a09      	cmp	r2, #9
10003f86:	bf8c      	ite	hi
10003f88:	3237      	addhi	r2, #55	@ 0x37
10003f8a:	3230      	addls	r2, #48	@ 0x30
10003f8c:	2b02      	cmp	r3, #2
10003f8e:	7042      	strb	r2, [r0, #1]
10003f90:	f000 809d 	beq.w	100040ce <pico_get_unique_board_id_string+0x176>
10003f94:	784a      	ldrb	r2, [r1, #1]
10003f96:	ea4f 1c22 	mov.w	ip, r2, asr #4
10003f9a:	2a9f      	cmp	r2, #159	@ 0x9f
10003f9c:	bf8c      	ite	hi
10003f9e:	f10c 0c37 	addhi.w	ip, ip, #55	@ 0x37
10003fa2:	f10c 0c30 	addls.w	ip, ip, #48	@ 0x30
10003fa6:	2b03      	cmp	r3, #3
10003fa8:	f880 c002 	strb.w	ip, [r0, #2]
10003fac:	f000 808f 	beq.w	100040ce <pico_get_unique_board_id_string+0x176>
10003fb0:	f002 020f 	and.w	r2, r2, #15
10003fb4:	2a09      	cmp	r2, #9
10003fb6:	bf8c      	ite	hi
10003fb8:	3237      	addhi	r2, #55	@ 0x37
10003fba:	3230      	addls	r2, #48	@ 0x30
10003fbc:	2b04      	cmp	r3, #4
10003fbe:	70c2      	strb	r2, [r0, #3]
10003fc0:	f000 8085 	beq.w	100040ce <pico_get_unique_board_id_string+0x176>
10003fc4:	788a      	ldrb	r2, [r1, #2]
10003fc6:	ea4f 1c22 	mov.w	ip, r2, asr #4
10003fca:	2a9f      	cmp	r2, #159	@ 0x9f
10003fcc:	bf8c      	ite	hi
10003fce:	f10c 0c37 	addhi.w	ip, ip, #55	@ 0x37
10003fd2:	f10c 0c30 	addls.w	ip, ip, #48	@ 0x30
10003fd6:	2b05      	cmp	r3, #5
10003fd8:	f880 c004 	strb.w	ip, [r0, #4]
10003fdc:	d077      	beq.n	100040ce <pico_get_unique_board_id_string+0x176>
10003fde:	f002 020f 	and.w	r2, r2, #15
10003fe2:	2a09      	cmp	r2, #9
10003fe4:	bf8c      	ite	hi
10003fe6:	3237      	addhi	r2, #55	@ 0x37
10003fe8:	3230      	addls	r2, #48	@ 0x30
10003fea:	2b06      	cmp	r3, #6
10003fec:	7142      	strb	r2, [r0, #5]
10003fee:	d06e      	beq.n	100040ce <pico_get_unique_board_id_string+0x176>
10003ff0:	78ca      	ldrb	r2, [r1, #3]
10003ff2:	ea4f 1c22 	mov.w	ip, r2, asr #4
10003ff6:	2a9f      	cmp	r2, #159	@ 0x9f
10003ff8:	bf8c      	ite	hi
10003ffa:	f10c 0c37 	addhi.w	ip, ip, #55	@ 0x37
10003ffe:	f10c 0c30 	addls.w	ip, ip, #48	@ 0x30
10004002:	2b07      	cmp	r3, #7
10004004:	f880 c006 	strb.w	ip, [r0, #6]
10004008:	d061      	beq.n	100040ce <pico_get_unique_board_id_string+0x176>
1000400a:	f002 020f 	and.w	r2, r2, #15
1000400e:	2a09      	cmp	r2, #9
10004010:	bf8c      	ite	hi
10004012:	3237      	addhi	r2, #55	@ 0x37
10004014:	3230      	addls	r2, #48	@ 0x30
10004016:	2b08      	cmp	r3, #8
10004018:	71c2      	strb	r2, [r0, #7]
1000401a:	d058      	beq.n	100040ce <pico_get_unique_board_id_string+0x176>
1000401c:	790a      	ldrb	r2, [r1, #4]
1000401e:	ea4f 1c22 	mov.w	ip, r2, asr #4
10004022:	2a9f      	cmp	r2, #159	@ 0x9f
10004024:	bf8c      	ite	hi
10004026:	f10c 0c37 	addhi.w	ip, ip, #55	@ 0x37
1000402a:	f10c 0c30 	addls.w	ip, ip, #48	@ 0x30
1000402e:	2b09      	cmp	r3, #9
10004030:	f880 c008 	strb.w	ip, [r0, #8]
10004034:	d04b      	beq.n	100040ce <pico_get_unique_board_id_string+0x176>
10004036:	f002 020f 	and.w	r2, r2, #15
1000403a:	2a09      	cmp	r2, #9
1000403c:	bf8c      	ite	hi
1000403e:	3237      	addhi	r2, #55	@ 0x37
10004040:	3230      	addls	r2, #48	@ 0x30
10004042:	2b0a      	cmp	r3, #10
10004044:	7242      	strb	r2, [r0, #9]
10004046:	d042      	beq.n	100040ce <pico_get_unique_board_id_string+0x176>
10004048:	794a      	ldrb	r2, [r1, #5]
1000404a:	ea4f 1c22 	mov.w	ip, r2, asr #4
1000404e:	2a9f      	cmp	r2, #159	@ 0x9f
10004050:	bf8c      	ite	hi
10004052:	f10c 0c37 	addhi.w	ip, ip, #55	@ 0x37
10004056:	f10c 0c30 	addls.w	ip, ip, #48	@ 0x30
1000405a:	2b0b      	cmp	r3, #11
1000405c:	f880 c00a 	strb.w	ip, [r0, #10]
10004060:	d035      	beq.n	100040ce <pico_get_unique_board_id_string+0x176>
10004062:	f002 020f 	and.w	r2, r2, #15
10004066:	2a09      	cmp	r2, #9
10004068:	bf8c      	ite	hi
1000406a:	3237      	addhi	r2, #55	@ 0x37
1000406c:	3230      	addls	r2, #48	@ 0x30
1000406e:	2b0c      	cmp	r3, #12
10004070:	72c2      	strb	r2, [r0, #11]
10004072:	d02c      	beq.n	100040ce <pico_get_unique_board_id_string+0x176>
10004074:	798a      	ldrb	r2, [r1, #6]
10004076:	ea4f 1c22 	mov.w	ip, r2, asr #4
1000407a:	2a9f      	cmp	r2, #159	@ 0x9f
1000407c:	bf8c      	ite	hi
1000407e:	f10c 0c37 	addhi.w	ip, ip, #55	@ 0x37
10004082:	f10c 0c30 	addls.w	ip, ip, #48	@ 0x30
10004086:	2b0d      	cmp	r3, #13
10004088:	f880 c00c 	strb.w	ip, [r0, #12]
1000408c:	d01f      	beq.n	100040ce <pico_get_unique_board_id_string+0x176>
1000408e:	f002 020f 	and.w	r2, r2, #15
10004092:	2a09      	cmp	r2, #9
10004094:	bf8c      	ite	hi
10004096:	3237      	addhi	r2, #55	@ 0x37
10004098:	3230      	addls	r2, #48	@ 0x30
1000409a:	2b0e      	cmp	r3, #14
1000409c:	7342      	strb	r2, [r0, #13]
1000409e:	d016      	beq.n	100040ce <pico_get_unique_board_id_string+0x176>
100040a0:	79ca      	ldrb	r2, [r1, #7]
100040a2:	1111      	asrs	r1, r2, #4
100040a4:	2a9f      	cmp	r2, #159	@ 0x9f
100040a6:	bf8c      	ite	hi
100040a8:	3137      	addhi	r1, #55	@ 0x37
100040aa:	3130      	addls	r1, #48	@ 0x30
100040ac:	2b0f      	cmp	r3, #15
100040ae:	7381      	strb	r1, [r0, #14]
100040b0:	d00d      	beq.n	100040ce <pico_get_unique_board_id_string+0x176>
100040b2:	f002 020f 	and.w	r2, r2, #15
100040b6:	2a09      	cmp	r2, #9
100040b8:	bf94      	ite	ls
100040ba:	3230      	addls	r2, #48	@ 0x30
100040bc:	3237      	addhi	r2, #55	@ 0x37
100040be:	2b10      	cmp	r3, #16
100040c0:	73c2      	strb	r2, [r0, #15]
100040c2:	bf18      	it	ne
100040c4:	3010      	addne	r0, #16
100040c6:	d002      	beq.n	100040ce <pico_get_unique_board_id_string+0x176>
100040c8:	2300      	movs	r3, #0
100040ca:	7003      	strb	r3, [r0, #0]
100040cc:	4770      	bx	lr
100040ce:	4418      	add	r0, r3
100040d0:	2300      	movs	r3, #0
100040d2:	7003      	strb	r3, [r0, #0]
100040d4:	4770      	bx	lr
100040d6:	bf00      	nop
100040d8:	200060ac 	.word	0x200060ac

100040dc <dcd_init>:
100040dc:	b5f8      	push	{r3, r4, r5, r6, r7, lr}
100040de:	f000 f931 	bl	10004344 <rp2040_usb_init>
100040e2:	230c      	movs	r3, #12
100040e4:	2640      	movs	r6, #64	@ 0x40
100040e6:	4d1a      	ldr	r5, [pc, #104]	@ (10004150 <dcd_init+0x74>)
100040e8:	4c1a      	ldr	r4, [pc, #104]	@ (10004154 <dcd_init+0x78>)
100040ea:	67ab      	str	r3, [r5, #120]	@ 0x78
100040ec:	22ff      	movs	r2, #255	@ 0xff
100040ee:	200e      	movs	r0, #14
100040f0:	4919      	ldr	r1, [pc, #100]	@ (10004158 <dcd_init+0x7c>)
100040f2:	f7fc fd5b 	bl	10000bac <irq_add_shared_handler>
100040f6:	4632      	mov	r2, r6
100040f8:	2100      	movs	r1, #0
100040fa:	4620      	mov	r0, r4
100040fc:	f002 f83e 	bl	1000617c <memset>
10004100:	4b16      	ldr	r3, [pc, #88]	@ (1000415c <dcd_init+0x80>)
10004102:	2180      	movs	r1, #128	@ 0x80
10004104:	62a3      	str	r3, [r4, #40]	@ 0x28
10004106:	2701      	movs	r7, #1
10004108:	2300      	movs	r3, #0
1000410a:	4a15      	ldr	r2, [pc, #84]	@ (10004160 <dcd_init+0x84>)
1000410c:	8461      	strh	r1, [r4, #34]	@ 0x22
1000410e:	60a2      	str	r2, [r4, #8]
10004110:	3a84      	subs	r2, #132	@ 0x84
10004112:	7067      	strb	r7, [r4, #1]
10004114:	8326      	strh	r6, [r4, #24]
10004116:	8726      	strh	r6, [r4, #56]	@ 0x38
10004118:	f8c2 3084 	str.w	r3, [r2, #132]	@ 0x84
1000411c:	f8c2 3080 	str.w	r3, [r2, #128]	@ 0x80
10004120:	6063      	str	r3, [r4, #4]
10004122:	f884 3021 	strb.w	r3, [r4, #33]	@ 0x21
10004126:	f884 303b 	strb.w	r3, [r4, #59]	@ 0x3b
1000412a:	6263      	str	r3, [r4, #36]	@ 0x24
1000412c:	4b0d      	ldr	r3, [pc, #52]	@ (10004164 <dcd_init+0x88>)
1000412e:	60e3      	str	r3, [r4, #12]
10004130:	62e3      	str	r3, [r4, #44]	@ 0x2c
10004132:	f002 f8b1 	bl	10006298 <__reset_non_control_endpoints_veneer>
10004136:	f04f 5000 	mov.w	r0, #536870912	@ 0x20000000
1000413a:	f44f 3280 	mov.w	r2, #65536	@ 0x10000
1000413e:	490a      	ldr	r1, [pc, #40]	@ (10004168 <dcd_init+0x8c>)
10004140:	4b0a      	ldr	r3, [pc, #40]	@ (1000416c <dcd_init+0x90>)
10004142:	642f      	str	r7, [r5, #64]	@ 0x40
10004144:	64e8      	str	r0, [r5, #76]	@ 0x4c
10004146:	f8c5 1090 	str.w	r1, [r5, #144]	@ 0x90
1000414a:	64da      	str	r2, [r3, #76]	@ 0x4c
1000414c:	bdf8      	pop	{r3, r4, r5, r6, r7, pc}
1000414e:	bf00      	nop
10004150:	50110000 	.word	0x50110000
10004154:	20001c4c 	.word	0x20001c4c
10004158:	200003b9 	.word	0x200003b9
1000415c:	50100080 	.word	0x50100080
10004160:	50100084 	.word	0x50100084
10004164:	50100100 	.word	0x50100100
10004168:	0001d010 	.word	0x0001d010
1000416c:	50112000 	.word	0x50112000

10004170 <dcd_int_enable>:
10004170:	2101      	movs	r1, #1
10004172:	200e      	movs	r0, #14
10004174:	f7fc bca6 	b.w	10000ac4 <irq_set_enabled>

10004178 <dcd_set_address>:
10004178:	2200      	movs	r2, #0
1000417a:	4802      	ldr	r0, [pc, #8]	@ (10004184 <dcd_set_address+0xc>)
1000417c:	4611      	mov	r1, r2
1000417e:	f000 b901 	b.w	10004384 <hw_endpoint_xfer_start>
10004182:	bf00      	nop
10004184:	20001c6c 	.word	0x20001c6c

10004188 <dcd_sof_enable>:
10004188:	4b04      	ldr	r3, [pc, #16]	@ (1000419c <dcd_sof_enable+0x14>)
1000418a:	7019      	strb	r1, [r3, #0]
1000418c:	b121      	cbz	r1, 10004198 <dcd_sof_enable+0x10>
1000418e:	f44f 3200 	mov.w	r2, #131072	@ 0x20000
10004192:	4b03      	ldr	r3, [pc, #12]	@ (100041a0 <dcd_sof_enable+0x18>)
10004194:	f8c3 2090 	str.w	r2, [r3, #144]	@ 0x90
10004198:	4770      	bx	lr
1000419a:	bf00      	nop
1000419c:	20006152 	.word	0x20006152
100041a0:	50112000 	.word	0x50112000

100041a4 <dcd_edpt0_status_complete>:
100041a4:	780b      	ldrb	r3, [r1, #0]
100041a6:	065b      	lsls	r3, r3, #25
100041a8:	d102      	bne.n	100041b0 <dcd_edpt0_status_complete+0xc>
100041aa:	784b      	ldrb	r3, [r1, #1]
100041ac:	2b05      	cmp	r3, #5
100041ae:	d000      	beq.n	100041b2 <dcd_edpt0_status_complete+0xe>
100041b0:	4770      	bx	lr
100041b2:	884b      	ldrh	r3, [r1, #2]
100041b4:	4a01      	ldr	r2, [pc, #4]	@ (100041bc <dcd_edpt0_status_complete+0x18>)
100041b6:	b2db      	uxtb	r3, r3
100041b8:	6013      	str	r3, [r2, #0]
100041ba:	4770      	bx	lr
100041bc:	50110000 	.word	0x50110000

100041c0 <dcd_edpt_open>:
100041c0:	f04f 0c00 	mov.w	ip, #0
100041c4:	e92d 41f0 	stmdb	sp!, {r4, r5, r6, r7, r8, lr}
100041c8:	7888      	ldrb	r0, [r1, #2]
100041ca:	78cf      	ldrb	r7, [r1, #3]
100041cc:	888b      	ldrh	r3, [r1, #4]
100041ce:	f000 017f 	and.w	r1, r0, #127	@ 0x7f
100041d2:	4d34      	ldr	r5, [pc, #208]	@ (100042a4 <dcd_edpt_open+0xe4>)
100041d4:	004e      	lsls	r6, r1, #1
100041d6:	eb06 12d0 	add.w	r2, r6, r0, lsr #7
100041da:	eb05 1242 	add.w	r2, r5, r2, lsl #5
100041de:	09c4      	lsrs	r4, r0, #7
100041e0:	7090      	strb	r0, [r2, #2]
100041e2:	f3c7 0001 	ubfx	r0, r7, #0, #2
100041e6:	f3c3 030a 	ubfx	r3, r3, #0, #11
100041ea:	76d0      	strb	r0, [r2, #27]
100041ec:	f084 0001 	eor.w	r0, r4, #1
100041f0:	f882 c003 	strb.w	ip, [r2, #3]
100041f4:	8313      	strh	r3, [r2, #24]
100041f6:	f007 0703 	and.w	r7, r7, #3
100041fa:	7050      	strb	r0, [r2, #1]
100041fc:	bb94      	cbnz	r4, 10004264 <dcd_edpt_open+0xa4>
100041fe:	2204      	movs	r2, #4
10004200:	4829      	ldr	r0, [pc, #164]	@ (100042a8 <dcd_edpt_open+0xe8>)
10004202:	eb02 02c1 	add.w	r2, r2, r1, lsl #3
10004206:	eb05 1e81 	add.w	lr, r5, r1, lsl #6
1000420a:	eb02 0800 	add.w	r8, r2, r0
1000420e:	f8ce 8008 	str.w	r8, [lr, #8]
10004212:	f842 c000 	str.w	ip, [r2, r0]
10004216:	b381      	cbz	r1, 1000427a <dcd_edpt_open+0xba>
10004218:	4a24      	ldr	r2, [pc, #144]	@ (100042ac <dcd_edpt_open+0xec>)
1000421a:	00c9      	lsls	r1, r1, #3
1000421c:	440a      	add	r2, r1
1000421e:	f8ce 2004 	str.w	r2, [lr, #4]
10004222:	4823      	ldr	r0, [pc, #140]	@ (100042b0 <dcd_edpt_open+0xf0>)
10004224:	333f      	adds	r3, #63	@ 0x3f
10004226:	6801      	ldr	r1, [r0, #0]
10004228:	f023 033f 	bic.w	r3, r3, #63	@ 0x3f
1000422c:	2f02      	cmp	r7, #2
1000422e:	4a21      	ldr	r2, [pc, #132]	@ (100042b4 <dcd_edpt_open+0xf4>)
10004230:	bf08      	it	eq
10004232:	005b      	lsleq	r3, r3, #1
10004234:	440b      	add	r3, r1
10004236:	6003      	str	r3, [r0, #0]
10004238:	ea81 0802 	eor.w	r8, r1, r2
1000423c:	4053      	eors	r3, r2
1000423e:	1932      	adds	r2, r6, r4
10004240:	eb05 1242 	add.w	r2, r5, r2, lsl #5
10004244:	f5b3 5f80 	cmp.w	r3, #4096	@ 0x1000
10004248:	60d1      	str	r1, [r2, #12]
1000424a:	d827      	bhi.n	1000429c <dcd_edpt_open+0xdc>
1000424c:	4426      	add	r6, r4
1000424e:	eb05 1546 	add.w	r5, r5, r6, lsl #5
10004252:	686b      	ldr	r3, [r5, #4]
10004254:	ea48 6287 	orr.w	r2, r8, r7, lsl #26
10004258:	f042 4200 	orr.w	r2, r2, #2147483648	@ 0x80000000
1000425c:	2001      	movs	r0, #1
1000425e:	601a      	str	r2, [r3, #0]
10004260:	e8bd 81f0 	ldmia.w	sp!, {r4, r5, r6, r7, r8, pc}
10004264:	4810      	ldr	r0, [pc, #64]	@ (100042a8 <dcd_edpt_open+0xe8>)
10004266:	b20a      	sxth	r2, r1
10004268:	eb00 08c1 	add.w	r8, r0, r1, lsl #3
1000426c:	eb05 1e81 	add.w	lr, r5, r1, lsl #6
10004270:	f8ce 8028 	str.w	r8, [lr, #40]	@ 0x28
10004274:	f840 c032 	str.w	ip, [r0, r2, lsl #3]
10004278:	b941      	cbnz	r1, 1000428c <dcd_edpt_open+0xcc>
1000427a:	2300      	movs	r3, #0
1000427c:	4a0e      	ldr	r2, [pc, #56]	@ (100042b8 <dcd_edpt_open+0xf8>)
1000427e:	eb05 1444 	add.w	r4, r5, r4, lsl #5
10004282:	2001      	movs	r0, #1
10004284:	60e2      	str	r2, [r4, #12]
10004286:	6063      	str	r3, [r4, #4]
10004288:	e8bd 81f0 	ldmia.w	sp!, {r4, r5, r6, r7, r8, pc}
1000428c:	00c9      	lsls	r1, r1, #3
1000428e:	f101 41a0 	add.w	r1, r1, #1342177280	@ 0x50000000
10004292:	f501 1180 	add.w	r1, r1, #1048576	@ 0x100000
10004296:	f8ce 1024 	str.w	r1, [lr, #36]	@ 0x24
1000429a:	e7c2      	b.n	10004222 <dcd_edpt_open+0x62>
1000429c:	f7fd fc18 	bl	10001ad0 <hard_assertion_failure>
100042a0:	e7d4      	b.n	1000424c <dcd_edpt_open+0x8c>
100042a2:	bf00      	nop
100042a4:	20001c4c 	.word	0x20001c4c
100042a8:	50100080 	.word	0x50100080
100042ac:	50100004 	.word	0x50100004
100042b0:	20002054 	.word	0x20002054
100042b4:	50100000 	.word	0x50100000
100042b8:	50100100 	.word	0x50100100

100042bc <dcd_edpt_close_all>:
100042bc:	f001 bfec 	b.w	10006298 <__reset_non_control_endpoints_veneer>

100042c0 <dcd_edpt_xfer>:
100042c0:	468c      	mov	ip, r1
100042c2:	b508      	push	{r3, lr}
100042c4:	4611      	mov	r1, r2
100042c6:	4807      	ldr	r0, [pc, #28]	@ (100042e4 <dcd_edpt_xfer+0x24>)
100042c8:	461a      	mov	r2, r3
100042ca:	f00c 037f 	and.w	r3, ip, #127	@ 0x7f
100042ce:	ea4f 1cdc 	mov.w	ip, ip, lsr #7
100042d2:	eb0c 0c43 	add.w	ip, ip, r3, lsl #1
100042d6:	eb00 104c 	add.w	r0, r0, ip, lsl #5
100042da:	f000 f853 	bl	10004384 <hw_endpoint_xfer_start>
100042de:	2001      	movs	r0, #1
100042e0:	bd08      	pop	{r3, pc}
100042e2:	bf00      	nop
100042e4:	20001c4c 	.word	0x20001c4c

100042e8 <dcd_edpt_stall>:
100042e8:	f011 027f 	ands.w	r2, r1, #127	@ 0x7f
100042ec:	d00a      	beq.n	10004304 <dcd_edpt_stall+0x1c>
100042ee:	09c9      	lsrs	r1, r1, #7
100042f0:	4b07      	ldr	r3, [pc, #28]	@ (10004310 <dcd_edpt_stall+0x28>)
100042f2:	eb01 0042 	add.w	r0, r1, r2, lsl #1
100042f6:	eb03 1040 	add.w	r0, r3, r0, lsl #5
100042fa:	f44f 6200 	mov.w	r2, #2048	@ 0x800
100042fe:	2100      	movs	r1, #0
10004300:	f001 bfda 	b.w	100062b8 <___hw_endpoint_buffer_control_update32_veneer>
10004304:	4b03      	ldr	r3, [pc, #12]	@ (10004314 <dcd_edpt_stall+0x2c>)
10004306:	09c9      	lsrs	r1, r1, #7
10004308:	f1c1 0002 	rsb	r0, r1, #2
1000430c:	6698      	str	r0, [r3, #104]	@ 0x68
1000430e:	e7ef      	b.n	100042f0 <dcd_edpt_stall+0x8>
10004310:	20001c4c 	.word	0x20001c4c
10004314:	50112000 	.word	0x50112000

10004318 <dcd_edpt_clear_stall>:
10004318:	f011 037f 	ands.w	r3, r1, #127	@ 0x7f
1000431c:	d100      	bne.n	10004320 <dcd_edpt_clear_stall+0x8>
1000431e:	4770      	bx	lr
10004320:	2200      	movs	r2, #0
10004322:	b410      	push	{r4}
10004324:	09c8      	lsrs	r0, r1, #7
10004326:	4c06      	ldr	r4, [pc, #24]	@ (10004340 <dcd_edpt_clear_stall+0x28>)
10004328:	eb00 0043 	add.w	r0, r0, r3, lsl #1
1000432c:	eb04 1340 	add.w	r3, r4, r0, lsl #5
10004330:	f46f 6100 	mvn.w	r1, #2048	@ 0x800
10004334:	4618      	mov	r0, r3
10004336:	f85d 4b04 	ldr.w	r4, [sp], #4
1000433a:	70da      	strb	r2, [r3, #3]
1000433c:	f001 bfbc 	b.w	100062b8 <___hw_endpoint_buffer_control_update32_veneer>
10004340:	20001c4c 	.word	0x20001c4c

10004344 <rp2040_usb_init>:
10004344:	f04f 5280 	mov.w	r2, #268435456	@ 0x10000000
10004348:	4809      	ldr	r0, [pc, #36]	@ (10004370 <rp2040_usb_init+0x2c>)
1000434a:	490a      	ldr	r1, [pc, #40]	@ (10004374 <rp2040_usb_init+0x30>)
1000434c:	b508      	push	{r3, lr}
1000434e:	4b0a      	ldr	r3, [pc, #40]	@ (10004378 <rp2040_usb_init+0x34>)
10004350:	6002      	str	r2, [r0, #0]
10004352:	600a      	str	r2, [r1, #0]
10004354:	6899      	ldr	r1, [r3, #8]
10004356:	43c9      	mvns	r1, r1
10004358:	f011 5180 	ands.w	r1, r1, #268435456	@ 0x10000000
1000435c:	d1fa      	bne.n	10004354 <rp2040_usb_init+0x10>
1000435e:	f44f 5280 	mov.w	r2, #4096	@ 0x1000
10004362:	4806      	ldr	r0, [pc, #24]	@ (1000437c <rp2040_usb_init+0x38>)
10004364:	f001 ff0a 	bl	1000617c <memset>
10004368:	2209      	movs	r2, #9
1000436a:	4b05      	ldr	r3, [pc, #20]	@ (10004380 <rp2040_usb_init+0x3c>)
1000436c:	675a      	str	r2, [r3, #116]	@ 0x74
1000436e:	bd08      	pop	{r3, pc}
10004370:	40022000 	.word	0x40022000
10004374:	40023000 	.word	0x40023000
10004378:	40020000 	.word	0x40020000
1000437c:	50100000 	.word	0x50100000
10004380:	50110000 	.word	0x50110000

10004384 <hw_endpoint_xfer_start>:
10004384:	2300      	movs	r3, #0
10004386:	f04f 0c01 	mov.w	ip, #1
1000438a:	b510      	push	{r4, lr}
1000438c:	f880 c01a 	strb.w	ip, [r0, #26]
10004390:	8282      	strh	r2, [r0, #20]
10004392:	82c3      	strh	r3, [r0, #22]
10004394:	6101      	str	r1, [r0, #16]
10004396:	4604      	mov	r4, r0
10004398:	f001 ff96 	bl	100062c8 <__e15_is_bulkin_ep_veneer>
1000439c:	b120      	cbz	r0, 100043a8 <hw_endpoint_xfer_start+0x24>
1000439e:	f44f 3200 	mov.w	r2, #131072	@ 0x20000
100043a2:	4b07      	ldr	r3, [pc, #28]	@ (100043c0 <hw_endpoint_xfer_start+0x3c>)
100043a4:	f8c3 2090 	str.w	r2, [r3, #144]	@ 0x90
100043a8:	4620      	mov	r0, r4
100043aa:	f001 ff81 	bl	100062b0 <__e15_is_critical_frame_period_veneer>
100043ae:	b110      	cbz	r0, 100043b6 <hw_endpoint_xfer_start+0x32>
100043b0:	2301      	movs	r3, #1
100043b2:	7723      	strb	r3, [r4, #28]
100043b4:	bd10      	pop	{r4, pc}
100043b6:	4620      	mov	r0, r4
100043b8:	e8bd 4010 	ldmia.w	sp!, {r4, lr}
100043bc:	f001 bf68 	b.w	10006290 <__hw_endpoint_start_next_buffer_veneer>
100043c0:	50112000 	.word	0x50112000

100043c4 <configuration_reset>:
100043c4:	e92d 41f0 	stmdb	sp!, {r4, r5, r6, r7, r8, lr}
100043c8:	2400      	movs	r4, #0
100043ca:	4e1d      	ldr	r6, [pc, #116]	@ (10004440 <configuration_reset+0x7c>)
100043cc:	4605      	mov	r5, r0
100043ce:	4623      	mov	r3, r4
100043d0:	7832      	ldrb	r2, [r6, #0]
100043d2:	f8df 8078 	ldr.w	r8, [pc, #120]	@ 1000444c <configuration_reset+0x88>
100043d6:	4f1b      	ldr	r7, [pc, #108]	@ (10004444 <configuration_reset+0x80>)
100043d8:	e00d      	b.n	100043f6 <configuration_reset+0x32>
100043da:	683b      	ldr	r3, [r7, #0]
100043dc:	eb13 1344 	adds.w	r3, r3, r4, lsl #5
100043e0:	d025      	beq.n	1000442e <configuration_reset+0x6a>
100043e2:	68db      	ldr	r3, [r3, #12]
100043e4:	4628      	mov	r0, r5
100043e6:	4798      	blx	r3
100043e8:	7832      	ldrb	r2, [r6, #0]
100043ea:	3401      	adds	r4, #1
100043ec:	b2e4      	uxtb	r4, r4
100043ee:	1c51      	adds	r1, r2, #1
100043f0:	42a1      	cmp	r1, r4
100043f2:	4623      	mov	r3, r4
100043f4:	db06      	blt.n	10004404 <configuration_reset+0x40>
100043f6:	42a2      	cmp	r2, r4
100043f8:	eba3 0302 	sub.w	r3, r3, r2
100043fc:	d8ed      	bhi.n	100043da <configuration_reset+0x16>
100043fe:	eb08 1343 	add.w	r3, r8, r3, lsl #5
10004402:	e7ee      	b.n	100043e2 <configuration_reset+0x1e>
10004404:	4c10      	ldr	r4, [pc, #64]	@ (10004448 <configuration_reset+0x84>)
10004406:	2254      	movs	r2, #84	@ 0x54
10004408:	2100      	movs	r1, #0
1000440a:	4620      	mov	r0, r4
1000440c:	f001 feb6 	bl	1000617c <memset>
10004410:	f04f 33ff 	mov.w	r3, #4294967295	@ 0xffffffff
10004414:	1d25      	adds	r5, r4, #4
10004416:	6063      	str	r3, [r4, #4]
10004418:	e9c5 3301 	strd	r3, r3, [r5, #4]
1000441c:	60eb      	str	r3, [r5, #12]
1000441e:	f104 0014 	add.w	r0, r4, #20
10004422:	2220      	movs	r2, #32
10004424:	e8bd 41f0 	ldmia.w	sp!, {r4, r5, r6, r7, r8, lr}
10004428:	21ff      	movs	r1, #255	@ 0xff
1000442a:	f001 bea7 	b.w	1000617c <memset>
1000442e:	f04f 23e0 	mov.w	r3, #3758153728	@ 0xe000e000
10004432:	f8d3 3df0 	ldr.w	r3, [r3, #3568]	@ 0xdf0
10004436:	07db      	lsls	r3, r3, #31
10004438:	d500      	bpl.n	1000443c <configuration_reset+0x78>
1000443a:	be00      	bkpt	0x0000
1000443c:	e8bd 81f0 	ldmia.w	sp!, {r4, r5, r6, r7, r8, pc}
10004440:	20006151 	.word	0x20006151
10004444:	20001774 	.word	0x20001774
10004448:	200017f8 	.word	0x200017f8
1000444c:	10006788 	.word	0x10006788

10004450 <tud_event_hook_cb>:
10004450:	4770      	bx	lr
10004452:	bf00      	nop

10004454 <tud_sof_cb>:
10004454:	4770      	bx	lr
10004456:	bf00      	nop

10004458 <tud_descriptor_device_qualifier_cb>:
10004458:	2000      	movs	r0, #0
1000445a:	4770      	bx	lr

1000445c <tud_descriptor_other_speed_configuration_cb>:
1000445c:	2000      	movs	r0, #0
1000445e:	4770      	bx	lr

10004460 <tud_mount_cb>:
10004460:	4770      	bx	lr
10004462:	bf00      	nop

10004464 <tud_umount_cb>:
10004464:	4770      	bx	lr
10004466:	bf00      	nop

10004468 <tud_suspend_cb>:
10004468:	4770      	bx	lr
1000446a:	bf00      	nop

1000446c <tud_resume_cb>:
1000446c:	4770      	bx	lr
1000446e:	bf00      	nop

10004470 <tud_mounted>:
10004470:	4b02      	ldr	r3, [pc, #8]	@ (1000447c <tud_mounted+0xc>)
10004472:	7858      	ldrb	r0, [r3, #1]
10004474:	3800      	subs	r0, #0
10004476:	bf18      	it	ne
10004478:	2001      	movne	r0, #1
1000447a:	4770      	bx	lr
1000447c:	200017f8 	.word	0x200017f8

10004480 <tud_suspended>:
10004480:	4b02      	ldr	r3, [pc, #8]	@ (1000448c <tud_suspended+0xc>)
10004482:	7818      	ldrb	r0, [r3, #0]
10004484:	f3c0 0080 	ubfx	r0, r0, #2, #1
10004488:	4770      	bx	lr
1000448a:	bf00      	nop
1000448c:	200017f8 	.word	0x200017f8

10004490 <tud_init>:
10004490:	e92d 43f8 	stmdb	sp!, {r3, r4, r5, r6, r7, r8, r9, lr}
10004494:	4f2c      	ldr	r7, [pc, #176]	@ (10004548 <tud_init+0xb8>)
10004496:	783b      	ldrb	r3, [r7, #0]
10004498:	2bff      	cmp	r3, #255	@ 0xff
1000449a:	d002      	beq.n	100044a2 <tud_init+0x12>
1000449c:	2001      	movs	r0, #1
1000449e:	e8bd 83f8 	ldmia.w	sp!, {r3, r4, r5, r6, r7, r8, r9, pc}
100044a2:	2100      	movs	r1, #0
100044a4:	2254      	movs	r2, #84	@ 0x54
100044a6:	4606      	mov	r6, r0
100044a8:	4828      	ldr	r0, [pc, #160]	@ (1000454c <tud_init+0xbc>)
100044aa:	f001 fe67 	bl	1000617c <memset>
100044ae:	2200      	movs	r2, #0
100044b0:	4d27      	ldr	r5, [pc, #156]	@ (10004550 <tud_init+0xc0>)
100044b2:	4b28      	ldr	r3, [pc, #160]	@ (10004554 <tud_init+0xc4>)
100044b4:	4628      	mov	r0, r5
100044b6:	4c28      	ldr	r4, [pc, #160]	@ (10004558 <tud_init+0xc8>)
100044b8:	701a      	strb	r2, [r3, #0]
100044ba:	f7fc fd1b 	bl	10000ef4 <mutex_init>
100044be:	4b27      	ldr	r3, [pc, #156]	@ (1000455c <tud_init+0xcc>)
100044c0:	f104 0014 	add.w	r0, r4, #20
100044c4:	601d      	str	r5, [r3, #0]
100044c6:	f7fc fd23 	bl	10000f10 <critical_section_init>
100044ca:	4620      	mov	r0, r4
100044cc:	f001 fda6 	bl	1000601c <tu_fifo_clear>
100044d0:	4a23      	ldr	r2, [pc, #140]	@ (10004560 <tud_init+0xd0>)
100044d2:	4b24      	ldr	r3, [pc, #144]	@ (10004564 <tud_init+0xd4>)
100044d4:	4d24      	ldr	r5, [pc, #144]	@ (10004568 <tud_init+0xd8>)
100044d6:	6014      	str	r4, [r2, #0]
100044d8:	b363      	cbz	r3, 10004534 <tud_init+0xa4>
100044da:	4628      	mov	r0, r5
100044dc:	f7ff fac0 	bl	10003a60 <usbd_app_driver_get_cb>
100044e0:	4b22      	ldr	r3, [pc, #136]	@ (1000456c <tud_init+0xdc>)
100044e2:	782a      	ldrb	r2, [r5, #0]
100044e4:	6018      	str	r0, [r3, #0]
100044e6:	2400      	movs	r4, #0
100044e8:	f8df 9084 	ldr.w	r9, [pc, #132]	@ 10004570 <tud_init+0xe0>
100044ec:	4623      	mov	r3, r4
100044ee:	f8df 807c 	ldr.w	r8, [pc, #124]	@ 1000456c <tud_init+0xdc>
100044f2:	e00e      	b.n	10004512 <tud_init+0x82>
100044f4:	f8d8 3000 	ldr.w	r3, [r8]
100044f8:	eb13 1344 	adds.w	r3, r3, r4, lsl #5
100044fc:	d011      	beq.n	10004522 <tud_init+0x92>
100044fe:	685b      	ldr	r3, [r3, #4]
10004500:	b17b      	cbz	r3, 10004522 <tud_init+0x92>
10004502:	4798      	blx	r3
10004504:	782a      	ldrb	r2, [r5, #0]
10004506:	3401      	adds	r4, #1
10004508:	b2e4      	uxtb	r4, r4
1000450a:	1c51      	adds	r1, r2, #1
1000450c:	42a1      	cmp	r1, r4
1000450e:	4623      	mov	r3, r4
10004510:	db12      	blt.n	10004538 <tud_init+0xa8>
10004512:	42a2      	cmp	r2, r4
10004514:	d8ee      	bhi.n	100044f4 <tud_init+0x64>
10004516:	1a9b      	subs	r3, r3, r2
10004518:	eb09 1343 	add.w	r3, r9, r3, lsl #5
1000451c:	685b      	ldr	r3, [r3, #4]
1000451e:	2b00      	cmp	r3, #0
10004520:	d1ef      	bne.n	10004502 <tud_init+0x72>
10004522:	f04f 23e0 	mov.w	r3, #3758153728	@ 0xe000e000
10004526:	f8d3 3df0 	ldr.w	r3, [r3, #3568]	@ 0xdf0
1000452a:	07db      	lsls	r3, r3, #31
1000452c:	d500      	bpl.n	10004530 <tud_init+0xa0>
1000452e:	be00      	bkpt	0x0000
10004530:	2000      	movs	r0, #0
10004532:	e7b4      	b.n	1000449e <tud_init+0xe>
10004534:	782a      	ldrb	r2, [r5, #0]
10004536:	e7d6      	b.n	100044e6 <tud_init+0x56>
10004538:	4630      	mov	r0, r6
1000453a:	703e      	strb	r6, [r7, #0]
1000453c:	f7ff fdce 	bl	100040dc <dcd_init>
10004540:	4630      	mov	r0, r6
10004542:	f7ff fe15 	bl	10004170 <dcd_int_enable>
10004546:	e7a9      	b.n	1000449c <tud_init+0xc>
10004548:	200011f8 	.word	0x200011f8
1000454c:	200017f8 	.word	0x200017f8
10004550:	200017b0 	.word	0x200017b0
10004554:	20006153 	.word	0x20006153
10004558:	200011dc 	.word	0x200011dc
1000455c:	2000184c 	.word	0x2000184c
10004560:	20001850 	.word	0x20001850
10004564:	10003a61 	.word	0x10003a61
10004568:	20006151 	.word	0x20006151
1000456c:	20001774 	.word	0x20001774
10004570:	10006788 	.word	0x10006788

10004574 <tud_task_ext>:
10004574:	e92d 4ff0 	stmdb	sp!, {r4, r5, r6, r7, r8, r9, sl, fp, lr}
10004578:	f8df 92d4 	ldr.w	r9, [pc, #724]	@ 10004850 <tud_task_ext+0x2dc>
1000457c:	b08b      	sub	sp, #44	@ 0x2c
1000457e:	f899 3000 	ldrb.w	r3, [r9]
10004582:	2bff      	cmp	r3, #255	@ 0xff
10004584:	f000 80ed 	beq.w	10004762 <tud_task_ext+0x1ee>
10004588:	4cab      	ldr	r4, [pc, #684]	@ (10004838 <tud_task_ext+0x2c4>)
1000458a:	4dac      	ldr	r5, [pc, #688]	@ (1000483c <tud_task_ext+0x2c8>)
1000458c:	f8df a2bc 	ldr.w	sl, [pc, #700]	@ 1000484c <tud_task_ext+0x2d8>
10004590:	f8df b2c0 	ldr.w	fp, [pc, #704]	@ 10004854 <tud_task_ext+0x2e0>
10004594:	6826      	ldr	r6, [r4, #0]
10004596:	6973      	ldr	r3, [r6, #20]
10004598:	f3ef 8210 	mrs	r2, PRIMASK
1000459c:	b672      	cpsid	i
1000459e:	e8d3 0fcf 	ldaexb	r0, [r3]
100045a2:	2101      	movs	r1, #1
100045a4:	2800      	cmp	r0, #0
100045a6:	d1fa      	bne.n	1000459e <tud_task_ext+0x2a>
100045a8:	e8c3 1f40 	strexb	r0, r1, [r3]
100045ac:	2800      	cmp	r0, #0
100045ae:	d1f6      	bne.n	1000459e <tud_task_ext+0x2a>
100045b0:	f3bf 8f5f 	dmb	sy
100045b4:	61b2      	str	r2, [r6, #24]
100045b6:	4630      	mov	r0, r6
100045b8:	a907      	add	r1, sp, #28
100045ba:	f001 fb6d 	bl	10005c98 <tu_fifo_read>
100045be:	2300      	movs	r3, #0
100045c0:	6972      	ldr	r2, [r6, #20]
100045c2:	e8c2 3f8f 	stlb	r3, [r2]
100045c6:	69b3      	ldr	r3, [r6, #24]
100045c8:	f383 8810 	msr	PRIMASK, r3
100045cc:	2800      	cmp	r0, #0
100045ce:	f000 80c8 	beq.w	10004762 <tud_task_ext+0x1ee>
100045d2:	f89d 301d 	ldrb.w	r3, [sp, #29]
100045d6:	3b01      	subs	r3, #1
100045d8:	2b07      	cmp	r3, #7
100045da:	f200 8391 	bhi.w	10004d00 <tud_task_ext+0x78c>
100045de:	e8df f003 	tbb	[pc, r3]
100045e2:	ada3      	.short	0xada3
100045e4:	358a9991 	.word	0x358a9991
100045e8:	040a      	.short	0x040a
100045ea:	9b08      	ldr	r3, [sp, #32]
100045ec:	2b00      	cmp	r3, #0
100045ee:	d0d1      	beq.n	10004594 <tud_task_ext+0x20>
100045f0:	9809      	ldr	r0, [sp, #36]	@ 0x24
100045f2:	4798      	blx	r3
100045f4:	e7ce      	b.n	10004594 <tud_task_ext+0x20>
100045f6:	f89d 1020 	ldrb.w	r1, [sp, #32]
100045fa:	f001 067f 	and.w	r6, r1, #127	@ 0x7f
100045fe:	eb05 0046 	add.w	r0, r5, r6, lsl #1
10004602:	eb00 10d1 	add.w	r0, r0, r1, lsr #7
10004606:	f890 2034 	ldrb.w	r2, [r0, #52]	@ 0x34
1000460a:	f36f 0200 	bfc	r2, #0, #1
1000460e:	f880 2034 	strb.w	r2, [r0, #52]	@ 0x34
10004612:	f890 2034 	ldrb.w	r2, [r0, #52]	@ 0x34
10004616:	f36f 0282 	bfc	r2, #2, #1
1000461a:	f880 2034 	strb.w	r2, [r0, #52]	@ 0x34
1000461e:	2e00      	cmp	r6, #0
10004620:	f000 80a2 	beq.w	10004768 <tud_task_ext+0x1f4>
10004624:	7d03      	ldrb	r3, [r0, #20]
10004626:	f89a 2000 	ldrb.w	r2, [sl]
1000462a:	4293      	cmp	r3, r2
1000462c:	f080 808f 	bcs.w	1000474e <tud_task_ext+0x1da>
10004630:	4a83      	ldr	r2, [pc, #524]	@ (10004840 <tud_task_ext+0x2cc>)
10004632:	6812      	ldr	r2, [r2, #0]
10004634:	eb12 1343 	adds.w	r3, r2, r3, lsl #5
10004638:	f000 808c 	beq.w	10004754 <tud_task_ext+0x1e0>
1000463c:	699e      	ldr	r6, [r3, #24]
1000463e:	f89d 2021 	ldrb.w	r2, [sp, #33]	@ 0x21
10004642:	9b09      	ldr	r3, [sp, #36]	@ 0x24
10004644:	f89d 001c 	ldrb.w	r0, [sp, #28]
10004648:	47b0      	blx	r6
1000464a:	e7a3      	b.n	10004594 <tud_task_ext+0x20>
1000464c:	f89b 3000 	ldrb.w	r3, [fp]
10004650:	2b00      	cmp	r3, #0
10004652:	d07f      	beq.n	10004754 <tud_task_ext+0x1e0>
10004654:	f89b 3000 	ldrb.w	r3, [fp]
10004658:	3b01      	subs	r3, #1
1000465a:	b2db      	uxtb	r3, r3
1000465c:	f88b 3000 	strb.w	r3, [fp]
10004660:	f89b 3000 	ldrb.w	r3, [fp]
10004664:	f003 00ff 	and.w	r0, r3, #255	@ 0xff
10004668:	2b00      	cmp	r3, #0
1000466a:	d193      	bne.n	10004594 <tud_task_ext+0x20>
1000466c:	4f73      	ldr	r7, [pc, #460]	@ (1000483c <tud_task_ext+0x2c8>)
1000466e:	f89d 801c 	ldrb.w	r8, [sp, #28]
10004672:	783b      	ldrb	r3, [r7, #0]
10004674:	f043 0301 	orr.w	r3, r3, #1
10004678:	703b      	strb	r3, [r7, #0]
1000467a:	f897 3034 	ldrb.w	r3, [r7, #52]	@ 0x34
1000467e:	f360 0300 	bfi	r3, r0, #0, #1
10004682:	f887 3034 	strb.w	r3, [r7, #52]	@ 0x34
10004686:	f897 3034 	ldrb.w	r3, [r7, #52]	@ 0x34
1000468a:	f360 0382 	bfi	r3, r0, #2, #1
1000468e:	f887 3034 	strb.w	r3, [r7, #52]	@ 0x34
10004692:	f897 3035 	ldrb.w	r3, [r7, #53]	@ 0x35
10004696:	f360 0300 	bfi	r3, r0, #0, #1
1000469a:	f887 3035 	strb.w	r3, [r7, #53]	@ 0x35
1000469e:	f897 3035 	ldrb.w	r3, [r7, #53]	@ 0x35
100046a2:	f360 0382 	bfi	r3, r0, #2, #1
100046a6:	f887 3035 	strb.w	r3, [r7, #53]	@ 0x35
100046aa:	f000 fc7f 	bl	10004fac <usbd_control_set_complete_callback>
100046ae:	f89d 3020 	ldrb.w	r3, [sp, #32]
100046b2:	f003 0260 	and.w	r2, r3, #96	@ 0x60
100046b6:	2a60      	cmp	r2, #96	@ 0x60
100046b8:	d00b      	beq.n	100046d2 <tud_task_ext+0x15e>
100046ba:	2a40      	cmp	r2, #64	@ 0x40
100046bc:	d061      	beq.n	10004782 <tud_task_ext+0x20e>
100046be:	f003 031f 	and.w	r3, r3, #31
100046c2:	2b01      	cmp	r3, #1
100046c4:	f000 80c8 	beq.w	10004858 <tud_task_ext+0x2e4>
100046c8:	2b02      	cmp	r3, #2
100046ca:	f000 8087 	beq.w	100047dc <tud_task_ext+0x268>
100046ce:	2b00      	cmp	r3, #0
100046d0:	d063      	beq.n	1000479a <tud_task_ext+0x226>
100046d2:	f04f 23e0 	mov.w	r3, #3758153728	@ 0xe000e000
100046d6:	f8d3 3df0 	ldr.w	r3, [r3, #3568]	@ 0xdf0
100046da:	07de      	lsls	r6, r3, #31
100046dc:	d500      	bpl.n	100046e0 <tud_task_ext+0x16c>
100046de:	be00      	bkpt	0x0000
100046e0:	f89d 001c 	ldrb.w	r0, [sp, #28]
100046e4:	2100      	movs	r1, #0
100046e6:	f7ff fdff 	bl	100042e8 <dcd_edpt_stall>
100046ea:	2180      	movs	r1, #128	@ 0x80
100046ec:	f89d 001c 	ldrb.w	r0, [sp, #28]
100046f0:	f7ff fdfa 	bl	100042e8 <dcd_edpt_stall>
100046f4:	e74e      	b.n	10004594 <tud_task_ext+0x20>
100046f6:	782b      	ldrb	r3, [r5, #0]
100046f8:	07d9      	lsls	r1, r3, #31
100046fa:	f57f af4b 	bpl.w	10004594 <tud_task_ext+0x20>
100046fe:	f7ff feb5 	bl	1000446c <tud_resume_cb>
10004702:	e747      	b.n	10004594 <tud_task_ext+0x20>
10004704:	78eb      	ldrb	r3, [r5, #3]
10004706:	07da      	lsls	r2, r3, #31
10004708:	f57f af44 	bpl.w	10004594 <tud_task_ext+0x20>
1000470c:	9808      	ldr	r0, [sp, #32]
1000470e:	f7ff fea1 	bl	10004454 <tud_sof_cb>
10004712:	e73f      	b.n	10004594 <tud_task_ext+0x20>
10004714:	782b      	ldrb	r3, [r5, #0]
10004716:	07d8      	lsls	r0, r3, #31
10004718:	f57f af3c 	bpl.w	10004594 <tud_task_ext+0x20>
1000471c:	7828      	ldrb	r0, [r5, #0]
1000471e:	f3c0 00c0 	ubfx	r0, r0, #3, #1
10004722:	f7ff fea1 	bl	10004468 <tud_suspend_cb>
10004726:	e735      	b.n	10004594 <tud_task_ext+0x20>
10004728:	f89d 001c 	ldrb.w	r0, [sp, #28]
1000472c:	f7ff fe4a 	bl	100043c4 <configuration_reset>
10004730:	f000 fc32 	bl	10004f98 <usbd_control_reset>
10004734:	f89d 3020 	ldrb.w	r3, [sp, #32]
10004738:	70ab      	strb	r3, [r5, #2]
1000473a:	e72b      	b.n	10004594 <tud_task_ext+0x20>
1000473c:	f89d 001c 	ldrb.w	r0, [sp, #28]
10004740:	f7ff fe40 	bl	100043c4 <configuration_reset>
10004744:	f000 fc28 	bl	10004f98 <usbd_control_reset>
10004748:	f7ff fe8c 	bl	10004464 <tud_umount_cb>
1000474c:	e722      	b.n	10004594 <tud_task_ext+0x20>
1000474e:	1c50      	adds	r0, r2, #1
10004750:	4298      	cmp	r0, r3
10004752:	da11      	bge.n	10004778 <tud_task_ext+0x204>
10004754:	f04f 23e0 	mov.w	r3, #3758153728	@ 0xe000e000
10004758:	f8d3 3df0 	ldr.w	r3, [r3, #3568]	@ 0xdf0
1000475c:	07dc      	lsls	r4, r3, #31
1000475e:	d500      	bpl.n	10004762 <tud_task_ext+0x1ee>
10004760:	be00      	bkpt	0x0000
10004762:	b00b      	add	sp, #44	@ 0x2c
10004764:	e8bd 8ff0 	ldmia.w	sp!, {r4, r5, r6, r7, r8, r9, sl, fp, pc}
10004768:	9b09      	ldr	r3, [sp, #36]	@ 0x24
1000476a:	f89d 2021 	ldrb.w	r2, [sp, #33]	@ 0x21
1000476e:	f89d 001c 	ldrb.w	r0, [sp, #28]
10004772:	f000 fc2f 	bl	10004fd4 <usbd_control_xfer_cb>
10004776:	e70d      	b.n	10004594 <tud_task_ext+0x20>
10004778:	1a9b      	subs	r3, r3, r2
1000477a:	4a32      	ldr	r2, [pc, #200]	@ (10004844 <tud_task_ext+0x2d0>)
1000477c:	eb02 1343 	add.w	r3, r2, r3, lsl #5
10004780:	e75c      	b.n	1000463c <tud_task_ext+0xc8>
10004782:	4831      	ldr	r0, [pc, #196]	@ (10004848 <tud_task_ext+0x2d4>)
10004784:	f000 fc12 	bl	10004fac <usbd_control_set_complete_callback>
10004788:	4640      	mov	r0, r8
1000478a:	2101      	movs	r1, #1
1000478c:	aa08      	add	r2, sp, #32
1000478e:	f7ff f953 	bl	10003a38 <tud_vendor_control_xfer_cb>
10004792:	2800      	cmp	r0, #0
10004794:	f47f aefe 	bne.w	10004594 <tud_task_ext+0x20>
10004798:	e7a2      	b.n	100046e0 <tud_task_ext+0x16c>
1000479a:	2a20      	cmp	r2, #32
1000479c:	f000 8192 	beq.w	10004ac4 <tud_task_ext+0x550>
100047a0:	2a00      	cmp	r2, #0
100047a2:	d196      	bne.n	100046d2 <tud_task_ext+0x15e>
100047a4:	f89d 3021 	ldrb.w	r3, [sp, #33]	@ 0x21
100047a8:	2b09      	cmp	r3, #9
100047aa:	d892      	bhi.n	100046d2 <tud_task_ext+0x15e>
100047ac:	a201      	add	r2, pc, #4	@ (adr r2, 100047b4 <tud_task_ext+0x240>)
100047ae:	f852 f023 	ldr.w	pc, [r2, r3, lsl #2]
100047b2:	bf00      	nop
100047b4:	10004a63 	.word	0x10004a63
100047b8:	10004a47 	.word	0x10004a47
100047bc:	100046d3 	.word	0x100046d3
100047c0:	10004a85 	.word	0x10004a85
100047c4:	100046d3 	.word	0x100046d3
100047c8:	10004a2d 	.word	0x10004a2d
100047cc:	100049d7 	.word	0x100049d7
100047d0:	100046d3 	.word	0x100046d3
100047d4:	100049c1 	.word	0x100049c1
100047d8:	100048e7 	.word	0x100048e7
100047dc:	f89d 1024 	ldrb.w	r1, [sp, #36]	@ 0x24
100047e0:	f011 0f70 	tst.w	r1, #112	@ 0x70
100047e4:	f47f af75 	bne.w	100046d2 <tud_task_ext+0x15e>
100047e8:	f001 067f 	and.w	r6, r1, #127	@ 0x7f
100047ec:	eb07 0046 	add.w	r0, r7, r6, lsl #1
100047f0:	4b16      	ldr	r3, [pc, #88]	@ (1000484c <tud_task_ext+0x2d8>)
100047f2:	eb00 10d1 	add.w	r0, r0, r1, lsr #7
100047f6:	781b      	ldrb	r3, [r3, #0]
100047f8:	7d00      	ldrb	r0, [r0, #20]
100047fa:	0076      	lsls	r6, r6, #1
100047fc:	9601      	str	r6, [sp, #4]
100047fe:	4298      	cmp	r0, r3
10004800:	ea4f 16d1 	mov.w	r6, r1, lsr #7
10004804:	9600      	str	r6, [sp, #0]
10004806:	d35d      	bcc.n	100048c4 <tud_task_ext+0x350>
10004808:	1c5e      	adds	r6, r3, #1
1000480a:	4286      	cmp	r6, r0
1000480c:	f2c0 816c 	blt.w	10004ae8 <tud_task_ext+0x574>
10004810:	1ac0      	subs	r0, r0, r3
10004812:	4b0c      	ldr	r3, [pc, #48]	@ (10004844 <tud_task_ext+0x2d0>)
10004814:	eb03 1640 	add.w	r6, r3, r0, lsl #5
10004818:	2a00      	cmp	r2, #0
1000481a:	f000 8169 	beq.w	10004af0 <tud_task_ext+0x57c>
1000481e:	6970      	ldr	r0, [r6, #20]
10004820:	f000 fbc4 	bl	10004fac <usbd_control_set_complete_callback>
10004824:	4640      	mov	r0, r8
10004826:	2101      	movs	r1, #1
10004828:	6973      	ldr	r3, [r6, #20]
1000482a:	aa08      	add	r2, sp, #32
1000482c:	4798      	blx	r3
1000482e:	2800      	cmp	r0, #0
10004830:	f47f aeb0 	bne.w	10004594 <tud_task_ext+0x20>
10004834:	e754      	b.n	100046e0 <tud_task_ext+0x16c>
10004836:	bf00      	nop
10004838:	20001850 	.word	0x20001850
1000483c:	200017f8 	.word	0x200017f8
10004840:	20001774 	.word	0x20001774
10004844:	10006788 	.word	0x10006788
10004848:	10003a39 	.word	0x10003a39
1000484c:	20006151 	.word	0x20006151
10004850:	200011f8 	.word	0x200011f8
10004854:	20006153 	.word	0x20006153
10004858:	f89d 3024 	ldrb.w	r3, [sp, #36]	@ 0x24
1000485c:	2b0f      	cmp	r3, #15
1000485e:	f63f af3f 	bhi.w	100046e0 <tud_task_ext+0x16c>
10004862:	4ab1      	ldr	r2, [pc, #708]	@ (10004b28 <tud_task_ext+0x5b4>)
10004864:	443b      	add	r3, r7
10004866:	791b      	ldrb	r3, [r3, #4]
10004868:	7812      	ldrb	r2, [r2, #0]
1000486a:	4293      	cmp	r3, r2
1000486c:	d335      	bcc.n	100048da <tud_task_ext+0x366>
1000486e:	1c51      	adds	r1, r2, #1
10004870:	4299      	cmp	r1, r3
10004872:	f6ff af35 	blt.w	100046e0 <tud_task_ext+0x16c>
10004876:	4ead      	ldr	r6, [pc, #692]	@ (10004b2c <tud_task_ext+0x5b8>)
10004878:	1a9b      	subs	r3, r3, r2
1000487a:	eb06 1643 	add.w	r6, r6, r3, lsl #5
1000487e:	6970      	ldr	r0, [r6, #20]
10004880:	f000 fb94 	bl	10004fac <usbd_control_set_complete_callback>
10004884:	2101      	movs	r1, #1
10004886:	4640      	mov	r0, r8
10004888:	6973      	ldr	r3, [r6, #20]
1000488a:	aa08      	add	r2, sp, #32
1000488c:	4798      	blx	r3
1000488e:	2800      	cmp	r0, #0
10004890:	f47f ae80 	bne.w	10004594 <tud_task_ext+0x20>
10004894:	f89d 3020 	ldrb.w	r3, [sp, #32]
10004898:	f013 0660 	ands.w	r6, r3, #96	@ 0x60
1000489c:	f47f af20 	bne.w	100046e0 <tud_task_ext+0x16c>
100048a0:	f89d 3021 	ldrb.w	r3, [sp, #33]	@ 0x21
100048a4:	3b0a      	subs	r3, #10
100048a6:	2b01      	cmp	r3, #1
100048a8:	f63f af1a 	bhi.w	100046e0 <tud_task_ext+0x16c>
100048ac:	f000 fb7e 	bl	10004fac <usbd_control_set_complete_callback>
100048b0:	f89d 3021 	ldrb.w	r3, [sp, #33]	@ 0x21
100048b4:	2b0a      	cmp	r3, #10
100048b6:	f000 81f8 	beq.w	10004caa <tud_task_ext+0x736>
100048ba:	4640      	mov	r0, r8
100048bc:	a908      	add	r1, sp, #32
100048be:	f000 fafb 	bl	10004eb8 <tud_control_status>
100048c2:	e667      	b.n	10004594 <tud_task_ext+0x20>
100048c4:	4b9a      	ldr	r3, [pc, #616]	@ (10004b30 <tud_task_ext+0x5bc>)
100048c6:	681b      	ldr	r3, [r3, #0]
100048c8:	eb03 1640 	add.w	r6, r3, r0, lsl #5
100048cc:	2a00      	cmp	r2, #0
100048ce:	f000 810f 	beq.w	10004af0 <tud_task_ext+0x57c>
100048d2:	2e00      	cmp	r6, #0
100048d4:	f43f af04 	beq.w	100046e0 <tud_task_ext+0x16c>
100048d8:	e7a1      	b.n	1000481e <tud_task_ext+0x2aa>
100048da:	4a95      	ldr	r2, [pc, #596]	@ (10004b30 <tud_task_ext+0x5bc>)
100048dc:	6816      	ldr	r6, [r2, #0]
100048de:	eb16 1643 	adds.w	r6, r6, r3, lsl #5
100048e2:	d1cc      	bne.n	1000487e <tud_task_ext+0x30a>
100048e4:	e6fc      	b.n	100046e0 <tud_task_ext+0x16c>
100048e6:	787b      	ldrb	r3, [r7, #1]
100048e8:	f89d 6022 	ldrb.w	r6, [sp, #34]	@ 0x22
100048ec:	429e      	cmp	r6, r3
100048ee:	f000 8151 	beq.w	10004b94 <tud_task_ext+0x620>
100048f2:	787b      	ldrb	r3, [r7, #1]
100048f4:	2b00      	cmp	r3, #0
100048f6:	f040 81c4 	bne.w	10004c82 <tud_task_ext+0x70e>
100048fa:	707e      	strb	r6, [r7, #1]
100048fc:	2e00      	cmp	r6, #0
100048fe:	f000 8147 	beq.w	10004b90 <tud_task_ext+0x61c>
10004902:	1e70      	subs	r0, r6, #1
10004904:	b2c0      	uxtb	r0, r0
10004906:	f7ff fad3 	bl	10003eb0 <tud_descriptor_configuration_cb>
1000490a:	4603      	mov	r3, r0
1000490c:	2800      	cmp	r0, #0
1000490e:	f000 8163 	beq.w	10004bd8 <tud_task_ext+0x664>
10004912:	7842      	ldrb	r2, [r0, #1]
10004914:	2a02      	cmp	r2, #2
10004916:	f040 815f 	bne.w	10004bd8 <tud_task_ext+0x664>
1000491a:	79c1      	ldrb	r1, [r0, #7]
1000491c:	7838      	ldrb	r0, [r7, #0]
1000491e:	f3c1 1240 	ubfx	r2, r1, #5, #1
10004922:	0112      	lsls	r2, r2, #4
10004924:	f3c1 1180 	ubfx	r1, r1, #6, #1
10004928:	f020 0030 	bic.w	r0, r0, #48	@ 0x30
1000492c:	ea42 1241 	orr.w	r2, r2, r1, lsl #5
10004930:	4302      	orrs	r2, r0
10004932:	703a      	strb	r2, [r7, #0]
10004934:	885a      	ldrh	r2, [r3, #2]
10004936:	f103 0609 	add.w	r6, r3, #9
1000493a:	189a      	adds	r2, r3, r2
1000493c:	9201      	str	r2, [sp, #4]
1000493e:	f8cd 8008 	str.w	r8, [sp, #8]
10004942:	9b01      	ldr	r3, [sp, #4]
10004944:	42b3      	cmp	r3, r6
10004946:	f240 81ab 	bls.w	10004ca0 <tud_task_ext+0x72c>
1000494a:	7873      	ldrb	r3, [r6, #1]
1000494c:	2b0b      	cmp	r3, #11
1000494e:	f000 81b6 	beq.w	10004cbe <tud_task_ext+0x74a>
10004952:	2101      	movs	r1, #1
10004954:	2b04      	cmp	r3, #4
10004956:	f040 813f 	bne.w	10004bd8 <tud_task_ext+0x664>
1000495a:	f04f 0800 	mov.w	r8, #0
1000495e:	9b01      	ldr	r3, [sp, #4]
10004960:	9103      	str	r1, [sp, #12]
10004962:	1b9a      	subs	r2, r3, r6
10004964:	4b70      	ldr	r3, [pc, #448]	@ (10004b28 <tud_task_ext+0x5b4>)
10004966:	4631      	mov	r1, r6
10004968:	781b      	ldrb	r3, [r3, #0]
1000496a:	b292      	uxth	r2, r2
1000496c:	f8cd 8000 	str.w	r8, [sp]
10004970:	e01d      	b.n	100049ae <tud_task_ext+0x43a>
10004972:	4b6f      	ldr	r3, [pc, #444]	@ (10004b30 <tud_task_ext+0x5bc>)
10004974:	681e      	ldr	r6, [r3, #0]
10004976:	eb16 1648 	adds.w	r6, r6, r8, lsl #5
1000497a:	f000 812d 	beq.w	10004bd8 <tud_task_ext+0x664>
1000497e:	6933      	ldr	r3, [r6, #16]
10004980:	9802      	ldr	r0, [sp, #8]
10004982:	e9cd 1204 	strd	r1, r2, [sp, #16]
10004986:	4798      	blx	r3
10004988:	e9dd 1204 	ldrd	r1, r2, [sp, #16]
1000498c:	2808      	cmp	r0, #8
1000498e:	f108 0301 	add.w	r3, r8, #1
10004992:	d902      	bls.n	1000499a <tud_task_ext+0x426>
10004994:	4282      	cmp	r2, r0
10004996:	f080 8102 	bcs.w	10004b9e <tud_task_ext+0x62a>
1000499a:	fa5f f883 	uxtb.w	r8, r3
1000499e:	4b62      	ldr	r3, [pc, #392]	@ (10004b28 <tud_task_ext+0x5b4>)
100049a0:	f8cd 8000 	str.w	r8, [sp]
100049a4:	781b      	ldrb	r3, [r3, #0]
100049a6:	1c58      	adds	r0, r3, #1
100049a8:	4580      	cmp	r8, r0
100049aa:	f300 8115 	bgt.w	10004bd8 <tud_task_ext+0x664>
100049ae:	9800      	ldr	r0, [sp, #0]
100049b0:	4598      	cmp	r8, r3
100049b2:	eba0 0303 	sub.w	r3, r0, r3
100049b6:	d3dc      	bcc.n	10004972 <tud_task_ext+0x3fe>
100049b8:	485c      	ldr	r0, [pc, #368]	@ (10004b2c <tud_task_ext+0x5b8>)
100049ba:	eb00 1643 	add.w	r6, r0, r3, lsl #5
100049be:	e7de      	b.n	1000497e <tud_task_ext+0x40a>
100049c0:	787b      	ldrb	r3, [r7, #1]
100049c2:	4640      	mov	r0, r8
100049c4:	f88d 301a 	strb.w	r3, [sp, #26]
100049c8:	f10d 021a 	add.w	r2, sp, #26
100049cc:	2301      	movs	r3, #1
100049ce:	a908      	add	r1, sp, #32
100049d0:	f000 fa8c 	bl	10004eec <tud_control_xfer>
100049d4:	e5de      	b.n	10004594 <tud_task_ext+0x20>
100049d6:	f8bd 0022 	ldrh.w	r0, [sp, #34]	@ 0x22
100049da:	0a03      	lsrs	r3, r0, #8
100049dc:	3b01      	subs	r3, #1
100049de:	0a02      	lsrs	r2, r0, #8
100049e0:	b2c0      	uxtb	r0, r0
100049e2:	2b0e      	cmp	r3, #14
100049e4:	f63f ae7c 	bhi.w	100046e0 <tud_task_ext+0x16c>
100049e8:	a101      	add	r1, pc, #4	@ (adr r1, 100049f0 <tud_task_ext+0x47c>)
100049ea:	f851 f023 	ldr.w	pc, [r1, r3, lsl #2]
100049ee:	bf00      	nop
100049f0:	10004c09 	.word	0x10004c09
100049f4:	10004aa1 	.word	0x10004aa1
100049f8:	10004c45 	.word	0x10004c45
100049fc:	100046e1 	.word	0x100046e1
10004a00:	100046e1 	.word	0x100046e1
10004a04:	10004c27 	.word	0x10004c27
10004a08:	10004aa1 	.word	0x10004aa1
10004a0c:	100046e1 	.word	0x100046e1
10004a10:	100046e1 	.word	0x100046e1
10004a14:	100046e1 	.word	0x100046e1
10004a18:	100046e1 	.word	0x100046e1
10004a1c:	100046e1 	.word	0x100046e1
10004a20:	100046e1 	.word	0x100046e1
10004a24:	100046e1 	.word	0x100046e1
10004a28:	10004bfb 	.word	0x10004bfb
10004a2c:	a808      	add	r0, sp, #32
10004a2e:	f000 fac3 	bl	10004fb8 <usbd_control_set_request>
10004a32:	4640      	mov	r0, r8
10004a34:	f89d 1022 	ldrb.w	r1, [sp, #34]	@ 0x22
10004a38:	f7ff fb9e 	bl	10004178 <dcd_set_address>
10004a3c:	783b      	ldrb	r3, [r7, #0]
10004a3e:	f043 0302 	orr.w	r3, r3, #2
10004a42:	703b      	strb	r3, [r7, #0]
10004a44:	e5a6      	b.n	10004594 <tud_task_ext+0x20>
10004a46:	f8bd 3022 	ldrh.w	r3, [sp, #34]	@ 0x22
10004a4a:	2b01      	cmp	r3, #1
10004a4c:	f47f ae48 	bne.w	100046e0 <tud_task_ext+0x16c>
10004a50:	783b      	ldrb	r3, [r7, #0]
10004a52:	4640      	mov	r0, r8
10004a54:	f36f 03c3 	bfc	r3, #3, #1
10004a58:	a908      	add	r1, sp, #32
10004a5a:	703b      	strb	r3, [r7, #0]
10004a5c:	f000 fa2c 	bl	10004eb8 <tud_control_status>
10004a60:	e598      	b.n	10004594 <tud_task_ext+0x20>
10004a62:	4640      	mov	r0, r8
10004a64:	783b      	ldrb	r3, [r7, #0]
10004a66:	089a      	lsrs	r2, r3, #2
10004a68:	f002 0202 	and.w	r2, r2, #2
10004a6c:	f3c3 1340 	ubfx	r3, r3, #5, #1
10004a70:	4313      	orrs	r3, r2
10004a72:	f8ad 301a 	strh.w	r3, [sp, #26]
10004a76:	f10d 021a 	add.w	r2, sp, #26
10004a7a:	2302      	movs	r3, #2
10004a7c:	a908      	add	r1, sp, #32
10004a7e:	f000 fa35 	bl	10004eec <tud_control_xfer>
10004a82:	e587      	b.n	10004594 <tud_task_ext+0x20>
10004a84:	f8bd 3022 	ldrh.w	r3, [sp, #34]	@ 0x22
10004a88:	2b01      	cmp	r3, #1
10004a8a:	f47f ae29 	bne.w	100046e0 <tud_task_ext+0x16c>
10004a8e:	783b      	ldrb	r3, [r7, #0]
10004a90:	4640      	mov	r0, r8
10004a92:	f043 0308 	orr.w	r3, r3, #8
10004a96:	a908      	add	r1, sp, #32
10004a98:	703b      	strb	r3, [r7, #0]
10004a9a:	f000 fa0d 	bl	10004eb8 <tud_control_status>
10004a9e:	e579      	b.n	10004594 <tud_task_ext+0x20>
10004aa0:	2a02      	cmp	r2, #2
10004aa2:	f000 8126 	beq.w	10004cf2 <tud_task_ext+0x77e>
10004aa6:	f7ff fcd9 	bl	1000445c <tud_descriptor_other_speed_configuration_cb>
10004aaa:	4602      	mov	r2, r0
10004aac:	2800      	cmp	r0, #0
10004aae:	f43f ae17 	beq.w	100046e0 <tud_task_ext+0x16c>
10004ab2:	4640      	mov	r0, r8
10004ab4:	8853      	ldrh	r3, [r2, #2]
10004ab6:	a908      	add	r1, sp, #32
10004ab8:	f000 fa18 	bl	10004eec <tud_control_xfer>
10004abc:	2800      	cmp	r0, #0
10004abe:	f47f ad69 	bne.w	10004594 <tud_task_ext+0x20>
10004ac2:	e60d      	b.n	100046e0 <tud_task_ext+0x16c>
10004ac4:	f89d 3024 	ldrb.w	r3, [sp, #36]	@ 0x24
10004ac8:	2b0f      	cmp	r3, #15
10004aca:	f63f ae09 	bhi.w	100046e0 <tud_task_ext+0x16c>
10004ace:	4a16      	ldr	r2, [pc, #88]	@ (10004b28 <tud_task_ext+0x5b4>)
10004ad0:	443b      	add	r3, r7
10004ad2:	791b      	ldrb	r3, [r3, #4]
10004ad4:	7812      	ldrb	r2, [r2, #0]
10004ad6:	4293      	cmp	r3, r2
10004ad8:	d21d      	bcs.n	10004b16 <tud_task_ext+0x5a2>
10004ada:	4a15      	ldr	r2, [pc, #84]	@ (10004b30 <tud_task_ext+0x5bc>)
10004adc:	6816      	ldr	r6, [r2, #0]
10004ade:	eb16 1643 	adds.w	r6, r6, r3, lsl #5
10004ae2:	f47f ae9c 	bne.w	1000481e <tud_task_ext+0x2aa>
10004ae6:	e5fb      	b.n	100046e0 <tud_task_ext+0x16c>
10004ae8:	2a00      	cmp	r2, #0
10004aea:	f47f adf9 	bne.w	100046e0 <tud_task_ext+0x16c>
10004aee:	2600      	movs	r6, #0
10004af0:	f89d 2021 	ldrb.w	r2, [sp, #33]	@ 0x21
10004af4:	f002 03fd 	and.w	r3, r2, #253	@ 0xfd
10004af8:	2b01      	cmp	r3, #1
10004afa:	d01b      	beq.n	10004b34 <tud_task_ext+0x5c0>
10004afc:	2a00      	cmp	r2, #0
10004afe:	f47f ade8 	bne.w	100046d2 <tud_task_ext+0x15e>
10004b02:	9b01      	ldr	r3, [sp, #4]
10004b04:	9a00      	ldr	r2, [sp, #0]
10004b06:	443b      	add	r3, r7
10004b08:	4413      	add	r3, r2
10004b0a:	f893 3034 	ldrb.w	r3, [r3, #52]	@ 0x34
10004b0e:	4640      	mov	r0, r8
10004b10:	f3c3 0340 	ubfx	r3, r3, #1, #1
10004b14:	e7ad      	b.n	10004a72 <tud_task_ext+0x4fe>
10004b16:	1c51      	adds	r1, r2, #1
10004b18:	4299      	cmp	r1, r3
10004b1a:	f6ff ade1 	blt.w	100046e0 <tud_task_ext+0x16c>
10004b1e:	4e03      	ldr	r6, [pc, #12]	@ (10004b2c <tud_task_ext+0x5b8>)
10004b20:	1a9b      	subs	r3, r3, r2
10004b22:	eb06 1643 	add.w	r6, r6, r3, lsl #5
10004b26:	e67a      	b.n	1000481e <tud_task_ext+0x2aa>
10004b28:	20006151 	.word	0x20006151
10004b2c:	10006788 	.word	0x10006788
10004b30:	20001774 	.word	0x20001774
10004b34:	f8bd 3022 	ldrh.w	r3, [sp, #34]	@ 0x22
10004b38:	b9b3      	cbnz	r3, 10004b68 <tud_task_ext+0x5f4>
10004b3a:	2a01      	cmp	r2, #1
10004b3c:	f000 808a 	beq.w	10004c54 <tud_task_ext+0x6e0>
10004b40:	f899 0000 	ldrb.w	r0, [r9]
10004b44:	f7ff fbd0 	bl	100042e8 <dcd_edpt_stall>
10004b48:	9b01      	ldr	r3, [sp, #4]
10004b4a:	9a00      	ldr	r2, [sp, #0]
10004b4c:	443b      	add	r3, r7
10004b4e:	4413      	add	r3, r2
10004b50:	f893 2034 	ldrb.w	r2, [r3, #52]	@ 0x34
10004b54:	f042 0202 	orr.w	r2, r2, #2
10004b58:	f883 2034 	strb.w	r2, [r3, #52]	@ 0x34
10004b5c:	f893 2034 	ldrb.w	r2, [r3, #52]	@ 0x34
10004b60:	f042 0201 	orr.w	r2, r2, #1
10004b64:	f883 2034 	strb.w	r2, [r3, #52]	@ 0x34
10004b68:	2e00      	cmp	r6, #0
10004b6a:	f43f ad13 	beq.w	10004594 <tud_task_ext+0x20>
10004b6e:	6970      	ldr	r0, [r6, #20]
10004b70:	f000 fa1c 	bl	10004fac <usbd_control_set_complete_callback>
10004b74:	6973      	ldr	r3, [r6, #20]
10004b76:	2101      	movs	r1, #1
10004b78:	aa08      	add	r2, sp, #32
10004b7a:	4640      	mov	r0, r8
10004b7c:	4798      	blx	r3
10004b7e:	2000      	movs	r0, #0
10004b80:	f000 fa14 	bl	10004fac <usbd_control_set_complete_callback>
10004b84:	f897 3035 	ldrb.w	r3, [r7, #53]	@ 0x35
10004b88:	07df      	lsls	r7, r3, #31
10004b8a:	f53f ad03 	bmi.w	10004594 <tud_task_ext+0x20>
10004b8e:	e694      	b.n	100048ba <tud_task_ext+0x346>
10004b90:	f7ff fc68 	bl	10004464 <tud_umount_cb>
10004b94:	4640      	mov	r0, r8
10004b96:	a908      	add	r1, sp, #32
10004b98:	f000 f98e 	bl	10004eb8 <tud_control_status>
10004b9c:	e4fa      	b.n	10004594 <tud_task_ext+0x20>
10004b9e:	4633      	mov	r3, r6
10004ba0:	460e      	mov	r6, r1
10004ba2:	9903      	ldr	r1, [sp, #12]
10004ba4:	2901      	cmp	r1, #1
10004ba6:	f000 809e 	beq.w	10004ce6 <tud_task_ext+0x772>
10004baa:	2900      	cmp	r1, #0
10004bac:	f000 808c 	beq.w	10004cc8 <tud_task_ext+0x754>
10004bb0:	2300      	movs	r3, #0
10004bb2:	f896 e002 	ldrb.w	lr, [r6, #2]
10004bb6:	e005      	b.n	10004bc4 <tud_task_ext+0x650>
10004bb8:	f882 8004 	strb.w	r8, [r2, #4]
10004bbc:	b2da      	uxtb	r2, r3
10004bbe:	4291      	cmp	r1, r2
10004bc0:	f240 8082 	bls.w	10004cc8 <tud_task_ext+0x754>
10004bc4:	eb0e 0203 	add.w	r2, lr, r3
10004bc8:	fa57 f282 	uxtab	r2, r7, r2
10004bcc:	f892 c004 	ldrb.w	ip, [r2, #4]
10004bd0:	3301      	adds	r3, #1
10004bd2:	f1bc 0fff 	cmp.w	ip, #255	@ 0xff
10004bd6:	d0ef      	beq.n	10004bb8 <tud_task_ext+0x644>
10004bd8:	f04f 23e0 	mov.w	r3, #3758153728	@ 0xe000e000
10004bdc:	f8d3 3df0 	ldr.w	r3, [r3, #3568]	@ 0xdf0
10004be0:	07da      	lsls	r2, r3, #31
10004be2:	d500      	bpl.n	10004be6 <tud_task_ext+0x672>
10004be4:	be00      	bkpt	0x0000
10004be6:	f04f 23e0 	mov.w	r3, #3758153728	@ 0xe000e000
10004bea:	f8d3 3df0 	ldr.w	r3, [r3, #3568]	@ 0xdf0
10004bee:	07db      	lsls	r3, r3, #31
10004bf0:	d500      	bpl.n	10004bf4 <tud_task_ext+0x680>
10004bf2:	be00      	bkpt	0x0000
10004bf4:	2300      	movs	r3, #0
10004bf6:	707b      	strb	r3, [r7, #1]
10004bf8:	e572      	b.n	100046e0 <tud_task_ext+0x16c>
10004bfa:	f7fe ff19 	bl	10003a30 <tud_descriptor_bos_cb>
10004bfe:	4602      	mov	r2, r0
10004c00:	2800      	cmp	r0, #0
10004c02:	f47f af56 	bne.w	10004ab2 <tud_task_ext+0x53e>
10004c06:	e56b      	b.n	100046e0 <tud_task_ext+0x16c>
10004c08:	f7ff f94e 	bl	10003ea8 <tud_descriptor_device_cb>
10004c0c:	4602      	mov	r2, r0
10004c0e:	2800      	cmp	r0, #0
10004c10:	f43f ad5f 	beq.w	100046d2 <tud_task_ext+0x15e>
10004c14:	4640      	mov	r0, r8
10004c16:	2312      	movs	r3, #18
10004c18:	a908      	add	r1, sp, #32
10004c1a:	f000 f967 	bl	10004eec <tud_control_xfer>
10004c1e:	2800      	cmp	r0, #0
10004c20:	f47f acb8 	bne.w	10004594 <tud_task_ext+0x20>
10004c24:	e55c      	b.n	100046e0 <tud_task_ext+0x16c>
10004c26:	f7ff fc17 	bl	10004458 <tud_descriptor_device_qualifier_cb>
10004c2a:	4602      	mov	r2, r0
10004c2c:	2800      	cmp	r0, #0
10004c2e:	f43f ad57 	beq.w	100046e0 <tud_task_ext+0x16c>
10004c32:	4640      	mov	r0, r8
10004c34:	7813      	ldrb	r3, [r2, #0]
10004c36:	a908      	add	r1, sp, #32
10004c38:	f000 f958 	bl	10004eec <tud_control_xfer>
10004c3c:	2800      	cmp	r0, #0
10004c3e:	f47f aca9 	bne.w	10004594 <tud_task_ext+0x20>
10004c42:	e54d      	b.n	100046e0 <tud_task_ext+0x16c>
10004c44:	f8bd 1024 	ldrh.w	r1, [sp, #36]	@ 0x24
10004c48:	f7ff f936 	bl	10003eb8 <tud_descriptor_string_cb>
10004c4c:	4602      	mov	r2, r0
10004c4e:	2800      	cmp	r0, #0
10004c50:	d1ef      	bne.n	10004c32 <tud_task_ext+0x6be>
10004c52:	e545      	b.n	100046e0 <tud_task_ext+0x16c>
10004c54:	f899 0000 	ldrb.w	r0, [r9]
10004c58:	9302      	str	r3, [sp, #8]
10004c5a:	f7ff fb5d 	bl	10004318 <dcd_edpt_clear_stall>
10004c5e:	9a01      	ldr	r2, [sp, #4]
10004c60:	9b00      	ldr	r3, [sp, #0]
10004c62:	443a      	add	r2, r7
10004c64:	441a      	add	r2, r3
10004c66:	f892 1034 	ldrb.w	r1, [r2, #52]	@ 0x34
10004c6a:	9b02      	ldr	r3, [sp, #8]
10004c6c:	f363 0141 	bfi	r1, r3, #1, #1
10004c70:	f882 1034 	strb.w	r1, [r2, #52]	@ 0x34
10004c74:	f892 1034 	ldrb.w	r1, [r2, #52]	@ 0x34
10004c78:	f363 0100 	bfi	r1, r3, #0, #1
10004c7c:	f882 1034 	strb.w	r1, [r2, #52]	@ 0x34
10004c80:	e772      	b.n	10004b68 <tud_task_ext+0x5f4>
10004c82:	2100      	movs	r1, #0
10004c84:	4640      	mov	r0, r8
10004c86:	f7ff fa7f 	bl	10004188 <dcd_sof_enable>
10004c8a:	4640      	mov	r0, r8
10004c8c:	f7ff fb16 	bl	100042bc <dcd_edpt_close_all>
10004c90:	78bb      	ldrb	r3, [r7, #2]
10004c92:	4640      	mov	r0, r8
10004c94:	9300      	str	r3, [sp, #0]
10004c96:	f7ff fb95 	bl	100043c4 <configuration_reset>
10004c9a:	9b00      	ldr	r3, [sp, #0]
10004c9c:	70bb      	strb	r3, [r7, #2]
10004c9e:	e62c      	b.n	100048fa <tud_task_ext+0x386>
10004ca0:	f8dd 8008 	ldr.w	r8, [sp, #8]
10004ca4:	f7ff fbdc 	bl	10004460 <tud_mount_cb>
10004ca8:	e774      	b.n	10004b94 <tud_task_ext+0x620>
10004caa:	4640      	mov	r0, r8
10004cac:	2301      	movs	r3, #1
10004cae:	a908      	add	r1, sp, #32
10004cb0:	f10d 021a 	add.w	r2, sp, #26
10004cb4:	f88d 601a 	strb.w	r6, [sp, #26]
10004cb8:	f000 f918 	bl	10004eec <tud_control_xfer>
10004cbc:	e46a      	b.n	10004594 <tud_task_ext+0x20>
10004cbe:	7833      	ldrb	r3, [r6, #0]
10004cc0:	78f1      	ldrb	r1, [r6, #3]
10004cc2:	441e      	add	r6, r3
10004cc4:	7873      	ldrb	r3, [r6, #1]
10004cc6:	e645      	b.n	10004954 <tud_task_ext+0x3e0>
10004cc8:	4602      	mov	r2, r0
10004cca:	4643      	mov	r3, r8
10004ccc:	4631      	mov	r1, r6
10004cce:	4406      	add	r6, r0
10004cd0:	4810      	ldr	r0, [pc, #64]	@ (10004d14 <tud_task_ext+0x7a0>)
10004cd2:	f000 fe55 	bl	10005980 <tu_edpt_bind_driver>
10004cd6:	4b10      	ldr	r3, [pc, #64]	@ (10004d18 <tud_task_ext+0x7a4>)
10004cd8:	9a00      	ldr	r2, [sp, #0]
10004cda:	781b      	ldrb	r3, [r3, #0]
10004cdc:	3301      	adds	r3, #1
10004cde:	4293      	cmp	r3, r2
10004ce0:	f6bf ae2f 	bge.w	10004942 <tud_task_ext+0x3ce>
10004ce4:	e778      	b.n	10004bd8 <tud_task_ext+0x664>
10004ce6:	691a      	ldr	r2, [r3, #16]
10004ce8:	4b0c      	ldr	r3, [pc, #48]	@ (10004d1c <tud_task_ext+0x7a8>)
10004cea:	429a      	cmp	r2, r3
10004cec:	bf08      	it	eq
10004cee:	2102      	moveq	r1, #2
10004cf0:	e75e      	b.n	10004bb0 <tud_task_ext+0x63c>
10004cf2:	f7ff f8dd 	bl	10003eb0 <tud_descriptor_configuration_cb>
10004cf6:	4602      	mov	r2, r0
10004cf8:	2800      	cmp	r0, #0
10004cfa:	f47f aeda 	bne.w	10004ab2 <tud_task_ext+0x53e>
10004cfe:	e4e8      	b.n	100046d2 <tud_task_ext+0x15e>
10004d00:	f04f 23e0 	mov.w	r3, #3758153728	@ 0xe000e000
10004d04:	f8d3 3df0 	ldr.w	r3, [r3, #3568]	@ 0xdf0
10004d08:	07db      	lsls	r3, r3, #31
10004d0a:	f57f ac43 	bpl.w	10004594 <tud_task_ext+0x20>
10004d0e:	be00      	bkpt	0x0000
10004d10:	e440      	b.n	10004594 <tud_task_ext+0x20>
10004d12:	bf00      	nop
10004d14:	2000180c 	.word	0x2000180c
10004d18:	20006151 	.word	0x20006151
10004d1c:	100053d9 	.word	0x100053d9

10004d20 <usbd_open_edpt_pair>:
10004d20:	e92d 4ff8 	stmdb	sp!, {r3, r4, r5, r6, r7, r8, r9, sl, fp, lr}
10004d24:	f8dd 8028 	ldr.w	r8, [sp, #40]	@ 0x28
10004d28:	2a00      	cmp	r2, #0
10004d2a:	d03f      	beq.n	10004dac <usbd_open_edpt_pair+0x8c>
10004d2c:	460c      	mov	r4, r1
10004d2e:	461e      	mov	r6, r3
10004d30:	4615      	mov	r5, r2
10004d32:	f04f 0b00 	mov.w	fp, #0
10004d36:	4f1f      	ldr	r7, [pc, #124]	@ (10004db4 <usbd_open_edpt_pair+0x94>)
10004d38:	f8df 907c 	ldr.w	r9, [pc, #124]	@ 10004db8 <usbd_open_edpt_pair+0x98>
10004d3c:	e017      	b.n	10004d6e <usbd_open_edpt_pair+0x4e>
10004d3e:	4620      	mov	r0, r4
10004d40:	f899 1002 	ldrb.w	r1, [r9, #2]
10004d44:	f000 fdea 	bl	1000591c <tu_edpt_validate>
10004d48:	b1f8      	cbz	r0, 10004d8a <usbd_open_edpt_pair+0x6a>
10004d4a:	4621      	mov	r1, r4
10004d4c:	4650      	mov	r0, sl
10004d4e:	f7ff fa37 	bl	100041c0 <dcd_edpt_open>
10004d52:	b308      	cbz	r0, 10004d98 <usbd_open_edpt_pair+0x78>
10004d54:	78a3      	ldrb	r3, [r4, #2]
10004d56:	f10b 0b01 	add.w	fp, fp, #1
10004d5a:	09da      	lsrs	r2, r3, #7
10004d5c:	bf16      	itet	ne
10004d5e:	9a0b      	ldrne	r2, [sp, #44]	@ 0x2c
10004d60:	f888 3000 	strbeq.w	r3, [r8]
10004d64:	7013      	strbne	r3, [r2, #0]
10004d66:	7823      	ldrb	r3, [r4, #0]
10004d68:	45ab      	cmp	fp, r5
10004d6a:	441c      	add	r4, r3
10004d6c:	d01e      	beq.n	10004dac <usbd_open_edpt_pair+0x8c>
10004d6e:	7863      	ldrb	r3, [r4, #1]
10004d70:	2b05      	cmp	r3, #5
10004d72:	d111      	bne.n	10004d98 <usbd_open_edpt_pair+0x78>
10004d74:	78e1      	ldrb	r1, [r4, #3]
10004d76:	f001 0103 	and.w	r1, r1, #3
10004d7a:	42b1      	cmp	r1, r6
10004d7c:	d10c      	bne.n	10004d98 <usbd_open_edpt_pair+0x78>
10004d7e:	78a3      	ldrb	r3, [r4, #2]
10004d80:	f897 a000 	ldrb.w	sl, [r7]
10004d84:	f013 0f70 	tst.w	r3, #112	@ 0x70
10004d88:	d0d9      	beq.n	10004d3e <usbd_open_edpt_pair+0x1e>
10004d8a:	f04f 23e0 	mov.w	r3, #3758153728	@ 0xe000e000
10004d8e:	f8d3 3df0 	ldr.w	r3, [r3, #3568]	@ 0xdf0
10004d92:	07da      	lsls	r2, r3, #31
10004d94:	d500      	bpl.n	10004d98 <usbd_open_edpt_pair+0x78>
10004d96:	be00      	bkpt	0x0000
10004d98:	f04f 23e0 	mov.w	r3, #3758153728	@ 0xe000e000
10004d9c:	f8d3 3df0 	ldr.w	r3, [r3, #3568]	@ 0xdf0
10004da0:	07db      	lsls	r3, r3, #31
10004da2:	d500      	bpl.n	10004da6 <usbd_open_edpt_pair+0x86>
10004da4:	be00      	bkpt	0x0000
10004da6:	2000      	movs	r0, #0
10004da8:	e8bd 8ff8 	ldmia.w	sp!, {r3, r4, r5, r6, r7, r8, r9, sl, fp, pc}
10004dac:	2001      	movs	r0, #1
10004dae:	e8bd 8ff8 	ldmia.w	sp!, {r3, r4, r5, r6, r7, r8, r9, sl, fp, pc}
10004db2:	bf00      	nop
10004db4:	200011f8 	.word	0x200011f8
10004db8:	200017f8 	.word	0x200017f8

10004dbc <usbd_edpt_open>:
10004dbc:	b538      	push	{r3, r4, r5, lr}
10004dbe:	4b0e      	ldr	r3, [pc, #56]	@ (10004df8 <usbd_edpt_open+0x3c>)
10004dc0:	781d      	ldrb	r5, [r3, #0]
10004dc2:	788b      	ldrb	r3, [r1, #2]
10004dc4:	f013 0f70 	tst.w	r3, #112	@ 0x70
10004dc8:	d008      	beq.n	10004ddc <usbd_edpt_open+0x20>
10004dca:	f04f 23e0 	mov.w	r3, #3758153728	@ 0xe000e000
10004dce:	f8d3 3df0 	ldr.w	r3, [r3, #3568]	@ 0xdf0
10004dd2:	07db      	lsls	r3, r3, #31
10004dd4:	d500      	bpl.n	10004dd8 <usbd_edpt_open+0x1c>
10004dd6:	be00      	bkpt	0x0000
10004dd8:	2000      	movs	r0, #0
10004dda:	bd38      	pop	{r3, r4, r5, pc}
10004ddc:	4b07      	ldr	r3, [pc, #28]	@ (10004dfc <usbd_edpt_open+0x40>)
10004dde:	460c      	mov	r4, r1
10004de0:	4608      	mov	r0, r1
10004de2:	7899      	ldrb	r1, [r3, #2]
10004de4:	f000 fd9a 	bl	1000591c <tu_edpt_validate>
10004de8:	2800      	cmp	r0, #0
10004dea:	d0ee      	beq.n	10004dca <usbd_edpt_open+0xe>
10004dec:	4621      	mov	r1, r4
10004dee:	4628      	mov	r0, r5
10004df0:	e8bd 4038 	ldmia.w	sp!, {r3, r4, r5, lr}
10004df4:	f7ff b9e4 	b.w	100041c0 <dcd_edpt_open>
10004df8:	200011f8 	.word	0x200011f8
10004dfc:	200017f8 	.word	0x200017f8

10004e00 <usbd_edpt_claim>:
10004e00:	460b      	mov	r3, r1
10004e02:	4a06      	ldr	r2, [pc, #24]	@ (10004e1c <usbd_edpt_claim+0x1c>)
10004e04:	4806      	ldr	r0, [pc, #24]	@ (10004e20 <usbd_edpt_claim+0x20>)
10004e06:	6811      	ldr	r1, [r2, #0]
10004e08:	09da      	lsrs	r2, r3, #7
10004e0a:	3234      	adds	r2, #52	@ 0x34
10004e0c:	f003 037f 	and.w	r3, r3, #127	@ 0x7f
10004e10:	eb02 0343 	add.w	r3, r2, r3, lsl #1
10004e14:	4418      	add	r0, r3
10004e16:	f000 bd3b 	b.w	10005890 <tu_edpt_claim>
10004e1a:	bf00      	nop
10004e1c:	2000184c 	.word	0x2000184c
10004e20:	200017f8 	.word	0x200017f8

10004e24 <usbd_edpt_release>:
10004e24:	460b      	mov	r3, r1
10004e26:	4a06      	ldr	r2, [pc, #24]	@ (10004e40 <usbd_edpt_release+0x1c>)
10004e28:	4806      	ldr	r0, [pc, #24]	@ (10004e44 <usbd_edpt_release+0x20>)
10004e2a:	6811      	ldr	r1, [r2, #0]
10004e2c:	09da      	lsrs	r2, r3, #7
10004e2e:	3234      	adds	r2, #52	@ 0x34
10004e30:	f003 037f 	and.w	r3, r3, #127	@ 0x7f
10004e34:	eb02 0343 	add.w	r3, r2, r3, lsl #1
10004e38:	4418      	add	r0, r3
10004e3a:	f000 bd53 	b.w	100058e4 <tu_edpt_release>
10004e3e:	bf00      	nop
10004e40:	2000184c 	.word	0x2000184c
10004e44:	200017f8 	.word	0x200017f8

10004e48 <usbd_edpt_xfer>:
10004e48:	b510      	push	{r4, lr}
10004e4a:	4c19      	ldr	r4, [pc, #100]	@ (10004eb0 <usbd_edpt_xfer+0x68>)
10004e4c:	f001 0e7f 	and.w	lr, r1, #127	@ 0x7f
10004e50:	eb04 044e 	add.w	r4, r4, lr, lsl #1
10004e54:	eb04 14d1 	add.w	r4, r4, r1, lsr #7
10004e58:	f894 c034 	ldrb.w	ip, [r4, #52]	@ 0x34
10004e5c:	4815      	ldr	r0, [pc, #84]	@ (10004eb4 <usbd_edpt_xfer+0x6c>)
10004e5e:	f01c 0f01 	tst.w	ip, #1
10004e62:	f104 0430 	add.w	r4, r4, #48	@ 0x30
10004e66:	7800      	ldrb	r0, [r0, #0]
10004e68:	d008      	beq.n	10004e7c <usbd_edpt_xfer+0x34>
10004e6a:	f04f 23e0 	mov.w	r3, #3758153728	@ 0xe000e000
10004e6e:	f8d3 3df0 	ldr.w	r3, [r3, #3568]	@ 0xdf0
10004e72:	07da      	lsls	r2, r3, #31
10004e74:	d500      	bpl.n	10004e78 <usbd_edpt_xfer+0x30>
10004e76:	be00      	bkpt	0x0000
10004e78:	2000      	movs	r0, #0
10004e7a:	bd10      	pop	{r4, pc}
10004e7c:	f894 c004 	ldrb.w	ip, [r4, #4]
10004e80:	f04c 0c01 	orr.w	ip, ip, #1
10004e84:	f884 c004 	strb.w	ip, [r4, #4]
10004e88:	f7ff fa1a 	bl	100042c0 <dcd_edpt_xfer>
10004e8c:	2800      	cmp	r0, #0
10004e8e:	d1f4      	bne.n	10004e7a <usbd_edpt_xfer+0x32>
10004e90:	f04f 21e0 	mov.w	r1, #3758153728	@ 0xe000e000
10004e94:	7922      	ldrb	r2, [r4, #4]
10004e96:	f360 0200 	bfi	r2, r0, #0, #1
10004e9a:	7122      	strb	r2, [r4, #4]
10004e9c:	7922      	ldrb	r2, [r4, #4]
10004e9e:	f360 0282 	bfi	r2, r0, #2, #1
10004ea2:	7122      	strb	r2, [r4, #4]
10004ea4:	f8d1 3df0 	ldr.w	r3, [r1, #3568]	@ 0xdf0
10004ea8:	07db      	lsls	r3, r3, #31
10004eaa:	d5e5      	bpl.n	10004e78 <usbd_edpt_xfer+0x30>
10004eac:	e7e3      	b.n	10004e76 <usbd_edpt_xfer+0x2e>
10004eae:	bf00      	nop
10004eb0:	200017f8 	.word	0x200017f8
10004eb4:	200011f8 	.word	0x200011f8

10004eb8 <tud_control_status>:
10004eb8:	b530      	push	{r4, r5, lr}
10004eba:	4c0b      	ldr	r4, [pc, #44]	@ (10004ee8 <tud_control_status+0x30>)
10004ebc:	468c      	mov	ip, r1
10004ebe:	46a6      	mov	lr, r4
10004ec0:	4605      	mov	r5, r0
10004ec2:	6808      	ldr	r0, [r1, #0]
10004ec4:	6849      	ldr	r1, [r1, #4]
10004ec6:	2300      	movs	r3, #0
10004ec8:	e8ae 0003 	stmia.w	lr!, {r0, r1}
10004ecc:	f89c 1000 	ldrb.w	r1, [ip]
10004ed0:	4628      	mov	r0, r5
10004ed2:	43c9      	mvns	r1, r1
10004ed4:	e9c4 3302 	strd	r3, r3, [r4, #8]
10004ed8:	e8bd 4030 	ldmia.w	sp!, {r4, r5, lr}
10004edc:	461a      	mov	r2, r3
10004ede:	f001 0180 	and.w	r1, r1, #128	@ 0x80
10004ee2:	f7ff bfb1 	b.w	10004e48 <usbd_edpt_xfer>
10004ee6:	bf00      	nop
10004ee8:	2000177c 	.word	0x2000177c

10004eec <tud_control_xfer>:
10004eec:	e92d 41f0 	stmdb	sp!, {r4, r5, r6, r7, r8, lr}
10004ef0:	4f27      	ldr	r7, [pc, #156]	@ (10004f90 <tud_control_xfer+0xa4>)
10004ef2:	f04f 0800 	mov.w	r8, #0
10004ef6:	46be      	mov	lr, r7
10004ef8:	468c      	mov	ip, r1
10004efa:	4606      	mov	r6, r0
10004efc:	6808      	ldr	r0, [r1, #0]
10004efe:	6849      	ldr	r1, [r1, #4]
10004f00:	60ba      	str	r2, [r7, #8]
10004f02:	e8ae 0003 	stmia.w	lr!, {r0, r1}
10004f06:	f8a7 800e 	strh.w	r8, [r7, #14]
10004f0a:	4615      	mov	r5, r2
10004f0c:	f8bc 2006 	ldrh.w	r2, [ip, #6]
10004f10:	4293      	cmp	r3, r2
10004f12:	bf28      	it	cs
10004f14:	4613      	movcs	r3, r2
10004f16:	81bb      	strh	r3, [r7, #12]
10004f18:	b19a      	cbz	r2, 10004f42 <tud_control_xfer+0x56>
10004f1a:	461c      	mov	r4, r3
10004f1c:	b32b      	cbz	r3, 10004f6a <tud_control_xfer+0x7e>
10004f1e:	b1dd      	cbz	r5, 10004f58 <tud_control_xfer+0x6c>
10004f20:	f997 3000 	ldrsb.w	r3, [r7]
10004f24:	2c40      	cmp	r4, #64	@ 0x40
10004f26:	bf28      	it	cs
10004f28:	2440      	movcs	r4, #64	@ 0x40
10004f2a:	2b00      	cmp	r3, #0
10004f2c:	db28      	blt.n	10004f80 <tud_control_xfer+0x94>
10004f2e:	4641      	mov	r1, r8
10004f30:	4623      	mov	r3, r4
10004f32:	4630      	mov	r0, r6
10004f34:	4a17      	ldr	r2, [pc, #92]	@ (10004f94 <tud_control_xfer+0xa8>)
10004f36:	f7ff ff87 	bl	10004e48 <usbd_edpt_xfer>
10004f3a:	b168      	cbz	r0, 10004f58 <tud_control_xfer+0x6c>
10004f3c:	2001      	movs	r0, #1
10004f3e:	e8bd 81f0 	ldmia.w	sp!, {r4, r5, r6, r7, r8, pc}
10004f42:	f89c 1000 	ldrb.w	r1, [ip]
10004f46:	4613      	mov	r3, r2
10004f48:	43c9      	mvns	r1, r1
10004f4a:	4630      	mov	r0, r6
10004f4c:	f001 0180 	and.w	r1, r1, #128	@ 0x80
10004f50:	f7ff ff7a 	bl	10004e48 <usbd_edpt_xfer>
10004f54:	2800      	cmp	r0, #0
10004f56:	d1f1      	bne.n	10004f3c <tud_control_xfer+0x50>
10004f58:	f04f 23e0 	mov.w	r3, #3758153728	@ 0xe000e000
10004f5c:	f8d3 3df0 	ldr.w	r3, [r3, #3568]	@ 0xdf0
10004f60:	07db      	lsls	r3, r3, #31
10004f62:	d500      	bpl.n	10004f66 <tud_control_xfer+0x7a>
10004f64:	be00      	bkpt	0x0000
10004f66:	2000      	movs	r0, #0
10004f68:	e7e9      	b.n	10004f3e <tud_control_xfer+0x52>
10004f6a:	461a      	mov	r2, r3
10004f6c:	7839      	ldrb	r1, [r7, #0]
10004f6e:	f001 0180 	and.w	r1, r1, #128	@ 0x80
10004f72:	4623      	mov	r3, r4
10004f74:	4630      	mov	r0, r6
10004f76:	f7ff ff67 	bl	10004e48 <usbd_edpt_xfer>
10004f7a:	2800      	cmp	r0, #0
10004f7c:	d1de      	bne.n	10004f3c <tud_control_xfer+0x50>
10004f7e:	e7eb      	b.n	10004f58 <tud_control_xfer+0x6c>
10004f80:	4622      	mov	r2, r4
10004f82:	4629      	mov	r1, r5
10004f84:	4803      	ldr	r0, [pc, #12]	@ (10004f94 <tud_control_xfer+0xa8>)
10004f86:	f001 f883 	bl	10006090 <memcpy>
10004f8a:	2180      	movs	r1, #128	@ 0x80
10004f8c:	4a01      	ldr	r2, [pc, #4]	@ (10004f94 <tud_control_xfer+0xa8>)
10004f8e:	e7f0      	b.n	10004f72 <tud_control_xfer+0x86>
10004f90:	2000177c 	.word	0x2000177c
10004f94:	200017b8 	.word	0x200017b8

10004f98 <usbd_control_reset>:
10004f98:	2200      	movs	r2, #0
10004f9a:	4b03      	ldr	r3, [pc, #12]	@ (10004fa8 <usbd_control_reset+0x10>)
10004f9c:	e9c3 2200 	strd	r2, r2, [r3]
10004fa0:	e9c3 2202 	strd	r2, r2, [r3, #8]
10004fa4:	611a      	str	r2, [r3, #16]
10004fa6:	4770      	bx	lr
10004fa8:	2000177c 	.word	0x2000177c

10004fac <usbd_control_set_complete_callback>:
10004fac:	4b01      	ldr	r3, [pc, #4]	@ (10004fb4 <usbd_control_set_complete_callback+0x8>)
10004fae:	6118      	str	r0, [r3, #16]
10004fb0:	4770      	bx	lr
10004fb2:	bf00      	nop
10004fb4:	2000177c 	.word	0x2000177c

10004fb8 <usbd_control_set_request>:
10004fb8:	b430      	push	{r4, r5}
10004fba:	4602      	mov	r2, r0
10004fbc:	4c04      	ldr	r4, [pc, #16]	@ (10004fd0 <usbd_control_set_request+0x18>)
10004fbe:	2500      	movs	r5, #0
10004fc0:	4623      	mov	r3, r4
10004fc2:	6800      	ldr	r0, [r0, #0]
10004fc4:	6851      	ldr	r1, [r2, #4]
10004fc6:	e9c4 5502 	strd	r5, r5, [r4, #8]
10004fca:	bc30      	pop	{r4, r5}
10004fcc:	c303      	stmia	r3!, {r0, r1}
10004fce:	4770      	bx	lr
10004fd0:	2000177c 	.word	0x2000177c

10004fd4 <usbd_control_xfer_cb>:
10004fd4:	b570      	push	{r4, r5, r6, lr}
10004fd6:	4c3c      	ldr	r4, [pc, #240]	@ (100050c8 <usbd_control_xfer_cb+0xf4>)
10004fd8:	09c9      	lsrs	r1, r1, #7
10004fda:	7822      	ldrb	r2, [r4, #0]
10004fdc:	4606      	mov	r6, r0
10004fde:	ebb1 1fd2 	cmp.w	r1, r2, lsr #7
10004fe2:	461d      	mov	r5, r3
10004fe4:	b082      	sub	sp, #8
10004fe6:	d017      	beq.n	10005018 <usbd_control_xfer_cb+0x44>
10004fe8:	b153      	cbz	r3, 10005000 <usbd_control_xfer_cb+0x2c>
10004fea:	f04f 23e0 	mov.w	r3, #3758153728	@ 0xe000e000
10004fee:	f8d3 3df0 	ldr.w	r3, [r3, #3568]	@ 0xdf0
10004ff2:	07db      	lsls	r3, r3, #31
10004ff4:	d402      	bmi.n	10004ffc <usbd_control_xfer_cb+0x28>
10004ff6:	2000      	movs	r0, #0
10004ff8:	b002      	add	sp, #8
10004ffa:	bd70      	pop	{r4, r5, r6, pc}
10004ffc:	be00      	bkpt	0x0000
10004ffe:	e7fa      	b.n	10004ff6 <usbd_control_xfer_cb+0x22>
10005000:	4621      	mov	r1, r4
10005002:	f7ff f8cf 	bl	100041a4 <dcd_edpt0_status_complete>
10005006:	6923      	ldr	r3, [r4, #16]
10005008:	b11b      	cbz	r3, 10005012 <usbd_control_xfer_cb+0x3e>
1000500a:	4622      	mov	r2, r4
1000500c:	2103      	movs	r1, #3
1000500e:	4630      	mov	r0, r6
10005010:	4798      	blx	r3
10005012:	2001      	movs	r0, #1
10005014:	b002      	add	sp, #8
10005016:	bd70      	pop	{r4, r5, r6, pc}
10005018:	f994 3000 	ldrsb.w	r3, [r4]
1000501c:	2b00      	cmp	r3, #0
1000501e:	db06      	blt.n	1000502e <usbd_control_xfer_cb+0x5a>
10005020:	68a0      	ldr	r0, [r4, #8]
10005022:	2800      	cmp	r0, #0
10005024:	d0e7      	beq.n	10004ff6 <usbd_control_xfer_cb+0x22>
10005026:	462a      	mov	r2, r5
10005028:	4928      	ldr	r1, [pc, #160]	@ (100050cc <usbd_control_xfer_cb+0xf8>)
1000502a:	f001 f831 	bl	10006090 <memcpy>
1000502e:	89e0      	ldrh	r0, [r4, #14]
10005030:	68a1      	ldr	r1, [r4, #8]
10005032:	88e3      	ldrh	r3, [r4, #6]
10005034:	4428      	add	r0, r5
10005036:	b280      	uxth	r0, r0
10005038:	4429      	add	r1, r5
1000503a:	4283      	cmp	r3, r0
1000503c:	81e0      	strh	r0, [r4, #14]
1000503e:	60a1      	str	r1, [r4, #8]
10005040:	d016      	beq.n	10005070 <usbd_control_xfer_cb+0x9c>
10005042:	2d3f      	cmp	r5, #63	@ 0x3f
10005044:	d914      	bls.n	10005070 <usbd_control_xfer_cb+0x9c>
10005046:	89a2      	ldrh	r2, [r4, #12]
10005048:	f994 4000 	ldrsb.w	r4, [r4]
1000504c:	1a13      	subs	r3, r2, r0
1000504e:	b29b      	uxth	r3, r3
10005050:	2b40      	cmp	r3, #64	@ 0x40
10005052:	bf28      	it	cs
10005054:	2340      	movcs	r3, #64	@ 0x40
10005056:	2c00      	cmp	r4, #0
10005058:	db26      	blt.n	100050a8 <usbd_control_xfer_cb+0xd4>
1000505a:	4290      	cmp	r0, r2
1000505c:	f04f 0100 	mov.w	r1, #0
10005060:	d030      	beq.n	100050c4 <usbd_control_xfer_cb+0xf0>
10005062:	4a1a      	ldr	r2, [pc, #104]	@ (100050cc <usbd_control_xfer_cb+0xf8>)
10005064:	4630      	mov	r0, r6
10005066:	f7ff feef 	bl	10004e48 <usbd_edpt_xfer>
1000506a:	2800      	cmp	r0, #0
1000506c:	d1d1      	bne.n	10005012 <usbd_control_xfer_cb+0x3e>
1000506e:	e7bc      	b.n	10004fea <usbd_control_xfer_cb+0x16>
10005070:	6923      	ldr	r3, [r4, #16]
10005072:	b123      	cbz	r3, 1000507e <usbd_control_xfer_cb+0xaa>
10005074:	2102      	movs	r1, #2
10005076:	4630      	mov	r0, r6
10005078:	4a13      	ldr	r2, [pc, #76]	@ (100050c8 <usbd_control_xfer_cb+0xf4>)
1000507a:	4798      	blx	r3
1000507c:	b158      	cbz	r0, 10005096 <usbd_control_xfer_cb+0xc2>
1000507e:	7821      	ldrb	r1, [r4, #0]
10005080:	2300      	movs	r3, #0
10005082:	43c9      	mvns	r1, r1
10005084:	4630      	mov	r0, r6
10005086:	461a      	mov	r2, r3
10005088:	f001 0180 	and.w	r1, r1, #128	@ 0x80
1000508c:	f7ff fedc 	bl	10004e48 <usbd_edpt_xfer>
10005090:	2800      	cmp	r0, #0
10005092:	d1be      	bne.n	10005012 <usbd_control_xfer_cb+0x3e>
10005094:	e7a9      	b.n	10004fea <usbd_control_xfer_cb+0x16>
10005096:	4601      	mov	r1, r0
10005098:	4630      	mov	r0, r6
1000509a:	f7ff f925 	bl	100042e8 <dcd_edpt_stall>
1000509e:	2180      	movs	r1, #128	@ 0x80
100050a0:	4630      	mov	r0, r6
100050a2:	f7ff f921 	bl	100042e8 <dcd_edpt_stall>
100050a6:	e7b4      	b.n	10005012 <usbd_control_xfer_cb+0x3e>
100050a8:	4290      	cmp	r0, r2
100050aa:	d008      	beq.n	100050be <usbd_control_xfer_cb+0xea>
100050ac:	461a      	mov	r2, r3
100050ae:	4807      	ldr	r0, [pc, #28]	@ (100050cc <usbd_control_xfer_cb+0xf8>)
100050b0:	9301      	str	r3, [sp, #4]
100050b2:	f000 ffed 	bl	10006090 <memcpy>
100050b6:	2180      	movs	r1, #128	@ 0x80
100050b8:	4a04      	ldr	r2, [pc, #16]	@ (100050cc <usbd_control_xfer_cb+0xf8>)
100050ba:	9b01      	ldr	r3, [sp, #4]
100050bc:	e7d2      	b.n	10005064 <usbd_control_xfer_cb+0x90>
100050be:	2180      	movs	r1, #128	@ 0x80
100050c0:	2200      	movs	r2, #0
100050c2:	e7cf      	b.n	10005064 <usbd_control_xfer_cb+0x90>
100050c4:	460a      	mov	r2, r1
100050c6:	e7cd      	b.n	10005064 <usbd_control_xfer_cb+0x90>
100050c8:	2000177c 	.word	0x2000177c
100050cc:	200017b8 	.word	0x200017b8

100050d0 <_prep_out_transaction.isra.0>:
100050d0:	b570      	push	{r4, r5, r6, lr}
100050d2:	4604      	mov	r4, r0
100050d4:	f7ff f9cc 	bl	10004470 <tud_mounted>
100050d8:	b900      	cbnz	r0, 100050dc <_prep_out_transaction.isra.0+0xc>
100050da:	bd70      	pop	{r4, r5, r6, pc}
100050dc:	f7ff f9d0 	bl	10004480 <tud_suspended>
100050e0:	4605      	mov	r5, r0
100050e2:	2800      	cmp	r0, #0
100050e4:	d1f9      	bne.n	100050da <_prep_out_transaction.isra.0+0xa>
100050e6:	78e3      	ldrb	r3, [r4, #3]
100050e8:	2b00      	cmp	r3, #0
100050ea:	d0f6      	beq.n	100050da <_prep_out_transaction.isra.0+0xa>
100050ec:	f104 0610 	add.w	r6, r4, #16
100050f0:	4630      	mov	r0, r6
100050f2:	f000 fdbf 	bl	10005c74 <tu_fifo_remaining>
100050f6:	283f      	cmp	r0, #63	@ 0x3f
100050f8:	d9ef      	bls.n	100050da <_prep_out_transaction.isra.0+0xa>
100050fa:	4628      	mov	r0, r5
100050fc:	78e1      	ldrb	r1, [r4, #3]
100050fe:	f7ff fe7f 	bl	10004e00 <usbd_edpt_claim>
10005102:	2800      	cmp	r0, #0
10005104:	d0e9      	beq.n	100050da <_prep_out_transaction.isra.0+0xa>
10005106:	4630      	mov	r0, r6
10005108:	f000 fdb4 	bl	10005c74 <tu_fifo_remaining>
1000510c:	283f      	cmp	r0, #63	@ 0x3f
1000510e:	d908      	bls.n	10005122 <_prep_out_transaction.isra.0+0x52>
10005110:	4628      	mov	r0, r5
10005112:	78e1      	ldrb	r1, [r4, #3]
10005114:	f504 7212 	add.w	r2, r4, #584	@ 0x248
10005118:	2340      	movs	r3, #64	@ 0x40
1000511a:	e8bd 4070 	ldmia.w	sp!, {r4, r5, r6, lr}
1000511e:	f7ff be93 	b.w	10004e48 <usbd_edpt_xfer>
10005122:	4628      	mov	r0, r5
10005124:	78e1      	ldrb	r1, [r4, #3]
10005126:	e8bd 4070 	ldmia.w	sp!, {r4, r5, r6, lr}
1000512a:	f7ff be7b 	b.w	10004e24 <usbd_edpt_release>
1000512e:	bf00      	nop

10005130 <tud_cdc_n_connected>:
10005130:	b510      	push	{r4, lr}
10005132:	4604      	mov	r4, r0
10005134:	f7ff f99c 	bl	10004470 <tud_mounted>
10005138:	b908      	cbnz	r0, 1000513e <tud_cdc_n_connected+0xe>
1000513a:	2000      	movs	r0, #0
1000513c:	bd10      	pop	{r4, pc}
1000513e:	f7ff f99f 	bl	10004480 <tud_suspended>
10005142:	2800      	cmp	r0, #0
10005144:	d1f9      	bne.n	1000513a <tud_cdc_n_connected+0xa>
10005146:	f44f 7232 	mov.w	r2, #712	@ 0x2c8
1000514a:	4b03      	ldr	r3, [pc, #12]	@ (10005158 <tud_cdc_n_connected+0x28>)
1000514c:	fb02 3304 	mla	r3, r2, r4, r3
10005150:	7918      	ldrb	r0, [r3, #4]
10005152:	f000 0001 	and.w	r0, r0, #1
10005156:	bd10      	pop	{r4, pc}
10005158:	20001208 	.word	0x20001208

1000515c <tud_cdc_n_available>:
1000515c:	f44f 7232 	mov.w	r2, #712	@ 0x2c8
10005160:	b508      	push	{r3, lr}
10005162:	4b03      	ldr	r3, [pc, #12]	@ (10005170 <tud_cdc_n_available+0x14>)
10005164:	fb02 3000 	mla	r0, r2, r0, r3
10005168:	f000 fd6a 	bl	10005c40 <tu_fifo_count>
1000516c:	bd08      	pop	{r3, pc}
1000516e:	bf00      	nop
10005170:	20001218 	.word	0x20001218

10005174 <tud_cdc_n_read>:
10005174:	e92d 43f8 	stmdb	sp!, {r3, r4, r5, r6, r7, r8, r9, lr}
10005178:	f64f 74ff 	movw	r4, #65535	@ 0xffff
1000517c:	f44f 7332 	mov.w	r3, #712	@ 0x2c8
10005180:	42a2      	cmp	r2, r4
10005182:	bf28      	it	cs
10005184:	4622      	movcs	r2, r4
10005186:	fb03 f400 	mul.w	r4, r3, r0
1000518a:	4f1d      	ldr	r7, [pc, #116]	@ (10005200 <tud_cdc_n_read+0x8c>)
1000518c:	f104 0510 	add.w	r5, r4, #16
10005190:	443d      	add	r5, r7
10005192:	4628      	mov	r0, r5
10005194:	b292      	uxth	r2, r2
10005196:	f000 fdc9 	bl	10005d2c <tu_fifo_read_n>
1000519a:	4606      	mov	r6, r0
1000519c:	f7ff f968 	bl	10004470 <tud_mounted>
100051a0:	b910      	cbnz	r0, 100051a8 <tud_cdc_n_read+0x34>
100051a2:	4630      	mov	r0, r6
100051a4:	e8bd 83f8 	ldmia.w	sp!, {r3, r4, r5, r6, r7, r8, r9, pc}
100051a8:	f7ff f96a 	bl	10004480 <tud_suspended>
100051ac:	4681      	mov	r9, r0
100051ae:	2800      	cmp	r0, #0
100051b0:	d1f7      	bne.n	100051a2 <tud_cdc_n_read+0x2e>
100051b2:	eb07 0804 	add.w	r8, r7, r4
100051b6:	f898 3003 	ldrb.w	r3, [r8, #3]
100051ba:	2b00      	cmp	r3, #0
100051bc:	d0f1      	beq.n	100051a2 <tud_cdc_n_read+0x2e>
100051be:	4628      	mov	r0, r5
100051c0:	f000 fd58 	bl	10005c74 <tu_fifo_remaining>
100051c4:	283f      	cmp	r0, #63	@ 0x3f
100051c6:	d9ec      	bls.n	100051a2 <tud_cdc_n_read+0x2e>
100051c8:	4648      	mov	r0, r9
100051ca:	f898 1003 	ldrb.w	r1, [r8, #3]
100051ce:	f7ff fe17 	bl	10004e00 <usbd_edpt_claim>
100051d2:	2800      	cmp	r0, #0
100051d4:	d0e5      	beq.n	100051a2 <tud_cdc_n_read+0x2e>
100051d6:	4628      	mov	r0, r5
100051d8:	f000 fd4c 	bl	10005c74 <tu_fifo_remaining>
100051dc:	283f      	cmp	r0, #63	@ 0x3f
100051de:	d909      	bls.n	100051f4 <tud_cdc_n_read+0x80>
100051e0:	f504 7212 	add.w	r2, r4, #584	@ 0x248
100051e4:	4648      	mov	r0, r9
100051e6:	2340      	movs	r3, #64	@ 0x40
100051e8:	f898 1003 	ldrb.w	r1, [r8, #3]
100051ec:	443a      	add	r2, r7
100051ee:	f7ff fe2b 	bl	10004e48 <usbd_edpt_xfer>
100051f2:	e7d6      	b.n	100051a2 <tud_cdc_n_read+0x2e>
100051f4:	4648      	mov	r0, r9
100051f6:	f898 1003 	ldrb.w	r1, [r8, #3]
100051fa:	f7ff fe13 	bl	10004e24 <usbd_edpt_release>
100051fe:	e7d0      	b.n	100051a2 <tud_cdc_n_read+0x2e>
10005200:	20001208 	.word	0x20001208

10005204 <tud_cdc_n_write_flush>:
10005204:	e92d 41f0 	stmdb	sp!, {r4, r5, r6, r7, r8, lr}
10005208:	4604      	mov	r4, r0
1000520a:	f7ff f931 	bl	10004470 <tud_mounted>
1000520e:	b910      	cbnz	r0, 10005216 <tud_cdc_n_write_flush+0x12>
10005210:	2000      	movs	r0, #0
10005212:	e8bd 81f0 	ldmia.w	sp!, {r4, r5, r6, r7, r8, pc}
10005216:	f7ff f933 	bl	10004480 <tud_suspended>
1000521a:	4606      	mov	r6, r0
1000521c:	2800      	cmp	r0, #0
1000521e:	d1f7      	bne.n	10005210 <tud_cdc_n_write_flush+0xc>
10005220:	f44f 7332 	mov.w	r3, #712	@ 0x2c8
10005224:	fb03 f404 	mul.w	r4, r3, r4
10005228:	f8df 8060 	ldr.w	r8, [pc, #96]	@ 1000528c <tud_cdc_n_write_flush+0x88>
1000522c:	f104 0524 	add.w	r5, r4, #36	@ 0x24
10005230:	4445      	add	r5, r8
10005232:	4628      	mov	r0, r5
10005234:	f000 fd04 	bl	10005c40 <tu_fifo_count>
10005238:	2800      	cmp	r0, #0
1000523a:	d0e9      	beq.n	10005210 <tud_cdc_n_write_flush+0xc>
1000523c:	eb08 0704 	add.w	r7, r8, r4
10005240:	4630      	mov	r0, r6
10005242:	78b9      	ldrb	r1, [r7, #2]
10005244:	f7ff fddc 	bl	10004e00 <usbd_edpt_claim>
10005248:	2800      	cmp	r0, #0
1000524a:	d0e1      	beq.n	10005210 <tud_cdc_n_write_flush+0xc>
1000524c:	f504 7422 	add.w	r4, r4, #648	@ 0x288
10005250:	4444      	add	r4, r8
10005252:	4628      	mov	r0, r5
10005254:	2240      	movs	r2, #64	@ 0x40
10005256:	4621      	mov	r1, r4
10005258:	f000 fd68 	bl	10005d2c <tu_fifo_read_n>
1000525c:	4605      	mov	r5, r0
1000525e:	b180      	cbz	r0, 10005282 <tud_cdc_n_write_flush+0x7e>
10005260:	4603      	mov	r3, r0
10005262:	4622      	mov	r2, r4
10005264:	4630      	mov	r0, r6
10005266:	78b9      	ldrb	r1, [r7, #2]
10005268:	f7ff fdee 	bl	10004e48 <usbd_edpt_xfer>
1000526c:	b938      	cbnz	r0, 1000527e <tud_cdc_n_write_flush+0x7a>
1000526e:	f04f 23e0 	mov.w	r3, #3758153728	@ 0xe000e000
10005272:	f8d3 3df0 	ldr.w	r3, [r3, #3568]	@ 0xdf0
10005276:	07db      	lsls	r3, r3, #31
10005278:	d5ca      	bpl.n	10005210 <tud_cdc_n_write_flush+0xc>
1000527a:	be00      	bkpt	0x0000
1000527c:	e7c8      	b.n	10005210 <tud_cdc_n_write_flush+0xc>
1000527e:	4628      	mov	r0, r5
10005280:	e7c7      	b.n	10005212 <tud_cdc_n_write_flush+0xe>
10005282:	78b9      	ldrb	r1, [r7, #2]
10005284:	f7ff fdce 	bl	10004e24 <usbd_edpt_release>
10005288:	e7c2      	b.n	10005210 <tud_cdc_n_write_flush+0xc>
1000528a:	bf00      	nop
1000528c:	20001208 	.word	0x20001208

10005290 <tud_cdc_n_write>:
10005290:	b538      	push	{r3, r4, r5, lr}
10005292:	f64f 75ff 	movw	r5, #65535	@ 0xffff
10005296:	f44f 7332 	mov.w	r3, #712	@ 0x2c8
1000529a:	42aa      	cmp	r2, r5
1000529c:	bf28      	it	cs
1000529e:	462a      	movcs	r2, r5
100052a0:	4c0a      	ldr	r4, [pc, #40]	@ (100052cc <tud_cdc_n_write+0x3c>)
100052a2:	b292      	uxth	r2, r2
100052a4:	fb03 4400 	mla	r4, r3, r0, r4
100052a8:	4605      	mov	r5, r0
100052aa:	4620      	mov	r0, r4
100052ac:	f000 fdec 	bl	10005e88 <tu_fifo_write_n>
100052b0:	4603      	mov	r3, r0
100052b2:	4620      	mov	r0, r4
100052b4:	461c      	mov	r4, r3
100052b6:	f000 fcc3 	bl	10005c40 <tu_fifo_count>
100052ba:	283f      	cmp	r0, #63	@ 0x3f
100052bc:	d801      	bhi.n	100052c2 <tud_cdc_n_write+0x32>
100052be:	4620      	mov	r0, r4
100052c0:	bd38      	pop	{r3, r4, r5, pc}
100052c2:	4628      	mov	r0, r5
100052c4:	f7ff ff9e 	bl	10005204 <tud_cdc_n_write_flush>
100052c8:	4620      	mov	r0, r4
100052ca:	bd38      	pop	{r3, r4, r5, pc}
100052cc:	2000122c 	.word	0x2000122c

100052d0 <tud_cdc_n_write_available>:
100052d0:	f44f 7232 	mov.w	r2, #712	@ 0x2c8
100052d4:	b508      	push	{r3, lr}
100052d6:	4b03      	ldr	r3, [pc, #12]	@ (100052e4 <tud_cdc_n_write_available+0x14>)
100052d8:	fb02 3000 	mla	r0, r2, r0, r3
100052dc:	f000 fcca 	bl	10005c74 <tu_fifo_remaining>
100052e0:	bd08      	pop	{r3, pc}
100052e2:	bf00      	nop
100052e4:	2000122c 	.word	0x2000122c

100052e8 <cdcd_init>:
100052e8:	b5f0      	push	{r4, r5, r6, r7, lr}
100052ea:	2500      	movs	r5, #0
100052ec:	4c1a      	ldr	r4, [pc, #104]	@ (10005358 <cdcd_init+0x70>)
100052ee:	b083      	sub	sp, #12
100052f0:	4629      	mov	r1, r5
100052f2:	f44f 7232 	mov.w	r2, #712	@ 0x2c8
100052f6:	4620      	mov	r0, r4
100052f8:	f000 ff40 	bl	1000617c <memset>
100052fc:	23ff      	movs	r3, #255	@ 0xff
100052fe:	f44f 31e1 	mov.w	r1, #115200	@ 0x1c200
10005302:	2208      	movs	r2, #8
10005304:	4815      	ldr	r0, [pc, #84]	@ (1000535c <cdcd_init+0x74>)
10005306:	f504 770e 	add.w	r7, r4, #568	@ 0x238
1000530a:	7005      	strb	r5, [r0, #0]
1000530c:	9500      	str	r5, [sp, #0]
1000530e:	f104 0010 	add.w	r0, r4, #16
10005312:	7163      	strb	r3, [r4, #5]
10005314:	60a1      	str	r1, [r4, #8]
10005316:	73a2      	strb	r2, [r4, #14]
10005318:	f104 0138 	add.w	r1, r4, #56	@ 0x38
1000531c:	2301      	movs	r3, #1
1000531e:	f44f 7280 	mov.w	r2, #256	@ 0x100
10005322:	f000 fc5d 	bl	10005be0 <tu_fifo_config>
10005326:	2301      	movs	r3, #1
10005328:	f44f 7280 	mov.w	r2, #256	@ 0x100
1000532c:	f504 719c 	add.w	r1, r4, #312	@ 0x138
10005330:	9300      	str	r3, [sp, #0]
10005332:	f104 0024 	add.w	r0, r4, #36	@ 0x24
10005336:	f000 fc53 	bl	10005be0 <tu_fifo_config>
1000533a:	f504 7610 	add.w	r6, r4, #576	@ 0x240
1000533e:	4638      	mov	r0, r7
10005340:	f7fb fdd8 	bl	10000ef4 <mutex_init>
10005344:	4630      	mov	r0, r6
10005346:	f7fb fdd5 	bl	10000ef4 <mutex_init>
1000534a:	e9c4 5707 	strd	r5, r7, [r4, #28]
1000534e:	e9c4 650c 	strd	r6, r5, [r4, #48]	@ 0x30
10005352:	b003      	add	sp, #12
10005354:	bdf0      	pop	{r4, r5, r6, r7, pc}
10005356:	bf00      	nop
10005358:	20001208 	.word	0x20001208
1000535c:	20001778 	.word	0x20001778

10005360 <cdcd_deinit>:
10005360:	4b09      	ldr	r3, [pc, #36]	@ (10005388 <cdcd_deinit+0x28>)
10005362:	6b19      	ldr	r1, [r3, #48]	@ 0x30
10005364:	6a1a      	ldr	r2, [r3, #32]
10005366:	b141      	cbz	r1, 1000537a <cdcd_deinit+0x1a>
10005368:	b112      	cbz	r2, 10005370 <cdcd_deinit+0x10>
1000536a:	2200      	movs	r2, #0
1000536c:	61da      	str	r2, [r3, #28]
1000536e:	621a      	str	r2, [r3, #32]
10005370:	2200      	movs	r2, #0
10005372:	e9c3 220c 	strd	r2, r2, [r3, #48]	@ 0x30
10005376:	2001      	movs	r0, #1
10005378:	4770      	bx	lr
1000537a:	2a00      	cmp	r2, #0
1000537c:	d0fb      	beq.n	10005376 <cdcd_deinit+0x16>
1000537e:	2001      	movs	r0, #1
10005380:	61d9      	str	r1, [r3, #28]
10005382:	6219      	str	r1, [r3, #32]
10005384:	4770      	bx	lr
10005386:	bf00      	nop
10005388:	20001208 	.word	0x20001208

1000538c <cdcd_reset>:
1000538c:	2200      	movs	r2, #0
1000538e:	b510      	push	{r4, lr}
10005390:	4c0e      	ldr	r4, [pc, #56]	@ (100053cc <cdcd_reset+0x40>)
10005392:	480f      	ldr	r0, [pc, #60]	@ (100053d0 <cdcd_reset+0x44>)
10005394:	7823      	ldrb	r3, [r4, #0]
10005396:	6002      	str	r2, [r0, #0]
10005398:	7102      	strb	r2, [r0, #4]
1000539a:	07da      	lsls	r2, r3, #31
1000539c:	d507      	bpl.n	100053ae <cdcd_reset+0x22>
1000539e:	079b      	lsls	r3, r3, #30
100053a0:	d50b      	bpl.n	100053ba <cdcd_reset+0x2e>
100053a2:	e8bd 4010 	ldmia.w	sp!, {r4, lr}
100053a6:	2101      	movs	r1, #1
100053a8:	480a      	ldr	r0, [pc, #40]	@ (100053d4 <cdcd_reset+0x48>)
100053aa:	f000 be53 	b.w	10006054 <tu_fifo_set_overwritable>
100053ae:	3010      	adds	r0, #16
100053b0:	f000 fe34 	bl	1000601c <tu_fifo_clear>
100053b4:	7823      	ldrb	r3, [r4, #0]
100053b6:	079b      	lsls	r3, r3, #30
100053b8:	d4f3      	bmi.n	100053a2 <cdcd_reset+0x16>
100053ba:	4806      	ldr	r0, [pc, #24]	@ (100053d4 <cdcd_reset+0x48>)
100053bc:	f000 fe2e 	bl	1000601c <tu_fifo_clear>
100053c0:	e8bd 4010 	ldmia.w	sp!, {r4, lr}
100053c4:	2101      	movs	r1, #1
100053c6:	4803      	ldr	r0, [pc, #12]	@ (100053d4 <cdcd_reset+0x48>)
100053c8:	f000 be44 	b.w	10006054 <tu_fifo_set_overwritable>
100053cc:	20001778 	.word	0x20001778
100053d0:	20001208 	.word	0x20001208
100053d4:	2000122c 	.word	0x2000122c

100053d8 <cdcd_open>:
100053d8:	b5f0      	push	{r4, r5, r6, r7, lr}
100053da:	794b      	ldrb	r3, [r1, #5]
100053dc:	b083      	sub	sp, #12
100053de:	2b02      	cmp	r3, #2
100053e0:	d003      	beq.n	100053ea <cdcd_open+0x12>
100053e2:	2500      	movs	r5, #0
100053e4:	4628      	mov	r0, r5
100053e6:	b003      	add	sp, #12
100053e8:	bdf0      	pop	{r4, r5, r6, r7, pc}
100053ea:	798b      	ldrb	r3, [r1, #6]
100053ec:	2b02      	cmp	r3, #2
100053ee:	d1f8      	bne.n	100053e2 <cdcd_open+0xa>
100053f0:	4f24      	ldr	r7, [pc, #144]	@ (10005484 <cdcd_open+0xac>)
100053f2:	78bb      	ldrb	r3, [r7, #2]
100053f4:	bb7b      	cbnz	r3, 10005456 <cdcd_open+0x7e>
100053f6:	788b      	ldrb	r3, [r1, #2]
100053f8:	4606      	mov	r6, r0
100053fa:	703b      	strb	r3, [r7, #0]
100053fc:	780b      	ldrb	r3, [r1, #0]
100053fe:	2509      	movs	r5, #9
10005400:	18cc      	adds	r4, r1, r3
10005402:	7861      	ldrb	r1, [r4, #1]
10005404:	2924      	cmp	r1, #36	@ 0x24
10005406:	d10b      	bne.n	10005420 <cdcd_open+0x48>
10005408:	2a08      	cmp	r2, #8
1000540a:	d802      	bhi.n	10005412 <cdcd_open+0x3a>
1000540c:	e01f      	b.n	1000544e <cdcd_open+0x76>
1000540e:	42aa      	cmp	r2, r5
10005410:	d31d      	bcc.n	1000544e <cdcd_open+0x76>
10005412:	7823      	ldrb	r3, [r4, #0]
10005414:	441c      	add	r4, r3
10005416:	7861      	ldrb	r1, [r4, #1]
10005418:	442b      	add	r3, r5
1000541a:	2924      	cmp	r1, #36	@ 0x24
1000541c:	b29d      	uxth	r5, r3
1000541e:	d0f6      	beq.n	1000540e <cdcd_open+0x36>
10005420:	2905      	cmp	r1, #5
10005422:	d020      	beq.n	10005466 <cdcd_open+0x8e>
10005424:	2904      	cmp	r1, #4
10005426:	d112      	bne.n	1000544e <cdcd_open+0x76>
10005428:	7963      	ldrb	r3, [r4, #5]
1000542a:	2b0a      	cmp	r3, #10
1000542c:	d10f      	bne.n	1000544e <cdcd_open+0x76>
1000542e:	4b16      	ldr	r3, [pc, #88]	@ (10005488 <cdcd_open+0xb0>)
10005430:	7827      	ldrb	r7, [r4, #0]
10005432:	9301      	str	r3, [sp, #4]
10005434:	3301      	adds	r3, #1
10005436:	9300      	str	r3, [sp, #0]
10005438:	2302      	movs	r3, #2
1000543a:	4630      	mov	r0, r6
1000543c:	461a      	mov	r2, r3
1000543e:	19e1      	adds	r1, r4, r7
10005440:	f7ff fc6e 	bl	10004d20 <usbd_open_edpt_pair>
10005444:	b138      	cbz	r0, 10005456 <cdcd_open+0x7e>
10005446:	350e      	adds	r5, #14
10005448:	fa17 f585 	uxtah	r5, r7, r5
1000544c:	b2ad      	uxth	r5, r5
1000544e:	480d      	ldr	r0, [pc, #52]	@ (10005484 <cdcd_open+0xac>)
10005450:	f7ff fe3e 	bl	100050d0 <_prep_out_transaction.isra.0>
10005454:	e7c6      	b.n	100053e4 <cdcd_open+0xc>
10005456:	f04f 23e0 	mov.w	r3, #3758153728	@ 0xe000e000
1000545a:	f8d3 3df0 	ldr.w	r3, [r3, #3568]	@ 0xdf0
1000545e:	07db      	lsls	r3, r3, #31
10005460:	d5bf      	bpl.n	100053e2 <cdcd_open+0xa>
10005462:	be00      	bkpt	0x0000
10005464:	e7bd      	b.n	100053e2 <cdcd_open+0xa>
10005466:	4621      	mov	r1, r4
10005468:	4630      	mov	r0, r6
1000546a:	f7ff fca7 	bl	10004dbc <usbd_edpt_open>
1000546e:	2800      	cmp	r0, #0
10005470:	d0f1      	beq.n	10005456 <cdcd_open+0x7e>
10005472:	78a3      	ldrb	r3, [r4, #2]
10005474:	707b      	strb	r3, [r7, #1]
10005476:	7823      	ldrb	r3, [r4, #0]
10005478:	441c      	add	r4, r3
1000547a:	442b      	add	r3, r5
1000547c:	7861      	ldrb	r1, [r4, #1]
1000547e:	b29d      	uxth	r5, r3
10005480:	e7d0      	b.n	10005424 <cdcd_open+0x4c>
10005482:	bf00      	nop
10005484:	20001208 	.word	0x20001208
10005488:	2000120a 	.word	0x2000120a

1000548c <cdcd_control_xfer_cb>:
1000548c:	7813      	ldrb	r3, [r2, #0]
1000548e:	f003 0360 	and.w	r3, r3, #96	@ 0x60
10005492:	2b20      	cmp	r3, #32
10005494:	d10e      	bne.n	100054b4 <cdcd_control_xfer_cb+0x28>
10005496:	b570      	push	{r4, r5, r6, lr}
10005498:	4c27      	ldr	r4, [pc, #156]	@ (10005538 <cdcd_control_xfer_cb+0xac>)
1000549a:	8893      	ldrh	r3, [r2, #4]
1000549c:	f894 c000 	ldrb.w	ip, [r4]
100054a0:	459c      	cmp	ip, r3
100054a2:	d109      	bne.n	100054b8 <cdcd_control_xfer_cb+0x2c>
100054a4:	7853      	ldrb	r3, [r2, #1]
100054a6:	3b20      	subs	r3, #32
100054a8:	2b03      	cmp	r3, #3
100054aa:	d805      	bhi.n	100054b8 <cdcd_control_xfer_cb+0x2c>
100054ac:	e8df f003 	tbb	[pc, r3]
100054b0:	0620180c 	.word	0x0620180c
100054b4:	2000      	movs	r0, #0
100054b6:	4770      	bx	lr
100054b8:	2000      	movs	r0, #0
100054ba:	bd70      	pop	{r4, r5, r6, pc}
100054bc:	2901      	cmp	r1, #1
100054be:	d02e      	beq.n	1000551e <cdcd_control_xfer_cb+0x92>
100054c0:	2903      	cmp	r1, #3
100054c2:	d030      	beq.n	10005526 <cdcd_control_xfer_cb+0x9a>
100054c4:	2001      	movs	r0, #1
100054c6:	bd70      	pop	{r4, r5, r6, pc}
100054c8:	2901      	cmp	r1, #1
100054ca:	d00b      	beq.n	100054e4 <cdcd_control_xfer_cb+0x58>
100054cc:	2903      	cmp	r1, #3
100054ce:	d1f9      	bne.n	100054c4 <cdcd_control_xfer_cb+0x38>
100054d0:	4b1a      	ldr	r3, [pc, #104]	@ (1000553c <cdcd_control_xfer_cb+0xb0>)
100054d2:	2b00      	cmp	r3, #0
100054d4:	d0f6      	beq.n	100054c4 <cdcd_control_xfer_cb+0x38>
100054d6:	2000      	movs	r0, #0
100054d8:	4919      	ldr	r1, [pc, #100]	@ (10005540 <cdcd_control_xfer_cb+0xb4>)
100054da:	f7fe fac9 	bl	10003a70 <tud_cdc_line_coding_cb>
100054de:	e7f1      	b.n	100054c4 <cdcd_control_xfer_cb+0x38>
100054e0:	2901      	cmp	r1, #1
100054e2:	d1ef      	bne.n	100054c4 <cdcd_control_xfer_cb+0x38>
100054e4:	4611      	mov	r1, r2
100054e6:	2307      	movs	r3, #7
100054e8:	4a15      	ldr	r2, [pc, #84]	@ (10005540 <cdcd_control_xfer_cb+0xb4>)
100054ea:	f7ff fcff 	bl	10004eec <tud_control_xfer>
100054ee:	e7e9      	b.n	100054c4 <cdcd_control_xfer_cb+0x38>
100054f0:	2901      	cmp	r1, #1
100054f2:	d014      	beq.n	1000551e <cdcd_control_xfer_cb+0x92>
100054f4:	2903      	cmp	r1, #3
100054f6:	d1e5      	bne.n	100054c4 <cdcd_control_xfer_cb+0x38>
100054f8:	8855      	ldrh	r5, [r2, #2]
100054fa:	4812      	ldr	r0, [pc, #72]	@ (10005544 <cdcd_control_xfer_cb+0xb8>)
100054fc:	f005 0601 	and.w	r6, r5, #1
10005500:	f086 0101 	eor.w	r1, r6, #1
10005504:	7125      	strb	r5, [r4, #4]
10005506:	f000 fda5 	bl	10006054 <tu_fifo_set_overwritable>
1000550a:	4b0f      	ldr	r3, [pc, #60]	@ (10005548 <cdcd_control_xfer_cb+0xbc>)
1000550c:	2b00      	cmp	r3, #0
1000550e:	d0d9      	beq.n	100054c4 <cdcd_control_xfer_cb+0x38>
10005510:	4631      	mov	r1, r6
10005512:	2000      	movs	r0, #0
10005514:	f3c5 0240 	ubfx	r2, r5, #1, #1
10005518:	f3af 8000 	nop.w
1000551c:	e7d2      	b.n	100054c4 <cdcd_control_xfer_cb+0x38>
1000551e:	4611      	mov	r1, r2
10005520:	f7ff fcca 	bl	10004eb8 <tud_control_status>
10005524:	e7ce      	b.n	100054c4 <cdcd_control_xfer_cb+0x38>
10005526:	4b09      	ldr	r3, [pc, #36]	@ (1000554c <cdcd_control_xfer_cb+0xc0>)
10005528:	2b00      	cmp	r3, #0
1000552a:	d0cb      	beq.n	100054c4 <cdcd_control_xfer_cb+0x38>
1000552c:	2000      	movs	r0, #0
1000552e:	8851      	ldrh	r1, [r2, #2]
10005530:	f3af 8000 	nop.w
10005534:	e7c6      	b.n	100054c4 <cdcd_control_xfer_cb+0x38>
10005536:	bf00      	nop
10005538:	20001208 	.word	0x20001208
1000553c:	10003a71 	.word	0x10003a71
10005540:	20001210 	.word	0x20001210
10005544:	2000122c 	.word	0x2000122c
	...

10005550 <cdcd_xfer_cb>:
10005550:	e92d 47f0 	stmdb	sp!, {r4, r5, r6, r7, r8, r9, sl, lr}
10005554:	4e37      	ldr	r6, [pc, #220]	@ (10005634 <cdcd_xfer_cb+0xe4>)
10005556:	460c      	mov	r4, r1
10005558:	78f2      	ldrb	r2, [r6, #3]
1000555a:	4607      	mov	r7, r0
1000555c:	428a      	cmp	r2, r1
1000555e:	461d      	mov	r5, r3
10005560:	f896 c002 	ldrb.w	ip, [r6, #2]
10005564:	d03c      	beq.n	100055e0 <cdcd_xfer_cb+0x90>
10005566:	458c      	cmp	ip, r1
10005568:	d013      	beq.n	10005592 <cdcd_xfer_cb+0x42>
1000556a:	f04f 23e0 	mov.w	r3, #3758153728	@ 0xe000e000
1000556e:	f8d3 3df0 	ldr.w	r3, [r3, #3568]	@ 0xdf0
10005572:	07db      	lsls	r3, r3, #31
10005574:	d500      	bpl.n	10005578 <cdcd_xfer_cb+0x28>
10005576:	be00      	bkpt	0x0000
10005578:	2000      	movs	r0, #0
1000557a:	e8bd 87f0 	ldmia.w	sp!, {r4, r5, r6, r7, r8, r9, sl, pc}
1000557e:	4b2e      	ldr	r3, [pc, #184]	@ (10005638 <cdcd_xfer_cb+0xe8>)
10005580:	b123      	cbz	r3, 1000558c <cdcd_xfer_cb+0x3c>
10005582:	482e      	ldr	r0, [pc, #184]	@ (1000563c <cdcd_xfer_cb+0xec>)
10005584:	f000 fb6c 	bl	10005c60 <tu_fifo_empty>
10005588:	2800      	cmp	r0, #0
1000558a:	d04f      	beq.n	1000562c <cdcd_xfer_cb+0xdc>
1000558c:	4829      	ldr	r0, [pc, #164]	@ (10005634 <cdcd_xfer_cb+0xe4>)
1000558e:	f7ff fd9f 	bl	100050d0 <_prep_out_transaction.isra.0>
10005592:	78b3      	ldrb	r3, [r6, #2]
10005594:	42a3      	cmp	r3, r4
10005596:	d002      	beq.n	1000559e <cdcd_xfer_cb+0x4e>
10005598:	2001      	movs	r0, #1
1000559a:	e8bd 87f0 	ldmia.w	sp!, {r4, r5, r6, r7, r8, r9, sl, pc}
1000559e:	4b28      	ldr	r3, [pc, #160]	@ (10005640 <cdcd_xfer_cb+0xf0>)
100055a0:	b113      	cbz	r3, 100055a8 <cdcd_xfer_cb+0x58>
100055a2:	2000      	movs	r0, #0
100055a4:	f3af 8000 	nop.w
100055a8:	2000      	movs	r0, #0
100055aa:	f7ff fe2b 	bl	10005204 <tud_cdc_n_write_flush>
100055ae:	2800      	cmp	r0, #0
100055b0:	d1f2      	bne.n	10005598 <cdcd_xfer_cb+0x48>
100055b2:	4824      	ldr	r0, [pc, #144]	@ (10005644 <cdcd_xfer_cb+0xf4>)
100055b4:	f000 fb44 	bl	10005c40 <tu_fifo_count>
100055b8:	2800      	cmp	r0, #0
100055ba:	d1ed      	bne.n	10005598 <cdcd_xfer_cb+0x48>
100055bc:	2d00      	cmp	r5, #0
100055be:	d0eb      	beq.n	10005598 <cdcd_xfer_cb+0x48>
100055c0:	f015 053f 	ands.w	r5, r5, #63	@ 0x3f
100055c4:	d1e8      	bne.n	10005598 <cdcd_xfer_cb+0x48>
100055c6:	4638      	mov	r0, r7
100055c8:	78b1      	ldrb	r1, [r6, #2]
100055ca:	f7ff fc19 	bl	10004e00 <usbd_edpt_claim>
100055ce:	2800      	cmp	r0, #0
100055d0:	d0e2      	beq.n	10005598 <cdcd_xfer_cb+0x48>
100055d2:	462b      	mov	r3, r5
100055d4:	462a      	mov	r2, r5
100055d6:	4638      	mov	r0, r7
100055d8:	78b1      	ldrb	r1, [r6, #2]
100055da:	f7ff fc35 	bl	10004e48 <usbd_edpt_xfer>
100055de:	e7db      	b.n	10005598 <cdcd_xfer_cb+0x48>
100055e0:	b29a      	uxth	r2, r3
100055e2:	f506 7112 	add.w	r1, r6, #584	@ 0x248
100055e6:	f106 0010 	add.w	r0, r6, #16
100055ea:	f000 fc4d 	bl	10005e88 <tu_fifo_write_n>
100055ee:	4b16      	ldr	r3, [pc, #88]	@ (10005648 <cdcd_xfer_cb+0xf8>)
100055f0:	2b00      	cmp	r3, #0
100055f2:	d0c4      	beq.n	1000557e <cdcd_xfer_cb+0x2e>
100055f4:	7973      	ldrb	r3, [r6, #5]
100055f6:	2bff      	cmp	r3, #255	@ 0xff
100055f8:	d0c1      	beq.n	1000557e <cdcd_xfer_cb+0x2e>
100055fa:	2d00      	cmp	r5, #0
100055fc:	d0bf      	beq.n	1000557e <cdcd_xfer_cb+0x2e>
100055fe:	f206 2847 	addw	r8, r6, #583	@ 0x247
10005602:	eb08 0a05 	add.w	sl, r8, r5
10005606:	f2a8 2937 	subw	r9, r8, #567	@ 0x237
1000560a:	e002      	b.n	10005612 <cdcd_xfer_cb+0xc2>
1000560c:	45c2      	cmp	sl, r8
1000560e:	d0b6      	beq.n	1000557e <cdcd_xfer_cb+0x2e>
10005610:	7973      	ldrb	r3, [r6, #5]
10005612:	f818 2f01 	ldrb.w	r2, [r8, #1]!
10005616:	429a      	cmp	r2, r3
10005618:	d1f8      	bne.n	1000560c <cdcd_xfer_cb+0xbc>
1000561a:	4648      	mov	r0, r9
1000561c:	f000 fb20 	bl	10005c60 <tu_fifo_empty>
10005620:	2800      	cmp	r0, #0
10005622:	d1f3      	bne.n	1000560c <cdcd_xfer_cb+0xbc>
10005624:	7971      	ldrb	r1, [r6, #5]
10005626:	f3af 8000 	nop.w
1000562a:	e7ef      	b.n	1000560c <cdcd_xfer_cb+0xbc>
1000562c:	f3af 8000 	nop.w
10005630:	e7ac      	b.n	1000558c <cdcd_xfer_cb+0x3c>
10005632:	bf00      	nop
10005634:	20001208 	.word	0x20001208
10005638:	00000000 	.word	0x00000000
1000563c:	20001218 	.word	0x20001218
10005640:	00000000 	.word	0x00000000
10005644:	2000122c 	.word	0x2000122c
10005648:	00000000 	.word	0x00000000

1000564c <vendord_init>:
1000564c:	b570      	push	{r4, r5, r6, lr}
1000564e:	4c15      	ldr	r4, [pc, #84]	@ (100056a4 <vendord_init+0x58>)
10005650:	b084      	sub	sp, #16
10005652:	f44f 7233 	mov.w	r2, #716	@ 0x2cc
10005656:	2100      	movs	r1, #0
10005658:	4620      	mov	r0, r4
1000565a:	f000 fd8f 	bl	1000617c <memset>
1000565e:	2640      	movs	r6, #64	@ 0x40
10005660:	2300      	movs	r3, #0
10005662:	f44f 7580 	mov.w	r5, #256	@ 0x100
10005666:	1d22      	adds	r2, r4, #4
10005668:	9202      	str	r2, [sp, #8]
1000566a:	f504 72e6 	add.w	r2, r4, #460	@ 0x1cc
1000566e:	4619      	mov	r1, r3
10005670:	9200      	str	r2, [sp, #0]
10005672:	f504 70d4 	add.w	r0, r4, #424	@ 0x1a8
10005676:	461a      	mov	r2, r3
10005678:	9603      	str	r6, [sp, #12]
1000567a:	9501      	str	r5, [sp, #4]
1000567c:	f000 f9ac 	bl	100059d8 <tu_edpt_stream_init>
10005680:	2300      	movs	r3, #0
10005682:	f104 0244 	add.w	r2, r4, #68	@ 0x44
10005686:	f104 01a8 	add.w	r1, r4, #168	@ 0xa8
1000568a:	e9cd 5201 	strd	r5, r2, [sp, #4]
1000568e:	9100      	str	r1, [sp, #0]
10005690:	2201      	movs	r2, #1
10005692:	4619      	mov	r1, r3
10005694:	9603      	str	r6, [sp, #12]
10005696:	f104 0084 	add.w	r0, r4, #132	@ 0x84
1000569a:	f000 f99d 	bl	100059d8 <tu_edpt_stream_init>
1000569e:	b004      	add	sp, #16
100056a0:	bd70      	pop	{r4, r5, r6, pc}
100056a2:	bf00      	nop
100056a4:	20001914 	.word	0x20001914

100056a8 <vendord_deinit>:
100056a8:	b510      	push	{r4, lr}
100056aa:	4c05      	ldr	r4, [pc, #20]	@ (100056c0 <vendord_deinit+0x18>)
100056ac:	4620      	mov	r0, r4
100056ae:	f000 f9bf 	bl	10005a30 <tu_edpt_stream_deinit>
100056b2:	f5a4 7092 	sub.w	r0, r4, #292	@ 0x124
100056b6:	f000 f9bb 	bl	10005a30 <tu_edpt_stream_deinit>
100056ba:	2001      	movs	r0, #1
100056bc:	bd10      	pop	{r4, pc}
100056be:	bf00      	nop
100056c0:	20001abc 	.word	0x20001abc

100056c4 <vendord_reset>:
100056c4:	2300      	movs	r3, #0
100056c6:	b510      	push	{r4, lr}
100056c8:	4c05      	ldr	r4, [pc, #20]	@ (100056e0 <vendord_reset+0x1c>)
100056ca:	f504 70d8 	add.w	r0, r4, #432	@ 0x1b0
100056ce:	7023      	strb	r3, [r4, #0]
100056d0:	f000 fca4 	bl	1000601c <tu_fifo_clear>
100056d4:	f104 008c 	add.w	r0, r4, #140	@ 0x8c
100056d8:	e8bd 4010 	ldmia.w	sp!, {r4, lr}
100056dc:	f000 bc9e 	b.w	1000601c <tu_fifo_clear>
100056e0:	20001914 	.word	0x20001914

100056e4 <vendord_open>:
100056e4:	e92d 4ff8 	stmdb	sp!, {r3, r4, r5, r6, r7, r8, r9, sl, fp, lr}
100056e8:	794b      	ldrb	r3, [r1, #5]
100056ea:	2bff      	cmp	r3, #255	@ 0xff
100056ec:	d002      	beq.n	100056f4 <vendord_open+0x10>
100056ee:	2000      	movs	r0, #0
100056f0:	e8bd 8ff8 	ldmia.w	sp!, {r3, r4, r5, r6, r7, r8, r9, sl, fp, pc}
100056f4:	4d3a      	ldr	r5, [pc, #232]	@ (100057e0 <vendord_open+0xfc>)
100056f6:	460e      	mov	r6, r1
100056f8:	f895 31a9 	ldrb.w	r3, [r5, #425]	@ 0x1a9
100056fc:	780c      	ldrb	r4, [r1, #0]
100056fe:	2b00      	cmp	r3, #0
10005700:	d1f5      	bne.n	100056ee <vendord_open+0xa>
10005702:	f895 7085 	ldrb.w	r7, [r5, #133]	@ 0x85
10005706:	2f00      	cmp	r7, #0
10005708:	d1f1      	bne.n	100056ee <vendord_open+0xa>
1000570a:	788b      	ldrb	r3, [r1, #2]
1000570c:	440c      	add	r4, r1
1000570e:	702b      	strb	r3, [r5, #0]
10005710:	790b      	ldrb	r3, [r1, #4]
10005712:	2b00      	cmp	r3, #0
10005714:	d03e      	beq.n	10005794 <vendord_open+0xb0>
10005716:	4680      	mov	r8, r0
10005718:	eb04 0b02 	add.w	fp, r4, r2
1000571c:	f505 7ad8 	add.w	sl, r5, #432	@ 0x1b0
10005720:	f505 79d4 	add.w	r9, r5, #424	@ 0x1a8
10005724:	7863      	ldrb	r3, [r4, #1]
10005726:	2b05      	cmp	r3, #5
10005728:	d009      	beq.n	1000573e <vendord_open+0x5a>
1000572a:	45a3      	cmp	fp, r4
1000572c:	d802      	bhi.n	10005734 <vendord_open+0x50>
1000572e:	e031      	b.n	10005794 <vendord_open+0xb0>
10005730:	455c      	cmp	r4, fp
10005732:	d22f      	bcs.n	10005794 <vendord_open+0xb0>
10005734:	7823      	ldrb	r3, [r4, #0]
10005736:	441c      	add	r4, r3
10005738:	7863      	ldrb	r3, [r4, #1]
1000573a:	2b05      	cmp	r3, #5
1000573c:	d1f8      	bne.n	10005730 <vendord_open+0x4c>
1000573e:	45a3      	cmp	fp, r4
10005740:	d928      	bls.n	10005794 <vendord_open+0xb0>
10005742:	4621      	mov	r1, r4
10005744:	4640      	mov	r0, r8
10005746:	f7ff fb39 	bl	10004dbc <usbd_edpt_open>
1000574a:	2800      	cmp	r0, #0
1000574c:	d03f      	beq.n	100057ce <vendord_open+0xea>
1000574e:	78a3      	ldrb	r3, [r4, #2]
10005750:	09db      	lsrs	r3, r3, #7
10005752:	d123      	bne.n	1000579c <vendord_open+0xb8>
10005754:	4650      	mov	r0, sl
10005756:	f000 fc61 	bl	1000601c <tu_fifo_clear>
1000575a:	78a3      	ldrb	r3, [r4, #2]
1000575c:	f895 11a8 	ldrb.w	r1, [r5, #424]	@ 0x1a8
10005760:	f885 31a9 	strb.w	r3, [r5, #425]	@ 0x1a9
10005764:	88a3      	ldrh	r3, [r4, #4]
10005766:	4640      	mov	r0, r8
10005768:	f3c3 030a 	ubfx	r3, r3, #0, #11
1000576c:	f5a3 7300 	sub.w	r3, r3, #512	@ 0x200
10005770:	fab3 f383 	clz	r3, r3
10005774:	095b      	lsrs	r3, r3, #5
10005776:	f363 0141 	bfi	r1, r3, #1, #1
1000577a:	f885 11a8 	strb.w	r1, [r5, #424]	@ 0x1a8
1000577e:	4649      	mov	r1, r9
10005780:	f000 f9c4 	bl	10005b0c <tu_edpt_stream_read_xfer>
10005784:	b318      	cbz	r0, 100057ce <vendord_open+0xea>
10005786:	7823      	ldrb	r3, [r4, #0]
10005788:	7931      	ldrb	r1, [r6, #4]
1000578a:	3701      	adds	r7, #1
1000578c:	441c      	add	r4, r3
1000578e:	b2fb      	uxtb	r3, r7
10005790:	4299      	cmp	r1, r3
10005792:	d8c7      	bhi.n	10005724 <vendord_open+0x40>
10005794:	1ba1      	subs	r1, r4, r6
10005796:	b288      	uxth	r0, r1
10005798:	e8bd 8ff8 	ldmia.w	sp!, {r3, r4, r5, r6, r7, r8, r9, sl, fp, pc}
1000579c:	4811      	ldr	r0, [pc, #68]	@ (100057e4 <vendord_open+0x100>)
1000579e:	f000 fc3d 	bl	1000601c <tu_fifo_clear>
100057a2:	78a3      	ldrb	r3, [r4, #2]
100057a4:	f895 1084 	ldrb.w	r1, [r5, #132]	@ 0x84
100057a8:	f885 3085 	strb.w	r3, [r5, #133]	@ 0x85
100057ac:	88a3      	ldrh	r3, [r4, #4]
100057ae:	2000      	movs	r0, #0
100057b0:	f3c3 030a 	ubfx	r3, r3, #0, #11
100057b4:	f5a3 7300 	sub.w	r3, r3, #512	@ 0x200
100057b8:	fab3 f383 	clz	r3, r3
100057bc:	095b      	lsrs	r3, r3, #5
100057be:	f363 0141 	bfi	r1, r3, #1, #1
100057c2:	f885 1084 	strb.w	r1, [r5, #132]	@ 0x84
100057c6:	4908      	ldr	r1, [pc, #32]	@ (100057e8 <vendord_open+0x104>)
100057c8:	f000 f968 	bl	10005a9c <tu_edpt_stream_write_xfer>
100057cc:	e7db      	b.n	10005786 <vendord_open+0xa2>
100057ce:	f04f 23e0 	mov.w	r3, #3758153728	@ 0xe000e000
100057d2:	f8d3 3df0 	ldr.w	r3, [r3, #3568]	@ 0xdf0
100057d6:	07db      	lsls	r3, r3, #31
100057d8:	d589      	bpl.n	100056ee <vendord_open+0xa>
100057da:	be00      	bkpt	0x0000
100057dc:	e787      	b.n	100056ee <vendord_open+0xa>
100057de:	bf00      	nop
100057e0:	20001914 	.word	0x20001914
100057e4:	200019a0 	.word	0x200019a0
100057e8:	20001998 	.word	0x20001998

100057ec <vendord_xfer_cb>:
100057ec:	b570      	push	{r4, r5, r6, lr}
100057ee:	4c1b      	ldr	r4, [pc, #108]	@ (1000585c <vendord_xfer_cb+0x70>)
100057f0:	4606      	mov	r6, r0
100057f2:	f894 c1a9 	ldrb.w	ip, [r4, #425]	@ 0x1a9
100057f6:	461d      	mov	r5, r3
100057f8:	458c      	cmp	ip, r1
100057fa:	d012      	beq.n	10005822 <vendord_xfer_cb+0x36>
100057fc:	f894 3085 	ldrb.w	r3, [r4, #133]	@ 0x85
10005800:	428b      	cmp	r3, r1
10005802:	d10c      	bne.n	1000581e <vendord_xfer_cb+0x32>
10005804:	4b16      	ldr	r3, [pc, #88]	@ (10005860 <vendord_xfer_cb+0x74>)
10005806:	b11b      	cbz	r3, 10005810 <vendord_xfer_cb+0x24>
10005808:	2000      	movs	r0, #0
1000580a:	b2a9      	uxth	r1, r5
1000580c:	f3af 8000 	nop.w
10005810:	4630      	mov	r0, r6
10005812:	4914      	ldr	r1, [pc, #80]	@ (10005864 <vendord_xfer_cb+0x78>)
10005814:	f000 f942 	bl	10005a9c <tu_edpt_stream_write_xfer>
10005818:	b1d0      	cbz	r0, 10005850 <vendord_xfer_cb+0x64>
1000581a:	2001      	movs	r0, #1
1000581c:	bd70      	pop	{r4, r5, r6, pc}
1000581e:	2000      	movs	r0, #0
10005820:	bd70      	pop	{r4, r5, r6, pc}
10005822:	f8b4 31b4 	ldrh.w	r3, [r4, #436]	@ 0x1b4
10005826:	b95b      	cbnz	r3, 10005840 <vendord_xfer_cb+0x54>
10005828:	4b0f      	ldr	r3, [pc, #60]	@ (10005868 <vendord_xfer_cb+0x7c>)
1000582a:	b123      	cbz	r3, 10005836 <vendord_xfer_cb+0x4a>
1000582c:	2000      	movs	r0, #0
1000582e:	490f      	ldr	r1, [pc, #60]	@ (1000586c <vendord_xfer_cb+0x80>)
10005830:	b2aa      	uxth	r2, r5
10005832:	f3af 8000 	nop.w
10005836:	4630      	mov	r0, r6
10005838:	490d      	ldr	r1, [pc, #52]	@ (10005870 <vendord_xfer_cb+0x84>)
1000583a:	f000 f967 	bl	10005b0c <tu_edpt_stream_read_xfer>
1000583e:	e7ec      	b.n	1000581a <vendord_xfer_cb+0x2e>
10005840:	f8d4 11ac 	ldr.w	r1, [r4, #428]	@ 0x1ac
10005844:	b2aa      	uxth	r2, r5
10005846:	f504 70d8 	add.w	r0, r4, #432	@ 0x1b0
1000584a:	f000 fb1d 	bl	10005e88 <tu_fifo_write_n>
1000584e:	e7eb      	b.n	10005828 <vendord_xfer_cb+0x3c>
10005850:	462a      	mov	r2, r5
10005852:	4630      	mov	r0, r6
10005854:	4903      	ldr	r1, [pc, #12]	@ (10005864 <vendord_xfer_cb+0x78>)
10005856:	f000 f8ed 	bl	10005a34 <tu_edpt_stream_write_zlp_if_needed>
1000585a:	e7de      	b.n	1000581a <vendord_xfer_cb+0x2e>
1000585c:	20001914 	.word	0x20001914
10005860:	00000000 	.word	0x00000000
10005864:	20001998 	.word	0x20001998
10005868:	00000000 	.word	0x00000000
1000586c:	20001918 	.word	0x20001918
10005870:	20001abc 	.word	0x20001abc

10005874 <tusb_init>:
10005874:	b508      	push	{r3, lr}
10005876:	2000      	movs	r0, #0
10005878:	f7fe fe0a 	bl	10004490 <tud_init>
1000587c:	b100      	cbz	r0, 10005880 <tusb_init+0xc>
1000587e:	bd08      	pop	{r3, pc}
10005880:	f04f 23e0 	mov.w	r3, #3758153728	@ 0xe000e000
10005884:	f8d3 3df0 	ldr.w	r3, [r3, #3568]	@ 0xdf0
10005888:	07db      	lsls	r3, r3, #31
1000588a:	d5f8      	bpl.n	1000587e <tusb_init+0xa>
1000588c:	be00      	bkpt	0x0000
1000588e:	bd08      	pop	{r3, pc}

10005890 <tu_edpt_claim>:
10005890:	b5f8      	push	{r3, r4, r5, r6, r7, lr}
10005892:	7803      	ldrb	r3, [r0, #0]
10005894:	f013 0401 	ands.w	r4, r3, #1
10005898:	d11a      	bne.n	100058d0 <tu_edpt_claim+0x40>
1000589a:	7803      	ldrb	r3, [r0, #0]
1000589c:	4605      	mov	r5, r0
1000589e:	075a      	lsls	r2, r3, #29
100058a0:	f3c3 0780 	ubfx	r7, r3, #2, #1
100058a4:	d501      	bpl.n	100058aa <tu_edpt_claim+0x1a>
100058a6:	4620      	mov	r0, r4
100058a8:	bdf8      	pop	{r3, r4, r5, r6, r7, pc}
100058aa:	460e      	mov	r6, r1
100058ac:	f04f 31ff 	mov.w	r1, #4294967295	@ 0xffffffff
100058b0:	4630      	mov	r0, r6
100058b2:	f000 fce9 	bl	10006288 <__mutex_enter_timeout_ms_veneer>
100058b6:	782b      	ldrb	r3, [r5, #0]
100058b8:	f013 0401 	ands.w	r4, r3, #1
100058bc:	d10b      	bne.n	100058d6 <tu_edpt_claim+0x46>
100058be:	782b      	ldrb	r3, [r5, #0]
100058c0:	075b      	lsls	r3, r3, #29
100058c2:	d409      	bmi.n	100058d8 <tu_edpt_claim+0x48>
100058c4:	782b      	ldrb	r3, [r5, #0]
100058c6:	2401      	movs	r4, #1
100058c8:	f043 0304 	orr.w	r3, r3, #4
100058cc:	702b      	strb	r3, [r5, #0]
100058ce:	e003      	b.n	100058d8 <tu_edpt_claim+0x48>
100058d0:	2400      	movs	r4, #0
100058d2:	4620      	mov	r0, r4
100058d4:	bdf8      	pop	{r3, r4, r5, r6, r7, pc}
100058d6:	463c      	mov	r4, r7
100058d8:	4630      	mov	r0, r6
100058da:	f000 fce5 	bl	100062a8 <__mutex_exit_veneer>
100058de:	4620      	mov	r0, r4
100058e0:	bdf8      	pop	{r3, r4, r5, r6, r7, pc}
100058e2:	bf00      	nop

100058e4 <tu_edpt_release>:
100058e4:	b570      	push	{r4, r5, r6, lr}
100058e6:	460c      	mov	r4, r1
100058e8:	4605      	mov	r5, r0
100058ea:	f04f 31ff 	mov.w	r1, #4294967295	@ 0xffffffff
100058ee:	4620      	mov	r0, r4
100058f0:	f000 fcca 	bl	10006288 <__mutex_enter_timeout_ms_veneer>
100058f4:	782b      	ldrb	r3, [r5, #0]
100058f6:	f3c3 0680 	ubfx	r6, r3, #2, #1
100058fa:	075b      	lsls	r3, r3, #29
100058fc:	d508      	bpl.n	10005910 <tu_edpt_release+0x2c>
100058fe:	782b      	ldrb	r3, [r5, #0]
10005900:	f013 0301 	ands.w	r3, r3, #1
10005904:	bf11      	iteee	ne
10005906:	2600      	movne	r6, #0
10005908:	782a      	ldrbeq	r2, [r5, #0]
1000590a:	f363 0282 	bfieq	r2, r3, #2, #1
1000590e:	702a      	strbeq	r2, [r5, #0]
10005910:	4620      	mov	r0, r4
10005912:	f000 fcc9 	bl	100062a8 <__mutex_exit_veneer>
10005916:	4630      	mov	r0, r6
10005918:	bd70      	pop	{r4, r5, r6, pc}
1000591a:	bf00      	nop

1000591c <tu_edpt_validate>:
1000591c:	78c3      	ldrb	r3, [r0, #3]
1000591e:	8882      	ldrh	r2, [r0, #4]
10005920:	f003 0003 	and.w	r0, r3, #3
10005924:	2802      	cmp	r0, #2
10005926:	f3c2 020a 	ubfx	r2, r2, #0, #11
1000592a:	d005      	beq.n	10005938 <tu_edpt_validate+0x1c>
1000592c:	2803      	cmp	r0, #3
1000592e:	d01a      	beq.n	10005966 <tu_edpt_validate+0x4a>
10005930:	2801      	cmp	r0, #1
10005932:	d007      	beq.n	10005944 <tu_edpt_validate+0x28>
10005934:	2000      	movs	r0, #0
10005936:	4770      	bx	lr
10005938:	2902      	cmp	r1, #2
1000593a:	d01d      	beq.n	10005978 <tu_edpt_validate+0x5c>
1000593c:	2a40      	cmp	r2, #64	@ 0x40
1000593e:	d809      	bhi.n	10005954 <tu_edpt_validate+0x38>
10005940:	2001      	movs	r0, #1
10005942:	4770      	bx	lr
10005944:	2902      	cmp	r1, #2
10005946:	f240 33ff 	movw	r3, #1023	@ 0x3ff
1000594a:	bf08      	it	eq
1000594c:	f44f 6380 	moveq.w	r3, #1024	@ 0x400
10005950:	4293      	cmp	r3, r2
10005952:	d2f6      	bcs.n	10005942 <tu_edpt_validate+0x26>
10005954:	f04f 23e0 	mov.w	r3, #3758153728	@ 0xe000e000
10005958:	f8d3 3df0 	ldr.w	r3, [r3, #3568]	@ 0xdf0
1000595c:	07db      	lsls	r3, r3, #31
1000595e:	d5e9      	bpl.n	10005934 <tu_edpt_validate+0x18>
10005960:	be00      	bkpt	0x0000
10005962:	2000      	movs	r0, #0
10005964:	4770      	bx	lr
10005966:	2902      	cmp	r1, #2
10005968:	bf14      	ite	ne
1000596a:	2340      	movne	r3, #64	@ 0x40
1000596c:	f44f 6380 	moveq.w	r3, #1024	@ 0x400
10005970:	4293      	cmp	r3, r2
10005972:	d3ef      	bcc.n	10005954 <tu_edpt_validate+0x38>
10005974:	2001      	movs	r0, #1
10005976:	e7e4      	b.n	10005942 <tu_edpt_validate+0x26>
10005978:	f5b2 7f00 	cmp.w	r2, #512	@ 0x200
1000597c:	d0e0      	beq.n	10005940 <tu_edpt_validate+0x24>
1000597e:	e7e9      	b.n	10005954 <tu_edpt_validate+0x38>

10005980 <tu_edpt_bind_driver>:
10005980:	440a      	add	r2, r1
10005982:	4291      	cmp	r1, r2
10005984:	d226      	bcs.n	100059d4 <tu_edpt_bind_driver+0x54>
10005986:	f891 c001 	ldrb.w	ip, [r1, #1]
1000598a:	f1bc 0f05 	cmp.w	ip, #5
1000598e:	d005      	beq.n	1000599c <tu_edpt_bind_driver+0x1c>
10005990:	f891 c000 	ldrb.w	ip, [r1]
10005994:	4461      	add	r1, ip
10005996:	428a      	cmp	r2, r1
10005998:	d8f5      	bhi.n	10005986 <tu_edpt_bind_driver+0x6>
1000599a:	4770      	bx	lr
1000599c:	b500      	push	{lr}
1000599e:	f891 c002 	ldrb.w	ip, [r1, #2]
100059a2:	f00c 0e7f 	and.w	lr, ip, #127	@ 0x7f
100059a6:	eb00 0e4e 	add.w	lr, r0, lr, lsl #1
100059aa:	ea4f 1cdc 	mov.w	ip, ip, lsr #7
100059ae:	f80e 300c 	strb.w	r3, [lr, ip]
100059b2:	f891 c000 	ldrb.w	ip, [r1]
100059b6:	4461      	add	r1, ip
100059b8:	428a      	cmp	r2, r1
100059ba:	d909      	bls.n	100059d0 <tu_edpt_bind_driver+0x50>
100059bc:	f891 c001 	ldrb.w	ip, [r1, #1]
100059c0:	f1bc 0f05 	cmp.w	ip, #5
100059c4:	d0eb      	beq.n	1000599e <tu_edpt_bind_driver+0x1e>
100059c6:	f891 c000 	ldrb.w	ip, [r1]
100059ca:	4461      	add	r1, ip
100059cc:	428a      	cmp	r2, r1
100059ce:	d8f5      	bhi.n	100059bc <tu_edpt_bind_driver+0x3c>
100059d0:	f85d fb04 	ldr.w	pc, [sp], #4
100059d4:	4770      	bx	lr
100059d6:	bf00      	nop

100059d8 <tu_edpt_stream_init>:
100059d8:	e92d 41f0 	stmdb	sp!, {r4, r5, r6, r7, r8, lr}
100059dc:	468e      	mov	lr, r1
100059de:	b082      	sub	sp, #8
100059e0:	9300      	str	r3, [sp, #0]
100059e2:	f890 c000 	ldrb.w	ip, [r0]
100059e6:	9e08      	ldr	r6, [sp, #32]
100059e8:	f8bd 7024 	ldrh.w	r7, [sp, #36]	@ 0x24
100059ec:	f36e 0c00 	bfi	ip, lr, #0, #1
100059f0:	4604      	mov	r4, r0
100059f2:	4615      	mov	r5, r2
100059f4:	2301      	movs	r3, #1
100059f6:	4631      	mov	r1, r6
100059f8:	463a      	mov	r2, r7
100059fa:	f800 cb08 	strb.w	ip, [r0], #8
100059fe:	f8bd 802c 	ldrh.w	r8, [sp, #44]	@ 0x2c
10005a02:	f000 f8ed 	bl	10005be0 <tu_fifo_config>
10005a06:	b106      	cbz	r6, 10005a0a <tu_edpt_stream_init+0x32>
10005a08:	b93f      	cbnz	r7, 10005a1a <tu_edpt_stream_init+0x42>
10005a0a:	2001      	movs	r0, #1
10005a0c:	9b0a      	ldr	r3, [sp, #40]	@ 0x28
10005a0e:	f8a4 8002 	strh.w	r8, [r4, #2]
10005a12:	6063      	str	r3, [r4, #4]
10005a14:	b002      	add	sp, #8
10005a16:	e8bd 81f0 	ldmia.w	sp!, {r4, r5, r6, r7, r8, pc}
10005a1a:	f104 061c 	add.w	r6, r4, #28
10005a1e:	4630      	mov	r0, r6
10005a20:	f7fb fa68 	bl	10000ef4 <mutex_init>
10005a24:	b10d      	cbz	r5, 10005a2a <tu_edpt_stream_init+0x52>
10005a26:	4635      	mov	r5, r6
10005a28:	2600      	movs	r6, #0
10005a2a:	e9c4 5605 	strd	r5, r6, [r4, #20]
10005a2e:	e7ec      	b.n	10005a0a <tu_edpt_stream_init+0x32>

10005a30 <tu_edpt_stream_deinit>:
10005a30:	2001      	movs	r0, #1
10005a32:	4770      	bx	lr

10005a34 <tu_edpt_stream_write_zlp_if_needed>:
10005a34:	b5f8      	push	{r3, r4, r5, r6, r7, lr}
10005a36:	4607      	mov	r7, r0
10005a38:	4608      	mov	r0, r1
10005a3a:	f240 13ff 	movw	r3, #511	@ 0x1ff
10005a3e:	4615      	mov	r5, r2
10005a40:	f810 2b08 	ldrb.w	r2, [r0], #8
10005a44:	460c      	mov	r4, r1
10005a46:	f012 0f02 	tst.w	r2, #2
10005a4a:	bf0c      	ite	eq
10005a4c:	263f      	moveq	r6, #63	@ 0x3f
10005a4e:	461e      	movne	r6, r3
10005a50:	f000 f8f6 	bl	10005c40 <tu_fifo_count>
10005a54:	b928      	cbnz	r0, 10005a62 <tu_edpt_stream_write_zlp_if_needed+0x2e>
10005a56:	b125      	cbz	r5, 10005a62 <tu_edpt_stream_write_zlp_if_needed+0x2e>
10005a58:	422e      	tst	r6, r5
10005a5a:	d102      	bne.n	10005a62 <tu_edpt_stream_write_zlp_if_needed+0x2e>
10005a5c:	7823      	ldrb	r3, [r4, #0]
10005a5e:	07da      	lsls	r2, r3, #31
10005a60:	d501      	bpl.n	10005a66 <tu_edpt_stream_write_zlp_if_needed+0x32>
10005a62:	2000      	movs	r0, #0
10005a64:	bdf8      	pop	{r3, r4, r5, r6, r7, pc}
10005a66:	4638      	mov	r0, r7
10005a68:	7861      	ldrb	r1, [r4, #1]
10005a6a:	f7ff f9c9 	bl	10004e00 <usbd_edpt_claim>
10005a6e:	2800      	cmp	r0, #0
10005a70:	d0f7      	beq.n	10005a62 <tu_edpt_stream_write_zlp_if_needed+0x2e>
10005a72:	7823      	ldrb	r3, [r4, #0]
10005a74:	f013 0301 	ands.w	r3, r3, #1
10005a78:	d007      	beq.n	10005a8a <tu_edpt_stream_write_zlp_if_needed+0x56>
10005a7a:	f04f 23e0 	mov.w	r3, #3758153728	@ 0xe000e000
10005a7e:	f8d3 3df0 	ldr.w	r3, [r3, #3568]	@ 0xdf0
10005a82:	07db      	lsls	r3, r3, #31
10005a84:	d5ed      	bpl.n	10005a62 <tu_edpt_stream_write_zlp_if_needed+0x2e>
10005a86:	be00      	bkpt	0x0000
10005a88:	e7eb      	b.n	10005a62 <tu_edpt_stream_write_zlp_if_needed+0x2e>
10005a8a:	461a      	mov	r2, r3
10005a8c:	4638      	mov	r0, r7
10005a8e:	7861      	ldrb	r1, [r4, #1]
10005a90:	f7ff f9da 	bl	10004e48 <usbd_edpt_xfer>
10005a94:	2800      	cmp	r0, #0
10005a96:	d0f0      	beq.n	10005a7a <tu_edpt_stream_write_zlp_if_needed+0x46>
10005a98:	bdf8      	pop	{r3, r4, r5, r6, r7, pc}
10005a9a:	bf00      	nop

10005a9c <tu_edpt_stream_write_xfer>:
10005a9c:	b570      	push	{r4, r5, r6, lr}
10005a9e:	f101 0508 	add.w	r5, r1, #8
10005aa2:	4606      	mov	r6, r0
10005aa4:	4628      	mov	r0, r5
10005aa6:	460c      	mov	r4, r1
10005aa8:	f000 f8ca 	bl	10005c40 <tu_fifo_count>
10005aac:	b110      	cbz	r0, 10005ab4 <tu_edpt_stream_write_xfer+0x18>
10005aae:	7823      	ldrb	r3, [r4, #0]
10005ab0:	07d8      	lsls	r0, r3, #31
10005ab2:	d501      	bpl.n	10005ab8 <tu_edpt_stream_write_xfer+0x1c>
10005ab4:	2000      	movs	r0, #0
10005ab6:	bd70      	pop	{r4, r5, r6, pc}
10005ab8:	4630      	mov	r0, r6
10005aba:	7861      	ldrb	r1, [r4, #1]
10005abc:	f7ff f9a0 	bl	10004e00 <usbd_edpt_claim>
10005ac0:	2800      	cmp	r0, #0
10005ac2:	d0f7      	beq.n	10005ab4 <tu_edpt_stream_write_xfer+0x18>
10005ac4:	4628      	mov	r0, r5
10005ac6:	8862      	ldrh	r2, [r4, #2]
10005ac8:	6861      	ldr	r1, [r4, #4]
10005aca:	f000 f92f 	bl	10005d2c <tu_fifo_read_n>
10005ace:	7823      	ldrb	r3, [r4, #0]
10005ad0:	4605      	mov	r5, r0
10005ad2:	b148      	cbz	r0, 10005ae8 <tu_edpt_stream_write_xfer+0x4c>
10005ad4:	07d9      	lsls	r1, r3, #31
10005ad6:	d50e      	bpl.n	10005af6 <tu_edpt_stream_write_xfer+0x5a>
10005ad8:	f04f 23e0 	mov.w	r3, #3758153728	@ 0xe000e000
10005adc:	f8d3 3df0 	ldr.w	r3, [r3, #3568]	@ 0xdf0
10005ae0:	07da      	lsls	r2, r3, #31
10005ae2:	d5e7      	bpl.n	10005ab4 <tu_edpt_stream_write_xfer+0x18>
10005ae4:	be00      	bkpt	0x0000
10005ae6:	e7e5      	b.n	10005ab4 <tu_edpt_stream_write_xfer+0x18>
10005ae8:	07db      	lsls	r3, r3, #31
10005aea:	d4e3      	bmi.n	10005ab4 <tu_edpt_stream_write_xfer+0x18>
10005aec:	4630      	mov	r0, r6
10005aee:	7861      	ldrb	r1, [r4, #1]
10005af0:	f7ff f998 	bl	10004e24 <usbd_edpt_release>
10005af4:	e7de      	b.n	10005ab4 <tu_edpt_stream_write_xfer+0x18>
10005af6:	4603      	mov	r3, r0
10005af8:	6862      	ldr	r2, [r4, #4]
10005afa:	4630      	mov	r0, r6
10005afc:	7861      	ldrb	r1, [r4, #1]
10005afe:	f7ff f9a3 	bl	10004e48 <usbd_edpt_xfer>
10005b02:	2800      	cmp	r0, #0
10005b04:	d0e8      	beq.n	10005ad8 <tu_edpt_stream_write_xfer+0x3c>
10005b06:	4628      	mov	r0, r5
10005b08:	bd70      	pop	{r4, r5, r6, pc}
10005b0a:	bf00      	nop

10005b0c <tu_edpt_stream_read_xfer>:
10005b0c:	898b      	ldrh	r3, [r1, #12]
10005b0e:	e92d 41f0 	stmdb	sp!, {r4, r5, r6, r7, r8, lr}
10005b12:	460c      	mov	r4, r1
10005b14:	4606      	mov	r6, r0
10005b16:	b993      	cbnz	r3, 10005b3e <tu_edpt_stream_read_xfer+0x32>
10005b18:	780b      	ldrb	r3, [r1, #0]
10005b1a:	07df      	lsls	r7, r3, #31
10005b1c:	d427      	bmi.n	10005b6e <tu_edpt_stream_read_xfer+0x62>
10005b1e:	7849      	ldrb	r1, [r1, #1]
10005b20:	f7ff f96e 	bl	10004e00 <usbd_edpt_claim>
10005b24:	b318      	cbz	r0, 10005b6e <tu_edpt_stream_read_xfer+0x62>
10005b26:	7822      	ldrb	r2, [r4, #0]
10005b28:	8863      	ldrh	r3, [r4, #2]
10005b2a:	07d5      	lsls	r5, r2, #31
10005b2c:	d541      	bpl.n	10005bb2 <tu_edpt_stream_read_xfer+0xa6>
10005b2e:	f04f 23e0 	mov.w	r3, #3758153728	@ 0xe000e000
10005b32:	f8d3 3df0 	ldr.w	r3, [r3, #3568]	@ 0xdf0
10005b36:	07da      	lsls	r2, r3, #31
10005b38:	d519      	bpl.n	10005b6e <tu_edpt_stream_read_xfer+0x62>
10005b3a:	be00      	bkpt	0x0000
10005b3c:	e017      	b.n	10005b6e <tu_edpt_stream_read_xfer+0x62>
10005b3e:	460d      	mov	r5, r1
10005b40:	f64f 72c0 	movw	r2, #65472	@ 0xffc0
10005b44:	f815 3b08 	ldrb.w	r3, [r5], #8
10005b48:	f003 0302 	and.w	r3, r3, #2
10005b4c:	2b00      	cmp	r3, #0
10005b4e:	4628      	mov	r0, r5
10005b50:	bf0b      	itete	eq
10005b52:	4617      	moveq	r7, r2
10005b54:	f44f 477e 	movne.w	r7, #65024	@ 0xfe00
10005b58:	f04f 0840 	moveq.w	r8, #64	@ 0x40
10005b5c:	f44f 7800 	movne.w	r8, #512	@ 0x200
10005b60:	f000 f888 	bl	10005c74 <tu_fifo_remaining>
10005b64:	4580      	cmp	r8, r0
10005b66:	d802      	bhi.n	10005b6e <tu_edpt_stream_read_xfer+0x62>
10005b68:	7823      	ldrb	r3, [r4, #0]
10005b6a:	07d8      	lsls	r0, r3, #31
10005b6c:	d502      	bpl.n	10005b74 <tu_edpt_stream_read_xfer+0x68>
10005b6e:	2000      	movs	r0, #0
10005b70:	e8bd 81f0 	ldmia.w	sp!, {r4, r5, r6, r7, r8, pc}
10005b74:	4630      	mov	r0, r6
10005b76:	7861      	ldrb	r1, [r4, #1]
10005b78:	f7ff f942 	bl	10004e00 <usbd_edpt_claim>
10005b7c:	2800      	cmp	r0, #0
10005b7e:	d0f6      	beq.n	10005b6e <tu_edpt_stream_read_xfer+0x62>
10005b80:	4628      	mov	r0, r5
10005b82:	f000 f877 	bl	10005c74 <tu_fifo_remaining>
10005b86:	4580      	cmp	r8, r0
10005b88:	d81f      	bhi.n	10005bca <tu_edpt_stream_read_xfer+0xbe>
10005b8a:	7823      	ldrb	r3, [r4, #0]
10005b8c:	8862      	ldrh	r2, [r4, #2]
10005b8e:	07d9      	lsls	r1, r3, #31
10005b90:	d4cd      	bmi.n	10005b2e <tu_edpt_stream_read_xfer+0x22>
10005b92:	4038      	ands	r0, r7
10005b94:	4290      	cmp	r0, r2
10005b96:	bf28      	it	cs
10005b98:	4610      	movcs	r0, r2
10005b9a:	7861      	ldrb	r1, [r4, #1]
10005b9c:	4605      	mov	r5, r0
10005b9e:	b1e0      	cbz	r0, 10005bda <tu_edpt_stream_read_xfer+0xce>
10005ba0:	6862      	ldr	r2, [r4, #4]
10005ba2:	462b      	mov	r3, r5
10005ba4:	4630      	mov	r0, r6
10005ba6:	f7ff f94f 	bl	10004e48 <usbd_edpt_xfer>
10005baa:	2800      	cmp	r0, #0
10005bac:	d0bf      	beq.n	10005b2e <tu_edpt_stream_read_xfer+0x22>
10005bae:	4628      	mov	r0, r5
10005bb0:	e7de      	b.n	10005b70 <tu_edpt_stream_read_xfer+0x64>
10005bb2:	7861      	ldrb	r1, [r4, #1]
10005bb4:	b13b      	cbz	r3, 10005bc6 <tu_edpt_stream_read_xfer+0xba>
10005bb6:	6862      	ldr	r2, [r4, #4]
10005bb8:	4630      	mov	r0, r6
10005bba:	f7ff f945 	bl	10004e48 <usbd_edpt_xfer>
10005bbe:	2800      	cmp	r0, #0
10005bc0:	d0b5      	beq.n	10005b2e <tu_edpt_stream_read_xfer+0x22>
10005bc2:	8860      	ldrh	r0, [r4, #2]
10005bc4:	e7d4      	b.n	10005b70 <tu_edpt_stream_read_xfer+0x64>
10005bc6:	461a      	mov	r2, r3
10005bc8:	e7f6      	b.n	10005bb8 <tu_edpt_stream_read_xfer+0xac>
10005bca:	7823      	ldrb	r3, [r4, #0]
10005bcc:	07db      	lsls	r3, r3, #31
10005bce:	d4ce      	bmi.n	10005b6e <tu_edpt_stream_read_xfer+0x62>
10005bd0:	4630      	mov	r0, r6
10005bd2:	7861      	ldrb	r1, [r4, #1]
10005bd4:	f7ff f926 	bl	10004e24 <usbd_edpt_release>
10005bd8:	e7c9      	b.n	10005b6e <tu_edpt_stream_read_xfer+0x62>
10005bda:	4602      	mov	r2, r0
10005bdc:	e7e1      	b.n	10005ba2 <tu_edpt_stream_read_xfer+0x96>
10005bde:	bf00      	nop

10005be0 <tu_fifo_config>:
10005be0:	e92d 41f0 	stmdb	sp!, {r4, r5, r6, r7, r8, lr}
10005be4:	f5b2 4f00 	cmp.w	r2, #32768	@ 0x8000
10005be8:	f89d 8018 	ldrb.w	r8, [sp, #24]
10005bec:	d824      	bhi.n	10005c38 <tu_fifo_config+0x58>
10005bee:	4604      	mov	r4, r0
10005bf0:	68c0      	ldr	r0, [r0, #12]
10005bf2:	4617      	mov	r7, r2
10005bf4:	460e      	mov	r6, r1
10005bf6:	461d      	mov	r5, r3
10005bf8:	b118      	cbz	r0, 10005c02 <tu_fifo_config+0x22>
10005bfa:	f04f 31ff 	mov.w	r1, #4294967295	@ 0xffffffff
10005bfe:	f000 fb43 	bl	10006288 <__mutex_enter_timeout_ms_veneer>
10005c02:	6920      	ldr	r0, [r4, #16]
10005c04:	b118      	cbz	r0, 10005c0e <tu_fifo_config+0x2e>
10005c06:	f04f 31ff 	mov.w	r1, #4294967295	@ 0xffffffff
10005c0a:	f000 fb3d 	bl	10006288 <__mutex_enter_timeout_ms_veneer>
10005c0e:	2200      	movs	r2, #0
10005c10:	f3c5 030e 	ubfx	r3, r5, #0, #15
10005c14:	68e0      	ldr	r0, [r4, #12]
10005c16:	ea43 33c8 	orr.w	r3, r3, r8, lsl #15
10005c1a:	8162      	strh	r2, [r4, #10]
10005c1c:	6026      	str	r6, [r4, #0]
10005c1e:	80a7      	strh	r7, [r4, #4]
10005c20:	80e3      	strh	r3, [r4, #6]
10005c22:	8122      	strh	r2, [r4, #8]
10005c24:	b108      	cbz	r0, 10005c2a <tu_fifo_config+0x4a>
10005c26:	f000 fb3f 	bl	100062a8 <__mutex_exit_veneer>
10005c2a:	6920      	ldr	r0, [r4, #16]
10005c2c:	b108      	cbz	r0, 10005c32 <tu_fifo_config+0x52>
10005c2e:	f000 fb3b 	bl	100062a8 <__mutex_exit_veneer>
10005c32:	2001      	movs	r0, #1
10005c34:	e8bd 81f0 	ldmia.w	sp!, {r4, r5, r6, r7, r8, pc}
10005c38:	2000      	movs	r0, #0
10005c3a:	e8bd 81f0 	ldmia.w	sp!, {r4, r5, r6, r7, r8, pc}
10005c3e:	bf00      	nop

10005c40 <tu_fifo_count>:
10005c40:	8903      	ldrh	r3, [r0, #8]
10005c42:	8942      	ldrh	r2, [r0, #10]
10005c44:	b29b      	uxth	r3, r3
10005c46:	b292      	uxth	r2, r2
10005c48:	8880      	ldrh	r0, [r0, #4]
10005c4a:	4293      	cmp	r3, r2
10005c4c:	bf36      	itet	cc
10005c4e:	ebc2 0240 	rsbcc	r2, r2, r0, lsl #1
10005c52:	1a9b      	subcs	r3, r3, r2
10005c54:	189b      	addcc	r3, r3, r2
10005c56:	b29b      	uxth	r3, r3
10005c58:	4298      	cmp	r0, r3
10005c5a:	bf28      	it	cs
10005c5c:	4618      	movcs	r0, r3
10005c5e:	4770      	bx	lr

10005c60 <tu_fifo_empty>:
10005c60:	8902      	ldrh	r2, [r0, #8]
10005c62:	8943      	ldrh	r3, [r0, #10]
10005c64:	b290      	uxth	r0, r2
10005c66:	b29b      	uxth	r3, r3
10005c68:	1ac0      	subs	r0, r0, r3
10005c6a:	fab0 f080 	clz	r0, r0
10005c6e:	0940      	lsrs	r0, r0, #5
10005c70:	4770      	bx	lr
10005c72:	bf00      	nop

10005c74 <tu_fifo_remaining>:
10005c74:	8903      	ldrh	r3, [r0, #8]
10005c76:	8942      	ldrh	r2, [r0, #10]
10005c78:	b29b      	uxth	r3, r3
10005c7a:	8880      	ldrh	r0, [r0, #4]
10005c7c:	b292      	uxth	r2, r2
10005c7e:	4293      	cmp	r3, r2
10005c80:	bf36      	itet	cc
10005c82:	ebc2 0240 	rsbcc	r2, r2, r0, lsl #1
10005c86:	1a9b      	subcs	r3, r3, r2
10005c88:	189b      	addcc	r3, r3, r2
10005c8a:	b29b      	uxth	r3, r3
10005c8c:	4298      	cmp	r0, r3
10005c8e:	bf86      	itte	hi
10005c90:	1ac0      	subhi	r0, r0, r3
10005c92:	b280      	uxthhi	r0, r0
10005c94:	2000      	movls	r0, #0
10005c96:	4770      	bx	lr

10005c98 <tu_fifo_read>:
10005c98:	b538      	push	{r3, r4, r5, lr}
10005c9a:	4604      	mov	r4, r0
10005c9c:	6900      	ldr	r0, [r0, #16]
10005c9e:	460d      	mov	r5, r1
10005ca0:	b118      	cbz	r0, 10005caa <tu_fifo_read+0x12>
10005ca2:	f04f 31ff 	mov.w	r1, #4294967295	@ 0xffffffff
10005ca6:	f000 faef 	bl	10006288 <__mutex_enter_timeout_ms_veneer>
10005caa:	8921      	ldrh	r1, [r4, #8]
10005cac:	8963      	ldrh	r3, [r4, #10]
10005cae:	b289      	uxth	r1, r1
10005cb0:	b29b      	uxth	r3, r3
10005cb2:	88a2      	ldrh	r2, [r4, #4]
10005cb4:	4299      	cmp	r1, r3
10005cb6:	bf36      	itet	cc
10005cb8:	ebc3 0042 	rsbcc	r0, r3, r2, lsl #1
10005cbc:	1ac8      	subcs	r0, r1, r3
10005cbe:	1840      	addcc	r0, r0, r1
10005cc0:	b280      	uxth	r0, r0
10005cc2:	b348      	cbz	r0, 10005d18 <tu_fifo_read+0x80>
10005cc4:	4282      	cmp	r2, r0
10005cc6:	d209      	bcs.n	10005cdc <tu_fifo_read+0x44>
10005cc8:	4291      	cmp	r1, r2
10005cca:	bf2c      	ite	cs
10005ccc:	1a89      	subcs	r1, r1, r2
10005cce:	1889      	addcc	r1, r1, r2
10005cd0:	b28b      	uxth	r3, r1
10005cd2:	429a      	cmp	r2, r3
10005cd4:	8163      	strh	r3, [r4, #10]
10005cd6:	d803      	bhi.n	10005ce0 <tu_fifo_read+0x48>
10005cd8:	1a9b      	subs	r3, r3, r2
10005cda:	b29b      	uxth	r3, r3
10005cdc:	429a      	cmp	r2, r3
10005cde:	d9fb      	bls.n	10005cd8 <tu_fifo_read+0x40>
10005ce0:	88e2      	ldrh	r2, [r4, #6]
10005ce2:	6821      	ldr	r1, [r4, #0]
10005ce4:	f3c2 020e 	ubfx	r2, r2, #0, #15
10005ce8:	fb02 1103 	mla	r1, r2, r3, r1
10005cec:	4628      	mov	r0, r5
10005cee:	f000 f9cf 	bl	10006090 <memcpy>
10005cf2:	8961      	ldrh	r1, [r4, #10]
10005cf4:	2501      	movs	r5, #1
10005cf6:	b289      	uxth	r1, r1
10005cf8:	1c4b      	adds	r3, r1, #1
10005cfa:	b29b      	uxth	r3, r3
10005cfc:	4299      	cmp	r1, r3
10005cfe:	88a2      	ldrh	r2, [r4, #4]
10005d00:	d90d      	bls.n	10005d1e <tu_fifo_read+0x86>
10005d02:	fa02 f105 	lsl.w	r1, r2, r5
10005d06:	1a5b      	subs	r3, r3, r1
10005d08:	b29b      	uxth	r3, r3
10005d0a:	6920      	ldr	r0, [r4, #16]
10005d0c:	8163      	strh	r3, [r4, #10]
10005d0e:	b108      	cbz	r0, 10005d14 <tu_fifo_read+0x7c>
10005d10:	f000 faca 	bl	100062a8 <__mutex_exit_veneer>
10005d14:	4628      	mov	r0, r5
10005d16:	bd38      	pop	{r3, r4, r5, pc}
10005d18:	4605      	mov	r5, r0
10005d1a:	8963      	ldrh	r3, [r4, #10]
10005d1c:	b29b      	uxth	r3, r3
10005d1e:	ebb3 0f42 	cmp.w	r3, r2, lsl #1
10005d22:	ea4f 0142 	mov.w	r1, r2, lsl #1
10005d26:	dbf0      	blt.n	10005d0a <tu_fifo_read+0x72>
10005d28:	e7ed      	b.n	10005d06 <tu_fifo_read+0x6e>
10005d2a:	bf00      	nop

10005d2c <tu_fifo_read_n>:
10005d2c:	e92d 47f0 	stmdb	sp!, {r4, r5, r6, r7, r8, r9, sl, lr}
10005d30:	4606      	mov	r6, r0
10005d32:	6900      	ldr	r0, [r0, #16]
10005d34:	4688      	mov	r8, r1
10005d36:	4691      	mov	r9, r2
10005d38:	b118      	cbz	r0, 10005d42 <tu_fifo_read_n+0x16>
10005d3a:	f04f 31ff 	mov.w	r1, #4294967295	@ 0xffffffff
10005d3e:	f000 faa3 	bl	10006288 <__mutex_enter_timeout_ms_veneer>
10005d42:	8933      	ldrh	r3, [r6, #8]
10005d44:	8974      	ldrh	r4, [r6, #10]
10005d46:	b29b      	uxth	r3, r3
10005d48:	b2a4      	uxth	r4, r4
10005d4a:	88b5      	ldrh	r5, [r6, #4]
10005d4c:	42a3      	cmp	r3, r4
10005d4e:	bf36      	itet	cc
10005d50:	ebc4 0745 	rsbcc	r7, r4, r5, lsl #1
10005d54:	1b1f      	subcs	r7, r3, r4
10005d56:	18ff      	addcc	r7, r7, r3
10005d58:	b2bf      	uxth	r7, r7
10005d5a:	2f00      	cmp	r7, #0
10005d5c:	d04a      	beq.n	10005df4 <tu_fifo_read_n+0xc8>
10005d5e:	42bd      	cmp	r5, r7
10005d60:	d340      	bcc.n	10005de4 <tu_fifo_read_n+0xb8>
10005d62:	45b9      	cmp	r9, r7
10005d64:	bf28      	it	cs
10005d66:	46b9      	movcs	r9, r7
10005d68:	42a5      	cmp	r5, r4
10005d6a:	fa1f f789 	uxth.w	r7, r9
10005d6e:	d803      	bhi.n	10005d78 <tu_fifo_read_n+0x4c>
10005d70:	1b64      	subs	r4, r4, r5
10005d72:	b2a4      	uxth	r4, r4
10005d74:	42a5      	cmp	r5, r4
10005d76:	d9fb      	bls.n	10005d70 <tu_fifo_read_n+0x44>
10005d78:	f8b6 a006 	ldrh.w	sl, [r6, #6]
10005d7c:	1b2b      	subs	r3, r5, r4
10005d7e:	6831      	ldr	r1, [r6, #0]
10005d80:	b29b      	uxth	r3, r3
10005d82:	f3ca 020e 	ubfx	r2, sl, #0, #15
10005d86:	429f      	cmp	r7, r3
10005d88:	4692      	mov	sl, r2
10005d8a:	fb02 1104 	mla	r1, r2, r4, r1
10005d8e:	d923      	bls.n	10005dd8 <tu_fifo_read_n+0xac>
10005d90:	fb13 f302 	smulbb	r3, r3, r2
10005d94:	fa1f f983 	uxth.w	r9, r3
10005d98:	464a      	mov	r2, r9
10005d9a:	4640      	mov	r0, r8
10005d9c:	1b7d      	subs	r5, r7, r5
10005d9e:	f000 f977 	bl	10006090 <memcpy>
10005da2:	1962      	adds	r2, r4, r5
10005da4:	fb12 f20a 	smulbb	r2, r2, sl
10005da8:	6831      	ldr	r1, [r6, #0]
10005daa:	eb08 0009 	add.w	r0, r8, r9
10005dae:	b292      	uxth	r2, r2
10005db0:	f000 f96e 	bl	10006090 <memcpy>
10005db4:	8972      	ldrh	r2, [r6, #10]
10005db6:	88b5      	ldrh	r5, [r6, #4]
10005db8:	b292      	uxth	r2, r2
10005dba:	19d3      	adds	r3, r2, r7
10005dbc:	b29b      	uxth	r3, r3
10005dbe:	429a      	cmp	r2, r3
10005dc0:	d91a      	bls.n	10005df8 <tu_fifo_read_n+0xcc>
10005dc2:	006a      	lsls	r2, r5, #1
10005dc4:	1a9b      	subs	r3, r3, r2
10005dc6:	b29b      	uxth	r3, r3
10005dc8:	6930      	ldr	r0, [r6, #16]
10005dca:	8173      	strh	r3, [r6, #10]
10005dcc:	b108      	cbz	r0, 10005dd2 <tu_fifo_read_n+0xa6>
10005dce:	f000 fa6b 	bl	100062a8 <__mutex_exit_veneer>
10005dd2:	4638      	mov	r0, r7
10005dd4:	e8bd 87f0 	ldmia.w	sp!, {r4, r5, r6, r7, r8, r9, sl, pc}
10005dd8:	4640      	mov	r0, r8
10005dda:	fb07 f202 	mul.w	r2, r7, r2
10005dde:	f000 f957 	bl	10006090 <memcpy>
10005de2:	e7e7      	b.n	10005db4 <tu_fifo_read_n+0x88>
10005de4:	42ab      	cmp	r3, r5
10005de6:	bf2c      	ite	cs
10005de8:	1b5b      	subcs	r3, r3, r5
10005dea:	195b      	addcc	r3, r3, r5
10005dec:	b29c      	uxth	r4, r3
10005dee:	462f      	mov	r7, r5
10005df0:	8174      	strh	r4, [r6, #10]
10005df2:	e7b6      	b.n	10005d62 <tu_fifo_read_n+0x36>
10005df4:	8973      	ldrh	r3, [r6, #10]
10005df6:	b29b      	uxth	r3, r3
10005df8:	ebb3 0f45 	cmp.w	r3, r5, lsl #1
10005dfc:	ea4f 0245 	mov.w	r2, r5, lsl #1
10005e00:	dbe2      	blt.n	10005dc8 <tu_fifo_read_n+0x9c>
10005e02:	e7df      	b.n	10005dc4 <tu_fifo_read_n+0x98>

10005e04 <tu_fifo_write>:
10005e04:	b5f8      	push	{r3, r4, r5, r6, r7, lr}
10005e06:	4604      	mov	r4, r0
10005e08:	68c0      	ldr	r0, [r0, #12]
10005e0a:	460e      	mov	r6, r1
10005e0c:	b118      	cbz	r0, 10005e16 <tu_fifo_write+0x12>
10005e0e:	f04f 31ff 	mov.w	r1, #4294967295	@ 0xffffffff
10005e12:	f000 fa39 	bl	10006288 <__mutex_enter_timeout_ms_veneer>
10005e16:	8925      	ldrh	r5, [r4, #8]
10005e18:	8923      	ldrh	r3, [r4, #8]
10005e1a:	8961      	ldrh	r1, [r4, #10]
10005e1c:	b29b      	uxth	r3, r3
10005e1e:	b289      	uxth	r1, r1
10005e20:	88a2      	ldrh	r2, [r4, #4]
10005e22:	428b      	cmp	r3, r1
10005e24:	bf36      	itet	cc
10005e26:	ebc1 0142 	rsbcc	r1, r1, r2, lsl #1
10005e2a:	1a5b      	subcs	r3, r3, r1
10005e2c:	185b      	addcc	r3, r3, r1
10005e2e:	b29b      	uxth	r3, r3
10005e30:	429a      	cmp	r2, r3
10005e32:	b2ad      	uxth	r5, r5
10005e34:	d808      	bhi.n	10005e48 <tu_fifo_write+0x44>
10005e36:	79e7      	ldrb	r7, [r4, #7]
10005e38:	09ff      	lsrs	r7, r7, #7
10005e3a:	d105      	bne.n	10005e48 <tu_fifo_write+0x44>
10005e3c:	68e0      	ldr	r0, [r4, #12]
10005e3e:	b108      	cbz	r0, 10005e44 <tu_fifo_write+0x40>
10005e40:	f000 fa32 	bl	100062a8 <__mutex_exit_veneer>
10005e44:	4638      	mov	r0, r7
10005e46:	bdf8      	pop	{r3, r4, r5, r6, r7, pc}
10005e48:	4295      	cmp	r5, r2
10005e4a:	462b      	mov	r3, r5
10005e4c:	d303      	bcc.n	10005e56 <tu_fifo_write+0x52>
10005e4e:	1a9b      	subs	r3, r3, r2
10005e50:	b29b      	uxth	r3, r3
10005e52:	4293      	cmp	r3, r2
10005e54:	d2fb      	bcs.n	10005e4e <tu_fifo_write+0x4a>
10005e56:	88e2      	ldrh	r2, [r4, #6]
10005e58:	6820      	ldr	r0, [r4, #0]
10005e5a:	f3c2 020e 	ubfx	r2, r2, #0, #15
10005e5e:	fb02 0003 	mla	r0, r2, r3, r0
10005e62:	4631      	mov	r1, r6
10005e64:	f000 f914 	bl	10006090 <memcpy>
10005e68:	1c6b      	adds	r3, r5, #1
10005e6a:	88a2      	ldrh	r2, [r4, #4]
10005e6c:	b29b      	uxth	r3, r3
10005e6e:	429d      	cmp	r5, r3
10005e70:	ea4f 0142 	mov.w	r1, r2, lsl #1
10005e74:	d904      	bls.n	10005e80 <tu_fifo_write+0x7c>
10005e76:	1a5b      	subs	r3, r3, r1
10005e78:	b29b      	uxth	r3, r3
10005e7a:	2701      	movs	r7, #1
10005e7c:	8123      	strh	r3, [r4, #8]
10005e7e:	e7dd      	b.n	10005e3c <tu_fifo_write+0x38>
10005e80:	ebb3 0f42 	cmp.w	r3, r2, lsl #1
10005e84:	dbf9      	blt.n	10005e7a <tu_fifo_write+0x76>
10005e86:	e7f6      	b.n	10005e76 <tu_fifo_write+0x72>

10005e88 <tu_fifo_write_n>:
10005e88:	e92d 4ff0 	stmdb	sp!, {r4, r5, r6, r7, r8, r9, sl, fp, lr}
10005e8c:	4614      	mov	r4, r2
10005e8e:	b083      	sub	sp, #12
10005e90:	2a00      	cmp	r2, #0
10005e92:	d068      	beq.n	10005f66 <tu_fifo_write_n+0xde>
10005e94:	4606      	mov	r6, r0
10005e96:	68c0      	ldr	r0, [r0, #12]
10005e98:	4689      	mov	r9, r1
10005e9a:	b118      	cbz	r0, 10005ea4 <tu_fifo_write_n+0x1c>
10005e9c:	f04f 31ff 	mov.w	r1, #4294967295	@ 0xffffffff
10005ea0:	f000 f9f2 	bl	10006288 <__mutex_enter_timeout_ms_veneer>
10005ea4:	79f2      	ldrb	r2, [r6, #7]
10005ea6:	8937      	ldrh	r7, [r6, #8]
10005ea8:	8973      	ldrh	r3, [r6, #10]
10005eaa:	09d2      	lsrs	r2, r2, #7
10005eac:	b2bf      	uxth	r7, r7
10005eae:	b29b      	uxth	r3, r3
10005eb0:	d13b      	bne.n	10005f2a <tu_fifo_write_n+0xa2>
10005eb2:	88b1      	ldrh	r1, [r6, #4]
10005eb4:	429f      	cmp	r7, r3
10005eb6:	bf36      	itet	cc
10005eb8:	ebc3 0341 	rsbcc	r3, r3, r1, lsl #1
10005ebc:	1afb      	subcs	r3, r7, r3
10005ebe:	19db      	addcc	r3, r3, r7
10005ec0:	b29b      	uxth	r3, r3
10005ec2:	4299      	cmp	r1, r3
10005ec4:	d954      	bls.n	10005f70 <tu_fifo_write_n+0xe8>
10005ec6:	1acb      	subs	r3, r1, r3
10005ec8:	b29b      	uxth	r3, r3
10005eca:	42a3      	cmp	r3, r4
10005ecc:	bf28      	it	cs
10005ece:	4623      	movcs	r3, r4
10005ed0:	f8b6 b006 	ldrh.w	fp, [r6, #6]
10005ed4:	eb07 0a03 	add.w	sl, r7, r3
10005ed8:	4698      	mov	r8, r3
10005eda:	1a5b      	subs	r3, r3, r1
10005edc:	f3cb 0b0e 	ubfx	fp, fp, #0, #15
10005ee0:	fa1f fa8a 	uxth.w	sl, sl
10005ee4:	b29b      	uxth	r3, r3
10005ee6:	428f      	cmp	r7, r1
10005ee8:	463c      	mov	r4, r7
10005eea:	d303      	bcc.n	10005ef4 <tu_fifo_write_n+0x6c>
10005eec:	1a64      	subs	r4, r4, r1
10005eee:	b2a4      	uxth	r4, r4
10005ef0:	428c      	cmp	r4, r1
10005ef2:	d2fb      	bcs.n	10005eec <tu_fifo_write_n+0x64>
10005ef4:	1b09      	subs	r1, r1, r4
10005ef6:	6830      	ldr	r0, [r6, #0]
10005ef8:	b289      	uxth	r1, r1
10005efa:	4541      	cmp	r1, r8
10005efc:	fb0b 0004 	mla	r0, fp, r4, r0
10005f00:	d354      	bcc.n	10005fac <tu_fifo_write_n+0x124>
10005f02:	4649      	mov	r1, r9
10005f04:	fb0b f208 	mul.w	r2, fp, r8
10005f08:	f000 f8c2 	bl	10006090 <memcpy>
10005f0c:	88b2      	ldrh	r2, [r6, #4]
10005f0e:	4557      	cmp	r7, sl
10005f10:	ea4f 0342 	mov.w	r3, r2, lsl #1
10005f14:	d802      	bhi.n	10005f1c <tu_fifo_write_n+0x94>
10005f16:	ebba 0f42 	cmp.w	sl, r2, lsl #1
10005f1a:	db03      	blt.n	10005f24 <tu_fifo_write_n+0x9c>
10005f1c:	ebaa 0303 	sub.w	r3, sl, r3
10005f20:	fa1f fa83 	uxth.w	sl, r3
10005f24:	f8a6 a008 	strh.w	sl, [r6, #8]
10005f28:	e024      	b.n	10005f74 <tu_fifo_write_n+0xec>
10005f2a:	f8b6 8004 	ldrh.w	r8, [r6, #4]
10005f2e:	4544      	cmp	r4, r8
10005f30:	d229      	bcs.n	10005f86 <tu_fifo_write_n+0xfe>
10005f32:	429f      	cmp	r7, r3
10005f34:	bf36      	itet	cc
10005f36:	ebc3 0248 	rsbcc	r2, r3, r8, lsl #1
10005f3a:	1afa      	subcs	r2, r7, r3
10005f3c:	19d2      	addcc	r2, r2, r7
10005f3e:	b292      	uxth	r2, r2
10005f40:	ea4f 0148 	mov.w	r1, r8, lsl #1
10005f44:	4422      	add	r2, r4
10005f46:	428a      	cmp	r2, r1
10005f48:	da43      	bge.n	10005fd2 <tu_fifo_write_n+0x14a>
10005f4a:	f8b6 b006 	ldrh.w	fp, [r6, #6]
10005f4e:	eba4 0308 	sub.w	r3, r4, r8
10005f52:	eb04 0a07 	add.w	sl, r4, r7
10005f56:	4641      	mov	r1, r8
10005f58:	f3cb 0b0e 	ubfx	fp, fp, #0, #15
10005f5c:	46a0      	mov	r8, r4
10005f5e:	b29b      	uxth	r3, r3
10005f60:	fa1f fa8a 	uxth.w	sl, sl
10005f64:	e7bf      	b.n	10005ee6 <tu_fifo_write_n+0x5e>
10005f66:	4690      	mov	r8, r2
10005f68:	4640      	mov	r0, r8
10005f6a:	b003      	add	sp, #12
10005f6c:	e8bd 8ff0 	ldmia.w	sp!, {r4, r5, r6, r7, r8, r9, sl, fp, pc}
10005f70:	f04f 0800 	mov.w	r8, #0
10005f74:	68f0      	ldr	r0, [r6, #12]
10005f76:	2800      	cmp	r0, #0
10005f78:	d0f6      	beq.n	10005f68 <tu_fifo_write_n+0xe0>
10005f7a:	f000 f995 	bl	100062a8 <__mutex_exit_veneer>
10005f7e:	4640      	mov	r0, r8
10005f80:	b003      	add	sp, #12
10005f82:	e8bd 8ff0 	ldmia.w	sp!, {r4, r5, r6, r7, r8, r9, sl, fp, pc}
10005f86:	f1b8 0f00 	cmp.w	r8, #0
10005f8a:	d0f3      	beq.n	10005f74 <tu_fifo_write_n+0xec>
10005f8c:	f8b6 b006 	ldrh.w	fp, [r6, #6]
10005f90:	eb03 0a08 	add.w	sl, r3, r8
10005f94:	eba4 0408 	sub.w	r4, r4, r8
10005f98:	f3cb 0b0e 	ubfx	fp, fp, #0, #15
10005f9c:	461f      	mov	r7, r3
10005f9e:	4641      	mov	r1, r8
10005fa0:	2300      	movs	r3, #0
10005fa2:	fb0b 9904 	mla	r9, fp, r4, r9
10005fa6:	fa1f fa8a 	uxth.w	sl, sl
10005faa:	e79c      	b.n	10005ee6 <tu_fifo_write_n+0x5e>
10005fac:	fb11 f10b 	smulbb	r1, r1, fp
10005fb0:	b28d      	uxth	r5, r1
10005fb2:	462a      	mov	r2, r5
10005fb4:	4649      	mov	r1, r9
10005fb6:	9301      	str	r3, [sp, #4]
10005fb8:	f000 f86a 	bl	10006090 <memcpy>
10005fbc:	9b01      	ldr	r3, [sp, #4]
10005fbe:	6830      	ldr	r0, [r6, #0]
10005fc0:	441c      	add	r4, r3
10005fc2:	fb14 f40b 	smulbb	r4, r4, fp
10005fc6:	eb09 0105 	add.w	r1, r9, r5
10005fca:	b2a2      	uxth	r2, r4
10005fcc:	f000 f860 	bl	10006090 <memcpy>
10005fd0:	e79c      	b.n	10005f0c <tu_fifo_write_n+0x84>
10005fd2:	eb03 0a08 	add.w	sl, r3, r8
10005fd6:	fa1f fa8a 	uxth.w	sl, sl
10005fda:	ebaa 0704 	sub.w	r7, sl, r4
10005fde:	b2bf      	uxth	r7, r7
10005fe0:	42bb      	cmp	r3, r7
10005fe2:	d80b      	bhi.n	10005ffc <tu_fifo_write_n+0x174>
10005fe4:	42b9      	cmp	r1, r7
10005fe6:	dd09      	ble.n	10005ffc <tu_fifo_write_n+0x174>
10005fe8:	f8b6 b006 	ldrh.w	fp, [r6, #6]
10005fec:	eba4 0308 	sub.w	r3, r4, r8
10005ff0:	4641      	mov	r1, r8
10005ff2:	f3cb 0b0e 	ubfx	fp, fp, #0, #15
10005ff6:	46a0      	mov	r8, r4
10005ff8:	b29b      	uxth	r3, r3
10005ffa:	e774      	b.n	10005ee6 <tu_fifo_write_n+0x5e>
10005ffc:	1a79      	subs	r1, r7, r1
10005ffe:	b28f      	uxth	r7, r1
10006000:	f8b6 b006 	ldrh.w	fp, [r6, #6]
10006004:	eba4 0308 	sub.w	r3, r4, r8
10006008:	4641      	mov	r1, r8
1000600a:	46a0      	mov	r8, r4
1000600c:	443c      	add	r4, r7
1000600e:	b29b      	uxth	r3, r3
10006010:	fa1f fa84 	uxth.w	sl, r4
10006014:	f3cb 0b0e 	ubfx	fp, fp, #0, #15
10006018:	e765      	b.n	10005ee6 <tu_fifo_write_n+0x5e>
1000601a:	bf00      	nop

1000601c <tu_fifo_clear>:
1000601c:	b510      	push	{r4, lr}
1000601e:	4604      	mov	r4, r0
10006020:	68c0      	ldr	r0, [r0, #12]
10006022:	b118      	cbz	r0, 1000602c <tu_fifo_clear+0x10>
10006024:	f04f 31ff 	mov.w	r1, #4294967295	@ 0xffffffff
10006028:	f000 f92e 	bl	10006288 <__mutex_enter_timeout_ms_veneer>
1000602c:	6920      	ldr	r0, [r4, #16]
1000602e:	b118      	cbz	r0, 10006038 <tu_fifo_clear+0x1c>
10006030:	f04f 31ff 	mov.w	r1, #4294967295	@ 0xffffffff
10006034:	f000 f928 	bl	10006288 <__mutex_enter_timeout_ms_veneer>
10006038:	2300      	movs	r3, #0
1000603a:	68e0      	ldr	r0, [r4, #12]
1000603c:	8163      	strh	r3, [r4, #10]
1000603e:	8123      	strh	r3, [r4, #8]
10006040:	b108      	cbz	r0, 10006046 <tu_fifo_clear+0x2a>
10006042:	f000 f931 	bl	100062a8 <__mutex_exit_veneer>
10006046:	6920      	ldr	r0, [r4, #16]
10006048:	b108      	cbz	r0, 1000604e <tu_fifo_clear+0x32>
1000604a:	f000 f92d 	bl	100062a8 <__mutex_exit_veneer>
1000604e:	2001      	movs	r0, #1
10006050:	bd10      	pop	{r4, pc}
10006052:	bf00      	nop

10006054 <tu_fifo_set_overwritable>:
10006054:	b538      	push	{r3, r4, r5, lr}
10006056:	4604      	mov	r4, r0
10006058:	68c0      	ldr	r0, [r0, #12]
1000605a:	460d      	mov	r5, r1
1000605c:	b118      	cbz	r0, 10006066 <tu_fifo_set_overwritable+0x12>
1000605e:	f04f 31ff 	mov.w	r1, #4294967295	@ 0xffffffff
10006062:	f000 f911 	bl	10006288 <__mutex_enter_timeout_ms_veneer>
10006066:	6920      	ldr	r0, [r4, #16]
10006068:	b118      	cbz	r0, 10006072 <tu_fifo_set_overwritable+0x1e>
1000606a:	f04f 31ff 	mov.w	r1, #4294967295	@ 0xffffffff
1000606e:	f000 f90b 	bl	10006288 <__mutex_enter_timeout_ms_veneer>
10006072:	79e3      	ldrb	r3, [r4, #7]
10006074:	68e0      	ldr	r0, [r4, #12]
10006076:	f365 13c7 	bfi	r3, r5, #7, #1
1000607a:	71e3      	strb	r3, [r4, #7]
1000607c:	b108      	cbz	r0, 10006082 <tu_fifo_set_overwritable+0x2e>
1000607e:	f000 f913 	bl	100062a8 <__mutex_exit_veneer>
10006082:	6920      	ldr	r0, [r4, #16]
10006084:	b108      	cbz	r0, 1000608a <tu_fifo_set_overwritable+0x36>
10006086:	f000 f90f 	bl	100062a8 <__mutex_exit_veneer>
1000608a:	2001      	movs	r0, #1
1000608c:	bd38      	pop	{r3, r4, r5, pc}
1000608e:	bf00      	nop

10006090 <memcpy>:
10006090:	4684      	mov	ip, r0
10006092:	ea41 0300 	orr.w	r3, r1, r0
10006096:	f013 0303 	ands.w	r3, r3, #3
1000609a:	d149      	bne.n	10006130 <memcpy+0xa0>
1000609c:	3a40      	subs	r2, #64	@ 0x40
1000609e:	d323      	bcc.n	100060e8 <memcpy+0x58>
100060a0:	680b      	ldr	r3, [r1, #0]
100060a2:	6003      	str	r3, [r0, #0]
100060a4:	684b      	ldr	r3, [r1, #4]
100060a6:	6043      	str	r3, [r0, #4]
100060a8:	688b      	ldr	r3, [r1, #8]
100060aa:	6083      	str	r3, [r0, #8]
100060ac:	68cb      	ldr	r3, [r1, #12]
100060ae:	60c3      	str	r3, [r0, #12]
100060b0:	690b      	ldr	r3, [r1, #16]
100060b2:	6103      	str	r3, [r0, #16]
100060b4:	694b      	ldr	r3, [r1, #20]
100060b6:	6143      	str	r3, [r0, #20]
100060b8:	698b      	ldr	r3, [r1, #24]
100060ba:	6183      	str	r3, [r0, #24]
100060bc:	69cb      	ldr	r3, [r1, #28]
100060be:	61c3      	str	r3, [r0, #28]
100060c0:	6a0b      	ldr	r3, [r1, #32]
100060c2:	6203      	str	r3, [r0, #32]
100060c4:	6a4b      	ldr	r3, [r1, #36]	@ 0x24
100060c6:	6243      	str	r3, [r0, #36]	@ 0x24
100060c8:	6a8b      	ldr	r3, [r1, #40]	@ 0x28
100060ca:	6283      	str	r3, [r0, #40]	@ 0x28
100060cc:	6acb      	ldr	r3, [r1, #44]	@ 0x2c
100060ce:	62c3      	str	r3, [r0, #44]	@ 0x2c
100060d0:	6b0b      	ldr	r3, [r1, #48]	@ 0x30
100060d2:	6303      	str	r3, [r0, #48]	@ 0x30
100060d4:	6b4b      	ldr	r3, [r1, #52]	@ 0x34
100060d6:	6343      	str	r3, [r0, #52]	@ 0x34
100060d8:	6b8b      	ldr	r3, [r1, #56]	@ 0x38
100060da:	6383      	str	r3, [r0, #56]	@ 0x38
100060dc:	6bcb      	ldr	r3, [r1, #60]	@ 0x3c
100060de:	63c3      	str	r3, [r0, #60]	@ 0x3c
100060e0:	3040      	adds	r0, #64	@ 0x40
100060e2:	3140      	adds	r1, #64	@ 0x40
100060e4:	3a40      	subs	r2, #64	@ 0x40
100060e6:	d2db      	bcs.n	100060a0 <memcpy+0x10>
100060e8:	3230      	adds	r2, #48	@ 0x30
100060ea:	d30b      	bcc.n	10006104 <memcpy+0x74>
100060ec:	680b      	ldr	r3, [r1, #0]
100060ee:	6003      	str	r3, [r0, #0]
100060f0:	684b      	ldr	r3, [r1, #4]
100060f2:	6043      	str	r3, [r0, #4]
100060f4:	688b      	ldr	r3, [r1, #8]
100060f6:	6083      	str	r3, [r0, #8]
100060f8:	68cb      	ldr	r3, [r1, #12]
100060fa:	60c3      	str	r3, [r0, #12]
100060fc:	3010      	adds	r0, #16
100060fe:	3110      	adds	r1, #16
10006100:	3a10      	subs	r2, #16
10006102:	d2f3      	bcs.n	100060ec <memcpy+0x5c>
10006104:	320c      	adds	r2, #12
10006106:	d305      	bcc.n	10006114 <memcpy+0x84>
10006108:	f851 3b04 	ldr.w	r3, [r1], #4
1000610c:	f840 3b04 	str.w	r3, [r0], #4
10006110:	3a04      	subs	r2, #4
10006112:	d2f9      	bcs.n	10006108 <memcpy+0x78>
10006114:	3204      	adds	r2, #4
10006116:	d008      	beq.n	1000612a <memcpy+0x9a>
10006118:	07d2      	lsls	r2, r2, #31
1000611a:	bf1c      	itt	ne
1000611c:	f811 3b01 	ldrbne.w	r3, [r1], #1
10006120:	f800 3b01 	strbne.w	r3, [r0], #1
10006124:	d301      	bcc.n	1000612a <memcpy+0x9a>
10006126:	880b      	ldrh	r3, [r1, #0]
10006128:	8003      	strh	r3, [r0, #0]
1000612a:	4660      	mov	r0, ip
1000612c:	4770      	bx	lr
1000612e:	bf00      	nop
10006130:	2a08      	cmp	r2, #8
10006132:	d313      	bcc.n	1000615c <memcpy+0xcc>
10006134:	078b      	lsls	r3, r1, #30
10006136:	d0b1      	beq.n	1000609c <memcpy+0xc>
10006138:	f010 0303 	ands.w	r3, r0, #3
1000613c:	d0ae      	beq.n	1000609c <memcpy+0xc>
1000613e:	f1c3 0304 	rsb	r3, r3, #4
10006142:	1ad2      	subs	r2, r2, r3
10006144:	07db      	lsls	r3, r3, #31
10006146:	bf1c      	itt	ne
10006148:	f811 3b01 	ldrbne.w	r3, [r1], #1
1000614c:	f800 3b01 	strbne.w	r3, [r0], #1
10006150:	d3a4      	bcc.n	1000609c <memcpy+0xc>
10006152:	f831 3b02 	ldrh.w	r3, [r1], #2
10006156:	f820 3b02 	strh.w	r3, [r0], #2
1000615a:	e79f      	b.n	1000609c <memcpy+0xc>
1000615c:	3a04      	subs	r2, #4
1000615e:	d3d9      	bcc.n	10006114 <memcpy+0x84>
10006160:	3a01      	subs	r2, #1
10006162:	f811 3b01 	ldrb.w	r3, [r1], #1
10006166:	f800 3b01 	strb.w	r3, [r0], #1
1000616a:	d2f9      	bcs.n	10006160 <memcpy+0xd0>
1000616c:	780b      	ldrb	r3, [r1, #0]
1000616e:	7003      	strb	r3, [r0, #0]
10006170:	784b      	ldrb	r3, [r1, #1]
10006172:	7043      	strb	r3, [r0, #1]
10006174:	788b      	ldrb	r3, [r1, #2]
10006176:	7083      	strb	r3, [r0, #2]
10006178:	4660      	mov	r0, ip
1000617a:	4770      	bx	lr

1000617c <memset>:
1000617c:	b570      	push	{r4, r5, r6, lr}
1000617e:	0786      	lsls	r6, r0, #30
10006180:	d04a      	beq.n	10006218 <memset+0x9c>
10006182:	1e54      	subs	r4, r2, #1
10006184:	2a00      	cmp	r2, #0
10006186:	d041      	beq.n	1000620c <memset+0x90>
10006188:	b2ca      	uxtb	r2, r1
1000618a:	4603      	mov	r3, r0
1000618c:	e001      	b.n	10006192 <memset+0x16>
1000618e:	3c01      	subs	r4, #1
10006190:	d33c      	bcc.n	1000620c <memset+0x90>
10006192:	f803 2b01 	strb.w	r2, [r3], #1
10006196:	079d      	lsls	r5, r3, #30
10006198:	d1f9      	bne.n	1000618e <memset+0x12>
1000619a:	2c03      	cmp	r4, #3
1000619c:	d92f      	bls.n	100061fe <memset+0x82>
1000619e:	b2cd      	uxtb	r5, r1
100061a0:	2c0f      	cmp	r4, #15
100061a2:	eb05 2505 	add.w	r5, r5, r5, lsl #8
100061a6:	eb05 4505 	add.w	r5, r5, r5, lsl #16
100061aa:	d938      	bls.n	1000621e <memset+0xa2>
100061ac:	f1a4 0c10 	sub.w	ip, r4, #16
100061b0:	f103 0e10 	add.w	lr, r3, #16
100061b4:	461a      	mov	r2, r3
100061b6:	f02c 060f 	bic.w	r6, ip, #15
100061ba:	ea4f 1c1c 	mov.w	ip, ip, lsr #4
100061be:	44b6      	add	lr, r6
100061c0:	6015      	str	r5, [r2, #0]
100061c2:	3210      	adds	r2, #16
100061c4:	f842 5c0c 	str.w	r5, [r2, #-12]
100061c8:	f842 5c08 	str.w	r5, [r2, #-8]
100061cc:	f842 5c04 	str.w	r5, [r2, #-4]
100061d0:	4572      	cmp	r2, lr
100061d2:	d1f5      	bne.n	100061c0 <memset+0x44>
100061d4:	f10c 0201 	add.w	r2, ip, #1
100061d8:	f014 0f0c 	tst.w	r4, #12
100061dc:	f004 0c0f 	and.w	ip, r4, #15
100061e0:	eb03 1202 	add.w	r2, r3, r2, lsl #4
100061e4:	d013      	beq.n	1000620e <memset+0x92>
100061e6:	f1ac 0304 	sub.w	r3, ip, #4
100061ea:	f023 0303 	bic.w	r3, r3, #3
100061ee:	3304      	adds	r3, #4
100061f0:	4413      	add	r3, r2
100061f2:	f842 5b04 	str.w	r5, [r2], #4
100061f6:	429a      	cmp	r2, r3
100061f8:	d1fb      	bne.n	100061f2 <memset+0x76>
100061fa:	f00c 0403 	and.w	r4, ip, #3
100061fe:	b12c      	cbz	r4, 1000620c <memset+0x90>
10006200:	b2c9      	uxtb	r1, r1
10006202:	441c      	add	r4, r3
10006204:	f803 1b01 	strb.w	r1, [r3], #1
10006208:	429c      	cmp	r4, r3
1000620a:	d1fb      	bne.n	10006204 <memset+0x88>
1000620c:	bd70      	pop	{r4, r5, r6, pc}
1000620e:	4664      	mov	r4, ip
10006210:	4613      	mov	r3, r2
10006212:	2c00      	cmp	r4, #0
10006214:	d1f4      	bne.n	10006200 <memset+0x84>
10006216:	e7f9      	b.n	1000620c <memset+0x90>
10006218:	4603      	mov	r3, r0
1000621a:	4614      	mov	r4, r2
1000621c:	e7bd      	b.n	1000619a <memset+0x1e>
1000621e:	461a      	mov	r2, r3
10006220:	46a4      	mov	ip, r4
10006222:	e7e0      	b.n	100061e6 <memset+0x6a>

10006224 <strlen>:
10006224:	f020 0103 	bic.w	r1, r0, #3
10006228:	f010 0003 	ands.w	r0, r0, #3
1000622c:	f1c0 0000 	rsb	r0, r0, #0
10006230:	f851 3b04 	ldr.w	r3, [r1], #4
10006234:	f100 0c04 	add.w	ip, r0, #4
10006238:	ea4f 0ccc 	mov.w	ip, ip, lsl #3
1000623c:	f06f 0200 	mvn.w	r2, #0
10006240:	bf1c      	itt	ne
10006242:	fa22 f20c 	lsrne.w	r2, r2, ip
10006246:	4313      	orrne	r3, r2
10006248:	f04f 0c01 	mov.w	ip, #1
1000624c:	ea4c 2c0c 	orr.w	ip, ip, ip, lsl #8
10006250:	ea4c 4c0c 	orr.w	ip, ip, ip, lsl #16
10006254:	eba3 020c 	sub.w	r2, r3, ip
10006258:	ea22 0203 	bic.w	r2, r2, r3
1000625c:	ea12 12cc 	ands.w	r2, r2, ip, lsl #7
10006260:	bf04      	itt	eq
10006262:	f851 3b04 	ldreq.w	r3, [r1], #4
10006266:	3004      	addeq	r0, #4
10006268:	d0f4      	beq.n	10006254 <strlen+0x30>
1000626a:	f1c2 0100 	rsb	r1, r2, #0
1000626e:	ea02 0201 	and.w	r2, r2, r1
10006272:	fab2 f282 	clz	r2, r2
10006276:	f1c2 021f 	rsb	r2, r2, #31
1000627a:	eb00 00d2 	add.w	r0, r0, r2, lsr #3
1000627e:	4770      	bx	lr

10006280 <_fini>:
10006280:	b5f8      	push	{r3, r4, r5, r6, r7, lr}
10006282:	bf00      	nop
10006284:	0000      	movs	r0, r0
	...

10006288 <__mutex_enter_timeout_ms_veneer>:
10006288:	f85f f000 	ldr.w	pc, [pc]	@ 1000628c <__mutex_enter_timeout_ms_veneer+0x4>
1000628c:	2000023d 	.word	0x2000023d

10006290 <__hw_endpoint_start_next_buffer_veneer>:
10006290:	f85f f000 	ldr.w	pc, [pc]	@ 10006294 <__hw_endpoint_start_next_buffer_veneer+0x4>
10006294:	20000b4d 	.word	0x20000b4d

10006298 <__reset_non_control_endpoints_veneer>:
10006298:	f85f f000 	ldr.w	pc, [pc]	@ 1000629c <__reset_non_control_endpoints_veneer+0x4>
1000629c:	200002b1 	.word	0x200002b1

100062a0 <____aeabi_uldivmod_veneer>:
100062a0:	f85f f000 	ldr.w	pc, [pc]	@ 100062a4 <____aeabi_uldivmod_veneer+0x4>
100062a4:	20000e11 	.word	0x20000e11

100062a8 <__mutex_exit_veneer>:
100062a8:	f85f f000 	ldr.w	pc, [pc]	@ 100062ac <__mutex_exit_veneer+0x4>
100062ac:	20000275 	.word	0x20000275

100062b0 <__e15_is_critical_frame_period_veneer>:
100062b0:	f85f f000 	ldr.w	pc, [pc]	@ 100062b4 <__e15_is_critical_frame_period_veneer+0x4>
100062b4:	20000ad5 	.word	0x20000ad5

100062b8 <___hw_endpoint_buffer_control_update32_veneer>:
100062b8:	f85f f000 	ldr.w	pc, [pc]	@ 100062bc <___hw_endpoint_buffer_control_update32_veneer+0x4>
100062bc:	20000b09 	.word	0x20000b09

100062c0 <__mutex_try_enter_block_until_veneer>:
100062c0:	f85f f000 	ldr.w	pc, [pc]	@ 100062c4 <__mutex_try_enter_block_until_veneer+0x4>
100062c4:	200001d1 	.word	0x200001d1

100062c8 <__e15_is_bulkin_ep_veneer>:
100062c8:	f85f f000 	ldr.w	pc, [pc]	@ 100062cc <__e15_is_bulkin_ep_veneer+0x4>
100062cc:	20000aad 	.word	0x20000aad

100062d0 <__mutex_try_enter_veneer>:
100062d0:	f85f f000 	ldr.w	pc, [pc]	@ 100062d4 <__mutex_try_enter_veneer+0x4>
100062d4:	20000111 	.word	0x20000111

100062d8 <__pre_init_runtime_init_bootrom_reset>:
100062d8:	10001b89                                ....

100062dc <__pre_init_runtime_init_early_resets>:
100062dc:	10001afd                                ....

100062e0 <__pre_init_runtime_init_usb_power_down>:
100062e0:	10001b31                                1...

100062e4 <__pre_init_runtime_init_clocks>:
100062e4:	10001bd5                                ....

100062e8 <__pre_init_runtime_init_post_clock_resets>:
100062e8:	10001b69                                i...

100062ec <__pre_init_runtime_init_boot_locks_reset>:
100062ec:	10001a85                                ....

100062f0 <__pre_init_runtime_init_spin_locks_reset>:
100062f0:	10001bb1                                ....

100062f4 <__pre_init_runtime_init_bootrom_locking_enable>:
100062f4:	10001a71                                q...

100062f8 <__pre_init_runtime_init_mutex>:
100062f8:	10000ea1                                ....

100062fc <__pre_init_runtime_init_install_ram_vector_table>:
100062fc:	10001bb5                                ....

10006300 <__pre_init_runtime_init_default_alarm_pool>:
10006300:	10001259                                Y...

10006304 <__pre_init_first_per_core_initializer>:
10006304:	10001acd                                ....

10006308 <__pre_init_runtime_init_per_core_bootrom_reset>:
10006308:	10001b9d                                ....

1000630c <__pre_init_runtime_init_per_core_enable_coprocessors>:
1000630c:	10001b4d                                M...

10006310 <__pre_init_spinlock_set_extexclall>:
10006310:	10000a5d                                ]...

10006314 <__pre_init_runtime_init_per_core_irq_priorities>:
10006314:	10000a85                                ....

10006318 <__frame_dummy_init_array_entry>:
10006318:	1000025d 10003f29                       ]...)?..

Disassembly of section .data:

20000110 <mutex_try_enter>:
20000110:	4603      	mov	r3, r0
20000112:	b500      	push	{lr}
20000114:	6802      	ldr	r2, [r0, #0]
20000116:	f3ef 8c10 	mrs	ip, PRIMASK
2000011a:	b672      	cpsid	i
2000011c:	e8d2 efcf 	ldaexb	lr, [r2]
20000120:	2001      	movs	r0, #1
20000122:	f1be 0f00 	cmp.w	lr, #0
20000126:	d1f9      	bne.n	2000011c <mutex_try_enter+0xc>
20000128:	e8c2 0f4e 	strexb	lr, r0, [r2]
2000012c:	f1be 0f00 	cmp.w	lr, #0
20000130:	d1f4      	bne.n	2000011c <mutex_try_enter+0xc>
20000132:	f3bf 8f5f 	dmb	sy
20000136:	f993 2004 	ldrsb.w	r2, [r3, #4]
2000013a:	2a00      	cmp	r2, #0
2000013c:	db0a      	blt.n	20000154 <mutex_try_enter+0x44>
2000013e:	b101      	cbz	r1, 20000142 <mutex_try_enter+0x32>
20000140:	600a      	str	r2, [r1, #0]
20000142:	2000      	movs	r0, #0
20000144:	2200      	movs	r2, #0
20000146:	681b      	ldr	r3, [r3, #0]
20000148:	e8c3 2f8f 	stlb	r2, [r3]
2000014c:	f38c 8810 	msr	PRIMASK, ip
20000150:	f85d fb04 	ldr.w	pc, [sp], #4
20000154:	f04f 4250 	mov.w	r2, #3489660928	@ 0xd0000000
20000158:	6812      	ldr	r2, [r2, #0]
2000015a:	2001      	movs	r0, #1
2000015c:	711a      	strb	r2, [r3, #4]
2000015e:	e7f1      	b.n	20000144 <mutex_try_enter+0x34>

20000160 <mutex_enter_block_until>:
20000160:	f04f 4150 	mov.w	r1, #3489660928	@ 0xd0000000
20000164:	e92d 41f0 	stmdb	sp!, {r4, r5, r6, r7, r8, lr}
20000168:	2700      	movs	r7, #0
2000016a:	4604      	mov	r4, r0
2000016c:	4616      	mov	r6, r2
2000016e:	461d      	mov	r5, r3
20000170:	f8d1 8000 	ldr.w	r8, [r1]
20000174:	e009      	b.n	2000018a <mutex_enter_block_until+0x2a>
20000176:	6823      	ldr	r3, [r4, #0]
20000178:	e8c3 7f8f 	stlb	r7, [r3]
2000017c:	f38c 8810 	msr	PRIMASK, ip
20000180:	4630      	mov	r0, r6
20000182:	4629      	mov	r1, r5
20000184:	f000 ffe8 	bl	20001158 <__best_effort_wfe_or_timeout_veneer>
20000188:	b9f0      	cbnz	r0, 200001c8 <mutex_enter_block_until+0x68>
2000018a:	6821      	ldr	r1, [r4, #0]
2000018c:	f3ef 8c10 	mrs	ip, PRIMASK
20000190:	b672      	cpsid	i
20000192:	e8d1 2fcf 	ldaexb	r2, [r1]
20000196:	2301      	movs	r3, #1
20000198:	2a00      	cmp	r2, #0
2000019a:	d1fa      	bne.n	20000192 <mutex_enter_block_until+0x32>
2000019c:	e8c1 3f42 	strexb	r2, r3, [r1]
200001a0:	2a00      	cmp	r2, #0
200001a2:	d1f6      	bne.n	20000192 <mutex_enter_block_until+0x32>
200001a4:	f3bf 8f5f 	dmb	sy
200001a8:	f994 e004 	ldrsb.w	lr, [r4, #4]
200001ac:	f1be 0f00 	cmp.w	lr, #0
200001b0:	dae1      	bge.n	20000176 <mutex_enter_block_until+0x16>
200001b2:	2300      	movs	r3, #0
200001b4:	6822      	ldr	r2, [r4, #0]
200001b6:	f884 8004 	strb.w	r8, [r4, #4]
200001ba:	e8c2 3f8f 	stlb	r3, [r2]
200001be:	f38c 8810 	msr	PRIMASK, ip
200001c2:	2001      	movs	r0, #1
200001c4:	e8bd 81f0 	ldmia.w	sp!, {r4, r5, r6, r7, r8, pc}
200001c8:	2000      	movs	r0, #0
200001ca:	e8bd 81f0 	ldmia.w	sp!, {r4, r5, r6, r7, r8, pc}
200001ce:	bf00      	nop

200001d0 <mutex_try_enter_block_until>:
200001d0:	b530      	push	{r4, r5, lr}
200001d2:	4601      	mov	r1, r0
200001d4:	6804      	ldr	r4, [r0, #0]
200001d6:	f3ef 8c10 	mrs	ip, PRIMASK
200001da:	b672      	cpsid	i
200001dc:	e8d4 efcf 	ldaexb	lr, [r4]
200001e0:	2501      	movs	r5, #1
200001e2:	f1be 0f00 	cmp.w	lr, #0
200001e6:	d1f9      	bne.n	200001dc <mutex_try_enter_block_until+0xc>
200001e8:	e8c4 5f4e 	strexb	lr, r5, [r4]
200001ec:	f1be 0f00 	cmp.w	lr, #0
200001f0:	d1f4      	bne.n	200001dc <mutex_try_enter_block_until+0xc>
200001f2:	f3bf 8f5f 	dmb	sy
200001f6:	f990 4004 	ldrsb.w	r4, [r0, #4]
200001fa:	2c00      	cmp	r4, #0
200001fc:	db11      	blt.n	20000222 <mutex_try_enter_block_until+0x52>
200001fe:	2100      	movs	r1, #0
20000200:	6805      	ldr	r5, [r0, #0]
20000202:	e8c5 1f8f 	stlb	r1, [r5]
20000206:	f38c 8810 	msr	PRIMASK, ip
2000020a:	f04f 4c50 	mov.w	ip, #3489660928	@ 0xd0000000
2000020e:	f99c c000 	ldrsb.w	ip, [ip]
20000212:	45a4      	cmp	ip, r4
20000214:	d101      	bne.n	2000021a <mutex_try_enter_block_until+0x4a>
20000216:	4608      	mov	r0, r1
20000218:	bd30      	pop	{r4, r5, pc}
2000021a:	e8bd 4030 	ldmia.w	sp!, {r4, r5, lr}
2000021e:	f7ff bf9f 	b.w	20000160 <mutex_enter_block_until>
20000222:	f04f 4050 	mov.w	r0, #3489660928	@ 0xd0000000
20000226:	6800      	ldr	r0, [r0, #0]
20000228:	2300      	movs	r3, #0
2000022a:	680a      	ldr	r2, [r1, #0]
2000022c:	7108      	strb	r0, [r1, #4]
2000022e:	e8c2 3f8f 	stlb	r3, [r2]
20000232:	f38c 8810 	msr	PRIMASK, ip
20000236:	2001      	movs	r0, #1
20000238:	bd30      	pop	{r4, r5, pc}
2000023a:	bf00      	nop

2000023c <mutex_enter_timeout_ms>:
2000023c:	b570      	push	{r4, r5, r6, lr}
2000023e:	4605      	mov	r5, r0
20000240:	460c      	mov	r4, r1
20000242:	f000 ff85 	bl	20001150 <__time_us_64_veneer>
20000246:	4602      	mov	r2, r0
20000248:	460b      	mov	r3, r1
2000024a:	f44f 707a 	mov.w	r0, #1000	@ 0x3e8
2000024e:	f04f 3eff 	mov.w	lr, #4294967295	@ 0xffffffff
20000252:	f06f 4c00 	mvn.w	ip, #2147483648	@ 0x80000000
20000256:	fbe4 2300 	umlal	r2, r3, r4, r0
2000025a:	4596      	cmp	lr, r2
2000025c:	eb7c 0103 	sbcs.w	r1, ip, r3
20000260:	bf38      	it	cc
20000262:	4672      	movcc	r2, lr
20000264:	4628      	mov	r0, r5
20000266:	e8bd 4070 	ldmia.w	sp!, {r4, r5, r6, lr}
2000026a:	bf38      	it	cc
2000026c:	4663      	movcc	r3, ip
2000026e:	f7ff bf77 	b.w	20000160 <mutex_enter_block_until>
20000272:	bf00      	nop

20000274 <mutex_exit>:
20000274:	6803      	ldr	r3, [r0, #0]
20000276:	f3ef 8210 	mrs	r2, PRIMASK
2000027a:	b672      	cpsid	i
2000027c:	e8d3 cfcf 	ldaexb	ip, [r3]
20000280:	2101      	movs	r1, #1
20000282:	f1bc 0f00 	cmp.w	ip, #0
20000286:	d1f9      	bne.n	2000027c <mutex_exit+0x8>
20000288:	e8c3 1f4c 	strexb	ip, r1, [r3]
2000028c:	f1bc 0f00 	cmp.w	ip, #0
20000290:	d1f4      	bne.n	2000027c <mutex_exit+0x8>
20000292:	f3bf 8f5f 	dmb	sy
20000296:	f04f 0cff 	mov.w	ip, #255	@ 0xff
2000029a:	2300      	movs	r3, #0
2000029c:	6801      	ldr	r1, [r0, #0]
2000029e:	f880 c004 	strb.w	ip, [r0, #4]
200002a2:	e8c1 3f8f 	stlb	r3, [r1]
200002a6:	f382 8810 	msr	PRIMASK, r2
200002aa:	bf40      	sev
200002ac:	4770      	bx	lr
200002ae:	bf00      	nop

200002b0 <reset_non_control_endpoints>:
200002b0:	2100      	movs	r1, #0
200002b2:	b508      	push	{r3, lr}
200002b4:	4b13      	ldr	r3, [pc, #76]	@ (20000304 <reset_non_control_endpoints+0x54>)
200002b6:	f44f 7270 	mov.w	r2, #960	@ 0x3c0
200002ba:	6099      	str	r1, [r3, #8]
200002bc:	4812      	ldr	r0, [pc, #72]	@ (20000308 <reset_non_control_endpoints+0x58>)
200002be:	60d9      	str	r1, [r3, #12]
200002c0:	6119      	str	r1, [r3, #16]
200002c2:	6159      	str	r1, [r3, #20]
200002c4:	6199      	str	r1, [r3, #24]
200002c6:	61d9      	str	r1, [r3, #28]
200002c8:	6219      	str	r1, [r3, #32]
200002ca:	6259      	str	r1, [r3, #36]	@ 0x24
200002cc:	6299      	str	r1, [r3, #40]	@ 0x28
200002ce:	62d9      	str	r1, [r3, #44]	@ 0x2c
200002d0:	6319      	str	r1, [r3, #48]	@ 0x30
200002d2:	6359      	str	r1, [r3, #52]	@ 0x34
200002d4:	6399      	str	r1, [r3, #56]	@ 0x38
200002d6:	63d9      	str	r1, [r3, #60]	@ 0x3c
200002d8:	6419      	str	r1, [r3, #64]	@ 0x40
200002da:	6459      	str	r1, [r3, #68]	@ 0x44
200002dc:	6499      	str	r1, [r3, #72]	@ 0x48
200002de:	64d9      	str	r1, [r3, #76]	@ 0x4c
200002e0:	6519      	str	r1, [r3, #80]	@ 0x50
200002e2:	6559      	str	r1, [r3, #84]	@ 0x54
200002e4:	6599      	str	r1, [r3, #88]	@ 0x58
200002e6:	65d9      	str	r1, [r3, #92]	@ 0x5c
200002e8:	6619      	str	r1, [r3, #96]	@ 0x60
200002ea:	6659      	str	r1, [r3, #100]	@ 0x64
200002ec:	6699      	str	r1, [r3, #104]	@ 0x68
200002ee:	66d9      	str	r1, [r3, #108]	@ 0x6c
200002f0:	6719      	str	r1, [r3, #112]	@ 0x70
200002f2:	6759      	str	r1, [r3, #116]	@ 0x74
200002f4:	6799      	str	r1, [r3, #120]	@ 0x78
200002f6:	67d9      	str	r1, [r3, #124]	@ 0x7c
200002f8:	f000 ff26 	bl	20001148 <__memset_veneer>
200002fc:	4b03      	ldr	r3, [pc, #12]	@ (2000030c <reset_non_control_endpoints+0x5c>)
200002fe:	4a04      	ldr	r2, [pc, #16]	@ (20000310 <reset_non_control_endpoints+0x60>)
20000300:	601a      	str	r2, [r3, #0]
20000302:	bd08      	pop	{r3, pc}
20000304:	50100000 	.word	0x50100000
20000308:	20001c8c 	.word	0x20001c8c
2000030c:	20002054 	.word	0x20002054
20000310:	50100180 	.word	0x50100180

20000314 <hw_handle_buff_status>:
20000314:	e92d 4ff0 	stmdb	sp!, {r4, r5, r6, r7, r8, r9, sl, fp, lr}
20000318:	4b24      	ldr	r3, [pc, #144]	@ (200003ac <hw_handle_buff_status+0x98>)
2000031a:	b085      	sub	sp, #20
2000031c:	f8d3 a058 	ldr.w	sl, [r3, #88]	@ 0x58
20000320:	f1ba 0f00 	cmp.w	sl, #0
20000324:	d025      	beq.n	20000372 <hw_handle_buff_status+0x5e>
20000326:	2400      	movs	r4, #0
20000328:	2501      	movs	r5, #1
2000032a:	f04f 0902 	mov.w	r9, #2
2000032e:	4f20      	ldr	r7, [pc, #128]	@ (200003b0 <hw_handle_buff_status+0x9c>)
20000330:	e003      	b.n	2000033a <hw_handle_buff_status+0x26>
20000332:	006d      	lsls	r5, r5, #1
20000334:	b2dc      	uxtb	r4, r3
20000336:	2c20      	cmp	r4, #32
20000338:	d01b      	beq.n	20000372 <hw_handle_buff_status+0x5e>
2000033a:	ea1a 0f05 	tst.w	sl, r5
2000033e:	f104 0301 	add.w	r3, r4, #1
20000342:	d0f6      	beq.n	20000332 <hw_handle_buff_status+0x1e>
20000344:	43e6      	mvns	r6, r4
20000346:	ea4f 0854 	mov.w	r8, r4, lsr #1
2000034a:	f006 0601 	and.w	r6, r6, #1
2000034e:	fb19 6b08 	smlabb	fp, r9, r8, r6
20000352:	4b18      	ldr	r3, [pc, #96]	@ (200003b4 <hw_handle_buff_status+0xa0>)
20000354:	eb07 1b4b 	add.w	fp, r7, fp, lsl #5
20000358:	659d      	str	r5, [r3, #88]	@ 0x58
2000035a:	4658      	mov	r0, fp
2000035c:	ea2a 0a05 	bic.w	sl, sl, r5
20000360:	006d      	lsls	r5, r5, #1
20000362:	f000 fc25 	bl	20000bb0 <hw_endpoint_xfer_continue>
20000366:	b938      	cbnz	r0, 20000378 <hw_handle_buff_status+0x64>
20000368:	3401      	adds	r4, #1
2000036a:	b2e4      	uxtb	r4, r4
2000036c:	f1ba 0f00 	cmp.w	sl, #0
20000370:	d1e1      	bne.n	20000336 <hw_handle_buff_status+0x22>
20000372:	b005      	add	sp, #20
20000374:	e8bd 8ff0 	ldmia.w	sp!, {r4, r5, r6, r7, r8, r9, sl, fp, pc}
20000378:	2300      	movs	r3, #0
2000037a:	f8cd 3006 	str.w	r3, [sp, #6]
2000037e:	f8ad 300a 	strh.w	r3, [sp, #10]
20000382:	f44f 63e0 	mov.w	r3, #1792	@ 0x700
20000386:	eb06 0648 	add.w	r6, r6, r8, lsl #1
2000038a:	eb07 1646 	add.w	r6, r7, r6, lsl #5
2000038e:	78b2      	ldrb	r2, [r6, #2]
20000390:	f8ad 3004 	strh.w	r3, [sp, #4]
20000394:	8af3      	ldrh	r3, [r6, #22]
20000396:	a801      	add	r0, sp, #4
20000398:	2101      	movs	r1, #1
2000039a:	f88d 2008 	strb.w	r2, [sp, #8]
2000039e:	9303      	str	r3, [sp, #12]
200003a0:	f000 fc24 	bl	20000bec <dcd_event_handler>
200003a4:	4658      	mov	r0, fp
200003a6:	f000 fba9 	bl	20000afc <hw_endpoint_reset_transfer>
200003aa:	e7dd      	b.n	20000368 <hw_handle_buff_status+0x54>
200003ac:	50110000 	.word	0x50110000
200003b0:	20001c4c 	.word	0x20001c4c
200003b4:	50113000 	.word	0x50113000

200003b8 <dcd_rp2040_irq>:
200003b8:	b5f0      	push	{r4, r5, r6, r7, lr}
200003ba:	4bb8      	ldr	r3, [pc, #736]	@ (2000069c <dcd_rp2040_irq+0x2e4>)
200003bc:	b085      	sub	sp, #20
200003be:	f8d3 5098 	ldr.w	r5, [r3, #152]	@ 0x98
200003c2:	f415 3600 	ands.w	r6, r5, #131072	@ 0x20000
200003c6:	d07b      	beq.n	200004c0 <dcd_rp2040_irq+0x108>
200003c8:	4bb5      	ldr	r3, [pc, #724]	@ (200006a0 <dcd_rp2040_irq+0x2e8>)
200003ca:	4cb6      	ldr	r4, [pc, #728]	@ (200006a4 <dcd_rp2040_irq+0x2ec>)
200003cc:	6a99      	ldr	r1, [r3, #40]	@ 0x28
200003ce:	f894 303b 	ldrb.w	r3, [r4, #59]	@ 0x3b
200003d2:	4ab5      	ldr	r2, [pc, #724]	@ (200006a8 <dcd_rp2040_irq+0x2f0>)
200003d4:	2b02      	cmp	r3, #2
200003d6:	6011      	str	r1, [r2, #0]
200003d8:	f000 8111 	beq.w	200005fe <dcd_rp2040_irq+0x246>
200003dc:	2600      	movs	r6, #0
200003de:	f894 307b 	ldrb.w	r3, [r4, #123]	@ 0x7b
200003e2:	2b02      	cmp	r3, #2
200003e4:	f000 81ec 	beq.w	200007c0 <dcd_rp2040_irq+0x408>
200003e8:	f894 30bb 	ldrb.w	r3, [r4, #187]	@ 0xbb
200003ec:	2b02      	cmp	r3, #2
200003ee:	f000 81dd 	beq.w	200007ac <dcd_rp2040_irq+0x3f4>
200003f2:	f894 30fb 	ldrb.w	r3, [r4, #251]	@ 0xfb
200003f6:	2b02      	cmp	r3, #2
200003f8:	f000 81ce 	beq.w	20000798 <dcd_rp2040_irq+0x3e0>
200003fc:	f894 313b 	ldrb.w	r3, [r4, #315]	@ 0x13b
20000400:	2b02      	cmp	r3, #2
20000402:	f000 81be 	beq.w	20000782 <dcd_rp2040_irq+0x3ca>
20000406:	f894 317b 	ldrb.w	r3, [r4, #379]	@ 0x17b
2000040a:	2b02      	cmp	r3, #2
2000040c:	f000 81ae 	beq.w	2000076c <dcd_rp2040_irq+0x3b4>
20000410:	f894 31bb 	ldrb.w	r3, [r4, #443]	@ 0x1bb
20000414:	2b02      	cmp	r3, #2
20000416:	f000 819e 	beq.w	20000756 <dcd_rp2040_irq+0x39e>
2000041a:	f894 31fb 	ldrb.w	r3, [r4, #507]	@ 0x1fb
2000041e:	2b02      	cmp	r3, #2
20000420:	f000 818e 	beq.w	20000740 <dcd_rp2040_irq+0x388>
20000424:	f894 323b 	ldrb.w	r3, [r4, #571]	@ 0x23b
20000428:	2b02      	cmp	r3, #2
2000042a:	f000 817d 	beq.w	20000728 <dcd_rp2040_irq+0x370>
2000042e:	f894 327b 	ldrb.w	r3, [r4, #635]	@ 0x27b
20000432:	2b02      	cmp	r3, #2
20000434:	f000 816c 	beq.w	20000710 <dcd_rp2040_irq+0x358>
20000438:	f894 32bb 	ldrb.w	r3, [r4, #699]	@ 0x2bb
2000043c:	2b02      	cmp	r3, #2
2000043e:	f000 815b 	beq.w	200006f8 <dcd_rp2040_irq+0x340>
20000442:	f894 32fb 	ldrb.w	r3, [r4, #763]	@ 0x2fb
20000446:	2b02      	cmp	r3, #2
20000448:	f000 814a 	beq.w	200006e0 <dcd_rp2040_irq+0x328>
2000044c:	f894 333b 	ldrb.w	r3, [r4, #827]	@ 0x33b
20000450:	2b02      	cmp	r3, #2
20000452:	f000 8139 	beq.w	200006c8 <dcd_rp2040_irq+0x310>
20000456:	f894 337b 	ldrb.w	r3, [r4, #891]	@ 0x37b
2000045a:	2b02      	cmp	r3, #2
2000045c:	f000 80e1 	beq.w	20000622 <dcd_rp2040_irq+0x26a>
20000460:	f894 33bb 	ldrb.w	r3, [r4, #955]	@ 0x3bb
20000464:	2b02      	cmp	r3, #2
20000466:	f000 8104 	beq.w	20000672 <dcd_rp2040_irq+0x2ba>
2000046a:	f894 33fb 	ldrb.w	r3, [r4, #1019]	@ 0x3fb
2000046e:	2b02      	cmp	r3, #2
20000470:	f000 80ee 	beq.w	20000650 <dcd_rp2040_irq+0x298>
20000474:	b93e      	cbnz	r6, 20000486 <dcd_rp2040_irq+0xce>
20000476:	4b8d      	ldr	r3, [pc, #564]	@ (200006ac <dcd_rp2040_irq+0x2f4>)
20000478:	781b      	ldrb	r3, [r3, #0]
2000047a:	b923      	cbnz	r3, 20000486 <dcd_rp2040_irq+0xce>
2000047c:	f44f 3200 	mov.w	r2, #131072	@ 0x20000
20000480:	4b8b      	ldr	r3, [pc, #556]	@ (200006b0 <dcd_rp2040_irq+0x2f8>)
20000482:	f8c3 2090 	str.w	r2, [r3, #144]	@ 0x90
20000486:	2200      	movs	r2, #0
20000488:	f44f 7c40 	mov.w	ip, #768	@ 0x300
2000048c:	4b83      	ldr	r3, [pc, #524]	@ (2000069c <dcd_rp2040_irq+0x2e4>)
2000048e:	2101      	movs	r1, #1
20000490:	6c9b      	ldr	r3, [r3, #72]	@ 0x48
20000492:	a801      	add	r0, sp, #4
20000494:	f3c3 030a 	ubfx	r3, r3, #0, #11
20000498:	f8cd 2006 	str.w	r2, [sp, #6]
2000049c:	f8cd 200a 	str.w	r2, [sp, #10]
200004a0:	f8ad 200e 	strh.w	r2, [sp, #14]
200004a4:	f8ad c004 	strh.w	ip, [sp, #4]
200004a8:	9302      	str	r3, [sp, #8]
200004aa:	f000 fb9f 	bl	20000bec <dcd_event_handler>
200004ae:	06ea      	lsls	r2, r5, #27
200004b0:	f44f 3600 	mov.w	r6, #131072	@ 0x20000
200004b4:	4c7f      	ldr	r4, [pc, #508]	@ (200006b4 <dcd_rp2040_irq+0x2fc>)
200004b6:	d507      	bpl.n	200004c8 <dcd_rp2040_irq+0x110>
200004b8:	f7ff ff2c 	bl	20000314 <hw_handle_buff_status>
200004bc:	4626      	mov	r6, r4
200004be:	e003      	b.n	200004c8 <dcd_rp2040_irq+0x110>
200004c0:	06ea      	lsls	r2, r5, #27
200004c2:	f04f 0410 	mov.w	r4, #16
200004c6:	d4f7      	bmi.n	200004b8 <dcd_rp2040_irq+0x100>
200004c8:	03eb      	lsls	r3, r5, #15
200004ca:	d531      	bpl.n	20000530 <dcd_rp2040_irq+0x178>
200004cc:	4c75      	ldr	r4, [pc, #468]	@ (200006a4 <dcd_rp2040_irq+0x2ec>)
200004ce:	f446 3680 	orr.w	r6, r6, #65536	@ 0x10000
200004d2:	7ea3      	ldrb	r3, [r4, #26]
200004d4:	b19b      	cbz	r3, 200004fe <dcd_rp2040_irq+0x146>
200004d6:	2102      	movs	r1, #2
200004d8:	4b77      	ldr	r3, [pc, #476]	@ (200006b8 <dcd_rp2040_irq+0x300>)
200004da:	4a70      	ldr	r2, [pc, #448]	@ (2000069c <dcd_rp2040_irq+0x2e4>)
200004dc:	6619      	str	r1, [r3, #96]	@ 0x60
200004de:	6e53      	ldr	r3, [r2, #100]	@ 0x64
200004e0:	079f      	lsls	r7, r3, #30
200004e2:	d5fc      	bpl.n	200004de <dcd_rp2040_irq+0x126>
200004e4:	f44f 5240 	mov.w	r2, #12288	@ 0x3000
200004e8:	2100      	movs	r1, #0
200004ea:	486e      	ldr	r0, [pc, #440]	@ (200006a4 <dcd_rp2040_irq+0x2ec>)
200004ec:	f000 fb0c 	bl	20000b08 <_hw_endpoint_buffer_control_update32>
200004f0:	486c      	ldr	r0, [pc, #432]	@ (200006a4 <dcd_rp2040_irq+0x2ec>)
200004f2:	f000 fb03 	bl	20000afc <hw_endpoint_reset_transfer>
200004f6:	2202      	movs	r2, #2
200004f8:	4b6d      	ldr	r3, [pc, #436]	@ (200006b0 <dcd_rp2040_irq+0x2f8>)
200004fa:	665a      	str	r2, [r3, #100]	@ 0x64
200004fc:	661a      	str	r2, [r3, #96]	@ 0x60
200004fe:	2301      	movs	r3, #1
20000500:	f894 203a 	ldrb.w	r2, [r4, #58]	@ 0x3a
20000504:	70e3      	strb	r3, [r4, #3]
20000506:	b9f2      	cbnz	r2, 20000546 <dcd_rp2040_irq+0x18e>
20000508:	2301      	movs	r3, #1
2000050a:	f44f 61c0 	mov.w	r1, #1536	@ 0x600
2000050e:	4a6b      	ldr	r2, [pc, #428]	@ (200006bc <dcd_rp2040_irq+0x304>)
20000510:	f884 3023 	strb.w	r3, [r4, #35]	@ 0x23
20000514:	9101      	str	r1, [sp, #4]
20000516:	e892 0003 	ldmia.w	r2, {r0, r1}
2000051a:	aa04      	add	r2, sp, #16
2000051c:	e902 0003 	stmdb	r2, {r0, r1}
20000520:	4619      	mov	r1, r3
20000522:	a801      	add	r0, sp, #4
20000524:	f000 fb62 	bl	20000bec <dcd_event_handler>
20000528:	f44f 3200 	mov.w	r2, #131072	@ 0x20000
2000052c:	4b60      	ldr	r3, [pc, #384]	@ (200006b0 <dcd_rp2040_irq+0x2f8>)
2000052e:	651a      	str	r2, [r3, #80]	@ 0x50
20000530:	04e9      	lsls	r1, r5, #19
20000532:	d41d      	bmi.n	20000570 <dcd_rp2040_irq+0x1b8>
20000534:	046a      	lsls	r2, r5, #17
20000536:	d436      	bmi.n	200005a6 <dcd_rp2040_irq+0x1ee>
20000538:	042b      	lsls	r3, r5, #16
2000053a:	d44a      	bmi.n	200005d2 <dcd_rp2040_irq+0x21a>
2000053c:	42ae      	cmp	r6, r5
2000053e:	f040 81b7 	bne.w	200008b0 <dcd_rp2040_irq+0x4f8>
20000542:	b005      	add	sp, #20
20000544:	bdf0      	pop	{r4, r5, r6, r7, pc}
20000546:	4a5c      	ldr	r2, [pc, #368]	@ (200006b8 <dcd_rp2040_irq+0x300>)
20000548:	6613      	str	r3, [r2, #96]	@ 0x60
2000054a:	f5a2 5200 	sub.w	r2, r2, #8192	@ 0x2000
2000054e:	6e53      	ldr	r3, [r2, #100]	@ 0x64
20000550:	07d8      	lsls	r0, r3, #31
20000552:	d5fc      	bpl.n	2000054e <dcd_rp2040_irq+0x196>
20000554:	f44f 5240 	mov.w	r2, #12288	@ 0x3000
20000558:	2100      	movs	r1, #0
2000055a:	4859      	ldr	r0, [pc, #356]	@ (200006c0 <dcd_rp2040_irq+0x308>)
2000055c:	f000 fad4 	bl	20000b08 <_hw_endpoint_buffer_control_update32>
20000560:	4857      	ldr	r0, [pc, #348]	@ (200006c0 <dcd_rp2040_irq+0x308>)
20000562:	f000 facb 	bl	20000afc <hw_endpoint_reset_transfer>
20000566:	2201      	movs	r2, #1
20000568:	4b51      	ldr	r3, [pc, #324]	@ (200006b0 <dcd_rp2040_irq+0x2f8>)
2000056a:	665a      	str	r2, [r3, #100]	@ 0x64
2000056c:	661a      	str	r2, [r3, #96]	@ 0x60
2000056e:	e7cb      	b.n	20000508 <dcd_rp2040_irq+0x150>
20000570:	2400      	movs	r4, #0
20000572:	4b4a      	ldr	r3, [pc, #296]	@ (2000069c <dcd_rp2040_irq+0x2e4>)
20000574:	f446 5680 	orr.w	r6, r6, #4096	@ 0x1000
20000578:	601c      	str	r4, [r3, #0]
2000057a:	f7ff fe99 	bl	200002b0 <reset_non_control_endpoints>
2000057e:	f44f 7380 	mov.w	r3, #256	@ 0x100
20000582:	2101      	movs	r1, #1
20000584:	a801      	add	r0, sp, #4
20000586:	f8ad 3004 	strh.w	r3, [sp, #4]
2000058a:	f8cd 4006 	str.w	r4, [sp, #6]
2000058e:	f8cd 400a 	str.w	r4, [sp, #10]
20000592:	f8ad 400e 	strh.w	r4, [sp, #14]
20000596:	f000 fb29 	bl	20000bec <dcd_event_handler>
2000059a:	f44f 2200 	mov.w	r2, #524288	@ 0x80000
2000059e:	4b44      	ldr	r3, [pc, #272]	@ (200006b0 <dcd_rp2040_irq+0x2f8>)
200005a0:	651a      	str	r2, [r3, #80]	@ 0x50
200005a2:	046a      	lsls	r2, r5, #17
200005a4:	d5c8      	bpl.n	20000538 <dcd_rp2040_irq+0x180>
200005a6:	2300      	movs	r3, #0
200005a8:	f44f 6280 	mov.w	r2, #1024	@ 0x400
200005ac:	2101      	movs	r1, #1
200005ae:	a801      	add	r0, sp, #4
200005b0:	f8ad 300e 	strh.w	r3, [sp, #14]
200005b4:	f8cd 3006 	str.w	r3, [sp, #6]
200005b8:	f8cd 300a 	str.w	r3, [sp, #10]
200005bc:	f8ad 2004 	strh.w	r2, [sp, #4]
200005c0:	f000 fb14 	bl	20000bec <dcd_event_handler>
200005c4:	2210      	movs	r2, #16
200005c6:	4b3a      	ldr	r3, [pc, #232]	@ (200006b0 <dcd_rp2040_irq+0x2f8>)
200005c8:	f446 4680 	orr.w	r6, r6, #16384	@ 0x4000
200005cc:	651a      	str	r2, [r3, #80]	@ 0x50
200005ce:	042b      	lsls	r3, r5, #16
200005d0:	d5b4      	bpl.n	2000053c <dcd_rp2040_irq+0x184>
200005d2:	2300      	movs	r3, #0
200005d4:	f44f 62a0 	mov.w	r2, #1280	@ 0x500
200005d8:	2101      	movs	r1, #1
200005da:	a801      	add	r0, sp, #4
200005dc:	f8ad 300e 	strh.w	r3, [sp, #14]
200005e0:	f8cd 3006 	str.w	r3, [sp, #6]
200005e4:	f8cd 300a 	str.w	r3, [sp, #10]
200005e8:	f8ad 2004 	strh.w	r2, [sp, #4]
200005ec:	f000 fafe 	bl	20000bec <dcd_event_handler>
200005f0:	f44f 6200 	mov.w	r2, #2048	@ 0x800
200005f4:	4b2e      	ldr	r3, [pc, #184]	@ (200006b0 <dcd_rp2040_irq+0x2f8>)
200005f6:	f446 4600 	orr.w	r6, r6, #32768	@ 0x8000
200005fa:	651a      	str	r2, [r3, #80]	@ 0x50
200005fc:	e79e      	b.n	2000053c <dcd_rp2040_irq+0x184>
200005fe:	f894 603a 	ldrb.w	r6, [r4, #58]	@ 0x3a
20000602:	2e00      	cmp	r6, #0
20000604:	f43f aeeb 	beq.w	200003de <dcd_rp2040_irq+0x26>
20000608:	f894 303c 	ldrb.w	r3, [r4, #60]	@ 0x3c
2000060c:	2b00      	cmp	r3, #0
2000060e:	f43f aee6 	beq.w	200003de <dcd_rp2040_irq+0x26>
20000612:	2300      	movs	r3, #0
20000614:	f104 0020 	add.w	r0, r4, #32
20000618:	f884 303c 	strb.w	r3, [r4, #60]	@ 0x3c
2000061c:	f000 fa96 	bl	20000b4c <hw_endpoint_start_next_buffer>
20000620:	e6dd      	b.n	200003de <dcd_rp2040_irq+0x26>
20000622:	f894 737a 	ldrb.w	r7, [r4, #890]	@ 0x37a
20000626:	2f00      	cmp	r7, #0
20000628:	f43f af1a 	beq.w	20000460 <dcd_rp2040_irq+0xa8>
2000062c:	f894 337c 	ldrb.w	r3, [r4, #892]	@ 0x37c
20000630:	2b00      	cmp	r3, #0
20000632:	f040 8136 	bne.w	200008a2 <dcd_rp2040_irq+0x4ea>
20000636:	f894 33bb 	ldrb.w	r3, [r4, #955]	@ 0x3bb
2000063a:	2b02      	cmp	r3, #2
2000063c:	d123      	bne.n	20000686 <dcd_rp2040_irq+0x2ce>
2000063e:	f894 33ba 	ldrb.w	r3, [r4, #954]	@ 0x3ba
20000642:	b9db      	cbnz	r3, 2000067c <dcd_rp2040_irq+0x2c4>
20000644:	f894 33fb 	ldrb.w	r3, [r4, #1019]	@ 0x3fb
20000648:	2b02      	cmp	r3, #2
2000064a:	f47f af1c 	bne.w	20000486 <dcd_rp2040_irq+0xce>
2000064e:	463e      	mov	r6, r7
20000650:	f894 33fa 	ldrb.w	r3, [r4, #1018]	@ 0x3fa
20000654:	2b00      	cmp	r3, #0
20000656:	f43f af0d 	beq.w	20000474 <dcd_rp2040_irq+0xbc>
2000065a:	f894 33fc 	ldrb.w	r3, [r4, #1020]	@ 0x3fc
2000065e:	2b00      	cmp	r3, #0
20000660:	f43f af11 	beq.w	20000486 <dcd_rp2040_irq+0xce>
20000664:	2300      	movs	r3, #0
20000666:	4817      	ldr	r0, [pc, #92]	@ (200006c4 <dcd_rp2040_irq+0x30c>)
20000668:	f884 33fc 	strb.w	r3, [r4, #1020]	@ 0x3fc
2000066c:	f000 fa6e 	bl	20000b4c <hw_endpoint_start_next_buffer>
20000670:	e709      	b.n	20000486 <dcd_rp2040_irq+0xce>
20000672:	f894 33ba 	ldrb.w	r3, [r4, #954]	@ 0x3ba
20000676:	2b00      	cmp	r3, #0
20000678:	f43f aef7 	beq.w	2000046a <dcd_rp2040_irq+0xb2>
2000067c:	f894 33bc 	ldrb.w	r3, [r4, #956]	@ 0x3bc
20000680:	2b00      	cmp	r3, #0
20000682:	f040 80a7 	bne.w	200007d4 <dcd_rp2040_irq+0x41c>
20000686:	f894 33fb 	ldrb.w	r3, [r4, #1019]	@ 0x3fb
2000068a:	2b02      	cmp	r3, #2
2000068c:	f47f aefb 	bne.w	20000486 <dcd_rp2040_irq+0xce>
20000690:	f894 33fa 	ldrb.w	r3, [r4, #1018]	@ 0x3fa
20000694:	2b00      	cmp	r3, #0
20000696:	d1e0      	bne.n	2000065a <dcd_rp2040_irq+0x2a2>
20000698:	e6f5      	b.n	20000486 <dcd_rp2040_irq+0xce>
2000069a:	bf00      	nop
2000069c:	50110000 	.word	0x50110000
200006a0:	400b0000 	.word	0x400b0000
200006a4:	20001c4c 	.word	0x20001c4c
200006a8:	20001c44 	.word	0x20001c44
200006ac:	20006152 	.word	0x20006152
200006b0:	50113000 	.word	0x50113000
200006b4:	00020010 	.word	0x00020010
200006b8:	50112000 	.word	0x50112000
200006bc:	50100000 	.word	0x50100000
200006c0:	20001c6c 	.word	0x20001c6c
200006c4:	2000202c 	.word	0x2000202c
200006c8:	f894 733a 	ldrb.w	r7, [r4, #826]	@ 0x33a
200006cc:	2f00      	cmp	r7, #0
200006ce:	f43f aec2 	beq.w	20000456 <dcd_rp2040_irq+0x9e>
200006d2:	f894 333c 	ldrb.w	r3, [r4, #828]	@ 0x33c
200006d6:	2b00      	cmp	r3, #0
200006d8:	f040 80db 	bne.w	20000892 <dcd_rp2040_irq+0x4da>
200006dc:	463e      	mov	r6, r7
200006de:	e6ba      	b.n	20000456 <dcd_rp2040_irq+0x9e>
200006e0:	f894 72fa 	ldrb.w	r7, [r4, #762]	@ 0x2fa
200006e4:	2f00      	cmp	r7, #0
200006e6:	f43f aeb1 	beq.w	2000044c <dcd_rp2040_irq+0x94>
200006ea:	f894 32fc 	ldrb.w	r3, [r4, #764]	@ 0x2fc
200006ee:	2b00      	cmp	r3, #0
200006f0:	f040 80c7 	bne.w	20000882 <dcd_rp2040_irq+0x4ca>
200006f4:	463e      	mov	r6, r7
200006f6:	e6a9      	b.n	2000044c <dcd_rp2040_irq+0x94>
200006f8:	f894 72ba 	ldrb.w	r7, [r4, #698]	@ 0x2ba
200006fc:	2f00      	cmp	r7, #0
200006fe:	f43f aea0 	beq.w	20000442 <dcd_rp2040_irq+0x8a>
20000702:	f894 32bc 	ldrb.w	r3, [r4, #700]	@ 0x2bc
20000706:	2b00      	cmp	r3, #0
20000708:	f040 80b3 	bne.w	20000872 <dcd_rp2040_irq+0x4ba>
2000070c:	463e      	mov	r6, r7
2000070e:	e698      	b.n	20000442 <dcd_rp2040_irq+0x8a>
20000710:	f894 727a 	ldrb.w	r7, [r4, #634]	@ 0x27a
20000714:	2f00      	cmp	r7, #0
20000716:	f43f ae8f 	beq.w	20000438 <dcd_rp2040_irq+0x80>
2000071a:	f894 327c 	ldrb.w	r3, [r4, #636]	@ 0x27c
2000071e:	2b00      	cmp	r3, #0
20000720:	f040 809f 	bne.w	20000862 <dcd_rp2040_irq+0x4aa>
20000724:	463e      	mov	r6, r7
20000726:	e687      	b.n	20000438 <dcd_rp2040_irq+0x80>
20000728:	f894 723a 	ldrb.w	r7, [r4, #570]	@ 0x23a
2000072c:	2f00      	cmp	r7, #0
2000072e:	f43f ae7e 	beq.w	2000042e <dcd_rp2040_irq+0x76>
20000732:	f894 323c 	ldrb.w	r3, [r4, #572]	@ 0x23c
20000736:	2b00      	cmp	r3, #0
20000738:	f040 808b 	bne.w	20000852 <dcd_rp2040_irq+0x49a>
2000073c:	463e      	mov	r6, r7
2000073e:	e676      	b.n	2000042e <dcd_rp2040_irq+0x76>
20000740:	f894 71fa 	ldrb.w	r7, [r4, #506]	@ 0x1fa
20000744:	2f00      	cmp	r7, #0
20000746:	f43f ae6d 	beq.w	20000424 <dcd_rp2040_irq+0x6c>
2000074a:	f894 31fc 	ldrb.w	r3, [r4, #508]	@ 0x1fc
2000074e:	2b00      	cmp	r3, #0
20000750:	d177      	bne.n	20000842 <dcd_rp2040_irq+0x48a>
20000752:	463e      	mov	r6, r7
20000754:	e666      	b.n	20000424 <dcd_rp2040_irq+0x6c>
20000756:	f894 71ba 	ldrb.w	r7, [r4, #442]	@ 0x1ba
2000075a:	2f00      	cmp	r7, #0
2000075c:	f43f ae5d 	beq.w	2000041a <dcd_rp2040_irq+0x62>
20000760:	f894 31bc 	ldrb.w	r3, [r4, #444]	@ 0x1bc
20000764:	2b00      	cmp	r3, #0
20000766:	d164      	bne.n	20000832 <dcd_rp2040_irq+0x47a>
20000768:	463e      	mov	r6, r7
2000076a:	e656      	b.n	2000041a <dcd_rp2040_irq+0x62>
2000076c:	f894 717a 	ldrb.w	r7, [r4, #378]	@ 0x17a
20000770:	2f00      	cmp	r7, #0
20000772:	f43f ae4d 	beq.w	20000410 <dcd_rp2040_irq+0x58>
20000776:	f894 317c 	ldrb.w	r3, [r4, #380]	@ 0x17c
2000077a:	2b00      	cmp	r3, #0
2000077c:	d151      	bne.n	20000822 <dcd_rp2040_irq+0x46a>
2000077e:	463e      	mov	r6, r7
20000780:	e646      	b.n	20000410 <dcd_rp2040_irq+0x58>
20000782:	f894 713a 	ldrb.w	r7, [r4, #314]	@ 0x13a
20000786:	2f00      	cmp	r7, #0
20000788:	f43f ae3d 	beq.w	20000406 <dcd_rp2040_irq+0x4e>
2000078c:	f894 313c 	ldrb.w	r3, [r4, #316]	@ 0x13c
20000790:	2b00      	cmp	r3, #0
20000792:	d13e      	bne.n	20000812 <dcd_rp2040_irq+0x45a>
20000794:	463e      	mov	r6, r7
20000796:	e636      	b.n	20000406 <dcd_rp2040_irq+0x4e>
20000798:	f894 70fa 	ldrb.w	r7, [r4, #250]	@ 0xfa
2000079c:	2f00      	cmp	r7, #0
2000079e:	f43f ae2d 	beq.w	200003fc <dcd_rp2040_irq+0x44>
200007a2:	f894 30fc 	ldrb.w	r3, [r4, #252]	@ 0xfc
200007a6:	bb63      	cbnz	r3, 20000802 <dcd_rp2040_irq+0x44a>
200007a8:	463e      	mov	r6, r7
200007aa:	e627      	b.n	200003fc <dcd_rp2040_irq+0x44>
200007ac:	f894 70ba 	ldrb.w	r7, [r4, #186]	@ 0xba
200007b0:	2f00      	cmp	r7, #0
200007b2:	f43f ae1e 	beq.w	200003f2 <dcd_rp2040_irq+0x3a>
200007b6:	f894 30bc 	ldrb.w	r3, [r4, #188]	@ 0xbc
200007ba:	b9d3      	cbnz	r3, 200007f2 <dcd_rp2040_irq+0x43a>
200007bc:	463e      	mov	r6, r7
200007be:	e618      	b.n	200003f2 <dcd_rp2040_irq+0x3a>
200007c0:	f894 707a 	ldrb.w	r7, [r4, #122]	@ 0x7a
200007c4:	2f00      	cmp	r7, #0
200007c6:	f43f ae0f 	beq.w	200003e8 <dcd_rp2040_irq+0x30>
200007ca:	f894 307c 	ldrb.w	r3, [r4, #124]	@ 0x7c
200007ce:	b943      	cbnz	r3, 200007e2 <dcd_rp2040_irq+0x42a>
200007d0:	463e      	mov	r6, r7
200007d2:	e609      	b.n	200003e8 <dcd_rp2040_irq+0x30>
200007d4:	2300      	movs	r3, #0
200007d6:	4839      	ldr	r0, [pc, #228]	@ (200008bc <dcd_rp2040_irq+0x504>)
200007d8:	f884 33bc 	strb.w	r3, [r4, #956]	@ 0x3bc
200007dc:	f000 f9b6 	bl	20000b4c <hw_endpoint_start_next_buffer>
200007e0:	e751      	b.n	20000686 <dcd_rp2040_irq+0x2ce>
200007e2:	2300      	movs	r3, #0
200007e4:	4836      	ldr	r0, [pc, #216]	@ (200008c0 <dcd_rp2040_irq+0x508>)
200007e6:	f884 307c 	strb.w	r3, [r4, #124]	@ 0x7c
200007ea:	463e      	mov	r6, r7
200007ec:	f000 f9ae 	bl	20000b4c <hw_endpoint_start_next_buffer>
200007f0:	e5fa      	b.n	200003e8 <dcd_rp2040_irq+0x30>
200007f2:	2300      	movs	r3, #0
200007f4:	4833      	ldr	r0, [pc, #204]	@ (200008c4 <dcd_rp2040_irq+0x50c>)
200007f6:	f884 30bc 	strb.w	r3, [r4, #188]	@ 0xbc
200007fa:	463e      	mov	r6, r7
200007fc:	f000 f9a6 	bl	20000b4c <hw_endpoint_start_next_buffer>
20000800:	e5f7      	b.n	200003f2 <dcd_rp2040_irq+0x3a>
20000802:	2300      	movs	r3, #0
20000804:	4830      	ldr	r0, [pc, #192]	@ (200008c8 <dcd_rp2040_irq+0x510>)
20000806:	f884 30fc 	strb.w	r3, [r4, #252]	@ 0xfc
2000080a:	463e      	mov	r6, r7
2000080c:	f000 f99e 	bl	20000b4c <hw_endpoint_start_next_buffer>
20000810:	e5f4      	b.n	200003fc <dcd_rp2040_irq+0x44>
20000812:	2300      	movs	r3, #0
20000814:	482d      	ldr	r0, [pc, #180]	@ (200008cc <dcd_rp2040_irq+0x514>)
20000816:	f884 313c 	strb.w	r3, [r4, #316]	@ 0x13c
2000081a:	463e      	mov	r6, r7
2000081c:	f000 f996 	bl	20000b4c <hw_endpoint_start_next_buffer>
20000820:	e5f1      	b.n	20000406 <dcd_rp2040_irq+0x4e>
20000822:	2300      	movs	r3, #0
20000824:	482a      	ldr	r0, [pc, #168]	@ (200008d0 <dcd_rp2040_irq+0x518>)
20000826:	f884 317c 	strb.w	r3, [r4, #380]	@ 0x17c
2000082a:	463e      	mov	r6, r7
2000082c:	f000 f98e 	bl	20000b4c <hw_endpoint_start_next_buffer>
20000830:	e5ee      	b.n	20000410 <dcd_rp2040_irq+0x58>
20000832:	2300      	movs	r3, #0
20000834:	4827      	ldr	r0, [pc, #156]	@ (200008d4 <dcd_rp2040_irq+0x51c>)
20000836:	f884 31bc 	strb.w	r3, [r4, #444]	@ 0x1bc
2000083a:	463e      	mov	r6, r7
2000083c:	f000 f986 	bl	20000b4c <hw_endpoint_start_next_buffer>
20000840:	e5eb      	b.n	2000041a <dcd_rp2040_irq+0x62>
20000842:	2300      	movs	r3, #0
20000844:	4824      	ldr	r0, [pc, #144]	@ (200008d8 <dcd_rp2040_irq+0x520>)
20000846:	f884 31fc 	strb.w	r3, [r4, #508]	@ 0x1fc
2000084a:	463e      	mov	r6, r7
2000084c:	f000 f97e 	bl	20000b4c <hw_endpoint_start_next_buffer>
20000850:	e5e8      	b.n	20000424 <dcd_rp2040_irq+0x6c>
20000852:	2300      	movs	r3, #0
20000854:	4821      	ldr	r0, [pc, #132]	@ (200008dc <dcd_rp2040_irq+0x524>)
20000856:	f884 323c 	strb.w	r3, [r4, #572]	@ 0x23c
2000085a:	463e      	mov	r6, r7
2000085c:	f000 f976 	bl	20000b4c <hw_endpoint_start_next_buffer>
20000860:	e5e5      	b.n	2000042e <dcd_rp2040_irq+0x76>
20000862:	2300      	movs	r3, #0
20000864:	481e      	ldr	r0, [pc, #120]	@ (200008e0 <dcd_rp2040_irq+0x528>)
20000866:	f884 327c 	strb.w	r3, [r4, #636]	@ 0x27c
2000086a:	463e      	mov	r6, r7
2000086c:	f000 f96e 	bl	20000b4c <hw_endpoint_start_next_buffer>
20000870:	e5e2      	b.n	20000438 <dcd_rp2040_irq+0x80>
20000872:	2300      	movs	r3, #0
20000874:	481b      	ldr	r0, [pc, #108]	@ (200008e4 <dcd_rp2040_irq+0x52c>)
20000876:	f884 32bc 	strb.w	r3, [r4, #700]	@ 0x2bc
2000087a:	463e      	mov	r6, r7
2000087c:	f000 f966 	bl	20000b4c <hw_endpoint_start_next_buffer>
20000880:	e5df      	b.n	20000442 <dcd_rp2040_irq+0x8a>
20000882:	2300      	movs	r3, #0
20000884:	4818      	ldr	r0, [pc, #96]	@ (200008e8 <dcd_rp2040_irq+0x530>)
20000886:	f884 32fc 	strb.w	r3, [r4, #764]	@ 0x2fc
2000088a:	463e      	mov	r6, r7
2000088c:	f000 f95e 	bl	20000b4c <hw_endpoint_start_next_buffer>
20000890:	e5dc      	b.n	2000044c <dcd_rp2040_irq+0x94>
20000892:	2300      	movs	r3, #0
20000894:	4815      	ldr	r0, [pc, #84]	@ (200008ec <dcd_rp2040_irq+0x534>)
20000896:	f884 333c 	strb.w	r3, [r4, #828]	@ 0x33c
2000089a:	463e      	mov	r6, r7
2000089c:	f000 f956 	bl	20000b4c <hw_endpoint_start_next_buffer>
200008a0:	e5d9      	b.n	20000456 <dcd_rp2040_irq+0x9e>
200008a2:	2300      	movs	r3, #0
200008a4:	4812      	ldr	r0, [pc, #72]	@ (200008f0 <dcd_rp2040_irq+0x538>)
200008a6:	f884 337c 	strb.w	r3, [r4, #892]	@ 0x37c
200008aa:	f000 f94f 	bl	20000b4c <hw_endpoint_start_next_buffer>
200008ae:	e6c2      	b.n	20000636 <dcd_rp2040_irq+0x27e>
200008b0:	4810      	ldr	r0, [pc, #64]	@ (200008f4 <dcd_rp2040_irq+0x53c>)
200008b2:	ea86 0105 	eor.w	r1, r6, r5
200008b6:	f000 fc3b 	bl	20001130 <__panic_veneer>
200008ba:	bf00      	nop
200008bc:	20001fec 	.word	0x20001fec
200008c0:	20001cac 	.word	0x20001cac
200008c4:	20001cec 	.word	0x20001cec
200008c8:	20001d2c 	.word	0x20001d2c
200008cc:	20001d6c 	.word	0x20001d6c
200008d0:	20001dac 	.word	0x20001dac
200008d4:	20001dec 	.word	0x20001dec
200008d8:	20001e2c 	.word	0x20001e2c
200008dc:	20001e6c 	.word	0x20001e6c
200008e0:	20001eac 	.word	0x20001eac
200008e4:	20001eec 	.word	0x20001eec
200008e8:	20001f2c 	.word	0x20001f2c
200008ec:	20001f6c 	.word	0x20001f6c
200008f0:	20001fac 	.word	0x20001fac
200008f4:	1000672c 	.word	0x1000672c

200008f8 <prepare_ep_buffer>:
200008f8:	e92d 43f0 	stmdb	sp!, {r4, r5, r6, r7, r8, r9, lr}
200008fc:	8a82      	ldrh	r2, [r0, #20]
200008fe:	8b04      	ldrh	r4, [r0, #24]
20000900:	4603      	mov	r3, r0
20000902:	4294      	cmp	r4, r2
20000904:	78c0      	ldrb	r0, [r0, #3]
20000906:	bf28      	it	cs
20000908:	4614      	movcs	r4, r2
2000090a:	1e05      	subs	r5, r0, #0
2000090c:	bf18      	it	ne
2000090e:	2501      	movne	r5, #1
20000910:	f080 0001 	eor.w	r0, r0, #1
20000914:	1b12      	subs	r2, r2, r4
20000916:	785e      	ldrb	r6, [r3, #1]
20000918:	70d8      	strb	r0, [r3, #3]
2000091a:	b292      	uxth	r2, r2
2000091c:	f444 6080 	orr.w	r0, r4, #1024	@ 0x400
20000920:	829a      	strh	r2, [r3, #20]
20000922:	ea40 3045 	orr.w	r0, r0, r5, lsl #13
20000926:	bb06      	cbnz	r6, 2000096a <prepare_ep_buffer+0x72>
20000928:	68dd      	ldr	r5, [r3, #12]
2000092a:	f104 38ff 	add.w	r8, r4, #4294967295	@ 0xffffffff
2000092e:	eb05 1c81 	add.w	ip, r5, r1, lsl #6
20000932:	691d      	ldr	r5, [r3, #16]
20000934:	b1ac      	cbz	r4, 20000962 <prepare_ep_buffer+0x6a>
20000936:	f1b8 0f05 	cmp.w	r8, #5
2000093a:	f105 0201 	add.w	r2, r5, #1
2000093e:	d903      	bls.n	20000948 <prepare_ep_buffer+0x50>
20000940:	ebac 0702 	sub.w	r7, ip, r2
20000944:	2f02      	cmp	r7, #2
20000946:	d817      	bhi.n	20000978 <prepare_ep_buffer+0x80>
20000948:	f10c 3cff 	add.w	ip, ip, #4294967295	@ 0xffffffff
2000094c:	4425      	add	r5, r4
2000094e:	e000      	b.n	20000952 <prepare_ep_buffer+0x5a>
20000950:	3201      	adds	r2, #1
20000952:	f812 6c01 	ldrb.w	r6, [r2, #-1]
20000956:	42aa      	cmp	r2, r5
20000958:	f80c 6f01 	strb.w	r6, [ip, #1]!
2000095c:	d1f8      	bne.n	20000950 <prepare_ep_buffer+0x58>
2000095e:	691d      	ldr	r5, [r3, #16]
20000960:	8a9a      	ldrh	r2, [r3, #20]
20000962:	4425      	add	r5, r4
20000964:	611d      	str	r5, [r3, #16]
20000966:	f440 4000 	orr.w	r0, r0, #32768	@ 0x8000
2000096a:	b90a      	cbnz	r2, 20000970 <prepare_ep_buffer+0x78>
2000096c:	f440 4080 	orr.w	r0, r0, #16384	@ 0x4000
20000970:	b101      	cbz	r1, 20000974 <prepare_ep_buffer+0x7c>
20000972:	0400      	lsls	r0, r0, #16
20000974:	e8bd 83f0 	ldmia.w	sp!, {r4, r5, r6, r7, r8, r9, pc}
20000978:	462f      	mov	r7, r5
2000097a:	46e6      	mov	lr, ip
2000097c:	4632      	mov	r2, r6
2000097e:	1f26      	subs	r6, r4, #4
20000980:	08b6      	lsrs	r6, r6, #2
20000982:	3601      	adds	r6, #1
20000984:	f857 9b04 	ldr.w	r9, [r7], #4
20000988:	3201      	adds	r2, #1
2000098a:	42b2      	cmp	r2, r6
2000098c:	f84e 9b04 	str.w	r9, [lr], #4
20000990:	d3f8      	bcc.n	20000984 <prepare_ep_buffer+0x8c>
20000992:	ebb4 0f86 	cmp.w	r4, r6, lsl #2
20000996:	eba8 0286 	sub.w	r2, r8, r6, lsl #2
2000099a:	eb05 0e86 	add.w	lr, r5, r6, lsl #2
2000099e:	eb0c 0786 	add.w	r7, ip, r6, lsl #2
200009a2:	d0dc      	beq.n	2000095e <prepare_ep_buffer+0x66>
200009a4:	f815 5026 	ldrb.w	r5, [r5, r6, lsl #2]
200009a8:	f80c 5026 	strb.w	r5, [ip, r6, lsl #2]
200009ac:	2a00      	cmp	r2, #0
200009ae:	d0d6      	beq.n	2000095e <prepare_ep_buffer+0x66>
200009b0:	f89e 5001 	ldrb.w	r5, [lr, #1]
200009b4:	2a01      	cmp	r2, #1
200009b6:	707d      	strb	r5, [r7, #1]
200009b8:	d0d1      	beq.n	2000095e <prepare_ep_buffer+0x66>
200009ba:	f89e 2002 	ldrb.w	r2, [lr, #2]
200009be:	70ba      	strb	r2, [r7, #2]
200009c0:	691d      	ldr	r5, [r3, #16]
200009c2:	8a9a      	ldrh	r2, [r3, #20]
200009c4:	e7cd      	b.n	20000962 <prepare_ep_buffer+0x6a>
200009c6:	bf00      	nop

200009c8 <sync_ep_buffer>:
200009c8:	6883      	ldr	r3, [r0, #8]
200009ca:	4602      	mov	r2, r0
200009cc:	6818      	ldr	r0, [r3, #0]
200009ce:	b101      	cbz	r1, 200009d2 <sync_ep_buffer+0xa>
200009d0:	0c00      	lsrs	r0, r0, #16
200009d2:	7853      	ldrb	r3, [r2, #1]
200009d4:	f3c0 0009 	ubfx	r0, r0, #0, #10
200009d8:	b313      	cbz	r3, 20000a20 <sync_ep_buffer+0x58>
200009da:	b5f0      	push	{r4, r5, r6, r7, lr}
200009dc:	e9d2 5403 	ldrd	r5, r4, [r2, #12]
200009e0:	018f      	lsls	r7, r1, #6
200009e2:	eb05 1381 	add.w	r3, r5, r1, lsl #6
200009e6:	1e46      	subs	r6, r0, #1
200009e8:	b178      	cbz	r0, 20000a0a <sync_ep_buffer+0x42>
200009ea:	2e05      	cmp	r6, #5
200009ec:	d904      	bls.n	200009f8 <sync_ep_buffer+0x30>
200009ee:	3701      	adds	r7, #1
200009f0:	443d      	add	r5, r7
200009f2:	1b65      	subs	r5, r4, r5
200009f4:	2d02      	cmp	r5, #2
200009f6:	d81c      	bhi.n	20000a32 <sync_ep_buffer+0x6a>
200009f8:	1e61      	subs	r1, r4, #1
200009fa:	181d      	adds	r5, r3, r0
200009fc:	f813 4b01 	ldrb.w	r4, [r3], #1
20000a00:	429d      	cmp	r5, r3
20000a02:	f801 4f01 	strb.w	r4, [r1, #1]!
20000a06:	d1f9      	bne.n	200009fc <sync_ep_buffer+0x34>
20000a08:	6914      	ldr	r4, [r2, #16]
20000a0a:	8ad3      	ldrh	r3, [r2, #22]
20000a0c:	4404      	add	r4, r0
20000a0e:	4403      	add	r3, r0
20000a10:	82d3      	strh	r3, [r2, #22]
20000a12:	8b13      	ldrh	r3, [r2, #24]
20000a14:	6114      	str	r4, [r2, #16]
20000a16:	4283      	cmp	r3, r0
20000a18:	bf84      	itt	hi
20000a1a:	2300      	movhi	r3, #0
20000a1c:	8293      	strhhi	r3, [r2, #20]
20000a1e:	bdf0      	pop	{r4, r5, r6, r7, pc}
20000a20:	8ad3      	ldrh	r3, [r2, #22]
20000a22:	4403      	add	r3, r0
20000a24:	82d3      	strh	r3, [r2, #22]
20000a26:	8b13      	ldrh	r3, [r2, #24]
20000a28:	4283      	cmp	r3, r0
20000a2a:	bf84      	itt	hi
20000a2c:	2300      	movhi	r3, #0
20000a2e:	8293      	strhhi	r3, [r2, #20]
20000a30:	4770      	bx	lr
20000a32:	469e      	mov	lr, r3
20000a34:	4625      	mov	r5, r4
20000a36:	2100      	movs	r1, #0
20000a38:	f1a0 0c04 	sub.w	ip, r0, #4
20000a3c:	ea4f 0c9c 	mov.w	ip, ip, lsr #2
20000a40:	f10c 0c01 	add.w	ip, ip, #1
20000a44:	f85e 7b04 	ldr.w	r7, [lr], #4
20000a48:	3101      	adds	r1, #1
20000a4a:	458c      	cmp	ip, r1
20000a4c:	f845 7b04 	str.w	r7, [r5], #4
20000a50:	d8f8      	bhi.n	20000a44 <sync_ep_buffer+0x7c>
20000a52:	ebb0 0f8c 	cmp.w	r0, ip, lsl #2
20000a56:	eba6 068c 	sub.w	r6, r6, ip, lsl #2
20000a5a:	eb03 058c 	add.w	r5, r3, ip, lsl #2
20000a5e:	eb04 018c 	add.w	r1, r4, ip, lsl #2
20000a62:	d0d1      	beq.n	20000a08 <sync_ep_buffer+0x40>
20000a64:	f813 302c 	ldrb.w	r3, [r3, ip, lsl #2]
20000a68:	f804 302c 	strb.w	r3, [r4, ip, lsl #2]
20000a6c:	2e00      	cmp	r6, #0
20000a6e:	d0cb      	beq.n	20000a08 <sync_ep_buffer+0x40>
20000a70:	786b      	ldrb	r3, [r5, #1]
20000a72:	2e01      	cmp	r6, #1
20000a74:	704b      	strb	r3, [r1, #1]
20000a76:	d0c7      	beq.n	20000a08 <sync_ep_buffer+0x40>
20000a78:	78ab      	ldrb	r3, [r5, #2]
20000a7a:	708b      	strb	r3, [r1, #2]
20000a7c:	6914      	ldr	r4, [r2, #16]
20000a7e:	e7c4      	b.n	20000a0a <sync_ep_buffer+0x42>

20000a80 <_hw_endpoint_xfer_sync>:
20000a80:	b510      	push	{r4, lr}
20000a82:	4604      	mov	r4, r0
20000a84:	6883      	ldr	r3, [r0, #8]
20000a86:	2100      	movs	r1, #0
20000a88:	681b      	ldr	r3, [r3, #0]
20000a8a:	f7ff ff9d 	bl	200009c8 <sync_ep_buffer>
20000a8e:	6863      	ldr	r3, [r4, #4]
20000a90:	681b      	ldr	r3, [r3, #0]
20000a92:	005b      	lsls	r3, r3, #1
20000a94:	d502      	bpl.n	20000a9c <_hw_endpoint_xfer_sync+0x1c>
20000a96:	8b23      	ldrh	r3, [r4, #24]
20000a98:	4283      	cmp	r3, r0
20000a9a:	d000      	beq.n	20000a9e <_hw_endpoint_xfer_sync+0x1e>
20000a9c:	bd10      	pop	{r4, pc}
20000a9e:	4620      	mov	r0, r4
20000aa0:	e8bd 4010 	ldmia.w	sp!, {r4, lr}
20000aa4:	2101      	movs	r1, #1
20000aa6:	f7ff bf8f 	b.w	200009c8 <sync_ep_buffer>
20000aaa:	bf00      	nop

20000aac <e15_is_bulkin_ep>:
20000aac:	4b08      	ldr	r3, [pc, #32]	@ (20000ad0 <e15_is_bulkin_ep+0x24>)
20000aae:	6c1b      	ldr	r3, [r3, #64]	@ 0x40
20000ab0:	f013 0302 	ands.w	r3, r3, #2
20000ab4:	d102      	bne.n	20000abc <e15_is_bulkin_ep+0x10>
20000ab6:	7882      	ldrb	r2, [r0, #2]
20000ab8:	09d2      	lsrs	r2, r2, #7
20000aba:	d101      	bne.n	20000ac0 <e15_is_bulkin_ep+0x14>
20000abc:	2000      	movs	r0, #0
20000abe:	4770      	bx	lr
20000ac0:	7ec0      	ldrb	r0, [r0, #27]
20000ac2:	f1a0 0002 	sub.w	r0, r0, #2
20000ac6:	fab0 f080 	clz	r0, r0
20000aca:	0940      	lsrs	r0, r0, #5
20000acc:	4770      	bx	lr
20000ace:	bf00      	nop
20000ad0:	50110000 	.word	0x50110000

20000ad4 <e15_is_critical_frame_period>:
20000ad4:	b508      	push	{r3, lr}
20000ad6:	f7ff ffe9 	bl	20000aac <e15_is_bulkin_ep>
20000ada:	b150      	cbz	r0, 20000af2 <e15_is_critical_frame_period+0x1e>
20000adc:	4a05      	ldr	r2, [pc, #20]	@ (20000af4 <e15_is_critical_frame_period+0x20>)
20000ade:	4b06      	ldr	r3, [pc, #24]	@ (20000af8 <e15_is_critical_frame_period+0x24>)
20000ae0:	6a90      	ldr	r0, [r2, #40]	@ 0x28
20000ae2:	681b      	ldr	r3, [r3, #0]
20000ae4:	f5a0 7048 	sub.w	r0, r0, #800	@ 0x320
20000ae8:	1ac0      	subs	r0, r0, r3
20000aea:	28c6      	cmp	r0, #198	@ 0xc6
20000aec:	bf8c      	ite	hi
20000aee:	2000      	movhi	r0, #0
20000af0:	2001      	movls	r0, #1
20000af2:	bd08      	pop	{r3, pc}
20000af4:	400b0000 	.word	0x400b0000
20000af8:	20001c44 	.word	0x20001c44

20000afc <hw_endpoint_reset_transfer>:
20000afc:	2300      	movs	r3, #0
20000afe:	e9c0 3304 	strd	r3, r3, [r0, #16]
20000b02:	7683      	strb	r3, [r0, #26]
20000b04:	4770      	bx	lr
20000b06:	bf00      	nop

20000b08 <_hw_endpoint_buffer_control_update32>:
20000b08:	b510      	push	{r4, lr}
20000b0a:	6883      	ldr	r3, [r0, #8]
20000b0c:	b109      	cbz	r1, 20000b12 <_hw_endpoint_buffer_control_update32+0xa>
20000b0e:	681c      	ldr	r4, [r3, #0]
20000b10:	4021      	ands	r1, r4
20000b12:	b182      	cbz	r2, 20000b36 <_hw_endpoint_buffer_control_update32+0x2e>
20000b14:	4311      	orrs	r1, r2
20000b16:	0552      	lsls	r2, r2, #21
20000b18:	d50d      	bpl.n	20000b36 <_hw_endpoint_buffer_control_update32+0x2e>
20000b1a:	681a      	ldr	r2, [r3, #0]
20000b1c:	0554      	lsls	r4, r2, #21
20000b1e:	d40c      	bmi.n	20000b3a <_hw_endpoint_buffer_control_update32+0x32>
20000b20:	4a08      	ldr	r2, [pc, #32]	@ (20000b44 <_hw_endpoint_buffer_control_update32+0x3c>)
20000b22:	f421 6480 	bic.w	r4, r1, #1024	@ 0x400
20000b26:	601c      	str	r4, [r3, #0]
20000b28:	6c12      	ldr	r2, [r2, #64]	@ 0x40
20000b2a:	0792      	lsls	r2, r2, #30
20000b2c:	d403      	bmi.n	20000b36 <_hw_endpoint_buffer_control_update32+0x2e>
20000b2e:	230c      	movs	r3, #12
20000b30:	3b03      	subs	r3, #3
20000b32:	d2fd      	bcs.n	20000b30 <_hw_endpoint_buffer_control_update32+0x28>
20000b34:	6883      	ldr	r3, [r0, #8]
20000b36:	6019      	str	r1, [r3, #0]
20000b38:	bd10      	pop	{r4, pc}
20000b3a:	7881      	ldrb	r1, [r0, #2]
20000b3c:	4802      	ldr	r0, [pc, #8]	@ (20000b48 <_hw_endpoint_buffer_control_update32+0x40>)
20000b3e:	f000 faf7 	bl	20001130 <__panic_veneer>
20000b42:	bf00      	nop
20000b44:	50110000 	.word	0x50110000
20000b48:	10006740 	.word	0x10006740

20000b4c <hw_endpoint_start_next_buffer>:
20000b4c:	b530      	push	{r4, r5, lr}
20000b4e:	6843      	ldr	r3, [r0, #4]
20000b50:	2100      	movs	r1, #0
20000b52:	b083      	sub	sp, #12
20000b54:	4604      	mov	r4, r0
20000b56:	681d      	ldr	r5, [r3, #0]
20000b58:	f7ff fece 	bl	200008f8 <prepare_ep_buffer>
20000b5c:	4b13      	ldr	r3, [pc, #76]	@ (20000bac <hw_endpoint_start_next_buffer+0x60>)
20000b5e:	f440 5280 	orr.w	r2, r0, #4096	@ 0x1000
20000b62:	6c1b      	ldr	r3, [r3, #64]	@ 0x40
20000b64:	f013 0f02 	tst.w	r3, #2
20000b68:	78a3      	ldrb	r3, [r4, #2]
20000b6a:	d00e      	beq.n	20000b8a <hw_endpoint_start_next_buffer+0x3e>
20000b6c:	065b      	lsls	r3, r3, #25
20000b6e:	d00e      	beq.n	20000b8e <hw_endpoint_start_next_buffer+0x42>
20000b70:	f025 45a0 	bic.w	r5, r5, #1342177280	@ 0x50000000
20000b74:	f045 5500 	orr.w	r5, r5, #536870912	@ 0x20000000
20000b78:	2100      	movs	r1, #0
20000b7a:	4620      	mov	r0, r4
20000b7c:	6863      	ldr	r3, [r4, #4]
20000b7e:	601d      	str	r5, [r3, #0]
20000b80:	b003      	add	sp, #12
20000b82:	e8bd 4030 	ldmia.w	sp!, {r4, r5, lr}
20000b86:	f7ff bfbf 	b.w	20000b08 <_hw_endpoint_buffer_control_update32>
20000b8a:	09db      	lsrs	r3, r3, #7
20000b8c:	d0f0      	beq.n	20000b70 <hw_endpoint_start_next_buffer+0x24>
20000b8e:	8aa3      	ldrh	r3, [r4, #20]
20000b90:	2b00      	cmp	r3, #0
20000b92:	d0ed      	beq.n	20000b70 <hw_endpoint_start_next_buffer+0x24>
20000b94:	2101      	movs	r1, #1
20000b96:	4620      	mov	r0, r4
20000b98:	9201      	str	r2, [sp, #4]
20000b9a:	f7ff fead 	bl	200008f8 <prepare_ep_buffer>
20000b9e:	9a01      	ldr	r2, [sp, #4]
20000ba0:	f025 5500 	bic.w	r5, r5, #536870912	@ 0x20000000
20000ba4:	f045 45a0 	orr.w	r5, r5, #1342177280	@ 0x50000000
20000ba8:	4302      	orrs	r2, r0
20000baa:	e7e5      	b.n	20000b78 <hw_endpoint_start_next_buffer+0x2c>
20000bac:	50110000 	.word	0x50110000

20000bb0 <hw_endpoint_xfer_continue>:
20000bb0:	b538      	push	{r3, r4, r5, lr}
20000bb2:	7e85      	ldrb	r5, [r0, #26]
20000bb4:	4604      	mov	r4, r0
20000bb6:	b195      	cbz	r5, 20000bde <hw_endpoint_xfer_continue+0x2e>
20000bb8:	f7ff ff62 	bl	20000a80 <_hw_endpoint_xfer_sync>
20000bbc:	8aa3      	ldrh	r3, [r4, #20]
20000bbe:	b90b      	cbnz	r3, 20000bc4 <hw_endpoint_xfer_continue+0x14>
20000bc0:	4628      	mov	r0, r5
20000bc2:	bd38      	pop	{r3, r4, r5, pc}
20000bc4:	4620      	mov	r0, r4
20000bc6:	f7ff ff85 	bl	20000ad4 <e15_is_critical_frame_period>
20000bca:	b120      	cbz	r0, 20000bd6 <hw_endpoint_xfer_continue+0x26>
20000bcc:	2301      	movs	r3, #1
20000bce:	7723      	strb	r3, [r4, #28]
20000bd0:	2500      	movs	r5, #0
20000bd2:	4628      	mov	r0, r5
20000bd4:	bd38      	pop	{r3, r4, r5, pc}
20000bd6:	4620      	mov	r0, r4
20000bd8:	f7ff ffb8 	bl	20000b4c <hw_endpoint_start_next_buffer>
20000bdc:	e7f8      	b.n	20000bd0 <hw_endpoint_xfer_continue+0x20>
20000bde:	7881      	ldrb	r1, [r0, #2]
20000be0:	4801      	ldr	r0, [pc, #4]	@ (20000be8 <hw_endpoint_xfer_continue+0x38>)
20000be2:	f000 faa5 	bl	20001130 <__panic_veneer>
20000be6:	bf00      	nop
20000be8:	10006760 	.word	0x10006760

20000bec <dcd_event_handler>:
20000bec:	e92d 43f0 	stmdb	sp!, {r4, r5, r6, r7, r8, r9, lr}
20000bf0:	7843      	ldrb	r3, [r0, #1]
20000bf2:	4681      	mov	r9, r0
20000bf4:	3b02      	subs	r3, #2
20000bf6:	460d      	mov	r5, r1
20000bf8:	b085      	sub	sp, #20
20000bfa:	2b04      	cmp	r3, #4
20000bfc:	d813      	bhi.n	20000c26 <dcd_event_handler+0x3a>
20000bfe:	e8df f003 	tbb	[pc, r3]
20000c02:	4a03      	.short	0x4a03
20000c04:	736a      	.short	0x736a
20000c06:	44          	.byte	0x44
20000c07:	00          	.byte	0x00
20000c08:	2100      	movs	r1, #0
20000c0a:	4b7b      	ldr	r3, [pc, #492]	@ (20000df8 <dcd_event_handler+0x20c>)
20000c0c:	781a      	ldrb	r2, [r3, #0]
20000c0e:	f36f 0200 	bfc	r2, #0, #1
20000c12:	701a      	strb	r2, [r3, #0]
20000c14:	781a      	ldrb	r2, [r3, #0]
20000c16:	f36f 0241 	bfc	r2, #1, #1
20000c1a:	701a      	strb	r2, [r3, #0]
20000c1c:	7059      	strb	r1, [r3, #1]
20000c1e:	781a      	ldrb	r2, [r3, #0]
20000c20:	f361 0282 	bfi	r2, r1, #2, #1
20000c24:	701a      	strb	r2, [r3, #0]
20000c26:	4b75      	ldr	r3, [pc, #468]	@ (20000dfc <dcd_event_handler+0x210>)
20000c28:	681c      	ldr	r4, [r3, #0]
20000c2a:	6963      	ldr	r3, [r4, #20]
20000c2c:	f3ef 8210 	mrs	r2, PRIMASK
20000c30:	b672      	cpsid	i
20000c32:	e8d3 0fcf 	ldaexb	r0, [r3]
20000c36:	2101      	movs	r1, #1
20000c38:	2800      	cmp	r0, #0
20000c3a:	d1fa      	bne.n	20000c32 <dcd_event_handler+0x46>
20000c3c:	e8c3 1f40 	strexb	r0, r1, [r3]
20000c40:	2800      	cmp	r0, #0
20000c42:	d1f6      	bne.n	20000c32 <dcd_event_handler+0x46>
20000c44:	f3bf 8f5f 	dmb	sy
20000c48:	61a2      	str	r2, [r4, #24]
20000c4a:	4649      	mov	r1, r9
20000c4c:	4620      	mov	r0, r4
20000c4e:	f000 fa73 	bl	20001138 <__tu_fifo_write_veneer>
20000c52:	2300      	movs	r3, #0
20000c54:	6962      	ldr	r2, [r4, #20]
20000c56:	e8c2 3f8f 	stlb	r3, [r2]
20000c5a:	69a3      	ldr	r3, [r4, #24]
20000c5c:	f383 8810 	msr	PRIMASK, r3
20000c60:	b948      	cbnz	r0, 20000c76 <dcd_event_handler+0x8a>
20000c62:	f04f 23e0 	mov.w	r3, #3758153728	@ 0xe000e000
20000c66:	f8d3 3df0 	ldr.w	r3, [r3, #3568]	@ 0xdf0
20000c6a:	07db      	lsls	r3, r3, #31
20000c6c:	d50a      	bpl.n	20000c84 <dcd_event_handler+0x98>
20000c6e:	be00      	bkpt	0x0000
20000c70:	b005      	add	sp, #20
20000c72:	e8bd 83f0 	ldmia.w	sp!, {r4, r5, r6, r7, r8, r9, pc}
20000c76:	462a      	mov	r2, r5
20000c78:	f899 1001 	ldrb.w	r1, [r9, #1]
20000c7c:	f899 0000 	ldrb.w	r0, [r9]
20000c80:	f000 fa5e 	bl	20001140 <__tud_event_hook_cb_veneer>
20000c84:	b005      	add	sp, #20
20000c86:	e8bd 83f0 	ldmia.w	sp!, {r4, r5, r6, r7, r8, r9, pc}
20000c8a:	4a5d      	ldr	r2, [pc, #372]	@ (20000e00 <dcd_event_handler+0x214>)
20000c8c:	7813      	ldrb	r3, [r2, #0]
20000c8e:	3301      	adds	r3, #1
20000c90:	b2db      	uxtb	r3, r3
20000c92:	7013      	strb	r3, [r2, #0]
20000c94:	e7c7      	b.n	20000c26 <dcd_event_handler+0x3a>
20000c96:	2400      	movs	r4, #0
20000c98:	4e5a      	ldr	r6, [pc, #360]	@ (20000e04 <dcd_event_handler+0x218>)
20000c9a:	4623      	mov	r3, r4
20000c9c:	7831      	ldrb	r1, [r6, #0]
20000c9e:	f8df 816c 	ldr.w	r8, [pc, #364]	@ 20000e0c <dcd_event_handler+0x220>
20000ca2:	4f59      	ldr	r7, [pc, #356]	@ (20000e08 <dcd_event_handler+0x21c>)
20000ca4:	e011      	b.n	20000cca <dcd_event_handler+0xde>
20000ca6:	683b      	ldr	r3, [r7, #0]
20000ca8:	eb13 1344 	adds.w	r3, r3, r4, lsl #5
20000cac:	d007      	beq.n	20000cbe <dcd_event_handler+0xd2>
20000cae:	69db      	ldr	r3, [r3, #28]
20000cb0:	b12b      	cbz	r3, 20000cbe <dcd_event_handler+0xd2>
20000cb2:	f8d9 1004 	ldr.w	r1, [r9, #4]
20000cb6:	f899 0000 	ldrb.w	r0, [r9]
20000cba:	4798      	blx	r3
20000cbc:	7831      	ldrb	r1, [r6, #0]
20000cbe:	3401      	adds	r4, #1
20000cc0:	b2e4      	uxtb	r4, r4
20000cc2:	1c4a      	adds	r2, r1, #1
20000cc4:	42a2      	cmp	r2, r4
20000cc6:	4623      	mov	r3, r4
20000cc8:	db17      	blt.n	20000cfa <dcd_event_handler+0x10e>
20000cca:	42a1      	cmp	r1, r4
20000ccc:	d8eb      	bhi.n	20000ca6 <dcd_event_handler+0xba>
20000cce:	1a5b      	subs	r3, r3, r1
20000cd0:	eb08 1343 	add.w	r3, r8, r3, lsl #5
20000cd4:	e7eb      	b.n	20000cae <dcd_event_handler+0xc2>
20000cd6:	4b48      	ldr	r3, [pc, #288]	@ (20000df8 <dcd_event_handler+0x20c>)
20000cd8:	781a      	ldrb	r2, [r3, #0]
20000cda:	07d6      	lsls	r6, r2, #31
20000cdc:	d5d2      	bpl.n	20000c84 <dcd_event_handler+0x98>
20000cde:	781a      	ldrb	r2, [r3, #0]
20000ce0:	f042 0204 	orr.w	r2, r2, #4
20000ce4:	701a      	strb	r2, [r3, #0]
20000ce6:	e79e      	b.n	20000c26 <dcd_event_handler+0x3a>
20000ce8:	4b43      	ldr	r3, [pc, #268]	@ (20000df8 <dcd_event_handler+0x20c>)
20000cea:	781a      	ldrb	r2, [r3, #0]
20000cec:	07d4      	lsls	r4, r2, #31
20000cee:	d5c9      	bpl.n	20000c84 <dcd_event_handler+0x98>
20000cf0:	781a      	ldrb	r2, [r3, #0]
20000cf2:	f36f 0282 	bfc	r2, #2, #1
20000cf6:	701a      	strb	r2, [r3, #0]
20000cf8:	e795      	b.n	20000c26 <dcd_event_handler+0x3a>
20000cfa:	4c3f      	ldr	r4, [pc, #252]	@ (20000df8 <dcd_event_handler+0x20c>)
20000cfc:	7823      	ldrb	r3, [r4, #0]
20000cfe:	0758      	lsls	r0, r3, #29
20000d00:	d43a      	bmi.n	20000d78 <dcd_event_handler+0x18c>
20000d02:	78e3      	ldrb	r3, [r4, #3]
20000d04:	07da      	lsls	r2, r3, #31
20000d06:	d5bd      	bpl.n	20000c84 <dcd_event_handler+0x98>
20000d08:	2303      	movs	r3, #3
20000d0a:	2600      	movs	r6, #0
20000d0c:	4a3b      	ldr	r2, [pc, #236]	@ (20000dfc <dcd_event_handler+0x210>)
20000d0e:	f899 1000 	ldrb.w	r1, [r9]
20000d12:	6814      	ldr	r4, [r2, #0]
20000d14:	f8d9 2004 	ldr.w	r2, [r9, #4]
20000d18:	f88d 1004 	strb.w	r1, [sp, #4]
20000d1c:	f88d 3005 	strb.w	r3, [sp, #5]
20000d20:	6963      	ldr	r3, [r4, #20]
20000d22:	f8cd 6006 	str.w	r6, [sp, #6]
20000d26:	f8cd 600a 	str.w	r6, [sp, #10]
20000d2a:	f8ad 600e 	strh.w	r6, [sp, #14]
20000d2e:	9202      	str	r2, [sp, #8]
20000d30:	f3ef 8210 	mrs	r2, PRIMASK
20000d34:	b672      	cpsid	i
20000d36:	e8d3 0fcf 	ldaexb	r0, [r3]
20000d3a:	2101      	movs	r1, #1
20000d3c:	2800      	cmp	r0, #0
20000d3e:	d1fa      	bne.n	20000d36 <dcd_event_handler+0x14a>
20000d40:	e8c3 1f40 	strexb	r0, r1, [r3]
20000d44:	2800      	cmp	r0, #0
20000d46:	d1f6      	bne.n	20000d36 <dcd_event_handler+0x14a>
20000d48:	f3bf 8f5f 	dmb	sy
20000d4c:	4620      	mov	r0, r4
20000d4e:	61a2      	str	r2, [r4, #24]
20000d50:	a901      	add	r1, sp, #4
20000d52:	f000 f9f1 	bl	20001138 <__tu_fifo_write_veneer>
20000d56:	6963      	ldr	r3, [r4, #20]
20000d58:	e8c3 6f8f 	stlb	r6, [r3]
20000d5c:	69a3      	ldr	r3, [r4, #24]
20000d5e:	f383 8810 	msr	PRIMASK, r3
20000d62:	2800      	cmp	r0, #0
20000d64:	f43f af7d 	beq.w	20000c62 <dcd_event_handler+0x76>
20000d68:	462a      	mov	r2, r5
20000d6a:	f89d 1005 	ldrb.w	r1, [sp, #5]
20000d6e:	f89d 0004 	ldrb.w	r0, [sp, #4]
20000d72:	f000 f9e5 	bl	20001140 <__tud_event_hook_cb_veneer>
20000d76:	e785      	b.n	20000c84 <dcd_event_handler+0x98>
20000d78:	7823      	ldrb	r3, [r4, #0]
20000d7a:	2700      	movs	r7, #0
20000d7c:	f36f 0382 	bfc	r3, #2, #1
20000d80:	7023      	strb	r3, [r4, #0]
20000d82:	2305      	movs	r3, #5
20000d84:	4a1d      	ldr	r2, [pc, #116]	@ (20000dfc <dcd_event_handler+0x210>)
20000d86:	f88d 3005 	strb.w	r3, [sp, #5]
20000d8a:	6816      	ldr	r6, [r2, #0]
20000d8c:	f899 2000 	ldrb.w	r2, [r9]
20000d90:	f8ad 700e 	strh.w	r7, [sp, #14]
20000d94:	f88d 2004 	strb.w	r2, [sp, #4]
20000d98:	6973      	ldr	r3, [r6, #20]
20000d9a:	f8cd 7006 	str.w	r7, [sp, #6]
20000d9e:	f8cd 700a 	str.w	r7, [sp, #10]
20000da2:	f3ef 8210 	mrs	r2, PRIMASK
20000da6:	b672      	cpsid	i
20000da8:	e8d3 0fcf 	ldaexb	r0, [r3]
20000dac:	2101      	movs	r1, #1
20000dae:	2800      	cmp	r0, #0
20000db0:	d1fa      	bne.n	20000da8 <dcd_event_handler+0x1bc>
20000db2:	e8c3 1f40 	strexb	r0, r1, [r3]
20000db6:	2800      	cmp	r0, #0
20000db8:	d1f6      	bne.n	20000da8 <dcd_event_handler+0x1bc>
20000dba:	f3bf 8f5f 	dmb	sy
20000dbe:	4630      	mov	r0, r6
20000dc0:	61b2      	str	r2, [r6, #24]
20000dc2:	a901      	add	r1, sp, #4
20000dc4:	f000 f9b8 	bl	20001138 <__tu_fifo_write_veneer>
20000dc8:	6973      	ldr	r3, [r6, #20]
20000dca:	e8c3 7f8f 	stlb	r7, [r3]
20000dce:	69b3      	ldr	r3, [r6, #24]
20000dd0:	f383 8810 	msr	PRIMASK, r3
20000dd4:	b938      	cbnz	r0, 20000de6 <dcd_event_handler+0x1fa>
20000dd6:	f04f 23e0 	mov.w	r3, #3758153728	@ 0xe000e000
20000dda:	f8d3 3df0 	ldr.w	r3, [r3, #3568]	@ 0xdf0
20000dde:	07d9      	lsls	r1, r3, #31
20000de0:	d58f      	bpl.n	20000d02 <dcd_event_handler+0x116>
20000de2:	be00      	bkpt	0x0000
20000de4:	e78d      	b.n	20000d02 <dcd_event_handler+0x116>
20000de6:	462a      	mov	r2, r5
20000de8:	f89d 1005 	ldrb.w	r1, [sp, #5]
20000dec:	f89d 0004 	ldrb.w	r0, [sp, #4]
20000df0:	f000 f9a6 	bl	20001140 <__tud_event_hook_cb_veneer>
20000df4:	e785      	b.n	20000d02 <dcd_event_handler+0x116>
20000df6:	bf00      	nop
20000df8:	200017f8 	.word	0x200017f8
20000dfc:	20001850 	.word	0x20001850
20000e00:	20006153 	.word	0x20006153
20000e04:	20006151 	.word	0x20006151
20000e08:	20001774 	.word	0x20001774
20000e0c:	10006788 	.word	0x10006788

20000e10 <__aeabi_uldivmod>:
20000e10:	b953      	cbnz	r3, 20000e28 <__aeabi_uldivmod+0x18>
20000e12:	b94a      	cbnz	r2, 20000e28 <__aeabi_uldivmod+0x18>
20000e14:	2900      	cmp	r1, #0
20000e16:	bf08      	it	eq
20000e18:	2800      	cmpeq	r0, #0
20000e1a:	bf1c      	itt	ne
20000e1c:	f04f 31ff 	movne.w	r1, #4294967295	@ 0xffffffff
20000e20:	f04f 30ff 	movne.w	r0, #4294967295	@ 0xffffffff
20000e24:	f000 b982 	b.w	2000112c <__aeabi_idiv0>
20000e28:	f1ad 0c08 	sub.w	ip, sp, #8
20000e2c:	e96d ce04 	strd	ip, lr, [sp, #-16]!
20000e30:	f000 f806 	bl	20000e40 <__udivmoddi4>
20000e34:	f8dd e004 	ldr.w	lr, [sp, #4]
20000e38:	e9dd 2302 	ldrd	r2, r3, [sp, #8]
20000e3c:	b004      	add	sp, #16
20000e3e:	4770      	bx	lr

20000e40 <__udivmoddi4>:
20000e40:	e92d 4ff0 	stmdb	sp!, {r4, r5, r6, r7, r8, r9, sl, fp, lr}
20000e44:	9d09      	ldr	r5, [sp, #36]	@ 0x24
20000e46:	460c      	mov	r4, r1
20000e48:	2b00      	cmp	r3, #0
20000e4a:	d14d      	bne.n	20000ee8 <__udivmoddi4+0xa8>
20000e4c:	428a      	cmp	r2, r1
20000e4e:	460f      	mov	r7, r1
20000e50:	4684      	mov	ip, r0
20000e52:	4696      	mov	lr, r2
20000e54:	fab2 f382 	clz	r3, r2
20000e58:	d960      	bls.n	20000f1c <__udivmoddi4+0xdc>
20000e5a:	b14b      	cbz	r3, 20000e70 <__udivmoddi4+0x30>
20000e5c:	fa02 fe03 	lsl.w	lr, r2, r3
20000e60:	f1c3 0220 	rsb	r2, r3, #32
20000e64:	409f      	lsls	r7, r3
20000e66:	fa00 fc03 	lsl.w	ip, r0, r3
20000e6a:	fa20 f202 	lsr.w	r2, r0, r2
20000e6e:	4317      	orrs	r7, r2
20000e70:	ea4f 461e 	mov.w	r6, lr, lsr #16
20000e74:	fa1f f48e 	uxth.w	r4, lr
20000e78:	ea4f 421c 	mov.w	r2, ip, lsr #16
20000e7c:	fbb7 f1f6 	udiv	r1, r7, r6
20000e80:	fb06 7711 	mls	r7, r6, r1, r7
20000e84:	fb01 f004 	mul.w	r0, r1, r4
20000e88:	ea42 4207 	orr.w	r2, r2, r7, lsl #16
20000e8c:	4290      	cmp	r0, r2
20000e8e:	d908      	bls.n	20000ea2 <__udivmoddi4+0x62>
20000e90:	eb1e 0202 	adds.w	r2, lr, r2
20000e94:	f101 37ff 	add.w	r7, r1, #4294967295	@ 0xffffffff
20000e98:	d202      	bcs.n	20000ea0 <__udivmoddi4+0x60>
20000e9a:	4290      	cmp	r0, r2
20000e9c:	f200 8131 	bhi.w	20001102 <__udivmoddi4+0x2c2>
20000ea0:	4639      	mov	r1, r7
20000ea2:	1a12      	subs	r2, r2, r0
20000ea4:	fa1f fc8c 	uxth.w	ip, ip
20000ea8:	fbb2 f0f6 	udiv	r0, r2, r6
20000eac:	fb06 2210 	mls	r2, r6, r0, r2
20000eb0:	fb00 f404 	mul.w	r4, r0, r4
20000eb4:	ea4c 4c02 	orr.w	ip, ip, r2, lsl #16
20000eb8:	4564      	cmp	r4, ip
20000eba:	d908      	bls.n	20000ece <__udivmoddi4+0x8e>
20000ebc:	eb1e 0c0c 	adds.w	ip, lr, ip
20000ec0:	f100 32ff 	add.w	r2, r0, #4294967295	@ 0xffffffff
20000ec4:	d202      	bcs.n	20000ecc <__udivmoddi4+0x8c>
20000ec6:	4564      	cmp	r4, ip
20000ec8:	f200 811e 	bhi.w	20001108 <__udivmoddi4+0x2c8>
20000ecc:	4610      	mov	r0, r2
20000ece:	ea40 4001 	orr.w	r0, r0, r1, lsl #16
20000ed2:	ebac 0c04 	sub.w	ip, ip, r4
20000ed6:	2100      	movs	r1, #0
20000ed8:	b125      	cbz	r5, 20000ee4 <__udivmoddi4+0xa4>
20000eda:	fa2c f303 	lsr.w	r3, ip, r3
20000ede:	2200      	movs	r2, #0
20000ee0:	e9c5 3200 	strd	r3, r2, [r5]
20000ee4:	e8bd 8ff0 	ldmia.w	sp!, {r4, r5, r6, r7, r8, r9, sl, fp, pc}
20000ee8:	428b      	cmp	r3, r1
20000eea:	d905      	bls.n	20000ef8 <__udivmoddi4+0xb8>
20000eec:	b10d      	cbz	r5, 20000ef2 <__udivmoddi4+0xb2>
20000eee:	e9c5 0100 	strd	r0, r1, [r5]
20000ef2:	2100      	movs	r1, #0
20000ef4:	4608      	mov	r0, r1
20000ef6:	e7f5      	b.n	20000ee4 <__udivmoddi4+0xa4>
20000ef8:	fab3 f183 	clz	r1, r3
20000efc:	2900      	cmp	r1, #0
20000efe:	d14d      	bne.n	20000f9c <__udivmoddi4+0x15c>
20000f00:	42a3      	cmp	r3, r4
20000f02:	f0c0 80f3 	bcc.w	200010ec <__udivmoddi4+0x2ac>
20000f06:	4290      	cmp	r0, r2
20000f08:	f080 80f0 	bcs.w	200010ec <__udivmoddi4+0x2ac>
20000f0c:	4606      	mov	r6, r0
20000f0e:	4623      	mov	r3, r4
20000f10:	4608      	mov	r0, r1
20000f12:	2d00      	cmp	r5, #0
20000f14:	d0e6      	beq.n	20000ee4 <__udivmoddi4+0xa4>
20000f16:	e9c5 6300 	strd	r6, r3, [r5]
20000f1a:	e7e3      	b.n	20000ee4 <__udivmoddi4+0xa4>
20000f1c:	2b00      	cmp	r3, #0
20000f1e:	f040 80a3 	bne.w	20001068 <__udivmoddi4+0x228>
20000f22:	1a8a      	subs	r2, r1, r2
20000f24:	ea4f 471e 	mov.w	r7, lr, lsr #16
20000f28:	fa1f f68e 	uxth.w	r6, lr
20000f2c:	2101      	movs	r1, #1
20000f2e:	fbb2 f4f7 	udiv	r4, r2, r7
20000f32:	fb07 2014 	mls	r0, r7, r4, r2
20000f36:	ea4f 421c 	mov.w	r2, ip, lsr #16
20000f3a:	ea42 4200 	orr.w	r2, r2, r0, lsl #16
20000f3e:	fb06 f004 	mul.w	r0, r6, r4
20000f42:	4290      	cmp	r0, r2
20000f44:	d90f      	bls.n	20000f66 <__udivmoddi4+0x126>
20000f46:	eb1e 0202 	adds.w	r2, lr, r2
20000f4a:	f104 38ff 	add.w	r8, r4, #4294967295	@ 0xffffffff
20000f4e:	bf2c      	ite	cs
20000f50:	f04f 0901 	movcs.w	r9, #1
20000f54:	f04f 0900 	movcc.w	r9, #0
20000f58:	4290      	cmp	r0, r2
20000f5a:	d903      	bls.n	20000f64 <__udivmoddi4+0x124>
20000f5c:	f1b9 0f00 	cmp.w	r9, #0
20000f60:	f000 80cc 	beq.w	200010fc <__udivmoddi4+0x2bc>
20000f64:	4644      	mov	r4, r8
20000f66:	1a12      	subs	r2, r2, r0
20000f68:	fa1f fc8c 	uxth.w	ip, ip
20000f6c:	fbb2 f0f7 	udiv	r0, r2, r7
20000f70:	fb07 2210 	mls	r2, r7, r0, r2
20000f74:	fb00 f606 	mul.w	r6, r0, r6
20000f78:	ea4c 4c02 	orr.w	ip, ip, r2, lsl #16
20000f7c:	4566      	cmp	r6, ip
20000f7e:	d908      	bls.n	20000f92 <__udivmoddi4+0x152>
20000f80:	eb1e 0c0c 	adds.w	ip, lr, ip
20000f84:	f100 32ff 	add.w	r2, r0, #4294967295	@ 0xffffffff
20000f88:	d202      	bcs.n	20000f90 <__udivmoddi4+0x150>
20000f8a:	4566      	cmp	r6, ip
20000f8c:	f200 80b3 	bhi.w	200010f6 <__udivmoddi4+0x2b6>
20000f90:	4610      	mov	r0, r2
20000f92:	ebac 0c06 	sub.w	ip, ip, r6
20000f96:	ea40 4004 	orr.w	r0, r0, r4, lsl #16
20000f9a:	e79d      	b.n	20000ed8 <__udivmoddi4+0x98>
20000f9c:	f1c1 0620 	rsb	r6, r1, #32
20000fa0:	408b      	lsls	r3, r1
20000fa2:	fa04 fe01 	lsl.w	lr, r4, r1
20000fa6:	fa22 f706 	lsr.w	r7, r2, r6
20000faa:	fa20 fc06 	lsr.w	ip, r0, r6
20000fae:	40f4      	lsrs	r4, r6
20000fb0:	408a      	lsls	r2, r1
20000fb2:	431f      	orrs	r7, r3
20000fb4:	ea4e 030c 	orr.w	r3, lr, ip
20000fb8:	fa00 fe01 	lsl.w	lr, r0, r1
20000fbc:	ea4f 4817 	mov.w	r8, r7, lsr #16
20000fc0:	ea4f 4913 	mov.w	r9, r3, lsr #16
20000fc4:	fa1f fc87 	uxth.w	ip, r7
20000fc8:	fbb4 f0f8 	udiv	r0, r4, r8
20000fcc:	fb08 4410 	mls	r4, r8, r0, r4
20000fd0:	ea49 4404 	orr.w	r4, r9, r4, lsl #16
20000fd4:	fb00 f90c 	mul.w	r9, r0, ip
20000fd8:	45a1      	cmp	r9, r4
20000fda:	d90e      	bls.n	20000ffa <__udivmoddi4+0x1ba>
20000fdc:	193c      	adds	r4, r7, r4
20000fde:	f100 3aff 	add.w	sl, r0, #4294967295	@ 0xffffffff
20000fe2:	bf2c      	ite	cs
20000fe4:	f04f 0b01 	movcs.w	fp, #1
20000fe8:	f04f 0b00 	movcc.w	fp, #0
20000fec:	45a1      	cmp	r9, r4
20000fee:	d903      	bls.n	20000ff8 <__udivmoddi4+0x1b8>
20000ff0:	f1bb 0f00 	cmp.w	fp, #0
20000ff4:	f000 808b 	beq.w	2000110e <__udivmoddi4+0x2ce>
20000ff8:	4650      	mov	r0, sl
20000ffa:	eba4 0409 	sub.w	r4, r4, r9
20000ffe:	fa1f f983 	uxth.w	r9, r3
20001002:	fbb4 f3f8 	udiv	r3, r4, r8
20001006:	fb08 4413 	mls	r4, r8, r3, r4
2000100a:	fb03 fc0c 	mul.w	ip, r3, ip
2000100e:	ea49 4404 	orr.w	r4, r9, r4, lsl #16
20001012:	45a4      	cmp	ip, r4
20001014:	d906      	bls.n	20001024 <__udivmoddi4+0x1e4>
20001016:	193c      	adds	r4, r7, r4
20001018:	f103 38ff 	add.w	r8, r3, #4294967295	@ 0xffffffff
2000101c:	d201      	bcs.n	20001022 <__udivmoddi4+0x1e2>
2000101e:	45a4      	cmp	ip, r4
20001020:	d87b      	bhi.n	2000111a <__udivmoddi4+0x2da>
20001022:	4643      	mov	r3, r8
20001024:	ea43 4000 	orr.w	r0, r3, r0, lsl #16
20001028:	eba4 040c 	sub.w	r4, r4, ip
2000102c:	fba0 9802 	umull	r9, r8, r0, r2
20001030:	4544      	cmp	r4, r8
20001032:	46cc      	mov	ip, r9
20001034:	4643      	mov	r3, r8
20001036:	d302      	bcc.n	2000103e <__udivmoddi4+0x1fe>
20001038:	d106      	bne.n	20001048 <__udivmoddi4+0x208>
2000103a:	45ce      	cmp	lr, r9
2000103c:	d204      	bcs.n	20001048 <__udivmoddi4+0x208>
2000103e:	3801      	subs	r0, #1
20001040:	ebb9 0c02 	subs.w	ip, r9, r2
20001044:	eb68 0307 	sbc.w	r3, r8, r7
20001048:	2d00      	cmp	r5, #0
2000104a:	d06c      	beq.n	20001126 <__udivmoddi4+0x2e6>
2000104c:	ebbe 020c 	subs.w	r2, lr, ip
20001050:	eb64 0403 	sbc.w	r4, r4, r3
20001054:	fa22 f301 	lsr.w	r3, r2, r1
20001058:	fa04 f606 	lsl.w	r6, r4, r6
2000105c:	40cc      	lsrs	r4, r1
2000105e:	2100      	movs	r1, #0
20001060:	431e      	orrs	r6, r3
20001062:	e9c5 6400 	strd	r6, r4, [r5]
20001066:	e73d      	b.n	20000ee4 <__udivmoddi4+0xa4>
20001068:	fa02 fe03 	lsl.w	lr, r2, r3
2000106c:	f1c3 0120 	rsb	r1, r3, #32
20001070:	fa04 f203 	lsl.w	r2, r4, r3
20001074:	fa00 fc03 	lsl.w	ip, r0, r3
20001078:	40cc      	lsrs	r4, r1
2000107a:	ea4f 471e 	mov.w	r7, lr, lsr #16
2000107e:	fa20 f101 	lsr.w	r1, r0, r1
20001082:	fa1f f68e 	uxth.w	r6, lr
20001086:	fbb4 f0f7 	udiv	r0, r4, r7
2000108a:	430a      	orrs	r2, r1
2000108c:	fb07 4410 	mls	r4, r7, r0, r4
20001090:	0c11      	lsrs	r1, r2, #16
20001092:	ea41 4104 	orr.w	r1, r1, r4, lsl #16
20001096:	fb00 f406 	mul.w	r4, r0, r6
2000109a:	428c      	cmp	r4, r1
2000109c:	d90e      	bls.n	200010bc <__udivmoddi4+0x27c>
2000109e:	eb1e 0101 	adds.w	r1, lr, r1
200010a2:	f100 38ff 	add.w	r8, r0, #4294967295	@ 0xffffffff
200010a6:	bf2c      	ite	cs
200010a8:	f04f 0901 	movcs.w	r9, #1
200010ac:	f04f 0900 	movcc.w	r9, #0
200010b0:	428c      	cmp	r4, r1
200010b2:	d902      	bls.n	200010ba <__udivmoddi4+0x27a>
200010b4:	f1b9 0f00 	cmp.w	r9, #0
200010b8:	d02c      	beq.n	20001114 <__udivmoddi4+0x2d4>
200010ba:	4640      	mov	r0, r8
200010bc:	1b09      	subs	r1, r1, r4
200010be:	b292      	uxth	r2, r2
200010c0:	fbb1 f4f7 	udiv	r4, r1, r7
200010c4:	fb07 1114 	mls	r1, r7, r4, r1
200010c8:	ea42 4201 	orr.w	r2, r2, r1, lsl #16
200010cc:	fb04 f106 	mul.w	r1, r4, r6
200010d0:	4291      	cmp	r1, r2
200010d2:	d907      	bls.n	200010e4 <__udivmoddi4+0x2a4>
200010d4:	eb1e 0202 	adds.w	r2, lr, r2
200010d8:	f104 38ff 	add.w	r8, r4, #4294967295	@ 0xffffffff
200010dc:	d201      	bcs.n	200010e2 <__udivmoddi4+0x2a2>
200010de:	4291      	cmp	r1, r2
200010e0:	d81e      	bhi.n	20001120 <__udivmoddi4+0x2e0>
200010e2:	4644      	mov	r4, r8
200010e4:	1a52      	subs	r2, r2, r1
200010e6:	ea44 4100 	orr.w	r1, r4, r0, lsl #16
200010ea:	e720      	b.n	20000f2e <__udivmoddi4+0xee>
200010ec:	1a86      	subs	r6, r0, r2
200010ee:	eb64 0303 	sbc.w	r3, r4, r3
200010f2:	2001      	movs	r0, #1
200010f4:	e70d      	b.n	20000f12 <__udivmoddi4+0xd2>
200010f6:	44f4      	add	ip, lr
200010f8:	3802      	subs	r0, #2
200010fa:	e74a      	b.n	20000f92 <__udivmoddi4+0x152>
200010fc:	3c02      	subs	r4, #2
200010fe:	4472      	add	r2, lr
20001100:	e731      	b.n	20000f66 <__udivmoddi4+0x126>
20001102:	3902      	subs	r1, #2
20001104:	4472      	add	r2, lr
20001106:	e6cc      	b.n	20000ea2 <__udivmoddi4+0x62>
20001108:	44f4      	add	ip, lr
2000110a:	3802      	subs	r0, #2
2000110c:	e6df      	b.n	20000ece <__udivmoddi4+0x8e>
2000110e:	3802      	subs	r0, #2
20001110:	443c      	add	r4, r7
20001112:	e772      	b.n	20000ffa <__udivmoddi4+0x1ba>
20001114:	3802      	subs	r0, #2
20001116:	4471      	add	r1, lr
20001118:	e7d0      	b.n	200010bc <__udivmoddi4+0x27c>
2000111a:	3b02      	subs	r3, #2
2000111c:	443c      	add	r4, r7
2000111e:	e781      	b.n	20001024 <__udivmoddi4+0x1e4>
20001120:	3c02      	subs	r4, #2
20001122:	4472      	add	r2, lr
20001124:	e7de      	b.n	200010e4 <__udivmoddi4+0x2a4>
20001126:	4629      	mov	r1, r5
20001128:	e6dc      	b.n	20000ee4 <__udivmoddi4+0xa4>
2000112a:	bf00      	nop

2000112c <__aeabi_idiv0>:
2000112c:	4770      	bx	lr
2000112e:	bf00      	nop

20001130 <__panic_veneer>:
20001130:	f85f f000 	ldr.w	pc, [pc]	@ 20001134 <__panic_veneer+0x4>
20001134:	10000901 	.word	0x10000901

20001138 <__tu_fifo_write_veneer>:
20001138:	f85f f000 	ldr.w	pc, [pc]	@ 2000113c <__tu_fifo_write_veneer+0x4>
2000113c:	10005e05 	.word	0x10005e05

20001140 <__tud_event_hook_cb_veneer>:
20001140:	f85f f000 	ldr.w	pc, [pc]	@ 20001144 <__tud_event_hook_cb_veneer+0x4>
20001144:	10004451 	.word	0x10004451

20001148 <__memset_veneer>:
20001148:	f85f f000 	ldr.w	pc, [pc]	@ 2000114c <__memset_veneer+0x4>
2000114c:	1000617d 	.word	0x1000617d

20001150 <__time_us_64_veneer>:
20001150:	f85f f000 	ldr.w	pc, [pc]	@ 20001154 <__time_us_64_veneer+0x4>
20001154:	1000175d 	.word	0x1000175d

20001158 <__best_effort_wfe_or_timeout_veneer>:
20001158:	f85f f000 	ldr.w	pc, [pc]	@ 2000115c <__best_effort_wfe_or_timeout_veneer+0x4>
2000115c:	10001671 	.word	0x10001671

20001160 <striped_spin_lock_num>:
20001160:	00000010                                ....

20001164 <irq_handler_chain_slots>:
20001164:	00000000 	.word	0x00000000
20001168:	00010000 	.word	0x00010000
	...
20001174:	00020000 	.word	0x00020000
	...
20001180:	00030000 	.word	0x00030000
	...
2000118c:	00ff0000 	.word	0x00ff0000
20001190:	00000000 	.word	0x00000000

20001194 <irq_handler_chain_first_slot>:
20001194:	b501      	push	{r0, lr}
20001196:	6848      	ldr	r0, [r1, #4]
20001198:	3101      	adds	r1, #1
2000119a:	468e      	mov	lr, r1
2000119c:	4700      	bx	r0

2000119e <irq_handler_chain_remove_tail>:
2000119e:	4670      	mov	r0, lr
200011a0:	3809      	subs	r0, #9
200011a2:	4901      	ldr	r1, [pc, #4]	@ (200011a8 <irq_handler_chain_remove_tail+0xa>)
200011a4:	4788      	blx	r1
200011a6:	bd01      	pop	{r0, pc}
200011a8:	10000db1 	.word	0x10000db1

200011ac <default_alarm_pool>:
	...
200011c0:	200014d0                                ... 

200011c4 <stdio_usb>:
200011c4:	10003bf5 10003ba1 10003b19 10003a89     .;...;...;...:..
200011d4:	00000000 00000100                       ........

200011dc <_usbd_qdef>:
200011dc:	20001854 000c0010 00000000 00000000     T.. ............
	...

200011f8 <_usbd_rhport>:
200011f8:	000000ff                                ....

200011fc <print_mutex>:
	...
